Frame,root_translateX,root_translateY,root_translateZ,root_rotateX,root_rotateY,root_rotateZ,left_hip_pitch_joint_dof,left_hip_roll_joint_dof,left_hip_yaw_joint_dof,left_knee_joint_dof,left_ankle_pitch_joint_dof,left_ankle_roll_joint_dof,right_hip_pitch_joint_dof,right_hip_roll_joint_dof,right_hip_yaw_joint_dof,right_knee_joint_dof,right_ankle_pitch_joint_dof,right_ankle_roll_joint_dof,waist_yaw_joint_dof,waist_roll_joint_dof,waist_pitch_joint_dof,left_shoulder_pitch_joint_dof,left_shoulder_roll_joint_dof,left_shoulder_yaw_joint_dof,left_elbow_joint_dof,left_wrist_roll_joint_dof,left_wrist_pitch_joint_dof,left_wrist_yaw_joint_dof,right_shoulder_pitch_joint_dof,right_shoulder_roll_joint_dof,right_shoulder_yaw_joint_dof,right_elbow_joint_dof,right_wrist_roll_joint_dof,right_wrist_pitch_joint_dof,right_wrist_yaw_joint_dof
0,-0.0008100997656583786,-0.030795907601714134,87.29621887207031,0.7030967021110183,-2.5539840701499417,99.68420124606003,7.3753805,16.12594,31.1692,6.3668714,2.8693535,-6.0131917,17.1359,-18.938524,-54.450424,5.412434,-0.59269685,11.629194,1.3644946,-1.7923672,6.532748,2.0250022,21.558306,-35.161896,63.604828,-10.846285,-0.34486246,9.053041,21.956596,-31.291998,36.632214,-32.702072,14.857037,-20.970247,-4.6160126
1,-0.014018011279404163,0.021412396803498268,87.29959869384766,0.6353400736960036,-2.5020396784984746,99.8442855786075,7.3343883,16.187277,31.137096,6.317539,2.721826,-6.135235,17.250751,-18.815817,-54.746696,5.3096786,-0.63476175,11.60764,1.3488202,-1.7946186,6.32176,2.0419297,21.572945,-35.273453,63.628284,-10.790886,-0.29647005,9.045631,22.188503,-31.366266,36.630756,-32.688324,15.05415,-20.567696,-3.9760096
2,-0.029764892533421516,0.08380202949047089,87.30503845214844,0.5987150922219857,-2.477022946383731,100.00568531987433,7.2971134,16.194805,30.962414,6.2951717,2.6649673,-6.179175,17.40408,-18.703964,-54.971798,5.1551175,-0.6285704,11.618776,1.4513817,-1.8004787,6.1808567,2.034906,21.584223,-35.359295,63.56451,-10.735089,-0.28773344,8.9804735,22.433975,-31.433403,36.735165,-32.627964,15.0211,-20.463568,-3.995205
3,-0.04886199161410332,0.1505589783191681,87.29804992675781,0.5873657931852013,-2.4159210944159546,100.17997135482608,7.2311773,16.186129,30.854836,6.2788706,2.5937142,-6.213683,17.529753,-18.637178,-55.242855,5.0287633,-0.661754,11.707887,1.5078009,-1.813031,6.0664544,2.050643,21.586964,-35.40086,63.492863,-10.583324,-0.3000477,8.770677,22.661386,-31.456377,36.798412,-32.605923,15.224025,-20.390974,-3.8408837
4,-0.0713130310177803,0.21765616536140442,87.30213928222656,0.5704136796942497,-2.3450512221961377,100.28250163951323,7.1690173,16.178965,30.747482,6.2724643,2.544631,-6.190878,17.584614,-18.619453,-55.45816,5.0149827,-0.74131495,11.710585,1.5612179,-1.8417275,5.963081,2.118263,21.600426,-35.462906,63.402046,-10.479226,-0.32064846,8.681157,22.952877,-31.568504,36.881798,-32.646122,15.272135,-20.321787,-3.898497
5,-0.09502275288105011,0.2792004644870758,87.30194854736328,0.5711757660591185,-2.302119945716591,100.37066627912502,7.1327057,16.14637,30.616714,6.2693887,2.5257487,-6.1936274,17.67727,-18.610832,-55.682938,4.960927,-0.75841624,11.711977,1.6416357,-1.8523014,5.899234,2.1637638,21.60721,-35.45439,63.311623,-10.415051,-0.30878872,8.5708885,23.217148,-31.669619,36.93244,-32.702156,15.185016,-20.32698,-4.0236692
6,-0.11936651170253754,0.3326457142829895,87.3029556274414,0.5541787915130392,-2.2236236830953007,100.41186748519961,7.06124,16.123266,30.4591,6.2619734,2.5128734,-6.205996,17.749805,-18.541853,-55.9504,4.781862,-0.78738546,11.759979,1.7195097,-1.8839129,5.7983766,2.2227683,21.611668,-35.440594,63.23727,-10.268793,-0.28184146,8.423514,23.405762,-31.759312,36.987514,-32.68223,15.226816,-20.31491,-3.9837406
7,-0.14151786267757416,0.3783348798751831,87.33219146728516,0.5532291206684491,-2.336240482906276,100.50650480758657,7.167093,16.093285,30.314287,6.277605,2.6618936,-6.05043,17.973442,-18.541517,-56.096718,4.7665734,-0.74378186,11.657192,1.8827943,-1.8967462,5.8357525,2.21254,21.609428,-35.39995,63.126175,-10.042834,-0.2939396,8.193278,23.582354,-31.819149,37.05676,-32.564304,14.95359,-20.984762,-4.274074
8,-0.16218431293964386,0.4183480143547058,87.32925415039062,0.5554265869096852,-2.265228577406889,100.53394635866925,7.1244926,16.077236,30.317373,6.267987,2.611389,-6.0264316,17.958809,-18.58061,-56.25148,4.809626,-0.7886086,11.712605,1.8408718,-1.933615,5.755723,2.280055,21.620562,-35.532776,63.073044,-10.045875,-0.3285483,8.1314125,23.682327,-31.962774,37.179356,-32.58274,15.306217,-21.17048,-4.1410203
9,-0.17764458060264587,0.4560849070549011,87.3358383178711,0.6015808163103014,-2.3166848683435646,100.60804359283425,7.1683974,16.006655,30.219309,6.288151,2.6791298,-5.960969,18.12329,-18.57709,-56.317425,4.669414,-0.6525664,11.619966,1.888686,-1.9305669,5.7656217,2.3139448,21.621761,-35.5047,62.97019,-10.007685,-0.35302275,8.010772,23.878908,-32.045784,37.17316,-32.686348,15.372204,-21.29682,-3.9969237
10,-0.19066128134727478,0.492936372756958,87.3411865234375,0.5748055315953979,-2.2467625321007505,100.64462218036499,7.115647,16.01897,30.17554,6.266421,2.6840925,-5.967131,18.095964,-18.545412,-56.36058,4.663092,-0.68134737,11.636865,1.8928069,-1.9668088,5.7548404,2.2991445,21.630306,-35.597458,63.015453,-10.129839,-0.4164437,8.064713,24.058125,-32.15071,37.210293,-32.71576,15.282817,-21.264349,-3.9589713
11,-0.19798660278320312,0.5300201177597046,87.3345947265625,0.5937977319877802,-2.269155192268987,100.72954610575907,7.1468673,16.004768,30.178083,6.279718,2.6544588,-5.941567,18.20045,-18.549505,-56.435966,4.6345706,-0.65219176,11.675652,1.8677378,-1.9833512,5.708339,2.3141224,21.631277,-35.58547,63.042507,-10.203154,-0.33575577,7.9604664,24.239382,-32.183823,37.1703,-32.79542,15.700176,-20.977676,-3.6612172
12,-0.20104345679283142,0.5681182146072388,87.32646942138672,0.5962206100040054,-2.236007067668146,100.7897325378867,7.131298,16.002426,30.16533,6.266527,2.6489654,-5.9831114,18.230995,-18.54627,-56.53367,4.6356874,-0.6865038,11.781576,1.8640567,-2.0430367,5.6937327,2.2903988,21.636278,-35.722836,63.11951,-10.253821,-0.35790876,7.93129,24.331469,-32.212364,37.245766,-32.795574,15.79864,-20.897015,-3.58734
13,-0.1993684619665146,0.6078989505767822,87.32085418701172,0.6219190492484133,-2.2521874759183014,100.86067640674939,7.140117,15.963268,30.037971,6.270584,2.674474,-5.993434,18.292002,-18.570265,-56.52159,4.669285,-0.7060328,11.806958,1.9037197,-2.0488079,5.669613,2.2768726,21.641396,-35.79364,63.149124,-10.382377,-0.35832497,7.889482,24.517519,-32.25509,37.27675,-32.883236,15.718881,-20.79645,-3.6041212
14,-0.19458439946174622,0.6484537720680237,87.31287384033203,0.6393032895643169,-2.2586119187786404,100.92216267745782,7.1498604,15.945135,29.96219,6.2746887,2.6368108,-6.003609,18.34894,-18.569773,-56.515476,4.6682353,-0.70763224,11.847565,1.8909158,-2.0698812,5.6438212,2.2902515,21.643677,-35.80362,63.19198,-10.476345,-0.36423433,7.871593,24.642212,-32.268047,37.280037,-32.936428,15.689948,-20.714533,-3.5526745
15,-0.18783394992351532,0.6905431151390076,87.3107681274414,0.6506822488328173,-2.2678107397281058,100.9781732346169,7.164762,15.939982,29.906504,6.2848763,2.6282122,-5.9920115,18.408827,-18.56899,-56.53674,4.682178,-0.73201776,11.8735485,1.9173491,-2.0946882,5.617248,2.2889426,21.648922,-35.857273,63.258232,-10.505007,-0.36939588,7.862673,24.812996,-32.2914,37.30958,-32.99827,15.671512,-20.728321,-3.5681727
16,-0.18032614886760712,0.7338669896125793,87.299072265625,0.6688549676995444,-2.255538443704708,101.05632360533056,7.155743,15.928378,29.85301,6.2854943,2.5475001,-6.0264034,18.443853,-18.572803,-56.520992,4.70466,-0.7358953,11.873135,1.9142537,-2.0998292,5.5833945,2.3008475,21.652412,-35.824425,63.300156,-10.682635,-0.40469953,7.8659534,24.972734,-32.30856,37.29469,-33.106274,15.5000515,-20.581444,-3.4471772
17,-0.17305941879749298,0.7785327434539795,87.28902435302734,0.6943990164624978,-2.2271277618254413,101.10334759485731,7.1510797,15.915856,29.855278,6.27834,2.5249848,-6.0441346,18.45482,-18.57561,-56.468155,4.701135,-0.68495244,11.8404665,1.9289834,-2.0877347,5.579966,2.3062582,21.654926,-35.790787,63.33438,-10.646775,-0.44589925,7.7885137,25.159176,-32.319534,37.2957,-33.24928,15.332425,-20.854929,-3.433063
18,-0.1674087643623352,0.8223313093185425,87.28152465820312,0.6798915301143308,-2.177043433033618,101.1478217821567,7.120839,15.94429,29.842392,6.2720237,2.433637,-6.0622487,18.425568,-18.535114,-56.37079,4.705733,-0.6742736,11.839978,1.8862228,-2.0879686,5.557683,2.3281436,21.656965,-35.75202,63.38525,-10.690391,-0.48439828,7.8743486,25.356394,-32.32019,37.26565,-33.340496,15.210148,-20.871143,-3.4396222
19,-0.1618538349866867,0.8633148670196533,87.27832794189453,0.6724965946316239,-2.151916695250373,101.13704562229574,7.120662,15.951245,29.770863,6.26664,2.3956585,-6.061848,18.41159,-18.511515,-56.29123,4.7087245,-0.6558698,11.851306,1.9089131,-2.084779,5.5417595,2.3593156,21.661026,-35.684933,63.439735,-10.616683,-0.5176909,7.9232078,25.529465,-32.320538,37.2276,-33.438442,14.964065,-20.90824,-3.3923876
20,-0.1560649424791336,0.8996477127075195,87.27791595458984,0.6557495872120146,-2.0984806251999584,101.1279016143768,7.082798,15.967189,29.692179,6.2639017,2.3855836,-6.0588064,18.372358,-18.485752,-56.278202,4.719364,-0.6975238,11.862342,1.8849212,-2.0945163,5.5388756,2.4004867,21.664919,-35.69068,63.49466,-10.575025,-0.5487396,8.024279,25.626503,-32.320454,37.232212,-33.47475,14.851655,-20.95309,-3.5788634
21,-0.14766047894954681,0.9290766716003418,87.2690200805664,0.6930764920240567,-2.0649112512371826,101.13282847244413,7.0640492,15.926829,29.645563,6.2550416,2.3697677,-6.057424,18.366371,-18.513613,-56.284187,4.7125325,-0.67932165,11.868055,1.8575689,-2.1140556,5.542184,2.4308786,21.666924,-35.68806,63.53359,-10.534257,-0.6063603,8.10934,25.704016,-32.31865,37.235077,-33.577057,14.766293,-20.943806,-3.739083
22,-0.13727590441703796,0.9510805606842041,87.2655258178711,0.7053730807893519,-2.0322472560926452,101.11727196765764,7.048016,15.920738,29.625772,6.2504535,2.346465,-6.025707,18.329418,-18.514133,-56.2216,4.7153754,-0.7186437,11.882636,1.852502,-2.1122248,5.5249844,2.4465683,21.671732,-35.630417,63.61352,-10.606415,-0.5830882,8.17959,25.820967,-32.30689,37.215267,-33.695854,14.612802,-20.862974,-3.7482867
23,-0.12434925884008408,0.9662048816680908,87.27332305908203,0.7137416580825797,-2.0949798894785814,101.09517633522032,7.1412,15.943757,29.714016,6.2632747,2.3004892,-5.938781,18.387297,-18.513832,-56.150124,4.7310014,-0.63009006,11.767276,1.8233616,-2.0814,5.5656643,2.4758537,21.672853,-35.513554,63.65285,-10.5211935,-0.5930801,8.2373905,25.89555,-32.286407,37.131935,-33.8119,14.417946,-20.961802,-3.727112
24,-0.10895600914955139,0.9756030440330505,87.26677703857422,0.7368062582795599,-2.067006431187408,101.04921122292714,7.143477,15.940065,29.784151,6.255439,2.2291946,-5.919805,18.3386,-18.523136,-56.07102,4.7227697,-0.62669235,11.769158,1.7510498,-2.081939,5.5689144,2.5254722,21.677797,-35.39129,63.715923,-10.420307,-0.58168846,8.329358,25.96126,-32.23601,37.001713,-33.962395,14.32713,-20.806843,-3.6581137
25,-0.09216582030057907,0.9824183583259583,87.27530670166016,0.7265260699768686,-2.0130320480038,100.95789579596111,7.1302996,15.9715805,29.858545,6.2388363,2.2672896,-5.859711,18.258516,-18.509476,-56.085518,4.719606,-0.6215568,11.781198,1.742149,-2.1098306,5.5663347,2.532781,21.691206,-35.38857,63.815697,-10.404906,-0.6986635,8.427939,25.90739,-32.175266,37.010777,-33.920147,13.923234,-21.04058,-4.007575
26,-0.07377643138170242,0.986952543258667,87.27864074707031,0.7192636739360699,-2.0131767637338385,100.96616984733801,7.129992,15.994573,29.85292,6.228383,2.2875571,-5.869792,18.259003,-18.490767,-56.10212,4.740616,-0.6265397,11.7495775,1.7011182,-2.1201212,5.541539,2.5220108,21.704538,-35.41052,63.897186,-10.358197,-0.71911335,8.412005,25.887966,-32.118027,36.986973,-33.920574,13.787125,-21.130442,-4.028477
27,-0.05419054627418518,0.9913004636764526,87.27332305908203,0.7337351787588935,-2.0177083075061124,101.03701840886524,7.1155586,15.998749,29.847427,6.2219973,2.3122966,-5.9007907,18.29123,-18.464622,-56.09354,4.7109113,-0.6120799,11.714277,1.630379,-2.110454,5.523213,2.505207,21.706636,-35.38962,63.94603,-10.435012,-0.65655476,8.343036,25.920378,-32.105347,36.953884,-34.009224,13.964254,-21.085196,-4.0130725
28,-0.03469390049576759,0.9959292411804199,87.27246856689453,0.7338324176941982,-2.0070627131517575,101.03728932012518,7.094861,16.004498,29.783333,6.2169566,2.317318,-5.914316,18.28243,-18.449558,-56.11196,4.714714,-0.61379814,11.726314,1.6487161,-2.1204033,5.5266423,2.4619813,21.728745,-35.38036,64.01014,-10.410995,-0.64603966,8.307451,25.96792,-31.995653,36.826023,-34.046417,13.914082,-21.053633,-3.9517603
29,-0.01563594490289688,1.0006541013717651,87.27311706542969,0.7349927933137943,-1.9773347852086574,101.00524067788336,7.074128,16.01057,29.763344,6.201884,2.30322,-5.9132876,18.238514,-18.449026,-56.129257,4.7364464,-0.66426843,11.737896,1.6466738,-2.1388578,5.507409,2.4447792,21.74674,-35.39076,64.088745,-10.469352,-0.67849445,8.456577,25.976698,-31.925467,36.79583,-34.052986,13.835232,-20.969887,-4.0509753
30,0.002595418831333518,1.0041788816452026,87.26593017578125,0.7311457206023751,-1.9636199060819541,101.03735560655103,7.0424013,16.026957,29.714699,6.2008348,2.2787051,-5.952059,18.216995,-18.413046,-56.044506,4.7299404,-0.6356857,11.732609,1.6317722,-2.1156456,5.507732,2.434819,21.761871,-35.305115,64.11323,-10.519275,-0.6189718,8.414381,26.011675,-31.8384,36.711575,-34.110516,13.852054,-20.881334,-3.9630194
31,0.02031128853559494,1.005805492401123,87.26333618164062,0.7329823053500328,-1.9547811391898815,101.07624525675617,7.014854,16.031569,29.664326,6.18925,2.2651584,-5.965769,18.216784,-18.396809,-56.05299,4.7365746,-0.66779745,11.709043,1.5924863,-2.1149065,5.489893,2.4243343,21.778591,-35.2771,64.127464,-10.521148,-0.60318524,8.442586,26.078678,-31.7589,36.622852,-34.15878,13.89575,-20.782412,-3.8903077
32,0.03763372823596001,1.0043240785598755,87.24880981445312,0.7330786782569887,-1.9298469452458988,101.07341092281537,6.9783745,16.036247,29.611536,6.1802454,2.1452448,-6.0626397,18.1897,-18.386538,-56.077457,4.7440467,-0.6980631,11.700876,1.5196445,-2.1148627,5.4305296,2.4732864,21.80945,-35.2821,64.12098,-10.599623,-0.5850244,8.484067,26.100584,-31.645304,36.435017,-34.25412,14.184295,-20.274258,-3.3402092
33,0.05592576786875725,0.9996289610862732,87.25481414794922,0.7005584447052828,-1.9920224664067252,101.13003397130952,7.007012,16.076086,29.514902,6.1793976,2.1268363,-6.075094,18.260199,-18.339334,-56.103203,4.7763247,-0.70665735,11.667623,1.5219449,-2.1027882,5.4419026,2.4361398,21.830975,-35.247738,64.126465,-10.755992,-0.5805592,8.488984,26.126598,-31.56776,36.343494,-34.23324,14.331174,-20.24639,-3.1738336
34,0.07630279660224915,0.9922856688499451,87.25408172607422,0.6605375451495363,-1.9634673536457852,101.17747410698924,6.944073,16.118162,29.410315,6.156914,2.1845653,-6.172746,18.23263,-18.27894,-56.151638,4.7939816,-0.7610978,11.723476,1.511935,-2.1390674,5.427172,2.368635,21.86389,-35.397324,64.156075,-10.75943,-0.6005119,8.51466,26.083572,-31.504414,36.377823,-34.119907,14.625026,-20.287619,-3.4043067
35,0.09998685866594315,0.9822842478752136,87.26527404785156,0.5931849157819272,-1.9636127393876561,101.19948264655608,6.9147863,16.190863,29.308414,6.132348,2.232023,-6.289422,18.19696,-18.175037,-56.05893,4.810745,-0.82327527,11.698456,1.5438591,-2.1178114,5.4226327,2.313704,21.888777,-35.411163,64.200005,-10.640835,-0.66253144,8.537224,26.082056,-31.452122,36.3519,-34.053753,14.037719,-20.335747,-3.558031
36,0.1299065500497818,0.9713249206542969,87.25518798828125,0.6458741966505215,-1.9755917370763092,101.24929190677145,6.8786197,16.131441,29.172535,6.124087,2.2755268,-6.341722,18.220175,-18.211477,-56.101967,4.819816,-0.81559354,11.670792,1.5657685,-2.13643,5.4413915,2.238208,21.913479,-35.421955,64.204666,-10.790276,-0.6759076,8.556524,26.04906,-31.405075,36.352985,-34.108578,14.12259,-20.421438,-3.7185273
37,0.1621321588754654,0.9602614641189575,87.25347900390625,0.6461966156159579,-1.907119776858601,101.33325500445942,6.736787,16.125406,28.98936,6.111074,2.3714871,-6.4209867,18.15439,-18.14733,-56.055656,4.769034,-0.84581685,11.673968,1.5099891,-2.123374,5.4318004,2.2063458,21.951958,-35.41896,64.16261,-10.633982,-0.71701616,8.504815,26.10679,-31.324179,36.255898,-34.18382,14.469135,-20.574448,-3.5474768
38,0.19730301201343536,0.9502507448196411,87.24714660644531,0.6608296031652551,-1.9439955052356803,101.3776349810189,6.746026,16.126898,28.940346,6.092483,2.38271,-6.513192,18.178968,-18.149315,-56.04976,4.822942,-0.84455264,11.655326,1.5254496,-2.1163385,5.437937,2.1462069,21.988049,-35.406834,64.18067,-10.688078,-0.7376386,8.52567,26.096577,-31.248558,36.22245,-34.228848,14.347457,-20.69007,-3.68838
39,0.23220649361610413,0.9466419219970703,87.25483703613281,0.6420902960855759,-2.0041186039818264,101.43695930677342,6.760168,16.156673,28.803925,6.089595,2.48131,-6.59462,18.26529,-18.097574,-56.13537,4.8341556,-0.84040225,11.585957,1.5124773,-2.1177993,5.4608693,2.1083384,22.033508,-35.388233,64.204575,-10.63425,-0.80811214,8.507886,26.079048,-31.149652,36.160023,-34.209236,14.60585,-20.892487,-3.6102095
40,0.2651608884334564,0.9549382925033569,87.24655151367188,0.6122222964954752,-1.9404954560602619,101.49016479989666,6.6860266,16.223082,28.822083,6.066458,2.5356205,-6.731697,18.200487,-18.027294,-56.10869,4.846934,-0.87034166,11.595906,1.4622269,-2.161841,5.4178076,2.0743322,22.117186,-35.43184,64.24195,-10.6823015,-0.8458441,8.537423,26.152596,-30.991446,36.02838,-34.219227,15.00018,-20.812372,-3.5237873
41,0.29644352197647095,0.9786244630813599,87.25984191894531,0.5897180798333915,-2.0569864677927154,101.63027614321066,6.758655,16.272427,28.717236,6.081797,2.6103663,-6.759768,18.325264,-17.981379,-55.991646,4.9529185,-0.90418005,11.481985,1.488372,-2.1533947,5.4498425,2.0132813,22.154556,-35.2508,64.24738,-10.777726,-0.7998187,8.522479,26.30933,-30.900562,35.925644,-34.248913,14.984493,-20.908607,-3.3769002
42,0.32312074303627014,1.0234737396240234,87.2606201171875,0.5346732757461491,-1.9802127624569088,101.68572329832895,6.680797,16.353987,28.641874,6.066442,2.669811,-6.9259167,18.335257,-17.793966,-55.9801,4.7574835,-0.785274,11.331749,1.4029357,-2.158307,5.4432077,2.0437539,22.21458,-35.194916,64.358025,-10.728052,-0.87952036,8.503762,26.46274,-30.740032,35.817608,-34.27669,15.201149,-21.31633,-3.2390323
43,0.3463783860206604,1.088970422744751,87.241455078125,0.5317491410185046,-1.7895453930401597,101.70550765882447,6.517434,16.375471,28.585253,6.0384245,2.7176971,-7.0887175,18.193563,-17.755316,-56.02227,4.7524323,-0.84926444,11.298268,1.2844568,-2.1798751,5.37186,2.1481535,22.262053,-35.11609,64.42575,-10.8827505,-0.95778775,8.682806,26.709976,-30.607132,35.58178,-34.457386,15.524162,-21.262384,-3.5989344
44,0.36601078510284424,1.1714401245117188,87.24816131591797,0.47548822995852247,-1.7517375320564728,101.75628759101609,6.531292,16.47926,28.615196,6.030379,2.8199232,-7.175735,18.225105,-17.650326,-56.018803,4.757245,-0.84788126,11.187925,1.2521412,-2.1958408,5.3626065,2.239407,22.305046,-34.94346,64.44335,-10.9852085,-1.0076889,8.567795,26.960693,-30.489286,35.452457,-34.495567,15.814614,-21.450428,-3.9718428
45,0.3809221684932709,1.2677948474884033,87.22881317138672,0.45878056825620134,-1.618262974956608,101.78609491085147,6.4802523,16.553328,28.75627,6.017412,2.8159797,-7.3460507,18.079937,-17.674568,-55.8937,4.9730206,-1.034923,11.221081,1.0780724,-2.219217,5.263305,2.432704,22.351313,-34.8227,64.5225,-11.175518,-1.0663667,8.706458,27.363182,-30.343878,35.191757,-34.709343,16.315067,-21.320326,-4.1221004
46,0.39062565565109253,1.3742659091949463,87.21345520019531,0.471760764550318,-1.4670904785534886,101.77468956546957,6.4228296,16.581434,28.855776,6.0069137,2.8288436,-7.477537,17.971937,-17.69867,-55.87052,5.060744,-1.1734626,11.101532,0.9528138,-2.281897,5.2088623,2.644855,22.43403,-34.78222,64.55775,-11.516664,-1.2503536,8.885216,27.811998,-30.065443,34.754795,-34.93603,17.110376,-21.349165,-4.165544
47,0.39372560381889343,1.4841195344924927,87.21846771240234,0.4993010519852033,-1.4269141921035804,101.73162029276378,6.5081644,16.601313,29.042458,6.0087714,2.7424707,-7.431481,17.972822,-17.685982,-55.663742,5.031727,-1.1065023,10.967636,0.85253286,-2.3535519,5.1481056,2.8759506,22.499878,-34.49796,64.655106,-11.721483,-1.2244977,8.897655,28.168938,-29.74011,34.307426,-35.026188,17.558983,-21.458645,-4.1627636
48,0.38551804423332214,1.5926893949508667,87.20832824707031,0.4962652118560442,-1.2650343454009916,101.60324798875499,6.506305,16.655708,29.306137,6.003457,2.6596608,-7.4712667,17.83672,-17.682047,-55.55984,5.032587,-1.0601815,10.836687,0.66360396,-2.4255114,5.100091,3.2089133,22.555824,-34.26009,64.681755,-11.828035,-1.2737882,8.963993,28.516073,-29.393915,33.785145,-35.156036,18.070488,-21.50912,-4.3968916
49,0.36604228615760803,1.6928393840789795,87.19718170166016,0.4682170368084519,-1.130771945601719,101.48200064864422,6.540888,16.758247,29.721485,6.0234184,2.5343204,-7.5628915,17.69109,-17.656673,-55.31686,5.048417,-1.1466824,10.724844,0.54525536,-2.495612,5.043013,3.530326,22.60793,-33.965607,64.60141,-11.982092,-1.3288586,9.050644,28.92623,-29.035686,33.14163,-35.22727,18.770891,-21.456463,-4.734776
50,0.3329472243785858,1.7819689512252808,87.20091247558594,0.38721883040244015,-0.9885777719642443,101.36172319430362,6.5513535,16.897217,30.069466,6.040142,2.3878822,-7.5706034,17.59606,-17.480082,-55.076168,4.810689,-0.9267864,10.46711,0.38652945,-2.5610003,4.991958,3.8090353,22.657885,-33.708683,64.5696,-12.0915,-1.3087213,9.167731,29.407623,-28.652739,32.16072,-35.262733,20.12232,-21.631025,-4.8406444
51,0.2869146764278412,1.8538209199905396,87.1760482788086,0.34040303565162094,-0.8536709203509693,101.24035193210405,6.603411,17.035433,30.708296,6.069386,2.1683161,-7.6979403,17.40917,-17.472963,-54.769913,4.8631105,-1.035786,10.380681,0.2502236,-2.6987464,4.8911963,4.1348414,22.724516,-33.50107,64.35235,-12.098825,-1.4101607,9.2530365,29.815912,-28.250008,31.049267,-35.23052,21.13794,-21.382038,-5.5705013
52,0.22554665803909302,1.908030390739441,87.17410278320312,0.2913146405809001,-0.8312501654412519,101.1486362693187,6.724605,17.153835,31.25713,6.1456676,1.9395696,-7.7918453,17.350018,-17.498423,-54.560535,4.959596,-1.1363136,10.106887,0.13748871,-2.776969,4.8985605,4.497924,22.75862,-33.174313,64.06405,-11.971264,-1.5085206,9.476733,30.186491,-27.833591,29.763456,-35.072037,21.711843,-21.06288,-6.41087
53,0.15130503475666046,1.9454482793807983,87.19876098632812,0.39561008647795426,-0.960604896464451,101.04220239002275,6.9586334,17.064295,31.658417,6.2754445,1.9174191,-7.5447135,17.356653,-17.749805,-54.07482,5.177627,-1.0595999,9.86205,0.2004821,-2.9562433,5.0719333,4.7423153,22.762842,-32.68009,63.664482,-12.275865,-1.5939987,9.492939,30.334743,-27.436949,28.344418,-34.525978,22.785767,-21.30283,-8.186939
54,0.05620081350207329,1.962511420249939,87.21595764160156,0.3963863082138502,-0.9433328151430231,100.9267013897957,7.023388,17.060621,32.019344,6.39084,1.8331723,-7.3605146,17.221943,-17.926249,-53.810013,5.407474,-1.1264347,9.63328,0.2667606,-3.1889288,5.212346,4.8753777,22.775967,-32.354763,63.277657,-12.32748,-1.6490657,9.682475,30.436598,-27.104881,26.36073,-33.391293,23.051016,-20.91166,-10.086063
55,-0.0583542063832283,1.951520562171936,87.197265625,0.413224596185357,-0.8423693601347557,100.75793196128161,7.067577,17.105108,32.871243,6.5346656,1.425709,-7.229919,16.936508,-18.102919,-53.322807,5.563732,-1.1775147,9.587288,0.31494445,-3.431361,5.3393574,5.07352,22.78442,-31.600002,62.65902,-12.699144,-1.6966032,9.745699,30.309141,-26.851006,23.490215,-31.382109,24.025698,-19.831884,-10.811842
56,-0.192450150847435,1.904003381729126,87.15562438964844,0.378487291724927,-0.7668712162107709,100.51261551866871,7.124387,17.179718,33.656754,6.690876,0.909185,-7.289129,16.674942,-18.294958,-53.086292,5.7665854,-1.1929587,9.468515,0.43566385,-3.623862,5.471706,5.190396,22.802181,-31.10454,61.931133,-12.828116,-1.7031249,9.814718,29.766964,-26.765577,20.22824,-27.537292,23.800205,-18.446123,-12.318223
57,-0.3428967297077179,1.8113789558410645,87.10093688964844,0.4214375101752269,-0.5090315609050968,100.28221868030899,6.9314017,17.131393,34.41374,6.858933,0.80077267,-7.4945474,16.149134,-18.60404,-52.740894,5.9951587,-1.2316277,9.445641,0.34829944,-3.8014657,5.7940235,5.489505,22.79061,-29.85035,60.567783,-14.111809,-1.8245035,9.886862,29.23192,-26.559734,16.417517,-21.996721,25.744373,-16.462528,-13.514933
58,-0.5043809413909912,1.6532291173934937,87.11322021484375,0.28903873808368713,-0.8177406246189637,99.98640227705782,7.2917404,17.258642,35.021408,7.0577807,0.5393014,-7.326787,16.088903,-18.753292,-52.198696,6.3451185,-1.1061469,9.224925,0.48383036,-3.85293,6.1748977,5.3540697,22.71923,-29.052536,59.55616,-15.286119,-1.603774,9.561507,27.48793,-26.273352,14.599317,-14.113646,26.052317,-14.304104,-14.115817
59,-0.6656041741371155,1.4314641952514648,87.06510925292969,0.20499583226354787,-0.9852605165743176,99.73507894584036,6.963534,17.785414,35.837708,8.63211,-0.10225539,-7.25273,15.904723,-19.021938,-52.02869,6.7550473,-0.8964785,9.0059595,0.4036214,-3.8351216,6.626974,5.0526204,22.575377,-28.195545,58.55955,-16.82803,-1.6590338,9.268327,25.265244,-25.723326,13.826956,-5.2016234,27.827421,-12.450087,-14.7502165
60,-0.8163121342658997,1.1322548389434814,87.05072021484375,-0.28617103544158934,-1.271416171705309,99.0252797740902,6.071328,19.35567,36.44224,12.1678915,-1.8546959,-7.237292,15.431806,-18.767733,-50.938908,7.1318774,-0.42132068,9.337552,0.49182364,-3.7588112,6.987788,4.676292,22.423254,-27.27436,57.64077,-18.55023,-1.7935395,9.013236,22.119587,-24.965742,14.2812195,5.4763684,28.167902,-10.383149,-15.05105
61,-0.9323108792304993,0.7633299827575684,86.96211242675781,-0.7829654741168095,-1.6435159783700493,98.28026999901722,5.0560465,20.767778,36.055805,15.566512,-3.5341992,-7.573392,15.085541,-18.551054,-50.368248,7.5567465,-0.31199628,9.096283,0.46598527,-3.661052,7.5608406,4.084376,22.383015,-26.552582,56.47375,-18.801004,-1.6308821,9.292733,19.075064,-24.056215,14.029915,15.360355,28.35591,-8.231542,-14.902949
62,-0.9937832951545715,0.3271889388561249,86.81338500976562,-1.2843235593284954,-1.7988222694242793,97.26043663721975,4.1838136,22.29485,36.545567,18.564306,-5.0751886,-7.814157,13.353364,-19.170776,-48.756187,10.567773,-1.1206859,9.540499,0.5668356,-3.5842717,8.014636,3.4020398,22.375137,-26.23527,55.672997,-19.752544,-1.2383012,9.205578,14.918141,-22.997208,14.659409,25.95705,26.375599,-4.551583,-12.737423
63,-0.9850294589996338,-0.17505955696105957,86.58087158203125,-1.7394402509455793,-2.0869725258161025,96.32259466996048,2.8687272,23.858095,36.003788,22.228178,-6.631962,-8.082939,11.321623,-20.393147,-47.60119,15.17407,-2.882984,9.45596,0.923112,-3.4014244,8.632354,2.494825,22.43106,-26.275145,54.636337,-19.701212,-0.78613335,9.405672,11.376414,-21.883163,16.185392,35.205605,24.979527,-2.6685457,-11.513056
64,-0.9020887613296509,-0.7392158508300781,86.27149963378906,-2.0995270712535943,-2.4662989185094903,94.9548744918834,1.9572785,25.28969,35.759197,25.430403,-7.909099,-8.690973,9.010437,-21.48343,-45.729656,19.695915,-4.667518,9.603761,1.3914999,-3.2957041,9.277281,1.7869546,22.579424,-26.414223,53.522915,-20.203993,-0.9228457,9.603237,7.346365,-20.55721,18.215696,44.18074,23.3956,-0.9915689,-9.850651
65,-0.7441970705986023,-1.353327751159668,85.91618347167969,-2.156473447502279,-2.6257313394049713,93.69639199785968,0.9996867,26.437122,35.92051,28.232904,-8.933756,-8.902825,6.8436613,-22.455639,-44.223064,23.248106,-6.025868,9.8320675,1.876453,-3.3309069,9.967571,0.92851835,22.833736,-26.440746,52.446835,-19.760878,-0.7586226,9.635987,3.8684359,-19.04315,20.110823,50.451195,21.671322,0.86614347,-8.21095
66,-0.5335044860839844,-2.0221352577209473,85.42024993896484,-2.2163168059753566,-3.3050075115000865,92.06836966981368,0.094050385,27.797512,35.298134,32.036396,-10.55994,-8.831635,4.6610813,-23.596163,-42.3385,27.78902,-7.8241205,9.691585,2.653482,-3.4149692,10.66951,-0.10622354,23.241217,-26.764118,51.57341,-19.641094,-0.9999184,9.589049,-0.00081395975,-17.448547,22.97143,54.507042,19.071232,1.9960047,-7.494826
67,-0.2875595688819885,-2.7258920669555664,84.80046844482422,-1.8459671577516894,-3.837532511849886,91.19882194718686,-0.9004319,28.674402,35.060764,35.335987,-12.223351,-8.630257,2.522732,-24.775677,-40.07594,31.842573,-9.379828,9.855677,3.308568,-3.8191884,11.241555,-1.1343123,23.749527,-27.687187,50.83148,-17.562365,-1.3111207,9.871624,-3.7359242,-15.832524,25.925137,56.278355,14.768569,3.1966066,-5.8551784
68,-0.04682169482111931,-3.453976631164551,84.23517608642578,-1.5452164637101349,-4.2990698924772515,89.9957412983442,-1.6688848,29.361362,34.75426,37.922928,-13.535584,-8.714114,0.34556028,-25.56881,-37.850636,35.337276,-10.549275,9.912668,3.943978,-4.304057,11.798983,-1.740748,24.26343,-28.515923,50.85664,-16.04193,-2.2595131,10.513721,-7.950917,-14.0860815,28.541788,57.184544,12.598667,3.6128125,-4.338958
69,0.16398917138576508,-4.201889514923096,83.6469955444336,-1.2225516935929086,-4.980926114186626,88.69546763372364,-1.9932536,30.146387,34.857666,40.446774,-15.132177,-8.592204,-1.7323418,-26.168592,-35.38807,38.71401,-11.414369,10.173653,4.633328,-4.9470015,12.259189,-2.3808227,24.84157,-29.028023,51.45841,-14.58161,-3.021101,10.965663,-13.191199,-12.418018,31.013893,56.788895,11.497324,3.8247678,-3.3198316
70,0.32017216086387634,-4.951828956604004,83.1304702758789,-0.987012779304527,-5.420059833134058,87.27239845311065,-2.1647785,30.93562,35.385506,42.34191,-16.382412,-8.748588,-3.7420473,-26.36063,-33.194042,41.224655,-12.154303,10.363219,5.0081353,-5.6580715,12.542637,-2.8414087,25.482674,-29.762337,52.618366,-12.13361,-3.1477349,11.031833,-19.458368,-10.875681,33.37368,55.974987,10.851448,4.7836018,-2.3198416
71,0.4103264808654785,-5.709070205688477,82.83556365966797,-0.9297122880583076,-6.2204556637277815,85.71025765934566,-1.729731,31.7751,36.02487,43.799328,-17.14422,-8.825866,-5.626334,-25.980925,-30.429277,43.481968,-11.839041,10.828173,5.204049,-6.415842,12.662328,-2.8915775,26.0999,-30.450197,54.21875,-10.099425,-3.5486386,10.792858,-25.550974,-9.4634,35.86716,54.04957,11.031191,4.6345243,-1.9616283
72,0.44252076745033264,-6.453587055206299,82.72669982910156,-0.9456538718151306,-6.369994748639063,84.11793496542087,-1.4877777,32.358994,36.99249,44.16069,-17.234695,-8.882589,-7.837418,-25.197388,-27.856806,44.850414,-10.933985,11.583417,5.020355,-7.320471,12.646676,-2.4564366,26.660786,-31.04782,56.113247,-8.339954,-3.931167,10.67561,-32.727036,-8.246251,37.751152,51.380924,12.507616,4.401395,-0.53400457
73,0.43495506048202515,-7.199182987213135,82.66358184814453,-0.9647979616428985,-6.573763961420275,82.120924893522,-1.0900991,32.62907,37.575027,44.149487,-17.303797,-9.147038,-10.643823,-24.207664,-24.527405,46.963768,-9.780926,11.699052,4.712617,-7.922994,12.514204,-1.6342331,27.135204,-31.433445,57.854984,-7.67119,-3.9164588,11.12166,-40.460354,-7.25335,39.94755,47.778217,12.732241,4.4684854,0.011084555
74,0.42155569791793823,-7.947020053863525,82.90522766113281,-1.1306910034962085,-6.916711021764421,80.32765605456242,0.4466895,32.656128,39.186867,42.19783,-16.84805,-9.643574,-12.591577,-22.195566,-20.942823,47.42892,-7.9292607,12.862083,3.764517,-8.531147,12.07257,-0.057597235,27.4452,-31.329168,59.8119,-7.5180693,-4.1076946,11.5999975,-49.268154,-6.623002,42.06895,43.011787,13.096799,4.0746894,1.0042222
75,0.4406629204750061,-8.69173812866211,83.29518127441406,-1.3748986948287285,-7.26532779299592,78.48495778173742,2.0728753,32.412457,40.520355,39.552883,-15.826655,-10.266243,-14.363262,-20.617664,-18.362478,48.28004,-5.9994364,13.951488,2.5205996,-9.041091,11.79729,1.545387,27.587763,-31.002129,61.549557,-8.90989,-4.436475,11.348839,-58.455776,-6.433214,43.658985,37.567444,12.662335,3.5382805,1.6377696
76,0.5391427278518677,-9.420557022094727,83.53943634033203,-1.5008990186808235,-7.405484111360624,76.61567600547123,2.780495,32.121567,40.672993,37.765713,-14.803232,-10.439322,-16.226072,-19.0933,-15.618183,49.244392,-3.9385762,14.729482,1.1522717,-9.214262,11.586374,3.1634772,27.573278,-30.40993,62.783333,-10.431048,-4.6874638,10.954272,-68.77949,-6.7753873,44.92118,33.819046,14.290618,2.421104,1.6106777
77,0.7636995315551758,-10.135574340820312,83.7247085571289,-1.28224819153484,-7.645256142905034,74.92924836764581,3.9319272,31.621902,41.53743,35.647243,-13.209752,-11.2431,-17.67098,-18.021532,-12.906927,50.15672,-1.717027,15.000033,-0.62318116,-8.987709,11.319727,5.0405583,27.290922,-29.819324,63.511097,-11.349636,-4.4514008,10.750068,-79.186264,-7.729965,46.32254,29.179438,15.826346,1.1151685,2.8133585
78,1.1308860778808594,-10.823298454284668,84.12187194824219,-1.6927299099768451,-7.78400432030312,73.00273483679254,4.869511,31.707827,41.61169,33.35699,-11.031386,-12.071078,-18.255375,-16.298553,-11.011539,49.46409,0.36601844,15.000033,-2.1530998,-8.550882,11.095318,6.4004445,26.860126,-29.826113,64.072,-11.128464,-4.061493,9.966568,-89.09219,-9.1111765,47.935204,25.95125,16.363333,0.22858536,3.6349971
79,1.6447283029556274,-11.450407028198242,84.214111328125,-1.216156387088127,-7.24569018913886,71.79649511064974,4.5265594,31.20791,41.13117,32.06325,-8.9771385,-12.517704,-19.073421,-15.385445,-7.7864766,48.880146,2.7915757,15.000033,-4.295503,-7.651729,10.895301,8.460476,26.007406,-28.758892,63.738365,-10.89248,-3.3484497,9.102915,-101.93988,-11.307693,48.475792,25.124666,18.6977,-1.3299714,3.1645005
80,2.2854878902435303,-12.043927192687988,84.29386901855469,-0.6463031696315483,-6.947798046892631,69.91331573758414,4.799621,31.321297,41.159416,31.489138,-7.3040767,-12.910062,-19.035305,-14.643594,-5.2289915,46.959656,5.018846,15.000033,-6.0680766,-6.336842,10.973349,10.032878,24.941961,-28.595718,63.630756,-10.582964,-3.079587,8.052469,-115.43616,-14.210509,50.146828,25.605186,22.364836,-3.606069,3.7300808
81,3.0258290767669678,-12.598318099975586,84.51753234863281,-0.20151891284622586,-6.4020307884357734,67.5598358628246,4.830892,31.234463,39.382458,29.900473,-3.9783003,-14.626614,-18.657213,-13.500873,-2.18914,43.911686,8.531549,15.000033,-7.33527,-4.641615,11.201798,10.769368,23.84394,-29.04203,63.717773,-9.219472,-2.588202,7.3894043,-128.98961,-17.768248,53.693974,27.41913,29.866446,-6.9128537,4.066952
82,3.79361629486084,-13.116046905517578,84.83675384521484,1.0028245923952654,-5.857864644937401,66.63786990211358,5.024245,30.785557,38.57758,27.627378,-0.37274006,-15.000033,-17.457827,-13.552059,0.23458633,39.706535,11.315576,15.000033,-8.334348,-3.4623623,11.173678,11.151614,22.758108,-30.350054,64.82885,-9.297275,-2.8924446,7.1375957,-141.22955,-21.731302,59.68777,31.539774,36.136444,-9.433082,3.7997766
83,4.547477722167969,-13.587279319763184,85.1341781616211,1.9003806268105723,-5.132292455431313,65.0031740962669,5.245797,29.996769,36.71417,25.078835,2.556862,-15.000033,-16.680082,-13.132186,2.4957047,35.97664,13.076384,15.000033,-8.679354,-2.711798,10.300651,11.332782,21.687296,-31.890934,67.003914,-8.904146,-3.1191785,6.5772038,-150.63765,-26.037271,65.682014,35.082363,38.982258,-12.1036415,3.1839266
84,5.266566276550293,-14.010910987854004,85.57623291015625,2.856501493637564,-4.288577289715985,63.205670069513815,6.0305643,28.914932,36.00937,21.667128,6.3329864,-15.000033,-14.952547,-12.783191,4.3615537,30.155174,15.317964,15.000033,-9.223765,-2.7586696,8.637471,11.781057,20.759377,-33.86406,69.912025,-8.460131,-3.4203832,5.6749215,-155.52303,-30.38639,70.60215,36.95734,41.701904,-14.140797,2.4716134
85,5.923664569854736,-14.383440971374512,85.81329345703125,3.9224876319941764,-3.7470845781916537,61.43210784425265,6.7456303,27.550943,35.007652,18.756498,9.31524,-15.000033,-13.877025,-12.693999,6.4474154,26.204996,17.291443,15.000033,-9.915158,-3.215959,7.0429153,12.222401,19.85797,-34.642212,72.99351,-8.135323,-3.1741462,5.2365193,-158.50119,-34.532997,75.049995,38.780567,42.564156,-15.929588,1.5604256
86,6.525634765625,-14.684893608093262,85.92398071289062,4.938688135536412,-3.2642659747941285,59.748911997565294,8.244935,25.648537,34.240955,14.367261,11.791969,-15.000033,-13.105889,-12.389735,8.896855,22.798449,18.500841,15.000033,-11.157648,-3.7111702,5.800405,13.355874,19.289898,-34.884487,74.99938,-7.434344,-3.111505,4.88383,-160.18816,-37.191837,78.55714,41.583958,43.462437,-16.891203,0.44723606
87,7.082630634307861,-14.897988319396973,86.06343841552734,5.628194769159686,-2.631548227006903,57.85245821931137,9.009855,24.457806,33.333206,11.756705,13.863805,-15.000033,-12.872137,-12.016402,11.041123,20.40997,19.503511,15.000033,-13.1718,-4.46156,4.9346633,15.067463,19.03425,-34.362736,75.88319,-7.2172318,-3.1012275,4.7007637,-161.15033,-38.472584,81.10252,46.05601,43.356945,-17.262802,-1.5677006
88,7.62653923034668,-15.015074729919434,86.15097045898438,5.998353968327491,-1.8938010647200907,56.325136838259574,9.907815,23.50088,33.194542,8.942786,15.438619,-15.000033,-12.379158,-11.600114,12.859345,17.511845,20.375185,15.000033,-15.4657345,-4.874365,4.4477777,16.699236,18.818832,-33.940933,76.74206,-6.4426093,-3.0305533,4.234245,-161.84833,-39.502228,83.89862,50.53818,44.26808,-17.25346,-2.9689054
89,8.171192169189453,-15.012918472290039,86.18441772460938,6.30104211464186,-1.0425257220830682,55.29770193418562,10.681721,22.36089,32.493824,5.865023,16.714386,-15.000033,-12.337961,-11.224771,14.633534,15.643738,20.725847,15.000033,-17.438833,-4.9398127,4.0950527,18.208897,18.613205,-33.424534,77.21367,-5.4044657,-2.9284697,3.9782286,-162.38802,-40.347584,86.7326,54.982224,44.82552,-17.27363,-3.9301
90,8.767681121826172,-14.892268180847168,86.09850311279297,6.849938495079712,-0.3186824540032376,54.04975965603916,10.61614,21.864496,31.623232,5.830482,15.991138,-15.000033,-12.267552,-11.015613,16.731993,14.193457,19.687895,15.000033,-19.105684,-5.1092377,4.2162,19.543665,18.404278,-32.778515,77.58695,-4.953294,-3.109829,3.6486297,-162.84717,-41.14017,90.27241,59.772533,45.87003,-17.370975,-5.875968
91,9.393506050109863,-14.646990776062012,86.13253784179688,7.4215617998832295,0.6671643050766081,53.37217374147152,10.17288,21.29681,30.508968,5.7241507,15.392081,-15.000033,-12.519406,-11.199355,17.702887,13.175336,19.46409,15.000033,-19.931257,-4.8992724,4.476777,20.309263,18.216467,-32.284595,78.047264,-4.072632,-2.9652486,3.3998604,-163.24959,-41.847725,94.50932,64.76849,48.678894,-16.739304,-6.9226933
92,10.065860748291016,-14.27586841583252,86.08582305908203,7.968679697793755,1.6546942241663185,53.20293558119393,9.709678,20.936676,30.01756,5.730703,14.864135,-15.000033,-12.926241,-11.366956,18.668112,12.907422,17.800705,15.000033,-21.237553,-4.838829,5.0340705,21.263405,18.091587,-32.16105,78.164696,-3.2234988,-2.944882,2.807834,-163.04395,-42.35,96.81696,69.37741,50.551964,-15.183363,-7.6727343
93,10.801997184753418,-13.798907279968262,86.09020233154297,8.490596323345185,2.847331803360513,52.959609881423624,9.306599,20.578756,29.705591,5.826328,14.150396,-15.000033,-13.442227,-11.471997,19.610266,12.716896,16.328032,15.000033,-21.978018,-4.7191586,5.8823586,21.866507,18.007868,-31.768301,78.24461,-3.2425375,-2.9394157,2.58647,-162.88956,-42.798412,99.43827,73.63275,53.164597,-14.316358,-9.05561
94,11.562817573547363,-13.234834671020508,85.99687957763672,8.737164993600498,4.19192803579275,52.66258757010431,9.066259,20.541536,30.385061,6.079185,13.453704,-15.000033,-14.777767,-11.448037,19.498247,14.05473,14.18721,15.000033,-22.685896,-4.7774854,6.917856,22.409115,17.96936,-31.553,78.08719,-2.52847,-2.6252344,1.806948,-162.78221,-43.235764,102.96676,79.49774,55.749786,-12.223555,-10.970966
95,12.34101676940918,-12.605740547180176,85.68775939941406,9.137653565010067,5.016627359843633,52.234087228527905,7.0039434,21.738592,30.743052,11.971524,9.437657,-15.000033,-15.669784,-11.637213,19.621296,15.800948,10.30032,15.000033,-23.26014,-4.508661,8.089198,22.748837,17.96266,-31.455523,77.8249,-2.7055948,-2.8743534,1.0682218,-161.87714,-43.529446,104.21754,83.69967,57.59539,-12.102947,-12.375643
96,13.117088317871094,-11.935855865478516,85.44922637939453,9.243081771746688,6.0168207944326415,52.430197139540844,5.28011,22.911022,31.330828,15.91102,6.3341975,-15.000033,-16.713512,-11.275081,20.071672,17.821484,7.605706,15.000033,-23.94366,-4.150488,9.672685,23.052303,18.020344,-31.108204,77.38311,-2.4647593,-2.979412,0.93410045,-161.10916,-44.114086,106.519485,88.158455,59.60694,-10.818715,-14.185164
97,13.8472900390625,-11.233625411987305,85.02799987792969,9.449604598794108,7.2819524202757995,53.104485715817525,2.5212717,24.528782,31.677511,21.524103,2.4160676,-15.000033,-18.647541,-11.119084,20.113781,21.248924,3.5914114,15.000033,-23.869497,-3.441573,11.319748,22.928667,18.198143,-30.424423,76.67807,-1.7888606,-3.0219693,0.6880734,-160.57031,-44.91679,109.90249,91.26372,62.054512,-9.579472,-14.2104
98,14.515735626220703,-10.529060363769531,84.64112091064453,9.648581989019098,8.56293828008068,54.35753540775406,0.273508,25.746681,31.863247,25.447342,-1.2809135,-15.000033,-20.61235,-10.763487,20.409622,24.940897,0.4495109,15.000033,-23.994625,-2.3167598,13.046408,22.852137,18.399612,-29.778868,75.728226,-1.0266811,-2.80316,0.38154817,-159.3378,-45.836296,111.638145,93.80767,63.502197,-8.193595,-14.3800335
99,15.078154563903809,-9.848029136657715,84.19416809082031,9.937710738783894,9.917642324153555,55.12648794149472,-2.0770628,26.995459,32.2252,29.911118,-4.313135,-15.000033,-22.921904,-10.470547,20.874886,28.740055,-2.3618608,15.000033,-24.432995,-1.8263088,15.002906,23.276955,18.979046,-29.146431,73.66422,0.6313421,-2.4376657,-0.030652827,-158.35774,-48.399696,112.680756,94.21404,64.52384,-6.9454856,-15.111634
100,15.492884635925293,-9.21082878112793,83.66346740722656,9.993245258704558,11.217757193856423,56.91324433168079,-4.2688384,28.15938,32.314983,32.88615,-6.6731725,-15.000033,-25.02288,-10.264655,20.583868,32.427982,-4.9831543,15.000033,-25.224619,-1.4567862,17.068085,24.176096,19.710815,-27.769537,70.984146,2.1893382,-2.009369,0.06736745,-156.37714,-51.553413,112.56656,94.61088,64.40624,-4.900702,-15.963878
101,15.743962287902832,-8.655844688415527,82.96221923828125,9.827246383115291,12.677436863792675,58.22629484986776,-7.247965,30.15318,32.47275,37.965942,-9.521141,-15.000033,-27.500738,-10.016004,20.034012,36.02803,-7.503141,15.000033,-25.83845,-1.2646132,19.348469,24.877764,20.547564,-27.482548,68.72235,2.9305372,-1.838182,-0.05038414,-153.97876,-55.023674,111.74771,94.51855,64.22929,-3.699162,-17.498924
102,15.799108505249023,-8.212464332580566,82.15756225585938,8.925312026220816,13.902684350204568,59.97744463024885,-9.765502,31.481907,31.071798,40.671944,-9.938049,-15.000033,-29.153755,-9.483601,18.607676,38.564205,-9.772307,15.000033,-25.997896,-0.47211742,21.802708,25.480835,21.346977,-26.154228,66.47033,3.900013,-1.4015554,0.42716807,-149.74437,-58.940487,109.93483,95.46486,63.860928,-0.5554537,-19.82245
103,15.670572280883789,-7.912204265594482,81.54695892333984,8.61481900725306,14.95048974486747,61.58666532667198,-12.029735,32.673443,31.118542,44.0353,-11.835449,-15.000033,-31.106575,-9.997788,17.077974,41.15238,-11.738291,15.000033,-25.885921,-0.08468392,24.014223,25.980522,22.268394,-25.023401,64.44364,4.677306,-1.1067975,0.87297493,-142.81018,-63.166542,105.96034,96.131615,64.3693,1.8423598,-20.684513
104,15.361198425292969,-7.7681379318237305,80.98761749267578,8.4071165982227,15.596690437231386,63.25215362292128,-14.786114,33.623856,30.288311,47.578327,-12.796633,-14.367907,-32.980274,-10.739623,15.62324,44.063297,-13.392675,15.000033,-25.452036,-0.11902546,25.56139,27.29928,23.203905,-23.153088,61.753075,5.9616613,-0.38207883,1.4132543,-131.84456,-67.50472,98.99632,95.85411,63.48373,3.3537166,-22.069016
105,14.873976707458496,-7.785079479217529,80.52556610107422,9.076666887633646,15.394733812636833,64.94693683588038,-16.523216,33.635178,30.297455,50.219067,-13.83863,-13.565743,-34.400047,-12.308109,15.281009,47.31513,-15.755227,15.000033,-24.6843,-0.46988508,26.791084,28.623775,24.029419,-22.015238,59.585808,6.2891364,-0.69243085,2.4534056,-118.8467,-71.738846,89.17474,93.861855,63.327774,2.4451292,-23.13145
106,14.248818397521973,-7.931625843048096,79.59661865234375,8.184406538117708,15.331850088848656,66.09504223213993,-18.24547,34.418953,29.19334,52.095474,-15.077049,-13.66963,-35.98687,-12.346585,14.173194,50.87317,-17.52728,14.971863,-23.68597,0.04290927,28.332594,29.481127,24.868238,-22.005024,57.728497,6.829025,0.20490113,3.4025307,-105.00067,-75.676476,76.95954,90.333855,60.152496,3.4291182,-25.093843
107,13.534198760986328,-8.202006340026855,78.80642700195312,7.968615563417127,15.620088696266523,67.96274536164462,-20.76124,34.635113,28.056814,54.19785,-15.922683,-12.954384,-37.43115,-14.085374,12.152156,53.12986,-19.202477,14.262479,-21.930367,0.90149814,29.4164,31.258131,25.638155,-21.941835,54.291588,7.9228544,0.8601867,4.2970004,-89.43153,-79.13896,62.621403,85.43228,57.384686,4.077135,-26.855883
108,12.74244213104248,-8.60205078125,78.19035339355469,8.233067467079454,15.30292352431479,70.63344333909622,-23.662687,34.006325,26.162098,56.52639,-17.565853,-11.967695,-38.19786,-15.709405,11.34689,55.45843,-20.695667,14.266713,-19.31367,2.5223114,29.793802,32.98847,26.205254,-22.07093,50.889507,8.604964,0.52160287,5.155793,-71.59296,-81.64898,47.20285,79.193436,57.877594,3.0643964,-26.092901
109,11.896181106567383,-9.121760368347168,77.32989501953125,8.272144749284841,14.45739708400246,73.21205130228334,-26.717434,33.706554,23.805218,59.88364,-18.470854,-11.131299,-38.936653,-18.268696,9.351861,58.75801,-22.503939,13.962149,-16.693867,5.1068845,29.793802,34.532845,26.463247,-23.840664,46.901207,7.985893,0.5289239,6.5572085,-51.55187,-82.2443,30.141245,71.67078,54.724247,3.7332945,-26.94063
110,11.030866622924805,-9.742630958557129,76.45211029052734,8.137346482142057,13.217156409531674,76.02775309736293,-29.47398,33.3284,21.549282,63.016155,-19.313404,-10.851239,-38.950027,-21.90727,6.103691,61.818275,-24.188007,13.463147,-14.19357,7.944698,29.793802,36.939507,26.429548,-25.44949,41.303253,7.3877254,0.13583341,8.181233,-32.383575,-80.528625,14.039036,63.99991,51.63858,3.5906837,-26.555614
111,10.190433502197266,-10.434187889099121,75.58783721923828,8.189071715913002,11.590848137245894,79.51657000180275,-31.5214,33.026478,20.510767,65.54633,-20.349123,-10.10485,-38.389046,-25.321236,3.7579136,65.10758,-26.269865,13.140689,-12.096741,10.496328,29.793802,39.395187,26.360731,-27.329626,35.16978,7.836605,0.15013167,10.04052,-16.34191,-76.81943,2.3390949,54.823334,47.67598,2.9740696,-26.712439
112,9.403610229492188,-11.15562915802002,75.16077423095703,8.378739326886356,9.603922368698512,82.71464178180935,-33.10289,32.056503,19.409071,67.57404,-20.068624,-9.42678,-36.498055,-29.199259,0.8995235,66.67215,-27.68096,13.017798,-10.207511,12.875589,29.793802,41.848236,26.040726,-29.623486,28.432379,6.6841826,-1.2939861,11.11421,-3.9971225,-71.29493,-3.7862797,44.877823,45.16625,0.57342076,-26.252438
113,8.690300941467285,-11.843972206115723,74.59075927734375,8.204291182326259,7.652976496639867,86.33729910771328,-34.74813,30.605543,17.654129,68.9001,-20.012012,-9.028635,-34.201813,-32.88238,-2.3451757,68.64892,-29.082026,12.698206,-8.523201,14.7372675,29.793802,44.33866,25.53786,-31.931398,21.557556,5.868984,-1.2821417,13.23279,4.273394,-64.6536,-4.4645195,33.76962,41.418404,-1.9920888,-28.005716
114,8.082103729248047,-12.447579383850098,74.07398223876953,7.862879368681939,5.9705987643569145,89.92309273380924,-36.254833,28.534266,15.394369,69.511475,-19.93859,-8.498762,-31.750372,-35.871326,-5.3504696,70.41314,-29.844568,12.771408,-6.5605392,15.775458,29.793802,45.889202,25.061699,-33.974792,15.205819,5.790305,-1.1867249,14.916113,8.99407,-57.939064,-1.8720013,22.710709,35.455532,-4.042076,-29.190838
115,7.600274562835693,-12.928020477294922,73.66227722167969,7.592513099264118,4.650528694067504,93.63213575992621,-38.225025,24.892328,11.594494,69.78227,-19.540302,-8.260687,-29.267809,-38.256916,-7.956626,71.87192,-30.390902,12.77161,-3.9599526,16.62717,29.531094,46.738636,24.546812,-34.46165,10.421707,3.6803718,-0.22223017,14.917501,11.437055,-51.64314,1.5427759,13.234318,30.470217,-6.68311,-31.361053
116,7.262059211730957,-13.257281303405762,73.51490783691406,7.729096147718283,3.841246970774987,97.5722599134674,-39.913197,20.702097,8.49842,69.24114,-18.806711,-8.361108,-26.435904,-41.072754,-11.246126,72.489174,-30.413134,12.660538,-0.7538254,17.423368,29.076288,46.25008,24.328112,-35.878273,7.321038,3.2278216,0.5667852,15.688495,11.44969,-46.17896,6.712648,4.934473,24.95585,-10.245368,-34.809864
117,7.067340850830078,-13.440034866333008,73.34127044677734,7.642425278822414,3.1379876514936256,101.39890703970629,-41.358513,17.283026,5.769659,68.93518,-18.577381,-7.780303,-23.48306,-42.435265,-13.865089,72.91799,-31.411604,13.143433,2.558403,18.002007,28.343983,45.6074,24.389635,-35.665894,6.3718944,3.125228,1.1043856,14.603641,7.9354677,-41.851616,11.074186,-1.5477186,18.305946,-13.476966,-35.286335
118,7.004453182220459,-13.488409042358398,73.00413513183594,7.881206916005604,2.0367332950064294,105.5385808446007,-42.426937,13.606631,3.2356257,69.109276,-18.413197,-7.1538234,-20.35476,-44.009956,-16.12582,74.289986,-32.28797,13.269083,5.750015,18.220074,27.725426,43.96571,24.917208,-34.797832,7.0845857,2.7233934,1.9368476,14.3911295,1.4058027,-38.495174,16.210064,-5.832037,13.089488,-14.708851,-36.34841
119,7.028233051300049,-13.406668663024902,72.88350677490234,7.722703957201701,1.0252696581607117,109.83070188781122,-43.05605,10.241003,0.71320266,68.503876,-17.55636,-8.00491,-16.016169,-44.70605,-19.669436,74.45728,-32.728767,13.9099045,8.908157,18.4359,26.692938,42.229908,25.565414,-33.775314,9.183268,2.013266,2.334835,14.402165,-6.0147486,-35.413403,20.247679,-9.332936,11.166576,-15.229071,-34.221542
120,7.098834991455078,-13.210652351379395,72.9171371459961,7.185222767679871,-0.08891621346777026,114.17350981581714,-43.304256,7.0788975,-2.1648471,67.74222,-16.740875,-8.580244,-11.486921,-44.331062,-23.18027,74.332504,-32.905334,14.264583,12.002635,18.446455,25.533262,40.12554,26.357372,-32.51643,10.917623,1.4774207,2.7103896,14.64902,-15.010447,-32.4989,22.134474,-10.326688,11.717448,-14.552796,-31.825083
121,7.1755757331848145,-12.91014289855957,72.72733306884766,6.86990031149456,-1.3720766109880849,118.88835509894977,-43.41939,3.537157,-4.932041,67.39143,-16.241186,-9.225211,-6.6707325,-44.25883,-26.94861,74.33871,-32.81778,14.809065,15.048238,18.307768,24.490751,37.898346,27.407125,-31.36148,12.048095,1.984668,2.1593,15.647371,-25.79556,-29.972183,23.526152,-9.154984,12.192514,-14.879561,-31.064137
122,7.20689058303833,-12.510193824768066,72.98345184326172,6.223613203008094,-1.8964398146751762,123.47976651380512,-43.321007,0.50234056,-7.654587,65.756226,-16.00884,-9.85596,-2.1996484,-43.360813,-31.301943,72.6146,-32.15986,15.000033,17.714834,17.960205,23.22984,36.849823,28.441208,-29.159285,11.336354,2.4529636,2.1431112,15.655374,-36.95058,-27.822594,22.343994,-6.2698207,13.404611,-12.576251,-30.185036
123,7.166306018829346,-12.043760299682617,73.61541748046875,5.302278180383379,-2.224252862812638,127.88908384522578,-42.628063,-1.0647978,-9.277384,63.071117,-14.972189,-10.878728,1.7503879,-41.561302,-35.184578,69.66147,-31.147146,15.000033,19.565092,17.125526,21.942394,36.518707,29.397078,-27.75492,10.609781,2.3278139,0.26235855,17.826565,-49.23691,-26.500889,20.543547,-0.3750691,16.422626,-11.473668,-29.639168
124,7.026662826538086,-11.527033805847168,74.2825927734375,4.468494052788914,-2.0837570453484946,131.98722388336247,-42.062958,-2.8434339,-11.269006,60.313175,-14.209402,-11.730267,5.495307,-39.506336,-38.99493,65.31356,-30.119623,15.000033,21.137615,16.278927,20.908417,36.65863,30.195719,-25.551655,8.735288,2.7357957,-1.023235,18.757042,-61.92779,-26.268877,19.015799,7.6874022,18.933687,-9.70539,-28.351715
125,6.780032634735107,-10.998015403747559,75.11000061035156,3.3954567656731354,-1.9513648577031375,135.858077026053,-41.09724,-4.648795,-13.967784,57.411213,-12.868654,-12.490407,8.906612,-36.66229,-41.910255,60.282673,-29.0882,15.000033,22.238317,15.345185,20.525454,36.81179,30.845703,-23.840069,6.04313,2.3981252,-2.9327705,19.475145,-76.41873,-27.271242,19.224056,19.77718,24.185505,-8.759459,-26.66956
126,6.441567897796631,-10.473402976989746,75.83854675292969,2.407940670437836,-1.6314229535823526,138.75408967946728,-39.932487,-6.3603945,-17.18585,54.84283,-12.542689,-13.342446,11.360489,-34.313187,-43.817837,56.05322,-27.902601,15.000033,23.978346,14.392249,20.111025,36.223618,31.194742,-22.173897,6.0534134,1.858445,-4.5703096,19.57766,-88.495605,-29.03514,21.575155,32.113155,29.566961,-8.241424,-25.380392
127,6.04905891418457,-9.963020324707031,76.57801818847656,1.6375384395969406,-1.402709016347925,141.31945519901467,-38.403545,-7.3327327,-19.413643,51.87533,-11.468555,-15.000033,13.564939,-32.420704,-45.499313,52.36443,-26.54672,15.000033,26.457794,13.664581,19.818233,34.38556,31.214584,-21.798763,8.515401,0.49317992,-6.551403,19.81112,-99.33838,-31.02965,26.096352,46.30294,38.079548,-7.791648,-23.16275
128,5.594688415527344,-9.480534553527832,77.17359924316406,0.6968253583857132,-1.2585579470929191,143.74520086591588,-37.318794,-8.352073,-21.831015,50.324528,-10.443969,-15.000033,16.222984,-29.75241,-47.02366,47.61266,-25.865755,15.000033,29.226446,12.658611,19.600645,32.45322,30.91887,-22.631912,11.952541,-0.7615839,-7.4426546,19.355536,-106.96883,-32.749176,33.240337,61.14904,46.765102,-7.6091332,-19.8045
129,5.138629913330078,-9.0068941116333,77.77796936035156,-0.2384941932969356,-1.2338410651403775,145.483443825306,-35.960384,-8.846567,-24.172083,48.891487,-9.61622,-15.000033,18.15277,-27.653172,-48.138294,44.241024,-24.890945,15.000033,31.958221,11.295673,19.052828,29.980051,30.266468,-23.906818,17.99606,-3.490799,-7.925617,17.68151,-110.50717,-33.93075,40.835712,73.42528,53.30483,-6.446398,-15.427576
130,4.688351631164551,-8.531377792358398,78.27865600585938,-0.21194021768437482,-1.3248243305603764,147.09589636519115,-33.947994,-9.613996,-25.57375,46.153973,-9.050396,-15.000033,20.07724,-25.45766,-47.86825,39.774673,-24.001007,15.000033,34.199512,9.93987,18.318083,29.2135,29.239864,-25.279512,22.324207,-7.8965487,-9.812062,17.844858,-111.95426,-34.801914,47.625366,82.52512,58.5145,-4.6273847,-11.139988
131,4.2773871421813965,-8.043373107910156,78.94786834716797,-0.8433932851939316,-0.5843687334609814,148.53494718162813,-32.804955,-9.567878,-27.712284,43.428986,-8.514903,-15.000033,21.316996,-22.987524,-48.517452,35.525795,-22.400457,15.000033,35.621414,8.701723,17.491823,28.10548,28.152678,-25.963274,27.351456,-8.939274,-9.124504,15.858568,-112.58457,-35.44811,52.409927,87.2105,59.364532,-2.9023468,-8.831986
132,3.9144515991210938,-7.563276767730713,79.31227111816406,-0.8227308445706281,-0.4984766783358772,150.05351969182075,-31.367714,-10.254681,-29.493002,41.407158,-8.406458,-15.000033,23.209642,-21.386414,-49.30696,32.084293,-21.402197,15.000033,36.608654,7.5607576,16.952965,27.608173,26.949827,-26.327688,31.106937,-9.931525,-8.567628,13.943625,-112.86128,-36.02675,55.389557,89.91207,59.803303,-2.0323849,-7.1706405
133,3.6122817993164062,-7.105593204498291,79.68209838867188,-0.9842048455770107,-0.5306670573911845,151.2127419568959,-29.904728,-10.015136,-30.46755,39.189133,-8.174902,-15.000033,25.332584,-19.049427,-49.951763,27.383457,-19.656975,15.000033,37.153004,6.5860534,16.420322,26.919939,25.942064,-27.128351,34.315006,-9.2830515,-7.5488358,12.384018,-113.43029,-36.49184,56.61099,90.40445,59.54676,-1.6581029,-6.7487674
134,3.3675425052642822,-6.668838024139404,79.91922760009766,-0.7781672041480179,-0.6982396208622792,152.1431625383738,-28.681896,-10.090111,-31.015358,37.596634,-7.8871946,-15.000033,27.031836,-17.725666,-50.300674,24.214437,-18.246687,15.000033,37.525383,5.7091403,16.065947,26.442682,25.106594,-28.066858,37.162968,-9.052335,-6.9226484,11.588833,-113.68881,-36.919884,57.31356,91.03002,59.935684,-1.5363821,-6.536482
135,3.179165840148926,-6.265225410461426,80.3011245727539,-0.9527788661273245,-0.6035626937453112,153.11538342432098,-27.650812,-9.465704,-31.53326,35.40808,-7.016495,-15.000033,28.00337,-15.654378,-49.5549,20.727774,-16.449091,15.000033,37.511658,4.938618,15.606432,25.88314,24.400349,-29.578085,38.445763,-8.319422,-5.894865,11.269481,-113.22288,-37.32254,57.10465,91.024315,59.55825,-1.7364256,-6.895768
136,3.0356192588806152,-5.898121356964111,80.41548919677734,-0.6523806493961706,-0.4669829539414212,153.14911624831427,-27.090519,-9.508045,-31.90717,34.630344,-6.9091434,-15.000033,29.01221,-15.061145,-50.132584,18.3004,-15.341604,15.000033,37.854244,4.0364113,15.257998,25.12595,23.868269,-29.917412,41.84649,-8.358884,-5.7292376,9.970236,-113.288155,-37.684734,57.763916,91.04825,59.691624,-1.6199328,-6.88247
137,2.918097972869873,-5.578540802001953,80.52023315429688,-0.35349143463712596,-0.6291383135001889,153.2217345211733,-26.428522,-9.450461,-31.824268,34.03287,-6.5731783,-15.000033,30.121857,-14.611866,-50.66317,16.405745,-14.481824,15.000033,37.837265,3.2234514,15.079882,24.57526,23.398647,-30.42393,43.771667,-8.495036,-5.301087,8.976546,-112.81374,-37.98791,57.796646,90.79856,59.037174,-1.3687813,-6.691999
138,2.8184664249420166,-5.296461582183838,80.65719604492188,-0.21062412607433664,-0.5625665288710643,153.31888994589522,-25.925905,-9.209206,-31.909351,33.160244,-6.370374,-15.000033,30.6932,-14.085518,-50.807816,14.935329,-13.479582,15.000033,37.92136,2.6237438,14.779878,24.047693,23.060259,-30.841602,45.163868,-8.070149,-4.890879,8.559405,-112.36591,-38.232067,57.604248,90.637024,58.920055,-1.3114848,-6.8677936
139,2.74005126953125,-5.054088592529297,80.85636138916016,-0.27666161212274615,-0.6734350621886644,153.27961869978236,-25.326601,-8.4795,-31.59303,32.22844,-5.9471116,-15.000033,31.328608,-13.26343,-50.557224,13.136243,-12.803808,15.000033,37.780617,2.1478298,14.383604,24.007141,22.757715,-31.728027,45.439373,-7.547782,-4.1415787,8.451138,-111.27578,-38.39566,57.202324,89.79622,56.869797,-1.0418028,-6.7168775
140,2.6675825119018555,-4.841124057769775,80.93716430664062,-0.19852033242129632,-0.7406879855899781,153.18738795633885,-24.906301,-8.265487,-31.609499,31.850899,-5.9810405,-15.000033,31.758469,-12.919824,-50.448193,12.13224,-11.846202,15.000033,37.889217,1.7606392,14.0714655,23.670452,22.535942,-32.213665,46.18452,-7.637439,-3.8142536,7.971791,-110.670586,-38.493153,56.763947,89.529594,56.923634,-0.892588,-6.6435213
141,2.6080739498138428,-4.656476974487305,81.01693725585938,-0.0987827262109865,-0.7758735378607338,152.98323910884633,-24.540646,-7.755862,-31.0405,31.259178,-5.89141,-15.000033,31.984255,-12.655161,-49.974434,11.266211,-11.369763,15.000033,37.915176,1.4287964,13.748259,23.585915,22.423887,-32.46155,46.731945,-7.7952247,-3.5243897,7.70715,-110.01721,-38.49413,56.17298,88.879684,56.95367,-0.82823324,-6.6758366
142,2.5539281368255615,-4.502470970153809,81.07626342773438,-0.045917187918808604,-0.6402558583461277,152.83163776621873,-24.42104,-7.5385084,-31.000051,30.95763,-6.0074954,-15.000033,32.01623,-12.417041,-49.65874,10.559874,-10.999534,15.000033,37.864754,1.1449833,13.551767,23.36668,22.386322,-32.974796,47.04762,-7.597756,-3.5745993,7.535801,-109.862564,-38.472275,55.731216,88.41009,56.833115,-0.7630915,-6.896788
143,2.516967296600342,-4.385138511657715,81.1961898803711,-0.03769910599826527,-0.5809353727047734,152.39812943597525,-24.103247,-6.9888616,-30.634588,30.31844,-5.840854,-15.000033,32.293564,-12.099108,-49.67176,9.244995,-10.369226,15.000033,37.94097,0.84762686,13.261711,23.383675,22.34019,-33.240025,47.15016,-7.040787,-3.1888845,7.193466,-109.24767,-38.382755,55.190125,87.71205,55.930973,-0.6837271,-7.0111485
144,2.496934652328491,-4.298815727233887,81.27091217041016,-0.02558071318792771,-0.623095743928876,151.8447233261243,-23.919828,-6.5956416,-30.258478,30.286283,-5.654019,-15.000033,32.32059,-12.042479,-49.071545,8.6391945,-9.933454,15.000033,37.974983,0.5998662,13.126381,23.429132,22.324722,-33.262028,47.159733,-6.938496,-3.2685707,7.0985622,-108.796906,-38.242607,54.856915,87.156204,55.515285,-0.72850454,-6.920444
145,2.4971959590911865,-4.2405171394348145,81.3084487915039,0.04539079880194406,-0.6742089966485333,151.40561949423136,-23.712355,-6.2678123,-29.848318,30.085627,-5.604509,-15.000033,32.405262,-12.067135,-48.71188,8.105762,-9.692125,15.000033,37.95201,0.41540116,12.946492,23.273933,22.361423,-33.456924,47.256172,-6.921981,-3.1785166,6.967068,-108.39477,-38.04255,54.403866,86.60759,55.2397,-0.63418704,-6.927766
146,2.519808530807495,-4.20764684677124,81.36870574951172,-0.03620226866868531,-0.7050887816465653,151.05186694047873,-23.619312,-5.8304625,-29.508345,29.984388,-5.585017,-15.000033,32.34342,-12.077233,-48.524998,7.96752,-9.776785,15.000033,37.89467,0.26799837,12.820116,23.239378,22.448195,-33.36649,46.889133,-6.9762855,-3.1207242,7.2197137,-108.22762,-37.81922,54.12304,86.54503,55.7197,-0.52589846,-6.9571085
147,2.5671486854553223,-4.189939975738525,81.41703033447266,-0.19299462375892892,-0.7642671414386109,150.59259178582013,-23.558304,-5.2233677,-29.01476,29.96163,-5.6362834,-15.000033,32.24194,-12.0362625,-48.30841,7.8356543,-9.698174,15.000033,37.9212,0.061249565,12.600817,23.24372,22.552116,-33.166214,46.587616,-6.723921,-2.874254,7.105664,-107.86483,-37.58531,53.750614,86.479744,56.18428,-0.7532145,-6.937618
148,2.618997097015381,-4.175806045532227,81.38726043701172,-0.18850660056072835,-1.0120049590547375,150.62007632824483,-23.299845,-5.1547523,-29.010838,29.904346,-5.829111,-15.000033,32.418056,-11.96733,-47.87433,7.791419,-9.492962,15.000033,37.749817,0.038990565,12.487868,23.340136,22.711191,-32.815727,45.83604,-6.7168922,-2.6346233,7.0059752,-107.65326,-37.380898,53.621635,86.64162,56.146843,-0.87193084,-7.098325
149,2.674729347229004,-4.162003993988037,81.42854309082031,-0.16439876748014823,-1.0764696952493977,150.24416842926507,-23.177011,-4.8462806,-28.634481,29.781511,-5.6448617,-15.000033,32.382504,-12.162355,-47.86704,7.775627,-9.6622095,15.000033,37.731068,-0.08803217,12.334413,23.332403,22.90003,-32.869503,45.313633,-6.5440664,-2.6797462,7.0862875,-107.37601,-37.12901,53.39502,86.30935,55.69368,-0.73884284,-6.9920754
150,2.736487865447998,-4.140529632568359,81.37178802490234,-0.16842723111355926,-1.312177004465654,150.14574586081818,-23.127048,-4.774389,-28.49503,30.190237,-5.8470383,-15.000033,32.57756,-12.179076,-47.74312,7.781944,-9.712632,15.000033,37.630802,-0.013360851,12.210425,23.320087,23.151028,-32.843437,44.326023,-6.0121,-2.622244,7.1907296,-107.26971,-36.888634,53.22525,86.286514,55.13885,-0.65309167,-7.12499
151,2.7960596084594727,-4.107785701751709,81.38198852539062,-0.19990180772190208,-1.3554285669365487,149.99667106668716,-23.141233,-4.519651,-28.252964,30.23982,-5.9057145,-15.000033,32.50031,-12.1485405,-47.458134,7.7397156,-9.90586,15.000033,37.546375,-0.074003965,12.016032,23.436905,23.430632,-32.43707,43.118553,-5.9691615,-2.4822817,7.3274264,-107.14054,-36.65978,53.24124,86.23967,54.77436,-0.6036116,-7.0075116
152,2.84879207611084,-4.059382438659668,81.32494354248047,-0.16040953866508076,-1.4243227073156337,149.96940843039928,-23.262938,-4.4304256,-27.95724,30.569887,-6.0929585,-15.000033,32.513096,-12.131239,-47.164955,7.705516,-10.094192,15.000033,37.38692,-0.12069361,11.886333,23.606586,23.75494,-31.94228,41.582794,-5.901095,-2.3771987,7.417575,-107.12203,-36.44879,53.142998,86.14931,54.94227,-0.61355436,-6.939951
153,2.899677038192749,-3.9914023876190186,81.37977600097656,-0.20998110084344365,-1.3017263557604486,149.8884750425774,-23.458023,-3.877829,-27.195723,30.409807,-5.8263974,-15.000033,32.34843,-12.046116,-47.282158,7.5908523,-10.201688,15.000033,37.32636,-0.23106006,11.650159,23.838362,24.079962,-31.354023,39.60384,-5.824113,-2.1676326,7.3816624,-106.97066,-36.257225,52.874462,85.927315,54.364727,-0.58338016,-6.988378
154,2.9412801265716553,-3.895228624343872,81.36712646484375,0.012144295747353985,-1.2013815049763785,149.76544664018277,-23.427637,-3.7596536,-26.774452,30.0463,-5.655768,-15.000033,32.236057,-12.215914,-47.16215,7.478056,-10.394619,15.000033,37.375977,-0.345334,11.522805,24.090437,24.364119,-30.584452,37.36715,-5.556468,-1.9887344,7.563798,-106.88555,-36.076767,52.788273,85.59998,54.277954,-0.43509838,-7.0871854
155,2.981015205383301,-3.7732977867126465,81.34807586669922,0.180329180567193,-0.9968963429095489,149.78025899932803,-23.668892,-3.5392172,-26.189772,29.89816,-5.6134777,-15.000033,32.075268,-12.25363,-47.14349,7.3183084,-10.571626,15.000033,37.451023,-0.59681416,11.391634,24.219769,24.663504,-29.903725,34.868412,-5.377206,-2.0684066,7.8833055,-106.96036,-35.94465,52.838562,85.77915,54.237453,-0.37197188,-7.0747895
156,3.007744550704956,-3.623039960861206,81.36827087402344,0.2971981590338113,-0.9151062887418919,149.96719309550187,-23.591055,-3.2896497,-25.801699,29.365765,-5.4501467,-15.000033,32.014797,-12.143885,-46.860264,7.22228,-10.7105665,15.000033,37.499825,-0.7076861,11.254932,24.41148,24.94267,-28.72979,31.831467,-5.0427384,-1.9728928,8.122113,-106.878716,-35.86306,52.980923,85.909134,54.480724,-0.33851373,-7.2385035
157,3.0332725048065186,-3.451075792312622,81.36262512207031,0.46296878702511596,-0.8247936034411899,150.02998728040131,-23.557278,-3.0820649,-25.395132,29.030815,-5.4922853,-15.000033,31.98528,-12.162502,-46.80382,7.1473556,-10.851032,15.000033,37.532906,-0.84987944,11.090242,24.686323,25.246105,-27.500679,28.175175,-4.456515,-2.043661,8.604949,-106.71506,-35.79047,53.119476,85.70348,54.33068,-0.24108875,-7.392331
158,3.058532238006592,-3.262310743331909,81.32575988769531,0.7363217690711109,-0.6535638926044937,150.1456765629656,-23.766315,-2.9486492,-24.70623,28.96067,-5.498295,-14.856475,31.867626,-12.204231,-46.45876,7.0278106,-10.935612,15.000033,37.684727,-1.0162965,10.833888,24.57867,25.359623,-26.409628,24.317186,-4.5438714,-2.3304725,9.401807,-106.53874,-35.770134,53.2802,85.60481,54.74708,-0.06796569,-7.7685647
159,3.0807576179504395,-3.064443826675415,81.26248931884766,1.0878863156345655,-0.47322631633156076,150.0499996047145,-23.998697,-2.7950356,-23.829502,29.036625,-5.54256,-14.847171,31.767187,-12.411829,-46.110634,6.8763895,-10.912033,15.000033,37.770267,-1.1826115,10.662365,24.857597,25.473795,-25.071953,19.543709,-4.39114,-2.7952652,10.635276,-106.36614,-35.7403,53.24668,85.28772,55.62931,-0.15056883,-8.345884
160,3.1080360412597656,-2.8655600547790527,81.25570678710938,1.1869186146097799,-0.3371534714135137,150.0678722739717,-24.332197,-2.336709,-22.836586,29.310656,-5.2788377,-14.671338,31.717176,-12.363087,-46.097775,6.784093,-10.708058,15.000033,37.666782,-1.2403779,10.426929,25.102795,25.630455,-23.932362,13.4542465,-3.7496653,-2.9493616,11.079204,-106.04738,-35.67964,52.92982,84.55091,55.329823,-0.1889125,-9.154286
161,3.142746925354004,-2.657130241394043,81.17864990234375,1.4596331402531844,-0.2657222768963057,149.9568906535982,-24.68041,-1.9444958,-21.506067,29.83112,-5.078653,-14.9180565,31.734663,-12.542752,-45.950935,6.716892,-10.671429,15.000033,37.416893,-1.3091606,10.371878,25.015652,25.810728,-22.905539,7.109505,-2.8937569,-3.5005724,12.243099,-105.90335,-35.58783,52.518314,83.58149,55.623554,-0.24619564,-9.760086
162,3.185206651687622,-2.4352965354919434,81.17076873779297,1.5096047087097118,0.021575498807337286,149.69217163528836,-25.165823,-1.2727596,-20.385662,30.246058,-4.72337,-14.885569,31.4414,-12.549908,-45.820354,6.6221166,-10.615059,15.000033,37.210255,-1.3563788,10.205715,25.184639,25.980722,-21.41693,-0.5458714,-2.6562128,-3.6507027,12.620864,-105.76695,-35.449013,51.899216,82.285706,55.420082,-0.24152908,-10.336398
163,3.230121374130249,-2.1881914138793945,81.21287536621094,1.6258474994665122,0.11967543382644237,149.5140308771443,-25.399385,-0.9556147,-19.846272,30.677345,-4.167024,-14.737869,31.39139,-12.633696,-45.889133,6.581341,-10.540232,15.000033,36.929962,-1.2918825,10.243361,24.444427,26.041897,-19.217735,-8.547494,-2.8850043,-2.8974252,12.285123,-105.65415,-35.334705,51.443935,81.050354,54.820145,-0.24534126,-10.938575
164,3.2835052013397217,-1.9085774421691895,81.25505065917969,1.6955244349308476,0.14002791621430474,148.97053510961072,-25.66767,0.061605554,-18.188951,31.402521,-3.8048835,-14.3547535,31.335934,-12.771195,-45.69796,6.5026016,-10.415656,15.000033,36.185295,-1.3981733,10.590869,22.721685,26.05441,-16.32222,-16.55976,-2.374066,-1.6554812,11.798425,-105.96316,-35.153297,50.359356,79.15065,54.721214,-0.39369115,-11.4671755
165,3.337419033050537,-1.5793167352676392,81.32752990722656,1.8786449877567815,0.41992605490273427,148.548838895959,-26.059265,1.3081635,-15.921635,31.710613,-3.0578792,-14.143383,31.05417,-12.881484,-45.511074,6.2601624,-10.119333,15.000033,35.152256,-1.6329012,10.899231,20.541359,25.971018,-13.345219,-25.139044,-2.0959454,-1.3740348,11.648423,-106.36062,-34.921623,49.214203,76.944435,54.072704,-0.62495166,-12.224744
166,3.3966925144195557,-1.1993281841278076,81.25942993164062,2.4705316350365827,0.6784045161794537,147.68511106895886,-26.453367,1.8667538,-14.270446,32.616795,-2.7255826,-14.047998,30.67017,-13.578635,-44.900616,6.2493305,-9.775376,15.000033,34.58254,-1.7621957,10.9682865,17.514734,25.817554,-10.963191,-33.638977,-3.1403172,-2.544926,12.103084,-106.38706,-34.679485,47.841503,75.020386,54.42727,-0.8974533,-13.391013
167,3.4278149604797363,-0.7912983298301697,81.44524383544922,2.6299314540945433,1.4088194163887924,147.3558453660463,-26.708673,3.5590456,-11.534014,31.754818,-1.9297322,-13.26025,29.788319,-13.530878,-44.29927,6.034623,-9.166251,15.000033,33.137455,-2.084755,11.30391,11.755909,25.40898,-7.6648283,-40.938183,-3.5881937,-2.5269096,13.87813,-107.13973,-34.344055,45.618504,71.95619,53.452675,-0.90243465,-14.384602
168,3.4245052337646484,-0.36658164858818054,81.6050796508789,2.760966049673289,1.7435252115619613,147.3316148822722,-26.63572,5.064122,-8.917812,31.16305,-1.3696816,-12.779605,29.318172,-13.32164,-43.04829,5.905201,-8.746995,15.000033,31.121073,-2.20297,11.701486,2.175712,24.924273,-5.1669664,-44.852364,-2.9475336,-2.342802,17.705332,-108.206764,-34.007145,43.33452,69.142044,52.6807,-1.6230963,-15.292506
169,3.3954079151153564,0.07038071751594543,81.67534637451172,2.936632635120141,2.0623691423165935,147.23494826238013,-26.72801,6.400073,-6.541599,31.172401,-0.4964129,-12.591499,28.92481,-13.266298,-42.264988,5.874254,-7.751466,15.000033,30.106304,-1.869397,11.6815605,-10.025667,24.573086,-2.5903554,-45.581375,-3.6191933,-1.2580738,19.223406,-108.73123,-33.802525,41.038788,66.43706,52.65393,-2.3460746,-16.500944
170,3.3068511486053467,0.4975276589393616,81.78890228271484,2.675722231578595,2.5196687681866052,146.73906011096057,-27.249226,7.4874825,-5.869272,32.05252,-0.3180591,-12.309093,28.541264,-13.150706,-42.58084,5.81026,-6.668391,15.000033,29.214294,-1.3422319,11.694673,-22.801447,24.51413,0.0021913634,-43.1239,-4.2665153,-0.035073046,20.075947,-109.15401,-33.575256,38.755165,63.163525,52.27452,-2.2942076,-17.541922
171,3.183215856552124,0.9260422587394714,81.87359619140625,2.8494821971602446,3.350589834483527,145.89369862358336,-27.537674,8.900057,-3.5588255,32.129604,0.23501953,-12.156938,27.651062,-13.59016,-42.32927,5.720017,-6.343077,15.000033,28.750969,-1.023717,11.411309,-35.17078,24.91016,1.412527,-40.706295,-4.3291383,0.22679317,20.111282,-109.16053,-33.387177,37.42811,60.12131,49.902584,-2.6017292,-18.040295
172,2.987194538116455,1.3340363502502441,81.9183349609375,2.1761089146420804,3.7658692788661576,144.9069047435327,-28.115498,10.818766,-2.4062564,33.722733,-0.10921452,-12.23253,27.227673,-13.334123,-42.427544,5.7488885,-6.1819715,15.000033,28.537264,-0.5118423,11.650263,-46.877964,25.679853,1.1656114,-37.484234,-3.230967,0.31071296,21.393639,-110.401115,-33.344246,36.43897,57.730923,48.654087,-3.0455196,-18.335007
173,2.7282564640045166,1.7535682916641235,81.92041778564453,1.9489746636156047,4.412664595946134,144.2276670776836,-28.55851,11.955487,-1.4935653,34.504433,-0.03013459,-12.552772,26.46746,-13.454888,-41.911655,6.0889754,-5.8148613,15.000033,28.810345,-0.3060511,12.046936,-60.64939,26.975489,0.46506962,-32.198566,-3.478628,0.6677141,22.61707,-111.87089,-33.473866,35.31447,55.471752,47.657692,-3.4290388,-18.785381
174,2.3909685611724854,2.1877777576446533,82.02485656738281,1.4942034662710464,5.535717572775123,142.97672819935346,-29.233099,13.447021,-0.55348563,35.16364,-0.25394592,-12.218456,25.501509,-13.136505,-41.090755,5.0798244,-4.966835,15.000033,28.886961,-0.42954332,13.03527,-73.85617,28.640154,-0.6156463,-26.318424,-3.5690315,1.1468667,24.429241,-113.77331,-33.72714,34.184967,53.034866,46.805077,-3.692347,-19.770563
175,1.9643287658691406,2.6186113357543945,82.07015991210938,1.1769705623937894,6.499865325203654,142.14185643396382,-29.756683,14.101023,-0.5815557,35.65557,-0.037368108,-12.621771,24.575619,-13.603935,-41.799637,5.667152,-4.8490157,15.000033,28.574291,-0.9478614,14.408886,-87.89897,31.71362,-3.0925236,-18.392197,-4.5237546,1.8103027,25.623343,-115.83862,-34.456505,31.565168,50.111435,45.96265,-4.5197124,-20.285093
176,1.4637229442596436,3.045978307723999,82.1867446899414,1.0312374659097407,7.706211146364327,141.33012525306023,-30.153316,14.196521,-0.99488914,35.457867,0.8977867,-12.965528,23.792257,-13.53155,-41.385185,4.5456533,-3.907888,15.000033,28.6489,-1.3609675,15.736333,-99.440674,34.175217,-5.631142,-10.99247,-5.160631,1.8291756,25.668766,-117.24689,-35.064808,29.874714,46.98307,45.45054,-4.962181,-20.811497
177,0.8733392953872681,3.4328439235687256,82.23046875,0.9000062281658616,9.287590490384213,139.99652351413556,-31.036575,14.429568,-1.1029133,35.908424,1.157856,-12.410733,22.39085,-13.945472,-40.81259,3.9895782,-3.253532,15.000033,27.544931,-2.32055,17.52379,-111.6551,37.15928,-10.196601,-1.925519,-6.640599,1.816994,26.583538,-118.184044,-35.847404,28.096462,42.773396,44.288143,-5.2967305,-21.799416
178,0.20577548444271088,3.727414846420288,82.25538635253906,0.5811545764642492,10.631532208010976,138.57352995153872,-31.618559,14.619838,-1.4137579,36.300297,1.2961416,-12.428491,20.820127,-14.596564,-39.92368,4.445481,-3.022515,15.000033,26.053587,-3.666807,19.513115,-123.3129,40.10449,-16.968935,8.432396,-10.465607,1.5602863,27.629505,-119.012596,-36.524563,26.214994,38.42809,42.69747,-5.0468407,-23.310947
179,-0.5182511806488037,3.8899850845336914,82.27344512939453,0.08961304675947529,12.482382522762613,137.10518695716647,-32.36962,14.993343,-1.2871741,35.881504,1.3755196,-12.5869,18.067253,-15.565008,-38.74928,6.253896,-3.0448437,15.000033,24.419043,-5.138464,21.455439,-132.92078,42.417076,-24.86475,17.905119,-13.67722,1.2588366,27.647867,-120.272766,-36.95226,25.28397,36.11605,41.578728,-4.941674,-24.280237
180,-1.285550832748413,3.9056077003479004,82.32630157470703,-0.46612558498091644,13.749443004682002,135.92617545897195,-32.501198,14.907633,-1.7502077,35.10701,1.6681061,-12.982684,17.226526,-15.485237,-38.285046,4.9097576,-2.0395908,15.000033,22.245049,-6.528307,23.408403,-141.84015,44.60727,-34.067795,28.019073,-19.109379,0.85939866,28.060022,-122.38493,-37.091362,25.155878,36.69802,41.69285,-4.1471815,-24.705885
181,-2.1029722690582275,3.7347655296325684,82.42982482910156,-1.6439209965321473,14.384679225547163,135.34968513910076,-32.73183,14.661484,-3.6721358,34.907196,1.5310618,-13.506616,16.61301,-15.092255,-37.904247,5.068394,-1.1106498,15.000033,21.531565,-6.765449,24.654877,-145.58313,45.50126,-41.51836,38.06755,-26.501707,1.2234493,26.0815,-125.454216,-36.945602,28.429949,42.15998,43.519566,-2.8382576,-23.77801
182,-2.912071704864502,3.4307315349578857,82.4448013305664,-2.2991365955682688,15.175574061762633,134.15399324712104,-33.066647,13.988223,-4.99007,35.06496,0.9827867,-14.426957,15.675712,-15.500939,-37.031986,5.0207014,0.5179345,15.000033,20.72298,-6.6493726,26.116173,-147.78296,45.602642,-50.4656,49.16702,-34.67323,2.3512034,22.18219,-128.04779,-36.19782,35.016533,49.214794,48.57044,-1.391724,-22.57366
183,-3.670332670211792,2.998722791671753,82.36578369140625,-4.153906967397647,15.633049215501169,133.1010260968286,-33.653893,14.807684,-6.2559175,35.65949,-0.4699257,-14.858565,15.079264,-14.442521,-35.733067,4.5689316,1.2104843,15.000033,20.20485,-6.7006826,27.26408,-148.23204,44.8743,-61.536373,60.042877,-39.438564,5.038457,14.690017,-129.94829,-34.847878,44.50838,58.84725,52.50392,1.2579201,-18.21945
184,-4.341629981994629,2.5237131118774414,82.30099487304688,-5.935848224055912,16.373956271339093,131.21907902016778,-34.54097,16.561989,-5.459043,36.43305,-1.4924501,-14.798564,13.38601,-14.281303,-33.414288,5.5468388,1.251589,15.000033,18.918598,-7.658528,27.964687,-148.71814,43.59074,-72.00937,67.76459,-40.358368,6.3576245,8.354948,-131.26537,-32.979424,53.43746,66.19819,51.97774,3.3164375,-12.7022705
185,-4.91868782043457,2.0644092559814453,82.39698028564453,-7.419337904114075,16.23747293345239,130.06498377335149,-34.910507,17.54222,-5.6874886,37.491024,-2.4035935,-14.603399,13.396385,-14.016172,-32.740593,5.4445033,2.97227,15.000033,18.01275,-8.417816,28.601505,-149.00706,41.976826,-76.77043,71.88404,-41.752625,6.463303,6.276507,-132.25336,-30.63297,56.162033,70.23522,52.41785,3.5692577,-11.17514
186,-5.399142742156982,1.6812371015548706,82.50153350830078,-8.527472782442985,16.347207133522943,128.87296027091233,-35.079453,17.80979,-6.5292044,37.769245,-2.6830332,-14.983597,13.360694,-14.16744,-33.600475,5.127929,5.022588,15.000033,17.52324,-8.703539,29.17701,-149.41806,40.87539,-77.996,73.98421,-42.842453,6.0813017,6.290601,-133.3974,-28.998085,56.529793,71.93467,52.86292,3.0583687,-11.072998
187,-5.766327381134033,1.3815271854400635,82.6385726928711,-9.487172824816472,16.382731129402746,127.45525454012451,-34.93932,18.53659,-6.5296283,37.702904,-2.8775795,-14.966962,12.868038,-14.471551,-34.208702,5.4975357,6.651159,15.000033,17.008904,-9.017053,29.65653,-149.98155,39.46529,-78.12148,76.00989,-44.56848,5.3216877,7.274334,-134.9105,-26.787722,55.56781,73.37022,53.34979,2.1147027,-11.919239
188,-6.053333759307861,1.1677443981170654,82.76592254638672,-10.51250046439038,16.5637568578048,126.67939750327966,-35.255962,19.836412,-5.9562116,37.7528,-2.979503,-14.515318,12.588415,-14.194824,-35.437782,5.545619,8.587957,15.000033,16.509663,-8.864084,29.793802,-150.36035,38.47008,-77.7048,77.47099,-46.455944,4.4230475,8.816093,-136.3363,-25.110878,53.90999,74.09264,53.634552,0.95369595,-13.593982
189,-6.2468037605285645,1.0021626949310303,82.78109741210938,-11.17643748216574,16.441032498473415,125.65397047921941,-35.06042,20.231543,-6.3971114,37.823647,-3.369373,-14.787128,12.210099,-14.526177,-37.332954,6.123906,9.718716,15.000033,15.950909,-9.003483,29.793802,-150.67746,37.41333,-77.19594,78.90836,-46.935062,3.696085,9.543203,-137.44987,-23.098442,51.709213,74.565735,52.431995,0.09596867,-15.028021
190,-6.379325866699219,0.8656243085861206,82.83796691894531,-12.112684084446169,16.745495976559074,124.66598534841094,-35.89734,21.706585,-5.7160845,38.62521,-3.0983098,-14.431783,11.047202,-14.744244,-39.291782,7.61835,10.453594,15.000033,15.421657,-8.962864,29.793802,-151.07808,36.735603,-77.64735,80.234924,-47.48961,3.2201927,10.081857,-138.76988,-21.585676,51.131878,75.06571,51.39194,-0.78052175,-15.702101
191,-6.447025299072266,0.7176443934440613,82.81809997558594,-13.176553123412203,16.965806424936385,123.44684318837572,-36.717197,22.954634,-5.8950596,39.505283,-3.6530602,-13.980016,7.6457286,-16.856724,-40.829556,15.200908,8.52858,15.000033,14.954189,-8.764397,29.793802,-151.24194,36.264717,-78.43532,81.696014,-48.868263,2.8725197,9.931048,-139.70966,-20.378607,50.477543,75.1094,51.13886,-1.2568449,-16.110449
192,-6.421609878540039,0.5098458528518677,82.67938232421875,-14.029737820140282,16.833288258906613,122.7034686276286,-37.340694,24.149902,-5.841216,40.528606,-4.9603577,-13.64083,6.120899,-18.112501,-42.432674,19.38889,6.6315784,15.000033,14.709143,-8.979813,29.793802,-151.23593,35.994408,-78.712685,82.44996,-48.80365,2.8913863,9.49745,-140.37224,-19.490486,49.92685,76.13437,50.524437,-1.0696574,-16.270008
193,-6.308147430419922,0.25556766986846924,82.5484619140625,-14.43871953565719,16.572246297230926,121.49127307171447,-37.87001,25.273184,-5.0267673,41.964996,-5.5058312,-13.300718,3.7368374,-20.61212,-43.70035,25.498112,5.434575,15.000033,14.611485,-9.17153,29.793802,-151.12715,35.870937,-79.97979,83.675026,-49.305588,2.483658,8.963802,-140.44304,-18.716162,49.356564,75.60767,50.103184,-1.2333868,-16.872393
194,-6.097621917724609,-0.05500252544879913,82.19115447998047,-14.597569364506999,16.362346676220696,120.69090682555611,-38.533936,26.195402,-4.1676664,43.458744,-7.0413694,-13.165626,2.673934,-22.283148,-45.446136,29.00263,3.342617,15.000033,14.648755,-9.397052,29.793802,-151.05322,35.870155,-80.54046,84.13795,-49.11927,2.5641606,8.7763,-140.87619,-18.13574,48.55007,75.71719,49.07209,-1.1070446,-17.62714
195,-5.795815467834473,-0.4166983962059021,81.77412414550781,-14.680432040448265,15.989573842192053,119.91451757474591,-39.55625,27.255077,-3.3169482,45.776043,-8.039232,-12.972701,1.3870032,-24.026173,-46.317814,32.985924,1.1660273,15.000033,14.604043,-9.630791,29.793802,-150.92535,35.934444,-81.169655,84.73472,-49.388065,2.505932,8.700593,-141.17212,-17.655931,48.00581,75.54216,48.637505,-1.0876478,-17.952112
196,-5.4044342041015625,-0.8159652352333069,81.31608581542969,-14.104945841777203,15.691852567415113,119.15200646399215,-40.169594,28.243069,-1.2405673,47.642952,-8.752835,-12.522355,0.38326848,-25.948227,-47.405323,36.077404,0.41720632,15.000033,14.439535,-9.95773,29.793802,-150.8827,36.11905,-81.87636,85.69479,-51.34056,2.3179126,8.752012,-140.74733,-17.255604,46.25991,73.9867,48.36483,-1.4627322,-19.797075
197,-4.949675559997559,-1.2544569969177246,80.83500671386719,-13.543272551929004,15.437071811579049,118.51728813282706,-40.863758,28.538408,-0.32780194,49.30964,-9.560059,-12.467075,-0.25043702,-27.227789,-48.25363,38.200623,-1.1043389,15.000033,14.300613,-10.200913,29.793802,-150.77654,36.425873,-82.14162,86.07319,-52.597443,2.2042637,9.0001,-140.4418,-16.987305,44.77995,72.74316,47.532974,-1.6435088,-21.42022
198,-4.442211151123047,-1.7337312698364258,80.38442993164062,-13.2656493864171,14.966463882137802,118.01500644183959,-41.54693,29.319384,0.5470479,50.993206,-10.468986,-12.502158,-0.55726963,-28.020212,-48.87951,40.175346,-3.0186589,15.000033,14.347672,-10.234081,29.793802,-150.27608,36.825058,-81.940674,85.86305,-52.847347,2.0535433,9.25717,-140.12846,-16.884321,43.486458,71.812836,46.12579,-1.9224476,-22.748678
199,-3.878369092941284,-2.2396485805511475,80.0587387084961,-12.928473323231174,14.619299201210472,117.40805028777531,-42.037815,29.854841,1.273245,51.963367,-11.1201315,-12.116902,-0.7954199,-28.694077,-49.761337,41.60158,-4.5637913,15.000033,14.295479,-10.211841,29.793802,-149.69485,37.338234,-81.625465,85.90866,-53.28329,1.5800167,9.271138,-139.1736,-16.88209,41.843777,69.95244,45.325,-2.2674303,-23.979858
200,-3.2688469886779785,-2.77909779548645,79.71064758300781,-13.280238060887255,13.847616358515856,117.1490996298162,-42.866413,30.900808,0.9663346,53.451187,-12.014278,-12.1495,-0.5241168,-28.520779,-50.57925,42.836365,-6.5631194,15.000033,14.399202,-10.171161,29.793802,-148.71925,37.88667,-81.013626,85.27899,-51.314327,1.1437078,9.180769,-138.3855,-16.910358,41.105766,69.38652,43.86208,-2.0943804,-22.516489
201,-2.5895001888275146,-3.3013124465942383,79.19449615478516,-12.488456101463804,13.360147084887533,116.18134748131446,-43.187557,31.689268,2.4572768,54.997993,-12.714857,-11.661169,-0.5723635,-29.3433,-51.178802,43.406677,-8.183367,15.000033,14.461547,-9.954604,29.793802,-147.81097,38.502926,-81.15275,85.380035,-51.90987,1.0219752,8.8748865,-136.00238,-16.826876,39.60282,65.83069,42.85869,-1.8175834,-25.559414
202,-1.8709938526153564,-3.8198318481445312,78.7326889038086,-12.13902420487985,12.989922702649721,115.76109852533354,-44.01605,32.175423,2.5815246,56.23921,-13.24443,-11.28887,-0.83774,-29.692812,-51.508793,44.611076,-9.773034,15.000033,14.397785,-9.864787,29.793802,-146.86084,39.15228,-80.595695,84.63363,-51.42045,0.8835175,8.432551,-133.85509,-16.720778,38.36423,63.221443,41.59986,-1.8916861,-26.459705
203,-1.104189395904541,-4.329763889312744,78.26839447021484,-11.56665213728812,11.572915802686106,115.56242682543599,-43.79616,32.447277,2.5335987,57.763264,-13.878034,-11.009214,-0.58706313,-30.43724,-51.07869,46.57065,-11.105959,15.000033,14.386712,-9.735319,29.793802,-145.20145,39.93957,-79.50358,83.64125,-51.31065,0.42093974,8.625483,-131.10988,-16.671335,37.191452,59.710762,39.388885,-1.9108584,-27.959051
204,-0.31137609481811523,-4.797081470489502,77.99125671386719,-11.27389624084119,10.56087698145168,115.67605172778227,-43.66974,33.388924,3.1878679,58.347183,-14.231986,-10.589294,-0.1384266,-30.462656,-51.28431,47.50589,-12.2471895,15.000033,14.154855,-9.642816,29.793802,-143.5876,40.886673,-77.78994,81.74574,-49.83456,0.32184452,8.565422,-127.690285,-16.70985,35.17853,55.136765,36.80892,-2.1041338,-29.415506
205,0.520488440990448,-5.202747344970703,77.67743682861328,-10.490748948111788,9.522537610761189,115.39534032142588,-43.00005,33.99138,4.2550206,58.81459,-14.454574,-10.079491,-0.5514397,-30.836256,-50.025135,48.70521,-13.496156,15.000033,13.792762,-9.567097,29.793802,-141.5998,41.996746,-75.38375,79.475006,-48.50716,0.36669132,9.269917,-123.02076,-16.82609,34.001472,48.633965,33.662804,-1.6070671,-30.336044
206,1.3465218544006348,-5.521485805511475,77.523681640625,-10.000793597894862,8.714785398526448,115.34762884824659,-42.448017,34.751163,5.1849904,58.740158,-14.292942,-9.741225,-0.6140199,-31.228823,-49.979076,50.091686,-14.101656,15.000033,13.552071,-9.479878,29.793802,-138.85255,43.200676,-72.62942,75.937584,-46.854,0.6145069,10.303921,-117.52348,-16.913763,33.521202,41.731262,30.866203,-1.4184023,-30.898893
207,2.1668944358825684,-5.73921012878418,77.14031982421875,-9.278436427037155,6.495900161129838,115.5341631004823,-40.900208,35.16419,5.416792,59.88694,-14.377154,-9.918281,0.3417494,-32.686264,-49.51766,53.425716,-15.725098,15.000033,13.3171,-9.281258,29.793802,-134.76352,44.492477,-69.2996,70.8344,-41.22106,0.3131407,11.003348,-111.116264,-17.067314,34.07768,34.65088,27.045761,-1.76339,-28.918015
208,2.973189115524292,-5.794396877288818,76.79083251953125,-8.777939624149539,5.16724519362743,115.38260430256862,-39.89429,36.519825,6.5179267,60.657276,-14.319271,-10.027155,0.21901608,-33.135944,-48.48818,55.571983,-16.864157,15.000033,13.001276,-9.062611,28.055157,-128.87155,45.899605,-66.19951,64.39705,-36.47418,0.05128215,12.00928,-102.36643,-17.208769,34.416756,26.974894,24.047293,-1.6357722,-28.391022
209,3.7367560863494873,-5.6634111404418945,76.53772735595703,-8.551958415921908,3.721348892639347,115.46988082838685,-38.541466,38.51732,7.963743,61.17948,-14.538918,-9.85086,0.14166635,-33.35786,-47.26628,58.12079,-17.528513,15.000033,12.521403,-8.755257,26.153925,-121.82901,47.385895,-63.19769,57.914215,-31.88133,0.07898173,12.527253,-92.466515,-17.411242,35.015,18.790594,21.07997,-2.2421324,-27.0785
210,4.463286876678467,-5.3114399909973145,76.3563003540039,-7.8256080417886045,2.8740669038924156,115.23839621143567,-36.684895,39.989407,10.16878,60.89761,-14.440326,-10.178235,-0.5225627,-33.184414,-45.252853,59.237545,-17.9413,15.000033,12.018423,-8.221133,23.877129,-114.04023,48.95129,-59.788483,50.9253,-27.460253,0.44745767,13.020883,-81.19476,-17.717072,35.895775,9.933075,17.86819,-2.5078585,-25.709406
211,5.121092319488525,-4.742303371429443,76.2990951538086,-6.880093387030444,2.403460952814333,114.7105743011727,-34.403004,41.06469,12.666469,60.089863,-14.438295,-10.380682,-0.8727493,-33.24006,-43.96641,59.630833,-18.470379,15.000033,11.528016,-7.693867,21.457048,-104.419586,50.57498,-55.996395,41.27373,-20.993643,1.1806424,14.728783,-69.41359,-18.33751,37.681374,1.4943976,15.123959,-3.1500735,-24.48813
212,5.696520805358887,-3.9864730834960938,76.16722106933594,-5.634452990851203,2.0640729370421136,113.84574035188115,-31.949131,41.777145,15.168881,59.67178,-14.273373,-10.447886,-1.0665116,-34.10229,-43.031948,60.37941,-19.282211,15.000033,10.706053,-6.943038,19.273008,-94.32687,52.274868,-51.61685,31.689924,-16.390661,1.28557,15.801345,-59.602932,-19.465683,39.771862,-4.790038,11.998524,-3.6185064,-21.92227
213,6.206192493438721,-3.1093430519104004,76.10694122314453,-4.853766425250018,2.1104767736790686,113.18057583783606,-29.884073,42.770596,17.469856,58.927387,-14.272868,-10.683851,-1.8536196,-33.98852,-41.55339,60.966984,-19.635216,15.000033,9.892042,-5.953753,17.30228,-83.78361,53.983696,-46.170967,21.870955,-11.960177,1.4608837,15.175211,-50.40669,-21.00929,40.858757,-10.2052,9.255151,-5.0223565,-18.757172
214,6.636648654937744,-2.1530027389526367,75.99327850341797,-3.449296231347216,2.3978789568313243,112.33515848407256,-27.75171,42.86299,19.878239,58.47597,-13.91222,-10.423376,-2.114731,-34.9211,-40.860813,61.060802,-21.029589,15.000033,8.505445,-4.9095907,15.447479,-71.14734,55.626675,-39.742992,10.228041,-7.5228834,1.1874255,15.464194,-42.570156,-23.295158,42.51595,-14.54308,5.994262,-6.881505,-16.543142
215,7.00450325012207,-1.1981778144836426,75.8737564086914,-2.037499162485337,3.0847466769560645,111.56548693853715,-25.843737,42.230404,21.895676,57.32606,-13.759469,-10.859249,-2.8940809,-36.307842,-40.321312,61.85064,-21.807302,15.000033,6.362008,-3.8417025,13.731124,-56.169785,56.967556,-31.878336,-2.594804,-3.4688632,1.19595,15.430105,-35.47638,-26.392632,43.27879,-17.959173,2.9077377,-7.8626,-12.75177
216,7.327953815460205,-0.30227014422416687,75.67771911621094,-0.35185241542336465,3.773478741214446,110.16140498085616,-23.623158,41.697628,24.583994,56.809673,-14.331703,-10.520862,-3.6786304,-37.96964,-39.604565,62.056843,-22.70407,15.000033,4.063866,-3.020665,12.747963,-39.610573,57.77678,-23.258501,-16.748344,-1.4228365,0.2385691,14.64093,-29.568455,-30.405914,44.40394,-21.137436,0.8916344,-9.710098,-9.416216
217,7.6073102951049805,0.48791706562042236,75.62268829345703,1.251289140350862,4.18123256953164,108.97049375057654,-21.615128,40.194115,25.959345,55.81617,-14.312638,-10.583636,-4.467817,-39.76203,-38.51776,62.649456,-24.002071,15.000033,1.000162,-2.6667633,12.70022,-22.88968,57.471462,-14.510754,-29.270842,-0.0023272217,-1.4549011,12.923324,-24.671347,-35.136204,43.894848,-23.795347,0.3730315,-12.130227,-5.995091
218,7.8775787353515625,1.1474288702011108,75.57231903076172,3.1846973686682487,4.28144831996552,107.7875411876632,-19.424734,37.942295,27.075354,54.636944,-14.549066,-10.713779,-5.2589703,-41.889256,-36.996788,63.245136,-24.77035,15.000033,-1.31073,-2.4833117,13.038214,-10.598533,56.000515,-8.611435,-38.73386,0.91554165,-2.299432,10.994696,-20.138971,-40.40167,41.802822,-26.94878,0.31397676,-14.506536,-2.859526
219,8.131244659423828,1.680464506149292,75.6255874633789,4.358556754382227,4.516914282493709,106.28824758254018,-17.664158,36.531834,27.88026,53.539173,-14.8478365,-10.365321,-6.6955442,-42.723904,-34.832523,63.431664,-25.342749,15.000033,-2.2584724,-1.8491884,13.697243,-2.822457,53.50743,-6.4153743,-44.882282,1.0180966,-3.5110905,10.854908,-14.151789,-45.8152,38.48585,-31.265982,1.5373361,-16.805754,-1.4787203
220,8.381247520446777,2.11057186126709,75.7499008178711,5.773462945261968,4.573427376742602,105.02502767195084,-15.746584,34.98232,29.228851,52.398724,-14.644951,-10.214557,-7.77196,-43.87463,-32.88949,63.41404,-25.479454,15.000033,-2.4375446,-0.8323781,14.581059,1.3662263,50.429924,-7.0675864,-49.083103,1.7746402,-3.9966145,10.8303995,-5.3202677,-50.90203,32.016216,-37.36329,2.863331,-18.054024,-0.5629964
221,8.625103950500488,2.463193655014038,76.01866912841797,6.847037442992562,4.480594174640755,104.17413047873035,-14.143842,32.9945,29.424856,50.414894,-14.030275,-10.528548,-8.250565,-44.77062,-31.797195,63.235806,-25.142073,15.000033,-2.0338397,0.96138793,15.693772,1.9434017,47.44345,-9.384138,-51.15682,1.6184095,-4.572058,10.05569,4.8063383,-55.37983,24.523422,-44.427723,3.8827953,-19.152082,-1.2333273
222,8.87576675415039,2.7752721309661865,76.23041534423828,7.688117311485984,4.493077272874866,102.95922279082933,-12.501076,31.621483,30.023554,48.738434,-13.669329,-10.569037,-9.142044,-45.18117,-30.324902,62.96885,-24.823685,15.000033,-1.5009537,3.1582916,16.456139,2.0719457,44.48778,-12.015842,-51.949963,1.6875548,-4.893376,9.97698,14.137472,-58.93704,16.859138,-50.778114,5.1772065,-19.9941,-2.175266
223,9.120298385620117,3.08477520942688,76.39494323730469,8.304356114130785,4.490065873762838,102.03378939148864,-11.403173,30.595463,30.187685,47.61235,-13.125705,-10.729482,-9.587628,-45.453655,-29.396778,62.700176,-24.673708,15.000033,-1.3288282,5.2092843,17.077927,1.449921,41.492996,-13.524195,-52.03399,1.6630899,-5.260034,10.141672,21.69921,-61.360825,10.677662,-55.776352,6.1850123,-20.934515,-3.743171
224,9.364418983459473,3.422969102859497,76.5392074584961,8.71749738694859,4.782344028009035,101.55177992896357,-10.626136,29.805902,30.433628,46.115658,-11.964745,-10.955417,-9.788495,-45.671364,-29.342167,62.41466,-24.660118,15.000033,-1.44505,7.0568953,17.388464,0.41279837,38.76756,-14.387084,-51.374878,1.747719,-5.462379,9.675031,25.667751,-62.952465,6.693462,-58.563137,7.002779,-21.438416,-4.4892654
225,9.610923767089844,3.8008337020874023,76.67923736572266,9.020830725337987,4.832694355107209,101.05158697014025,-9.339435,29.043318,30.798824,44.154675,-10.830303,-11.4417305,-9.906939,-45.59866,-28.8689,62.279587,-24.670355,15.000033,-1.6112534,8.698441,17.605492,-1.0697044,36.639977,-15.752673,-50.109352,1.582579,-5.529883,10.30344,27.531643,-63.951706,5.242135,-60.000134,8.2352085,-21.809961,-5.7720423
226,9.858386039733887,4.238309383392334,76.78925323486328,9.114256469237437,5.037974863818597,101.07209922689269,-8.4926195,28.70839,31.162594,42.371624,-9.51438,-11.511658,-9.497283,-45.451466,-29.286535,62.067722,-24.81904,15.000033,-2.2335634,9.963398,17.748251,-2.2993424,34.97292,-16.546032,-48.835026,1.7274435,-5.7351747,10.339859,27.518656,-64.36975,5.381866,-60.000134,9.096146,-22.699741,-6.844931
227,10.12411117553711,4.735358238220215,76.87086486816406,9.625872525272218,5.609502678777121,101.03171097634008,-7.713169,27.577085,31.428806,39.91284,-8.400338,-11.817248,-9.759771,-45.41265,-28.923086,61.670567,-25.149,15.000033,-2.7745235,10.706424,17.856949,-3.4303653,33.775238,-16.874567,-47.66917,1.4517776,-5.75591,10.202851,27.011929,-64.47783,5.424371,-60.000134,10.395027,-22.143778,-6.5399785
228,10.396403312683105,5.2739715576171875,76.94554901123047,9.881800125443355,6.182833009657822,100.96742150678219,-7.006911,26.556622,31.178835,37.33199,-6.840608,-12.148446,-9.505447,-45.379715,-29.453041,61.16868,-25.295464,15.000033,-2.9979036,11.468266,17.83563,-4.63362,33.072098,-17.578411,-46.49303,2.390542,-5.2576275,10.52263,26.886814,-64.49898,5.7972307,-60.000134,10.681251,-22.196058,-7.4279227
229,10.685107231140137,5.832263469696045,76.95817565917969,9.999389386265074,6.79222882077271,100.788292298174,-6.139941,26.330807,31.972815,35.309273,-5.924766,-11.9779625,-9.515146,-45.07211,-29.640444,60.861954,-25.298658,15.000033,-3.1326542,12.087158,17.782463,-5.2924247,32.665222,-17.572649,-45.399174,2.5464768,-4.872696,10.630599,26.17343,-64.42544,6.214969,-60.000134,10.709094,-21.401781,-7.007821
230,10.983621597290039,6.385941982269287,77.09021759033203,10.137884684806053,7.268874117248369,101.03677773034006,-5.333623,25.4422,31.74736,32.32763,-4.0417895,-12.33167,-8.97538,-44.829334,-30.456614,60.35731,-25.2892,15.000033,-3.2068853,12.506739,17.699804,-5.987323,32.47891,-17.599428,-44.39639,2.2932262,-4.4846816,10.60805,26.021585,-64.3802,6.6899395,-60.000134,10.392449,-20.830158,-7.1434135
231,11.292765617370605,6.907141208648682,77.1732177734375,10.245543393615508,7.448890537762086,100.8030724740187,-4.603901,25.18113,31.757267,31.03428,-2.9773197,-12.527009,-8.407255,-44.620003,-31.004005,59.95548,-25.42135,15.000033,-3.151296,12.873397,17.63834,-6.340263,32.445366,-17.623106,-43.43799,2.0894263,-4.3656716,11.052426,25.44126,-64.31052,7.599175,-60.000134,10.056309,-20.128578,-7.436477
232,11.59408950805664,7.3948845863342285,77.21955871582031,10.680462662225851,7.815086974064508,100.77350194495385,-3.9047992,24.443703,31.960817,29.222355,-1.9473995,-12.451888,-8.205181,-44.66517,-31.138124,59.595554,-25.648956,15.000033,-3.324085,13.035485,17.545748,-6.0030546,32.578457,-17.533897,-42.927406,2.1446242,-4.191307,11.831454,24.907848,-64.152115,8.2224865,-60.000134,10.128637,-19.33134,-7.3410444
233,11.876811027526855,7.821924209594727,77.3830337524414,10.983482907174631,7.614158503330629,100.73403152347684,-3.3349512,23.933826,31.432337,28.480087,-1.2015408,-12.56153,-7.521823,-44.7157,-31.375708,59.445354,-25.734758,15.000033,-3.2264025,13.142312,17.592936,-6.3042974,32.75292,-17.629398,-42.2244,1.8790659,-4.1227536,12.236088,24.728289,-64.0429,8.987844,-60.000134,10.0520935,-18.966898,-7.5555797
234,12.126723289489746,8.199748992919922,77.3576431274414,11.086233034695844,7.920467739374087,100.57422438137793,-2.8264794,23.641735,31.409142,27.195784,-0.7159832,-12.641121,-7.4142613,-44.48333,-31.494148,59.244476,-25.8243,15.000033,-3.266559,13.219498,17.479929,-5.9743476,33.01789,-17.537691,-42.238754,2.1952467,-3.8087354,12.851891,24.06218,-63.85932,9.926677,-60.000134,9.884531,-18.265625,-7.385268
235,12.33725357055664,8.516814231872559,77.35497283935547,10.921503135123064,7.984749180322438,100.6325730590383,-2.2583349,23.613916,31.192684,25.88414,0.029079849,-12.496038,-6.913211,-44.083294,-31.966818,59.15949,-25.918589,15.000033,-3.2963636,13.288336,17.511066,-5.7408504,33.22538,-17.218445,-42.23286,1.5910983,-3.6872523,12.318629,24.0413,-63.69608,10.3155365,-60.000134,9.665856,-18.012934,-7.3585696
236,12.51620101928711,8.774748802185059,77.3853530883789,10.919393676191293,8.021571283558359,100.59973887963119,-1.6001135,23.220467,30.859203,24.346376,0.84684,-12.47175,-6.575732,-43.84711,-32.17079,58.98979,-25.987673,15.000033,-3.189156,13.350574,17.4733,-5.795876,33.456676,-17.389345,-41.880417,1.3858895,-3.601506,12.745135,24.038969,-63.61982,10.774286,-60.000134,10.027682,-18.497381,-8.072126
237,12.664172172546387,8.97430419921875,77.42565155029297,10.988577236255342,8.207591477128636,100.56580418562775,-0.9912334,22.545954,30.42368,22.38484,1.5990027,-12.782956,-6.194319,-43.811832,-32.779102,58.58973,-25.944523,15.000033,-3.2819357,13.36844,17.427578,-5.462645,33.66706,-17.322794,-41.734844,1.125196,-3.7318082,13.331065,23.895636,-63.401638,11.042671,-60.000134,9.922443,-17.964584,-7.6614046
238,12.783326148986816,9.111990928649902,77.4207763671875,11.101560292161002,8.214258432794923,100.71601235386373,-0.4826351,22.05607,30.126608,20.93898,2.0126822,-12.882688,-6.1603537,-43.872566,-32.76315,58.874443,-26.082436,14.972848,-3.2641022,13.228042,17.459587,-5.4919014,33.84421,-17.30347,-41.625774,1.1380424,-3.9160986,13.853589,24.026646,-63.214184,11.163309,-60.000134,9.876496,-18.191734,-7.734552
239,12.882489204406738,9.188218116760254,77.3883056640625,11.180903813411797,8.271032149885132,100.60041553943799,-0.3441657,21.762503,29.655437,20.444685,2.167684,-12.897235,-6.169926,-44.038364,-32.901897,59.054794,-26.213348,14.747858,-3.0872326,13.178112,17.447968,-5.561521,34.0045,-17.29838,-41.4081,1.3094746,-3.8459601,14.104206,23.789085,-63.087795,11.567404,-60.000134,9.564391,-18.06587,-8.059209
240,12.959785461425781,9.205141067504883,77.34300231933594,11.168068687542833,8.275470680911791,100.44350782920064,-0.2528363,21.701565,29.378452,20.27956,2.2128737,-12.786685,-6.267691,-44.127132,-32.934956,59.327305,-26.29986,14.689267,-2.8507075,13.08316,17.48349,-5.754572,34.11128,-17.270992,-41.248405,1.2787611,-3.7628183,14.531619,23.624384,-63.103935,11.84314,-60.000134,9.233877,-17.959736,-8.383119
241,13.014891624450684,9.169320106506348,77.31796264648438,11.129618810266493,8.225864322557776,100.39343884698326,-0.309499,21.690763,28.993567,20.307352,2.1961634,-12.740266,-6.208526,-44.27433,-33.214695,59.582066,-26.409206,14.553838,-2.7083542,13.054595,17.598526,-5.9813323,34.18606,-17.346125,-41.154892,1.1620611,-3.6592689,14.581348,23.690645,-63.17607,11.957792,-60.000134,8.807819,-18.028221,-8.835891
242,13.049229621887207,9.087787628173828,77.32514953613281,11.031308206144123,8.004789484360467,100.3707295397625,-0.48354536,21.701044,28.179483,20.670404,2.204446,-12.80656,-6.0670357,-44.418346,-33.475895,59.965145,-26.53892,14.386616,-2.5535016,12.988667,17.82583,-6.265199,34.174263,-17.388918,-41.125084,1.2073599,-3.662038,14.884113,24.0595,-63.28777,11.774433,-60.000134,8.807298,-18.275213,-9.117129
243,13.0658540725708,8.977570533752441,77.31144714355469,11.120922878696984,7.923147464531911,100.39872030751978,-0.7974869,21.573364,27.66633,21.082125,1.9796036,-12.756167,-6.1212454,-44.700333,-33.56392,60.239937,-26.655794,14.237619,-2.4939814,12.936285,18.02066,-6.4425197,34.172787,-17.3974,-41.192577,1.3228425,-3.7365615,14.8967085,24.09418,-63.299225,11.671512,-60.000134,9.095514,-18.613903,-9.147563
244,13.063547134399414,8.848379135131836,77.32222747802734,11.159043568028492,7.870562834765458,100.35970716659833,-1.1112021,21.526695,27.316988,21.547121,1.8527834,-12.619669,-6.3164754,-44.80426,-33.41795,60.37225,-26.615046,14.183044,-2.3667762,12.917352,18.226366,-6.539871,34.140747,-17.336252,-41.33637,1.3844289,-3.69966,15.018021,24.12316,-63.298912,11.622391,-60.000134,9.07731,-18.919865,-9.274844
245,13.041535377502441,8.708982467651367,77.34147644042969,11.188889468128668,7.752785034951468,100.38665969120812,-1.4390671,21.494633,26.956095,22.088572,1.5387408,-12.641447,-6.373227,-44.997658,-33.440174,60.559437,-26.589838,14.050524,-2.3714113,12.897407,18.531244,-6.5872216,34.06324,-17.243902,-41.615284,1.5049423,-3.7799034,14.932208,24.244585,-63.236477,11.3741255,-60.000134,9.195887,-19.176441,-9.049406
246,13.000273704528809,8.569528579711914,77.33525085449219,11.12572381077881,7.71870278612962,100.506755455464,-1.7203056,21.538122,26.73871,22.312193,1.3861028,-12.669317,-6.3675804,-45.10697,-33.663868,60.688522,-26.548708,13.995782,-2.3320312,12.913173,18.706688,-6.633777,33.937946,-17.108377,-41.965538,1.4259789,-3.788572,14.868295,24.614742,-63.16796,11.054524,-60.000134,9.361631,-19.27957,-8.92946
247,12.946012496948242,8.432034492492676,77.34056091308594,11.148712035155068,7.629496024281385,100.50191123061042,-2.0615785,21.555473,26.522133,22.970837,1.2047019,-12.54051,-6.502912,-45.274242,-33.56955,60.844463,-26.47354,14.01349,-2.1736002,12.932144,18.875383,-6.7411165,33.820934,-17.02569,-42.11413,1.35858,-3.7653024,14.798362,24.87057,-63.128532,10.907409,-60.000134,9.252229,-19.377256,-9.009285
248,12.87647819519043,8.300044059753418,77.3167724609375,11.13943638603535,7.67997384648552,100.56252900890092,-2.3317785,21.493319,26.362963,23.117815,1.1485138,-12.512589,-6.752543,-45.34807,-33.438705,60.950638,-26.347292,13.983933,-2.0796206,12.967049,18.963465,-6.7089553,33.699627,-16.901165,-42.41056,1.6434987,-3.6857672,14.839688,25.080496,-63.096794,10.75183,-60.000134,9.1207905,-19.533764,-9.012961
249,12.796502113342285,8.169069290161133,77.3164291381836,11.156645694015436,7.7004664255250646,100.58241738497222,-2.6125333,21.402143,26.182913,23.388214,0.93794405,-12.46695,-6.951484,-45.48199,-33.353313,61.00758,-26.22899,13.94085,-1.9866157,12.983075,19.089342,-6.682189,33.60634,-16.842999,-42.651695,1.9101635,-3.6076417,14.727709,25.334517,-63.081467,10.548542,-60.000134,9.065577,-19.648777,-8.982416
250,12.705859184265137,8.035614967346191,77.33586883544922,11.06847934071668,7.648526544428248,100.72080109394568,-2.7432573,21.335033,25.947227,23.291485,0.78074545,-12.448855,-7.1272297,-45.413475,-33.14878,61.10959,-26.050491,13.8797455,-2.042113,13.008902,19.269405,-6.724945,33.535355,-16.815798,-42.970654,2.1688993,-3.5256367,14.50122,25.895304,-63.041405,9.992255,-60.000134,9.32097,-19.901438,-8.646049
251,12.612637519836426,7.902141094207764,77.34227752685547,11.051011686345815,7.766830997260933,100.6741298475128,-3.0577414,21.331152,25.953104,23.592226,0.28294805,-12.156667,-7.4559774,-45.440872,-32.962227,61.032135,-25.855936,13.800313,-1.9130236,13.086036,19.379606,-6.565948,33.458977,-16.600796,-43.318886,2.2229521,-3.3835216,13.949247,25.956282,-62.99917,9.770522,-60.000134,9.419532,-20.02695,-8.539559
252,12.514646530151367,7.7616496086120605,77.38227081298828,10.911738282085517,7.713733133383323,100.84308517133006,-3.4094093,21.203884,25.211283,23.690327,0.09806232,-12.295058,-7.3942404,-45.416416,-33.158783,61.008846,-25.693335,13.705698,-1.9177796,13.104284,19.584476,-6.6749234,33.35831,-16.369698,-43.796455,2.3123088,-3.1714826,12.612742,26.612764,-63.000195,9.094955,-60.000134,9.628607,-20.381302,-7.995484
253,12.42219352722168,7.616604328155518,77.48054504394531,10.904005125568267,7.507953813650326,100.79417169421816,-3.5667443,21.006464,24.730433,24.049097,0.025508763,-12.348329,-7.328094,-45.515926,-33.12875,60.883625,-25.538939,13.674978,-1.7521416,13.229728,19.730804,-6.904284,33.27762,-16.393326,-43.607113,2.3849568,-3.1288183,12.848177,27.013927,-63.00009,8.8342705,-60.000134,9.569553,-20.35388,-8.148002
254,12.332756996154785,7.4741973876953125,77.52288818359375,10.932391074712447,7.512498819944944,100.70024439691011,-3.7226322,20.83536,24.622969,24.198658,0.10662653,-12.408663,-7.3872223,-45.608868,-33.13813,60.594257,-25.409163,13.696454,-1.6115053,13.395871,19.73693,-7.1309323,33.271385,-16.248161,-43.513668,2.5650854,-3.2545419,12.65004,26.937862,-62.98034,8.91523,-60.000134,9.383542,-20.540392,-8.234975
255,12.245870590209961,7.335580825805664,77.54755401611328,11.034550186720267,7.60167985327147,100.83405685189783,-4.0002084,20.610992,24.58319,24.208063,-0.02675525,-12.479573,-7.589401,-45.722736,-33.02348,60.44202,-25.33023,13.603048,-1.613951,13.4162445,19.721972,-7.3477106,33.36299,-16.032507,-43.768074,3.03623,-3.151521,12.778191,26.935856,-62.934875,8.952175,-60.000134,9.294521,-20.602022,-8.150585
256,12.158553123474121,7.196745872497559,77.6666488647461,11.006847805218106,7.397727450237646,101.02427996257138,-4.1046524,20.413857,24.170269,24.189037,-0.026361022,-12.56382,-7.4451714,-45.53587,-32.868435,60.115437,-25.103203,13.714159,-1.4806473,13.498144,19.81426,-7.9876018,33.487976,-16.091906,-43.8074,3.33095,-2.8939304,12.296897,27.570942,-62.973076,8.679572,-60.000134,8.96725,-20.97726,-8.164728
257,12.068052291870117,7.069754600524902,77.74368286132812,11.007308659217074,7.3641399608226745,101.20853329889971,-4.158305,20.222237,24.098064,23.886452,0.029347807,-12.729949,-7.376335,-45.345585,-32.753246,59.656063,-24.942684,13.740118,-1.400601,13.63203,19.714863,-8.425246,33.693607,-16.014914,-43.865677,3.2105985,-2.814376,12.622627,27.788391,-62.949287,8.559026,-60.000134,9.024419,-20.801254,-7.9492254
258,11.96960735321045,6.954888820648193,77.86689758300781,10.872409660718908,7.210719527338882,101.34560736726726,-4.1258364,20.161919,23.918077,23.67378,0.17205785,-12.882657,-7.102705,-44.927994,-32.673897,59.017586,-24.753637,13.799556,-1.3420633,13.76909,19.665024,-8.829041,33.91813,-15.923352,-43.9003,3.2097368,-2.701042,12.642759,28.027292,-62.90986,8.499604,-60.000134,9.082266,-20.818735,-7.709292
259,11.85976505279541,6.8605170249938965,78.037109375,10.736141606206422,7.043750692044312,101.36354445616576,-4.022059,19.99424,23.57023,23.408764,0.2703811,-13.10222,-6.7728176,-44.362766,-32.483997,58.050854,-24.544256,13.975443,-1.2639254,13.889819,19.515196,-8.948143,34.295807,-15.896928,-43.84056,3.2212067,-2.7445655,12.574375,27.90467,-62.783825,8.781322,-60.000134,9.311635,-20.82792,-7.286336
260,11.732874870300293,6.793632507324219,78.23701477050781,10.692998517246528,6.894319463465055,101.4451597153521,-3.8444178,19.764954,23.479343,23.03593,0.3669853,-13.206973,-6.372887,-44.11467,-32.553246,57.244263,-24.262682,13.737925,-1.2357788,13.893253,19.262308,-8.785997,34.779358,-15.646729,-43.748974,3.488722,-2.6945813,12.02677,27.57292,-62.58613,9.512533,-60.000134,8.889768,-20.452057,-6.9172792
261,11.578384399414062,6.753472328186035,78.5356674194336,10.511987319130599,6.701547752413529,101.57309726658774,-3.630162,19.539139,23.11487,22.487183,0.72842306,-13.431598,-5.5216727,-43.45334,-32.891903,55.685143,-23.77404,13.907134,-1.1644919,13.892845,19.074722,-7.9091616,35.320335,-15.406179,-43.940704,3.8600154,-2.7735918,11.110093,27.11529,-62.353676,9.928245,-60.000134,9.253525,-20.694391,-5.86525
262,11.389655113220215,6.737387180328369,78.77128601074219,10.338302654395228,6.676624515322567,101.20954754678745,-3.273291,19.319649,23.051378,22.023518,0.78088176,-13.488834,-4.9874744,-43.01466,-33.17472,54.189537,-23.36307,13.986789,-1.0466034,13.717891,18.64643,-6.4304914,35.94266,-15.359798,-43.605434,4.4507365,-2.5646975,11.195616,25.727125,-61.99917,11.229484,-60.000134,8.6480875,-19.544346,-5.023413
263,11.157761573791504,6.734094142913818,79.02971649169922,10.125208969869147,6.7712112044808155,100.74559150227583,-2.7705507,19.074047,23.245098,21.193947,0.97794664,-13.691783,-4.5104885,-42.317184,-33.25497,52.198914,-22.760439,14.111063,-1.0390667,13.405861,18.40388,-4.061657,36.520226,-15.449554,-43.21674,5.2178087,-2.5316072,10.89847,24.294191,-61.638348,12.110147,-60.000134,8.316548,-19.452442,-4.7273316
264,10.878805160522461,6.7227959632873535,79.41947174072266,9.721267475629666,6.655897187769163,100.05138768998067,-2.03238,19.160048,23.876247,20.675455,1.1726527,-13.503635,-3.6226861,-41.428413,-33.636326,49.74836,-21.723402,14.189608,-0.8834413,13.019579,18.070292,-0.9496229,36.973583,-15.850254,-42.08597,5.773946,-2.1338372,11.28329,22.831717,-61.296547,13.316307,-60.000134,7.984904,-19.068703,-4.0764008
265,10.54907512664795,6.684206485748291,79.83238220214844,8.943178350081848,6.248101988207706,99.10696526455007,-0.6955585,19.174284,23.805698,19.347713,1.7003475,-13.901202,-1.9053676,-40.2522,-34.890377,46.675224,-20.590857,14.328856,-0.5535339,12.454552,17.48436,3.0715246,37.177162,-16.526375,-40.26045,7.0866838,-1.1324676,11.905887,21.182276,-60.895134,15.047041,-60.000134,7.0181804,-17.969015,-4.0650187
266,10.187593460083008,6.6117448806762695,80.3758544921875,8.32111028992433,5.635048953523199,98.10964676939788,0.7296459,18.880516,23.537893,18.072954,2.5737755,-14.172337,-0.025185095,-38.858902,-35.66316,42.879623,-18.743202,14.654993,-0.17223601,11.65702,16.900848,6.9785686,37.052452,-17.385029,-36.155212,7.412062,-0.56532913,12.36099,19.537622,-60.471035,16.480135,-60.000134,6.1179667,-16.761806,-2.7599707
267,9.80344009399414,6.510489463806152,80.95753479003906,7.780477334308029,5.221684912122829,97.13413148603301,2.337494,18.686687,24.45676,16.266542,3.119635,-14.193116,1.7709796,-37.433887,-36.544056,38.586582,-16.758797,14.747074,0.20232216,10.85049,16.03424,10.537351,36.620686,-18.529163,-30.29403,7.4285874,0.80145574,12.273337,18.32629,-60.0396,17.3497,-60.000134,5.6457386,-15.524517,-2.6145747
268,9.401908874511719,6.377251625061035,81.42221069335938,6.654394443970207,4.558870624299202,96.11610892144212,4.550663,19.071344,25.698298,13.782459,4.2672434,-14.460408,4.1424274,-35.269398,-37.878185,33.824017,-14.341788,14.89923,0.44406122,9.885901,15.006498,12.960939,35.82654,-20.15814,-20.877684,7.1319256,2.0343273,13.5968075,16.802141,-59.53787,16.883455,-60.000134,7.008388,-14.710227,-2.0943744
269,9.014015197753906,6.228350639343262,81.92159271240234,6.026551767475002,3.6175566381200763,95.48471029169708,6.3539104,19.274708,27.14761,12.523296,4.6540213,-14.48975,6.529038,-33.392426,-38.289356,29.148603,-12.24469,14.766925,0.8343361,8.82996,13.88543,13.477174,34.767418,-22.72468,-8.876143,6.718713,2.9851005,13.688923,15.451989,-58.975636,16.53135,-60.000107,8.701554,-14.643676,-1.8792688
270,8.635109901428223,6.075502395629883,82.38495635986328,5.285562108317413,2.5700961298158185,95.0439789761279,8.482489,19.500835,28.73052,10.629709,5.722548,-14.381388,8.955542,-31.2347,-38.282017,24.453241,-9.831579,14.549441,1.182297,7.612401,12.697976,12.946358,33.383774,-25.197124,4.637102,6.662336,4.2845926,13.327972,13.571659,-58.255856,15.752836,-59.793278,10.545158,-15.562608,-2.2417054
271,8.268987655639648,5.9320526123046875,82.68043518066406,4.660928033126058,2.397703095426734,94.23880012184331,10.601816,19.049511,30.415247,6.9892397,7.2773986,-14.658007,10.931682,-28.811235,-38.29523,18.126255,-7.115843,14.473776,1.4520763,6.31374,11.289018,12.273387,31.786886,-26.814825,18.60885,3.9938521,5.007732,13.493511,12.484399,-57.425156,15.456149,-60.000134,13.558441,-15.078105,-3.0947685
272,7.919899940490723,5.779915809631348,82.90599060058594,4.45370939506821,2.37904624316694,93.38589876019238,11.044106,18.763596,31.030983,6.615724,6.8870425,-14.840537,13.404451,-26.508518,-38.67479,10.220014,-3.3928413,14.703533,1.6218376,4.8154497,9.560742,11.493946,30.080254,-27.525692,32.005306,0.71513635,5.876902,13.333792,10.857698,-56.35639,15.226578,-60.000134,15.890593,-14.19142,-2.6317708
273,7.575473785400391,5.616529941558838,82.94437408447266,4.092513133677988,1.885246324754559,92.6244782366879,11.90565,18.81692,31.708717,6.516046,5.9933834,-14.72293,14.409836,-25.574242,-37.979244,7.413853,-1.8504345,14.7843685,1.8682323,3.2391987,8.112392,10.288074,28.623281,-27.090546,41.99178,-2.277314,6.2760077,13.417447,9.489971,-55.624756,14.669995,-60.000134,17.628157,-13.461157,-1.633771
274,7.227536201477051,5.437850475311279,82.9129638671875,3.48922275015381,1.5083759447452398,92.23799096166947,12.568869,19.301699,32.657047,6.434948,4.741809,-14.493322,14.446655,-25.067617,-37.119724,7.125402,-1.4484837,14.740661,1.8210037,1.8604453,6.6646304,9.742978,27.606348,-26.201189,49.64399,-5.0816655,6.2404714,14.186131,8.973766,-55.264603,13.083287,-60.000134,21.27715,-12.945378,0.1004708
275,6.889542102813721,5.237307548522949,82.87162017822266,3.0368273362739013,1.1956009000407508,91.82076498991253,12.980873,19.475597,32.746925,6.4119534,3.5748153,-14.313828,14.396399,-24.80075,-36.470005,6.920611,-1.238782,14.771221,1.8423301,0.5652566,5.595737,9.500255,26.953835,-25.392967,54.659378,-7.554292,6.4575486,14.414381,8.332247,-55.218445,11.214107,-60.000134,23.03251,-12.610371,1.0944157
276,6.562503337860107,5.010961055755615,82.92540740966797,2.6739557042726423,0.5620810204597199,91.25652367413056,13.748596,19.544333,32.986923,6.437338,2.8517792,-14.1574,14.596899,-24.6954,-35.969383,6.8380876,-1.1201546,14.745896,1.8700312,-0.5570035,4.8368545,9.645235,26.714373,-25.433674,57.837696,-9.138914,6.037606,14.535982,7.793741,-55.50354,9.717062,-59.638245,24.502825,-12.591224,1.4086151
277,6.2514448165893555,4.768115997314453,82.93708801269531,2.3961531912827905,0.5008877092618776,90.54532137085015,13.978637,19.529716,33.45082,6.460259,2.4880455,-14.083572,14.046218,-24.670067,-35.19302,6.7453403,-0.7771105,14.773596,1.7314504,-1.5473056,4.399921,10.053234,26.537422,-25.009382,60.408684,-11.48969,5.576576,15.327937,6.6384487,-55.81792,8.26685,-58.990536,25.51671,-12.495334,1.1715161
278,5.95347261428833,4.499047756195068,83.04244232177734,2.0686110248598286,0.05181834541950751,89.97240199913584,14.491994,19.608543,33.84122,6.5448546,1.8729707,-13.778935,13.887378,-24.493105,-34.23905,6.680158,-0.29845047,14.686304,1.577236,-2.1932294,3.9700062,10.902219,26.338675,-24.525043,61.819096,-12.818439,5.2310405,15.093624,5.080295,-55.916996,6.6612043,-57.929646,26.67661,-13.0539665,1.6532471
279,5.679089546203613,4.203938961029053,83.05537414550781,1.9789129259409686,0.24481956741472793,89.15441718424464,14.301476,19.27769,33.721878,6.5827403,1.4394238,-13.705511,12.961178,-24.644049,-33.480328,6.540835,-0.036282856,15.000033,1.5207955,-2.9564247,3.5806673,11.632642,26.280378,-23.8915,62.99035,-14.61861,5.1734014,14.5964,3.6498327,-56.069363,5.4780064,-57.205772,26.541988,-12.229264,1.3612514
280,5.418332099914551,3.881953716278076,83.15338897705078,1.953201755565666,0.044640201501839546,88.67604456134552,14.420397,19.089697,34.169075,6.737599,1.2358365,-13.256025,12.446215,-24.707605,-32.193947,6.5078497,0.36217117,15.000033,1.485175,-3.6406314,3.7001984,12.122893,26.228638,-23.632576,63.8503,-15.927571,5.3263135,14.200585,2.641362,-56.113445,4.4314303,-56.56031,26.812737,-12.778835,1.9013762
281,5.163976669311523,3.517258882522583,83.18842315673828,1.785552057392204,0.19613407029621868,88.33472971935811,13.992693,19.026176,34.093212,6.8950076,0.9947833,-13.1751175,11.652896,-24.718264,-31.615604,6.5730095,0.50529003,15.000033,1.3608828,-4.080996,4.2282987,12.301525,26.147833,-23.23997,63.9014,-16.213713,5.5570674,14.106284,1.8212156,-55.92843,3.3132772,-56.12861,26.576275,-12.074087,2.085975
282,4.929844379425049,3.080563545227051,83.24662780761719,1.7250512555072066,0.24890376589867136,87.7186450911407,13.745426,18.892174,34.43426,7.112052,0.98840785,-12.781149,10.740569,-24.77039,-30.643202,6.5555034,1.1332742,15.000033,1.4361676,-4.7017946,4.973716,12.159479,26.088804,-22.996923,64.32244,-17.227346,5.7887363,14.047982,2.064847,-55.62057,2.6531243,-55.830673,26.714039,-12.13519,1.0056007
283,4.696036338806152,2.5755527019500732,83.25555419921875,1.69071639116505,0.23602223806984196,87.29413498464754,12.16917,19.568872,34.1255,10.330984,-0.12326796,-12.547141,10.007061,-25.044712,-30.416286,6.7710457,1.435531,15.000033,1.5186348,-4.996075,6.4317756,11.749749,25.981796,-23.16539,64.148605,-16.554495,5.835068,14.007618,2.2589529,-54.90698,2.253081,-55.949863,26.251112,-11.842349,0.28767914
284,4.4801201820373535,1.9727580547332764,83.16653442382812,1.5538419222865623,0.35763891525595826,86.73710661381124,9.48472,21.135077,33.82876,15.975043,-2.415342,-12.1803665,8.885362,-25.108095,-29.67533,7.03,1.6522771,15.000033,1.535498,-5.2959604,8.118367,10.867017,25.91558,-23.12715,64.36676,-17.463243,5.878366,14.304556,3.0334146,-54.16407,2.282935,-56.365253,26.252914,-11.525952,-0.77182275
285,4.278759956359863,1.266753077507019,82.94161987304688,1.2164001436047813,0.13954499637612566,86.3138068714384,6.368568,23.37363,32.988277,23.030582,-5.1750712,-11.701381,6.2609735,-25.927256,-28.417406,11.546889,-0.2682778,14.526883,1.4867699,-5.2562947,10.121628,9.671413,25.88103,-23.215313,64.21547,-17.750763,5.77467,14.593624,4.056229,-53.237198,2.3412728,-56.879253,25.61378,-11.533825,-1.349503
286,4.106740474700928,0.473789781332016,82.55150604248047,0.8739427842346718,0.19837738388187665,85.91252084971352,3.4222233,25.575668,32.745808,29.058529,-7.9349985,-11.101461,2.7368681,-26.65767,-26.302807,16.821207,-2.5796652,14.480673,1.4622265,-5.323589,11.942891,8.20031,25.956968,-22.89924,64.599205,-18.716965,5.5042825,15.3215275,5.6178465,-52.55251,2.5427687,-57.629314,24.677986,-11.52914,-1.4450245
287,3.965984582901001,-0.38015902042388916,81.94294738769531,0.6208808726128664,0.3247579448688147,85.59177850363994,-0.22605652,27.762617,31.608837,35.789566,-10.486821,-10.535293,-0.9283613,-27.583042,-24.624712,22.37527,-5.2725606,14.195915,1.4109182,-5.2351003,14.131336,6.318932,26.101862,-23.212812,64.38462,-18.300165,5.2062426,15.623719,6.312261,-51.799213,2.9893548,-58.09704,22.712032,-11.932669,-3.060382
288,3.8644301891326904,-1.2704038619995117,81.15766143798828,0.4842203601537633,0.35701974429661015,85.3370977121651,-4.001157,29.912077,30.288603,42.654797,-12.814346,-9.649674,-4.879936,-28.471806,-22.270508,28.407393,-7.7735896,13.785292,1.4258589,-5.226646,16.497292,4.060617,26.343073,-23.146187,64.74211,-19.878124,4.753331,16.608831,7.8876166,-51.08245,3.6992383,-58.91244,21.024233,-13.014691,-5.006849
289,3.8078744411468506,-2.1638236045837402,80.14710998535156,0.3597462424904162,0.8055524180281338,85.04556309874496,-8.251877,31.934214,28.67956,49.230515,-15.359068,-8.628812,-9.191388,-29.060295,-19.814915,33.994736,-10.188485,13.86176,1.5439438,-5.221464,19.042643,1.6562808,26.6757,-23.47746,64.62007,-19.756657,4.3145566,17.104086,8.498788,-50.55058,4.8021355,-59.282383,17.761705,-13.526815,-5.9864016
290,3.80021071434021,-3.0496773719787598,79.11056518554688,0.4716437618448827,1.376563840775623,85.02191010919142,-12.274137,33.476456,27.31546,54.705807,-17.267948,-7.663625,-13.267475,-29.69484,-17.533165,38.96775,-12.313911,13.682481,1.5280286,-5.330354,21.52934,-1.0075889,27.07282,-23.68837,64.88629,-20.209103,3.9774952,17.48857,8.621078,-50.126286,5.390804,-59.28435,16.442896,-14.110508,-5.8378854
291,3.8359031677246094,-3.919951915740967,77.94227600097656,0.46483613429412207,2.1109465571736363,85.02796335033624,-16.70238,35.33479,25.840307,60.394108,-19.166948,-6.373649,-17.68179,-30.213528,-15.366523,44.33261,-14.436178,13.230451,1.5754617,-5.350791,24.324791,-4.174826,27.603813,-23.896425,64.89525,-21.145906,3.8408422,18.19408,8.665355,-49.856483,6.4498405,-59.480064,14.19644,-15.309213,-7.190145
292,3.9114489555358887,-4.775204658508301,76.60938262939453,0.4969287097318817,3.0609762342074385,84.96163929619992,-21.701225,36.54603,23.361242,65.78544,-20.890522,-5.368888,-22.644215,-30.603352,-12.925926,50.051155,-16.53112,12.812879,1.5068011,-5.290416,27.26607,-7.5477777,28.206362,-23.884525,65.0466,-22.00867,3.5004816,18.648941,7.85226,-49.58365,7.207421,-58.86721,12.073918,-16.641266,-7.9163084
293,4.020165920257568,-5.619295120239258,75.12781524658203,0.7823841928349072,4.207752282696526,85.17490102043668,-26.919441,37.375683,20.981571,70.862526,-22.44582,-4.4683003,-27.92906,-31.063162,-10.163484,55.895718,-18.58629,12.428576,1.5092751,-5.323008,29.793802,-10.989126,28.875347,-23.862381,65.06215,-23.291391,3.297949,19.45802,6.7545366,-49.32619,7.926049,-58.052876,9.953236,-18.330835,-8.783309
294,4.1420183181762695,-6.451724529266357,73.61849212646484,1.0639855004407293,5.775937643284257,85.29721468704298,-32.610455,37.84607,18.405931,75.51676,-23.758778,-3.7599895,-33.62937,-31.457241,-7.64591,61.38914,-20.45201,11.753324,1.3814633,-5.5839725,29.793802,-14.181385,29.334106,-24.739717,66.72465,-25.028273,2.8829226,19.938261,4.5043287,-49.167618,10.894394,-54.84416,8.519673,-19.899343,-9.914168
295,4.257228851318359,-7.269133567810059,71.87921142578125,1.3968841071653386,7.4674406024226005,85.3790185251842,-38.6811,38.08373,15.564049,80.35313,-24.934406,-3.1902182,-39.851177,-31.844212,-4.9038615,67.29688,-22.29626,11.139048,1.0628359,-5.6668444,29.793802,-17.238878,29.633726,-25.576323,68.12408,-25.725607,2.6362896,20.424845,1.080066,-48.820045,13.841091,-51.22605,6.50726,-21.220175,-10.62854
296,4.341800689697266,-8.0586576461792,70.3315658569336,1.477894952623075,9.253001708796413,85.45295531397696,-44.46908,38.513107,13.092982,84.388985,-25.84567,-2.4969678,-45.494858,-32.176315,-3.1940913,72.075645,-23.530989,10.779681,0.73723567,-5.894267,29.793802,-20.315472,29.946758,-26.192854,70.04772,-27.049162,1.8958651,20.480366,-2.2671716,-48.282436,16.742573,-47.89465,5.3713684,-22.113821,-11.628046
297,4.387441635131836,-8.810270309448242,68.75385284423828,1.6276764395165735,10.954824290517179,85.23539153062136,-49.898224,38.632545,10.71588,88.17065,-26.902632,-2.0433588,-51.21058,-31.969238,-0.92777467,76.53883,-24.531055,10.876065,0.55789703,-6.0185695,29.793802,-23.200129,30.27888,-26.84948,71.59971,-28.768244,1.3886738,20.65757,-5.4459968,-47.67379,19.677551,-44.865856,4.0881915,-22.229729,-12.556632
298,4.37886905670166,-9.50562858581543,67.18577575683594,1.8843749781836407,12.73262993997674,85.19340564414634,-55.358315,38.28039,8.350535,91.74279,-27.439123,-1.6453067,-56.917786,-31.829725,1.3823951,80.72753,-25.436163,10.804368,0.21969096,-6.2205353,29.793802,-25.87296,30.678022,-27.660656,73.1762,-29.479078,0.8773863,20.280722,-9.021769,-47.056915,22.240877,-41.410007,2.7820222,-22.263597,-13.099757
299,4.304266929626465,-10.134576797485352,65.70989227294922,2.116752352724916,14.475015970370718,85.27709285538926,-60.58565,37.529366,6.0641527,94.92311,-27.851263,-1.5025201,-62.26146,-31.973114,3.3186061,84.425125,-26.207855,10.217533,-0.08984762,-6.371395,29.793802,-27.938599,31.007715,-28.016876,74.009026,-30.423195,0.33015862,20.425013,-12.243973,-46.342197,24.214241,-38.150517,2.5903962,-22.897617,-12.638782
300,4.164860248565674,-10.687888145446777,64.36115264892578,2.360941941313413,16.304721710230908,85.28835236128042,-65.39135,36.967587,4.375764,97.7647,-28.20369,-0.93701917,-67.33376,-31.99916,5.1212435,87.423485,-26.949612,9.753056,-0.23821297,-6.4947324,29.793802,-29.734854,31.44205,-28.549238,75.16128,-31.507204,-0.43946818,20.47152,-14.832769,-45.703342,26.112314,-35.07921,2.2450032,-23.575151,-13.494786
301,3.9581120014190674,-11.175409317016602,62.93357467651367,2.64088979088906,17.821761846987883,85.46614371395607,-69.896286,35.8611,2.52533,100.64517,-28.61186,-0.85436106,-72.20676,-31.844055,7.3576946,90.62078,-27.577026,9.421108,-0.5853157,-6.729831,29.793802,-31.011898,31.84492,-28.529964,75.6967,-32.884018,-0.7404851,21.189339,-17.218225,-45.138462,27.868368,-32.237213,1.6108874,-23.890945,-13.953995
302,3.6910548210144043,-11.599753379821777,61.43081283569336,2.749893626801444,18.92900325246942,85.52152112334065,-73.90189,35.159058,0.7905404,103.712845,-29.429941,-0.5560588,-76.75967,-31.820951,9.451166,93.99983,-28.372204,8.950107,-0.94858825,-6.87753,29.793802,-31.622255,32.16866,-28.361467,76.0425,-34.426567,-1.2115353,21.52345,-19.470627,-44.657635,29.26033,-29.598879,1.6720413,-24.314957,-14.68062
303,3.3703982830047607,-11.955633163452148,60.16069030761719,2.183571718097585,20.128938312981372,85.23071159217707,-78.145096,34.463467,-1.5987184,106.479546,-29.818008,-0.11868932,-80.55336,-31.078905,10.683061,96.5434,-28.905334,8.871347,-1.1059651,-6.8366365,29.793802,-31.966007,32.42073,-28.067293,76.33232,-35.28921,-1.6304166,21.993221,-21.568226,-43.999073,29.724302,-27.21251,0.8314453,-24.792439,-14.781987
304,3.030416250228882,-12.258888244628906,58.813934326171875,2.082874421490071,20.936382602774373,85.1366783572487,-81.482864,33.268795,-3.3774917,109.192314,-30.439508,-0.30885342,-84.19992,-30.715605,12.5349655,99.19351,-29.817385,8.703793,-1.5495256,-7.255941,29.793802,-32.013836,32.609932,-27.655397,76.85975,-37.169235,-2.3699658,22.066553,-23.764948,-43.536114,30.811993,-24.801674,2.1902108,-24.873283,-12.361797
305,2.6897990703582764,-12.504130363464355,57.53139114379883,2.006117139935441,21.781613478993812,85.18471513529636,-84.52854,33.203484,-4.3478146,111.69955,-31.285923,-0.051636282,-87.69023,-30.458374,14.298383,101.67432,-30.443949,8.61236,-1.7842761,-7.308091,29.793802,-31.623549,32.72483,-27.41452,77.22501,-38.39829,-3.0271187,23.14722,-24.834246,-43.066055,31.468374,-23.360342,1.1589758,-25.449238,-13.405805
306,2.353703498840332,-12.703362464904785,56.50560760498047,1.377865626785419,22.478369981737274,85.24843575787803,-87.52972,32.67216,-5.9951816,113.77734,-31.762724,-0.14677405,-90.28631,-30.221909,15.15601,103.711845,-31.211596,8.4544935,-1.9094971,-7.4790797,29.793802,-31.163939,32.829876,-27.078665,77.59061,-38.88084,-3.6530418,23.660994,-25.92038,-42.746933,32.033524,-21.562496,0.4070672,-25.428173,-13.280382
307,2.058659791946411,-12.87727165222168,55.33457946777344,1.2623067650865574,22.543154345833468,85.41812534653805,-89.58685,32.06355,-7.1392684,116.09006,-32.363117,-0.4195295,-92.60817,-29.967268,16.85443,106.03506,-31.946856,8.634513,-2.2491164,-7.7434125,29.793802,-30.626207,32.947937,-26.57382,77.91467,-40.0299,-4.3177905,24.0053,-27.047535,-42.675266,32.593014,-20.008646,0.9267785,-24.90236,-11.777803
308,1.8085052967071533,-13.019190788269043,54.349647521972656,1.1669482184637738,22.647990416065475,85.79904736472955,-91.41248,31.501333,-8.014182,117.95922,-32.88052,-0.6034472,-94.621826,-29.865246,18.3814,108.04408,-32.453506,8.373882,-2.4759135,-7.9166646,29.793802,-29.723438,32.97162,-25.802534,78.301414,-41.1196,-4.645627,23.967041,-27.360403,-42.68276,32.846302,-19.136223,0.6907468,-24.527493,-11.054964
309,1.6092958450317383,-13.14223861694336,53.44561767578125,0.9498828284442009,22.67433260329468,85.93156711463051,-93.05311,31.017738,-9.044551,119.71433,-33.218555,-0.8245375,-96.26524,-29.594505,19.536943,109.81368,-33.101387,8.692776,-2.620758,-7.9898934,29.793802,-28.89332,33.036476,-25.353148,78.14546,-41.114555,-5.0744686,24.707014,-28.047764,-42.831818,32.81126,-18.23429,0.33065516,-23.866852,-10.235169
310,1.4629172086715698,-13.251092910766602,52.688533782958984,0.7335405239356306,22.767718527097635,86.16722114905846,-94.5121,30.484194,-9.929357,121.08444,-33.60768,-1.2029064,-97.77013,-29.757603,20.364374,111.31249,-33.70395,8.51081,-2.767902,-8.087624,29.793802,-28.014389,32.98238,-24.930157,78.04968,-40.39506,-4.8910923,24.827206,-28.259226,-43.108326,33.16518,-17.583677,-0.42930457,-24.177984,-10.1345825
311,1.3814473152160645,-13.356632232666016,52.09321975708008,0.9579576902251271,22.827783236005775,86.41316425594093,-95.43601,30.314339,-10.100523,122.12567,-33.98075,-1.064697,-98.86089,-29.194672,21.652061,112.36554,-33.94304,8.860402,-2.828497,-8.042715,29.793802,-27.301016,32.841038,-24.672955,78.05069,-42.0138,-5.1281085,25.66586,-28.39904,-43.37921,33.25324,-17.598024,-0.5034236,-23.614231,-9.851465
312,1.3379582166671753,-13.47199535369873,51.50129318237305,0.856372082235407,22.50000983320791,86.55569714216603,-96.1577,29.726803,-10.902779,123.21135,-34.258835,-1.5031226,-99.6219,-29.083334,22.405313,113.5906,-34.391777,8.775615,-2.808199,-7.862945,29.793802,-26.683899,32.60023,-24.482641,77.965004,-42.419006,-5.47056,25.880627,-28.428228,-43.6127,33.196365,-17.487728,-0.3617012,-23.690193,-9.489535
313,1.3443336486816406,-13.58980655670166,51.02874755859375,1.1860415801968835,22.278733553261677,86.84970295910846,-96.58596,29.4391,-10.989833,123.969894,-34.476162,-1.589344,-100.444885,-29.0311,23.444008,114.53183,-34.680264,8.826466,-2.801376,-7.769062,29.793802,-26.358358,32.28689,-24.25482,78.12829,-43.203228,-5.567124,25.642406,-28.737896,-43.880955,32.98806,-17.315575,-0.114603914,-23.6468,-8.52018
314,1.3781874179840088,-13.709502220153809,50.636165618896484,1.2039127394839755,22.094662074646028,87.15704759899069,-97.20146,29.192158,-11.404315,124.5793,-34.578953,-1.7535689,-100.83754,-28.672695,24.086859,115.376015,-35.075687,8.945446,-2.748557,-7.4806404,29.793802,-26.137163,31.985453,-24.202103,78.08943,-43.45046,-5.6100855,26.306822,-28.859098,-44.18714,32.96401,-17.079268,0.08729416,-23.997637,-8.21983
315,1.4345747232437134,-13.834446907043457,50.358795166015625,1.4224675070930306,21.639292765983086,87.5912609273383,-97.194435,28.539833,-11.565106,124.90838,-34.711662,-2.2847788,-100.94928,-28.700155,24.754921,116.05521,-35.36665,9.05886,-2.60269,-7.2847385,29.793802,-26.031336,31.664408,-24.157707,77.81551,-43.562588,-5.88169,26.363693,-28.373638,-44.434868,32.719654,-17.021563,0.40580744,-23.75549,-7.821658
316,1.5076651573181152,-13.94692611694336,50.15657424926758,1.5986764509591525,21.552491665391567,88.1454172503706,-97.61935,28.34626,-11.56878,125.09095,-34.515778,-2.2337568,-101.23426,-28.605394,25.356821,116.651855,-35.462765,8.94652,-2.5083666,-7.0430527,29.793802,-26.1199,31.349392,-24.26342,77.92545,-43.92323,-5.6341667,26.174263,-27.908043,-44.682106,32.57206,-17.017359,0.31295925,-23.919022,-8.684237
317,1.5829565525054932,-14.055378913879395,50.054954528808594,1.5268466920839185,21.343820859273688,88.28921516168147,-97.77962,27.938759,-11.942812,125.16692,-34.477047,-2.4461987,-101.1514,-28.56426,25.333694,116.927284,-35.459198,8.985032,-2.2289627,-6.691438,29.793802,-26.138966,31.018456,-24.365168,78.00689,-44.187912,-5.81806,26.207766,-27.567024,-44.904125,32.574238,-17.007603,0.4110168,-24.12817,-8.508077
318,1.6620010137557983,-14.156362533569336,49.89119338989258,1.6036227520587427,21.039662891978445,88.52810705946325,-97.83874,27.412218,-12.225507,125.35195,-34.246662,-2.745051,-101.14364,-28.477108,25.619274,117.373215,-35.620815,9.147881,-2.115409,-6.435349,29.793802,-26.069082,30.6625,-24.509615,78.14922,-44.23996,-5.8662868,25.871328,-27.220758,-45.072178,32.38293,-17.137714,1.1563307,-24.292326,-8.265102
319,1.7457810640335083,-14.239954948425293,49.825775146484375,1.9591621255727258,20.906488564943498,89.00228788536543,-97.88738,27.02489,-11.994047,125.33556,-34.053036,-2.687685,-101.16075,-28.350803,26.206503,117.656876,-35.633904,9.2935505,-2.008553,-6.281733,29.793802,-26.18343,30.316957,-24.642237,78.12254,-44.434437,-6.135429,26.218124,-26.680433,-45.204746,31.920624,-17.260534,1.3920704,-23.940676,-7.9370155
320,1.8131487369537354,-14.313800811767578,49.77123260498047,1.6500855355754138,20.66872800641829,89.17815599835099,-97.99972,26.677513,-12.543942,125.31081,-33.942223,-3.0623531,-100.67979,-28.288977,25.85874,117.8478,-35.71801,9.612637,-1.7156274,-5.9314847,29.793802,-26.422865,30.05492,-24.828398,78.47704,-44.493984,-6.17452,25.962036,-26.258808,-45.393383,31.931911,-17.112768,1.0956087,-24.160889,-7.6731606
321,1.883399486541748,-14.371611595153809,49.74402618408203,1.708125227097519,20.55206910279519,89.28112070813772,-98.02018,26.561779,-12.619824,125.28812,-33.95153,-2.9846573,-100.56923,-28.151085,25.917871,117.96449,-35.76945,9.741961,-1.5433791,-5.6560726,29.793802,-26.386951,29.781368,-24.737371,78.44363,-44.697834,-6.372152,26.277847,-25.970695,-45.528503,31.660772,-17.481464,1.1140785,-23.871817,-7.5275774
322,1.947556495666504,-14.418829917907715,49.743064880371094,1.9193124746531922,20.42478301776492,89.48999228012438,-97.85843,26.296541,-12.469504,125.17198,-33.806335,-3.226873,-100.455444,-27.996424,26.20629,118.06787,-35.705326,9.874928,-1.4712031,-5.5358777,29.793802,-26.502224,29.499636,-24.758858,78.702194,-45.23059,-6.2287674,26.262318,-25.779089,-45.702675,31.852468,-17.648468,1.5882009,-23.984802,-7.5202823
323,2.0049092769622803,-14.459196090698242,49.595245361328125,2.200918997112347,20.333238209881827,89.59842393416923,-97.91706,26.070885,-12.415251,125.3875,-33.61187,-3.2876086,-100.786255,-27.879892,26.708578,118.4364,-35.77242,9.927571,-1.4845697,-5.3792186,29.793802,-26.338318,29.229458,-24.79741,78.642075,-45.224342,-6.187253,26.597017,-25.93146,-45.896374,31.83592,-18.123335,2.0064745,-23.94341,-7.520588
324,2.049077272415161,-14.49338150024414,49.56062316894531,2.2660670088228145,20.265866838406122,89.76840386220974,-97.92482,25.914682,-12.428973,125.38258,-33.68792,-3.2553053,-100.79368,-27.952398,26.82284,118.58709,-35.79684,9.832875,-1.3648133,-5.141618,29.793802,-26.438253,28.954247,-24.624256,78.79568,-45.321194,-5.8959866,26.62087,-25.67206,-46.092365,31.795721,-18.238167,1.479492,-23.765615,-7.858828
325,2.0829904079437256,-14.531169891357422,49.4602165222168,2.204727371915571,20.08003596231464,89.66844575555415,-97.93683,25.752398,-12.73436,125.57634,-33.58589,-3.2938955,-100.7948,-27.820053,26.836346,118.82297,-35.806248,9.852356,-1.2783382,-4.894211,29.793802,-26.286303,28.670216,-24.82906,78.98667,-45.368694,-5.9300995,26.774458,-25.756947,-46.246704,31.843979,-18.563,1.2962933,-23.644009,-7.947548
326,2.110246181488037,-14.566553115844727,49.432613372802734,2.250162968243302,20.034489338996448,89.75462286122558,-97.855484,25.468649,-12.747516,125.50018,-33.63187,-3.6173947,-100.85123,-27.86299,26.924828,118.91106,-35.91652,9.739732,-1.2501174,-4.737168,29.793802,-26.316227,28.4005,-24.657562,79.04041,-45.38,-5.9950767,26.8794,-25.795233,-46.433323,31.93097,-18.674177,0.7337993,-23.657207,-8.3103285
327,2.142240047454834,-14.604494094848633,49.38932800292969,2.5491558101512055,19.862241876245417,89.78863124730199,-97.70128,25.449894,-12.518399,125.60031,-33.61293,-3.4603508,-100.98054,-27.765938,27.347492,119.03148,-35.840267,9.746437,-1.226927,-4.6248107,29.793802,-26.200466,28.046375,-24.61856,79.1152,-45.631634,-6.0148354,27.004793,-25.944572,-46.601574,32.143406,-18.998274,0.63784814,-23.854273,-8.299475
328,2.1749107837677,-14.635680198669434,49.35420608520508,2.8039796782822792,19.863464061774952,89.78024355638281,-97.745285,25.627274,-12.283842,125.68123,-33.526283,-3.160625,-101.20574,-27.662882,27.656263,119.0783,-35.866272,9.72842,-1.3388388,-4.619675,29.793802,-26.187714,27.666054,-24.889166,79.58,-45.927723,-5.7952533,27.116556,-26.26251,-46.72421,32.408653,-19.363733,0.2533552,-23.735094,-8.415094
329,2.20820689201355,-14.662713050842285,49.268943786621094,2.860867832408887,19.751130050686957,89.66768955939577,-97.69508,25.573132,-12.386189,125.80735,-33.702534,-3.2891643,-101.287575,-27.488703,27.764046,119.22581,-35.85543,9.8629265,-1.2821038,-4.4476233,29.793802,-26.149914,27.273727,-24.813622,79.8394,-46.836857,-6.1495333,27.875834,-26.4884,-46.88435,32.824467,-19.629543,0.047909334,-23.908495,-8.172856
330,2.253427028656006,-14.672897338867188,49.18352508544922,3.0882075019395123,19.72681641938135,89.6223607282204,-97.70062,25.470081,-12.326543,125.95294,-33.719177,-3.3210933,-101.50525,-27.263237,28.101585,119.38651,-35.79173,10.009726,-1.3817477,-4.3853264,29.793802,-25.994555,26.82871,-25.067444,79.99967,-47.385372,-6.45893,27.974583,-26.742744,-46.93549,32.84157,-20.041504,-0.29205558,-23.823515,-8.108933
331,2.3096771240234375,-14.661559104919434,49.11649703979492,3.1617812375572587,19.672457048842638,89.53188033353258,-97.66463,25.412169,-12.442325,126.055695,-33.764828,-3.437873,-101.5142,-26.971111,28.228827,119.54149,-35.812008,10.212453,-1.434287,-4.2782774,29.793802,-25.952213,26.340912,-25.429052,80.36429,-47.7782,-6.6468115,28.582237,-27.170975,-46.9423,33.07616,-20.261847,-1.2040389,-24.061947,-8.194787
332,2.385263204574585,-14.615350723266602,49.142574310302734,3.443565230525193,19.847477785243772,89.61302216881892,-97.67726,25.520807,-12.180041,125.97216,-33.853256,-3.219558,-101.714195,-26.948128,28.466259,119.533806,-35.757042,10.160355,-1.5693965,-4.241254,29.793802,-26.133663,25.776989,-25.369389,81.05188,-48.4598,-6.3444443,27.755928,-27.409487,-46.922134,33.254494,-20.518944,-2.1582878,-23.90824,-8.240557
333,2.4764397144317627,-14.536198616027832,49.18768310546875,3.907141146225013,19.92855980668936,89.8825638840634,-97.38079,25.359848,-11.6972,125.76854,-33.875393,-3.3246357,-101.81959,-26.832228,29.00183,119.647575,-35.677795,10.338706,-1.7743907,-4.4044795,29.793802,-26.039162,25.197716,-25.842804,81.23356,-48.715515,-6.6621075,28.261585,-27.63444,-46.842777,33.47074,-20.570415,-2.8974156,-23.983278,-8.600319
334,2.5785858631134033,-14.420330047607422,49.2148323059082,4.137461451297182,19.966222344963395,89.97609319983084,-97.18913,25.39652,-11.576156,125.7248,-33.92959,-3.2384293,-101.64819,-26.589605,29.233757,119.75263,-35.783375,10.596971,-1.7923284,-4.312555,29.793802,-25.924816,24.54302,-25.976841,81.58703,-48.813015,-6.505084,28.10243,-28.029427,-46.791035,33.873154,-20.46852,-3.244718,-24.48481,-8.607672
335,2.6868772506713867,-14.260443687438965,49.354496002197266,4.323350978266129,20.215810979603564,90.02202496222228,-96.969215,25.3845,-11.415903,125.44547,-33.960014,-3.298471,-101.51275,-26.548475,29.198692,119.635635,-35.68998,10.648956,-1.8712769,-4.1735992,29.793802,-25.870739,23.878841,-25.784647,82.053375,-49.681953,-6.2501426,27.775646,-28.509247,-46.770473,33.95203,-20.186209,-3.726852,-24.577965,-8.723767
336,2.8112432956695557,-14.058965682983398,49.54587936401367,4.957147508754976,20.495441694459863,90.35498323523831,-96.43364,25.428505,-10.599496,124.98337,-34.09747,-3.1309364,-101.4107,-26.55004,29.71968,119.5057,-35.834126,10.792823,-1.9125913,-4.1443896,29.793802,-25.71998,23.238943,-25.076838,82.301094,-50.377956,-6.0144734,27.593483,-28.660688,-46.891464,33.718914,-19.596348,-3.5144553,-24.430746,-8.845273
337,2.9302549362182617,-13.822916030883789,49.72246170043945,4.837961638098893,20.609581378849164,90.00598558795899,-95.99052,25.567045,-10.875335,124.79473,-34.13642,-3.2229912,-100.9502,-26.539186,29.164442,119.34848,-35.957096,10.754746,-1.9147328,-4.081238,29.793802,-25.132778,22.790325,-24.827862,82.6641,-49.68718,-6.0668526,27.888632,-29.35915,-47.207397,33.715317,-18.630909,-3.9914513,-24.72652,-8.857541
338,3.0624938011169434,-13.54684066772461,50.004981994628906,4.738675282882541,20.70715680845845,89.8004374064105,-95.31605,25.908821,-10.932049,124.36542,-34.23412,-3.1905365,-99.96817,-26.227324,28.615126,119.02991,-36.062424,11.242827,-2.1066978,-4.2064633,29.793802,-24.48951,22.546068,-24.450129,83.34712,-49.49024,-5.7704945,27.87831,-30.204,-47.829807,33.722584,-17.217785,-3.5250695,-24.767044,-8.711686
339,3.210249423980713,-13.236541748046875,50.13136291503906,4.846678793472515,20.524616045624335,89.57728444470101,-94.44803,25.988556,-11.030318,124.30083,-34.488583,-3.445772,-99.32384,-26.402042,28.413832,119.093765,-36.28508,11.299199,-2.2798507,-4.368148,29.793802,-23.508049,22.608566,-23.501188,83.87296,-47.726875,-5.3045115,27.536232,-30.765865,-48.81995,33.322456,-15.303286,-3.8415935,-24.647556,-8.867944
340,3.3827621936798096,-12.865548133850098,50.510658264160156,5.300298031319821,20.881173676772196,89.65286625250954,-93.518394,26.208515,-10.318385,123.57641,-34.687935,-3.4848466,-98.69932,-26.385777,28.403818,118.6674,-36.29668,11.423132,-2.5996296,-4.7173533,29.793802,-22.35494,23.065708,-22.696268,84.70722,-46.025024,-5.0529847,27.674017,-30.581562,-50.235195,32.884895,-13.443847,-4.4962525,-24.099104,-10.260635
341,3.564875841140747,-12.455914497375488,50.849098205566406,5.190801611457536,20.58371300220983,89.51306680250869,-92.26985,26.877447,-10.299049,123.141594,-34.750206,-3.4272559,-97.3007,-26.537146,27.77313,118.54088,-36.495285,11.569865,-2.9878287,-5.1873426,29.793802,-20.418583,23.928997,-22.16768,85.6882,-43.614143,-4.6153135,27.634943,-30.76873,-52.155766,32.574448,-10.854549,-3.625489,-23.155426,-10.378163
342,3.765774965286255,-11.985411643981934,51.29542922973633,5.412036204341839,20.4073959569345,89.90311038210343,-90.73263,27.193075,-9.721499,122.2236,-35.05842,-3.5601423,-95.698784,-26.692453,27.553362,118.31452,-37.01595,11.715832,-3.2184367,-5.487975,29.793802,-18.551544,25.51363,-20.666769,86.776306,-41.244926,-3.9420063,27.288471,-29.702192,-54.59883,30.673216,-7.673776,-3.177838,-21.906942,-13.48746
343,3.9721078872680664,-11.446125984191895,51.73382568359375,4.88792699872144,20.510315662635268,89.85074054225973,-89.69867,27.956816,-10.039351,121.388084,-35.4889,-3.5067084,-94.009964,-26.715382,26.248953,118.0042,-37.12164,11.763799,-3.7504673,-6.1082945,29.793802,-15.252763,27.784561,-18.110909,87.29123,-39.53768,-2.9634063,27.727535,-30.121489,-57.940506,29.29834,-3.0920627,-2.7737706,-20.049807,-16.329615
344,4.1981658935546875,-10.834375381469727,52.3366813659668,4.814571104102292,20.885185311141505,90.11001188177444,-88.52271,28.660114,-9.576534,120.10973,-35.666634,-3.498725,-92.5651,-26.837767,25.382225,117.42712,-37.23398,11.320997,-4.5639873,-6.9108853,29.793802,-10.8886385,30.351446,-15.657446,87.011314,-36.886723,-2.1099021,27.434113,-29.522278,-61.600033,27.149303,1.9607487,-2.763086,-17.071724,-20.344992
345,4.443551063537598,-10.14391803741455,53.1982536315918,4.504866910885293,21.576449746893967,90.57581398576481,-87.304665,29.578154,-8.954537,118.085594,-35.91305,-3.4791145,-90.34669,-26.437393,23.97419,116.19198,-37.26018,11.461403,-5.2517567,-7.487167,29.793802,-4.4851065,32.972965,-12.573584,85.83603,-37.291504,-2.2571082,29.129873,-29.680466,-65.82289,25.580797,8.092787,-1.7236992,-13.089209,-21.961313
346,4.715259075164795,-9.386801719665527,53.79904556274414,4.204884524791769,22.198490573180266,91.3245493250205,-86.82232,30.803154,-8.624066,116.794846,-36.47362,-3.1502905,-88.20687,-25.509394,23.077513,115.59175,-37.354588,11.530431,-5.8248425,-7.845954,29.793802,1.3031561,35.703564,-9.385984,84.43706,-38.38293,-1.7868755,29.892277,-30.423447,-70.38257,25.108952,16.42189,2.8826804,-9.247217,-20.799934
347,5.014104843139648,-8.561704635620117,53.99864959716797,3.861948366175919,23.136217475615478,92.1442451349499,-86.90105,31.820333,-8.809919,115.92869,-36.759872,-2.2967618,-87.51134,-25.872606,22.02422,115.95027,-37.786716,10.812458,-6.5089912,-8.790449,29.793802,9.207708,36.993446,-6.1773143,83.010956,-39.104507,0.9052567,28.398973,-31.498058,-74.965645,24.269444,26.115067,5.090637,-3.1225774,-21.094595
348,5.355197906494141,-7.657958030700684,54.90735626220703,4.684786786750741,24.16290607329502,93.44381669482206,-86.08641,32.660686,-6.943389,114.02456,-35.94581,-1.973716,-85.65883,-25.764889,21.664557,114.43177,-37.85404,11.2915535,-6.8412986,-8.748703,29.793802,15.443066,38.420372,-4.2826705,81.95717,-38.453087,1.9231693,23.95802,-31.65261,-79.8841,25.435434,39.22722,12.662168,-2.0485976,-18.929869
349,5.7048139572143555,-6.697192192077637,55.66402053833008,4.773843762657384,25.431966069275262,94.85042387542988,-85.78462,33.670338,-5.935568,112.00181,-35.621437,-1.4921947,-83.97264,-25.58124,20.451014,113.34799,-38.02762,11.191068,-6.4659166,-7.9104376,29.793802,21.040363,38.940575,-3.7578444,80.50692,-37.927326,2.8212159,22.447842,-29.456528,-84.40587,25.957436,54.3722,20.726501,0.055815637,-16.73294
350,6.068856716156006,-5.690444469451904,56.557064056396484,5.585280734761561,27.247412029904904,96.53391867847748,-85.29141,34.40254,-3.836432,109.47378,-35.81514,-0.9884314,-83.003914,-25.521795,19.747566,111.83019,-37.931213,11.294483,-6.1152253,-7.251949,29.793802,26.819323,39.351433,-2.430672,78.54393,-35.849876,3.560792,22.153418,-25.592003,-88.53256,26.47558,70.82592,30.791178,2.77995,-15.266136
351,6.40938138961792,-4.693648815155029,56.88783645629883,5.80483395664619,28.946420953480725,98.28051699984557,-85.66184,34.231953,-3.5550547,107.78432,-35.98862,-0.64742404,-82.63095,-25.82982,18.727858,111.785866,-37.78303,9.844415,-5.7783656,-6.3443456,29.793802,32.13576,38.580585,-2.484885,77.12017,-34.255844,5.4818654,19.87197,-16.429499,-90.69009,25.433525,88.24942,40.37606,5.196426,-12.321766
352,6.748679161071777,-3.7438483238220215,57.46646499633789,6.897257732383423,29.708118180121094,99.45644344654207,-84.452675,35.102722,-1.5956602,106.296196,-35.459904,-7.06019e-05,-81.03147,-25.345518,18.827091,110.66233,-37.790413,10.538655,-5.9148126,-6.1865854,29.793802,39.45692,38.371727,-0.15758422,75.390884,-36.86848,5.8168817,20.1647,-9.613227,-92.20358,24.918688,100.82302,51.355957,5.528261,-9.742536
353,7.027106761932373,-2.8656442165374756,57.8110466003418,7.787979750547774,30.902130913599944,101.31520601393585,-84.217804,34.39633,-0.743625,104.64556,-35.359493,0.101185255,-80.22809,-25.17912,18.66676,110.18054,-38.319344,10.520982,-5.8993154,-6.3326716,29.793802,45.901463,38.23675,1.8633703,73.484566,-39.051186,6.836954,19.315403,-2.8678584,-92.74572,24.338713,109.00023,58.32925,8.861253,-7.9158797
354,7.250221252441406,-2.098660707473755,58.45069122314453,8.551163204323002,31.728236133197413,103.12361730500555,-83.515434,34.687458,0.914213,102.55782,-33.212727,0.46400198,-78.64582,-25.179836,17.974083,108.7966,-38.155006,11.687036,-6.338939,-6.730083,29.793802,56.845547,38.74874,6.45063,72.94267,-42.061108,8.174667,16.920666,1.6132846,-93.22343,23.918945,114.510414,65.031975,9.913404,-8.116188
355,7.421528339385986,-1.4754645824432373,58.72216796875,8.778479432764009,32.07973665401908,104.17343701227202,-82.97769,34.918133,1.5024542,101.40956,-31.684679,0.33366433,-77.97294,-26.560463,16.776506,108.53135,-38.41566,11.030118,-6.8212085,-6.969076,29.793802,65.62888,38.900143,8.63746,72.331055,-42.197937,10.360748,15.0069,9.367973,-93.07097,23.454885,119.201805,69.3953,14.5437975,-7.883602
356,7.571051120758057,-0.9824672937393188,58.980377197265625,9.472081324223485,32.743659771611206,105.39554643513617,-82.903,34.402718,2.1641767,100.337524,-30.808256,0.39765114,-77.78767,-27.154182,16.457987,108.206406,-37.40235,10.764794,-7.143965,-8.389474,29.793802,75.13491,38.34858,12.12679,70.37142,-44.708294,13.488149,14.980639,20.335455,-92.940445,20.03493,120.00027,72.492134,19.440208,-9.941937
357,7.704280376434326,-0.6238149404525757,59.308780670166016,10.196579058579188,33.40708031621249,106.39408955523336,-82.7395,33.815598,2.93331,99.08962,-29.451986,0.89716727,-77.81429,-27.936163,16.10824,107.53947,-37.27864,10.324118,-6.5408025,-9.481019,29.793802,85.084885,37.23891,15.18273,67.84296,-44.896145,14.77956,11.998833,39.201416,-92.41538,10.786406,120.00027,74.193,21.91205,-11.47814
358,7.814575672149658,-0.4069517254829407,59.65613555908203,10.156057839641663,33.51618536729845,107.46227637512742,-82.78066,33.30564,2.88233,97.918915,-28.853115,0.87698674,-77.04235,-28.283613,15.083329,107.095146,-36.670322,10.043901,-5.7905607,-9.140122,29.793802,92.80422,36.15274,15.359693,65.1826,-45.43085,15.110388,11.874914,61.88312,-90.565216,-0.6096351,120.00027,74.62931,24.806486,-11.253425
359,7.938394069671631,-0.2994648814201355,59.786582946777344,11.074231751853418,33.480699992045125,109.26964806870905,-82.78307,32.147655,3.4011526,97.00285,-27.738686,0.9882043,-76.37281,-28.178598,15.468424,106.99369,-37.104572,10.478544,-4.906185,-7.8710685,29.793802,98.471245,35.364388,14.291926,62.911503,-45.803234,14.26384,11.599646,84.668434,-87.31497,-11.335606,119.76559,73.81414,26.516893,-10.074264
360,8.054879188537598,-0.29059478640556335,59.9107551574707,12.25563333641308,33.243482655736045,111.79896649951792,-82.79298,30.169422,3.916292,95.714325,-26.296864,0.31171814,-75.80247,-28.971308,15.72645,107.15063,-37.604336,10.424469,-4.0654182,-7.009709,29.793802,102.01993,34.76029,12.681509,61.683723,-45.79668,13.841164,12.358973,105.81534,-82.70898,-19.412647,115.01756,74.84036,27.809355,-11.196036
361,8.15100383758545,-0.3613276183605194,59.95526123046875,12.898584693460903,33.303729170651366,113.92962094773783,-83.457985,28.017258,3.5195172,94.54069,-24.549597,-0.07465763,-75.43338,-29.38785,15.537447,107.27591,-37.89828,10.655664,-3.0374005,-5.233914,29.793802,104.415955,34.07157,10.527797,60.700283,-45.659706,13.023017,12.89662,120.54443,-77.02959,-24.259861,109.085335,75.9274,27.010956,-12.335633
362,8.22945785522461,-0.4996541738510132,59.83808517456055,13.68856211748249,33.101424161615725,115.8803030927167,-84.07386,26.268106,3.3814101,94.04798,-23.263247,0.11558125,-75.19603,-29.81028,15.86442,107.780556,-38.55063,10.648342,-2.2430847,-3.0808678,29.793802,104.22601,33.646423,6.543187,60.70386,-44.15702,13.070145,14.883509,124.8596,-71.73888,-24.671566,104.36107,75.63253,25.88402,-11.892734
363,8.26136302947998,-0.7026500105857849,59.783042907714844,13.511430261903836,32.23240199724163,117.43374790228572,-84.66231,24.00529,1.8666993,93.846634,-21.9001,-0.27732775,-74.15719,-29.930597,15.426368,108.54273,-38.648197,10.669329,-1.5170404,-0.67267114,29.793802,102.5996,33.418716,1.8222809,61.651764,-44.030964,12.783613,16.663315,125.34547,-67.14148,-23.761082,99.937485,76.73939,22.720806,-10.422601
364,8.238075256347656,-0.9232918620109558,60.022701263427734,13.688913221766633,31.851772317174138,120.14161018506081,-84.87255,22.192877,1.9077092,92.10397,-20.819162,-0.58373964,-72.58314,-30.64383,14.294243,107.98097,-39.798214,11.075803,-1.0465261,2.133447,29.793802,99.783134,32.96359,-2.4700668,62.77399,-43.340855,12.644587,17.54134,122.45302,-63.07055,-22.52507,95.07064,77.62401,20.815903,-10.089418
365,8.173213005065918,-1.1562260389328003,60.32615280151367,14.109695300160322,31.30457564044215,122.84130284677353,-84.693184,19.61567,1.898112,90.06458,-19.212133,-1.565998,-70.97205,-31.081484,13.6963005,107.319275,-40.856422,11.790604,-0.46999654,5.1952715,29.793802,96.18992,32.399338,-6.9209986,64.33244,-43.934113,11.900734,16.474205,115.13846,-59.6921,-19.057318,89.65418,77.39911,19.88862,-8.952319
366,8.06249713897705,-1.3785456418991089,60.53101348876953,14.094885403150055,30.272811553153034,125.72354338758474,-84.783264,16.680317,1.0658692,88.7786,-17.319393,-2.418243,-68.703285,-32.086555,12.383151,106.980286,-42.17325,12.321816,1.0172408,8.379099,29.793802,90.494576,31.368698,-10.786851,65.89542,-43.550884,11.068097,16.708158,106.734604,-56.620544,-13.961355,86.86271,77.78514,16.446255,-8.530926
367,7.909800052642822,-1.5831159353256226,60.83811569213867,13.274862530439643,28.719393867959898,128.4303511072982,-84.66775,13.65276,-0.5732226,87.80622,-14.967083,-3.862291,-65.253265,-32.755486,10.1953335,106.36336,-43.391003,13.11442,3.0345433,11.778604,29.793802,83.65856,29.86163,-15.019385,66.30333,-43.833565,9.502602,18.935947,98.064186,-53.703075,-7.568369,84.80034,77.40135,13.176322,-7.429151
368,7.704444408416748,-1.7442570924758911,61.52121353149414,12.362922368939353,28.298030302680175,131.24908374244293,-84.63045,10.991008,-1.8423998,85.496155,-13.191266,-4.706742,-62.508022,-35.06726,6.561317,104.58259,-44.1556,13.31204,5.3643665,15.553994,29.793802,76.85291,28.244951,-18.887651,66.68836,-39.55724,8.843774,19.365774,89.381615,-51.262115,-2.3718433,84.36123,73.718185,10.558037,-7.134463
369,7.493298530578613,-1.8783483505249023,61.62403106689453,13.240292725252916,28.339823473468368,133.28674808437674,-84.45717,7.3365216,-2.5897672,83.83486,-12.482628,-6.4133177,-61.50363,-35.231712,7.6424246,103.47548,-44.178204,13.458663,7.2846866,18.397413,29.793802,67.907364,26.120983,-23.903452,67.88506,-38.467804,9.147461,19.970955,82.415436,-49.260628,2.8797288,83.5335,67.36612,7.920134,-4.88752
370,7.247695446014404,-2.0904645919799805,61.33049011230469,13.27316044154889,25.665972930571606,138.40535517583405,-83.82662,2.4476295,-3.851287,83.34618,-11.070184,-8.45171,-56.493862,-34.753323,7.5557504,104.09944,-45.65708,15.000033,10.195316,21.678965,29.793802,59.020325,23.632147,-26.310398,67.24775,-36.078148,7.3118973,19.537209,69.37038,-47.869186,4.7864428,86.14203,64.39623,2.0275364,-3.9774315
371,6.943875312805176,-2.390437364578247,61.483009338378906,12.459582547027749,24.37814109321299,141.37633163649662,-83.51085,-0.8407675,-5.36437,82.603355,-10.126078,-10.17331,-53.14171,-35.470367,6.366789,103.48156,-45.905346,15.000033,12.684898,24.48155,29.793802,51.508595,21.059214,-29.496939,66.18325,-33.80775,6.2138844,19.632723,58.370068,-47.131306,7.4775014,87.00433,59.17897,-1.3256059,-3.3080432
372,6.597790241241455,-2.8291802406311035,61.6439208984375,11.571237336604831,22.656712293977975,144.1732051940022,-82.58627,-4.2864513,-6.833838,81.9092,-9.764312,-12.353466,-48.933594,-36.47277,5.2918525,102.52653,-45.72056,15.000033,15.409522,26.814396,29.793802,44.43777,18.602074,-33.491436,64.912766,-31.507832,4.563219,20.970514,45.881493,-47.228535,11.412561,87.89777,53.15913,-3.8930104,-3.1567638
373,6.185920715332031,-3.4292209148406982,61.92623519897461,10.433006295750966,21.22657240184565,146.11020140938942,-81.55308,-7.7217975,-8.752994,81.2472,-9.684344,-14.051727,-45.068214,-37.9939,3.978537,101.74767,-44.376877,15.000033,17.74678,27.952711,29.793802,39.299473,16.4572,-36.277126,63.500347,-27.211386,3.6517441,21.610971,31.903744,-48.1504,15.249899,88.40178,47.677296,-6.3506284,-4.7872376
374,5.766197204589844,-4.1541361808776855,62.02127456665039,9.327420723473516,19.520649579099445,147.64446534711215,-80.315956,-10.737361,-10.3555355,81.15546,-10.364694,-15.000033,-40.464592,-38.824352,2.6336203,100.886925,-43.628063,15.000033,19.99313,28.768742,29.793802,35.604916,14.7892885,-38.762768,61.734325,-24.59633,2.5604982,22.860338,17.643053,-49.744686,21.230074,88.98024,41.889404,-7.607349,-5.601238
375,5.307600498199463,-4.993698596954346,62.19752502441406,8.61220566463241,17.69487549933291,149.17719160351263,-78.793915,-13.956087,-11.388442,80.77491,-10.227927,-15.000033,-35.766922,-40.77518,0.7259881,99.7995,-42.178104,15.000033,21.681824,29.31311,29.793802,32.81806,13.524056,-40.058502,60.533546,-20.80052,2.0544624,21.35583,2.9752316,-51.268326,27.680588,88.34836,36.102245,-7.752296,-6.444861
376,4.877503395080566,-5.834047794342041,62.91223907470703,7.512778630552824,16.424766949378053,149.9963736925048,-76.91144,-15.922795,-12.649208,79.46799,-9.699745,-15.000033,-31.069477,-41.828663,-2.2257771,97.63594,-40.766125,15.000033,23.584581,29.793802,29.793802,30.360254,12.665139,-40.712746,59.329212,-19.560171,1.4817069,19.84467,-12.843469,-52.71288,35.130104,88.11704,31.384335,-8.586226,-6.020941
377,4.483694076538086,-6.615000247955322,63.235069274902344,6.781151994511086,14.781615817917048,150.5457289065282,-74.966156,-17.377851,-13.183992,78.79939,-10.368963,-15.000033,-25.917414,-42.729485,-5.125259,95.23614,-40.013527,15.000033,25.21628,29.793802,29.793802,28.33653,12.23776,-40.9211,58.212734,-16.842358,1.14989,19.165945,-26.286161,-53.44756,40.725697,86.46858,28.432274,-7.4611993,-5.681925
378,4.119878768920898,-7.25541877746582,63.754539489746094,5.894414925588307,13.162470830043329,151.41889025729353,-72.53065,-19.1779,-14.475519,77.5131,-10.449286,-15.000033,-20.809883,-43.67952,-8.9071,93.06547,-38.534462,15.000033,27.511438,29.793802,29.793802,26.18559,12.4876,-40.402817,57.394035,-13.477261,0.58490914,17.853487,-39.451157,-53.4728,44.728695,83.351326,28.765377,-7.9553165,-7.3628
379,3.774470806121826,-7.6860456466674805,63.52715301513672,5.350671286719948,10.696718949737097,152.0674106161287,-70.46695,-20.742956,-15.050729,78.483864,-10.974088,-15.000033,-13.904038,-44.330143,-13.701801,89.94445,-37.66823,15.000033,29.081926,29.793802,29.793802,25.680435,13.18386,-39.299934,55.6671,-11.719317,-0.4184668,16.884186,-53.11072,-53.47586,48.582054,81.546,29.50643,-8.899973,-6.799192
380,3.4071128368377686,-7.863852500915527,63.74723434448242,4.010760072863818,8.53381372682933,152.95025657397565,-67.71393,-21.37238,-16.38651,78.33195,-11.186118,-15.000033,-6.7328835,-43.637203,-19.17527,84.85785,-35.881565,15.000033,31.247393,29.485403,29.793802,26.455992,14.15367,-38.56227,53.056194,-9.297004,-1.9469103,17.538286,-66.53406,-53.122856,50.825275,78.883354,36.88725,-11.017864,-9.428771
381,2.9293599128723145,-7.77657413482666,64.45244598388672,4.07029813063614,6.508487163400691,155.81642629591866,-63.666103,-23.785086,-17.806786,75.20988,-12.323484,-15.000033,1.4708809,-43.520546,-25.797997,78.898125,-34.05036,15.000033,32.39289,27.546535,29.793802,28.037506,15.484171,-36.35061,49.226135,-7.775542,-2.177737,17.923609,-78.977585,-52.62352,51.93786,77.29627,44.408463,-12.412157,-11.423723
382,2.346189498901367,-7.404607772827148,65.72937774658203,2.6701206622597553,6.4090230530639545,157.2918734857177,-61.341297,-23.41786,-19.834082,73.027,-11.762855,-15.000033,7.756489,-41.586987,-31.278782,72.37248,-31.866993,15.000033,33.989445,25.427084,29.793802,30.076818,16.649954,-33.932888,46.090286,-6.801426,-4.0035815,18.48838,-91.01254,-52.283375,53.71676,75.39816,51.06436,-14.734129,-13.371694
383,1.6179792881011963,-6.801447868347168,66.75128936767578,2.779987893264868,5.426300378703436,158.92010444009046,-57.43677,-25.113962,-22.25272,70.10075,-11.949885,-15.000033,13.2213955,-40.14307,-34.8773,67.04782,-28.686533,15.000033,34.918606,22.676445,29.793802,32.101017,18.085651,-31.843443,43.110023,-5.5330124,-4.615967,19.131655,-101.56289,-51.80486,55.954697,75.41741,55.507217,-14.443027,-15.125351
384,0.8105491399765015,-5.950110912322998,68.06098937988281,2.2213190938550653,5.218731744507065,160.409895680346,-54.2061,-25.330225,-25.080599,67.45123,-11.845078,-15.000033,17.757532,-37.252148,-38.210197,61.16723,-26.2538,15.000033,36.35605,20.126793,28.199558,34.839386,19.715296,-29.941355,40.84566,-4.496975,-4.613142,19.592176,-110.77598,-51.306187,58.71513,75.62109,57.954323,-14.7890215,-15.471312
385,-0.08419637382030487,-4.905781269073486,69.54740142822266,1.6978996845191148,5.349401698044474,161.19184102644718,-50.570496,-25.083277,-28.36489,64.12661,-11.758171,-15.000033,21.624119,-34.11386,-40.926884,54.635876,-22.965809,15.000033,37.816067,17.471802,25.90243,37.37996,21.541868,-27.553856,39.102432,-3.720163,-5.8474154,20.39055,-118.58244,-50.855003,61.963234,74.85004,57.916245,-14.539531,-16.493334
386,-0.9940115809440613,-3.6733641624450684,71.24909210205078,0.9166348633260653,6.302116250473005,161.5066860541007,-47.74868,-23.804903,-31.522974,60.66267,-11.106344,-15.000033,25.225595,-30.653116,-43.913242,47.391045,-19.561584,15.000033,39.101807,14.685312,23.7492,40.994442,23.534374,-23.971529,36.721897,-3.81976,-6.91361,21.726645,-124.89478,-50.2891,64.83877,72.20002,56.288372,-14.564694,-16.99996
387,-1.9038485288619995,-2.330679178237915,73.08293914794922,1.0350997884857605,6.699196723770094,162.2035924712783,-43.94717,-22.599209,-33.87199,55.54131,-9.09874,-15.000033,29.281649,-26.950365,-46.520664,39.17096,-15.177008,15.000033,39.920605,11.107685,21.926615,44.8076,26.2478,-20.034311,34.400303,-2.534039,-8.8197975,23.288021,-130.82878,-49.438267,66.293884,67.46959,53.211536,-15.182214,-17.17635
388,-2.7604377269744873,-0.9077867269515991,74.68968963623047,2.931452021370757,6.9497587234820815,163.6352399726204,-40.24662,-21.95902,-34.53194,48.916496,-5.0938816,-15.000033,33.57889,-23.556093,-50.402195,30.624063,-10.297403,14.685124,39.80917,7.163979,20.854044,54.73294,30.478037,-11.549993,28.4304,-2.8164124,-14.361001,23.395187,-136.01459,-47.983883,65.9309,63.917595,50.108986,-15.694597,-19.201448
389,-3.4833028316497803,0.49601811170578003,75.57640838623047,3.930873858996551,7.117087519160209,164.68163430030646,-39.446266,-19.246937,-31.191168,45.95614,-1.7203351,-15.000033,35.830387,-19.342333,-51.75782,21.579365,-6.4213147,14.714542,40.107147,3.072697,18.818169,67.36133,33.84358,-2.384856,20.734066,-1.3575263,-20.947903,25.945211,-140.64214,-46.645306,67.041885,59.48652,48.383068,-19.774345,-20.696638
390,-4.13671875,1.7748123407363892,76.52705383300781,4.595291267250432,6.860742642949206,164.98594019932338,-36.324284,-17.766562,-31.720304,41.685043,-0.49503425,-15.000033,37.33738,-16.486568,-51.674595,15.832636,-2.48108,14.055897,40.676193,-0.658769,16.850399,77.51521,36.71228,11.408493,12.52377,-0.74581975,-23.51959,25.424202,-144.61127,-45.28512,64.99161,50.734615,44.15101,-24.190357,-20.742533
391,-4.674440860748291,2.8854119777679443,77.28158569335938,5.12797842493416,7.277741439385021,165.01764789908205,-34.43922,-16.657957,-32.551205,38.557247,-0.17893633,-15.000033,38.72741,-13.832744,-51.99291,10.452901,0.2514818,13.596345,41.707493,-2.893288,14.781659,78.53138,37.9463,15.009767,8.83054,0.36484897,-23.814959,22.260122,-147.40907,-44.35144,62.609158,43.291367,42.075966,-27.437593,-21.407679
392,-5.088436126708984,3.7764246463775635,77.59548950195312,6.479275855480141,7.021260120018451,165.8091056343748,-31.705256,-17.109766,-34.59655,34.757355,0.52246904,-15.000033,39.875534,-12.469247,-51.06129,7.3866186,2.9025424,13.40283,42.722557,-4.5882974,12.933154,72.40607,37.939083,5.756642,12.099254,2.8954003,-19.742338,18.181894,-149.3671,-43.758198,60.620514,37.727417,39.93402,-27.107456,-20.975292
393,-5.391025543212891,4.436600685119629,78.61001586914062,6.2744510546655,7.112805797006368,167.56995382690818,-29.03652,-15.888896,-37.49927,29.40017,3.1780906,-15.000033,40.222683,-11.837875,-50.370983,6.880608,6.7137356,12.619288,43.441147,-5.732047,11.064999,65.31807,37.33709,-3.3442762,19.486317,3.8483567,-12.983263,14.715425,-149.80095,-43.02503,58.884506,31.842989,36.76509,-25.11374,-18.943972
394,-5.573984146118164,4.87408971786499,79.73381805419922,4.109734468677711,6.746981486374159,168.35886720984587,-26.5696,-14.144638,-42.328598,26.78447,5.420284,-15.000033,39.73596,-11.734215,-49.24388,6.3704824,11.154157,11.910317,43.948513,-6.2361827,10.857817,55.008526,36.16031,-8.666018,27.508831,4.779081,-5.6788397,13.426957,-150.11781,-42.221497,56.212856,27.589846,40.98291,-24.12601,-9.219666
395,-5.5974507331848145,5.1856184005737305,80.10671997070312,3.381671711813746,5.6863099633111105,169.43193573240222,-24.9882,-12.65351,-42.139957,24.801773,6.9703574,-15.000033,40.33531,-11.424673,-49.963963,5.8948183,14.777689,11.259077,43.639423,-7.3203435,10.075108,52.319004,35.077137,-9.954227,29.514078,4.496352,-5.0707335,12.782801,-149.05466,-41.19139,55.870567,24.610308,39.542126,-23.60957,-8.376588
396,-5.51355504989624,5.427123069763184,80.47017669677734,2.9575904264079527,4.608360516659057,169.87310296663185,-23.008923,-11.055055,-41.78624,21.964024,9.110624,-15.000033,40.836937,-11.103669,-49.732414,5.4034834,18.19824,10.872053,43.43653,-8.268576,9.055457,51.658123,33.75729,-10.666432,29.744486,3.9585814,-5.618834,12.481462,-148.13326,-40.11166,56.84346,22.552267,36.98808,-23.231293,-7.8651886
397,-5.355640411376953,5.650957107543945,80.70855712890625,3.002422425500331,3.8917920782517967,170.00945246579101,-21.505785,-9.800301,-41.007397,19.252836,11.043904,-15.000033,41.27815,-11.01311,-49.83882,5.0858307,21.063623,10.408734,42.548042,-8.5713215,8.0989275,50.816067,32.643566,-11.654259,30.670609,4.1722436,-5.873593,12.248267,-147.86151,-39.07265,56.936096,19.964912,35.07879,-23.811045,-7.7729616
398,-5.159110069274902,5.838013172149658,80.868408203125,2.803881774904891,2.8512482411022777,170.131011326837,-19.57634,-8.390288,-40.476166,16.524235,12.7619095,-15.000033,41.79627,-11.063989,-49.819695,5.0391903,22.976267,10.193842,41.8848,-8.737746,7.330497,49.992397,31.598997,-12.383087,31.807346,3.624646,-6.3039865,12.199933,-147.80559,-38.1381,57.021267,18.85173,34.591763,-24.400211,-7.4205623
399,-4.936286449432373,6.00523042678833,81.0699691772461,2.478003394874874,2.1267016560055385,169.6639129299899,-18.333881,-6.830192,-39.399452,14.73574,13.982333,-15.000033,41.928417,-11.333951,-49.49264,4.906284,25.060415,10.642852,40.574444,-9.009748,6.466026,49.42386,30.884586,-13.671789,32.16199,4.1123133,-6.3640604,12.134718,-147.85826,-37.27846,56.628685,18.048904,34.046738,-24.388845,-7.558405
400,-4.739134788513184,6.131357192993164,81.26351928710938,2.168241543859555,1.5949826321689136,169.3693442717049,-16.976658,-5.3310957,-38.837135,12.28321,15.213371,-15.000033,42.015614,-11.540781,-49.186398,4.789056,26.444464,11.02616,39.65054,-9.027516,5.5349245,48.833805,30.350452,-14.503624,32.443348,3.8691854,-6.5147142,11.598199,-147.88136,-36.596447,56.417297,17.477406,32.68858,-24.517971,-7.7452216
401,-4.546512126922607,6.2327189445495605,81.32941436767578,2.106446850305151,1.3280367576506948,168.60203747595074,-16.565294,-4.091911,-37.094116,11.294,15.1175165,-15.000033,41.86449,-12.084071,-48.559235,4.6662674,26.382689,11.509747,38.73508,-8.920445,4.418727,48.349167,29.781113,-15.535044,33.134724,3.6688526,-6.963128,11.168123,-148.00034,-36.158546,56.71408,17.40652,31.49688,-24.834759,-8.847973
402,-4.421614170074463,6.256933689117432,81.53080749511719,1.5820838444406222,0.641640778753236,168.2542485909365,-15.418289,-2.6364212,-36.01114,9.867489,15.787252,-15.000033,42.12663,-12.211381,-48.54288,4.6037264,27.425714,11.746448,37.471054,-8.8227415,3.6379707,48.0366,29.564512,-17.243238,33.47153,3.5375242,-7.6051636,11.684094,-148.24316,-35.82492,55.658985,17.3503,31.824677,-25.179375,-9.284195
403,-4.358458042144775,6.2458930015563965,81.59992980957031,1.524303540005972,0.26160885806378814,167.77497135644882,-14.575816,-2.1238701,-35.803265,8.945845,16.240486,-15.000033,42.190987,-12.607392,-48.04035,4.5179067,28.089039,12.210867,36.880093,-8.567241,3.0450208,47.835396,29.484392,-17.81735,33.016163,3.8114498,-7.511852,11.624039,-148.36166,-35.607594,55.50141,18.528173,32.673397,-25.196093,-9.287313
404,-4.353590965270996,6.199677467346191,81.7688217163086,1.2289808311311117,0.07073954711174346,167.4707793588631,-13.776657,-1.2331518,-35.336903,7.52381,16.911263,-15.000033,41.95009,-12.874056,-47.714954,4.8946724,28.666317,12.680645,36.355427,-8.339578,2.5690224,47.43475,29.453814,-18.486982,32.80512,4.1305637,-7.9591823,12.256697,-148.40402,-35.542454,55.3436,19.334112,32.461967,-25.064594,-9.921554
405,-4.384964466094971,6.137376308441162,81.90081787109375,0.9546824474769136,-0.24694277217910318,167.2006048425075,-13.257139,-0.69704044,-34.800602,7.205452,17.134848,-15.000033,42.100292,-13.091068,-47.876698,4.8714643,28.610918,13.114514,35.82808,-8.12667,2.2427704,47.256157,29.488998,-19.167112,32.03928,4.875315,-8.142939,12.260599,-148.29323,-35.52631,54.718796,20.024393,32.635586,-24.850574,-10.47983
406,-4.460504531860352,6.078253746032715,82.03292846679688,0.8289636200981366,-0.4276499298750735,166.81712648703473,-12.8835335,-0.4775144,-34.56665,7.1738234,17.17063,-15.000033,42.07078,-13.469814,-47.85936,4.97537,28.725111,13.417353,35.42461,-7.9258475,1.9301224,46.8044,29.59416,-20.05082,31.751963,5.4189076,-8.305326,12.4340725,-148.06107,-35.539986,54.393597,20.795666,33.08327,-25.115667,-10.375571
407,-4.558103561401367,6.028844833374023,82.05431365966797,0.593746482143253,-0.8486215129262374,166.76911122846246,-12.325254,-0.2530698,-34.645035,7.182477,16.859463,-15.000033,42.328884,-13.592828,-47.9473,5.2305155,29.106085,13.678786,35.109196,-7.758149,1.726885,46.299866,29.939756,-20.811098,31.132795,6.0999403,-8.015699,12.89711,-147.92342,-35.560722,53.833675,21.813265,33.685356,-24.872667,-10.558012
408,-4.66328763961792,6.006336212158203,82.11874389648438,0.3847982093962491,-0.9315247728808701,166.842108828108,-12.182441,-0.04454857,-34.73891,7.169656,16.473454,-15.000033,42.399178,-13.463565,-48.054863,4.9615626,28.728003,14.063233,34.950485,-7.7892866,1.4721025,45.77409,30.32569,-21.49918,30.811867,6.427908,-7.1142287,12.5337715,-147.41171,-35.549694,53.72525,22.392994,34.124355,-24.179186,-11.153991
409,-4.794818878173828,5.998274326324463,82.1932601928711,0.1776182184140054,-0.9050315846716246,166.93740945172743,-12.116333,0.15957342,-34.61469,7.1650424,16.075533,-15.000033,42.255867,-13.390885,-47.910683,5.0086427,28.824121,14.538375,34.885826,-7.6723757,1.2254725,45.462486,30.72822,-22.20188,30.510857,6.8650494,-7.153062,12.3793745,-147.13264,-35.530567,53.312744,22.377325,33.967133,-24.274944,-11.290314
410,-4.924793720245361,6.016912460327148,82.22557067871094,0.13163968775683102,-0.86197914494603,166.99716622161807,-12.034069,0.16094536,-34.77488,7.151388,15.483987,-15.000033,42.272232,-13.383821,-48.02969,4.8165717,28.474684,14.700629,34.92991,-7.44251,1.114133,44.91978,31.205524,-23.078753,30.304138,7.4330735,-6.820747,12.662041,-147.0046,-35.48448,52.62871,22.53196,34.520725,-24.01404,-11.659707
411,-5.044803619384766,6.054530143737793,82.15721893310547,0.4259180313331102,-0.9167797574733642,167.0681482453459,-11.900628,-0.10986923,-34.427303,7.158628,15.400952,-15.000033,42.47396,-13.736077,-48.268574,4.8231955,27.767214,14.529949,34.81851,-7.40551,1.139738,44.88264,31.60946,-23.399412,29.88352,7.819068,-6.8261576,12.992129,-146.93913,-35.419003,52.49151,23.082039,35.252224,-23.424252,-12.162883
412,-5.143426895141602,6.098439693450928,82.1634521484375,0.4264288682482582,-1.0828146659985107,167.20062963134225,-11.70509,0.00059272023,-33.944782,7.1521263,15.372532,-15.000033,42.64471,-13.751462,-48.25126,4.9011226,27.52052,14.408296,34.760616,-7.3818445,1.118354,44.78393,32.029606,-23.753904,29.42474,8.19621,-6.896324,13.242296,-146.9502,-35.370667,51.93725,23.572777,36.373455,-23.612072,-11.752549
413,-5.228113174438477,6.144087314605713,82.14761352539062,0.442511140007575,-1.1094169207475666,167.27540547155982,-11.616578,-0.034912348,-33.924145,7.18702,15.201533,-15.000033,42.7083,-13.804578,-48.395058,4.944354,27.214388,14.458162,34.866463,-7.3474593,1.1450341,44.689835,32.351147,-23.743431,29.151608,8.503923,-6.688985,13.224531,-147.07664,-35.339787,51.58223,23.79817,36.90607,-23.736307,-11.47412
414,-5.279647350311279,6.194844722747803,82.15098571777344,0.4060868438559458,-1.1621872326543439,167.3976552907553,-11.569488,0.11609839,-33.654987,7.1480637,14.918929,-15.000033,42.759724,-13.74511,-48.43168,4.9500327,26.794813,14.456924,34.759018,-7.277919,0.96893144,44.633488,32.815598,-24.498598,28.452057,8.905591,-6.995367,13.746286,-146.87166,-35.292805,50.99548,23.851778,37.122353,-23.820486,-11.560814
415,-5.328860759735107,6.238736152648926,82.17566680908203,0.4918335956026195,-1.1514142860395447,167.32965135742236,-11.482582,0.021354739,-33.744015,7.152427,14.935999,-15.000033,42.76075,-13.916277,-48.61586,4.9755583,26.65122,14.385049,34.804348,-7.2783756,0.905205,44.77171,33.104057,-24.49504,28.19307,9.049796,-6.8347445,13.518673,-146.87497,-35.25961,51.246216,24.137094,37.242184,-23.516966,-12.044983
416,-5.356562614440918,6.277291297912598,82.1678695678711,0.6623652221921099,-1.191507976744673,167.26579388314605,-11.400181,-0.048519775,-33.376835,7.1261206,15.001653,-15.000033,42.809,-14.14734,-48.67317,5.014768,26.03582,14.322423,34.736633,-7.278946,0.8161822,44.953934,33.373707,-24.707968,27.742592,9.360694,-7.1084685,14.114553,-146.56154,-35.179417,51.265553,24.040949,37.07253,-23.387926,-12.416749
417,-5.382501125335693,6.300632476806641,82.12664794921875,0.7232346734037745,-1.4718104404799968,167.46574017306835,-11.097797,-0.16055782,-33.372765,7.1278567,14.9551525,-15.000033,43.14556,-14.153777,-48.784603,5.1142855,26.055628,14.118498,34.69661,-7.1495223,0.7979122,45.077087,33.613903,-24.698196,27.21437,9.526186,-7.076869,13.840149,-146.39009,-35.113483,51.273438,24.152514,36.999195,-23.423325,-12.025088
418,-5.407839298248291,6.31490421295166,82.09758758544922,0.82323444816415,-1.7098586823198987,167.4077669815122,-10.764787,-0.30813873,-33.435978,7.141355,15.052074,-15.000033,43.419964,-14.326253,-48.904377,5.150342,26.080767,13.877254,34.583103,-7.041072,0.7526208,45.284294,33.823044,-25.025236,26.786179,9.600611,-6.997317,13.214802,-146.29272,-35.084312,51.504925,24.21204,36.946564,-23.690676,-11.52974
419,-5.422931671142578,6.3271484375,82.201171875,0.6388867810512131,-1.7438416222562525,167.4943990007704,-10.727115,-0.12676628,-33.493626,7.129758,15.174129,-15.000033,43.35916,-14.131389,-48.899582,5.214097,26.266806,13.856009,34.591095,-7.0251465,0.6344563,45.20981,33.974316,-25.191868,26.600292,9.756273,-7.576254,14.132257,-146.14519,-35.058815,50.995377,24.014093,36.792408,-23.740887,-12.142833
420,-5.441539764404297,6.342793941497803,82.20231628417969,0.7439830076686262,-1.7490231063942714,167.44458568364,-10.676419,-0.23062992,-33.470917,7.1236467,15.211891,-15.000033,43.35903,-14.278516,-48.905712,5.2365413,26.247372,13.775998,34.43767,-7.0124,0.5492298,45.37003,34.10744,-25.379622,26.403023,9.775233,-7.5659037,14.059729,-146.03174,-35.040966,51.049923,23.948391,37.104477,-23.699305,-12.044761
421,-5.457151889801025,6.3629279136657715,82.20818328857422,0.8537495734692251,-1.71681241149777,167.39488767408594,-10.677937,-0.2917175,-33.243702,7.099202,15.12371,-15.000033,43.305164,-14.396047,-48.80484,5.2428527,26.1142,13.777976,34.366936,-6.922126,0.41109842,45.304287,34.22013,-25.697891,26.499317,9.967085,-7.982182,14.012971,-145.88274,-35.021446,51.118202,23.819288,37.091564,-24.059425,-11.431844
422,-5.467996597290039,6.393162250518799,82.21451568603516,0.9510483606130463,-1.767513222313971,167.51838609781163,-10.627843,-0.38671616,-33.23238,7.0637817,15.186472,-15.000033,43.369816,-14.408521,-48.763916,5.270081,26.249598,13.621862,34.255775,-6.8628,0.2777255,45.110138,34.43761,-26.193394,26.500154,10.03575,-8.058759,14.150172,-145.6779,-34.98062,51.20469,23.981394,37.292812,-23.875847,-11.665872
423,-5.480491638183594,6.426549911499023,82.19869232177734,0.9691120194410422,-1.958262883143095,167.6420950170156,-10.3911705,-0.50885177,-33.59571,7.070919,15.128205,-15.000033,43.654682,-14.394614,-49.103077,5.3245416,26.352262,13.374779,34.340984,-6.6882505,0.19894707,44.829193,34.627735,-26.364176,26.561716,10.133621,-7.667172,13.547601,-145.46487,-34.948357,51.17433,24.226065,37.56087,-23.529713,-11.469394
424,-5.487998008728027,6.467784404754639,82.19837188720703,1.025720087989597,-1.9642295985133167,167.7534035052983,-10.404987,-0.5172129,-33.425285,7.043216,15.115966,-15.000033,43.685772,-14.362342,-49.121815,5.336297,26.423595,13.259385,34.324936,-6.6180243,0.078650415,44.723408,34.776382,-26.479094,26.557358,10.163406,-7.76935,13.502129,-145.27298,-34.912365,51.10587,24.22694,37.705757,-23.487001,-11.357961
425,-5.499203681945801,6.510458946228027,82.17048645019531,1.2528795830629058,-2.1308009630307403,167.66159665891863,-10.164249,-0.6978765,-33.3063,7.0174985,15.189636,-15.000033,43.883797,-14.616735,-49.089005,5.3834853,26.207417,12.92499,34.266827,-6.562767,0.022706335,44.74397,34.99168,-26.804115,26.482391,10.191936,-8.200564,14.033988,-144.87209,-34.815342,51.105038,24.359499,38.144306,-23.543558,-11.413889
426,-5.518255233764648,6.541959762573242,82.11856842041016,1.4932677621207353,-2.152005990631294,167.55034206142,-10.076979,-0.93325555,-33.27794,7.0160823,15.079471,-15.000033,43.92964,-14.883977,-48.965652,5.406595,25.72383,12.805382,34.28444,-6.51566,-0.077921845,44.83955,35.148243,-26.98117,26.453688,10.109724,-8.624592,14.050425,-144.63962,-34.69689,51.28555,24.45302,38.00342,-23.583578,-11.22606
427,-5.546522617340088,6.550237655639648,82.11853790283203,1.500359283785567,-2.1259140755365666,167.58997380473315,-10.067566,-1.0057076,-33.501945,7.0213404,14.865042,-15.000033,43.966103,-14.901956,-49.21768,5.42847,25.211779,12.725884,34.41394,-6.397077,-0.21098828,44.75546,35.181606,-26.982964,26.531338,10.269429,-8.367389,13.901595,-144.51224,-34.65903,51.159973,24.352886,38.13239,-23.493967,-11.242537
428,-5.585983753204346,6.533158779144287,82.10254669189453,1.5464001180193738,-2.0803636407244666,167.55368796139405,-10.076194,-1.0677949,-33.47345,7.0241437,14.699304,-15.000033,43.98859,-15.010672,-49.428135,5.4162264,24.83486,12.646516,34.45305,-6.3026524,-0.32813752,44.86702,35.190117,-26.888971,26.623547,10.272486,-8.165299,13.738371,-144.50204,-34.58952,51.10223,24.38262,38.29819,-23.333405,-10.948848
429,-5.631338119506836,6.486520290374756,82.09022521972656,1.5418851291747848,-2.103628167580046,167.6660344671159,-10.044354,-1.1388624,-33.50582,7.009621,14.520689,-15.000033,44.110386,-15.012272,-49.68976,5.397398,24.447044,12.556222,34.5398,-6.191834,-0.4202354,44.85506,35.189083,-26.924776,26.621517,10.265095,-8.122244,13.421848,-144.50711,-34.57292,50.995014,24.351286,38.31962,-23.41974,-10.726841
430,-5.682391166687012,6.412270545959473,82.1226577758789,1.4295364545668316,-2.083877164926388,167.77888367649018,-10.058197,-1.1100749,-33.561085,6.994086,14.358665,-15.000033,44.125454,-14.935042,-49.880108,5.3979406,24.199211,12.523373,34.488373,-6.095391,-0.50924623,44.917362,35.181087,-27.143635,26.562284,10.301752,-8.034635,13.247889,-144.64047,-34.556335,50.666344,24.26342,38.27512,-23.370064,-10.860115
431,-5.732265472412109,6.315608501434326,82.16883850097656,1.2354104972975024,-2.080662687412489,167.8717660093945,-10.070592,-0.98239917,-33.54546,6.992185,14.212659,-15.000033,44.100243,-14.797937,-49.914,5.405843,23.953264,12.627233,34.516678,-5.988057,-0.61950743,44.981358,35.14098,-27.322948,26.523506,10.277107,-7.939,13.129692,-144.7809,-34.562553,50.282444,24.229158,38.5385,-23.578302,-10.76309
432,-5.7807722091674805,6.211543560028076,82.17406463623047,1.2090966636473661,-2.1410689613024045,167.91973420522746,-10.011081,-1.0232432,-33.4492,6.978339,14.235962,-15.000033,44.181126,-14.855941,-49.97045,5.4222775,23.640862,12.6361,34.41788,-6.0000467,-0.72289354,45.22356,35.08975,-27.479692,26.322264,10.0142565,-8.145366,12.8481045,-144.75131,-34.58548,50.116554,24.364616,38.37292,-23.484106,-11.026955
433,-5.830445289611816,6.101577281951904,82.19930267333984,1.1209229490704316,-2.2019861234895197,167.94462627554137,-9.941686,-1.0014974,-33.349476,6.977686,14.2517605,-15.000033,44.224148,-14.856446,-49.91508,5.4263716,23.5525,12.648807,34.3605,-5.9859133,-0.80704087,45.355705,35.00975,-27.745012,26.22969,9.901218,-8.383162,12.847543,-144.71022,-34.630978,49.825035,24.382143,38.514305,-23.726395,-10.953538
434,-5.882216453552246,5.993886470794678,82.2506103515625,0.9875240220255146,-2.192481085931722,168.08561183218745,-9.984997,-0.88901657,-32.981556,6.9501753,14.427956,-15.000033,44.22142,-14.756252,-49.98278,5.4310336,23.49077,12.58085,34.34995,-5.9372993,-0.92451644,45.530464,34.920082,-27.789288,26.065037,9.743869,-9.017706,13.269629,-144.65868,-34.68499,49.59211,24.190638,38.24014,-24.079426,-11.126231
435,-5.929027080535889,5.900934219360352,82.27994537353516,0.8540209974901295,-2.263466416590899,168.1661805810466,-9.918599,-0.81041217,-32.909157,6.9507985,14.430275,-15.000033,44.30873,-14.688261,-50.096687,5.438487,23.678307,12.549671,34.17813,-5.9327364,-0.98503554,45.641895,34.77624,-27.988714,26.075691,9.6478195,-9.042747,13.157099,-144.61955,-34.794624,49.283123,24.088037,38.333294,-24.134184,-11.171425
436,-5.9754414558410645,5.824263572692871,82.31209564208984,0.7645521316753457,-2.2521823658054045,168.23506247099306,-9.925929,-0.7771145,-32.850517,6.942462,14.407717,-15.000033,44.310543,-14.652934,-50.19632,5.4478035,23.638237,12.514516,34.104027,-5.931008,-1.0409889,45.736378,34.701916,-28.12376,26.060936,9.5702305,-9.198299,13.224082,-144.64944,-34.859093,49.090275,23.908564,38.277077,-24.224815,-11.287577
437,-6.021320819854736,5.763045787811279,82.33783721923828,0.6275912495809147,-2.3205207003702175,168.32975334499648,-9.823127,-0.7705667,-33.12546,6.9620194,14.265086,-15.000033,44.410797,-14.573261,-50.41802,5.500693,23.52442,12.425723,34.077553,-5.902805,-1.0474837,45.733612,34.63948,-28.254156,26.072035,9.584267,-9.172552,13.261476,-144.75299,-34.931118,48.853245,23.872591,38.580467,-24.380894,-11.27176
438,-6.061452388763428,5.723749160766602,82.35075378417969,0.6283590088432512,-2.3014320125984926,168.39326977947613,-9.859023,-0.7421444,-32.8155,6.9398713,14.394524,-15.000033,44.439415,-14.597104,-50.58434,5.507317,23.401339,12.373545,34.000732,-5.942833,-1.0790083,45.75803,34.562164,-28.257416,26.197187,9.517843,-9.360448,13.254578,-144.68306,-35.01258,48.72713,23.654804,38.457382,-24.347437,-11.16002
439,-6.104834079742432,5.699318885803223,82.36327362060547,0.6294304858183001,-2.3087440421505727,168.40475575283403,-9.805661,-0.804493,-32.9471,6.939834,14.333226,-15.000033,44.523083,-14.6639385,-50.91198,5.52985,23.123655,12.13722,33.980587,-5.948314,-1.1133679,45.81193,34.515568,-28.167627,26.241455,9.545448,-9.350156,13.41806,-144.71411,-35.063858,48.798504,23.58395,38.572727,-24.36345,-11.181169
440,-6.1470160484313965,5.686181545257568,82.31864166259766,0.7617557477885535,-2.440836900350082,168.33179570075234,-9.594062,-1.0034524,-33.108356,6.9550743,14.284991,-15.000033,44.73837,-14.867033,-51.06248,5.5413074,22.823008,12.042144,33.891586,-6.002855,-1.084272,45.896393,34.51007,-28.196459,26.244162,9.650801,-9.341333,13.27759,-144.58948,-35.071976,48.819767,23.71604,38.605015,-24.236166,-11.352286
441,-6.196864128112793,5.674856662750244,82.35330963134766,0.7148459456710325,-2.3688204806515767,168.39071991764973,-9.653428,-0.9497632,-33.00876,6.948693,14.217774,-15.000033,44.712772,-14.84588,-51.315453,5.5730634,22.67439,11.919437,33.90935,-5.992979,-1.1007397,45.84056,34.50865,-28.221472,26.452845,9.665103,-9.30367,13.314672,-144.72377,-35.076187,48.77583,23.542242,38.897934,-24.322851,-11.026145
442,-6.255545616149902,5.661357402801514,82.36422729492188,0.6770783612288712,-2.3934545943343988,168.39780850321296,-9.558047,-0.9882252,-33.245228,6.9641128,14.042807,-15.000033,44.813255,-14.874131,-51.62636,5.609477,22.608973,11.735303,33.956074,-5.974673,-1.1130611,45.777866,34.488712,-28.190807,26.737103,9.581574,-9.2499695,13.349349,-144.77187,-35.09041,48.71716,23.511902,38.85734,-24.168598,-10.967062
443,-6.312813758850098,5.6459503173828125,82.32543182373047,0.8461471543143728,-2.412474473674578,168.18999909841952,-9.48554,-1.029441,-32.712257,6.9454336,14.000347,-15.000033,44.8902,-15.158378,-51.65949,5.572371,22.246492,11.7037735,33.86241,-6.103322,-1.1663988,45.97934,34.389797,-28.142017,26.991241,9.408846,-9.822058,13.361052,-144.65376,-35.12787,48.96544,23.531221,38.77969,-24.349432,-10.446412
444,-6.38327693939209,5.6147685050964355,82.40209197998047,0.6926091925209403,-2.2610745076500596,168.32506328078608,-9.664181,-0.8280426,-32.40054,6.929439,14.015565,-15.000033,44.76132,-14.998823,-51.867302,5.581883,22.475813,11.642739,33.798607,-6.1301265,-1.1527551,45.81253,34.230064,-28.11808,27.615196,9.156007,-9.899593,13.362407,-144.94664,-35.193954,48.607254,23.133135,38.942177,-24.579863,-10.148741
445,-6.457189559936523,5.573390960693359,82.39031219482422,0.7604494097201969,-2.210108505020988,168.33277015029165,-9.708035,-0.8138708,-31.865053,6.896563,14.006852,-15.000033,44.723892,-15.074444,-51.673798,5.5713134,22.280489,11.596081,33.735054,-6.2007055,-1.2182497,45.91519,34.084152,-27.959242,27.894709,8.896944,-10.359244,13.331154,-144.98302,-35.251915,48.746243,23.060165,38.675327,-24.723063,-9.742111
446,-6.533466815948486,5.521228790283203,82.4119873046875,0.7635774030206278,-2.143190592372584,168.19860104221476,-9.708715,-0.7884778,-31.727034,6.870705,13.981695,-15.000033,44.693623,-15.222831,-51.829926,5.557681,21.969156,11.49235,33.659416,-6.2170825,-1.2943319,45.97309,33.891296,-28.117376,28.192001,8.77204,-10.188593,12.992324,-145.076,-35.34217,48.806717,22.829313,38.70184,-24.76297,-9.919668
447,-6.613231658935547,5.454792499542236,82.44114685058594,0.6966932249391292,-2.0531356267586465,168.1520538626402,-9.756875,-0.71914274,-31.579063,6.8589354,13.803308,-15.000033,44.60281,-15.240007,-51.791252,5.537299,22.019617,11.480955,33.669937,-6.2675676,-1.3832934,46.064857,33.654552,-27.843513,28.592901,8.60886,-10.381904,13.461319,-145.29327,-35.44027,48.819534,22.81181,38.871548,-24.836275,-9.78193
448,-6.691274642944336,5.379560470581055,82.47926330566406,0.598224642651621,-1.9674656579570533,168.11675863817624,-9.789964,-0.67317474,-31.654083,6.8525677,13.620161,-15.000033,44.555294,-15.259468,-52.005413,5.52616,22.031622,11.471103,33.678867,-6.287245,-1.4242787,46.049805,33.341736,-27.632956,29.008898,8.452993,-10.1993885,13.135549,-145.46246,-35.579037,48.593548,22.54151,39.00113,-24.929996,-9.688762
449,-6.764468669891357,5.296487331390381,82.4833984375,0.5757156271708858,-1.9696454076295065,168.07100094101693,-9.744643,-0.69037545,-31.519594,6.8542304,13.615663,-15.000033,44.580795,-15.3388,-52.01527,5.5144615,22.07136,11.502698,33.614883,-6.306147,-1.4368331,46.0646,33.090717,-27.666471,29.37609,8.297527,-10.4256935,13.164058,-145.55075,-35.694912,48.46206,22.465048,39.02211,-24.9687,-9.656447
450,-6.8313679695129395,5.21141242980957,82.49755859375,0.49975389571407874,-1.9276576007800548,168.04639619146448,-9.736943,-0.7196466,-31.70895,6.865295,13.4251375,-15.000033,44.583427,-15.383766,-52.232704,5.516786,22.00859,11.53399,33.62308,-6.2952485,-1.4597243,45.95109,32.821144,-27.716345,29.824099,8.168156,-10.304624,12.840738,-145.63806,-35.821056,48.215958,22.269032,39.10446,-24.931204,-9.576617
451,-6.888788223266602,5.1275739669799805,82.4759292602539,0.5031261576295126,-1.9325043650454383,167.9955520069563,-9.690358,-0.8086261,-31.800344,6.875344,13.187098,-15.000033,44.67225,-15.516371,-52.51522,5.5108666,21.813076,11.548339,33.623188,-6.295305,-1.4878488,45.918743,32.558685,-27.708158,30.186415,8.050247,-10.296848,12.550094,-145.63177,-35.934513,48.177395,22.199585,39.022102,-24.836979,-9.741587
452,-6.941022872924805,5.043008327484131,82.46204376220703,0.48076663553754234,-1.917915838665574,168.0428812409379,-9.686136,-0.89080703,-31.938478,6.8745627,12.940734,-15.000033,44.737694,-15.57639,-52.78386,5.5296154,21.584564,11.4810505,33.65153,-6.262515,-1.4894384,45.799206,32.34518,-27.692112,30.55882,7.9419327,-10.008137,12.057891,-145.72823,-36.031807,48.143288,22.118324,39.096195,-24.773996,-9.634851
453,-6.985379695892334,4.9555344581604,82.46041870117188,0.49363759399784746,-1.9054519929878078,168.02511590731572,-9.69255,-0.9192064,-31.70314,6.8560605,12.892874,-15.000033,44.738346,-15.669493,-52.78826,5.5236077,21.357977,11.4654875,33.561195,-6.25951,-1.5377362,45.705235,32.10424,-27.996077,30.909412,7.8272753,-10.225931,12.0484,-145.6677,-36.155544,48.12144,21.968187,39.03715,-24.855974,-9.728689
454,-7.028378486633301,4.863897800445557,82.49113464355469,0.43294622455955833,-1.7991387543053519,168.03974388765113,-9.795594,-0.9149724,-31.67218,6.8404417,12.807966,-15.000033,44.591934,-15.681004,-52.6995,5.5423436,21.315077,11.425337,33.57255,-6.2356467,-1.5726378,45.58702,31.894335,-28.127075,31.232327,7.7226553,-10.04649,11.862685,-145.79164,-36.276287,48.007137,21.692287,39.26182,-24.976692,-9.530417
455,-7.062002182006836,4.768862247467041,82.4515151977539,0.5007670184833475,-1.831577516343348,167.82948397247273,-9.704704,-1.0531247,-31.775951,6.8548417,12.637693,-15.000033,44.653248,-15.960355,-52.82886,5.540429,20.961407,11.5186405,33.67285,-6.263517,-1.5382549,45.802505,31.67975,-27.966545,31.140276,7.5854897,-9.806814,11.491334,-145.85521,-36.403057,48.073345,21.721766,39.01724,-25.02792,-9.735042
456,-7.094920635223389,4.6638503074646,82.45527648925781,0.4462183949457258,-1.85103639523024,167.7628801444906,-9.659443,-1.0850942,-31.864582,6.8587236,12.5409775,-15.000033,44.6356,-16.033089,-52.75391,5.5533743,20.901281,11.566349,33.69509,-6.258554,-1.5444305,45.873413,31.411179,-27.915667,31.191488,7.462362,-9.708557,11.267935,-145.95354,-36.593693,48.023933,21.675392,39.1507,-25.188866,-9.719802
457,-7.123965740203857,4.5535502433776855,82.47601318359375,0.35432110816074436,-1.8041125532774376,167.71327561340422,-9.697483,-1.0803127,-31.97523,6.8602767,12.442875,-15.000033,44.55773,-16.062008,-52.76558,5.539077,20.854948,11.668104,33.761192,-6.2595057,-1.5670952,45.8935,31.139763,-27.815954,31.321579,7.319583,-9.569069,10.963188,-146.05605,-36.801964,47.868065,21.50056,39.211624,-25.358349,-9.6886215
458,-7.149413108825684,4.440664291381836,82.47815704345703,0.33044471306544126,-1.8222208307091932,167.6242816854614,-9.670619,-1.1017413,-31.88575,6.854673,12.4159355,-15.000033,44.55458,-16.180283,-52.765755,5.530302,20.721317,11.702492,33.7759,-6.271976,-1.5803223,45.996548,30.870377,-27.756605,31.366306,7.108465,-9.658838,10.82589,-146.09525,-37.02497,47.87752,21.44832,39.16574,-25.542444,-9.77774
459,-7.172746181488037,4.326097011566162,82.50299835205078,0.2719563533622789,-1.808410586941151,167.5791112949017,-9.685198,-1.0890813,-31.787983,6.83855,12.419595,-15.000033,44.507824,-16.240498,-52.76934,5.5224185,20.685951,11.696602,33.777905,-6.2574067,-1.5989908,46.047188,30.635824,-27.785673,31.43514,6.9357977,-9.8546,10.825489,-146.14406,-37.23963,47.795525,21.278065,39.089268,-25.73405,-9.998648
460,-7.188049793243408,4.213982582092285,82.50373840332031,0.27867905606592824,-1.841647959339486,167.4608612567962,-9.651014,-1.1015073,-31.553232,6.824774,12.466227,-15.000033,44.506794,-16.387459,-52.708763,5.4927864,20.654627,11.72145,33.742016,-6.2803726,-1.596403,46.164684,30.384163,-27.857111,31.469149,6.7864933,-10.001985,10.788347,-146.18367,-37.480236,47.915215,21.241528,39.182377,-25.880726,-10.130797
461,-7.198298931121826,4.102272033691406,82.55009460449219,0.15813878821927846,-1.7855813735030683,167.4798307161565,-9.7420225,-1.0020353,-31.354136,6.8031282,12.466437,-15.000033,44.371822,-16.339966,-52.610638,5.4940124,20.780287,11.742634,33.717674,-6.2470274,-1.6111684,46.072556,30.175526,-28.085562,31.659029,6.690643,-10.219685,10.82393,-146.32187,-37.729023,47.809402,20.996117,39.16777,-26.14195,-10.026694
462,-7.1942901611328125,3.998486042022705,82.55706787109375,0.11783386710536002,-1.8107330547737692,167.43517880175477,-9.757048,-0.9216311,-30.976849,6.775545,12.452759,-15.000033,44.355316,-16.394846,-52.56479,5.4770083,20.70545,11.658655,33.68203,-6.246703,-1.6234808,46.11767,29.982302,-28.225563,31.659824,6.6077623,-10.528093,10.83903,-146.36194,-37.983273,47.920002,20.98036,39.001083,-26.428717,-10.2133665
463,-7.179400444030762,3.897552490234375,82.57732391357422,-0.020067820639743644,-1.7916481813264558,167.35647528444204,-9.775766,-0.90123254,-31.3134,6.7868085,12.266993,-15.000033,44.290356,-16.387587,-52.67925,5.454319,20.70863,11.74841,33.854923,-6.2273355,-1.621364,46.148033,29.766645,-27.975529,31.577349,6.5371666,-10.206654,10.456226,-146.47035,-38.251057,47.82277,20.86515,39.200317,-26.548841,-10.236705
464,-7.150938987731934,3.80513334274292,82.53789520263672,0.02885194440501177,-1.9227404630295166,167.21137448375342,-9.639185,-1.002215,-31.320042,6.7862763,12.203532,-15.000033,44.40409,-16.563251,-52.664017,5.4095817,20.648129,11.736185,33.87122,-6.2593203,-1.620506,46.235424,29.562065,-27.975395,31.444447,6.555489,-10.457104,10.464689,-146.3154,-38.512432,48.046154,21.074694,39.14738,-26.661142,-10.49228
465,-7.116644859313965,3.7197299003601074,82.55110931396484,-0.00179063450773729,-1.9402881901776543,167.2573738151894,-9.681139,-0.9944137,-31.178354,6.7586436,12.237335,-15.000033,44.35955,-16.549623,-52.5465,5.399261,20.777126,11.56571,33.898293,-6.238852,-1.6270218,46.094933,29.46855,-28.090849,31.41544,6.428774,-10.812747,10.669459,-146.31862,-38.683136,48.10954,21.118317,39.180855,-27.128662,-10.396971
466,-7.078605651855469,3.6371898651123047,82.56468963623047,-0.026456732498032612,-2.016182202620296,167.2625351133085,-9.641812,-0.9999443,-31.062565,6.7291627,12.405683,-15.000033,44.384853,-16.539696,-52.44558,5.3327093,21.056349,11.443537,33.90501,-6.2011046,-1.665762,46.072792,29.383343,-28.140873,31.338648,6.286025,-11.226544,10.681052,-146.27945,-38.844856,48.40588,21.266525,39.019173,-27.362782,-10.6535
467,-7.040189266204834,3.5598576068878174,82.5729751586914,-0.12581425971109797,-2.01965852548623,167.27761671959547,-9.696057,-0.9435715,-31.125597,6.729854,12.343861,-15.000033,44.35663,-16.46535,-52.475307,5.2647996,21.421915,11.389797,34.03521,-6.1841946,-1.6349316,45.954685,29.247295,-27.923653,31.290598,6.182013,-11.153355,10.620759,-146.33275,-39.110607,48.32383,21.23106,39.044228,-27.482565,-10.876525
468,-7.008702278137207,3.489102363586426,82.5475082397461,-0.024334424655242763,-2.226330722814453,167.22113508689063,-9.510972,-1.0218343,-30.875954,6.699097,12.669362,-15.000033,44.586304,-16.64041,-52.594635,5.2563677,21.365887,11.140595,33.92341,-6.2537518,-1.5356538,46.093945,29.165941,-27.83387,31.057917,6.094376,-11.941214,11.22138,-146.26137,-39.274292,48.558605,21.57323,39.069786,-28.01769,-11.371726
469,-6.993203639984131,3.4150068759918213,82.60621643066406,-0.23314438302180904,-2.0027384099607404,167.37256512599228,-9.848003,-0.7938467,-30.696228,6.68007,12.58093,-15.000033,44.248367,-16.356123,-52.351665,5.197871,21.754904,11.252935,34.095127,-6.2661433,-1.4794241,45.92056,28.99329,-27.204971,31.256002,5.949254,-11.517208,10.739907,-146.69737,-39.553436,48.260216,21.207497,39.00348,-28.130775,-11.1138735
470,-6.99382209777832,3.344205379486084,82.59759521484375,-0.22508299393577247,-2.019030270786391,167.2820898670322,-9.8466425,-0.7730983,-30.497257,6.6632495,12.671342,-15.000033,44.251774,-16.43958,-52.35668,5.1379952,21.622032,11.092387,34.044655,-6.3318295,-1.4348032,46.076366,28.896646,-26.992708,31.039213,5.8901205,-11.351543,10.592554,-146.8332,-39.737816,48.404987,21.322836,39.089073,-28.160625,-10.934649
471,-7.011441707611084,3.2743074893951416,82.58243560791016,-0.20299080869025435,-1.9559300988178299,167.14681812776826,-9.946156,-0.8073483,-30.407639,6.75733,12.544354,-15.000033,44.160427,-16.51424,-52.1972,5.009465,21.748854,11.071263,34.055115,-6.5084968,-1.3395754,46.193928,28.698137,-26.45186,31.1985,5.7551975,-11.45656,10.774376,-147.1548,-40.006065,48.491867,21.46577,39.05009,-28.224087,-11.150212
472,-7.048107147216797,3.202342987060547,82.6198501586914,-0.2079494300376146,-1.704907990803847,166.94271908613058,-10.353605,-0.8616701,-30.216732,7.1443553,12.303847,-15.000033,43.896244,-16.600546,-52.27846,4.8228097,21.867733,11.162814,34.174572,-6.708336,-1.2838666,46.009384,28.603056,-26.246084,31.578835,5.7228646,-11.16549,10.706053,-147.60318,-40.184395,48.460026,21.460817,39.449013,-28.34892,-10.753592
473,-7.09304666519165,3.1304984092712402,82.66254425048828,-0.24964369517438154,-1.4204938476465911,166.87404127590165,-10.911816,-0.95961857,-30.052439,7.7414966,12.141203,-14.963715,43.543972,-16.531105,-52.023136,4.644505,21.80508,11.29335,34.22363,-6.9308534,-1.1224296,45.824055,28.463295,-25.714396,31.94688,5.614375,-10.902164,10.489843,-148.12563,-40.502792,48.42787,21.543934,39.549015,-28.318123,-10.657206
474,-7.142560005187988,3.062943935394287,82.60277557373047,-0.08715328821403759,-1.2744585980679441,166.6993429745943,-11.351451,-1.2935371,-29.752686,8.49376,11.763635,-14.71598,43.54177,-16.700712,-52.256668,4.3314447,21.464148,11.084245,34.306534,-7.173469,-0.90035486,45.66819,28.443829,-25.215607,32.00601,5.526881,-10.857268,10.299437,-148.45573,-40.815178,48.60372,22.399101,39.969883,-28.90416,-10.341422
475,-7.186070919036865,3.0014140605926514,82.58995819091797,0.11967783722033525,-0.8645826928348422,166.43094571304457,-12.096189,-1.6139356,-29.262476,9.265527,11.441887,-14.244107,43.10769,-16.929525,-52.214756,4.1245513,20.987738,11.373829,34.56829,-7.4170218,-0.56831855,45.383595,28.317825,-23.832085,32.50477,4.9132247,-10.418982,10.20043,-148.89268,-41.167244,49.02521,23.692263,40.072342,-28.34729,-10.575843
476,-7.2159833908081055,2.940882444381714,82.54962921142578,0.23267734997773973,-0.4699901158114587,166.4103523319718,-13.064508,-1.9354665,-28.699432,10.415234,10.917841,-13.793935,42.80581,-16.892836,-52.653553,3.9008262,20.787596,11.498978,34.700962,-7.4310746,0.09861371,44.181072,28.303934,-22.732368,33.490494,4.2873607,-9.632113,9.42834,-149.10739,-41.590103,48.662663,25.772894,40.580376,-28.23187,-10.648818
477,-7.218836307525635,2.8806869983673096,82.51187133789062,0.2276407746232199,-0.11061616843103014,166.28061706700967,-14.009664,-2.1540635,-28.341562,11.6416235,10.248744,-13.438871,42.305473,-16.814758,-52.77662,4.0262475,20.078663,11.722062,34.734047,-7.2812595,1.0666196,42.336742,28.465807,-21.855904,34.866554,4.365533,-9.053056,9.051664,-148.97696,-42.11072,48.068474,28.076023,40.80528,-28.024134,-10.994792
478,-7.193099021911621,2.8244166374206543,82.3917465209961,0.32233209899873644,0.3069903314140267,166.41684474514673,-15.004232,-2.6052537,-28.415764,12.721883,9.361402,-13.240401,41.697212,-16.506983,-52.507767,4.223537,19.513332,11.7703495,34.646576,-6.865693,2.2494524,39.748287,28.841705,-21.210077,36.704975,4.31727,-8.588553,8.871504,-148.67152,-42.787357,47.03054,30.53245,41.96014,-28.172842,-11.253296
479,-7.130207061767578,2.768484115600586,82.22846221923828,0.5280938874952956,0.5191630834295156,166.00250813216041,-15.630612,-2.8545089,-27.920424,13.579018,8.79862,-13.360797,41.081577,-16.462048,-52.28214,4.6236186,18.826235,12.095319,34.526726,-6.574476,3.5253825,37.29432,29.29503,-20.093433,38.518135,4.37981,-8.44254,9.320928,-148.35817,-43.59826,46.72614,33.148098,42.74285,-27.872862,-11.677675
480,-7.037515163421631,2.6998283863067627,82.06393432617188,0.4477200581879322,0.9758989866218445,165.5252270811626,-16.767612,-2.9722512,-27.80516,14.9754925,7.210381,-12.809828,40.223995,-16.037905,-52.429848,4.946704,17.93348,12.61948,34.512966,-6.3723884,5.0968285,34.559063,29.835686,-20.022062,39.820057,4.3080587,-7.9933453,9.760935,-147.24548,-44.513584,46.195885,35.932983,43.477795,-27.235474,-12.635392
481,-6.933170318603516,2.623560905456543,81.89266204833984,0.5287960538398726,1.1533790611810297,164.92899119142845,-17.50707,-3.169042,-27.504717,16.204588,6.524905,-12.827617,39.556026,-15.834775,-52.794647,5.3991756,17.221033,12.859248,34.490177,-5.9442205,6.7805367,32.0548,29.987179,-20.135048,41.40468,3.278326,-7.7430434,10.057797,-145.96371,-45.637924,45.658165,38.551086,44.61024,-26.82928,-13.405413
482,-6.821852207183838,2.5212771892547607,81.74833679199219,0.43526997654102745,1.5868989800412618,163.8906390203073,-18.799145,-2.9372392,-26.372625,18.024357,5.2819247,-12.319077,38.63674,-15.794852,-53.443302,5.70183,16.051722,13.287785,34.465427,-5.6360865,8.54342,29.321682,29.764355,-20.290651,43.584064,1.761604,-8.125906,10.566516,-143.60359,-46.84849,44.512184,40.13555,45.816288,-26.749775,-14.196717
483,-6.723001003265381,2.3968706130981445,81.38842010498047,0.9197508199220079,2.2378688114970826,162.88594530393155,-20.288889,-3.5406306,-25.653282,19.895012,4.05098,-12.669623,37.85144,-16.178205,-54.46605,5.9977064,14.832079,13.476728,34.1579,-5.0352697,10.449751,26.393044,29.43326,-20.739487,45.337723,0.3009358,-7.863118,11.618396,-140.16801,-48.01747,42.44265,40.837654,46.940495,-25.695696,-15.423318
484,-6.625378131866455,2.2104454040527344,81.17485046386719,0.6758497453464961,2.7688611627722577,161.4558222455257,-21.79202,-3.2278247,-24.743137,22.152428,2.131449,-12.256592,37.18564,-16.148743,-56.224712,6.2353244,14.054205,13.778554,33.980206,-4.891547,12.079098,23.80835,29.241238,-20.869205,46.890537,-1.0809917,-7.6493053,12.438641,-134.51247,-48.87377,39.66616,40.89427,48.041588,-24.2033,-15.721951
485,-6.526400089263916,1.9693918228149414,80.95169067382812,0.49133520322640784,3.2977064259428843,160.0387906831044,-23.45807,-2.9151337,-23.521967,24.652565,0.77075255,-11.974381,36.527428,-16.336592,-57.794216,6.454571,13.634945,14.155706,33.841297,-4.754598,13.629893,21.109215,29.14888,-21.747326,48.787346,-3.2862678,-7.6864843,12.923276,-127.21617,-49.28989,36.074745,39.92433,48.38253,-22.635372,-16.243544
486,-6.412331581115723,1.6703245639801025,80.83353424072266,0.07464162003143929,3.931334016747877,158.29655067417661,-24.877834,-2.1852531,-22.44381,26.464808,-0.3653855,-12.124867,35.656414,-16.44306,-59.221992,6.6980357,13.846685,14.378977,33.859158,-4.70079,15.073109,18.401087,29.473787,-22.751072,50.657845,-4.501949,-8.042084,13.326002,-118.24514,-48.9593,32.370316,38.583614,47.628574,-20.591934,-16.695606
487,-6.248688697814941,1.31413996219635,80.84274291992188,-0.7463817729001374,4.41207115756566,156.05460949031078,-26.025406,-0.62967545,-20.988892,27.986069,-1.4304335,-11.896361,34.538124,-16.500835,-59.80016,7.013022,13.496159,14.951927,33.91783,-4.344993,16.366488,15.75937,29.8122,-24.84679,52.51804,-5.6434937,-8.600693,13.112143,-108.99932,-47.995785,28.120455,36.69774,46.60219,-19.7657,-15.979508
488,-6.013510227203369,0.9215561747550964,80.47504425048828,-1.183653835213323,4.577238589266457,153.75829362851402,-28.01881,0.47076795,-18.905203,31.853155,-2.6315775,-11.822694,33.57208,-17.033503,-60.31741,8.211971,12.399363,15.000033,34.181004,-4.0910726,17.720076,12.667587,30.376835,-26.627993,54.31929,-7.2300477,-9.559926,13.077697,-99.11768,-46.218674,25.128746,34.045856,45.418224,-18.793068,-16.196867
489,-5.720419883728027,0.5019668340682983,80.45008850097656,-2.089087178826573,4.288554369892792,150.7800661320557,-28.94041,2.1944582,-17.594461,34.76684,-2.7411647,-11.690223,32.013004,-18.482086,-60.684834,12.220521,10.6515,15.000033,34.44481,-3.6815243,18.743189,9.564622,31.028439,-28.736223,56.394077,-6.9974227,-8.847132,10.900767,-89.04325,-43.512695,22.869223,30.681543,42.108078,-18.091558,-16.6097
490,-5.369131565093994,0.09003996104001999,80.26707458496094,-2.1306965230171535,4.263354280899561,149.0294180769092,-29.575533,2.8990712,-16.449013,35.898354,-3.071961,-11.368554,30.366585,-19.696198,-59.64445,15.254723,8.8157625,15.000033,33.718727,-3.28638,19.764772,7.3041596,31.305279,-30.178936,56.067944,-7.2159986,-7.932964,10.519409,-79.59727,-40.37228,21.613094,27.15326,40.2582,-17.898994,-16.858322
491,-4.97549295425415,-0.33285465836524963,79.96609497070312,-2.505148445547834,3.657237135955995,146.76591899480323,-30.256937,4.8277884,-13.969879,38.37227,-3.8142848,-10.819857,29.35562,-21.013243,-60.0086,18.3782,7.7512884,15.000033,32.873024,-3.2520335,20.549784,5.3749294,31.547827,-31.929398,55.817528,-8.000847,-8.082739,11.041342,-71.830345,-36.877014,21.455296,24.189562,38.013844,-17.58942,-16.675894
492,-4.561717987060547,-0.7411529421806335,79.69937133789062,-2.556970118037582,3.4832485198332086,144.48365536204966,-30.959784,6.705122,-11.317918,40.006145,-4.7505727,-9.758494,27.945374,-22.087593,-59.752712,20.33314,5.9870453,15.000033,31.611305,-3.4004815,21.276825,3.88543,31.526266,-32.7404,55.48303,-9.318153,-7.854362,11.113601,-63.889423,-33.29433,22.259617,20.536503,35.546066,-17.080048,-16.992239
493,-4.183919429779053,-1.1433032751083374,79.35662841796875,-2.391084197725329,3.3383301927792925,142.44735729331583,-31.71201,8.357813,-8.679967,41.816135,-5.9976287,-8.38219,26.687881,-23.626682,-59.94321,23.079308,4.034803,15.000033,29.79022,-3.8295734,21.937632,2.5393226,31.307749,-33.143402,54.734272,-10.066059,-7.1987543,11.435263,-56.41142,-29.892773,23.73552,17.299511,32.26698,-16.852167,-17.12049
494,-3.8389689922332764,-1.549081802368164,78.84101867675781,-2.17649574622249,2.7644932794475663,140.00650262930466,-31.96065,9.847754,-6.5427227,44.02151,-7.670537,-7.4618993,25.332104,-25.065687,-59.11072,25.988384,1.9796833,15.000033,27.816166,-4.387871,22.336838,1.8192152,30.920906,-32.67585,53.710693,-11.145705,-7.046924,11.986989,-48.253952,-26.925278,25.789192,13.745162,28.726036,-17.51962,-16.480032
495,-3.5495004653930664,-1.9538829326629639,78.28915405273438,-2.0833865386801294,2.121264579921368,137.55314885398207,-32.634434,11.312547,-4.917108,47.324863,-9.3866,-5.5687666,24.890137,-26.12236,-60.55863,27.65588,-0.45940736,15.000033,25.942142,-5.244093,22.56883,1.0152986,30.476862,-31.990196,53.38215,-12.411705,-6.491214,11.83291,-39.914787,-24.507141,29.293898,10.403654,23.956839,-17.757854,-16.072502
496,-3.3326096534729004,-2.3426482677459717,78.03289794921875,-2.3138533400693873,1.8645326498941173,134.60771548536525,-33.015354,13.08901,-3.6629004,49.531433,-10.763105,-3.968829,23.229086,-27.94135,-61.00584,30.93496,-2.6539764,15.000033,23.849953,-6.228712,22.79706,0.2481233,29.966896,-31.626438,53.606415,-14.215977,-6.115616,11.572951,-32.55363,-22.692642,32.28236,7.6565194,19.594616,-18.400635,-15.044097
497,-3.159356117248535,-2.700965166091919,77.80400085449219,-2.492216950373969,1.5526163015332939,131.72928038962863,-32.82403,15.148792,-1.8937773,50.96493,-11.98841,-3.2774231,21.38193,-29.429989,-60.37654,33.560543,-4.287379,15.000033,22.02198,-6.9907274,22.822744,-0.11230135,29.34719,-30.315254,54.090385,-15.939328,-5.594283,11.592041,-24.981886,-21.431492,35.06797,4.980567,15.637395,-18.708422,-13.938306
498,-3.012540340423584,-3.0115010738372803,77.68968963623047,-2.599944538064154,1.4567818966456585,128.77584947808825,-32.76481,17.081076,-0.2754444,52.409374,-13.191234,-1.472259,19.795002,-31.110619,-60.7212,35.649803,-5.4946113,15.000033,20.180967,-7.8937745,22.592525,-0.5281984,28.787539,-30.097395,55.934708,-18.064047,-5.1902404,10.166318,-17.429726,-20.622238,37.641045,2.1301951,11.431802,-19.354109,-12.374527
499,-2.863093376159668,-3.262970209121704,77.68726348876953,-2.5509105827789167,1.003525184473554,126.1536957674361,-31.786777,18.848827,1.6083221,52.940838,-13.663788,-0.5147098,18.15809,-32.91216,-60.57655,37.84577,-6.6883593,15.000033,18.4922,-8.471774,22.088247,0.3146866,28.052597,-28.594776,56.373306,-20.18386,-4.5627036,10.719763,-10.696033,-20.28358,39.27987,0.2455542,8.495569,-19.25267,-10.856954
500,-2.6921889781951904,-3.4417948722839355,77.6716537475586,-2.4829146784766567,0.8703176564369869,123.62051410840601,-30.889748,20.521273,3.45347,53.08069,-14.282394,-0.20788483,16.56739,-34.60616,-60.949585,39.845825,-7.454679,15.000033,16.797285,-8.933132,21.796274,-0.17150569,27.424131,-28.358265,57.91163,-20.93853,-4.100228,10.374622,-4.400149,-20.367859,39.581383,-1.864992,7.3852534,-19.698984,-9.676114
501,-2.469770669937134,-3.5409412384033203,77.63491821289062,-2.09615793856603,0.43512447566896745,120.5248655051526,-29.152584,22.390434,6.1240296,53.08348,-14.694168,-0.2854309,15.340472,-35.80353,-60.82736,40.513466,-7.946064,15.000033,15.228652,-9.137076,21.560255,-1.006346,26.902605,-28.760624,59.462143,-21.002165,-4.043945,10.608018,0.6009469,-20.924952,39.977238,-3.8012881,6.0841913,-20.653255,-9.187161
502,-2.2010598182678223,-3.5395004749298096,77.64116668701172,-1.640228540267476,0.5978450308854162,118.08047990748096,-28.123915,23.50686,8.033938,52.81312,-15.05445,-0.11034395,14.360085,-36.485767,-61.477013,40.349876,-8.562106,15.000033,13.763885,-9.400902,21.140491,-1.708073,26.48778,-29.324757,60.946613,-21.58301,-4.20077,9.953442,4.9853134,-21.784035,39.682087,-5.8696113,5.5688095,-21.115925,-8.320345
503,-1.874922752380371,-3.4487788677215576,77.66249084472656,-1.376916880704532,0.38638834109238474,115.97276383859244,-26.625643,25.224993,10.422081,52.53649,-15.5956335,0.11604533,14.030611,-36.06071,-61.62286,38.720963,-8.461016,15.000033,12.644355,-9.360498,20.7466,-2.0542343,26.106842,-29.124844,61.522167,-22.505548,-3.9762716,10.408103,9.249564,-22.765947,38.747017,-7.86925,7.008096,-21.642572,-7.40669
504,-1.5108022689819336,-3.2451634407043457,77.78231811523438,-0.7363871720796806,0.33675837807526693,113.56984526861213,-24.528725,26.133492,12.801584,51.307964,-15.40651,-0.31967223,12.963844,-36.00699,-60.459316,37.352795,-8.012924,15.000033,11.454376,-9.112439,20.186846,-2.2326958,25.74971,-29.20437,62.17757,-22.030682,-3.7201529,10.01677,12.900054,-23.971117,37.404102,-9.843317,8.036948,-22.024672,-5.8133726
505,-1.1307071447372437,-2.929641008377075,77.98531341552734,-0.13306138944758153,0.6077173427566415,111.54005621260924,-22.761135,26.606476,14.681595,49.7623,-14.907512,-0.5127223,12.175884,-35.60284,-59.831272,35.450375,-7.6095886,15.000033,10.362478,-8.566319,19.548693,-2.1652274,25.41589,-28.84921,62.287457,-21.163044,-3.3160846,9.797382,16.50359,-25.3494,35.60945,-12.034259,9.288435,-22.815058,-5.3314934
506,-0.7419257760047913,-2.520179271697998,78.14492797851562,0.5324617858968471,1.0190268010433994,109.73990779079938,-21.04682,27.012892,16.767673,48.171772,-14.286326,-1.0292501,11.407971,-35.046803,-58.893215,33.28152,-6.954348,15.000033,9.37266,-7.998111,18.922356,-2.1993315,25.168854,-29.073423,62.595142,-20.23116,-3.2119515,9.380253,19.735355,-26.811577,34.327168,-14.322155,9.5921335,-22.982569,-4.478693
507,-0.36571237444877625,-2.040999174118042,78.41568756103516,1.0312142918865037,1.46599576693294,108.03548697689654,-19.25161,27.28646,18.605228,46.25196,-13.4628105,-1.4785168,10.886616,-34.280014,-58.29701,30.93525,-6.099381,15.000033,8.334694,-7.3654885,18.260643,-1.8296313,24.942957,-29.11454,62.4875,-19.697409,-2.9370487,9.064805,22.864416,-28.334084,32.97603,-16.020315,11.410181,-23.987852,-4.1811566
508,-0.0013345979386940598,-1.5295435190200806,78.6846694946289,1.487001083852228,1.9469666527809042,106.3513219443075,-17.39449,27.410315,20.354856,44.159138,-12.522236,-1.9316342,10.527055,-33.177753,-57.68576,27.927725,-4.908282,15.000033,7.4653716,-6.558562,17.398478,-1.2476287,24.681091,-28.99547,62.505898,-18.77526,-3.0274532,9.092758,25.536404,-29.87233,31.511915,-17.51888,13.291901,-24.74505,-3.6605437
509,0.33150553703308105,-1.0090126991271973,78.92735290527344,2.1323966424390473,2.443749778195935,105.2297307631532,-15.573363,26.85534,21.811338,41.53356,-11.208019,-2.7931905,10.450467,-32.391914,-57.266285,25.125494,-3.9988596,15.000033,6.7118406,-5.5962944,16.608402,-0.90936655,24.487127,-28.897522,61.82495,-17.436255,-2.9186172,8.662234,28.069345,-31.427055,30.096182,-18.807446,14.48055,-25.362532,-3.288342
510,0.6237678527832031,-0.5205351114273071,79.23179626464844,2.3777923842573925,2.7690738283526857,103.69950826041344,-13.61552,26.760292,23.243116,39.209393,-10.253625,-3.2789161,10.25334,-31.15376,-56.29576,22.214392,-2.8088422,15.000033,5.932994,-4.6346927,15.773869,-0.009710377,24.225142,-28.728382,61.120922,-16.207327,-2.5700674,8.749928,30.192675,-32.913223,28.98436,-20.180672,16.155212,-25.704124,-2.4410322
511,0.8686966300010681,-0.08077093213796616,79.51892852783203,2.855528728306949,2.796618437507423,102.4868328256564,-11.553405,26.009693,24.228159,36.753193,-9.198403,-3.8685138,10.643197,-30.30194,-55.624653,19.329258,-1.8414739,15.000033,5.3466334,-3.7387578,15.040236,0.58955216,23.940088,-28.821594,60.41927,-14.774067,-2.3733416,8.632724,32.569893,-34.336994,28.58709,-21.301998,16.583633,-27.256853,-2.5810916
512,1.0531805753707886,0.29353126883506775,79.82893371582031,3.3832372712145427,2.5179823486528177,101.65956924620042,-9.375885,24.977095,24.966887,34.16482,-7.8813243,-4.4226193,11.557411,-29.697367,-55.347225,16.698967,-0.92249435,15.000033,4.6713634,-2.8882706,14.155843,1.4415047,23.640923,-28.859573,60.00506,-13.676838,-2.4365904,8.592773,34.90764,-35.67582,27.95305,-22.330057,17.846376,-28.912193,-2.5152507
513,1.1812481880187988,0.590912401676178,80.0473861694336,3.727919848642814,2.7636520414594914,100.7741152904673,-7.6016874,23.80589,25.410852,30.957726,-5.972868,-5.2539287,12.288677,-27.949528,-54.73017,11.763113,0.95566934,15.000033,4.1709332,-2.1359258,12.905476,2.2342675,23.40125,-28.394613,59.349552,-12.345892,-2.5243719,8.282944,37.443825,-36.998966,27.123394,-23.36994,18.445591,-29.501444,-2.9882474
514,1.2309753894805908,0.8168745040893555,80.2310791015625,4.144810175592046,2.596049269489993,100.29064843491717,-5.5990434,22.616447,26.071032,27.888977,-4.472348,-5.8779488,13.2386675,-27.245838,-54.499233,8.851474,2.2461526,15.000033,3.600888,-1.5147468,11.909478,3.1127262,23.164639,-28.622334,58.820793,-11.312244,-2.3311656,8.399828,39.419525,-38.238503,26.88039,-24.51471,19.538342,-30.093416,-3.351407
515,1.210021734237671,0.963019847869873,80.3876724243164,4.509612121470896,2.2664236867861183,99.81866049352453,-3.6525643,21.37087,26.414593,25.027708,-3.1257591,-6.3995943,13.920923,-27.173944,-54.19114,7.409434,2.5194335,15.000033,2.986883,-0.9554907,10.8101,4.0382347,22.931606,-28.804703,58.32587,-10.209474,-2.155681,8.5331,41.40267,-39.30413,26.443941,-25.638906,21.003523,-30.62853,-4.021416
516,1.1318782567977905,1.0298912525177002,80.43008422851562,4.6189375203021195,1.9915578794269084,99.46643249692596,-1.8858929,20.681967,27.27321,22.521662,-2.054071,-6.631169,14.103544,-27.251978,-53.516193,7.1019535,2.3388953,15.000033,2.5922832,-0.36550832,9.758633,4.9003363,22.71574,-28.868937,57.855373,-9.271875,-1.9858104,8.539121,42.663864,-40.262268,26.635979,-26.428057,21.7131,-31.33081,-4.7107105
517,1.000083327293396,1.0318732261657715,80.4496841430664,4.635240649954974,1.658353054118143,99.10973257871531,-0.0041593886,19.724104,27.550531,19.453526,-0.7278444,-6.9151106,14.3756075,-27.33343,-53.176956,6.832427,2.1706676,15.000033,2.2444062,0.123669215,8.666368,5.5023623,22.561422,-29.234991,57.795506,-7.919095,-2.1523864,8.518553,43.704082,-41.18438,26.546516,-27.050856,23.50907,-32.062363,-5.856971
518,0.8276889324188232,0.9814223051071167,80.42160034179688,4.47675977797796,1.2735552734068245,98.81087155276607,1.8239741,19.09519,28.111488,16.618961,0.4778107,-7.2053547,14.629028,-27.240122,-52.576412,6.6052523,1.9700305,15.000033,1.7193209,0.61153764,7.807073,6.1236153,22.395992,-29.765884,58.002003,-7.1132007,-2.5024412,8.852259,44.493088,-41.992752,26.532902,-27.83562,24.338745,-33.4577,-6.8951025
519,0.6349445581436157,0.8932619094848633,80.492919921875,4.4673902662993825,0.6304836105610829,98.6136081546701,3.7279131,18.40353,28.891838,14.12146,0.9437732,-7.3464375,15.227097,-27.385567,-52.313267,6.471191,2.0246587,15.000033,1.3646059,1.1364028,7.202429,6.62329,22.180664,-29.826857,57.782024,-6.6566305,-2.2944348,9.202164,45.17804,-42.62268,26.145754,-28.647085,26.014286,-33.24537,-6.6411967
520,0.43346890807151794,0.7872863411903381,80.52674865722656,4.51644154032059,0.5618144155089618,98.5305370128187,4.596847,17.636168,29.028732,12.170777,1.9281222,-7.5330315,15.233826,-27.629047,-52.26776,6.3641973,2.016331,15.000033,1.0307413,1.6166466,6.7835917,6.7747526,22.008657,-30.307613,57.688084,-6.263648,-2.1882653,8.925935,45.825287,-43.117775,25.767609,-29.311165,26.73011,-33.766518,-6.921858
521,0.2404220700263977,0.655028223991394,80.46601867675781,4.2224793894761445,0.35433816210420216,98.42503188631561,6.2023106,16.994423,29.371765,8.873556,2.8559337,-7.821378,15.250905,-27.294725,-51.541965,6.0458484,1.9267423,15.000033,0.77162224,1.94379,6.2433968,6.888858,21.898298,-30.962128,58.17174,-5.577995,-1.7393597,9.143142,45.674168,-43.405464,25.662966,-29.443844,26.495325,-33.713974,-7.2493753
522,0.05636041238903999,0.5242775082588196,80.42328643798828,3.917899151326795,-0.028879171066075682,98.57010008389496,7.3086324,16.693201,29.4207,6.909425,3.6265938,-7.943232,15.617509,-26.875101,-50.816685,5.6292844,2.200676,15.000033,0.4585777,2.303797,5.9583435,7.060406,21.768229,-31.017881,58.21333,-6.0398083,-1.6990627,9.108305,45.73349,-43.590023,25.248352,-29.709269,27.351921,-33.378925,-7.049132
523,-0.11182457953691483,0.39484426379203796,80.38914489746094,3.6862647329348937,-0.2657227701315095,98.61819077930957,7.4533787,16.691551,28.956684,6.7718167,3.5243309,-8.291723,15.851485,-26.752882,-50.891304,5.545456,2.044165,15.000033,0.19701558,2.712867,5.715129,6.8619595,21.498121,-31.640272,58.605465,-5.2981653,-1.5133082,8.996904,46.065235,-43.925846,24.549805,-30.197094,27.88028,-33.57998,-7.4621034
524,-0.24856382608413696,0.2713392376899719,80.38468933105469,3.723781491480593,-0.3582785055983641,98.44225749551875,7.5712934,16.46706,28.9895,6.674741,3.49534,-8.409926,15.752939,-26.887693,-50.496243,5.4189725,1.8268881,15.000033,-0.13697593,2.856184,5.499504,6.7906857,21.324772,-32.331272,59.183086,-5.088973,-1.320717,9.336767,45.768143,-44.059032,24.2641,-30.42457,28.968496,-34.095352,-8.20095
525,-0.37045973539352417,0.1603737622499466,80.4390869140625,3.815162166309572,-0.6394004648563408,98.36915823043411,7.762297,16.10773,28.47184,6.598852,3.452653,-8.358547,15.96216,-27.170332,-50.518093,5.479173,2.0151856,15.000033,-0.3175371,3.0685656,5.460794,6.762638,21.1605,-32.56491,59.39316,-4.9687934,-1.275797,9.409306,45.862682,-44.08264,23.918207,-30.764837,29.379745,-33.99219,-8.063777
526,-0.4703942537307739,0.05579483509063721,80.45406341552734,3.8464731269133043,-0.7338646205137422,98.27403832101484,7.77419,15.87708,28.087633,6.5640583,3.4843848,-8.298506,15.975878,-27.19653,-50.330364,5.2116656,2.3104513,15.000033,-0.20876539,3.1700022,5.403654,6.3372054,20.90451,-33.12293,59.959618,-5.4914784,-1.2763785,9.203244,45.79495,-44.167564,23.748028,-30.885124,30.178175,-33.37078,-7.999559
527,-0.5687680840492249,-0.03758465498685837,80.45020294189453,3.6906443452795674,-0.8374886187712541,98.41399217700285,7.749758,15.909303,27.793127,6.5149984,3.3338125,-8.381454,16.07189,-27.00229,-50.115597,5.038688,2.361052,15.000033,-0.25823548,3.3176851,5.290198,5.9582496,20.679985,-33.505726,60.315437,-5.524917,-1.1238192,9.013126,45.881794,-44.221817,23.387785,-30.857752,30.728077,-33.052467,-7.7742004
528,-0.659359872341156,-0.11655226349830627,80.45762634277344,3.6915860044996056,-0.9845426490660586,98.53099000514295,7.7714553,15.765826,27.48113,6.494211,3.2099705,-8.251121,16.293385,-27.027311,-50.18951,4.8730583,2.4566076,15.000033,-0.26282975,3.3544083,5.268236,5.600839,20.48395,-33.80137,60.738316,-5.6944895,-0.939321,8.718943,46.02757,-44.240852,23.119532,-30.914684,31.427675,-32.9837,-7.79702
529,-0.7466143369674683,-0.18418535590171814,80.45867919921875,3.6113487005346654,-1.0652483862046138,98.74534977977463,7.7005424,15.722067,27.136324,6.4616666,3.1067495,-8.201101,16.503794,-26.897469,-50.25538,4.6200914,2.5154963,15.000033,-0.19200137,3.3693986,5.362475,5.169206,20.350073,-34.250793,60.95806,-5.555955,-0.93583834,8.374767,46.12726,-44.29077,23.003477,-30.774427,31.79131,-32.581383,-7.116761
530,-0.8267660737037659,-0.24366404116153717,80.44644927978516,3.5806998520648707,-1.066290981170786,98.78701591128691,7.6471014,15.672875,27.088356,6.4541535,3.0674715,-8.123077,16.52034,-26.999977,-50.611626,4.697339,2.387397,15.000033,0.00643747,3.3325105,5.2731595,4.766736,20.213556,-34.84382,61.26438,-5.453649,-0.87544817,8.300725,46.183247,-44.3873,23.042307,-30.635283,31.530582,-32.233513,-7.294278
531,-0.9029901623725891,-0.2944248616695404,80.45238494873047,3.4914489645383835,-1.1555230890072108,98.91143676075014,7.6637673,15.698943,27.01417,6.442986,3.076629,-8.047877,16.727165,-26.883888,-50.772835,4.4892454,2.5001197,15.000033,0.113111116,3.304455,5.2892156,4.413832,20.105404,-35.221836,61.480736,-5.3799953,-0.71748286,7.991379,46.208992,-44.4835,23.059734,-30.436646,31.527369,-31.819107,-7.170024
532,-0.9699615836143494,-0.3413945436477661,80.45561218261719,3.459390858492998,-1.1752982122303846,98.93892952272031,7.650566,15.674387,27.032774,6.4359164,3.0750406,-7.975082,16.716803,-26.953342,-50.87591,4.579622,2.5315118,15.000033,0.268355,3.258817,5.3092055,4.116317,19.99661,-35.565025,61.666885,-5.302007,-0.6440413,7.855721,46.187695,-44.603996,23.142395,-30.250803,31.224058,-31.646502,-7.0480895
533,-1.0292749404907227,-0.3846830129623413,80.45639038085938,3.456345242982128,-1.1932688931939863,99.02138973917405,7.6164,15.625742,27.04808,6.431628,3.042284,-7.908422,16.823881,-26.941885,-50.98582,4.3867683,2.6441183,15.000033,0.31269184,3.194856,5.3893776,3.8392713,19.899492,-35.782883,61.863487,-5.3647666,-0.5689101,7.7084417,46.224903,-44.709625,23.148603,-30.129786,30.47439,-31.617535,-6.704172
534,-1.078425407409668,-0.4318372309207916,80.45831298828125,3.4439987977298268,-1.2426791679110558,99.07455792514872,7.5946336,15.568799,26.909962,6.43545,3.104541,-7.97416,16.848564,-27.01381,-51.069366,4.4897227,2.5940356,15.000033,0.5150297,3.1719756,5.4175344,3.5266109,19.769463,-35.963825,61.999176,-5.283525,-0.3815059,7.6600804,46.251213,-44.893284,23.231699,-30.05227,30.334436,-31.048922,-6.4550543
535,-1.12235426902771,-0.47864457964897156,80.4641342163086,3.4201400182760624,-1.2142789763629698,99.08327214115765,7.497124,15.506958,26.686182,6.417132,3.1147022,-7.8848367,16.890404,-27.033224,-51.432247,4.390929,2.6416535,15.000033,0.58842117,3.1125052,5.5250826,3.2555895,19.685162,-36.220787,62.132706,-5.350021,-0.39928967,7.551793,46.25798,-45.035824,23.289957,-29.905716,29.820612,-30.878918,-6.803789
536,-1.1591793298721313,-0.5311289429664612,80.46937561035156,3.3735283274224055,-1.2374471593960101,99.15923469352337,7.4278603,15.489834,26.492702,6.410103,3.0972333,-7.8364687,16.906803,-27.04858,-51.547894,4.462755,2.5734687,15.000033,0.6993261,3.071751,5.5834823,2.9582386,19.61254,-36.41999,62.20841,-5.313158,-0.38303,7.516656,46.302155,-45.179577,23.344461,-29.776453,29.572952,-30.918102,-6.628813
537,-1.189950942993164,-0.588252604007721,80.48200988769531,3.3383314019214656,-1.302334013806165,99.18985344604434,7.441652,15.4955225,26.476776,6.4039564,3.1839206,-7.7362175,16.94169,-27.10563,-51.717293,4.59259,2.5186286,15.000033,0.8254671,3.024839,5.6198173,2.676833,19.546885,-36.650158,62.388542,-5.5187407,-0.4105382,7.5254903,46.221603,-45.339405,23.473621,-29.630035,29.405277,-30.794561,-6.8434596
538,-1.217510461807251,-0.6485600471496582,80.49915313720703,3.31822760284901,-1.3557691682645276,99.28008966297614,7.397063,15.462598,26.326733,6.394624,3.2077842,-7.70868,17.13751,-27.036306,-52.07375,4.34108,2.608506,15.000033,0.8272723,2.985814,5.6748877,2.476683,19.497131,-36.750885,62.46496,-5.6277957,-0.34960976,7.419665,46.13839,-45.453228,23.497639,-29.52304,29.111326,-30.447632,-6.814126
539,-1.2429540157318115,-0.7148362398147583,80.51089477539062,3.2957938098939294,-1.3995303924645968,99.46713111320226,7.3085275,15.452674,26.21091,6.401729,3.189114,-7.6016483,17.167902,-27.081623,-52.124096,4.5016513,2.565442,15.000033,0.81885827,2.9712336,5.7157907,2.2492483,19.437016,-36.694477,62.463955,-5.782834,-0.33342645,7.2648535,46.189045,-45.572613,23.411486,-29.502516,29.582008,-30.228664,-6.44348
540,-1.2684811353683472,-0.7875946164131165,80.51710510253906,3.2541300683923793,-1.4544432892637993,99.55892219071133,7.281439,15.477591,26.222824,6.398192,3.1790776,-7.5657215,17.284521,-27.017174,-52.316307,4.3650374,2.6260686,15.000033,0.8262034,2.963845,5.75825,2.0534005,19.377308,-36.734306,62.481953,-5.876578,-0.30022246,7.220677,46.19279,-45.69896,23.314167,-29.481953,29.63176,-30.001936,-6.587596
541,-1.2956664562225342,-0.8692616820335388,80.52513885498047,3.21430175451954,-1.5283657295214783,99.58126565598131,7.2861156,15.482976,26.194105,6.392544,3.1916134,-7.563695,17.296724,-27.051714,-52.424458,4.4653096,2.6047206,15.000033,0.8793726,2.9350183,5.7722397,1.882444,19.339642,-36.76242,62.467945,-5.906782,-0.29536766,7.2037807,46.095375,-45.789745,23.222263,-29.410957,29.664135,-29.642466,-6.438529
542,-1.3258235454559326,-0.9588600993156433,80.53530883789062,3.1987283826263133,-1.6156302153999096,99.63883335224358,7.2664833,15.435374,26.040924,6.389913,3.2357929,-7.5650787,17.472958,-26.977968,-52.68627,4.19243,2.6960723,15.000033,0.9417426,2.8894289,5.810603,1.7284552,19.331396,-36.791145,62.3422,-5.9691925,-0.26040936,7.161752,45.977276,-45.814617,23.189934,-29.291992,29.549429,-29.28352,-6.414532
543,-1.3620569705963135,-1.0597151517868042,80.53844451904297,3.1205257453612583,-1.6691029562407589,99.66333104295985,7.2394357,15.481058,26.035416,6.3840957,3.2161753,-7.522512,17.409237,-27.008184,-52.728966,4.37739,2.6113634,15.000033,1.0148818,2.888017,5.854093,1.5383419,19.30086,-36.794724,62.234596,-6.1547856,-0.28993747,7.235866,45.91707,-45.897026,23.072445,-29.207031,29.241947,-29.051992,-6.6637735
544,-1.3990439176559448,-1.174825668334961,80.52980041503906,3.040601932871445,-1.763079339097984,99.67001320529843,7.2757425,15.559336,26.195662,6.387204,3.1436641,-7.5382643,17.488527,-26.89518,-52.84712,4.190778,2.5892541,15.000033,1.0987883,2.881197,5.802959,1.3714426,19.26811,-36.859734,62.0989,-6.282215,-0.23433235,7.4784966,45.773495,-46.018433,22.989948,-29.115002,29.254324,-28.777828,-6.893997
545,-1.439961314201355,-1.3000677824020386,80.5426254272461,2.959352930925355,-1.9417114996913774,99.6267886591358,7.373216,15.591173,26.139273,6.4027696,3.178753,-7.4350343,17.610386,-26.881985,-53.06077,4.191959,2.6298645,15.000033,1.2323366,2.8537748,5.840191,1.2216208,19.25906,-36.86111,61.91978,-6.490201,-0.27084672,7.575309,45.590027,-46.050606,22.957209,-28.920174,29.017689,-28.674656,-7.179309
546,-1.4775807857513428,-1.4363597631454468,80.55189514160156,2.915461199236345,-2.0409573720724627,99.69801161633583,7.3514695,15.597511,26.164675,6.3983665,3.2341895,-7.3847327,17.633823,-26.862448,-53.06625,4.166632,2.5482466,15.000033,1.2524039,2.836111,5.892404,1.0418198,19.234272,-36.892227,61.690334,-6.8932376,-0.25448,7.5233717,45.39873,-46.150143,22.869877,-28.792883,29.216997,-28.232231,-7.193192
547,-1.5128192901611328,-1.5790989398956299,80.55397033691406,2.85444394224071,-2.1288414338717456,99.6877686884916,7.333047,15.61193,26.144638,6.392601,3.240799,-7.393223,17.615168,-26.83714,-53.081783,4.1376257,2.5334067,15.000033,1.3324801,2.8255448,5.96371,0.84252703,19.218245,-36.940334,61.45808,-7.0883675,-0.2006578,7.474025,45.220448,-46.24272,22.774496,-28.67962,29.207865,-27.807745,-7.2992826
548,-1.542729377746582,-1.7244384288787842,80.56644439697266,2.792804140647688,-2.3226779679309884,99.63546636557616,7.449289,15.6490345,26.213488,6.3979354,3.28222,-7.358574,17.705116,-26.834122,-53.18995,4.149423,2.5625465,15.000033,1.5178577,2.8093617,6.0360475,0.63737416,19.208094,-36.941914,61.209686,-7.350238,-0.16640966,7.410261,45.001152,-46.34106,22.73247,-28.530407,28.615566,-27.115267,-7.5564957
549,-1.566094160079956,-1.8652373552322388,80.57814025878906,2.7567717889708745,-2.540878959637295,99.66066641766804,7.5619197,15.660664,26.251797,6.4051075,3.2236671,-7.3073816,17.82622,-26.831232,-53.11245,4.158825,2.6684778,15.000033,1.6475538,2.7987232,6.1529574,0.39640504,19.188658,-36.844753,61.0471,-7.722501,-0.07353476,7.3027296,44.76598,-46.49396,22.748672,-28.414213,27.812334,-26.773668,-7.4298024
550,-1.5801912546157837,-1.9977116584777832,80.57623291015625,2.6928649866867485,-2.579753913997635,99.64117263853204,7.512641,15.708914,26.297543,6.3851733,3.218657,-7.3005753,17.76125,-26.745176,-53.047546,4.0499706,2.6666167,15.000033,1.6773468,2.8035493,6.1680045,0.23003347,19.1797,-36.803978,60.89868,-7.951267,-0.092194065,7.305078,44.51187,-46.619156,22.724907,-28.3446,27.515179,-26.464434,-7.4472623
551,-1.5843302011489868,-2.120065212249756,80.57889556884766,2.6316566049423886,-2.685701489647624,99.5026016504331,7.599227,15.780474,26.467634,6.372878,3.2754765,-7.323068,17.75133,-26.694231,-53.14963,3.981933,2.6388178,15.000033,1.748163,2.7824636,6.1525006,0.12872218,19.182026,-36.841785,60.789116,-8.06604,-0.18885605,7.376078,44.18227,-46.73197,22.743595,-28.24252,26.865738,-26.347446,-7.5813413
552,-1.5769100189208984,-2.2288923263549805,80.57843017578125,2.6267571902565474,-2.802351152620837,99.39684356567462,7.6869,15.800902,26.615189,6.3795075,3.2722788,-7.293361,17.746367,-26.678053,-53.106285,3.9157903,2.6711862,15.000033,1.8521465,2.7611299,6.1362534,0.007825617,19.185434,-36.826305,60.74466,-8.219577,-0.22247307,7.419489,43.891975,-46.841743,22.79725,-28.219242,26.616518,-26.115982,-7.5907173
553,-1.561957836151123,-2.3223743438720703,80.57628631591797,2.6302613587318144,-2.8725127129086694,99.29045496277965,7.7537985,15.841759,26.876066,6.383592,3.2120957,-7.2641516,17.715439,-26.645641,-53.066216,3.8071074,2.6717873,15.000033,1.9223984,2.7596784,6.0851073,-0.05383767,19.191195,-36.76232,60.677067,-8.214096,-0.20700935,7.3845687,43.61224,-46.956154,22.899479,-28.228334,26.876852,-25.98684,-7.6536303
554,-1.5435681343078613,-2.399188995361328,80.58355712890625,2.660778963957154,-3.0333422491892312,99.31712003276434,7.832721,15.788936,26.758207,6.3796425,3.2961614,-7.316345,17.849768,-26.662481,-53.059067,3.7833602,2.651548,15.000033,1.9311928,2.7460601,6.1064606,-0.16610007,19.197235,-36.745007,60.657124,-8.327681,-0.14387235,7.323816,43.42659,-47.03016,22.947802,-28.275002,26.853626,-25.59622,-7.532562
555,-1.522734522819519,-2.4608089923858643,80.58592987060547,2.6588385981224656,-3.0856883887341073,99.24271344226167,7.873925,15.8102,26.83783,6.3702073,3.3217888,-7.322554,17.842491,-26.642897,-53.096096,3.7357023,2.620786,15.000033,1.9495587,2.7282562,6.0700893,-0.23607478,19.211746,-36.77822,60.704517,-8.362458,-0.12369443,7.316015,43.19194,-47.14761,23.086552,-28.278984,26.638887,-25.420624,-7.5988984
556,-1.5036200284957886,-2.5068814754486084,80.59168243408203,2.6332610354598853,-3.1579613548821293,99.23993260045276,7.9387,15.873852,26.98228,6.3517065,3.340288,-7.3221145,17.881353,-26.608784,-53.131115,3.748583,2.5683005,15.000033,1.913077,2.7200005,6.03713,-0.29649404,19.218473,-36.84286,60.788918,-8.294093,-0.1317004,7.2719073,43.02517,-47.189514,23.146603,-28.280737,26.479752,-25.352854,-7.5833263
557,-1.4872233867645264,-2.5379507541656494,80.59993743896484,2.59869162464947,-3.2421349365929415,99.24773821688731,8.027187,15.945119,27.124126,6.328021,3.4472005,-7.3789964,18.006035,-26.4909,-53.201424,3.5833628,2.609851,15.000033,1.8760701,2.7190094,5.9698105,-0.31470743,19.227211,-36.89408,60.87068,-8.22316,-0.2111629,7.2584047,42.886314,-47.249123,23.234583,-28.270636,26.61246,-25.378897,-7.4515285
558,-1.4764810800552368,-2.553558349609375,80.60379791259766,2.556209885765844,-3.2729117532212335,99.20703770038135,8.091609,16.0209,27.276037,6.2956095,3.4848683,-7.4368906,18.07937,-26.41834,-53.439358,3.49007,2.6379614,15.000033,1.8625624,2.6975086,5.9106035,-0.33294332,19.239452,-37.057903,60.97168,-7.9462886,-0.23354405,7.2807517,42.765476,-47.309673,23.370691,-28.206749,25.9637,-25.471798,-7.472306
559,-1.4688720703125,-2.5583415031433105,80.60121154785156,2.5154144178573095,-3.2778005103604326,99.1707428895511,8.1481,16.115065,27.514362,6.2749243,3.4382524,-7.4337616,18.083427,-26.316044,-53.440697,3.3824382,2.7284563,15.000033,1.8825445,2.6830795,5.785533,-0.3241509,19.24989,-37.152824,61.08371,-7.9235106,-0.27747226,7.236984,42.640453,-47.3795,23.53002,-28.150156,26.258974,-25.547215,-7.3578587
560,-1.465842366218567,-2.55361270904541,80.59138488769531,2.5298598158513053,-3.200821767034176,99.11066484670465,8.103915,16.097433,27.553886,6.2395697,3.4971795,-7.533539,17.98905,-26.282303,-53.393616,3.2703192,2.8366601,15.000033,1.8426379,2.656015,5.707205,-0.3056016,19.260809,-37.37405,61.22862,-7.875668,-0.49524626,7.2172666,42.531654,-47.43822,23.643513,-28.170937,26.094366,-25.609972,-7.3255386
561,-1.4704327583312988,-2.544860363006592,80.58576202392578,2.468396371568878,-3.1934105109323343,99.1527605781814,8.099496,16.160978,27.531733,6.2057443,3.4967158,-7.592714,18.021276,-26.17659,-53.450737,3.2003458,2.9232743,15.000033,1.8431666,2.647877,5.6322865,-0.30435166,19.272202,-37.409714,61.248646,-8.008516,-0.53681254,7.2238383,42.573986,-47.500473,23.704443,-28.119732,26.059158,-25.480524,-7.1456285
562,-1.4797714948654175,-2.5360913276672363,80.58497619628906,2.4285144579169544,-3.1948275675991753,99.09698080538872,8.140286,16.19086,27.521544,6.1729345,3.5197294,-7.6493974,18.000402,-26.097008,-53.350494,3.1257024,2.9785903,15.000033,1.8300601,2.6410437,5.545767,-0.22090119,19.285843,-37.48082,61.239998,-8.132537,-0.5561895,7.2395973,42.573624,-47.56608,23.746254,-28.109713,26.339012,-25.276571,-7.3604703
563,-1.4946496486663818,-2.530355215072632,80.58628845214844,2.3518335741900174,-3.2240288588514163,99.12524799254501,8.183903,16.267546,27.53576,6.144322,3.558804,-7.758823,18.013662,-26.02546,-53.316463,3.1846173,2.9911067,15.000033,1.843671,2.6485536,5.4632463,-0.16156523,19.29466,-37.532066,61.18425,-8.059525,-0.58532405,7.146833,42.571735,-47.63495,23.810764,-28.032003,26.39741,-25.081284,-7.3606434
564,-1.515002727508545,-2.5263218879699707,80.58883666992188,2.292850700803604,-3.2625496625158923,99.20500653524601,8.220066,16.321188,27.559103,6.1180587,3.5530841,-7.8261642,18.142893,-25.885986,-53.29461,2.9971836,3.2059326,15.000033,1.7870365,2.6547816,5.421945,-0.11507654,19.300863,-37.55979,61.127033,-7.909934,-0.605339,7.08171,42.61304,-47.698105,23.81065,-27.976849,27.014095,-25.229855,-7.0794897
565,-1.5349233150482178,-2.5293760299682617,80.59213256835938,2.2320756420108396,-3.3275514133464843,99.2796559274548,8.278956,16.36916,27.54547,6.081006,3.613765,-7.8852506,18.234167,-25.791773,-53.233913,2.9544878,3.3352938,15.000033,1.7327542,2.6621861,5.3608937,-0.058950152,19.301592,-37.61146,61.073315,-8.022715,-0.6882616,6.96527,42.63994,-47.722927,23.80258,-27.914108,27.468138,-25.227503,-7.072368
566,-1.5576157569885254,-2.5330028533935547,80.60033416748047,2.192437269913507,-3.337674169675554,99.3712878874631,8.266954,16.38564,27.524736,6.0471067,3.655547,-7.9303913,18.31589,-25.710503,-53.238426,2.8411646,3.421622,15.000033,1.671714,2.6571887,5.327898,-0.055801798,19.30191,-37.66306,61.046623,-7.9726653,-0.723415,6.8904457,42.67662,-47.75138,23.777102,-27.840887,28.111557,-25.486155,-6.6908574
567,-1.577578067779541,-2.542109489440918,80.60177612304688,2.0968356796355048,-3.3484009168640623,99.41554407805826,8.281845,16.483042,27.573643,6.0111527,3.6843562,-8.047711,18.33274,-25.58373,-53.185036,2.7980194,3.4991345,15.000033,1.6238227,2.6735742,5.259083,-0.007636313,19.29989,-37.696163,60.9917,-7.7649546,-0.6891356,6.9256763,42.708324,-47.779274,23.698116,-27.764599,28.21546,-25.435776,-6.934443
568,-1.5921757221221924,-2.555248737335205,80.60845947265625,2.0392626908151112,-3.4109995943749576,99.48087397549759,8.337334,16.528057,27.570395,5.9606214,3.7490766,-8.114513,18.410906,-25.525099,-53.211246,2.816068,3.594856,15.000033,1.5644823,2.6951146,5.1976748,0.035204727,19.2971,-37.697254,60.92919,-7.7065167,-0.6804733,6.920184,42.77999,-47.785427,23.618969,-27.709467,28.319588,-25.618044,-7.0641913
569,-1.6024043560028076,-2.5696663856506348,80.61421966552734,1.962335930803349,-3.413944257724609,99.59127537139356,8.298435,16.597527,27.526716,5.9292064,3.7661538,-8.166851,18.51062,-25.353533,-53.247375,2.6089625,3.6845868,15.000033,1.4979174,2.7160106,5.1503544,0.018749068,19.294973,-37.720013,60.898502,-7.6261663,-0.73051745,6.819988,42.809795,-47.791737,23.540493,-27.668427,29.091518,-25.737976,-6.9639344
570,-1.6016204357147217,-2.5920565128326416,80.6119613647461,1.9004077972759421,-3.4958295973571567,99.6255065640984,8.3828945,16.66424,27.547855,5.872529,3.8422961,-8.296558,18.553743,-25.30807,-53.206356,2.7059462,3.7520144,15.000033,1.4446319,2.7496932,5.085215,0.032510415,19.290289,-37.76187,60.918926,-7.4907117,-0.6721952,6.7957683,42.84047,-47.788967,23.436195,-27.675047,28.72922,-25.76355,-7.3188715
571,-1.594377875328064,-2.61677885055542,80.6147689819336,1.8371512384240167,-3.5512402071452396,99.7676329456954,8.379556,16.727379,27.477169,5.8312645,3.854108,-8.373936,18.71971,-25.179434,-53.364323,2.5814016,3.8548305,15.000033,1.396752,2.7769082,5.0211725,-0.041038647,19.287523,-37.812134,60.947216,-7.376102,-0.6711825,6.701366,42.818012,-47.78994,23.394234,-27.641438,28.975119,-25.984749,-7.287282
572,-1.575881004333496,-2.6490156650543213,80.61344909667969,1.7953829042300413,-3.6879836369496624,99.78352233741099,8.501854,16.786915,27.476059,5.8113456,3.9062448,-8.463611,18.854326,-25.102348,-53.30905,2.548247,3.8923278,15.000033,1.4311283,2.7842462,4.9569693,-0.10871181,19.283709,-37.837963,61.03064,-7.384319,-0.64074886,6.649301,42.76176,-47.790867,23.369152,-27.66023,28.675835,-26.001066,-7.3759475
573,-1.5482453107833862,-2.684877634048462,80.603759765625,1.8156189416688753,-3.714080861228547,99.86053928389083,8.4924135,16.77495,27.478273,5.7552075,3.9245663,-8.5227785,18.923115,-25.102499,-53.441116,2.5146186,3.8594515,15.000033,1.2755882,2.7596014,4.8790607,-0.17962131,19.284817,-37.94728,61.19106,-7.267332,-0.6567348,6.655787,42.681793,-47.783607,23.35344,-27.74423,29.446898,-26.299562,-7.3405232
574,-1.5143285989761353,-2.725393533706665,80.60009765625,1.7929549771664373,-3.847502605140117,99.9553629087594,8.572625,16.814272,27.425636,5.7171865,3.957375,-8.6009035,19.113457,-25.026894,-53.567146,2.4509282,3.884162,15.000033,1.2780514,2.7680569,4.8053503,-0.2982432,19.284794,-38.079113,61.317753,-7.120871,-0.66235775,6.6393304,42.67958,-47.75025,23.318,-27.79976,29.672096,-26.503435,-7.236166
575,-1.477607250213623,-2.765673875808716,80.5949478149414,1.784396601681248,-4.007274097416804,100.04902192289204,8.648653,16.809092,27.1912,5.6892996,4.0455494,-8.738793,19.321009,-24.963802,-53.6194,2.3969364,3.9075117,15.000033,1.273718,2.7766824,4.7565646,-0.3877803,19.285877,-38.152576,61.37189,-7.07069,-0.6153828,6.5241184,42.63374,-47.711983,23.295534,-27.84557,29.123652,-26.613644,-7.322303
576,-1.4376059770584106,-2.805072069168091,80.58157348632812,1.8172483010473603,-4.133842965849713,99.94396051626609,8.796633,16.799955,27.225307,5.6704183,4.0643177,-8.77714,19.394264,-25.018763,-53.75253,2.4491227,3.8643117,15.000033,1.3165315,2.725414,4.684416,-0.47991228,19.292665,-38.283028,61.588017,-6.876077,-0.6255213,6.645915,42.479893,-47.67758,23.327055,-27.910208,28.782074,-26.545216,-7.496122
577,-1.4015352725982666,-2.8389952182769775,80.56864929199219,1.7505401717153646,-4.138030247107095,99.91972526876776,8.789689,16.897654,27.204943,5.626105,4.0124,-8.857086,19.387491,-24.877453,-53.846844,2.3467357,3.8299499,15.000033,1.3604919,2.6925368,4.579621,-0.57044667,19.305147,-38.3412,61.68109,-6.781216,-0.56854284,6.517727,42.36037,-47.642113,23.365263,-27.853485,28.890162,-26.381086,-7.5347943
578,-1.3717206716537476,-2.863077402114868,80.55525207519531,1.80305673568577,-4.209028524449362,99.946972375954,8.827077,16.837288,27.099432,5.596306,4.068978,-8.90752,19.467514,-24.960222,-53.954296,2.420444,3.7952402,15.000033,1.303383,2.64636,4.564628,-0.6702892,19.316753,-38.40388,61.898464,-6.879949,-0.49669486,6.56444,42.234146,-47.60463,23.383112,-27.926949,28.375929,-26.30866,-7.6372232
579,-1.3479125499725342,-2.8833811283111572,80.5528793334961,1.742353048426932,-4.215533334979213,100.07095569554657,8.78426,16.923273,27.075132,5.55517,4.0841904,-8.973291,19.508495,-24.838783,-53.96871,2.382857,3.808804,15.000033,1.200726,2.6500463,4.487253,-0.7308565,19.325087,-38.434357,61.985966,-6.8229213,-0.49456948,6.4191804,42.162983,-47.574398,23.36615,-27.880175,28.744843,-26.451416,-7.5318108
580,-1.3290669918060303,-2.8997366428375244,80.55168914794922,1.7537732562054869,-4.2857282246179125,100.02474724748375,8.841017,16.896446,26.926537,5.545536,4.1040263,-8.950498,19.598223,-24.870716,-54.16702,2.3932605,3.8374448,15.000033,1.2822554,2.5517313,4.517838,-0.86511284,19.34546,-38.51338,62.19714,-6.8975024,-0.4495795,6.461406,42.012974,-47.502243,23.45917,-27.78143,27.930546,-26.272833,-7.722047
581,-1.310914158821106,-2.9192333221435547,80.55369567871094,1.664433325464502,-4.262414965303161,99.97948044810144,8.85883,17.048786,27.137363,5.512101,4.054271,-8.897687,19.490423,-24.708815,-53.935986,2.3334212,3.854025,15.000033,1.2658159,2.5298955,4.425965,-0.93214935,19.358465,-38.54835,62.397995,-6.8643813,-0.42636892,6.4292154,41.79073,-47.458263,23.508183,-27.644026,28.246334,-26.288586,-7.46716
582,-1.2924268245697021,-2.939556121826172,80.54692840576172,1.6763982893632556,-4.308964551315477,99.99671668564045,8.903061,17.064814,27.223026,5.4959173,4.1034327,-8.865221,19.546871,-24.676916,-53.950184,2.2598395,3.9595091,15.000033,1.268968,2.4897368,4.3897333,-0.997174,19.371933,-38.615643,62.50874,-7.0398417,-0.34263575,6.4569254,41.67921,-47.406,23.546242,-27.619467,28.33588,-25.990969,-7.579516
583,-1.274862289428711,-2.9619688987731934,80.5456771850586,1.6576371611251888,-4.336682138551903,100.02119116595559,8.919599,17.103565,27.259527,5.4718056,4.1177382,-8.849952,19.593748,-24.635918,-54.04705,2.2260625,4.0106835,15.000033,1.2098607,2.4571636,4.401802,-1.0806404,19.381493,-38.67766,62.68101,-6.942325,-0.3338771,6.5414305,41.54975,-47.367786,23.552553,-27.597994,28.528551,-25.970701,-7.540109
584,-1.2548877000808716,-2.9874258041381836,80.54817199707031,1.6423271668599544,-4.404486752921689,100.10732606930382,8.945564,17.13788,27.260345,5.457889,4.1450753,-8.821107,19.681671,-24.597826,-54.064423,2.230233,4.0276294,15.000033,1.1825558,2.433048,4.4046555,-1.1979934,19.393066,-38.79248,62.790997,-6.7903,-0.28914037,6.543233,41.44274,-47.322582,23.591898,-27.52802,28.27954,-26.099308,-7.582255
585,-1.2306768894195557,-3.016486644744873,80.53334045410156,1.666307564364926,-4.503068427410552,100.15395844082133,9.022987,17.143053,27.327614,5.4482803,4.1584067,-8.820058,19.793941,-24.627827,-54.154594,2.2621183,4.0103307,15.000033,1.2742461,2.426164,4.4251466,-1.3001194,19.396305,-38.77589,62.818607,-6.6829085,-0.33028537,6.4970675,41.422874,-47.30642,23.639393,-27.586042,27.817753,-26.30336,-7.4967136
586,-1.2050029039382935,-3.046780586242676,80.51890563964844,1.648435553142701,-4.554706937573913,100.26307564838274,9.008922,17.189762,27.311037,5.451085,4.090985,-8.847648,19.842875,-24.585052,-54.094795,2.2928505,4.0616803,15.000033,1.2738491,2.417057,4.4214835,-1.4143678,19.39967,-38.70549,62.847176,-6.6772285,-0.2568911,6.4528728,41.406372,-47.28826,23.647385,-27.60326,27.77017,-26.194784,-7.230334
587,-1.1775519847869873,-3.0779953002929688,80.52210998535156,1.6189938633531349,-4.568310529464552,100.29248910574776,9.010759,17.264956,27.439552,5.4278917,4.1284885,-8.82299,19.835987,-24.526281,-54.10781,2.2913868,4.057661,15.000033,1.265387,2.4092402,4.421538,-1.4992235,19.40629,-38.64525,62.89335,-6.6456614,-0.27014074,6.4631147,41.324886,-47.267303,23.666622,-27.60048,27.77363,-26.038202,-7.1873727
588,-1.1477386951446533,-3.110602855682373,80.5177993774414,1.6126140474583102,-4.573690066622487,100.26661446831288,9.016123,17.300299,27.510262,5.394943,4.145173,-8.817596,19.81731,-24.502647,-54.218445,2.277378,4.0707955,15.000033,1.223647,2.3710713,4.4205194,-1.5471874,19.426056,-38.704258,62.96686,-6.731106,-0.3634215,6.464552,41.15626,-47.23157,23.74833,-27.563786,27.833492,-26.03078,-7.198459
589,-1.1181998252868652,-3.1417243480682373,80.50267028808594,1.6381483078130947,-4.653928421980182,100.26432909975091,9.066775,17.29902,27.50012,5.408533,4.0616035,-8.773949,19.893492,-24.523664,-54.258305,2.2780275,4.173325,15.000033,1.2602049,2.3386483,4.4651194,-1.6508542,19.443924,-38.63546,63.020847,-6.8412147,-0.23600456,6.5352087,41.06605,-47.195763,23.767916,-27.626823,27.591757,-25.675423,-7.078186
590,-1.0856382846832275,-3.1744487285614014,80.50531005859375,1.6517153074245652,-4.659898023300407,100.16643326573835,9.08005,17.308681,27.530224,5.401311,4.110832,-8.733328,19.830534,-24.5472,-54.314957,2.31076,4.150955,15.000033,1.3394378,2.3175085,4.46469,-1.7191238,19.450153,-38.63957,63.07898,-6.883305,-0.2821865,6.6889544,40.973846,-47.19063,23.793966,-27.644445,26.976536,-25.555178,-7.2031856
591,-1.0517075061798096,-3.2070794105529785,80.50343322753906,1.6721247646854696,-4.684073676694661,100.15087182336056,9.079746,17.313644,27.54291,5.40094,4.1828456,-8.7237625,19.827215,-24.543497,-54.3058,2.2931895,4.1733775,15.000033,1.3272102,2.2763464,4.4613705,-1.8066652,19.478472,-38.66308,63.17012,-6.9212813,-0.27773052,6.767924,40.75398,-47.161526,23.935764,-27.609169,26.612896,-25.5091,-7.330816
592,-1.01759934425354,-3.2403130531311035,80.51140594482422,1.622475327090499,-4.6916246666178605,100.14712417395135,9.070206,17.402948,27.588129,5.3796096,4.1782546,-8.698149,19.772112,-24.456703,-54.194576,2.3059447,4.1753926,15.000033,1.3021508,2.268278,4.4534116,-1.8611913,19.509174,-38.61162,63.19997,-6.8728995,-0.22704722,6.9862247,40.59024,-47.121857,24.003904,-27.5196,26.039219,-25.464617,-7.476755
593,-0.9813265800476074,-3.2731924057006836,80.4968490600586,1.688482480012009,-4.809523243143828,100.11407070801793,9.124731,17.326067,27.361435,5.4267473,4.2424483,-8.726622,19.876877,-24.519817,-54.247734,2.3084633,4.236626,15.000033,1.3989509,2.2236464,4.4921575,-1.9610776,19.528574,-38.590763,63.262077,-7.0352182,-0.27935633,7.0265574,40.455853,-47.104748,24.091421,-27.58872,25.678688,-25.34281,-7.5892234
594,-0.9476578831672668,-3.3023104667663574,80.4939956665039,1.718268372484673,-4.86053055851264,100.08815192260286,9.145962,17.314207,27.318678,5.4400845,4.3235793,-8.706442,19.899519,-24.544579,-54.280617,2.327046,4.251423,15.000033,1.4327723,2.1688528,4.4931,-2.004465,19.562826,-38.535156,63.26804,-7.127282,-0.3058058,7.1152105,40.292847,-47.076477,24.235056,-27.561832,25.372265,-25.216812,-7.733136
595,-0.9176413416862488,-3.326486349105835,80.48902893066406,1.7425856380709073,-4.8906761229523585,100.04574535226722,9.168099,17.314816,27.337614,5.448457,4.341138,-8.683527,19.913076,-24.53715,-54.29078,2.2725267,4.2970977,15.000033,1.4281214,2.1210852,4.48502,-2.0212765,19.60542,-38.499706,63.28392,-7.3357644,-0.3457874,7.1021214,40.07264,-47.04737,24.384655,-27.515255,25.437765,-25.100561,-7.716094
596,-0.8928223252296448,-3.344862222671509,80.4912109375,1.7169939542301558,-4.922535334796061,100.03799236010433,9.189068,17.371765,27.362577,5.453064,4.3113565,-8.659933,19.903923,-24.515043,-54.27662,2.3402007,4.2662053,15.000033,1.4147072,2.0961678,4.472201,-2.015188,19.658186,-38.421642,63.252937,-7.2118897,-0.33662784,7.2672577,39.897827,-47.008175,24.493591,-27.414967,25.064121,-25.108582,-7.8798494
597,-0.8717890977859497,-3.3562355041503906,80.48738861083984,1.7186437035962234,-4.928934503668627,100.07370478882044,9.165205,17.382084,27.316164,5.45083,4.270339,-8.628682,19.92184,-24.49369,-54.291622,2.32301,4.2582397,15.000033,1.4325467,2.080688,4.441176,-2.0569093,19.667557,-38.38748,63.238853,-7.5373363,-0.36991006,7.2489195,39.899147,-47.001118,24.509771,-27.43689,25.230953,-25.003296,-7.777876
598,-0.8522040843963623,-3.362511157989502,80.49042510986328,1.7150021323973599,-4.921856457645596,100.04312551398354,9.191687,17.435522,27.508816,5.444362,4.3104157,-8.57704,19.885967,-24.457212,-54.21302,2.2917893,4.2439365,15.000033,1.4308934,2.0431077,4.424781,-2.0285218,19.716236,-38.312424,63.20251,-7.537707,-0.3505528,7.431891,39.757046,-46.97346,24.624088,-27.367933,24.754225,-25.015095,-8.105994
599,-0.8331106901168823,-3.365980386734009,80.48239135742188,1.730004192898336,-4.976596338427248,99.9984459438594,9.249148,17.444231,27.509544,5.479383,4.376258,-8.6129675,19.90718,-24.500965,-54.243076,2.3809202,4.192922,15.000033,1.4932997,2.0095098,4.40157,-1.9967993,19.768007,-38.265987,63.16069,-7.641902,-0.393428,7.505652,39.59788,-46.95966,24.790989,-27.31576,24.236523,-24.845303,-8.443108
600,-0.8152807950973511,-3.3664193153381348,80.4815673828125,1.6892625339405327,-4.953963601056981,99.96642846982407,9.231071,17.506828,27.489828,5.4831233,4.3143015,-8.637026,19.875042,-24.443815,-54.29006,2.3771067,4.1909556,15.000033,1.4716735,1.9904453,4.3592787,-1.9391862,19.826256,-38.148777,63.11081,-7.706782,-0.42234275,7.5809846,39.465214,-46.9421,24.888815,-27.232643,24.252708,-24.746996,-8.499672
601,-0.7952488660812378,-3.3659636974334717,80.47181701660156,1.741627355351227,-4.97073167070948,99.88599513774673,9.274595,17.47132,27.523708,5.5016456,4.2739186,-8.614701,19.861034,-24.489939,-54.188545,2.3592281,4.1427054,15.000033,1.4273093,1.9786745,4.3321934,-1.8866198,19.850235,-38.102818,63.152348,-7.8280325,-0.51450336,7.865495,39.377266,-46.929077,24.89944,-27.343513,24.40222,-24.91,-8.561991
602,-0.7729219794273376,-3.367945671081543,80.46585083007812,1.741564960872713,-5.0013347356759885,99.89815360609087,9.291278,17.505852,27.54677,5.535164,4.3069787,-8.63906,19.896208,-24.471218,-54.18893,2.3620055,4.1059227,15.000033,1.4607356,1.9578336,4.2926044,-1.8638175,19.899834,-37.96115,63.088207,-8.077542,-0.45827588,8.073231,39.297928,-46.91442,24.992706,-27.321829,23.852436,-24.711987,-8.788702
603,-0.7503125071525574,-3.3706061840057373,80.45157623291016,1.7784949959013026,-5.030646367046419,99.92767181161611,9.263455,17.450266,27.319492,5.5560555,4.2584267,-8.659884,19.985273,-24.462463,-54.237667,2.2568712,4.1001287,15.000033,1.5144504,1.9274716,4.325768,-1.9344403,19.951645,-38.008766,63.086327,-8.24871,-0.48295906,7.9179945,39.223225,-46.920853,25.165163,-27.341724,23.16984,-24.645473,-8.680059
604,-0.7273063659667969,-3.37646484375,80.4472885131836,1.7795952718801171,-5.095762807993021,99.96671197392395,9.311501,17.482689,27.353106,5.575975,4.275162,-8.650871,20.003143,-24.509157,-54.1612,2.4376462,3.9610941,15.000033,1.5480626,1.9188199,4.2809777,-1.9312391,19.997004,-37.88294,63.040333,-8.541958,-0.440425,8.107801,39.15341,-46.927814,25.288883,-27.336468,22.9144,-24.53692,-8.725364
605,-0.7049813270568848,-3.3832154273986816,80.43644714355469,1.822550193204138,-5.0924881828714925,99.92194440876422,9.291033,17.428371,27.216295,5.5811033,4.24603,-8.660475,19.989155,-24.523985,-54.134113,2.3797126,3.9652247,15.000033,1.5343188,1.8983532,4.2844977,-1.9293221,20.02546,-37.905914,63.05719,-8.587419,-0.54164237,7.963777,39.063206,-46.933105,25.351553,-27.403625,22.777552,-24.550156,-8.567957
606,-0.6856085062026978,-3.390988826751709,80.43323516845703,1.810528072034745,-5.072569580694435,99.95049156278442,9.267848,17.476147,27.317873,5.5755773,4.215866,-8.678161,19.971695,-24.491987,-54.166355,2.3764095,3.8830354,15.000033,1.4545133,1.8787329,4.245158,-1.9009333,20.087658,-37.912525,63.04213,-8.541592,-0.6280476,8.021519,38.93614,-46.93588,25.426687,-27.380074,23.2429,-24.640535,-8.477473
607,-0.6680401563644409,-3.400681257247925,80.42478942871094,1.8073096544434855,-5.170411481954456,99.94281257941302,9.372113,17.50946,27.364586,5.5874085,4.2413783,-8.684811,20.051676,-24.473682,-54.127792,2.3900678,3.9005167,15.000033,1.5018684,1.8828192,4.233904,-1.8996623,20.106411,-37.91692,63.037006,-8.674818,-0.6375756,7.991314,38.885235,-46.938778,25.467375,-27.409512,22.924139,-24.474802,-8.622016
608,-0.6567779183387756,-3.4063870906829834,80.41813659667969,1.814954141936258,-5.150393451333393,99.93057237917195,9.339592,17.51354,27.361603,5.6070943,4.216642,-8.720484,20.01769,-24.493767,-54.13771,2.4201615,3.8206308,15.000033,1.4845874,1.8498563,4.221483,-1.8771348,20.15878,-37.867115,62.986103,-8.703071,-0.653535,8.056719,38.79115,-46.945713,25.54654,-27.396591,22.975916,-24.431908,-8.63137
609,-0.648645281791687,-3.4117989540100098,80.41360473632812,1.8203314017540289,-5.183666325178245,99.95868882333828,9.357215,17.516876,27.355522,5.6140513,4.218539,-8.714059,20.076237,-24.494476,-54.18572,2.4112322,3.795276,15.000033,1.4323658,1.8451669,4.229989,-1.8305931,20.206099,-37.80692,62.922985,-8.734702,-0.6449712,8.091543,38.741848,-46.944416,25.57523,-27.413904,22.992983,-24.428959,-8.69845
610,-0.6429740786552429,-3.416964530944824,80.4094009399414,1.8026098097101662,-5.193494226772296,99.97844152987726,9.350924,17.539362,27.325403,5.6160536,4.169325,-8.732688,20.084885,-24.469398,-54.175674,2.416983,3.7840402,15.000033,1.4083835,1.8391933,4.2014804,-1.8229467,20.220743,-37.781086,62.91987,-8.755777,-0.63877237,8.138076,38.726982,-46.941315,25.56743,-27.4074,23.035656,-24.404327,-8.726091
611,-0.6389787197113037,-3.4211461544036865,80.40866088867188,1.7842074548133249,-5.197517394283516,99.97960258437261,9.36261,17.573824,27.381336,5.611301,4.1327453,-8.725014,20.080631,-24.442524,-54.14577,2.414301,3.8100624,15.000033,1.3652549,1.8351332,4.192751,-1.776165,20.258404,-37.721905,62.88761,-8.746803,-0.6360954,8.161826,38.663013,-46.933304,25.564247,-27.398186,23.040766,-24.427752,-8.680246
612,-0.6347756385803223,-3.4260172843933105,80.4144515991211,1.761549408143443,-5.223685773646998,99.96693423506852,9.391014,17.604763,27.381454,5.614216,4.1608553,-8.715214,20.098866,-24.420614,-54.16967,2.4289405,3.7917435,15.000033,1.3600692,1.829248,4.182158,-1.7528518,20.277142,-37.704823,62.860466,-8.763863,-0.655582,8.210178,38.611523,-46.93041,25.57337,-27.353973,23.037146,-24.338362,-8.818474
613,-0.629011332988739,-3.4314050674438477,80.41255950927734,1.7636918221771578,-5.225213127266991,99.97446214839422,9.399837,17.617212,27.445585,5.603274,4.1843357,-8.690164,20.099192,-24.418293,-54.148438,2.4250307,3.8401575,15.000033,1.321125,1.809008,4.1833353,-1.7290223,20.316883,-37.693054,62.826015,-8.802187,-0.6395187,8.2143955,38.526833,-46.926464,25.61906,-27.335747,22.796457,-24.34564,-8.925923
614,-0.620549738407135,-3.4402716159820557,80.41285705566406,1.75604017273433,-5.214534515666584,99.96694240566028,9.381664,17.62683,27.421877,5.595872,4.1536646,-8.682053,20.075655,-24.396143,-54.113594,2.4049985,3.8517833,15.000033,1.308465,1.8017064,4.1648636,-1.7338669,20.33129,-37.690903,62.810402,-8.783403,-0.6370107,8.24877,38.49244,-46.924194,25.625578,-27.326857,22.773088,-24.391014,-8.858822
615,-0.6084657311439514,-3.454197645187378,80.4065170288086,1.7448519295632257,-5.214381106720359,99.90712049062489,9.397449,17.65575,27.466282,5.589674,4.1125264,-8.700117,20.009396,-24.378445,-53.972954,2.4182563,3.85295,15.000033,1.3146559,1.8054993,4.164815,-1.7055299,20.360073,-37.671955,62.757607,-8.8152275,-0.645601,8.327367,38.400333,-46.918938,25.666353,-27.30397,22.400156,-24.47591,-8.955823
616,-0.5938946008682251,-3.472369432449341,80.40419006347656,1.7517048403587667,-5.251844115052971,99.88099926936204,9.416094,17.659618,27.439777,5.614423,4.1588197,-8.716166,20.002398,-24.376614,-53.84463,2.428491,3.8524907,15.000033,1.3420378,1.7995712,4.176592,-1.6957808,20.391119,-37.577812,62.68515,-8.940194,-0.6356221,8.335697,38.301792,-46.913612,25.694256,-27.3075,22.321255,-24.376463,-8.994397
617,-0.5767146944999695,-3.4978537559509277,80.39794158935547,1.7259433970853393,-5.318111210122376,99.87873848910671,9.507729,17.74616,27.690916,5.6046696,4.1959333,-8.75175,20.02979,-24.357492,-53.85848,2.4888856,3.8040762,15.000033,1.3652678,1.8158734,4.1389284,-1.7093909,20.403923,-37.55734,62.659557,-8.893551,-0.6219719,8.536273,38.211277,-46.9137,25.713367,-27.274355,22.462332,-24.51931,-9.2936
618,-0.5610880851745605,-3.525237798690796,80.3956527709961,1.6979966810009652,-5.291427642975141,99.87354684368765,9.459329,17.790215,27.703796,5.595413,4.2011976,-8.807809,19.982788,-24.288519,-53.84427,2.424296,3.819226,15.000033,1.3532825,1.8389115,4.1504188,-1.7004497,20.433147,-37.513138,62.595634,-8.75285,-0.66450536,8.586339,38.084984,-46.91598,25.765154,-27.24366,22.43787,-24.502718,-9.428214
619,-0.5468083620071411,-3.555063486099243,80.3889389038086,1.7519996769283015,-5.339691217291995,99.76627769544478,9.515631,17.733114,27.692781,5.604853,4.2122664,-8.79106,19.934912,-24.397938,-53.771507,2.5279796,3.82359,15.000033,1.3081896,1.8049117,4.1826234,-1.6430748,20.50241,-37.53289,62.513134,-8.737135,-0.76389134,8.501199,37.887226,-46.90567,25.810244,-27.2664,22.696547,-24.58005,-9.419898
620,-0.5367000102996826,-3.586042642593384,80.38666534423828,1.7279791134040947,-5.344627580084536,99.76834147717636,9.492188,17.759626,27.667517,5.5916247,4.2155924,-8.831649,19.913092,-24.347626,-53.724033,2.4909701,3.8402207,15.000033,1.2583146,1.8113366,4.17603,-1.6487805,20.51137,-37.52105,62.484383,-8.688691,-0.78727037,8.528813,37.8188,-46.90196,25.792961,-27.258625,22.747507,-24.628273,-9.4214945
621,-0.5309444665908813,-3.6164417266845703,80.39337921142578,1.6625598462565352,-5.403218011986108,99.76656697933366,9.527731,17.851894,27.711401,5.6161885,4.269639,-8.868662,19.919556,-24.283731,-53.646027,2.5400832,3.7899756,15.000033,1.3368523,1.8408035,4.226242,-1.6237633,20.548555,-37.298374,62.32963,-8.7211485,-0.68150574,8.691726,37.72918,-46.892086,25.817036,-27.167898,22.49352,-24.534975,-9.556632
622,-0.5269359350204468,-3.6443467140197754,80.4118881225586,1.6093652255999848,-5.387221470649932,99.70664811011858,9.517365,17.924726,27.778545,5.620852,4.2978644,-8.79933,19.846066,-24.17414,-53.51017,2.4429572,3.8780437,15.000033,1.3497833,1.8473456,4.2300677,-1.5760093,20.573278,-37.19934,62.222656,-8.747082,-0.7555509,8.722379,37.635635,-46.884724,25.84391,-27.065504,22.110035,-24.59532,-9.837797
623,-0.5253667831420898,-3.668184995651245,80.40377807617188,1.6467401473166612,-5.4633968888383295,99.71257191428792,9.565348,17.874344,27.729555,5.630694,4.385669,-8.8199835,19.914461,-24.238708,-53.52298,2.476628,3.8561974,15.000033,1.3397554,1.8334914,4.261156,-1.5775065,20.582266,-37.17716,62.171432,-8.764384,-0.738417,8.731908,37.56571,-46.88224,25.844084,-27.090601,22.213081,-24.54909,-9.842764
624,-0.5263825058937073,-3.6876070499420166,80.40633392333984,1.6209583244833414,-5.452162642308136,99.71090430015711,9.542799,17.904694,27.755127,5.625555,4.40207,-8.836195,19.88266,-24.219025,-53.536053,2.489497,3.8519132,15.000033,1.2678812,1.8337917,4.2801995,-1.544094,20.607323,-37.13697,62.109898,-8.675283,-0.7325732,8.745171,37.463287,-46.87114,25.828344,-27.035078,22.329527,-24.547424,-9.86419
625,-0.5271684527397156,-3.703808307647705,80.413818359375,1.5846767596726812,-5.444080363934772,99.63898655718089,9.5741625,17.974838,27.938877,5.627419,4.431,-8.811732,19.803356,-24.170668,-53.41256,2.4817975,3.8741112,15.000033,1.2441183,1.8121387,4.26196,-1.5071968,20.621534,-37.138542,62.06254,-8.74845,-0.7683014,8.786774,37.386288,-46.863953,25.817358,-26.965273,22.346918,-24.644289,-9.878535
626,-0.528364896774292,-3.715585947036743,80.41365051269531,1.569203786601688,-5.428106142753316,99.57485543189424,9.573398,17.994074,27.966322,5.628512,4.420034,-8.831174,19.727125,-24.158411,-53.324287,2.494832,3.8571916,15.000033,1.2592746,1.8075879,4.2544875,-1.4777869,20.628952,-37.13378,62.0173,-8.684153,-0.78476244,8.795286,37.33251,-46.859985,25.811724,-26.92502,22.345676,-24.662304,-9.854467
627,-0.5290743708610535,-3.724003553390503,80.41517639160156,1.5512963086227216,-5.448842737207863,99.60413720600464,9.587139,18.018026,27.988401,5.61892,4.4245696,-8.810711,19.735857,-24.132803,-53.263416,2.506217,3.909398,15.000033,1.2275994,1.8057836,4.2610626,-1.4272345,20.667496,-37.074417,61.90681,-8.705771,-0.7485002,8.752622,37.3213,-46.830334,25.77508,-26.898314,22.270287,-24.551369,-9.9140415
628,-0.5302386283874512,-3.72798228263855,80.40886688232422,1.577684741765254,-5.463496928455625,99.61480403292131,9.57998,17.981682,27.940763,5.6389065,4.401438,-8.827199,19.753136,-24.189444,-53.28155,2.5512912,3.8610396,15.000033,1.1951753,1.7848684,4.28371,-1.4012313,20.703531,-36.997086,61.844677,-8.705642,-0.7243815,8.749504,37.29596,-46.800713,25.725622,-26.924059,22.683884,-24.53118,-9.832156
629,-0.5297210216522217,-3.730922222137451,80.40864562988281,1.5477775125277047,-5.4597834943958246,99.59448082632767,9.577534,18.014313,27.918573,5.6401486,4.339225,-8.820592,19.718771,-24.142471,-53.1717,2.538277,3.8112984,15.000033,1.1582427,1.7826782,4.255114,-1.363336,20.70986,-36.970642,61.811222,-8.729841,-0.75379723,8.7911005,37.297302,-46.79255,25.702137,-26.912786,22.831486,-24.474287,-9.885708
630,-0.5265267491340637,-3.731902599334717,80.40807342529297,1.5435399406020813,-5.478307102630368,99.57967182809497,9.608469,18.025406,27.94123,5.6332855,4.348745,-8.820122,19.700293,-24.143236,-53.082447,2.581199,3.813571,15.000033,1.1287975,1.7909611,4.262245,-1.2632245,20.7448,-36.891632,61.69092,-8.649807,-0.7582701,8.746004,37.33732,-46.741703,25.60069,-26.95592,22.693432,-24.486446,-9.902356
631,-0.523115336894989,-3.7294063568115234,80.4083251953125,1.5194251397275667,-5.454703599371625,99.57659649744866,9.586278,18.06038,27.958673,5.6371,4.3183804,-8.853366,19.695007,-24.081692,-53.067997,2.5035806,3.7863245,15.000033,1.1052511,1.7786422,4.2605844,-1.2299001,20.78007,-36.8612,61.64646,-8.63899,-0.7993052,8.754037,37.33426,-46.695965,25.552301,-26.942041,22.883514,-24.535652,-9.863991
632,-0.5150707960128784,-3.726487636566162,80.40489196777344,1.5402686463384776,-5.454845633621429,99.56691012195672,9.59005,18.040016,27.933376,5.631329,4.3364205,-8.837101,19.651283,-24.126957,-52.993874,2.593858,3.780085,15.000033,1.1059471,1.7761123,4.2425914,-1.164532,20.811502,-36.81821,61.565224,-8.665481,-0.78161556,8.705892,37.367382,-46.647396,25.5119,-26.991962,22.703062,-24.408281,-9.997108
633,-0.5057820081710815,-3.7223398685455322,80.40546417236328,1.5373516539118541,-5.455461852708346,99.56892258312322,9.591722,18.056393,27.94332,5.640317,4.3392563,-8.833944,19.665234,-24.079285,-52.94824,2.5204573,3.810403,15.000033,1.0979093,1.7765006,4.2241244,-1.1390269,20.829409,-36.796284,61.55931,-8.725955,-0.78668666,8.7084,37.370872,-46.618633,25.49967,-27.003042,22.801052,-24.3946,-10.050963
634,-0.49514588713645935,-3.717869997024536,80.4064712524414,1.558270020426625,-5.473450499505813,99.54364971717469,9.611648,18.03517,27.896513,5.6486897,4.344993,-8.8114395,19.670572,-24.104496,-52.936077,2.5445445,3.7783165,15.000033,1.1343689,1.759873,4.2234526,-1.119713,20.847338,-36.797813,61.525356,-8.74625,-0.79139245,8.67276,37.37641,-46.59362,25.517498,-27.016418,22.931807,-24.438705,-10.032956
635,-0.4838741719722748,-3.7131149768829346,80.40579223632812,1.5852876489022805,-5.4592425510610685,99.55102080349339,9.578027,17.99779,27.791723,5.6535907,4.332708,-8.782941,19.670258,-24.121279,-52.96066,2.5302346,3.7781818,15.000033,1.1207526,1.745016,4.2309465,-1.1233639,20.863789,-36.832497,61.54259,-8.773855,-0.8538862,8.466138,37.372494,-46.573727,25.53188,-27.050587,22.946426,-24.442177,-9.900694
636,-0.4734140932559967,-3.7086968421936035,80.40394592285156,1.6151179318451758,-5.440823467821327,99.50690326383048,9.564537,17.970512,27.770254,5.672675,4.306807,-8.779358,19.63219,-24.149544,-52.914883,2.5287256,3.7286317,15.000033,1.1241724,1.739264,4.231356,-1.1026198,20.870575,-36.834587,61.55716,-8.858419,-0.8972299,8.4913225,37.360252,-46.56451,25.537228,-27.106873,23.14824,-24.526262,-9.829362
637,-0.462654173374176,-3.706286907196045,80.4019546508789,1.625586251640527,-5.47759824772943,99.51855648767054,9.6010895,17.982635,27.817205,5.6937375,4.3216205,-8.763284,19.672565,-24.148762,-52.886257,2.5325246,3.685709,15.000033,1.194789,1.7306126,4.1926513,-1.1062009,20.884481,-36.753124,61.531216,-9.115754,-0.8323663,8.670444,37.38975,-46.54491,25.554771,-27.1133,23.237762,-24.367853,-9.924772
638,-0.45352286100387573,-3.7047109603881836,80.40182495117188,1.6275622466056598,-5.497538346560998,99.57471943213623,9.595193,17.973915,27.73833,5.680704,4.301405,-8.752475,19.717,-24.141247,-52.90231,2.540971,3.6833894,15.000033,1.1200285,1.723123,4.216394,-1.079172,20.909994,-36.732063,61.513767,-9.097182,-0.909371,8.440304,37.37277,-46.50713,25.555302,-27.118673,23.246723,-24.44728,-9.70598
639,-0.44405901432037354,-3.704789638519287,80.41180419921875,1.6064488641910848,-5.460773054788191,99.5466674570431,9.573685,18.010479,27.772863,5.6716757,4.3338017,-8.720263,19.650606,-24.078712,-52.809177,2.4960678,3.743529,15.000033,1.125158,1.7284281,4.185072,-1.0153377,20.940613,-36.693794,61.450397,-9.136681,-0.9154928,8.411001,37.374916,-46.454086,25.56166,-27.090496,23.022024,-24.408817,-9.848307
640,-0.4359121024608612,-3.706177234649658,80.4115219116211,1.5962728114734843,-5.486560353437778,99.57629831983982,9.588813,18.037971,27.795523,5.6847086,4.3155484,-8.722574,19.67754,-24.058435,-52.779118,2.5104384,3.7009788,15.000033,1.1673499,1.7340965,4.1537876,-1.0092055,20.951445,-36.600815,61.391403,-9.297113,-0.8391028,8.592629,37.416782,-46.431465,25.561043,-27.082012,23.025045,-24.28837,-10.002161
641,-0.4287106394767761,-3.708002805709839,80.40142059326172,1.6574460042124552,-5.494008923110245,99.5836742412588,9.579883,17.965263,27.747694,5.690547,4.2957673,-8.70765,19.70674,-24.133638,-52.828022,2.5062382,3.6686199,15.000033,1.1028293,1.7050881,4.1856046,-1.0007228,20.964289,-36.5841,61.411346,-9.298851,-0.91129565,8.418497,37.3571,-46.411747,25.550827,-27.155533,23.391916,-24.317709,-9.667127
642,-0.4226444363594055,-3.7125864028930664,80.40434265136719,1.652332905727558,-5.491221867959234,99.55363635883984,9.580883,17.978397,27.7547,5.698734,4.2964625,-8.702437,19.69073,-24.117338,-52.823154,2.4882178,3.6771588,15.000033,1.1220055,1.7026464,4.1833277,-0.9942885,20.973564,-36.580788,61.392094,-9.264762,-0.9023086,8.396982,37.327106,-46.39977,25.554283,-27.134235,23.475279,-24.290813,-9.61011
643,-0.41706669330596924,-3.7195422649383545,80.40320587158203,1.6569089576155622,-5.5185983162653915,99.57953592933389,9.599229,17.975832,27.750092,5.686513,4.2998905,-8.681375,19.701332,-24.128736,-52.794136,2.5356028,3.682968,15.000033,1.1348753,1.7081739,4.169698,-0.96735847,20.990417,-36.529877,61.32285,-9.326169,-0.8947871,8.386171,37.35668,-46.369766,25.545227,-27.144367,23.311943,-24.2006,-9.686869
644,-0.4147060811519623,-3.726541519165039,80.40418243408203,1.661526731947463,-5.528650705483661,99.60278590427546,9.587481,17.96848,27.721256,5.6959357,4.336481,-8.697204,19.73185,-24.119165,-52.834377,2.5020597,3.6925845,15.000033,1.1525811,1.7022219,4.1695175,-0.9641587,21.003822,-36.509293,61.25961,-9.387192,-0.8986935,8.395475,37.372974,-46.34788,25.548084,-27.13319,23.315403,-24.140944,-9.799633
645,-0.4152142107486725,-3.734034299850464,80.40342712402344,1.644705657716346,-5.532222176052983,99.65978976752267,9.560564,17.979399,27.678074,5.6866055,4.311887,-8.70107,19.746197,-24.094316,-52.82268,2.5034032,3.6914537,15.000033,1.1404848,1.7015836,4.1486,-0.9592363,21.012125,-36.475563,61.19059,-9.353891,-0.8869093,8.42259,37.40236,-46.33016,25.533972,-27.100136,23.253077,-24.165796,-9.730131
646,-0.4169842302799225,-3.7417426109313965,80.40634155273438,1.6226551908897833,-5.568336403084323,99.71141131048266,9.584513,18.012709,27.728588,5.6861954,4.340514,-8.696509,19.789408,-24.07719,-52.82462,2.5356443,3.6908333,15.000033,1.189944,1.7013563,4.1517973,-0.9722102,21.025684,-36.333584,61.122936,-9.505989,-0.8078536,8.679651,37.442142,-46.298836,25.518114,-27.059156,23.269323,-24.051088,-9.911354
647,-0.4193124771118164,-3.748703718185425,80.40657043457031,1.5981144525133413,-5.548717192638413,99.80500307659027,9.50791,18.01754,27.607231,5.676722,4.361951,-8.751376,19.810013,-24.04518,-52.903046,2.5324059,3.6786623,15.000033,1.207462,1.7208258,4.1612005,-0.98392934,21.030178,-36.264633,61.04135,-9.420841,-0.80045027,8.67369,37.50625,-46.284912,25.512424,-27.03272,23.113173,-23.968002,-9.9427805
648,-0.41895750164985657,-3.7563514709472656,80.42194366455078,1.5639219920366711,-5.553886158451744,99.74450106403792,9.531748,18.067705,27.666563,5.697377,4.37884,-8.702353,19.773521,-23.999058,-52.85952,2.522145,3.7547,15.000033,1.2903118,1.7167449,4.1827273,-0.97257745,21.039005,-36.21925,60.984886,-9.391976,-0.8863919,8.748276,37.44385,-46.27517,25.580046,-26.919497,23.039198,-24.092245,-9.983559
649,-0.4141019284725189,-3.763404130935669,80.41059112548828,1.611856610577659,-5.5925621682099305,99.73126378231018,9.571343,18.013996,27.655807,5.692981,4.3889766,-8.70417,19.790491,-24.04465,-52.747475,2.518045,3.7984319,15.000033,1.2404372,1.7126623,4.152851,-0.93136775,21.04621,-36.179054,60.946766,-9.455852,-0.8401291,8.759343,37.425842,-46.257683,25.56162,-26.974037,22.916859,-23.989405,-10.073166
650,-0.40662553906440735,-3.7700161933898926,80.41668701171875,1.5994762236163689,-5.568670062734029,99.7363488760973,9.542742,18.02669,27.649902,5.671644,4.4177823,-8.70972,19.749994,-24.05431,-52.829765,2.5846817,3.7355835,15.000033,1.2945348,1.7233369,4.1550517,-0.9423206,21.050339,-36.165207,60.931282,-9.386094,-0.91538733,8.840885,37.456238,-46.250523,25.579542,-26.963703,22.43008,-23.966602,-10.328851
651,-0.39649704098701477,-3.7754886150360107,80.41486358642578,1.5963330191041225,-5.575300922466006,99.78986778931836,9.512471,18.024761,27.565413,5.667248,4.3990636,-8.715931,19.778105,-24.034494,-52.831043,2.5716667,3.714576,15.000033,1.2553995,1.7275895,4.144779,-0.94235903,21.057089,-36.12553,60.912086,-9.354625,-0.91682106,8.859301,37.47789,-46.2334,25.57693,-26.980665,22.475874,-23.965944,-10.33608
652,-0.3842006325721741,-3.779348373413086,80.4025650024414,1.6641421499609803,-5.584561524140212,99.86365953254193,9.457886,17.932405,27.414553,5.6831913,4.406491,-8.765707,19.853468,-24.126223,-53.011047,2.5875154,3.5870829,15.000033,1.2702215,1.6930051,4.177296,-1.01312,21.066141,-36.072403,60.931385,-9.432801,-0.8694057,8.850032,37.487427,-46.21769,25.607363,-27.057507,22.432413,-23.895674,-10.259943
653,-0.37083548307418823,-3.7841544151306152,80.39557647705078,1.671998346462946,-5.607658885208044,99.91983770485716,9.445553,17.925955,27.339746,5.6837573,4.3846374,-8.77279,19.878365,-24.117996,-52.95112,2.602812,3.6258001,15.000033,1.2953941,1.7159947,4.185683,-1.0424409,21.06951,-36.029667,60.911514,-9.403289,-0.80218685,8.759875,37.526566,-46.208164,25.622147,-27.116617,22.475288,-23.82163,-10.170351
654,-0.3604753315448761,-3.786484479904175,80.39505767822266,1.677299287143407,-5.585087036052334,99.94663589928845,9.396203,17.926039,27.311192,5.698406,4.3684874,-8.787838,19.876184,-24.114664,-53.01781,2.5919182,3.6185966,15.000033,1.3242451,1.7106558,4.217615,-1.0921242,21.072016,-36.02495,60.919437,-9.339658,-0.8129775,8.7177105,37.52994,-46.206078,25.643398,-27.129997,22.494217,-23.923563,-10.088937
655,-0.3531860113143921,-3.7872962951660156,80.39595031738281,1.663724903622776,-5.588048455796831,99.96606079252699,9.395126,17.952768,27.335789,5.6947002,4.3538055,-8.782834,19.877419,-24.081684,-52.97309,2.5810797,3.6258745,15.000033,1.3155395,1.7162218,4.2226257,-1.1094944,21.074318,-36.0224,60.938198,-9.267679,-0.8136667,8.668554,37.531937,-46.203743,25.663336,-27.132103,22.452179,-23.978947,-9.965841
656,-0.3476651906967163,-3.785477638244629,80.3932876586914,1.7019705778995842,-5.578153078984161,99.92189623350835,9.414306,17.920795,27.400827,5.682379,4.3941116,-8.766216,19.841705,-24.1278,-52.957012,2.5954146,3.6709943,15.000033,1.3141091,1.7016715,4.218395,-1.0937731,21.0788,-36.06001,60.95201,-9.137755,-0.8497129,8.677196,37.52982,-46.200085,25.694937,-27.168064,22.12086,-23.923752,-10.123793
657,-0.34703776240348816,-3.7801921367645264,80.39530181884766,1.698412825240663,-5.605169760982161,99.8828518400486,9.445264,17.917873,27.33643,5.7008734,4.4067864,-8.761428,19.835669,-24.111225,-52.82154,2.5895894,3.6983542,15.000033,1.3643749,1.6907111,4.2306657,-1.0749464,21.083761,-36.066586,60.972687,-9.265595,-0.86243254,8.697588,37.519665,-46.19208,25.748804,-27.144352,22.590446,-24.034037,-10.126935
658,-0.3510735332965851,-3.76902437210083,80.39157104492188,1.6958346540098375,-5.565984247284457,99.97020950088064,9.378758,17.920088,27.332333,5.7039437,4.3370657,-8.771521,19.862247,-24.11631,-52.94542,2.591474,3.65546,15.000033,1.3080331,1.6673938,4.2337594,-1.1097715,21.088814,-36.046486,61.01881,-9.253437,-0.8434416,8.665208,37.52465,-46.182774,25.767933,-27.123209,22.675596,-24.04179,-9.977224
659,-0.35468238592147827,-3.7567832469940186,80.39173889160156,1.70723021317572,-5.569870239058472,99.98259099421249,9.38688,17.901354,27.308174,5.702643,4.3509045,-8.764605,19.866375,-24.13911,-52.92165,2.6272287,3.6959229,15.000033,1.3068211,1.6579423,4.2362523,-1.0877105,21.090681,-36.06223,61.01054,-9.240394,-0.804173,8.589781,37.57106,-46.17745,25.782139,-27.128319,22.54809,-24.001333,-9.999711
660,-0.3603287935256958,-3.741974353790283,80.40211486816406,1.685206575685687,-5.472021283448341,99.9427290656002,9.313038,17.917034,27.310167,5.6864734,4.363444,-8.775323,19.769705,-24.091877,-52.931515,2.564478,3.7496486,15.000033,1.2534082,1.6385578,4.237466,-1.0544151,21.095867,-36.153458,61.04893,-9.022873,-0.8980031,8.398945,37.575066,-46.17064,25.798862,-27.079382,22.461716,-24.16032,-9.922637
661,-0.3658466935157776,-3.725132465362549,80.39461517333984,1.7337776930310769,-5.456733577115654,100.02955240973198,9.295215,17.87095,27.394157,5.682294,4.323294,-8.767784,19.79562,-24.172405,-52.952293,2.6235569,3.7106845,15.000033,1.2216607,1.5983026,4.204675,-1.079285,21.09737,-36.131218,61.10339,-9.287451,-0.82499164,8.598095,37.645683,-46.16293,25.78288,-27.113674,22.824165,-24.071085,-9.979372
662,-0.37266257405281067,-3.70869779586792,80.40086364746094,1.7216285652603602,-5.549930194495704,99.97916837825045,9.41864,17.886784,27.3825,5.712143,4.3419075,-8.727575,19.900806,-24.153173,-52.90386,2.601368,3.8017604,15.000033,1.2264384,1.5971627,4.2105083,-1.003818,21.099436,-36.119385,61.059074,-9.278577,-0.82074016,8.57165,37.689957,-46.146435,25.765635,-27.101131,22.620401,-24.22038,-9.968941
663,-0.3789537847042084,-3.6892142295837402,80.3996353149414,1.7414539306102632,-5.483469722203683,99.99389195213301,9.342838,17.85318,27.329586,5.7310405,4.2940903,-8.731825,19.860765,-24.19127,-52.968792,2.6164687,3.7553978,15.000033,1.2156795,1.5631902,4.223095,-1.0062703,21.100838,-36.108562,61.0891,-9.449483,-0.87993073,8.566794,37.737926,-46.139515,25.763786,-27.114513,22.813578,-24.274267,-9.663137
664,-0.38478943705558777,-3.66743803024292,80.4007568359375,1.7598917508125713,-5.454638349337837,99.92673986850272,9.35637,17.828568,27.344347,5.7317715,4.2949147,-8.7405615,19.836351,-24.238253,-53.062157,2.6393328,3.7070189,15.000033,1.2453852,1.5208627,4.2073383,-0.9856666,21.105085,-36.14328,61.135475,-9.446083,-0.90011173,8.57255,37.792946,-46.132996,25.784416,-27.10798,22.3737,-24.167374,-9.861684
665,-0.39239701628685,-3.6406922340393066,80.39862823486328,1.7335183655784627,-5.48112791236452,100.04004623761432,9.352123,17.848747,27.253166,5.744945,4.2840323,-8.754843,19.934631,-24.202667,-53.072742,2.6474633,3.6613393,15.000033,1.1874843,1.5219387,4.2063227,-0.977653,21.1077,-36.157253,61.134773,-9.416926,-0.79417616,8.4066725,37.92047,-46.118126,25.774708,-27.095715,22.869864,-24.298906,-9.755637
666,-0.39749130606651306,-3.6104393005371094,80.39984893798828,1.7310903143165137,-5.483350022416732,100.08356556486886,9.365636,17.853277,27.246004,5.747228,4.317634,-8.751432,19.957314,-24.197908,-53.03139,2.6804075,3.6523952,15.000033,1.1842114,1.5091821,4.1703033,-0.92790914,21.110111,-36.144966,61.115314,-9.543425,-0.7704487,8.25818,38.096554,-46.08484,25.705463,-27.14423,22.85034,-24.100582,-9.5685
667,-0.40543287992477417,-3.574740409851074,80.39933776855469,1.6964332245351645,-5.443416154459912,100.12623796415292,9.349875,17.900412,27.298925,5.742509,4.2546873,-8.788849,19.976734,-24.168943,-53.127396,2.6927075,3.5989544,15.000033,1.1537209,1.4718506,4.1590524,-0.92608094,21.115026,-36.217278,61.18998,-9.477977,-0.7419215,8.228946,38.202984,-46.059666,25.684954,-27.113503,22.938799,-24.060276,-9.440868
668,-0.41015195846557617,-3.539194107055664,80.3909912109375,1.7057145327886274,-5.380181305175048,100.15374044840637,9.325566,17.903406,27.394703,5.7216225,4.253038,-8.864639,19.961561,-24.17661,-53.207264,2.6870353,3.5551322,15.000033,1.062931,1.4280988,4.1199546,-0.8767617,21.117193,-36.27667,61.252575,-9.347665,-0.79081684,8.140878,38.234253,-46.056053,25.691532,-27.14018,23.06297,-23.847675,-9.2182
669,-0.415777325630188,-3.5046403408050537,80.3779067993164,1.725419681210003,-5.3412936839573915,100.18200458412471,9.306555,17.868547,27.357206,5.696609,4.19082,-8.930935,19.999218,-24.208057,-53.37634,2.6757028,3.5689633,15.000033,0.970539,1.3861326,4.071376,-0.84102297,21.135736,-36.541706,61.32347,-9.245791,-0.8133512,7.975409,38.406403,-46.01173,25.564837,-27.253307,23.810743,-23.721571,-8.685269
670,-0.42003515362739563,-3.4756767749786377,80.38726806640625,1.671264012220921,-5.310057146197717,100.28490183551374,9.275493,17.931864,27.375727,5.670954,4.210463,-8.946688,20.07585,-24.097023,-53.52246,2.5747502,3.5859733,15.000033,0.9468437,1.3671585,4.0481133,-0.8497621,21.143753,-36.64062,61.373863,-9.0154085,-0.8282105,7.875824,38.588448,-45.981403,25.502647,-27.230577,23.995855,-23.683811,-8.594161
671,-0.42418384552001953,-3.453329086303711,80.39903259277344,1.6291463345006993,-5.342522530784498,100.29433469765671,9.343382,17.992245,27.456726,5.66356,4.295463,-8.985726,20.139126,-24.06128,-53.584606,2.6063263,3.645457,15.000033,1.0252486,1.3423129,4.0280423,-0.8253232,21.154213,-36.717068,61.296135,-8.620227,-0.9292016,7.8046885,38.71806,-45.953506,25.507526,-27.144184,24.252943,-23.997725,-8.695534
672,-0.4258447289466858,-3.438753604888916,80.35884857177734,1.6757959327998566,-5.408270756600244,100.52741138105088,9.345518,17.93808,27.414717,5.6466436,4.1387825,-9.128762,20.336159,-24.143019,-53.776215,2.6902869,3.5471218,15.000033,0.97307575,1.3459549,3.98165,-0.8282171,21.155739,-36.608616,61.211292,-8.658351,-0.8840628,7.674962,38.921,-45.926693,25.419674,-27.300905,24.742155,-23.86501,-8.42991
673,-0.4272465109825134,-3.4317188262939453,80.3702392578125,1.6321179224296338,-5.413729226803516,100.51384140643601,9.371011,18.005396,27.50373,5.66089,4.19175,-9.136697,20.350584,-24.090603,-53.863594,2.6877985,3.6162903,15.000033,1.0126312,1.347194,4.020187,-0.7919545,21.16824,-36.547485,61.10024,-8.76983,-0.9986497,7.79729,39.056038,-45.87471,25.293066,-27.275023,24.334637,-23.826794,-8.396014
674,-0.42919787764549255,-3.42788028717041,80.3642807006836,1.6264047842693716,-5.371817369611438,100.55031261216367,9.310232,18.00621,27.468315,5.661928,4.1253343,-9.1618185,20.338621,-24.072649,-53.89901,2.6529307,3.5882828,15.000033,1.0184282,1.3412561,4.0346713,-0.7871651,21.18358,-36.507607,60.986973,-8.839783,-0.9662359,7.8219824,39.19441,-45.828148,25.218945,-27.300423,24.467497,-23.754667,-8.377652
675,-0.4294414520263672,-3.4295120239257812,80.35836029052734,1.6216211059982426,-5.374432487289452,100.60258066374291,9.296959,18.0152,27.483244,5.6592045,4.1219187,-9.195254,20.35924,-24.071228,-53.950706,2.6752338,3.5483334,15.000033,1.059858,1.3451551,4.033232,-0.77487653,21.194172,-36.370644,60.882023,-8.998502,-0.99313015,7.824029,39.303062,-45.78582,25.132318,-27.340456,24.700518,-23.586628,-8.292712
676,-0.4312119483947754,-3.4330568313598633,80.37922668457031,1.591159384251595,-5.431010977352436,100.56944618483054,9.360416,18.048119,27.474123,5.6777267,4.148636,-9.117611,20.40547,-24.070284,-54.053467,2.7374623,3.6126747,15.000033,1.1627101,1.3129396,4.072251,-0.8197553,21.204935,-36.388763,60.83475,-9.028,-0.8109106,7.5088534,39.306114,-45.769943,25.187975,-27.195642,23.941887,-23.623207,-8.402389
677,-0.4324936270713806,-3.438495397567749,80.35557556152344,1.6320627919592212,-5.452706055931725,100.71601911744348,9.311421,17.982983,27.35886,5.6708674,4.1159987,-9.195084,20.499523,-24.100515,-54.11169,2.7162662,3.5957217,15.000033,1.111891,1.3196216,4.035551,-0.8350773,21.20661,-36.359924,60.762753,-9.0210285,-0.7692528,7.3982034,39.363594,-45.761776,25.17584,-27.265732,24.572992,-23.579174,-8.275133
678,-0.4378185570240021,-3.4445583820343018,80.33866119384766,1.6594671424594643,-5.412552933465226,100.69098589214386,9.276846,17.928436,27.314714,5.632553,4.0957985,-9.283727,20.467762,-24.1436,-54.18767,2.6924872,3.5563293,15.000033,1.128689,1.3197918,4.010751,-0.8123342,21.208372,-36.236553,60.755547,-8.943356,-0.7559364,7.3938065,39.39615,-45.73374,25.096796,-27.335016,24.489973,-23.570948,-8.224588
679,-0.44701895117759705,-3.4527387619018555,80.3571548461914,1.641953008940933,-5.4708951992143655,100.6643300144461,9.325951,17.938816,27.275875,5.6696754,4.1789136,-9.198112,20.533854,-24.138874,-54.26048,2.689752,3.6854823,15.000033,1.1985981,1.2937443,4.109443,-0.85145456,21.211405,-36.254032,60.680626,-8.914813,-0.6743269,7.351868,39.37517,-45.729248,25.11614,-27.238543,24.09372,-23.595812,-8.144333
680,-0.4570881724357605,-3.4642810821533203,80.34862518310547,1.6786492658080372,-5.356107809884305,100.55190585769202,9.283592,17.916454,27.526419,5.634559,4.175352,-9.191696,20.375696,-24.181437,-54.273266,2.6192408,3.6838362,15.000033,1.1414874,1.2651335,4.069637,-0.80263525,21.215412,-36.311127,60.729107,-8.810673,-0.9021258,7.8061657,39.283215,-45.7252,25.118713,-27.247982,24.05404,-23.702782,-8.242911
681,-0.471716970205307,-3.480642318725586,80.38252258300781,1.5846514082062777,-5.379419182336278,100.528248090986,9.296174,18.00285,27.482584,5.6426687,4.242617,-9.117928,20.335949,-24.085728,-54.165516,2.6540074,3.720989,15.000033,1.2179922,1.2703682,4.055609,-0.8131973,21.217854,-36.32115,60.668365,-8.858461,-0.7709668,7.45804,39.240635,-45.71899,25.132856,-27.034039,23.626364,-23.768545,-8.206576
682,-0.4859885275363922,-3.4999489784240723,80.39018249511719,1.5789797214742118,-5.405480099293403,100.47916404680139,9.327233,17.996609,27.49809,5.6516943,4.2604966,-9.072421,20.343441,-24.087812,-54.171448,2.6212401,3.764563,15.000033,1.2278703,1.2510778,4.0586543,-0.8090919,21.218372,-36.323563,60.659897,-8.839255,-0.743626,7.452086,39.182205,-45.716385,25.128063,-26.979713,23.640585,-23.757908,-8.225837
683,-0.4982161819934845,-3.5224642753601074,80.38435363769531,1.623300554919819,-5.4562225054909765,100.4847548715828,9.342177,17.910566,27.382809,5.6549697,4.3311505,-9.080652,20.40282,-24.175137,-54.255913,2.645608,3.7342615,15.000033,1.2256279,1.2291538,4.0869956,-0.82828355,21.218199,-36.31406,60.624798,-8.8873625,-0.6636284,7.4259377,39.09627,-45.710197,25.114227,-26.945107,23.833317,-23.626408,-8.262733
684,-0.5083178877830505,-3.5472970008850098,80.39617919921875,1.5829895527170883,-5.4222842072764355,100.4233505850077,9.325922,17.956842,27.48301,5.645474,4.305604,-9.079522,20.326895,-24.128883,-54.23997,2.6059976,3.7603545,15.000033,1.2207289,1.2321998,4.075508,-0.8091633,21.217012,-36.30244,60.604736,-8.746733,-0.64480615,7.423916,39.018265,-45.704815,25.097956,-26.868647,23.724014,-23.782446,-8.328622
685,-0.5122707486152649,-3.574282646179199,80.39614868164062,1.5781152658523425,-5.435224502860708,100.41114342054921,9.325432,17.955996,27.499712,5.6401353,4.3372364,-9.087174,20.306444,-24.131468,-54.212143,2.608623,3.7267597,15.000033,1.2221067,1.2386308,4.0925326,-0.82042027,21.21542,-36.294266,60.567036,-8.68818,-0.651829,7.353494,38.943096,-45.699333,25.091312,-26.8339,23.577103,-23.853502,-8.18745
686,-0.5125387907028198,-3.6002893447875977,80.40694427490234,1.5307490098126892,-5.4743576522400685,100.46073004418813,9.322694,18.00253,27.46102,5.640351,4.3115697,-9.052828,20.364977,-24.079212,-54.29529,2.60015,3.7493322,15.000033,1.2374061,1.2446047,4.128418,-0.90149665,21.211926,-36.254486,60.574047,-8.608817,-0.52763164,7.14041,38.896496,-45.693146,25.091608,-26.749163,23.762491,-23.881578,-8.02382
687,-0.5049481987953186,-3.626377820968628,80.40978240966797,1.5185627047451644,-5.496198855967675,100.50336343544923,9.30193,18.007364,27.39494,5.6287203,4.3398046,-9.023277,20.382433,-24.060608,-54.32412,2.603831,3.7461734,15.000033,1.2240914,1.2463335,4.142174,-0.9444638,21.211103,-36.24192,60.55338,-8.667596,-0.5503347,7.1284842,38.865944,-45.690403,25.085333,-26.72515,23.700274,-23.803087,-8.018521
688,-0.492159366607666,-3.651109218597412,80.40673828125,1.5141222280765547,-5.563825557813512,100.54321797178396,9.341254,18.027647,27.411003,5.629854,4.3616014,-9.0135145,20.44493,-24.02831,-54.26604,2.580361,3.8252642,15.000033,1.2384474,1.2834512,4.158299,-0.9930007,21.208778,-36.220356,60.556187,-8.705833,-0.49247113,7.0034676,38.826874,-45.685673,25.077026,-26.758036,23.82973,-23.812477,-7.9738655
689,-0.4758647084236145,-3.673053503036499,80.4097900390625,1.5468305380056737,-5.546927850184527,100.51784926868021,9.310941,17.994537,27.406565,5.6208963,4.4141803,-8.996559,20.412615,-24.062403,-54.345333,2.5732987,3.8051002,15.000033,1.234754,1.2785193,4.156758,-1.0209004,21.208908,-36.222343,60.565914,-8.683027,-0.5287406,7.083197,38.802124,-45.683952,25.07625,-26.781004,23.718527,-23.83497,-8.134469
690,-0.4603980481624603,-3.691560745239258,80.39684295654297,1.6049879435715966,-5.577113207459038,100.56605634234705,9.28967,17.915028,27.279749,5.6143765,4.396848,-9.018083,20.45685,-24.134666,-54.38179,2.5997844,3.774542,15.000033,1.2070624,1.2662646,4.178075,-1.0964601,21.209295,-36.224205,60.623928,-8.756502,-0.48599148,7.0746646,38.76595,-45.680065,25.076828,-26.883276,23.93065,-23.740707,-8.127021
691,-0.4478759169578552,-3.7078075408935547,80.38606262207031,1.6180260499286345,-5.617476864154316,100.58974780681262,9.316351,17.922855,27.336843,5.619934,4.368602,-9.037828,20.489754,-24.126694,-54.304207,2.5806818,3.8479257,15.000033,1.2362794,1.2752515,4.180012,-1.1772492,21.20876,-36.210175,60.687885,-8.840536,-0.45364898,7.0101037,38.718918,-45.675648,25.076748,-26.934376,24.243525,-23.615143,-7.9814053
692,-0.4398270547389984,-3.7206814289093018,80.3932113647461,1.6207940069606421,-5.636309171881148,100.56472364469643,9.325306,17.914936,27.29116,5.6183367,4.431081,-9.033434,20.484585,-24.129236,-54.31793,2.5909717,3.8473637,15.000033,1.257855,1.2793828,4.18125,-1.1895976,21.20821,-36.18452,60.672596,-8.792313,-0.49426383,7.0329976,38.681324,-45.66741,25.074791,-26.928164,24.45804,-23.541344,-7.9409885
693,-0.43642091751098633,-3.7285826206207275,80.408203125,1.6174137756977722,-5.604170899036726,100.35006242430387,9.37582,17.933432,27.40078,5.618169,4.516844,-8.975083,20.342836,-24.131428,-54.236813,2.576679,3.927368,15.000033,1.3609824,1.2451922,4.1796985,-1.1812745,21.21514,-36.292515,60.74399,-8.828168,-0.5806168,7.172266,38.51151,-45.668625,25.226805,-26.78596,24.077963,-23.72464,-8.170944
694,-0.4382981061935425,-3.7305691242218018,80.42312622070312,1.5568702132022185,-5.6089948840661386,100.24523320374621,9.456255,18.049414,27.664528,5.6306744,4.4679365,-8.920377,20.278103,-24.059862,-54.102962,2.5753365,3.9437745,15.000033,1.3938036,1.2690464,4.1518836,-1.1244196,21.215471,-36.236412,60.741695,-8.889369,-0.54888,7.4380946,38.437748,-45.66439,25.249819,-26.69052,24.001146,-23.867023,-8.410206
695,-0.4395429491996765,-3.726466655731201,80.42271423339844,1.5487513265208355,-5.585899599309694,100.22089881132379,9.439798,18.052673,27.631353,5.626918,4.4527445,-8.915503,20.240496,-24.046608,-54.053043,2.5648158,3.9251208,15.000033,1.358051,1.2627299,4.136149,-1.0881253,21.21688,-36.162422,60.759285,-9.007978,-0.5581231,7.5109954,38.385563,-45.656094,25.269205,-26.65539,24.011902,-23.799538,-8.431082
696,-0.4381462335586548,-3.7168819904327393,80.42671966552734,1.5427491879292672,-5.579639418956931,100.20247049772212,9.433514,18.048964,27.547306,5.632541,4.481335,-8.908329,20.22822,-24.041008,-54.038193,2.5761147,3.892198,15.000033,1.3169012,1.2555937,4.126856,-1.0424626,21.219051,-36.101288,60.75367,-9.027323,-0.5775349,7.5661116,38.37561,-45.646103,25.258945,-26.635862,24.175346,-23.685984,-8.485519
697,-0.4320734143257141,-3.7013604640960693,80.427001953125,1.5704699181301358,-5.558697740509906,100.26954388227128,9.410108,18.019108,27.55561,5.6035066,4.532143,-8.916689,20.24669,-24.057835,-54.03975,2.5729353,3.854755,15.000033,1.204903,1.2160169,4.1207385,-1.0165374,21.222456,-36.08841,60.817802,-9.028874,-0.54915124,7.575155,38.370823,-45.63445,25.2454,-26.652668,24.494629,-23.62343,-8.472278
698,-0.42226123809814453,-3.6820437908172607,80.43257904052734,1.5405742686164028,-5.604156723538205,100.22901245691831,9.475906,18.065834,27.514198,5.627432,4.5384417,-8.892015,20.307177,-24.028313,-54.116474,2.594279,3.9132874,15.000033,1.2533754,1.2250108,4.1396475,-1.0053443,21.23108,-36.07563,60.852905,-8.949434,-0.60823584,7.636477,38.40006,-45.611385,25.27455,-26.64176,24.129755,-23.625427,-8.589239
699,-0.4076935350894928,-3.6598496437072754,80.4375991821289,1.5261345976769989,-5.620593291774963,100.28593311437453,9.482146,18.091858,27.454239,5.6270576,4.6003523,-8.877871,20.377043,-23.994097,-54.203175,2.5974822,3.963839,15.000033,1.2640616,1.2095773,4.147872,-1.042516,21.241411,-36.124046,60.915188,-8.968403,-0.64342314,7.6501327,38.436226,-45.598293,25.333672,-26.614916,23.929102,-23.535662,-8.627645
700,-0.38919997215270996,-3.6371140480041504,80.41539764404297,1.5883915319253814,-5.510707785965146,100.30926917712083,9.414497,18.059162,27.630365,5.577167,4.56965,-8.957901,20.283632,-24.03208,-54.15997,2.5659401,3.8819187,15.000033,1.1508994,1.1800872,4.0873346,-0.98920065,21.259493,-36.173897,61.015465,-9.016649,-0.8164294,8.00603,38.463585,-45.560467,25.313688,-26.750645,24.434307,-23.487545,-8.636336
701,-0.372740775346756,-3.6173629760742188,80.40592956542969,1.5751141430380136,-5.531114085869381,100.26243566520967,9.486102,18.120628,27.757982,5.587576,4.4893556,-8.958463,20.291523,-24.025227,-54.130524,2.6139832,3.9305255,15.000033,1.1968085,1.212999,4.071678,-0.97645646,21.269995,-36.16027,61.077213,-8.896855,-0.8991696,8.127686,38.482395,-45.53741,25.34671,-26.806774,24.0205,-23.704233,-8.666306
702,-0.35622748732566833,-3.6030616760253906,80.404052734375,1.6042094496646366,-5.485117116936561,100.30185154583151,9.443448,18.096722,27.763292,5.5542774,4.5109587,-8.968207,20.268589,-24.0175,-54.065807,2.5707712,3.9146988,15.000033,1.1184059,1.1907177,4.048453,-0.965962,21.284084,-36.16947,61.140564,-8.937688,-0.9009986,8.165292,38.475754,-45.509167,25.352419,-26.85065,24.306072,-23.689186,-8.637818
703,-0.3419695794582367,-3.5974032878875732,80.40729522705078,1.5752285651909936,-5.502564761405783,100.24712359917007,9.477401,18.150143,27.760191,5.5761876,4.499653,-8.947389,20.279205,-23.979233,-54.131687,2.5741088,3.9841316,15.000033,1.2155339,1.2129034,4.0501857,-0.9896613,21.290709,-36.156532,61.164352,-8.951768,-0.9458074,8.230325,38.4942,-45.498936,25.38642,-26.843842,23.887392,-23.716076,-8.76253
704,-0.33004850149154663,-3.5979177951812744,80.4132308959961,1.5786371373610153,-5.524266984906655,100.23244994728879,9.5016775,18.159245,27.764177,5.583326,4.5403295,-8.910465,20.299244,-23.977392,-54.145428,2.5796568,4.0085454,15.000033,1.2165946,1.2061896,4.0563817,-1.0034031,21.30631,-36.16857,61.22489,-8.944037,-0.9686466,8.268578,38.413902,-45.476814,25.471931,-26.80925,23.774399,-23.808983,-8.8163395
705,-0.3212638199329376,-3.6029212474823,80.41617584228516,1.5943630988395563,-5.5822405509961746,100.22005137412508,9.538792,18.13577,27.669088,5.606323,4.588584,-8.899543,20.363392,-23.99818,-54.16368,2.586872,3.992367,15.000033,1.2666004,1.1984878,4.085215,-1.0200385,21.308828,-36.14631,61.21716,-8.999553,-0.94118017,8.258739,38.397903,-45.472336,25.485601,-26.81695,23.513641,-23.808235,-8.766154
706,-0.313903272151947,-3.6110196113586426,80.42107391357422,1.5747288939532342,-5.5812512981718685,100.21176805333373,9.541431,18.169933,27.709982,5.598989,4.605271,-8.885997,20.346684,-23.970232,-54.154713,2.5892966,4.0036335,15.000033,1.2596769,1.1991036,4.0917616,-1.0377456,21.311895,-36.13561,61.2518,-9.00369,-0.9471981,8.290612,38.35568,-45.46862,25.502005,-26.796272,23.476076,-23.821241,-8.739323
707,-0.30774345993995667,-3.619016408920288,80.4179458618164,1.5873673441060419,-5.572718733583341,100.18908898089994,9.526712,18.157799,27.691471,5.604733,4.5789323,-8.883811,20.325977,-23.974264,-54.141582,2.5673149,4.036957,15.000033,1.2769247,1.1968912,4.113765,-1.0679629,21.318726,-36.160454,61.2671,-9.014472,-0.9190467,8.285495,38.289467,-45.464577,25.5659,-26.771488,23.024391,-23.908182,-8.826393
708,-0.30265599489212036,-3.626478433609009,80.41657257080078,1.5886404291043763,-5.561535519095592,100.14966660792295,9.517907,18.153963,27.665295,5.603197,4.5685334,-8.896353,20.279388,-23.96788,-54.0803,2.5595698,4.034129,15.000033,1.2864025,1.1838843,4.0998187,-1.0697719,21.32908,-36.177334,61.28104,-9.036477,-0.9214293,8.309393,38.19942,-45.457565,25.638264,-26.726954,22.956524,-23.909742,-8.841217
709,-0.3001261055469513,-3.6316792964935303,80.41905975341797,1.5652546697190344,-5.559540460709743,100.17609337156463,9.510275,18.180847,27.673979,5.584313,4.561776,-8.898532,20.273582,-23.934023,-54.04486,2.5619283,4.0274844,15.000033,1.241026,1.1864622,4.09079,-1.0771648,21.332779,-36.18043,61.307514,-9.02238,-0.9381182,8.323614,38.17306,-45.45445,25.647625,-26.710146,22.950008,-23.986008,-8.761345
710,-0.29720601439476013,-3.636327028274536,80.4220962524414,1.5639187230296443,-5.576858652677506,100.18648663301774,9.51783,18.18407,27.665274,5.5873384,4.6059675,-8.895804,20.288767,-23.924763,-54.037975,2.5583282,4.01443,15.000033,1.2368616,1.1809791,4.08045,-1.08943,21.341303,-36.169765,61.315464,-9.02777,-0.9555025,8.286173,38.121178,-45.446106,25.66637,-26.673693,23.141367,-23.94948,-8.639768
