HIERARCHY
ROOT Hips
{
	OFFSET -0.000008 104.274872 1.554316
	CHANNELS 6 Xposition Yposition Zposition Xrotation Yrotation Zrotation
	JOINT Spine
	{
		OFFSET -0.000005 10.181595 0.131521
		CHANNELS 3 Xrotation Yrotation Zrotation
		JOINT Spine1
		{
			OFFSET -0.000000 9.893959 -1.470711
			CHANNELS 3 Xrotation Yrotation Zrotation
			JOINT Spine2
			{
				OFFSET -0.000000 9.220757 -1.370642
				CHANNELS 3 Xrotation Yrotation Zrotation
				JOINT Neck
				{
					OFFSET 0.000001 16.740417 -2.049038
					CHANNELS 3 Xrotation Yrotation Zrotation
					JOINT Head
					{
						OFFSET 0.000000 9.617874 1.685009
						CHANNELS 3 Xrotation Yrotation Zrotation
						JOINT HeadTop_End
						{
							OFFSET 0.000002 22.037384 7.501098
							CHANNELS 3 Xrotation Yrotation Zrotation
							End Site
							{
								OFFSET 0.000002 23.106583 -2.828261
							}
						}
					}
				}
				JOINT RightShoulder
				{
					OFFSET -4.569969 11.014923 -2.160886
					CHANNELS 3 Xrotation Yrotation Zrotation
					JOINT RightArm
					{
						OFFSET -10.592850 -0.524811 -2.232100
						CHANNELS 3 Xrotation Yrotation Zrotation
						JOINT RightForeArm
						{
							OFFSET -27.841520 0.000015 -0.000005
							CHANNELS 3 Xrotation Yrotation Zrotation
							JOINT RightHand
							{
								OFFSET -28.328838 -0.000015 0.000018
								CHANNELS 3 Xrotation Yrotation Zrotation
								JOINT RightHandThumb1
								{
									OFFSET -2.464806 -1.573990 2.681853
									CHANNELS 3 Xrotation Yrotation Zrotation
									JOINT RightHandThumb2
									{
										OFFSET -3.215195 -1.872772 1.924282
										CHANNELS 3 Xrotation Yrotation Zrotation
										JOINT RightHandThumb3
										{
											OFFSET -2.654823 -1.527985 1.512609
											CHANNELS 3 Xrotation Yrotation Zrotation
											JOINT RightHandThumb4
											{
												OFFSET -2.018822 -1.152008 1.108055
												CHANNELS 3 Xrotation Yrotation Zrotation
												End Site
												{
													OFFSET -1.888100 -1.145340 1.324313
												}
											}
										}
									}
								}
								JOINT RightHandIndex1
								{
									OFFSET -9.108284 -0.517868 2.259835
									CHANNELS 3 Xrotation Yrotation Zrotation
									JOINT RightHandIndex2
									{
										OFFSET -3.699997 0.000000 0.001215
										CHANNELS 3 Xrotation Yrotation Zrotation
										JOINT RightHandIndex3
										{
											OFFSET -2.850014 0.000031 -0.000522
											CHANNELS 3 Xrotation Yrotation Zrotation
											JOINT RightHandIndex4
											{
												OFFSET -2.772179 -0.000015 -0.000019
												CHANNELS 3 Xrotation Yrotation Zrotation
												End Site
												{
													OFFSET -2.772186 0.000000 -0.000502
												}
											}
										}
									}
								}
								JOINT RightHandMiddle1
								{
									OFFSET -9.532509 -0.000046 -0.000025
									CHANNELS 3 Xrotation Yrotation Zrotation
									JOINT RightHandMiddle2
									{
										OFFSET -3.700012 0.000000 0.003713
										CHANNELS 3 Xrotation Yrotation Zrotation
										JOINT RightHandMiddle3
										{
											OFFSET -2.949989 0.000015 -0.002054
											CHANNELS 3 Xrotation Yrotation Zrotation
											JOINT RightHandMiddle4
											{
												OFFSET -2.946625 0.000000 -0.000154
												CHANNELS 3 Xrotation Yrotation Zrotation
												End Site
												{
													OFFSET -2.946632 0.000015 -0.001136
												}
											}
										}
									}
								}
								JOINT RightHandRing1
								{
									OFFSET -9.103600 -0.043076 -1.865135
									CHANNELS 3 Xrotation Yrotation Zrotation
									JOINT RightHandRing2
									{
										OFFSET -3.379272 0.000000 -0.001054
										CHANNELS 3 Xrotation Yrotation Zrotation
										JOINT RightHandRing3
										{
											OFFSET -2.889694 0.000015 0.000379
											CHANNELS 3 Xrotation Yrotation Zrotation
											JOINT RightHandRing4
											{
												OFFSET -2.638809 0.000000 0.000941
												CHANNELS 3 Xrotation Yrotation Zrotation
												End Site
												{
													OFFSET -2.638802 0.000000 0.005160
												}
											}
										}
									}
								}
								JOINT RightHandPinky1
								{
									OFFSET -8.076675 -0.486710 -3.806280
									CHANNELS 3 Xrotation Yrotation Zrotation
									JOINT RightHandPinky2
									{
										OFFSET -3.600006 -0.000031 -0.003747
										CHANNELS 3 Xrotation Yrotation Zrotation
										JOINT RightHandPinky3
										{
											OFFSET -2.099976 -0.000015 -0.005740
											CHANNELS 3 Xrotation Yrotation Zrotation
											JOINT RightHandPinky4
											{
												OFFSET -2.115776 -0.000031 -0.003680
												CHANNELS 3 Xrotation Yrotation Zrotation
												End Site
												{
													OFFSET -2.115776 -0.000015 -0.003507
												}
											}
										}
									}
								}
							}
						}
					}
				}
				JOINT LeftShoulder
				{
					OFFSET 4.570447 11.014725 -2.160858
					CHANNELS 3 Xrotation Yrotation Zrotation
					JOINT LeftArm
					{
						OFFSET 10.592371 -0.524597 -2.232121
						CHANNELS 3 Xrotation Yrotation Zrotation
						JOINT LeftForeArm
						{
							OFFSET 27.841520 -0.000015 0.000023
							CHANNELS 3 Xrotation Yrotation Zrotation
							JOINT LeftHand
							{
								OFFSET 28.328835 -0.000046 0.000017
								CHANNELS 3 Xrotation Yrotation Zrotation
								JOINT LeftHandThumb1
								{
									OFFSET 2.466141 -1.576187 2.681734
									CHANNELS 3 Xrotation Yrotation Zrotation
									JOINT LeftHandThumb2
									{
										OFFSET 3.217804 -1.872055 1.916487
										CHANNELS 3 Xrotation Yrotation Zrotation
										JOINT LeftHandThumb3
										{
											OFFSET 2.656021 -1.528809 1.514508
											CHANNELS 3 Xrotation Yrotation Zrotation
											JOINT LeftHandThumb4
											{
												OFFSET 2.020889 -1.154068 1.115132
												CHANNELS 3 Xrotation Yrotation Zrotation
												End Site
												{
													OFFSET 1.908852 -1.150833 1.300490
												}
											}
										}
									}
								}
								JOINT LeftHandIndex1
								{
									OFFSET 9.109306 -0.518036 2.259871
									CHANNELS 3 Xrotation Yrotation Zrotation
									JOINT LeftHandIndex2
									{
										OFFSET 3.699997 -0.000015 -0.000323
										CHANNELS 3 Xrotation Yrotation Zrotation
										JOINT LeftHandIndex3
										{
											OFFSET 2.850006 -0.000015 0.000350
											CHANNELS 3 Xrotation Yrotation Zrotation
											JOINT LeftHandIndex4
											{
												OFFSET 2.774857 -0.000015 -0.000027
												CHANNELS 3 Xrotation Yrotation Zrotation
												End Site
												{
													OFFSET 2.774864 0.000000 -0.000099
												}
											}
										}
									}
								}
								JOINT LeftHandMiddle1
								{
									OFFSET 9.533401 0.000031 0.000044
									CHANNELS 3 Xrotation Yrotation Zrotation
									JOINT LeftHandMiddle2
									{
										OFFSET 3.699997 0.000000 -0.000231
										CHANNELS 3 Xrotation Yrotation Zrotation
										JOINT LeftHandMiddle3
										{
											OFFSET 2.949997 -0.000015 -0.000059
											CHANNELS 3 Xrotation Yrotation Zrotation
											JOINT LeftHandMiddle4
											{
												OFFSET 2.952866 0.000000 0.000062
												CHANNELS 3 Xrotation Yrotation Zrotation
												End Site
												{
													OFFSET 2.952858 0.000000 0.000228
												}
											}
										}
									}
								}
								JOINT LeftHandRing1
								{
									OFFSET 9.104530 -0.043030 -1.865075
									CHANNELS 3 Xrotation Yrotation Zrotation
									JOINT LeftHandRing2
									{
										OFFSET 3.150009 0.000000 0.000042
										CHANNELS 3 Xrotation Yrotation Zrotation
										JOINT LeftHandRing3
										{
											OFFSET 2.949989 -0.000015 0.000040
											CHANNELS 3 Xrotation Yrotation Zrotation
											JOINT LeftHandRing4
											{
												OFFSET 2.644318 -0.000015 0.000056
												CHANNELS 3 Xrotation Yrotation Zrotation
												End Site
												{
													OFFSET 2.644318 0.000000 0.000120
												}
											}
										}
									}
								}
								JOINT LeftHandPinky1
								{
									OFFSET 8.077782 -0.486877 -3.806258
									CHANNELS 3 Xrotation Yrotation Zrotation
									JOINT LeftHandPinky2
									{
										OFFSET 3.599960 0.000031 0.014726
										CHANNELS 3 Xrotation Yrotation Zrotation
										JOINT LeftHandPinky3
										{
											OFFSET 2.099998 0.000031 0.007705
											CHANNELS 3 Xrotation Yrotation Zrotation
											JOINT LeftHandPinky4
											{
												OFFSET 2.125504 0.000000 0.007515
												CHANNELS 3 Xrotation Yrotation Zrotation
												End Site
												{
													OFFSET 2.125511 0.000015 0.006257
												}
											}
										}
									}
								}
							}
						}
					}
				}
			}
		}
	}
	JOINT RightUpLeg
	{
		OFFSET -8.207787 -6.751663 -1.599560
		CHANNELS 3 Xrotation Yrotation Zrotation
		JOINT RightLeg
		{
			OFFSET -0.000001 -44.370129 0.345939
			CHANNELS 3 Xrotation Yrotation Zrotation
			JOINT RightFoot
			{
				OFFSET 0.000001 -44.423679 -3.043537
				CHANNELS 3 Xrotation Yrotation Zrotation
				JOINT RightToeBase
				{
					OFFSET -0.000003 -8.728673 10.710563
					CHANNELS 3 Xrotation Yrotation Zrotation
					JOINT RightToe_End
					{
						OFFSET -0.000002 -0.000676 9.278122
						CHANNELS 3 Xrotation Yrotation Zrotation
						End Site
						{
							OFFSET -0.000003 -0.000676 9.278122
						}
					}
				}
			}
		}
	}
	JOINT LeftUpLeg
	{
		OFFSET 8.207791 -6.751694 -1.599555
		CHANNELS 3 Xrotation Yrotation Zrotation
		JOINT LeftLeg
		{
			OFFSET -0.000002 -44.370033 0.346957
			CHANNELS 3 Xrotation Yrotation Zrotation
			JOINT LeftFoot
			{
				OFFSET 0.000000 -44.423672 -3.044393
				CHANNELS 3 Xrotation Yrotation Zrotation
				JOINT LeftToeBase
				{
					OFFSET -0.000003 -8.728668 10.710562
					CHANNELS 3 Xrotation Yrotation Zrotation
					JOINT LeftToe_End
					{
						OFFSET -0.000003 -0.000676 9.278135
						CHANNELS 3 Xrotation Yrotation Zrotation
						End Site
						{
							OFFSET -0.000003 -0.000677 9.278135
						}
					}
				}
			}
		}
	}
}
MOTION
Frames: 81
Frame Time: 0.033333
0.000000 96.000015 0.000007 -0.000000 -12.600005 -0.000001 0.039955 -5.538948 0.825953 0.039955 -5.538950 0.825954 0.018606 -4.168833 0.511177 0.051885 6.947893 -0.854651 0.074916 8.337330 -1.027814 0.000000 0.000000 0.000000 3.731769 39.472391 -15.393354 7.036392 -37.803246 70.352697 -76.459193 146.888669 29.744350 -12.250095 9.161824 37.046922 0.000000 -0.000004 -0.000000 0.000001 -0.000000 -0.000000 -0.000001 -0.000001 0.000001 -0.000002 -0.000001 -0.000002 -0.000000 0.000000 -0.000001 -0.000000 -0.000000 -0.000000 -0.000000 0.000000 0.000001 0.000000 0.000000 -0.000002 -0.000000 0.000000 -0.000001 0.000000 0.000000 0.000000 -0.000000 -0.000000 -0.000001 -0.000000 0.000000 0.000002 0.000000 0.000000 -0.000001 -0.000000 -0.000000 -0.000002 0.000000 0.000000 -0.000003 -0.000000 -0.000000 0.000001 0.000000 -0.000000 0.000000 0.000000 -0.000000 -0.000002 -0.000000 -0.000000 -0.000001 -0.000000 0.000000 0.000002 2.138719 16.009772 8.465313 72.442960 -55.993741 0.159406 1.860958 -45.989559 113.219265 10.340949 13.184376 -19.369732 -0.000000 -0.000001 0.000004 -0.000000 -0.000000 -0.000000 -0.000000 0.000002 0.000003 -0.000001 -0.000002 -0.000004 0.000000 0.000000 0.000001 -0.000000 -0.000000 0.000000 0.000000 -0.000000 0.000000 -0.000000 -0.000000 -0.000001 0.000000 -0.000000 -0.000001 -0.000000 0.000000 0.000000 0.000000 -0.000000 0.000001 -0.000000 -0.000000 -0.000000 -0.000000 -0.000000 -0.000001 0.000000 0.000000 -0.000001 -0.000000 -0.000000 0.000001 0.000000 -0.000000 0.000000 0.000000 0.000000 -0.000001 -0.000000 -0.000000 0.000002 0.000000 0.000000 0.000001 -0.000000 -0.000000 -0.000001 16.623579 -171.267526 14.776336 18.544896 -0.303318 -9.762922 114.818212 -1.707095 0.854914 63.402201 0.000002 0.000023 -0.000000 0.000000 -0.000000 -17.498325 -171.496720 -14.907412 -28.098679 -1.783562 9.604919 134.708064 1.580388 -1.071215 55.873693 0.000001 0.000011 -0.000000 0.000000 -0.000000 
0.000000 95.993446 -0.007219 -0.002218 -12.582190 -0.000614 0.037692 -5.531110 0.824884 0.037691 -5.531109 0.824884 0.015683 -4.162930 0.510557 0.054599 6.938095 -0.853256 0.076845 8.325573 -1.026183 0.000000 -0.000000 -0.000000 3.736560 39.432752 -15.387682 7.092878 -37.960194 70.256453 -76.341653 146.657576 29.235703 -12.272694 9.120130 37.379638 0.000001 -0.000004 -0.000003 -0.000001 0.000001 0.000001 0.000001 -0.000001 0.000001 0.000002 0.000000 -0.000001 -0.000000 0.000000 -0.000002 -0.000000 0.000000 -0.000001 -0.000000 -0.000000 -0.000001 0.000000 0.000000 -0.000001 -0.000000 0.000000 -0.000002 -0.000000 0.000000 0.000003 -0.000000 -0.000000 -0.000002 -0.000000 -0.000000 0.000001 -0.000000 0.000000 -0.000001 -0.000000 -0.000000 -0.000003 0.000000 0.000000 0.000000 0.000000 -0.000000 0.000002 -0.000000 0.000000 -0.000002 -0.000000 0.000000 0.000001 -0.000000 0.000000 0.000000 0.000000 -0.000000 -0.000000 2.146160 15.969754 8.468589 72.442960 -55.993744 0.159407 1.860958 -45.989562 113.219258 10.340950 13.184376 -19.369740 -0.000000 -0.000001 0.000006 0.000001 0.000003 -0.000000 -0.000001 0.000001 -0.000000 -0.000002 -0.000002 -0.000006 0.000000 -0.000000 0.000001 0.000000 0.000000 0.000000 -0.000000 0.000000 0.000000 -0.000000 0.000000 -0.000000 -0.000000 -0.000000 -0.000001 0.000000 -0.000000 0.000000 -0.000000 -0.000000 0.000001 -0.000000 -0.000000 0.000001 0.000000 0.000000 -0.000001 -0.000000 0.000000 -0.000001 -0.000000 0.000000 0.000001 -0.000000 -0.000000 0.000001 0.000000 -0.000000 -0.000001 0.000000 -0.000000 0.000000 0.000000 0.000000 -0.000003 -0.000000 -0.000000 0.000000 16.624942 -171.284561 14.771051 18.544896 -0.303318 -9.762921 114.818212 -1.707095 0.854915 63.402201 0.000002 0.000023 -0.000000 0.000000 -0.000000 -17.495340 -171.513741 -14.902120 -28.098683 -1.783562 9.604916 134.708064 1.580388 -1.071215 55.873690 0.000001 0.000011 -0.000000 0.000000 -0.000000 
-0.000000 95.975052 -0.028886 -0.008866 -12.528753 -0.002374 0.030899 -5.507596 0.821625 0.030897 -5.507597 0.821625 0.006908 -4.145235 0.508647 0.062753 6.908704 -0.849158 0.082642 8.290286 -1.021368 0.000000 -0.000001 0.000000 3.751189 39.313927 -15.370902 7.255186 -38.407021 69.984420 -76.008223 146.034103 27.843642 -12.367354 9.015658 38.291714 0.000001 -0.000002 0.000001 0.000000 -0.000000 0.000001 -0.000001 0.000001 0.000003 -0.000000 0.000002 -0.000004 -0.000000 -0.000000 0.000001 0.000000 -0.000000 -0.000000 -0.000000 0.000000 -0.000002 -0.000000 -0.000000 -0.000001 -0.000000 -0.000000 0.000001 -0.000000 0.000000 0.000002 0.000000 0.000000 -0.000002 -0.000000 0.000000 -0.000001 -0.000000 -0.000000 0.000001 -0.000000 -0.000000 -0.000000 -0.000000 0.000000 -0.000001 0.000000 0.000000 -0.000000 -0.000000 -0.000000 0.000002 -0.000000 -0.000000 -0.000004 0.000000 -0.000000 -0.000002 -0.000000 0.000000 0.000000 2.168629 15.849944 8.478284 72.442960 -55.993737 0.159404 1.860960 -45.989559 113.219258 10.340950 13.184375 -19.369732 -0.000001 -0.000001 0.000003 -0.000000 0.000003 -0.000000 0.000000 0.000002 -0.000001 0.000000 0.000001 -0.000004 0.000000 0.000000 -0.000001 -0.000000 0.000000 0.000000 -0.000000 -0.000000 -0.000001 0.000000 0.000000 0.000001 0.000000 -0.000000 -0.000001 -0.000000 -0.000000 0.000000 -0.000000 -0.000000 0.000001 -0.000000 0.000000 0.000000 0.000000 0.000000 -0.000001 0.000000 -0.000000 -0.000001 0.000000 -0.000000 0.000003 -0.000000 0.000000 -0.000000 0.000000 0.000000 -0.000001 0.000000 -0.000000 0.000002 0.000000 0.000000 -0.000003 -0.000000 -0.000000 0.000001 16.629050 -171.335678 14.755276 18.544894 -0.303318 -9.762921 114.818212 -1.707095 0.854915 63.402194 0.000002 0.000023 0.000000 0.000000 -0.000000 -17.486418 -171.564790 -14.886180 -28.098681 -1.783562 9.604917 134.708064 1.580388 -1.071215 55.873690 0.000001 0.000011 -0.000000 -0.000000 -0.000000 
-0.000000 95.946808 -0.064976 -0.019936 -12.439683 -0.005160 0.019570 -5.468420 0.816102 0.019570 -5.468421 0.816102 -0.007721 -4.115745 0.505371 0.076364 6.859692 -0.842481 0.092327 8.231449 -1.013481 0.000000 0.000001 -0.000000 3.776068 39.116104 -15.343427 7.511535 -39.108246 69.561461 -75.477852 145.126452 25.761404 -12.573405 8.877113 39.652632 -0.000001 -0.000001 -0.000000 0.000001 0.000001 0.000005 -0.000001 0.000003 0.000004 0.000002 -0.000005 -0.000004 0.000000 0.000000 0.000000 -0.000000 0.000000 -0.000001 -0.000000 0.000000 0.000002 0.000000 0.000000 -0.000002 -0.000000 0.000000 0.000000 0.000000 -0.000000 0.000001 -0.000000 0.000000 -0.000002 -0.000000 0.000000 -0.000003 -0.000000 0.000000 0.000000 0.000000 0.000000 -0.000003 -0.000000 0.000000 0.000000 -0.000000 0.000000 0.000000 0.000000 0.000000 0.000001 0.000000 -0.000000 -0.000001 -0.000000 -0.000000 -0.000003 0.000000 -0.000000 0.000001 2.206349 15.650726 8.494261 72.442960 -55.993730 0.159409 1.860962 -45.989566 113.219272 10.340948 13.184375 -19.369735 -0.000000 -0.000001 0.000004 0.000001 0.000005 -0.000003 0.000000 0.000004 -0.000001 0.000003 0.000003 -0.000000 0.000000 -0.000000 -0.000001 -0.000000 0.000000 0.000000 -0.000000 0.000000 0.000000 0.000000 0.000000 0.000001 0.000000 -0.000000 0.000001 0.000000 -0.000000 -0.000001 0.000000 0.000000 0.000001 -0.000000 0.000000 0.000001 0.000000 0.000000 0.000001 0.000000 -0.000000 -0.000001 0.000000 -0.000000 0.000001 0.000000 -0.000000 0.000002 0.000000 -0.000000 0.000000 -0.000000 0.000000 0.000002 -0.000000 0.000000 -0.000003 0.000000 0.000000 -0.000002 16.635943 -171.420905 14.729110 18.544889 -0.303318 -9.762921 114.818212 -1.707095 0.854914 63.402194 0.000002 0.000023 0.000000 0.000000 -0.000000 -17.471585 -171.649853 -14.859512 -28.098681 -1.783561 9.604918 134.708064 1.580388 -1.071215 55.873690 0.000001 0.000011 -0.000000 0.000000 -0.000000 
-0.000000 95.910736 -0.115472 -0.035415 -12.314978 -0.008840 0.003703 -5.413578 0.808242 0.003706 -5.413575 0.808242 -0.028211 -4.074464 0.500658 0.095451 6.791032 -0.833343 0.105919 8.149033 -1.002630 0.000000 -0.000001 0.000000 3.811615 38.839457 -15.305588 7.849389 -40.028733 69.012566 -74.770320 144.044960 23.183180 -12.930389 8.729328 41.333597 0.000001 -0.000002 -0.000003 -0.000001 -0.000000 0.000001 0.000001 -0.000004 0.000002 0.000001 -0.000002 -0.000004 0.000000 0.000000 -0.000003 -0.000000 0.000000 -0.000000 -0.000000 -0.000000 -0.000000 -0.000000 -0.000000 -0.000001 -0.000000 0.000000 -0.000002 0.000000 -0.000000 -0.000001 -0.000000 0.000000 -0.000001 -0.000000 -0.000000 -0.000001 0.000000 0.000000 -0.000002 -0.000000 -0.000000 0.000002 0.000000 0.000000 -0.000000 -0.000000 0.000000 0.000002 -0.000000 -0.000000 -0.000001 0.000000 0.000000 0.000002 -0.000000 -0.000000 -0.000001 -0.000000 -0.000000 0.000001 2.259548 15.372481 8.516441 72.442953 -55.993734 0.159406 1.860966 -45.989566 113.219265 10.340950 13.184374 -19.369740 -0.000000 -0.000001 0.000004 -0.000001 -0.000000 -0.000001 0.000000 0.000002 0.000001 -0.000001 -0.000002 -0.000002 0.000000 0.000000 -0.000001 -0.000000 -0.000000 0.000000 0.000000 0.000000 0.000000 0.000000 -0.000000 0.000000 0.000000 -0.000000 -0.000001 -0.000000 0.000000 0.000002 0.000000 -0.000000 0.000001 -0.000000 0.000000 0.000001 0.000000 0.000000 -0.000001 0.000000 0.000000 -0.000001 0.000000 -0.000000 0.000001 0.000000 0.000000 -0.000000 0.000000 0.000000 -0.000002 0.000000 0.000000 -0.000000 0.000000 0.000000 -0.000001 -0.000000 -0.000000 -0.000001 16.645671 -171.540283 14.692647 18.544893 -0.303318 -9.762922 114.818198 -1.707095 0.854915 63.402194 0.000002 0.000023 0.000000 0.000000 -0.000000 -17.450918 -171.768889 -14.822038 -28.098678 -1.783561 9.604916 134.708064 1.580388 -1.071215 55.873690 0.000001 0.000011 -0.000000 0.000000 -0.000000 
0.000000 95.868744 -0.180357 -0.055288 -12.154630 -0.013274 -0.016700 -5.343069 0.797980 -0.016699 -5.343068 0.797980 -0.054561 -4.021390 0.494440 0.120031 6.702708 -0.821860 0.123444 8.043022 -0.988921 0.000000 0.000001 -0.000000 3.858280 38.484175 -15.257741 8.256181 -41.133223 68.362885 -73.919845 142.897980 20.314936 -13.479684 8.593055 43.210843 0.000001 -0.000004 -0.000004 0.000004 -0.000002 -0.000000 -0.000002 0.000003 0.000001 0.000001 0.000002 -0.000002 0.000000 0.000000 -0.000001 0.000000 0.000000 0.000001 0.000000 -0.000000 0.000001 0.000000 -0.000000 -0.000001 0.000000 -0.000000 -0.000001 -0.000000 -0.000000 -0.000000 0.000000 -0.000000 0.000000 -0.000000 0.000000 -0.000002 0.000000 -0.000000 -0.000001 0.000000 0.000000 -0.000001 0.000000 -0.000000 -0.000003 -0.000000 0.000000 -0.000000 0.000000 0.000000 -0.000002 -0.000000 0.000000 -0.000000 -0.000000 0.000000 -0.000001 0.000000 0.000000 -0.000001 2.328473 15.015570 8.544791 72.442960 -55.993730 0.159406 1.860962 -45.989573 113.219265 10.340949 13.184374 -19.369733 -0.000002 -0.000002 0.000004 0.000001 0.000001 -0.000002 0.000000 0.000004 0.000000 0.000000 0.000002 -0.000002 0.000000 0.000000 -0.000001 -0.000000 0.000000 0.000000 0.000000 0.000000 -0.000002 0.000000 -0.000000 -0.000000 0.000000 0.000000 -0.000001 -0.000000 -0.000000 0.000000 0.000000 0.000000 0.000001 -0.000000 -0.000000 -0.000001 0.000000 0.000000 -0.000001 -0.000000 0.000000 -0.000002 -0.000000 0.000000 -0.000001 -0.000000 -0.000000 -0.000000 0.000000 -0.000000 -0.000002 -0.000000 0.000000 -0.000000 -0.000000 0.000000 -0.000001 -0.000000 -0.000000 -0.000002 16.658324 -171.693839 14.645993 18.544894 -0.303318 -9.762922 114.818212 -1.707095 0.854914 63.402194 0.000002 0.000023 0.000000 0.000000 -0.000000 -17.424497 -171.921913 -14.773706 -28.098678 -1.783561 9.604918 134.708064 1.580388 -1.071215 55.873690 0.000001 0.000011 0.000000 0.000000 -0.000000 
-0.000000 95.822891 -0.259612 -0.079536 -11.958638 -0.018313 -0.041634 -5.256901 0.785252 -0.041635 -5.256902 0.785253 -0.086780 -3.956533 0.486655 0.150129 6.594694 -0.808138 0.144930 7.913397 -0.972453 0.000000 0.000001 0.000000 3.916508 38.050383 -15.200142 8.719996 -42.385914 67.637956 -72.984376 141.787050 17.381394 -14.265991 8.485705 45.167669 0.000001 -0.000004 -0.000003 0.000004 0.000001 -0.000001 0.000000 -0.000001 -0.000000 0.000002 -0.000005 -0.000002 0.000000 0.000000 -0.000001 0.000000 -0.000000 0.000001 0.000000 0.000000 0.000000 -0.000000 -0.000000 0.000003 0.000000 0.000000 -0.000000 0.000000 -0.000000 -0.000003 0.000000 0.000000 0.000001 0.000000 0.000000 -0.000002 -0.000000 0.000000 -0.000000 0.000000 0.000000 -0.000000 -0.000000 -0.000000 -0.000002 0.000000 -0.000000 -0.000001 -0.000000 0.000000 -0.000002 0.000000 0.000000 -0.000001 0.000000 0.000000 -0.000000 0.000000 -0.000000 -0.000001 2.413386 14.580318 8.579376 72.442953 -55.993730 0.159404 1.860964 -45.989573 113.219272 10.340950 13.184376 -19.369730 0.000001 -0.000002 0.000002 -0.000000 -0.000000 0.000000 0.000000 0.000001 0.000001 0.000002 0.000002 -0.000004 -0.000000 0.000000 -0.000001 -0.000000 0.000000 0.000000 -0.000000 0.000000 -0.000002 -0.000000 0.000000 0.000000 -0.000000 0.000000 -0.000001 0.000000 0.000000 0.000000 -0.000000 -0.000000 0.000001 -0.000000 0.000000 -0.000001 -0.000000 0.000000 -0.000001 0.000000 0.000000 -0.000002 -0.000000 -0.000000 0.000001 -0.000000 0.000000 -0.000001 0.000000 0.000000 -0.000002 -0.000000 -0.000000 -0.000000 -0.000000 0.000000 0.000001 -0.000000 -0.000000 0.000001 16.673989 -171.881601 14.589224 18.544891 -0.303318 -9.762922 114.818198 -1.707096 0.854915 63.402194 0.000002 0.000023 0.000000 0.000000 -0.000000 -17.392421 -172.108910 -14.714468 -28.098676 -1.783561 9.604917 134.708064 1.580388 -1.071215 55.873686 0.000001 0.000011 -0.000000 0.000000 -0.000000 
-0.000000 95.775101 -0.353221 -0.108141 -11.726990 -0.023801 -0.071100 -5.155077 0.770000 -0.071101 -5.155076 0.770000 -0.124864 -3.879896 0.477240 0.185768 6.466970 -0.792280 0.170404 7.760139 -0.953320 0.000000 0.000001 -0.000000 3.986765 37.538201 -15.133058 9.230120 -43.750350 66.863782 -72.049466 140.802246 14.628546 -15.339005 8.423002 47.094977 0.000001 -0.000002 0.000001 0.000001 0.000001 0.000001 -0.000001 -0.000001 0.000001 0.000001 -0.000005 -0.000000 -0.000000 0.000000 0.000002 -0.000000 0.000000 0.000001 0.000000 0.000000 0.000003 -0.000000 -0.000000 -0.000002 -0.000000 0.000000 0.000002 0.000000 0.000000 0.000003 -0.000000 0.000000 0.000000 0.000000 -0.000000 0.000001 -0.000000 -0.000000 0.000003 0.000000 0.000000 0.000003 -0.000000 0.000000 0.000001 0.000000 -0.000000 0.000001 -0.000000 0.000000 -0.000001 -0.000000 0.000000 -0.000002 -0.000000 -0.000000 -0.000003 -0.000000 0.000000 -0.000002 2.514572 14.066979 8.620299 72.442967 -55.993730 0.159410 1.860967 -45.989583 113.219272 10.340951 13.184376 -19.369730 -0.000001 -0.000001 0.000003 -0.000001 -0.000000 -0.000000 0.000000 0.000004 0.000003 0.000001 -0.000002 -0.000004 0.000000 0.000000 -0.000001 -0.000000 0.000000 0.000000 -0.000000 -0.000000 -0.000002 0.000000 0.000000 -0.000002 0.000000 -0.000000 -0.000001 0.000000 0.000000 0.000000 -0.000000 -0.000000 0.000001 -0.000000 -0.000000 0.000000 0.000000 0.000000 -0.000001 0.000000 -0.000000 -0.000002 -0.000000 -0.000000 -0.000001 -0.000000 0.000000 -0.000001 -0.000000 0.000000 0.000000 0.000000 0.000000 -0.000000 -0.000000 0.000000 0.000001 0.000000 -0.000000 0.000001 16.692764 -172.103596 14.522442 18.544894 -0.303318 -9.762921 114.818198 -1.707096 0.854915 63.402201 0.000002 0.000023 -0.000000 0.000000 -0.000000 -17.354833 -172.329866 -14.644284 -28.098679 -1.783561 9.604917 134.708064 1.580388 -1.071215 55.873693 0.000001 0.000011 0.000000 0.000000 -0.000000 
0.000000 95.727364 -0.461165 -0.141084 -11.459667 -0.029573 -0.105085 -5.037589 0.752167 -0.105085 -5.037588 0.752167 -0.168812 -3.791464 0.466141 0.226972 6.319513 -0.774383 0.199900 7.583215 -0.931611 0.000000 -0.000001 0.000000 4.069522 36.947683 -15.056659 9.777604 -45.189310 66.067102 -71.225541 140.019889 12.321021 -16.755634 8.421483 48.890866 0.000002 -0.000004 -0.000001 0.000003 -0.000000 -0.000000 -0.000001 0.000004 0.000003 -0.000001 -0.000000 0.000001 0.000000 0.000000 0.000002 -0.000000 -0.000000 0.000002 -0.000000 -0.000000 -0.000001 0.000000 -0.000000 0.000000 -0.000000 0.000000 0.000002 0.000000 0.000000 -0.000001 0.000000 0.000000 0.000002 -0.000000 0.000000 -0.000001 0.000000 0.000000 0.000002 0.000000 -0.000000 -0.000003 0.000000 0.000000 -0.000001 0.000000 0.000000 -0.000002 0.000000 0.000000 0.000002 0.000000 0.000000 0.000001 -0.000000 -0.000000 0.000000 -0.000000 0.000000 -0.000005 2.632351 13.475741 8.667758 72.442967 -55.993737 0.159414 1.860965 -45.989583 113.219278 10.340950 13.184376 -19.369730 -0.000002 -0.000004 -0.000003 -0.000001 -0.000002 -0.000002 -0.000000 0.000001 -0.000000 0.000000 0.000002 -0.000006 -0.000000 -0.000000 -0.000001 -0.000000 -0.000000 0.000000 -0.000000 -0.000000 0.000000 -0.000000 0.000000 0.000001 -0.000000 0.000000 -0.000001 -0.000000 0.000000 0.000000 -0.000000 -0.000000 0.000001 -0.000000 -0.000000 -0.000001 -0.000000 -0.000000 -0.000001 0.000000 -0.000000 -0.000002 -0.000000 0.000000 0.000001 0.000000 0.000000 0.000001 -0.000000 -0.000000 -0.000002 -0.000000 0.000000 -0.000000 -0.000000 0.000000 -0.000003 -0.000000 0.000000 0.000001 16.714791 -172.359865 14.445720 18.544893 -0.303318 -9.762924 114.818198 -1.707095 0.854914 63.402194 0.000002 0.000023 -0.000000 0.000000 -0.000000 -17.311864 -172.584783 -14.563136 -28.098678 -1.783561 9.604916 134.708064 1.580388 -1.071215 55.873686 0.000001 0.000011 0.000000 0.000000 -0.000000 
-0.000000 95.681679 -0.583428 -0.178345 -11.156652 -0.035458 -0.143581 -4.904437 0.731702 -0.143582 -4.904433 0.731702 -0.218623 -3.691255 0.453303 0.273769 6.152309 -0.754538 0.233451 7.382611 -0.907412 0.000000 -0.000001 0.000000 4.165262 36.278857 -14.971083 10.355689 -46.664911 65.275510 -70.638882 139.504893 10.734807 -18.582945 8.502038 50.458863 0.000000 -0.000004 -0.000003 0.000003 -0.000002 -0.000000 0.000001 0.000001 0.000001 -0.000001 0.000003 -0.000006 -0.000000 -0.000000 -0.000001 -0.000000 0.000000 -0.000002 0.000000 -0.000000 -0.000000 0.000000 -0.000000 -0.000000 -0.000000 -0.000000 -0.000001 -0.000000 0.000000 0.000000 0.000000 0.000000 -0.000001 -0.000000 0.000000 0.000001 -0.000000 -0.000000 -0.000001 -0.000000 -0.000000 -0.000004 -0.000000 -0.000000 0.000001 0.000000 -0.000000 0.000001 -0.000000 -0.000000 -0.000002 0.000000 -0.000000 0.000001 0.000000 0.000000 -0.000001 0.000000 0.000000 0.000001 2.767074 12.806702 8.722019 72.442967 -55.993737 0.159414 1.860963 -45.989583 113.219272 10.340948 13.184375 -19.369735 -0.000003 -0.000002 0.000004 0.000001 0.000003 0.000001 -0.000000 0.000001 -0.000006 0.000000 0.000005 0.000001 0.000000 0.000000 0.000001 -0.000000 0.000000 -0.000001 0.000000 -0.000000 0.000000 0.000000 -0.000000 0.000001 0.000000 0.000000 0.000001 0.000000 -0.000000 0.000000 0.000000 -0.000000 0.000003 -0.000000 -0.000000 0.000001 -0.000000 0.000000 0.000001 0.000000 0.000000 -0.000001 0.000000 0.000000 0.000001 0.000000 -0.000000 -0.000000 -0.000000 0.000000 0.000000 0.000000 0.000000 0.000002 -0.000000 0.000000 -0.000003 -0.000000 -0.000000 -0.000000 16.740206 -172.650448 14.359134 18.544891 -0.303318 -9.762922 114.818212 -1.707095 0.854914 63.402201 0.000002 0.000023 -0.000000 0.000000 -0.000000 -17.263672 -172.873700 -14.471007 -28.098676 -1.783560 9.604916 134.708064 1.580388 -1.071215 55.873693 0.000001 0.000011 -0.000000 -0.000000 -0.000000 
-0.000000 95.640007 -0.719992 -0.219906 -10.817920 -0.041275 -0.186576 -4.755625 0.708557 -0.186578 -4.755626 0.708557 -0.274293 -3.579251 0.438678 0.326184 5.965319 -0.732828 0.271095 7.158296 -0.880802 0.000001 0.000001 -0.000000 4.274481 35.531692 -14.876396 10.960182 -48.138777 64.517660 -70.417181 139.318551 10.146313 -20.902167 8.694801 51.705447 0.000000 -0.000004 -0.000000 0.000001 -0.000000 -0.000000 -0.000001 -0.000001 -0.000002 0.000001 -0.000001 -0.000004 -0.000000 -0.000000 0.000001 0.000000 -0.000000 -0.000000 -0.000000 -0.000000 0.000001 0.000000 0.000000 -0.000002 -0.000000 0.000000 0.000001 0.000000 -0.000000 0.000000 -0.000000 -0.000000 -0.000001 -0.000000 -0.000000 0.000001 0.000000 0.000000 0.000001 0.000000 -0.000000 -0.000002 -0.000000 0.000000 -0.000001 -0.000000 -0.000000 0.000001 -0.000000 -0.000000 -0.000002 -0.000000 0.000000 -0.000001 -0.000000 -0.000000 0.000001 -0.000000 0.000000 0.000002 2.919144 12.059843 8.783432 72.442953 -55.993727 0.159396 1.860960 -45.989586 113.219265 10.340952 13.184371 -19.369727 -0.000000 -0.000004 0.000003 -0.000001 -0.000000 0.000000 0.000000 0.000004 0.000003 -0.000001 0.000002 -0.000004 0.000000 -0.000000 0.000001 -0.000000 0.000000 0.000000 0.000000 -0.000000 0.000000 -0.000000 0.000000 0.000001 0.000000 -0.000000 0.000001 -0.000000 -0.000000 -0.000001 -0.000000 -0.000000 0.000001 0.000000 -0.000000 -0.000000 0.000000 0.000000 0.000001 -0.000000 0.000000 -0.000001 0.000000 -0.000000 0.000001 0.000000 -0.000000 0.000000 -0.000000 -0.000000 0.000000 -0.000000 0.000000 0.000002 0.000000 0.000000 0.000001 -0.000000 -0.000000 -0.000001 16.769171 -172.975388 14.262752 18.544893 -0.303317 -9.762921 114.818212 -1.707095 0.854915 63.402208 0.000001 0.000024 -0.000000 0.000000 -0.000000 -17.210460 -173.196604 -14.367880 -28.098676 -1.783562 9.604919 134.708064 1.580388 -1.071216 55.873700 0.000002 0.000012 -0.000000 0.000000 -0.000000 
0.000000 95.603813 -0.870530 -0.265654 -10.444222 -0.046851 -0.233948 -4.591467 0.682910 -0.233947 -4.591465 0.682910 -0.335684 -3.455705 0.422423 0.384112 5.759000 -0.709103 0.312767 6.910801 -0.851663 0.000000 -0.000000 0.000000 4.397337 34.707791 -14.772717 11.660361 -49.546500 63.846204 -71.070154 139.222451 10.599682 -23.935320 9.103001 52.848992 0.000000 -0.000004 -0.000000 0.000001 0.000001 0.000001 0.000000 0.000001 0.000001 -0.000000 -0.000001 -0.000006 -0.000000 0.000000 0.000002 0.000000 0.000000 -0.000001 0.000000 -0.000000 0.000001 0.000000 0.000000 0.000000 -0.000000 0.000000 0.000002 -0.000000 -0.000000 -0.000001 -0.000000 -0.000000 0.000000 -0.000000 -0.000000 -0.000000 -0.000000 -0.000000 0.000002 0.000000 0.000000 0.000000 -0.000000 -0.000000 0.000000 -0.000000 0.000000 0.000001 0.000000 -0.000000 0.000001 -0.000000 -0.000000 0.000000 -0.000000 0.000000 -0.000001 -0.000000 0.000000 -0.000002 3.088495 11.236120 8.851890 72.442960 -55.993723 0.159397 1.860966 -45.989586 113.219265 10.340953 13.184371 -19.369722 -0.000001 -0.000001 0.000000 -0.000002 -0.000004 -0.000002 -0.000000 0.000001 0.000003 -0.000001 -0.000007 -0.000004 0.000000 0.000000 0.000001 -0.000000 0.000000 -0.000001 -0.000000 -0.000000 0.000000 0.000000 -0.000000 0.000001 0.000000 -0.000000 -0.000002 0.000000 -0.000000 -0.000002 0.000000 -0.000000 -0.000001 0.000000 -0.000000 -0.000001 0.000000 0.000000 -0.000003 0.000000 -0.000000 -0.000002 0.000000 -0.000000 -0.000001 0.000000 0.000000 -0.000002 0.000000 0.000000 -0.000003 -0.000000 -0.000000 0.000002 0.000000 0.000000 -0.000001 -0.000000 -0.000000 -0.000001 16.801794 -173.333959 14.156830 18.544891 -0.303317 -9.762919 114.818212 -1.707095 0.854915 63.402208 0.000001 0.000024 -0.000000 0.000000 -0.000000 -17.152430 -173.552798 -14.254023 -28.098674 -1.783562 9.604919 134.708064 1.580388 -1.071215 55.873697 0.000002 0.000012 -0.000000 0.000000 -0.000000 
0.000000 95.572372 -1.033470 -0.315095 -10.039476 -0.052068 -0.285167 -4.413662 0.655214 -0.285167 -4.413659 0.655214 -0.402132 -3.321886 0.404890 0.446942 5.535557 -0.683313 0.358042 6.642757 -0.820036 -0.000000 0.000001 0.000000 4.532625 33.815642 -14.660687 12.520151 -50.854003 63.290049 -72.989293 138.955882 11.942490 -27.850241 9.767791 54.195256 0.000001 -0.000006 -0.000003 0.000000 -0.000000 -0.000000 -0.000002 -0.000001 -0.000000 -0.000001 -0.000003 -0.000002 0.000000 -0.000000 0.000001 0.000000 -0.000000 0.000001 0.000000 0.000000 -0.000000 0.000000 -0.000000 -0.000001 -0.000000 0.000000 0.000000 -0.000000 0.000000 -0.000001 0.000000 -0.000000 -0.000000 0.000000 0.000000 -0.000000 0.000000 0.000000 0.000001 0.000000 -0.000000 -0.000000 -0.000000 -0.000000 -0.000000 -0.000000 0.000000 -0.000001 0.000000 0.000000 -0.000000 0.000000 -0.000000 -0.000000 -0.000000 -0.000000 -0.000000 0.000000 -0.000000 -0.000001 3.273413 10.343410 8.926969 72.442953 -55.993727 0.159398 1.860966 -45.989583 113.219265 10.340954 13.184372 -19.369730 0.000001 0.000001 0.000002 -0.000001 -0.000004 -0.000003 0.000000 0.000001 -0.000002 0.000001 -0.000005 -0.000004 0.000000 -0.000000 -0.000001 -0.000000 0.000000 -0.000002 -0.000000 -0.000000 -0.000000 0.000000 0.000000 -0.000001 0.000000 -0.000000 -0.000001 -0.000000 -0.000000 -0.000002 0.000000 -0.000000 0.000001 0.000000 -0.000000 -0.000001 0.000000 0.000000 -0.000001 0.000000 0.000000 -0.000002 0.000000 -0.000000 0.000001 -0.000000 -0.000000 0.000001 0.000000 -0.000000 -0.000002 -0.000000 0.000000 0.000001 0.000000 0.000000 0.000000 0.000000 0.000000 -0.000001 16.837907 -173.722378 14.042410 18.544893 -0.303318 -9.762921 114.818198 -1.707095 0.854915 63.402215 0.000001 0.000024 0.000000 0.000000 -0.000000 -17.090293 -173.938554 -14.130740 -28.098676 -1.783562 9.604919 134.708064 1.580388 -1.071215 55.873703 0.000002 0.000012 -0.000000 -0.000000 -0.000000 
0.000000 95.544395 -1.206932 -0.367643 -9.608382 -0.056833 -0.339617 -4.224276 0.625833 -0.339618 -4.224276 0.625834 -0.472852 -3.179356 0.386325 0.513964 5.297602 -0.655697 0.406417 6.357294 -0.786236 0.000000 -0.000000 0.000000 4.678803 32.865453 -14.541087 13.527242 -52.067857 62.840937 -76.158563 138.578405 14.184250 -32.669007 10.631470 55.788032 0.000000 -0.000002 -0.000002 -0.000001 0.000003 -0.000001 -0.000002 0.000001 0.000001 0.000001 0.000002 -0.000001 0.000000 0.000000 0.000000 0.000000 0.000000 -0.000001 0.000000 -0.000000 -0.000001 -0.000000 -0.000000 -0.000000 -0.000000 0.000000 -0.000000 -0.000000 0.000000 -0.000001 -0.000000 0.000000 0.000000 0.000000 -0.000000 0.000001 0.000000 -0.000000 0.000000 0.000000 -0.000000 0.000000 0.000000 -0.000000 0.000000 0.000000 -0.000000 -0.000001 0.000000 0.000000 -0.000001 0.000000 -0.000000 -0.000001 0.000000 0.000000 -0.000000 0.000000 -0.000000 0.000001 3.471892 9.392055 9.008563 72.442960 -55.993720 0.159395 1.860963 -45.989583 113.219258 10.340953 13.184371 -19.369727 -0.000002 -0.000002 0.000002 -0.000001 -0.000002 -0.000002 0.000000 0.000001 0.000001 0.000000 -0.000002 -0.000004 0.000000 -0.000000 0.000001 -0.000000 -0.000000 0.000001 0.000000 -0.000000 -0.000003 -0.000000 0.000000 0.000001 -0.000000 -0.000000 0.000001 0.000000 0.000000 -0.000001 0.000000 -0.000000 0.000001 0.000000 -0.000000 0.000001 0.000000 0.000000 0.000001 -0.000000 0.000000 0.000001 0.000000 0.000000 0.000001 0.000000 -0.000000 0.000000 0.000000 0.000000 -0.000001 -0.000000 -0.000000 0.000002 0.000000 0.000000 0.000001 -0.000000 -0.000000 -0.000000 16.877228 -174.136110 13.920749 18.544891 -0.303318 -9.762922 114.818212 -1.707095 0.854915 63.402208 0.000001 0.000024 -0.000000 0.000000 -0.000000 -17.024955 -174.349430 -13.999609 -28.098673 -1.783562 9.604918 134.708064 1.580388 -1.071215 55.873700 0.000002 0.000012 0.000000 0.000000 -0.000000 
0.000000 95.518654 -1.389033 -0.422718 -9.155652 -0.061064 -0.396685 -4.025384 0.595127 -0.396685 -4.025381 0.595127 -0.547060 -3.029663 0.366967 0.584456 5.047745 -0.626501 0.457386 6.057539 -0.750585 -0.000000 0.000000 0.000000 4.834309 31.867549 -14.414759 14.666475 -53.194258 62.487666 -80.600501 138.188592 17.365034 -38.416764 11.623522 57.674172 0.000000 -0.000004 -0.000001 0.000001 -0.000000 0.000003 0.000000 -0.000003 0.000001 0.000000 0.000002 -0.000002 0.000000 -0.000000 0.000001 -0.000000 0.000000 -0.000000 0.000000 0.000000 -0.000000 0.000000 0.000000 -0.000002 -0.000000 0.000000 -0.000000 -0.000000 -0.000000 0.000000 -0.000000 -0.000001 -0.000000 -0.000000 0.000000 -0.000001 0.000000 -0.000000 0.000000 -0.000000 0.000000 0.000001 0.000000 0.000000 0.000000 0.000000 -0.000000 0.000000 0.000000 -0.000001 0.000000 0.000000 -0.000000 -0.000001 0.000000 0.000000 -0.000002 0.000000 -0.000000 -0.000001 3.681920 8.392459 9.096480 72.442953 -55.993727 0.159397 1.860962 -45.989583 113.219265 10.340953 13.184371 -19.369723 -0.000001 -0.000001 0.000004 -0.000000 -0.000000 -0.000004 -0.000001 0.000001 -0.000001 0.000001 0.000002 -0.000004 0.000000 -0.000000 0.000000 -0.000000 0.000000 -0.000000 -0.000000 -0.000000 -0.000001 0.000000 -0.000000 0.000001 -0.000000 -0.000000 0.000000 -0.000000 0.000000 -0.000000 0.000000 -0.000000 0.000000 0.000000 0.000000 0.000001 -0.000000 -0.000000 0.000000 -0.000000 0.000000 0.000001 0.000000 -0.000000 0.000000 0.000000 -0.000000 0.000000 0.000000 -0.000000 -0.000000 -0.000000 -0.000000 0.000001 -0.000000 0.000000 0.000002 -0.000000 -0.000000 -0.000001 16.919473 -174.570619 13.793091 18.544893 -0.303317 -9.762922 114.818212 -1.707095 0.854915 63.402208 0.000001 0.000024 -0.000000 0.000000 -0.000000 -16.957309 -174.780989 -13.862181 -28.098676 -1.783562 9.604919 134.708064 1.580387 -1.071216 55.873700 0.000002 0.000012 -0.000000 0.000000 -0.000000 
0.000000 95.493874 -1.577895 -0.479743 -8.686006 -0.064697 -0.455758 -3.819049 0.563445 -0.455757 -3.819050 0.563445 -0.623975 -2.874370 0.347046 0.657697 4.788598 -0.595982 0.510441 5.746629 -0.713415 -0.000001 0.000001 -0.000000 4.997560 30.832256 -14.282610 15.919887 -54.239314 62.216159 -86.344062 137.930835 21.526470 -45.108372 12.655055 59.894940 0.000000 -0.000001 0.000000 0.000003 -0.000002 0.000002 0.000000 0.000001 0.000003 -0.000001 0.000000 -0.000002 0.000000 -0.000000 0.000001 0.000000 0.000000 -0.000001 -0.000000 0.000001 -0.000000 0.000000 -0.000000 -0.000001 0.000000 0.000000 -0.000000 -0.000000 -0.000000 -0.000000 -0.000000 0.000000 0.000000 0.000000 -0.000001 -0.000000 0.000000 0.000000 0.000000 -0.000000 0.000001 0.000001 -0.000000 0.000000 -0.000001 0.000000 -0.000000 -0.000001 0.000000 0.000000 0.000000 -0.000000 0.000000 0.000000 0.000000 -0.000001 0.000000 -0.000000 -0.000000 0.000001 3.901476 7.355088 9.190410 72.442953 -55.993727 0.159396 1.860963 -45.989583 113.219265 10.340953 13.184372 -19.369723 -0.000002 -0.000004 0.000003 -0.000000 0.000001 0.000001 0.000000 0.000002 0.000001 0.000001 -0.000002 -0.000004 0.000000 -0.000000 0.000001 -0.000000 0.000000 -0.000002 -0.000000 -0.000000 -0.000000 0.000000 0.000000 0.000000 -0.000000 -0.000000 -0.000001 0.000000 -0.000000 0.000000 0.000000 -0.000000 0.000001 -0.000000 0.000000 0.000001 -0.000000 0.000000 -0.000001 -0.000000 -0.000000 0.000000 -0.000000 -0.000000 0.000001 0.000000 0.000000 0.000001 -0.000000 -0.000000 -0.000002 -0.000000 -0.000000 0.000001 -0.000000 -0.000000 0.000001 0.000000 -0.000000 -0.000002 16.964312 -175.021344 13.660693 18.544891 -0.303318 -9.762921 114.818198 -1.707095 0.854915 63.402208 0.000001 0.000024 -0.000000 0.000000 -0.000000 -16.888191 -175.228735 -13.719978 -28.098674 -1.783561 9.604920 134.708064 1.580387 -1.071215 55.873700 0.000002 0.000012 -0.000000 0.000000 -0.000000 
0.000000 95.468803 -1.771635 -0.538147 -8.204162 -0.067683 -0.516233 -3.607348 0.531131 -0.516233 -3.607346 0.531131 -0.702816 -2.715046 0.326789 0.732959 4.522777 -0.564409 0.565061 5.427692 -0.675063 0.000000 0.000000 -0.000000 5.166953 29.770025 -14.145633 17.266793 -55.209208 62.009539 -93.378371 137.999396 26.668445 -52.730621 13.616674 62.472906 0.000002 -0.000002 -0.000003 0.000000 0.000003 0.000004 0.000001 -0.000001 -0.000000 0.000001 -0.000001 -0.000007 -0.000000 -0.000000 0.000000 0.000000 -0.000001 -0.000000 -0.000000 0.000001 0.000000 0.000000 -0.000000 0.000000 0.000000 0.000000 0.000000 -0.000000 0.000000 0.000000 0.000000 -0.000000 -0.000001 0.000000 0.000001 0.000000 0.000000 -0.000000 0.000000 0.000000 0.000001 0.000000 -0.000000 0.000001 -0.000000 -0.000000 0.000000 -0.000001 0.000000 0.000000 0.000001 -0.000000 -0.000001 -0.000000 -0.000000 0.000000 -0.000000 0.000000 0.000000 0.000000 4.128504 6.290482 9.289908 72.442953 -55.993723 0.159398 1.860963 -45.989580 113.219265 10.340955 13.184371 -19.369725 0.000001 -0.000001 0.000004 -0.000001 -0.000002 -0.000000 0.000000 0.000001 0.000001 0.000000 -0.000002 -0.000004 0.000000 -0.000000 0.000001 0.000000 -0.000000 -0.000001 0.000000 -0.000000 -0.000001 0.000000 -0.000000 -0.000002 0.000000 -0.000000 -0.000000 -0.000000 0.000000 -0.000001 0.000000 0.000000 -0.000000 -0.000000 0.000000 0.000003 -0.000000 -0.000000 -0.000000 0.000000 0.000000 0.000001 -0.000000 0.000000 0.000001 0.000000 -0.000000 0.000004 -0.000000 -0.000000 -0.000001 -0.000000 0.000000 0.000000 -0.000000 0.000000 -0.000001 -0.000000 -0.000000 0.000001 17.011396 -175.483734 13.524813 18.544893 -0.303318 -9.762921 114.818198 -1.707095 0.854915 63.402208 0.000001 0.000024 -0.000000 0.000000 -0.000000 -16.818424 -175.688202 -13.574496 -28.098673 -1.783562 9.604920 134.708064 1.580388 -1.071215 55.873697 0.000002 0.000012 -0.000000 0.000000 -0.000000 
0.000000 95.442177 -1.968371 -0.597361 -7.714855 -0.069993 -0.577505 -3.392358 0.498521 -0.577505 -3.392355 0.498521 -0.782806 -2.553240 0.306412 0.809516 4.252886 -0.532060 0.620724 5.103866 -0.635881 0.000001 0.000001 -0.000000 5.340855 28.691299 -14.004896 18.683902 -56.110390 61.848258 -101.593948 138.630601 32.693148 -61.221506 14.383291 65.395742 0.000001 -0.000004 0.000001 0.000001 0.000001 -0.000001 0.000001 -0.000003 -0.000000 0.000000 0.000000 -0.000001 -0.000000 0.000001 -0.000001 -0.000000 0.000000 0.000000 0.000000 -0.000000 -0.000000 0.000000 -0.000000 0.000000 0.000000 0.000001 -0.000001 0.000000 -0.000000 0.000001 -0.000000 0.000000 0.000000 -0.000000 -0.000000 -0.000000 0.000000 0.000001 -0.000001 -0.000000 -0.000001 0.000000 0.000000 0.000000 -0.000000 0.000000 -0.000001 0.000000 -0.000000 0.000001 -0.000000 0.000000 -0.000000 0.000000 0.000000 -0.000001 -0.000000 0.000000 -0.000000 0.000000 4.360936 5.209228 9.394398 72.442953 -55.993723 0.159396 1.860963 -45.989583 113.219265 10.340952 13.184371 -19.369722 -0.000003 -0.000002 0.000002 -0.000000 0.000001 -0.000000 0.000000 0.000002 0.000001 0.000001 0.000000 -0.000002 0.000000 -0.000000 0.000000 -0.000000 0.000000 0.000002 0.000000 -0.000000 -0.000000 0.000000 0.000000 -0.000001 -0.000000 -0.000000 0.000000 -0.000000 0.000000 -0.000000 -0.000000 -0.000000 0.000000 -0.000000 0.000000 0.000002 -0.000000 -0.000000 0.000000 -0.000000 -0.000000 -0.000000 0.000000 0.000000 0.000002 0.000000 -0.000000 0.000002 -0.000000 0.000000 -0.000000 -0.000000 0.000000 0.000001 -0.000000 0.000000 0.000002 -0.000000 0.000000 0.000001 17.060317 -175.953227 13.386731 18.544896 -0.303318 -9.762920 114.818212 -1.707095 0.854915 63.402208 0.000001 0.000024 -0.000000 0.000000 -0.000000 -16.748749 -176.154909 -13.427224 -28.098676 -1.783562 9.604920 134.708064 1.580388 -1.071215 55.873700 0.000002 0.000012 -0.000000 0.000000 -0.000000 
0.000000 95.412743 -2.166225 -0.656821 -7.222816 -0.071615 -0.638984 -3.176146 0.465939 -0.638985 -3.176147 0.465939 -0.863175 -2.390518 0.286122 0.886629 3.981546 -0.499232 0.676901 4.778276 -0.596230 0.000000 -0.000000 0.000000 5.517588 27.606619 -13.861566 20.145534 -56.949748 61.710377 -110.731676 140.072140 39.357309 -70.451243 14.828643 68.600747 0.000000 -0.000001 0.000003 0.000000 0.000005 -0.000000 0.000003 -0.000003 0.000001 -0.000003 0.000004 -0.000001 0.000000 0.000000 0.000000 0.000001 0.000000 -0.000000 -0.000000 0.000000 -0.000000 -0.000000 0.000000 0.000000 0.000000 -0.000000 0.000000 0.000000 0.000000 0.000000 0.000000 0.000000 0.000000 -0.000000 0.000000 -0.000000 0.000000 -0.000000 0.000000 -0.000001 -0.000001 0.000000 0.000000 0.000001 0.000000 -0.000001 0.000000 0.000000 -0.000000 0.000000 0.000000 0.000000 -0.000000 -0.000000 0.000000 0.000000 -0.000000 0.000000 0.000000 -0.000000 4.596634 4.121946 9.503130 72.442953 -55.993723 0.159396 1.860960 -45.989583 113.219265 10.340953 13.184370 -19.369725 0.000001 -0.000001 0.000004 -0.000000 -0.000000 -0.000000 -0.000000 0.000001 0.000002 0.000002 -0.000002 -0.000000 -0.000000 -0.000000 0.000002 -0.000000 0.000000 -0.000001 0.000000 -0.000000 0.000001 -0.000000 -0.000000 0.000001 -0.000000 0.000000 -0.000000 -0.000000 -0.000000 0.000001 0.000000 -0.000000 0.000002 -0.000000 -0.000000 0.000001 -0.000000 -0.000000 -0.000000 -0.000000 0.000000 -0.000001 0.000000 0.000000 0.000002 0.000000 0.000000 0.000001 0.000000 -0.000000 -0.000001 -0.000000 -0.000000 0.000001 -0.000000 -0.000000 -0.000000 -0.000000 -0.000000 0.000000 17.110645 -176.425275 13.247722 18.544891 -0.303317 -9.762921 114.818212 -1.707095 0.854915 63.402208 0.000001 0.000024 -0.000000 0.000000 -0.000000 -16.679887 -176.624334 -13.279596 -28.098674 -1.783563 9.604919 134.708064 1.580387 -1.071215 55.873700 0.000002 0.000012 -0.000000 0.000000 -0.000000 
0.000000 95.379234 -2.363313 -0.715965 -6.732783 -0.072559 -0.700078 -2.960800 0.433702 -0.700076 -2.960799 0.433702 -0.943143 -2.228441 0.266119 0.963563 3.711362 -0.466230 0.733054 4.454061 -0.556481 0.000000 -0.000000 -0.000000 5.695436 26.526517 -13.716901 21.623856 -57.734722 61.571744 -120.381032 142.526514 46.273937 -80.214192 14.849470 71.968877 0.000001 -0.000006 -0.000003 -0.000002 0.000001 0.000005 -0.000002 -0.000001 0.000002 -0.000000 -0.000001 -0.000006 0.000000 0.000001 0.000000 -0.000000 0.000000 0.000000 0.000001 -0.000000 -0.000000 -0.000000 0.000001 -0.000000 0.000000 0.000000 0.000000 0.000001 0.000000 -0.000000 0.000001 -0.000001 -0.000000 0.000001 0.000000 0.000000 0.000000 0.000000 0.000000 0.000001 0.000000 0.000000 0.000001 -0.000000 0.000000 0.000001 0.000001 0.000000 0.000001 0.000000 0.000000 0.000000 -0.000001 0.000000 -0.000000 -0.000000 -0.000000 0.000001 0.000001 0.000000 4.833417 3.039276 9.615212 72.442960 -55.993720 0.159399 1.860963 -45.989576 113.219265 10.340952 13.184372 -19.369725 0.000001 -0.000001 0.000002 -0.000001 0.000001 -0.000000 -0.000000 0.000001 0.000003 0.000002 0.000002 -0.000002 0.000000 -0.000000 -0.000000 0.000000 -0.000000 -0.000002 0.000000 -0.000000 0.000001 0.000000 -0.000000 0.000000 0.000000 -0.000000 -0.000002 0.000000 0.000000 -0.000002 -0.000000 0.000000 -0.000002 0.000000 -0.000000 -0.000003 -0.000000 -0.000000 -0.000002 0.000000 0.000000 -0.000002 0.000000 0.000000 -0.000002 0.000000 -0.000000 0.000001 -0.000000 0.000000 -0.000002 -0.000000 0.000000 -0.000001 0.000000 0.000000 0.000002 0.000000 -0.000000 -0.000001 17.161887 -176.895329 13.109086 18.544893 -0.303318 -9.762922 114.818198 -1.707095 0.854915 63.402208 0.000001 0.000024 -0.000000 0.000000 -0.000000 -16.612489 -177.091970 -13.133049 -28.098679 -1.783562 9.604920 134.708064 1.580388 -1.071216 55.873700 0.000002 0.000012 -0.000000 -0.000000 -0.000000 
0.000000 95.340408 -2.557756 -0.774234 -6.249501 -0.072853 -0.760200 -2.748394 0.402119 -0.760200 -2.748393 0.402119 -1.021949 -2.068578 0.246593 1.039569 3.444942 -0.433376 0.788634 4.134351 -0.517021 0.000002 -0.000000 0.000000 5.872620 25.461554 -13.572261 23.089019 -58.473284 61.406126 -130.054697 146.085507 52.990913 -90.240903 14.392827 75.336228 0.000003 -0.000002 0.000001 0.000002 -0.000000 0.000005 0.000000 0.000004 0.000003 0.000000 -0.000001 -0.000004 -0.000001 0.000000 -0.000000 -0.000001 0.000001 0.000000 -0.000001 -0.000000 -0.000000 -0.000000 -0.000000 -0.000000 -0.000001 -0.000000 -0.000000 0.000000 -0.000000 -0.000000 0.000000 -0.000000 0.000000 0.000001 0.000000 0.000000 -0.000000 -0.000000 -0.000000 -0.000000 0.000001 -0.000000 -0.000002 -0.000000 -0.000000 -0.000001 0.000001 0.000000 0.000000 -0.000000 -0.000000 -0.000002 0.000001 0.000000 -0.000002 0.000000 0.000000 -0.000001 0.000001 0.000000 5.069023 1.971855 9.729575 72.442953 -55.993723 0.159395 1.860964 -45.989583 113.219265 10.340952 13.184371 -19.369722 -0.000001 -0.000001 0.000003 -0.000000 0.000001 -0.000000 0.000000 0.000002 0.000003 0.000001 -0.000002 -0.000004 0.000000 0.000000 0.000000 0.000000 0.000000 -0.000002 0.000000 0.000000 0.000001 0.000000 0.000000 -0.000001 0.000000 0.000000 -0.000001 -0.000000 -0.000000 -0.000002 -0.000000 -0.000000 0.000000 -0.000000 -0.000000 0.000001 0.000000 -0.000000 -0.000001 -0.000000 -0.000000 -0.000000 0.000000 -0.000000 0.000000 0.000000 -0.000000 0.000002 0.000000 -0.000000 -0.000002 -0.000000 -0.000000 0.000001 -0.000000 0.000000 0.000000 -0.000000 -0.000000 -0.000001 17.213537 -177.358812 12.972137 18.544893 -0.303317 -9.762920 114.818198 -1.707095 0.854915 63.402208 0.000001 0.000024 -0.000000 0.000000 -0.000000 -16.547187 -177.553281 -12.988979 -28.098673 -1.783561 9.604919 134.708064 1.580388 -1.071215 55.873700 0.000002 0.000012 0.000000 0.000000 -0.000000 
0.000000 95.294968 -2.747673 -0.831068 -5.777704 -0.072545 -0.818772 -2.541009 0.371487 -0.818771 -2.541009 0.371487 -1.098822 -1.912493 0.227725 1.113901 3.184895 -0.401003 0.843092 3.822275 -0.478243 0.000001 -0.000000 -0.000000 6.047316 24.422258 -13.429100 24.509499 -59.174061 61.185627 -139.309235 150.687292 59.115977 -100.231967 13.474901 78.524731 0.000001 -0.000002 0.000001 0.000001 0.000001 -0.000001 0.000001 0.000003 -0.000001 -0.000002 0.000002 -0.000003 0.000000 -0.000001 -0.000000 -0.000002 0.000000 0.000000 -0.000000 -0.000000 0.000000 -0.000001 0.000000 -0.000000 -0.000000 -0.000001 -0.000000 0.000002 0.000000 0.000000 0.000001 0.000001 0.000000 -0.000001 0.000001 0.000000 -0.000001 -0.000000 -0.000000 -0.000001 0.000000 -0.000000 0.000000 0.000000 0.000000 -0.000001 0.000001 0.000000 0.000001 -0.000001 0.000000 -0.000000 0.000000 -0.000000 -0.000002 0.000000 -0.000000 -0.000001 0.000001 0.000000 5.301124 0.930287 9.844983 72.442953 -55.993723 0.159394 1.860964 -45.989586 113.219265 10.340954 13.184373 -19.369723 -0.000000 -0.000001 0.000004 0.000001 -0.000000 -0.000002 0.000000 0.000002 0.000003 0.000000 -0.000002 0.000001 0.000000 -0.000000 0.000001 -0.000000 0.000000 0.000001 0.000000 -0.000000 -0.000001 -0.000000 0.000000 0.000001 0.000000 -0.000000 -0.000000 -0.000000 -0.000000 -0.000001 0.000000 -0.000000 -0.000000 -0.000000 0.000000 0.000004 0.000000 -0.000000 -0.000000 0.000000 -0.000000 -0.000001 0.000000 -0.000000 -0.000000 0.000000 -0.000000 0.000002 0.000000 0.000000 -0.000001 -0.000000 0.000000 0.000002 0.000000 0.000000 0.000001 -0.000000 0.000000 0.000001 17.265014 -177.811203 12.838199 18.544891 -0.303318 -9.762922 114.818198 -1.707095 0.854915 63.402208 0.000001 0.000024 -0.000000 0.000000 -0.000000 -16.484540 -178.003759 -12.848774 -28.098676 -1.783563 9.604919 134.708064 1.580388 -1.071216 55.873697 0.000002 0.000012 0.000000 -0.000000 -0.000000 
0.000000 95.241684 -2.931181 -0.885910 -5.322135 -0.071700 -0.875218 -2.340730 0.342097 -0.875217 -2.340731 0.342097 -1.172998 -1.761754 0.209689 1.185805 2.933830 -0.369458 0.895863 3.520962 -0.440555 -0.000001 -0.000000 -0.000000 6.217643 23.419173 -13.288971 25.851897 -59.846015 60.880393 -147.836248 156.120202 64.411819 -109.902361 12.180856 81.380686 0.000002 -0.000002 -0.000003 0.000002 -0.000004 0.000000 -0.000001 -0.000003 -0.000000 0.000001 -0.000002 -0.000002 0.000001 0.000000 0.000000 -0.000001 0.000000 0.000000 -0.000000 0.000000 -0.000000 -0.000000 0.000000 -0.000000 0.000001 0.000000 0.000000 -0.000002 -0.000000 0.000000 0.000001 0.000001 0.000000 0.000000 -0.000000 -0.000000 0.000001 -0.000000 0.000000 -0.000001 -0.000001 -0.000000 0.000001 0.000000 -0.000000 0.000000 0.000001 0.000000 0.000001 0.000000 0.000000 -0.000002 -0.000000 -0.000000 0.000000 -0.000001 -0.000000 0.000001 0.000001 -0.000000 5.527290 -0.074863 9.960037 72.442960 -55.993723 0.159401 1.860966 -45.989583 113.219265 10.340953 13.184371 -19.369723 0.000001 -0.000002 0.000004 -0.000002 -0.000000 0.000000 0.000000 0.000004 0.000005 0.000003 0.000000 -0.000000 0.000000 -0.000000 0.000002 0.000000 -0.000000 0.000000 -0.000000 -0.000000 -0.000002 0.000000 -0.000000 0.000000 -0.000000 -0.000000 -0.000001 -0.000000 -0.000000 0.000002 -0.000000 0.000000 0.000001 -0.000000 -0.000000 0.000001 -0.000000 -0.000000 -0.000001 0.000000 0.000000 -0.000000 0.000000 -0.000000 0.000001 0.000000 -0.000000 0.000001 0.000000 -0.000000 -0.000002 -0.000000 0.000000 -0.000000 0.000000 0.000000 0.000000 -0.000000 -0.000000 0.000000 17.315713 -178.247952 12.708612 18.544893 -0.303318 -9.762920 114.818212 -1.707095 0.854915 63.402208 0.000001 0.000024 -0.000000 0.000000 -0.000000 -16.425087 -178.438842 -12.713790 -28.098674 -1.783562 9.604919 134.708064 1.580388 -1.071216 55.873700 0.000002 0.000012 -0.000000 -0.000000 -0.000000 
0.000000 95.179306 -3.106399 -0.938202 -4.887531 -0.070398 -0.928967 -2.149635 0.314232 -0.928968 -2.149633 0.314231 -1.243713 -1.617923 0.192650 1.254521 2.694340 -0.339101 0.946381 3.233539 -0.404375 0.000000 0.000001 -0.000000 6.381652 22.462733 -13.153504 27.081147 -60.498558 60.458970 -155.478519 162.068969 68.815624 -119.018751 10.644867 83.804324 0.000001 -0.000004 -0.000001 -0.000002 0.000003 0.000001 -0.000002 0.000003 -0.000001 -0.000002 0.000002 -0.000002 -0.000000 0.000000 -0.000000 0.000001 -0.000000 -0.000000 -0.000001 -0.000000 -0.000000 0.000000 -0.000000 0.000000 0.000000 0.000000 -0.000000 -0.000002 -0.000000 -0.000000 -0.000001 -0.000000 0.000000 0.000001 0.000000 0.000000 0.000000 0.000000 -0.000000 -0.000001 0.000000 -0.000000 -0.000001 0.000000 -0.000000 0.000001 0.000000 0.000000 0.000001 0.000000 -0.000000 -0.000001 0.000000 0.000000 -0.000001 -0.000000 0.000000 -0.000000 -0.000000 0.000000 5.745014 -1.033076 10.073178 72.442953 -55.993727 0.159396 1.860961 -45.989583 113.219265 10.340953 13.184371 -19.369728 -0.000000 -0.000002 -0.000001 -0.000001 -0.000002 -0.000003 0.000000 0.000002 -0.000001 -0.000000 0.000000 -0.000004 0.000000 -0.000000 -0.000000 0.000000 0.000000 -0.000001 0.000000 0.000000 -0.000003 -0.000000 0.000000 -0.000002 0.000000 0.000000 -0.000002 0.000000 -0.000000 0.000001 0.000000 -0.000000 -0.000000 0.000000 0.000000 0.000002 -0.000000 0.000000 -0.000002 -0.000000 -0.000000 -0.000001 0.000000 -0.000000 -0.000000 0.000000 -0.000000 -0.000000 0.000000 0.000000 -0.000003 -0.000000 0.000000 0.000002 -0.000000 -0.000000 0.000003 -0.000000 -0.000000 -0.000000 17.364994 -178.664512 12.584741 18.544894 -0.303318 -9.762920 114.818212 -1.707095 0.854915 63.402208 0.000001 0.000024 -0.000000 0.000000 -0.000000 -16.369306 -178.854022 -12.585379 -28.098674 -1.783562 9.604919 134.708064 1.580388 -1.071216 55.873700 0.000002 0.000012 -0.000000 -0.000000 -0.000000 
0.000000 95.106537 -3.271449 -0.987384 -4.478626 -0.068738 -0.979450 -1.969811 0.288167 -0.979451 -1.969809 0.288167 -1.310208 -1.482577 0.176770 1.319281 2.469040 -0.310302 0.994067 2.963128 -0.370129 0.000000 -0.000000 0.000000 6.537344 21.563385 -13.024420 28.159963 -61.141033 59.887563 -162.189631 168.179611 72.400237 -127.416906 9.019968 85.759357 0.000001 -0.000004 -0.000003 0.000003 0.000001 0.000003 0.000000 0.000003 -0.000001 0.000001 0.000002 -0.000004 -0.000001 -0.000000 -0.000000 0.000001 0.000000 -0.000000 0.000000 0.000000 0.000000 -0.000000 -0.000000 -0.000000 -0.000001 -0.000000 -0.000000 0.000001 0.000000 0.000000 0.000000 -0.000000 -0.000000 0.000000 -0.000000 -0.000000 -0.000000 -0.000000 -0.000000 0.000000 0.000000 0.000000 -0.000000 0.000000 0.000000 0.000001 -0.000000 0.000000 -0.000001 -0.000000 -0.000000 -0.000001 0.000000 0.000000 -0.000000 -0.000000 0.000000 0.000000 -0.000000 0.000000 5.951690 -1.933919 10.182700 72.442953 -55.993727 0.159402 1.860964 -45.989583 113.219258 10.340953 13.184372 -19.369722 -0.000002 -0.000001 0.000004 -0.000000 -0.000004 -0.000003 -0.000000 0.000004 -0.000005 0.000001 0.000002 -0.000002 0.000000 -0.000000 0.000001 0.000000 0.000000 -0.000001 -0.000000 0.000000 -0.000002 0.000000 0.000000 0.000000 -0.000000 -0.000000 -0.000001 0.000000 -0.000000 0.000000 0.000000 -0.000000 -0.000001 0.000000 -0.000000 -0.000000 -0.000000 0.000000 -0.000001 -0.000000 -0.000000 0.000000 0.000000 0.000000 -0.000001 0.000000 -0.000000 0.000002 0.000000 0.000000 -0.000002 -0.000000 0.000000 -0.000000 -0.000000 -0.000000 0.000001 0.000000 0.000000 0.000000 17.412188 -179.056373 12.467952 18.544894 -0.303318 -9.762921 114.818212 -1.707095 0.854915 63.402208 0.000001 0.000024 -0.000000 0.000000 -0.000000 -16.317663 -179.244736 -12.464877 -28.098676 -1.783562 9.604920 134.708064 1.580388 -1.071216 55.873703 0.000002 0.000012 -0.000000 0.000000 -0.000000 
0.000000 95.022148 -3.424446 -1.032895 -4.100151 -0.066825 -1.026104 -1.803338 0.264174 -1.026102 -1.803339 0.264175 -1.371724 -1.357279 0.162201 1.379318 2.260518 -0.283439 1.038347 2.712855 -0.338252 0.000000 0.000000 -0.000000 6.682669 20.731496 -12.903514 29.048378 -61.782517 59.129719 -167.979828 174.118393 75.318839 -134.999290 7.450515 87.263631 0.000001 -0.000002 0.000001 0.000004 -0.000002 -0.000000 -0.000001 -0.000003 0.000004 0.000001 -0.000005 -0.000004 0.000001 -0.000000 0.000000 -0.000002 0.000000 0.000000 0.000000 -0.000000 0.000000 -0.000001 0.000000 -0.000000 -0.000000 -0.000000 0.000000 0.000000 0.000000 0.000000 -0.000000 -0.000000 -0.000000 0.000000 0.000000 -0.000001 0.000000 -0.000000 0.000000 -0.000001 -0.000000 -0.000000 -0.000001 0.000000 0.000000 -0.000001 -0.000000 -0.000000 0.000001 -0.000000 0.000001 -0.000002 -0.000000 -0.000000 -0.000001 0.000000 -0.000001 -0.000001 0.000000 0.000000 6.144628 -2.767020 10.286775 72.442953 -55.993727 0.159398 1.860966 -45.989583 113.219265 10.340955 13.184372 -19.369728 -0.000001 -0.000001 0.000004 -0.000000 -0.000000 -0.000002 0.000000 0.000002 -0.000001 0.000001 0.000002 -0.000002 -0.000000 -0.000000 0.000001 0.000000 0.000000 -0.000001 -0.000000 -0.000000 -0.000001 0.000000 0.000000 0.000000 -0.000000 -0.000000 -0.000000 0.000000 -0.000000 -0.000001 0.000000 -0.000000 -0.000000 -0.000000 -0.000000 0.000000 -0.000000 -0.000000 -0.000000 -0.000000 -0.000000 0.000001 0.000000 -0.000000 0.000002 0.000000 -0.000000 0.000001 0.000000 0.000000 -0.000001 -0.000000 -0.000000 -0.000001 0.000000 0.000000 0.000001 -0.000000 -0.000000 0.000000 17.456579 -179.419002 12.359632 18.544894 -0.303317 -9.762921 114.818212 -1.707095 0.854915 63.402208 0.000001 0.000024 -0.000000 0.000000 -0.000000 -16.270588 -179.606450 -12.353595 -28.098676 -1.783562 9.604919 134.708064 1.580387 -1.071215 55.873700 0.000002 0.000012 -0.000000 0.000000 -0.000000 
0.000000 94.924866 -3.563512 -1.074175 -3.756829 -0.064780 -1.068362 -1.652304 0.242519 -1.068363 -1.652305 0.242520 -1.427500 -1.243598 0.149093 1.433862 2.071378 -0.258899 1.078628 2.485836 -0.309185 -0.000000 0.000000 -0.000000 6.815535 19.977364 -12.792624 29.702891 -62.431324 58.145366 -172.875503 179.610288 77.759962 -141.720592 6.055553 88.370203 0.000001 -0.000001 0.000000 0.000002 0.000001 -0.000003 -0.000001 0.000001 0.000001 -0.000001 0.000004 -0.000001 0.000001 -0.000000 -0.000001 0.000000 0.000000 -0.000000 0.000001 -0.000000 0.000001 0.000001 0.000000 -0.000001 -0.000001 -0.000000 -0.000000 0.000001 0.000000 -0.000001 0.000001 0.000000 -0.000001 -0.000001 -0.000000 0.000000 0.000000 -0.000000 -0.000000 0.000000 0.000000 0.000001 0.000001 -0.000000 -0.000000 0.000000 0.000000 -0.000000 0.000000 -0.000000 -0.000000 -0.000000 -0.000000 -0.000000 0.000000 -0.000000 -0.000000 -0.000000 0.000000 -0.000001 6.321066 -3.522084 10.383464 72.442960 -55.993717 0.159393 1.860964 -45.989583 113.219265 10.340953 13.184372 -19.369727 -0.000000 -0.000001 0.000002 -0.000001 0.000001 -0.000000 0.000001 0.000004 0.000002 0.000001 0.000000 -0.000004 0.000000 0.000000 0.000002 -0.000000 0.000000 -0.000002 0.000000 -0.000000 -0.000002 0.000000 0.000000 0.000000 0.000000 0.000000 -0.000001 0.000000 -0.000000 -0.000002 -0.000000 0.000000 -0.000001 -0.000000 0.000000 0.000002 0.000000 -0.000000 -0.000001 -0.000000 -0.000000 -0.000000 0.000000 0.000000 0.000000 0.000000 0.000000 0.000001 0.000000 0.000000 -0.000002 -0.000000 -0.000000 0.000001 0.000000 0.000000 0.000000 0.000000 -0.000000 -0.000002 17.497440 -179.747889 12.261183 18.544894 -0.303318 -9.762921 114.818198 -1.707095 0.854915 63.402215 0.000001 0.000024 0.000000 0.000000 -0.000000 -16.228477 -179.934640 -12.252863 -28.098673 -1.783562 9.604920 134.708064 1.580388 -1.071216 55.873700 0.000002 0.000012 -0.000000 0.000000 -0.000000 
0.000000 94.813446 -3.686764 -1.110660 -3.453384 -0.062725 -1.105667 -1.518791 0.223465 -1.105669 -1.518791 0.223466 -1.476780 -1.143106 0.137592 1.482138 1.904215 -0.237071 1.114327 2.285192 -0.283375 -0.000001 -0.000000 -0.000000 6.933811 19.311252 -12.693656 30.075130 -63.094405 56.889588 -176.898225 184.452838 79.917885 -147.570021 4.924200 89.148039 -0.000001 -0.000004 -0.000004 0.000003 -0.000002 -0.000000 0.000000 0.000001 -0.000000 0.000002 -0.000001 -0.000002 -0.000001 0.000000 -0.000000 -0.000001 0.000000 0.000000 0.000001 -0.000000 0.000001 -0.000000 -0.000000 0.000001 -0.000000 0.000000 0.000000 -0.000000 -0.000000 -0.000001 0.000000 0.000000 -0.000001 0.000000 0.000000 0.000001 -0.000001 -0.000000 0.000000 -0.000001 -0.000000 0.000000 -0.000001 -0.000000 -0.000000 -0.000000 -0.000000 -0.000000 0.000001 0.000000 0.000001 -0.000000 -0.000000 0.000000 -0.000001 -0.000000 -0.000000 -0.000001 0.000000 0.000000 6.478177 -4.188885 10.470747 72.442960 -55.993720 0.159401 1.860961 -45.989586 113.219265 10.340953 13.184371 -19.369722 -0.000000 -0.000001 0.000000 -0.000001 0.000001 0.000003 0.000001 0.000002 -0.000001 -0.000001 0.000002 -0.000004 0.000000 -0.000000 0.000001 0.000000 0.000000 0.000000 0.000000 -0.000000 -0.000003 -0.000000 0.000000 -0.000000 -0.000000 -0.000000 0.000001 -0.000000 -0.000000 -0.000002 0.000000 -0.000000 0.000002 0.000000 0.000000 0.000001 -0.000000 0.000000 0.000001 -0.000000 -0.000000 -0.000002 -0.000000 -0.000000 0.000001 0.000000 -0.000000 -0.000000 -0.000000 -0.000000 0.000000 -0.000000 0.000000 0.000001 -0.000000 0.000000 0.000001 -0.000000 -0.000000 0.000001 17.534028 -180.038541 12.174018 18.544894 -0.303318 -9.762920 114.818212 -1.707095 0.854915 63.402208 0.000001 0.000024 -0.000000 0.000000 -0.000000 -16.191722 -180.224759 -12.163994 -28.098676 -1.783562 9.604919 134.708064 1.580388 -1.071216 55.873703 0.000002 0.000012 -0.000000 0.000000 -0.000000 
0.000000 94.686600 -3.792323 -1.141784 -3.194536 -0.060787 -1.137455 -1.404883 0.207275 -1.137456 -1.404882 0.207275 -1.518801 -1.057366 0.127843 1.523370 1.761622 -0.218349 1.144848 2.114037 -0.261269 0.000000 -0.000000 -0.000000 7.035340 18.743366 -12.608502 30.110428 -63.776605 55.311166 -180.059373 188.510380 81.974920 -152.555526 4.119326 89.667147 0.000000 -0.000002 -0.000001 -0.000001 -0.000000 0.000001 -0.000002 -0.000001 0.000001 -0.000001 0.000000 -0.000002 -0.000000 -0.000000 0.000001 0.000001 -0.000000 0.000002 -0.000000 -0.000000 0.000000 -0.000000 -0.000000 0.000001 -0.000001 -0.000000 0.000001 0.000000 -0.000000 -0.000000 0.000000 -0.000000 0.000001 -0.000000 -0.000000 0.000001 0.000000 0.000000 0.000001 -0.000000 0.000000 -0.000000 0.000000 -0.000000 -0.000000 -0.000001 0.000000 0.000001 0.000001 0.000000 0.000001 0.000000 -0.000000 -0.000002 -0.000001 0.000000 -0.000000 0.000000 0.000001 -0.000000 6.613090 -4.757245 10.546572 72.442960 -55.993723 0.159397 1.860961 -45.989583 113.219265 10.340953 13.184373 -19.369720 -0.000000 0.000001 0.000003 -0.000000 0.000003 -0.000000 0.000000 0.000002 -0.000003 0.000001 -0.000002 -0.000004 0.000000 0.000000 0.000001 -0.000000 0.000000 -0.000001 0.000000 0.000000 -0.000003 0.000000 -0.000000 -0.000001 -0.000000 -0.000000 -0.000001 0.000000 -0.000000 -0.000002 0.000000 -0.000000 0.000001 0.000000 0.000000 -0.000001 0.000000 -0.000000 -0.000001 0.000000 -0.000000 0.000000 -0.000000 -0.000000 0.000001 0.000000 0.000000 0.000001 0.000000 0.000000 -0.000002 -0.000000 -0.000000 0.000002 0.000000 0.000000 -0.000001 0.000000 -0.000000 -0.000001 17.565587 -180.286449 12.099543 18.544894 -0.303318 -9.762921 114.818212 -1.707095 0.854915 63.402208 0.000001 0.000024 -0.000000 0.000000 -0.000000 -16.160724 -180.472272 -12.088293 -28.098681 -1.783562 9.604918 134.708064 1.580388 -1.071215 55.873697 0.000002 0.000012 -0.000000 0.000000 -0.000000 
0.000000 94.543106 -3.878307 -1.166981 -2.984996 -0.059091 -1.163163 -1.312662 0.194211 -1.163163 -1.312662 0.194211 -1.552809 -0.987953 0.119994 1.556782 1.646198 -0.203126 1.169601 1.975491 -0.243315 -0.000001 0.000000 -0.000000 7.117975 18.283897 -12.539082 29.745863 -64.479554 53.350519 -182.364002 191.696294 84.089710 -156.691138 3.685659 89.989013 0.000001 -0.000004 -0.000003 0.000001 -0.000000 0.000003 0.000002 -0.000001 -0.000000 0.000001 0.000002 -0.000004 -0.000000 -0.000000 -0.000001 -0.000000 -0.000000 -0.000000 -0.000000 0.000000 0.000001 -0.000000 0.000000 0.000000 0.000000 -0.000000 -0.000000 0.000000 0.000000 -0.000002 -0.000001 0.000000 -0.000000 -0.000000 0.000000 0.000000 -0.000001 0.000000 -0.000000 0.000000 -0.000000 -0.000000 -0.000001 -0.000000 0.000001 -0.000001 0.000000 0.000000 -0.000000 -0.000000 -0.000001 0.000001 0.000000 0.000001 0.000001 -0.000000 0.000001 -0.000001 -0.000000 -0.000000 6.722920 -5.217019 10.608874 72.442953 -55.993723 0.159396 1.860963 -45.989583 113.219258 10.340953 13.184371 -19.369725 0.000001 -0.000001 0.000000 -0.000001 -0.000000 -0.000000 0.000001 0.000001 0.000001 0.000002 -0.000001 -0.000007 0.000000 0.000000 0.000001 0.000000 0.000000 0.000000 0.000000 -0.000000 -0.000002 -0.000000 0.000000 0.000001 -0.000000 -0.000000 -0.000001 -0.000000 0.000000 0.000000 0.000000 0.000000 0.000001 -0.000000 0.000000 0.000002 -0.000000 -0.000000 -0.000001 0.000000 -0.000000 0.000000 0.000000 -0.000000 0.000003 0.000000 -0.000000 0.000001 -0.000000 -0.000000 -0.000001 -0.000000 -0.000000 0.000000 0.000000 0.000000 -0.000001 -0.000000 -0.000000 0.000002 17.591376 -180.487093 12.039182 18.544893 -0.303317 -9.762921 114.818212 -1.707095 0.854915 63.402208 0.000001 0.000024 -0.000000 0.000000 -0.000000 -16.135859 -180.672656 -12.027091 -28.098678 -1.783562 9.604919 134.708064 1.580388 -1.071215 55.873700 0.000002 0.000012 -0.000000 0.000000 -0.000000 
0.000000 94.381683 -3.942833 -1.185684 -2.829483 -0.057757 -1.182231 -1.244213 0.184539 -1.182232 -1.244212 0.184539 -1.578043 -0.936430 0.114192 1.581600 1.560535 -0.191789 1.188001 1.872665 -0.229955 -0.000000 0.000000 -0.000000 7.179571 17.943032 -12.487285 28.908458 -65.200371 50.938041 -183.819829 193.951787 86.388800 -159.987359 3.658770 90.161209 0.000001 -0.000004 -0.000004 0.000001 0.000001 -0.000003 0.000000 -0.000001 0.000002 0.000001 0.000002 -0.000004 0.000000 -0.000000 -0.000001 0.000000 0.000000 -0.000000 -0.000000 0.000000 -0.000000 0.000000 0.000000 0.000000 0.000000 -0.000000 -0.000000 0.000001 0.000000 0.000000 0.000001 0.000000 -0.000001 -0.000000 0.000000 0.000002 0.000000 -0.000000 0.000000 0.000000 0.000000 -0.000001 -0.000000 0.000000 0.000000 -0.000000 -0.000000 -0.000000 0.000000 -0.000000 -0.000000 0.000000 0.000000 0.000001 0.000001 -0.000000 -0.000000 -0.000000 -0.000000 0.000000 6.804802 -5.558055 10.655643 72.442953 -55.993727 0.159395 1.860961 -45.989583 113.219265 10.340954 13.184371 -19.369725 -0.000001 -0.000001 0.000002 0.000001 0.000003 -0.000002 0.000001 0.000001 -0.000000 -0.000001 -0.000002 -0.000004 0.000000 0.000000 0.000001 -0.000000 -0.000000 0.000000 -0.000000 0.000000 -0.000001 0.000000 -0.000000 -0.000001 -0.000000 -0.000000 -0.000001 0.000000 0.000000 -0.000001 0.000000 -0.000000 0.000001 0.000000 0.000000 -0.000001 0.000000 0.000000 -0.000001 -0.000000 0.000000 0.000000 -0.000000 -0.000000 -0.000001 0.000000 -0.000000 0.000000 0.000000 -0.000000 -0.000001 -0.000000 -0.000000 0.000002 0.000000 0.000000 -0.000001 -0.000000 -0.000000 -0.000001 17.610652 -180.636005 11.994334 18.544894 -0.303318 -9.762921 114.818212 -1.707095 0.854915 63.402208 0.000001 0.000024 -0.000000 0.000000 -0.000000 -16.117539 -180.821390 -11.981706 -28.098678 -1.783562 9.604918 134.708064 1.580388 -1.071216 55.873700 0.000002 0.000012 -0.000000 -0.000000 -0.000000 
0.000000 94.201073 -3.984023 -1.197323 -2.732714 -0.056892 -1.194091 -1.201617 0.178530 -1.194091 -1.201617 0.178530 -1.593744 -0.904367 0.110591 1.597049 1.507232 -0.184718 1.199464 1.808684 -0.221628 -0.000000 -0.000000 0.000000 7.218024 17.730992 -12.454943 27.513721 -65.929767 47.992611 -184.447483 195.226696 88.959293 -162.443086 4.073683 90.214341 0.000001 -0.000004 -0.000000 0.000001 -0.000000 0.000002 -0.000002 0.000001 0.000001 0.000001 0.000002 -0.000002 -0.000000 -0.000000 0.000000 0.000000 -0.000000 -0.000001 -0.000000 -0.000000 -0.000000 0.000000 -0.000000 0.000000 0.000000 -0.000000 0.000000 0.000000 -0.000000 -0.000001 -0.000000 0.000000 -0.000001 0.000000 0.000000 -0.000002 0.000000 -0.000000 0.000001 0.000000 -0.000000 0.000002 -0.000000 -0.000000 -0.000000 0.000000 0.000000 0.000003 -0.000000 -0.000000 -0.000000 0.000000 0.000000 0.000000 -0.000000 -0.000000 0.000002 -0.000000 -0.000000 0.000002 6.855915 -5.770184 10.684969 72.442960 -55.993723 0.159394 1.860960 -45.989586 113.219258 10.340954 13.184372 -19.369723 -0.000003 -0.000004 0.000003 -0.000001 -0.000000 0.000002 0.000002 0.000004 -0.000007 0.000001 0.000000 -0.000004 0.000000 0.000000 0.000001 -0.000000 0.000000 -0.000001 -0.000000 -0.000000 0.000000 0.000000 -0.000000 -0.000001 -0.000000 -0.000000 -0.000001 0.000000 -0.000000 -0.000001 0.000000 -0.000000 0.000001 0.000000 -0.000000 -0.000000 0.000000 0.000000 -0.000001 0.000000 0.000000 0.000000 -0.000000 -0.000000 -0.000001 0.000000 0.000000 0.000000 0.000000 0.000000 -0.000001 -0.000000 -0.000000 0.000002 0.000000 0.000000 0.000001 -0.000000 -0.000000 -0.000001 17.622711 -180.728650 11.966410 18.544896 -0.303318 -9.762921 114.818212 -1.707095 0.854915 63.402208 0.000001 0.000024 -0.000000 0.000000 -0.000000 -16.106196 -180.913953 -11.953477 -28.098676 -1.783562 9.604919 134.708064 1.580388 -1.071215 55.873700 0.000002 0.000012 -0.000000 -0.000000 -0.000000 
-0.000000 94.000015 -3.999992 -1.201329 -2.699409 -0.056586 -1.198172 -1.186956 0.176463 -1.198172 -1.186956 0.176463 -1.599147 -0.893333 0.109354 1.602368 1.488885 -0.182282 1.203411 1.786663 -0.218760 0.000000 -0.000000 -0.000000 7.231282 17.658015 -12.443788 25.465814 -66.649710 44.421689 -184.290293 195.465930 91.843307 -164.038031 4.972329 90.159153 0.000001 -0.000002 -0.000001 0.000000 0.000003 0.000003 -0.000002 0.000001 0.000001 -0.000000 0.000000 -0.000001 0.000000 0.000000 -0.000003 -0.000000 -0.000000 -0.000000 -0.000000 0.000000 -0.000000 -0.000000 -0.000000 -0.000002 0.000000 0.000000 -0.000003 -0.000000 0.000000 0.000000 -0.000000 -0.000000 -0.000001 -0.000000 0.000000 0.000001 0.000000 0.000000 -0.000003 -0.000000 -0.000000 -0.000001 0.000000 -0.000000 -0.000001 -0.000000 -0.000000 0.000002 0.000000 -0.000000 -0.000002 0.000000 0.000000 -0.000001 -0.000000 -0.000000 0.000001 0.000000 0.000000 0.000002 6.873539 -5.843183 10.695098 72.442967 -55.993734 0.159402 1.860961 -45.989573 113.219265 10.340957 13.184374 -19.369732 -0.000000 0.000001 0.000003 -0.000000 -0.000000 -0.000002 0.000001 0.000002 0.000005 -0.000000 0.000000 -0.000004 0.000000 0.000000 0.000001 -0.000000 0.000000 -0.000001 -0.000000 -0.000000 -0.000001 -0.000000 0.000000 0.000001 -0.000000 -0.000000 -0.000002 -0.000000 0.000000 -0.000001 0.000000 0.000000 -0.000001 0.000000 -0.000000 -0.000000 -0.000000 0.000000 -0.000002 0.000000 0.000000 -0.000003 -0.000000 -0.000000 -0.000001 0.000000 0.000000 -0.000001 -0.000000 0.000000 -0.000003 -0.000000 -0.000000 0.000002 0.000000 0.000000 -0.000001 -0.000000 -0.000000 -0.000001 17.626871 -180.760547 11.956799 18.544894 -0.303318 -9.762920 114.818212 -1.707097 0.854917 63.402194 0.000000 0.000023 0.000000 0.000000 -0.000000 -16.102302 -180.945809 -11.943764 -28.098671 -1.783562 9.604919 134.708064 1.580387 -1.071215 55.873700 0.000000 0.000010 -0.000000 0.000000 -0.000000 
0.000000 93.772537 -3.498208 -1.096473 -3.546917 -0.039780 -1.088695 -1.564454 0.219897 -1.088695 -1.564453 0.219897 -1.453753 -1.177735 0.131500 1.460727 1.956779 -0.260698 1.099075 2.348293 -0.306561 0.000000 -0.000000 0.000000 6.942310 19.434438 -12.771373 19.325631 -64.692082 37.226693 -183.269794 194.729171 96.611202 -162.652349 8.217951 89.600921 0.000002 -0.000004 -0.000001 0.000000 0.000005 0.000000 0.000000 0.000001 0.000006 0.000002 0.000000 -0.000001 -0.000000 0.000000 0.000000 -0.000000 0.000000 0.000001 0.000000 0.000000 -0.000002 0.000000 -0.000000 -0.000001 0.000000 -0.000000 -0.000000 0.000000 -0.000001 0.000000 0.000000 -0.000000 -0.000001 0.000000 -0.000000 -0.000003 0.000000 0.000000 -0.000000 0.000000 0.000000 -0.000001 0.000000 0.000000 -0.000000 0.000000 -0.000000 0.000002 0.000000 0.000000 0.000002 -0.000000 0.000000 0.000002 -0.000000 0.000000 0.000000 0.000000 0.000000 -0.000001 6.454571 -4.064517 10.396527 72.442967 -55.993730 -0.217493 3.115018 -46.029598 114.216411 10.675863 13.705910 -19.311981 -0.000001 -0.000001 0.000003 0.000001 0.000005 -0.000000 -0.000000 0.000002 -0.000001 0.000001 0.000002 -0.000004 0.000000 -0.000000 0.000002 0.000000 0.000000 0.000000 -0.000000 0.000000 -0.000002 -0.000000 0.000000 0.000001 -0.000000 0.000000 0.000001 0.000000 -0.000000 -0.000000 -0.000000 -0.000000 0.000002 0.000000 0.000000 0.000001 0.000000 0.000000 0.000001 0.000000 0.000000 -0.000002 0.000000 -0.000000 0.000001 0.000000 0.000000 -0.000001 0.000000 -0.000000 -0.000000 -0.000000 0.000000 -0.000000 -0.000000 -0.000000 0.000002 0.000000 0.000000 0.000001 17.519789 -179.956005 12.223234 18.544893 -0.303318 -9.762920 114.818212 -1.707097 0.854917 63.402194 0.000000 0.000023 -0.000000 0.000000 -0.000000 -16.205479 -180.128740 -12.168888 -28.098673 -1.783562 9.604919 134.708064 1.580387 -1.071215 55.873693 0.000000 0.000010 -0.000000 0.000000 -0.000000 
-0.000000 93.521042 -2.131492 -0.808940 -5.855019 0.014008 -0.789745 -2.589402 0.341571 -0.789745 -2.589402 0.341571 -1.058266 -1.949752 0.195297 1.078794 3.229181 -0.468086 0.819504 3.875883 -0.540314 0.000000 0.000000 -0.000000 6.182649 24.348217 -13.647095 10.071824 -57.133405 27.695881 -181.528096 193.072932 104.395029 -156.103386 15.533901 87.550157 0.000001 -0.000002 0.000001 0.000003 -0.000000 0.000003 -0.000002 0.000004 -0.000000 0.000000 0.000002 -0.000004 0.000000 -0.000000 0.000001 0.000000 0.000000 0.000002 -0.000000 -0.000000 -0.000002 0.000000 0.000000 0.000001 0.000001 -0.000000 -0.000000 0.000000 0.000000 -0.000002 0.000001 0.000000 -0.000001 -0.000000 0.000000 -0.000004 0.000000 -0.000000 -0.000001 0.000001 -0.000000 -0.000003 -0.000000 -0.000000 -0.000001 0.000001 0.000000 -0.000003 0.000000 -0.000000 0.000002 0.000000 -0.000001 -0.000005 0.000001 -0.000000 -0.000005 0.000000 -0.000000 0.000001 5.346922 0.858290 9.640440 72.442940 -55.993720 -1.241180 6.536994 -46.061590 116.938740 11.587846 15.125695 -19.170227 -0.000000 -0.000001 0.000003 -0.000001 -0.000000 -0.000002 0.000001 0.000004 0.000003 0.000000 0.000004 -0.000006 -0.000000 0.000000 -0.000002 0.000000 -0.000000 -0.000001 -0.000000 -0.000000 0.000001 0.000000 0.000000 0.000002 -0.000000 -0.000000 -0.000000 -0.000000 -0.000000 0.000002 -0.000000 -0.000000 -0.000000 -0.000000 -0.000000 -0.000003 -0.000000 -0.000000 -0.000000 0.000000 0.000000 0.000001 0.000000 0.000000 -0.000000 0.000000 0.000000 0.000003 -0.000000 -0.000000 -0.000001 -0.000000 0.000000 -0.000001 0.000000 -0.000000 -0.000002 -0.000000 -0.000000 -0.000001 17.246955 -177.762394 12.941721 18.544894 -0.303319 -9.762920 114.818212 -1.707097 0.854917 63.402194 0.000000 0.000023 -0.000000 0.000000 -0.000000 -16.502960 -177.905527 -12.789840 -28.098671 -1.783562 9.604920 134.708064 1.580388 -1.071215 55.873693 0.000000 0.000010 -0.000000 0.000000 -0.000000 
-0.000000 93.256813 -0.116012 -0.376042 -9.273712 0.115793 -0.344134 -4.100316 0.531101 -0.344135 -4.100318 0.531101 -0.473014 -3.087432 0.299187 0.522262 5.110000 -0.759299 0.416773 6.134429 -0.872917 0.000000 0.000000 -0.000000 5.130909 31.805992 -14.907456 2.367072 -43.697546 20.423242 -179.511947 190.393326 114.615697 -142.767128 26.614899 81.745794 0.000000 -0.000004 -0.000000 0.000000 -0.000000 -0.000002 0.000002 0.000001 0.000003 0.000003 -0.000003 -0.000002 0.000000 -0.000000 0.000000 -0.000000 -0.000001 0.000001 -0.000001 -0.000001 0.000003 -0.000000 -0.000001 -0.000005 0.000000 -0.000000 -0.000001 0.000000 0.000000 0.000002 -0.000001 -0.000000 -0.000001 -0.000000 -0.000001 -0.000001 -0.000000 -0.000001 -0.000001 0.000000 -0.000000 -0.000002 0.000000 0.000000 0.000002 0.000000 0.000000 -0.000000 0.000000 -0.000000 -0.000001 0.000000 0.000000 -0.000001 0.000000 -0.000000 -0.000002 -0.000000 -0.000000 0.000004 3.778832 8.335799 8.667757 72.442967 -55.993723 -2.751279 11.597676 -45.901713 120.962295 12.941029 17.227469 -19.002198 -0.000001 -0.000001 0.000004 -0.000001 0.000003 -0.000003 -0.000001 -0.000001 -0.000000 0.000001 0.000002 -0.000004 0.000000 0.000000 -0.000001 -0.000000 -0.000000 0.000000 -0.000000 -0.000000 -0.000002 -0.000000 0.000000 -0.000000 0.000000 0.000000 0.000001 0.000000 0.000000 0.000000 0.000000 0.000000 -0.000002 -0.000000 0.000000 -0.000001 0.000000 0.000000 0.000001 -0.000000 0.000000 0.000000 -0.000000 -0.000000 -0.000001 -0.000000 -0.000000 -0.000001 0.000000 0.000000 0.000000 0.000000 0.000000 0.000000 -0.000000 0.000000 0.000001 -0.000000 -0.000000 -0.000003 16.892226 -174.506894 13.990390 18.544894 -0.303318 -9.762920 114.818212 -1.707097 0.854917 63.402194 0.000000 0.000023 -0.000000 0.000000 -0.000000 -16.989547 -174.618349 -13.734045 -28.098669 -1.783562 9.604920 134.708064 1.580388 -1.071215 55.873690 0.000000 0.000010 -0.000000 0.000000 -0.000000 
-0.000000 92.991165 2.332070 0.167862 -13.444539 0.277637 0.205695 -5.934846 0.777980 0.205696 -5.934843 0.777979 0.241963 -4.468326 0.441288 -0.144377 7.401254 -1.090085 -0.058321 8.886140 -1.258387 -0.000000 -0.000000 -0.000000 3.971664 41.127356 -16.407330 -3.117956 -24.950611 16.142052 -177.744677 186.696664 126.612911 -118.166152 38.788180 67.045779 0.000002 -0.000001 -0.000002 0.000003 -0.000002 -0.000000 0.000001 -0.000001 0.000001 -0.000002 0.000000 0.000001 -0.000000 -0.000000 -0.000002 0.000000 -0.000000 -0.000003 -0.000000 -0.000000 0.000003 -0.000000 0.000000 0.000005 -0.000000 0.000000 -0.000002 0.000000 -0.000000 0.000005 -0.000000 -0.000000 -0.000001 -0.000000 0.000000 -0.000002 -0.000000 0.000000 -0.000002 -0.000000 -0.000000 0.000001 0.000000 -0.000000 -0.000001 0.000000 -0.000000 -0.000006 -0.000000 -0.000000 -0.000000 0.000000 0.000000 0.000000 0.000000 0.000000 -0.000003 0.000000 0.000000 -0.000005 1.940975 17.688336 7.712376 72.442960 -55.993723 -4.586707 17.697884 -45.375354 125.793479 14.602449 19.790726 -18.866057 -0.000000 0.000001 0.000006 -0.000001 0.000001 -0.000002 0.000000 0.000004 0.000001 -0.000000 -0.000001 -0.000005 -0.000000 -0.000000 0.000000 -0.000000 -0.000000 -0.000002 0.000000 -0.000000 -0.000002 0.000000 0.000000 -0.000000 -0.000000 0.000000 0.000002 0.000000 0.000000 -0.000002 -0.000000 -0.000000 -0.000003 0.000000 -0.000000 -0.000001 0.000000 0.000000 0.000002 -0.000000 0.000000 -0.000000 -0.000000 0.000000 0.000001 0.000000 0.000000 -0.000001 0.000000 -0.000000 0.000001 0.000000 -0.000000 -0.000002 -0.000000 -0.000000 0.000000 0.000000 0.000000 0.000001 16.537532 -170.526164 15.253284 18.544894 -0.303318 -9.762920 114.818212 -1.707097 0.854917 63.402194 0.000000 0.000023 0.000000 0.000000 -0.000000 -17.662652 -170.618631 -14.934263 -28.098673 -1.783562 9.604919 134.708064 1.580388 -1.071215 55.873697 0.000000 0.000010 -0.000000 0.000000 -0.000000 
-0.000000 92.735390 4.996589 0.788571 -17.994980 0.505594 0.815930 -7.929676 1.068105 0.815930 -7.929681 1.068106 1.026052 -5.969522 0.616029 -0.859919 9.901273 -1.421910 -0.559300 11.888134 -1.655785 0.000001 0.000001 -0.000000 2.888560 51.458714 -18.045285 -7.234299 -2.862154 14.189314 -176.720626 182.259828 139.546953 -79.620137 43.323067 39.898396 0.000002 -0.000002 0.000001 -0.000001 0.000003 0.000006 0.000001 0.000004 0.000001 -0.000004 0.000000 -0.000002 0.000000 -0.000000 0.000004 0.000000 -0.000000 0.000001 -0.000000 -0.000000 0.000002 -0.000001 -0.000000 -0.000002 0.000000 -0.000000 0.000005 -0.000000 -0.000001 0.000009 -0.000000 -0.000000 0.000004 0.000000 -0.000001 0.000004 0.000001 -0.000000 0.000002 -0.000000 -0.000000 0.000000 -0.000001 0.000000 -0.000003 0.000000 -0.000001 -0.000001 0.000001 -0.000000 0.000005 0.000000 -0.000000 -0.000000 0.000001 0.000000 0.000000 -0.000000 0.000000 -0.000002 -0.041187 28.058304 6.969734 72.442974 -55.993737 -6.585205 24.175337 -44.399955 130.878118 16.439063 22.587582 -18.806656 0.000001 -0.000002 0.000006 0.000001 0.000003 -0.000002 -0.000000 -0.000001 0.000002 -0.000000 -0.000003 -0.000004 -0.000000 -0.000000 0.000002 0.000000 -0.000000 -0.000002 -0.000000 0.000000 0.000003 0.000000 -0.000000 0.000003 -0.000000 -0.000000 0.000002 -0.000000 -0.000000 -0.000001 -0.000000 0.000000 0.000000 -0.000000 -0.000000 0.000002 -0.000000 -0.000000 0.000002 -0.000000 -0.000000 0.000001 -0.000000 -0.000000 0.000002 -0.000000 0.000000 0.000002 -0.000000 -0.000000 0.000001 -0.000000 -0.000000 -0.000001 -0.000000 -0.000000 -0.000003 -0.000000 0.000000 0.000001 16.247652 -166.173557 16.623711 18.544894 -0.303318 -9.762920 114.818198 -1.707097 0.854917 63.402194 0.000000 0.000023 0.000000 0.000000 -0.000000 -18.506698 -166.270491 -16.319137 -28.098671 -1.783562 9.604919 134.708051 1.580388 -1.071215 55.873697 0.000000 0.000010 -0.000000 -0.000000 -0.000000 
-0.000000 92.500778 7.661381 1.447336 -22.542684 0.793640 1.439753 -9.921291 1.381368 1.439753 -9.921288 1.381368 1.817176 -7.468194 0.812011 -1.566819 12.405182 -1.724623 -1.045020 14.893368 -2.031009 0.000000 -0.000000 -0.000000 2.082680 61.807522 -19.793583 -10.847718 19.247207 14.022122 -176.702677 177.645366 152.419209 -43.745815 34.273578 15.802616 0.000000 -0.000004 -0.000001 0.000001 0.000003 0.000003 0.000002 -0.000001 -0.000000 0.000003 0.000000 -0.000003 -0.000000 0.000000 0.000001 -0.000000 0.000000 0.000004 0.000002 0.000001 0.000000 -0.000001 -0.000001 -0.000001 0.000000 0.000001 0.000002 0.000002 -0.000000 -0.000001 0.000001 0.000002 -0.000004 -0.000001 -0.000001 -0.000003 -0.000000 0.000001 0.000002 -0.000001 -0.000000 0.000001 -0.000001 -0.000001 -0.000002 0.000002 0.000000 -0.000000 0.000001 0.000001 0.000004 0.000000 0.000000 -0.000003 -0.000000 0.000001 0.000003 0.000000 0.000000 0.000000 -2.103578 38.445905 6.589012 72.442960 -55.993717 -8.583717 30.384711 -43.032364 135.682582 18.312818 25.384779 -18.845154 -0.000001 -0.000002 0.000003 -0.000001 -0.000004 -0.000001 0.000001 0.000004 0.000001 0.000001 -0.000002 -0.000002 -0.000000 0.000000 0.000001 0.000000 0.000000 0.000001 0.000000 0.000000 -0.000001 0.000000 -0.000000 -0.000002 -0.000000 0.000000 0.000001 -0.000000 0.000000 -0.000001 -0.000000 0.000000 0.000001 -0.000000 -0.000000 -0.000000 0.000000 0.000000 0.000001 0.000000 -0.000000 0.000001 -0.000000 0.000000 -0.000001 0.000000 0.000000 0.000000 -0.000000 0.000000 0.000002 -0.000000 0.000000 0.000000 -0.000000 -0.000000 -0.000000 -0.000000 0.000000 0.000001 16.060925 -161.815391 18.001187 18.544891 -0.303319 -9.762920 114.818198 -1.707097 0.854917 63.402194 0.000000 0.000023 -0.000000 0.000000 -0.000000 -19.479452 -161.944400 -17.801358 -28.098667 -1.783562 9.604920 134.708064 1.580388 -1.071215 55.873693 0.000000 0.000010 -0.000000 0.000000 -0.000000 
-0.000000 92.298645 10.110285 2.094659 -26.706089 1.118186 2.026080 -11.747174 1.690375 2.026079 -11.747183 1.690377 2.551033 -8.842281 1.011109 -2.210293 14.706849 -1.977204 -1.479162 17.653838 -2.356903 -0.000000 -0.000000 0.000000 1.837501 71.174635 -21.759200 -14.597962 38.126188 15.405212 -177.574687 173.507159 164.154649 -21.795842 20.385347 4.774826 0.000000 -0.000001 0.000003 0.000000 0.000001 0.000005 -0.000001 -0.000003 0.000001 0.000001 0.000000 -0.000002 0.000000 -0.000000 0.000002 0.000000 0.000000 -0.000001 0.000000 0.000000 -0.000001 -0.000001 0.000000 -0.000000 -0.000001 -0.000001 0.000003 -0.000000 0.000002 0.000001 0.000000 0.000000 -0.000001 -0.000001 -0.000001 -0.000002 0.000001 -0.000000 0.000003 0.000001 0.000001 -0.000003 0.000000 0.000001 -0.000001 -0.000000 0.000000 -0.000001 -0.000001 -0.000001 0.000002 -0.000000 -0.000000 0.000000 -0.000001 -0.000001 -0.000002 -0.000001 0.000000 0.000002 -4.207361 47.844386 6.662016 72.442994 -55.993730 -10.419150 35.789966 -41.464303 139.786419 20.074566 27.948767 -18.972346 -0.000000 -0.000002 0.000003 0.000001 0.000003 -0.000001 0.000001 0.000004 -0.000003 -0.000001 0.000000 -0.000002 -0.000000 0.000000 0.000002 -0.000000 -0.000000 -0.000000 0.000000 0.000000 -0.000004 -0.000000 -0.000000 0.000002 0.000000 0.000000 0.000002 0.000000 -0.000000 0.000002 -0.000000 -0.000000 0.000000 -0.000000 0.000000 -0.000000 -0.000000 -0.000000 0.000002 -0.000000 -0.000000 -0.000000 -0.000000 -0.000000 0.000000 0.000000 -0.000000 -0.000001 -0.000000 -0.000000 0.000003 -0.000000 -0.000000 -0.000000 -0.000000 -0.000000 0.000001 -0.000000 -0.000000 -0.000001 15.984490 -157.819799 19.283921 18.544891 -0.303318 -9.762920 114.818198 -1.707097 0.854917 63.402194 0.000000 0.000023 -0.000000 0.000000 -0.000000 -20.500113 -158.004296 -19.264716 -28.098666 -1.783562 9.604919 134.708064 1.580387 -1.071215 55.873693 0.000000 0.000010 -0.000000 0.000000 -0.000000 
-0.000000 92.140274 12.127128 2.664598 -30.114970 1.434250 2.519112 -13.246874 1.960601 2.519111 -13.246866 1.960600 3.160788 -9.971135 1.188944 -2.736838 16.601186 -2.166791 -1.828727 19.923734 -2.612038 0.000000 0.000000 0.000000 2.678929 78.686771 -24.329870 -18.788870 51.970711 18.147335 -178.884499 170.327842 173.697598 -9.165410 9.133458 1.057604 0.000000 -0.000002 -0.000002 0.000000 -0.000000 0.000001 -0.000001 -0.000001 -0.000000 0.000000 -0.000004 -0.000002 0.000000 0.000000 -0.000000 -0.000000 0.000000 -0.000001 -0.000000 -0.000000 0.000001 -0.000000 0.000000 0.000000 -0.000000 0.000000 0.000001 -0.000000 0.000001 0.000002 0.000000 0.000000 -0.000000 -0.000001 -0.000000 -0.000000 0.000001 0.000001 0.000000 0.000000 -0.000000 -0.000000 0.000000 -0.000001 0.000000 -0.000001 -0.000000 0.000000 -0.000000 0.000001 -0.000000 -0.000001 -0.000000 -0.000002 -0.000001 -0.000001 -0.000000 -0.000001 -0.000000 0.000001 -6.252618 55.377852 7.170012 72.442960 -55.993727 -11.929240 39.998991 -39.975899 142.916354 21.559373 30.051176 -19.147252 0.000001 0.000001 0.000002 -0.000001 -0.000004 -0.000005 -0.000001 0.000002 -0.000001 0.000000 -0.000002 -0.000004 -0.000000 -0.000000 0.000002 -0.000000 -0.000000 -0.000000 0.000000 0.000000 -0.000001 0.000000 0.000000 -0.000002 -0.000000 -0.000000 0.000000 0.000000 -0.000000 0.000001 -0.000000 -0.000000 -0.000002 -0.000000 -0.000000 0.000000 -0.000000 -0.000000 0.000000 -0.000000 -0.000000 -0.000001 -0.000000 -0.000000 -0.000002 0.000000 0.000000 -0.000001 -0.000000 -0.000000 0.000003 -0.000000 0.000000 0.000001 0.000000 0.000000 0.000002 -0.000000 0.000000 0.000001 15.993906 -154.545147 20.360314 18.544894 -0.303318 -9.762920 114.818212 -1.707096 0.854917 63.402201 0.000000 0.000023 0.000000 0.000000 -0.000000 -21.442382 -154.795541 -20.554457 -28.098674 -1.783562 9.604919 134.708064 1.580387 -1.071215 55.873693 0.000000 0.000010 -0.000000 -0.000000 -0.000000 
-0.000001 92.036964 13.495757 3.073625 -32.414363 1.676793 2.859233 -14.262074 2.152313 2.859235 -14.262068 2.152313 3.577521 -10.735504 1.316846 -3.092839 17.885306 -2.285922 -2.062175 21.461195 -2.778476 -0.000000 -0.000002 0.000000 5.436426 83.634109 -28.216393 -22.863013 60.321485 21.425731 -180.042475 168.318797 180.081271 -2.285885 2.315215 0.125687 0.000000 -0.000002 0.000001 -0.000001 0.000005 0.000006 -0.000001 0.000001 -0.000000 0.000002 -0.000003 -0.000001 -0.000000 0.000000 0.000000 -0.000000 0.000000 0.000000 0.000000 -0.000000 -0.000000 0.000000 0.000000 0.000000 -0.000000 0.000000 0.000000 -0.000000 -0.000000 -0.000000 0.000000 -0.000000 0.000000 -0.000000 0.000000 0.000000 0.000000 0.000000 0.000000 -0.000000 -0.000000 -0.000000 0.000000 0.000000 0.000000 -0.000000 -0.000000 -0.000000 -0.000000 0.000000 0.000000 -0.000000 0.000000 -0.000000 -0.000000 -0.000000 -0.000000 -0.000001 0.000000 0.000000 -7.928369 60.344633 7.865269 72.442981 -55.993720 -12.952929 42.724961 -38.876631 144.906397 22.586812 31.471210 -19.303972 -0.000001 -0.000002 -0.000003 -0.000001 -0.000002 -0.000003 -0.000001 0.000001 0.000001 0.000002 0.000003 0.000001 0.000000 0.000000 -0.000002 -0.000000 -0.000000 -0.000001 0.000000 -0.000000 -0.000002 -0.000000 -0.000000 0.000000 0.000000 0.000000 -0.000002 -0.000000 0.000000 0.000001 0.000000 -0.000000 0.000002 0.000000 -0.000000 -0.000002 0.000000 0.000000 -0.000002 0.000000 -0.000000 -0.000002 0.000000 0.000000 0.000002 0.000000 -0.000000 0.000000 0.000000 0.000000 -0.000002 0.000000 0.000000 -0.000001 0.000000 0.000000 -0.000000 -0.000000 0.000000 0.000001 16.039668 -152.335007 21.104699 18.544893 -0.303318 -9.762921 114.818212 -1.707097 0.854917 63.402201 0.000000 0.000023 -0.000000 0.000000 -0.000000 -22.139537 -152.641313 -21.478860 -28.098669 -1.783563 9.604919 134.708064 1.580388 -1.071215 55.873693 0.000000 0.000010 -0.000000 0.000000 -0.000000 
-0.000000 92.000015 14.000007 3.229380 -33.258230 1.772345 2.985725 -14.635543 2.224680 2.985726 -14.635538 2.224680 3.731687 -11.016740 1.365452 -3.223791 18.358046 -2.327866 -2.147461 22.026899 -2.838445 -0.000000 0.000002 -0.000000 8.195720 85.412656 -31.382984 -24.769997 63.151342 23.073286 -180.520274 167.545756 182.411034 0.000000 -0.000004 -0.000000 0.000000 -0.000002 -0.000001 -0.000001 0.000001 -0.000001 -0.000002 0.000001 -0.000000 -0.000000 -0.000001 -0.000002 0.000000 -0.000000 -0.000000 0.000000 0.000000 0.000000 -0.000000 -0.000000 -0.000000 0.000000 -0.000000 0.000000 0.000000 0.000000 -0.000000 0.000000 0.000000 -0.000000 0.000000 0.000000 -0.000000 0.000000 -0.000000 -0.000000 0.000000 0.000000 -0.000000 0.000000 -0.000000 0.000000 -0.000000 -0.000000 -0.000000 0.000000 0.000000 -0.000000 0.000000 -0.000000 -0.000000 -0.000000 0.000000 0.000000 0.000000 -0.000000 -0.000000 -0.000000 -0.000000 0.000000 -8.633708 62.139845 8.221301 72.442988 -55.993723 -13.329824 43.702494 -38.455116 145.612052 22.969742 31.992763 -19.369757 -0.000001 0.000001 0.000004 -0.000000 0.000003 0.000000 0.000000 -0.000001 0.000002 -0.000001 -0.000002 -0.000004 0.000000 -0.000000 0.000001 -0.000000 0.000000 -0.000001 -0.000000 -0.000000 0.000000 -0.000000 0.000000 0.000001 0.000000 0.000000 0.000001 -0.000000 0.000000 -0.000001 0.000000 -0.000000 0.000001 0.000000 0.000000 0.000002 -0.000000 0.000000 0.000001 -0.000000 0.000000 -0.000001 0.000000 -0.000000 -0.000001 0.000000 -0.000000 0.000000 0.000000 -0.000000 0.000000 -0.000000 -0.000000 0.000003 0.000000 0.000000 0.000001 0.000000 -0.000000 0.000001 16.064902 -151.523703 21.382346 18.544894 -0.303321 -9.762923 114.818212 -1.707095 0.854915 63.402201 0.000001 0.000023 0.000000 0.000000 -0.000000 -22.409786 -151.853178 -21.830482 -28.098673 -1.783558 9.604917 134.708064 1.580387 -1.071215 55.873700 0.000002 0.000010 -0.000000 -0.000000 -0.000000 
-0.000001 92.002419 13.991632 3.226992 -33.245918 1.770458 2.983891 -14.630094 2.223811 2.983889 -14.630094 2.223813 3.729433 -11.012645 1.364930 -3.221928 18.351221 -2.326942 -2.146282 22.018710 -2.837281 -0.000000 -0.000003 0.000000 8.123736 85.385738 -31.304400 -24.729369 63.116125 23.051125 -180.518976 167.438345 182.384028 -0.000010 0.001896 -0.008572 0.000001 -0.000002 0.000001 0.000001 0.000003 0.000001 -0.000002 0.000001 0.000001 0.000002 -0.000002 -0.000007 0.000000 -0.000000 0.000000 0.000000 0.000000 0.000000 0.000000 0.000000 0.000000 0.000000 -0.000000 -0.000000 0.000000 -0.000000 0.000000 0.000000 -0.000000 0.000000 0.000000 0.000000 0.000000 -0.000000 -0.000000 0.000000 0.000000 -0.000000 0.000000 0.000000 -0.000000 0.000000 0.000000 -0.000000 0.000000 -0.000000 -0.000000 0.000000 0.000000 -0.000000 -0.000000 0.000000 0.000000 0.000000 0.000000 0.000000 0.000000 0.000000 -0.000000 0.000000 -8.624077 62.112272 8.217588 72.442994 -55.993720 -13.321307 43.685282 -38.465170 145.600263 22.964155 31.983098 -19.369728 -0.000000 -0.000002 0.000002 0.000001 -0.000000 -0.000002 0.000001 0.000002 0.000000 0.000001 -0.000002 -0.000004 0.000000 0.000000 0.000001 -0.000000 0.000000 -0.000001 0.000000 -0.000000 0.000000 -0.000000 -0.000000 -0.000001 -0.000000 -0.000000 -0.000001 -0.000000 -0.000000 -0.000001 0.000000 -0.000000 0.000001 0.000000 0.000000 -0.000000 -0.000000 0.000000 -0.000001 -0.000000 0.000000 -0.000003 -0.000000 -0.000000 0.000001 -0.000000 -0.000000 -0.000001 0.000000 0.000000 -0.000001 -0.000000 0.000000 0.000000 0.000000 0.000000 -0.000003 -0.000000 -0.000000 -0.000001 16.064361 -151.535438 21.377819 18.544893 -0.303321 -9.762922 114.818212 -1.707095 0.854915 63.402201 0.000001 0.000023 0.000000 0.000000 -0.000000 -22.407132 -151.865076 -21.825996 -28.098679 -1.783559 9.604915 134.708064 1.580387 -1.071215 55.873700 0.000002 0.000010 -0.000000 0.000000 -0.000000 
-0.000000 92.008942 13.968785 3.220482 -33.212324 1.765315 2.978889 -14.615258 2.221447 2.978889 -14.615259 2.221448 3.723285 -11.001474 1.363504 -3.216848 18.332605 -2.324422 -2.143065 21.996389 -2.834108 0.000000 0.000001 -0.000000 7.931831 85.312334 -31.094552 -24.689040 63.073443 23.060255 -180.510644 167.357106 182.308868 -0.000040 0.007079 -0.014901 0.000000 -0.000001 -0.000001 0.000003 0.000001 0.000001 -0.000002 -0.000001 -0.000000 -0.000001 -0.000001 -0.000004 -0.000000 0.000000 0.000000 0.000000 0.000000 0.000000 0.000000 -0.000000 0.000000 0.000000 0.000000 -0.000000 -0.000000 -0.000000 0.000000 -0.000000 0.000000 0.000000 0.000000 0.000000 0.000000 -0.000000 -0.000000 0.000000 -0.000000 -0.000000 0.000000 0.000000 -0.000000 0.000000 -0.000000 0.000000 -0.000000 0.000000 -0.000000 -0.000000 0.000000 -0.000000 0.000000 -0.000000 0.000000 0.000000 0.000000 -0.000000 -0.000000 -0.000000 -0.000000 0.000000 -8.597863 62.037051 8.207522 72.442981 -55.993727 -13.298096 43.638348 -38.492590 145.568120 22.948937 31.956758 -19.369689 -0.000001 -0.000002 0.000001 -0.000000 -0.000000 -0.000002 0.000000 0.000001 0.000001 0.000001 0.000002 -0.000004 0.000000 -0.000000 0.000001 0.000000 -0.000000 -0.000001 0.000000 -0.000000 0.000000 -0.000000 -0.000000 -0.000001 -0.000000 -0.000000 -0.000001 -0.000000 0.000000 -0.000001 -0.000000 0.000000 0.000001 -0.000000 0.000000 -0.000000 0.000000 0.000000 -0.000001 -0.000000 -0.000000 -0.000003 -0.000000 -0.000000 -0.000001 0.000000 -0.000000 -0.000001 -0.000000 -0.000000 -0.000001 -0.000000 -0.000000 0.000002 0.000000 0.000000 -0.000003 0.000000 -0.000000 0.000001 16.062889 -151.567416 21.365479 18.544893 -0.303321 -9.762923 114.818212 -1.707095 0.854915 63.402201 0.000001 0.000023 0.000000 0.000000 -0.000000 -22.397287 -151.897014 -21.813215 -28.098678 -1.783557 9.604916 134.708051 1.580388 -1.071215 55.873700 0.000002 0.000010 -0.000000 -0.000000 -0.000000 
-0.000001 92.018623 13.934904 3.210840 -33.162508 1.757701 2.971471 -14.593251 2.217944 2.971472 -14.593247 2.217945 3.714169 -10.984904 1.361392 -3.209310 18.305004 -2.320683 -2.138293 21.963278 -2.829401 -0.000000 -0.000001 0.000000 7.658510 85.203325 -30.794403 -24.648073 63.025707 23.092994 -180.496765 167.298367 182.196922 -0.000082 0.014766 -0.019352 0.000001 -0.000004 -0.000001 0.000002 0.000001 0.000003 -0.000001 0.000003 0.000005 0.000001 0.000004 -0.000004 -0.000000 -0.000000 0.000000 0.000000 0.000000 0.000000 0.000000 0.000000 0.000000 0.000000 0.000000 -0.000000 -0.000000 0.000000 0.000000 0.000000 0.000000 0.000000 -0.000000 0.000000 -0.000000 -0.000000 -0.000000 0.000000 -0.000000 0.000000 0.000000 0.000000 0.000000 -0.000000 -0.000000 0.000000 0.000000 -0.000000 -0.000000 -0.000000 -0.000000 -0.000000 0.000000 0.000000 -0.000000 -0.000000 0.000000 -0.000000 0.000000 -0.000000 -0.000000 -0.000000 -8.559157 61.925480 8.192773 72.443008 -55.993727 -13.263649 43.568663 -38.533223 145.520377 22.926362 31.917682 -19.369641 -0.000000 -0.000002 0.000004 -0.000001 -0.000000 -0.000001 0.000001 0.000004 -0.000000 0.000002 0.000001 -0.000005 0.000000 0.000000 0.000001 -0.000000 0.000000 0.000000 -0.000000 0.000000 0.000000 -0.000000 0.000000 0.000001 0.000000 -0.000000 0.000001 -0.000000 -0.000000 0.000000 -0.000000 -0.000000 0.000001 -0.000000 0.000000 0.000001 0.000000 0.000000 0.000001 -0.000000 0.000000 -0.000001 0.000000 -0.000000 0.000001 0.000000 -0.000000 -0.000001 0.000000 0.000000 0.000000 -0.000000 0.000000 0.000000 0.000000 0.000000 -0.000001 -0.000000 0.000000 -0.000001 16.060719 -151.614859 21.347186 18.544891 -0.303321 -9.762923 114.818212 -1.707095 0.854915 63.402194 0.000001 0.000023 -0.000000 0.000000 -0.000000 -22.381960 -151.944238 -21.794102 -28.098678 -1.783558 9.604915 134.708064 1.580388 -1.071215 55.873700 0.000002 0.000010 -0.000000 0.000000 -0.000000 
-0.000001 92.030472 13.893416 3.199052 -33.101511 1.748398 2.962391 -14.566307 2.213659 2.962390 -14.566304 2.213661 3.703011 -10.964612 1.358808 -3.200081 18.271203 -2.316098 -2.132446 21.922737 -2.823634 -0.000000 -0.000002 0.000000 7.341134 85.069726 -30.444366 -24.605529 62.975389 23.141646 -180.478883 167.258451 182.059567 -0.000135 0.024179 -0.022288 0.000001 -0.000004 -0.000000 0.000003 -0.000000 0.000001 -0.000002 0.000003 0.000000 0.000000 0.000002 -0.000001 0.000000 -0.000000 0.000000 -0.000000 0.000000 0.000000 0.000000 0.000000 -0.000000 0.000000 0.000000 -0.000000 0.000000 0.000000 0.000000 0.000000 -0.000000 0.000000 0.000000 -0.000000 0.000000 -0.000000 -0.000000 -0.000000 0.000000 0.000000 0.000000 -0.000000 -0.000000 0.000000 0.000000 -0.000000 -0.000000 0.000000 -0.000000 0.000000 -0.000000 0.000000 0.000000 -0.000000 -0.000000 0.000000 0.000000 -0.000000 0.000000 0.000000 -0.000000 -0.000000 -8.512041 61.788869 8.175006 72.443008 -55.993734 -13.221487 43.483231 -38.582916 145.461801 22.898735 31.869830 -19.369605 -0.000001 -0.000002 0.000004 -0.000001 -0.000004 -0.000002 0.000000 0.000002 0.000003 0.000001 0.000002 -0.000004 0.000000 0.000000 0.000003 -0.000000 -0.000000 -0.000001 0.000000 0.000000 0.000000 -0.000000 -0.000000 -0.000001 0.000000 -0.000000 -0.000001 0.000000 0.000000 0.000000 -0.000000 0.000000 0.000001 -0.000000 0.000000 0.000002 -0.000000 0.000000 -0.000001 -0.000000 0.000000 -0.000001 -0.000000 -0.000000 0.000001 -0.000000 -0.000000 0.000000 -0.000000 0.000000 -0.000001 -0.000000 -0.000000 0.000000 0.000000 0.000000 -0.000003 -0.000000 -0.000000 -0.000001 16.058091 -151.672943 21.324802 18.544893 -0.303321 -9.762922 114.818212 -1.707095 0.854915 63.402201 0.000001 0.000023 -0.000000 0.000000 -0.000000 -22.362837 -152.001953 -21.770658 -28.098676 -1.783558 9.604914 134.708064 1.580388 -1.071215 55.873703 0.000002 0.000010 -0.000000 0.000000 -0.000000 
-0.000000 92.043510 13.847751 3.186100 -33.034370 1.738182 2.952403 -14.536651 2.208950 2.952401 -14.536647 2.208950 3.690729 -10.942282 1.355971 -3.189921 18.233999 -2.311047 -2.126010 21.878107 -2.817283 0.000000 0.000003 -0.000000 7.012100 84.922474 -30.079330 -24.560513 62.924928 23.198572 -180.458584 167.233671 181.908223 -0.000192 0.034539 -0.024075 0.000000 -0.000002 0.000001 -0.000001 -0.000000 0.000002 -0.000002 0.000003 0.000001 -0.000000 -0.000001 -0.000004 -0.000000 -0.000000 0.000000 0.000000 -0.000000 -0.000000 -0.000000 0.000000 -0.000000 -0.000000 -0.000000 0.000000 -0.000000 -0.000000 0.000000 0.000000 -0.000000 0.000000 0.000000 -0.000000 0.000000 0.000000 0.000000 -0.000000 -0.000000 -0.000000 0.000000 0.000000 0.000000 0.000000 0.000000 -0.000000 0.000000 0.000000 -0.000000 -0.000000 -0.000000 -0.000000 0.000000 -0.000000 0.000000 -0.000000 -0.000000 -0.000000 -0.000000 -0.000000 0.000000 -0.000000 -8.460520 61.638482 8.155812 72.443001 -55.993730 -13.175077 43.389036 -38.637533 145.397160 22.868344 31.817162 -19.369600 -0.000002 -0.000002 -0.000000 -0.000001 -0.000002 -0.000002 -0.000000 0.000001 0.000001 -0.000001 0.000002 -0.000002 0.000000 0.000000 0.000001 -0.000000 0.000000 -0.000001 -0.000000 -0.000000 -0.000003 -0.000000 0.000000 -0.000000 0.000000 -0.000000 -0.000002 -0.000000 0.000000 -0.000001 0.000000 -0.000000 -0.000001 0.000000 -0.000000 -0.000002 0.000000 0.000000 -0.000002 -0.000000 0.000000 -0.000003 -0.000000 -0.000000 -0.000001 0.000000 -0.000000 -0.000001 -0.000000 0.000000 -0.000003 -0.000000 -0.000000 0.000000 0.000000 0.000000 -0.000003 -0.000000 -0.000000 -0.000001 16.055220 -151.736887 21.300174 18.544893 -0.303321 -9.762924 114.818198 -1.707095 0.854915 63.402194 0.000001 0.000023 0.000000 0.000000 -0.000000 -22.341600 -152.065447 -21.744841 -28.098678 -1.783558 9.604917 134.708064 1.580387 -1.071215 55.873700 0.000002 0.000010 -0.000000 -0.000000 -0.000000 
-0.000001 92.056778 13.801342 3.172962 -32.966127 1.727826 2.942251 -14.506497 2.204167 2.942252 -14.506504 2.204169 3.678248 -10.919584 1.353092 -3.179591 18.196193 -2.305908 -2.119461 21.832761 -2.810825 0.000000 -0.000002 0.000000 6.697719 84.772640 -29.728313 -24.512164 62.876782 23.256145 -180.437438 167.220311 181.754271 -0.000250 0.045068 -0.025074 -0.000001 -0.000002 -0.000001 0.000003 -0.000002 0.000002 0.000001 0.000001 0.000001 0.000000 0.000001 0.000001 0.000000 -0.000000 0.000000 0.000000 0.000000 0.000000 -0.000000 -0.000000 -0.000000 -0.000000 -0.000000 0.000000 0.000000 -0.000000 0.000000 -0.000000 -0.000000 0.000000 0.000000 -0.000000 0.000000 -0.000000 -0.000000 -0.000000 -0.000000 -0.000000 0.000000 -0.000000 -0.000000 0.000000 0.000000 0.000000 0.000000 -0.000000 -0.000000 0.000000 -0.000000 -0.000000 -0.000000 0.000000 -0.000000 -0.000000 0.000000 -0.000000 0.000000 0.000000 0.000000 0.000000 -8.408524 61.485650 8.136694 72.442994 -55.993734 -13.127909 43.293171 -38.692957 145.331303 22.837465 31.763631 -19.369619 -0.000000 -0.000002 0.000001 0.000001 0.000001 -0.000002 0.000000 0.000002 0.000003 -0.000001 0.000002 -0.000004 0.000000 0.000000 0.000003 0.000000 0.000000 0.000000 0.000000 -0.000000 -0.000001 -0.000000 0.000000 0.000001 0.000000 -0.000000 -0.000001 0.000000 0.000000 0.000000 0.000000 -0.000000 0.000001 -0.000000 -0.000000 -0.000000 -0.000000 0.000000 -0.000001 0.000000 0.000000 -0.000001 -0.000000 -0.000000 0.000001 -0.000000 0.000000 -0.000001 0.000000 0.000000 -0.000001 -0.000000 -0.000000 0.000002 0.000000 0.000000 -0.000003 -0.000000 0.000000 0.000001 16.052345 -151.801883 21.275172 18.544893 -0.303321 -9.762923 114.818212 -1.707095 0.854915 63.402194 0.000001 0.000023 0.000000 0.000000 -0.000000 -22.319909 -152.129965 -21.718612 -28.098679 -1.783558 9.604916 134.708064 1.580388 -1.071215 55.873697 0.000002 0.000010 -0.000000 0.000000 -0.000000 
-0.000001 92.069275 13.757617 3.160605 -32.901827 1.718093 2.932692 -14.478106 2.199669 2.932692 -14.478102 2.199670 3.666493 -10.898198 1.350384 -3.169861 18.160575 -2.301061 -2.113291 21.790033 -2.804738 -0.000000 0.000000 -0.000000 6.418509 84.631317 -29.414616 -24.459618 62.833355 23.306721 -180.417043 167.214683 181.609129 -0.000305 0.054988 -0.025651 -0.000001 -0.000004 0.000001 0.000002 -0.000002 0.000006 0.000000 -0.000003 -0.000000 0.000001 -0.000006 -0.000002 -0.000000 -0.000000 -0.000000 -0.000000 -0.000000 0.000000 0.000000 -0.000000 -0.000000 0.000000 -0.000000 -0.000000 -0.000000 -0.000000 -0.000000 0.000000 -0.000000 0.000000 -0.000000 0.000000 -0.000000 -0.000000 0.000000 0.000000 -0.000000 -0.000000 -0.000000 0.000000 -0.000000 -0.000000 0.000000 0.000000 -0.000000 0.000000 -0.000000 -0.000000 -0.000000 -0.000000 -0.000000 -0.000000 0.000000 0.000000 0.000000 -0.000000 0.000000 -0.000000 -0.000000 0.000000 -8.359864 61.341642 8.119029 72.442988 -55.993737 -13.083467 43.202698 -38.745085 145.269108 22.808397 31.713200 -19.369670 0.000001 -0.000002 0.000002 -0.000000 0.000001 -0.000002 0.000002 0.000004 0.000000 0.000001 0.000000 -0.000006 0.000000 0.000000 0.000003 -0.000000 0.000000 -0.000001 0.000000 0.000000 0.000000 -0.000000 0.000000 0.000001 -0.000000 -0.000000 -0.000001 0.000000 -0.000000 -0.000001 0.000000 0.000000 0.000001 -0.000000 0.000000 0.000001 -0.000000 0.000000 -0.000001 0.000000 0.000000 -0.000001 -0.000000 -0.000000 -0.000001 -0.000000 -0.000000 0.000000 -0.000000 0.000000 0.000000 -0.000000 -0.000000 0.000000 0.000000 0.000000 -0.000001 0.000000 -0.000000 -0.000001 16.049671 -151.863109 21.251630 18.544891 -0.303321 -9.762924 114.818198 -1.707095 0.854915 63.402201 0.000001 0.000023 -0.000000 0.000000 -0.000000 -22.299442 -152.190740 -21.693917 -28.098679 -1.783558 9.604918 134.708064 1.580388 -1.071215 55.873700 0.000002 0.000010 -0.000000 -0.000000 -0.000000 
-0.000000 92.080002 13.720006 3.149994 -32.846527 1.709741 2.924473 -14.453674 2.195804 2.924474 -14.453676 2.195805 3.656381 -10.879799 1.348059 -3.161489 18.129933 -2.296886 -2.107981 21.753277 -2.799499 0.000000 -0.000001 0.000000 6.190551 84.509664 -29.157009 -24.402155 62.797169 23.342773 -180.398929 167.213071 181.484205 -0.000352 0.063521 -0.026170 0.000000 -0.000001 0.000000 0.000001 0.000005 0.000000 0.000002 -0.000001 0.000003 -0.000002 0.000004 -0.000004 -0.000000 0.000000 0.000000 -0.000000 0.000000 0.000000 -0.000000 0.000000 0.000000 0.000000 -0.000000 -0.000000 0.000000 -0.000000 0.000000 -0.000000 -0.000000 -0.000000 0.000000 -0.000000 0.000000 -0.000000 -0.000000 0.000000 -0.000000 0.000000 0.000000 -0.000000 -0.000000 0.000000 -0.000000 0.000000 0.000000 -0.000000 0.000000 0.000000 0.000000 -0.000000 -0.000000 -0.000000 0.000000 -0.000000 -0.000000 0.000000 -0.000000 0.000000 -0.000000 0.000000 -8.318266 61.217770 8.104102 72.442994 -55.993744 -13.045246 43.124766 -38.789874 145.215463 22.783409 31.669825 -19.369745 -0.000000 -0.000001 0.000006 -0.000000 0.000001 -0.000002 0.000000 0.000004 0.000005 -0.000001 -0.000002 -0.000004 0.000000 0.000000 0.000003 -0.000000 0.000000 -0.000001 0.000000 -0.000000 0.000000 0.000000 -0.000000 0.000001 -0.000000 -0.000000 0.000001 -0.000000 -0.000000 0.000000 -0.000000 -0.000000 0.000003 -0.000000 -0.000000 0.000001 -0.000000 0.000000 0.000001 -0.000000 0.000000 0.000000 -0.000000 -0.000000 0.000003 0.000000 -0.000000 0.000000 0.000000 -0.000000 0.000000 0.000000 0.000000 0.000003 0.000000 0.000000 0.000001 -0.000000 -0.000000 0.000001 16.047384 -151.915770 21.231401 18.544893 -0.303316 -9.762920 114.818212 -1.707095 0.854914 63.402201 0.000002 0.000025 0.000000 0.000000 -0.000000 -22.281827 -152.243004 -21.672706 -28.098671 -1.783556 9.604917 134.708064 1.580386 -1.071214 55.873697 -0.000001 0.000010 -0.000000 -0.000000 -0.000000 
-0.000001 92.088264 13.691097 3.141850 -32.804012 1.703333 2.918157 -14.434894 2.192835 2.918158 -14.434891 2.192836 3.648614 -10.865665 1.346275 -3.155055 18.106382 -2.293675 -2.103897 21.725023 -2.795470 0.000000 -0.000000 -0.000000 6.022539 84.416084 -28.966142 -24.339464 62.769910 23.358699 -180.384299 167.212197 181.388077 -0.000388 0.070080 -0.026924 0.000001 -0.000004 -0.000004 0.000001 -0.000000 0.000001 -0.000001 0.000003 0.000003 0.000001 0.000000 -0.000004 0.000000 0.000000 -0.000000 0.000000 0.000000 -0.000000 0.000000 -0.000000 0.000000 0.000000 -0.000000 0.000000 -0.000000 0.000000 -0.000000 -0.000000 -0.000000 -0.000000 -0.000000 0.000000 0.000000 -0.000000 -0.000000 0.000000 0.000000 -0.000000 -0.000000 -0.000000 -0.000000 0.000000 0.000000 -0.000000 -0.000000 -0.000000 -0.000000 -0.000000 0.000000 -0.000000 -0.000000 -0.000000 0.000000 0.000000 -0.000000 -0.000000 0.000000 0.000000 -0.000000 -0.000000 -8.286443 61.122543 8.092795 72.443008 -55.993747 -13.015864 43.064804 -38.824257 145.174182 22.764196 31.636473 -19.369807 -0.000000 -0.000001 0.000002 0.000001 0.000001 -0.000004 0.000000 0.000004 0.000000 0.000001 0.000001 -0.000005 0.000000 0.000000 0.000001 0.000000 0.000000 0.000000 -0.000000 -0.000000 0.000000 -0.000000 0.000000 0.000001 0.000000 -0.000000 0.000001 -0.000000 -0.000000 0.000000 -0.000000 -0.000000 0.000003 0.000000 0.000000 0.000002 0.000000 0.000000 0.000001 0.000000 0.000000 0.000000 -0.000000 -0.000000 0.000001 0.000000 0.000000 0.000000 -0.000000 0.000000 0.000000 -0.000000 -0.000000 0.000002 0.000000 0.000000 0.000001 0.000000 0.000000 -0.000001 16.045646 -151.956259 21.215847 18.544893 -0.303316 -9.762921 114.818198 -1.707095 0.854914 63.402201 0.000002 0.000025 -0.000000 0.000000 -0.000000 -22.268298 -152.283179 -21.656419 -28.098673 -1.783557 9.604917 134.708064 1.580386 -1.071214 55.873693 -0.000001 0.000010 -0.000000 -0.000000 -0.000000 
-0.000000 92.094269 13.670098 3.135941 -32.773140 1.698685 2.913570 -14.421248 2.190680 2.913571 -14.421251 2.190681 3.642968 -10.855391 1.344978 -3.150381 18.089278 -2.291342 -2.100931 21.704507 -2.792544 0.000000 0.000002 -0.000000 5.904256 84.348082 -28.831304 -24.273318 62.750389 23.357034 -180.372892 167.210804 181.318081 -0.000416 0.074850 -0.027935 0.000002 -0.000002 0.000000 0.000000 0.000001 -0.000001 -0.000001 -0.000001 -0.000000 -0.000000 -0.000003 -0.000004 0.000000 -0.000000 -0.000000 -0.000000 0.000000 -0.000000 0.000000 0.000000 -0.000000 -0.000000 -0.000000 -0.000000 0.000000 -0.000000 0.000000 0.000000 0.000000 -0.000000 -0.000000 0.000000 -0.000000 0.000000 -0.000000 0.000000 0.000000 0.000000 -0.000000 -0.000000 -0.000000 0.000000 0.000000 -0.000000 0.000000 0.000000 -0.000000 0.000000 0.000000 -0.000000 0.000000 -0.000000 0.000000 0.000000 -0.000000 -0.000000 0.000000 -0.000000 0.000000 0.000000 -8.263409 61.053381 8.084666 72.442974 -55.993744 -12.994528 43.021193 -38.849208 145.144115 22.750254 31.612253 -19.369863 -0.000000 0.000001 0.000002 -0.000000 -0.000000 -0.000000 -0.000000 0.000002 0.000001 -0.000000 0.000000 -0.000006 0.000000 0.000000 0.000001 -0.000000 0.000000 -0.000001 0.000000 0.000000 -0.000001 -0.000000 -0.000000 -0.000001 -0.000000 -0.000000 -0.000001 0.000000 0.000000 -0.000001 -0.000000 -0.000000 0.000001 0.000000 0.000000 -0.000000 -0.000000 0.000000 -0.000001 0.000000 0.000000 -0.000001 0.000000 -0.000000 -0.000001 0.000000 -0.000000 -0.000001 0.000000 -0.000000 -0.000001 -0.000000 -0.000000 0.000000 -0.000000 0.000000 -0.000001 0.000000 -0.000000 -0.000001 16.044393 -151.985656 21.204566 18.544893 -0.303316 -9.762920 114.818212 -1.707095 0.854914 63.402201 0.000002 0.000025 0.000000 0.000000 -0.000000 -22.258489 -152.312372 -21.644596 -28.098673 -1.783555 9.604916 134.708064 1.580386 -1.071214 55.873690 -0.000001 0.000010 -0.000000 -0.000000 -0.000000 
-0.000000 92.098465 13.655376 3.131799 -32.751481 1.695431 2.910355 -14.411692 2.189169 2.910356 -14.411692 2.189170 3.639012 -10.848189 1.344070 -3.147101 18.077284 -2.289707 -2.098849 21.690123 -2.790494 0.000000 0.000000 0.000000 5.823130 84.300380 -28.738595 -24.205967 62.736688 23.342385 -180.364095 167.208058 181.268726 -0.000439 0.078204 -0.029150 0.000001 -0.000002 0.000001 0.000000 -0.000000 0.000003 0.000000 0.000003 0.000001 0.000001 0.000002 -0.000004 -0.000000 0.000000 -0.000000 -0.000000 -0.000000 0.000000 -0.000000 0.000000 -0.000000 -0.000000 0.000000 0.000000 0.000000 0.000000 0.000000 -0.000000 0.000000 0.000000 -0.000000 0.000000 0.000000 -0.000000 -0.000000 0.000000 -0.000000 0.000000 -0.000000 -0.000000 -0.000000 0.000000 -0.000000 -0.000000 0.000000 -0.000000 -0.000000 0.000000 -0.000000 0.000000 -0.000000 0.000000 0.000000 -0.000000 -0.000000 0.000000 -0.000000 -0.000000 -0.000000 -0.000000 -8.247301 61.004907 8.079007 72.442994 -55.993747 -12.979566 42.990566 -38.866686 145.123024 22.740457 31.595260 -19.369904 -0.000000 0.000003 0.000004 -0.000001 -0.000000 -0.000001 -0.000000 0.000001 0.000001 0.000002 -0.000002 -0.000002 0.000000 -0.000000 0.000001 -0.000000 0.000000 -0.000001 0.000000 -0.000000 0.000000 -0.000000 0.000000 0.000001 0.000000 -0.000000 -0.000001 -0.000000 0.000000 -0.000001 0.000000 -0.000000 0.000001 0.000000 -0.000000 -0.000000 -0.000000 -0.000000 -0.000001 -0.000000 0.000000 -0.000001 -0.000000 -0.000000 -0.000001 0.000000 -0.000000 0.000000 0.000000 -0.000000 0.000000 -0.000000 -0.000000 0.000002 0.000000 0.000000 -0.000001 -0.000000 0.000000 0.000001 16.043513 -152.006283 21.196655 18.544894 -0.303316 -9.762920 114.818212 -1.707095 0.854914 63.402201 0.000002 0.000025 0.000000 0.000000 -0.000000 -22.251652 -152.332835 -21.636313 -28.098671 -1.783555 9.604915 134.708064 1.580386 -1.071214 55.873700 -0.000001 0.000010 -0.000000 -0.000000 -0.000000 
-0.000000 92.101349 13.645292 3.128965 -32.736653 1.693209 2.908154 -14.405142 2.188133 2.908154 -14.405142 2.188134 3.636301 -10.843260 1.343446 -3.144856 18.069072 -2.288590 -2.097423 21.680270 -2.789092 0.000000 -0.000003 0.000000 5.768471 84.267691 -28.675938 -24.139692 62.726921 23.319354 -180.357320 167.203208 181.234521 -0.000461 0.080520 -0.030521 0.000000 -0.000004 -0.000001 0.000004 -0.000002 -0.000000 -0.000001 -0.000001 0.000005 -0.000000 -0.000002 -0.000005 -0.000000 0.000000 -0.000000 -0.000000 -0.000000 0.000000 -0.000000 0.000000 0.000000 -0.000000 -0.000000 -0.000000 -0.000000 0.000000 -0.000000 0.000000 -0.000000 0.000000 -0.000000 0.000000 -0.000000 -0.000000 0.000000 0.000000 -0.000000 0.000000 -0.000000 -0.000000 0.000000 0.000000 -0.000000 0.000000 0.000000 0.000000 -0.000000 0.000000 -0.000000 -0.000000 -0.000000 -0.000000 0.000000 0.000000 0.000000 -0.000000 -0.000000 -0.000000 -0.000000 0.000000 -8.236277 60.971699 8.075134 72.442974 -55.993751 -12.969331 42.969543 -38.878642 145.108516 22.733723 31.583601 -19.369921 0.000001 0.000001 0.000002 -0.000000 0.000003 -0.000000 0.000001 0.000002 -0.000003 0.000001 0.000000 -0.000004 0.000000 -0.000000 0.000001 -0.000000 0.000000 0.000000 -0.000000 -0.000000 -0.000001 -0.000000 0.000000 0.000001 -0.000000 -0.000000 -0.000001 0.000000 0.000000 0.000000 -0.000000 -0.000000 0.000001 -0.000000 -0.000000 0.000001 -0.000000 -0.000000 -0.000001 0.000000 0.000000 0.000000 -0.000000 -0.000000 0.000001 -0.000000 0.000000 0.000000 0.000000 0.000000 -0.000001 -0.000000 -0.000000 0.000000 0.000000 0.000000 0.000001 0.000000 0.000000 -0.000001 16.042917 -152.020408 21.191239 18.544891 -0.303316 -9.762921 114.818212 -1.707095 0.854914 63.402201 0.000002 0.000025 0.000000 0.000000 -0.000000 -22.246990 -152.346864 -21.630649 -28.098673 -1.783556 9.604917 134.708064 1.580386 -1.071214 55.873700 -0.000001 0.000010 -0.000000 0.000000 -0.000000 
-0.000000 92.103371 13.638218 3.126976 -32.726247 1.691654 2.906607 -14.400542 2.187404 2.906608 -14.400542 2.187404 3.634399 -10.839801 1.343007 -3.143278 18.063304 -2.287809 -2.096420 21.673350 -2.788111 0.000000 0.000001 -0.000000 5.730682 84.244776 -28.632648 -24.076712 62.719148 23.292492 -180.351951 167.195436 181.209973 -0.000486 0.082172 -0.031999 0.000001 -0.000001 0.000003 -0.000001 -0.000000 0.000002 -0.000002 -0.000001 0.000003 -0.000001 0.000003 -0.000006 -0.000000 0.000000 0.000000 -0.000000 -0.000000 -0.000000 0.000000 0.000000 0.000000 -0.000000 0.000000 -0.000000 -0.000000 0.000000 0.000000 0.000000 -0.000000 -0.000000 -0.000000 -0.000000 0.000000 0.000000 -0.000000 -0.000000 -0.000000 -0.000000 0.000000 -0.000000 -0.000000 0.000000 -0.000000 0.000000 0.000000 -0.000000 -0.000000 -0.000000 -0.000000 -0.000000 -0.000000 0.000000 0.000000 -0.000000 -0.000000 -0.000000 -0.000000 -0.000000 -0.000000 0.000000 -8.228524 60.948387 8.072398 72.442981 -55.993747 -12.962144 42.954715 -38.887026 145.098298 22.728957 31.575387 -19.369916 0.000001 -0.000001 0.000004 -0.000000 0.000001 -0.000002 0.000001 0.000002 0.000001 -0.000000 -0.000003 -0.000005 0.000000 -0.000000 0.000001 -0.000000 -0.000000 -0.000001 -0.000000 -0.000000 -0.000003 -0.000000 0.000000 -0.000001 -0.000000 -0.000000 -0.000001 0.000000 0.000000 -0.000001 0.000000 0.000000 0.000001 0.000000 -0.000000 -0.000002 -0.000000 0.000000 -0.000001 0.000000 0.000000 -0.000003 -0.000000 -0.000000 -0.000001 0.000000 -0.000000 -0.000001 -0.000000 0.000000 -0.000001 0.000000 -0.000000 0.000002 0.000000 -0.000000 -0.000001 -0.000000 -0.000000 -0.000001 16.042504 -152.030312 21.187450 18.544893 -0.303316 -9.762921 114.818212 -1.707095 0.854914 63.402194 0.000002 0.000025 0.000000 0.000000 -0.000000 -22.243775 -152.356713 -21.626684 -28.098669 -1.783554 9.604916 134.708064 1.580386 -1.071214 55.873693 -0.000001 0.000010 -0.000000 -0.000000 -0.000000 
-0.000000 92.105011 13.632510 3.125372 -32.717849 1.690407 2.905361 -14.396842 2.186814 2.905361 -14.396842 2.186814 3.632864 -10.837008 1.342650 -3.142003 18.058656 -2.287183 -2.095610 21.667780 -2.787325 0.000000 -0.000002 0.000000 5.700558 84.226259 -28.597953 -24.019272 62.711471 23.266389 -180.347361 167.183975 181.189605 -0.000517 0.083536 -0.033532 0.000001 -0.000004 -0.000006 0.000002 -0.000000 0.000001 0.000000 0.000001 -0.000003 -0.000001 0.000000 -0.000002 -0.000000 0.000000 -0.000000 -0.000000 0.000000 0.000000 -0.000000 -0.000000 0.000000 -0.000000 -0.000000 -0.000000 -0.000000 -0.000000 -0.000000 -0.000000 -0.000000 -0.000000 0.000000 -0.000000 -0.000000 0.000000 -0.000000 0.000000 -0.000000 0.000000 -0.000000 -0.000000 0.000000 0.000000 -0.000000 -0.000000 0.000000 -0.000000 -0.000000 0.000000 -0.000000 -0.000000 -0.000000 -0.000000 0.000000 -0.000000 -0.000000 0.000000 0.000000 -0.000000 0.000000 -0.000000 -8.222259 60.929570 8.070166 72.442988 -55.993741 -12.956357 42.942680 -38.893771 145.089979 22.725071 31.568731 -19.369899 -0.000001 -0.000001 0.000006 -0.000000 0.000001 -0.000000 0.000001 0.000004 0.000001 0.000002 -0.000003 -0.000004 0.000000 -0.000000 0.000001 0.000000 0.000000 0.000000 0.000000 -0.000000 0.000000 0.000000 0.000000 0.000001 -0.000000 -0.000000 0.000001 0.000000 0.000000 -0.000001 0.000000 -0.000000 0.000003 0.000000 0.000000 0.000002 -0.000000 0.000000 0.000001 0.000000 0.000000 -0.000001 -0.000000 -0.000000 0.000001 0.000000 -0.000000 0.000000 0.000000 -0.000000 0.000000 0.000000 -0.000000 0.000003 0.000000 0.000000 0.000001 0.000000 0.000000 0.000001 16.042181 -152.038303 21.184400 18.544893 -0.303316 -9.762920 114.818198 -1.707095 0.854914 63.402201 0.000002 0.000025 -0.000000 0.000000 -0.000000 -22.241235 -152.364677 -21.623486 -28.098671 -1.783555 9.604918 134.708064 1.580387 -1.071214 55.873697 -0.000001 0.000010 -0.000000 0.000000 -0.000000 
-0.000000 92.106712 13.626540 3.123696 -32.709072 1.689107 2.904054 -14.392967 2.186194 2.904056 -14.392964 2.186194 3.631259 -10.834083 1.342273 -3.140671 18.053793 -2.286534 -2.094762 21.661935 -2.786503 0.000000 -0.000000 0.000000 5.669334 84.206909 -28.562079 -23.969629 62.701997 23.245656 -180.342962 167.168033 181.167913 -0.000559 0.084987 -0.035072 0.000000 -0.000004 -0.000001 0.000001 0.000001 0.000001 -0.000001 0.000001 -0.000000 -0.000000 -0.000003 0.000001 -0.000000 -0.000000 -0.000000 0.000000 -0.000000 0.000000 0.000000 -0.000000 0.000000 -0.000000 0.000000 -0.000000 -0.000000 -0.000000 -0.000000 -0.000000 -0.000000 -0.000000 -0.000000 -0.000000 0.000000 0.000000 0.000000 -0.000000 0.000000 -0.000000 -0.000000 -0.000000 -0.000000 0.000000 0.000000 -0.000000 0.000000 -0.000000 -0.000000 0.000000 0.000000 -0.000000 -0.000000 0.000000 0.000000 0.000000 0.000000 0.000000 -0.000000 0.000000 -0.000000 -0.000000 -8.215699 60.909913 8.067824 72.442981 -55.993751 -12.950309 42.930017 -38.900816 145.081237 22.720959 31.561734 -19.369858 -0.000000 -0.000001 0.000002 -0.000001 0.000003 -0.000001 0.000001 0.000004 0.000003 0.000002 0.000001 -0.000000 -0.000000 0.000000 -0.000001 0.000000 0.000000 0.000000 0.000000 0.000000 -0.000001 0.000000 0.000000 -0.000001 -0.000000 -0.000000 -0.000001 -0.000000 -0.000000 -0.000001 0.000000 0.000000 0.000001 0.000000 0.000000 -0.000000 0.000000 -0.000000 -0.000001 0.000000 0.000000 -0.000001 -0.000000 -0.000000 -0.000001 0.000000 -0.000000 -0.000001 0.000000 -0.000000 -0.000001 0.000000 0.000000 0.000002 -0.000000 0.000000 -0.000001 -0.000000 -0.000000 -0.000001 16.041836 -152.046664 21.181207 18.544893 -0.303316 -9.762921 114.818198 -1.707095 0.854914 63.402194 0.000002 0.000025 -0.000000 0.000000 -0.000000 -22.238628 -152.373010 -21.620156 -28.098669 -1.783556 9.604916 134.708064 1.580387 -1.071214 55.873697 -0.000001 0.000010 -0.000000 0.000000 -0.000000 
-0.000001 92.108955 13.618670 3.121487 -32.697502 1.687394 2.902335 -14.387852 2.185376 2.902335 -14.387846 2.185376 3.629142 -10.830238 1.341778 -3.138913 18.047371 -2.285675 -2.093644 21.654246 -2.785423 0.000000 -0.000001 0.000000 5.628495 84.181371 -28.515075 -23.930044 62.688835 23.234878 -180.338127 167.146832 181.139404 -0.000615 0.086901 -0.036568 0.000000 -0.000002 -0.000005 0.000002 0.000003 0.000001 0.000000 0.000001 0.000001 -0.000000 -0.000005 -0.000002 -0.000000 -0.000000 -0.000000 -0.000000 -0.000000 0.000000 -0.000000 -0.000000 0.000000 -0.000000 -0.000000 -0.000000 -0.000000 0.000000 -0.000000 0.000000 0.000000 0.000000 0.000000 0.000000 0.000000 -0.000000 -0.000000 0.000000 -0.000000 0.000000 0.000000 0.000000 -0.000000 0.000000 0.000000 0.000000 0.000000 0.000000 -0.000000 -0.000000 -0.000000 -0.000000 -0.000000 -0.000000 0.000000 0.000000 0.000000 -0.000000 -0.000000 -0.000000 0.000000 -0.000000 -8.207057 60.883999 8.064740 72.442994 -55.993744 -12.942333 42.913317 -38.910095 145.069694 22.715544 31.552527 -19.369809 0.000001 -0.000001 0.000004 0.000001 0.000001 -0.000003 0.000001 0.000002 -0.000001 0.000001 -0.000003 -0.000005 -0.000000 -0.000000 0.000003 -0.000000 0.000000 0.000000 0.000000 -0.000000 0.000000 0.000000 -0.000000 0.000001 0.000000 -0.000000 0.000001 -0.000000 -0.000000 -0.000003 -0.000000 -0.000000 0.000003 -0.000000 0.000000 -0.000000 -0.000000 0.000000 0.000001 0.000000 0.000000 -0.000001 -0.000000 -0.000000 0.000001 0.000000 0.000000 0.000000 0.000000 0.000000 0.000000 -0.000000 -0.000000 0.000003 0.000000 0.000000 -0.000001 -0.000000 -0.000000 0.000003 16.041386 -152.057701 21.177010 18.544894 -0.303317 -9.762920 114.818212 -1.707095 0.854914 63.402201 0.000002 0.000025 0.000000 0.000000 -0.000000 -22.235196 -152.383993 -21.615759 -28.098671 -1.783555 9.604917 134.708064 1.580387 -1.071214 55.873690 -0.000001 0.000010 -0.000000 0.000000 -0.000000 
-0.000000 92.112213 13.607265 3.118284 -32.680724 1.684909 2.899841 -14.380442 2.184194 2.899841 -14.380442 2.184194 3.626075 -10.824662 1.341063 -3.136366 18.038091 -2.284431 -2.092022 21.643100 -2.783855 0.000000 -0.000001 0.000000 5.570009 84.144379 -28.447596 -23.902787 62.670121 23.238692 -180.332239 167.119593 181.098586 -0.000689 0.089653 -0.037970 0.000001 -0.000004 -0.000001 0.000002 -0.000000 -0.000000 0.000000 0.000003 0.000004 0.000002 -0.000005 -0.000004 -0.000000 -0.000000 -0.000000 -0.000000 0.000000 -0.000000 0.000000 -0.000000 0.000000 -0.000000 -0.000000 -0.000000 -0.000000 -0.000000 0.000000 0.000000 0.000000 -0.000000 -0.000000 0.000000 0.000000 -0.000000 -0.000000 0.000000 -0.000000 -0.000000 -0.000000 0.000000 -0.000000 -0.000000 0.000000 0.000000 0.000000 -0.000000 -0.000000 0.000000 -0.000000 -0.000000 -0.000000 -0.000000 -0.000000 -0.000000 -0.000000 -0.000000 -0.000000 -0.000000 0.000000 0.000000 -8.194566 60.846433 8.060309 72.442981 -55.993751 -12.930789 42.889162 -38.923547 145.053001 22.707737 31.539194 -19.369762 -0.000001 -0.000004 0.000000 -0.000001 -0.000002 -0.000002 0.000000 0.000006 0.000000 0.000000 -0.000002 -0.000004 0.000000 -0.000000 -0.000001 -0.000000 -0.000000 -0.000001 0.000000 -0.000000 -0.000001 -0.000000 0.000000 -0.000001 0.000000 -0.000000 -0.000002 -0.000000 0.000000 -0.000003 -0.000000 0.000000 -0.000001 0.000000 -0.000000 -0.000000 -0.000000 -0.000000 -0.000002 -0.000000 0.000000 -0.000003 -0.000000 -0.000000 -0.000001 0.000000 -0.000000 -0.000001 -0.000000 0.000000 -0.000001 -0.000000 -0.000000 0.000002 0.000000 0.000000 -0.000001 -0.000000 0.000000 -0.000001 16.040732 -152.073684 21.170921 18.544893 -0.303316 -9.762920 114.818212 -1.707095 0.854914 63.402201 0.000002 0.000025 0.000000 0.000000 -0.000000 -22.230183 -152.399894 -21.609383 -28.098673 -1.783555 9.604916 134.708064 1.580387 -1.071214 55.873700 -0.000001 0.000010 -0.000000 -0.000000 -0.000000 
-0.000001 92.116943 13.590692 3.113635 -32.656340 1.681295 2.896219 -14.369680 2.182479 2.896219 -14.369678 2.182480 3.621620 -10.816559 1.340027 -3.132666 18.024584 -2.282614 -2.089670 21.626906 -2.781570 -0.000000 -0.000000 -0.000000 5.486205 84.090605 -28.350770 -23.890050 62.643913 23.261618 -180.324671 167.085538 181.039956 -0.000784 0.093619 -0.039229 0.000000 -0.000004 -0.000001 0.000000 -0.000000 0.000002 -0.000001 0.000001 0.000003 -0.000000 -0.000002 -0.000004 -0.000000 0.000000 -0.000000 0.000000 0.000000 0.000000 -0.000000 0.000000 -0.000000 -0.000000 -0.000000 -0.000000 -0.000000 0.000000 -0.000000 -0.000000 0.000000 -0.000000 0.000000 0.000000 0.000000 0.000000 0.000000 0.000000 -0.000000 0.000000 -0.000000 0.000000 0.000000 -0.000000 -0.000000 -0.000000 -0.000000 0.000000 -0.000000 -0.000000 -0.000000 0.000000 -0.000000 0.000000 -0.000000 0.000000 0.000000 0.000000 0.000000 -0.000000 -0.000000 0.000000 -8.176466 60.791832 8.053935 72.442981 -55.993747 -12.913972 42.854144 -38.943102 145.028808 22.696428 31.519848 -19.369701 0.000001 -0.000002 0.000001 -0.000000 -0.000000 -0.000000 -0.000000 0.000004 0.000000 0.000001 0.000002 -0.000002 0.000000 0.000000 0.000001 -0.000000 0.000000 0.000000 -0.000000 0.000000 0.000000 0.000000 -0.000000 0.000001 -0.000000 -0.000000 0.000001 -0.000000 -0.000000 0.000000 0.000000 0.000000 0.000003 -0.000000 0.000000 -0.000000 -0.000000 0.000000 0.000001 -0.000000 0.000000 -0.000001 -0.000000 -0.000000 0.000001 0.000000 0.000000 -0.000001 -0.000000 -0.000000 0.000000 -0.000000 -0.000000 -0.000002 0.000000 0.000000 -0.000001 0.000000 -0.000000 -0.000001 16.039777 -152.096920 21.162060 18.544893 -0.303316 -9.762922 114.818212 -1.707095 0.854915 63.402201 0.000002 0.000025 -0.000000 0.000000 -0.000000 -22.222844 -152.423021 -21.600125 -28.098674 -1.783556 9.604918 134.708064 1.580387 -1.071214 55.873693 -0.000001 0.000010 -0.000000 0.000000 -0.000000 
-0.000000 92.123627 13.567314 3.107082 -32.621957 1.676196 2.891111 -14.354500 2.180067 2.891112 -14.354503 2.180068 3.615333 -10.805124 1.338569 -3.127450 18.005535 -2.280045 -2.086349 21.604056 -2.778341 -0.000001 0.000000 -0.000000 5.370577 84.014715 -28.216702 -23.894005 62.608321 23.308190 -180.314767 167.043915 180.958021 -0.000905 0.099175 -0.040295 0.000001 -0.000004 -0.000003 0.000002 -0.000000 0.000002 -0.000002 0.000004 0.000001 0.000001 -0.000001 -0.000006 -0.000000 -0.000000 -0.000000 0.000000 -0.000000 0.000000 0.000000 -0.000000 -0.000000 0.000000 -0.000000 -0.000000 0.000000 -0.000000 -0.000000 -0.000000 0.000000 -0.000000 0.000000 0.000000 -0.000000 0.000000 -0.000000 -0.000000 -0.000000 0.000000 -0.000000 0.000000 -0.000000 -0.000000 0.000000 -0.000000 -0.000000 -0.000000 -0.000000 0.000000 0.000000 -0.000000 -0.000000 -0.000000 0.000000 0.000000 0.000000 -0.000000 -0.000000 0.000000 0.000000 -0.000000 -8.151034 60.714808 8.045057 72.442974 -55.993737 -12.890268 42.804802 -38.970689 144.994698 22.680553 31.492609 -19.369652 -0.000000 -0.000002 0.000004 -0.000000 -0.000000 -0.000001 0.000000 0.000001 0.000002 0.000002 -0.000003 -0.000004 0.000000 0.000000 0.000001 -0.000000 0.000000 0.000002 0.000000 0.000000 0.000000 0.000000 -0.000000 0.000001 0.000000 -0.000000 0.000001 -0.000000 0.000000 0.000000 -0.000000 0.000000 0.000003 -0.000000 0.000000 -0.000000 0.000000 0.000000 0.000001 -0.000000 0.000000 0.000000 -0.000000 0.000000 0.000003 0.000000 0.000000 0.000000 -0.000000 0.000000 0.000000 -0.000000 -0.000000 -0.000002 0.000000 0.000000 -0.000001 -0.000000 -0.000000 -0.000003 16.038442 -152.129678 21.149571 18.544891 -0.303316 -9.762921 114.818212 -1.707095 0.854915 63.402194 0.000002 0.000025 0.000000 0.000000 -0.000000 -22.212414 -152.455614 -21.587066 -28.098667 -1.783556 9.604919 134.708064 1.580386 -1.071214 55.873697 -0.000001 0.000010 0.000000 0.000000 -0.000000 
-0.000000 92.132721 13.535499 3.098173 -32.575163 1.669259 2.884163 -14.333832 2.176787 2.884162 -14.333832 2.176789 3.606784 -10.789563 1.336591 -3.120352 17.979611 -2.276541 -2.081833 21.572963 -2.773939 0.000000 0.000000 0.000000 5.218105 83.911415 -28.039194 -23.916819 62.561432 23.382924 -180.301872 166.993918 180.847263 -0.001054 0.106695 -0.041118 0.000001 -0.000004 -0.000000 0.000001 0.000001 -0.000001 -0.000001 0.000001 0.000001 0.000001 0.000002 -0.000006 0.000000 0.000000 -0.000000 -0.000000 0.000000 -0.000000 -0.000000 -0.000000 -0.000000 0.000000 -0.000000 -0.000000 0.000000 0.000000 -0.000000 0.000000 0.000000 -0.000000 0.000000 -0.000000 -0.000000 -0.000000 0.000000 -0.000000 -0.000000 0.000000 -0.000000 0.000000 -0.000000 -0.000000 0.000000 -0.000000 -0.000000 0.000000 -0.000000 0.000000 0.000000 -0.000000 0.000000 0.000000 0.000000 -0.000000 0.000000 -0.000000 0.000000 0.000000 0.000000 -0.000000 -8.116588 60.609992 8.033163 72.442974 -55.993737 -12.857988 42.737686 -39.008204 144.948280 22.659016 31.455593 -19.369638 -0.000001 -0.000002 0.000001 -0.000001 -0.000000 -0.000004 0.000001 0.000001 0.000002 -0.000001 0.000002 -0.000002 0.000000 -0.000000 0.000001 -0.000000 0.000000 0.000000 0.000000 -0.000000 0.000000 -0.000000 -0.000000 -0.000001 0.000000 -0.000000 -0.000001 -0.000000 -0.000000 -0.000001 -0.000000 -0.000000 0.000001 -0.000000 -0.000000 0.000002 0.000000 0.000000 -0.000001 -0.000000 0.000000 0.000000 -0.000000 0.000000 0.000001 0.000000 -0.000000 0.000002 0.000000 0.000000 -0.000001 -0.000000 -0.000000 0.000000 0.000000 0.000000 -0.000003 -0.000000 -0.000000 -0.000001 16.036640 -152.174238 21.132556 18.544891 -0.303316 -9.762920 114.818212 -1.707095 0.854914 63.402201 0.000002 0.000025 0.000000 0.000000 -0.000000 -22.198178 -152.499956 -21.569297 -28.098669 -1.783556 9.604918 134.708064 1.580386 -1.071214 55.873697 -0.000001 0.000010 -0.000000 0.000000 -0.000000 
-0.000000 92.144691 13.493608 3.086461 -32.513548 1.660136 2.875018 -14.306624 2.172479 2.875020 -14.306623 2.172480 3.595523 -10.769076 1.333995 -3.111003 17.945485 -2.271917 -2.075885 21.532021 -2.768136 0.000000 -0.000001 0.000000 5.025521 83.775330 -27.813589 -23.960510 62.501299 23.490202 -180.285288 166.934823 180.702148 -0.001236 0.116556 -0.041648 0.000000 -0.000002 0.000001 -0.000001 -0.000002 -0.000000 -0.000001 -0.000001 -0.000000 -0.000001 0.000003 -0.000001 0.000000 -0.000000 0.000000 0.000000 0.000000 0.000000 0.000000 -0.000000 -0.000000 -0.000000 0.000000 -0.000000 0.000000 -0.000000 0.000000 -0.000000 -0.000000 0.000000 0.000000 0.000000 0.000000 -0.000000 -0.000000 -0.000000 0.000000 0.000000 0.000000 -0.000000 -0.000000 0.000000 0.000000 -0.000000 0.000000 -0.000000 -0.000000 -0.000000 0.000000 -0.000000 0.000000 0.000000 0.000000 -0.000000 -0.000000 -0.000000 -0.000000 -0.000000 0.000000 0.000000 -8.071502 60.471988 8.017796 72.442981 -55.993744 -12.815502 42.649303 -39.057556 144.887136 22.630717 31.406883 -19.369655 -0.000000 -0.000001 0.000003 -0.000001 -0.000002 -0.000000 0.000000 0.000001 0.000003 0.000003 0.000002 -0.000002 0.000000 -0.000000 0.000003 -0.000000 0.000000 0.000000 0.000000 0.000000 0.000000 0.000000 0.000000 0.000001 0.000000 -0.000000 0.000001 -0.000000 -0.000000 -0.000001 -0.000000 0.000000 0.000003 -0.000000 -0.000000 -0.000000 -0.000000 0.000000 0.000001 -0.000000 -0.000000 -0.000001 -0.000000 0.000000 0.000003 0.000000 0.000000 0.000000 -0.000000 -0.000000 0.000000 -0.000000 -0.000000 0.000000 0.000000 0.000000 -0.000001 -0.000000 0.000000 -0.000001 16.034277 -152.232936 21.110175 18.544893 -0.303316 -9.762921 114.818198 -1.707095 0.854914 63.402201 0.000002 0.000025 0.000000 0.000000 -0.000000 -22.179398 -152.558340 -21.545917 -28.098673 -1.783556 9.604916 134.708064 1.580386 -1.071214 55.873693 -0.000001 0.000010 -0.000000 -0.000000 -0.000000 
-0.000000 92.160019 13.440007 3.071504 -32.434704 1.648487 2.863322 -14.271805 2.166976 2.863322 -14.271803 2.166977 3.581123 -10.742856 1.330681 -3.099046 17.901825 -2.265988 -2.068272 21.479639 -2.760701 0.000000 -0.000002 0.000000 4.791913 83.601106 -27.537716 -24.027058 62.425989 23.634396 -180.264292 166.865865 180.517187 -0.001455 0.129133 -0.041836 0.000000 -0.000001 -0.000000 0.000001 0.000001 -0.000001 -0.000002 -0.000003 0.000003 -0.000001 -0.000003 -0.000002 0.000000 -0.000000 0.000000 0.000000 0.000000 -0.000000 0.000000 0.000000 0.000000 -0.000000 -0.000000 0.000000 0.000000 0.000000 0.000000 -0.000000 0.000000 -0.000000 -0.000000 0.000000 0.000000 -0.000000 -0.000000 0.000000 0.000000 0.000000 0.000000 0.000000 0.000000 0.000000 -0.000000 -0.000000 -0.000000 0.000000 -0.000000 0.000000 0.000000 -0.000000 0.000000 -0.000000 0.000000 0.000000 -0.000000 -0.000000 -0.000000 -0.000000 -0.000000 0.000000 -8.014227 60.295401 7.998579 72.442974 -55.993737 -12.761100 42.536137 -39.120609 144.808753 22.594604 31.344619 -19.369744 -0.000000 -0.000001 0.000004 -0.000001 0.000001 -0.000002 -0.000000 0.000002 0.000003 -0.000001 -0.000001 -0.000007 0.000000 -0.000000 0.000001 -0.000000 0.000000 0.000000 -0.000000 -0.000000 -0.000001 -0.000000 -0.000000 -0.000001 -0.000000 -0.000000 -0.000001 -0.000000 -0.000000 0.000000 0.000000 -0.000000 0.000001 -0.000000 -0.000000 0.000002 0.000000 -0.000000 -0.000001 -0.000000 0.000000 0.000000 -0.000000 -0.000000 0.000001 0.000000 -0.000000 0.000000 0.000000 0.000000 -0.000001 -0.000000 -0.000000 0.000000 0.000000 0.000000 0.000001 0.000000 0.000000 -0.000001 16.031287 -152.308028 21.081545 18.544894 -0.303319 -9.762922 114.818212 -1.707093 0.854913 63.402194 0.000001 0.000029 0.000000 0.000000 -0.000000 -22.155341 -152.633022 -21.516057 -28.098671 -1.783559 9.604918 134.708051 1.580387 -1.071216 55.873690 0.000004 0.000012 -0.000000 0.000000 -0.000000 
-0.000000 92.217072 13.234088 3.014545 -32.130542 1.609474 2.817663 -14.137545 2.143340 2.817664 -14.137540 2.143340 3.525113 -10.641768 1.315518 -3.051737 17.732588 -2.247147 -2.037624 21.276850 -2.735750 0.000000 0.000001 -0.000000 4.125815 82.937040 -26.714871 -24.188183 61.314554 24.216419 -180.188286 165.843386 179.660695 -0.115173 0.290283 0.396053 0.000001 -0.000001 -0.000000 0.000001 0.000001 0.000005 0.000002 0.000001 -0.000001 -0.000000 -0.000003 -0.000002 0.000000 -0.000000 -0.000000 0.000000 -0.000000 -0.000000 0.000000 -0.000000 0.000000 -0.000000 -0.000000 -0.000000 0.000000 -0.000000 -0.000000 0.000000 -0.000000 0.000000 0.000000 -0.000000 -0.000000 -0.000000 0.000000 0.000000 -0.000000 0.000000 -0.000000 0.000000 -0.000000 0.000000 0.000000 0.000000 -0.000000 0.000000 -0.000000 0.000000 0.000000 -0.000000 -0.000000 0.000000 0.000000 0.000000 0.000000 -0.000000 0.000000 -0.000000 0.000000 -0.000000 -7.780315 59.626103 7.902918 72.442994 -55.993727 -12.562775 42.039596 -39.340718 144.451029 22.410564 31.081350 -19.345010 -0.000001 -0.000004 0.000000 -0.000000 0.000003 -0.000001 0.000002 0.000002 -0.000001 0.000001 0.000004 -0.000006 0.000000 -0.000000 0.000001 0.000000 -0.000000 -0.000001 0.000000 -0.000000 -0.000003 -0.000000 0.000000 -0.000000 0.000000 0.000000 -0.000002 0.000000 0.000000 -0.000001 0.000000 -0.000000 0.000001 -0.000000 0.000000 -0.000000 0.000000 -0.000000 -0.000002 0.000000 -0.000000 -0.000003 0.000000 -0.000000 -0.000000 0.000000 -0.000000 -0.000001 0.000000 -0.000000 -0.000003 -0.000000 -0.000000 0.000002 -0.000000 -0.000000 0.000001 -0.000000 -0.000000 -0.000001 16.022492 -152.599199 20.977125 18.544893 -0.303319 -9.762923 114.818212 -1.707093 0.854914 63.402201 0.000001 0.000029 -0.000000 0.000000 -0.000000 -22.060809 -152.919220 -21.395742 -28.098673 -1.783559 9.604918 134.708064 1.580386 -1.071215 55.873693 0.000004 0.000012 -0.000000 -0.000000 -0.000000 
-0.000000 92.346962 12.762038 2.885596 -31.431984 1.524692 2.712881 -13.829374 2.088239 2.712881 -13.829373 2.088239 3.396498 -10.409755 1.279817 -2.942490 17.343824 -2.205605 -1.966419 20.811035 -2.680175 0.000000 -0.000000 0.000000 3.080500 81.409858 -25.311590 -24.394255 58.264444 25.486270 -179.938547 163.028747 177.544183 -0.443347 0.716448 1.638892 0.000002 -0.000002 -0.000001 0.000001 0.000001 -0.000001 -0.000003 0.000003 -0.000000 -0.000000 -0.000001 -0.000006 0.000000 -0.000000 0.000000 0.000000 -0.000000 0.000000 0.000000 0.000000 0.000000 -0.000000 0.000000 0.000000 -0.000000 -0.000000 0.000000 -0.000000 0.000000 -0.000000 0.000000 -0.000000 0.000000 0.000000 0.000000 0.000000 0.000000 0.000000 0.000000 0.000000 0.000000 0.000000 -0.000000 0.000000 -0.000000 0.000000 0.000000 0.000000 0.000000 -0.000000 -0.000000 0.000000 -0.000000 0.000000 -0.000000 -0.000000 0.000000 0.000000 -0.000000 0.000000 -7.258056 58.090827 7.695870 72.442981 -55.993734 -12.113691 40.854927 -39.825177 143.586901 21.966585 30.464194 -19.278846 -0.000000 -0.000001 0.000002 -0.000000 0.000001 -0.000002 0.000001 0.000004 -0.000001 0.000002 -0.000000 -0.000004 0.000000 -0.000000 0.000002 -0.000000 -0.000000 -0.000001 -0.000000 -0.000000 0.000001 0.000000 0.000000 0.000001 -0.000000 -0.000000 0.000000 0.000000 0.000000 -0.000001 0.000000 0.000000 0.000000 0.000000 0.000000 -0.000000 0.000000 0.000000 -0.000000 -0.000000 0.000000 -0.000001 0.000000 -0.000000 0.000000 0.000000 -0.000000 -0.000001 0.000000 0.000000 -0.000001 0.000000 -0.000000 0.000001 0.000000 0.000000 0.000002 -0.000000 -0.000000 -0.000001 16.005817 -153.268612 20.741666 18.544898 -0.303319 -9.762924 114.818212 -1.707093 0.854914 63.402201 0.000001 0.000029 -0.000000 0.000000 -0.000000 -21.846071 -153.575943 -21.119650 -28.098676 -1.783560 9.604917 134.708064 1.580387 -1.071215 55.873693 0.000004 0.000012 -0.000000 0.000000 -0.000000 
-0.000000 92.539108 12.062409 2.698209 -30.394905 1.404473 2.558203 -13.372252 2.007231 2.558202 -13.372248 2.007232 3.206148 -10.065605 1.227409 -2.780118 16.767233 -2.143557 -1.860072 20.120088 -2.597676 0.000000 0.000001 -0.000000 2.175916 79.129627 -23.873017 -24.430858 53.398525 27.219579 -179.313790 158.529606 174.131465 -0.973927 1.359587 3.585253 0.000001 -0.000001 -0.000003 0.000000 0.000001 0.000001 -0.000002 0.000003 0.000001 0.000002 -0.000003 -0.000006 -0.000001 -0.000000 -0.000000 -0.000000 -0.000000 -0.000000 -0.000000 -0.000000 0.000000 -0.000000 0.000000 -0.000000 -0.000000 -0.000000 -0.000000 0.000000 0.000000 -0.000000 0.000000 0.000000 0.000000 -0.000000 0.000000 0.000000 -0.000000 -0.000000 -0.000000 0.000000 -0.000000 -0.000000 0.000000 -0.000000 0.000000 0.000000 -0.000000 0.000000 -0.000000 -0.000000 -0.000000 0.000001 -0.000000 -0.000000 0.000000 0.000000 -0.000000 0.000001 -0.000000 -0.000000 -6.533222 55.801976 7.443857 72.442960 -55.993730 -11.449962 39.049496 -40.514428 142.256612 21.305172 29.542563 -19.186601 -0.000002 -0.000002 0.000001 -0.000001 -0.000002 -0.000003 0.000000 0.000002 -0.000001 0.000002 0.000002 -0.000002 -0.000000 -0.000000 -0.000001 -0.000000 -0.000000 0.000000 -0.000000 -0.000000 -0.000002 0.000000 0.000000 0.000002 -0.000000 -0.000000 -0.000003 0.000000 0.000000 0.000000 -0.000000 -0.000000 0.000001 -0.000000 -0.000000 0.000001 0.000000 -0.000000 -0.000003 0.000000 -0.000000 -0.000002 -0.000000 -0.000000 0.000001 0.000000 -0.000000 0.000002 0.000000 -0.000000 -0.000003 0.000000 0.000000 0.000001 -0.000000 0.000000 -0.000001 0.000000 -0.000000 0.000002 15.987335 -154.262554 20.396224 18.544894 -0.303319 -9.762923 114.818212 -1.707093 0.854914 63.402201 0.000001 0.000029 0.000000 0.000000 -0.000000 -21.535575 -154.551963 -20.716625 -28.098673 -1.783560 9.604919 134.708064 1.580387 -1.071215 55.873690 0.000004 0.000012 -0.000000 -0.000000 -0.000000 
-0.000000 92.782967 11.173759 2.466233 -29.075101 1.259576 2.362953 -12.791084 1.906047 2.362955 -12.791087 1.906048 2.964987 -9.628100 1.162286 -2.573380 16.034576 -2.062987 -1.723889 19.241903 -2.491795 0.000000 -0.000000 0.000000 1.590653 76.208689 -22.602059 -24.121877 46.817477 29.265093 -177.951823 152.454344 169.230832 -1.698914 2.166950 6.136040 -0.000002 -0.000002 0.000001 -0.000002 -0.000002 0.000002 0.000000 -0.000004 -0.000000 -0.000000 0.000002 -0.000004 -0.000001 0.000000 0.000000 -0.000001 -0.000000 0.000000 -0.000002 -0.000000 0.000000 0.000001 -0.000000 0.000000 -0.000002 0.000000 0.000000 0.000001 0.000000 -0.000000 0.000000 -0.000000 0.000000 0.000000 -0.000000 -0.000000 -0.000002 0.000000 0.000000 -0.000001 0.000000 0.000000 -0.000000 0.000000 -0.000000 -0.000001 0.000000 0.000000 -0.000001 0.000000 0.000000 0.000001 0.000000 -0.000000 -0.000002 0.000000 -0.000000 -0.000000 0.000000 0.000000 -5.685085 52.871845 7.208380 72.442967 -55.993730 -10.607666 36.685021 -41.342237 140.494505 20.469379 28.365870 -19.085126 -0.000000 -0.000001 0.000003 -0.000000 -0.000000 -0.000000 -0.000000 0.000001 0.000001 -0.000001 -0.000002 -0.000002 0.000000 -0.000000 -0.000000 -0.000000 -0.000000 0.000001 -0.000000 -0.000000 -0.000003 -0.000000 -0.000000 0.000002 0.000000 -0.000000 -0.000002 0.000000 0.000000 -0.000001 -0.000000 0.000000 -0.000002 -0.000000 -0.000000 -0.000001 0.000000 -0.000000 -0.000002 0.000000 -0.000000 -0.000002 -0.000000 -0.000000 -0.000002 0.000000 0.000000 -0.000000 0.000000 -0.000000 -0.000003 -0.000000 -0.000000 0.000001 0.000000 -0.000000 0.000002 0.000000 -0.000000 0.000001 15.973794 -155.527314 19.961984 18.544893 -0.303319 -9.762923 114.818198 -1.707093 0.854914 63.402201 0.000001 0.000029 -0.000000 0.000000 -0.000000 -21.154744 -155.796123 -20.216202 -28.098674 -1.783560 9.604919 134.708064 1.580386 -1.071215 55.873690 0.000004 0.000012 -0.000000 0.000000 -0.000000 
-0.000000 93.067955 10.134635 2.202979 -27.528791 1.100238 2.136401 -12.110834 1.790347 2.136402 -12.110831 1.790347 2.683902 -9.116055 1.088397 -2.330996 15.177676 -1.965930 -1.563164 18.214506 -2.366093 0.000000 0.000001 -0.000000 1.309632 72.764840 -21.507943 -23.358431 38.660445 31.566925 -175.239554 145.019710 162.405328 -2.608825 3.082486 9.189945 0.000000 -0.000004 -0.000001 0.000003 -0.000000 -0.000000 -0.000002 -0.000001 0.000003 0.000000 -0.000000 0.000001 0.000001 0.000000 -0.000000 -0.000000 0.000001 -0.000001 0.000001 0.000000 0.000000 -0.000001 -0.000000 0.000000 0.000000 -0.000000 -0.000000 -0.000000 0.000000 -0.000000 -0.000000 -0.000000 -0.000000 -0.000001 -0.000000 0.000000 0.000001 0.000000 -0.000000 -0.000000 0.000000 -0.000000 -0.000001 -0.000000 0.000000 -0.000000 0.000000 0.000000 0.000002 0.000000 -0.000000 -0.000000 0.000000 0.000000 0.000001 0.000000 -0.000000 0.000001 -0.000001 0.000000 -4.774906 49.417477 7.033219 72.442967 -55.993734 -9.623024 33.826201 -42.239256 138.338064 19.501290 26.984151 -18.990380 -0.000003 -0.000002 0.000002 -0.000002 -0.000002 -0.000000 0.000001 0.000002 -0.000000 0.000001 -0.000002 -0.000002 0.000000 -0.000000 -0.000001 -0.000000 0.000000 -0.000001 -0.000000 -0.000000 -0.000001 -0.000000 -0.000000 -0.000002 0.000000 -0.000000 -0.000002 -0.000000 0.000000 0.000001 0.000000 -0.000000 -0.000002 -0.000000 -0.000000 0.000000 -0.000000 -0.000000 -0.000002 -0.000000 -0.000000 -0.000001 0.000000 -0.000000 -0.000002 0.000000 -0.000000 0.000000 0.000000 -0.000000 -0.000001 0.000000 0.000000 0.000000 0.000000 -0.000000 -0.000004 0.000000 -0.000000 -0.000002 15.971496 -157.008728 19.459603 18.544893 -0.303319 -9.762923 114.818198 -1.707093 0.854914 63.402201 0.000001 0.000029 0.000000 0.000000 -0.000000 -20.728121 -157.256800 -19.647084 -28.098674 -1.783560 9.604919 134.708064 1.580387 -1.071215 55.873693 0.000004 0.000012 -0.000000 0.000000 -0.000000 
-0.000000 93.383553 8.983601 1.920704 -25.812840 0.935543 1.887626 -11.356566 1.665544 1.887627 -11.356573 1.665545 2.373687 -8.548310 1.009478 -2.061675 14.228455 -1.854672 -1.383265 17.076067 -2.224283 0.000000 0.000000 0.000000 1.266150 68.922933 -20.548962 -22.078460 29.164088 34.137999 -170.134999 136.707315 152.793067 -3.688069 4.049000 12.639872 0.000002 -0.000004 -0.000003 0.000003 0.000001 0.000003 0.000003 -0.000003 -0.000000 0.000000 0.000000 -0.000003 -0.000000 0.000000 -0.000001 0.000000 0.000000 -0.000000 -0.000000 -0.000000 0.000001 0.000001 -0.000000 -0.000000 0.000000 0.000001 -0.000000 -0.000000 -0.000001 0.000000 -0.000000 -0.000000 -0.000000 -0.000000 -0.000000 -0.000000 -0.000001 0.000000 0.000000 0.000000 -0.000000 -0.000001 -0.000000 0.000000 0.000001 0.000001 -0.000000 0.000000 0.000000 0.000000 -0.000000 -0.000000 -0.000000 0.000000 -0.000000 0.000000 0.000000 -0.000000 -0.000001 0.000000 -3.844874 45.563314 6.942206 72.442947 -55.993730 -8.532350 30.548612 -43.137272 135.835742 18.441193 25.448457 -18.915620 -0.000001 -0.000002 0.000003 -0.000000 -0.000004 -0.000002 0.000000 0.000002 0.000001 0.000002 0.000001 -0.000002 0.000000 -0.000000 -0.000001 0.000000 -0.000000 0.000002 0.000000 -0.000000 -0.000003 -0.000000 0.000000 0.000003 0.000000 -0.000000 0.000001 0.000000 -0.000000 0.000001 0.000000 -0.000000 -0.000000 0.000000 0.000000 0.000001 0.000000 -0.000000 0.000001 0.000000 -0.000000 -0.000001 0.000000 0.000000 -0.000000 -0.000000 -0.000000 -0.000002 0.000000 -0.000000 0.000001 0.000000 -0.000000 0.000002 -0.000000 0.000000 -0.000001 -0.000000 -0.000000 -0.000003 15.985404 -158.651976 18.908880 18.544894 -0.303319 -9.762922 114.818212 -1.707093 0.854914 63.402201 0.000001 0.000029 0.000000 0.000000 -0.000000 -20.278092 -158.881306 -19.035956 -28.098674 -1.783559 9.604919 134.708064 1.580387 -1.071215 55.873686 0.000004 0.000012 -0.000000 -0.000000 -0.000000 
-0.000000 93.719177 7.759205 1.630342 -23.984880 0.773067 1.625440 -10.553468 1.536658 1.625442 -10.553463 1.536659 2.044982 -7.943829 0.928947 -1.774160 13.218905 -1.731911 -1.189702 15.864941 -2.070347 0.000000 0.000001 0.000000 1.394913 64.815326 -19.686246 -20.242671 18.706042 37.027261 -160.935936 128.488289 138.871830 -4.911578 5.011301 16.370710 0.000000 -0.000002 -0.000001 0.000004 -0.000002 -0.000002 0.000002 -0.000003 0.000001 0.000001 -0.000003 -0.000004 0.000000 0.000000 0.000001 -0.000000 -0.000001 0.000001 -0.000002 0.000002 -0.000001 0.000001 0.000000 0.000001 0.000000 0.000000 0.000002 0.000002 -0.000001 0.000001 -0.000001 -0.000000 -0.000001 -0.000000 0.000001 -0.000000 0.000001 0.000000 0.000002 0.000000 0.000001 -0.000000 -0.000002 -0.000000 -0.000000 0.000000 0.000000 0.000000 -0.000000 0.000001 0.000002 0.000001 0.000001 0.000000 -0.000002 0.000000 0.000001 0.000001 -0.000000 -0.000000 -2.922471 41.441859 6.942548 72.442974 -55.993734 -7.372163 26.944734 -43.974001 133.053205 17.327092 23.810881 -18.870288 -0.000000 0.000001 0.000006 -0.000001 0.000003 -0.000002 0.000001 0.000006 -0.000003 -0.000000 0.000000 -0.000000 0.000000 0.000000 -0.000000 -0.000000 -0.000000 -0.000001 0.000000 -0.000000 -0.000003 0.000000 -0.000000 0.000002 -0.000000 0.000000 -0.000000 -0.000000 -0.000000 -0.000001 0.000000 0.000000 -0.000000 0.000000 -0.000000 -0.000000 -0.000000 0.000000 -0.000000 0.000000 -0.000000 -0.000003 0.000000 -0.000000 -0.000002 0.000000 -0.000000 -0.000003 -0.000000 0.000000 0.000001 -0.000000 0.000000 0.000001 -0.000000 0.000000 -0.000000 0.000000 0.000000 -0.000002 16.018559 -160.401610 18.328664 18.544896 -0.303319 -9.762922 114.818198 -1.707093 0.854914 63.402201 0.000001 0.000029 -0.000000 0.000000 -0.000000 -19.824195 -160.615751 -18.406848 -28.098676 -1.783559 9.604919 134.708064 1.580386 -1.071215 55.873686 0.000004 0.000012 -0.000000 -0.000000 -0.000000 
-0.000000 94.064301 6.500008 1.341484 -22.103180 0.618776 1.358348 -9.726833 1.408241 1.358347 -9.726834 1.408242 1.708266 -7.321645 0.849809 -1.477260 12.181059 -1.600865 -0.988204 14.619555 -1.908621 0.000000 0.000001 -0.000000 1.642791 60.580499 -18.894969 -17.824255 7.808120 40.293011 -145.616191 122.064428 118.789830 -6.243138 5.920049 20.258901 0.000000 -0.000002 -0.000001 0.000002 0.000005 0.000002 -0.000002 0.000003 0.000001 -0.000002 0.000002 -0.000002 -0.000001 -0.000000 -0.000001 -0.000001 -0.000001 -0.000000 -0.000001 0.000001 0.000000 -0.000001 -0.000000 -0.000000 0.000001 0.000000 -0.000000 -0.000000 -0.000000 -0.000000 -0.000000 -0.000000 -0.000000 -0.000002 -0.000001 0.000001 0.000002 0.000000 -0.000001 -0.000000 0.000001 -0.000001 0.000002 0.000001 -0.000001 0.000001 0.000000 -0.000000 -0.000000 -0.000000 -0.000000 0.000002 0.000000 -0.000000 -0.000000 0.000001 0.000002 -0.000001 0.000001 -0.000001 -2.026088 37.192115 7.029452 72.442967 -55.993734 -6.179084 23.127229 -44.698312 130.076691 16.194747 22.124385 -18.859477 -0.000002 -0.000004 -0.000000 -0.000000 -0.000000 -0.000000 -0.000000 -0.000001 -0.000000 0.000003 0.000003 -0.000000 -0.000000 -0.000000 -0.000001 -0.000000 -0.000000 -0.000003 -0.000000 0.000000 0.000000 0.000000 -0.000000 -0.000000 -0.000000 -0.000000 -0.000001 -0.000000 -0.000000 0.000000 0.000000 -0.000000 -0.000002 0.000000 0.000000 -0.000002 -0.000000 -0.000000 -0.000001 -0.000000 -0.000000 0.000000 -0.000000 -0.000000 -0.000002 -0.000000 -0.000000 -0.000001 -0.000000 -0.000000 0.000000 -0.000000 0.000000 -0.000000 -0.000000 -0.000000 -0.000003 -0.000000 -0.000000 -0.000002 16.071794 -162.201598 17.736915 18.544894 -0.303319 -9.762922 114.818212 -1.707093 0.854914 63.402194 0.000001 0.000029 -0.000000 0.000000 -0.000000 -19.382724 -162.405137 -17.781028 -28.098674 -1.783559 9.604919 134.708064 1.580387 -1.071215 55.873690 0.000004 0.000012 -0.000000 -0.000000 -0.000000 
-0.000000 94.408340 5.244557 1.062483 -20.226348 0.477079 1.094530 -8.902073 1.284331 1.094530 -8.902074 1.284332 1.373846 -6.700854 0.774617 -1.179914 11.146934 -1.465337 -0.784766 13.378390 -1.743851 -0.000000 0.000000 0.000000 1.967405 56.360167 -18.163368 -14.814709 -2.918964 43.978598 -124.834370 119.562407 93.368782 -7.635678 6.735632 24.173696 0.000003 -0.000001 -0.000000 0.000002 0.000005 0.000002 0.000001 0.000001 -0.000000 0.000003 -0.000006 -0.000002 0.000001 0.000001 -0.000001 0.000001 0.000000 -0.000001 -0.000002 0.000001 0.000000 -0.000002 -0.000000 -0.000001 0.000001 0.000000 -0.000002 -0.000000 0.000001 -0.000002 0.000001 -0.000000 -0.000001 -0.000001 0.000000 0.000001 0.000001 -0.000000 -0.000001 0.000001 0.000001 -0.000001 0.000000 0.000000 -0.000002 0.000001 0.000000 0.000003 0.000001 0.000000 -0.000002 0.000001 -0.000001 0.000002 -0.000002 -0.000000 0.000001 -0.000001 0.000000 0.000002 -1.169813 32.956581 7.190077 72.442947 -55.993730 -4.989831 19.228197 -45.275135 127.012313 15.077953 20.442406 -18.883784 0.000001 -0.000001 0.000003 0.000001 0.000003 -0.000000 -0.000000 0.000001 -0.000001 -0.000001 0.000000 -0.000006 0.000000 -0.000000 -0.000001 0.000000 0.000000 0.000001 0.000000 -0.000000 -0.000001 -0.000000 -0.000000 -0.000000 0.000000 -0.000000 -0.000002 -0.000000 -0.000000 -0.000003 -0.000000 0.000000 0.000001 0.000000 -0.000000 0.000001 0.000000 -0.000000 -0.000002 0.000000 -0.000000 0.000002 0.000000 -0.000000 -0.000000 0.000000 -0.000000 0.000002 -0.000000 -0.000000 0.000000 -0.000000 0.000000 -0.000001 -0.000000 0.000000 -0.000001 -0.000000 -0.000000 -0.000000 16.143658 -163.995697 17.150906 18.544894 -0.303319 -9.762924 114.818198 -1.707093 0.854914 63.402194 0.000001 0.000029 -0.000000 0.000000 -0.000000 -18.966877 -164.193568 -17.177007 -28.098678 -1.783559 9.604918 134.708064 1.580387 -1.071215 55.873693 0.000004 0.000012 -0.000000 0.000000 -0.000000 
0.000000 94.740761 4.031412 0.800687 -18.413106 0.351007 0.841870 -8.104656 1.168458 0.841871 -8.104657 1.168459 1.051870 -6.100606 0.705465 -0.891213 10.148469 -1.329731 -0.585690 12.179850 -1.581224 -0.000000 0.000000 -0.000000 2.333812 52.295535 -17.489565 -11.245241 -12.876880 48.083948 -105.009835 121.673482 69.175364 -9.033468 7.431161 27.980143 -0.000001 -0.000004 -0.000003 0.000002 -0.000000 0.000001 -0.000002 -0.000001 0.000003 0.000003 -0.000006 -0.000004 -0.000001 0.000001 0.000000 -0.000001 -0.000000 0.000001 -0.000001 -0.000000 -0.000000 -0.000000 0.000000 -0.000000 -0.000001 0.000001 -0.000001 -0.000000 -0.000001 0.000001 0.000000 -0.000000 -0.000002 -0.000001 0.000000 -0.000002 -0.000001 0.000000 -0.000001 -0.000001 0.000000 -0.000002 0.000000 0.000000 -0.000001 0.000001 0.000000 0.000000 -0.000001 0.000001 -0.000002 0.000000 -0.000000 0.000000 -0.000001 0.000000 -0.000001 0.000000 0.000001 0.000001 -0.366833 28.877265 7.406274 72.442953 -55.993734 -3.841070 15.394113 -45.688829 123.981116 14.009003 18.818284 -18.939544 -0.000002 -0.000001 0.000006 -0.000000 -0.000000 -0.000004 -0.000001 -0.000001 0.000003 0.000000 -0.000001 -0.000005 0.000000 0.000000 0.000001 -0.000000 -0.000000 0.000001 -0.000000 0.000000 -0.000001 -0.000000 0.000000 0.000003 -0.000000 0.000000 0.000001 -0.000000 0.000000 0.000002 -0.000000 0.000000 -0.000000 0.000000 0.000000 -0.000001 0.000000 0.000000 0.000001 0.000000 -0.000000 0.000000 0.000000 -0.000000 -0.000002 -0.000000 -0.000000 0.000001 -0.000000 0.000000 0.000004 0.000000 0.000000 -0.000001 -0.000000 0.000000 -0.000002 -0.000000 -0.000000 -0.000000 16.230488 -165.727751 16.587524 18.544893 -0.303318 -9.762922 114.818212 -1.707093 0.854914 63.402201 0.000001 0.000029 0.000000 0.000000 -0.000000 -18.586956 -165.924665 -16.611032 -28.098671 -1.783559 9.604920 134.708064 1.580387 -1.071215 55.873690 0.000004 0.000012 -0.000000 -0.000000 -0.000000 
-0.000000 95.050995 2.899127 0.562678 -16.721872 0.242455 0.607987 -7.360081 1.063692 0.607986 -7.360084 1.063693 0.752356 -5.540108 0.644022 -0.620442 9.217448 -1.199028 -0.397597 11.062178 -1.426359 0.000000 -0.000000 0.000000 2.711774 48.523641 -16.878892 -7.220830 -21.584182 52.529267 -91.238384 126.651392 51.434695 -10.375579 7.993772 31.542862 -0.000001 -0.000002 0.000001 0.000001 0.000001 0.000003 -0.000001 -0.000004 0.000002 0.000002 -0.000003 -0.000002 0.000001 -0.000000 0.000002 0.000000 0.000000 -0.000001 0.000002 -0.000000 -0.000000 0.000001 -0.000000 0.000000 0.000001 -0.000000 0.000002 -0.000000 0.000000 0.000000 0.000001 0.000000 -0.000001 0.000000 0.000000 -0.000001 -0.000000 -0.000000 0.000001 0.000001 -0.000000 0.000001 0.000000 0.000001 -0.000000 0.000001 -0.000001 -0.000000 0.000000 -0.000000 0.000001 -0.000000 0.000000 -0.000001 0.000001 -0.000001 0.000002 -0.000001 -0.000000 0.000001 0.368440 25.091943 7.656352 72.442933 -55.993730 -2.769463 11.777573 -45.944090 121.110592 13.019213 17.304841 -19.019398 -0.000000 -0.000002 0.000004 -0.000002 -0.000002 -0.000001 0.000000 0.000001 -0.000000 0.000000 -0.000003 -0.000004 0.000000 0.000000 -0.000001 -0.000000 0.000000 -0.000001 0.000000 -0.000000 0.000000 -0.000000 0.000000 -0.000001 0.000000 0.000000 0.000001 -0.000000 -0.000000 0.000000 -0.000000 0.000000 0.000001 0.000000 -0.000000 -0.000001 0.000000 0.000000 0.000001 -0.000000 0.000000 -0.000002 -0.000000 -0.000000 -0.000003 0.000000 0.000000 -0.000002 0.000000 0.000000 0.000000 -0.000000 -0.000000 -0.000000 -0.000000 0.000000 0.000001 -0.000000 0.000000 0.000003 16.326631 -167.341998 16.063517 18.544893 -0.303319 -9.762922 114.818198 -1.707093 0.854914 63.402201 0.000001 0.000029 -0.000000 0.000000 -0.000000 -18.250918 -167.541959 -16.097427 -28.098673 -1.783559 9.604917 134.708064 1.580387 -1.071215 55.873690 0.000004 0.000012 -0.000000 0.000000 -0.000000 
-0.000000 95.328491 1.886254 0.354545 -15.210611 0.152464 0.400301 -6.693866 0.972710 0.400300 -6.693862 0.972710 0.485213 -5.038539 0.591583 -0.377081 8.385493 -1.078716 -0.227410 10.063373 -1.285266 0.000001 0.000001 -0.000000 3.073936 45.174683 -16.341882 -2.958167 -28.739551 57.117129 -82.984865 132.361307 39.723718 -11.599756 8.423823 34.729658 0.000000 -0.000002 0.000001 0.000000 0.000001 -0.000001 -0.000002 0.000003 0.000001 0.000000 -0.000002 -0.000001 0.000000 -0.000000 0.000001 -0.000001 0.000000 -0.000001 0.000000 -0.000000 0.000002 -0.000000 -0.000001 0.000002 -0.000000 0.000000 0.000001 -0.000000 -0.000000 -0.000001 0.000000 -0.000000 -0.000001 0.000000 -0.000000 -0.000000 -0.000000 -0.000000 0.000000 -0.000000 -0.000000 0.000000 -0.000000 0.000000 0.000000 -0.000001 -0.000000 -0.000000 0.000001 -0.000000 0.000000 -0.000000 0.000000 -0.000001 -0.000001 -0.000000 -0.000000 -0.000000 -0.000000 -0.000000 1.019229 21.731393 7.916268 72.442967 -55.993727 -1.811452 8.528489 -46.064032 118.526117 12.139442 15.954040 -19.113005 0.000001 0.000001 0.000006 -0.000001 -0.000004 -0.000006 -0.000000 0.000006 0.000001 0.000001 -0.000001 -0.000005 0.000000 -0.000000 0.000002 0.000000 0.000000 0.000001 0.000000 -0.000000 0.000001 0.000000 0.000000 -0.000001 0.000000 -0.000000 0.000002 0.000000 0.000000 -0.000000 -0.000000 -0.000000 0.000000 -0.000000 0.000000 0.000001 0.000000 -0.000000 0.000002 0.000000 -0.000000 -0.000000 0.000000 -0.000000 -0.000001 0.000000 -0.000000 0.000001 0.000000 -0.000000 -0.000001 -0.000000 0.000000 -0.000001 -0.000000 -0.000000 0.000003 -0.000000 0.000000 -0.000002 16.424778 -168.783386 15.595740 18.544891 -0.303319 -9.762923 114.818198 -1.707093 0.854914 63.402201 0.000001 0.000029 -0.000000 0.000000 -0.000000 -17.964851 -168.989194 -15.649268 -28.098673 -1.783560 9.604920 134.708064 1.580387 -1.071215 55.873690 0.000004 0.000012 -0.000000 0.000000 -0.000000 
-0.000000 95.562698 1.031354 0.182131 -13.936653 0.081528 0.226093 -6.131461 0.897903 0.226092 -6.131460 0.897904 0.260287 -4.615091 0.549168 -0.170785 7.684021 -0.974664 -0.082310 9.221216 -1.164273 0.000000 -0.000000 0.000000 3.394842 42.371096 -15.892783 1.192428 -34.226652 61.511154 -78.236716 137.525135 32.127984 -12.645598 8.732001 37.413877 0.000000 -0.000002 -0.000003 0.000000 -0.000000 0.000002 0.000000 -0.000001 -0.000002 0.000001 0.000000 -0.000002 -0.000000 0.000000 -0.000000 0.000000 0.000000 -0.000000 -0.000001 -0.000000 0.000000 0.000000 -0.000000 -0.000000 -0.000000 0.000000 -0.000001 -0.000000 -0.000000 0.000000 0.000000 0.000000 -0.000000 0.000000 -0.000000 0.000001 0.000000 -0.000000 -0.000001 0.000000 0.000000 -0.000001 -0.000000 -0.000000 -0.000001 -0.000000 -0.000000 -0.000000 -0.000000 0.000000 0.000001 0.000000 0.000000 0.000001 -0.000000 0.000000 0.000002 0.000000 0.000000 0.000001 1.566023 18.918442 8.160599 72.442947 -55.993727 -1.003417 5.787519 -46.085574 116.344049 11.400480 14.816782 -19.207955 -0.000002 -0.000002 0.000006 0.000001 0.000001 -0.000002 -0.000000 0.000002 -0.000006 0.000001 0.000004 -0.000004 0.000000 0.000000 0.000003 0.000000 -0.000000 -0.000001 -0.000000 -0.000000 -0.000001 -0.000000 -0.000000 -0.000001 0.000000 0.000000 0.000003 -0.000000 -0.000000 -0.000001 0.000000 0.000000 0.000003 -0.000000 0.000000 -0.000001 0.000000 -0.000000 0.000003 0.000000 0.000000 -0.000001 0.000000 0.000000 0.000001 0.000000 -0.000000 0.000002 0.000000 -0.000000 0.000001 -0.000000 0.000000 0.000000 0.000000 0.000000 0.000001 0.000000 -0.000000 -0.000001 16.516424 -169.997589 15.201290 18.544894 -0.303319 -9.762923 114.818212 -1.707093 0.854914 63.402194 0.000001 0.000029 0.000000 0.000000 -0.000000 -17.733695 -170.210609 -15.278824 -28.098671 -1.783559 9.604919 134.708064 1.580386 -1.071215 55.873693 0.000004 0.000012 -0.000000 -0.000000 -0.000000 
0.000000 95.743057 0.372977 0.051257 -12.956769 0.029934 0.092591 -5.698319 0.841521 0.092593 -5.698319 0.841521 0.087399 -4.288932 0.517649 -0.011332 7.144286 -0.892967 0.030366 8.573254 -1.069889 -0.000000 -0.000001 -0.000000 3.650515 40.228684 -15.548453 4.764794 -38.069152 65.254364 -75.574021 141.528814 27.317171 -13.456398 8.934907 39.474901 0.000000 -0.000002 -0.000002 0.000001 -0.000000 0.000003 0.000001 -0.000001 -0.000000 0.000001 -0.000009 -0.000002 0.000000 -0.000000 0.000000 0.000000 0.000000 -0.000001 0.000000 -0.000000 0.000003 0.000000 -0.000000 0.000003 -0.000000 0.000000 0.000000 0.000000 -0.000000 0.000001 -0.000000 -0.000000 0.000000 -0.000000 0.000000 0.000002 -0.000000 -0.000000 0.000000 0.000000 -0.000000 -0.000001 0.000000 0.000000 0.000000 -0.000000 0.000000 0.000001 0.000000 -0.000000 -0.000000 -0.000000 0.000000 -0.000001 0.000000 0.000000 0.000001 0.000000 0.000000 0.000001 1.986767 16.769142 8.363648 72.442933 -55.993744 -0.381512 3.683590 -46.052769 114.669300 10.833337 13.943070 -19.290823 -0.000002 0.000001 -0.000000 -0.000000 -0.000002 -0.000002 0.000000 0.000001 -0.000001 0.000002 0.000000 -0.000002 -0.000000 -0.000000 -0.000001 -0.000000 -0.000000 0.000002 0.000000 0.000000 -0.000001 -0.000000 -0.000000 0.000001 -0.000000 -0.000000 -0.000000 -0.000000 0.000000 -0.000001 -0.000000 0.000000 0.000001 0.000000 0.000000 0.000001 -0.000000 -0.000000 -0.000001 0.000000 -0.000000 -0.000003 -0.000000 0.000000 -0.000000 0.000000 -0.000000 0.000001 0.000000 0.000000 -0.000003 -0.000000 -0.000000 -0.000001 0.000000 0.000000 0.000001 0.000000 0.000000 0.000001 16.592447 -170.930948 14.897590 18.544894 -0.303319 -9.762923 114.818198 -1.707093 0.854914 63.402194 0.000001 0.000029 -0.000000 0.000000 -0.000000 -17.561917 -171.150908 -14.998173 -28.098673 -1.783559 9.604918 134.708064 1.580387 -1.071215 55.873693 0.000004 0.000012 -0.000000 0.000000 -0.000000 
-0.000000 95.859009 -0.050327 -0.032055 -12.327393 -0.001875 0.007056 -5.419825 0.805829 0.007056 -5.419824 0.805830 -0.023606 -4.079217 0.497910 0.091465 6.797516 -0.839723 0.103246 8.156959 -1.008650 0.000000 -0.000001 0.000000 3.818561 38.859648 -15.327467 7.242612 -40.352167 67.835130 -74.211966 144.073374 24.594746 -13.979351 9.049526 40.796413 0.000001 -0.000006 -0.000003 -0.000001 0.000003 -0.000001 -0.000001 -0.000003 0.000003 -0.000001 0.000000 -0.000001 -0.000000 0.000000 0.000000 0.000000 0.000000 -0.000001 -0.000000 0.000000 -0.000001 -0.000000 -0.000000 0.000000 -0.000000 0.000000 0.000000 -0.000000 -0.000000 0.000001 -0.000000 0.000000 -0.000001 0.000000 -0.000000 0.000000 0.000000 -0.000000 0.000000 0.000000 0.000000 -0.000001 0.000000 0.000000 0.000000 -0.000000 0.000000 0.000000 -0.000000 0.000000 -0.000000 0.000000 0.000000 -0.000001 -0.000000 -0.000000 0.000000 -0.000000 0.000000 -0.000001 2.257510 15.395858 8.500839 72.442947 -55.993727 0.018128 2.336149 -46.009162 113.597193 10.469480 13.382402 -19.348517 -0.000001 -0.000002 0.000002 -0.000001 0.000003 -0.000000 -0.000000 -0.000001 0.000001 -0.000002 -0.000005 -0.000004 -0.000000 -0.000000 0.000001 -0.000000 0.000000 0.000001 -0.000000 -0.000000 0.000000 -0.000000 -0.000000 -0.000000 -0.000000 0.000000 -0.000001 0.000000 0.000000 0.000000 -0.000000 -0.000000 -0.000001 -0.000000 0.000000 0.000002 -0.000000 -0.000000 -0.000001 -0.000000 0.000000 -0.000001 -0.000000 0.000000 0.000001 0.000000 -0.000000 0.000001 -0.000000 -0.000000 -0.000001 -0.000000 0.000000 0.000002 -0.000000 0.000000 0.000001 -0.000000 -0.000000 0.000001 16.643808 -171.530174 14.702300 18.544896 -0.303319 -9.762922 114.818212 -1.707093 0.854914 63.402194 0.000001 0.000029 0.000000 0.000000 -0.000000 -17.454260 -171.755229 -14.819796 -28.098671 -1.783559 9.604919 134.708064 1.580387 -1.071215 55.873693 0.000004 0.000012 -0.000000 0.000000 -0.000000 
-0.000000 95.900009 -0.199993 -0.061361 -12.104990 -0.012869 -0.023131 -5.321359 0.793314 -0.023133 -5.321362 0.793314 -0.062832 -4.005064 0.491028 0.127865 6.674956 -0.820763 0.129097 8.009825 -0.986894 0.000000 0.000000 0.000000 3.878642 38.377262 -15.249383 8.153327 -41.123213 68.781023 -73.785591 144.964099 23.691259 -14.164506 9.087094 41.263003 0.000002 -0.000006 -0.000003 0.000000 0.000005 0.000004 -0.000002 0.000003 -0.000000 -0.000000 0.000002 -0.000004 -0.000000 0.000000 -0.000001 -0.000000 0.000000 -0.000000 0.000000 -0.000000 -0.000000 0.000000 -0.000000 -0.000002 -0.000000 0.000000 -0.000001 0.000000 -0.000000 -0.000002 0.000000 -0.000000 -0.000001 -0.000000 -0.000000 0.000001 -0.000000 0.000000 -0.000001 -0.000000 -0.000000 -0.000002 0.000000 0.000000 -0.000001 -0.000000 -0.000000 0.000001 0.000000 -0.000000 -0.000002 0.000000 0.000000 -0.000001 0.000000 -0.000000 0.000001 -0.000000 0.000000 0.000002 2.353327 14.912002 8.550564 72.442953 -55.993734 0.159399 1.860965 -45.989573 113.219265 10.340955 13.184371 -19.369735 -0.000000 0.000001 0.000005 0.000001 0.000003 -0.000002 -0.000000 0.000004 0.000004 0.000000 0.000000 -0.000004 0.000000 0.000000 0.000003 0.000000 0.000000 0.000000 0.000000 -0.000000 0.000000 -0.000000 0.000000 0.000001 -0.000000 -0.000000 -0.000001 0.000000 -0.000000 -0.000001 0.000000 0.000000 0.000001 -0.000000 -0.000000 -0.000000 -0.000000 0.000000 -0.000001 -0.000000 0.000000 -0.000001 0.000000 -0.000000 0.000001 0.000000 -0.000000 0.000000 0.000000 -0.000000 0.000000 -0.000000 -0.000000 0.000000 0.000000 0.000000 -0.000001 -0.000000 -0.000000 -0.000001 16.662434 -171.741869 14.633235 18.544889 -0.303319 -9.762920 114.818198 -1.707097 0.854916 63.402194 0.000000 0.000022 0.000000 0.000000 -0.000000 -17.416713 -171.968850 -14.757102 -28.098679 -1.783561 9.604916 134.708064 1.580389 -1.071216 55.873693 0.000002 0.000011 -0.000000 0.000000 -0.000000 
