Frame,root_translateX,root_translateY,root_translateZ,root_rotateX,root_rotateY,root_rotateZ,left_hip_pitch_joint_dof,left_hip_roll_joint_dof,left_hip_yaw_joint_dof,left_knee_joint_dof,left_ankle_pitch_joint_dof,left_ankle_roll_joint_dof,right_hip_pitch_joint_dof,right_hip_roll_joint_dof,right_hip_yaw_joint_dof,right_knee_joint_dof,right_ankle_pitch_joint_dof,right_ankle_roll_joint_dof,waist_yaw_joint_dof,waist_roll_joint_dof,waist_pitch_joint_dof,left_shoulder_pitch_joint_dof,left_shoulder_roll_joint_dof,left_shoulder_yaw_joint_dof,left_elbow_joint_dof,left_wrist_roll_joint_dof,left_wrist_pitch_joint_dof,left_wrist_yaw_joint_dof,right_shoulder_pitch_joint_dof,right_shoulder_roll_joint_dof,right_shoulder_yaw_joint_dof,right_elbow_joint_dof,right_wrist_roll_joint_dof,right_wrist_pitch_joint_dof,right_wrist_yaw_joint_dof
0,0.15304096,-0.09584824,78.27948532,2.53096321,-1.48781644,101.76789634,5.03562800,16.82908000,19.18099800,5.90856000,5.49450540,-11.24960700,16.18489000,-25.54142800,-36.65423200,4.88170200,3.98696020,15.00003300,0.35250944,4.72642100,6.80314540,4.34728700,20.37576000,-35.42658000,65.30536000,-4.15950600,1.67022850,9.61207200,44.11483400,-42.98092700,35.82336800,-25.90379300,19.64638000,-30.30201000,-8.77887250
1,0.14574701,-0.06204955,78.28582237,2.51708290,-1.39447646,101.92911263,4.91916000,16.84339100,19.18181600,5.87602700,5.55356600,-11.26711100,16.18149000,-25.42615300,-36.50609600,4.76937870,4.00477200,15.00003300,0.35577118,4.80477760,6.75735570,4.36868570,20.39518000,-35.40698600,65.07744000,-4.40472800,1.67829550,9.58349200,44.28321500,-43.21684600,35.96956600,-25.95666300,19.79345000,-30.01737200,-9.13074600
2,0.13519594,-0.02414285,78.29812820,2.44893791,-1.38188087,102.08201599,4.85831930,16.87006000,18.92182000,5.85655930,5.55344530,-11.32767800,16.17288400,-25.35205700,-36.42038700,4.93877030,3.91036630,15.00003300,0.35080916,4.86770800,6.74422800,4.40279600,20.41346200,-35.35539600,64.90852000,-4.49931860,1.66428710,9.42611800,44.50365000,-43.42614400,36.05841000,-25.98044200,20.07293500,-29.80108500,-9.23008500
3,0.12658979,0.01744878,78.30869566,2.42525882,-1.41443493,102.20044035,4.87303400,16.87661400,18.79552000,5.85129600,5.58902500,-11.36129100,16.31977500,-25.28307300,-36.45799000,4.87513880,3.91960840,15.00003300,0.32629073,4.87911650,6.74990000,4.46854100,20.42953000,-35.28393600,64.76400000,-4.55755570,1.63863090,9.33325500,44.68595500,-43.57421500,36.09565000,-26.01717600,20.03050600,-29.53361000,-9.26131800
4,0.11954402,0.06135793,78.29952251,2.48383805,-1.40476244,102.25411795,4.86680940,16.78769300,18.67874500,5.85043900,5.57033300,-11.36703500,16.34364900,-25.38870600,-36.53545400,4.98981500,3.87203840,15.00003300,0.33460015,4.85149530,6.75214500,4.54173760,20.44665500,-35.16350000,64.66003000,-4.66899700,1.59887900,9.34160400,44.87451600,-43.72064000,36.12558000,-26.14143000,20.45454800,-29.04139500,-9.27381800
5,0.11268924,0.10494571,78.27199410,2.48643172,-1.30618413,102.30607766,4.77495050,16.77946700,18.63197900,5.84693900,5.43001560,-11.40279000,16.28883700,-25.40778500,-36.60505300,5.03572900,3.74404530,15.00003300,0.17214954,4.80590250,6.69744440,4.67777250,20.47564700,-35.08199300,64.58189400,-4.79282860,1.56346190,9.37255800,45.09403200,-43.83145000,35.94354000,-26.30159000,21.68020800,-28.33131800,-8.65317300
6,0.10783429,0.14758682,78.26825780,2.48207433,-1.31369015,102.40726978,4.77664500,16.78626600,18.59963000,5.84934000,5.40157560,-11.35732900,16.45353100,-25.33746700,-36.69823000,4.87225100,3.77772200,15.00003300,0.16614282,4.83164360,6.70531560,4.72898530,20.50662000,-35.05349300,64.45862000,-4.77662200,1.54230230,9.32960500,45.29588000,-43.94931000,35.93374600,-26.37838200,22.00216000,-28.09391600,-8.52067400
7,0.10352632,0.18759274,78.26701420,2.48588973,-1.28682215,102.49915572,4.74847400,16.79338600,18.61756700,5.84972800,5.40616940,-11.32319000,16.49081600,-25.37031200,-36.84177000,4.95752860,3.64158250,15.00003300,0.10833983,4.82578130,6.70625540,4.79828640,20.53921000,-35.02264800,64.35567000,-4.77202200,1.54879260,9.27489600,45.46964000,-44.05652600,35.91545500,-26.43674000,22.36175700,-27.85981600,-8.51054900
8,0.10182957,0.22467612,78.28323842,2.45984149,-1.24720347,102.57243642,4.70906200,16.83093800,18.61763600,5.84818740,5.45587500,-11.22189900,16.53583300,-25.33801000,-36.99603300,4.95225100,3.57502960,15.00003300,0.12828735,4.82263660,6.71045500,4.80996200,20.55506100,-35.05562200,64.28815000,-4.49275160,1.57708170,9.16516300,45.57311000,-44.10323000,35.98272700,-26.32844400,22.16548200,-28.06798400,-8.90598400
9,0.10296294,0.25817904,78.24032546,2.46610054,-1.22243581,102.70355830,4.66004800,16.84179300,18.62676000,5.85190800,5.26546200,-11.20476400,16.68254000,-25.33114200,-37.28925300,4.86388400,3.51839420,15.00003300,0.05136720,4.79064130,6.68537900,4.80192200,20.59454700,-35.08232000,64.28675000,-4.59505560,1.58339990,9.20460500,45.72553300,-44.18356000,35.97229800,-26.41367300,23.02455500,-27.53152500,-8.31874200
10,0.10879143,0.28772506,78.23308707,2.48823665,-1.28783932,102.84797541,4.68010100,16.82296400,18.55284300,5.86932000,5.26501560,-11.17838400,16.85704000,-25.37188100,-37.53078500,4.93484000,3.35743700,15.00003300,0.08428022,4.77451130,6.67255930,4.78510240,20.61555500,-34.97496800,64.21184500,-4.64678600,1.60655220,9.06904500,45.90309500,-44.22170600,35.94804000,-26.48986400,24.13098000,-27.16943000,-7.98009200
11,0.11641174,0.31667507,78.21658632,2.47871269,-1.28125292,102.90384692,4.67542500,16.86251300,18.60678900,5.87715100,5.18814130,-11.12284850,16.96223400,-25.35249000,-37.78102500,4.87628300,3.32234930,15.00003300,0.08884955,4.77049830,6.68320900,4.80618240,20.63960300,-34.90762000,64.15858500,-4.60245850,1.60454060,8.97129200,46.03380000,-44.25863300,35.93736000,-26.51437200,24.24764000,-27.08712400,-7.89174900
12,0.12586816,0.34520879,78.22129338,2.51093124,-1.21176328,102.87680935,4.62584640,16.83525500,18.59403400,5.88077450,5.24223330,-11.11116900,16.95758400,-25.39390600,-37.99413000,4.81942500,3.23362110,15.00003300,0.12595652,4.74226950,6.69660900,4.82524500,20.64288900,-34.89068000,64.14667000,-4.73712100,1.61381630,8.94788600,46.10494600,-44.26253000,35.94278000,-26.50687800,24.36484100,-26.89063300,-7.89964630
13,0.13339294,0.37280804,78.19498230,2.52966452,-1.13030523,102.84623548,4.59979340,16.86921700,18.80585700,5.87847000,5.14903600,-11.05199200,16.88650300,-25.42638800,-38.02436000,4.83156800,3.30172320,15.00003300,0.08215225,4.73020740,6.72065600,4.84953800,20.66750700,-34.92590300,64.19116000,-4.62327400,1.59383170,9.07119100,46.13366300,-44.29150000,35.99140000,-26.56009000,24.31806400,-26.94904500,-8.05278100
14,0.14084411,0.39663148,78.20216593,2.54582680,-1.09060635,102.85395023,4.55056140,16.83088100,18.65829500,5.87808100,5.19453530,-11.07825300,16.91052400,-25.43922200,-38.19789000,4.78516770,3.25803700,15.00003300,0.09733479,4.72194340,6.72230400,4.91179940,20.70422200,-34.83422000,64.11995000,-4.76596000,1.60257760,9.05490500,46.23608800,-44.32995600,36.01834000,-26.58906700,24.05631400,-26.76302100,-8.07897600
15,0.14490917,0.41657510,78.19695268,2.50786087,-1.07995044,102.91015233,4.54282670,16.90443400,18.73805000,5.87889670,5.16420200,-11.05110200,16.93272000,-25.39370500,-38.25046500,4.81920580,3.32713800,15.00003300,0.05739360,4.74036070,6.75171000,4.95105930,20.74200400,-34.74718500,64.05256000,-4.68682430,1.57452020,9.03704200,46.28052000,-44.36488300,36.02078600,-26.58411800,24.16189600,-26.89015200,-7.89232830
16,0.15042637,0.43048206,78.17674112,2.50200908,-1.07455918,102.98122386,4.52878950,16.93694700,18.79332200,5.87761100,5.09494400,-11.05816650,16.95991700,-25.37452100,-38.27407000,4.84148840,3.33445880,15.00003300,0.05968627,4.74381300,6.75021120,4.94447370,20.77577200,-34.61914400,64.02880000,-4.69109340,1.58695190,9.05023300,46.37581600,-44.39346700,36.03317000,-26.62343600,24.04931000,-26.82652500,-7.63614200
17,0.15511334,0.43924385,78.17810962,2.49072886,-1.08423516,103.06923509,4.50046900,16.93892300,18.69581200,5.87284700,5.10829100,-11.06990500,17.00802200,-25.34495500,-38.30209400,4.86156500,3.34724860,15.00003300,0.05925358,4.75718930,6.79326400,4.92159270,20.80830800,-34.57414200,63.94965700,-4.79042630,1.66161610,9.02491300,46.41272400,-44.42178700,36.09929000,-26.58579000,24.06781000,-26.79383000,-7.47425300
18,0.16343617,0.44169059,78.19432762,2.45595915,-1.04096866,103.07878557,4.44299840,16.98678600,18.68036300,5.88179160,5.16660450,-11.03595200,16.97867200,-25.28580000,-38.35564400,4.82784700,3.35747840,15.00003300,0.10901960,4.75906560,6.79395630,4.90157900,20.81938000,-34.55368400,63.90299000,-4.82494500,1.63012170,9.02754400,46.41761000,-44.43034000,36.11931200,-26.51830900,23.79093400,-26.72924200,-7.50054900
19,0.17347151,0.43931472,78.19144450,2.47016980,-1.07359185,103.12668618,4.44835100,16.97130600,18.63196200,5.88209500,5.19450500,-11.08288400,17.04321500,-25.29898300,-38.43706000,4.83962060,3.37680500,15.00003300,0.13003370,4.76550440,6.82742930,4.86969570,20.84919200,-34.50586000,63.84650000,-4.82824230,1.65726830,9.02778100,46.44375200,-44.44696800,36.20175000,-26.54544800,23.80754000,-26.74315800,-7.46382900
20,0.18687540,0.43288952,78.19275106,2.49174598,-1.08413552,103.13582154,4.44898700,16.96164500,18.64860500,5.88490060,5.24373300,-11.07506200,17.06375700,-25.31602300,-38.47852300,4.83345460,3.37584020,15.00003300,0.18213424,4.76506500,6.83134030,4.83169100,20.85580800,-34.50368500,63.81011600,-4.92133330,1.64281630,9.01053400,46.44026600,-44.45096200,36.23303000,-26.57184400,23.81437100,-26.63392800,-7.46975900
21,0.20281941,0.42322236,78.18705676,2.48560030,-1.08294591,103.18508535,4.41093700,16.97729300,18.60834700,5.88921800,5.23928200,-11.07574750,17.08768000,-25.29866800,-38.58147400,4.83017830,3.31093600,15.00003300,0.20347205,4.74268150,6.81400500,4.76536600,20.87657200,-34.48109400,63.80803300,-4.98883630,1.64726000,9.03316100,46.43902200,-44.45907200,36.29634000,-26.57078600,23.79289000,-26.48607800,-7.49142800
22,0.21903189,0.41363329,78.17499388,2.50574718,-1.13148913,103.28054315,4.41650700,16.98031200,18.64684500,5.89828870,5.24210200,-11.06430900,17.18897800,-25.31007400,-38.70709000,4.84033780,3.30270300,15.00003300,0.21895677,4.74483200,6.83079620,4.70396230,20.88482300,-34.46188700,63.75452400,-5.05079900,1.62716580,9.02642250,46.48308600,-44.46000000,36.31905700,-26.60106500,23.79589000,-26.46123300,-7.57553700
23,0.23516198,0.40598735,78.16006298,2.52949779,-1.18507424,103.35956930,4.43727300,16.97897500,18.69118100,5.90348670,5.22183470,-11.01577300,17.30874800,-25.33050200,-38.87444700,4.82933000,3.31297900,15.00003300,0.22683431,4.74248600,6.85857250,4.62823500,20.89740400,-34.42939800,63.74354000,-5.00859260,1.61490190,8.99736500,46.53290600,-44.45942700,36.34928000,-26.66732200,24.10104000,-26.36903000,-7.57588240
24,0.24956332,0.40242752,78.13761801,2.51956808,-1.20005363,103.49576290,4.39300700,17.01029200,18.68526600,5.90602060,5.15487000,-11.02156900,17.40351700,-25.31200600,-39.06002400,4.84510100,3.32324050,15.00003300,0.19150640,4.75165900,6.89325760,4.56323340,20.92647600,-34.35060000,63.69752000,-4.97622300,1.62954500,8.94310700,46.60647000,-44.45194600,36.36116000,-26.70369500,24.24852800,-26.23125600,-7.57954260
25,0.26529831,0.40354967,78.13806028,2.52091088,-1.18484099,103.56749766,4.34722330,17.03244800,18.71334800,5.90902950,5.18733300,-10.94762900,17.44075000,-25.28313000,-39.16650400,4.80990460,3.35105320,15.00003300,0.15786709,4.73701900,6.92918500,4.52405100,20.95278000,-34.33846000,63.67393000,-5.12991050,1.61756310,8.83614500,46.63863800,-44.44178000,36.36633300,-26.69982500,24.29472200,-26.22577700,-7.48764470
26,0.27989361,0.41063139,78.13112578,2.55316958,-1.17785059,103.59304304,4.32824330,17.01047300,18.70730400,5.91519450,5.19810530,-10.92081000,17.45972000,-25.31107900,-39.23559000,4.81248660,3.31720420,15.00003300,0.20798892,4.72951500,6.94891260,4.50925830,20.99302900,-34.27118700,63.61417800,-5.32368200,1.63582780,8.78615600,46.67740000,-44.42342800,36.41005300,-26.73278600,24.15864600,-26.04544400,-7.56362200
27,0.29314506,0.42281860,78.11124125,2.57803771,-1.13907046,103.63654527,4.27792300,16.99907900,18.71479400,5.91235350,5.15181540,-10.92839000,17.45546000,-25.31033900,-39.26178400,4.78372300,3.30168680,15.00003300,0.26417223,4.71891000,6.97561600,4.45390200,21.03970100,-34.27042000,63.58770000,-5.50987340,1.65199480,8.80201150,46.69680400,-44.40712700,36.55364200,-26.71452900,23.90639300,-25.92698100,-7.72152950
28,0.30163911,0.43918547,78.11126868,2.56417835,-1.10391288,103.66599092,4.23125550,17.01534700,18.65403400,5.91261430,5.15365650,-10.94050100,17.45885300,-25.28159300,-39.33638800,4.76824300,3.26976320,15.00003300,0.25624588,4.71163100,6.97661830,4.46944800,21.06410600,-34.21923400,63.57301300,-5.52344800,1.65124030,8.80557800,46.74842500,-44.39103000,36.57316000,-26.69221900,23.68124600,-25.94228600,-7.90979240
29,0.30883184,0.45700803,78.08473753,2.58501611,-1.05907751,103.64808390,4.21862030,17.03208200,18.79045300,5.91430430,5.06584200,-10.93388300,17.43268400,-25.29113600,-39.36063000,4.73569250,3.30365780,15.00003300,0.32934800,4.71781250,6.95377450,4.46684000,21.07428400,-34.19257400,63.56772000,-5.53241900,1.64616800,8.69369400,46.81721500,-44.38494500,36.61796000,-26.73336600,24.06227700,-25.96341100,-7.81758200
30,0.30959383,0.47703212,78.08976231,2.59912821,-1.03887481,103.66088891,4.19609070,17.00437000,18.70750400,5.91539200,5.09294750,-10.92941000,17.45134400,-25.30385400,-39.43041000,4.71996970,3.33659340,15.00003300,0.35671517,4.72653340,6.96595800,4.47207700,21.08046300,-34.15570400,63.55451200,-5.51975970,1.68443250,8.67279500,46.87858600,-44.37986400,36.63751200,-26.72165100,23.88384000,-25.90758500,-8.01172700
31,0.30494803,0.49700657,78.10281496,2.60915786,-1.04161533,103.70105130,4.19034340,16.97784000,18.62914800,5.91665700,5.16180560,-10.94918300,17.47727400,-25.32906500,-39.46143000,4.76787850,3.39217690,15.00003300,0.30782118,4.72668550,7.01131600,4.53790240,21.10360700,-34.02960000,63.49105000,-5.47541570,1.70279000,8.70990900,46.92878300,-44.35381300,36.66367000,-26.69825700,23.37205000,-26.00988400,-8.09376800
32,0.29561698,0.51586598,78.11690728,2.59072296,-1.00603677,103.72861532,4.14242300,16.97266400,18.50805900,5.91670100,5.18651630,-10.91880300,17.48313700,-25.29843900,-39.50217400,4.73372300,3.45948620,15.00003300,0.29226908,4.71967740,7.05026800,4.57514300,21.12846800,-33.98151400,63.41847200,-5.54307270,1.73996150,8.66901600,46.92209000,-44.33069200,36.71656400,-26.57951700,23.05484200,-26.05918900,-8.20084300
33,0.28391483,0.53198123,78.13284223,2.55284856,-0.96266251,103.68010101,4.13257460,17.01704400,18.53300500,5.91773130,5.19367000,-10.82010500,17.42925800,-25.26466000,-39.50576000,4.72335620,3.49460000,15.00003300,0.37899807,4.75886700,7.07030300,4.64129600,21.13725500,-33.87631000,63.34589000,-5.10805900,1.78231970,8.54588500,46.89194500,-44.31483000,36.84755700,-26.43430500,22.16106200,-26.63297000,-8.68425900
34,0.27103519,0.54553622,78.13435073,2.55165260,-0.93047094,103.70592007,4.09432700,17.00570000,18.49508700,5.92121460,5.17851300,-10.80151900,17.41931500,-25.25723500,-39.50359000,4.70562030,3.54721620,15.00003300,0.36709377,4.74539470,7.07671800,4.66992660,21.14441900,-33.79010000,63.30195600,-5.10905930,1.81964310,8.55121100,46.92523600,-44.29796200,36.88252600,-26.36365700,22.22721000,-26.60435900,-8.68254300
35,0.25613436,0.55618757,78.10775008,2.51511756,-0.86113527,103.79961728,3.99008440,17.02835700,18.41475900,5.91234250,5.02127840,-10.86391450,17.40021300,-25.19875500,-39.50983000,4.67744000,3.57014560,15.00003300,0.24097264,4.74669400,7.05899000,4.70044760,21.15034300,-33.71270400,63.28883000,-5.15812600,1.83050360,8.58501600,47.02001600,-44.28241700,36.78783800,-26.37255300,22.74732800,-26.31620400,-8.26185700
36,0.24459369,0.56467718,78.12118537,2.53154630,-0.85268943,103.83055496,3.96658230,16.97923500,18.31522400,5.90989500,5.09093050,-10.92102200,17.40630100,-25.22826800,-39.51230600,4.69757400,3.63759640,15.00003300,0.18844126,4.75087550,7.11088560,4.74061800,21.15308200,-33.67410000,63.25401700,-5.02735850,1.87057160,8.56906800,47.11295000,-44.26806600,36.69610600,-26.40159000,22.66064800,-26.43558100,-8.23867100
37,0.23835579,0.56970489,78.12939374,2.50741812,-0.86024468,103.78102205,3.96538300,16.96115000,18.11163700,5.91743900,5.03912260,-10.85155000,17.39549600,-25.20377000,-39.50446000,4.68634270,3.70470330,15.00003300,0.34566630,4.79889600,7.16862060,4.72109170,21.15308200,-33.56307200,63.14642700,-4.99831100,2.01754430,8.17562000,47.21620000,-44.24509000,36.63900000,-26.37692800,22.56867600,-26.59763700,-8.03947200
38,0.23771156,0.57550782,78.12472174,2.51327144,-0.82682735,103.76715678,3.93129560,16.94341300,18.05872500,5.91721150,5.00966450,-10.86142800,17.34679800,-25.20074700,-39.43057300,4.67896300,3.74482130,15.00003300,0.33311477,4.80569030,7.19444700,4.75752000,21.15211100,-33.48468000,63.11779000,-4.88233850,2.02452900,8.13553700,47.30948000,-44.22367500,36.57597000,-26.41138600,22.87322600,-26.86519400,-7.80308100
39,0.24391459,0.58260244,78.12259635,2.53685712,-0.80881083,103.75844000,3.91658190,16.92170100,18.05494500,5.92033530,5.02300070,-10.85724700,17.32033300,-25.22089200,-39.41093400,4.68624970,3.80911730,15.00003300,0.31530353,4.80828240,7.22000740,4.80844550,21.15058700,-33.34851500,63.06376600,-4.74188000,2.05158800,8.12617000,47.42194000,-44.17633400,36.45889000,-26.45095600,22.34095800,-27.05900400,-7.74054700
40,0.25387907,0.59206825,78.11712837,2.51047948,-0.74910140,103.81923582,3.81866880,16.93475300,17.90123000,5.91239170,5.00233170,-10.93817000,17.28826300,-25.17113100,-39.46401600,4.68558400,3.80487060,15.00003300,0.34558383,4.84749750,7.23542900,4.79147960,21.14596700,-33.24586000,63.05109000,-4.59617500,2.00984330,8.11415300,47.54726000,-44.12961600,36.41131200,-26.46371300,22.16817500,-27.11092000,-7.78664300
41,0.26711142,0.60582519,78.11169214,2.62840639,-0.80069684,103.81540099,3.86605220,16.77224000,17.73980100,5.90950630,5.05825330,-10.94478800,17.34453400,-25.33437700,-39.47633700,4.75807300,3.82009600,15.00003300,0.30290064,4.79977370,7.28956500,4.80036000,21.14859600,-33.22865700,63.07120000,-4.82289900,2.02591440,8.29563900,47.62960400,-44.07658000,36.35527400,-26.57666400,21.69089500,-26.98525000,-7.94613000
42,0.28176188,0.61891162,78.09814090,2.63945463,-0.79376319,103.90988442,3.80529600,16.74281100,17.55362900,5.91327300,5.02169800,-10.98892900,17.36711700,-25.31078100,-39.42776500,4.78086330,3.85088660,15.00003300,0.28912637,4.80171350,7.30079840,4.77146630,21.15063700,-33.15798600,63.07415800,-4.76471470,2.02364590,8.19680900,47.78012000,-44.02416600,36.28036000,-26.66416500,22.36400000,-26.98421500,-7.47971000
43,0.29414856,0.63194841,78.07869070,2.61854764,-0.68606362,103.93285141,3.70625110,16.80922000,17.68174000,5.90750650,4.96294200,-11.01868500,17.28715900,-25.25427000,-39.44232600,4.72433200,3.82176850,15.00003300,0.23091374,4.79226900,7.29450600,4.77270650,21.15334300,-33.14006400,63.19116600,-4.76682230,1.88446430,8.47743600,47.90028000,-43.95415500,36.15803000,-26.70659000,22.84252200,-27.02682100,-7.55117500
44,0.30134401,0.64282918,78.07199100,2.69376539,-0.72795595,103.98716738,3.71225880,16.69184900,17.47682600,5.91085900,4.99646950,-11.08357050,17.36832200,-25.33651400,-39.46436300,4.74911200,3.80965690,15.00003300,0.23996724,4.78037900,7.31661100,4.76060530,21.15484000,-33.13044400,63.17705500,-4.78362460,1.92812490,8.40923900,48.02633700,-43.89299800,36.08368000,-26.82517800,22.94305400,-26.76728000,-7.42853300
45,0.29996234,0.64985186,78.09175607,2.65276707,-0.70113290,103.94049070,3.69101860,16.71822000,17.38666300,5.91481070,5.02710400,-11.06025000,17.31960300,-25.29413800,-39.46851000,4.74933150,3.81157610,15.00003300,0.28719872,4.76141640,7.33328000,4.78360560,21.15809600,-33.11328000,63.14875000,-4.67055500,1.89130490,8.41028200,48.09173600,-43.81141700,35.98124700,-26.74497800,22.91400500,-26.79206500,-7.47741650
46,0.29021028,0.65466368,78.09620287,2.70078893,-0.73119942,103.93580292,3.71144130,16.62059600,17.21883000,5.91595170,5.04600760,-11.05961700,17.33858100,-25.38116500,-39.46808600,4.81374030,3.79719260,15.00003300,0.32146740,4.73438300,7.35247900,4.80088230,21.15673300,-33.07105600,63.11742800,-4.74661900,1.92893580,8.38081000,48.15108500,-43.77217000,35.94618000,-26.78107500,22.97629000,-26.56109800,-7.51554000
47,0.27223948,0.65787518,78.10382940,2.69026597,-0.70661536,103.95583699,3.66513660,16.58470200,17.05600500,5.91481640,5.00514360,-10.96994200,17.31048800,-25.37322800,-39.41269000,4.81798840,3.80711100,15.00003300,0.29674685,4.71889900,7.37887800,4.83860350,21.14915000,-32.94918000,63.10270700,-4.83219530,1.94425550,8.29685000,48.24433500,-43.73208000,35.84779400,-26.76065800,22.80588200,-26.51268200,-7.73989500
48,0.25027871,0.65779567,78.12348667,2.54979349,-0.64426827,103.96607715,3.57382700,16.69801100,16.89015600,5.91472000,4.92781640,-10.93806900,17.22025900,-25.21904400,-39.44794000,4.83909600,3.80411840,15.00003300,0.42280530,4.78495600,7.42259740,4.82966660,21.12489300,-32.77676400,62.98210000,-4.60870100,2.00016360,7.87123160,48.22535300,-43.67116500,35.82415000,-26.50693500,22.49261900,-26.54929500,-7.70652680
49,0.22733328,0.66133112,78.12499410,2.54499800,-0.63486945,103.98127964,3.55472100,16.66899100,16.80448700,5.91512870,4.88317500,-10.91379600,17.24727800,-25.21284900,-39.48343000,4.78417350,3.87004570,15.00003300,0.40029022,4.78318500,7.45328400,4.87425200,21.10606800,-32.69058000,62.93578300,-4.51475500,2.00201270,7.75918340,48.28274500,-43.62944000,35.74325600,-26.46457900,22.32167400,-26.58112300,-7.70922700
50,0.20686544,0.66663760,78.13429698,2.51050799,-0.62533910,103.97018696,3.54978970,16.68222400,16.75426100,5.91509000,4.86580100,-10.92978400,17.23352600,-25.19477800,-39.50781200,4.79760500,3.84265900,15.00003300,0.39555097,4.77385470,7.46350860,4.91189600,21.09431300,-32.64988300,62.93765000,-4.51457700,1.94725930,7.68960570,48.28697200,-43.60829000,35.68285000,-26.39609500,22.45090100,-26.63454800,-7.64008430
51,0.19041458,0.67647904,78.14302852,2.49951773,-0.60519626,103.94307611,3.54212300,16.66776500,16.68885600,5.91313840,4.86019850,-10.92805200,17.21666500,-25.20187200,-39.52848000,4.79524600,3.79843570,15.00003300,0.36242813,4.74470200,7.47675130,4.94656560,21.08412700,-32.66037000,62.96257400,-4.50269000,1.94763860,7.65933600,48.30483600,-43.58703000,35.61115300,-26.34051100,22.58931700,-26.70195200,-7.60780760
52,0.17927068,0.69200671,78.13632287,2.53262822,-0.59088238,103.96473091,3.52636980,16.61148600,16.62607000,5.91477600,4.82172780,-10.89087300,17.24653000,-25.23830000,-39.55500400,4.76437760,3.80988300,15.00003300,0.36596859,4.72362500,7.47443870,4.90561530,21.05474500,-32.75315000,63.05026000,-4.56862640,1.96203880,7.65030240,48.45706000,-43.51330000,35.44336300,-26.36282700,22.56119700,-26.76948400,-7.57214200
53,0.17410076,0.71169883,78.13542200,2.54891989,-0.56981638,103.95509261,3.51538920,16.57405900,16.55363500,5.91530280,4.79889540,-10.87268200,17.23812700,-25.26977300,-39.60412200,4.78621770,3.84668160,15.00003300,0.31335658,4.67947300,7.45074750,4.95603300,21.04812000,-32.74545300,63.10415600,-4.55619900,2.00042320,7.65653130,48.51317000,-43.49043000,35.37374000,-26.32411400,22.38964500,-26.94239200,-7.64253900
54,0.17223920,0.73760951,78.15385410,2.56923138,-0.55927531,103.95161312,3.52134320,16.54392000,16.52147100,5.91555930,4.88615370,-10.82300600,17.25759700,-25.28354600,-39.60073500,4.76478500,3.86143350,15.00003300,0.27356118,4.62845370,7.45865900,4.96310330,21.03534000,-32.84106400,63.17357600,-4.64322760,2.03806140,7.62286140,48.63641400,-43.39835000,35.17625400,-26.32061200,22.96602000,-27.01434000,-7.63677930
55,0.17401345,0.76989073,78.15166035,2.56246264,-0.50861260,103.95682851,3.48477150,16.55082500,16.47270200,5.91464600,4.85878660,-10.79663500,17.21438400,-25.26864600,-39.56068400,4.78869300,3.88365500,15.00003300,0.26214900,4.60816800,7.44593100,4.98128750,21.03119700,-32.82758000,63.25843000,-4.67698760,2.03084730,7.61213800,48.71795300,-43.36675000,35.12491600,-26.31375000,23.52920500,-27.03054800,-7.58947800
56,0.18015875,0.81084603,78.15134305,2.57068064,-0.47112071,103.99075780,3.46123980,16.55530500,16.45961200,5.91517730,4.87282600,-10.76623200,17.22438800,-25.24701100,-39.55361000,4.76898000,3.89948150,15.00003300,0.26466846,4.57698730,7.43493560,4.97392560,21.02618200,-32.83806600,63.34428400,-4.76939340,2.06748600,7.55736060,48.83948500,-43.27977000,35.03941000,-26.27870600,23.62685800,-27.00329800,-7.60507970
57,0.18942027,0.86337131,78.16315777,2.57144128,-0.47171387,103.92453158,3.53889970,16.59029800,16.56486300,5.91546540,4.94017030,-10.74599200,17.21783000,-25.24677500,-39.49955400,4.81090740,3.98785100,15.00003300,0.21785222,4.53052850,7.41006100,5.10728600,21.02349900,-32.73171200,63.42409500,-4.76858660,2.06756450,7.58631700,48.93161800,-43.19796000,34.90422000,-26.26585800,23.75545500,-27.11201900,-7.56766400
58,0.20370682,0.93118536,78.15525199,2.58364572,-0.45877303,103.91228384,3.59547600,16.62559900,16.67772100,5.91522740,4.94858740,-10.76536200,17.25489800,-25.21006200,-39.41802000,4.77139300,4.10076400,15.00003300,0.18559565,4.50011000,7.37777300,5.19426540,21.03220400,-32.69779600,63.51648000,-4.75133100,2.05838000,7.56010530,49.08083000,-43.09117500,34.81094400,-26.25557300,23.98292700,-27.15668700,-7.36122300
59,0.22243452,1.01743150,78.14043625,2.58598799,-0.36577509,103.90857222,3.56712400,16.65995000,16.70596700,5.91220240,4.90051750,-10.76629900,17.14223500,-25.19767600,-39.25338700,4.90066700,3.99914550,15.00003300,0.12977105,4.43000000,7.30939900,5.30025900,21.06391500,-32.67595000,63.61872000,-4.73839400,2.05977770,7.60760800,49.29358700,-42.94289000,34.64597700,-26.20173800,24.52173000,-27.27694500,-7.25609300
60,0.24523008,1.12430811,78.14891350,2.57864452,-0.30786992,103.89489169,3.59676550,16.71159700,16.72393600,5.90438900,4.99377870,-10.85398800,17.15990300,-25.13288000,-39.21266600,4.87719500,4.02468060,15.00003300,0.06561662,4.38311340,7.26962760,5.46780160,21.09604500,-32.61335400,63.70511000,-4.72633800,2.06268000,7.57019100,49.48454300,-42.83095600,34.51175700,-26.15644500,25.19406700,-27.25751900,-7.21888540
61,0.27360055,1.25221705,78.14813414,2.62776600,-0.19317397,103.78051666,3.61592800,16.69747200,16.72521600,5.90503700,5.07010300,-10.97263800,17.07148200,-25.14513400,-39.05466000,4.87850800,4.06190820,15.00003300,-0.03008326,4.30445050,7.21279500,5.75923350,21.13595400,-32.43871300,63.79249600,-4.88736960,2.05613570,7.71876050,49.71282200,-42.69580500,34.29666500,-26.16625200,25.51788100,-27.43120200,-7.56370930
62,0.30641976,1.39757538,78.11627222,2.65143760,-0.00156991,103.73227383,3.54506830,16.73027400,16.74722500,5.89891960,5.01085700,-11.14206400,16.87911400,-25.11484100,-38.77916000,4.96367650,3.97808070,15.00003300,-0.06387873,4.26095530,7.15383630,6.02557600,21.21505200,-32.24453000,63.80612000,-5.02628300,2.02581670,7.69077970,50.02718000,-42.47989300,34.08482000,-26.15035800,26.37482600,-27.57135200,-7.44229000
63,0.34179565,1.55816412,78.10545892,2.68084572,0.11228631,103.69917528,3.56761300,16.76093900,16.78283700,5.88449600,5.07035300,-11.28438000,16.95640000,-25.00283200,-38.71062500,4.71752740,4.11627530,15.00003300,-0.19484924,4.20843840,7.09754850,6.38666500,21.29027000,-32.06714200,63.82997000,-4.82947000,1.86628870,7.65287540,50.36655800,-42.26388000,33.82078600,-26.15907500,27.38200600,-28.30613700,-7.34998660
64,0.37959385,1.72721720,78.08269100,2.66163070,0.32344357,103.69682483,3.48099370,16.85875100,16.82592000,5.87155150,5.04627370,-11.42664050,16.70254500,-24.98549500,-38.49201200,5.02949860,3.93892500,15.00003300,-0.36464718,4.13204670,7.00562200,6.73885060,21.37926000,-31.87197300,63.83940500,-4.74511800,1.84993210,7.74503950,50.75140400,-42.04876300,33.36408200,-26.14032200,28.97753700,-28.21464500,-7.58579730
65,0.42328480,1.90208316,78.07067087,2.65541552,0.45658607,103.60493782,3.51726720,16.95131900,16.91973000,5.86937200,5.07987740,-11.57760500,16.76682700,-24.79877500,-38.38469000,4.69473900,4.18288040,15.00003300,-0.48504552,4.06866900,6.95828600,7.14181140,21.47317500,-31.69483200,63.87498500,-4.53065800,1.73380330,7.84864660,51.07742300,-41.81526600,32.95231600,-26.09971000,29.02206200,-28.63401600,-8.09823500
66,0.47078142,2.07677770,78.04526162,2.71449052,0.69007702,103.58764671,3.42869660,16.98784800,17.08679600,5.85590500,5.16712000,-11.80738400,16.47255300,-24.88967900,-38.19717800,5.06857870,4.00827650,15.00003300,-0.62682450,3.97716160,6.86562000,7.53204770,21.58444800,-31.55680500,63.82989000,-4.24815460,1.65707740,7.76355460,51.54629500,-41.54955000,32.27369300,-26.13792200,31.01720800,-29.20333700,-8.46036800
67,0.52310878,2.25003076,78.00843207,2.71968081,0.85537065,103.57593755,3.43879870,17.15015400,17.51674300,5.84816740,5.18263800,-11.92904950,16.52275500,-24.68030000,-38.03041500,4.72173070,4.24335960,15.00003300,-0.76471233,3.91185830,6.80291000,7.92660140,21.68636700,-31.32191000,63.81412500,-4.26018520,1.60185970,7.75574350,51.84507400,-41.31735600,31.50234800,-26.10818000,32.10911000,-29.17920900,-8.73846800
68,0.57505780,2.41951537,77.99325480,2.73568119,1.09445576,103.50116172,3.33603790,17.20860500,17.54906000,5.85024500,5.23397200,-12.08405200,16.37068700,-24.62312900,-37.96438200,4.68207400,4.18134400,15.00003300,-0.88935740,3.82162480,6.78227200,8.40591600,21.82525000,-31.07404700,63.66106800,-4.17371030,1.33227010,7.91620250,52.22588700,-41.02647000,30.30313700,-26.01872600,34.18200000,-29.71580900,-9.31488900
69,0.62571782,2.58411717,77.96543737,2.84239139,1.20044921,103.39679882,3.38099770,17.14254200,17.54072000,5.85126600,5.28452200,-12.30937100,16.31470000,-24.71940400,-37.85003000,4.75517370,4.13797330,15.00003300,-0.91554254,3.69740700,6.78463650,8.79293250,21.95732700,-30.98938000,63.57196800,-4.15389730,1.14714910,8.04404600,52.49383000,-40.81622000,29.11606600,-25.85146700,35.57398200,-29.81224400,-10.09774700
70,0.67033070,2.74235129,77.95236913,2.83492296,1.35810327,103.35429309,3.32420780,17.21855500,17.53409000,5.88354400,5.31594600,-12.50161200,16.02225100,-24.77423500,-37.56056600,5.23334600,3.97638730,15.00003300,-0.90077030,3.65371250,6.83894200,9.26185600,22.09956000,-30.40636800,63.17379800,-4.24867000,1.07559130,8.18441300,53.02687000,-40.59356700,27.12345000,-25.49662800,37.90240000,-29.59269100,-11.07407500
71,0.71077913,2.89588618,77.92594950,3.00303481,1.57599403,103.32101851,3.20851680,17.10237700,17.61268200,5.92462640,5.41951200,-12.62341100,16.01817300,-24.80115500,-37.40687600,4.88577030,3.98309680,15.00003300,-0.84930230,3.52192300,6.94077600,9.71400000,22.28910400,-29.95578800,62.81410600,-4.41048200,0.74178980,8.28050800,53.90731400,-40.36567300,24.05568100,-25.24474700,39.83284800,-29.75687200,-12.24973300
72,0.73308229,3.03679967,77.91118266,3.05541239,1.79828043,103.27630672,3.07086090,17.08738900,17.62287500,5.97160700,5.44433640,-12.77115100,15.87605300,-24.86892000,-37.49907700,4.93873800,3.85819130,15.00003300,-0.73727530,3.33688430,7.01492700,10.18575700,22.49778200,-29.64026600,62.27729800,-3.98808150,0.52139497,8.35362000,54.65691400,-40.26812700,20.15106200,-24.14251100,40.43279600,-29.70575500,-14.42889500
73,0.73296499,3.16619682,77.87162627,3.15812235,2.12782676,103.10523385,2.88418630,17.03225100,17.84985500,6.04339500,5.40668340,-13.13194000,15.36539500,-25.16079700,-37.36613000,5.42922350,3.50353050,15.00003300,-0.50139654,3.21403620,7.16944600,10.76143200,22.67851800,-29.03490600,61.55182000,-3.25852920,0.40760761,8.40240500,55.61791600,-40.26854700,14.99715100,-22.26727000,42.13688000,-29.13649600,-16.48351300
74,0.69917071,3.28816104,77.87388703,3.27845117,2.20406308,103.05820335,2.92894740,16.99248300,18.34289600,6.15806440,5.17195300,-13.10637800,15.39448100,-25.32802800,-37.33426000,5.40421600,3.59155960,15.00003300,-0.31497374,3.10056610,7.43007000,11.40740400,22.80475800,-28.13862400,60.58086400,-3.62296700,0.27770734,8.73331450,56.16336400,-40.31736400,9.53284300,-19.09526000,43.63167600,-27.60717200,-18.32602500
75,0.62765127,3.40057540,77.90408909,3.43040239,2.19356026,102.87391092,3.17393260,16.95728500,19.30024300,6.28461200,5.58065300,-13.01154300,15.49436200,-25.64513800,-37.63431500,5.42639300,3.92252600,15.00003300,-0.22193784,2.87931540,7.62464240,12.24056600,22.88470300,-27.90979200,59.54090000,-2.76959320,0.18915944,8.83794000,55.41907000,-40.37366000,5.20779040,-13.89121800,43.09125500,-27.30674600,-20.72618300
76,0.50576633,3.51487064,77.95198760,3.59388984,2.23728267,102.50514190,3.40047620,16.83384500,20.14454700,6.46885970,5.72460650,-12.76395200,15.39168700,-26.09278300,-37.70326000,5.57542600,4.40031340,15.00003300,-0.12370295,2.62034560,7.93601100,13.26978000,22.84599700,-26.53889300,58.42285000,-3.91827230,-0.19149315,9.24566200,53.97669000,-40.22028000,1.63512890,-7.96100330,43.52820200,-25.51906400,-22.26179900
77,0.33228329,3.62749434,77.89867620,3.58702777,2.70420908,102.37451807,3.09008930,16.80766300,20.53832000,6.57512300,5.42399170,-12.82188900,14.90474200,-26.26921000,-37.55338000,5.63262940,4.43719960,15.00003300,-0.11988427,2.37103770,8.07220400,14.17029900,22.80979500,-25.40720400,57.41433000,-4.60871550,-0.46868350,9.29487400,52.03910400,-39.99341600,-1.07139250,-1.96596340,42.31543700,-21.82195500,-22.35501900
78,0.11281048,3.74316645,77.98730356,3.50629991,2.89458763,102.12078684,2.44772080,17.00132200,20.52890400,8.07338300,4.90615940,-12.51484500,14.64156300,-26.42484000,-37.38249600,5.74911260,4.62936400,15.00003300,0.09314426,2.06254050,8.29403800,15.04336100,22.80816500,-24.04138000,56.15822600,-5.12699800,-0.58899500,8.86846300,48.94017800,-39.61273000,-3.07295660,5.91948180,41.06606000,-18.56148000,-22.53672000
79,-0.15589541,3.85882592,77.96801313,3.39348767,3.20460919,101.61920427,1.60030690,17.29655000,20.68066200,10.05029500,3.76311680,-12.78890000,14.29200300,-26.72618000,-37.73692300,5.80752000,4.53425460,15.00003300,0.31403294,1.72212200,8.58113000,15.57022700,22.97553800,-23.14364000,55.38520000,-6.12706500,-0.83574826,9.03510500,44.89029300,-39.17700000,-4.35378840,14.45670800,41.25237000,-13.82908700,-19.95912000
80,-0.45953387,3.96892476,78.00031738,2.95528704,3.28619232,101.42272204,0.82248730,17.91089400,20.44196500,12.05382400,2.58948950,-12.72396600,14.10621400,-26.48068000,-37.22395700,5.94965360,4.46921000,15.00003300,0.64899784,1.56133020,8.88791100,15.63698700,23.26467100,-22.23609700,54.55309000,-6.15292000,-0.99192100,9.27854600,40.69306000,-38.71766300,-4.27393250,23.75489400,40.43998700,-11.11830200,-18.59172400
81,-0.75985485,4.06491184,77.93532444,2.82684555,3.82197862,100.85584916,-0.42556810,18.42588200,21.00301400,14.57265900,1.30411350,-12.75756100,13.35244100,-26.67855600,-36.98276500,5.94378900,4.21417300,15.00003300,1.11503570,1.25523090,9.14229800,15.58361700,23.81282200,-21.82187500,53.58909600,-6.11456100,-1.39255360,9.58044600,35.45611600,-38.27504000,-3.18591900,34.14399000,40.02559300,-7.78089400,-16.19587100
82,-1.05558074,4.13614082,77.91800820,2.44850392,4.12808943,100.22697653,-1.54435280,19.09358200,20.91621800,17.12414700,0.12131278,-12.83126700,12.78654300,-26.60721200,-36.75255200,5.98245860,4.15583320,15.00003300,1.61086310,1.16608080,9.60238500,15.24638800,24.53519000,-21.01677700,52.36355600,-6.46374700,-1.26297300,9.24875600,30.35910000,-37.75728600,-1.08491770,42.63611600,39.18055300,-5.58119200,-15.00645700
83,-1.31824255,4.17072010,77.84825851,1.81825230,4.29612446,99.56037654,-2.58568200,20.17092900,20.94390100,19.83117500,-1.38309700,-12.65125400,12.25139900,-26.17600400,-36.22550000,6.04335700,4.38040200,15.00003300,1.99821160,1.07427140,10.03587800,14.71436600,25.36609600,-19.98274800,51.03947000,-6.17880730,-1.37069330,9.27422700,25.59111800,-37.11124800,1.07942150,48.72943000,38.65518000,-4.60937700,-13.95472100
84,-1.52335989,4.16213226,77.69376205,1.33936407,4.35708080,98.78018539,-3.75205760,21.21502100,20.89539300,23.04539100,-2.88620040,-12.67071100,11.83905300,-25.98667300,-36.00766000,6.11834570,4.60684540,15.00003300,2.45038600,1.03915790,10.65832400,13.74125300,26.36059400,-19.46183200,49.78426700,-5.99595930,-1.31094650,8.93970900,20.19571300,-36.36318600,4.14743400,54.67889400,37.65241200,-3.45694830,-12.39230800
85,-1.64148808,4.08941460,77.55523848,1.06524816,4.12930889,98.00012131,-3.96414900,21.80664400,21.07093200,24.74875600,-3.96409460,-12.72027800,11.60963600,-25.86701200,-35.31217200,6.13835200,4.55959030,15.00003300,2.79177400,0.85941100,10.90270200,13.39087300,27.35625500,-18.75846000,48.35029200,-5.08249860,-1.22983980,9.23066700,16.77506400,-35.43483400,6.38086940,56.80204800,35.08970600,-2.45052220,-12.57048600
86,-1.65468347,3.94451332,77.27789999,0.79320776,4.18546986,96.82202097,-4.59755200,22.66242600,21.41928300,27.00623500,-5.48892160,-12.71447000,10.77758700,-25.67674800,-34.26819600,6.12741370,4.48642200,15.00003300,3.50338700,0.84069280,11.32478800,12.67340600,28.47136300,-18.17433200,46.77778200,-4.87515600,-1.05819010,8.91518800,11.84687900,-34.13467000,9.49118000,59.80191000,32.65003200,-1.32900260,-11.35506100
87,-1.57596338,3.71549916,77.06959691,0.57656125,4.36044153,95.55221263,-5.26435200,23.48878000,21.86942700,28.97640600,-6.39269350,-12.81517500,9.75612200,-25.52358800,-33.38853000,6.08442070,4.49696600,15.00003300,4.09294460,0.60833806,11.76771400,12.05581500,29.68336100,-17.56943000,45.78393000,-4.05707260,-1.03941040,8.72204500,7.82938800,-32.35238600,12.37811600,61.42681000,30.68567500,-0.65521090,-10.86414300
88,-1.40118456,3.37722254,76.93130791,0.29983121,4.32268284,94.06732588,-5.61210780,24.84314300,23.13529800,31.16202400,-7.52389340,-12.71085000,8.69476600,-25.14288900,-32.07899500,6.03568120,4.67551950,15.00003300,4.86555100,0.22574286,12.10812300,10.93298150,31.10323500,-17.70682100,45.65008000,-3.24785350,-0.95436990,9.00460100,3.61451840,-30.19811800,16.00133300,61.64202500,28.49229600,-0.06452313,-10.24209300
89,-1.16553581,2.93785858,77.02759180,0.20176067,4.15327755,92.63685134,-5.54951500,25.53722800,23.81805800,32.21652200,-8.31620400,-12.85665700,7.87053700,-24.77135700,-30.68215000,5.64431570,4.83392400,15.00003300,5.62827440,-0.04568000,12.56676300,9.82976600,32.19860500,-18.00895000,45.75766400,-2.37337330,-0.83966106,9.80081100,0.31523582,-28.31196600,19.38967700,59.84130500,24.61294700,1.22826660,-8.96717700
90,-0.87130105,2.36830521,77.17305501,0.40372790,3.74085545,90.73003336,-5.44411300,26.37584900,25.08989000,34.32821700,-9.20973100,-12.86626500,6.59379430,-24.72012300,-28.26657700,5.79729300,4.61367100,15.00003300,6.61340570,-0.81457794,12.88565400,8.49662100,33.32341800,-19.07952700,46.82636000,-0.49405637,-1.60609710,10.22689800,-3.02180500,-26.64895000,23.63050800,57.29840000,19.59322200,1.75921740,-7.40863560
91,-0.59382123,1.72331190,77.28885843,0.46805569,2.87135167,89.01784249,-4.85128550,27.16886500,25.91965100,35.98340200,-10.06796800,-13.09344200,6.13422870,-24.35961000,-26.06140000,5.49742460,4.62372160,15.00003300,7.41095450,-1.26340100,13.02230700,7.38309240,34.41731000,-20.52037400,47.76651400,2.43770740,-2.50482850,10.58306700,-7.35684600,-25.31680700,27.57454900,53.83676500,15.78153900,1.70260270,-5.39751530
92,-0.34704134,1.01827538,77.43447712,0.65050924,2.02754036,87.38045070,-4.11464550,27.74813800,26.92438100,37.20358300,-10.93811500,-12.91143500,5.44862370,-24.19003300,-23.69786000,5.57419800,4.71819300,15.00003300,7.88282000,-2.40791820,12.97066300,6.75945100,35.80899400,-21.97417600,49.03124600,4.99361130,-2.72231460,11.12920300,-13.04461500,-23.70183000,31.16444400,50.77102300,13.74071400,1.70100090,-4.43054400
93,-0.15471357,0.28790522,77.68702876,0.64576988,1.09671558,85.87086665,-3.07244400,28.55812000,28.32101000,37.97789400,-11.58422200,-12.88215800,4.77907700,-23.70795000,-21.08067500,5.87057800,5.41690100,15.00003300,7.90261550,-3.49032120,12.88764900,7.22079200,37.34102600,-22.76500300,49.67723000,6.82414630,-3.05802320,11.35214800,-19.52107000,-21.88586000,34.16896000,47.57464200,11.98672700,1.66493280,-3.05320790
94,-0.00562193,-0.44445550,77.91833715,0.43511870,0.28501184,84.05817375,-1.70067510,29.44780500,29.97388000,38.18840000,-12.29637500,-12.95464100,3.80878850,-22.70084800,-17.61875200,6.04695940,6.13012600,15.00003300,7.86628600,-4.37909100,12.43492000,8.23059000,38.37382000,-22.44947400,51.22717700,7.68942500,-3.09480480,11.41894500,-26.78205000,-20.80451400,36.68206400,42.68642400,11.18285600,1.87982680,-2.25521970
95,0.08252292,-1.14446056,78.13000489,-0.23370930,-0.49992529,82.80555512,-0.63550540,30.49646800,30.81215000,37.98703800,-12.64935300,-13.57950700,3.30004330,-21.32771100,-15.36537800,6.21729100,7.36255400,15.00003300,6.73967800,-5.15264130,12.09467100,11.24355400,39.75254400,-20.62784000,50.73784300,8.44676800,-3.14914040,11.67174700,-35.61318000,-19.45499200,38.89930300,38.67117000,11.42428500,2.28999200,-1.14747740
96,0.17636308,-1.81667316,78.24438962,-0.56055318,-1.16308302,81.60827995,0.82147370,31.21822500,32.54224000,37.19437000,-13.09008900,-14.07540100,2.69607900,-20.31096300,-12.96246500,6.36367130,7.93531750,15.00003300,5.55704400,-5.84970400,11.51588900,14.46242100,40.63923000,-18.50939000,50.39150200,8.46950800,-2.96200350,12.01469400,-44.36069000,-18.71127300,41.06415600,34.35180700,11.45290000,2.41307120,-0.63200240
97,0.31094885,-2.44738650,78.40635363,-0.80272951,-1.26326756,80.13018447,2.03484250,30.98312600,33.40043000,34.99658200,-12.67495900,-14.70114100,1.41213040,-19.22945400,-10.36045100,6.47235440,8.72040700,15.00003300,4.18120600,-6.19828370,10.93118900,17.67419600,41.01035300,-16.24779500,50.54341500,6.59527870,-2.85581730,11.81163000,-53.32941400,-18.58148600,42.65486500,30.21625000,12.29688550,2.44574640,-0.25351948
98,0.51557571,-3.05642486,78.53686636,-0.95456031,-1.67318057,78.49262574,3.22022770,30.76024600,33.84529500,33.49039500,-12.41282750,-15.00003300,0.55448770,-18.18434100,-7.94375370,6.51095700,9.31646700,15.00003300,2.81036230,-6.34631100,10.37842400,20.55524000,40.94103200,-14.49794100,50.69639000,5.61612300,-2.64498470,12.16528900,-62.18591300,-19.05270400,44.43654600,27.27381500,13.86207400,1.84005330,0.38221598
99,0.79728746,-3.62601161,78.69178476,-0.70484404,-2.12774254,77.29381724,4.28047940,30.03835500,33.98610000,31.84830300,-11.50878100,-15.00003300,0.11561666,-17.77365100,-5.96890640,6.62449360,9.70378600,15.00003300,1.37661090,-6.24589200,9.85785100,22.98388900,40.47702400,-13.23746000,51.12869300,3.98486070,-2.59153100,11.77293500,-71.14468000,-20.06847200,45.96337500,24.62979000,15.61427300,1.17632890,0.65021900
100,1.19026232,-4.15450144,78.99659579,-0.40868163,-2.40554920,76.05638165,5.10316900,29.33392000,33.84465000,30.29473500,-10.22178700,-15.00003300,-0.27118520,-17.51933000,-4.73543800,6.70047200,10.85552600,15.00003300,0.19734827,-5.81148000,9.37851800,24.75722300,39.70113000,-12.25650900,51.74070400,1.87228290,-2.38367500,10.87274300,-79.77309000,-21.62522500,48.33346000,21.72232800,17.62421200,-0.39648938,0.71279730
101,1.67571545,-4.62847710,79.17085688,0.10327148,-2.18652883,75.64196978,5.44790170,28.09945500,33.31746000,27.68228500,-8.55884500,-15.00003300,-0.95327705,-17.64021900,-3.28155020,7.46063570,10.55496700,15.00003300,-1.29717200,-5.38180600,8.90681650,26.59362200,38.72745000,-12.05555600,52.63518500,0.80495760,-2.33764390,10.51125900,-89.18759000,-23.60506400,50.57563400,20.34189000,18.75984400,-1.18324350,0.92181456
102,2.25698280,-5.06926727,79.47380396,0.35730322,-2.06363615,74.95962082,5.61637200,27.81060600,32.98076200,26.38101200,-6.97545500,-15.00003300,-1.78675260,-17.43657000,-1.78577760,8.99100100,10.85338900,15.00003300,-2.58584760,-4.46220900,8.58622000,28.37427500,37.51391200,-11.71602700,53.31886700,-0.02481629,-2.10464790,10.08877200,-99.33147400,-26.01643200,52.77817500,20.67525500,21.69915000,-2.66466260,0.46801648
103,2.89733362,-5.49058342,79.75875706,0.59904787,-1.91769696,73.32759419,6.11720280,27.19729600,32.14167800,24.77290000,-5.57900300,-15.00003300,-3.16843060,-17.25426300,-0.08724841,11.36538600,11.20458200,15.00003300,-3.65082480,-3.43607160,8.41810600,29.28859300,36.20797700,-12.13244200,54.78753700,-0.95294880,-2.34027960,9.60565200,-110.46117400,-28.69054600,55.67680000,21.38189900,25.53225700,-4.28060770,0.74861205
104,3.58174372,-5.87851143,79.96616596,1.38282540,-2.01200660,72.47190328,6.91134360,26.16034100,31.64162400,22.48098600,-3.17342880,-15.00003300,-2.90720500,-17.86332000,1.56393970,11.88518800,11.03360200,15.00003300,-4.58174850,-2.97704940,8.32992400,29.55195600,34.93443700,-12.68689700,56.72470000,-2.20220880,-2.24180320,8.91586200,-120.61736000,-31.46787500,60.17320000,23.66883700,29.57608000,-5.79733200,0.77701540
105,4.27993536,-6.24019003,80.10716223,1.93959138,-2.08598985,71.90100414,7.80632160,25.52476000,31.27218600,19.44589200,-0.68993104,-15.00003300,-3.66339680,-18.34841700,2.75203230,14.30654800,10.63797200,15.00003300,-5.37242800,-2.02405570,8.38703800,29.49992000,33.66930400,-14.27304200,58.61011500,-1.55730450,-2.04130400,8.07914000,-131.19052000,-34.33203000,64.06426000,25.36911600,34.65732000,-7.61025200,1.67310620
106,5.01778936,-6.54614925,80.19069543,2.21295126,-1.70579248,70.47202448,8.73672200,25.04929200,30.02117000,15.81161400,1.72018060,-15.00003300,-3.71836380,-18.28384600,4.37140800,13.71422600,10.72950800,15.00003300,-5.83963600,-1.56366250,8.68175300,29.09987300,32.62619800,-14.94990350,60.54869500,-2.88902450,-2.25129840,8.00302500,-140.19414000,-37.04720300,68.79860000,27.95022400,38.65896200,-9.07826400,2.25476340
107,5.77001858,-6.82393837,80.36948428,2.93151821,-1.73653245,69.49819906,10.00182700,24.40257500,29.13406800,12.19348050,4.75880240,-15.00003300,-4.11131240,-18.64481500,6.10248660,14.64621300,10.71348000,15.00003300,-6.41666900,-1.24458680,8.51114700,28.79067000,31.66049000,-16.45538500,62.99715400,-3.59104180,-2.33942080,7.46186920,-147.42542000,-39.66050000,72.57078600,30.44542700,40.97102000,-10.31012900,1.68642870
108,6.55261278,-7.04688931,80.65400633,3.37962420,-1.18267531,67.92648799,10.73031100,24.15777800,28.30637700,9.36560250,8.28693800,-15.00003300,-4.02131650,-18.74744600,7.40239050,13.05251100,11.92998000,15.00003300,-6.92215970,-1.26430740,7.97426600,28.91986700,30.86697200,-16.88536000,64.94523000,-4.98318200,-2.28720200,7.43459460,-151.86978000,-42.07161700,76.19651000,32.09148400,41.60721600,-11.46386050,0.58464550
109,7.35159206,-7.23818684,81.16277575,4.00664348,-0.66683789,66.36348080,11.90212250,23.43841000,27.61497300,6.04984760,12.29656400,-15.00003300,-3.81634760,-18.79426400,8.69121500,11.07741000,14.09901600,15.00003300,-7.70759400,-1.30554370,6.98488200,29.41345600,30.08074200,-17.91938800,66.84902000,-5.61286830,-1.89868750,7.36571840,-155.12239000,-44.32388300,78.76140600,33.88405200,42.52502000,-12.81323100,-0.16890837
110,8.14632893,-7.38962269,81.43264491,4.75933426,-0.31143328,64.97182407,11.95840900,23.25980600,25.87457800,5.67168900,13.94358600,-15.00003300,-3.92910300,-18.83790800,9.97537800,10.08775600,14.37135000,15.00003300,-8.75726100,-1.51492560,6.06346270,29.91482400,29.27892000,-18.94636200,68.88412500,-5.83718540,-1.55771000,7.45178560,-156.97626000,-46.37533600,80.81074000,35.75342600,42.85584300,-13.65119000,-1.99638470
111,8.95307827,-7.50953341,82.00792685,5.51395899,0.14936288,62.90026836,11.93921700,23.01844000,24.43309600,5.35299630,16.81037000,-15.00003300,-4.62487940,-18.56017700,11.69007400,9.57446600,16.37576500,15.00003300,-10.02023300,-1.87688450,5.44425630,30.44304300,28.63236200,-19.12706400,70.31785600,-6.65958550,-1.46779720,7.47438800,-158.46008000,-47.87623600,82.85289000,37.75631700,44.22142400,-14.29166000,-2.75691680
112,9.74396896,-7.59702682,82.46671018,6.36411407,0.56414914,60.72689736,12.02516900,22.46057100,22.40246200,5.08448300,19.16893800,-15.00003300,-4.80225560,-18.59522800,12.92850700,7.97664700,18.07798600,15.00003300,-11.60702100,-2.29965880,4.96651650,31.98369800,28.28009000,-19.21535700,70.78644000,-6.84961270,-1.45820620,7.56966500,-159.37262000,-48.50197000,84.19542000,41.04250700,44.52478800,-14.38595400,-4.67801140
113,10.51051807,-7.64176273,82.68069860,7.14425189,0.98230017,58.99110918,12.11604400,21.86247300,20.01318400,4.96582900,19.71257600,-15.00003300,-5.41545440,-18.45886600,14.51685800,7.61156500,17.99706800,15.00003300,-12.91133800,-2.36070920,4.54577200,33.49363700,27.85804700,-19.35866000,71.14133500,-7.21498970,-1.32089900,7.26264240,-160.12271000,-49.02575700,85.59654000,44.78639000,44.09279300,-14.16620200,-6.55216930
114,11.24297142,-7.63420010,82.84486741,7.58975253,1.58451529,57.83154861,12.03936400,21.46152300,17.39925200,4.89934970,19.66619300,-15.00003300,-6.20855140,-18.07370200,15.79745000,7.67729500,17.68908100,15.00003300,-14.02097300,-1.92561890,4.19365550,34.55065500,27.46244800,-19.50520500,71.30607600,-7.46358440,-0.86773235,7.15316300,-160.80867000,-49.43680200,86.73689000,48.08226800,44.50353000,-14.01827300,-7.49694800
115,11.97147465,-7.57455730,83.00177315,8.09326577,2.47157058,56.55711595,11.95471800,20.82681800,14.92433300,4.86583660,19.82158300,-15.00003300,-7.29341200,-17.80947500,17.07214200,7.76542200,17.27396800,15.00003300,-15.19871300,-1.60554490,4.24139800,35.55562000,27.05378200,-19.76266900,71.23160600,-7.68354230,-0.43683460,7.11404850,-161.34456000,-49.81475000,87.91299000,52.21251300,45.71410800,-13.31279900,-8.63860100
116,12.68069172,-7.46234131,82.90944032,8.38399549,3.20210138,55.39483162,12.09610600,20.43442200,12.35080700,5.00370650,18.05636200,-15.00003300,-8.12849300,-17.54327600,18.13189100,7.85660000,15.75494200,15.00003300,-15.89754500,-0.93151706,4.41372060,36.24907300,26.64127200,-20.13593700,70.87852000,-7.60714050,-0.05966483,7.12570670,-161.81529000,-50.15666600,88.96590000,55.79206500,47.26863500,-12.72622400,-9.64833300
117,13.42331886,-7.31444502,82.83494202,8.95359009,3.96334462,54.00366200,12.46135100,19.89811100,10.81534500,5.03733500,16.85129200,-15.00003300,-9.13734900,-17.56582500,19.13679900,8.16387700,14.14938000,15.00003300,-16.40054000,-0.23836789,4.94848780,36.63894300,26.22025500,-20.18668400,70.92929000,-8.86181900,-0.14699900,6.77578400,-161.84444000,-50.49131400,90.12305500,58.41020000,47.35937500,-11.80168900,-10.31035300
118,14.20713615,-7.12947321,82.93919113,9.33625156,4.90349791,52.65928609,12.58809300,19.52261700,9.49650400,5.10500860,17.02263600,-15.00003300,-10.09770800,-17.31021000,19.85366400,8.22387700,13.63251700,15.00003300,-16.93659200,0.27297480,5.78879640,36.89777800,25.83075100,-20.14767300,71.15803500,-9.48039000,0.00345536,6.84846200,-161.73120000,-50.79241600,91.33391600,61.26822700,48.46802000,-11.25001400,-10.53508000
119,14.98711300,-6.90028143,82.80450410,10.07349681,5.55656459,51.62507247,12.89799100,19.01141500,8.61264300,5.13074100,15.91652700,-15.00003300,-11.13809800,-17.58450100,20.68238000,9.22778800,11.43689200,15.00003300,-17.22503000,0.88977444,6.52626850,36.85254700,25.52448700,-19.90914300,71.33042000,-10.86310400,-0.10465769,6.77086930,-161.29555000,-51.01371000,92.45335400,63.93750800,49.24728400,-10.77645200,-10.27870800
120,15.79141426,-6.62519169,82.81635655,10.50127283,6.48783334,51.24914467,12.73105900,18.89462900,7.47907540,5.22205000,14.63866500,-15.00003300,-12.16645050,-17.66390400,20.66723000,10.04602700,10.30207300,15.00003300,-17.67287000,1.41495660,7.48141570,36.77899600,25.16599300,-19.68663400,71.68693500,-11.09823300,0.02583812,6.79605200,-161.26015000,-51.27561600,93.80373000,66.55225000,50.33317600,-9.94502000,-10.16670200
121,16.62938499,-6.30382919,82.92730412,11.06001725,7.76614004,51.03174887,12.46825000,18.73420300,6.82600640,5.25439450,14.18997900,-15.00003300,-12.75148000,-17.95768400,20.88264300,9.39714500,9.87189800,15.00003300,-18.25993300,2.25152130,8.41816200,36.60700000,24.87890400,-19.57764800,71.97134000,-11.59648700,0.03442652,6.84173400,-160.89400000,-51.50666800,94.82434000,68.90209000,51.33442300,-9.61328600,-10.21936700
122,17.44092941,-5.93605995,82.82824713,11.51272465,8.58645793,50.63978782,12.65159100,18.75593400,6.42790400,5.34254600,13.19322300,-15.00003300,-14.10565200,-17.94351800,20.89952700,11.37701900,7.85833360,15.00003300,-18.56806400,3.08668880,9.40324100,36.30153300,24.61680000,-19.37276800,72.50249500,-12.56188800,-0.17626244,7.14863900,-160.43547000,-51.74796700,95.86903000,70.75266000,52.04841200,-9.40020400,-10.91204300
123,18.23178673,-5.49837732,82.76102595,11.66034059,10.02870691,50.81838126,12.26871100,18.99485200,5.84617570,5.41874460,11.77017800,-15.00003300,-15.77765300,-17.58130500,20.92347000,13.06875900,6.41480060,15.00003300,-18.85669300,4.03818100,10.71585600,35.63139000,24.37513700,-19.13249000,72.64986000,-12.73393900,0.28158692,7.16933900,-160.20769000,-52.05726200,96.93220500,72.87430600,53.24302700,-8.76750500,-11.92102600
124,18.96096420,-4.99848747,82.67778190,12.19156459,11.17360589,51.15098741,11.97191000,19.04466600,5.40686750,5.55511670,10.02126900,-15.00003300,-17.58663600,-17.26483200,22.14034500,15.87276650,4.52805950,15.00003300,-19.49522600,5.17754360,12.16570000,34.78202000,24.22322700,-18.90786700,73.03621000,-13.82230600,0.26750582,7.28370050,-159.59271000,-52.35599500,97.73917400,74.07649000,55.48476000,-8.31179000,-12.74758500
125,19.64277267,-4.44429779,82.87745079,12.52788832,12.11560675,51.46248947,11.63397100,19.16803700,5.50506200,5.56390100,10.70959800,-15.00003300,-18.07800500,-17.33723800,22.23373800,16.28281400,4.83982800,15.00003300,-20.04263500,5.85120150,13.75385000,33.90677600,24.06149100,-18.33588400,73.40802000,-14.30599400,0.28997773,7.24304400,-158.88797000,-52.86882000,99.12208600,76.17352000,56.31238600,-7.70702550,-13.35222000
126,20.22587585,-3.82183146,82.62654267,12.47110085,13.30586776,51.78740763,11.15965700,19.79550600,6.00896000,5.63435550,9.57094200,-15.00003300,-19.70651600,-16.61662300,22.87919400,18.76177000,2.96253590,15.00003300,-19.77059200,6.91132260,15.76537700,31.05285800,23.86930700,-17.87592300,75.54347000,-15.14155500,0.74605580,7.24597640,-158.53976000,-54.26947800,101.45129000,77.69721000,58.75778600,-6.80779080,-14.95275900
127,20.71277428,-3.15113807,82.44409376,12.24569955,15.13203018,52.35882300,10.39892100,20.08360900,6.42415500,5.76980500,9.27940500,-15.00003300,-20.96584000,-16.13719200,23.16907900,19.07067300,2.06572370,15.00003300,-20.30392800,7.83045200,18.09938800,29.98539400,23.95615400,-17.11137200,75.77371000,-15.45396100,1.10078140,7.36516000,-157.15463000,-55.67739000,101.91635000,80.38616000,60.04329700,-5.96972100,-16.30038600
128,21.07772827,-2.47410846,82.08446852,12.19444358,15.94410910,52.26586824,10.18497200,20.13882400,7.69000430,5.65430550,8.77020700,-15.00003300,-22.75218400,-15.26143700,24.31997300,22.58483900,0.11230776,15.00003300,-20.80823100,8.52913500,20.99295200,28.51274500,24.30638500,-16.03261400,75.66548000,-17.05998800,0.88141465,7.87720730,-155.13391000,-57.32353600,101.99386600,83.45748000,62.46926000,-5.36776070,-17.93889200
129,21.24191856,-1.80227518,81.76039930,12.01746738,16.99823067,52.90297627,9.22871700,20.14545200,7.37282100,5.67949870,9.10523300,-15.00003300,-23.89257000,-14.74476900,25.12645300,24.33705100,-1.20436760,15.00003300,-21.33576000,9.23905100,23.56500200,28.21513400,24.54705400,-15.13251600,75.41434500,-19.49448400,0.81273043,8.43141900,-151.59865000,-59.27503000,101.89390600,86.84112500,63.53521300,-3.83104350,-18.99609000
130,21.27589607,-1.21317816,81.76693676,12.43593388,18.66001730,55.02181546,7.65291300,20.31501600,8.81973900,5.97181800,9.44315900,-15.00003300,-24.93200700,-15.47539600,24.54191000,24.26780500,-0.89102840,15.00003300,-21.45771800,9.40003000,25.56134200,28.39152000,25.12102900,-13.34024600,74.70608500,-19.01658000,1.22699170,7.95516870,-148.09813000,-62.37019000,100.61755000,88.63222500,63.74058500,-3.25667210,-19.18142000
131,21.08350182,-0.71897405,81.42313948,12.41478135,19.57706484,56.92416960,6.91964700,20.37427100,9.80534200,6.17220970,9.31515600,-15.00003300,-25.97246200,-15.47503400,24.42126500,26.00642400,-2.10126640,15.00003300,-21.40971000,9.55703500,27.06553500,29.08402600,25.59138700,-12.11558100,73.59718000,-18.56208200,1.76085590,8.76914200,-141.30559000,-65.68280000,96.99077600,90.69261000,63.37680400,-2.42510270,-19.41982000
132,20.67561913,-0.37942624,80.81356346,12.16695317,19.82258813,57.73243272,6.22693160,20.38038400,10.29583300,7.18154240,9.01717200,-15.00003300,-27.30438600,-15.44642100,24.13795500,28.84457000,-4.00726560,15.00003300,-21.49802600,9.58324200,27.97341500,30.04046400,25.97744800,-11.82839300,72.69131000,-18.63656800,2.20187230,10.06265500,-132.04138000,-69.07624000,90.81898000,90.51051000,62.41693500,-2.71233000,-21.78040700
133,20.14806938,-0.22602281,80.52768546,12.07207061,19.98212533,59.70618195,1.79046820,21.13372400,9.90246100,14.27655900,5.74737260,-15.00003300,-27.49586000,-15.45429900,23.90193400,30.06373600,-5.08633040,15.00003300,-21.18851700,9.64111400,29.57174000,31.29673800,26.41936300,-10.57268200,70.74878000,-16.21811500,2.22802700,10.61989700,-124.55819000,-72.38874000,84.36449000,88.87005000,61.40088300,-3.70444460,-20.70193500
134,19.43193436,-0.28201994,79.94054899,12.04639817,20.44577692,61.62526618,-0.23297323,21.52664000,11.17529100,17.31080600,3.82225350,-15.00003300,-29.02524200,-15.97735000,23.00645800,32.35090600,-6.65241100,15.00003300,-20.12604100,9.86364300,29.79380200,33.36472000,26.69760500,-11.09108100,68.26996000,-14.31858200,2.12617540,11.82317500,-111.02213000,-75.54001600,74.78364000,86.54121000,60.09451000,-4.07694050,-22.55559500
135,18.58169937,-0.56722492,79.15317129,11.81726883,20.32961102,62.87326834,-2.74430660,21.81448000,10.96793900,21.47846000,2.34275910,-15.00003300,-30.81830800,-16.55656600,21.84168200,35.73686600,-8.36708000,15.00003300,-19.10634000,10.65027700,29.79380200,34.74520000,26.84294900,-12.09905050,65.98939000,-12.75718000,2.46156550,12.29007000,-96.21288000,-78.39365000,63.60618200,83.85652000,58.26444200,-4.06606630,-23.60651400
136,17.67907715,-1.09481645,78.69809968,12.28758443,20.04862400,65.84700256,-5.91319900,22.26755000,11.88354100,25.53986200,0.07956011,-15.00003300,-31.58903900,-17.76890400,20.72782100,37.82932000,-9.69678300,15.00003300,-17.51485800,11.87501300,29.79380200,36.57081000,26.93904700,-12.81143800,62.53473700,-9.65675700,2.11171410,12.69044000,-82.07571000,-80.77935000,52.28070400,79.93207000,57.43728000,-4.72375350,-23.26429600
137,16.70028877,-1.86443603,77.75821459,12.68680140,19.04157306,68.37374571,-9.27478300,22.89373400,12.76437500,31.23074700,-1.79682160,-15.00003300,-32.79662700,-19.59029000,18.97321900,41.64748800,-12.16562000,15.00003300,-15.79818500,13.51262400,29.79380200,38.15701300,26.89696900,-15.78133200,58.46479800,-5.79395060,1.50601120,13.81501200,-65.33941000,-82.08221000,39.19689000,75.31075000,56.10993200,-4.89839460,-23.12463000
138,15.69165325,-2.85560441,77.07214203,13.03863624,17.57974994,71.23436355,-11.97714900,23.34859700,13.45972250,35.21885000,-3.31027080,-15.00003300,-33.14606000,-21.62751400,17.01719900,44.49271400,-13.62990000,15.00003300,-14.33645500,15.50978600,29.79380200,40.19876000,26.70607400,-18.59262800,53.95880500,-3.71021060,1.17581770,14.91147900,-48.21201000,-81.99388000,25.86437200,70.09646600,54.88051000,-5.64124540,-23.76525000
139,14.70105457,-4.03553677,76.36557630,13.02196770,16.19190971,74.18641017,-14.74426400,24.43941300,14.23374400,39.29089700,-4.66377300,-15.00003300,-33.21884500,-23.31776200,14.95157700,47.00264000,-15.47174200,15.00003300,-12.80312700,17.75393000,29.79380200,42.85375000,26.39080600,-21.36807400,48.88842000,-0.55496960,0.66486293,16.15546800,-32.00495500,-80.28551000,13.92080700,63.48925400,51.97503300,-6.26792800,-24.30049300
140,13.70768070,-5.36907530,75.59831255,13.12166081,14.27793997,76.92169066,-16.71909100,24.87510300,14.64839800,42.22553300,-6.15523960,-15.00003300,-33.22012700,-25.62068400,12.82248700,49.92497600,-17.09752800,15.00003300,-11.57894900,19.58211900,29.79380200,45.15120300,26.22408500,-24.26114700,43.78458800,0.81060560,0.38825136,16.21041000,-19.02535200,-77.25467000,4.93974640,56.32232000,50.62536600,-8.00688200,-25.23746300
141,12.73559761,-6.82106972,74.96934883,13.05422675,11.89147507,79.39477255,-18.09447700,25.35874600,15.40984500,44.52062000,-7.45650340,-15.00003300,-32.33885600,-27.99026500,10.46391200,52.07396300,-18.23703200,15.00003300,-10.46343200,21.61000000,29.79380200,48.51783800,25.92029600,-27.12444700,37.13026400,2.65638350,-0.60463520,16.88663900,-8.28743800,-72.99538000,-0.61025167,48.03977200,48.68140400,-10.56983800,-26.00483000
142,11.78742981,-8.30472755,74.65249840,13.58652238,9.96507731,82.78435432,-19.50026300,24.98157900,16.55460700,45.47530700,-7.37246800,-15.00003300,-30.86819500,-31.73224400,7.29973270,52.27833000,-18.89620800,15.00003300,-9.46069600,23.04080200,29.09850000,51.57592800,25.34178700,-29.43166400,31.53598600,2.47765870,-1.56533980,17.48866500,0.66115826,-67.95820000,-2.54275040,38.90028400,44.30552000,-13.38318200,-28.66801300
143,10.88071918,-9.78115940,74.18407041,13.61820799,8.27500974,86.45616108,-21.04052500,24.26354200,16.56823300,45.69988600,-7.33762740,-15.00003300,-29.70152300,-34.26354200,4.99674220,53.51899300,-19.42775300,15.00003300,-8.27982300,24.11916500,28.61125600,52.94480000,24.85215800,-32.04019500,26.69023100,3.13911960,-1.28538550,17.54374900,5.98756300,-62.86503200,-1.34078170,31.28421800,40.33074000,-15.30378200,-30.09930400
144,10.02134609,-11.21284676,73.87879170,13.23302941,6.41694333,90.21098124,-22.30162800,22.92675000,15.41299250,45.12896300,-7.32029700,-15.00003300,-27.48877100,-35.95635600,2.71622280,54.07178000,-19.62611000,15.00003300,-6.40744700,25.27075200,27.93207600,53.43649000,24.40023000,-34.00148400,22.88649000,2.80141600,-1.31577270,18.12828000,8.38104250,-58.14765000,1.08666110,25.60501900,36.79464300,-16.49040200,-30.91331900
145,9.23386192,-12.53343773,73.64016056,12.84271468,4.91048045,93.73742488,-24.14972100,20.96620400,13.22091400,45.03479800,-6.77633500,-15.00003300,-25.30683000,-37.58362600,0.35109767,54.12806000,-19.66417100,15.00003300,-4.14938500,26.37654000,27.63771400,52.60392400,24.09705400,-35.82703000,20.44195400,3.15848540,-1.05225230,18.55908600,8.85130800,-53.96328700,4.69085500,20.57419600,32.17117000,-17.51616500,-30.27037800
146,8.53820896,-13.70735645,73.37856191,12.63496283,3.13242452,97.96053806,-25.82390600,18.33090600,10.72735500,44.69939000,-5.75667100,-15.00003300,-22.50244900,-38.82526400,-1.38832760,54.44930600,-20.13910000,15.00003300,-1.52924350,27.25634400,26.64689400,52.29482700,23.88952400,-36.14523700,17.83731000,2.80648020,-1.19268350,18.04282000,7.50472740,-50.41573300,8.28098300,17.22968100,28.68276000,-19.28455400,-27.95724500
147,7.94435835,-14.69617367,73.17367915,12.63158149,1.45471497,102.32033353,-27.29323000,15.46032700,8.65197300,44.39776200,-4.56840660,-15.00003300,-19.54235500,-40.34443000,-3.31033680,54.87822700,-20.23407400,15.00003300,0.81485290,27.72752800,25.66999800,51.92910400,23.80002200,-36.01681000,15.64993000,1.83857180,-0.80243460,16.96601100,5.55741400,-47.39023600,11.32848300,13.42802300,25.78115700,-19.62986200,-27.30715800
148,7.46551466,-15.46012592,72.70062381,12.47171797,1.08344859,106.07244335,-29.69882200,12.73853500,5.92955450,44.68637000,-4.86754270,-15.00003300,-18.48263200,-41.86879000,-5.12648870,56.18418500,-20.67350600,15.00003300,2.90663400,28.09376000,25.15180800,52.20535000,23.85968400,-35.55736500,13.19066300,2.03418000,-0.04881275,16.93873000,2.95180200,-44.78602000,14.15113000,8.55370300,20.44245700,-18.81805600,-29.57814200
149,7.12066460,-16.03760529,71.94153733,11.90510422,0.59375399,108.75550500,-32.21150200,11.04485100,3.12427640,46.88664000,-5.91306160,-14.49147300,-17.75898200,-42.73327300,-6.50954150,58.20243000,-21.97468400,15.00003300,5.48638770,28.28320100,24.32279000,51.66231000,24.02591500,-35.28949400,13.25925000,0.99921720,0.32858140,16.65837700,-1.42721340,-42.49098200,17.53132600,4.97864300,16.88450600,-18.35162700,-29.37260800
150,6.91086674,-16.45120621,71.19138407,11.27984509,-0.14219503,111.01923009,-34.31175000,9.14147100,-0.11124797,49.37545000,-7.23211400,-13.77876900,-16.64367100,-43.66906400,-8.24890700,60.31788300,-23.09916500,15.00003300,8.20688900,28.06133000,23.38402200,50.57697700,24.29043400,-35.18066000,14.77131700,-0.35980860,-0.08785021,17.10458400,-6.59927600,-40.43506600,20.59393300,2.21303730,14.58034000,-17.82437100,-28.83381700
151,6.84554195,-16.69734192,70.51291103,11.42322899,-1.00051396,114.33127048,-36.38033300,6.87572200,-1.79122940,51.63078300,-8.05253600,-13.54718600,-14.66003400,-45.04541400,-9.71703500,62.35419500,-24.48664000,15.00003300,10.49364900,27.72388800,22.61063400,49.51136800,24.66095400,-34.94803600,15.56769900,0.33267036,0.39296666,16.48131800,-12.17163850,-38.35628500,22.09867000,-0.20806831,14.49618900,-17.07005300,-28.32998500
152,6.91144848,-16.81454468,69.90443894,10.79756548,-1.79611201,117.22812329,-38.21647300,5.16808270,-4.24983930,53.74200000,-8.90397100,-13.95705700,-12.03221900,-45.58614000,-12.41695500,63.91617600,-25.85679200,15.00003300,12.99675900,27.26542900,21.56750000,47.61581800,25.01825000,-34.51283600,17.31001300,-0.34719715,0.38110006,16.60550100,-16.90005000,-36.11380800,22.53101000,-2.47841620,14.80573400,-15.66533700,-27.18997400
153,7.11411476,-16.79788017,69.61506586,10.31158525,-2.62085615,120.76179902,-39.55274200,3.00126360,-6.64474530,54.66361200,-9.46382600,-14.33593750,-8.23731100,-45.86560000,-15.98300200,64.54582000,-26.81573900,15.00003300,15.57051850,26.42553900,20.21995200,46.28894400,25.28929500,-33.65514400,18.61064100,-0.86543400,0.48600358,16.76336900,-23.03306600,-34.27087000,22.79182600,-2.53083780,15.86292900,-14.92028800,-25.99251000
154,7.41486979,-16.66649055,69.51101506,9.68688045,-3.73712722,124.67711589,-40.20827500,0.92900770,-8.87948600,54.80354700,-9.96476500,-14.24939200,-3.01190300,-46.19836000,-21.25984800,64.50631000,-27.17638400,15.00003300,18.06620600,25.34955200,18.77315900,45.26223400,25.52224500,-33.22675700,18.73712300,-0.05310038,0.32673472,16.88333900,-29.86298600,-32.73693500,22.40648500,-1.67532120,16.52943000,-14.47220900,-25.30156000
155,7.79134464,-16.41761589,69.41041118,9.10812913,-4.63798487,128.50411353,-40.65337800,-1.59248170,-11.69839900,54.56053500,-10.19856100,-14.89507300,1.46349620,-45.99238600,-25.77771600,64.52493000,-27.60502000,15.00003300,20.01848400,23.99100100,17.43629800,44.65650000,25.51891000,-32.45347200,19.48085000,-0.39061517,-0.35312137,17.80499800,-36.17105000,-31.70141000,20.29910900,-0.52709870,15.76460200,-12.99504300,-25.27579300
156,8.20927334,-16.05228996,69.65506021,8.75339469,-5.32323943,132.96484802,-41.01409000,-3.45160580,-12.93042300,53.33147000,-10.07493200,-15.00003300,6.08857700,-45.16866000,-30.29939000,63.39517600,-27.59759900,15.00003300,22.30376800,22.60738600,15.98248800,44.70318000,24.99674800,-30.82597400,20.29618000,-3.22404620,-0.89215654,17.40582700,-42.92239000,-31.52577800,17.52453800,2.60677310,18.50180200,-12.94220350,-24.48467400
157,8.57951546,-15.63103485,70.31449115,8.73421472,-6.56224706,136.65404120,-39.99199300,-5.65247440,-14.16372400,51.50324000,-8.56014500,-15.00003300,11.68911600,-44.14462000,-35.01024000,60.44611400,-26.71898500,15.00003300,24.16590000,20.83109500,15.03439100,43.62449600,24.44872500,-30.88955000,21.96770700,-3.05461340,-2.42009880,19.26687400,-49.51226400,-31.67061800,14.34185600,5.26994750,21.42552600,-11.98649600,-24.59660500
158,8.89627743,-15.13017273,70.88621375,8.13790295,-7.31953045,139.98866930,-39.26382400,-7.02053200,-15.85064700,49.88768400,-7.69252160,-15.00003300,15.64730550,-42.57194500,-38.96176500,57.51417000,-25.93028600,15.00003300,25.47119900,19.39380600,14.31763900,42.46404600,23.81402200,-30.31854800,23.57626700,-4.38992260,-3.41069720,19.34348500,-55.40808000,-32.49938200,12.33834900,8.50516700,22.50487700,-11.34547800,-24.91049200
159,9.10667324,-14.58057880,71.44485364,7.52927088,-7.62902251,142.85931467,-38.56559000,-8.17154600,-17.69144800,48.11481500,-7.06657030,-15.00003300,18.63202500,-40.81538400,-42.08473600,54.11572600,-25.21508000,15.00003300,26.74808700,18.04829000,13.90922000,41.22989300,23.11977600,-29.48586300,24.58240500,-5.02893600,-3.36904220,17.68023000,-60.98581300,-33.81756600,10.67884700,11.84603400,24.65845700,-10.61595100,-24.94526300
160,9.19412899,-14.01257038,71.82112058,6.89828125,-8.29491701,145.77987908,-37.43316000,-9.36082500,-19.54541400,46.52227400,-6.71882800,-15.00003300,21.71698400,-38.76685000,-44.39629400,50.67732200,-24.80374100,15.00003300,27.90555200,16.74094200,13.67271100,40.01149400,22.51607300,-29.00724400,25.43693400,-4.78142260,-3.13891460,16.48846000,-66.47348000,-35.45573000,9.74605700,15.96731900,27.73140000,-10.10183900,-24.89868700
161,9.14117908,-13.42882347,72.10931061,6.27297894,-8.57893958,148.34255901,-36.55230000,-10.38311000,-21.48846000,45.20956800,-6.59072300,-15.00003300,24.30836300,-36.74397300,-46.29630700,47.36028000,-24.06349400,15.00003300,28.98791500,15.75002300,13.36795800,38.83387800,22.11974100,-29.22082900,26.61288600,-4.12919600,-3.26248840,15.64107800,-72.38062000,-37.24463700,10.49312200,21.14661800,30.04072800,-9.73096500,-24.83853500
162,8.94578552,-12.85735798,72.39514910,5.59486275,-8.77525365,150.38409996,-35.78293600,-10.94597100,-23.01576000,44.41673700,-6.49087400,-15.00003300,26.30741500,-34.36087800,-46.93681700,43.85892500,-23.01572000,15.00003300,30.21335000,14.88685200,13.16575050,37.91424000,21.76161800,-29.29148700,27.50464600,-3.90224270,-3.17268160,14.90286300,-78.02779400,-39.11589000,12.17331900,26.96552300,32.97692000,-9.70324400,-24.49985500
163,8.59407520,-12.31637287,72.62538574,5.10161370,-8.88594521,152.38944000,-34.42039000,-11.57070800,-24.53357000,42.55224000,-5.78650600,-15.00003300,28.86929500,-31.93687200,-48.11779000,39.58402600,-21.92843600,15.00003300,31.39043000,14.08336100,12.85005700,37.14134600,21.58241500,-29.35175900,28.46035800,-3.07653710,-3.10962060,13.82130000,-83.37295500,-40.95509300,14.77062800,32.61363600,36.06212000,-9.59533600,-23.86292000
164,8.11912346,-11.80348015,72.80922730,4.49159356,-8.72988231,154.16568912,-33.19760500,-12.49321900,-27.01236500,41.14240000,-5.93077140,-15.00003300,31.20585400,-29.06463200,-48.78265800,34.65462000,-20.48272100,15.00003300,32.69274000,13.11846600,12.49077800,36.14481700,21.44850500,-29.72253200,29.44336300,-2.45966900,-2.89382220,12.56461700,-88.65505000,-42.70401000,18.74659700,39.32959700,38.32715600,-9.37028000,-22.95473300
165,7.51758957,-11.35189533,72.96520559,4.14606381,-8.35309957,155.90033639,-31.67070800,-12.91625100,-28.53757500,38.41734300,-5.17174770,-15.00003300,33.14204800,-26.68291500,-49.19075000,30.15824100,-18.54944600,15.00003300,34.11340300,12.16777000,12.21126300,34.93737000,21.48695200,-30.31010000,31.00530800,-1.54193070,-2.98940180,12.49897100,-93.83574000,-44.16621000,22.14628200,45.75615700,42.26771000,-9.21415100,-22.38844100
166,6.82783127,-10.96549225,72.94259821,3.56995243,-7.91134429,157.44224164,-30.13677000,-13.07004700,-30.38465500,35.81965600,-4.93238970,-15.00003300,35.04464300,-24.14258800,-49.34214000,25.30760800,-16.59895700,15.00003300,35.90336600,11.18557200,11.59109100,33.63424300,21.63126000,-30.86419500,32.75506600,-1.13461830,-2.47069570,11.75568800,-93.25867500,-45.08317000,25.49935000,52.41823600,46.03904700,-8.24425900,-21.30394000
167,6.06521988,-10.65466213,73.00367943,3.34288774,-7.57019322,158.58600475,-28.69816800,-12.98446100,-31.10660600,33.38541800,-4.00775050,-15.00003300,36.65337000,-22.00950200,-48.74830000,20.90405800,-14.23504450,15.00003300,37.51370600,9.99700450,11.00419800,32.55048800,21.80204400,-31.49941300,34.68260200,-0.85845333,-2.68081400,11.92342900,-91.31725000,-45.49268000,28.60725600,58.36411300,49.04761000,-7.33189600,-19.82471000
168,5.25429440,-10.41044140,72.94946484,2.94456925,-7.14046463,159.59626712,-27.40140500,-12.79391400,-32.07866000,31.20629000,-3.11797000,-15.00003300,37.77672000,-20.23359000,-48.26772700,17.74037400,-12.15324300,15.00003300,39.08253500,8.84734900,10.44314700,31.37700300,21.99506600,-32.43531000,36.71931000,-1.44246080,-2.92544050,12.00226700,-89.20334000,-45.53157800,32.00009500,64.32053000,52.12272600,-6.26306200,-18.44174000
169,4.40626144,-10.22091007,72.73098522,2.52008468,-6.33288016,160.28818858,-26.14629700,-12.45557600,-33.46770500,28.53782800,-2.07090880,-15.00003300,38.91127800,-18.44408000,-48.22956000,14.33387400,-10.01470000,15.00003300,40.43677500,7.63165000,10.09701400,30.41145300,22.19609000,-33.67320000,38.42414500,-1.18883930,-2.76019950,11.23216600,-88.74944000,-45.33004800,36.60447700,70.30273400,54.09181000,-4.89048620,-16.06761400
170,3.56597638,-10.06778622,72.50503524,1.88356750,-5.74176571,160.98787659,-24.81805000,-11.62528500,-34.36541700,25.83794000,-0.65184844,-15.00003300,39.94762000,-16.70044000,-47.88350300,11.51401600,-8.02154200,15.00003300,41.36600500,6.40835860,9.91620300,29.64710800,22.34051100,-34.20573000,40.03075400,-1.51174150,-2.62404900,10.71472800,-90.51596000,-45.10341600,41.92601400,75.88582600,55.74261500,-3.76445340,-14.03294900
171,2.74070358,-9.92444992,72.98904119,1.79080220,-4.93047534,161.39539040,-24.00841100,-11.48582000,-35.18536000,23.83620800,0.47847137,-15.00003300,40.71933400,-15.49768800,-47.61290400,9.14296600,-6.29398970,15.00003300,41.97735200,5.23677600,9.82356700,29.38193100,22.35501000,-34.34012600,41.24646800,-2.21251100,-2.75288320,10.63768200,-92.02364000,-44.91975400,46.84010000,81.00827000,56.38252000,-2.66927890,-11.95913400
172,1.96687281,-9.78235340,73.51257170,1.66226254,-4.31276799,161.60926778,-22.70454200,-11.20737700,-36.71518000,21.34332500,1.35563370,-15.00003300,41.05502000,-14.50145500,-46.72202700,7.65803430,-4.09976340,15.00003300,42.35860400,4.21595100,9.68439800,28.45582200,22.37787000,-34.53275000,42.53857800,-2.68996450,-2.52738070,10.29423900,-92.63836000,-44.64689000,50.44395000,84.19165000,55.54397200,-1.45803710,-10.22614200
173,1.28198135,-9.63877296,74.06378552,1.29259790,-3.59867533,161.81019172,-21.67566900,-10.44661100,-37.96139500,18.83127000,1.84262470,-15.00003300,40.87536200,-14.02862900,-46.41617600,7.40494900,-3.17475910,15.00003300,42.73701500,3.34220030,9.31592400,27.81263500,22.40528100,-34.56782500,43.53969600,-2.87987760,-2.13427800,9.98611700,-93.11971000,-44.35370300,52.69477000,86.21164000,54.84772000,-0.53518796,-9.20864900
174,0.68857449,-9.49526978,74.45120171,1.22144082,-3.32195106,161.67928196,-20.39929200,-10.08681700,-39.29738200,16.88846800,2.14068500,-15.00003300,40.75984200,-13.76640100,-45.59577600,7.22791240,-2.09071500,15.00003300,42.87302000,2.71692370,9.13614200,27.19216000,22.43604500,-34.59427600,44.63175200,-3.20824900,-2.00063160,9.24747500,-93.02860000,-44.06394000,54.38865700,87.21702600,52.68928500,0.30991045,-7.90995450
175,0.19626126,-9.36691284,74.69479215,1.15177091,-3.11209349,161.92227795,-19.74229000,-9.76377200,-39.47906500,15.73666500,2.83898190,-15.00003300,40.69914600,-13.52892100,-45.29055800,7.10452700,-1.50454490,15.00003300,42.91520700,2.23905520,9.05778900,26.34390600,22.51474000,-35.19426700,45.26472500,-3.03203800,-1.51040670,8.48303700,-93.12804000,-43.74266000,55.30375000,87.65559000,51.43821700,0.64593590,-7.33101500
176,-0.20904380,-9.25883102,74.93508495,0.88084298,-3.04226333,161.82049674,-19.15492400,-9.21561900,-39.48451600,15.10722350,3.17740600,-15.00003300,40.69641000,-13.33418400,-45.00284200,7.06675800,-1.04182170,15.00003300,42.81617000,1.94414070,9.03800700,25.74158300,22.56927300,-35.86873200,45.80465300,-2.67151000,-1.16046230,8.22760400,-93.30862000,-43.39163000,55.43301000,87.70341500,51.84159500,0.73031470,-7.01674270
177,-0.52588814,-9.16778564,75.11858471,0.62608944,-3.15276079,162.23428873,-18.67974900,-8.91338350,-39.39164400,14.73802950,3.35425350,-15.00003300,40.83874000,-13.04674400,-44.75396300,7.03214900,-0.80227697,15.00003300,42.71880000,1.73649620,8.95000000,25.45303000,22.67124000,-36.10301600,45.86153000,-2.46415520,-0.84595793,8.14517200,-93.33341000,-43.06823000,55.35865800,88.03832000,52.76161000,0.65508780,-7.01982260
178,-0.78058863,-9.09096527,75.28862297,0.45892951,-3.06390615,162.24121859,-18.36788700,-8.41782950,-38.99996000,14.17087200,3.62413290,-15.00003300,40.66005000,-13.02309400,-44.27184300,6.96977850,-0.46015558,15.00003300,42.60237500,1.47742680,8.86612500,25.09258800,22.78411300,-36.65387000,46.28958000,-2.08570170,-0.52082187,7.94570400,-93.47580000,-42.73278400,55.22604000,88.07887000,53.48913600,0.71232390,-6.93008380
179,-0.98081744,-9.02722836,75.44072481,0.25821962,-2.88681808,162.04585163,-18.08915000,-7.95092300,-39.14606500,13.59555100,3.67126440,-15.00003300,40.37080000,-12.98062500,-43.67537700,6.88221300,-0.16531710,15.00003300,42.58891300,1.28891250,8.66615200,24.94919800,22.88867600,-36.98583600,46.39991400,-1.63794540,-0.26424325,7.77252770,-93.59415000,-42.41567200,55.29149600,88.17832000,53.47457000,0.63664500,-6.88094300
180,-1.13480020,-8.97771072,75.54711530,0.09258828,-2.90983229,162.06646265,-17.76552400,-7.70846400,-39.40892000,13.27482500,3.59534900,-15.00003300,40.39018000,-12.89833700,-43.43843500,6.84836630,-0.29509726,15.00003300,42.44094000,1.13306240,8.49687400,24.85255800,23.02251400,-37.41022500,46.25515700,-1.49624970,-0.19567476,7.48758100,-93.48286400,-42.10030400,55.29538000,88.41318000,52.63995700,0.75691010,-6.65465260
181,-1.25462568,-8.93620777,75.68604310,-0.07891994,-2.88453317,161.83124528,-17.34121000,-7.05793900,-39.14533600,12.41112500,3.95991090,-15.00003300,40.23812000,-12.87271300,-43.04631000,6.76616430,0.16545932,15.00003300,42.36782500,0.95446200,8.29905200,24.81285300,23.12367200,-37.65196200,46.43537000,-1.19946420,0.07442907,7.42655750,-93.43056000,-41.77396000,55.05542800,88.38405600,52.89621000,0.77289820,-6.83771370
182,-1.34625041,-8.90134048,75.78713019,-0.20467673,-2.90335396,161.60019370,-17.08519600,-6.70436330,-39.02028000,12.12642600,3.83983400,-15.00003300,40.21007500,-12.94469000,-42.93260000,6.76037300,0.03410337,15.00003300,42.24292000,0.88296060,8.09547400,24.71919000,23.23719600,-38.27036700,46.62117000,-0.90876603,0.25279063,7.25046830,-93.28419500,-41.42601400,54.84659200,88.14434000,52.82350000,0.84784913,-6.80653500
183,-1.40879619,-8.86188030,75.81696785,-0.20234560,-2.98751239,161.36714958,-16.96633500,-6.37095600,-38.18857000,12.05906800,4.18804170,-15.00003300,40.19779000,-13.05888100,-42.53777000,6.75344000,0.25421637,15.00003300,42.14638500,0.90923740,7.97969600,24.74324000,23.30417600,-38.49266400,46.71805600,-1.00260300,0.29804710,6.94100670,-93.06805000,-41.07322700,54.91441300,87.79427000,51.99118000,0.88648040,-6.26419070
184,-1.45239675,-8.81396198,75.86806101,-0.23222097,-2.91066180,161.12617375,-16.98513800,-5.97150040,-37.46219000,11.88274800,4.27328440,-15.00003300,39.99063500,-13.12126350,-42.07934000,6.75328830,0.19824772,15.00003300,41.96563000,0.91545810,7.74540600,24.71992300,23.35089300,-38.87943000,46.99841000,-0.94424236,0.14966990,6.92556500,-92.99220000,-40.67969500,54.46159700,87.29425000,51.99218400,0.93716590,-6.44896550
185,-1.47532213,-8.75508404,75.91490316,-0.31179028,-2.82415726,161.16320456,-16.90476800,-5.77409800,-37.63613000,11.53637800,4.19543030,-15.00003300,39.90632200,-13.00258100,-42.16805600,6.68386360,-0.15755469,15.00003300,41.93113300,0.92074210,7.53497100,24.81210900,23.44148800,-38.73269300,46.64145000,-0.76718510,0.48738444,6.68134000,-93.13156000,-40.36802000,54.51445400,87.72797400,52.06568500,0.94646120,-6.55343000
186,-1.49450386,-8.67992973,75.84618921,-0.07025314,-2.88983274,161.16322181,-17.07014800,-5.88455870,-36.71591600,11.96506800,4.41078140,-15.00003300,40.02414300,-13.23103700,-42.15829000,6.69878530,-0.62802320,15.00003300,41.71006000,0.84466630,7.45740600,24.74755700,23.55844100,-39.15646000,46.64505000,-0.88138470,0.58949790,6.27810700,-92.85717000,-40.01514400,54.42064300,87.31588000,51.66410000,1.24253480,-6.51631160
187,-1.52372932,-8.59153175,75.86076217,-0.04272524,-2.85690139,160.99008315,-16.93803200,-5.77874000,-36.77490600,11.82777100,4.46581600,-15.00003300,39.94844000,-13.26278100,-41.94201700,6.65685900,-0.40426600,15.00003300,41.76358800,0.80508680,7.29291530,24.75580000,23.67446000,-39.12319600,46.58936300,-0.58105880,0.74222390,6.55116000,-92.83912000,-39.68069000,54.26172600,87.37070500,52.51908500,1.17199250,-6.66589800
188,-1.55684006,-8.48393250,75.83137951,0.03228139,-2.74632924,160.80759663,-17.03495400,-5.75351860,-36.69125400,12.00317900,4.52500100,-15.00003300,39.89417600,-13.42297200,-42.20411300,6.66436340,-0.17981552,15.00003300,41.73463400,0.77996990,7.15797800,24.57956300,23.79763200,-39.44676000,46.84493300,-0.66363424,0.80222560,6.37334780,-92.84836000,-39.32272000,54.11250700,87.04857000,52.13279700,1.47010220,-6.63850900
189,-1.58321404,-8.36165142,75.83239272,0.08033618,-2.71999730,160.99317092,-17.13422600,-5.55766500,-35.94290000,11.98624900,4.70340630,-15.00003300,39.95317500,-13.30359100,-42.39731200,6.64804740,-0.24259990,15.00003300,41.58299600,0.73451650,6.97464850,24.75108100,23.93408800,-39.03095000,46.47822000,-0.70214370,0.73932310,6.05901960,-92.79044000,-39.02380800,54.04281000,87.16922000,52.12470600,1.26106200,-6.77447180
190,-1.62232125,-8.23033142,75.81763474,0.18892909,-2.66378215,161.01413112,-17.14513200,-5.43806200,-35.52202000,11.89171000,4.91847370,-15.00003300,39.97377400,-13.33470700,-42.52136000,6.64708140,-0.11796538,15.00003300,41.44738000,0.70500726,6.89896730,24.76755300,24.10447100,-39.03935600,46.37726000,-0.66180205,0.78461146,5.93768740,-92.81702400,-38.70636700,53.89892000,86.95790000,51.97262200,1.35367480,-6.88059570
191,-1.67241096,-8.09890079,75.83479595,0.28216141,-2.64919022,160.85695732,-16.85449400,-5.25266170,-35.47144300,11.43056700,5.20645480,-15.00003300,39.95992700,-13.41215600,-42.41803000,6.63685750,0.12009073,15.00003300,41.38898500,0.67416830,6.93758500,24.75600200,24.26666000,-39.18189000,46.46022400,-0.33357108,0.84527000,5.77444740,-92.83195000,-38.36573400,53.95959000,86.69538000,51.63666000,1.41600410,-6.72892600
192,-1.71555734,-7.97113466,75.88568428,0.25558256,-2.59099192,160.77353631,-16.55914300,-4.97775100,-35.71720000,10.83208300,5.27703900,-15.00003300,39.89423000,-13.28867900,-42.28503800,6.56243800,0.17465930,15.00003300,41.48839600,0.64624274,6.89782570,24.81565900,24.42805000,-38.85336300,46.30986800,-0.01609180,0.82290100,6.10490000,-93.00069400,-38.06057000,54.09490000,87.07940000,51.66867000,1.43185030,-6.69416300
193,-1.74942970,-7.84775829,75.91081175,0.21263014,-2.38398445,160.80633780,-16.69760100,-4.69234400,-35.48641000,10.62264700,5.24090960,-15.00003300,39.71467200,-13.13707350,-42.42115400,6.50348950,-0.02451187,15.00003300,41.50512000,0.55018610,6.74499030,24.85241500,24.59123200,-38.51809300,46.19624300,-0.05705546,0.82260260,5.82997040,-93.21091000,-37.80288700,54.27328000,87.37486000,51.41743000,1.41206310,-6.71653560
194,-1.77987051,-7.73664188,75.94999538,0.17561045,-2.25947600,160.89037713,-16.70463400,-4.38993800,-35.15426600,10.26859400,5.31014700,-15.00003300,39.62667500,-12.95537300,-42.51085700,6.44682300,0.05679297,15.00003300,41.51436200,0.48708114,6.63463400,24.90945000,24.73509000,-38.08194000,46.08599500,-0.07348208,0.78736985,5.88733100,-93.35936000,-37.59280400,54.39473300,87.72399000,51.31434200,1.42544950,-6.73136470
195,-1.80965304,-7.63917494,75.96200047,0.26002106,-2.19762040,160.95292948,-16.65640400,-4.24058150,-34.78283300,9.95405000,5.43154340,-15.00003300,39.67916000,-12.97299500,-42.74441000,6.44290400,0.17840381,15.00003300,41.47407500,0.49030373,6.60499000,24.93797700,24.87125800,-37.93051000,45.99497600,-0.24874693,0.81495833,5.87717960,-93.46380000,-37.38390400,54.35941000,87.71656000,51.26866500,1.46011980,-6.80242600
196,-1.82400906,-7.55374718,75.97610795,0.27137886,-2.28040211,161.06884866,-16.48034500,-4.05668070,-34.45670700,9.68245500,5.65130950,-15.00003300,39.76698700,-12.82636400,-42.53632700,6.43588300,0.34917006,15.00003300,41.43562700,0.46547064,6.42863700,24.91562000,25.00729600,-37.88770700,45.94375200,-0.38748300,0.68456990,5.85970540,-93.25527000,-37.19522000,54.25404400,87.89889000,51.75713300,1.30841470,-6.90158400
197,-1.82827938,-7.47750759,75.96780782,0.35854140,-2.25877113,161.10378732,-16.50079300,-3.96266400,-34.08036000,9.58529100,5.66575600,-15.00003300,39.78012500,-12.84025600,-42.49310000,6.44344500,0.07643435,15.00003300,41.35313400,0.43452886,6.40995800,25.03597300,25.13053700,-37.72099300,45.68853800,-0.43740988,0.60577476,5.81753540,-93.23787000,-37.01008600,54.23757000,87.78153000,51.44064300,1.42512240,-6.94023800
198,-1.82759392,-7.41048670,75.97690045,0.40619151,-2.26183032,161.09534719,-16.35465600,-3.80805900,-33.89781000,9.22996600,5.82177700,-15.00003300,39.76344300,-12.82066400,-42.36607000,6.44814600,-0.02886514,15.00003300,41.27283500,0.42758328,6.31642440,24.98891000,25.21131700,-37.92729000,45.71165000,-0.48996243,0.55895704,5.52173230,-93.05409000,-36.87669800,54.23045000,87.46185000,51.06870000,1.49634270,-6.92210900
199,-1.82559597,-7.35319185,75.99553005,0.36770327,-2.27825550,161.16400098,-16.20848300,-3.66845180,-33.95200700,8.93676400,5.93105550,-15.00003300,39.75161400,-12.68224000,-42.25739000,6.45242740,-0.09410661,15.00003300,41.21772400,0.44817457,6.23426900,24.98491500,25.31385600,-37.94427500,45.64623300,-0.46027520,0.49438742,5.42779300,-93.05553400,-36.69269600,54.17575500,87.63205000,51.22149000,1.47989700,-6.97688250
200,-1.82552147,-7.30298519,75.97709178,0.41897034,-2.42791260,161.24901441,-16.04946300,-3.72629900,-33.96495400,8.96724600,6.01832680,-15.00003300,39.92699000,-12.65281800,-42.18726700,6.48500300,-0.19271979,15.00003300,41.11390000,0.45807418,6.16443600,24.95826700,25.39893000,-38.03581600,45.65549500,-0.64699020,0.42711508,5.30844900,-92.82910000,-36.51707500,54.12278000,87.64498000,51.16722000,1.52047470,-6.98467800
201,-1.82755160,-7.25594616,75.96178472,0.42469713,-2.48977578,161.17152004,-16.01771400,-3.80068800,-34.23906700,9.21892200,5.79303260,-15.00003300,40.00214000,-12.67357500,-42.25256700,6.48836100,-0.30248730,15.00003300,41.09465800,0.39364603,6.16787240,24.95293600,25.45098500,-38.06408300,45.70495600,-0.56968440,0.40169257,5.27853060,-92.73688500,-36.38383000,54.15396500,87.65802000,51.34960600,1.48533650,-6.84283300
202,-1.84221375,-7.21342468,75.94321760,0.46431078,-2.63580602,161.27478026,-15.87978300,-3.90814610,-34.33140600,9.33498000,5.85315130,-15.00003300,40.18910600,-12.63963700,-42.25533700,6.52696280,-0.37917843,15.00003300,40.97317000,0.41198152,6.17632500,24.93680600,25.50052000,-38.09020200,45.76676600,-0.57598940,0.27811396,5.21742100,-92.60625500,-36.23016400,54.22726400,87.73702000,51.18618000,1.46650600,-6.76522060
203,-1.86742270,-7.17240286,75.95410862,0.42484544,-2.64407306,161.31778153,-15.77063300,-3.84984540,-34.51449000,9.19147700,5.92735000,-15.00003300,40.19555700,-12.54323300,-42.21287500,6.52006150,-0.45871943,15.00003300,40.93551000,0.38168550,6.14201830,24.94567100,25.52806700,-37.97803500,45.85636500,-0.65002350,0.19155600,5.20327100,-92.61226000,-36.10135700,54.33222600,87.91911000,51.20776700,1.45426630,-6.70102000
204,-1.90648472,-7.13292503,75.98962626,0.42380708,-2.55634588,161.28709603,-15.61019800,-3.68749700,-34.53266500,8.69574450,6.11553900,-15.00003300,40.05567000,-12.47641200,-41.94496500,6.47131700,-0.55629070,15.00003300,40.99955700,0.33280286,6.04911330,24.93965100,25.53491400,-37.88196600,46.03881000,-0.56830420,0.24977797,5.13115930,-92.62957000,-36.01512000,54.41328000,88.00474500,51.42642600,1.46879740,-6.61228660
205,-1.96336937,-7.09813833,76.01791595,0.43533406,-2.60824528,161.33542353,-15.35427500,-3.63662100,-34.63972500,8.35979900,6.23767400,-15.00003300,40.16931000,-12.46735100,-42.03273000,6.47445770,-0.62786460,15.00003300,40.93389000,0.31373975,6.09010700,24.95037300,25.53960000,-37.81527000,46.18938400,-0.56180260,0.32119575,5.14216800,-92.63763000,-35.91524000,54.51704400,88.12965000,51.60917300,1.61689700,-6.55871300
206,-2.03626370,-7.06708813,76.05293755,0.37973190,-2.68127083,161.36409248,-15.04418900,-3.53285070,-34.84081300,8.01766400,6.47410000,-15.00003300,40.31831400,-12.44110200,-42.29464000,6.49973700,-0.46105227,15.00003300,40.86544800,0.34244356,6.07305000,24.95078500,25.54458600,-37.85064700,46.39452400,-0.61671000,0.33350617,5.08764120,-92.56251000,-35.84521000,54.58731000,88.11653000,51.28755000,1.70498990,-6.58456130
207,-2.12222052,-7.03939199,76.09207626,0.41006137,-2.66195377,161.38189709,-14.72365900,-3.44894600,-34.99143000,7.40971900,6.75978470,-15.00003300,40.36283500,-12.47447900,-42.32553500,6.50039200,-0.29233837,15.00003300,40.81394600,0.35552278,6.07377900,25.01838100,25.54323600,-37.81426000,46.54532600,-0.86159295,0.36696866,4.91297100,-92.56641000,-35.75086200,54.72376300,88.00342000,51.04200000,1.92889700,-6.42596670
208,-2.21004534,-7.01481104,76.13141204,0.36608618,-2.64394546,161.45815643,-14.65210200,-3.39678880,-34.92378600,7.34589000,6.78582300,-15.00003300,40.41277700,-12.41481700,-42.45216800,6.49899600,-0.18682913,15.00003300,40.77178600,0.37879455,6.01720760,25.05646000,25.53875400,-37.74954200,46.70322400,-1.03443090,0.39732550,4.87306100,-92.57725000,-35.69365300,54.78978000,88.04221000,50.92215000,2.03961230,-6.48674060
209,-2.29721999,-6.99120140,76.18531579,0.24400690,-2.51945056,161.48781782,-14.69963400,-3.28399130,-35.01158500,7.32925270,6.64849500,-15.00003300,40.31649800,-12.29776400,-42.57295600,6.49200200,-0.24045172,15.00003300,40.77523400,0.42671810,5.94597430,25.10894400,25.53614800,-37.66344000,46.78910000,-1.06317150,0.37466928,4.85403630,-92.75078000,-35.64684700,54.84381500,88.13436000,50.77374000,2.04781100,-6.47886940
210,-2.38217831,-6.96868467,76.21465080,0.23219586,-2.50005791,161.53506139,-14.64419650,-3.28729060,-34.96554600,7.32151200,6.66504800,-15.00003300,40.34321000,-12.26303400,-42.54349500,6.48706300,-0.24032158,15.00003300,40.75391400,0.48917583,5.87876400,25.15794800,25.54026400,-37.67599500,46.84203000,-1.04654370,0.37768623,4.85376000,-92.71282000,-35.61831700,54.86103400,88.03298000,50.59973000,2.04948000,-6.51967240
211,-2.45821190,-6.94250107,76.24564660,0.22310739,-2.39768515,161.59639817,-14.70358700,-3.23614300,-34.73900200,7.28626200,6.66618870,-15.00003300,40.24403400,-12.18397300,-42.39415700,6.46255450,-0.31620356,15.00003300,40.77253700,0.52454550,5.78079130,25.24114400,25.54867400,-37.56764200,46.82956700,-1.15396320,0.27859905,4.85202000,-92.72120000,-35.58694000,54.98865500,87.99560500,50.18710000,2.09265780,-6.46600200
212,-2.52814698,-6.91488457,76.26296597,0.22430995,-2.38164783,161.64177529,-14.67480800,-3.19613860,-34.51589600,7.27164900,6.78904440,-15.00003300,40.26538000,-12.15524100,-42.37410400,6.46081730,-0.30930603,15.00003300,40.73160000,0.53133994,5.74032350,25.35479200,25.57217000,-37.43367800,46.76766000,-1.30382740,0.15245270,4.98013000,-92.69583000,-35.52456300,55.04095000,87.95538000,50.14629400,2.10668520,-6.52142330
213,-2.59038949,-6.88233805,76.29678627,0.18885421,-2.30340039,161.68416650,-14.72468700,-3.06971570,-34.21207000,7.22869700,6.76564170,-15.00003300,40.19679600,-12.06683300,-42.30185000,6.43967630,-0.40722433,15.00003300,40.72995400,0.52162300,5.68033930,25.34333000,25.58507000,-37.42724600,46.80407700,-1.45709490,0.26302457,4.92360300,-92.73804500,-35.50683600,55.07092300,87.94930000,50.38946000,2.17165950,-6.56113600
214,-2.65297318,-6.84756947,76.32544249,0.19335355,-2.33930851,161.61289519,-14.59605900,-3.05108950,-34.17158000,7.23300930,6.69825940,-15.00003300,40.22955700,-12.05644300,-42.10627700,6.42007350,-0.41144120,15.00003300,40.82948300,0.54647810,5.65940300,25.36892900,25.61111000,-37.33827000,46.86561000,-1.39706440,0.23000681,5.17889400,-92.69829000,-35.46883800,55.13220200,88.00036000,50.84358000,2.11612130,-6.55553000
215,-2.71785307,-6.80577517,76.33273220,0.25386279,-2.34264275,161.71281345,-14.55823500,-3.09024290,-33.94792000,7.22899800,6.78141360,-15.00003300,40.29509000,-12.05179700,-42.12548000,6.44274330,-0.37483147,15.00003300,40.80042000,0.56978804,5.66101800,25.35753800,25.63057700,-37.28556000,46.88932400,-1.58066380,0.07627415,5.12916040,-92.65228000,-35.44709000,55.19312700,87.92047000,50.54417800,2.12376430,-6.52129550
216,-2.78328323,-6.76027966,76.35680723,0.20401608,-2.29928778,161.68425676,-14.51778100,-3.00789200,-33.99197000,7.21267750,6.77243500,-15.00003300,40.26085000,-11.99078000,-42.08814000,6.42871760,-0.33882052,15.00003300,40.83200000,0.54910254,5.61757900,25.39362500,25.67675600,-37.21717500,46.92835000,-1.54600660,0.09051957,5.03545140,-92.67226000,-35.39235300,55.22453700,87.97497000,50.74859600,2.13216760,-6.51935050
217,-2.84931707,-6.70752668,76.38985507,0.15436511,-2.22673950,161.66861367,-14.53611850,-2.84418940,-33.74624600,7.18458400,6.74259000,-15.00003300,40.17223400,-11.89975800,-41.94825700,6.41396950,-0.33049780,15.00003300,40.80417600,0.53548450,5.55735450,25.52112600,25.73423200,-37.04873700,46.85967000,-1.63845050,0.01471085,5.07442100,-92.68871000,-35.32151000,55.27172000,87.83519000,50.93788500,2.09055160,-6.56885600
218,-2.91929364,-6.65116310,76.42916797,0.11755731,-2.14163459,161.78087670,-14.58893100,-2.75011520,-33.49297000,7.17109800,6.66312300,-15.00003300,40.12429000,-11.74958500,-41.89772800,6.38250540,-0.29756582,15.00003300,40.80228400,0.53308640,5.50040670,25.53280400,25.79513000,-36.91369200,46.77925000,-1.62297650,0.03976059,5.15388900,-92.80868500,-35.27626400,55.35733000,88.00879000,51.19913500,2.15624400,-6.68160720
219,-2.98819900,-6.58781672,76.45728430,0.10611098,-2.08117141,161.77905691,-14.59531400,-2.63268200,-33.21527500,7.15753360,6.78221400,-15.00003300,40.09704600,-11.70584700,-41.92098000,6.36922360,-0.20407386,15.00003300,40.82967800,0.48946425,5.46020300,25.54870000,25.82814600,-36.79250000,46.76040000,-1.72258750,-0.04375664,5.36805300,-92.80891400,-35.25406600,55.39908000,87.95702000,51.49983000,2.15114260,-6.73498060
220,-3.05462480,-6.51634693,76.47739066,0.21503495,-1.94809168,161.77049672,-14.67438000,-2.66764970,-33.02598000,7.13971570,6.85275840,-15.00003300,40.03585000,-11.77391000,-42.00773600,6.33622700,-0.31833377,15.00003300,40.84412000,0.38743955,5.43718770,25.71894000,25.94881800,-36.44771000,46.53684000,-1.73466940,-0.00580386,5.32984900,-92.83149000,-35.17039500,55.56703600,87.76967000,51.18141600,2.24573370,-6.72392000
221,-3.12168503,-6.44330549,76.49977052,0.30344377,-1.89889517,161.71221661,-14.63353100,-2.74627330,-33.08903000,7.16987800,6.80495170,-15.00003300,40.04215600,-11.84132100,-41.99691000,6.31696750,-0.39811704,15.00003300,40.91452400,0.32718050,5.46934600,25.81419400,26.04542500,-36.19844000,46.32118200,-1.70122330,0.07679240,5.35597900,-92.89872000,-35.10389000,55.66953300,87.68577600,51.47571000,2.30128000,-6.81868900
222,-3.18487763,-6.36479998,76.50949779,0.41017346,-1.83362962,161.68693403,-14.62801550,-2.77163270,-32.91321600,7.15244800,6.78937440,-15.00003300,40.04985000,-11.93457700,-42.11908000,6.33419370,-0.45294866,15.00003300,40.92425000,0.23782271,5.49450600,25.87528800,26.13221000,-36.02184700,46.15093200,-1.85826600,0.01091447,5.30792500,-92.87295500,-35.04174000,55.79518000,87.45310000,51.12903000,2.43523050,-6.70048700
223,-3.24252176,-6.28570986,76.54570036,0.46877557,-1.77239442,161.59649609,-14.60610800,-2.75575040,-32.88408300,7.16067460,6.82260850,-15.00003300,40.01828800,-11.99642100,-42.11763000,6.33762000,-0.58130230,15.00003300,40.89028000,0.12478283,5.53502600,26.08444400,26.26914800,-35.77673000,45.75007600,-1.79008100,0.08416925,5.35589270,-92.88569000,-34.93004000,55.94810000,87.20914500,51.34690000,2.42019940,-6.58099300
224,-3.29398823,-6.20490408,76.53537556,0.54052333,-1.59165966,161.52022528,-14.75174100,-2.65272970,-32.42634200,7.14623070,6.72092340,-15.00003300,39.85309600,-12.04453500,-42.06921800,6.31659750,-0.73580900,15.00003300,40.84014000,0.05983167,5.49318550,26.25323900,26.42569700,-35.69715500,45.28965000,-1.81115840,0.12943211,5.61826230,-92.97462500,-34.77898400,56.06681400,86.82484400,51.40839400,2.51361820,-6.57498840
225,-3.34120655,-6.12539196,76.59056167,0.55333913,-1.57262602,161.35002568,-14.68049100,-2.52635900,-32.23773000,7.14912180,6.77761300,-15.00003300,39.92482800,-12.19430350,-42.57640000,6.35545250,-0.79406090,15.00003300,40.84649300,0.03878749,5.52825900,26.51794000,26.51350400,-35.29147000,44.75998300,-1.89539530,0.11446613,5.64132000,-92.95468000,-34.66091000,56.18046600,86.41174000,51.34244000,2.60007050,-6.49330700
226,-3.36787558,-6.04180813,76.58791405,0.60120778,-1.55642225,161.36271075,-14.65864850,-2.51908450,-32.27691300,7.15392730,6.73950150,-15.00003300,39.98107500,-12.20734000,-42.78209300,6.36198000,-0.84806734,15.00003300,40.84094200,-0.00633207,5.44760270,26.74421300,26.64036200,-34.86610800,43.80714400,-1.96118710,0.22134884,5.56539770,-92.88053000,-34.52430700,56.34038500,86.41290000,50.94380600,2.65578440,-6.47068400
227,-3.37940645,-5.95829678,76.57559992,0.66948603,-1.46854663,161.20488476,-14.70068550,-2.42778750,-32.00591700,7.15144300,6.62854900,-15.00003300,39.89589000,-12.28764900,-42.77661500,6.34075740,-0.97919047,15.00003300,40.92348000,0.00005295,5.41164800,27.01823000,26.74946000,-34.37960000,42.70710800,-2.13184170,0.14090322,5.82584600,-92.92713000,-34.37816000,56.41778600,86.17392000,50.96616400,2.76484970,-6.47859860
228,-3.36854172,-5.87127542,76.57534919,0.72382712,-1.39953158,161.08828659,-14.73544100,-2.36639450,-31.96538000,7.15600000,6.62102650,-15.00003300,39.75025600,-12.27373900,-42.41703800,6.31566000,-1.02431110,15.00003300,40.97212600,-0.04639112,5.37990470,27.15067500,26.85460700,-34.05401200,41.39731200,-2.10202550,0.15021914,6.26628350,-92.99002000,-34.23280300,56.47395000,86.18478400,51.46972300,2.87465600,-6.53701800
229,-3.33518171,-5.78205776,76.55434007,0.73182490,-1.33383097,161.05985015,-14.82380700,-2.23693800,-31.82520300,7.16223000,6.58738140,-15.00003300,39.66666400,-12.23022900,-42.43900000,6.32545330,-1.28607860,15.00003300,40.98036200,-0.01539808,5.34423300,27.44472100,26.97688000,-33.45662700,39.36838500,-2.12632500,0.17341463,6.42850260,-93.10826000,-34.08841300,56.47784000,86.21250000,51.51202400,2.92758660,-6.59113840
230,-3.28333497,-5.69102526,76.55376716,0.69989135,-1.41053452,161.12325119,-14.79281600,-2.07469340,-31.68022200,7.16972800,6.66824670,-15.00003300,39.77534000,-12.12611500,-42.63920600,6.34492160,-1.26323960,15.00003300,40.86919000,0.05723490,5.31851150,27.77219200,27.13636600,-32.71591000,36.77417000,-2.12696430,0.22841568,6.56536800,-93.09934000,-33.94462200,56.33772700,86.24565000,51.19214000,2.88238530,-6.66070270
231,-3.21955872,-5.59512281,76.54874408,0.85822288,-1.57987112,161.14140393,-14.63489150,-2.22414830,-31.84651000,7.23152830,6.80213200,-15.00003300,39.93712000,-12.17610600,-42.46261200,6.39394100,-1.30522050,15.00003300,40.75404000,0.13416310,5.38224030,27.75195300,27.33979400,-32.40777000,34.12796000,-2.01773000,0.16695486,6.92476370,-92.99643000,-33.77219800,56.31061600,86.15565000,51.35722400,2.94284600,-6.82284700
232,-3.14653206,-5.49657822,76.54259990,0.95037177,-1.66370195,161.19694975,-14.62231400,-2.14068530,-31.50106000,7.22849560,7.03521730,-15.00003300,40.05203000,-12.19810500,-42.64123500,6.43685530,-1.31599160,15.00003300,40.63238000,0.27212197,5.27268700,28.04894600,27.53972800,-31.59757600,30.76645900,-2.00720880,0.10810735,6.83731500,-92.80085000,-33.62388200,56.23031600,85.91270000,50.51616700,2.86227230,-7.06210850
233,-3.07994342,-5.40102291,76.55855561,0.98754502,-1.80023964,161.22218750,-14.49126300,-2.14413070,-31.67523200,7.25883670,7.18414300,-15.00003300,40.17768000,-12.15537500,-42.66235000,6.45911930,-1.31980880,15.00003300,40.52707700,0.39476457,5.21510650,28.17320300,27.75703400,-30.85470200,27.29660400,-1.93000390,0.01604099,7.06242600,-92.73772400,-33.47865000,56.08945500,86.07801000,50.98947000,2.79643770,-7.25175760
234,-3.01921630,-5.30142927,76.51100557,1.21423102,-2.05552654,161.24928670,-14.27807400,-2.21203060,-31.27274000,7.29326730,7.22428560,-15.00003300,40.48589700,-12.30534000,-42.75655700,6.50007340,-1.30719300,15.00003300,40.26362000,0.44470030,5.21828840,28.22931300,28.03991700,-30.24088700,23.93404000,-1.45967570,-0.11942699,7.19873570,-92.40976000,-33.30687000,55.92958000,85.92651000,50.84762200,2.77994200,-7.40277530
235,-2.97959471,-5.20599604,76.48280258,1.23116976,-1.96994367,161.12150723,-14.38421300,-1.98939030,-30.87426400,7.29088830,7.15972330,-15.00003300,40.33510000,-12.28689600,-42.60162700,6.44411100,-1.28141800,15.00003300,40.21741000,0.54060050,5.03035260,28.59909400,28.30140700,-29.10039500,20.26192700,-1.60408510,-0.48875886,7.57086560,-92.37872000,-33.17794400,56.00712000,85.95531500,50.23144000,2.78326560,-7.50060200
236,-2.96957755,-5.11145639,76.45292031,1.19938100,-1.98423995,161.11403954,-14.55818000,-1.86771060,-30.54913300,7.72050670,6.86364170,-15.00003300,40.32540000,-12.20509700,-42.52385300,6.43164500,-1.28139480,15.00003300,40.00604000,0.66012585,4.87570330,28.83285700,28.61227600,-27.98089000,16.25352300,-1.21750490,-0.07197926,7.65754500,-92.41094000,-33.06197700,55.71786000,86.12838000,50.74482000,2.69386820,-7.93507670
237,-2.99231267,-5.01226568,76.46019826,1.20344938,-1.99382095,160.94373562,-14.71688200,-1.77301780,-30.16312400,8.27903400,6.57248700,-15.00003300,40.29408000,-12.24786400,-42.38925600,6.41186800,-1.37319390,15.00003300,39.82784700,0.73427000,4.70983600,29.25037200,28.90243000,-26.87631400,12.11602000,-1.07824950,-0.31269065,8.12958300,-92.33449600,-32.96190000,55.56497600,86.14179000,51.16714000,2.61798000,-8.15188600
238,-3.04618955,-4.89564466,76.44780109,1.28342188,-2.00682776,160.71692256,-15.03656200,-1.74646540,-29.45069500,9.26019100,6.07930400,-15.00003300,40.30539300,-12.42232100,-42.31969000,6.41117140,-1.44005380,15.00003300,39.53021600,0.78850590,4.63315100,29.50936300,29.19405700,-25.35090300,7.32967950,-0.85982096,0.05186370,8.02827300,-92.27912000,-32.87163000,55.46940000,85.97324000,51.12452000,2.56925580,-8.28024700
239,-3.12680745,-4.75115204,76.42639059,1.42341629,-1.86267412,160.50836650,-15.58784300,-1.74037470,-28.44804200,10.38726200,5.56572000,-15.00003300,40.22304000,-12.63463400,-42.45129400,6.35706950,-1.60030350,15.00003300,39.29797000,0.81607690,4.49372670,29.83912800,29.43677900,-23.75162900,2.30789830,-0.97049400,-0.22410730,8.53366200,-92.30722000,-32.82945300,55.50945300,85.96189000,50.51816000,2.52413650,-8.23189100
240,-3.22905231,-4.56206560,76.44161707,1.44482107,-1.45338415,160.17894777,-16.49692200,-1.35132270,-26.89150400,11.67192650,5.14334540,-15.00003300,39.79326000,-12.80051000,-42.50353600,6.28961800,-1.62556210,15.00003300,38.98871000,0.80547720,4.38180540,29.91222200,29.61839000,-21.88266800,-3.80650470,-1.01749670,0.21320538,8.40603200,-92.68410500,-32.80887200,55.27924300,85.83102400,50.17442300,2.65579770,-8.55857000
241,-3.34687948,-4.31833601,76.46963581,1.67957097,-1.17756679,159.56579352,-16.92829100,-1.11986700,-25.69577800,12.55768300,4.81619200,-15.00003300,39.45891000,-13.26553100,-42.21716300,6.21921500,-1.72665240,15.00003300,38.65640600,0.73397046,4.33285200,29.53595000,29.69144600,-20.33954800,-10.16071200,-1.05766580,0.26270610,8.86952400,-92.69684600,-32.77361000,55.36256000,85.21310400,49.49793600,2.63587160,-8.59986700
242,-3.45983911,-4.00615168,76.51868368,1.63356555,-0.81258000,159.22817189,-17.43916500,-0.41867830,-24.40410200,13.17556200,4.68700400,-15.00003300,39.05233000,-13.37278800,-42.28095600,6.16951230,-1.76093730,15.00003300,38.10268400,0.71259330,4.32917700,28.53049300,29.71894000,-18.33164800,-17.43634200,-1.17869600,0.47436824,8.98967550,-93.05281000,-32.74754000,55.32876200,84.72021500,48.68780000,2.59288260,-8.81859500
243,-3.56152868,-3.61344886,76.54006485,1.70401634,-0.18436266,158.58814168,-17.99533300,0.56549930,-22.49555400,13.40683650,4.59907250,-15.00003300,38.28108600,-13.59474800,-41.73898700,5.88154300,-1.39665540,15.00003300,37.54476000,0.64906716,4.44659850,26.07704500,29.64035200,-16.12375300,-25.64521000,-1.33533940,1.05616240,9.44687800,-93.74045600,-32.71020500,55.01374400,83.65331000,48.89499000,2.50955560,-9.44591600
244,-3.63868427,-3.15603089,76.58307878,1.91357834,0.05724040,157.99303810,-18.49378000,1.41787270,-20.16781600,14.47476200,4.58112760,-15.00003300,38.13444000,-14.00305900,-41.87038800,5.39481100,-1.00616410,15.00003300,36.57587400,0.44759200,4.85392400,21.19018600,29.52356500,-12.56606300,-34.14889500,-0.88101876,0.96831430,9.27969700,-94.12328000,-32.67836400,54.88887800,82.50558500,47.76601400,1.92768400,-9.81217400
245,-3.69774914,-2.63240051,76.57377253,2.20406174,0.38003755,157.26177964,-18.41047500,2.51376650,-17.90927300,14.26740550,4.65992740,-15.00003300,37.39335300,-14.70811700,-41.18683200,5.79318700,-1.22584030,15.00003300,35.10334000,0.18460907,5.28743650,16.75854100,29.27911800,-10.22640300,-39.01484000,-0.48165375,1.34894180,11.83052350,-94.53934500,-32.60319500,54.76941300,81.32423400,49.43773000,1.79484680,-9.27063800
246,-3.74178934,-2.06820416,76.71376936,2.62718036,0.44037143,156.99148689,-18.36630600,3.46139380,-15.03270000,14.54405700,5.73240380,-15.00003300,37.52485700,-14.97380500,-41.30002600,5.08543250,0.45192750,15.00003300,33.95463000,0.18409833,5.54875370,5.88535000,28.92388200,-6.61519240,-44.06780600,-2.39723850,2.31371860,13.80543900,-94.71514000,-32.44916000,53.60181000,79.65599000,49.82202000,1.99097010,-10.84728050
247,-3.77789450,-1.49046385,76.70805214,2.32477990,0.83012486,156.76867392,-18.36323000,5.35999630,-12.11740700,14.09473600,5.74545050,-15.00003300,36.63728300,-14.69019400,-40.23019800,5.39033900,1.48431580,15.00003300,32.18726300,0.76097107,5.61044300,-6.93151100,28.78631600,-5.85094300,-44.64301000,-3.24365280,3.76853870,16.40765200,-95.41781000,-32.10892500,51.99291600,77.61369000,50.48939000,2.02463220,-11.01737200
248,-3.79408646,-0.88262427,76.68276361,2.28333253,1.95346971,155.84411229,-18.94342200,7.00076250,-9.64957900,13.73444500,5.97712040,-14.77439100,35.08995000,-14.87965700,-39.18011500,5.17128200,1.97227360,15.00003300,31.48556100,0.64131020,5.34361930,-18.91876600,28.51556400,-4.26100900,-42.72748000,-3.84774110,5.18635460,19.34646800,-96.33421000,-31.84118700,50.82826000,76.55532000,49.95267000,1.77679060,-11.41509900
249,-3.80004859,-0.28238612,76.76679509,2.28910025,2.11241032,154.91824610,-18.89985300,8.01738600,-8.63024600,14.37171500,6.29960200,-14.73400500,34.66907500,-15.32827600,-38.80222700,5.04354000,2.89862160,15.00003300,30.76838900,0.70780270,5.14246600,-29.81367900,28.28669200,-2.00069740,-40.14826600,-4.25664300,6.81362900,19.83697900,-96.50809500,-31.69685700,49.53973000,75.92077000,49.51241000,1.54951240,-11.64233700
250,-3.80382323,0.30680916,76.82858456,2.11301145,2.55259753,153.87293177,-19.04645200,9.25034500,-7.68278070,14.84536100,6.46588000,-14.72917600,33.84151000,-15.67742400,-38.28266000,4.93543960,4.00895200,15.00003300,30.40867400,0.93080450,5.04176100,-39.16315000,28.36395800,-0.28047780,-37.02589400,-4.52796100,7.34533550,21.99598700,-97.18243400,-31.59555800,47.93016400,74.94421000,48.70302000,1.81979730,-12.11967300
251,-3.80499148,0.88270295,76.81353905,2.45521519,3.15020733,153.05389225,-19.72009700,10.26064200,-5.39118240,16.09520500,6.84185000,-14.75604500,33.08588400,-16.47532300,-38.06778000,4.75316800,4.81384900,15.00003300,29.89492000,1.15597050,5.01440570,-46.02602800,28.73301300,1.56251970,-35.59847300,-4.36500300,7.19862370,22.93035100,-97.64959000,-31.59369700,46.44751000,73.34929000,47.09431500,1.75111510,-13.00336300
252,-3.82005978,1.41323435,76.79019950,2.44872746,3.67405398,151.91466427,-20.50886300,11.46967700,-3.85410360,17.92442900,6.76717140,-14.60096900,32.21275000,-17.20274700,-37.91055000,4.74829530,5.32022950,15.00003300,29.34522600,1.37896470,5.46171050,-53.50375400,29.37484000,3.38105770,-32.91718700,-4.16727000,6.41457840,25.78595700,-99.28719000,-31.68318600,44.93862500,71.52387000,46.27026400,1.30775240,-14.07014000
253,-3.84800839,1.89667618,76.84674529,2.15225455,4.26643653,151.25432187,-20.97591800,12.52591700,-3.39720270,18.47191000,6.80975200,-14.51935800,31.53503200,-17.07281000,-37.64802000,3.84501120,6.29888530,15.00003300,29.28500700,1.81941500,5.76181000,-60.80569500,30.46781200,4.90350100,-29.74798200,-4.93928960,6.62265730,26.80568700,-102.32648000,-31.88621700,43.29863000,69.94115000,46.15445000,1.34336420,-15.61694000
254,-3.90454316,2.31537485,76.78494363,1.85903926,4.90107895,150.46988396,-21.56929400,13.62364600,-2.75043650,19.29290000,6.17467500,-14.39382600,30.35753600,-17.51819400,-37.46391700,4.61838200,6.27514740,15.00003300,28.86749300,2.13608460,6.24451260,-66.08021500,32.45306000,5.61794230,-26.93945000,-5.35666230,6.75079150,26.97441000,-105.70923000,-32.37198000,41.86252200,68.11309000,45.62536200,0.98301435,-16.35220500
255,-3.98941946,2.67285323,76.67791539,1.85998049,5.16821260,149.57310633,-22.35392600,14.24108000,-2.37896250,21.45407300,5.29967800,-14.12165300,29.60953500,-18.29698600,-37.42142000,5.39644000,5.30314730,15.00003300,28.22005500,2.04028750,7.19762040,-74.00404000,34.86298000,5.19447850,-22.29363300,-6.77843240,7.22951200,27.44917100,-109.11587000,-33.01612500,40.50074800,65.57054000,45.55538600,0.39409900,-17.60605200
256,-4.12325764,2.97777319,76.66299633,1.90519445,5.56387091,148.97765843,-22.80378500,14.36403200,-2.77952740,22.41632000,4.94712300,-14.05059600,29.21748200,-18.60479500,-37.74500000,5.11708260,5.45290330,15.00003300,27.83189600,2.10666180,8.16661200,-81.14956000,37.73202000,4.61376570,-17.12409000,-8.02886700,7.42876430,27.60250000,-112.82498000,-33.87093000,39.34546700,62.69206200,44.33278700,0.06888307,-18.75368700
257,-4.32335138,3.21636987,76.72458972,1.54804050,6.10926013,148.39752516,-23.36270500,14.95287500,-2.96475550,23.22529800,4.64686440,-13.99568500,28.40457700,-18.61948200,-38.01395800,5.43511530,4.93323100,15.00003300,27.58489400,2.23916240,9.42654800,-88.95886000,40.52063800,1.87516280,-10.29520900,-7.46055360,8.04056300,27.57357400,-116.76559000,-34.67674600,38.46478000,60.07030000,45.19006000,-0.48987790,-19.96028700
258,-4.58984566,3.38148403,76.96562281,1.59584382,7.26736409,147.53736655,-23.75234400,15.16615800,-2.49451200,22.75977500,5.47049900,-13.98623300,27.17965100,-19.14764000,-38.42704400,5.32560830,5.36926650,15.00003300,27.23877500,1.65123430,10.60394900,-97.97864500,43.71074300,-2.56780580,-2.00996950,-8.70264700,7.71910050,27.46516600,-120.32474500,-35.63612000,36.96002200,56.72918300,44.75552700,-1.00461460,-21.66568400
259,-4.96011496,3.44723725,77.25261470,1.31930220,7.25563911,147.25844468,-23.91264200,14.88116100,-3.85106000,23.80701300,6.12559400,-14.87075200,28.92298100,-17.90070000,-40.02909000,1.40165840,7.92531160,15.00003300,26.17677500,0.85492885,12.62090000,-110.81703000,47.33712400,-10.67561600,9.66537900,-12.06790900,6.90605700,26.81194900,-121.72078000,-36.71900600,34.65924500,54.29327800,45.08874000,-2.05386040,-23.71885000
260,-5.44197464,3.38570356,77.36713258,1.07730925,9.29437236,145.96667225,-25.20631000,15.50586600,-2.60568790,23.65047600,5.55500500,-13.81801400,25.63880200,-19.17947000,-39.20982700,3.88873080,6.51164870,15.00003300,24.09487200,-0.81183730,14.37018600,-120.41094000,49.75725600,-18.88207800,17.95788200,-15.36589000,7.50068800,25.91405000,-121.44540400,-37.34988800,33.05941400,50.89026000,45.64875400,-0.81911176,-22.51981200
261,-6.02546501,3.18730664,77.52749388,1.18327160,10.12875897,144.61213981,-25.81158600,15.05428100,-2.65129950,24.89473000,5.33714600,-14.45338200,24.72795300,-20.07861900,-38.88343000,3.88690920,6.08948330,15.00003300,22.51154500,-1.75069960,16.52079800,-129.82034000,51.38364800,-27.13593900,26.15815500,-19.30065700,6.29465400,24.40801600,-122.65120000,-37.68681300,32.23831600,49.00223000,43.87278700,-1.12264800,-22.95687100
262,-6.71763039,2.81976604,77.73970289,0.28345275,11.17564451,143.47105096,-26.66387700,15.66960050,-2.38700990,25.63004000,4.40603600,-14.30522300,23.20789000,-20.11163500,-38.43364000,4.68076800,5.56543250,15.00003300,20.56013900,-2.94557120,18.36572500,-136.22728000,52.23558400,-36.32572600,34.25435300,-23.60169600,6.68890570,22.93275000,-123.83381000,-37.58956500,32.93116800,48.57961000,44.89020500,-0.36703485,-22.20034600
263,-7.49976110,2.32616162,78.21750897,-1.06448565,11.69551197,142.86904380,-26.92314300,16.03198000,-3.43319440,25.60493700,4.24533750,-14.24421000,22.44178200,-19.44510800,-38.47929400,5.07509570,5.87726160,15.00003300,19.62159300,-3.51527670,19.79461500,-139.25536000,52.19101700,-43.78971500,41.22871400,-26.72285500,8.14092600,20.01728600,-125.65829000,-37.12059800,35.84160200,52.47575400,47.82524000,0.01277106,-20.77099600
264,-8.32944298,1.75979245,78.57016685,-2.65599336,12.23057236,141.98758361,-27.48379300,16.79100200,-4.06203170,26.25576400,3.41961200,-14.56175400,21.46907200,-18.82615900,-38.24535800,5.59459900,6.78061630,15.00003300,18.85552800,-4.18920200,21.04202500,-142.04787000,51.38498700,-51.90731000,49.02660800,-31.64046700,9.40911900,16.40310700,-127.59928000,-36.09029800,41.53706700,58.01069300,48.74767000,2.00117800,-18.22540500
265,-9.18957710,1.17903507,79.32583560,-3.91190807,12.88312402,141.63962670,-26.86860300,17.04834600,-4.35021600,24.03508000,4.30033160,-15.00003300,20.88867200,-18.23653600,-38.51804400,5.63553860,9.36994100,15.00003300,18.22645000,-4.32236240,22.06037000,-144.22433000,50.27109500,-60.49371700,56.20129000,-33.45664600,10.37431500,11.47390000,-129.32083000,-34.92299700,48.41091500,64.36587000,46.92327500,3.32304430,-14.91446500
266,-9.95686913,0.65868574,79.50178205,-5.73362934,13.78210064,140.22212699,-27.74273100,18.70920200,-3.67038350,24.71744700,2.45087530,-15.00003300,20.49812100,-16.54975900,-36.87110000,3.07508850,10.88917100,15.00003300,17.16992800,-5.37746140,22.42512300,-143.89859000,48.94627400,-67.72564000,60.81900000,-30.39708300,11.42442300,7.54175300,-129.57483000,-33.63565000,54.64150000,69.74369000,46.25347500,4.83131500,-10.23584900
267,-10.66344547,0.22029869,79.78216523,-7.00144573,14.19718694,139.33656264,-28.33032800,19.49721500,-3.66149140,25.59919500,1.76632010,-15.00003300,20.07240000,-16.21668800,-36.30486300,3.30534480,13.13379800,15.00003300,16.55178000,-6.10660170,23.03813600,-145.49054000,47.45030200,-72.61213000,64.70542000,-32.79174800,11.27461300,5.47584870,-130.11237000,-32.19683500,58.00498200,73.26485000,46.77336000,5.45228340,-8.73970100
268,-11.26761723,-0.10198610,80.07515700,-7.59431108,14.79461119,138.37042771,-28.51581200,19.72208200,-3.24033950,25.58492300,1.77350810,-15.00003300,19.08911000,-16.80133000,-36.01072000,4.52548800,14.13587950,15.00003300,16.03690500,-6.83463670,23.41038100,-146.35684000,45.59526000,-74.04077000,66.91722000,-33.87795000,10.72874450,5.83497200,-130.91246000,-30.46028500,58.65521600,75.44512000,48.19162400,4.69608500,-8.60535500
269,-11.76778412,-0.31499392,80.23338194,-8.02329451,14.97291838,137.84896967,-28.67423200,19.66492700,-3.54551200,26.18739100,1.44283690,-15.00003300,18.96797600,-17.08073000,-36.50375700,5.03260950,15.17099200,15.00003300,15.84104800,-7.16858430,23.65066000,-146.85585000,44.23927000,-74.09874000,68.09057600,-34.87362300,10.03988200,6.87180400,-131.60077000,-29.23918200,58.79661600,76.85208000,49.43997000,3.72357130,-8.86788750
270,-12.15323544,-0.41636360,80.40779650,-8.43998837,15.31373214,136.51082385,-28.49874900,20.23937400,-2.62026830,26.25281300,1.40056360,-15.00003300,18.64570000,-17.23493800,-36.77194000,4.41997150,17.16318700,15.00003300,15.64301200,-7.67716740,23.74281900,-147.17233000,42.96989000,-74.10035000,69.43935400,-35.52256000,9.62732200,7.45994230,-132.41188000,-28.08761600,58.21096800,77.50669000,49.53951300,3.66924700,-9.26852000
271,-12.46670055,-0.44932094,80.56380676,-9.15515965,15.73222262,135.93305246,-28.48858600,21.05152500,-2.06473000,25.74149500,1.35823810,-15.00003300,18.16646000,-17.03731300,-37.55538600,4.79885700,17.85116200,15.00003300,15.46302800,-8.13270600,23.97096800,-147.36989000,41.42018500,-74.36582000,70.39469000,-34.40641400,9.44749400,7.98688900,-133.72176000,-26.76857400,58.14531700,79.32400000,50.43859500,2.98923090,-9.82925300
272,-12.70561790,-0.40553865,80.53630181,-9.65971355,15.75464106,135.29492265,-28.61262300,21.66327700,-1.97163640,26.49855800,0.65516150,-15.00003300,18.32618900,-16.82140400,-37.92049000,4.41055000,18.19855100,15.00003300,15.35374500,-8.52008300,24.15351100,-147.60638000,40.53338000,-74.28065500,70.71435000,-35.11028300,8.99393750,8.47840600,-134.32147000,-26.02587500,57.72606000,79.76499000,50.74566000,2.44605420,-11.04593400
273,-12.89839458,-0.30463770,80.45937890,-9.79567721,15.51010336,134.96021982,-28.44930300,21.92120400,-1.80592430,27.32680700,-0.07417408,-15.00003300,18.86598000,-16.80085000,-38.65473600,4.02508070,19.11853600,15.00003300,15.18715600,-8.97271500,24.35422000,-147.70920000,38.96836000,-74.06054000,71.88297000,-35.93122000,8.29324700,9.51336600,-135.26198000,-24.74976000,56.98475300,81.09811000,50.63466600,2.32602950,-11.38977300
274,-13.05430222,-0.13998839,80.38163772,-10.42159637,15.50991317,134.17217789,-28.71389200,23.10607000,-1.22488620,28.40448200,-0.65492370,-15.00003300,18.69831500,-16.54726000,-39.27933500,4.01286900,19.81502500,15.00003300,15.04984100,-9.21311500,24.39431400,-148.10132000,37.83010000,-74.33648000,72.99872000,-35.84814500,8.16214000,9.68972500,-136.02916000,-23.83745600,56.49617800,81.29293000,49.91484000,2.05124040,-12.33652900
275,-13.18098259,0.07078546,80.19696069,-10.40861706,15.97709538,133.84657443,-29.07429700,23.63874600,-0.21637651,28.86291300,-1.33825080,-14.95464300,18.40823600,-16.84139300,-40.36838500,4.07922900,19.63569300,15.00003300,15.04669800,-9.84674550,24.45832600,-148.33752000,37.05275300,-73.80324000,73.43793500,-37.14257000,7.70975070,10.37352100,-137.14594000,-23.28365300,55.88051600,82.08229000,50.74033400,1.78838600,-13.00773800
276,-13.28919506,0.31737083,80.01880367,-10.58878349,16.25974745,133.16643950,-29.37449600,24.67653300,1.18656410,29.75069400,-1.86726880,-14.62734800,17.97128900,-16.92403000,-40.58198000,4.06456100,20.29087000,15.00003300,14.99936100,-10.32794000,24.47410800,-148.29788000,36.53903200,-73.37742000,73.66621400,-38.49465600,7.14997300,11.43700200,-137.68753000,-22.91075700,55.16809500,81.51076000,51.13628400,1.35658300,-14.42405000
277,-13.40037155,0.57570100,79.90125499,-10.84116267,16.61562554,132.52148154,-29.42051900,25.60332500,2.32077570,29.92152400,-2.31876870,-14.43844500,17.37594000,-17.11885600,-41.00470000,4.49948740,20.09183300,15.00003300,14.98993400,-10.95351500,24.47309000,-148.22910000,36.04744700,-72.58526600,73.54127000,-37.56678800,6.77176240,12.49501000,-138.29651000,-22.56196600,54.82131600,81.55171000,51.49350700,1.03883050,-14.74997700
278,-13.50844765,0.83375502,79.77153865,-10.89585006,16.68859914,131.87067794,-29.49526600,25.69028300,1.97369150,30.65433900,-2.86244600,-14.15116300,17.29997000,-17.31925800,-41.30835700,4.29962540,20.29562000,15.00003300,15.18197600,-11.39389400,24.56325700,-148.20425000,35.66594300,-72.45568000,73.68463000,-37.08193600,6.65551330,12.17574000,-138.55962000,-22.27372200,54.57909800,81.08832600,50.81619000,1.13922670,-14.63353100
279,-13.62503624,1.07196927,79.83380874,-10.75246469,17.08428162,131.67138389,-29.30391100,25.41065400,1.79566320,30.05074100,-2.71283000,-14.74808200,17.30880000,-17.57910200,-42.44314000,4.04974650,20.82323600,15.00003300,15.06999000,-11.90174000,24.68519200,-148.98735000,35.33334000,-71.94537000,74.11455500,-39.52514600,6.46938800,11.75855350,-139.41687000,-22.02154700,54.02324300,80.87737000,50.26915000,1.40638220,-14.96609300
280,-13.69928837,1.26322377,79.48634790,-11.10635924,17.33522011,130.87980498,-29.93143500,26.44320000,2.58900790,31.47730400,-4.08452460,-14.30295300,16.72699200,-17.42627300,-41.66813700,3.98852100,19.95073900,15.00003300,15.27469800,-12.37740700,24.42436800,-148.34966000,34.89865000,-71.61263000,73.79745000,-37.02890800,6.11484240,12.99284600,-139.85754000,-21.71807500,54.05205000,81.52738000,49.82940000,1.05212000,-14.45605000
281,-13.77594757,1.40780222,79.35961743,-11.30934954,17.59046836,130.28865685,-30.21529000,26.96275300,2.99229810,32.04395700,-4.53958000,-14.04770800,16.24649600,-17.49329400,-41.48297000,4.08092200,19.73186500,15.00003300,15.19597600,-12.75052700,24.41518800,-148.37314000,34.68871300,-71.60744000,74.04105000,-37.38144300,6.10679900,13.00612500,-140.24672000,-21.56234400,53.78503400,81.02239000,49.41299400,1.24503490,-14.68764500
282,-13.84642696,1.49887991,79.33092564,-11.31736321,17.78002744,130.22184416,-30.28479800,26.83011800,2.62844800,31.99885700,-4.68567130,-14.02305800,16.34423400,-17.62714600,-42.37555000,4.00925060,20.32257000,15.00003300,15.00270900,-13.04698850,24.49721300,-148.75467000,34.44438000,-71.15539600,73.91619000,-37.48113600,6.14820340,12.53639300,-140.67975000,-21.40284000,53.25987600,80.84048500,49.48446000,1.06765820,-14.96717400
283,-13.86113358,1.53153837,79.12126378,-11.70549041,17.68440017,129.16951182,-30.78345300,27.50507000,2.68764970,33.64591000,-5.64216500,-13.95852600,15.81730200,-17.65583200,-41.67698000,4.04691300,19.64266000,15.00003300,15.38157500,-13.34446900,24.43723000,-148.37877000,34.28355000,-71.93145000,74.39297500,-36.49498700,5.86037900,12.60721000,-140.64093000,-21.27950300,53.75213600,80.76607000,48.93002700,1.06184480,-14.89535900
284,-13.89017296,1.52844846,79.08990794,-11.60461903,17.96987466,129.15479557,-31.08523000,27.50121100,2.96498700,33.81506700,-5.68803100,-14.30602600,15.72722700,-17.96987000,-42.26531600,4.15968660,19.91795200,15.00003300,15.08575400,-13.66181800,24.66666600,-148.96259000,34.13643600,-71.64551500,74.50198000,-36.69882000,5.93817850,12.49768200,-141.60838000,-21.19516800,53.78151700,81.11375000,47.83098600,1.37003950,-14.83753200
285,-13.86156368,1.48675883,79.03886984,-11.67248068,18.27826588,128.20354110,-31.31058300,27.66313200,3.27713920,34.10316500,-5.98489500,-14.43114400,14.95799700,-18.26552600,-41.88673000,3.98529100,19.16793300,15.00003300,15.50891200,-14.03679900,24.69905300,-149.20418000,34.00810200,-71.87499000,74.93465000,-37.50078200,5.38477370,12.25029600,-142.27252000,-21.10757600,53.81369400,80.97165000,47.63455600,1.65960800,-15.33946700
286,-13.83749390,1.40892005,78.71331203,-12.00920391,17.58435236,128.23002297,-31.92902200,28.58953000,3.39582470,36.49988000,-6.91945300,-13.97444250,15.62382100,-17.98952900,-41.90033300,4.10418300,19.13333700,15.00003300,15.38023300,-14.02950300,24.84333400,-148.02966000,33.80702000,-71.92959600,74.41277000,-36.69149800,5.76687600,12.88437500,-141.61820000,-20.98135000,53.87602000,82.09666400,47.61488300,1.35888860,-14.81231300
287,-13.79777622,1.32717299,78.55852280,-11.98764003,17.62959148,128.08372494,-32.37208000,28.83265900,3.70224400,37.31579000,-7.38883400,-14.17746300,15.51839900,-18.10176800,-41.72401000,4.04764650,18.54747000,15.00003300,15.33055300,-14.29630500,24.89257200,-148.00093000,33.53476300,-72.00432000,74.38447000,-35.79974700,5.99524900,12.70972250,-142.03787000,-20.84851000,54.16901000,82.84921000,47.79786300,1.40561530,-15.21795750
288,-13.75823307,1.23881614,78.51165789,-11.98895533,17.91054992,127.61907525,-32.68756000,28.61033000,3.44596000,37.39450000,-7.73087300,-14.25944400,14.98292300,-18.25068900,-41.33208000,3.87440800,17.99030500,15.00003300,15.32941200,-14.70187800,24.89835400,-148.29387000,33.26215400,-72.26998000,74.75857000,-35.97743200,5.90317900,12.22507600,-142.60751000,-20.72507700,54.43759500,83.11303000,47.65465500,1.64188840,-14.86265900
289,-13.72166443,1.13098049,78.58314932,-11.94240115,18.23756613,127.32824186,-32.85429800,28.36288600,3.37841030,37.06319000,-7.62878230,-14.76203500,14.62266500,-18.59095200,-42.06218300,3.91023100,17.78469500,15.00003300,15.32789100,-15.01647100,25.03281800,-148.87823000,32.96773500,-71.99473600,75.07667000,-36.45556300,5.49168700,11.55737500,-143.43034000,-20.65536100,54.63952300,83.33875000,47.11977400,1.90728580,-14.83900400
290,-13.64105988,0.98617256,78.37715493,-12.29870841,18.21640384,126.86995583,-33.45437200,29.27575300,3.97766700,38.15688700,-8.14931300,-14.16231900,14.20581000,-18.40142800,-41.70766400,3.98607370,17.55972100,15.00003300,15.31455700,-15.20893400,24.90611000,-148.46017000,32.74851200,-71.76933000,74.85369000,-36.68561000,5.44368840,12.68707100,-143.32759000,-20.59564000,54.47226700,83.61806000,47.60578000,1.72795470,-14.60568200
291,-13.56560707,0.80191159,78.53190900,-12.51949461,18.19622558,126.83068604,-33.30751800,29.53497300,4.25728400,37.52239000,-7.77083060,-14.43538900,14.29598000,-18.42329200,-42.98704000,4.08934740,17.88644200,15.00003300,14.91492500,-15.48265200,25.18193000,-148.76874000,32.56331300,-71.13875600,75.03859000,-37.13309500,5.51126860,12.14350300,-143.65225000,-20.55897700,54.48832000,84.06397000,46.85227600,1.97550360,-13.94337200
292,-13.38884258,0.56331992,78.40639999,-12.83295740,18.27875027,126.16885293,-33.82354700,30.18445800,4.72607200,38.03944000,-8.23457600,-14.19914000,13.58841800,-18.30881500,-42.58466000,4.07946600,17.02357100,15.00003300,15.36916000,-15.46998100,25.22811000,-148.45557000,32.35541500,-71.34942000,75.15986000,-35.74236700,5.38281000,12.56768600,-143.90819000,-20.52849000,54.44900000,84.39078000,47.53132200,1.80970180,-14.21906950
293,-13.18267441,0.26802576,78.29006146,-12.78726552,17.84038182,126.00346644,-34.14655300,30.13249400,4.36789660,39.03571700,-8.45760000,-14.00608400,13.82102500,-18.57887500,-42.95218700,4.13133860,17.35256400,15.00003300,15.36825500,-15.61361500,25.61508800,-148.10162000,32.13919000,-71.45038000,75.56099000,-36.05515000,5.53148560,12.37591400,-143.65071000,-20.45368000,54.20248400,84.55504000,47.81238600,1.79724530,-14.41700200
294,-12.90595055,-0.09376824,78.17536674,-12.81002418,17.45583017,125.44040414,-34.40824500,30.44718200,4.60008000,39.93453000,-8.67669600,-13.95826150,13.64287000,-18.84473200,-43.00205600,4.13369270,17.51558700,15.00003300,15.50856300,-15.79818900,25.90657400,-147.97198000,31.96385200,-72.15826400,76.35342400,-36.99376000,5.47797970,11.92710100,-143.38634000,-20.34493800,54.34992600,84.33350000,48.06521200,1.86959920,-14.99106900
295,-12.60366440,-0.51587957,78.36797664,-12.65038176,17.90826038,124.78300234,-34.46996300,29.96388400,4.79778800,38.71261200,-8.28982600,-14.66675300,12.69453200,-19.42917600,-43.71372200,4.19986100,17.32343900,15.00003300,15.58609500,-16.19489700,26.19400600,-149.01997000,31.82686200,-72.56893000,77.10388000,-37.37781500,5.18750700,11.12919700,-144.38588000,-20.26311700,54.49603300,84.01147500,47.54572300,2.07692960,-15.35424900
296,-12.25694084,-1.02952206,78.30845569,-12.67379519,17.52721155,124.24254366,-34.73848000,30.09032200,4.87398620,39.28517000,-8.43341300,-14.71798600,12.47121900,-19.72879600,-43.99343000,4.40421150,16.47230000,15.00003300,15.72868000,-16.31030500,26.60334600,-148.75774000,31.65502000,-72.85528000,77.89351000,-38.60410000,5.20746850,11.12451200,-144.15976000,-20.09784900,54.19008000,83.80316000,47.00934600,2.40908860,-15.29451200
297,-11.88338757,-1.61609089,78.29751306,-12.74201458,17.49549504,123.53001612,-35.06287000,30.47099900,5.64901350,39.26630000,-8.39678700,-14.64620400,11.91418100,-20.01460600,-44.76716200,4.48858640,16.04327200,15.00003300,15.84659700,-16.41467700,27.02008000,-148.85830000,31.50537300,-73.26848000,78.50938000,-38.21375700,5.16825300,11.00575400,-144.22424000,-19.89124500,53.85916000,83.15627000,46.69595700,2.37189340,-15.38581700
298,-11.47134113,-2.28230834,77.99049242,-13.07315974,16.69338464,123.11838980,-35.63876000,31.56653000,6.27052160,40.89304700,-9.11090000,-13.79839800,12.07811100,-19.80926500,-44.77537500,4.64706950,15.21949500,15.00003300,15.90830200,-16.34146500,27.49166000,-147.80219000,31.34427300,-73.28245000,78.35084000,-39.64909700,5.35187100,11.69234200,-143.15570000,-19.64469500,53.24965700,82.90877000,46.86587000,2.32612350,-15.17455900
299,-11.03367996,-2.98676538,77.94506248,-13.09220406,16.02891909,122.57191004,-35.80599600,31.73840500,6.36709930,41.50285300,-9.05442400,-13.72831250,12.09835150,-20.01378000,-45.13932800,4.86644650,15.05887200,15.00003300,16.15243500,-16.22441300,28.11837400,-147.39532000,31.18018200,-73.42206600,78.89754500,-39.89887200,5.20579400,11.45774900,-142.36302000,-19.27928200,52.45596700,81.78853600,46.17547600,2.23911450,-15.39793100
300,-10.55362225,-3.71249962,77.90596977,-13.25332132,15.39175969,121.78824446,-35.86574000,32.49476600,7.15267370,41.97712300,-8.83939800,-13.36224600,12.03400500,-19.94327200,-45.67542600,5.01072030,14.67557700,15.00003300,16.29663700,-15.99339600,28.76399800,-147.35794000,31.11372000,-73.55923500,79.90346500,-40.88292300,5.08946850,11.39399900,-141.40233000,-18.84535400,50.72584000,79.53915400,45.08107000,2.71334500,-16.21254500
301,-10.02644444,-4.44359827,77.66311037,-13.33685532,14.80910037,121.28309632,-36.42496500,33.04108400,7.32592300,43.02668000,-9.24165000,-13.21395900,12.17504600,-20.03603600,-47.01279000,5.52970200,14.55611800,15.00003300,16.27163300,-15.85602900,29.15036200,-147.05116000,31.13458600,-73.44288000,80.56093600,-42.91878000,4.60953430,12.02650100,-140.33273000,-18.05759600,49.39519000,78.03198000,44.82686000,2.57061480,-17.02279000
302,-9.44917679,-5.15916348,77.48405620,-13.62641068,14.44870492,121.23447722,-37.46882200,33.64573700,7.09380300,43.82796500,-9.10852400,-12.88870600,12.34040700,-19.47949800,-48.03457600,6.03704260,14.18583100,15.00003300,16.06227900,-15.31178200,29.66145300,-146.30533000,31.29679300,-73.20062000,81.52591000,-43.66131000,4.20681700,11.72652900,-139.29895000,-17.33223300,47.61388400,76.09241500,43.88289300,2.65720270,-17.20852700
303,-8.81165028,-5.86020041,77.15330495,-14.19091386,13.84473360,121.08295303,-38.85610200,34.71297000,6.41959000,45.39361000,-9.10311700,-12.13580700,11.17062200,-20.25288000,-48.63115300,10.85654800,12.31081000,15.00003300,15.69036100,-14.62820700,29.79380200,-145.58371000,31.73297900,-73.49725000,82.73366500,-45.67270700,4.03755600,11.48103800,-137.60327000,-16.65468800,44.96913000,73.64364000,42.67961500,2.48026370,-18.90359100
304,-8.07644749,-6.54285049,76.86544338,-14.20600722,13.17949754,120.53892778,-39.21374000,35.57312800,6.97927670,46.04364400,-9.32546300,-11.95570200,9.26560900,-22.31308600,-48.86305600,17.27600700,9.81324100,15.00003300,15.22270300,-14.16547300,29.79380200,-144.66736000,32.44474400,-73.50556000,83.24142000,-46.04866000,3.82618760,11.05541200,-135.79012000,-16.14213600,42.00103000,70.44024000,40.14444000,2.21226950,-20.31703600
305,-7.25158834,-7.18867540,76.44778523,-13.29292302,12.55806325,119.77200602,-39.52576400,35.37985200,7.34014600,47.33121500,-9.24188800,-11.68783300,7.43747470,-24.66401500,-48.20388400,22.58772700,7.61193660,15.00003300,14.96231700,-13.82109450,29.79380200,-143.70724000,33.40041400,-73.50101500,82.79647000,-45.62633500,3.61390110,11.22387100,-132.81010000,-15.67514300,39.17744400,65.04904000,38.37220000,1.62570860,-24.04071400
306,-6.36211634,-7.81082869,75.83386212,-12.56953363,11.48395340,119.18087626,-39.74899700,35.78859700,7.74756860,49.14614500,-9.70743400,-11.13638100,6.51644330,-25.68620500,-47.72108000,25.93173400,5.97189760,15.00003300,14.85596100,-13.68602800,29.79380200,-141.86151000,34.54611600,-72.78174000,81.24412000,-47.79466200,2.97574520,11.75063900,-129.35345000,-15.28034100,36.14248000,59.58090600,36.08737600,1.34595820,-28.75147000
307,-5.45442486,-8.36807060,75.34315822,-12.00432719,11.31415461,118.89332612,-40.61062200,36.43295700,8.67554000,50.03767800,-9.81975700,-10.68669900,5.16167800,-26.65709100,-47.90162700,29.43778200,3.18423000,15.00003300,14.46954300,-13.44705600,29.79380200,-139.55127000,35.76427000,-71.52578000,79.60795000,-47.55378700,2.42130400,12.31209100,-125.77267000,-14.89489400,34.45253000,53.69418000,33.04783000,0.93325040,-29.72525200
308,-4.51415920,-8.87237930,74.87346559,-11.70559897,10.94382075,118.19751576,-41.13616600,37.24482000,9.12089600,50.66401700,-10.22494300,-10.07930850,4.15107540,-26.96065000,-47.63371000,31.60123800,1.11247460,15.00003300,14.37206100,-13.27301100,29.79380200,-137.63406000,37.13054000,-70.17812000,77.72498000,-45.99956000,2.43826200,12.63024800,-121.61246000,-14.53746800,32.93590500,47.35619700,30.28374500,1.21034190,-31.02125200
309,-3.54383779,-9.30905819,74.31347456,-10.93023577,10.60888838,117.88674215,-41.70067000,37.94578600,10.16997050,51.73438000,-10.16206800,-9.98441600,3.67015580,-27.91397000,-47.98177300,33.71337500,-1.65087690,15.00003300,14.32616900,-12.65148800,29.79380200,-134.50412000,38.54234300,-68.41766000,74.18759000,-41.65727000,2.19562130,13.03737800,-116.55141000,-14.17340400,32.37098700,40.31513200,26.45362700,1.02458000,-31.85746200
310,-2.54622006,-9.69093323,73.74724509,-10.33975689,9.53979750,117.67996808,-41.79355200,38.48436700,10.14575500,52.96119700,-10.15826300,-9.92713700,3.76515270,-28.41128000,-47.84588000,35.39575200,-3.81584070,15.00003300,14.37409100,-12.28772700,29.79380200,-131.24350000,39.96965800,-66.25763000,70.53798000,-39.93345000,1.94580510,13.43592300,-111.26733000,-13.71651400,31.90655300,34.50794600,23.63750600,1.48087780,-31.42278300
311,-1.53844309,-9.99029922,73.21024085,-9.74020169,8.64869620,117.45267941,-41.57928500,39.06659000,10.51736100,53.52492000,-10.33970450,-10.04504000,3.58839940,-28.94633700,-47.42052500,37.16113000,-5.54846700,15.00003300,14.47501600,-11.93949400,29.79380200,-127.70261000,41.42880000,-63.93675000,66.55965400,-37.99092000,1.88195630,14.32557900,-105.55354000,-13.18270500,31.92891300,28.21812400,20.90954400,1.70394610,-31.91315800
312,-0.51265919,-10.20456505,72.50455433,-8.70107560,7.63074775,117.23802512,-41.47754000,39.13104200,10.46145600,54.81963700,-10.46721300,-10.25480200,3.72468380,-29.62749900,-46.65592600,38.34022000,-7.79232930,15.00003300,14.43468400,-11.40961200,28.67622000,-121.61748000,42.88932800,-61.01764300,60.46615200,-34.27073700,1.41029970,15.69105700,-96.99577000,-12.57055400,32.49679600,20.21750800,18.15824500,1.54339950,-32.13505000
313,0.48859602,-10.32863426,71.79876927,-7.98869719,6.46740715,116.92804282,-41.31654700,39.92849700,10.52985900,56.32287200,-10.53539000,-10.28968600,3.26730400,-30.75789500,-45.59082800,41.44396000,-10.02253300,15.00003300,14.40153300,-10.77753000,27.16163800,-114.71364600,44.39718600,-58.14863000,53.89918500,-29.10080500,1.22673830,16.24547400,-88.25062600,-11.96572500,34.21972000,13.21193700,15.65332600,1.35028090,-32.03745700
314,1.44742608,-10.35059738,71.11116531,-6.93426658,5.48974590,117.00246126,-40.88971300,39.83756600,10.52437100,57.12473000,-10.88491800,-10.32766300,3.05171300,-32.43226000,-45.02630200,44.71217000,-11.63232900,15.00003300,14.20686150,-10.35342900,25.72213000,-106.84329000,45.87989800,-54.43451000,46.23439400,-25.47746700,2.01194000,16.65106200,-79.25659000,-11.45363000,36.04101000,6.46349500,12.35416400,1.93386640,-31.30019000
315,2.35964251,-10.28357220,71.03572981,-6.31746219,4.62686869,116.29509312,-40.32779000,41.21219000,11.34179500,58.19293600,-11.00524500,-10.31499000,2.42426230,-32.70245700,-43.43490200,46.38468600,-13.69946800,15.00003300,14.00741600,-9.62394200,23.89728700,-97.76453400,47.41175500,-49.68200700,37.53689600,-20.45607600,1.60276510,17.51536200,-70.22491500,-11.11719200,38.44625000,0.12101576,9.15726950,1.85913850,-28.58743000
316,3.19305325,-10.12644577,70.89917096,-4.98679340,3.87847317,115.66416533,-39.07322700,41.44731000,12.50157800,58.77283000,-10.75066300,-10.64802300,2.28125430,-34.33125300,-42.93588600,48.35245500,-15.83190000,15.00003300,13.33082600,-8.62499900,22.06916600,-86.72291000,48.83042000,-44.49687000,27.96401800,-17.52984200,0.98349917,18.60510800,-62.42122700,-11.15238100,41.73222000,-4.63706060,7.10823300,1.28020270,-26.58843000
317,3.93691063,-9.90423679,70.94342067,-4.34211005,3.56526847,114.69936441,-37.73944500,42.51883300,14.02565600,58.48069800,-11.19737100,-10.78723400,1.32576060,-34.60982000,-41.65032200,49.54183000,-17.00245300,15.00003300,12.54574500,-7.56034300,20.46261600,-75.73579000,50.11535000,-39.09237300,18.08015400,-12.82789500,1.86872850,19.32422800,-54.77912000,-11.38378200,44.76461400,-9.54963100,4.40557200,1.89882950,-23.56645400
318,4.60469484,-9.64977741,70.86282932,-3.70856892,2.50201557,113.56826117,-35.64108300,43.44946700,15.12587400,58.54266700,-11.47206700,-10.67814500,1.25406100,-35.15384300,-40.68229300,50.87656400,-18.35705200,15.00003300,11.52744400,-6.20744200,18.81812700,-63.59919400,51.27958000,-33.23575000,7.49063100,-8.36525500,2.44641350,18.79659800,-47.69172700,-12.02658900,48.05153300,-13.49879300,1.31684430,1.64243510,-20.65360300
319,5.19449663,-9.35228729,70.91301535,-2.94426995,1.99754498,112.57437502,-33.56570400,43.88165000,16.58536100,57.87456000,-11.21735100,-10.75225400,1.09941670,-35.59256700,-39.99693000,51.35170700,-19.49184400,15.00003300,10.09723800,-4.93216500,17.38137200,-51.47752000,52.21537400,-26.83619000,-2.51069570,-4.46334080,3.22518970,17.93880500,-41.46749000,-13.03508500,50.69258500,-16.37693400,-0.75467473,0.90793943,-17.78454600
320,5.72245455,-9.02979183,70.96534463,-2.12075621,1.73475640,111.66287557,-31.49054100,44.04596300,18.24696400,56.92728000,-10.76221750,-10.95990800,0.89591840,-36.44108600,-39.85507200,52.07848400,-20.23780800,15.00003300,8.30180600,-3.99844380,16.34516300,-40.00564000,52.86993800,-20.85422700,-11.73895400,-3.14584800,3.25209210,17.19974300,-37.23507300,-14.48752000,52.66793000,-18.16153000,-2.26330780,0.25123248,-15.73284600
321,6.20920753,-8.69223118,71.01647554,-1.33951466,1.28720332,110.11949095,-28.92258000,44.50898400,20.15334700,56.30467600,-10.42174800,-11.23858000,0.59272605,-37.21887000,-39.29222500,52.59383800,-20.90148500,15.00003300,6.22694250,-3.15068130,15.52410600,-27.63329500,53.02998000,-15.41847700,-21.50722700,-1.64850080,2.84594770,17.04782000,-33.40487300,-16.49542200,54.80069000,-19.56788400,-2.82189500,-1.22833040,-14.31053300
322,6.66908312,-8.34545994,70.95957159,-0.61230342,0.46208343,109.22100251,-26.25556800,44.47949600,21.59074400,55.36734400,-10.13389300,-11.49306000,0.44118030,-37.95667000,-38.14085800,53.89037700,-21.43151700,15.00003300,4.03493400,-2.71360600,15.11007800,-18.05231000,52.74365200,-11.69704500,-29.04473300,-1.83301570,2.22390530,16.54840700,-30.17481800,-18.93119600,55.43648500,-21.13394200,-2.99554560,-2.19618990,-12.82831500
323,7.12807083,-7.97548580,71.20574252,0.44202102,0.30722410,108.79109763,-23.82705700,43.65706600,23.52819800,53.42422500,-9.16111600,-12.32573500,0.32015353,-38.61816000,-37.46733500,54.09263600,-21.50565700,15.00003300,2.20332930,-2.55817720,14.54308700,-9.87865450,51.37400400,-8.25306000,-34.89124000,-3.35423200,1.65274370,15.60741800,-26.90473700,-21.95132600,55.12257000,-22.31211700,-3.53818250,-3.29613600,-10.46282000
324,7.58126307,-7.59943819,71.43421635,1.57114996,0.19072651,108.05432864,-21.45699500,42.69301000,25.21432300,51.65368000,-8.45562200,-12.67799900,-0.36416796,-39.04363000,-35.71595800,54.28155500,-21.72773200,15.00003300,0.58263960,-1.95155690,13.72880100,-4.20863250,49.58756300,-6.55101800,-39.61302000,-2.17792400,1.44176190,13.91757400,-24.05981000,-25.54290000,54.49991000,-23.06761600,-3.77777900,-4.98856740,-9.25562000
325,8.01707554,-7.22661924,71.59551243,2.76198343,-0.04617186,107.86709661,-19.15765400,41.27125500,26.74239500,49.40392300,-7.89901800,-13.45756000,-0.47212040,-39.81110000,-34.63849600,54.64120000,-22.00824700,15.00003300,-0.68813294,-1.41859100,13.13646500,-0.22347881,47.54872500,-6.31667760,-43.10798300,-2.17360700,1.22074000,13.27870200,-20.28226900,-29.59708600,52.76904300,-25.08640700,-4.00811240,-5.73625950,-8.02730300
326,8.43644905,-6.87094688,71.86541052,3.91589475,-0.30697135,107.39440945,-16.80919000,39.88421600,28.21060000,47.19587000,-6.94035150,-13.95531300,-0.40939602,-40.41972400,-33.72655500,54.40776400,-22.09424000,15.00003300,-1.96016940,-0.51538396,12.46133400,2.80490880,45.65486500,-7.73574540,-45.48974600,-2.13432770,-0.36486837,12.12779000,-17.41757000,-34.09758000,50.85952400,-26.63685600,-3.14886200,-7.50695230,-6.63730200
327,8.82061005,-6.53748512,72.01210700,5.13957214,-0.71139655,107.01373092,-14.65220600,38.28362000,29.29478600,45.21278400,-6.19908000,-14.34285000,0.04935122,-41.59245700,-33.48289500,54.44405400,-22.34788700,15.00003300,-2.82952670,0.20901590,11.86612500,4.30740500,43.92528500,-9.62331900,-46.95743600,-2.07269640,-1.25319640,11.03418600,-13.59491200,-38.94990000,48.04024000,-28.87255100,-2.41681310,-8.94402400,-5.98278050
328,9.16153526,-6.23104572,72.15569460,6.14907549,-0.97815959,106.87404831,-13.00398100,36.30675000,29.33863800,42.73070500,-5.40450950,-14.91647300,0.20032589,-42.25267000,-32.69657000,54.48212000,-22.50286500,15.00003300,-3.32261130,1.00082270,11.45508000,4.22203250,42.46240000,-12.37821100,-47.65319000,-1.60758010,-1.57943370,9.78190100,-8.64045900,-43.93645000,44.07660300,-31.89047600,-1.36574350,-11.16886700,-5.75335170
329,9.46034336,-5.94956589,72.40211525,7.22178760,-1.07358726,106.49758315,-11.50379400,34.38376600,29.52957000,40.50269700,-4.66046000,-15.00003300,0.34513390,-43.00401700,-32.22043200,53.99266000,-22.47568100,15.00003300,-3.14657430,2.01665620,11.14860300,3.04694490,41.22132000,-15.37973200,-47.60836400,-0.57262750,-1.73526550,8.64122800,-1.76941970,-48.93134300,38.62608000,-35.81194700,-0.39697912,-12.91647900,-6.19104580
330,9.70832062,-5.69696665,72.64272754,8.08902255,-1.32261910,105.97076467,-9.77163300,32.53245000,29.55471200,38.04006200,-4.13455300,-15.00003300,0.34806770,-43.33894000,-31.21267000,53.50319300,-22.38582000,15.00003300,-2.96232200,3.15111110,10.87782800,1.72454730,39.93494000,-18.20909300,-47.56163400,0.11027191,-1.94266190,8.45718400,5.75874330,-53.75272800,31.15694400,-40.33189800,1.01108650,-14.44319100,-6.27139760
331,9.89852142,-5.45675898,72.77310197,8.88026909,-1.84289272,105.42263286,-8.40559900,30.97173300,29.05473100,36.71974600,-3.71624350,-15.00003300,0.85031840,-44.03203200,-30.85837000,53.25892300,-22.36710400,15.00003300,-2.35331560,4.35903260,10.84164700,-0.01037213,38.63718800,-20.54709600,-47.24657000,-0.00704486,-2.54565220,8.90268300,15.13575200,-58.21002600,22.87879400,-45.48219300,2.50518560,-15.67914600,-7.04929200
332,10.04086113,-5.20104456,72.94713798,9.53315441,-1.87156714,105.30551358,-7.31303600,29.43181200,28.79007000,34.61660400,-3.01186900,-15.00003300,1.01045570,-44.45815300,-30.53471400,52.95330000,-22.10120000,15.00003300,-1.88934310,5.86787030,10.77970000,-1.76692770,37.19420200,-22.13679900,-47.26070000,-0.18468729,-2.52514240,8.84061100,24.12005400,-62.00913200,14.35129700,-50.02126700,4.25047900,-17.40548700,-7.97825700
333,10.12634277,-4.95517826,73.02758041,9.97831550,-2.14723208,104.95010151,-6.27660200,28.20816200,28.12485900,33.23134000,-2.48095180,-15.00003300,1.43783450,-44.64027800,-30.11701000,52.53190600,-22.17183900,15.00003300,-2.10655470,7.45245080,10.83006900,-2.92722800,35.57687400,-22.73977900,-46.84171000,-0.52306330,-2.84592820,9.62031650,31.69809300,-64.70140000,6.80324840,-53.89390000,6.03202250,-18.42328500,-9.10987500
334,10.17252731,-4.69492722,73.07960136,10.52698318,-2.05747856,104.52626188,-5.40738870,27.03345300,27.91563600,31.87406700,-1.75436900,-15.00003300,1.21400500,-45.09981500,-29.52345700,52.43039000,-22.15917600,15.00003300,-2.48695230,8.83959200,10.77812600,-3.65374900,33.99173400,-22.96035200,-46.27023000,-1.24910690,-3.16523770,10.44342400,36.94032700,-66.42806000,1.39397100,-56.47634000,7.33037900,-18.77207200,-11.06067100
335,10.18297195,-4.43307257,73.15285426,10.76924709,-1.98803364,104.10526662,-4.33289700,26.35482200,28.15511300,30.37727700,-1.09255900,-15.00003300,1.31566300,-45.14603800,-29.27417600,51.96147500,-22.14393400,15.00003300,-2.91724970,9.92919500,10.53981800,-4.39291140,32.67349000,-23.42829500,-45.23311200,-1.54482640,-4.05945800,10.81492400,40.47759200,-67.51524000,-1.95871760,-57.65707800,8.93189800,-19.60879500,-11.68623100
336,10.16202164,-4.17118835,73.17688643,10.82469412,-1.89207479,103.92790428,-3.44756170,25.99765200,28.47868500,29.04528200,-0.35239250,-15.00003300,1.39314800,-44.92283200,-28.90533800,51.65418000,-22.18008200,15.00003300,-3.24046040,10.96136950,10.31936800,-4.86140300,31.47392300,-23.32285500,-44.35861000,-1.72218050,-4.21081540,11.02145000,41.84628000,-68.10765000,-3.55667760,-58.36369000,9.81031400,-19.83597800,-12.09656300
337,10.11104488,-3.92914081,73.10603199,10.77183816,-1.81496605,103.79216019,-2.38718300,25.59239200,28.82243000,27.23957600,0.20183599,-15.00003300,1.52540160,-44.87849800,-28.91593600,51.66084300,-22.32021500,15.00003300,-3.75947700,11.81521300,10.04567800,-5.43087800,30.54226100,-23.36592500,-43.20162600,-1.32253090,-4.19576900,11.20914100,41.97670000,-68.27426000,-4.08377270,-58.39706400,10.81683300,-19.81780400,-13.13223650
338,10.05022812,-3.70166779,73.04133559,11.00238183,-1.53214203,103.86693427,-1.57001210,25.06992000,29.78012500,25.57479100,0.69383320,-15.00003300,1.40647840,-45.13077500,-28.74406000,51.69005600,-22.51769400,15.00003300,-4.38992450,12.43926300,9.78151800,-5.79590100,29.91527700,-23.50133700,-42.20660800,-0.37096840,-4.33714060,11.59137900,41.63885000,-68.04294000,-3.99492070,-58.41368000,11.62208750,-20.57517600,-14.62963400
339,9.98141479,-3.50234628,73.02475579,11.01593569,-1.34915686,103.86768197,-0.83776546,24.61901000,30.08289700,23.98508600,1.04331840,-15.00003300,1.42189880,-44.99263800,-28.52507000,51.45912000,-22.60017400,15.00003300,-4.69041820,13.03524900,9.60327900,-6.16378500,29.47423200,-23.62167200,-41.28180000,-0.13093406,-4.34597300,12.29937400,41.21224000,-67.67911500,-3.49006680,-58.61497000,11.83352700,-20.65882500,-15.14468700
340,9.91212082,-3.33651567,72.99977577,11.01202089,-1.20390638,103.72530974,0.03524195,24.16361200,30.41515200,22.29852700,1.79364220,-15.00003300,1.28274900,-44.87722800,-28.17106600,51.36920500,-22.64002000,15.00003300,-4.85927770,13.49521350,9.42936500,-6.59669640,29.19989800,-23.93230200,-40.28383300,0.15922709,-4.33251430,12.72878000,40.78872300,-67.28855000,-2.88397500,-58.59101000,12.07963850,-20.54944000,-15.67518800
341,9.84210491,-3.20926118,72.92328181,10.80803389,-1.39938286,103.99193277,0.69167410,23.83943400,29.97623400,20.89227500,2.44418430,-15.00003300,1.77515750,-44.63910700,-28.33324600,51.45094000,-22.74000500,15.00003300,-4.95989200,13.88994100,9.33920300,-7.06164000,28.90645800,-24.02101100,-39.54345700,0.21491817,-3.96630220,13.02916500,40.46468400,-66.89622500,-2.35806080,-58.38778000,12.55147600,-20.22100800,-15.09477500
342,9.78203011,-3.10846019,72.92151857,10.89918730,-1.38127329,104.05829105,1.30215070,23.25886700,29.94572600,19.49759700,2.98150130,-15.00003300,1.87456300,-44.66344500,-28.21361500,51.31862300,-22.77918800,15.00003300,-4.89515350,14.25853800,9.13218900,-7.57310060,28.80306600,-24.24323800,-38.68445000,-0.24387725,-4.05304300,12.98809050,39.94367000,-66.51984000,-1.77779580,-58.38363000,12.29888250,-20.06495000,-14.77380500
343,9.73399353,-3.03134298,72.99538521,10.92133211,-1.16496918,103.61085397,1.72565290,23.16254600,30.43731000,19.01413500,3.04330160,-15.00003300,1.61182370,-44.59408000,-27.97069500,50.91548500,-22.58754000,15.00003300,-4.74026200,14.66112300,9.02351300,-7.46267270,28.78770600,-24.04636200,-38.36250300,-0.38385472,-4.09194230,13.07028900,39.19577400,-66.13110000,-1.09132170,-58.40646000,12.43823700,-19.90401300,-15.05783500
344,9.68835068,-2.97773719,73.02640290,10.91026011,-1.21764372,103.83961478,2.10637900,22.79000300,30.29828000,17.95161800,3.65402820,-15.00003300,1.81432810,-44.44048300,-27.90933200,50.77339000,-22.50238000,15.00003300,-4.82182840,14.87809600,9.00859800,-7.39543200,28.67928300,-23.78834700,-38.21083500,-0.97457200,-3.86904070,12.96361350,38.68689300,-65.75295000,-0.56165760,-57.94552600,13.05365850,-20.16674400,-14.86799400
345,9.64390850,-2.93809509,73.07251905,10.79845576,-1.25355640,104.06410526,2.62658360,22.43714100,30.19860600,16.49730100,4.25581500,-15.00003300,2.14681030,-44.22233600,-28.11763800,50.49738700,-22.35012600,15.00003300,-4.71994100,15.10150600,8.88017600,-7.63851070,28.56972900,-23.84559000,-37.75354400,-1.34931970,-3.58375360,13.14947700,38.30473000,-65.48404000,-0.10471331,-57.47055400,12.92583000,-19.83936500,-14.18253600
346,9.61033630,-2.90586257,73.14691680,10.89007587,-1.30261105,104.10493120,3.01476450,22.00897600,30.08663400,15.63375200,4.71760600,-15.00003300,2.35096100,-44.17168000,-28.04225200,50.13599800,-22.21093800,15.00003300,-4.57517400,15.26486600,8.77769100,-7.85174940,28.54773700,-23.97522500,-37.15767300,-1.45687530,-3.49822620,13.38975000,37.99111000,-65.28331000,0.40395930,-57.30973000,12.69736200,-19.41486400,-13.86947400
347,9.57555676,-2.87464881,73.17217068,11.02937139,-1.33278964,104.22946780,3.14316940,21.59544400,29.78781000,15.15074500,4.74303500,-15.00003300,2.58042240,-44.37031000,-28.23182300,49.96426800,-22.14202700,15.00003300,-4.44224000,15.36624100,8.76967400,-7.79061000,28.53415500,-23.86956000,-37.01983300,-1.52701030,-3.28980280,13.27909200,37.78499000,-65.07015000,0.84905680,-57.24051700,12.48450600,-19.34689100,-13.72952300
348,9.54053402,-2.84500098,73.17087881,10.99661960,-1.49956518,104.09268076,3.35164480,21.56960700,29.55565500,15.23325900,4.72679700,-15.00003300,2.96072820,-44.48745300,-28.59916000,49.80583200,-22.05801600,15.00003300,-4.15457870,15.46666500,8.74326100,-8.01451200,28.60186000,-24.06600600,-36.66455000,-1.57162710,-3.29881880,13.58546450,37.46544000,-64.91093400,1.33700920,-57.10998500,12.20590300,-19.32767900,-13.90724400
349,9.50325012,-2.80638003,73.20559828,11.06329896,-1.46337760,104.15045290,3.35285160,21.31698600,29.22658300,15.01025900,4.75813500,-15.00003300,3.17682550,-44.58479700,-28.84265700,49.54319400,-21.95693000,15.00003300,-3.95331980,15.60372000,8.69778800,-7.96638800,28.70311700,-24.10889000,-36.60628000,-1.73431550,-3.30966570,13.80497900,37.15028000,-64.71998000,1.69603410,-57.21239000,12.12104800,-19.42427000,-14.06434200
350,9.46451092,-2.76387239,73.26415135,11.05914025,-1.47469780,104.21621732,3.45063000,21.10646200,28.90245200,14.65003100,4.77711400,-15.00003300,3.40407870,-44.49515000,-28.94764900,49.24355300,-21.78290600,15.00003300,-3.76288900,15.67386400,8.68568800,-7.81817700,28.78059200,-24.00359300,-36.75240000,-1.84741800,-3.01078250,13.91098700,36.82417000,-64.51720000,2.01766750,-57.26724600,11.98068200,-19.14753500,-13.85779500
351,9.42516327,-2.71352816,73.29592309,11.01347202,-1.39050721,104.42837567,3.48791620,20.89239500,28.52665900,14.03180300,5.02712770,-15.00003300,3.64458100,-44.45597000,-29.30268500,49.04498700,-21.62111700,15.00003300,-3.56023400,15.77145800,8.65649300,-7.77974030,28.85413600,-23.95930000,-36.90462500,-2.05993600,-3.04963400,13.88427600,36.57564500,-64.34589400,2.21042040,-57.30845300,11.99364300,-19.23460600,-13.50097100
352,9.39268398,-2.66697717,73.39257116,10.98560368,-1.29775046,104.45118614,3.61242200,20.69297800,28.29582800,13.46529800,5.33340600,-15.00003300,3.61827470,-44.17616300,-29.06952700,48.69479800,-21.37129800,15.00003300,-3.38909900,15.87836550,8.67382500,-7.30174350,28.81987200,-23.46697200,-37.12495400,-2.39722800,-2.82575680,13.85887500,36.12672400,-64.22368000,2.41998740,-57.33095000,11.75976800,-18.79080600,-13.12619600
353,9.36389160,-2.62580657,73.37915057,11.02175187,-1.26509276,104.45754603,3.51152870,20.59549700,27.92452800,13.58994500,5.41831250,-15.00003300,3.65014650,-44.29206500,-29.13064600,48.72545200,-21.30757900,15.00003300,-3.28183480,15.87349200,8.64977500,-7.27035100,28.84236700,-23.23127400,-37.07596200,-2.27777860,-2.70725750,14.06200300,35.64134200,-64.12792000,2.67164660,-57.23362400,11.44711100,-18.44325800,-12.72660500
354,9.33809757,-2.60320926,73.43189949,11.14588021,-1.14225861,104.71578110,3.35030600,20.21012700,27.44328300,13.17525100,5.63110970,-15.00003300,3.78322240,-44.45429200,-29.41568000,48.58371400,-21.09394300,15.00003300,-3.25771280,15.85111200,8.68028500,-7.11788300,28.84537900,-22.91368000,-37.17225000,-2.65482000,-2.89722200,13.87769400,35.45183600,-64.01248000,2.67545680,-57.25092700,11.37557900,-18.04049500,-12.08341400
355,9.31762791,-2.60680938,73.44317553,11.20119665,-1.06631266,104.81218157,3.15158030,20.06724200,27.10961300,13.20566800,5.32932850,-15.00003300,3.57920770,-44.40888000,-29.09644300,48.63899000,-21.06951300,15.00003300,-3.05342940,15.85266000,8.73568600,-7.13037100,28.85068300,-22.69369300,-37.23967000,-2.66534070,-2.73200000,13.97336400,35.30288300,-63.91795300,2.68516850,-57.29342300,11.60598000,-18.14352400,-12.14930700
356,9.29837418,-2.63905072,73.42534915,11.27739634,-1.10539588,104.75276270,2.92471840,20.01745400,26.78600700,13.74137100,4.94774630,-15.00003300,3.43493460,-44.55620600,-28.92087000,48.80943000,-21.06876400,15.00003300,-2.77065560,15.82807200,8.84435200,-7.21967270,28.83845100,-22.49244000,-37.11173200,-2.82715060,-2.71374770,14.07451600,35.07464000,-63.85706700,2.79741550,-57.36131300,11.49001600,-18.03720000,-12.06552600
357,9.27246094,-2.69763422,73.39506857,11.26538048,-1.18582922,104.75453193,2.68478080,20.08093000,26.50342000,14.30027400,4.61495540,-15.00003300,3.41271110,-44.71671700,-28.99775700,49.03921000,-20.99627500,15.00003300,-2.54722400,15.81189900,8.94706500,-7.44481500,28.80893300,-22.39919000,-36.97521200,-2.81566380,-2.72703480,14.01404200,34.92510600,-63.84626400,2.88136390,-57.30756400,11.32499400,-18.10365700,-12.11046200
358,9.23748875,-2.77662230,73.33360406,11.31763783,-1.25489475,104.74932578,2.46447780,20.05860000,26.32746500,14.79781100,4.33429670,-15.00003300,3.39229080,-45.03326000,-29.14070000,49.26997000,-21.04729700,15.00003300,-2.35117220,15.72241300,9.08106700,-7.59048500,28.71593000,-22.28680800,-36.80308500,-2.71337400,-2.71208520,14.24260100,34.77224000,-63.87243000,3.06928660,-57.29237700,10.88215300,-18.06534800,-12.30089100
359,9.19896317,-2.87073803,73.28462555,11.29842074,-1.36580727,104.77977542,2.19458500,20.13033700,26.03666300,15.40502600,3.99203100,-15.00003300,3.32756160,-45.15428000,-29.07799100,49.51305000,-21.07438700,15.00003300,-2.17703320,15.67609400,9.19997900,-7.94156800,28.63530200,-22.32476400,-36.54409400,-2.78554900,-2.66298300,14.48190400,34.66686000,-63.93676800,3.25708270,-57.26096700,10.44505500,-17.93736300,-12.34730600
360,9.14958572,-2.97429061,73.24755932,11.24521926,-1.34591549,104.96109598,1.81189720,20.11834700,25.64672300,15.68976700,3.81193830,-15.00003300,3.27813200,-45.23198700,-29.21443200,49.65125700,-21.10146500,15.00003300,-2.05770040,15.66307900,9.30168300,-8.19606200,28.54583000,-22.36483600,-36.52354400,-2.77771570,-2.58407660,14.36418400,34.69752500,-64.01195000,3.31150100,-57.29650000,10.29726500,-17.87534000,-12.12432000
361,9.09534836,-3.08271003,73.18380579,11.20249734,-1.38292165,105.01463867,1.34736750,20.18812600,25.19549600,16.45535700,3.51753880,-15.00003300,3.31001450,-45.45179000,-29.50456000,49.80871000,-21.16924700,15.00003300,-1.89062870,15.68708000,9.35947300,-8.69908700,28.57815200,-22.73238400,-36.15763500,-2.66609070,-2.60856530,14.27824100,34.72806000,-64.07688000,3.34208770,-57.30295600,10.00841800,-17.88204200,-12.23161900
362,9.03857231,-3.19399953,73.04263907,11.20361369,-1.55052398,104.94135056,0.71914494,20.45633700,24.80936000,18.13866800,2.86311630,-15.00003300,3.30802230,-45.89208000,-29.71973200,50.28743700,-21.34649000,15.00003300,-1.71182970,15.64185800,9.38230300,-9.23170300,28.73506500,-23.00903900,-35.72990400,-2.38506250,-2.54225540,14.29395400,34.49357200,-64.12562600,3.45435260,-57.25010700,9.87239000,-18.01078000,-12.48318700
363,8.97504902,-3.31194687,72.98836251,11.16155915,-1.55331846,104.97231106,0.22473581,20.56301300,24.56762100,18.97624000,2.48196200,-15.00003300,3.35994340,-46.13879400,-30.09393900,50.36213300,-21.37707000,15.00003300,-1.61983350,15.61158400,9.44572100,-9.19806100,28.87935300,-22.99217800,-35.74795500,-1.80702440,-2.44816640,14.11732100,34.43124400,-64.13048600,3.54815650,-57.25879700,9.43296200,-18.09629200,-12.54682500
364,8.91352367,-3.43757725,72.91543612,11.13806347,-1.56370452,104.92732435,-0.19703320,20.68721000,24.42761000,19.80475200,1.96912530,-15.00003300,3.22805520,-46.36259000,-30.18087200,50.52985400,-21.49126800,15.00003300,-1.53747630,15.55715400,9.47069800,-9.30884200,29.13855600,-23.05195600,-35.60940000,-1.08423410,-2.25417730,14.05788500,34.25032400,-64.09939600,3.66335730,-57.20572300,9.21910700,-18.15054700,-12.39109300
365,8.85095406,-3.57973623,72.90602395,11.00497046,-1.53553434,104.86241713,-0.61655860,20.92027300,24.33569700,20.53491400,1.61939430,-15.00003300,3.16958100,-46.34289600,-30.34901400,50.39889000,-21.49149000,15.00003300,-1.53012570,15.56597800,9.56628900,-9.04527100,29.39050700,-22.83652700,-35.72099000,-0.76235765,-2.32643180,13.60624000,33.94537400,-64.01046000,3.78138420,-57.14051400,9.06880800,-18.04130000,-11.87291100
366,8.78776646,-3.74491596,72.85979877,10.99236330,-1.69511803,104.86720010,-0.96820116,20.98266000,24.10553400,21.36170200,1.41311470,-15.00003300,3.09554150,-46.52538300,-30.27830900,50.61528000,-21.46962700,15.00003300,-1.50764420,15.44645700,9.59993000,-9.08010800,29.73637400,-22.65758500,-35.47022000,-0.58075243,-2.15592340,12.97337100,33.65678000,-63.92337400,3.94316270,-57.04320500,8.51242100,-17.76592800,-11.45370600
367,8.71960926,-3.93185163,72.88308993,10.96599317,-1.65364038,104.85150202,-1.28685050,21.06861700,24.30190800,21.79087000,0.93861663,-15.00003300,2.90075450,-46.57435200,-30.25513500,50.47944000,-21.39024500,15.00003300,-1.51573720,15.33834200,9.62213800,-8.65913600,30.14747000,-22.35889400,-35.60141400,0.14343809,-2.13887050,12.65826600,33.26082000,-63.77320500,3.97971150,-56.93493700,8.60364300,-17.68420600,-10.84260600
368,8.63932514,-4.14209938,72.85987876,10.89463330,-1.72871916,104.93344657,-1.64787450,21.09846700,24.17560200,22.27636100,0.55019340,-15.00003300,2.79133220,-46.68667600,-30.29103700,50.59004200,-21.30329100,15.00003300,-1.52355180,15.16435900,9.60856500,-8.20290900,30.63771000,-22.00184400,-35.78268000,0.99829453,-1.98361020,12.67820800,32.89651500,-63.55042000,3.95960160,-56.80713000,8.53093300,-17.56171800,-10.43138500
369,8.55681324,-4.36303854,72.85229086,10.74618955,-2.11377993,104.90655620,-1.73216990,21.34531600,24.16757000,23.05227000,0.16381486,-15.00003300,3.02677800,-46.67535800,-30.34293000,50.58633000,-21.16246800,15.00003300,-1.23876800,15.05333500,9.56117500,-7.60750770,31.18988000,-21.88422400,-35.52282300,1.05975100,-1.97448850,12.90005800,32.82697000,-63.37703000,4.20543000,-56.82592400,8.01626000,-17.43556600,-10.71779400
370,8.45765591,-4.58241463,72.82029604,10.46624517,-2.51768304,104.88643965,-1.92856170,21.71704000,23.96130600,24.03363000,-0.08774192,-15.00003300,3.73078920,-46.74196600,-31.20591700,50.38632000,-21.04883000,15.00003300,-1.11039340,14.92989400,9.41284500,-6.56461600,31.88113200,-21.86507200,-35.51473600,1.65535640,-2.02037070,12.71225400,32.53070000,-63.20398000,4.40498970,-56.73368000,7.96806430,-17.55654500,-10.38308500
371,8.34868622,-4.77606964,72.87593762,10.24546111,-2.80213745,104.72454570,-1.91078330,21.95288300,23.97854600,24.54513000,-0.13931180,-15.00003300,4.18312000,-46.67383200,-31.72077000,49.93081700,-20.74863800,15.00003300,-0.86571133,14.68108500,9.26982700,-4.80261230,32.66101500,-21.52512000,-35.84414000,2.11033940,-2.19556210,12.08273800,32.42428600,-62.99909000,4.82868600,-57.08589600,7.75913950,-17.64660800,-10.10569900
372,8.23193550,-4.92888737,73.04244769,10.07394385,-3.04489437,104.35835708,-1.89764260,22.33075100,24.26405500,25.44856800,-0.20082389,-15.00003300,4.44247700,-46.31840000,-31.66182900,49.09097300,-20.23612400,15.00003300,-0.73626270,14.35646250,9.08841900,-2.12530660,33.40614300,-20.59262000,-36.19176500,2.33720470,-2.30047680,11.87560100,31.96260600,-62.72712700,5.34404330,-57.46450400,7.45202880,-17.13909100,-9.85289700
373,8.08482552,-5.03099966,73.24675214,10.01961057,-3.13705305,104.32946682,-1.91177010,22.26852000,24.42875300,25.61569600,-0.22522227,-15.00003300,5.04266260,-46.17538000,-32.26328700,47.98450500,-19.63749900,15.00003300,-0.79264754,13.87054600,8.93575300,0.44876460,34.15691400,-19.76046800,-36.57624400,2.99008940,-2.21512630,10.75597600,31.13548000,-62.35312300,5.53137000,-57.73745000,7.44181700,-16.63384600,-8.60911750
374,7.90825701,-5.07955170,73.50728940,9.80939965,-3.34725453,103.94023947,-1.58926330,22.60002100,24.96552500,26.04674000,-0.43362522,-15.00003300,5.68959140,-45.59420800,-32.46711000,46.40805400,-18.91735300,15.00003300,-0.73362530,13.40415000,8.89571800,3.49821930,34.87401000,-19.49245000,-36.73275400,3.79285430,-1.94956770,10.88386250,30.23340400,-61.89750000,5.91358470,-58.15706300,7.95925330,-16.24218600,-7.77551300
375,7.69447327,-5.08012962,73.95747604,9.49635182,-3.30649190,103.45423133,-1.06571220,22.59882700,25.14391500,25.42470200,-0.16029544,-15.00003300,6.34605900,-44.51635400,-32.56027000,43.93420800,-17.62426200,15.00003300,-0.69487220,12.90612900,8.81827800,6.52698330,35.53351200,-19.46817600,-35.86031000,4.39953760,-1.79298500,10.59941500,29.06568300,-61.37574800,6.16480200,-58.58501000,7.74699200,-15.43105600,-6.37867070
376,7.43389940,-5.04147482,74.33656460,9.16158745,-2.91399757,102.77633234,-0.65787900,22.60657500,25.55878600,24.65920000,-0.13503028,-15.00003300,6.47338300,-43.63413000,-32.62097500,41.64978400,-16.29617500,15.00003300,-0.63017540,12.26012800,8.83815800,10.17391400,36.07281000,-19.44127700,-34.93304000,6.20282940,-1.07996060,11.13411600,27.60698700,-60.72863800,6.40815970,-58.88891600,8.47602800,-14.93322800,-5.64430900
377,7.14282179,-4.98937941,74.71002993,8.60337003,-2.88701420,102.12215103,0.03384348,22.83986900,25.75821900,24.01978900,-0.02972391,-15.00003300,7.38050300,-42.54710400,-33.26503800,39.03438000,-14.72715600,15.00003300,-0.30661282,11.58907900,8.72881100,13.55670450,36.52935800,-19.89344000,-32.58518200,6.70945740,-0.71586590,11.33358100,26.45174600,-60.05092000,6.77526660,-59.20435700,8.72846200,-14.97293500,-5.74995760
378,6.82695723,-4.93946505,75.01397626,7.96705110,-2.80780134,101.23622606,0.91684645,23.00799000,25.92295600,23.04884300,-0.12470644,-15.00003300,8.22725100,-41.34592400,-33.80611400,36.14113600,-13.28824700,15.00003300,-0.03605301,10.67905400,8.59830000,16.82845700,36.82177400,-20.85824400,-28.16747900,7.39628400,-0.15373586,12.67132800,24.24738300,-59.24812000,7.22634120,-59.46684600,10.13797900,-14.02773500,-5.14261340
379,6.51513338,-4.89940071,75.38024590,7.49444410,-2.80479630,100.47842420,1.87787630,23.02000000,26.39825400,21.97474700,-0.33531606,-15.00003300,9.15694700,-40.26064000,-34.34138500,33.15015000,-11.49987300,15.00003300,0.33865170,9.62699700,8.22505000,19.62264400,36.89852000,-22.01182600,-22.48664000,7.87393900,0.56486680,13.34665000,21.65067300,-58.39660000,7.24361100,-59.30937600,11.58862600,-13.09026500,-4.24430000
380,6.21394110,-4.86887503,75.89815186,7.26000575,-2.35836414,99.45535831,3.14556840,22.37553600,27.17504900,19.41487100,0.23021074,-15.00003300,9.86299300,-39.05945000,-34.79897700,28.91654800,-9.15865500,15.00003300,0.93429834,8.59975600,7.75119450,21.43515200,36.69300500,-22.30616400,-15.85725500,7.01931240,1.34791150,13.49590700,19.43014300,-57.53587700,6.98631050,-58.95900300,13.22717700,-12.79952800,-3.76831800
381,5.91354132,-4.86928797,76.27161878,6.76669963,-2.70447440,98.87751386,4.53475500,21.86397200,26.80446600,17.35081300,0.61980600,-15.00003300,11.01747200,-37.76053000,-34.82734000,25.94701800,-6.94934300,15.00003300,1.39878760,7.40772720,7.21980900,22.15463300,36.27241000,-22.76421500,-7.89488360,7.33223340,2.59234000,13.70453500,17.60109500,-56.75689300,6.61429170,-58.56809600,14.53426900,-12.49285900,-3.77533130
382,5.62150717,-4.85767555,76.46581334,6.35657169,-2.67072461,98.25278572,6.16140400,21.36982700,27.48663500,14.42391200,1.25523500,-15.00003300,11.53106700,-36.87743800,-34.84377300,23.60762200,-5.33766560,15.00003300,1.54289380,6.25728750,7.00663850,22.35618400,35.63416000,-23.55385400,0.78743386,6.24779500,3.66855290,13.90486400,16.17824700,-55.89845000,6.32397370,-58.76467000,16.58180200,-11.90228500,-4.35006700
383,5.34808874,-4.84993124,76.74977623,5.91168911,-2.54569429,97.58596968,7.51270800,21.02080500,28.10321600,11.91118100,1.71830740,-15.00003300,12.31661600,-35.62484400,-35.06670400,20.32165300,-3.22812680,15.00003300,1.66276050,5.27541000,6.51166400,22.09254300,34.98594700,-24.29470600,9.83736400,5.39771300,4.20218200,12.06605000,13.84354400,-55.00835800,5.87562300,-58.60533500,17.72652400,-11.17028600,-4.51204630
384,5.06176901,-4.83832455,76.93411724,5.33995963,-2.54632560,96.95271090,9.28046900,20.71927000,29.07735600,8.81716250,2.58666400,-15.00003300,13.26509400,-34.31259000,-35.37593500,17.13541800,-1.18413580,15.00003300,1.62768460,4.24568560,6.01073030,21.28619000,34.37261000,-25.09123000,19.44755200,3.82555340,4.62279900,12.15642500,12.33156000,-54.31297300,5.83712240,-58.74868800,20.96122000,-10.45810900,-5.23762700
385,4.77170229,-4.81980658,77.12009658,4.78962826,-2.13336340,96.30919020,10.12309100,20.64035800,29.87000700,6.84111700,2.74445870,-15.00003300,13.88596400,-32.76581600,-35.40731400,13.35266500,1.04115080,15.00003300,1.63009750,3.38417860,5.16325860,20.93711900,33.82516500,-24.93685000,27.68202200,2.79635830,4.72379450,12.00068800,10.68390900,-53.89748400,5.73442800,-58.30956300,22.89232000,-9.93305100,-5.33974080
386,4.46547031,-4.79701328,77.14797460,4.29937197,-2.08329835,95.81948020,10.44607900,20.90529600,30.15034900,6.70259000,2.24255920,-15.00003300,14.51395500,-31.65598000,-35.30028500,10.79542700,2.46827000,15.00003300,1.77012260,2.57175610,4.79127260,20.07403400,33.35302700,-24.85529900,34.53211600,1.35489990,5.01908060,12.16498400,9.27062400,-53.61073300,5.73588940,-58.13221400,24.73015600,-10.09457600,-5.74355900
387,4.13725710,-4.77048492,77.19768697,3.85112334,-1.82574258,95.30674494,10.58273400,21.16069800,30.60661100,6.60791700,1.48979960,-15.00003300,14.99551200,-30.56131700,-35.13258700,7.98474840,4.29476170,15.00003300,1.70422800,1.76349870,4.27255870,19.55563700,32.97300300,-24.43555800,40.76540400,-0.98982380,5.04196740,11.98942100,7.44000600,-53.37391300,5.67116200,-57.80206000,27.04507300,-9.74803500,-5.91687150
388,3.77800584,-4.75855637,77.13254590,3.20696694,-1.53921712,94.76805735,10.60052800,21.51051100,30.66448000,6.52291900,0.71533790,-15.00003300,14.70749900,-29.64502100,-34.54107300,6.67519300,5.15538800,15.00003300,1.57633090,1.08389910,3.84831290,19.32761800,32.65273700,-23.47842200,45.03363400,-2.27409430,5.25478500,11.90918600,5.90975100,-53.05431400,5.17604160,-57.26963800,28.38592300,-9.64688600,-5.52140000
389,3.40263796,-4.75339365,77.01743750,2.60923064,-1.53863414,94.20827209,10.98573500,21.91310000,31.22656400,6.51504760,0.23768796,-15.00003300,14.19664200,-29.07342000,-33.46781500,6.51234250,5.30918030,15.00003300,1.35007230,0.22302338,3.84395480,18.79413200,32.53873400,-22.79713800,48.87144500,-4.77812050,5.68630400,12.51468500,4.76850200,-52.91620600,5.00165840,-56.96076000,30.53797500,-9.52830600,-6.04458860
390,3.01999187,-4.76252985,76.88911352,2.10947013,-1.30944595,93.87944528,10.98778100,22.22220200,31.71228000,6.53382600,-0.22783752,-15.00003300,13.54487600,-28.61576500,-32.46788800,6.37446900,5.34600350,15.00003300,1.15050970,-0.49719560,3.85681200,18.50700800,32.57273000,-21.90085800,51.61977000,-6.73350500,5.65290300,12.54429100,3.06639500,-52.84942600,4.64524560,-56.07455000,30.07833900,-9.48202400,-6.81191350
391,2.63982654,-4.80170536,76.75622109,1.65471651,-0.84236632,93.11019380,10.83160400,22.36335400,32.01822700,6.55727430,-0.70696130,-15.00003300,12.43319200,-28.29792200,-31.54042800,6.22028970,5.47142900,15.00003300,0.90241146,-1.16525340,3.88564780,18.57686800,32.63847000,-20.83394400,53.52495200,-8.44665050,5.77179530,13.02050400,1.53500950,-52.48224000,4.09386350,-55.75205000,30.23587200,-9.10959900,-6.46561100
392,2.28093219,-4.87509489,76.65734749,1.15063833,-0.54543045,92.48979157,10.72139600,22.59432000,32.23079700,6.63006600,-1.00509400,-14.73525400,11.51017950,-27.85154000,-30.52217500,6.10527700,5.69260030,15.00003300,0.75874170,-1.91059590,4.08272000,18.44027900,32.77733200,-19.72295400,55.23756800,-10.76055100,5.94003400,13.23542300,-0.03691762,-52.19046800,3.66780600,-54.85130700,30.30799700,-9.06056800,-6.36450770
393,1.95340979,-4.99787807,76.56310542,0.74982722,-0.12871211,91.98629629,10.41177900,22.74706300,32.50109000,6.65353200,-1.26534020,-14.59387900,10.55914700,-27.54573000,-29.85926000,5.97885560,5.92771000,15.00003300,0.63083833,-2.43226720,4.20877200,18.69056300,32.95475400,-18.91342700,55.78809400,-11.65265300,6.18187800,13.50260800,-1.55900380,-51.65455200,2.96944200,-54.02803000,30.61344000,-9.11115300,-6.03120570
394,1.67611933,-5.18256569,76.59881902,0.44450742,0.02350616,91.13663698,10.44860000,22.82504700,32.93163700,6.77623000,-1.27932940,-14.19582000,9.58541400,-27.30431700,-28.81369400,5.93197900,5.89242940,15.00003300,0.68818030,-3.23664140,4.59829200,18.78791400,33.28192500,-18.23191600,56.46979000,-12.78229900,5.93904260,13.75570200,-2.51315240,-51.25221300,2.91874030,-53.40670400,29.94484900,-9.26601100,-6.05808830
395,1.44594800,-5.44270277,76.74224855,0.21985591,0.29043943,90.37194712,10.21884900,22.82371300,33.07769800,6.88490300,-1.30018760,-14.14381600,8.49000800,-27.13499300,-27.83065200,5.89450650,5.91114900,15.00003300,0.67750394,-3.80568860,4.94878240,19.00399600,33.66813700,-17.52556600,56.59287600,-13.19296000,5.95645700,13.96706700,-3.29988840,-50.78196700,2.86570200,-53.05169000,29.82289500,-9.01908100,-5.45297960
396,1.26692379,-5.78578568,76.88827580,0.10656778,0.47921225,89.50462050,10.11211800,22.85201800,33.86948000,7.07555000,-1.14416290,-13.76642400,7.33919570,-27.06625700,-26.80286000,5.90432500,6.12065200,15.00003300,0.65921247,-4.62962800,5.63343570,18.88301300,34.10419500,-16.57816300,57.15545300,-14.32022600,5.75665140,14.28093900,-3.97031740,-50.43266700,2.98959660,-52.59036000,29.37889000,-8.91987700,-5.21571900
397,1.13492525,-6.22591543,77.04951796,0.04153922,0.50147141,88.70945541,9.94585500,22.77353100,33.97711600,7.27012540,-0.86925030,-13.60723700,6.31966700,-27.00215300,-25.80871200,5.96304900,5.88474750,15.00003300,0.72705690,-5.26281070,6.45401600,18.60422900,34.55697300,-16.03990700,57.41337200,-14.52141700,5.68060870,14.46728900,-3.65283370,-50.07685500,3.41168740,-52.78630400,29.19122700,-9.04271800,-5.00080970
398,1.04537010,-6.75719833,77.07169436,0.16771185,0.50802566,88.38661038,8.46068600,23.26724000,33.51543400,9.97955800,-1.86783640,-13.28316100,5.48576970,-27.15208200,-24.93692200,6.09711100,5.52216800,15.00003300,0.80799500,-5.78689150,7.51147460,17.83999800,35.02527000,-15.91493000,57.91190700,-14.48250700,5.57240630,14.60073400,-3.30443670,-49.74228300,3.81584240,-53.07406600,28.09854100,-9.28162600,-5.19240700
399,0.99073297,-7.37948990,77.00101711,-0.03469730,0.34460791,87.86486336,6.18592600,24.93514000,33.16438000,15.17417800,-3.84483890,-12.76337900,4.66452800,-26.88469300,-24.18292400,6.27655940,5.55925700,15.00003300,1.03016520,-6.17396930,8.88298600,17.04648200,35.35813000,-15.51621000,58.03412000,-15.12922400,5.69933300,14.78478200,-2.34157000,-49.32715000,4.23321770,-53.33620000,28.34956000,-9.60849700,-5.26630540
400,0.97266054,-8.08032894,76.77155587,-0.19709322,0.18503297,87.59868838,3.65003420,26.52729200,32.24420000,20.26758200,-5.84701400,-12.23101700,3.94609800,-26.70374500,-23.71244800,6.52833600,5.34861500,15.00003300,1.18866190,-6.28783900,10.35961900,15.91789000,35.58848000,-15.47420600,58.26515200,-15.63232800,5.65825900,14.88050100,-1.76114100,-48.78068000,4.62754730,-53.96232000,27.28120800,-9.73914000,-5.38300560
401,0.98116332,-8.83389282,76.39678984,-0.38066810,0.11697292,87.61270148,0.41036937,28.18620100,30.49869500,25.90060800,-7.81034140,-11.73409100,2.38556860,-26.93398700,-23.06474300,8.67396800,4.16453900,15.00003300,1.31817910,-6.16123800,12.04865900,14.39676300,35.76782200,-15.68104800,58.53642700,-16.43147700,5.60543600,15.01518800,-0.54787680,-48.22177500,5.15466070,-54.67238200,25.67796300,-9.62038600,-5.87294530
402,1.03475046,-9.62879181,75.84184993,-0.47020955,0.08985984,87.43533594,-2.88721800,29.79770300,28.89124500,31.57350300,-9.66120800,-11.24472800,-0.86616840,-27.67043000,-21.27623000,13.78234600,1.28224290,15.00003300,1.49529640,-5.93374100,13.76289000,12.72332100,35.96256300,-15.98172300,58.68077500,-16.65918000,5.49246360,15.51541900,0.68621620,-47.71557000,5.81099650,-55.56202700,23.96934300,-9.97911400,-6.66856150
403,1.12952721,-10.43891430,75.13311978,-0.37898771,0.08771210,87.66716558,-6.04666500,31.22005300,27.76339500,36.59197000,-11.37432400,-10.59056400,-3.98041250,-28.52903600,-19.56201200,18.86044900,-1.42379330,15.00003300,1.56899680,-5.76493020,15.53790500,10.66200200,36.22131300,-16.53085300,58.50854500,-16.41458900,5.60776760,16.04557400,1.12494100,-47.33938000,6.27124000,-55.82271600,22.44595100,-10.37601200,-7.11656860
404,1.25978827,-11.24061394,74.65677281,-0.29757556,0.15922281,87.77173053,-9.33907400,32.48652600,26.25748000,41.43325000,-13.09164000,-9.61906500,-7.21512460,-28.99726300,-17.25284800,23.54282000,-3.80872900,15.00003300,1.69857940,-5.58547500,17.50732800,8.08661300,36.51826000,-16.85729400,58.79927000,-16.75164000,5.51205800,16.38247100,1.05195310,-47.04500600,6.62328800,-55.55109800,21.27083800,-11.13134200,-7.08294060
405,1.41752768,-12.01043129,74.14468898,-0.25319108,0.53924388,87.80060198,-13.06788350,33.86964400,24.73865300,46.41073200,-14.48036900,-8.75538000,-10.97029600,-29.36355200,-14.92697300,28.49954400,-5.81271840,15.00003300,1.69280760,-5.28823300,19.61493700,5.71622700,36.78770400,-16.93120400,58.78178000,-17.55441700,5.29502900,17.19048000,0.68038960,-46.84198400,7.05164960,-55.32898000,19.31744800,-11.76180300,-7.58149150
406,1.59979498,-12.73965263,73.59006751,0.18182127,1.11170748,87.68097069,-16.37130200,34.42066000,23.42413100,50.25243400,-15.76877000,-8.08324900,-14.67586200,-30.15013700,-12.98654600,32.81254600,-7.65049270,15.00003300,1.64695330,-5.20424300,21.66707200,3.25738290,37.12385000,-17.09778000,58.84811400,-18.12175000,4.78855900,18.27082400,0.52807176,-46.67767000,7.61539200,-55.51817700,17.73230400,-12.96329700,-8.73658700
407,1.79566872,-13.42807961,72.80969622,0.59853252,1.77678560,87.71904545,-20.11885500,35.16489800,21.97943500,54.59765200,-17.11004800,-7.34440470,-18.88516000,-31.00587000,-10.83077900,38.00641600,-9.81011600,14.81019700,1.65090920,-5.11109500,24.23455200,0.16131805,37.53078000,-17.50092100,58.85917300,-19.00858300,4.68677300,19.17568400,-0.60462690,-46.53593400,8.20705100,-55.31152300,15.10650000,-13.79994900,-9.56188100
408,2.01027012,-14.08449841,72.16070720,0.81994157,2.69567525,87.56071887,-23.80606300,35.79834400,20.41734000,58.11555000,-17.86737600,-6.72995140,-22.80074000,-31.20946100,-8.93620300,41.89290000,-11.30061900,14.55433800,1.59722420,-5.04243700,26.48832900,-2.61434670,37.97714000,-17.41491000,59.18122000,-20.14781800,4.39506340,19.37431000,-1.66326880,-46.43648000,8.58768600,-54.68738000,14.26263400,-15.48492900,-10.81987700
409,2.22950721,-14.71669483,71.40238320,1.10360856,3.58651800,87.13045332,-27.30869900,36.39673200,18.92615000,61.62081500,-18.85583500,-6.30477950,-27.07816900,-31.14477700,-6.46016500,46.04662700,-12.76196900,14.42328500,1.58827410,-4.95569230,28.90564000,-5.27278600,38.41389000,-17.07064000,59.60116000,-21.36923200,4.32688330,20.26896900,-3.03696440,-46.31540700,9.16789150,-54.41671000,13.20789600,-16.45013600,-12.05822100
410,2.44006896,-15.33109283,70.54297440,1.38217172,4.71253554,87.17257965,-31.36144600,36.76281400,17.17219500,64.95360600,-19.74678800,-5.91730550,-31.39636200,-31.57887800,-4.82986450,50.37656800,-14.13218200,13.71300600,1.40138070,-4.96123200,29.79380200,-7.97080660,38.75510400,-17.48501800,60.80698000,-22.98667000,4.12425400,20.90941200,-4.62660200,-46.07002300,10.49197200,-52.77323500,12.71912000,-17.77564800,-12.98739700
411,2.63869262,-15.92827892,69.66200667,1.59421776,6.18594110,86.84360276,-35.56303800,37.24603700,15.56415700,68.14374500,-20.55015400,-5.18422900,-36.18303000,-31.52824400,-2.95328500,54.30423700,-15.11671400,13.47914200,1.21828480,-5.00965800,29.79380200,-10.55486100,38.93917500,-18.45620200,62.65527000,-24.51862500,3.51323600,21.60805100,-7.14222670,-45.58192400,12.75363300,-50.04913000,11.81449400,-19.19014700,-14.26934900
412,2.81998825,-16.51301765,68.75419097,1.86759771,7.64659975,86.52187241,-39.75666800,37.38204000,13.75234200,71.15460000,-21.07643700,-4.79966160,-40.68353700,-31.42109100,-1.16039320,57.67915300,-16.25601600,13.25583650,1.03251050,-5.15227400,29.79380200,-12.90350500,39.03379000,-19.30416000,64.58593000,-25.47777700,3.21245240,22.43510200,-9.34163950,-45.01696400,15.12145700,-47.61472000,10.69311500,-20.36920200,-15.25513500
413,2.97304249,-17.08113289,67.69749012,1.89567637,9.05359187,86.27493742,-44.03598800,37.71709400,11.82276500,74.07118000,-21.59985000,-4.29321530,-45.14851800,-31.36315500,0.11415323,61.29131300,-17.38956300,12.52298700,0.74007076,-5.21647450,29.79380200,-15.39441400,39.05314600,-20.03501500,66.94322000,-27.47722400,2.88188800,22.38760600,-11.89730600,-44.28548400,17.20794000,-44.98919700,10.79401800,-21.11478200,-15.34166800
414,3.10646224,-17.62547684,66.82224561,2.21669160,10.33566802,85.93904197,-47.80265400,37.38001600,9.98396400,76.60540000,-22.30144300,-4.20312260,-49.24234000,-30.88078700,2.09678900,64.08501000,-18.14790200,12.62663700,0.51969370,-5.44020180,29.79380200,-17.83704200,39.10143300,-21.00520900,69.12374000,-29.56750500,2.03503970,22.34145700,-14.27004700,-43.53326400,19.32022000,-42.44594200,11.03967900,-22.33578500,-15.10111000
415,3.21057630,-18.12882042,65.67992709,2.44289917,11.98790541,85.60566918,-52.09836200,37.44031500,8.26925300,79.45289000,-22.91120700,-3.81699630,-53.92710500,-30.91715000,3.43535350,67.31041000,-19.21746400,12.06300000,0.27628650,-5.52570400,29.79380200,-19.62295200,39.07100000,-21.78919200,70.52956400,-30.59876800,1.45044220,23.34254600,-16.07679200,-42.70799300,21.29002600,-40.55412300,9.05314700,-22.91024200,-16.04621700
416,3.28001165,-18.59812927,64.63777685,2.57022709,13.36431874,85.19301359,-55.86281600,37.25350000,6.47434800,81.86725000,-23.37765000,-3.41374230,-58.08640700,-30.55082700,4.80766400,70.12623000,-19.90277500,11.75892100,-0.01151213,-5.72679300,29.79380200,-21.23990600,39.04117000,-22.64943300,72.06045500,-31.70724000,0.80751810,23.78626800,-17.63609300,-41.79508200,22.77950300,-38.69730400,8.70438500,-23.32153700,-16.80657000
417,3.31397700,-19.02425766,63.57229895,2.85873764,14.82704085,84.97051771,-59.70176000,37.05497700,4.97233600,84.40348000,-23.78951600,-3.09087800,-62.29020300,-30.48590300,6.23838100,72.86613500,-20.57723600,11.15333000,-0.41827130,-5.97307300,29.79380200,-22.58132200,38.96802500,-23.27186400,73.44151000,-32.80449700,0.21347651,23.74640700,-19.38751200,-40.91167000,24.09009000,-36.68581000,8.00567400,-23.68057400,-16.12092200
418,3.30234051,-19.40948677,62.52329679,3.12771903,16.14346964,84.93851653,-63.21393600,36.29654300,3.29746320,86.52943400,-24.13701400,-2.97958900,-66.08205400,-30.21958500,7.77486940,75.33385000,-21.30929600,10.97264900,-0.62526780,-6.10329340,29.79380200,-23.67363000,38.81723000,-23.65840300,74.25938400,-33.93055700,-0.45447072,24.51821000,-20.41354600,-40.01335000,25.23452400,-35.02877800,7.70629020,-23.96093400,-17.08613200
419,3.24112964,-19.75558281,61.33918542,3.40720526,17.32536015,85.03845145,-66.58937000,35.72586400,1.88206710,88.77914400,-24.47493400,-2.68846370,-69.89760600,-30.30203000,9.24494100,78.07270000,-22.16235500,10.14872550,-0.90691555,-6.26684900,29.79380200,-24.67318500,38.68547000,-24.03223200,74.99892400,-34.07066000,-0.59763145,24.88643300,-21.59721400,-39.10881000,26.12205100,-33.17894700,7.14298400,-24.23285300,-17.43564000
420,3.12438107,-20.06937599,60.19100864,3.24343536,18.12226113,84.97884663,-69.76185600,35.24534200,-0.00010937,91.03581000,-24.97808800,-2.67409920,-72.98675500,-29.97790700,10.30509800,80.63933600,-22.65435200,9.75808000,-1.11114370,-6.42461100,29.79380200,-25.47538600,38.55901300,-24.13193000,75.91817000,-35.22104300,-1.04031050,24.83170300,-22.76254700,-38.31548300,26.89188200,-31.32417500,7.63261460,-24.86978000,-16.43094000
421,2.96295190,-20.34193802,58.96646483,3.08351325,19.06803347,85.02139928,-72.87321500,34.92512000,-1.54921400,93.13002000,-25.46149000,-2.42342620,-76.07880400,-29.66528900,11.42079100,83.03721000,-23.49189200,9.50844100,-1.11929150,-6.37203200,29.79380200,-25.84488700,38.37086500,-23.96347200,76.50298000,-36.15058500,-1.25018630,25.40160200,-23.25425500,-37.50877000,27.63424500,-30.05190800,7.20742370,-24.62005200,-17.09694500
422,2.75870705,-20.58630943,57.77597448,2.76621449,19.87708308,84.89876976,-75.73109400,34.45413200,-3.25088830,95.10406000,-26.11436300,-2.40759280,-78.78867000,-29.16438700,12.37945650,85.12176000,-24.28096800,9.47317500,-1.24403640,-6.31756000,29.79380200,-26.10221300,38.20163300,-24.02454800,76.83092500,-37.43493700,-1.91147180,26.14890500,-24.20449300,-36.77748500,28.04282200,-28.63247100,6.73181960,-24.66723400,-16.92871300
423,2.52855778,-20.80817604,56.64979688,2.68591087,20.68577017,84.88789855,-78.51771500,33.92094400,-4.60674600,97.20467000,-26.53419700,-1.99083190,-81.54298400,-28.64829000,13.75056800,87.13539000,-24.88470800,9.12561200,-1.49297670,-6.62423850,29.79380200,-26.24082800,38.08504500,-24.17564400,77.90369400,-38.48253600,-2.14521070,25.91273900,-25.49662800,-36.18212500,28.64237400,-27.05442800,6.77351860,-25.37907200,-16.74891500
424,2.27394795,-21.02053070,55.51607004,2.44339219,21.18563804,84.89514850,-80.85658000,33.37050000,-5.98579840,99.08484000,-27.04848300,-2.01212950,-83.88747400,-28.27132400,14.81527700,89.13819000,-25.33915500,9.16866300,-1.69469050,-6.75731330,29.79380200,-26.24183500,37.99236700,-24.23136500,78.49662000,-39.27563500,-2.68562200,26.32501200,-26.40375500,-35.72213000,28.99275400,-25.67732000,7.47643380,-25.38908600,-15.96309200
425,2.01220393,-21.22535133,54.38885004,2.20163884,21.81051888,84.88548039,-83.24637600,33.01039000,-7.15025420,100.87667000,-27.51544800,-1.76331450,-86.28587000,-27.86672200,15.84360300,90.95927000,-25.84023900,9.02601400,-1.71188130,-6.72186470,29.79380200,-26.20874000,37.87289400,-24.06885500,78.98821000,-40.49030700,-3.15438560,26.71257400,-26.99970600,-35.31964500,29.37841000,-24.79669800,6.62949000,-25.29121800,-16.02226800
426,1.74890494,-21.43759918,53.11030609,1.70257399,22.13566362,84.55781173,-85.74696000,32.49854300,-8.98938300,103.13022000,-28.07217600,-1.74474590,-88.50123600,-27.19987000,16.72502500,93.02924000,-26.37444900,8.94111600,-1.72468710,-6.62795100,29.79380200,-26.17297600,37.73581300,-23.82772600,79.18392000,-42.29044000,-3.91959600,27.29204600,-27.57071500,-34.93662000,29.59541900,-23.79166600,7.31273560,-25.22743400,-15.21003000
427,1.50212395,-21.65268135,52.00056244,1.58031430,22.44247477,84.70463139,-87.69582000,32.09046600,-9.90236900,104.81590000,-28.59939400,-1.78762770,-90.59168000,-27.06670800,17.81870800,94.83447000,-26.86124600,8.62149900,-1.79805340,-6.64682300,29.79380200,-25.93187000,37.59722000,-23.66245000,79.70058400,-42.85534000,-4.23615070,27.50790000,-27.63951500,-34.67083400,29.99171800,-23.12913700,6.58318200,-25.23749000,-15.16702650
428,1.27464271,-21.88039017,50.90550634,1.34417372,22.49181457,84.70077117,-89.49984000,31.41732800,-11.18217000,106.59400000,-28.76860200,-2.06544200,-92.29663000,-26.52745400,18.87830500,96.57986000,-27.27238500,8.96173900,-1.71091520,-6.52681400,29.79380200,-25.68449400,37.38950000,-23.38508600,79.90021000,-43.66546600,-4.68093970,27.32334000,-27.69705200,-34.36239200,29.85390900,-22.44585400,6.22971500,-25.11782300,-15.05154200
429,1.07056117,-22.11372375,49.82946895,1.16391648,22.51817885,84.99505609,-91.38610000,30.72138400,-12.35111600,108.38785000,-29.21440100,-2.34965730,-94.20682000,-26.41517600,20.00103000,98.64551500,-27.83974500,8.59040800,-1.69189620,-6.44788170,29.79380200,-25.66274500,37.22730600,-23.38186600,80.27799000,-44.53160500,-5.07078460,27.41750000,-27.97162800,-34.10696000,29.72788000,-21.81870000,6.20799640,-24.98869900,-14.24885100
430,0.89724064,-22.35273933,48.95677256,0.91904851,22.50618473,85.08707018,-93.17300400,30.23233800,-13.51133100,110.07690000,-29.69868500,-2.55364800,-95.81844000,-26.10138000,20.90327500,100.35052000,-28.12449600,8.66092700,-1.61307100,-6.36140160,29.79380200,-25.52984800,37.06863000,-23.05754900,80.35373000,-44.86541400,-5.28567460,27.47961000,-27.89727200,-33.95529600,29.70952800,-21.34989700,5.81016600,-24.70840000,-13.59649400
431,0.75415754,-22.59637833,48.22385046,0.82348221,22.51726997,85.48918273,-94.76763000,29.61607700,-14.34077200,111.45327000,-29.80374700,-2.78776220,-97.34674000,-25.92792900,21.96103900,101.99613000,-28.82637200,8.52254400,-1.70863160,-6.40155400,29.79380200,-25.34747500,36.98113000,-22.78169300,80.64115000,-45.55428000,-5.31545830,27.43888900,-28.30218900,-33.96811300,29.78977000,-20.74997500,5.63028200,-24.15480200,-12.98096100
432,0.64130950,-22.85501862,47.26799906,0.71750699,21.97461202,85.62687597,-96.02071000,29.05313300,-15.48536100,113.24074600,-30.31209800,-3.07052000,-98.63744000,-25.58707200,23.12489300,103.92697000,-29.34860400,8.50009400,-1.61509870,-6.18354300,29.79380200,-25.17827800,36.89937200,-22.52729600,80.50704000,-46.60526300,-5.84541100,27.69091600,-28.53445800,-34.09538000,29.83253300,-20.34158300,6.14354370,-24.03285600,-12.45781100
433,0.55693930,-23.10873032,46.44342711,0.61515774,21.71410765,86.02276600,-97.43001600,28.61073100,-16.32162700,114.61245000,-30.65902300,-3.33884570,-99.92405000,-25.58137500,24.05884700,105.54444000,-29.89308000,8.34574700,-1.55578260,-6.03649760,29.79380200,-24.99979200,36.81739000,-22.30213000,80.42724000,-46.14158600,-6.06446170,27.80904600,-28.42503000,-34.25224700,29.72164200,-20.23593000,5.68129730,-23.86872700,-12.37415600
434,0.50414538,-23.36607742,45.59980779,0.59669462,21.21932125,86.17772879,-98.48526000,28.13724500,-17.20522300,116.04893500,-31.01116400,-3.65736560,-101.01766000,-25.22769700,25.08791400,107.12551000,-30.17532300,8.56230800,-1.55838060,-5.96987300,29.79380200,-24.80906100,36.76399600,-22.16765800,80.17884000,-46.34600000,-6.38207900,27.85141600,-28.56393800,-34.52648500,29.85250000,-20.06597900,5.55539660,-23.67705000,-12.05920400
435,0.47758776,-23.61226463,44.76696117,0.52786074,20.99760568,86.43632952,-99.89026000,27.66567000,-18.10782000,117.37942000,-31.23482000,-3.80599800,-102.33393000,-25.04039000,25.97544500,108.64794000,-30.67815800,8.53801000,-1.49645780,-5.81906130,29.79380200,-24.75599300,36.74168000,-22.22747600,79.85288000,-46.68732000,-6.85268300,28.40839600,-28.76183300,-34.82556500,29.69043700,-20.01894400,4.27463440,-23.34179100,-12.40823500
436,0.48354006,-23.85539246,43.84124910,0.88523101,20.53256418,86.68550655,-100.77880000,27.01327300,-18.63973200,118.74863400,-31.61193700,-4.03538270,-103.45115000,-24.52295900,27.39551700,110.07244000,-30.95418400,8.76001700,-1.44465740,-5.79996900,29.79380200,-24.91528900,36.73113300,-22.37606800,79.70897000,-47.50189000,-7.18069360,29.03187200,-28.98807500,-35.12162400,29.53409200,-20.09319700,4.11856200,-22.94367400,-12.25478600
437,0.50268036,-24.08139610,43.14225605,0.72006576,20.22937126,86.78474846,-101.95148000,26.69295900,-19.58938200,119.84463000,-31.67319500,-4.15026100,-104.45781000,-24.22742800,27.98456400,111.36848000,-31.10397000,8.66304900,-1.49718270,-5.72771640,29.79380200,-24.89334000,36.72733700,-22.56293100,79.67204000,-47.11181000,-7.39673100,29.38472200,-29.26559600,-35.41888800,29.42974300,-20.19990300,3.34153250,-22.74776000,-12.31059400
438,0.54831094,-24.29367447,42.49718397,1.14310877,19.97247390,87.29490132,-102.58483000,26.19515400,-19.60828600,120.52790000,-31.92177200,-4.43819050,-105.35800000,-24.01432600,29.18730500,112.37347400,-31.34410000,8.79047400,-1.58620550,-5.83580450,29.79380200,-25.07905400,36.67260000,-22.79117800,79.86437000,-47.58098000,-7.25923400,28.75993300,-29.33096900,-35.70891000,29.50568200,-20.37919400,3.08702230,-22.65105000,-12.35530800
439,0.59691316,-24.49373245,41.85479807,0.94382719,19.52822307,87.41059512,-103.47521000,25.58866900,-20.66862700,121.52293400,-31.89104300,-4.80440500,-105.97017000,-23.74104000,29.64546400,113.53738400,-31.63058500,9.15398100,-1.53539810,-5.68236100,29.79380200,-24.86476100,36.65504000,-23.21617000,79.40404500,-47.03118500,-7.68306830,29.77215800,-29.66600000,-35.91796000,29.01525700,-20.52807400,2.42835160,-21.93224300,-12.67335900
440,0.66625500,-24.67597008,41.34394270,1.20056210,19.18073024,87.64949955,-103.88350000,25.26651400,-20.86742800,122.06947000,-32.03024700,-5.04801800,-106.47481500,-23.36339800,30.45700000,114.32662000,-31.93909600,9.37817600,-1.58674300,-5.73133700,29.79380200,-25.06081400,36.61663400,-23.45352400,79.41080500,-47.15462500,-7.65334100,29.67916500,-30.12948200,-36.17688000,29.06605500,-20.62307700,2.66049430,-21.93266500,-12.19646700
441,0.73923802,-24.84124947,40.85327228,1.34221519,18.73653803,87.87850890,-104.14523000,24.72945000,-21.25724000,122.59826000,-32.26023000,-5.41693900,-106.87751000,-23.27311300,31.04912000,115.09301000,-31.95086100,9.44943500,-1.54576280,-5.70020100,29.79380200,-25.27790300,36.57811000,-23.59936000,79.34052000,-47.59063000,-7.58070300,29.33861500,-30.11957200,-36.40918400,29.12018600,-20.75489000,2.89782330,-21.62907600,-12.31732750
442,0.81412017,-24.98334122,40.50075198,1.31534034,18.50172669,88.13968916,-104.66999000,24.28365700,-21.70850800,123.00674400,-32.07119800,-5.67038500,-107.27367400,-23.22148900,31.39122400,115.77178000,-32.04612700,9.52696800,-1.71094210,-5.79098300,29.79380200,-25.34059300,36.61934000,-24.11682900,79.20276000,-47.39947500,-8.16564000,28.76076700,-30.49671700,-36.56344600,28.65071900,-20.81889200,3.49637080,-21.25156200,-12.15461700
443,0.89985895,-25.10818291,40.08672262,1.55194738,18.09054857,88.56433186,-104.79674500,23.82073400,-21.80063600,123.33477000,-32.29312000,-6.04201100,-107.39120500,-22.93928100,32.17133000,116.48234000,-32.35223000,9.96761100,-1.69354120,-5.87743330,29.79380200,-25.60537700,36.66033000,-24.19800600,78.95928000,-47.60077700,-8.36005000,29.03275500,-30.58005700,-36.74273000,28.38751400,-20.85429200,3.70294880,-20.78957600,-12.01883100
444,0.98072410,-25.20611572,39.86627661,1.46153142,17.92907926,88.75449764,-105.08398000,23.44691300,-22.19390300,123.48466500,-32.28840600,-6.45106550,-107.46162000,-22.79758300,32.30811700,116.91971600,-32.54081700,10.15819500,-1.66285820,-5.85974170,29.79380200,-25.82408500,36.72395300,-24.62589000,78.90785000,-47.56474300,-8.62742800,29.05443200,-30.61021800,-36.85735300,28.21420100,-20.96583700,4.49960330,-21.03897500,-12.28373050
445,1.06621075,-25.28570366,39.64903206,1.57289352,17.70855457,89.11450043,-105.25199000,23.21234100,-22.24760200,123.60404000,-32.24773400,-6.59953980,-107.47382000,-22.60696800,32.76140000,117.41935000,-32.67291300,10.36912600,-1.65290300,-5.86634540,29.79380200,-26.07910000,36.78766600,-24.70234500,78.60117000,-47.19811200,-8.37245400,28.83895700,-30.63707200,-36.95760300,27.86890600,-20.94621700,4.73840100,-20.79790300,-12.27524300
446,1.14689362,-25.34470177,39.55296126,1.59719006,17.58895309,89.42383780,-105.37505000,22.98774100,-22.32745000,123.59571000,-32.10601400,-6.71405460,-107.49113000,-22.61745300,32.96926000,117.74911000,-32.85193300,10.40037400,-1.68695870,-5.84424400,29.79380200,-26.28743600,36.84152000,-24.93078800,78.46193000,-46.49030000,-8.23941300,28.68374000,-30.72174800,-37.05460000,27.89729300,-20.94200900,4.07033700,-20.89623300,-13.08339800
447,1.22350156,-25.39325333,39.41331914,1.66606922,17.39159770,89.65653121,-105.41215500,22.68306400,-22.45921000,123.70707000,-31.97948300,-6.86192460,-107.48499000,-22.53033000,33.25385000,118.13875600,-32.93921700,10.48722500,-1.68774990,-5.80831600,29.79380200,-26.40293000,36.86190800,-25.00887300,78.33168000,-45.98743400,-8.12376600,28.21378500,-30.87606200,-37.14100000,27.88409800,-20.99334300,3.77595800,-20.96383000,-13.45321750
448,1.29626918,-25.43353653,39.26509160,1.74102933,17.15899078,89.76524480,-105.42906000,22.71064600,-22.54874200,123.83408000,-31.97937000,-6.86882070,-107.25400500,-22.17995300,33.52045400,118.43432600,-33.15867600,10.78835600,-1.63696110,-5.58914200,29.79380200,-26.45457600,36.80392000,-24.90016000,78.30092000,-46.59914400,-8.12438300,28.39498900,-31.06122000,-37.23818600,27.92344900,-21.22288100,4.51672120,-21.20804400,-12.93795200
449,1.35769534,-25.46906853,39.13046043,1.73414438,16.88055413,89.89786132,-105.41445000,22.53474600,-22.79637500,124.02286500,-31.88984700,-6.89986200,-107.16672000,-22.01541900,33.75192600,118.85184500,-33.21934000,11.00719400,-1.60256830,-5.46279200,29.79380200,-26.41395600,36.77722000,-25.00871700,78.06396000,-46.18030500,-8.13447000,28.39909200,-31.14337500,-37.33625400,27.82012400,-21.23049200,4.63734960,-20.94769500,-13.37517100
450,1.41228640,-25.50150490,38.98333027,1.72714805,16.67320397,89.89316432,-105.40742500,22.44514800,-23.04198600,124.19152000,-31.99806600,-6.94257160,-107.00831600,-21.73756000,33.88156500,119.10669000,-33.46812000,11.15742300,-1.55879020,-5.31606700,29.79380200,-26.49088300,36.74067000,-24.91767900,78.25986000,-45.91578000,-7.93520740,28.88629300,-31.37424300,-37.48371000,27.88890000,-21.35072300,5.05749700,-21.33303600,-12.81837100
451,1.46067703,-25.53289032,38.96041119,1.90546627,16.54216688,90.09504814,-105.22176000,22.08844000,-22.95484500,124.17637000,-31.76887500,-7.07047300,-106.94894400,-21.50368300,34.25965000,119.34502400,-33.49975000,11.29389200,-1.59566320,-5.32042460,29.79380200,-26.55176200,36.71251000,-24.78768700,78.08735000,-45.70295000,-7.56755300,28.71180200,-31.33243600,-37.64723200,27.81327200,-21.34428800,4.53774450,-21.32225800,-13.62903600
452,1.49396694,-25.56562996,38.96687737,1.57793080,16.38692362,90.04924233,-105.25185000,21.96195400,-23.46898500,124.21541000,-31.74761200,-7.11059860,-106.53149000,-21.23664500,33.98650700,119.48389400,-33.62562600,11.54084600,-1.49970910,-5.11464260,29.79380200,-26.61612100,36.73958600,-24.86494300,78.17219000,-45.47963700,-7.46380570,28.99970000,-31.31970400,-37.84225000,27.84793000,-21.20066300,4.23840480,-21.23140100,-13.67825400
453,1.52796733,-25.60370827,38.85154190,1.77648583,16.14131676,90.10152185,-105.07401000,21.65835000,-23.49386000,124.42107000,-31.54609900,-7.15432830,-106.73465000,-21.20065700,34.36696000,119.80737000,-33.59427600,11.29264900,-1.45798200,-5.05246900,29.79380200,-26.53398300,36.69528200,-24.55886000,78.00689000,-45.49245500,-7.36549200,28.53953000,-31.34884500,-38.03880700,27.75638800,-21.38523500,4.14591900,-21.43983300,-13.64458750
454,1.55433881,-25.64686203,38.70482680,1.87505834,15.82775059,90.07798828,-105.00676000,21.68393100,-23.57664700,124.67078400,-31.45495600,-7.06816960,-106.66994000,-20.94729600,34.65598000,120.08463000,-33.71555700,11.23652100,-1.41870220,-4.91645240,29.79380200,-26.42602000,36.61160700,-24.43492500,78.04246500,-46.08308400,-7.33634600,28.67828000,-31.41180600,-38.20348000,27.66027000,-21.48038700,4.84954500,-21.56749700,-13.66697500
455,1.56843388,-25.68729019,38.66096416,1.82698426,15.77190516,90.10235512,-105.08404000,21.54001000,-23.74279400,124.75980000,-31.32968000,-7.05724570,-106.70891600,-20.81565700,34.71116600,120.26537000,-33.74471000,11.31391900,-1.52258780,-5.00604200,29.79380200,-26.29109400,36.62288300,-24.89939500,78.00699000,-45.42527400,-7.44939760,28.77751500,-31.47718000,-38.37642000,27.63673600,-21.43128800,4.16171740,-21.56770000,-14.37176900
456,1.57554770,-25.73630142,38.50602089,1.82584352,15.56333483,90.16111896,-105.04778000,21.25662800,-23.90838600,124.93140400,-31.48106800,-7.37146950,-106.65946000,-20.56903800,34.96333300,120.53003000,-33.83983600,11.44353900,-1.53095130,-4.99290940,29.79380200,-26.24143600,36.62373400,-24.95715900,78.00632000,-45.53980300,-7.47936700,28.64636800,-31.48142600,-38.59578300,27.60940000,-21.46190300,4.29323050,-21.88070900,-14.18184500
457,1.57604456,-25.78471375,38.39417741,1.75976755,15.48339720,90.08382885,-105.26359000,21.26853600,-24.13692900,125.13350000,-31.37035000,-7.30645040,-106.76045000,-20.36145000,35.00827800,120.69742600,-33.82401300,11.59010700,-1.51696110,-4.95240300,29.79380200,-26.09296200,36.63136700,-25.03525500,77.89002000,-45.21016700,-7.44342040,28.80932600,-31.45342800,-38.78101000,27.46139500,-21.67909600,3.76180620,-21.81487700,-14.51918500
458,1.57148504,-25.83718872,38.31313419,1.69115374,15.33771394,90.04806122,-105.29179000,20.94685200,-24.40412900,125.31576000,-31.19264200,-7.55169400,-106.67551400,-19.98939300,35.14329500,120.88711500,-33.74426700,11.77308900,-1.49419560,-4.90634800,29.79380200,-26.02996800,36.66200300,-25.17382200,77.85147000,-45.52747300,-7.50054100,29.03342400,-31.33785200,-38.93370000,27.23931100,-21.70942300,3.80564500,-21.81839600,-14.86931900
459,1.56774414,-25.88744545,38.20282560,1.64176617,15.23987616,90.05976515,-105.43703000,20.71894300,-24.61155900,125.49533000,-31.08086200,-7.60908030,-106.57866000,-19.56943100,35.31461700,121.05947000,-33.64357800,12.07454900,-1.50297490,-4.92221000,29.79380200,-25.92024400,36.68417000,-25.35209500,77.77148400,-45.40677300,-7.48974600,29.14393400,-31.09586000,-39.02941000,26.96154400,-21.79098700,3.26076770,-21.80772000,-15.41970800
460,1.56623757,-25.93381500,38.10968362,1.62133672,15.19222502,90.00840499,-105.49157000,20.41415800,-24.79291700,125.61937000,-31.07884000,-7.78941970,-106.52766000,-19.26814500,35.39481000,121.10729000,-33.64396300,12.30641000,-1.46446010,-4.92759100,29.79380200,-25.92642800,36.69230000,-25.45813000,77.86655000,-45.81434000,-7.51867250,29.09508700,-30.98791100,-39.12065500,26.89130800,-21.98165500,2.95411850,-21.76648000,-15.23483200
461,1.56879020,-25.97711754,37.89127703,1.61452374,15.03622942,90.05391037,-105.66547400,20.11227600,-25.05606000,125.93693500,-31.08115600,-7.99878260,-106.89175400,-19.27052300,35.64612000,121.51583000,-33.61620000,12.18791200,-1.49738790,-4.94204430,29.79380200,-25.80437700,36.70570800,-25.56169300,77.84920000,-45.46079300,-7.46054270,29.06091300,-30.80267500,-39.17876000,26.73291800,-22.16502600,2.37547470,-21.78225700,-15.30567100
462,1.57950330,-26.01416016,37.71612920,1.73259953,14.84082306,90.12807929,-105.63733000,19.71420700,-25.15699000,126.18436400,-31.02141600,-8.19855500,-107.10603000,-19.26458500,35.97129000,121.81864000,-33.59596300,12.13010600,-1.48332190,-4.97096900,29.79380200,-25.74478500,36.68284000,-25.51899100,77.88180000,-45.82998000,-7.39213300,28.95801000,-30.42380000,-39.17958500,26.45835300,-22.34942200,2.08935480,-21.64006800,-15.38998600
463,1.59826386,-26.03206253,37.62676480,1.67154109,15.07706007,89.96564059,-106.05423000,19.90792000,-25.33327500,126.24538400,-31.12335800,-8.00673500,-107.32461500,-19.03871300,35.84570300,121.76773000,-33.71922300,12.17887900,-1.49468310,-4.93327570,29.79380200,-25.72551700,36.68548600,-25.65568200,78.11921000,-45.75908000,-7.31248040,29.10375200,-30.46443600,-39.20348000,26.66164400,-22.79681400,1.47415170,-21.62031600,-15.33447550
464,1.62699556,-26.05190659,37.43678637,1.87609238,14.93315246,90.13447690,-106.13261400,19.81553000,-25.22362700,126.42593400,-31.14525400,-8.00890700,-107.40784500,-18.89517000,36.27285800,122.02553000,-33.61775200,12.47046100,-1.53921000,-5.04038330,29.79380200,-25.63607000,36.63742400,-25.68436600,78.18138000,-45.85552000,-7.28063060,28.66506000,-30.03022600,-39.19466800,26.67251600,-22.94491800,1.03983490,-21.53707900,-15.60338700
465,1.65586770,-26.06430435,37.28801253,1.82593981,14.85149400,90.06099523,-106.26915000,19.73343700,-25.52592800,126.64804000,-31.20515800,-8.03042700,-107.50828000,-18.77645100,36.31735000,122.23620000,-33.63275000,12.43516900,-1.46307910,-4.88618500,29.79380200,-25.57222700,36.57218600,-25.61324500,78.32934000,-46.28817700,-7.19860840,28.66538600,-29.66391600,-39.12140300,26.45982700,-23.20965600,0.76645450,-20.86559300,-15.54477400
466,1.69023013,-26.07408714,37.12323736,1.92765236,14.81047391,90.22414058,-106.44988000,19.46983500,-25.57991200,126.82548500,-31.10303100,-8.20642500,-107.65297000,-18.65468600,36.65184000,122.52940000,-33.65931700,12.60114800,-1.53982560,-5.00596300,29.79380200,-25.46951100,36.52501300,-25.63384600,78.39956000,-46.46156300,-7.28828700,28.58615000,-29.36382000,-39.03853000,26.26753200,-23.30735600,0.85121775,-20.86965800,-15.76307000
467,1.73040092,-26.08082962,37.04371644,2.05719267,14.87198914,90.19304288,-106.51130000,19.38360800,-25.60052700,126.88879000,-31.08187700,-8.20147900,-107.61405000,-18.22822800,36.84827000,122.58398000,-33.77079400,13.02009100,-1.53046500,-5.05750470,29.79380200,-25.34294300,36.42920000,-25.73570600,78.60177000,-46.57748000,-7.14240360,28.55333500,-29.18854100,-38.95956000,26.53350000,-23.46695500,0.37852374,-20.97159800,-16.23288000
468,1.76760256,-26.09243393,36.92710533,2.12919420,14.82968845,90.22138490,-106.59538000,19.32141000,-25.66392100,126.99276000,-31.13157300,-8.14022300,-107.63573000,-18.05800400,36.99443400,122.71767400,-33.83241300,13.15442300,-1.60541320,-5.15859400,29.79380200,-25.08448400,36.30250500,-25.93593600,78.80792000,-46.44072000,-7.18514100,28.27922800,-28.90807700,-38.80534000,26.51631500,-23.42778400,0.18609746,-20.97945000,-16.38337900
469,1.80554533,-26.10609245,36.85022165,2.22013893,14.81110105,90.17148172,-106.61378000,19.39522700,-25.67141500,127.02440000,-31.24474700,-7.99207300,-107.53303000,-17.87600500,37.04113800,122.68463000,-34.01216000,13.42016800,-1.55943260,-5.19783540,29.79380200,-24.91143200,36.14883400,-25.43000200,78.98527000,-46.44552000,-6.62949370,28.50337000,-28.54638100,-38.73211000,26.59343100,-23.22039400,-0.67788810,-20.65659700,-16.35957300
470,1.83788669,-26.12590408,36.71791931,2.28866444,14.55396932,90.10517925,-106.54347000,19.55543000,-25.75053200,127.19649000,-31.39957200,-8.08892000,-107.59522000,-17.94569000,37.11049000,122.85113500,-33.95815700,13.41148400,-1.74626740,-5.40227560,29.79380200,-24.23313300,35.98914300,-25.23511700,79.16697000,-46.62958000,-6.70733800,28.49749600,-28.21729500,-38.66060300,26.54255000,-22.95957200,-1.11062990,-20.09799200,-16.44087200
471,1.87365484,-26.13694000,36.72463485,2.42450266,14.40970155,89.91275810,-106.40729000,19.80423200,-25.75892000,127.30653000,-31.68065600,-8.12707400,-107.43531000,-17.55684700,37.22193500,122.86616500,-33.94651800,13.69379300,-1.94032730,-5.65260550,29.79380200,-23.31578000,35.78323700,-24.91475100,79.25866000,-46.06110000,-6.75037100,28.52976200,-27.86593400,-38.66953000,26.37136800,-22.62644000,-0.84251630,-20.03180100,-15.96171400
472,1.90730560,-26.13134384,36.73007633,2.39779868,14.23456603,90.00221905,-106.13231000,19.85027900,-25.73857700,127.19894400,-31.70824200,-8.26752100,-107.03963000,-17.46633700,37.22777000,122.90438000,-33.98500400,13.79966900,-2.26647830,-6.15501640,29.79380200,-22.19256000,35.61187000,-24.55533600,79.26825000,-45.68246000,-6.81071400,28.37225700,-27.17491500,-38.86123700,26.08243200,-21.56382400,-2.08182950,-19.83725500,-17.07438700
473,1.94832814,-26.10001564,36.72345134,2.27651496,13.93678576,89.91249640,-105.86202000,20.11019500,-25.96115100,127.25635000,-31.78100800,-8.17817300,-106.54240400,-17.34621200,37.05838400,122.97236000,-33.95233000,13.80796500,-2.59090040,-6.63027600,29.79380200,-20.55703400,35.45253800,-23.45516400,79.39695000,-45.28075800,-6.45106200,28.40951700,-26.32536100,-39.40449000,25.50482600,-20.22004300,-2.87593130,-19.66063100,-17.31524700
474,2.00581098,-26.02609062,36.76013890,2.23346293,13.69121047,89.92349558,-105.49831000,20.68181400,-25.93912300,127.14641000,-31.93451300,-8.11946900,-105.75825000,-16.93926000,37.08212300,123.06324000,-34.11623000,14.10156100,-3.01829170,-7.28037600,29.79380200,-18.26787000,35.36573400,-21.75186200,79.21593500,-45.19882200,-6.15701960,28.75372000,-25.35064100,-40.45213300,24.73016500,-18.50489600,-3.67883870,-18.44285800,-17.13791300
475,2.07936788,-25.88963890,36.93828099,2.33915988,13.80785039,89.80972524,-104.99456000,21.15463000,-25.72825000,126.85778000,-32.37191000,-8.29842800,-105.12770000,-16.39709000,37.04996000,122.93075000,-34.36120200,14.59069900,-3.67152360,-8.27237600,29.79380200,-15.29780600,35.35397700,-20.40168000,79.18733000,-44.17979000,-6.00938370,29.53523600,-24.32735800,-41.95590200,23.76105500,-16.67669000,-4.59874100,-16.94148300,-17.38427400
476,2.16092777,-25.69145203,37.10690798,1.91700296,13.72746082,89.65011281,-104.73934000,21.68370000,-26.31205000,126.84167500,-32.58358800,-8.34087300,-104.25354000,-15.92032300,36.61415500,123.15559000,-34.63191600,14.63331200,-4.23520850,-9.18758500,29.79380200,-11.76323700,35.56641000,-18.39715600,78.97783000,-43.29329300,-5.77851400,29.77801100,-23.57915100,-44.25836000,22.63455400,-13.87801900,-4.78707100,-16.16059700,-18.59662000
477,2.26915002,-25.40812874,37.36751868,2.00830455,13.91719243,89.77540021,-104.48481000,23.05194000,-25.88319400,126.47884000,-32.89829300,-7.73820000,-103.74889000,-15.70270300,36.66782400,123.33649000,-34.65952300,14.25576800,-5.20170000,-10.48048000,29.79380200,-7.52396440,36.09496700,-15.83702800,78.66670000,-41.36978500,-5.15865200,30.31085200,-22.62918700,-47.34292000,20.38967500,-11.11344000,-5.59924460,-14.43146300,-21.82962600
478,2.39076281,-25.03728867,37.85922042,1.96003326,14.31319078,89.99087522,-104.16234000,24.28161800,-25.42050200,125.83488000,-32.92702000,-7.31291900,-102.64198000,-15.40929200,36.39696000,123.13976000,-34.69156300,14.40661300,-6.15107000,-11.95350500,29.79380200,-2.99544550,36.87193000,-12.82250100,78.44939000,-40.06065800,-4.49692600,30.09214600,-22.42821000,-51.36226700,17.91717100,-7.54512830,-5.80334200,-12.46277600,-23.59644500
479,2.52231598,-24.57545090,38.44925495,1.48134855,14.87744986,89.68237776,-103.93761000,25.62858200,-25.70657000,125.23632000,-33.03603400,-6.58796000,-101.32053000,-14.64656450,35.44117000,122.75625000,-34.39964300,14.41579800,-7.13088700,-13.53911400,29.79380200,2.10850120,37.66782000,-9.86233200,77.91685000,-39.97227500,-3.27844430,30.89420300,-22.21398700,-56.13747000,15.54310000,-3.42881010,-6.16740850,-8.94654000,-25.32780000
480,2.67738461,-24.01275826,39.17740311,1.29830158,16.15281752,90.00294826,-103.86273000,26.31177500,-25.30718000,124.17178000,-33.07979600,-6.09826470,-100.43854500,-14.17152100,34.89050000,122.34271000,-34.38389200,14.39044300,-7.74652000,-14.89952900,29.79380200,6.75280430,38.38306000,-6.98854260,77.83440400,-40.54131300,-1.23247720,30.43436800,-22.26286000,-61.61355000,14.23308850,1.73518670,-5.21029330,-5.19073250,-26.30132900
481,2.86157942,-23.37035370,39.83374082,1.00190073,17.35828871,90.20026194,-104.06289000,28.21641700,-24.80681200,123.02904500,-33.67495700,-4.86789560,-99.19387000,-13.51683500,34.07739000,121.75052000,-33.60863500,14.04494900,-7.86258030,-15.39215700,29.79380200,11.41569600,38.28801700,-4.69912430,76.17397000,-43.03994800,-0.36581346,31.89219300,-21.05357000,-66.76301000,11.36741100,5.73224100,-2.50186090,-0.38489524,-26.87090000
482,3.07803154,-22.64429092,40.92139575,0.73685805,19.42663600,89.67837671,-104.54474000,29.30838800,-24.70875400,121.92104000,-33.52329000,-3.86134270,-98.98691600,-12.80451700,32.86231200,120.60293000,-33.25913200,13.33742000,-8.01518600,-15.95720600,29.79380200,14.95294000,37.67968400,-3.79181720,76.37531000,-45.88599800,0.97826850,30.87783600,-20.15356300,-72.39441000,10.10408700,15.97462200,3.09998200,3.50850440,-25.59406700
483,3.34951067,-21.88173676,41.93995260,1.23092521,20.72975966,90.16577308,-104.37736000,31.25520000,-23.23769600,120.73955500,-33.54820000,-3.09124100,-97.98423000,-12.30441400,32.89966600,119.99610000,-33.43034400,13.74579900,-7.80690670,-15.62425800,29.79380200,18.19788200,36.17350000,-4.41665500,77.80418400,-49.09754000,2.71784350,28.45442200,-18.67933500,-78.03107000,8.96339000,27.70055000,8.98611700,6.54970650,-24.61634800
484,3.65640068,-21.06984520,42.90039924,1.83480629,22.31200548,90.89248249,-104.55922000,33.41092300,-21.54859500,119.49455000,-33.93455500,-1.81027840,-97.44568000,-12.16985500,32.93871000,119.47721000,-33.58984000,13.66518900,-7.62768750,-14.76232000,29.79380200,20.65453100,34.41939000,-5.12976100,78.84268000,-52.70387600,3.75789300,26.69692200,-17.25664900,-83.72591400,8.31474900,40.77103800,18.32021000,8.58625100,-23.53937000
485,3.97879410,-20.24632835,43.88475636,2.02229955,23.67042226,91.06814246,-103.72224400,34.01941000,-20.78361100,118.07925400,-33.98936500,-1.87632820,-96.95093500,-11.93664550,32.32189600,119.01992000,-32.87268000,12.86236600,-7.18298770,-13.34829000,29.79380200,22.09462000,32.24439600,-6.35199980,80.24232500,-55.81348800,4.72408700,26.52498200,-14.95430200,-88.31400000,7.48560950,56.02966000,28.19575700,11.42577600,-24.38333300
486,4.33166552,-19.42649460,44.59557058,3.36020786,24.82068475,91.79752249,-102.73442000,34.88712000,-18.81086500,117.17039000,-33.95020300,-1.79308780,-97.03816000,-12.64625550,32.97152300,118.91876000,-32.98315400,12.22199100,-7.14414700,-12.52251400,29.79380200,23.72571200,30.11083200,-7.59029340,81.89877000,-57.78454600,5.29568770,23.69508200,-11.24466100,-91.46068600,7.43499200,70.54961400,41.39988700,11.34177200,-21.41248300
487,4.68561888,-18.61104012,45.77633827,4.99376888,26.89079167,92.52837817,-102.20539000,35.28534000,-16.43240700,115.96406600,-33.79475800,-1.50899900,-96.77725000,-12.22915650,33.89188000,117.74837000,-33.20932000,13.60568300,-7.26537600,-12.28208350,29.79380200,26.37949000,28.83520300,-6.88844500,82.33507000,-59.51017800,4.78861500,21.57896800,-8.03798000,-93.33102400,8.31567100,81.68943000,51.26771000,9.62808900,-18.96354900
488,4.99771261,-17.86647224,46.81095773,5.51079755,28.18756926,92.24153979,-100.76463000,36.09287300,-15.07370950,114.40501400,-34.06676000,-1.14526650,-96.34724000,-11.92494400,33.42925000,116.57683000,-32.79436500,13.53099000,-7.30592160,-11.95527500,29.79380200,29.11743400,28.32411000,-6.27348000,82.89732000,-58.19214200,4.65178630,20.19621500,-5.51751380,-94.07574500,9.94691600,90.97225000,59.64703400,9.36871400,-18.40968700
489,5.27971172,-17.23154259,47.13104685,5.97410228,28.21578637,92.55792025,-99.96060000,35.72636800,-15.07555900,114.35171500,-33.68799200,-1.55538620,-95.53057000,-11.95582700,33.49698300,117.03494000,-32.69489700,14.21708800,-6.83061740,-11.42238000,29.79380200,30.90593100,28.25893000,-5.53667300,84.14521000,-59.82682000,6.11553530,19.96747200,-3.82106000,-94.50384500,12.33621000,100.16543000,67.02304000,10.56904400,-15.39558500
490,5.51344252,-16.64324188,48.16734571,6.91498216,30.22625012,93.50668457,-99.19507600,35.75853700,-12.80559200,112.08299000,-33.23051000,-1.04213800,-95.84466000,-12.34605600,33.37378300,115.60552000,-32.13805800,14.25114100,-7.00772950,-11.24769900,29.79380200,35.38170000,29.11460100,-3.15636920,84.46900000,-60.80852000,6.13940240,17.85454800,-2.69859840,-94.73027000,15.15327100,105.58233000,73.17457000,12.75321400,-16.90307200
491,5.71892023,-16.18543434,48.56847100,6.84184384,30.97240148,93.11352630,-98.48251000,35.33460200,-12.93283100,111.21224000,-33.67808500,-0.91018325,-96.02952600,-12.55710100,32.41140400,115.05682000,-32.03312000,14.02763750,-6.82918800,-10.94225700,29.79380200,38.85780000,29.88837400,-2.33153000,84.26118000,-61.03215800,8.79426000,18.79774500,-1.84719630,-94.70763400,18.17368100,110.59578000,75.63312000,16.65803100,-16.54529400
492,5.91275883,-15.77976322,49.07057659,6.61391616,31.59428015,93.25186436,-98.13503000,36.30302000,-12.24884400,109.85891000,-32.31237800,-0.29019272,-96.02624500,-13.33230800,31.09892500,114.31333000,-31.67270300,13.45073100,-7.30315200,-10.25987100,29.79380200,44.92293500,30.85339700,-0.73895030,84.17325600,-59.88690600,11.01626700,16.24364000,0.93323857,-94.52551000,20.81415700,114.95351400,78.59133000,20.49998300,-18.14174500
493,6.13481283,-15.42798615,49.37716701,7.16760754,31.96074082,94.18805499,-97.55031000,35.97497600,-11.37351100,108.78758000,-31.78091200,-0.08736195,-95.84413000,-13.99595200,30.94665700,114.22883000,-31.83566300,13.61700100,-7.25732330,-8.81607300,29.79380200,50.57125000,31.21319000,0.75193130,84.51102000,-60.47778300,12.56303000,14.80105700,5.62549100,-94.36803000,21.93052300,118.85449000,80.76206000,23.09661100,-18.85014300
494,6.38597107,-15.10084248,49.43053974,8.41052019,32.43304107,95.81405997,-97.35558000,35.82832700,-9.91793500,108.08235000,-31.62778300,-0.05865197,-95.99031000,-15.05448400,31.65109400,114.68048000,-32.70337700,13.85819600,-7.19805100,-8.15758300,29.79380200,59.61559700,31.27988000,4.32969430,82.63619000,-60.83570500,13.98888800,13.43583100,10.80442600,-94.12072000,21.87798700,120.00027000,83.15788000,22.58054500,-19.18419800
495,6.62340689,-14.75764847,49.89486721,10.72357681,33.40754874,99.09252840,-96.89146400,36.16367000,-6.11388060,106.23406000,-30.93005600,0.35620221,-95.76990500,-15.69227900,33.45776700,114.70719000,-33.25516000,14.96415300,-7.27276800,-7.66829900,29.79380200,70.02966000,29.94540200,7.93771600,78.59230000,-60.25252500,13.69984900,13.41803900,24.57903100,-92.80200000,16.36996500,120.00027000,85.94506000,24.48588000,-20.55845000
496,6.72408056,-14.39522362,50.07562647,11.45359513,34.08787512,101.63438531,-96.96098000,34.30756000,-5.29498400,104.52840000,-29.22513200,0.27583173,-95.95566000,-17.53988600,33.14305500,114.75746000,-33.66415800,14.28469100,-7.00878050,-4.99213200,29.79380200,74.71699000,27.93670700,5.83146860,77.17631500,-58.64248700,14.37388800,16.32080800,37.95147000,-90.55651000,9.16200000,120.00027000,83.64696000,26.44123500,-23.45958100
497,6.64299297,-13.95158768,50.62770926,12.03208186,35.25447008,104.53680806,-96.83643000,32.17484700,-4.01170060,101.76475500,-27.30184000,0.43972510,-95.75603500,-19.61564400,32.31527700,113.63013500,-34.17273700,13.52784800,-6.58150240,-1.51899000,29.79380200,76.72213000,25.78738000,2.36941770,77.42740000,-59.29071800,13.49230200,18.38113200,48.71457300,-87.41553000,3.26471100,117.83015400,83.60274000,22.83234600,-25.92896500
498,6.38987732,-13.39530373,51.39494644,13.39060393,36.06683936,108.35154487,-96.21549000,29.40658200,-2.02644320,98.93146500,-24.86838200,0.25917667,-94.83224000,-22.68958500,31.91620800,112.05733000,-34.79864500,13.85741900,-5.13023230,2.85871670,29.79380200,78.37712000,24.36866400,0.44889447,76.87314600,-58.05726000,13.36517000,20.46065000,52.37964200,-84.71210500,-0.65590066,114.07160000,84.24757400,17.81139600,-25.29936000
499,6.04415703,-12.78049183,52.12508122,14.63152886,37.08822176,112.92224150,-96.15082600,24.98169900,-1.27176070,95.62253000,-22.61109200,-0.38667944,-92.94823000,-25.19542700,31.17572400,110.24554000,-36.64550400,14.40056300,-3.01287170,8.32306200,29.79380200,74.52199000,23.08355500,-2.51566000,79.21648000,-55.51098600,12.59047200,21.48096700,53.52408200,-81.92885600,-2.35124750,112.14592000,83.33328000,14.22484800,-16.12417400
500,5.74114418,-12.28421879,52.94531713,16.13871321,36.59894005,118.60659143,-95.09232000,19.41517400,-0.72220427,91.88437000,-19.58797000,-1.82166090,-89.36363000,-28.46592700,30.22697300,108.84128600,-38.29945400,14.87768100,-0.36545607,14.91223700,29.79380200,68.24270000,21.65542400,-5.07478860,81.44272000,-52.56363000,11.52230900,23.00951600,51.43076300,-78.52962500,-2.31014600,108.81784000,81.16012000,8.58117400,-10.84371950
501,5.53984261,-12.04392338,54.11708648,16.77300822,34.56049577,125.00343245,-93.01462000,13.57689900,-0.61402550,87.02436000,-16.06737700,-3.62839820,-83.74928000,-33.55801400,26.58799200,106.82934600,-40.08977000,15.00003300,3.46001740,22.61373900,29.79380200,60.08127600,20.04161600,-9.20095350,83.45232400,-49.11733200,9.87128700,24.14840500,48.37388000,-74.17538500,0.04868550,103.68590000,77.03754000,5.11620400,-8.40736700
502,5.42623615,-12.13390541,55.43062579,16.47338220,30.47221107,132.22189481,-90.29146600,5.68551800,-2.68315030,82.83537000,-12.96031200,-6.33017350,-75.74860400,-41.01963800,20.52582200,105.99465000,-41.98100700,15.00003300,9.22444100,29.79380200,29.79380200,48.36102700,18.24116900,-13.55621050,84.68267000,-46.90002400,9.41971900,24.12969000,42.21790700,-70.09314000,2.77419020,99.04059600,73.06016500,-0.37664410,-5.85695000
503,5.27902699,-12.54154396,56.78762980,16.66984088,28.08179456,138.37918879,-87.99384000,-0.43728027,-3.26297190,77.50613400,-10.08781700,-9.20037700,-69.25794000,-44.93097000,15.68179600,103.94852000,-42.17785600,15.00003300,13.22967100,29.79380200,29.79380200,43.16611000,16.29498900,-15.41571700,78.44604500,-40.56183600,6.51816200,23.83237000,25.95686000,-67.52219400,10.44049700,93.38731000,63.20837000,-4.92033240,-5.91049770
504,4.93424988,-13.33372021,56.87914273,17.31364315,23.09879076,144.26105368,-85.01661000,-7.69709160,-3.71196080,75.41135400,-8.61707100,-12.45675400,-60.01497700,-48.28088400,13.15549500,103.17509000,-42.46760600,15.00003300,17.40438700,29.79380200,29.79380200,39.48435000,14.32669450,-19.95592300,69.96938000,-30.67280400,4.26244200,24.40915000,9.14297600,-65.63796000,20.58235700,88.34239000,48.86529000,-7.90439800,-5.49601900
505,4.15412617,-14.45883656,57.60540434,16.92684805,19.87817892,148.41322768,-82.01939000,-14.19546500,-5.18612050,72.16283000,-7.92320100,-14.75785400,-50.79314800,-51.87678500,8.39874300,99.77496000,-40.75206400,15.00003300,20.98627000,29.79380200,29.79380200,36.73825000,13.26931900,-22.02141200,63.60408400,-22.40619000,2.00572540,24.34202400,-7.67037730,-64.16028600,29.81466000,84.20796000,36.72982000,-8.14199300,-5.19197850
506,3.00084019,-15.81109905,58.35787224,15.04850480,16.94384156,151.58924491,-79.11043500,-19.60630200,-7.66054440,70.65984000,-7.89223000,-15.00003300,-40.74038000,-55.30333300,1.90748880,96.71564500,-39.36129400,15.00003300,24.63640200,29.79380200,29.79380200,34.04717300,13.13008200,-22.29423000,58.48472200,-16.54041300,1.46157560,22.95863700,-25.63278600,-62.65874500,37.32603500,81.17187000,30.73235300,-7.82052000,-4.63481330
507,1.64768422,-17.13451767,59.34260329,12.64771889,15.01136233,153.75114293,-76.19297000,-22.49298000,-9.38492000,69.32006000,-8.63251500,-15.00003300,-29.78697600,-56.62844500,-6.44242800,92.46287000,-38.30433700,15.00003300,28.28629900,29.79380200,29.79380200,30.77323500,13.92169700,-22.31057000,55.54884300,-11.80063150,0.72545356,20.42041000,-43.74078400,-61.07358000,42.61112000,78.83910000,29.58214600,-7.75123450,-4.72705270
508,0.18414436,-18.16981506,59.96099512,9.74053262,12.82368110,156.32593811,-73.18339500,-23.86160500,-10.64112950,69.41186500,-10.53275500,-15.00003300,-16.10156600,-55.18526500,-16.67920500,86.42889400,-36.77748000,15.00003300,31.58182000,29.79380200,29.79380200,30.17663400,14.76253100,-22.04345300,52.12759800,-8.95335700,-0.12908138,19.49782600,-63.45095000,-59.87862800,46.23331000,77.17055500,38.29120300,-10.49496100,-6.59457970
509,-1.49815667,-18.74579430,60.95546730,6.73689207,10.89386144,158.69205579,-69.20563500,-25.77031300,-13.72416200,69.55499000,-12.36848600,-15.00003300,-3.26772790,-52.34333800,-26.35369700,78.20996000,-33.89726000,15.00003300,34.25982300,29.79380200,29.79380200,30.50663200,15.38767200,-22.10611200,49.23684300,-8.51791400,-1.11143840,19.27040300,-83.42428000,-59.13081700,51.41019000,76.82090000,49.58468600,-13.35258200,-8.85090800
510,-3.42294979,-18.75649071,62.60794195,4.72703387,10.08562814,160.36972638,-64.72499000,-27.10106500,-17.01481800,68.35219600,-13.54374300,-15.00003300,6.94336270,-48.23904400,-33.42707000,69.84806000,-30.16162900,15.00003300,36.10485500,29.15085000,29.79380200,31.20516600,15.87278650,-22.66809500,48.15671000,-8.11787900,-1.84482440,19.63790500,-100.89642000,-58.28899000,57.40672700,76.85993000,56.21301000,-14.06433900,-10.44557100
511,-5.48047209,-18.23233414,64.80929249,3.56814672,10.68388522,161.33133154,-60.95500000,-27.25396700,-19.65025300,66.12162000,-12.80734300,-15.00003300,14.65623700,-44.06697000,-39.22733700,61.57752000,-25.83418700,15.00003300,37.79504800,24.72681800,28.37484700,32.18073300,16.62238900,-20.93873800,49.01583000,-9.19920600,-2.87518120,20.21697000,-112.52405000,-57.06151200,60.29522000,74.90699000,59.14855600,-13.96273100,-11.09495000
512,-7.48571014,-17.21046638,67.14388845,2.77308874,11.37339971,161.33705892,-56.76611300,-26.97368200,-22.82048600,63.55699000,-11.74091900,-15.00003300,20.09000200,-39.42782200,-42.83768500,53.61679500,-20.23434300,15.00003300,38.98303200,19.68756500,26.29791600,32.57145000,17.72321900,-19.63596700,51.32330300,-10.08274600,-3.31120300,19.87589500,-122.08298500,-55.71940000,62.58270300,72.36690500,59.96405000,-13.89514700,-12.40803500
513,-9.26131725,-15.69977570,69.38182102,2.16259142,11.31776417,161.83235644,-51.95273000,-25.91859600,-25.57377400,60.66620600,-10.59200900,-15.00003300,25.05259000,-33.88510500,-45.27554000,45.08076500,-14.41232200,15.00003300,39.42897000,14.37583200,24.43618200,33.75987600,19.42166900,-17.08465800,52.24418300,-10.94634200,-4.10028460,19.35404200,-130.38153000,-54.22805800,63.98158300,68.93178000,59.34239000,-13.91353700,-13.39203900
514,-10.73423195,-13.76914978,71.57230314,2.29117565,11.51639258,162.58023174,-47.25565300,-24.44355600,-28.07330000,56.36607000,-8.79303300,-15.00003300,29.05410800,-28.48096000,-46.88931300,36.34221000,-9.47919800,15.00003300,39.03479800,9.20570400,22.34670400,35.89857500,21.65588000,-13.40296300,52.35282500,-10.36496700,-4.40049800,18.20237000,-137.33978000,-52.66159000,64.50529000,65.07595000,58.56993500,-14.49874900,-13.61230300
515,-11.87825966,-11.68078804,73.55908997,2.87243568,10.36192792,163.35998811,-41.19645700,-23.26451900,-30.83788000,51.42380500,-6.82028300,-15.00003300,33.01911000,-24.26599100,-49.28403500,28.76834000,-4.20040460,13.65866300,38.17718500,4.70443060,20.06317300,38.51143600,24.05940600,-10.03106000,50.89442000,-7.20931630,-4.23444460,17.00758000,-142.90306000,-51.12870000,63.91645400,60.76627700,55.60075800,-15.91383300,-14.02983700
516,-12.75217819,-9.73165894,75.27659224,3.53787375,10.40964371,164.96060767,-36.68317400,-21.07790800,-32.62392400,44.61927000,-4.50489500,-15.00003300,34.98997000,-20.30909000,-49.65182500,21.47624200,2.64955660,12.77931300,37.08888000,1.03628680,17.66612000,40.99473000,26.32148700,-6.65955920,50.02598000,-4.82047900,-4.13359200,15.50650600,-147.85207000,-49.82531400,63.07365800,56.59680600,53.44888700,-16.80487000,-13.83757300
517,-13.31995583,-8.18066406,76.51817146,3.90973407,9.55832284,166.20080024,-32.06043200,-19.62915200,-35.23666000,39.15082600,-2.48173480,-15.00003300,37.31316800,-17.81240800,-49.72900400,16.57136700,8.47321400,11.75675100,36.19712000,-1.69810430,15.18385800,42.88214000,28.04730600,-4.78177450,48.59810600,-1.91628480,-3.16140600,14.44011200,-150.98180000,-48.84326600,62.37187600,52.89501600,50.04811000,-17.10681300,-12.97028300
518,-13.53518105,-7.12561989,77.65844741,3.66137035,8.31822187,168.09130872,-28.14743400,-17.12319400,-36.37119700,33.62177000,0.54999920,-15.00003300,38.39320400,-16.23867400,-49.18343000,13.70107900,15.01211000,10.82405950,35.51764000,-3.76753540,12.83318800,44.08270300,29.53611800,-3.23148750,47.91814400,-0.73774815,-2.56609960,12.81160000,-152.17360000,-47.89606500,60.72093200,49.31289000,48.23658800,-17.76840800,-12.06945900
519,-13.43081570,-6.54760504,78.83055257,3.23446779,6.81521378,169.12365005,-23.79345100,-14.48589100,-37.69912000,27.05034800,4.55741020,-15.00003300,39.14979000,-15.57684300,-48.61561000,11.88818300,21.53204300,10.39500000,34.99419800,-5.47615500,10.64332400,44.42062000,30.68417200,-3.41304600,48.04900400,-0.05325231,-2.53125700,11.65323300,-152.54161000,-46.96572000,59.23478300,45.62969000,46.29301500,-18.39353200,-11.42283100
520,-13.07344913,-6.34529877,79.72895295,2.17058876,5.13808954,169.74676080,-19.87324700,-11.20426400,-38.27649700,20.86822500,8.02298700,-15.00003300,40.18275000,-14.77041400,-48.23626000,9.81553000,27.08001100,10.57259300,34.58158000,-6.75539350,8.32291700,44.47038700,31.55179800,-4.13756940,47.95158800,-0.76237255,-3.38314750,11.76481150,-152.60281000,-45.96045000,57.66382200,41.64776200,44.14419000,-19.16506000,-10.73297100
521,-12.59266472,-6.34024239,80.20637853,1.33597312,3.56175940,170.20419215,-16.67702300,-8.69376100,-38.69784000,15.87378000,10.53927800,-15.00003300,40.30174600,-15.38647700,-47.61731300,10.54728000,29.66663600,11.05471800,34.43464000,-7.88944240,6.07747550,43.95104200,32.12282000,-5.14221800,47.53416000,-0.95731896,-3.84669880,11.21915400,-152.34387000,-44.90475000,56.56852300,37.88596000,42.84762000,-20.37333900,-9.14107200
522,-12.12895393,-6.37425566,80.53111135,0.97730132,2.24781227,170.47242621,-14.35549900,-7.00221700,-38.16172800,12.21824000,13.12647150,-15.00003300,39.50427200,-17.13613700,-46.76095200,13.94798850,30.00006700,11.48710250,34.34163300,-8.82348300,4.33153770,43.21960400,32.43688600,-6.30355450,47.21663000,-1.32556970,-4.35176700,10.61336400,-152.31133000,-43.88832500,56.05662500,34.63471600,42.12426400,-21.56801400,-7.25366070
523,-11.75101852,-6.34725189,80.78076585,0.40182952,1.48303994,170.49533222,-12.41365500,-4.82961370,-37.34174300,8.24898200,15.45879400,-15.00003300,38.95940400,-17.99408300,-46.36886200,15.68736600,30.00006700,12.07793600,34.27699700,-9.22073300,2.88281700,42.62814300,32.59891500,-7.66012100,46.62378000,-1.27984960,-5.40929000,11.06171200,-151.88106000,-42.86108800,55.55410400,32.10333300,41.79100800,-22.32972300,-6.40243530
524,-11.43780231,-6.23734808,80.74967220,0.22377701,0.77870216,170.66053404,-11.50337300,-4.05011200,-36.80585000,7.11898200,15.86640400,-15.00003300,38.79275500,-18.70639800,-46.02254000,17.06004700,30.00006700,12.31503300,34.06534600,-9.54597500,1.73624610,41.87729300,32.64583200,-8.85479450,46.62311000,-1.72940150,-6.30039700,11.20502000,-151.44328000,-41.89019800,55.27373500,30.10066600,41.24006000,-23.04037900,-4.83448840
525,-11.15155315,-6.06598377,80.73148662,0.08254642,0.23802685,170.67299378,-11.16834900,-3.44406560,-35.89737300,7.00445460,16.09310700,-15.00003300,38.63044700,-19.12531500,-45.60960800,17.91306700,30.00006700,12.74920200,33.99040600,-9.86916300,0.91634196,41.07772400,32.57282000,-9.86372950,46.98264700,-1.95516880,-6.96331020,11.32807500,-150.94969000,-40.95729400,55.18372700,28.69225100,40.49828300,-23.05872500,-5.02744440
526,-10.93485641,-5.87538862,80.67610466,0.23651331,-0.39370433,170.77235161,-10.62899600,-3.38186800,-35.65304000,6.98084550,16.20232000,-15.00003300,39.03958000,-19.53641900,-45.89652000,18.24813500,30.00006700,12.57101200,33.69539300,-9.94953600,0.36328548,40.40943500,32.44780700,-11.08203300,47.11480300,-1.87072040,-7.43300700,11.69770400,-150.39693000,-40.08118400,54.77187000,27.26664000,39.93824000,-23.17265000,-4.54374100
527,-10.82053852,-5.70486879,80.62404270,0.26956762,-0.73974623,170.83363104,-10.29262500,-3.29342560,-35.87401600,6.95678570,16.09108000,-15.00003300,39.64283000,-19.43531800,-46.67811600,17.59619100,30.00006700,12.61680900,33.52461000,-9.87977700,-0.02253263,39.58020800,32.23782700,-11.98044600,47.55411500,-1.66799300,-7.25656600,11.70437600,-150.19492000,-39.31234400,54.12007000,26.58681300,40.19557600,-23.23399500,-4.49051000
528,-10.79710388,-5.59153938,80.51677706,0.13316267,-1.07618655,171.30775275,-10.00253700,-3.12460880,-36.08661300,6.93793000,15.51708900,-15.00003300,40.45802000,-18.74273300,-47.30716000,16.49511000,30.00006700,12.65474300,33.23204000,-9.74865150,-0.34697710,38.85516700,32.03598800,-13.00781100,47.77410000,-1.20796640,-6.98681350,11.72743400,-149.86647000,-38.64654000,53.31159600,26.35105100,40.58023500,-23.17013700,-4.34174440
529,-10.81930065,-5.54003525,80.50628581,0.01988637,-1.36549585,171.83303659,-9.77185100,-2.99638440,-35.98498500,6.90138700,15.48328900,-15.00003300,41.23784600,-17.96278800,-47.70746000,15.23599200,30.00006700,12.71162100,32.97774000,-9.57780500,-0.64041895,38.53382500,31.69565600,-13.57293500,47.83028400,-1.24266530,-7.23781350,12.32249000,-149.72531000,-38.14067000,52.92469000,26.20713000,40.86326600,-23.26625600,-4.98946430
530,-10.83981133,-5.53854799,80.51692451,-0.09384287,-1.66814904,172.04120211,-9.46242600,-2.86296630,-35.88514000,6.88398600,15.40712000,-15.00003300,41.65019600,-17.65849300,-47.76051300,14.82947700,30.00006700,12.84873600,32.79140000,-9.52392600,-0.91902100,38.25823600,31.30712300,-14.49451000,48.11433800,-1.27296130,-7.26598640,11.94069200,-149.55986000,-37.78146700,52.60301000,26.45144500,41.16688000,-23.31130400,-5.13501900
531,-10.84294796,-5.55079460,80.48992443,-0.31055042,-1.76866908,172.50579414,-9.41903400,-2.77494880,-36.19261000,6.87854000,15.16891000,-15.00003300,41.93081300,-17.12284300,-48.02780000,14.41165500,30.00006700,12.99617900,32.75601600,-9.45776200,-1.20551150,37.95598200,30.91782600,-14.76977900,48.21072000,-1.18124970,-6.98447900,11.72801300,-149.52737000,-37.53610600,52.43517000,26.70293200,41.19761300,-23.16406800,-5.40469260
532,-10.81973171,-5.52704382,80.52880473,-0.45683060,-1.96294508,172.52598384,-9.20903200,-2.58882600,-36.21077300,6.86711900,15.21855700,-15.00003300,42.11463000,-16.88916400,-47.95925000,14.13169800,30.00006700,12.96967100,32.62389400,-9.41600600,-1.37027720,38.08598300,30.49897200,-15.20356700,47.98263000,-1.15010610,-6.76969530,11.47697100,-149.44174000,-37.37495800,52.34199500,26.90671300,41.40149700,-23.23209400,-5.09110600
533,-10.78300476,-5.43034697,80.53030446,-0.31500065,-2.12480641,172.55111978,-9.01658900,-2.75666300,-36.50565300,6.89114760,15.36151300,-15.00003300,42.30389800,-17.03765000,-48.20323600,14.23613500,30.00006700,12.68140800,32.55983400,-9.37737900,-1.41380350,38.01736000,30.16140000,-15.47258900,47.92385000,-1.18773800,-6.60659900,11.13273400,-149.38560000,-37.23334500,52.58768500,27.11931200,41.63247700,-23.20424700,-4.98099950
534,-10.74659157,-5.28934765,80.52763154,-0.21834608,-2.19043044,172.59454553,-8.91774000,-2.81447080,-36.74575400,6.87745240,15.47141300,-15.00003300,42.37440000,-17.08898500,-48.42467000,14.35758300,30.00006700,12.45186300,32.57686600,-9.32460600,-1.40925910,38.06015400,30.01440000,-15.44077000,47.70459000,-1.19984530,-6.93913200,11.43612200,-149.46020000,-37.16342500,52.80743800,27.35931800,41.80110500,-23.22158800,-4.96532150
535,-10.71506977,-5.16020393,80.53649063,-0.08681404,-2.25621224,172.54566112,-8.83531400,-2.82131770,-36.58702500,6.86334000,15.66141400,-15.00003300,42.33682300,-17.29317900,-48.47636000,14.70238400,30.00006700,12.33890700,32.51207700,-9.31583800,-1.50889580,38.23167000,29.85354600,-15.50696200,47.53817700,-1.44822120,-7.65320800,11.78438500,-149.44237000,-37.08342400,53.11028700,27.76179300,42.07458000,-23.39220800,-4.71085830
536,-10.69037437,-5.07813120,80.53519046,-0.18568020,-2.25312516,172.59927992,-8.88094600,-2.56558500,-36.29725300,6.83089970,15.65697500,-15.00003300,42.38373600,-17.09995000,-48.71559000,14.56229900,30.00006700,12.38179900,32.46787000,-9.30684700,-1.60149880,38.15797400,29.68524700,-15.81207200,47.73122800,-1.82561170,-7.87788440,11.51500000,-149.58307000,-37.05268000,52.96051400,28.00008600,42.27880000,-23.51558500,-4.80713840
537,-10.68442917,-5.04027176,80.55677848,-0.12963394,-2.41019481,172.56168348,-8.71516000,-2.50087760,-35.98046500,6.78846030,15.84825200,-15.00003300,42.59988400,-17.17954600,-48.93664600,14.50376900,30.00006700,12.21173200,32.36561000,-9.28036900,-1.60538000,38.17181400,29.44956400,-16.07454100,47.94091800,-2.13907810,-8.03079500,11.37201700,-149.59570000,-37.05420000,53.00102600,28.19757700,42.48222000,-23.73225000,-5.02377800
538,-10.72256756,-5.03965044,80.53646488,0.04930888,-2.45467713,172.45036230,-8.64689000,-2.53229710,-35.44574000,6.72768500,15.89127600,-15.00003300,42.81617400,-17.32127200,-49.09366200,14.13267200,30.00006700,11.96404900,32.22916800,-9.23072900,-1.64866070,38.21261600,29.13485000,-16.40488800,48.35728000,-2.28945570,-8.32694700,11.56345800,-149.61023000,-37.07638500,53.07925800,28.02390300,42.48887300,-24.15690400,-5.24441700
539,-10.80783081,-5.08317232,80.58248630,-0.04077508,-2.38242626,172.38001801,-8.68803200,-2.28780100,-34.84243000,6.66169300,15.96709400,-15.00003300,42.77842700,-17.26606200,-49.13311800,13.93177200,30.00006700,12.07817100,32.09361300,-9.21573200,-1.80770640,38.28104400,28.84197400,-16.61233100,48.97015000,-2.67170600,-8.63066500,11.47961600,-149.79599000,-37.13110700,52.81559400,27.83347100,42.28745000,-24.40789000,-5.56095930
540,-10.93259048,-5.15509987,80.62176648,-0.10636945,-2.33907296,172.31022952,-8.65973000,-2.15167600,-34.41882300,6.63514200,15.91325400,-15.00003300,42.80470300,-17.29746200,-49.22313300,13.80056300,30.00006700,12.03720200,31.95283100,-9.19439800,-1.97575590,38.36251000,28.54207600,-16.75018000,49.58546000,-2.92019530,-8.79869650,11.41482400,-149.91330000,-37.20782000,52.52962500,27.63133200,42.33159000,-24.63100200,-5.72529270
541,-11.07182693,-5.23629951,80.66865177,-0.19026371,-2.30657339,172.27841143,-8.61228400,-2.04569320,-34.11997000,6.62907930,15.85162400,-15.00003300,42.87967300,-17.31721300,-49.42363400,13.68373900,30.00006700,11.95361000,31.74706600,-9.17425200,-2.12346240,38.38907200,28.21252000,-16.92334400,50.22836300,-2.94285400,-8.93839800,11.34379500,-149.96628000,-37.31904000,52.11535600,27.30856100,42.10185200,-24.96261000,-5.86842400
542,-11.21132374,-5.31030226,80.72540398,-0.28846086,-2.21637470,172.23113153,-8.62886700,-1.89857410,-33.76683800,6.61764140,15.84625600,-15.00003300,42.97473000,-17.26188000,-49.73991000,13.36269950,30.00006700,11.86328800,31.57744800,-9.15706800,-2.22744870,38.35755000,27.87509300,-17.00153700,50.95141600,-2.97164130,-9.03317000,11.27389700,-149.99800000,-37.43675600,51.54060400,26.81237200,41.79203000,-25.27250900,-6.15825270
543,-11.33881474,-5.36416340,80.76310997,-0.33895905,-2.14073703,172.04592664,-8.60191200,-1.79267550,-33.56981000,6.61548660,15.75715350,-15.00003300,43.12136500,-17.21733500,-49.98409700,12.82983300,30.00006700,11.84324300,31.43603000,-9.16472600,-2.39365900,38.48668000,27.57403000,-16.82752600,51.55928400,-3.36611370,-9.11716600,11.18286400,-149.98413000,-37.53475000,51.38518500,26.48298000,41.42322500,-25.30796200,-6.67606300
544,-11.45278263,-5.39902782,80.79049639,-0.37244439,-2.09229706,171.93646838,-8.56184800,-1.70498570,-33.37148700,6.59977440,15.67703100,-15.00003300,43.25707600,-17.17407200,-50.18060700,12.44072150,30.00006700,11.86566400,31.30494100,-9.17354400,-2.51692870,38.58949300,27.33270800,-16.61749800,52.06254200,-3.65457220,-9.13343900,11.08552900,-149.97583000,-37.60385000,51.28233000,26.27276600,41.12266000,-25.27940800,-7.12079050
545,-11.55898857,-5.41574383,80.79803140,-0.46792055,-1.99880731,171.96212827,-8.62375400,-1.52689780,-33.09776700,6.59126700,15.52113150,-15.00003300,43.36364700,-16.95214300,-50.37000700,11.99732200,30.00006700,11.87657300,31.12652000,-9.16401500,-2.60144160,38.53978300,27.09133700,-16.44867300,52.61903000,-3.76305030,-9.06915000,10.97169900,-150.03072000,-37.67797000,50.98336800,25.98012700,40.67928000,-25.24588800,-7.75840570
546,-11.66363907,-5.41727352,80.80996436,-0.45460462,-1.93638222,171.88341880,-8.61447600,-1.44153820,-32.76748700,6.57094200,15.44123400,-15.00003300,43.38445300,-16.96921700,-50.38705400,11.83335000,30.00006700,11.86905300,31.03482400,-9.15602900,-2.64520550,38.61840400,27.02306200,-16.48493800,52.95193500,-3.88001780,-9.17796300,11.07747000,-150.09424000,-37.69245500,50.90210000,25.78560400,40.48168600,-25.36345000,-8.20591800
547,-11.76683521,-5.40739632,80.81610743,-0.33394311,-1.92677432,171.74095181,-8.50506400,-1.51377670,-32.61709000,6.55298850,15.37347100,-15.00003300,43.48362700,-17.16433100,-50.53113600,11.75215100,30.00006700,11.78918800,30.96956800,-9.19009000,-2.60190560,38.58150000,26.96576100,-16.67465800,53.44841400,-3.94762160,-9.18668000,11.00186350,-150.05301000,-37.69798000,50.67038000,25.50517700,40.47909000,-25.59050200,-8.43987900
548,-11.86406612,-5.39131737,80.83021707,-0.25959871,-1.83032933,171.59783388,-8.51619900,-1.48385400,-32.33091400,6.53348350,15.36207000,-15.00003300,43.49004400,-17.30362500,-50.72693000,11.64335500,30.00006700,11.72408700,30.97752600,-9.20362600,-2.63843400,38.58022000,26.91542800,-16.70826500,53.71655300,-4.06065850,-9.30536600,11.13870050,-150.06804000,-37.69561000,50.53188000,25.21140100,40.21951700,-25.64150600,-8.65403700
549,-11.95476341,-5.37293053,80.82183399,-0.20190530,-1.71491068,171.48307521,-8.57480700,-1.41295800,-32.02195000,6.51256940,15.27354300,-15.00003300,43.56357000,-17.30955700,-50.95827500,11.26515600,30.00006700,11.59352900,30.82645600,-9.21365000,-2.72647790,38.63941600,26.77817500,-16.52670000,54.00602300,-4.20753100,-9.42417200,11.25870300,-150.12329000,-37.70921000,50.48217000,25.00722900,39.88605000,-25.69085500,-8.78078800
550,-12.04189491,-5.36244345,80.82938575,-0.14773047,-1.68785012,171.40315545,-8.54565800,-1.37648880,-31.76670300,6.50813870,15.25280700,-15.00003300,43.63568500,-17.36976800,-51.05267300,11.11091100,29.94027900,11.47560200,30.71330600,-9.20416600,-2.69159800,38.58216500,26.69829400,-16.57152400,54.38964500,-4.23508300,-9.21130100,11.06347700,-150.30400000,-37.73399000,50.42094800,25.00972700,39.93021800,-25.73194500,-8.76959200
551,-12.12805939,-5.36159897,80.84965321,-0.11979289,-1.62985560,171.36039880,-8.56734500,-1.33142920,-31.52346200,6.50866030,15.30320200,-15.00003300,43.70348700,-17.37876000,-51.22166000,10.92343100,29.85619500,11.42043600,30.61216500,-9.19392400,-2.65288110,38.49019000,26.55976500,-16.46297300,54.76626600,-4.29428430,-8.99614800,10.75779100,-150.61427000,-37.82522000,50.53478200,25.12381000,39.79813800,-25.63558600,-8.68323800
552,-12.21721363,-5.36965990,80.83116257,-0.05789194,-1.51182854,171.25930881,-8.62918700,-1.38162290,-31.48017900,6.52870130,15.12825200,-15.00003300,43.76260000,-17.37282800,-51.33183300,10.53665400,29.76935000,11.42286900,30.63614300,-9.17599900,-2.60445740,38.34103800,26.39454500,-16.16479900,55.09887700,-4.31626750,-8.69212000,10.42529400,-150.88033000,-37.98584000,50.64744600,25.24074600,40.10907000,-25.61521500,-8.18553400
553,-12.30749893,-5.38425922,80.78458045,0.04626780,-1.27412842,171.15632167,-8.82124100,-1.43754300,-31.26509700,6.52022650,14.87676700,-15.00003300,43.58323300,-17.44899200,-51.20852300,10.31410400,29.75317000,11.38701700,30.64731000,-9.17735700,-2.56701520,38.03442400,26.22403700,-16.05479200,55.65712000,-4.15147260,-8.55461000,10.47717900,-151.10976000,-38.18900300,50.69086000,25.34706000,40.29686700,-25.68600800,-7.88101860
554,-12.39575577,-5.40538168,80.75345906,0.15780274,-1.09951436,171.01244842,-8.93254800,-1.50269640,-31.09721800,6.50670960,14.70208900,-15.00003300,43.55976500,-17.45241400,-51.15818400,9.79926600,29.60112600,11.23064100,30.63104400,-9.10517200,-2.40554480,37.62752500,26.00248500,-16.04484000,56.29919400,-4.04720200,-8.35702300,10.48784000,-151.31218000,-38.45309400,50.69615600,25.65653600,40.53921500,-25.79391900,-8.04626100
555,-12.47057819,-5.43638372,80.73225074,0.17443361,-0.99930302,170.92002916,-9.04008600,-1.33515440,-30.47593700,6.48744960,14.59428800,-15.00003300,43.55325700,-17.39543300,-51.10440400,9.41244000,29.47398200,11.22572100,30.55429600,-9.00294200,-2.11251800,37.06184000,25.76242300,-16.26278100,56.90356000,-4.35094070,-8.34608200,10.29148100,-151.40234000,-38.80456000,50.26690000,26.23930200,40.79115000,-25.94411300,-8.23924100
556,-12.54058933,-5.48512983,80.68071981,0.19462444,-0.84976974,170.89727571,-9.58724000,-1.43425440,-29.87006800,7.37219140,14.04891500,-14.89856000,43.46756400,-17.39315800,-51.17694000,9.19603000,29.36533200,11.20514900,30.46800000,-8.90205200,-1.71846430,36.25520000,25.52914000,-16.65137900,57.54279700,-4.51896670,-8.24162900,10.18107100,-151.40450000,-39.22614300,49.71721300,26.89033000,40.74037600,-25.79550000,-9.15247000
557,-12.60366631,-5.55288553,80.63216007,0.32112226,-0.60756915,170.61493527,-9.99539700,-1.58226130,-29.30309900,7.85264830,13.70834200,-14.55215500,43.39845000,-17.44185300,-51.22393400,8.47825900,29.18787600,11.25252000,30.41608800,-8.82512900,-1.28898500,35.47643300,25.20442000,-16.78102500,58.20621500,-4.53934670,-7.97385500,10.04611400,-151.45737000,-39.72188600,49.64923500,27.63469700,40.59158700,-25.57121000,-9.76158800
558,-12.65510654,-5.64630175,80.58529538,0.47945780,-0.52787307,170.25250223,-10.23369000,-1.88031530,-29.06788300,8.42659500,13.28947800,-14.34506100,43.17321000,-17.95019000,-51.09075000,8.75115700,29.02186800,11.06394200,30.31507300,-8.64974200,-0.65452800,34.29664600,24.84017400,-17.42455900,59.14552700,-4.35021260,-7.50778630,9.84700800,-151.52087000,-40.31940500,49.38960000,28.60208700,40.87754400,-25.65029300,-9.87477600
559,-12.69056320,-5.77538538,80.48863558,0.54182922,-0.52073337,170.17584742,-10.79544700,-2.31435230,-28.82622100,9.76062600,12.45016100,-13.96096100,43.23878000,-18.04784400,-51.26352000,8.56807000,28.77222400,10.92170300,30.22520400,-8.44068600,0.24814140,32.64902000,24.55645600,-18.15001500,59.82628000,-4.22541300,-7.10542150,9.65160750,-151.35396000,-40.98323400,48.73504600,30.03435900,41.26400000,-25.44936200,-10.50213600
560,-12.72004128,-5.94253445,80.41378676,0.57902587,-0.34276930,170.08709829,-11.35836800,-2.72801600,-28.88106000,10.66350700,11.86790000,-13.67968600,43.05952000,-18.10821000,-51.37959000,8.39524900,28.56698600,10.72259900,30.08214600,-8.19263400,1.23572950,30.62460900,24.32777000,-19.00001700,60.53900000,-4.32644700,-6.82166240,9.40853400,-151.20558000,-41.73900000,48.43564000,32.11321000,41.66936500,-25.17792300,-11.60793100
561,-12.74377823,-6.15011549,80.36270867,0.50499987,0.03290975,169.75293328,-11.99452700,-2.82235240,-28.56010400,11.24080300,11.32337700,-13.61358400,42.74250800,-17.89320400,-51.38518500,7.57271500,28.33459300,10.78733100,30.03548800,-7.94435500,2.33056620,28.34163500,24.16041600,-19.68524000,61.23682400,-4.37066600,-6.63624670,9.37212900,-150.95938000,-42.51896700,48.14297500,34.42450700,42.55311600,-24.87573800,-12.16141200
562,-12.76456833,-6.39906168,80.34871111,0.23740069,0.40544633,169.58689890,-12.83860400,-2.78477140,-28.07774400,12.16290950,10.77967900,-13.59225000,42.10024000,-17.77864500,-51.46893300,7.80528100,27.88544700,10.91804700,30.18466800,-7.78281600,3.64377330,25.89857100,24.22531000,-20.11261400,61.51633500,-4.19049100,-6.31151200,9.59179600,-150.46057000,-43.19614400,47.61989600,37.04018000,43.45149200,-24.13276900,-12.45405300
563,-12.79848194,-6.67148542,80.29149989,-0.10948769,0.74942731,169.25345317,-13.91822000,-2.85652260,-27.73093800,13.81598600,9.76653900,-13.43910700,41.26719300,-17.85894200,-51.52993800,8.61404800,27.36515600,10.89631900,30.24593700,-7.59148930,5.08989330,23.69948000,24.39185700,-20.78592300,61.76114300,-4.05366130,-5.99709840,9.69325900,-150.15488000,-43.89148300,47.46619000,39.96673000,44.50161000,-23.76206800,-12.54579450
564,-12.85456562,-6.94752026,80.25678996,-0.48270440,1.13946047,168.72611715,-14.74640200,-2.84039970,-27.71507500,14.94871800,8.85376200,-13.46464400,40.47841000,-17.84426100,-51.87511000,9.11969300,26.74606100,10.99769500,30.37084800,-7.31793450,6.53859300,21.64353600,24.58690500,-21.59811600,62.18454000,-4.17387800,-5.82047940,10.07552900,-149.80486000,-44.61120200,47.38304500,42.77239000,45.54925500,-23.24350200,-12.88118900
565,-12.94717789,-7.20895624,80.20945487,-0.70157264,1.52073702,168.21959033,-15.49573600,-3.00892350,-27.77100000,16.00124200,8.01941900,-13.51944500,39.81241600,-17.87185000,-52.45778300,9.57134600,25.96689200,11.10787300,30.56851400,-7.03020520,8.03611800,19.52211600,24.90048200,-22.31186100,62.65211000,-4.28878500,-5.37034460,10.01364200,-149.20834000,-45.25565300,47.46414600,45.29600000,46.85394300,-22.51441200,-13.14229700
566,-13.09706593,-7.44498062,80.19866837,-0.88452297,2.10095317,167.46165581,-16.22843200,-3.01270500,-27.60577000,16.67992600,7.37075800,-13.57492000,38.94122700,-18.08898700,-53.34237000,10.27204600,25.39017700,11.13471400,30.64894500,-6.64709420,9.50537100,17.50504500,25.26283300,-23.16123800,63.22606000,-4.46800000,-5.21017550,10.07652950,-148.63895000,-45.85375200,47.61101500,47.63142800,47.92822000,-21.92937000,-13.66697300
567,-13.30526924,-7.65524960,80.25417034,-1.02680677,2.77927348,166.55049058,-16.95381000,-2.93442130,-27.22469000,17.22213400,7.04283000,-13.62967200,37.81208400,-18.27617300,-53.61905300,11.05941300,24.76544400,11.08837700,30.68739700,-6.27454000,11.02200900,15.40652750,25.60101300,-23.95324700,64.07816000,-5.14826540,-5.02954200,10.19570000,-147.89880000,-46.36298400,47.81235000,49.75285300,49.42973700,-21.33563200,-14.12577900
568,-13.56868172,-7.84932470,80.22297142,-1.16321624,3.63202032,165.60407732,-17.89145500,-2.86817900,-26.78748100,17.91953500,6.24638000,-13.56357900,36.77722500,-18.31392100,-54.18240000,11.42877400,23.80254200,11.26470100,30.76191700,-5.94719030,12.51441100,13.49640750,25.92592200,-24.43926800,64.60585000,-5.74469600,-4.95424940,10.44025800,-146.88472000,-46.76398000,47.90637200,51.39399000,50.45971300,-20.93893000,-14.31993200
569,-13.88099003,-8.04410648,80.18805875,-1.31982791,4.67895715,164.51766268,-19.10595700,-2.88149800,-26.44467500,18.92425000,5.35053200,-13.54462500,35.69428000,-18.56761400,-55.26614000,11.96285600,22.51733000,11.39865700,30.77201500,-5.53668800,14.14188200,11.54392500,26.26849400,-25.23789000,65.01966000,-6.17162300,-5.07191560,10.75160400,-145.69950000,-47.05910000,47.91954400,53.09087400,51.33545300,-20.46045100,-14.62511300
570,-14.21497631,-8.26144028,80.13235313,-1.47204969,5.62253025,163.40932359,-20.52686100,-2.78479120,-25.33811600,20.48673800,4.43021150,-13.30336200,34.93479500,-18.88085600,-56.90535700,12.31618700,21.12321500,11.45259800,30.90628000,-5.24473520,15.81718350,9.57480700,26.66111200,-26.05627400,65.51726000,-7.02542200,-5.44552800,10.90689500,-144.00890000,-47.17707400,47.89480600,54.86540600,52.47248500,-19.77483200,-14.86637400
571,-14.55037403,-8.52034283,80.10879535,-1.81295870,6.82613992,162.13282279,-22.09233000,-2.19931770,-23.77601400,21.61781300,3.69719620,-12.80727600,33.96905000,-19.03312100,-58.64000700,12.36407500,20.14326300,11.91048800,31.17925500,-4.95260700,17.31505200,7.67644740,27.18117300,-26.68112600,65.91744000,-7.54962100,-6.22217800,11.03549600,-141.72926000,-47.06638300,47.55504600,56.18210200,53.42214600,-19.22776600,-15.07092600
572,-14.86078835,-8.83547592,80.17308584,-2.23572849,7.81675528,160.69754928,-23.48860200,-1.59368550,-22.30803000,22.90870500,3.25441170,-12.68905200,32.95936600,-19.54968500,-60.29253000,13.15306100,19.22427200,12.27379800,31.20276800,-4.64969250,18.74567000,5.74126600,27.92025600,-27.50371700,66.31005000,-7.83132700,-7.37742500,11.36971800,-139.21416000,-46.74929000,46.92302300,57.33444200,54.02680200,-18.83318700,-14.97041600
573,-15.12405872,-9.20607471,80.20570813,-2.49931384,8.50090744,158.91231665,-24.85998500,-1.20047210,-20.67790400,24.86867100,2.83649540,-12.61642550,32.32672000,-20.16217000,-62.32600000,13.68997500,17.78928600,12.27409700,31.14700300,-4.47442100,20.08070400,3.85166340,28.89269600,-28.96152300,67.20133000,-7.79577060,-7.74824570,10.80367200,-136.52501000,-46.26496500,46.10067000,58.51019000,54.53297400,-18.25996800,-15.26864100
574,-15.34084702,-9.63418961,80.21286634,-3.14950359,9.27069320,157.22988199,-26.30706800,-0.16388272,-18.79915800,26.43688200,2.30636000,-11.99736000,31.56365400,-20.22408100,-64.55134000,14.03830200,16.46741300,12.25530300,31.04219600,-4.21255000,21.45648400,2.00754400,29.97775000,-30.32018900,67.99382000,-8.19732900,-7.84574840,9.90652750,-133.75963000,-45.65245400,44.85853600,59.42295000,54.62140300,-17.74619000,-15.79508300
575,-15.50834370,-10.10069084,80.12338488,-3.77067749,9.96545030,155.66987520,-27.85561800,0.59049150,-17.41964100,28.28068500,1.50296320,-11.47451400,30.54874400,-20.55656000,-66.04650000,14.80621100,15.36419200,12.59379900,30.94680000,-3.96248630,22.97229000,-0.28854358,31.08364700,-31.54398700,68.94269600,-9.13087900,-7.88742100,8.65460800,-131.04360000,-44.92735000,43.31033000,60.23134200,54.22358700,-17.23079300,-15.38190300
576,-15.62961769,-10.58095169,80.08171183,-4.12285128,10.60698858,154.08035813,-29.04715700,1.12756990,-16.09157400,29.41706300,1.10430350,-11.28244700,29.55142000,-21.11002500,-67.17316000,15.34493400,14.61305600,13.23912600,30.94771600,-3.80472900,24.46259700,-1.98287450,32.13110700,-32.56115700,68.62492000,-10.13135400,-8.84104300,8.58106800,-128.47910000,-44.06964000,42.08660500,60.57437500,53.63650500,-16.65424200,-14.67746000
577,-15.71062660,-11.06455517,80.03737968,-4.62341063,11.19251153,152.25139884,-30.27704200,1.82550930,-14.91700500,30.73783100,0.71937287,-10.87439100,28.46626900,-21.84632100,-68.24274400,16.36014700,13.86458400,13.62503400,30.88062000,-3.71587370,25.89002200,-3.92732020,33.11729400,-33.37422600,68.40520000,-10.85972300,-9.42357200,8.42908700,-125.70781000,-43.02021400,40.95420500,60.23528300,52.41124300,-15.95866300,-14.24127100
578,-15.74129868,-11.54195499,79.91747080,-5.20204156,11.87438499,150.45072032,-31.76808000,2.99288200,-13.11465200,32.16093400,0.17507118,-10.10382300,27.17781600,-22.31783000,-68.78435000,17.05018400,13.03925600,14.08538700,30.77192300,-3.67644260,27.20833400,-5.80687860,33.94704400,-34.06415000,68.10527000,-11.46772900,-9.86073800,8.32261000,-122.92187000,-41.76080700,39.78015500,59.43195300,51.19386000,-15.39752400,-14.09587700
579,-15.71756744,-12.01121044,79.73072281,-5.48511676,12.56018414,148.91989263,-33.08672700,3.64863900,-11.79522000,33.17365300,-0.50649310,-9.65513100,26.07140500,-22.85481600,-69.38174000,17.66382600,12.09814300,14.42366700,30.66812100,-3.60828110,28.60501700,-6.79300930,34.50778600,-34.47039000,66.46835000,-12.24220000,-10.62837000,8.74277500,-120.19797500,-40.34604300,38.53813000,59.11858400,50.67515600,-14.79332400,-13.95854300
580,-15.61570930,-12.48877907,79.44369481,-5.69646939,13.09163893,147.43251477,-34.41927300,4.37574630,-10.27705100,34.41366600,-1.41004260,-8.93331100,25.04792400,-23.36501700,-69.84611500,18.21568900,10.81590400,14.70701900,30.49287600,-3.53882900,29.79380200,-7.78554250,34.77159000,-34.88411700,64.94800000,-13.00282600,-10.97423600,9.02255500,-117.09843400,-38.79509700,37.06297300,58.52297600,49.92242400,-14.32440700,-13.73935700
581,-15.42087746,-12.99461174,79.19800036,-6.33602417,13.69789338,145.73769170,-36.02462000,5.52489900,-9.12870900,35.79453000,-2.18014170,-8.31858900,23.69603000,-23.66421000,-70.23520000,19.00870900,9.52564000,14.92715300,30.31382600,-3.63778450,29.79380200,-9.07216400,34.70236600,-36.09134700,64.72878000,-13.36496600,-10.69969600,8.82201700,-112.74665000,-37.04692500,35.21869700,57.30900600,48.11817000,-14.20665900,-13.93406400
582,-15.10742474,-13.54038525,78.95765196,-6.94132007,14.00945803,144.18912830,-37.43058400,6.27152820,-8.78252000,37.17179000,-2.69841150,-7.75316860,22.50737000,-24.28689400,-70.67064000,20.53033300,8.22883400,14.92635600,29.97988700,-3.71741700,29.79380200,-10.81990900,34.32033000,-37.04273600,64.81076000,-13.21961400,-9.67977300,8.48269600,-108.08237000,-35.16927700,33.50680000,55.87966000,46.25603500,-14.34834500,-14.32834200
583,-14.65039062,-14.13258362,78.60819372,-7.29046348,14.24781738,142.85040550,-38.79394500,6.87208000,-8.25219800,38.35736500,-3.41843910,-7.30326200,21.31379500,-24.76789700,-70.52951000,21.60755500,6.67738440,14.96417500,29.53867700,-3.85031270,29.79380200,-11.75161500,33.65070700,-37.37804000,63.53999000,-13.55352100,-9.64162500,9.27808800,-103.53957000,-33.26365700,32.41322000,54.63845400,45.05980300,-14.46178700,-14.46414400
584,-14.03595924,-14.78150654,78.18819064,-7.66594685,14.28403691,141.52113532,-40.11955600,7.80982500,-7.36619470,39.59565400,-4.34332750,-7.07343240,20.05299800,-25.30370700,-70.04845400,22.95177000,4.70876700,15.00003300,29.12009600,-3.92660760,29.79380200,-12.61881100,32.74196000,-37.32492000,62.14777000,-14.17758100,-9.93236800,10.47105200,-99.16820500,-31.32311600,31.56029100,53.38997000,43.80330000,-14.57511400,-14.33750300
585,-13.27169514,-15.48393631,77.75238438,-7.87048393,13.89847743,140.38327692,-41.24112700,8.64693200,-6.47242500,41.08490800,-4.97637900,-7.12462100,18.90155200,-26.44118900,-69.26035000,25.51526000,2.52201220,15.00003300,28.72310600,-4.00070950,29.79380200,-13.77427500,31.66512100,-37.19197000,61.60763000,-15.44348500,-10.10394500,11.32969300,-94.57366000,-29.24303200,30.92320800,52.14958000,43.03901300,-14.59100200,-14.11580200
586,-12.37079525,-16.22901917,77.26812148,-8.13266401,13.22738955,138.93838198,-42.24099000,9.68509700,-5.71849440,42.78066000,-5.56882670,-6.99257950,17.74745400,-27.68397100,-68.46043400,28.30297000,0.72357523,15.00003300,28.25648000,-4.20609660,29.79380200,-15.21158200,30.56177100,-37.16708000,61.86591700,-16.28162800,-9.82978300,12.10686800,-89.88985400,-27.01087800,30.57802400,50.75991000,41.77682000,-14.40417700,-14.39249200
587,-11.35996723,-16.99161148,76.66221973,-8.18755282,12.28779554,137.45284140,-43.12804400,10.51254000,-5.19390060,44.74143600,-6.25556760,-6.90767100,16.85142100,-28.97559000,-67.78722000,30.83395200,-1.23035040,15.00003300,27.60900900,-4.55375500,29.79380200,-16.81788600,29.51508000,-37.03311500,62.58758000,-16.95541400,-9.33640200,12.51065100,-85.40898000,-24.72579000,30.55600700,49.22037000,40.14831000,-14.33400500,-14.87171000
588,-10.27712631,-17.74185181,75.89497966,-8.18865498,11.08592886,135.75227267,-43.94649500,11.84759300,-4.23068050,47.15198000,-7.23120260,-6.42020000,16.12786900,-30.06152200,-67.09364000,32.86273000,-3.20489800,15.00003300,26.88083600,-4.91227500,29.79380200,-18.44807000,28.58555600,-36.61408600,63.51038700,-17.35891300,-8.89304100,12.80557200,-80.71962000,-22.43377300,30.99178700,47.14354000,38.70355200,-14.55614000,-15.20212200
589,-9.18164349,-18.44886780,75.03952989,-8.34201658,9.32096096,134.33943791,-44.30015000,12.86222500,-4.31949850,49.73417000,-8.41102200,-5.72787240,16.22087300,-31.12340200,-67.02362000,35.47591400,-4.54199930,15.00003300,26.11805500,-5.45340000,29.79380200,-19.90672700,27.80421800,-35.72171400,64.56679000,-18.67588400,-8.33065600,13.44808700,-75.55646500,-20.11350600,31.57120900,44.49416700,36.81632200,-14.53109000,-15.79393900
590,-8.10755539,-19.06197929,74.28023828,-8.21280262,8.00642190,133.10612703,-44.62469000,14.26037500,-3.38491820,51.49018500,-9.25142400,-5.13782800,15.69943500,-31.71996100,-66.13662000,37.00383400,-5.63416500,15.00003300,25.11215200,-5.93477700,29.79380200,-21.00199500,27.26474800,-34.97595200,65.65462000,-20.03313000,-8.20726700,13.85749100,-70.64596000,-17.88979500,32.55344000,41.80181500,34.85903000,-14.48557900,-16.43965500
591,-7.08510494,-19.56239700,73.52159350,-7.79003328,6.83345567,132.27132526,-44.86472000,15.60091500,-2.01852130,53.04615800,-9.94958800,-4.48992200,15.34647900,-32.24517000,-65.28271500,38.07743000,-7.04605670,15.00003300,23.91382800,-6.62075660,29.79380200,-21.76365500,26.97996300,-34.17786400,66.41852000,-21.03398100,-7.80697500,14.37969000,-65.57653000,-15.87445400,33.92412600,38.78092000,32.71693000,-14.53206000,-16.76505000
592,-6.14254332,-19.94535255,72.92009600,-7.46619836,5.75400617,130.95740122,-44.90577000,17.02690300,-1.05197870,54.41311600,-10.56670900,-4.02695100,14.84766600,-32.67732200,-64.59191000,38.87742600,-7.90697240,15.00003300,22.69144400,-7.31691000,29.79380200,-22.11492200,26.99539400,-33.07822000,66.59938000,-21.51211700,-7.48374300,14.45876500,-60.21179000,-14.08057700,35.36541700,35.22572700,29.91193000,-14.49458100,-17.01448200
593,-5.29545355,-20.20984650,72.49237343,-7.10688706,5.00588593,129.58268249,-44.77182800,18.14631000,-0.39125930,55.04696000,-11.00200750,-3.82053690,14.00351300,-33.00657000,-63.65508000,39.41773200,-8.54483000,15.00003300,21.37744700,-8.09351600,29.79380200,-22.37175800,27.27377900,-32.24302700,66.91927000,-22.39292500,-7.37023100,14.31035800,-54.91126000,-12.58386900,36.97237800,31.47429300,26.70851100,-14.46948300,-16.98899800
594,-4.53249073,-20.37812614,72.16095599,-6.63520890,4.12988142,128.30432538,-44.15853500,19.14437300,0.34142226,55.38676500,-11.35692800,-3.61199760,13.29281100,-33.69855500,-62.61043500,40.53884000,-9.00541100,15.00003300,20.07533500,-8.84215450,29.79380200,-22.27578200,27.68366000,-31.48409300,66.92630000,-23.31799300,-7.07296200,13.99278450,-48.92137500,-11.43729400,38.82311000,27.23169300,22.76351000,-14.72045200,-17.08329400
595,-3.84615731,-20.47081757,72.07995980,-6.26534060,3.30257556,126.88168541,-43.45776400,20.47524300,1.24574610,55.76012400,-11.67324700,-3.38532920,12.55813400,-34.46814000,-61.73078000,41.94885600,-9.55606400,15.00003300,18.79392000,-9.49398800,29.79380200,-22.14035600,28.21910300,-30.80331800,66.85765000,-23.63313300,-6.82966760,13.81432700,-43.08096000,-10.70316600,40.73575200,23.26024600,18.35146000,-15.00761500,-16.85721800
596,-3.21709323,-20.50470352,72.33462619,-5.66020898,2.60324531,125.61542829,-42.49446000,21.33863300,2.19260800,55.65434000,-11.79846000,-3.42319500,11.93155700,-35.16762000,-60.82388300,42.73982600,-9.86573600,15.00003300,17.50066600,-10.16688200,29.79380200,-21.95572500,28.85125700,-30.45456100,67.00758000,-23.51556800,-6.45926700,13.46488800,-37.32116000,-10.39834300,42.39864000,19.29879000,14.25884900,-15.07371100,-16.32633400
597,-2.62772870,-20.49992752,72.71973163,-4.99792075,1.96756442,124.11494044,-41.26484700,22.41771500,3.52932800,55.33270300,-11.76789800,-3.43014100,11.22072300,-35.47663500,-59.60623000,42.61584000,-9.88395800,15.00003300,16.30934500,-10.70845100,29.79380200,-21.43868000,29.47242500,-29.92526600,66.88824000,-23.48122400,-6.09618470,13.08378000,-31.83033000,-10.53231700,43.99081800,15.58879600,10.90683700,-15.55911500,-15.65733500
598,-2.06990767,-20.47360802,73.07527730,-4.48288808,1.35167000,122.38629761,-39.89627500,23.73040600,4.88474100,54.92556400,-11.62634900,-3.41199100,10.38640400,-35.61217000,-58.33632700,42.44556000,-9.87611700,15.00003300,15.15481300,-11.16560500,29.65142800,-20.77676600,30.06697700,-29.45234900,66.63883000,-23.33654000,-5.76945260,12.81418200,-26.34609000,-11.03754000,45.17109700,11.79937300,8.57583300,-16.41695200,-15.14208800
599,-1.53634357,-20.42828178,73.44405465,-3.97005413,0.93078104,120.67088540,-38.47780000,25.04419000,6.44694800,54.21721000,-11.60057900,-3.58111240,9.29519700,-35.61304000,-56.77401000,42.15032600,-9.74499100,15.00003300,13.87903200,-11.44425500,28.76242600,-19.65015800,30.45009200,-29.36792800,66.67284400,-22.73145300,-5.11262300,12.78639500,-21.00113100,-11.81107000,46.13620000,8.04521400,6.26684000,-16.83857500,-14.41493900
600,-1.01824772,-20.37049103,73.85268378,-3.44413568,0.54777051,118.99011379,-36.85563700,26.32809300,8.21372500,53.26381700,-11.56164300,-3.91691680,8.36536500,-35.33819600,-55.22835500,41.32052600,-9.57429200,15.00003300,12.73467100,-11.44104700,27.81699400,-18.60822300,30.64711600,-29.14857100,66.65224500,-22.25336500,-4.58971260,12.83647800,-16.12270400,-12.85161600,46.43068300,4.70063900,5.12815000,-17.57771900,-13.60813500
601,-0.51102203,-20.29820442,74.16988683,-2.80057904,0.22730703,116.75885956,-35.25742700,27.64022600,9.96542000,52.77684400,-11.62151100,-4.17114300,7.09297850,-35.33949000,-53.49638400,40.77490200,-9.75827900,15.00003300,11.61962400,-11.32782650,26.94170000,-17.69140200,30.77958300,-29.21321900,66.88400000,-21.99914400,-4.60595900,12.52981800,-11.76545100,-14.18956300,46.63829400,1.36076530,4.91578770,-18.71937200,-12.64596500
602,-0.01790872,-20.20684052,74.46768740,-2.28061389,-0.07971776,114.53289389,-33.56846600,28.86159100,11.49735300,52.13580000,-11.65560600,-4.45304350,5.70666360,-35.18253000,-51.59540000,40.44918400,-9.82235800,15.00003300,10.60642600,-11.06862800,26.05167800,-16.70571300,30.81358700,-29.16940700,67.14059000,-21.95395000,-4.45343640,12.11268700,-7.90110870,-15.75068200,46.45700000,-2.00878760,4.61824850,-19.34031000,-11.69205300
603,0.45846957,-20.07882309,74.78658656,-1.48624724,-0.26266110,112.38557978,-31.74631500,29.53683700,13.06766500,51.25576000,-11.49376600,-4.88498400,4.42450400,-35.21341000,-49.73889000,39.88741300,-9.94638300,15.00003300,9.61971500,-10.79399200,25.22736700,-15.78247000,30.77829200,-29.36935800,67.36394000,-21.47605900,-4.13718100,11.74879200,-3.89684820,-17.49228900,45.87061000,-5.62252800,4.60509630,-19.78318000,-10.77807800
604,0.91565436,-19.90819359,75.13259325,-0.68852939,-0.47158199,110.26561166,-29.71088400,30.10819200,14.70560500,50.24819000,-11.46102000,-5.48721600,3.37941900,-34.83198000,-47.61104000,38.60904300,-10.14377500,15.00003300,8.71128700,-10.30180000,24.46121200,-14.72349600,30.59740800,-29.33925400,67.29375000,-21.13503500,-4.01899860,11.75266500,-0.09508829,-19.38625300,44.94386700,-8.91493300,5.82296100,-20.66541000,-10.03818500
605,1.34919167,-19.68911362,75.39624637,-0.13584271,-0.63027122,108.19196412,-27.84323500,30.73525600,15.97950400,49.34048500,-11.27253150,-5.94251970,2.36627900,-34.24786000,-45.66643000,37.58955800,-10.44171100,15.00003300,7.91422500,-9.65823500,23.71925500,-13.64551500,30.32012000,-29.21648400,67.00460000,-20.78281000,-4.11499900,11.71227300,3.35718350,-21.36719100,43.80276500,-12.13216400,6.85379360,-21.47811700,-9.30832200
606,1.76145601,-19.41010475,75.61977115,0.42555574,-0.57857549,106.37311012,-26.21439700,31.05420500,17.00833300,48.32834600,-11.02116200,-6.21766100,1.27321840,-33.86057000,-43.90746000,37.00252000,-10.71902200,15.00003300,7.13801900,-9.01568200,22.94360700,-12.62184800,30.01965300,-29.45353000,66.88540000,-20.36811400,-4.08043530,11.46435400,6.68451800,-23.41275600,42.48105600,-15.42727600,8.08238500,-21.95470200,-8.89252100
607,2.15628934,-19.07280350,75.84746954,0.87553079,-0.28559306,104.69492494,-24.78587700,31.35745000,17.97253000,47.18405500,-10.68832900,-6.23944600,0.12960996,-33.45681800,-42.47515000,36.56912200,-10.78451250,15.00003300,6.41724730,-8.20212700,22.07944500,-11.34039700,29.64629400,-29.34330000,66.28533000,-20.01727300,-3.85218450,11.11503200,9.82751300,-25.55984100,40.90157000,-18.57782000,9.25791200,-22.30601500,-8.36293400
608,2.54179621,-18.69180870,75.99773619,1.26473925,-0.16282618,103.19044193,-23.34296600,31.52187500,18.61524000,46.16404700,-10.32038700,-6.60936740,-0.59148026,-33.14225400,-41.35487700,36.31467400,-11.05107700,15.00003300,5.74457400,-7.29719600,21.40764800,-10.28158300,29.20500600,-29.24361400,65.60786400,-19.26628300,-3.56674170,10.74555900,12.95310500,-27.71916600,39.28347000,-21.57514200,9.96975000,-22.65570300,-7.62533800
609,2.93402290,-18.28021812,76.16777210,1.79307630,-0.14295300,101.65512504,-21.85265500,31.40409000,19.03896300,45.31296500,-9.94320000,-7.05700540,-1.16227040,-32.87260400,-40.02100400,35.91041600,-11.34891500,15.00003300,5.15437000,-6.41839400,20.87018400,-9.43671900,28.71375500,-29.38497200,65.17344000,-18.59347000,-3.35234640,10.59977150,15.88051500,-29.84964000,37.78235000,-24.37140500,10.80128800,-23.09517900,-7.18225340
610,3.33086991,-17.84872246,76.36073716,2.44169310,-0.11400522,100.35410928,-20.50655000,31.05323800,19.37127700,44.56927500,-9.48644900,-7.41669130,-1.49183320,-32.84517300,-39.02977400,35.51923400,-11.57783700,15.00003300,4.63364700,-5.54995900,20.36210000,-8.49751700,28.14479300,-29.21621500,64.52416000,-18.44672200,-3.26040080,10.69165200,18.82710300,-31.96613700,36.07256000,-27.09479500,12.05835700,-23.16375700,-6.64099500
611,3.72479868,-17.41113472,76.56560384,2.94101625,0.01712098,99.16751742,-19.25539200,30.74956100,19.61697800,43.62585000,-8.92697900,-7.71224800,-1.86805450,-32.66037000,-38.10698300,35.15907300,-11.72066000,15.00003300,4.11728600,-4.63910300,19.92780100,-7.62587740,27.53077500,-29.05280300,63.89730500,-18.16341400,-3.07052640,10.70905200,21.46881700,-33.99823400,34.56271700,-29.52080000,13.69856300,-23.49984400,-6.35633950
612,4.11064672,-16.98253250,76.77007926,3.49236865,0.12982316,98.14139949,-17.99987200,30.27135700,19.87015700,42.55552300,-8.15136700,-8.07787700,-1.92873840,-32.65412000,-37.70434600,34.63763000,-11.84732400,15.00003300,3.62206750,-3.77661420,19.37946000,-6.74514300,26.90359000,-29.19127000,63.43916300,-17.68271600,-2.87129020,10.73607350,24.02254000,-35.96179200,33.06130000,-31.56397600,14.92098300,-24.02163900,-6.20798540
613,4.47515059,-16.57620811,76.96773465,3.85940959,0.15401198,97.14894457,-16.62933300,29.88245200,20.03003500,41.30237200,-7.44032530,-8.49494500,-1.85312470,-32.43485300,-37.32312000,34.05985000,-11.84566700,15.00003300,3.16925930,-2.88977500,18.87444100,-5.89839800,26.25920700,-29.22533200,62.89583600,-16.93233000,-2.59851100,10.76749100,26.48852000,-37.79523000,31.59205400,-33.34020200,15.82659600,-24.58384000,-6.23413320
614,4.81474304,-16.20161438,77.22120102,4.25510465,0.22615084,96.25224072,-15.44009200,29.20492200,19.83255400,39.96932600,-6.61672700,-8.91528000,-1.74960840,-32.26170000,-37.05992500,33.33628000,-11.54865400,15.00003300,2.77782600,-2.07034920,18.39509800,-5.10417130,25.63127500,-29.34345800,62.50501300,-16.32355000,-2.32597610,10.60674400,28.82817800,-39.45565000,30.18920900,-34.84221300,16.94607000,-25.27458000,-6.67331500
615,5.11820889,-15.86724472,77.42624498,4.63498139,0.23267588,95.46907784,-14.33498000,28.53071000,19.61445000,38.77779400,-5.79807400,-9.43002700,-1.48414770,-32.11260000,-36.91565700,32.51350800,-11.41117300,15.00003300,2.41239550,-1.27144460,17.83599000,-4.33684400,25.05109800,-29.39016000,61.94512600,-15.80908700,-2.16469480,10.52761500,31.26660300,-40.97814000,28.69193300,-36.33581500,18.03150000,-25.31298600,-6.78558440
616,5.37075853,-15.57787228,77.58215492,4.91546575,0.01934737,94.96821136,-12.93698600,27.88997000,19.56763800,37.18675600,-4.83136800,-10.09061100,-0.73321110,-31.93719900,-37.10525000,31.53434000,-11.33693500,15.00003300,1.95731460,-0.50186130,17.27209700,-3.61673430,24.54272800,-29.53935800,61.42408800,-14.76035600,-1.98667720,10.56268200,33.70921000,-42.29871700,27.14849900,-37.95084000,19.18060900,-25.48688300,-6.82691500
617,5.56768560,-15.33172989,77.77533775,5.15625173,-0.07883775,94.61100597,-11.68079300,27.27439100,19.64354000,35.49067700,-3.62573360,-10.64283700,0.03696378,-31.57956500,-37.27270000,30.09227600,-11.05439800,15.00003300,1.54065990,0.18817392,16.61980200,-2.81427300,24.10258100,-29.79261400,61.00700800,-13.99496300,-1.95716480,10.61327800,35.91198300,-43.46718600,26.01745400,-39.20722000,20.52579700,-25.97681600,-7.21220640
618,5.69528246,-15.12602139,77.96043022,5.50726319,-0.18461248,94.50463162,-10.47699700,26.41220700,19.75297200,33.60964600,-2.25275540,-11.29220400,0.94435800,-31.41493800,-37.56648600,28.49863800,-10.69075600,15.00003300,1.12873300,0.88633080,15.97508400,-2.00909760,23.70610400,-30.03032900,60.36850700,-13.82641500,-1.97685810,10.50095900,38.13306400,-44.44908000,25.17198000,-40.44244400,22.05774500,-26.04271500,-7.78404950
619,5.73988533,-14.96018219,78.11830094,5.68886236,-0.44366563,94.59925313,-9.03202150,25.60881000,19.91621200,31.29931600,-0.93778247,-11.82398600,2.15093760,-31.08310300,-37.96435500,26.70974700,-10.15825700,15.00003300,0.57650250,1.50137130,15.36898000,-1.22055700,23.36632500,-30.18985700,59.75916700,-13.21864700,-1.88028990,10.42661600,40.19195000,-45.15176000,24.22869300,-41.59011500,23.50244700,-26.46472000,-8.63592400
620,5.69950342,-14.83209896,78.25165641,5.57123652,-0.79452330,94.73516382,-7.20678040,25.15168200,20.47697600,28.46513700,0.07726425,-12.28236000,3.58912370,-30.22186900,-38.21300500,24.37711700,-9.43779600,15.00003300,0.11362027,2.05564930,14.58355200,-0.37467070,23.07274000,-30.16011200,59.20701000,-12.12092500,-1.62700870,10.52912000,41.77567300,-45.66010700,23.40669300,-42.32198700,24.59854500,-27.00223000,-9.06052200
621,5.57552481,-14.73336220,78.36156308,5.41301176,-0.99933055,95.05907878,-5.33592130,24.40268000,20.81961400,24.85363200,1.57035300,-12.89854400,5.19300600,-29.20451400,-38.68865200,21.34727000,-8.50990700,15.00003300,-0.34416717,2.54431600,13.61186300,0.50028706,22.85169600,-30.51470600,58.69623000,-10.67267200,-1.49687760,10.39528700,43.19461400,-46.08846700,22.66127000,-42.77588300,25.84280400,-27.30015800,-9.41147200
622,5.38023281,-14.66802406,78.43849351,5.27653273,-1.08171539,95.42095545,-3.47239500,23.44373300,21.03557400,20.82500800,3.45625540,-13.62519550,6.81722070,-28.11311700,-39.22958400,17.79885100,-7.38093850,15.00003300,-0.80434614,2.86928990,12.58571400,1.30392100,22.70906600,-31.02009200,58.49431600,-9.49474200,-1.50619330,10.44928200,44.56581500,-46.44130000,21.73377800,-43.21250500,26.92532200,-27.71342000,-9.92759900
623,5.11757469,-14.63773251,78.44938377,5.01229458,-1.17839657,95.74944615,-1.47189940,22.73277500,21.72924800,16.67248300,5.23303800,-14.15756900,8.49413700,-26.89114600,-39.84500500,14.05359650,-6.03095200,15.00003300,-1.06768600,3.18082300,11.51595900,2.16620470,22.59415800,-31.18307700,58.00286500,-8.46077500,-1.33682880,10.40596300,46.01035300,-46.73118200,20.74903900,-43.58583000,28.00803600,-28.10411300,-10.16050400
624,4.79609394,-14.64438438,78.37088848,4.81085472,-1.44735394,96.31409091,0.44581702,21.89291000,22.25277300,12.70843400,6.81376600,-14.72190900,10.32183100,-25.86048900,-40.32468800,10.53451000,-4.79809050,15.00003300,-1.43786760,3.42006750,10.44917700,2.91842870,22.51530800,-31.45260200,57.56938000,-7.42887540,-0.98763365,10.33369000,47.50913200,-46.90652000,19.63016300,-44.02546700,28.76418500,-28.64960900,-10.65015100
625,4.42402840,-14.69443130,78.25378431,4.59011154,-1.72243002,96.93730288,2.39174630,20.89529400,22.49161500,8.41460900,8.49186400,-15.00003300,11.89211200,-24.98421700,-40.53413000,7.55019040,-3.71367740,15.00003300,-1.75114250,3.67871670,9.40410500,3.56106350,22.46580500,-31.84782400,57.14064800,-6.84587000,-0.76032907,10.37871000,49.02487000,-47.00377700,18.59331300,-44.62888300,29.30130800,-28.90555000,-10.95366400
626,4.01530838,-14.78823853,78.07484685,4.29327773,-1.90318399,97.45543808,3.19877360,20.38399900,22.38966000,6.38113200,8.90931200,-15.00003300,12.23130200,-24.92175300,-40.39380600,7.25846400,-4.06393430,15.00003300,-1.89557270,3.92570350,8.32156300,4.28143800,22.44377300,-31.96962200,56.36204000,-6.12988230,-0.52993584,10.25591600,50.46061700,-47.04678700,17.49603500,-45.30072400,29.74137500,-28.61363800,-10.52941100
627,3.58058810,-14.91118240,77.99393331,4.01442485,-2.09262822,97.95437778,3.17002500,20.19796400,22.06601500,6.19219450,8.40117800,-15.00003300,12.59033100,-24.97132300,-40.49172200,7.04661200,-4.22987130,15.00003300,-1.99120260,4.14915100,7.35572050,4.91804100,22.44160000,-32.32854000,55.58099700,-5.43754960,-0.27453804,10.27076000,51.60338200,-47.10576600,16.66025200,-45.85486000,29.82618700,-28.54654700,-10.45728800
628,3.12680483,-15.06225586,77.90396499,3.73026477,-2.19808625,98.33598628,3.05817630,19.99547600,21.66600800,6.04360100,7.81245300,-15.00003300,12.74560100,-25.00502000,-40.32282300,6.82056670,-4.27525800,15.00003300,-2.01747010,4.33488560,6.47931400,5.37501500,22.43251200,-32.71142200,55.01293600,-5.40572170,-0.18209346,10.56928300,52.51612500,-47.16422700,16.08770400,-46.34720000,30.01665900,-28.74654800,-10.85179400
629,2.65852427,-15.23247337,77.77903033,3.33143555,-2.42438454,98.79748843,3.02577020,19.92294900,21.25899000,5.90673260,7.24132800,-15.00003300,13.08795400,-24.93999000,-40.29413200,6.61828100,-4.30103200,15.00003300,-2.08952070,4.48486140,5.75496500,5.79239000,22.42607000,-32.90132500,54.12793000,-5.18459000,-0.09818800,10.80533800,53.25618000,-47.17564400,15.56819100,-46.65764000,29.48760800,-28.99070200,-11.29297900
630,2.19705677,-15.41232300,77.66560899,3.03228884,-2.76832749,99.21686181,3.10198830,19.75102200,20.85786400,5.85218600,6.83628000,-15.00003300,13.55904000,-25.01438900,-40.38523000,6.45324040,-4.29846800,15.00003300,-2.02378580,4.65585400,5.18754670,6.14376800,22.39764800,-33.22008500,53.11341000,-4.92522300,-0.02702673,10.78996400,53.90856600,-47.18072500,15.17259700,-47.04376600,28.55782000,-29.23368600,-11.49654800
631,1.75068653,-15.58450031,77.54027243,2.73394029,-2.95396676,99.61426101,3.01576300,19.60890200,20.44871700,5.82327030,6.19784800,-15.00003300,13.83327000,-25.06292700,-40.38008000,6.30131150,-4.15655040,15.00003300,-1.87274900,4.78076120,4.71340300,6.38097050,22.34821700,-33.35098600,52.17564000,-4.89400800,0.13909490,10.49198600,54.31061600,-47.19892500,14.97163000,-47.18972800,27.95869000,-29.09815400,-10.96712300
632,1.32474613,-15.74188614,77.40281114,2.40135244,-3.13413073,100.01084366,2.94767280,19.55330000,20.10824600,5.80003600,5.43494840,-15.00003300,14.09772400,-25.03409800,-40.16081600,6.14625360,-4.17059230,15.00003300,-1.89174080,4.89132600,4.27752700,6.63369230,22.29362100,-33.42801000,51.11479600,-5.07036350,0.34522137,10.32421400,54.63991500,-47.19629000,14.54814800,-47.31291000,27.58041400,-28.49278000,-10.58063000
633,0.93757939,-15.87925148,77.30464156,2.17358059,-3.38328974,100.28697102,3.05322100,19.44873400,20.00140400,5.79559470,5.02203750,-15.00003300,14.48335900,-25.13959700,-40.34989000,5.99217370,-4.15780100,15.00003300,-1.81719760,4.91735300,3.99898670,6.77196800,22.26395800,-33.60395000,50.20910600,-5.29105300,0.32306330,10.14748400,54.80802500,-47.19478600,14.35706500,-47.26432800,27.13678700,-27.97712100,-10.88057500
634,0.59461963,-15.98785210,77.24786743,2.14249622,-3.53460373,100.35861659,3.20490770,19.23224400,20.31014400,5.80892000,4.77021400,-15.00003300,14.69895400,-25.45309800,-40.54411000,5.85405830,-4.02023700,15.00003300,-1.73837180,4.89354040,3.81077530,6.90839400,22.18943400,-33.94518700,49.59819400,-5.36238530,0.19326370,10.21639100,55.04071800,-47.14526400,13.99961100,-47.33394000,26.85437000,-27.69313600,-11.20293200
635,0.28724581,-16.06930733,77.16283251,2.01959996,-3.54793688,100.50358295,3.15295720,19.10805000,20.35104200,5.81905030,4.17682500,-15.00003300,14.77532800,-25.58876400,-40.60516400,5.74222100,-3.78406020,15.00003300,-1.73778680,4.89000940,3.60239530,7.05371600,22.12184100,-34.10513300,48.93817500,-4.87049200,0.36517927,10.63206500,55.17038700,-47.06808000,13.55805200,-47.19471400,26.35381300,-27.08271400,-11.20903300
636,0.02560661,-16.12251282,77.10319626,1.99455760,-3.55639301,100.49323077,3.17429300,18.93788000,20.41889800,5.86393700,3.84922620,-15.00003300,14.74490100,-25.81543500,-40.51314000,5.73469540,-3.63971110,15.00003300,-1.59409460,4.83484460,3.55351850,7.09498170,22.07148400,-34.43607300,48.41443600,-4.99077700,0.41974902,10.80236100,55.20276000,-47.03120400,13.33424950,-47.02348300,25.24690200,-26.67878000,-11.42711400
637,-0.19500652,-16.15421677,77.06301943,1.98877283,-3.61700818,100.42837812,3.31579800,18.80904800,20.62059800,5.89445800,3.81308700,-15.00003300,14.83657550,-25.98304200,-40.59765200,5.57062340,-3.34892060,15.00003300,-1.39552940,4.74830630,3.63413000,7.03638400,22.02891700,-34.84635500,48.15149300,-5.33739800,0.35854983,10.66324000,55.14949800,-47.02532600,13.30564800,-46.72641800,24.09976600,-26.68967000,-11.75587000
638,-0.38341969,-16.17080116,77.03754639,1.98743146,-3.53875864,100.27812376,3.34253120,18.70840500,20.87186000,5.92384900,3.70761510,-14.84369600,14.68407400,-26.11984400,-40.52366600,5.46157200,-3.09700300,15.00003300,-1.15700460,4.66888400,3.58767580,6.95972700,21.95015000,-35.27011000,47.98014500,-5.40697800,0.32795998,10.63500400,55.16641600,-47.01309600,13.22570200,-46.47171000,23.05168000,-26.19970300,-12.10298500
639,-0.54504251,-16.17497444,77.03483072,2.06423477,-3.41901932,100.06960803,3.35720780,18.54790000,21.20909100,5.95791530,3.56868360,-14.43145700,14.46767100,-26.31428700,-40.32962800,5.32480760,-2.69333000,15.00003300,-0.98746705,4.57703300,3.68424320,6.90241670,21.88037100,-35.56119500,47.88245800,-5.59485630,0.37245208,10.66432700,55.10005600,-47.02116400,13.16805200,-46.31704000,22.06407500,-25.76200100,-12.02993500
640,-0.67900854,-16.17181015,77.09330194,2.06117570,-3.20133015,99.90236071,3.24237970,18.49113000,21.48217600,5.97751100,3.54331350,-14.08162700,14.15091500,-26.34838900,-40.05760200,5.14216230,-2.41367670,15.00003300,-0.87082480,4.48672900,3.84280470,6.69453140,21.80827000,-35.97506700,48.05624400,-5.48265930,0.41312775,10.66207100,55.09073600,-47.04477000,13.19519800,-46.04903400,20.51252700,-25.94301000,-12.45248200
641,-0.78645188,-16.17136765,77.14107353,2.09551800,-3.03537672,99.83772610,3.11102150,18.36299900,21.54836500,5.97674800,3.58170870,-13.88069600,13.93782900,-26.46027200,-40.01234000,5.05930470,-2.34951540,15.00003300,-0.81824290,4.40718100,3.92117050,6.55575750,21.74101300,-36.22974400,48.18253000,-5.25032000,0.43198420,10.68474600,55.04332700,-47.05887600,13.20493300,-45.84381500,19.61485100,-25.98016200,-12.81700600
642,-0.86707163,-16.17836952,77.17644379,2.21695399,-2.88212438,99.69604269,3.05613640,18.23060000,21.96872300,6.00214100,3.64949040,-13.53641800,13.70889950,-26.64136300,-39.90699400,4.93246650,-2.22568600,15.00003300,-0.74870480,4.28867150,4.03263400,6.41453080,21.69806000,-36.34790400,48.36923600,-5.40151200,0.38054794,10.90090500,54.99151000,-47.06731400,13.24172000,-45.81535000,19.13769000,-25.57815400,-12.81873800
643,-0.92789203,-16.20070839,77.20397527,2.28216315,-2.79611711,99.58441449,3.01393630,18.12909500,22.12547900,6.02077000,3.66853930,-13.27882900,13.54436800,-26.74471000,-39.83722300,4.84177160,-2.06192330,15.00003300,-0.57960400,4.20021150,4.07154000,6.21227300,21.61844000,-36.35507200,48.59498200,-5.76410600,0.26690630,11.07966200,54.92521300,-47.08389700,13.36275900,-45.76866000,18.54848900,-24.97245600,-13.02550000
644,-0.97443360,-16.24036217,77.22360764,2.28149356,-2.82324332,99.55747850,3.00769260,18.06553600,22.02151900,6.03165670,3.66027640,-13.17221200,13.57168800,-26.77112400,-39.98060000,4.74758300,-1.88450460,15.00003300,-0.34908822,4.17764400,4.11067000,5.94787200,21.50258400,-36.23781000,48.63898000,-5.83339900,0.31276968,10.97694500,54.84177400,-47.13144000,13.57480700,-45.62646000,17.60223200,-24.34424400,-13.21762600
645,-1.00949538,-16.29275131,77.21913584,2.29159990,-2.86609693,99.58806562,2.99221250,18.01148800,21.98985500,6.03942870,3.58172420,-13.01211900,13.62306200,-26.79233200,-40.03996000,4.64411500,-1.77601740,15.00003300,-0.01803769,4.20195250,4.23069000,5.64676600,21.48293900,-36.22583400,48.52306000,-5.86003540,0.38311943,10.94498000,54.98707200,-47.15374800,13.68973200,-45.64291000,16.86637700,-24.24417300,-13.23498000
646,-1.03451538,-16.35577583,77.23276264,2.31536750,-2.94122592,99.59735490,3.01754860,17.95297600,22.00907300,6.04348750,3.63722630,-12.92318800,13.65644600,-26.85634400,-40.10178400,4.63943620,-1.71080840,15.00003300,0.18464881,4.16096100,4.28196050,5.36976500,21.41617400,-36.15877500,48.57123000,-6.02577830,0.32465467,10.93781700,54.81878000,-47.24671000,14.00047000,-45.51269000,16.41906000,-24.07115700,-13.13538100
647,-1.05232978,-16.42478943,77.24244791,2.30149572,-2.99185126,99.63820608,2.99840190,17.94881200,22.03990200,6.04188780,3.67316630,-12.80944100,13.67970200,-26.85241500,-40.15380000,4.59879880,-1.61504980,15.00003300,0.31974354,4.13382000,4.35519030,5.08329200,21.35559800,-36.08728000,48.59783600,-6.03300500,0.26860142,10.93417300,54.58746000,-47.37510700,14.28420100,-45.30439800,16.32142600,-24.10475300,-12.99152500
648,-1.06308997,-16.49532127,77.25463372,2.29424324,-2.93385171,99.69808010,2.83297970,17.91569100,21.93296600,6.03109000,3.73105930,-12.66807300,13.57391550,-26.87815500,-40.25825000,4.61541000,-1.57908140,15.00003300,0.36168253,4.10379360,4.46382140,4.79463340,21.31043800,-36.07772400,48.62677400,-6.10091350,0.11774734,10.85986000,54.44915000,-47.53317300,14.52346200,-45.15558000,16.29578800,-24.16059500,-12.95677800
649,-1.06414306,-16.56882858,77.26728605,2.27640393,-2.92073071,99.74762070,2.71436210,17.89859200,21.80967900,6.01957600,3.81906030,-12.63642900,13.57445300,-26.81304000,-40.34202200,4.44453760,-1.49365060,15.00003300,0.45010710,4.09212600,4.55980060,4.54425760,21.28400400,-36.00104500,48.60837000,-6.13987730,0.14441365,10.78198600,54.36110300,-47.68299000,14.66068650,-45.09199500,16.44986500,-23.90120000,-12.84460450
650,-1.05375588,-16.64456558,77.26679658,2.28510366,-2.89773382,99.74638202,2.64552550,17.92830800,22.01637500,6.01558500,3.88695980,-12.51652500,13.45205200,-26.80546600,-40.25823600,4.42100600,-1.49067630,15.00003300,0.63976850,4.08263600,4.65007350,4.21785400,21.28153400,-36.08090000,48.65535400,-6.19061800,0.18132247,10.87109300,54.27178200,-47.79086700,14.81784300,-45.11900300,16.26731100,-23.77399400,-12.77430700
651,-1.03550577,-16.72131348,77.26450480,2.31700834,-2.97734303,99.77227564,2.63184360,17.86963300,21.90053200,6.01168700,3.94767240,-12.46397800,13.50080000,-26.84381700,-40.32927300,4.39517160,-1.45218620,15.00003300,0.61874840,4.07300300,4.76605750,4.01002450,21.27385100,-36.06382400,48.76493500,-6.20933400,0.07011411,10.91415400,54.01990000,-47.94238700,15.01544500,-45.12477500,16.44199000,-23.87954300,-12.55885500
652,-1.00802362,-16.79818916,77.26625706,2.32438890,-3.10807952,99.87262407,2.62514070,17.82014300,21.64913700,6.00732950,4.03044500,-12.42605900,13.63397800,-26.85013800,-40.42227000,4.41010670,-1.35658040,15.00003300,0.53470963,4.10209800,4.92465450,3.83897040,21.25758200,-35.92417500,48.85999000,-5.93991200,-0.01046572,10.88205500,53.80443600,-48.04515000,15.14919500,-45.17566300,16.48441900,-24.01076300,-12.24356900
653,-0.96854198,-16.87297440,77.25355796,2.36866150,-3.10563133,99.94966420,2.50014850,17.76414700,21.53304900,5.99505950,4.11613040,-12.40178700,13.61594900,-26.89281500,-40.57384000,4.40014740,-1.35407230,15.00003300,0.57373990,4.09423830,5.03849360,3.53105850,21.25509000,-36.03941300,49.04186000,-5.69203900,-0.02176074,10.84764700,53.64029000,-48.16375400,15.37720900,-45.22430000,16.55907800,-24.11065900,-12.14681200
654,-0.92333692,-16.94357109,77.24752031,2.38023247,-3.11065519,100.04294562,2.37299010,17.74383400,21.37502900,5.98892800,4.21735570,-12.40649800,13.59521400,-26.88734600,-40.66155600,4.41923570,-1.40387170,15.00003300,0.58909506,4.12273800,5.16450550,3.27013900,21.25669700,-36.10045600,49.19024700,-5.37907740,-0.00944692,10.70670400,53.56647000,-48.20412000,15.47247400,-45.33617800,16.66615500,-24.10741800,-11.90282600
655,-0.87590331,-17.00728989,77.23048381,2.39405407,-3.10685946,100.31840758,2.14781700,17.67732800,21.03840300,5.97600460,4.30908780,-12.46288000,13.74336900,-26.89036800,-41.13123300,4.37306800,-1.46786570,15.00003300,0.56277010,4.13492350,5.25998930,2.97267530,21.25665500,-36.14487000,49.31616000,-5.24041180,-0.02627849,10.53509300,53.60834000,-48.27823600,15.63639900,-45.37391300,16.92171900,-23.98395500,-11.90540300
656,-0.82778865,-17.06469154,77.21362313,2.41426368,-3.14075652,100.50423740,2.01806100,17.62686700,20.80383000,5.96280240,4.39882850,-12.54897500,13.85787000,-26.90749200,-41.47075300,4.38866760,-1.55710260,15.00003300,0.57068990,4.19153300,5.34022200,2.77905730,21.25643500,-36.11917000,49.38586800,-5.12764450,-0.01633576,10.31396400,53.67020000,-48.29583700,15.69113800,-45.50024800,16.88812400,-23.73947300,-11.87438900
657,-0.78036994,-17.11465645,77.23756934,2.41900093,-3.10606510,100.57915400,1.91097630,17.66833500,20.91831400,5.94557700,4.47927000,-12.59893400,13.79967200,-26.87104600,-41.53693800,4.38319640,-1.61493610,15.00003300,0.48906595,4.18539900,5.41030070,2.56373930,21.26175300,-36.22710800,49.59756000,-4.83310170,-0.11497527,10.35388850,53.58632300,-48.32182300,15.84858200,-45.51990500,16.77099200,-24.24191900,-11.89085800
658,-0.73931861,-17.15607071,77.25412251,2.43176288,-3.11779060,100.71707546,1.82459680,17.67365600,20.94274000,5.93955760,4.59773900,-12.65511400,13.87056300,-26.83018700,-41.66184000,4.30778300,-1.60820160,15.00003300,0.46771430,4.19281860,5.49308300,2.38621600,21.26527000,-36.24974000,49.68260600,-4.85655930,-0.13626537,10.40086700,53.61319000,-48.32401700,15.92455100,-45.55936000,17.35246500,-24.63413600,-11.72322700
659,-0.70327342,-17.19019127,77.27970666,2.50197029,-3.10320452,100.80954759,1.72170700,17.58468800,20.85087800,5.92832660,4.74521160,-12.66553300,13.83159700,-26.97155200,-41.88150000,4.48728700,-1.71817100,15.00003300,0.54542077,4.18746330,5.60319900,2.16718320,21.27048500,-36.29318000,49.78652000,-4.82613230,-0.17024387,10.39394000,53.71836000,-48.32691000,16.07064200,-45.62862000,17.60336100,-24.89562400,-11.73915900
660,-0.66961718,-17.21893311,77.30076024,2.51780947,-2.99312299,100.82587518,1.56380270,17.59851800,20.88253600,5.92342140,4.74298400,-12.61733150,13.74483000,-26.92300400,-41.97228200,4.33407700,-1.60415210,15.00003300,0.63804954,4.16686770,5.65669970,1.96320440,21.28640400,-36.34015000,49.89588500,-4.70637900,-0.17230116,10.39790400,53.75060700,-48.33477000,16.30880000,-45.60376000,17.67898200,-25.14500600,-11.74408900
661,-0.64100486,-17.24573135,77.29457817,2.47458898,-2.96291010,100.96396145,1.43731150,17.65916300,20.82402600,5.92003730,4.72417000,-12.56579600,13.75191800,-26.86291100,-42.06550000,4.35908700,-1.58965660,15.00003300,0.66180980,4.17139300,5.74360280,1.80748900,21.30461000,-36.16944000,49.83208500,-4.77965500,-0.12466934,10.36307500,53.82518400,-48.32675000,16.44811200,-45.55586200,17.74252100,-25.15506400,-11.81379100
662,-0.61115474,-17.27433968,77.29220285,2.43654110,-2.98652087,101.18125712,1.31174850,17.67148200,20.58600600,5.92055850,4.72952600,-12.57344200,13.86857400,-26.80234700,-42.25758700,4.37770600,-1.62704920,15.00003300,0.71876860,4.19896550,5.81731940,1.61055110,21.32186900,-36.03033400,49.72452000,-4.78967050,0.01801681,10.08822100,53.98064800,-48.32283800,16.52485700,-45.53589600,18.32791900,-24.99464600,-11.47077200
663,-0.57813889,-17.30516052,77.32061575,2.46570607,-2.96921670,101.25897562,1.19048490,17.59846900,20.31603000,5.91997580,4.83752870,-12.58763100,13.92525100,-26.80129800,-42.53193300,4.27942560,-1.61747850,15.00003300,0.86824960,4.21790900,5.92455000,1.42126680,21.33207100,-35.98538600,49.69845200,-5.14004000,-0.01370101,9.93465100,54.15957600,-48.32406000,16.63269000,-45.59336000,18.86263500,-25.10195500,-11.35098200
664,-0.54284525,-17.33932114,77.36405261,2.53292318,-2.90019704,101.22955974,1.06949850,17.50813500,20.16909800,5.90693700,4.98981300,-12.62773500,13.81953500,-26.87696600,-42.71436300,4.27168900,-1.67395070,15.00003300,0.97738004,4.17036500,6.00139900,1.25582230,21.36644400,-36.02345700,49.76337400,-5.51368300,-0.16533422,10.13052000,54.11742000,-48.33166000,16.91963000,-45.58754300,18.94857200,-25.37097400,-11.57010500
665,-0.51073015,-17.37646484,77.36966778,2.55223721,-2.92425629,101.32004876,1.02063780,17.50814200,20.19751200,5.90179200,5.08842470,-12.60572600,13.84877900,-26.88591200,-42.81450700,4.30043800,-1.58422500,15.00003300,1.13310590,4.15779350,6.07429550,1.08892100,21.38195400,-35.90787500,49.67855500,-5.81924530,-0.15631310,10.15140400,54.23372000,-48.33362600,17.06693300,-45.63900400,18.37244800,-25.30864500,-11.47684100
666,-0.48178130,-17.41547203,77.38251611,2.57845367,-2.89484413,101.42259205,0.91035130,17.49845900,20.24791700,5.89186900,5.13452630,-12.61213100,13.80952800,-26.88675500,-42.81290400,4.30525830,-1.59897200,15.00003300,1.27820650,4.14307830,6.12297340,0.91151536,21.38642900,-35.84656500,49.66156000,-6.00783400,-0.14050303,10.20258500,54.30659500,-48.33765800,17.14128100,-45.67428600,17.81075700,-25.16568600,-11.28445500
667,-0.46040624,-17.45572281,77.39107300,2.55998962,-2.88466883,101.52559055,0.81689180,17.51494400,20.21001200,5.86478100,5.19069900,-12.57884600,13.83415800,-26.82317500,-42.87783400,4.22711040,-1.59977610,15.00003300,1.30154310,4.07373860,6.19323600,0.70304376,21.39921600,-35.73644000,49.76395000,-5.94232850,-0.08258752,10.10211400,54.17203000,-48.36722600,17.39242700,-45.56524300,17.64807300,-25.08968200,-10.99837700
668,-0.44592503,-17.49725723,77.39182305,2.53291652,-2.87406337,101.64449872,0.70225840,17.52457800,20.11518900,5.85771750,5.30120700,-12.53751900,13.81958700,-26.81203500,-43.00024800,4.30394600,-1.60320220,15.00003300,1.29332050,4.01127530,6.28700600,0.54394317,21.41508100,-35.62957800,49.80846000,-6.00362300,-0.01474926,9.98949600,53.94088000,-48.42885600,17.68232700,-45.32188000,17.71463800,-25.13238700,-10.75568500
669,-0.43609160,-17.53969574,77.39700910,2.50198765,-2.84670221,101.71237711,0.59841865,17.54888000,20.07553100,5.84859900,5.38963030,-12.52632400,13.81101100,-26.74942400,-43.10227600,4.23356700,-1.53636850,15.00003300,1.31594850,3.99401430,6.34837630,0.41345388,21.41918600,-35.59468500,49.83086400,-5.89778230,0.03039191,9.92251100,53.90785200,-48.44868500,17.74076800,-45.25155600,17.59176400,-25.19030800,-10.66331100
670,-0.43069011,-17.58293152,77.39740470,2.42961017,-2.82172917,101.76683172,0.51469680,17.64601500,20.13833400,5.84236570,5.35926500,-12.46664700,13.76656800,-26.65171600,-43.14103000,4.21040700,-1.53773000,15.00003300,1.35286900,3.97935800,6.38160400,0.25408897,21.42367700,-35.59484000,49.86567700,-5.69256070,0.11164626,9.83665200,53.79329700,-48.48614000,17.82619700,-45.10719700,17.77733600,-25.45418000,-10.44439200
671,-0.42978036,-17.62327766,77.38930914,2.40523599,-2.88859295,101.92992681,0.47411212,17.63908200,20.05525200,5.84163200,5.38522600,-12.44344700,13.90175000,-26.61949700,-43.25701000,4.19055030,-1.51014440,15.00003300,1.37194470,3.97604100,6.45133800,0.11050804,21.42365600,-35.59808700,49.85289400,-5.66033800,0.21331517,9.63836700,53.78745000,-48.49791300,17.86430700,-45.01741400,18.28428500,-25.59974500,-10.02803300
672,-0.42924145,-17.65963173,77.38064593,2.39306661,-2.95598892,102.08801361,0.43811060,17.61452300,19.95895200,5.84088850,5.44815350,-12.43626500,14.01003900,-26.63912600,-43.41640500,4.27411560,-1.48502420,15.00003300,1.41220640,3.93564490,6.52752500,-0.06348088,21.42153000,-35.60091000,49.83019000,-5.56654830,0.26662377,9.46128500,53.80380200,-48.51947000,17.92369000,-44.90303000,18.41891300,-25.55510700,-9.68787800
673,-0.43003127,-17.68768311,77.36755994,2.34671258,-2.97727516,102.23869885,0.36120450,17.62795400,19.84428600,5.83320670,5.52156970,-12.44739900,14.09069100,-26.59107400,-43.56070700,4.28822760,-1.42273100,15.00003300,1.35645900,3.88586570,6.57822600,-0.18106343,21.41705100,-35.60396200,49.80003700,-5.32146900,0.25214252,9.38048800,53.78466400,-48.56208000,17.99510200,-44.74481000,18.33173200,-25.56973000,-9.38489200
674,-0.42900449,-17.70619011,77.36430090,2.28830539,-2.90742859,102.36080046,0.21306837,17.68613400,19.82444000,5.82511950,5.48295500,-12.44213500,14.07404500,-26.51181200,-43.71734600,4.25407650,-1.39119060,15.00003300,1.36873030,3.83734500,6.61579470,-0.32694170,21.41822400,-35.62558000,49.77877400,-5.20024000,0.21852466,9.30394200,53.87074300,-48.58703000,18.02981800,-44.60749000,18.31128100,-25.62089200,-9.15284600
675,-0.42403257,-17.71470833,77.37556413,2.28384356,-2.81537120,102.40124503,0.09017727,17.69780500,19.84775500,5.81966260,5.46858000,-12.41092100,14.03950600,-26.44749300,-43.81461300,4.09038730,-1.31055630,15.00003300,1.46595420,3.77581330,6.65148600,-0.47548930,21.42014500,-35.65400700,49.82261000,-5.25997350,0.19161974,9.30819800,53.97574600,-48.60766000,18.08440200,-44.54078300,18.51133700,-25.63651300,-9.08954600
676,-0.41830266,-17.71573067,77.37759856,2.28444720,-2.78403377,102.41285461,0.05040091,17.71537400,19.89453000,5.82625300,5.46695200,-12.36734800,13.99776100,-26.48465200,-43.93179300,4.17258260,-1.29934260,15.00003300,1.50519160,3.73005650,6.64496700,-0.54070270,21.42152600,-35.61670700,49.87685800,-5.29663750,0.14432277,9.37183800,54.02828200,-48.65836300,18.17459700,-44.50455500,18.53406100,-25.61388600,-9.10953200
677,-0.40946066,-17.71243286,77.38228637,2.28362904,-2.75235131,102.46560825,-0.01145097,17.71461500,19.85582700,5.82602360,5.43751100,-12.37907800,14.01241200,-26.46553200,-44.02870000,4.13403220,-1.29249610,15.00003300,1.44237230,3.68860130,6.65707830,-0.55965275,21.42323700,-35.58979000,49.89972000,-5.30225000,0.09745642,9.38043300,54.07288700,-48.66789200,18.18307500,-44.47700500,18.78210400,-25.64013100,-9.07006100
678,-0.39904878,-17.70805359,77.38468106,2.27338038,-2.74615581,102.49443850,-0.03862541,17.72220000,19.78784600,5.82508300,5.37905500,-12.44100700,14.02584000,-26.43813700,-44.06378600,4.12726830,-1.31367970,15.00003300,1.36090590,3.66001300,6.65240960,-0.52643144,21.42845300,-35.49402600,49.92605600,-5.39760100,0.11952082,9.41398400,54.08143000,-48.68129300,18.15257000,-44.49864200,19.23564300,-25.50353600,-9.03668300
679,-0.39115766,-17.70313454,77.37969839,2.25355938,-2.74139406,102.52792078,-0.05996174,17.75085000,19.77637100,5.83018970,5.21302840,-12.50802100,14.04254300,-26.40579800,-44.07996700,4.12506200,-1.30772200,15.00003300,1.21060500,3.63763140,6.57077460,-0.46432438,21.42914800,-35.42619300,50.01678000,-5.58341070,0.11175009,9.48261900,54.04642000,-48.67534600,18.10320700,-44.54083300,20.04451200,-25.17800000,-8.75217500
680,-0.38725364,-17.69861412,77.36737083,2.24239707,-2.77705745,102.62340596,-0.06132075,17.74723600,19.71652400,5.82604400,5.16396900,-12.52770900,14.13530100,-26.40233600,-44.14493600,4.16194530,-1.30399290,15.00003300,1.03563010,3.64411740,6.63592050,-0.37480828,21.44180000,-35.22293500,49.93329000,-5.54854700,0.06210850,9.45873400,54.14914700,-48.61572300,17.82381800,-44.64828000,20.38147400,-24.88191000,-8.47734300
681,-0.38671136,-17.69423294,77.36257160,2.23033442,-2.77881557,102.63256904,-0.03976583,17.79418800,19.86547900,5.82865140,5.17084500,-12.48574800,14.16130700,-26.39810000,-44.21120000,4.16750240,-1.27843860,15.00003300,0.93606126,3.61528680,6.64666460,-0.32164395,21.45563900,-35.17231800,49.93558500,-5.50693040,-0.10119464,9.61663800,54.19033400,-48.56087000,17.68484500,-44.68395600,20.54615200,-24.73419400,-8.42996100
682,-0.38945782,-17.68943024,77.36424379,2.23126123,-2.74997471,102.60730879,-0.04292149,17.81781000,19.97200800,5.83218240,5.17551100,-12.41342100,14.12972300,-26.41900300,-44.29108400,4.18312800,-1.24224140,15.00003300,0.86998564,3.55446200,6.65416670,-0.29195997,21.46234700,-35.16169700,49.96125000,-5.45057870,-0.21681006,9.54837000,54.19352700,-48.53637000,17.61679600,-44.66188400,20.74546800,-24.65864800,-8.27922700
683,-0.39646757,-17.68416214,77.35323790,2.16787612,-2.75951064,102.63518304,-0.05548807,17.86640700,19.85250500,5.83367300,5.21856800,-12.37848800,14.18435700,-26.33783500,-44.39969300,4.14428900,-1.17927490,15.00003300,0.90266633,3.52074100,6.67173430,-0.31497148,21.47985600,-35.19237000,49.91152000,-5.32791470,-0.12930860,9.14862250,54.24623000,-48.48661000,17.51255200,-44.56350700,20.74941000,-24.59376500,-8.04757800
684,-0.40381992,-17.67746735,77.35601116,2.12264143,-2.69306475,102.61705419,-0.10627758,17.93204500,19.91932100,5.82282920,5.17799850,-12.42839700,14.12737000,-26.27765500,-44.46603400,4.09214540,-1.18910570,15.00003300,0.87122050,3.47622560,6.63171500,-0.28848670,21.48825500,-35.19753000,49.94832000,-5.19986900,-0.14550573,9.12058400,54.23733500,-48.46038000,17.45615600,-44.48983800,21.30554200,-24.66982000,-7.80428200
685,-0.40999752,-17.67041016,77.35522772,2.10478228,-2.63459046,102.62410255,-0.17679770,17.93457200,19.84709000,5.81824400,5.17584700,-12.47007000,14.05326700,-26.27399300,-44.48463400,4.12975300,-1.20991800,15.00003300,0.84002220,3.43031740,6.60364700,-0.27803162,21.49276700,-35.20625300,50.00053000,-5.19952500,-0.09385209,8.83944100,54.22033000,-48.44630400,17.41040000,-44.42476700,21.75554000,-24.63431700,-7.50146400
686,-0.41431785,-17.66492653,77.34849267,2.10336917,-2.63400781,102.63611180,-0.19043289,17.90142800,19.71115000,5.80989400,5.26020500,-12.49540200,14.09493100,-26.26835400,-44.56712000,4.09236300,-1.10390650,15.00003300,0.77771790,3.39070920,6.61540170,-0.26768818,21.49815000,-35.20287300,50.06619000,-5.05836900,-0.07320023,8.65019000,54.19919600,-48.42080700,17.32614700,-44.36492500,21.52303700,-24.63341300,-7.45459900
687,-0.41175959,-17.66540337,77.36084535,2.11888473,-2.58087036,102.56577162,-0.19320290,17.93173800,19.92143000,5.80009370,5.29209470,-12.53088700,14.00957500,-26.29407500,-44.61718000,4.08536430,-1.08246170,15.00003300,0.69592500,3.34677960,6.55322460,-0.21580987,21.50146000,-35.16118200,50.19420600,-5.02923200,-0.20465681,8.79236900,54.15619700,-48.39281500,17.25339300,-44.38436000,21.69673700,-24.67511000,-7.45290470
688,-0.40579289,-17.67281342,77.35972707,2.09952127,-2.61619498,102.57640556,-0.15382700,17.97434000,20.00184800,5.78994660,5.34822300,-12.51790600,14.08318800,-26.24443200,-44.69739500,4.00688170,-1.00022140,15.00003300,0.69774926,3.35551430,6.57784100,-0.20921038,21.51435700,-35.06026500,50.16886500,-4.96783300,-0.21537067,8.60149200,54.22780000,-48.26825700,17.03479400,-44.44457200,21.89484600,-24.68825300,-7.26169100
689,-0.39460069,-17.68673325,77.36414836,2.10884262,-2.65158738,102.59306749,-0.13054548,17.96870600,20.01636300,5.77995540,5.49720900,-12.49591900,14.09937400,-26.25003200,-44.69508000,4.03494300,-0.99955670,15.00003300,0.63902890,3.34248110,6.54839900,-0.18434046,21.52162400,-35.02446700,50.18364700,-5.07708800,-0.30476460,8.54551600,54.16637800,-48.19765500,16.94441800,-44.46592300,22.15448800,-24.77822700,-7.18496940
690,-0.38033789,-17.70568848,77.37006273,2.10017154,-2.68706449,102.59690634,-0.10902619,17.98881100,20.03465300,5.77289530,5.61242000,-12.55001450,14.16422750,-26.18784700,-44.74082600,3.91782830,-0.91977060,15.00003300,0.58099100,3.33540030,6.51564070,-0.15885156,21.52552200,-35.00385700,50.17882500,-5.05613500,-0.36934027,8.55438700,54.07930800,-48.16514600,16.89150400,-44.47787500,22.39039600,-24.86002300,-7.10209850
691,-0.36351922,-17.72714615,77.37724729,2.11073672,-2.71556465,102.57192825,-0.07834401,18.00298100,20.11703300,5.76487640,5.63686800,-12.61495500,14.15340800,-26.21164000,-44.77649000,3.95994930,-0.89599260,15.00003300,0.63516104,3.33661840,6.51946070,-0.18609415,21.54372600,-34.95604300,50.17424000,-4.81402500,-0.29117396,8.60023800,54.03412000,-48.01910800,16.79761500,-44.51275300,22.24191900,-24.93345300,-7.05413340
692,-0.34558386,-17.74846840,77.37440000,2.08674629,-2.74846759,102.61388444,-0.08146570,18.03675500,20.10771200,5.75140600,5.67056270,-12.65513000,14.20026800,-26.18743500,-44.90402000,3.98125720,-0.81823550,15.00003300,0.63466614,3.33778930,6.51577760,-0.23276661,21.56109200,-34.92726000,50.18214400,-4.63476200,-0.23146309,8.65259200,53.99196200,-47.87237000,16.73323200,-44.48352400,22.06483300,-24.99037700,-7.07712800
693,-0.32531828,-17.76729774,77.37494182,2.06852400,-2.76209252,102.62795002,-0.09256486,18.06994200,20.10513500,5.73939900,5.70596840,-12.69692500,14.20679600,-26.14965000,-44.93547400,3.97254920,-0.76429325,15.00003300,0.60533170,3.34124350,6.49628350,-0.24949294,21.57359700,-34.91438300,50.19416000,-4.52735200,-0.23857263,8.69795300,53.92605200,-47.78537400,16.68643000,-44.48518800,22.12472700,-25.06040800,-7.12364770
694,-0.30249888,-17.78211212,77.38118556,2.05685487,-2.77574098,102.60341017,-0.09208772,18.09102200,20.05008700,5.72855330,5.74416300,-12.80861100,14.18963700,-26.09686900,-44.86123000,3.93552570,-0.76458610,15.00003300,0.65841335,3.34429220,6.47168540,-0.27867618,21.59881400,-34.90860000,50.21373000,-4.51631200,-0.19613831,8.74818100,53.84848000,-47.63311800,16.65730900,-44.49262000,22.19325000,-25.07064800,-7.17466350
695,-0.27879909,-17.79076385,77.38722365,2.07219669,-2.79043555,102.58073808,-0.07759095,18.09271800,20.05111300,5.71920870,5.78465200,-12.89129100,14.16217800,-26.10435700,-44.80515000,3.96861580,-0.76628274,15.00003300,0.67144360,3.37257200,6.42801430,-0.27441856,21.60359800,-34.85445000,50.27520800,-4.48621850,-0.17332208,8.80231200,53.82061800,-47.58970600,16.65427800,-44.59672500,22.25612000,-25.15699600,-7.33444800
696,-0.25511390,-17.79224777,77.39092018,2.09459914,-2.81094967,102.57941110,-0.05484283,18.08735800,20.06660700,5.70351900,5.80115750,-12.93886000,14.20390000,-26.09106300,-44.81730700,3.90336280,-0.67771240,15.00003300,0.63845480,3.38450480,6.39992700,-0.26223248,21.60773300,-34.76971400,50.37418700,-4.38075700,-0.15485285,8.84762500,53.78756700,-47.52908000,16.65252300,-44.69109300,22.27590400,-25.33250800,-7.40698100
697,-0.23211518,-17.78638458,77.39212678,2.10493622,-2.82520460,102.57752591,-0.03659453,18.09196500,20.05044400,5.68870930,5.83310270,-12.97735300,14.23514700,-26.06284300,-44.80940600,3.85508870,-0.60619706,15.00003300,0.63054710,3.36473320,6.36991930,-0.27917328,21.62269400,-34.75171700,50.49034000,-4.25958200,-0.14458278,8.82665500,53.67049800,-47.37142000,16.70322800,-44.66834300,22.25165000,-25.43070200,-7.51775930
698,-0.21004896,-17.77294540,77.38727067,2.11027371,-2.84804304,102.58153430,-0.00905545,18.10298300,20.02439100,5.68084140,5.87383400,-12.98923300,14.28782100,-26.00417900,-44.74340000,3.76641750,-0.49314130,15.00003300,0.64383930,3.34113760,6.32414050,-0.31316537,21.63470600,-34.80971500,50.62190600,-4.12777950,-0.16572884,8.76652500,53.60693700,-47.26440400,16.78042600,-44.63254000,22.18093300,-25.72157700,-7.61226600
699,-0.18786921,-17.75312805,77.38770453,2.13835849,-2.83088019,102.54258214,0.00665174,18.09749200,20.03445000,5.66094970,5.90980100,-12.97636000,14.22479200,-26.01172800,-44.60732300,3.80142350,-0.45058468,15.00003300,0.64123830,3.28494050,6.27824600,-0.33265024,21.65275200,-34.84573400,50.77404400,-4.15478130,-0.11821261,8.81052400,53.56953400,-47.15548300,16.81762500,-44.64270000,22.12820200,-25.70370000,-7.71217440
700,-0.16514207,-17.72812080,77.40280248,2.20205344,-2.74516906,102.44768437,-0.02617299,18.05499300,20.04300900,5.64515350,5.94131330,-12.88247100,14.09093900,-26.03673000,-44.47622700,3.75406810,-0.38624337,15.00003300,0.68290840,3.19626740,6.24310640,-0.38866020,21.68753800,-34.98839600,50.98287600,-4.29716830,-0.11708115,8.93093200,53.45921000,-47.02780000,16.94087400,-44.58075300,21.95830000,-25.78043000,-7.85705040
701,-0.14423150,-17.70119286,77.40738373,2.23848934,-2.68896216,102.41575613,-0.05053217,18.03381200,20.03090700,5.62778800,5.98894450,-12.82586100,14.06185300,-26.02508500,-44.46959300,3.66190840,-0.25919077,15.00003300,0.67356910,3.16551800,6.24140400,-0.40347567,21.70026800,-35.01338600,51.12175800,-4.39597030,-0.13868609,9.02762200,53.48700700,-46.98980300,16.99097600,-44.61790500,21.93619200,-25.85954500,-7.95157960
702,-0.12375215,-17.67648125,77.40068027,2.24007458,-2.68741607,102.46451571,-0.05879632,18.03873400,19.96884700,5.61294400,6.06195700,-12.83998300,14.12455100,-25.98607300,-44.50039700,3.61415170,-0.18526848,15.00003300,0.63966560,3.16227170,6.21426250,-0.40658876,21.71272300,-35.00760700,51.21521000,-4.44440600,-0.20161992,9.05540600,53.51501000,-46.95034400,17.03085700,-44.63106500,21.95244000,-25.99664900,-8.02829700
703,-0.10056631,-17.65750504,77.39862547,2.25102392,-2.68270533,102.48893087,-0.06961913,18.02492700,19.85695500,5.59412700,6.12333770,-12.85432900,14.08007000,-26.03738400,-44.50602000,3.80103040,-0.24189319,15.00003300,0.66232480,3.15945220,6.19003300,-0.42521453,21.72211000,-34.98687000,51.28769000,-4.52063700,-0.22741947,9.05854600,53.54697400,-46.92240000,17.07637800,-44.66300200,21.86753000,-26.00698300,-8.05830900
704,-0.07298524,-17.64535141,77.40866318,2.30592084,-2.68291312,102.47050543,-0.06150309,17.98770000,19.84236500,5.61202800,6.16072200,-12.79467600,14.12599600,-26.04213100,-44.56796000,3.69656090,-0.09915233,15.00003300,0.74091953,3.11932750,6.17039630,-0.47100005,21.75465400,-34.92990000,51.41776000,-4.78308200,-0.18491438,9.04512200,53.43339000,-46.83539200,17.23129800,-44.65429000,21.48092700,-25.78563500,-8.16992700
705,-0.04502554,-17.64145279,77.41691833,2.32888523,-2.68275969,102.45062036,-0.06467024,17.98624600,19.81233000,5.62610440,6.16542200,-12.73321500,14.12534300,-26.02930300,-44.55246000,3.66184830,-0.06282467,15.00003300,0.84949570,3.11637760,6.16706280,-0.52020230,21.76948400,-34.85986000,51.46105200,-4.85137560,-0.16192906,9.03358200,53.38560500,-46.80211300,17.34280800,-44.67277500,21.24317700,-25.88382300,-8.19787000
706,-0.01574717,-17.64560127,77.43457474,2.36032896,-2.63278868,102.42915850,-0.12231002,17.97428700,19.79598600,5.62290800,6.14281850,-12.69408100,14.04611300,-26.04310600,-44.55298200,3.66309480,-0.08632228,15.00003300,0.89537394,3.07899830,6.15824270,-0.56455630,21.80712900,-34.79889300,51.51478000,-4.88095050,-0.18863153,9.05595200,53.19734600,-46.74888200,17.57523500,-44.58220700,21.13618700,-26.04345700,-8.25109500
707,0.01198316,-17.65711212,77.44660737,2.39535835,-2.67195088,102.43213093,-0.10183816,17.94912500,19.76504500,5.62849430,6.18338600,-12.65864500,14.09541000,-26.05794500,-44.59775000,3.63625290,-0.06759456,15.00003300,0.93751530,3.06412050,6.18273400,-0.61600490,21.82205400,-34.74898000,51.54760700,-5.01135700,-0.21132964,9.08567600,53.13665800,-46.72838200,17.65211500,-44.61390700,21.03829600,-26.11573800,-8.23488100
708,0.03684338,-17.67328262,77.45756303,2.43045077,-2.71253050,102.42480770,-0.08398300,17.91335000,19.70265000,5.63569400,6.23454330,-12.68106700,14.13097100,-26.10459100,-44.69300000,3.66498760,-0.04222465,15.00003300,0.90547570,3.01921250,6.20326230,-0.62294910,21.86562500,-34.71105600,51.57416500,-5.12938550,-0.25348480,9.09564600,52.92761000,-46.66893000,17.77642800,-44.55376000,20.90479000,-26.14404700,-8.21254600
709,0.05755975,-17.69150734,77.46725896,2.44120750,-2.76071164,102.38381739,-0.04469871,17.90726500,19.63905300,5.64351220,6.25294260,-12.70402050,14.16008300,-26.11866000,-44.74759700,3.67629080,-0.04197015,15.00003300,0.90130650,2.98272250,6.22710130,-0.65063920,21.88833200,-34.70442200,51.61303000,-5.17807530,-0.29040512,9.10098400,52.80832000,-46.63908400,17.80252600,-44.54773300,20.81797800,-26.20057000,-8.12956600
