Frame,root_translateX,root_translateY,root_translateZ,root_rotateX,root_rotateY,root_rotateZ,left_hip_pitch_joint_dof,left_hip_roll_joint_dof,left_hip_yaw_joint_dof,left_knee_joint_dof,left_ankle_pitch_joint_dof,left_ankle_roll_joint_dof,right_hip_pitch_joint_dof,right_hip_roll_joint_dof,right_hip_yaw_joint_dof,right_knee_joint_dof,right_ankle_pitch_joint_dof,right_ankle_roll_joint_dof,waist_yaw_joint_dof,waist_roll_joint_dof,waist_pitch_joint_dof,left_shoulder_pitch_joint_dof,left_shoulder_roll_joint_dof,left_shoulder_yaw_joint_dof,left_elbow_joint_dof,left_wrist_roll_joint_dof,left_wrist_pitch_joint_dof,left_wrist_yaw_joint_dof,right_shoulder_pitch_joint_dof,right_shoulder_roll_joint_dof,right_shoulder_yaw_joint_dof,right_elbow_joint_dof,right_wrist_roll_joint_dof,right_wrist_pitch_joint_dof,right_wrist_yaw_joint_dof
0,0.15304096,-0.09584824,78.27948532,2.53096321,-1.48781644,101.76789634,5.03562800,16.82908000,19.18099800,5.90856000,5.49450540,-11.24960700,16.18489000,-25.54142800,-36.65423200,4.88170200,3.98696020,15.00003300,0.35250944,4.72642100,6.80314540,4.34728700,20.37576000,-35.42658000,65.30536000,-4.15950600,1.67022850,9.61207200,44.11483400,-42.98092700,35.82336800,-25.90379300,19.64638000,-30.30201000,-8.77887250
1,0.14574701,-0.06204955,78.28582237,2.51708290,-1.39447646,101.92911263,4.91916000,16.84339100,19.18181600,5.87602700,5.55356600,-11.26711100,16.18149000,-25.42615300,-36.50609600,4.76937870,4.00477200,15.00003300,0.35577118,4.80477760,6.75735570,4.36868570,20.39518000,-35.40698600,65.07744000,-4.40472800,1.67829550,9.58349200,44.28321500,-43.21684600,35.96956600,-25.95666300,19.79345000,-30.01737200,-9.13074600
2,0.13519594,-0.02414285,78.29812820,2.44893791,-1.38188087,102.08201599,4.85831930,16.87006000,18.92182000,5.85655930,5.55344530,-11.32767800,16.17288400,-25.35205700,-36.42038700,4.93877030,3.91036630,15.00003300,0.35080916,4.86770800,6.74422800,4.40279600,20.41346200,-35.35539600,64.90852000,-4.49931860,1.66428710,9.42611800,44.50365000,-43.42614400,36.05841000,-25.98044200,20.07293500,-29.80108500,-9.23008500
3,0.12658979,0.01744878,78.30869566,2.42525882,-1.41443493,102.20044035,4.87303400,16.87661400,18.79552000,5.85129600,5.58902500,-11.36129100,16.31977500,-25.28307300,-36.45799000,4.87513880,3.91960840,15.00003300,0.32629073,4.87911650,6.74990000,4.46854100,20.42953000,-35.28393600,64.76400000,-4.55755570,1.63863090,9.33325500,44.68595500,-43.57421500,36.09565000,-26.01717600,20.03050600,-29.53361000,-9.26131800
4,0.11954402,0.06135793,78.29952251,2.48383805,-1.40476244,102.25411795,4.86680940,16.78769300,18.67874500,5.85043900,5.57033300,-11.36703500,16.34364900,-25.38870600,-36.53545400,4.98981500,3.87203840,15.00003300,0.33460015,4.85149530,6.75214500,4.54173760,20.44665500,-35.16350000,64.66003000,-4.66899700,1.59887900,9.34160400,44.87451600,-43.72064000,36.12558000,-26.14143000,20.45454800,-29.04139500,-9.27381800
5,0.11268924,0.10494571,78.27199410,2.48643172,-1.30618413,102.30607766,4.77495050,16.77946700,18.63197900,5.84693900,5.43001560,-11.40279000,16.28883700,-25.40778500,-36.60505300,5.03572900,3.74404530,15.00003300,0.17214954,4.80590250,6.69744440,4.67777250,20.47564700,-35.08199300,64.58189400,-4.79282860,1.56346190,9.37255800,45.09403200,-43.83145000,35.94354000,-26.30159000,21.68020800,-28.33131800,-8.65317300
6,0.10783429,0.14758682,78.26825780,2.48207433,-1.31369015,102.40726978,4.77664500,16.78626600,18.59963000,5.84934000,5.40157560,-11.35732900,16.45353100,-25.33746700,-36.69823000,4.87225100,3.77772200,15.00003300,0.16614282,4.83164360,6.70531560,4.72898530,20.50662000,-35.05349300,64.45862000,-4.77662200,1.54230230,9.32960500,45.29588000,-43.94931000,35.93374600,-26.37838200,22.00216000,-28.09391600,-8.52067400
7,0.10352632,0.18759274,78.26701420,2.48588973,-1.28682215,102.49915572,4.74847400,16.79338600,18.61756700,5.84972800,5.40616940,-11.32319000,16.49081600,-25.37031200,-36.84177000,4.95752860,3.64158250,15.00003300,0.10833983,4.82578130,6.70625540,4.79828640,20.53921000,-35.02264800,64.35567000,-4.77202200,1.54879260,9.27489600,45.46964000,-44.05652600,35.91545500,-26.43674000,22.36175700,-27.85981600,-8.51054900
8,0.10182957,0.22467612,78.28323842,2.45984149,-1.24720347,102.57243642,4.70906200,16.83093800,18.61763600,5.84818740,5.45587500,-11.22189900,16.53583300,-25.33801000,-36.99603300,4.95225100,3.57502960,15.00003300,0.12828735,4.82263660,6.71045500,4.80996200,20.55506100,-35.05562200,64.28815000,-4.49275160,1.57708170,9.16516300,45.57311000,-44.10323000,35.98272700,-26.32844400,22.16548200,-28.06798400,-8.90598400
9,0.10296294,0.25817904,78.24032546,2.46610054,-1.22243581,102.70355830,4.66004800,16.84179300,18.62676000,5.85190800,5.26546200,-11.20476400,16.68254000,-25.33114200,-37.28925300,4.86388400,3.51839420,15.00003300,0.05136720,4.79064130,6.68537900,4.80192200,20.59454700,-35.08232000,64.28675000,-4.59505560,1.58339990,9.20460500,45.72553300,-44.18356000,35.97229800,-26.41367300,23.02455500,-27.53152500,-8.31874200
10,0.10879143,0.28772506,78.23308707,2.48823665,-1.28783932,102.84797541,4.68010100,16.82296400,18.55284300,5.86932000,5.26501560,-11.17838400,16.85704000,-25.37188100,-37.53078500,4.93484000,3.35743700,15.00003300,0.08428022,4.77451130,6.67255930,4.78510240,20.61555500,-34.97496800,64.21184500,-4.64678600,1.60655220,9.06904500,45.90309500,-44.22170600,35.94804000,-26.48986400,24.13098000,-27.16943000,-7.98009200
11,0.11641174,0.31667507,78.21658632,2.47871269,-1.28125292,102.90384692,4.67542500,16.86251300,18.60678900,5.87715100,5.18814130,-11.12284850,16.96223400,-25.35249000,-37.78102500,4.87628300,3.32234930,15.00003300,0.08884955,4.77049830,6.68320900,4.80618240,20.63960300,-34.90762000,64.15858500,-4.60245850,1.60454060,8.97129200,46.03380000,-44.25863300,35.93736000,-26.51437200,24.24764000,-27.08712400,-7.89174900
12,0.12586816,0.34520879,78.22129338,2.51093124,-1.21176328,102.87680935,4.62584640,16.83525500,18.59403400,5.88077450,5.24223330,-11.11116900,16.95758400,-25.39390600,-37.99413000,4.81942500,3.23362110,15.00003300,0.12595652,4.74226950,6.69660900,4.82524500,20.64288900,-34.89068000,64.14667000,-4.73712100,1.61381630,8.94788600,46.10494600,-44.26253000,35.94278000,-26.50687800,24.36484100,-26.89063300,-7.89964630
13,0.13339294,0.37280804,78.19498230,2.52966452,-1.13030523,102.84623548,4.59979340,16.86921700,18.80585700,5.87847000,5.14903600,-11.05199200,16.88650300,-25.42638800,-38.02436000,4.83156800,3.30172320,15.00003300,0.08215225,4.73020740,6.72065600,4.84953800,20.66750700,-34.92590300,64.19116000,-4.62327400,1.59383170,9.07119100,46.13366300,-44.29150000,35.99140000,-26.56009000,24.31806400,-26.94904500,-8.05278100
14,0.14084411,0.39663148,78.20216593,2.54582680,-1.09060635,102.85395023,4.55056140,16.83088100,18.65829500,5.87808100,5.19453530,-11.07825300,16.91052400,-25.43922200,-38.19789000,4.78516770,3.25803700,15.00003300,0.09733479,4.72194340,6.72230400,4.91179940,20.70422200,-34.83422000,64.11995000,-4.76596000,1.60257760,9.05490500,46.23608800,-44.32995600,36.01834000,-26.58906700,24.05631400,-26.76302100,-8.07897600
15,0.14490917,0.41657510,78.19695268,2.50786087,-1.07995044,102.91015233,4.54282670,16.90443400,18.73805000,5.87889670,5.16420200,-11.05110200,16.93272000,-25.39370500,-38.25046500,4.81920580,3.32713800,15.00003300,0.05739360,4.74036070,6.75171000,4.95105930,20.74200400,-34.74718500,64.05256000,-4.68682430,1.57452020,9.03704200,46.28052000,-44.36488300,36.02078600,-26.58411800,24.16189600,-26.89015200,-7.89232830
16,0.15042637,0.43048206,78.17674112,2.50200908,-1.07455918,102.98122386,4.52878950,16.93694700,18.79332200,5.87761100,5.09494400,-11.05816650,16.95991700,-25.37452100,-38.27407000,4.84148840,3.33445880,15.00003300,0.05968627,4.74381300,6.75021120,4.94447370,20.77577200,-34.61914400,64.02880000,-4.69109340,1.58695190,9.05023300,46.37581600,-44.39346700,36.03317000,-26.62343600,24.04931000,-26.82652500,-7.63614200
17,0.15511334,0.43924385,78.17810962,2.49072886,-1.08423516,103.06923509,4.50046900,16.93892300,18.69581200,5.87284700,5.10829100,-11.06990500,17.00802200,-25.34495500,-38.30209400,4.86156500,3.34724860,15.00003300,0.05925358,4.75718930,6.79326400,4.92159270,20.80830800,-34.57414200,63.94965700,-4.79042630,1.66161610,9.02491300,46.41272400,-44.42178700,36.09929000,-26.58579000,24.06781000,-26.79383000,-7.47425300
18,0.16343617,0.44169059,78.19432762,2.45595915,-1.04096866,103.07878557,4.44299840,16.98678600,18.68036300,5.88179160,5.16660450,-11.03595200,16.97867200,-25.28580000,-38.35564400,4.82784700,3.35747840,15.00003300,0.10901960,4.75906560,6.79395630,4.90157900,20.81938000,-34.55368400,63.90299000,-4.82494500,1.63012170,9.02754400,46.41761000,-44.43034000,36.11931200,-26.51830900,23.79093400,-26.72924200,-7.50054900
19,0.17347151,0.43931472,78.19144450,2.47016980,-1.07359185,103.12668618,4.44835100,16.97130600,18.63196200,5.88209500,5.19450500,-11.08288400,17.04321500,-25.29898300,-38.43706000,4.83962060,3.37680500,15.00003300,0.13003370,4.76550440,6.82742930,4.86969570,20.84919200,-34.50586000,63.84650000,-4.82824230,1.65726830,9.02778100,46.44375200,-44.44696800,36.20175000,-26.54544800,23.80754000,-26.74315800,-7.46382900
20,0.18687540,0.43288952,78.19275106,2.49174598,-1.08413552,103.13582154,4.44898700,16.96164500,18.64860500,5.88490060,5.24373300,-11.07506200,17.06375700,-25.31602300,-38.47852300,4.83345460,3.37584020,15.00003300,0.18213424,4.76506500,6.83134030,4.83169100,20.85580800,-34.50368500,63.81011600,-4.92133330,1.64281630,9.01053400,46.44026600,-44.45096200,36.23303000,-26.57184400,23.81437100,-26.63392800,-7.46975900
21,0.20281941,0.42322236,78.18705676,2.48560030,-1.08294591,103.18508535,4.41093700,16.97729300,18.60834700,5.88921800,5.23928200,-11.07574750,17.08768000,-25.29866800,-38.58147400,4.83017830,3.31093600,15.00003300,0.20347205,4.74268150,6.81400500,4.76536600,20.87657200,-34.48109400,63.80803300,-4.98883630,1.64726000,9.03316100,46.43902200,-44.45907200,36.29634000,-26.57078600,23.79289000,-26.48607800,-7.49142800
22,0.21903189,0.41363329,78.17499388,2.50574718,-1.13148913,103.28054315,4.41650700,16.98031200,18.64684500,5.89828870,5.24210200,-11.06430900,17.18897800,-25.31007400,-38.70709000,4.84033780,3.30270300,15.00003300,0.21895677,4.74483200,6.83079620,4.70396230,20.88482300,-34.46188700,63.75452400,-5.05079900,1.62716580,9.02642250,46.48308600,-44.46000000,36.31905700,-26.60106500,23.79589000,-26.46123300,-7.57553700
23,0.23516198,0.40598735,78.16006298,2.52949779,-1.18507424,103.35956930,4.43727300,16.97897500,18.69118100,5.90348670,5.22183470,-11.01577300,17.30874800,-25.33050200,-38.87444700,4.82933000,3.31297900,15.00003300,0.22683431,4.74248600,6.85857250,4.62823500,20.89740400,-34.42939800,63.74354000,-5.00859260,1.61490190,8.99736500,46.53290600,-44.45942700,36.34928000,-26.66732200,24.10104000,-26.36903000,-7.57588240
24,0.24956332,0.40242752,78.13761801,2.51956808,-1.20005363,103.49576290,4.39300700,17.01029200,18.68526600,5.90602060,5.15487000,-11.02156900,17.40351700,-25.31200600,-39.06002400,4.84510100,3.32324050,15.00003300,0.19150640,4.75165900,6.89325760,4.56323340,20.92647600,-34.35060000,63.69752000,-4.97622300,1.62954500,8.94310700,46.60647000,-44.45194600,36.36116000,-26.70369500,24.24852800,-26.23125600,-7.57954260
25,0.26529831,0.40354967,78.13806028,2.52091088,-1.18484099,103.56749766,4.34722330,17.03244800,18.71334800,5.90902950,5.18733300,-10.94762900,17.44075000,-25.28313000,-39.16650400,4.80990460,3.35105320,15.00003300,0.15786709,4.73701900,6.92918500,4.52405100,20.95278000,-34.33846000,63.67393000,-5.12991050,1.61756310,8.83614500,46.63863800,-44.44178000,36.36633300,-26.69982500,24.29472200,-26.22577700,-7.48764470
26,0.27989361,0.41063139,78.13112578,2.55316958,-1.17785059,103.59304304,4.32824330,17.01047300,18.70730400,5.91519450,5.19810530,-10.92081000,17.45972000,-25.31107900,-39.23559000,4.81248660,3.31720420,15.00003300,0.20798892,4.72951500,6.94891260,4.50925830,20.99302900,-34.27118700,63.61417800,-5.32368200,1.63582780,8.78615600,46.67740000,-44.42342800,36.41005300,-26.73278600,24.15864600,-26.04544400,-7.56362200
27,0.29314506,0.42281860,78.11124125,2.57803771,-1.13907046,103.63654527,4.27792300,16.99907900,18.71479400,5.91235350,5.15181540,-10.92839000,17.45546000,-25.31033900,-39.26178400,4.78372300,3.30168680,15.00003300,0.26417223,4.71891000,6.97561600,4.45390200,21.03970100,-34.27042000,63.58770000,-5.50987340,1.65199480,8.80201150,46.69680400,-44.40712700,36.55364200,-26.71452900,23.90639300,-25.92698100,-7.72152950
28,0.30163911,0.43918547,78.11126868,2.56417835,-1.10391288,103.66599092,4.23125550,17.01534700,18.65403400,5.91261430,5.15365650,-10.94050100,17.45885300,-25.28159300,-39.33638800,4.76824300,3.26976320,15.00003300,0.25624588,4.71163100,6.97661830,4.46944800,21.06410600,-34.21923400,63.57301300,-5.52344800,1.65124030,8.80557800,46.74842500,-44.39103000,36.57316000,-26.69221900,23.68124600,-25.94228600,-7.90979240
29,0.30883184,0.45700803,78.08473753,2.58501611,-1.05907751,103.64808390,4.21862030,17.03208200,18.79045300,5.91430430,5.06584200,-10.93388300,17.43268400,-25.29113600,-39.36063000,4.73569250,3.30365780,15.00003300,0.32934800,4.71781250,6.95377450,4.46684000,21.07428400,-34.19257400,63.56772000,-5.53241900,1.64616800,8.69369400,46.81721500,-44.38494500,36.61796000,-26.73336600,24.06227700,-25.96341100,-7.81758200
30,0.30959383,0.47703212,78.08976231,2.59912821,-1.03887481,103.66088891,4.19609070,17.00437000,18.70750400,5.91539200,5.09294750,-10.92941000,17.45134400,-25.30385400,-39.43041000,4.71996970,3.33659340,15.00003300,0.35671517,4.72653340,6.96595800,4.47207700,21.08046300,-34.15570400,63.55451200,-5.51975970,1.68443250,8.67279500,46.87858600,-44.37986400,36.63751200,-26.72165100,23.88384000,-25.90758500,-8.01172700
31,0.30494803,0.49700657,78.10281496,2.60915786,-1.04161533,103.70105130,4.19034340,16.97784000,18.62914800,5.91665700,5.16180560,-10.94918300,17.47727400,-25.32906500,-39.46143000,4.76787850,3.39217690,15.00003300,0.30782118,4.72668550,7.01131600,4.53790240,21.10360700,-34.02960000,63.49105000,-5.47541570,1.70279000,8.70990900,46.92878300,-44.35381300,36.66367000,-26.69825700,23.37205000,-26.00988400,-8.09376800
32,0.29561698,0.51586598,78.11690728,2.59072296,-1.00603677,103.72861532,4.14242300,16.97266400,18.50805900,5.91670100,5.18651630,-10.91880300,17.48313700,-25.29843900,-39.50217400,4.73372300,3.45948620,15.00003300,0.29226908,4.71967740,7.05026800,4.57514300,21.12846800,-33.98151400,63.41847200,-5.54307270,1.73996150,8.66901600,46.92209000,-44.33069200,36.71656400,-26.57951700,23.05484200,-26.05918900,-8.20084300
33,0.28391483,0.53198123,78.13284223,2.55284856,-0.96266251,103.68010101,4.13257460,17.01704400,18.53300500,5.91773130,5.19367000,-10.82010500,17.42925800,-25.26466000,-39.50576000,4.72335620,3.49460000,15.00003300,0.37899807,4.75886700,7.07030300,4.64129600,21.13725500,-33.87631000,63.34589000,-5.10805900,1.78231970,8.54588500,46.89194500,-44.31483000,36.84755700,-26.43430500,22.16106200,-26.63297000,-8.68425900
34,0.27103519,0.54553622,78.13435073,2.55165260,-0.93047094,103.70592007,4.09432700,17.00570000,18.49508700,5.92121460,5.17851300,-10.80151900,17.41931500,-25.25723500,-39.50359000,4.70562030,3.54721620,15.00003300,0.36709377,4.74539470,7.07671800,4.66992660,21.14441900,-33.79010000,63.30195600,-5.10905930,1.81964310,8.55121100,46.92523600,-44.29796200,36.88252600,-26.36365700,22.22721000,-26.60435900,-8.68254300
35,0.25613436,0.55618757,78.10775008,2.51511756,-0.86113527,103.79961728,3.99008440,17.02835700,18.41475900,5.91234250,5.02127840,-10.86391450,17.40021300,-25.19875500,-39.50983000,4.67744000,3.57014560,15.00003300,0.24097264,4.74669400,7.05899000,4.70044760,21.15034300,-33.71270400,63.28883000,-5.15812600,1.83050360,8.58501600,47.02001600,-44.28241700,36.78783800,-26.37255300,22.74732800,-26.31620400,-8.26185700
36,0.24459369,0.56467718,78.12118537,2.53154630,-0.85268943,103.83055496,3.96658230,16.97923500,18.31522400,5.90989500,5.09093050,-10.92102200,17.40630100,-25.22826800,-39.51230600,4.69757400,3.63759640,15.00003300,0.18844126,4.75087550,7.11088560,4.74061800,21.15308200,-33.67410000,63.25401700,-5.02735850,1.87057160,8.56906800,47.11295000,-44.26806600,36.69610600,-26.40159000,22.66064800,-26.43558100,-8.23867100
37,0.23835579,0.56970489,78.12939374,2.50741812,-0.86024468,103.78102205,3.96538300,16.96115000,18.11163700,5.91743900,5.03912260,-10.85155000,17.39549600,-25.20377000,-39.50446000,4.68634270,3.70470330,15.00003300,0.34566630,4.79889600,7.16862060,4.72109170,21.15308200,-33.56307200,63.14642700,-4.99831100,2.01754430,8.17562000,47.21620000,-44.24509000,36.63900000,-26.37692800,22.56867600,-26.59763700,-8.03947200
38,0.23771156,0.57550782,78.12472174,2.51327144,-0.82682735,103.76715678,3.93129560,16.94341300,18.05872500,5.91721150,5.00966450,-10.86142800,17.34679800,-25.20074700,-39.43057300,4.67896300,3.74482130,15.00003300,0.33311477,4.80569030,7.19444700,4.75752000,21.15211100,-33.48468000,63.11779000,-4.88233850,2.02452900,8.13553700,47.30948000,-44.22367500,36.57597000,-26.41138600,22.87322600,-26.86519400,-7.80308100
39,0.24391459,0.58260244,78.12259635,2.53685712,-0.80881083,103.75844000,3.91658190,16.92170100,18.05494500,5.92033530,5.02300070,-10.85724700,17.32033300,-25.22089200,-39.41093400,4.68624970,3.80911730,15.00003300,0.31530353,4.80828240,7.22000740,4.80844550,21.15058700,-33.34851500,63.06376600,-4.74188000,2.05158800,8.12617000,47.42194000,-44.17633400,36.45889000,-26.45095600,22.34095800,-27.05900400,-7.74054700
40,0.25387907,0.59206825,78.11712837,2.51047948,-0.74910140,103.81923582,3.81866880,16.93475300,17.90123000,5.91239170,5.00233170,-10.93817000,17.28826300,-25.17113100,-39.46401600,4.68558400,3.80487060,15.00003300,0.34558383,4.84749750,7.23542900,4.79147960,21.14596700,-33.24586000,63.05109000,-4.59617500,2.00984330,8.11415300,47.54726000,-44.12961600,36.41131200,-26.46371300,22.16817500,-27.11092000,-7.78664300
41,0.26711142,0.60582519,78.11169214,2.62840639,-0.80069684,103.81540099,3.86605220,16.77224000,17.73980100,5.90950630,5.05825330,-10.94478800,17.34453400,-25.33437700,-39.47633700,4.75807300,3.82009600,15.00003300,0.30290064,4.79977370,7.28956500,4.80036000,21.14859600,-33.22865700,63.07120000,-4.82289900,2.02591440,8.29563900,47.62960400,-44.07658000,36.35527400,-26.57666400,21.69089500,-26.98525000,-7.94613000
42,0.28176188,0.61891162,78.09814090,2.63945463,-0.79376319,103.90988442,3.80529600,16.74281100,17.55362900,5.91327300,5.02169800,-10.98892900,17.36711700,-25.31078100,-39.42776500,4.78086330,3.85088660,15.00003300,0.28912637,4.80171350,7.30079840,4.77146630,21.15063700,-33.15798600,63.07415800,-4.76471470,2.02364590,8.19680900,47.78012000,-44.02416600,36.28036000,-26.66416500,22.36400000,-26.98421500,-7.47971000
43,0.29414856,0.63194841,78.07869070,2.61854764,-0.68606362,103.93285141,3.70625110,16.80922000,17.68174000,5.90750650,4.96294200,-11.01868500,17.28715900,-25.25427000,-39.44232600,4.72433200,3.82176850,15.00003300,0.23091374,4.79226900,7.29450600,4.77270650,21.15334300,-33.14006400,63.19116600,-4.76682230,1.88446430,8.47743600,47.90028000,-43.95415500,36.15803000,-26.70659000,22.84252200,-27.02682100,-7.55117500
44,0.30134401,0.64282918,78.07199100,2.69376539,-0.72795595,103.98716738,3.71225880,16.69184900,17.47682600,5.91085900,4.99646950,-11.08357050,17.36832200,-25.33651400,-39.46436300,4.74911200,3.80965690,15.00003300,0.23996724,4.78037900,7.31661100,4.76060530,21.15484000,-33.13044400,63.17705500,-4.78362460,1.92812490,8.40923900,48.02633700,-43.89299800,36.08368000,-26.82517800,22.94305400,-26.76728000,-7.42853300
45,0.29996234,0.64985186,78.09175607,2.65276707,-0.70113290,103.94049070,3.69101860,16.71822000,17.38666300,5.91481070,5.02710400,-11.06025000,17.31960300,-25.29413800,-39.46851000,4.74933150,3.81157610,15.00003300,0.28719872,4.76141640,7.33328000,4.78360560,21.15809600,-33.11328000,63.14875000,-4.67055500,1.89130490,8.41028200,48.09173600,-43.81141700,35.98124700,-26.74497800,22.91400500,-26.79206500,-7.47741650
46,0.29021028,0.65466368,78.09620287,2.70078893,-0.73119942,103.93580292,3.71144130,16.62059600,17.21883000,5.91595170,5.04600760,-11.05961700,17.33858100,-25.38116500,-39.46808600,4.81374030,3.79719260,15.00003300,0.32146740,4.73438300,7.35247900,4.80088230,21.15673300,-33.07105600,63.11742800,-4.74661900,1.92893580,8.38081000,48.15108500,-43.77217000,35.94618000,-26.78107500,22.97629000,-26.56109800,-7.51554000
47,0.27223948,0.65787518,78.10382940,2.69026597,-0.70661536,103.95583699,3.66513660,16.58470200,17.05600500,5.91481640,5.00514360,-10.96994200,17.31048800,-25.37322800,-39.41269000,4.81798840,3.80711100,15.00003300,0.29674685,4.71889900,7.37887800,4.83860350,21.14915000,-32.94918000,63.10270700,-4.83219530,1.94425550,8.29685000,48.24433500,-43.73208000,35.84779400,-26.76065800,22.80588200,-26.51268200,-7.73989500
48,0.25027871,0.65779567,78.12348667,2.54979349,-0.64426827,103.96607715,3.57382700,16.69801100,16.89015600,5.91472000,4.92781640,-10.93806900,17.22025900,-25.21904400,-39.44794000,4.83909600,3.80411840,15.00003300,0.42280530,4.78495600,7.42259740,4.82966660,21.12489300,-32.77676400,62.98210000,-4.60870100,2.00016360,7.87123160,48.22535300,-43.67116500,35.82415000,-26.50693500,22.49261900,-26.54929500,-7.70652680
49,0.22733328,0.66133112,78.12499410,2.54499800,-0.63486945,103.98127964,3.55472100,16.66899100,16.80448700,5.91512870,4.88317500,-10.91379600,17.24727800,-25.21284900,-39.48343000,4.78417350,3.87004570,15.00003300,0.40029022,4.78318500,7.45328400,4.87425200,21.10606800,-32.69058000,62.93578300,-4.51475500,2.00201270,7.75918340,48.28274500,-43.62944000,35.74325600,-26.46457900,22.32167400,-26.58112300,-7.70922700
50,0.20686544,0.66663760,78.13429698,2.51050799,-0.62533910,103.97018696,3.54978970,16.68222400,16.75426100,5.91509000,4.86580100,-10.92978400,17.23352600,-25.19477800,-39.50781200,4.79760500,3.84265900,15.00003300,0.39555097,4.77385470,7.46350860,4.91189600,21.09431300,-32.64988300,62.93765000,-4.51457700,1.94725930,7.68960570,48.28697200,-43.60829000,35.68285000,-26.39609500,22.45090100,-26.63454800,-7.64008430
51,0.19041458,0.67647904,78.14302852,2.49951773,-0.60519626,103.94307611,3.54212300,16.66776500,16.68885600,5.91313840,4.86019850,-10.92805200,17.21666500,-25.20187200,-39.52848000,4.79524600,3.79843570,15.00003300,0.36242813,4.74470200,7.47675130,4.94656560,21.08412700,-32.66037000,62.96257400,-4.50269000,1.94763860,7.65933600,48.30483600,-43.58703000,35.61115300,-26.34051100,22.58931700,-26.70195200,-7.60780760
52,0.17927068,0.69200671,78.13632287,2.53262822,-0.59088238,103.96473091,3.52636980,16.61148600,16.62607000,5.91477600,4.82172780,-10.89087300,17.24653000,-25.23830000,-39.55500400,4.76437760,3.80988300,15.00003300,0.36596859,4.72362500,7.47443870,4.90561530,21.05474500,-32.75315000,63.05026000,-4.56862640,1.96203880,7.65030240,48.45706000,-43.51330000,35.44336300,-26.36282700,22.56119700,-26.76948400,-7.57214200
53,0.17410076,0.71169883,78.13542200,2.54891989,-0.56981638,103.95509261,3.51538920,16.57405900,16.55363500,5.91530280,4.79889540,-10.87268200,17.23812700,-25.26977300,-39.60412200,4.78621770,3.84668160,15.00003300,0.31335658,4.67947300,7.45074750,4.95603300,21.04812000,-32.74545300,63.10415600,-4.55619900,2.00042320,7.65653130,48.51317000,-43.49043000,35.37374000,-26.32411400,22.38964500,-26.94239200,-7.64253900
54,0.17223920,0.73760951,78.15385410,2.56923138,-0.55927531,103.95161312,3.52134320,16.54392000,16.52147100,5.91555930,4.88615370,-10.82300600,17.25759700,-25.28354600,-39.60073500,4.76478500,3.86143350,15.00003300,0.27356118,4.62845370,7.45865900,4.96310330,21.03534000,-32.84106400,63.17357600,-4.64322760,2.03806140,7.62286140,48.63641400,-43.39835000,35.17625400,-26.32061200,22.96602000,-27.01434000,-7.63677930
55,0.17401345,0.76989073,78.15166035,2.56246264,-0.50861260,103.95682851,3.48477150,16.55082500,16.47270200,5.91464600,4.85878660,-10.79663500,17.21438400,-25.26864600,-39.56068400,4.78869300,3.88365500,15.00003300,0.26214900,4.60816800,7.44593100,4.98128750,21.03119700,-32.82758000,63.25843000,-4.67698760,2.03084730,7.61213800,48.71795300,-43.36675000,35.12491600,-26.31375000,23.52920500,-27.03054800,-7.58947800
56,0.18015875,0.81084603,78.15134305,2.57068064,-0.47112071,103.99075780,3.46123980,16.55530500,16.45961200,5.91517730,4.87282600,-10.76623200,17.22438800,-25.24701100,-39.55361000,4.76898000,3.89948150,15.00003300,0.26466846,4.57698730,7.43493560,4.97392560,21.02618200,-32.83806600,63.34428400,-4.76939340,2.06748600,7.55736060,48.83948500,-43.27977000,35.03941000,-26.27870600,23.62685800,-27.00329800,-7.60507970
57,0.18942027,0.86337131,78.16315777,2.57144128,-0.47171387,103.92453158,3.53889970,16.59029800,16.56486300,5.91546540,4.94017030,-10.74599200,17.21783000,-25.24677500,-39.49955400,4.81090740,3.98785100,15.00003300,0.21785222,4.53052850,7.41006100,5.10728600,21.02349900,-32.73171200,63.42409500,-4.76858660,2.06756450,7.58631700,48.93161800,-43.19796000,34.90422000,-26.26585800,23.75545500,-27.11201900,-7.56766400
58,0.20370682,0.93118536,78.15525199,2.58364572,-0.45877303,103.91228384,3.59547600,16.62559900,16.67772100,5.91522740,4.94858740,-10.76536200,17.25489800,-25.21006200,-39.41802000,4.77139300,4.10076400,15.00003300,0.18559565,4.50011000,7.37777300,5.19426540,21.03220400,-32.69779600,63.51648000,-4.75133100,2.05838000,7.56010530,49.08083000,-43.09117500,34.81094400,-26.25557300,23.98292700,-27.15668700,-7.36122300
59,0.22243452,1.01743150,78.14043625,2.58598799,-0.36577509,103.90857222,3.56712400,16.65995000,16.70596700,5.91220240,4.90051750,-10.76629900,17.14223500,-25.19767600,-39.25338700,4.90066700,3.99914550,15.00003300,0.12977105,4.43000000,7.30939900,5.30025900,21.06391500,-32.67595000,63.61872000,-4.73839400,2.05977770,7.60760800,49.29358700,-42.94289000,34.64597700,-26.20173800,24.52173000,-27.27694500,-7.25609300
60,0.24523008,1.12430811,78.14891350,2.57864452,-0.30786992,103.89489169,3.59676550,16.71159700,16.72393600,5.90438900,4.99377870,-10.85398800,17.15990300,-25.13288000,-39.21266600,4.87719500,4.02468060,15.00003300,0.06561662,4.38311340,7.26962760,5.46780160,21.09604500,-32.61335400,63.70511000,-4.72633800,2.06268000,7.57019100,49.48454300,-42.83095600,34.51175700,-26.15644500,25.19406700,-27.25751900,-7.21888540
61,0.27360055,1.25221705,78.14813414,2.62776600,-0.19317397,103.78051666,3.61592800,16.69747200,16.72521600,5.90503700,5.07010300,-10.97263800,17.07148200,-25.14513400,-39.05466000,4.87850800,4.06190820,15.00003300,-0.03008326,4.30445050,7.21279500,5.75923350,21.13595400,-32.43871300,63.79249600,-4.88736960,2.05613570,7.71876050,49.71282200,-42.69580500,34.29666500,-26.16625200,25.51788100,-27.43120200,-7.56370930
62,0.30641976,1.39757538,78.11627222,2.65143760,-0.00156991,103.73227383,3.54506830,16.73027400,16.74722500,5.89891960,5.01085700,-11.14206400,16.87911400,-25.11484100,-38.77916000,4.96367650,3.97808070,15.00003300,-0.06387873,4.26095530,7.15383630,6.02557600,21.21505200,-32.24453000,63.80612000,-5.02628300,2.02581670,7.69077970,50.02718000,-42.47989300,34.08482000,-26.15035800,26.37482600,-27.57135200,-7.44229000
63,0.34179565,1.55816412,78.10545892,2.68084572,0.11228631,103.69917528,3.56761300,16.76093900,16.78283700,5.88449600,5.07035300,-11.28438000,16.95640000,-25.00283200,-38.71062500,4.71752740,4.11627530,15.00003300,-0.19484924,4.20843840,7.09754850,6.38666500,21.29027000,-32.06714200,63.82997000,-4.82947000,1.86628870,7.65287540,50.36655800,-42.26388000,33.82078600,-26.15907500,27.38200600,-28.30613700,-7.34998660
64,0.37959385,1.72721720,78.08269100,2.66163070,0.32344357,103.69682483,3.48099370,16.85875100,16.82592000,5.87155150,5.04627370,-11.42664050,16.70254500,-24.98549500,-38.49201200,5.02949860,3.93892500,15.00003300,-0.36464718,4.13204670,7.00562200,6.73885060,21.37926000,-31.87197300,63.83940500,-4.74511800,1.84993210,7.74503950,50.75140400,-42.04876300,33.36408200,-26.14032200,28.97753700,-28.21464500,-7.58579730
65,0.42328480,1.90208316,78.07067087,2.65541552,0.45658607,103.60493782,3.51726720,16.95131900,16.91973000,5.86937200,5.07987740,-11.57760500,16.76682700,-24.79877500,-38.38469000,4.69473900,4.18288040,15.00003300,-0.48504552,4.06866900,6.95828600,7.14181140,21.47317500,-31.69483200,63.87498500,-4.53065800,1.73380330,7.84864660,51.07742300,-41.81526600,32.95231600,-26.09971000,29.02206200,-28.63401600,-8.09823500
66,0.47078142,2.07677770,78.04526162,2.71449052,0.69007702,103.58764671,3.42869660,16.98784800,17.08679600,5.85590500,5.16712000,-11.80738400,16.47255300,-24.88967900,-38.19717800,5.06857870,4.00827650,15.00003300,-0.62682450,3.97716160,6.86562000,7.53204770,21.58444800,-31.55680500,63.82989000,-4.24815460,1.65707740,7.76355460,51.54629500,-41.54955000,32.27369300,-26.13792200,31.01720800,-29.20333700,-8.46036800
67,0.52310878,2.25003076,78.00843207,2.71968081,0.85537065,103.57593755,3.43879870,17.15015400,17.51674300,5.84816740,5.18263800,-11.92904950,16.52275500,-24.68030000,-38.03041500,4.72173070,4.24335960,15.00003300,-0.76471233,3.91185830,6.80291000,7.92660140,21.68636700,-31.32191000,63.81412500,-4.26018520,1.60185970,7.75574350,51.84507400,-41.31735600,31.50234800,-26.10818000,32.10911000,-29.17920900,-8.73846800
68,0.57505780,2.41951537,77.99325480,2.73568119,1.09445576,103.50116172,3.33603790,17.20860500,17.54906000,5.85024500,5.23397200,-12.08405200,16.37068700,-24.62312900,-37.96438200,4.68207400,4.18134400,15.00003300,-0.88935740,3.82162480,6.78227200,8.40591600,21.82525000,-31.07404700,63.66106800,-4.17371030,1.33227010,7.91620250,52.22588700,-41.02647000,30.30313700,-26.01872600,34.18200000,-29.71580900,-9.31488900
69,0.62571782,2.58411717,77.96543737,2.84239139,1.20044921,103.39679882,3.38099770,17.14254200,17.54072000,5.85126600,5.28452200,-12.30937100,16.31470000,-24.71940400,-37.85003000,4.75517370,4.13797330,15.00003300,-0.91554254,3.69740700,6.78463650,8.79293250,21.95732700,-30.98938000,63.57196800,-4.15389730,1.14714910,8.04404600,52.49383000,-40.81622000,29.11606600,-25.85146700,35.57398200,-29.81224400,-10.09774700
70,0.67033070,2.74235129,77.95236913,2.83492296,1.35810327,103.35429309,3.32420780,17.21855500,17.53409000,5.88354400,5.31594600,-12.50161200,16.02225100,-24.77423500,-37.56056600,5.23334600,3.97638730,15.00003300,-0.90077030,3.65371250,6.83894200,9.26185600,22.09956000,-30.40636800,63.17379800,-4.24867000,1.07559130,8.18441300,53.02687000,-40.59356700,27.12345000,-25.49662800,37.90240000,-29.59269100,-11.07407500
71,0.71077913,2.89588618,77.92594950,3.00303481,1.57599403,103.32101851,3.20851680,17.10237700,17.61268200,5.92462640,5.41951200,-12.62341100,16.01817300,-24.80115500,-37.40687600,4.88577030,3.98309680,15.00003300,-0.84930230,3.52192300,6.94077600,9.71400000,22.28910400,-29.95578800,62.81410600,-4.41048200,0.74178980,8.28050800,53.90731400,-40.36567300,24.05568100,-25.24474700,39.83284800,-29.75687200,-12.24973300
72,0.73308229,3.03679967,77.91118266,3.05541239,1.79828043,103.27630672,3.07086090,17.08738900,17.62287500,5.97160700,5.44433640,-12.77115100,15.87605300,-24.86892000,-37.49907700,4.93873800,3.85819130,15.00003300,-0.73727530,3.33688430,7.01492700,10.18575700,22.49778200,-29.64026600,62.27729800,-3.98808150,0.52139497,8.35362000,54.65691400,-40.26812700,20.15106200,-24.14251100,40.43279600,-29.70575500,-14.42889500
73,0.73296499,3.16619682,77.87162627,3.15812235,2.12782676,103.10523385,2.88418630,17.03225100,17.84985500,6.04339500,5.40668340,-13.13194000,15.36539500,-25.16079700,-37.36613000,5.42922350,3.50353050,15.00003300,-0.50139654,3.21403620,7.16944600,10.76143200,22.67851800,-29.03490600,61.55182000,-3.25852920,0.40760761,8.40240500,55.61791600,-40.26854700,14.99715100,-22.26727000,42.13688000,-29.13649600,-16.48351300
74,0.69917071,3.28816104,77.87388703,3.27845117,2.20406308,103.05820335,2.92894740,16.99248300,18.34289600,6.15806440,5.17195300,-13.10637800,15.39448100,-25.32802800,-37.33426000,5.40421600,3.59155960,15.00003300,-0.31497374,3.10056610,7.43007000,11.40740400,22.80475800,-28.13862400,60.58086400,-3.62296700,0.27770734,8.73331450,56.16336400,-40.31736400,9.53284300,-19.09526000,43.63167600,-27.60717200,-18.32602500
75,0.62765127,3.40057540,77.90408909,3.43040239,2.19356026,102.87391092,3.17393260,16.95728500,19.30024300,6.28461200,5.58065300,-13.01154300,15.49436200,-25.64513800,-37.63431500,5.42639300,3.92252600,15.00003300,-0.22193784,2.87931540,7.62464240,12.24056600,22.88470300,-27.90979200,59.54090000,-2.76959320,0.18915944,8.83794000,55.41907000,-40.37366000,5.20779040,-13.89121800,43.09125500,-27.30674600,-20.72618300
76,0.50576633,3.51487064,77.95198760,3.59388984,2.23728267,102.50514190,3.40047620,16.83384500,20.14454700,6.46885970,5.72460650,-12.76395200,15.39168700,-26.09278300,-37.70326000,5.57542600,4.40031340,15.00003300,-0.12370295,2.62034560,7.93601100,13.26978000,22.84599700,-26.53889300,58.42285000,-3.91827230,-0.19149315,9.24566200,53.97669000,-40.22028000,1.63512890,-7.96100330,43.52820200,-25.51906400,-22.26179900
77,0.33228329,3.62749434,77.89867620,3.58702777,2.70420908,102.37451807,3.09008930,16.80766300,20.53832000,6.57512300,5.42399170,-12.82188900,14.90474200,-26.26921000,-37.55338000,5.63262940,4.43719960,15.00003300,-0.11988427,2.37103770,8.07220400,14.17029900,22.80979500,-25.40720400,57.41433000,-4.60871550,-0.46868350,9.29487400,52.03910400,-39.99341600,-1.07139250,-1.96596340,42.31543700,-21.82195500,-22.35501900
78,0.11281048,3.74316645,77.98730356,3.50629991,2.89458763,102.12078684,2.44772080,17.00132200,20.52890400,8.07338300,4.90615940,-12.51484500,14.64156300,-26.42484000,-37.38249600,5.74911260,4.62936400,15.00003300,0.09314426,2.06254050,8.29403800,15.04336100,22.80816500,-24.04138000,56.15822600,-5.12699800,-0.58899500,8.86846300,48.94017800,-39.61273000,-3.07295660,5.91948180,41.06606000,-18.56148000,-22.53672000
79,-0.15589541,3.85882592,77.96801313,3.39348767,3.20460919,101.61920427,1.60030690,17.29655000,20.68066200,10.05029500,3.76311680,-12.78890000,14.29200300,-26.72618000,-37.73692300,5.80752000,4.53425460,15.00003300,0.31403294,1.72212200,8.58113000,15.57022700,22.97553800,-23.14364000,55.38520000,-6.12706500,-0.83574826,9.03510500,44.89029300,-39.17700000,-4.35378840,14.45670800,41.25237000,-13.82908700,-19.95912000
80,-0.45953387,3.96892476,78.00031738,2.95528704,3.28619232,101.42272204,0.82248730,17.91089400,20.44196500,12.05382400,2.58948950,-12.72396600,14.10621400,-26.48068000,-37.22395700,5.94965360,4.46921000,15.00003300,0.64899784,1.56133020,8.88791100,15.63698700,23.26467100,-22.23609700,54.55309000,-6.15292000,-0.99192100,9.27854600,40.69306000,-38.71766300,-4.27393250,23.75489400,40.43998700,-11.11830200,-18.59172400
81,-0.75985485,4.06491184,77.93532444,2.82684555,3.82197862,100.85584916,-0.42556810,18.42588200,21.00301400,14.57265900,1.30411350,-12.75756100,13.35244100,-26.67855600,-36.98276500,5.94378900,4.21417300,15.00003300,1.11503570,1.25523090,9.14229800,15.58361700,23.81282200,-21.82187500,53.58909600,-6.11456100,-1.39255360,9.58044600,35.45611600,-38.27504000,-3.18591900,34.14399000,40.02559300,-7.78089400,-16.19587100
82,-1.05558074,4.13614082,77.91800820,2.44850392,4.12808943,100.22697653,-1.54435280,19.09358200,20.91621800,17.12414700,0.12131278,-12.83126700,12.78654300,-26.60721200,-36.75255200,5.98245860,4.15583320,15.00003300,1.61086310,1.16608080,9.60238500,15.24638800,24.53519000,-21.01677700,52.36355600,-6.46374700,-1.26297300,9.24875600,30.35910000,-37.75728600,-1.08491770,42.63611600,39.18055300,-5.58119200,-15.00645700
83,-1.31824255,4.17072010,77.84825851,1.81825230,4.29612446,99.56037654,-2.58568200,20.17092900,20.94390100,19.83117500,-1.38309700,-12.65125400,12.25139900,-26.17600400,-36.22550000,6.04335700,4.38040200,15.00003300,1.99821160,1.07427140,10.03587800,14.71436600,25.36609600,-19.98274800,51.03947000,-6.17880730,-1.37069330,9.27422700,25.59111800,-37.11124800,1.07942150,48.72943000,38.65518000,-4.60937700,-13.95472100
84,-1.52335989,4.16213226,77.69376205,1.33936407,4.35708080,98.78018539,-3.75205760,21.21502100,20.89539300,23.04539100,-2.88620040,-12.67071100,11.83905300,-25.98667300,-36.00766000,6.11834570,4.60684540,15.00003300,2.45038600,1.03915790,10.65832400,13.74125300,26.36059400,-19.46183200,49.78426700,-5.99595930,-1.31094650,8.93970900,20.19571300,-36.36318600,4.14743400,54.67889400,37.65241200,-3.45694830,-12.39230800
85,-1.64148808,4.08941460,77.55523848,1.06524816,4.12930889,98.00012131,-3.96414900,21.80664400,21.07093200,24.74875600,-3.96409460,-12.72027800,11.60963600,-25.86701200,-35.31217200,6.13835200,4.55959030,15.00003300,2.79177400,0.85941100,10.90270200,13.39087300,27.35625500,-18.75846000,48.35029200,-5.08249860,-1.22983980,9.23066700,16.77506400,-35.43483400,6.38086940,56.80204800,35.08970600,-2.45052220,-12.57048600
86,-1.65468347,3.94451332,77.27789999,0.79320776,4.18546986,96.82202097,-4.59755200,22.66242600,21.41928300,27.00623500,-5.48892160,-12.71447000,10.77758700,-25.67674800,-34.26819600,6.12741370,4.48642200,15.00003300,3.50338700,0.84069280,11.32478800,12.67340600,28.47136300,-18.17433200,46.77778200,-4.87515600,-1.05819010,8.91518800,11.84687900,-34.13467000,9.49118000,59.80191000,32.65003200,-1.32900260,-11.35506100
87,-1.57596338,3.71549916,77.06959691,0.57656125,4.36044153,95.55221263,-5.26435200,23.48878000,21.86942700,28.97640600,-6.39269350,-12.81517500,9.75612200,-25.52358800,-33.38853000,6.08442070,4.49696600,15.00003300,4.09294460,0.60833806,11.76771400,12.05581500,29.68336100,-17.56943000,45.78393000,-4.05707260,-1.03941040,8.72204500,7.82938800,-32.35238600,12.37811600,61.42681000,30.68567500,-0.65521090,-10.86414300
88,-1.40118456,3.37722254,76.93130791,0.29983121,4.32268284,94.06732588,-5.61210780,24.84314300,23.13529800,31.16202400,-7.52389340,-12.71085000,8.69476600,-25.14288900,-32.07899500,6.03568120,4.67551950,15.00003300,4.86555100,0.22574286,12.10812300,10.93298150,31.10323500,-17.70682100,45.65008000,-3.24785350,-0.95436990,9.00460100,3.61451840,-30.19811800,16.00133300,61.64202500,28.49229600,-0.06452313,-10.24209300
89,-1.16553581,2.93785858,77.02759180,0.20176067,4.15327755,92.63685134,-5.54951500,25.53722800,23.81805800,32.21652200,-8.31620400,-12.85665700,7.87053700,-24.77135700,-30.68215000,5.64431570,4.83392400,15.00003300,5.62827440,-0.04568000,12.56676300,9.82976600,32.19860500,-18.00895000,45.75766400,-2.37337330,-0.83966106,9.80081100,0.31523582,-28.31196600,19.38967700,59.84130500,24.61294700,1.22826660,-8.96717700
90,-0.87130105,2.36830521,77.17305501,0.40372790,3.74085545,90.73003336,-5.44411300,26.37584900,25.08989000,34.32821700,-9.20973100,-12.86626500,6.59379430,-24.72012300,-28.26657700,5.79729300,4.61367100,15.00003300,6.61340570,-0.81457794,12.88565400,8.49662100,33.32341800,-19.07952700,46.82636000,-0.49405637,-1.60609710,10.22689800,-3.02180500,-26.64895000,23.63050800,57.29840000,19.59322200,1.75921740,-7.40863560
91,-0.59382123,1.72331190,77.28885843,0.46805569,2.87135167,89.01784249,-4.85128550,27.16886500,25.91965100,35.98340200,-10.06796800,-13.09344200,6.13422870,-24.35961000,-26.06140000,5.49742460,4.62372160,15.00003300,7.41095450,-1.26340100,13.02230700,7.38309240,34.41731000,-20.52037400,47.76651400,2.43770740,-2.50482850,10.58306700,-7.35684600,-25.31680700,27.57454900,53.83676500,15.78153900,1.70260270,-5.39751530
92,-0.34704134,1.01827538,77.43447712,0.65050924,2.02754036,87.38045070,-4.11464550,27.74813800,26.92438100,37.20358300,-10.93811500,-12.91143500,5.44862370,-24.19003300,-23.69786000,5.57419800,4.71819300,15.00003300,7.88282000,-2.40791820,12.97066300,6.75945100,35.80899400,-21.97417600,49.03124600,4.99361130,-2.72231460,11.12920300,-13.04461500,-23.70183000,31.16444400,50.77102300,13.74071400,1.70100090,-4.43054400
93,-0.15471357,0.28790522,77.68702876,0.64576988,1.09671558,85.87086665,-3.07244400,28.55812000,28.32101000,37.97789400,-11.58422200,-12.88215800,4.77907700,-23.70795000,-21.08067500,5.87057800,5.41690100,15.00003300,7.90261550,-3.49032120,12.88764900,7.22079200,37.34102600,-22.76500300,49.67723000,6.82414630,-3.05802320,11.35214800,-19.52107000,-21.88586000,34.16896000,47.57464200,11.98672700,1.66493280,-3.05320790
94,-0.00562193,-0.44445550,77.91833715,0.43511870,0.28501184,84.05817375,-1.70067510,29.44780500,29.97388000,38.18840000,-12.29637500,-12.95464100,3.80878850,-22.70084800,-17.61875200,6.04695940,6.13012600,15.00003300,7.86628600,-4.37909100,12.43492000,8.23059000,38.37382000,-22.44947400,51.22717700,7.68942500,-3.09480480,11.41894500,-26.78205000,-20.80451400,36.68206400,42.68642400,11.18285600,1.87982680,-2.25521970
95,0.08252292,-1.14446056,78.13000489,-0.23370930,-0.49992529,82.80555512,-0.63550540,30.49646800,30.81215000,37.98703800,-12.64935300,-13.57950700,3.30004330,-21.32771100,-15.36537800,6.21729100,7.36255400,15.00003300,6.73967800,-5.15264130,12.09467100,11.24355400,39.75254400,-20.62784000,50.73784300,8.44676800,-3.14914040,11.67174700,-35.61318000,-19.45499200,38.89930300,38.67117000,11.42428500,2.28999200,-1.14747740
96,0.17636308,-1.81667316,78.24438962,-0.56055318,-1.16308302,81.60827995,0.82147370,31.21822500,32.54224000,37.19437000,-13.09008900,-14.07540100,2.69607900,-20.31096300,-12.96246500,6.36367130,7.93531750,15.00003300,5.55704400,-5.84970400,11.51588900,14.46242100,40.63923000,-18.50939000,50.39150200,8.46950800,-2.96200350,12.01469400,-44.36069000,-18.71127300,41.06415600,34.35180700,11.45290000,2.41307120,-0.63200240
97,0.31094885,-2.44738650,78.40635363,-0.80272951,-1.26326756,80.13018447,2.03484250,30.98312600,33.40043000,34.99658200,-12.67495900,-14.70114100,1.41213040,-19.22945400,-10.36045100,6.47235440,8.72040700,15.00003300,4.18120600,-6.19828370,10.93118900,17.67419600,41.01035300,-16.24779500,50.54341500,6.59527870,-2.85581730,11.81163000,-53.32941400,-18.58148600,42.65486500,30.21625000,12.29688550,2.44574640,-0.25351948
98,0.51557571,-3.05642486,78.53686636,-0.95456031,-1.67318057,78.49262574,3.22022770,30.76024600,33.84529500,33.49039500,-12.41282750,-15.00003300,0.55448770,-18.18434100,-7.94375370,6.51095700,9.31646700,15.00003300,2.81036230,-6.34631100,10.37842400,20.55524000,40.94103200,-14.49794100,50.69639000,5.61612300,-2.64498470,12.16528900,-62.18591300,-19.05270400,44.43654600,27.27381500,13.86207400,1.84005330,0.38221598
99,0.79728746,-3.62601161,78.69178476,-0.70484404,-2.12774254,77.29381724,4.28047940,30.03835500,33.98610000,31.84830300,-11.50878100,-15.00003300,0.11561666,-17.77365100,-5.96890640,6.62449360,9.70378600,15.00003300,1.37661090,-6.24589200,9.85785100,22.98388900,40.47702400,-13.23746000,51.12869300,3.98486070,-2.59153100,11.77293500,-71.14468000,-20.06847200,45.96337500,24.62979000,15.61427300,1.17632890,0.65021900
100,1.19026232,-4.15450144,78.99659579,-0.40868163,-2.40554920,76.05638165,5.10316900,29.33392000,33.84465000,30.29473500,-10.22178700,-15.00003300,-0.27118520,-17.51933000,-4.73543800,6.70047200,10.85552600,15.00003300,0.19734827,-5.81148000,9.37851800,24.75722300,39.70113000,-12.25650900,51.74070400,1.87228290,-2.38367500,10.87274300,-79.77309000,-21.62522500,48.33346000,21.72232800,17.62421200,-0.39648938,0.71279730
101,1.67571545,-4.62847710,79.17085688,0.10327148,-2.18652883,75.64196978,5.44790170,28.09945500,33.31746000,27.68228500,-8.55884500,-15.00003300,-0.95327705,-17.64021900,-3.28155020,7.46063570,10.55496700,15.00003300,-1.29717200,-5.38180600,8.90681650,26.59362200,38.72745000,-12.05555600,52.63518500,0.80495760,-2.33764390,10.51125900,-89.18759000,-23.60506400,50.57563400,20.34189000,18.75984400,-1.18324350,0.92181456
102,2.25698280,-5.06926727,79.47380396,0.35730322,-2.06363615,74.95962082,5.61637200,27.81060600,32.98076200,26.38101200,-6.97545500,-15.00003300,-1.78675260,-17.43657000,-1.78577760,8.99100100,10.85338900,15.00003300,-2.58584760,-4.46220900,8.58622000,28.37427500,37.51391200,-11.71602700,53.31886700,-0.02481629,-2.10464790,10.08877200,-99.33147400,-26.01643200,52.77817500,20.67525500,21.69915000,-2.66466260,0.46801648
103,2.89733362,-5.49058342,79.75875706,0.59904787,-1.91769696,73.32759419,6.11720280,27.19729600,32.14167800,24.77290000,-5.57900300,-15.00003300,-3.16843060,-17.25426300,-0.08724841,11.36538600,11.20458200,15.00003300,-3.65082480,-3.43607160,8.41810600,29.28859300,36.20797700,-12.13244200,54.78753700,-0.95294880,-2.34027960,9.60565200,-110.46117400,-28.69054600,55.67680000,21.38189900,25.53225700,-4.28060770,0.74861205
104,3.58174372,-5.87851143,79.96616596,1.38282540,-2.01200660,72.47190328,6.91134360,26.16034100,31.64162400,22.48098600,-3.17342880,-15.00003300,-2.90720500,-17.86332000,1.56393970,11.88518800,11.03360200,15.00003300,-4.58174850,-2.97704940,8.32992400,29.55195600,34.93443700,-12.68689700,56.72470000,-2.20220880,-2.24180320,8.91586200,-120.61736000,-31.46787500,60.17320000,23.66883700,29.57608000,-5.79733200,0.77701540
105,4.27993536,-6.24019003,80.10716223,1.93959138,-2.08598985,71.90100414,7.80632160,25.52476000,31.27218600,19.44589200,-0.68993104,-15.00003300,-3.66339680,-18.34841700,2.75203230,14.30654800,10.63797200,15.00003300,-5.37242800,-2.02405570,8.38703800,29.49992000,33.66930400,-14.27304200,58.61011500,-1.55730450,-2.04130400,8.07914000,-131.19052000,-34.33203000,64.06426000,25.36911600,34.65732000,-7.61025200,1.67310620
106,5.01778936,-6.54614925,80.19069543,2.21295126,-1.70579248,70.47202448,8.73672200,25.04929200,30.02117000,15.81161400,1.72018060,-15.00003300,-3.71836380,-18.28384600,4.37140800,13.71422600,10.72950800,15.00003300,-5.83963600,-1.56366250,8.68175300,29.09987300,32.62619800,-14.94990350,60.54869500,-2.88902450,-2.25129840,8.00302500,-140.19414000,-37.04720300,68.79860000,27.95022400,38.65896200,-9.07826400,2.25476340
107,5.77001858,-6.82393837,80.36948428,2.93151821,-1.73653245,69.49819906,10.00182700,24.40257500,29.13406800,12.19348050,4.75880240,-15.00003300,-4.11131240,-18.64481500,6.10248660,14.64621300,10.71348000,15.00003300,-6.41666900,-1.24458680,8.51114700,28.79067000,31.66049000,-16.45538500,62.99715400,-3.59104180,-2.33942080,7.46186920,-147.42542000,-39.66050000,72.57078600,30.44542700,40.97102000,-10.31012900,1.68642870
108,6.55261278,-7.04688931,80.65400633,3.37962420,-1.18267531,67.92648799,10.73031100,24.15777800,28.30637700,9.36560250,8.28693800,-15.00003300,-4.02131650,-18.74744600,7.40239050,13.05251100,11.92998000,15.00003300,-6.92215970,-1.26430740,7.97426600,28.91986700,30.86697200,-16.88536000,64.94523000,-4.98318200,-2.28720200,7.43459460,-151.86978000,-42.07161700,76.19651000,32.09148400,41.60721600,-11.46386050,0.58464550
109,7.35159206,-7.23818684,81.16277575,4.00664348,-0.66683789,66.36348080,11.90212250,23.43841000,27.61497300,6.04984760,12.29656400,-15.00003300,-3.81634760,-18.79426400,8.69121500,11.07741000,14.09901600,15.00003300,-7.70759400,-1.30554370,6.98488200,29.41345600,30.08074200,-17.91938800,66.84902000,-5.61286830,-1.89868750,7.36571840,-155.12239000,-44.32388300,78.76140600,33.88405200,42.52502000,-12.81323100,-0.16890837
110,8.14632893,-7.38962269,81.43264491,4.75933426,-0.31143328,64.97182407,11.95840900,23.25980600,25.87457800,5.67168900,13.94358600,-15.00003300,-3.92910300,-18.83790800,9.97537800,10.08775600,14.37135000,15.00003300,-8.75726100,-1.51492560,6.06346270,29.91482400,29.27892000,-18.94636200,68.88412500,-5.83718540,-1.55771000,7.45178560,-156.97626000,-46.37533600,80.81074000,35.75342600,42.85584300,-13.65119000,-1.99638470
111,8.95307827,-7.50953341,82.00792685,5.51395899,0.14936288,62.90026836,11.93921700,23.01844000,24.43309600,5.35299630,16.81037000,-15.00003300,-4.62487940,-18.56017700,11.69007400,9.57446600,16.37576500,15.00003300,-10.02023300,-1.87688450,5.44425630,30.44304300,28.63236200,-19.12706400,70.31785600,-6.65958550,-1.46779720,7.47438800,-158.46008000,-47.87623600,82.85289000,37.75631700,44.22142400,-14.29166000,-2.75691680
112,9.74396896,-7.59702682,82.46671018,6.36411407,0.56414914,60.72689736,12.02516900,22.46057100,22.40246200,5.08448300,19.16893800,-15.00003300,-4.80225560,-18.59522800,12.92850700,7.97664700,18.07798600,15.00003300,-11.60702100,-2.29965880,4.96651650,31.98369800,28.28009000,-19.21535700,70.78644000,-6.84961270,-1.45820620,7.56966500,-159.37262000,-48.50197000,84.19542000,41.04250700,44.52478800,-14.38595400,-4.67801140
113,10.51051807,-7.64176273,82.68069860,7.14425189,0.98230017,58.99110918,12.11604400,21.86247300,20.01318400,4.96582900,19.71257600,-15.00003300,-5.41545440,-18.45886600,14.51685800,7.61156500,17.99706800,15.00003300,-12.91133800,-2.36070920,4.54577200,33.49363700,27.85804700,-19.35866000,71.14133500,-7.21498970,-1.32089900,7.26264240,-160.12271000,-49.02575700,85.59654000,44.78639000,44.09279300,-14.16620200,-6.55216930
114,11.24297142,-7.63420010,82.84486741,7.58975253,1.58451529,57.83154861,12.03936400,21.46152300,17.39925200,4.89934970,19.66619300,-15.00003300,-6.20855140,-18.07370200,15.79745000,7.67729500,17.68908100,15.00003300,-14.02097300,-1.92561890,4.19365550,34.55065500,27.46244800,-19.50520500,71.30607600,-7.46358440,-0.86773235,7.15316300,-160.80867000,-49.43680200,86.73689000,48.08226800,44.50353000,-14.01827300,-7.49694800
115,11.97147465,-7.57455730,83.00177315,8.09326577,2.47157058,56.55711595,11.95471800,20.82681800,14.92433300,4.86583660,19.82158300,-15.00003300,-7.29341200,-17.80947500,17.07214200,7.76542200,17.27396800,15.00003300,-15.19871300,-1.60554490,4.24139800,35.55562000,27.05378200,-19.76266900,71.23160600,-7.68354230,-0.43683460,7.11404850,-161.34456000,-49.81475000,87.91299000,52.21251300,45.71410800,-13.31279900,-8.63860100
116,12.68069172,-7.46234131,82.90944032,8.38399549,3.20210138,55.39483162,12.09610600,20.43442200,12.35080700,5.00370650,18.05636200,-15.00003300,-8.12849300,-17.54327600,18.13189100,7.85660000,15.75494200,15.00003300,-15.89754500,-0.93151706,4.41372060,36.24907300,26.64127200,-20.13593700,70.87852000,-7.60714050,-0.05966483,7.12570670,-161.81529000,-50.15666600,88.96590000,55.79206500,47.26863500,-12.72622400,-9.64833300
117,13.42331886,-7.31444502,82.83494202,8.95359009,3.96334462,54.00366200,12.46135100,19.89811100,10.81534500,5.03733500,16.85129200,-15.00003300,-9.13734900,-17.56582500,19.13679900,8.16387700,14.14938000,15.00003300,-16.40054000,-0.23836789,4.94848780,36.63894300,26.22025500,-20.18668400,70.92929000,-8.86181900,-0.14699900,6.77578400,-161.84444000,-50.49131400,90.12305500,58.41020000,47.35937500,-11.80168900,-10.31035300
118,14.20713615,-7.12947321,82.93919113,9.33625156,4.90349791,52.65928609,12.58809300,19.52261700,9.49650400,5.10500860,17.02263600,-15.00003300,-10.09770800,-17.31021000,19.85366400,8.22387700,13.63251700,15.00003300,-16.93659200,0.27297480,5.78879640,36.89777800,25.83075100,-20.14767300,71.15803500,-9.48039000,0.00345536,6.84846200,-161.73120000,-50.79241600,91.33391600,61.26822700,48.46802000,-11.25001400,-10.53508000
119,14.98711300,-6.90028143,82.80450410,10.07349681,5.55656459,51.62507247,12.89799100,19.01141500,8.61264300,5.13074100,15.91652700,-15.00003300,-11.13809800,-17.58450100,20.68238000,9.22778800,11.43689200,15.00003300,-17.22503000,0.88977444,6.52626850,36.85254700,25.52448700,-19.90914300,71.33042000,-10.86310400,-0.10465769,6.77086930,-161.29555000,-51.01371000,92.45335400,63.93750800,49.24728400,-10.77645200,-10.27870800
120,15.79141426,-6.62519169,82.81635655,10.50127283,6.48783334,51.24914467,12.73105900,18.89462900,7.47907540,5.22205000,14.63866500,-15.00003300,-12.16645050,-17.66390400,20.66723000,10.04602700,10.30207300,15.00003300,-17.67287000,1.41495660,7.48141570,36.77899600,25.16599300,-19.68663400,71.68693500,-11.09823300,0.02583812,6.79605200,-161.26015000,-51.27561600,93.80373000,66.55225000,50.33317600,-9.94502000,-10.16670200
121,16.62938499,-6.30382919,82.92730412,11.06001725,7.76614004,51.03174887,12.46825000,18.73420300,6.82600640,5.25439450,14.18997900,-15.00003300,-12.75148000,-17.95768400,20.88264300,9.39714500,9.87189800,15.00003300,-18.25993300,2.25152130,8.41816200,36.60700000,24.87890400,-19.57764800,71.97134000,-11.59648700,0.03442652,6.84173400,-160.89400000,-51.50666800,94.82434000,68.90209000,51.33442300,-9.61328600,-10.21936700
122,17.44092941,-5.93605995,82.82824713,11.51272465,8.58645793,50.63978782,12.65159100,18.75593400,6.42790400,5.34254600,13.19322300,-15.00003300,-14.10565200,-17.94351800,20.89952700,11.37701900,7.85833360,15.00003300,-18.56806400,3.08668880,9.40324100,36.30153300,24.61680000,-19.37276800,72.50249500,-12.56188800,-0.17626244,7.14863900,-160.43547000,-51.74796700,95.86903000,70.75266000,52.04841200,-9.40020400,-10.91204300
123,18.23178673,-5.49837732,82.76102595,11.66034059,10.02870691,50.81838126,12.26871100,18.99485200,5.84617570,5.41874460,11.77017800,-15.00003300,-15.77765300,-17.58130500,20.92347000,13.06875900,6.41480060,15.00003300,-18.85669300,4.03818100,10.71585600,35.63139000,24.37513700,-19.13249000,72.64986000,-12.73393900,0.28158692,7.16933900,-160.20769000,-52.05726200,96.93220500,72.87430600,53.24302700,-8.76750500,-11.92102600
124,18.96096420,-4.99848747,82.67778190,12.19156459,11.17360589,51.15098741,11.97191000,19.04466600,5.40686750,5.55511670,10.02126900,-15.00003300,-17.58663600,-17.26483200,22.14034500,15.87276650,4.52805950,15.00003300,-19.49522600,5.17754360,12.16570000,34.78202000,24.22322700,-18.90786700,73.03621000,-13.82230600,0.26750582,7.28370050,-159.59271000,-52.35599500,97.73917400,74.07649000,55.48476000,-8.31179000,-12.74758500
125,19.64277267,-4.44429779,82.87745079,12.52788832,12.11560675,51.46248947,11.63397100,19.16803700,5.50506200,5.56390100,10.70959800,-15.00003300,-18.07800500,-17.33723800,22.23373800,16.28281400,4.83982800,15.00003300,-20.04263500,5.85120150,13.75385000,33.90677600,24.06149100,-18.33588400,73.40802000,-14.30599400,0.28997773,7.24304400,-158.88797000,-52.86882000,99.12208600,76.17352000,56.31238600,-7.70702550,-13.35222000
126,20.22587585,-3.82183146,82.62654267,12.47110085,13.30586776,51.78740763,11.15965700,19.79550600,6.00896000,5.63435550,9.57094200,-15.00003300,-19.70651600,-16.61662300,22.87919400,18.76177000,2.96253590,15.00003300,-19.77059200,6.91132260,15.76537700,31.05285800,23.86930700,-17.87592300,75.54347000,-15.14155500,0.74605580,7.24597640,-158.53976000,-54.26947800,101.45129000,77.69721000,58.75778600,-6.80779080,-14.95275900
127,20.71277428,-3.15113807,82.44409376,12.24569955,15.13203018,52.35882300,10.39892100,20.08360900,6.42415500,5.76980500,9.27940500,-15.00003300,-20.96584000,-16.13719200,23.16907900,19.07067300,2.06572370,15.00003300,-20.30392800,7.83045200,18.09938800,29.98539400,23.95615400,-17.11137200,75.77371000,-15.45396100,1.10078140,7.36516000,-157.15463000,-55.67739000,101.91635000,80.38616000,60.04329700,-5.96972100,-16.30038600
128,21.07772827,-2.47410846,82.08446852,12.19444358,15.94410910,52.26586824,10.18497200,20.13882400,7.69000430,5.65430550,8.77020700,-15.00003300,-22.75218400,-15.26143700,24.31997300,22.58483900,0.11230776,15.00003300,-20.80823100,8.52913500,20.99295200,28.51274500,24.30638500,-16.03261400,75.66548000,-17.05998800,0.88141465,7.87720730,-155.13391000,-57.32353600,101.99386600,83.45748000,62.46926000,-5.36776070,-17.93889200
129,21.24191856,-1.80227518,81.76039930,12.01746738,16.99823067,52.90297627,9.22871700,20.14545200,7.37282100,5.67949870,9.10523300,-15.00003300,-23.89257000,-14.74476900,25.12645300,24.33705100,-1.20436760,15.00003300,-21.33576000,9.23905100,23.56500200,28.21513400,24.54705400,-15.13251600,75.41434500,-19.49448400,0.81273043,8.43141900,-151.59865000,-59.27503000,101.89390600,86.84112500,63.53521300,-3.83104350,-18.99609000
130,21.27589607,-1.21317816,81.76693676,12.43593388,18.66001730,55.02181546,7.65291300,20.31501600,8.81973900,5.97181800,9.44315900,-15.00003300,-24.93200700,-15.47539600,24.54191000,24.26780500,-0.89102840,15.00003300,-21.45771800,9.40003000,25.56134200,28.39152000,25.12102900,-13.34024600,74.70608500,-19.01658000,1.22699170,7.95516870,-148.09813000,-62.37019000,100.61755000,88.63222500,63.74058500,-3.25667210,-19.18142000
131,21.08350182,-0.71897405,81.42313948,12.41478135,19.57706484,56.92416960,6.91964700,20.37427100,9.80534200,6.17220970,9.31515600,-15.00003300,-25.97246200,-15.47503400,24.42126500,26.00642400,-2.10126640,15.00003300,-21.40971000,9.55703500,27.06553500,29.08402600,25.59138700,-12.11558100,73.59718000,-18.56208200,1.76085590,8.76914200,-141.30559000,-65.68280000,96.99077600,90.69261000,63.37680400,-2.42510270,-19.41982000
132,20.67561913,-0.37942624,80.81356346,12.16695317,19.82258813,57.73243272,6.22693160,20.38038400,10.29583300,7.18154240,9.01717200,-15.00003300,-27.30438600,-15.44642100,24.13795500,28.84457000,-4.00726560,15.00003300,-21.49802600,9.58324200,27.97341500,30.04046400,25.97744800,-11.82839300,72.69131000,-18.63656800,2.20187230,10.06265500,-132.04138000,-69.07624000,90.81898000,90.51051000,62.41693500,-2.71233000,-21.78040700
133,20.14806938,-0.22602281,80.52768546,12.07207061,19.98212533,59.70618195,1.79046820,21.13372400,9.90246100,14.27655900,5.74737260,-15.00003300,-27.49586000,-15.45429900,23.90193400,30.06373600,-5.08633040,15.00003300,-21.18851700,9.64111400,29.57174000,31.29673800,26.41936300,-10.57268200,70.74878000,-16.21811500,2.22802700,10.61989700,-124.55819000,-72.38874000,84.36449000,88.87005000,61.40088300,-3.70444460,-20.70193500
134,19.43193436,-0.28201994,79.94054899,12.04639817,20.44577692,61.62526618,-0.23297323,21.52664000,11.17529100,17.31080600,3.82225350,-15.00003300,-29.02524200,-15.97735000,23.00645800,32.35090600,-6.65241100,15.00003300,-20.12604100,9.86364300,29.79380200,33.36472000,26.69760500,-11.09108100,68.26996000,-14.31858200,2.12617540,11.82317500,-111.02213000,-75.54001600,74.78364000,86.54121000,60.09451000,-4.07694050,-22.55559500
135,18.58169937,-0.56722492,79.15317129,11.81726883,20.32961102,62.87326834,-2.74430660,21.81448000,10.96793900,21.47846000,2.34275910,-15.00003300,-30.81830800,-16.55656600,21.84168200,35.73686600,-8.36708000,15.00003300,-19.10634000,10.65027700,29.79380200,34.74520000,26.84294900,-12.09905050,65.98939000,-12.75718000,2.46156550,12.29007000,-96.21288000,-78.39365000,63.60618200,83.85652000,58.26444200,-4.06606630,-23.60651400
136,17.67907715,-1.09481645,78.69809968,12.28758443,20.04862400,65.84700256,-5.91319900,22.26755000,11.88354100,25.53986200,0.07956011,-15.00003300,-31.58903900,-17.76890400,20.72782100,37.82932000,-9.69678300,15.00003300,-17.51485800,11.87501300,29.79380200,36.57081000,26.93904700,-12.81143800,62.53473700,-9.65675700,2.11171410,12.69044000,-82.07571000,-80.77935000,52.28070400,79.93207000,57.43728000,-4.72375350,-23.26429600
137,16.70028877,-1.86443603,77.75821459,12.68680140,19.04157306,68.37374571,-9.27478300,22.89373400,12.76437500,31.23074700,-1.79682160,-15.00003300,-32.79662700,-19.59029000,18.97321900,41.64748800,-12.16562000,15.00003300,-15.79818500,13.51262400,29.79380200,38.15701300,26.89696900,-15.78133200,58.46479800,-5.79395060,1.50601120,13.81501200,-65.33941000,-82.08221000,39.19689000,75.31075000,56.10993200,-4.89839460,-23.12463000
138,15.69165325,-2.85560441,77.07214203,13.03863624,17.57974994,71.23436355,-11.97714900,23.34859700,13.45972250,35.21885000,-3.31027080,-15.00003300,-33.14606000,-21.62751400,17.01719900,44.49271400,-13.62990000,15.00003300,-14.33645500,15.50978600,29.79380200,40.19876000,26.70607400,-18.59262800,53.95880500,-3.71021060,1.17581770,14.91147900,-48.21201000,-81.99388000,25.86437200,70.09646600,54.88051000,-5.64124540,-23.76525000
139,14.70105457,-4.03553677,76.36557630,13.02196770,16.19190971,74.18641017,-14.74426400,24.43941300,14.23374400,39.29089700,-4.66377300,-15.00003300,-33.21884500,-23.31776200,14.95157700,47.00264000,-15.47174200,15.00003300,-12.80312700,17.75393000,29.79380200,42.85375000,26.39080600,-21.36807400,48.88842000,-0.55496960,0.66486293,16.15546800,-32.00495500,-80.28551000,13.92080700,63.48925400,51.97503300,-6.26792800,-24.30049300
140,13.70768070,-5.36907530,75.59831255,13.12166081,14.27793997,76.92169066,-16.71909100,24.87510300,14.64839800,42.22553300,-6.15523960,-15.00003300,-33.22012700,-25.62068400,12.82248700,49.92497600,-17.09752800,15.00003300,-11.57894900,19.58211900,29.79380200,45.15120300,26.22408500,-24.26114700,43.78458800,0.81060560,0.38825136,16.21041000,-19.02535200,-77.25467000,4.93974640,56.32232000,50.62536600,-8.00688200,-25.23746300
141,12.73559761,-6.82106972,74.96934883,13.05422675,11.89147507,79.39477255,-18.09447700,25.35874600,15.40984500,44.52062000,-7.45650340,-15.00003300,-32.33885600,-27.99026500,10.46391200,52.07396300,-18.23703200,15.00003300,-10.46343200,21.61000000,29.79380200,48.51783800,25.92029600,-27.12444700,37.13026400,2.65638350,-0.60463520,16.88663900,-8.28743800,-72.99538000,-0.61025167,48.03977200,48.68140400,-10.56983800,-26.00483000
142,11.78742981,-8.30472755,74.65249840,13.58652238,9.96507731,82.78435432,-19.50026300,24.98157900,16.55460700,45.47530700,-7.37246800,-15.00003300,-30.86819500,-31.73224400,7.29973270,52.27833000,-18.89620800,15.00003300,-9.46069600,23.04080200,29.09850000,51.57592800,25.34178700,-29.43166400,31.53598600,2.47765870,-1.56533980,17.48866500,0.66115826,-67.95820000,-2.54275040,38.90028400,44.30552000,-13.38318200,-28.66801300
143,10.88071918,-9.78115940,74.18407041,13.61820799,8.27500974,86.45616108,-21.04052500,24.26354200,16.56823300,45.69988600,-7.33762740,-15.00003300,-29.70152300,-34.26354200,4.99674220,53.51899300,-19.42775300,15.00003300,-8.27982300,24.11916500,28.61125600,52.94480000,24.85215800,-32.04019500,26.69023100,3.13911960,-1.28538550,17.54374900,5.98756300,-62.86503200,-1.34078170,31.28421800,40.33074000,-15.30378200,-30.09930400
144,10.02134609,-11.21284676,73.87879170,13.23302941,6.41694333,90.21098124,-22.30162800,22.92675000,15.41299250,45.12896300,-7.32029700,-15.00003300,-27.48877100,-35.95635600,2.71622280,54.07178000,-19.62611000,15.00003300,-6.40744700,25.27075200,27.93207600,53.43649000,24.40023000,-34.00148400,22.88649000,2.80141600,-1.31577270,18.12828000,8.38104250,-58.14765000,1.08666110,25.60501900,36.79464300,-16.49040200,-30.91331900
145,9.23386192,-12.53343773,73.64016056,12.84271468,4.91048045,93.73742488,-24.14972100,20.96620400,13.22091400,45.03479800,-6.77633500,-15.00003300,-25.30683000,-37.58362600,0.35109767,54.12806000,-19.66417100,15.00003300,-4.14938500,26.37654000,27.63771400,52.60392400,24.09705400,-35.82703000,20.44195400,3.15848540,-1.05225230,18.55908600,8.85130800,-53.96328700,4.69085500,20.57419600,32.17117000,-17.51616500,-30.27037800
146,8.53820896,-13.70735645,73.37856191,12.63496283,3.13242452,97.96053806,-25.82390600,18.33090600,10.72735500,44.69939000,-5.75667100,-15.00003300,-22.50244900,-38.82526400,-1.38832760,54.44930600,-20.13910000,15.00003300,-1.52924350,27.25634400,26.64689400,52.29482700,23.88952400,-36.14523700,17.83731000,2.80648020,-1.19268350,18.04282000,7.50472740,-50.41573300,8.28098300,17.22968100,28.68276000,-19.28455400,-27.95724500
147,7.94435835,-14.69617367,73.17367915,12.63158149,1.45471497,102.32033353,-27.29323000,15.46032700,8.65197300,44.39776200,-4.56840660,-15.00003300,-19.54235500,-40.34443000,-3.31033680,54.87822700,-20.23407400,15.00003300,0.81485290,27.72752800,25.66999800,51.92910400,23.80002200,-36.01681000,15.64993000,1.83857180,-0.80243460,16.96601100,5.55741400,-47.39023600,11.32848300,13.42802300,25.78115700,-19.62986200,-27.30715800
148,7.46551466,-15.46012592,72.70062381,12.47171797,1.08344859,106.07244335,-29.69882200,12.73853500,5.92955450,44.68637000,-4.86754270,-15.00003300,-18.48263200,-41.86879000,-5.12648870,56.18418500,-20.67350600,15.00003300,2.90663400,28.09376000,25.15180800,52.20535000,23.85968400,-35.55736500,13.19066300,2.03418000,-0.04881275,16.93873000,2.95180200,-44.78602000,14.15113000,8.55370300,20.44245700,-18.81805600,-29.57814200
149,7.12066460,-16.03760529,71.94153733,11.90510422,0.59375399,108.75550500,-32.21150200,11.04485100,3.12427640,46.88664000,-5.91306160,-14.49147300,-17.75898200,-42.73327300,-6.50954150,58.20243000,-21.97468400,15.00003300,5.48638770,28.28320100,24.32279000,51.66231000,24.02591500,-35.28949400,13.25925000,0.99921720,0.32858140,16.65837700,-1.42721340,-42.49098200,17.53132600,4.97864300,16.88450600,-18.35162700,-29.37260800
150,6.91086674,-16.45120621,71.19138407,11.27984509,-0.14219503,111.01923009,-34.31175000,9.14147100,-0.11124797,49.37545000,-7.23211400,-13.77876900,-16.64367100,-43.66906400,-8.24890700,60.31788300,-23.09916500,15.00003300,8.20688900,28.06133000,23.38402200,50.57697700,24.29043400,-35.18066000,14.77131700,-0.35980860,-0.08785021,17.10458400,-6.59927600,-40.43506600,20.59393300,2.21303730,14.58034000,-17.82437100,-28.83381700
151,6.84554195,-16.69734192,70.51291103,11.42322899,-1.00051396,114.33127048,-36.38033300,6.87572200,-1.79122940,51.63078300,-8.05253600,-13.54718600,-14.66003400,-45.04541400,-9.71703500,62.35419500,-24.48664000,15.00003300,10.49364900,27.72388800,22.61063400,49.51136800,24.66095400,-34.94803600,15.56769900,0.33267036,0.39296666,16.48131800,-12.17163850,-38.35628500,22.09867000,-0.20806831,14.49618900,-17.07005300,-28.32998500
152,6.91144848,-16.81454468,69.90443894,10.79756548,-1.79611201,117.22812329,-38.21647300,5.16808270,-4.24983930,53.74200000,-8.90397100,-13.95705700,-12.03221900,-45.58614000,-12.41695500,63.91617600,-25.85679200,15.00003300,12.99675900,27.26542900,21.56750000,47.61581800,25.01825000,-34.51283600,17.31001300,-0.34719715,0.38110006,16.60550100,-16.90005000,-36.11380800,22.53101000,-2.47841620,14.80573400,-15.66533700,-27.18997400
153,7.11411476,-16.79788017,69.61506586,10.31158525,-2.62085615,120.76179902,-39.55274200,3.00126360,-6.64474530,54.66361200,-9.46382600,-14.33593750,-8.23731100,-45.86560000,-15.98300200,64.54582000,-26.81573900,15.00003300,15.57051850,26.42553900,20.21995200,46.28894400,25.28929500,-33.65514400,18.61064100,-0.86543400,0.48600358,16.76336900,-23.03306600,-34.27087000,22.79182600,-2.53083780,15.86292900,-14.92028800,-25.99251000
154,7.41486979,-16.66649055,69.51101506,9.68688045,-3.73712722,124.67711589,-40.20827500,0.92900770,-8.87948600,54.80354700,-9.96476500,-14.24939200,-3.01190300,-46.19836000,-21.25984800,64.50631000,-27.17638400,15.00003300,18.06620600,25.34955200,18.77315900,45.26223400,25.52224500,-33.22675700,18.73712300,-0.05310038,0.32673472,16.88333900,-29.86298600,-32.73693500,22.40648500,-1.67532120,16.52943000,-14.47220900,-25.30156000
155,7.79134464,-16.41761589,69.41041118,9.10812913,-4.63798487,128.50411353,-40.65337800,-1.59248170,-11.69839900,54.56053500,-10.19856100,-14.89507300,1.46349620,-45.99238600,-25.77771600,64.52493000,-27.60502000,15.00003300,20.01848400,23.99100100,17.43629800,44.65650000,25.51891000,-32.45347200,19.48085000,-0.39061517,-0.35312137,17.80499800,-36.17105000,-31.70141000,20.29910900,-0.52709870,15.76460200,-12.99504300,-25.27579300
156,8.20927334,-16.05228996,69.65506021,8.75339469,-5.32323943,132.96484802,-41.01409000,-3.45160580,-12.93042300,53.33147000,-10.07493200,-15.00003300,6.08857700,-45.16866000,-30.29939000,63.39517600,-27.59759900,15.00003300,22.30376800,22.60738600,15.98248800,44.70318000,24.99674800,-30.82597400,20.29618000,-3.22404620,-0.89215654,17.40582700,-42.92239000,-31.52577800,17.52453800,2.60677310,18.50180200,-12.94220350,-24.48467400
157,8.57951546,-15.63103485,70.31449115,8.73421472,-6.56224706,136.65404120,-39.99199300,-5.65247440,-14.16372400,51.50324000,-8.56014500,-15.00003300,11.68911600,-44.14462000,-35.01024000,60.44611400,-26.71898500,15.00003300,24.16590000,20.83109500,15.03439100,43.62449600,24.44872500,-30.88955000,21.96770700,-3.05461340,-2.42009880,19.26687400,-49.51226400,-31.67061800,14.34185600,5.26994750,21.42552600,-11.98649600,-24.59660500
158,8.89627743,-15.13017273,70.88621375,8.13790295,-7.31953045,139.98866930,-39.26382400,-7.02053200,-15.85064700,49.88768400,-7.69252160,-15.00003300,15.64730550,-42.57194500,-38.96176500,57.51417000,-25.93028600,15.00003300,25.47119900,19.39380600,14.31763900,42.46404600,23.81402200,-30.31854800,23.57626700,-4.38992260,-3.41069720,19.34348500,-55.40808000,-32.49938200,12.33834900,8.50516700,22.50487700,-11.34547800,-24.91049200
159,9.10667324,-14.58057880,71.44485364,7.52927088,-7.62902251,142.85931467,-38.56559000,-8.17154600,-17.69144800,48.11481500,-7.06657030,-15.00003300,18.63202500,-40.81538400,-42.08473600,54.11572600,-25.21508000,15.00003300,26.74808700,18.04829000,13.90922000,41.22989300,23.11977600,-29.48586300,24.58240500,-5.02893600,-3.36904220,17.68023000,-60.98581300,-33.81756600,10.67884700,11.84603400,24.65845700,-10.61595100,-24.94526300
160,9.19412899,-14.01257038,71.82112058,6.89828125,-8.29491701,145.77987908,-37.43316000,-9.36082500,-19.54541400,46.52227400,-6.71882800,-15.00003300,21.71698400,-38.76685000,-44.39629400,50.67732200,-24.80374100,15.00003300,27.90555200,16.74094200,13.67271100,40.01149400,22.51607300,-29.00724400,25.43693400,-4.78142260,-3.13891460,16.48846000,-66.47348000,-35.45573000,9.74605700,15.96731900,27.73140000,-10.10183900,-24.89868700
161,9.14117908,-13.42882347,72.10931061,6.27297894,-8.57893958,148.34255901,-36.55230000,-10.38311000,-21.48846000,45.20956800,-6.59072300,-15.00003300,24.30836300,-36.74397300,-46.29630700,47.36028000,-24.06349400,15.00003300,28.98791500,15.75002300,13.36795800,38.83387800,22.11974100,-29.22082900,26.61288600,-4.12919600,-3.26248840,15.64107800,-72.38062000,-37.24463700,10.49312200,21.14661800,30.04072800,-9.73096500,-24.83853500
162,8.94578552,-12.85735798,72.39514910,5.59486275,-8.77525365,150.38409996,-35.78293600,-10.94597100,-23.01576000,44.41673700,-6.49087400,-15.00003300,26.30741500,-34.36087800,-46.93681700,43.85892500,-23.01572000,15.00003300,30.21335000,14.88685200,13.16575050,37.91424000,21.76161800,-29.29148700,27.50464600,-3.90224270,-3.17268160,14.90286300,-78.02779400,-39.11589000,12.17331900,26.96552300,32.97692000,-9.70324400,-24.49985500
163,8.59407520,-12.31637287,72.62538574,5.10161370,-8.88594521,152.38944000,-34.42039000,-11.57070800,-24.53357000,42.55224000,-5.78650600,-15.00003300,28.86929500,-31.93687200,-48.11779000,39.58402600,-21.92843600,15.00003300,31.39043000,14.08336100,12.85005700,37.14134600,21.58241500,-29.35175900,28.46035800,-3.07653710,-3.10962060,13.82130000,-83.37295500,-40.95509300,14.77062800,32.61363600,36.06212000,-9.59533600,-23.86292000
164,8.11912346,-11.80348015,72.80922730,4.49159356,-8.72988231,154.16568912,-33.19760500,-12.49321900,-27.01236500,41.14240000,-5.93077140,-15.00003300,31.20585400,-29.06463200,-48.78265800,34.65462000,-20.48272100,15.00003300,32.69274000,13.11846600,12.49077800,36.14481700,21.44850500,-29.72253200,29.44336300,-2.45966900,-2.89382220,12.56461700,-88.65505000,-42.70401000,18.74659700,39.32959700,38.32715600,-9.37028000,-22.95473300
165,7.51758957,-11.35189533,72.96520559,4.14606381,-8.35309957,155.90033639,-31.67070800,-12.91625100,-28.53757500,38.41734300,-5.17174770,-15.00003300,33.14204800,-26.68291500,-49.19075000,30.15824100,-18.54944600,15.00003300,34.11340300,12.16777000,12.21126300,34.93737000,21.48695200,-30.31010000,31.00530800,-1.54193070,-2.98940180,12.49897100,-93.83574000,-44.16621000,22.14628200,45.75615700,42.26771000,-9.21415100,-22.38844100
166,6.82782030,-10.96548843,72.94260545,3.56993532,-7.91134911,157.44225947,-30.13691000,-13.07020000,-30.38475800,35.82012000,-4.93282270,-15.00003300,35.04478000,-24.14247100,-49.34222400,25.30738000,-16.59881000,15.00003300,35.90311400,11.18536300,11.59133500,33.63443800,21.63127700,-30.86380400,32.75479500,-1.13454270,-2.47071900,11.75572000,-93.26509000,-45.08350000,25.50100100,52.41812500,46.03884500,-8.24443300,-21.30394700
167,6.06521797,-10.65465927,73.00371816,3.34288565,-7.57018066,158.58600694,-28.69798000,-12.98435500,-31.10665700,33.38503300,-4.00760800,-15.00003300,36.65354000,-22.00927200,-48.74839400,20.90354500,-14.23480100,15.00003300,37.51347400,9.99681900,11.00444600,32.55064400,21.80206500,-31.49905400,34.68235800,-0.85839100,-2.68082830,11.92347400,-91.32432600,-45.49323000,28.60934000,58.36418000,49.04746600,-7.33210950,-19.82472800
168,5.25429392,-10.41043758,72.94951736,2.94459716,-7.14042111,159.59625134,-27.40113800,-12.79375500,-32.07871000,31.20569400,-3.11772850,-15.00003300,37.77690500,-20.23333500,-48.26782200,17.73969300,-12.15290700,15.00003300,39.08230600,8.84710100,10.44339400,31.37715000,21.99507900,-32.43492500,36.71907400,-1.44238160,-2.92545700,12.00232800,-89.21057000,-45.53232200,32.00235700,64.32064000,52.12261000,-6.26330400,-18.44176700
169,4.40626383,-10.22091103,72.73097228,2.52008883,-6.33288166,160.28819221,-26.14630700,-12.45559500,-33.46769300,28.53787000,-2.07093480,-15.00003300,38.91113700,-18.44424400,-48.22951500,14.33427100,-10.01489000,15.00003300,40.43697700,7.63169770,10.09700100,30.41122000,22.19609800,-33.67342000,38.42431000,-1.18885970,-2.76019050,11.23217800,-88.74923000,-45.33049400,36.60445400,70.30245000,54.09188500,-4.89040400,-16.06758000
170,3.56597519,-10.06778622,72.50506382,1.88355710,-5.74177531,160.98788595,-24.81795000,-11.62523400,-34.36545000,25.83778600,-0.65178925,-15.00003300,39.94764000,-16.70043600,-47.88351400,11.51384800,-8.02137600,15.00003300,41.36614200,6.40836400,9.91620900,29.64696700,22.34053600,-34.20583700,40.03083400,-1.51172610,-2.62402440,10.71473400,-90.51571000,-45.10379400,41.92587700,75.88550000,55.74263800,-3.76439880,-14.03294100
171,2.74070930,-9.92445278,72.98901302,1.79082755,-4.93045614,161.39536767,-24.00850500,-11.48585400,-35.18530300,23.83622000,0.47853178,-15.00003300,40.71894500,-15.49812900,-47.61278000,9.14394100,-6.29445300,15.00003300,41.97747000,5.23673400,9.82357800,29.38183200,22.35504300,-34.34020200,41.24654800,-2.21251490,-2.75291000,10.63769400,-92.02345000,-44.92006700,46.83998500,81.00800000,56.38253400,-2.66924900,-11.95912200
172,1.96690321,-9.78238201,73.51244643,1.66229076,-4.31271735,161.60923093,-22.70508200,-11.20766000,-36.71487800,21.34430000,1.35537350,-15.00003300,41.04938500,-14.50736900,-46.72049300,7.67404940,-4.10816200,15.00003300,42.35867000,4.21594050,9.68440600,28.45575100,22.37791000,-34.53280300,42.53860000,-2.68996600,-2.52737020,10.29424500,-92.63818000,-44.64716000,50.44385000,84.19140000,55.54398000,-1.45800830,-10.22615500
173,1.28197598,-9.63877010,74.06379648,1.29259136,-3.59869461,161.81023942,-21.67559000,-10.44658500,-37.96145000,18.83110800,1.84271570,-15.00003300,40.87555700,-14.02844400,-46.41625200,7.40452800,-3.17454720,15.00003300,42.73705300,3.34218380,9.31594100,27.81257600,22.40532500,-34.56787500,43.53972200,-2.87988700,-2.13428000,9.98613300,-93.11959000,-44.35394300,52.69468700,86.21144000,54.84773000,-0.53516936,-9.20865000
174,0.68858963,-9.49528503,74.45096287,1.22141847,-3.32194945,161.67927925,-20.40053700,-10.08780300,-39.29715700,16.89155200,2.13909240,-15.00003300,40.75833500,-13.76791800,-45.59540000,7.23197360,-2.09278130,15.00003300,42.87306000,2.71696520,9.13614400,27.19212000,22.43608700,-34.59432200,44.63175000,-3.20825050,-2.00063250,9.24747800,-93.02849000,-44.06414800,54.38860000,87.21684000,52.68929000,0.30993098,-7.90995100
175,0.19626631,-9.36690331,74.69519012,1.15180756,-3.11208751,161.92224158,-19.74007400,-9.76197000,-39.47945400,15.73100400,2.84187720,-15.00003300,40.70008500,-13.52798600,-45.29081000,7.10171500,-1.50300670,15.00003300,42.91529000,2.23901440,9.05779000,26.34387000,22.51477800,-35.19429800,45.26473000,-3.03204370,-1.51038710,8.48303000,-93.12794500,-43.74284400,55.30369000,87.65540000,51.43823000,0.64597756,-7.33101940
176,-0.20904918,-9.25883102,74.93508900,0.88080035,-3.04227204,161.82046407,-19.15497200,-9.21561800,-39.48450000,15.10743800,3.17724940,-15.00003300,40.69643400,-13.33412800,-45.00280000,7.06675000,-1.04185800,15.00003300,42.81624200,1.94415500,9.03798200,25.74155600,22.56930700,-35.86876300,45.80465700,-2.67151210,-1.16044900,8.22759800,-93.30853000,-43.39178500,55.43296400,87.70329000,51.84160000,0.73032540,-7.01673500
177,-0.52588862,-9.16779709,75.11822233,0.62610902,-3.15271849,162.23426142,-18.68205000,-8.91530100,-39.39122800,14.74415100,3.35092900,-15.00003300,40.83811600,-13.04741200,-44.75378800,7.03347730,-0.80280500,15.00003300,42.71886400,1.73643860,8.95001000,25.45300100,22.67126800,-36.10304300,45.86152600,-2.46415350,-0.84594524,8.14517200,-93.33333600,-43.06835600,55.35862000,88.03820000,52.76161200,0.65510345,-7.01983830
178,-0.78058434,-9.09096241,75.28876687,0.45896040,-3.06390510,162.24123570,-18.36694500,-8.41709900,-39.00011000,14.16844800,3.62542870,-15.00003300,40.66016000,-13.02300000,-44.27189300,6.96939900,-0.45992646,15.00003300,42.60238000,1.47740040,8.86614900,25.09257500,22.78414000,-36.65389000,46.28956600,-2.08571170,-0.52079815,7.94569600,-93.47574600,-42.73288700,55.22600600,88.07876600,53.48913600,0.71233420,-6.93009420
179,-0.98081160,-9.02723026,75.44070887,0.25824075,-2.88680677,162.04584207,-18.08923700,-7.95100400,-39.14604000,13.59574400,3.67117360,-15.00003300,40.37080000,-12.98061400,-43.67538500,6.88223360,-0.16537131,15.00003300,42.58894300,1.28888810,8.66615200,24.94918600,22.88869500,-36.98586000,46.39990200,-1.63795390,-0.26422662,7.77253440,-93.59411000,-42.41575600,55.29147000,88.17824600,53.47456700,0.63665520,-6.88093850
180,-1.13479316,-8.97770309,75.54759115,0.09261045,-2.90984588,162.06643446,-17.76227800,-7.70574900,-39.40932000,13.26626700,3.59991550,-15.00003300,40.38963000,-12.89889500,-43.43831600,6.84972520,-0.29571152,15.00003300,42.44098700,1.13307110,8.49687300,24.85254700,23.02253000,-37.41024800,46.25516000,-1.49625100,-0.19567390,7.48757900,-93.48283400,-42.10038000,55.29536000,88.41311000,52.63995000,0.75692520,-6.65465800
181,-1.25462353,-8.93620777,75.68607455,-0.07891115,-2.88453700,161.83124614,-17.34087200,-7.05764340,-39.14537400,12.41004000,3.96056940,-15.00003300,40.23801800,-12.87284500,-43.04628800,6.76638200,0.16539718,15.00003300,42.36784000,0.95444864,8.29905800,24.81283400,23.12368600,-37.65197800,46.43538000,-1.19946650,0.07443137,7.42656400,-93.43051000,-41.77402500,55.05540500,88.38401000,52.89620600,0.77290440,-6.83770900
182,-1.34625328,-8.90134048,75.78708673,-0.20466683,-2.90334890,161.60019513,-17.08545100,-6.70455070,-39.02024000,12.12698500,3.83957200,-15.00003300,40.21014800,-12.94461700,-42.93260600,6.76047100,0.03389903,15.00003300,42.24295000,0.88294184,8.09547700,24.71918100,23.23721000,-38.27038000,46.62116600,-0.90877116,0.25280872,7.25046400,-93.28418000,-41.42606400,54.84657300,88.14431000,52.82351000,0.84785765,-6.80652430
183,-1.40880191,-8.86187840,75.81699607,-0.20232511,-2.98751228,161.36716701,-16.96611800,-6.37082150,-38.18859000,12.05852800,4.18833000,-15.00003300,40.19772700,-13.05892800,-42.53777700,6.75395100,0.25377890,15.00003300,42.14639300,0.90919940,7.97971100,24.74323000,23.30418800,-38.49268300,46.71806300,-1.00259820,0.29805990,6.94101140,-93.06802000,-41.07327300,54.91440200,87.79425000,51.99119000,0.88647705,-6.26418160
184,-1.45239413,-8.81396198,75.86806160,-0.23222655,-2.91066534,161.12616547,-16.98516700,-5.97151900,-37.46217300,11.88288900,4.27319150,-15.00003300,39.99072600,-13.12117100,-42.07935700,6.75307400,0.19834195,15.00003300,41.96564500,0.91547483,7.74541300,24.71991300,23.35090000,-38.87944400,46.99840000,-0.94425020,0.14966884,6.92556600,-92.99219500,-40.67973300,54.46158600,87.29423500,51.99217200,0.93717060,-6.44896940
185,-1.47531521,-8.75507927,75.91525214,-0.31173941,-2.82414882,161.16320834,-16.90202100,-5.77198600,-37.63639500,11.52947400,4.19906230,-15.00003300,39.90571200,-13.00318000,-42.16793000,6.68561600,-0.15853067,15.00003300,41.93113300,0.92071456,7.53498940,24.81211000,23.44149600,-38.73270000,46.64143400,-0.76718070,0.48738070,6.68134000,-93.13155000,-40.36805300,54.51445000,87.72795000,52.06568000,0.94646630,-6.55342770
186,-1.49450350,-8.67993069,75.84614936,-0.07026093,-2.88984093,161.16325571,-17.07039500,-5.88474800,-36.71592300,11.96565200,4.41051440,-15.00003300,40.02420800,-13.23093100,-42.15832500,6.69893930,-0.62826310,15.00003300,41.71005000,0.84468120,7.45740300,24.74755300,23.55845000,-39.15646000,46.64503500,-0.88138515,0.58950390,6.27810760,-92.85715500,-40.01517000,54.42063500,87.31585000,51.66410400,1.24255420,-6.51630640
187,-1.52374017,-8.59153938,75.86018592,-0.04277807,-2.85689983,160.99010468,-16.94257200,-5.78221100,-36.77454800,11.83938200,4.45958470,-15.00003300,39.94995500,-13.26133600,-41.94236800,6.65284730,-0.40222555,15.00003300,41.76358400,0.80509310,7.29291700,24.75579600,23.67446700,-39.12320300,46.58936000,-0.58106600,0.74222565,6.55115800,-92.83910000,-39.68071700,54.26172300,87.37070500,52.51908500,1.17200100,-6.66588200
188,-1.55685270,-8.48393822,75.83086616,0.03225994,-2.74629992,160.80759938,-17.03904200,-5.75664850,-36.69089000,12.01373400,4.51925900,-15.00003300,39.89536700,-13.42186500,-42.20437200,6.66119240,-0.17820917,15.00003300,41.73466500,0.77993210,7.15798000,24.57956300,23.79764000,-39.44676600,46.84494000,-0.66363263,0.80221784,6.37335200,-92.84835000,-39.32274000,54.11250300,87.04854600,52.13279700,1.47011050,-6.63851640
189,-1.58321035,-8.36165333,75.83228280,0.08034799,-2.71998097,160.99313752,-17.13507700,-5.55827570,-35.94278300,11.98835300,4.70227200,-15.00003300,39.95335800,-13.30343100,-42.39734000,6.64739500,-0.24220410,15.00003300,41.58303000,0.73450667,6.97464300,24.75108700,23.93409700,-39.03095600,46.47821000,-0.70214610,0.73932000,6.05902400,-92.79045000,-39.02382700,54.04281000,87.16920000,52.12470000,1.26107040,-6.77446650
190,-1.62232280,-8.23033142,75.81761924,0.18887550,-2.66380626,161.01413738,-17.14522400,-5.43807740,-35.52204000,11.89187600,4.91844370,-15.00003300,39.97370500,-13.33477200,-42.52130500,6.64714100,-0.11787430,15.00003300,41.44738400,0.70506800,6.89894900,24.76755700,24.10447700,-39.03936000,46.37726000,-0.66181016,0.78461176,5.93769300,-92.81702400,-38.70638300,53.89891400,86.95789000,51.97262200,1.35369300,-6.88059500
191,-1.67241526,-8.09889984,75.83481854,0.28215171,-2.64918680,160.85694968,-16.85445400,-5.25265170,-35.47144000,11.43066700,5.20632460,-15.00003300,39.95981600,-13.41226600,-42.41797600,6.63713700,0.11997308,15.00003300,41.38900800,0.67416650,6.93757500,24.75599700,24.26666500,-39.18189200,46.46022000,-0.33357507,0.84526825,5.77445130,-92.83195000,-38.36575000,53.95958300,86.69536600,51.63665800,1.41600470,-6.72893670
192,-1.71556568,-7.97113276,75.88571491,0.25556282,-2.59101296,160.77358332,-16.55888700,-4.97758900,-35.71729000,10.83151200,5.27733000,-15.00003300,39.89422200,-13.28870200,-42.28505700,6.56262870,0.17453800,15.00003300,41.48834600,0.64625380,6.89783670,24.81566000,24.42805300,-38.85336700,46.30988000,-0.01609214,0.82289310,6.10490370,-93.00069400,-38.06058500,54.09489000,87.07939000,51.66866300,1.43184290,-6.69415570
193,-1.74942279,-7.84775782,75.91092035,0.21267335,-2.38395586,160.80629654,-16.69643000,-4.69144150,-35.48645800,10.61939200,5.24276300,-15.00003300,39.71397000,-13.13777700,-42.42097000,6.50515940,-0.02530614,15.00003300,41.50516000,0.55014130,6.74498370,24.85241700,24.59123800,-38.51809300,46.19624700,-0.05705089,0.82258290,5.82997100,-93.21091500,-37.80289500,54.27327700,87.37487000,51.41742700,1.41207750,-6.71653130
194,-1.77988243,-7.73662233,75.94995320,0.17563514,-2.25942437,160.89041491,-16.70496000,-4.39015500,-35.15425500,10.26920600,5.30986000,-15.00003300,39.62674000,-12.95527000,-42.51091800,6.44676730,0.05670228,15.00003300,41.51119200,0.48637000,6.63500360,24.91723800,24.74031800,-38.07710000,46.07628300,-0.07347836,0.78782326,5.88621040,-93.36375000,-37.58414500,54.39517200,87.73111000,51.31402000,1.42450480,-6.73133800
195,-1.80966818,-7.63916016,75.96202384,0.26006604,-2.19756634,160.95293211,-16.65621400,-4.24045040,-34.78281800,9.95351700,5.43179600,-15.00003300,39.67910000,-12.97301000,-42.74441000,6.44346600,0.17782085,15.00003300,41.47189700,0.49002206,6.60504600,24.94336700,24.87482500,-37.92766000,45.98830400,-0.24913295,0.81524444,5.87645800,-93.46751000,-37.37665600,54.36024500,87.72301000,51.26843000,1.45930020,-6.80239200
196,-1.82395649,-7.55381298,75.97614857,0.27129128,-2.28060633,161.06877860,-16.48004500,-4.05653500,-34.45668000,9.68235300,5.65131240,-15.00003300,39.76703600,-12.82643200,-42.53619800,6.43591300,0.34930864,15.00003300,41.44281400,0.46809572,6.42835760,24.89277000,24.98862600,-37.89837600,45.97363000,-0.38505998,0.68307590,5.86265600,-93.24389000,-37.21979000,54.25450500,87.87695000,51.75911000,1.31177320,-6.90157000
197,-1.82824492,-7.47755337,75.96784453,0.35846467,-2.25891520,161.10371763,-16.50038500,-3.96237600,-34.08033800,9.58454200,5.66620870,-15.00003300,39.77985000,-12.84061300,-42.49291000,6.44410370,0.07630940,15.00003300,41.35911600,0.43573117,6.40967750,25.01828600,25.11744500,-37.72943000,45.71122700,-0.43585718,0.60473800,5.81978270,-93.22732000,-37.03057000,54.23566400,87.76287000,51.44126000,1.42752620,-6.94043200
198,-1.82761276,-7.41048288,75.97669327,0.40618882,-2.26175439,161.09538401,-16.35701600,-3.80969700,-33.89771000,9.23576450,5.81860600,-15.00003300,39.76434300,-12.81977750,-42.36633300,6.44525200,-0.02718716,15.00003300,41.27661000,0.42967382,6.31371160,24.98792300,25.21561800,-37.93768000,45.71014400,-0.49652240,0.55924040,5.52242400,-93.05755000,-36.86946500,54.23449000,87.47472000,51.06838000,1.49488310,-6.92202500
199,-1.82559323,-7.35319614,75.99551817,0.36766162,-2.27828101,161.16400173,-16.20868300,-3.66857500,-33.95202600,8.93734200,5.93072600,-15.00003300,39.75180400,-12.68204700,-42.25741000,6.45194900,-0.09384844,15.00003300,41.21840700,0.44855840,6.23418400,24.98337000,25.31277700,-37.94540400,45.64805000,-0.46031594,0.49430412,5.42798500,-93.05496000,-36.69431300,54.17619700,87.63089000,51.22176700,1.48016380,-6.97683950
200,-1.82543588,-7.30308580,75.97709306,0.41879271,-2.42828504,161.24886016,-16.04931000,-3.72621080,-33.96490500,8.96762850,6.01818130,-15.00003300,39.92743700,-12.65251900,-42.18709600,6.48451230,-0.19246054,15.00003300,41.12476300,0.45835322,6.16706280,24.92587000,25.37368800,-38.04405600,45.69682700,-0.63816184,0.42496645,5.31147900,-92.80255000,-36.57185000,54.11629500,87.59039000,51.17083400,1.52772320,-6.98481000
201,-1.82751346,-7.25596094,75.96249398,0.42472564,-2.48983266,161.17142599,-16.01037800,-3.79554870,-34.23930400,9.20084600,5.80277000,-15.00003300,39.99969000,-12.67586400,-42.25197000,6.49484900,-0.30580932,15.00003300,41.09911700,0.39491615,6.16702500,24.94439500,25.44661300,-38.07153700,45.71460300,-0.57094014,0.40131027,5.27973600,-92.73263500,-36.39261600,54.15465000,87.65222000,51.35024000,1.48625980,-6.84279700
202,-1.84222519,-7.21341753,75.94318927,0.46423805,-2.63583546,161.27483402,-15.88013900,-3.90837030,-34.33147400,9.33591600,5.85265730,-15.00003300,40.18933000,-12.63936900,-42.25539000,6.52639250,-0.37887132,15.00003300,40.97207000,0.41297328,6.17582400,24.93905800,25.50135000,-38.09029800,45.76421000,-0.57695025,0.27820590,5.21731200,-92.61050000,-36.22299000,54.22995800,87.74478000,51.18638600,1.46583870,-6.76504850
203,-1.86740267,-7.17243576,75.95413264,0.42474323,-2.64415726,161.31769092,-15.77063750,-3.84980130,-34.51445800,9.19185900,5.92708600,-15.00003300,40.19547300,-12.54328200,-42.21273000,6.52012800,-0.45863080,15.00003300,40.94441600,0.38064164,6.14153580,24.93047000,25.52273600,-37.98883400,45.87301600,-0.65060050,0.19102411,5.20547100,-92.59731000,-36.12740000,54.32548500,87.89670000,51.20693000,1.45638420,-6.70132880
204,-1.90647674,-7.13293457,75.98951570,0.42384846,-2.55634616,161.28708499,-15.61124900,-3.68826340,-34.53255000,8.69824700,6.11425200,-15.00003300,40.05597000,-12.47620100,-41.94504500,6.47038500,-0.55570257,15.00003300,40.99797400,0.33358076,6.04987200,24.94020500,25.53268400,-37.87928400,46.03884500,-0.56660300,0.24969012,5.13078300,-92.63145000,-36.01429400,54.41571000,88.00445600,51.42775000,1.46933290,-6.61206150
205,-1.96337128,-7.09813213,76.01790271,0.43533891,-2.60822870,161.33542517,-15.35434800,-3.63664980,-34.63973000,8.35987800,6.23765750,-15.00003300,40.16931500,-12.46733200,-42.03273000,6.47433570,-0.62777203,15.00003300,40.92991600,0.31519344,6.08983800,24.95403500,25.53799600,-37.81201600,46.18699600,-0.56154580,0.32112998,5.14179330,-92.64494000,-35.90241600,54.52129400,88.14095000,51.60957700,1.61594500,-6.55857660
206,-2.03626966,-7.06707668,76.05288537,0.37979058,-2.68120232,161.36411772,-15.04428700,-3.53286840,-34.84081000,8.01727800,6.47449540,-15.00003300,40.31830200,-12.44111250,-42.29471000,6.49963330,-0.46099020,15.00003300,40.86017600,0.34521586,6.07142100,24.95619800,25.54315000,-37.84893800,46.39092600,-0.61849310,0.33341340,5.08734940,-92.57472000,-35.82166300,54.59494400,88.13883000,51.28793300,1.70285900,-6.58476920
207,-2.12221551,-7.03939056,76.09207176,0.41023166,-2.66181813,161.38175605,-14.72324000,-3.44862320,-34.99127000,7.40805670,6.76075270,-15.00003300,40.36241500,-12.47492800,-42.32543600,6.50120640,-0.29280427,15.00003300,40.81596800,0.35129887,6.07348200,25.01381900,25.54260800,-37.81567800,46.55203200,-0.86154985,0.36686580,4.91464500,-92.55738000,-35.75958300,54.71184000,87.99353000,51.03677400,1.92828680,-6.42674350
208,-2.21003723,-7.01482010,76.13143842,0.36600439,-2.64411512,161.45830604,-14.65169400,-3.39661150,-34.92399000,7.34522440,6.78619200,-15.00003300,40.41319000,-12.41443600,-42.45231600,6.49879800,-0.18695225,15.00003300,40.76993600,0.37994906,6.02058120,25.06174700,25.53928800,-37.74272500,46.69474800,-1.02968650,0.39821598,4.87225150,-92.58069600,-35.69868000,54.79384200,88.03731000,50.92538000,2.04172250,-6.48490700
209,-2.29719901,-6.99118376,76.18504765,0.24600686,-2.51920282,161.48887338,-14.69909200,-3.28617120,-35.01158500,7.32725240,6.64978600,-15.00003300,40.31715000,-12.29906800,-42.57493600,6.49068550,-0.23942973,15.00003300,40.79879400,0.42023450,5.93830400,25.08266600,25.53898000,-37.70452000,46.81616200,-1.07736130,0.37538382,4.86286260,-92.71524000,-35.68631700,54.81886000,88.10946000,50.76204000,2.04496070,-6.48098370
210,-2.38215542,-6.96869135,76.21453443,0.23276168,-2.50002268,161.53487784,-14.64444300,-3.28798680,-34.96514000,7.32191700,6.66491700,-15.00003300,40.34321200,-12.26364700,-42.54363300,6.48719600,-0.24042198,15.00003300,40.76899700,0.48617193,5.87657200,25.14060400,25.54393800,-37.69608000,46.85701400,-1.05284450,0.37724596,4.85590000,-92.69084000,-35.65003600,54.85122300,88.00608000,50.59816400,2.05142380,-6.52130750
211,-2.45819020,-6.94250154,76.24555833,0.22324026,-2.39776118,161.59653339,-14.70440500,-3.23699710,-34.73903000,7.28857140,6.66494130,-15.00003300,40.24472000,-12.18349900,-42.39448000,6.46113000,-0.31551430,15.00003300,40.76769600,0.52690226,5.78657100,25.25831600,25.55784600,-37.55049000,46.80373400,-1.14614090,0.27954830,4.84625770,-92.72925600,-35.59161800,55.00341800,87.98859400,50.19891400,2.09663340,-6.46409300
212,-2.52809834,-6.91490030,76.26301393,0.22425540,-2.38230504,161.64051500,-14.67439700,-3.19577650,-34.51484700,7.27287630,6.78808740,-15.00003300,40.26573000,-12.15569200,-42.37299700,6.46048930,-0.30897960,15.00003300,40.77553600,0.53247994,5.73254630,25.28274300,25.56441300,-37.50371000,46.83757000,-1.32971600,0.15063790,4.98867370,-92.66891500,-35.57191000,55.02617000,87.94331000,50.13273000,2.10787770,-6.51893230
213,-2.59034348,-6.88239336,76.29681650,0.18852247,-2.30360424,161.68398867,-14.72471000,-3.06942920,-34.21206000,7.22914700,6.76543470,-15.00003300,40.19692600,-12.06650600,-42.30156300,6.43966770,-0.40729490,15.00003300,40.75082400,0.52841910,5.67856800,25.32294000,25.58751900,-37.45686700,46.81495700,-1.46619570,0.26349676,4.92391870,-92.72984000,-35.53825400,55.08307000,87.93751000,50.39825000,2.17532920,-6.55873250
214,-2.65294957,-6.84760809,76.32552096,0.19287114,-2.33937808,161.61251239,-14.59626900,-3.05061670,-34.17145500,7.23390440,6.69767430,-15.00003300,40.22946500,-12.05603900,-42.10570500,6.41981650,-0.41128197,15.00003300,40.84686700,0.54687330,5.65621000,25.34574100,25.61039400,-37.36178000,46.88761000,-1.40374970,0.22896905,5.18137930,-92.67866500,-35.50323500,55.12854400,87.97554000,50.84426500,2.11889460,-6.55617000
215,-2.71783352,-6.80580568,76.33271416,0.25373983,-2.34276363,161.71279040,-14.55837000,-3.09025030,-33.94794000,7.22940060,6.78130150,-15.00003300,40.29509400,-12.05179600,-42.12536000,6.44267370,-0.37463504,15.00003300,40.81071500,0.57038830,5.66173400,25.34932000,25.63365700,-37.29523500,46.89244500,-1.58150770,0.07654361,5.12909130,-92.64052600,-35.47609300,55.19396000,87.89786500,50.54851000,2.12721820,-6.52071600
216,-2.78328872,-6.76026917,76.35671930,0.20406298,-2.29919784,161.68431608,-14.51881400,-3.00860880,-33.99196000,7.21492700,6.77128840,-15.00003300,40.26122000,-11.99038500,-42.08831800,6.42745260,-0.33813354,15.00003300,40.83525500,0.54652780,5.61953640,25.40222400,25.69023900,-37.21520200,46.91131000,-1.54599690,0.09224973,5.03401850,-92.66724400,-35.40542600,55.22111000,87.96419000,50.74972000,2.13328900,-6.51866960
217,-2.84926581,-6.70760727,76.38989654,0.15420288,-2.22677789,161.66837191,-14.53602300,-2.84389780,-33.74609000,7.18445800,6.74264570,-15.00003300,40.17217300,-11.89963400,-41.94798300,6.41390400,-0.33047730,15.00003300,40.83137000,0.53749686,5.55038360,25.47385200,25.71923000,-37.09449000,46.91185800,-1.65043470,0.01234329,5.08166550,-92.65942000,-35.36924000,55.26370200,87.80490000,50.93465400,2.09294270,-6.56988700
218,-2.91928697,-6.65117884,76.42920553,0.11730251,-2.14177584,161.78093130,-14.58894800,-2.74998760,-33.49313400,7.17159750,6.66280600,-15.00003300,40.12448000,-11.74928200,-41.89766000,6.38185020,-0.29700089,15.00003300,40.80904800,0.53179060,5.50275400,25.53141400,25.80102700,-36.91530000,46.77457400,-1.62084150,0.04070808,5.15317500,-92.79721000,-35.30481700,55.35494200,87.98323000,51.20262000,2.15973040,-6.68102740
219,-2.98826909,-6.58768034,76.45716872,0.10677053,-2.08079307,161.77930472,-14.59544900,-2.63324280,-33.21521000,7.15670100,6.78279400,-15.00003300,40.09650000,-11.70672800,-41.92144400,6.37075420,-0.20512599,15.00003300,40.80455400,0.47670290,5.47572900,25.62944800,25.88367800,-36.72287400,46.65279000,-1.70383740,-0.03788922,5.35225700,-92.82448600,-35.24232000,55.39680000,87.94906000,51.50964000,2.15316410,-6.73313200
220,-3.05464697,-6.51631355,76.47716134,0.21606067,-1.94722259,161.76987100,-14.67616700,-2.66910930,-33.02490600,7.14223150,6.85133740,-15.00003300,40.03350400,-11.77667500,-42.00736000,6.34010120,-0.32003066,15.00003300,40.84737000,0.38059312,5.43824770,25.73871800,25.97717000,-36.44399600,46.50388700,-1.73926150,-0.00350475,5.32646470,-92.82872000,-35.17276000,55.55938000,87.77008000,51.18006500,2.24442900,-6.72385840
221,-3.12176919,-6.44318676,76.50043030,0.30304603,-1.89906587,161.71287697,-14.62656400,-2.74146750,-33.09010300,7.15306570,6.81397870,-15.00003300,40.03999300,-11.84284800,-41.99677300,6.32374050,-0.40190530,15.00003300,40.90938000,0.32070038,5.47261240,25.85142700,26.08324600,-36.18004600,46.26693300,-1.70273950,0.08011420,5.34924700,-92.90347000,-35.09474000,55.66359700,87.69327500,51.47595000,2.29945760,-6.81819150
222,-3.18500018,-6.36464500,76.50935999,0.41056381,-1.83313177,161.68726813,-14.62933500,-2.77270600,-32.91330000,7.15465500,6.78811500,-15.00003300,40.04997600,-11.93443000,-42.11964800,6.33337300,-0.45269260,15.00003300,40.91131600,0.22866120,5.50026700,25.94265700,26.19136600,-35.98639000,46.05689600,-1.85948970,0.01657441,5.29637200,-92.89103000,-35.01113000,55.79324300,87.47899000,51.13146000,2.43174890,-6.69918350
223,-3.24263525,-6.28557110,76.54548050,0.46903526,-1.77192901,161.59664839,-14.60857000,-2.75740600,-32.88401800,7.16577150,6.81977840,-15.00003300,40.01914000,-11.99549000,-42.11815300,6.33484550,-0.58008176,15.00003300,40.88209500,0.11683419,5.53736800,26.13552000,26.31826400,-35.75458500,45.67831000,-1.79563100,0.08840951,5.34735700,-92.89979000,-34.89996700,55.94351000,87.23775500,51.34570300,2.41561410,-6.58035800
224,-3.29403353,-6.20485163,76.53536562,0.54059682,-1.59151402,161.52034286,-14.75191500,-2.65287110,-32.42640700,7.14639600,6.72079940,-15.00003300,39.85310700,-12.04442700,-42.06937800,6.31664500,-0.73602330,15.00003300,40.83822600,0.05595352,5.49420400,26.27129000,26.44474600,-35.68958000,45.26362000,-1.81321970,0.13104376,5.61538300,-92.97694000,-34.77252600,56.06255300,86.83099000,51.40726000,2.51215310,-6.57485680
225,-3.34124494,-6.12533903,76.59047275,0.55354868,-1.57241229,161.35008224,-14.68106200,-2.52678540,-32.23767000,7.14975700,6.77737430,-15.00003300,39.92451500,-12.19466300,-42.57652300,6.35559460,-0.79395730,15.00003300,40.84205200,0.03498841,5.52984140,26.53949500,26.53234500,-35.27981600,44.73083000,-1.89629280,0.11612146,5.63774800,-92.96014400,-34.64944000,56.17780300,86.42130000,51.34195000,2.59843090,-6.49305000
226,-3.36786056,-6.04186630,76.58809599,0.60036076,-1.55697741,161.36300125,-14.65783100,-2.51818600,-32.27757000,7.15343330,6.73968100,-15.00003300,39.98253600,-12.20544000,-42.78213500,6.35903600,-0.84651285,15.00003300,40.85811600,-0.00080133,5.44241100,26.70495600,26.62200700,-34.90048000,43.85193600,-1.96809590,0.21944048,5.57199700,-92.86433400,-34.55318000,56.34064000,86.39600000,50.94276400,2.65778950,-6.47120200
227,-3.37928820,-5.95849848,76.57575400,0.66885739,-1.46920581,161.20477499,-14.69966800,-2.42694760,-32.00611000,7.15057850,6.62900400,-15.00003300,39.89679700,-12.28669300,-42.77630600,6.33927440,-0.97826840,15.00003300,40.96168500,0.01326603,5.40232470,26.92602000,26.70038000,-34.45300700,42.81357000,-2.14143420,0.13583696,5.84060670,-92.88988000,-34.45289600,56.42442700,86.12388600,50.96887000,2.77200270,-6.47940160
228,-3.36850667,-5.87131214,76.57537544,0.72367719,-1.39973499,161.08829387,-14.73532100,-2.36631770,-31.96544500,7.15624860,6.62088300,-15.00003300,39.75058700,-12.27344700,-42.41702000,6.31512170,-1.02398410,15.00003300,40.97589000,-0.04743471,5.38171770,27.13887800,26.84611000,-34.05510300,41.41160200,-2.09691000,0.14951748,6.26739930,-92.97782000,-34.25903000,56.46944800,86.15748600,51.47079500,2.87771300,-6.53736540
229,-3.33517575,-5.78206635,76.55443113,0.73175370,-1.33390149,161.05983761,-14.82275100,-2.23621250,-31.82526200,7.15969560,6.58879850,-15.00003300,39.66624000,-12.23055100,-42.43884700,6.32706360,-1.28712260,15.00003300,40.98270000,-0.01739649,5.34553200,27.44228400,26.97738500,-33.45567700,39.37000300,-2.12409640,0.17349267,6.42839500,-93.10065000,-34.10383600,56.47324000,86.19664000,51.51214000,2.92905350,-6.59132800
230,-3.28328204,-5.69111204,76.55379750,0.69968339,-1.41078233,161.12309277,-14.79264700,-2.07447530,-31.68015500,7.16986270,6.66819570,-15.00003300,39.77530700,-12.12620800,-42.63892400,6.34521630,-1.26323030,15.00003300,40.88520400,0.06359745,5.31519560,27.73470700,27.11771800,-32.74558000,36.81536000,-2.12954520,0.22662124,6.57104300,-93.08510600,-33.97660000,56.34374200,86.22426600,51.19530500,2.88597560,-6.66081950
231,-3.21948481,-5.59522629,76.54878838,0.85799239,-1.58020186,161.14123169,-14.63459300,-2.22391500,-31.84648300,7.23172300,6.80194570,-15.00003300,39.93750000,-12.17581700,-42.46238000,6.39345070,-1.30491280,15.00003300,40.76637000,0.13868551,5.38102530,27.71198700,27.31272100,-32.42926800,34.17584600,-2.01309540,0.16475788,6.93021060,-92.97768000,-33.81239700,56.31154300,86.12002600,51.35933700,2.94766800,-6.82339760
232,-3.14649630,-5.49662113,76.54261406,0.95028057,-1.66386607,161.19689525,-14.62208700,-2.14053130,-31.50104900,7.22825570,7.03536650,-15.00003300,40.05226500,-12.19791400,-42.64117400,6.43664930,-1.31593750,15.00003300,40.63769500,0.27161512,5.27366450,28.03423100,27.53060300,-31.60247800,30.78338400,-2.00271080,0.10745626,6.83866400,-92.78776600,-33.65069600,56.22601700,85.88602000,50.51672700,2.86520120,-7.06248430
233,-3.07991648,-5.40105438,76.55859293,0.98752217,-1.80034352,161.22212913,-14.49097250,-2.14399580,-31.67518200,7.25853060,7.18426500,-15.00003300,40.17764700,-12.15552400,-42.66225000,6.45926480,-1.31977780,15.00003300,40.53324000,0.39459595,5.21539900,28.16072000,27.75213800,-30.86161800,27.30926300,-1.92799800,0.01569214,7.06365160,-92.72689000,-33.50101000,56.08675000,86.05770000,50.99025300,2.79873730,-7.25198270
234,-3.01919031,-5.30145407,76.51103724,1.21416607,-2.05562966,161.24929745,-14.27788300,-2.21193120,-31.27278100,7.29322340,7.22423930,-15.00003300,40.48597000,-12.30530100,-42.75654200,6.49976730,-1.30686150,15.00003300,40.26894000,0.44431767,5.21856600,28.22012100,28.03764300,-30.24649800,23.94252600,-1.45838400,-0.11955067,7.19953300,-92.40053000,-33.32570300,55.92700000,85.90964500,50.84829700,2.78179240,-7.40295300
235,-2.97960782,-5.20597649,76.48274806,1.23123592,-1.96987107,161.12150070,-14.38478400,-1.98976770,-30.87422600,7.29213140,7.15903800,-15.00003300,40.33522400,-12.28677500,-42.60169600,6.44381760,-1.28137780,15.00003300,40.21799000,0.53647340,5.03232150,28.60777700,28.31093800,-29.09394600,20.24945800,-1.60393000,-0.48804170,7.56884700,-92.37340500,-33.18810300,56.00091000,85.94402000,50.23123000,2.78389740,-7.50064500
236,-2.96958399,-5.11144686,76.45291172,1.19938452,-1.98421996,161.11407788,-14.55816650,-1.86769440,-30.54917700,7.72028700,6.86381440,-15.00003300,40.32536300,-12.20513200,-42.52388400,6.43159680,-1.28129280,15.00003300,40.00886000,0.65792555,4.87626900,28.83551400,28.61945700,-27.98095300,16.24752400,-1.21898420,-0.07152290,7.65715030,-92.40617000,-33.07102600,55.71440500,86.12080400,50.74495300,2.69435830,-7.93507430
237,-2.99231410,-5.01225996,76.46032972,1.20346148,-1.99381597,160.94376241,-14.71549700,-1.77218640,-30.16317200,8.27562600,6.57435400,-15.00003300,40.29354000,-12.24834100,-42.38916800,6.41334150,-1.37399520,15.00003300,39.83046000,0.73261124,4.71022750,29.25157400,28.90778400,-26.87699500,12.11223800,-1.07945070,-0.31238630,8.12946700,-92.33025000,-32.96999400,55.56227500,86.13510000,51.16731300,2.61846950,-8.15189000
238,-3.04620075,-4.89563990,76.44779360,1.28339368,-2.00681385,160.71689627,-15.03674600,-1.74653030,-29.45066800,9.26066800,6.07902150,-15.00003300,40.30523000,-12.42253300,-42.31960000,6.41115470,-1.43978100,15.00003300,39.53259300,0.78718543,4.63342100,29.50976600,29.19809300,-25.35173600,7.32726670,-0.86072700,0.05209378,8.02827600,-92.27536000,-32.87883000,55.46718000,85.96725000,51.12469500,2.56972380,-8.28025150
239,-3.12684321,-4.75111961,76.42637633,1.42353758,-1.86258483,160.50850261,-15.58786700,-1.74051880,-28.44810000,10.38709000,5.56582640,-15.00003300,40.22304000,-12.63468200,-42.45146000,6.35703370,-1.60030340,15.00003300,39.29458600,0.81005430,4.49646760,29.85794400,29.44951200,-23.73786200,2.28655390,-0.97218090,-0.22361620,8.53089800,-92.30436000,-32.83312200,55.50152000,85.95419000,50.51754400,2.52401830,-8.23196000
240,-3.22902155,-4.56203604,76.44164760,1.44478605,-1.45312498,160.17860393,-16.49696000,-1.35096860,-26.89124500,11.67145100,5.14357500,-15.00003300,39.79264000,-12.80076500,-42.50320400,6.29027100,-1.62594890,15.00003300,38.99081400,0.80284490,4.38241000,29.91806000,29.62732000,-21.88030200,-3.81573150,-1.02056230,0.21379010,8.40576650,-92.68224000,-32.81259500,55.27574500,85.82896400,50.17403400,2.65560630,-8.55840500
241,-3.34750628,-4.31755543,76.46995972,1.66949089,-1.18981296,159.58095784,-16.92651400,-1.12172420,-25.71426000,12.58142500,4.80337100,-15.00003300,39.52149000,-13.20359800,-42.23711000,6.08979100,-1.66321720,15.00003300,38.62288300,0.73725030,4.34608650,29.58845300,29.70688200,-20.29107700,-10.21374300,-1.05828380,0.26368037,8.85685600,-92.69919600,-32.77094000,55.34670000,85.19838000,49.49616000,2.63589530,-8.59978400
242,-3.46061850,-4.00488949,76.51933981,1.61979610,-0.82879025,159.24835692,-17.43516700,-0.41930553,-24.42916500,13.20203600,4.67281200,-15.00003300,39.14243000,-13.28322000,-42.30933000,5.97820700,-1.66709150,15.00003300,38.00615300,0.69570640,4.37046340,28.71562000,29.74434900,-18.15119200,-17.61076000,-1.17617650,0.47550127,8.94063000,-93.06723000,-32.72747000,55.27597800,84.66612000,48.68045000,2.59413120,-8.81913800
243,-3.56220651,-3.61253285,76.54013082,1.69462200,-0.19860830,158.60610501,-17.99230200,0.56214930,-22.51676800,13.42962400,4.58707700,-15.00003300,38.36193500,-13.51982800,-41.76644500,5.71320720,-1.31358730,15.00003300,37.39215500,0.61859494,4.51715470,26.40928000,29.64995200,-15.83330200,-25.95990800,-1.32138340,1.06383730,9.36936600,-93.77125000,-32.67456000,54.93835000,83.54977400,48.88040000,2.51779150,-9.45262600
244,-3.63764691,-3.15754342,76.58227259,1.93619496,0.08580056,157.96103157,-18.50063500,1.41753750,-20.12644000,14.43208700,4.60403400,-15.00003300,37.93065600,-14.19567700,-41.80861300,5.85400530,-1.23635640,15.00003300,36.32739600,0.33140380,4.98849870,21.83020400,29.49465400,-11.93635750,-34.73687000,-0.89043260,0.96540767,9.09275300,-94.21079000,-32.60751300,54.76235600,82.30123000,47.74880600,1.94548640,-9.81363100
245,-3.69786024,-2.63213587,76.57343072,2.20270469,0.37748981,157.26512820,-18.41177200,2.51244570,-17.91321600,14.27508200,4.65580840,-15.00003300,37.41922000,-14.68520450,-41.19507200,5.73314950,-1.19547950,15.00003300,34.91022500,0.16161968,5.37413100,17.14562200,29.21090300,-9.83805800,-39.35840200,-0.48031783,1.34493910,11.70563800,-94.63248000,-32.49746000,54.72026000,81.25402000,49.42075700,1.80350040,-9.27208400
246,-3.74147558,-2.06862807,76.71348542,2.63273075,0.44762217,156.98366718,-18.36840800,3.46063610,-15.02230700,14.53517150,5.73717100,-15.00003300,37.47165700,-15.02255400,-41.28311500,5.20447640,0.39200947,15.00003300,33.87930000,0.18786578,5.57574940,6.05144550,28.87418200,-6.45934100,-44.20880500,-2.39294310,2.31274770,13.75393200,-94.79419000,-32.34173200,53.61609000,79.69860000,49.81419800,1.98996420,-10.84754700
247,-3.77796245,-1.49048495,76.70768222,2.32459791,0.83022251,156.76875734,-18.36592900,5.35954430,-12.11784300,14.10014800,5.74247500,-15.00003300,36.64316600,-14.68502500,-40.23166700,5.37461330,1.49263740,15.00003300,32.14654000,0.78220135,5.61685040,-6.85695400,28.75086400,-5.78323650,-44.69751000,-3.23538610,3.76789400,16.38415300,-95.48561000,-32.00647700,52.02491000,77.69568000,50.48520700,2.01860100,-11.01738550
248,-3.79411101,-0.88264644,76.68273041,2.28325762,1.95358715,155.84414484,-18.94388400,7.00076200,-9.64967900,13.73511300,5.97678950,-14.77439300,35.08983200,-14.87960100,-39.18010700,5.17116600,1.97240320,15.00003300,31.46014000,0.66104305,5.34277100,-18.87646900,28.49026900,-4.22129400,-42.75283000,-3.83953600,5.18589200,19.33360100,-96.39361000,-31.74747800,50.85972000,76.64321000,49.94924000,1.76891200,-11.41528000
249,-3.80007100,-0.28240004,76.76678058,2.28904188,2.11255511,154.91829275,-18.90020800,8.01737600,-8.63033200,14.37217900,6.29933700,-14.73398800,34.66883500,-15.32834900,-38.80223000,5.04320100,2.89911720,15.00003300,30.74800700,0.72559270,5.14020500,-29.77653900,28.26814700,-1.96717550,-40.17032000,-4.24897300,6.81324050,19.82740400,-96.56283600,-31.61140400,49.56885500,76.00475000,49.50909800,1.54129960,-11.64279800
250,-3.80385041,0.30679983,76.82854468,2.11296864,2.55278511,153.87292596,-19.04694000,9.25035600,-7.68284560,14.84588000,6.46565680,-14.72918400,33.84157600,-15.67712400,-38.28271500,4.93516450,4.00886730,15.00003300,30.39073800,0.94695276,5.03942250,-39.12579300,28.35101500,-0.24868886,-37.04948800,-4.52150500,7.34495100,21.98818800,-97.23343000,-31.51812700,47.95694000,75.02161400,48.69987500,1.81176540,-12.12054600
251,-3.80502820,0.88270062,76.81353940,2.45514223,3.15035460,153.05393327,-19.72036400,10.26067900,-5.39126500,16.09549300,6.84168300,-14.75604500,33.08489000,-16.47594000,-38.06751300,4.75524800,4.81279950,15.00003300,29.87820200,1.17062890,5.01241350,-45.98827700,28.72454600,1.59327050,-35.62358000,-4.36033600,7.19827130,22.92387800,-97.69710000,-31.52367800,46.47216000,73.41956000,47.09142300,1.74357390,-13.00460900
252,-3.82009101,1.41323268,76.79017949,2.44867577,3.67425591,151.91463210,-20.50921200,11.46974300,-3.85413070,17.92464800,6.76710000,-14.60098800,32.21248600,-17.20277200,-37.91047700,4.74815100,5.32044120,15.00003300,29.32962000,1.39259090,5.46000960,-53.46542400,29.36957400,3.41127060,-32.94375000,-4.16387700,6.41427660,25.78028700,-99.33964000,-31.61931400,44.96301700,71.58967600,46.26724600,1.30022420,-14.07162100
253,-3.84803486,1.89667177,76.84672710,2.15224483,4.26663742,151.25427218,-20.97620000,12.52595700,-3.39718030,18.47197300,6.80977800,-14.51936800,31.53485500,-17.07282400,-37.64798700,3.84467050,6.29919620,15.00003300,29.27061700,1.83280650,5.76046040,-60.76601000,30.46485100,4.93413400,-29.77636100,-4.93723300,6.62248370,26.80047400,-102.37633000,-31.82749600,43.32220000,70.00146500,46.15179400,1.33618650,-15.61878000
254,-3.90461802,2.31540751,76.78484113,1.85891538,4.90116042,150.46995775,-21.56999000,13.62369500,-2.75072800,19.29414600,6.17392200,-14.39384100,30.36585200,-17.51166700,-37.46647600,4.59827900,6.28523400,15.00003300,28.85422100,2.14921050,6.24375060,-66.03973400,32.45226700,5.64942840,-26.96886600,-5.35614500,6.75073340,26.96965000,-105.75616000,-32.31904000,41.88527000,68.16710000,45.62319600,0.97640246,-16.35422100
255,-3.98943233,2.67282271,76.67799613,1.85999170,5.16843636,149.57299922,-22.35380000,14.24111800,-2.37874870,21.45331600,5.30017040,-14.12162300,29.60537100,-18.30000000,-37.42019300,5.40608500,5.29832030,15.00003300,28.20875400,2.05312920,7.19668900,-73.96364600,34.86388000,5.22615240,-22.32277700,-6.77848240,7.22965430,27.44449800,-109.15996600,-32.96835000,40.52305200,65.61988000,45.55327600,0.38791624,-17.60814000
256,-4.12327862,2.97776127,76.66306414,1.90517983,5.56403543,148.97758065,-22.80365000,14.36406400,-2.77936650,22.41583400,4.94733100,-14.05055700,29.21707500,-18.60505500,-37.74485800,5.11699900,5.45328950,15.00003300,27.82247400,2.11945460,8.16572100,-81.10873000,37.73415400,4.64639000,-17.15332600,-8.02940900,7.42912900,27.59786400,-112.86664000,-33.82772000,39.36773300,62.73718300,44.33083300,0.06322987,-18.75591900
257,-4.32337618,3.21636081,76.72455844,1.54796707,6.10939109,148.39749767,-23.36306600,14.95293200,-2.96482010,23.22568900,4.64669400,-13.99567800,28.40430800,-18.61950300,-38.01388500,5.43538100,4.93311100,15.00003300,27.57760200,2.25220800,9.42540000,-88.91671000,40.52381500,1.90928330,-10.32515200,-7.46061400,8.04105600,27.56875400,-116.80509000,-34.63706600,38.48727800,60.11271000,45.18798400,-0.49525356,-19.96238900
258,-4.58986855,3.38147211,76.96567824,1.59582170,7.26748795,147.53731513,-23.75223500,15.16618300,-2.49439220,22.75941800,5.47063970,-13.98620000,27.17962600,-19.14751400,-38.42703000,5.32555960,5.36914730,15.00003300,27.23395200,1.66447510,10.60226200,-97.93519600,43.71522500,-2.53177450,-2.04008670,-8.70157700,7.71982430,27.46028500,-120.36223000,-35.60006700,36.98326000,56.76913000,44.75318500,-1.00975610,-21.66791700
259,-4.96014929,3.44723248,77.25268767,1.31907717,7.25561115,147.25856972,-23.91254400,14.88130800,-3.85127880,23.80672500,6.12575500,-14.87076100,28.92380100,-17.89981500,-40.02939600,1.39934400,7.92665430,15.00003300,26.17435800,0.86817100,12.61801000,-110.77381000,47.34379200,-10.63864300,9.63713800,-12.06458400,6.90702870,26.80757100,-121.74981000,-36.68691600,34.68206400,54.33082600,45.08622400,-2.05880000,-23.72120300
260,-5.44198847,3.38570023,77.36711054,1.07730089,9.29442330,145.96669699,-25.20647600,15.50585600,-2.60574150,23.65067700,5.55491000,-13.81801200,25.63894700,-19.17935400,-39.20992000,3.88800260,6.51218460,15.00003300,24.09300600,-0.80051540,14.36708000,-120.37430600,49.76626600,-18.84973700,17.93516000,-15.36152200,7.50164400,25.91072800,-121.47179400,-37.32139600,33.08036400,50.92466400,45.64582000,-0.82396110,-22.52207400
261,-6.02548790,3.18731141,77.52750232,1.18315377,10.12876269,144.61219002,-25.81165300,15.05436600,-2.65142940,24.89482700,5.33708050,-14.45339300,24.72873900,-20.07782700,-38.88372400,3.88515570,6.09029150,15.00003300,22.50916000,-1.74136850,16.51812400,-129.79279000,51.39460800,-27.11101700,26.14127000,-19.29671900,6.29550170,24.40572700,-122.67442000,-37.66153300,32.25605000,49.03243300,43.86983000,-1.12705800,-22.95910000
262,-6.71763277,2.81976366,77.73978122,0.28344003,11.17567400,143.47104874,-26.66358200,15.66961100,-2.38691120,25.62944800,4.40630250,-14.30520300,23.20805200,-20.11151300,-38.43371600,4.67994260,5.56605700,15.00003300,20.55627800,-2.93898460,18.36401700,-136.21016000,52.24789400,-36.31052400,34.24280000,-23.59933900,6.68961800,22.93117000,-123.85261000,-37.56751000,32.94385500,48.60379800,44.88758500,-0.37069100,-22.20211200
263,-7.49972630,2.32612252,78.21760762,-1.06444052,11.69558656,142.86896631,-26.92281500,16.03197000,-3.43296380,25.60412600,4.24580100,-14.24417200,22.43470000,-19.45039600,-38.47681400,5.09292400,5.86748270,15.00003300,19.61697200,-3.51049780,19.79354000,-139.24403000,52.20372800,-43.78055200,41.21926000,-26.72166800,8.14153200,20.01616900,-125.67363000,-37.10072300,35.85050000,52.49595600,47.82324200,0.00970748,-20.77210400
264,-8.32944393,1.75979376,78.57022075,-2.65604044,12.23058159,141.98761308,-27.48364000,16.79104200,-4.06205220,26.25536300,3.41984030,-14.56176500,21.46886000,-18.82625000,-38.24532000,5.59511760,6.78033970,15.00003300,18.85056300,-4.18575100,21.04130400,-142.04056000,51.39764400,-51.90246000,49.01823800,-31.64004300,9.40972600,16.40229600,-127.61104000,-36.07224300,41.54260300,58.02734400,48.74618000,1.99886970,-18.22612200
265,-9.18956852,1.17903745,79.32587358,-3.91181929,12.88316528,141.63961133,-26.86841200,17.04827300,-4.35007670,24.03465000,4.30055000,-15.00003300,20.88875800,-18.23652500,-38.51810000,5.63527000,9.37004400,15.00003300,18.22178600,-4.31977700,22.05986800,-144.21925000,50.28349300,-60.49099300,56.19325300,-33.45643200,10.37480500,11.47335200,-129.33014000,-34.90625800,48.41459300,64.38051600,46.92222200,3.32135820,-14.91491900
266,-9.95687294,0.65868866,79.50171518,-5.73360413,13.78209344,140.22214894,-27.74302000,18.70915600,-3.67048240,24.71797600,2.45063190,-15.00003300,20.49718300,-16.55041500,-36.87082300,3.07795210,10.88737100,15.00003300,17.16543000,-5.37526040,22.42464300,-143.89479000,48.95835000,-67.72412000,60.81117200,-30.39699000,11.42476500,7.54146580,-129.58224000,-33.61990700,54.64391300,69.75688000,46.25261300,4.83002950,-10.23608100
267,-10.66345119,0.22030582,79.78218094,-7.00141967,14.19721215,139.33655461,-28.33029000,19.49721300,-3.66145160,25.59897600,1.76648570,-15.00003300,20.07205800,-16.21699300,-36.30476400,3.30595040,13.13360300,15.00003300,16.54746200,-6.10479900,23.03764500,-145.48782000,47.46195200,-72.61164000,64.69787600,-32.79176700,11.27492600,5.47567460,-130.11862000,-32.18210600,58.00652700,73.27686000,46.77255200,5.45118470,-8.73982600
268,-11.26764584,-0.10194455,80.07514389,-7.59434008,14.79457108,138.37051066,-28.51581400,19.72209400,-3.24046090,25.58497000,1.77344470,-15.00003300,19.09672500,-16.79587200,-36.01307700,4.50734040,14.14533400,15.00003300,16.03274700,-6.83310560,23.40993300,-146.35475000,45.60626000,-74.04097000,66.91006500,-33.87814000,10.72905400,5.83481400,-130.91798000,-30.44685700,58.65617400,75.45588000,48.19087600,4.69508840,-8.60543100
269,-11.76779079,-0.31498304,80.23331477,-8.02326816,14.97291842,137.84897557,-28.67446500,19.66488800,-3.54558130,26.18789100,1.44255360,-15.00003300,18.96894500,-17.08004800,-36.50405500,5.03033500,15.17216500,15.00003300,15.83715900,-7.16717800,23.65027200,-146.85396000,44.24973000,-74.09905000,68.08372000,-34.87387500,10.04021000,6.87165000,-131.60590000,-29.22671500,58.79736700,76.86202000,49.43929000,3.72266030,-8.86794100
270,-12.15323448,-0.41635829,80.40782214,-8.43991320,15.31376089,136.51077604,-28.49862000,20.23933200,-2.62011960,26.25252000,1.40073100,-15.00003300,18.64560100,-17.23511700,-36.77188000,4.42004500,17.16321200,15.00003300,15.63946500,-7.67587900,23.74242800,-147.17056000,42.97977400,-74.10062400,69.43279000,-35.52279700,9.62766100,7.45979900,-132.41667000,-28.07613000,58.21162400,77.51585400,49.53890000,3.66837400,-9.26857600
271,-12.46669579,-0.44932392,80.56376948,-9.15517470,15.73226596,135.93299165,-28.48881000,21.05156100,-2.06475300,25.74178900,1.35812930,-15.00003300,18.16512300,-17.03831500,-37.55496200,4.80181930,17.84970000,15.00003300,15.45987100,-8.13138800,23.97059600,-147.36826000,41.42932000,-74.36600000,70.38854000,-34.40662000,9.44780700,7.98676350,-133.72603000,-26.75831000,58.14588000,79.33216000,50.43811400,2.98844980,-9.82932400
272,-12.70562363,-0.40553463,80.53631228,-9.65975883,15.75466659,135.29492124,-28.61262700,21.66330700,-1.97166500,26.49850500,0.65517247,-15.00003300,18.32604400,-16.82143600,-37.92044400,4.41106130,18.19817000,15.00003300,15.35075700,-8.51878600,24.15317500,-147.60486000,40.54206500,-74.28080000,70.70847000,-35.11047400,8.99423200,8.47827800,-134.32549000,-26.01632300,57.72657000,79.77260600,50.74522400,2.44529960,-11.04600800
273,-12.89840221,-0.30464011,80.45937975,-9.79563495,15.51014418,134.96017196,-28.44929700,21.92117300,-1.80583110,27.32678400,-0.07416832,-15.00003300,18.86413400,-16.80234300,-38.65413700,4.02994800,19.11580700,15.00003300,15.18461100,-8.97161800,24.35394300,-147.70782000,38.97617300,-74.06061000,71.87759000,-35.93141600,8.29356600,9.51325600,-135.26550000,-24.74150500,56.98520000,81.10466000,50.63431500,2.32537170,-11.38987100
274,-13.05430222,-0.13998362,80.38164865,-10.42150736,15.50994074,134.17213746,-28.71380000,23.10599700,-1.22475300,28.40434000,-0.65485793,-15.00003300,18.69847000,-16.54729000,-39.27938500,4.01206160,19.81567400,15.00003300,15.04765000,-9.21215800,24.39410600,-148.10011000,37.83715000,-74.33649000,72.99378000,-35.84829000,8.16241800,9.68961900,-136.03230000,-23.83024400,56.49659000,81.29867000,49.91456000,2.05065820,-12.33664100
275,-13.18098259,0.07078844,80.19699969,-10.40858152,15.97708678,133.84655200,-29.07412300,23.63871000,-0.21626611,28.86263300,-1.33810580,-14.95462800,18.40846400,-16.84121700,-40.36843000,4.07884200,19.63577700,15.00003300,15.04471500,-9.84576200,24.45813600,-148.33638000,37.05922000,-73.80319000,73.43339500,-37.14269300,7.71002900,10.37341600,-137.14879000,-23.27720000,55.88090500,82.08742500,50.74010500,1.78786020,-13.00782800
276,-13.28920174,0.31737727,80.01871610,-10.58875984,16.25976105,133.16642616,-29.37486600,24.67653500,1.18643550,29.75127800,-1.86751400,-14.62735900,17.97145800,-16.92391000,-40.58201600,4.06412270,20.29110300,15.00003300,14.99753200,-10.32701900,24.47390700,-148.29678000,36.54508000,-73.37735000,73.66193400,-38.49477000,7.15023600,11.43690500,-137.69017000,-22.90484200,55.16845000,81.51545000,51.13608000,1.35608200,-14.42414300
277,-13.40037155,0.57570457,79.90125437,-10.84116515,16.61561289,132.52150376,-29.42051500,25.60333000,2.32074520,29.92151600,-2.31875780,-14.43846000,17.37610000,-17.11869400,-41.00472600,4.49952000,20.09159700,15.00003300,14.98823100,-10.95259500,24.47291400,-148.22804000,36.05307000,-72.58517000,73.53725400,-37.56690600,6.77201840,12.49491400,-138.29892000,-22.55658300,54.82164400,81.55596000,51.49332400,1.03837450,-14.75007800
278,-13.50852203,0.83396816,79.77167980,-10.89759925,16.68866729,131.87181667,-29.49627700,25.69160800,1.97105560,30.65417500,-2.86216640,-14.15160700,17.31406600,-17.30447800,-41.31310300,4.26309600,20.31400900,15.00003300,15.18106500,-11.38791500,24.56306300,-148.18893000,35.72273300,-72.45115000,73.61835000,-37.08761000,6.66413100,12.18021200,-138.54008000,-22.30676700,54.58669700,81.04024500,50.82338700,1.14717290,-14.63836000
279,-13.62492752,1.07046616,79.83368449,-10.73981133,17.09722876,131.64962895,-29.30266000,25.40391200,1.82926200,30.04182800,-2.70898490,-14.74400000,17.16374800,-17.71321300,-42.38937800,4.37451500,20.66155400,15.00003300,15.08514800,-11.92371200,24.67276200,-148.98747000,35.32715000,-71.94301600,74.12231000,-39.52249000,6.46862800,11.75822000,-139.42314000,-22.00722300,54.02194200,80.89379000,50.26674300,1.40419590,-14.96617500
280,-13.69917965,1.26198888,79.48620757,-11.09639422,17.34556991,130.86196296,-29.93044000,26.43819000,2.61626890,31.47113000,-4.08199000,-14.29971800,16.60243200,-17.53827000,-41.62232000,4.26792200,19.81086700,15.00003300,15.27507200,-12.40117100,24.41577700,-148.33449000,34.98868600,-71.62851000,73.70504000,-37.04071000,6.12375500,12.99271900,-139.82896000,-21.77123000,54.03738000,81.45047000,49.82864000,1.06252840,-14.45657100
281,-13.77576733,1.40768290,79.35944963,-11.30812800,17.58913718,130.29036078,-30.21444000,26.96126400,2.99162460,32.04469300,-4.53986740,-14.04750700,16.23846200,-17.50316800,-41.48089600,4.10920900,19.71688300,15.00003300,15.18100200,-12.75964600,24.41384900,-148.37534000,34.70101500,-71.62614400,74.03797000,-37.38475800,6.10606500,13.00252700,-140.24666000,-21.55749100,53.76222000,81.02081000,49.40344200,1.24359430,-14.68508150
282,-13.84643459,1.49827480,79.33093927,-11.31326290,17.78461440,130.21354185,-30.28419300,26.82824500,2.64081980,31.99603300,-4.68454600,-14.02160200,16.28201700,-17.68369700,-42.35264000,4.15247150,20.25074000,15.00003300,15.00299300,-13.05198100,24.49637200,-148.73947000,34.53076600,-71.16035000,73.82770500,-37.49249300,6.15611840,12.53643500,-140.66030000,-21.44558700,53.26601800,80.78021000,49.49294700,1.07703460,-14.96748600
283,-13.86113739,1.53149176,79.12120516,-11.70487131,17.68541600,129.16849903,-30.78401000,27.50468400,2.68913750,33.64576700,-5.64204360,-13.95829500,15.81033500,-17.66167400,-41.67457000,4.06142950,19.63534200,15.00003300,15.36291800,-13.35558500,24.43804000,-148.39172000,34.30704000,-71.97562000,74.38450000,-36.51931400,5.86015900,12.60294700,-140.65009000,-21.27428800,53.74519000,80.76294000,48.93935400,1.06099450,-14.89313100
284,-13.89010239,1.52877998,79.08989206,-11.60618653,17.96705079,129.15997035,-31.08510800,27.50137000,2.95818880,33.81625000,-5.68841700,-14.30671500,15.76404900,-17.93783400,-42.27922400,4.07627770,19.95983100,15.00003300,15.07094100,-13.66128200,24.66651300,-148.95952000,34.15871000,-71.65854000,74.48298000,-36.70494000,5.94192300,12.49886300,-141.60538000,-21.19038400,53.77184000,81.10546000,47.82930000,1.37072470,-14.84095900
285,-13.86150837,1.48671508,79.03879694,-11.67258852,18.27775466,128.20415045,-31.31064000,27.66314000,3.27636800,34.10379000,-5.98517200,-14.43118000,14.95336300,-18.26990100,-41.88514000,4.00017500,19.15990600,15.00003300,15.50223100,-14.03662800,24.69828400,-149.20128000,34.02787000,-71.88023000,74.91861000,-37.50353600,5.38616370,12.24956500,-142.27417000,-21.10219800,53.81015000,80.97204000,47.63391500,1.65953620,-15.33930500
286,-13.83747482,1.40895188,78.71320322,-12.00953190,17.58357873,128.23103173,-31.92914600,28.58960200,3.39431240,36.50080000,-6.91989760,-13.97458650,15.62825400,-17.98605000,-41.90211500,4.09609170,19.13728100,15.00003300,15.37905300,-14.02772500,24.84455300,-148.04308000,33.76271400,-71.93165600,74.46790000,-36.68882800,5.75963070,12.88078500,-141.64450000,-20.93764000,53.87822000,82.15420000,47.61343000,1.35048370,-14.80945800
287,-13.79779720,1.32719088,78.55845827,-11.98773325,17.62970965,128.08374526,-32.37243300,28.83271600,3.70203830,37.31617700,-7.38905430,-14.17747100,15.51852500,-18.10141800,-41.72410000,4.04753160,18.54726400,15.00003300,15.32905600,-14.29677300,24.89074300,-148.00949000,33.49759000,-72.00738500,74.42718000,-35.79817600,5.99146700,12.70935400,-142.05487000,-20.81303000,54.16824000,82.89178500,47.79627600,1.39922100,-15.21842000
288,-13.75836563,1.23822343,78.51179060,-11.98556286,17.91586819,127.61001185,-32.68744300,28.60958500,3.45865080,37.39171600,-7.72982030,-14.25806000,14.90513500,-18.31680900,-41.30317700,4.05288740,17.90004300,15.00003300,15.33371300,-14.70952500,24.89173500,-148.29721000,33.24590300,-72.27084000,74.77853000,-35.97606300,5.90132300,12.22481300,-142.61748000,-20.70292700,54.43636300,83.13813000,47.65293000,1.63813070,-14.86307800
289,-13.72165680,1.13101768,78.58319978,-11.94221548,18.23764995,127.32806386,-32.85400400,28.36279000,3.37884880,37.06274000,-7.62857400,-14.76203100,14.62454000,-18.58942400,-42.06263400,3.90482740,17.78745700,15.00003300,15.29041100,-15.03085700,25.02537700,-148.86601000,33.06810800,-72.03837000,74.99057000,-36.47295400,5.50090460,11.55556100,-143.41936000,-20.66248900,54.59821700,83.29725000,47.10843700,1.91089500,-14.84049600
290,-13.64103508,0.98619264,78.37722851,-12.29866800,18.21617652,126.87022953,-33.45395000,29.27563700,3.97757080,38.15648700,-8.14913400,-14.16232800,14.20826100,-18.39956300,-41.70854600,3.98056630,17.56252000,15.00003300,15.30101600,-15.20495800,24.90472800,-148.44513000,32.82274600,-71.77150000,74.78591000,-36.68924700,5.44949800,12.68648500,-143.32579000,-20.59380300,54.46761300,83.60319500,47.60384800,1.73051130,-14.60648500
291,-13.56556606,0.80187505,78.53191382,-12.51916355,18.19609698,126.83149058,-33.30756800,29.53432500,4.25676800,37.52228000,-7.77066370,-14.43527100,14.29111900,-18.42830300,-42.98613700,4.10443830,17.87835100,15.00003300,14.89086000,-15.48521600,25.17837000,-148.75581000,32.64522000,-71.16054000,74.96569000,-37.14662600,5.51992850,12.14378450,-143.64778000,-20.55778100,54.47458000,84.03926000,46.85157800,1.97868180,-13.94669400
292,-13.38889122,0.56308937,78.40647606,-12.83164154,18.28055128,126.16547418,-33.82312800,30.18417500,4.73097600,38.03832600,-8.23419300,-14.19862300,13.56062000,-18.33340800,-42.57422600,4.14463470,16.99050000,15.00003300,15.35805300,-15.46867800,25.22476600,-148.44089000,32.42815000,-71.35187000,75.09416000,-35.74646800,5.38833700,12.56677900,-143.90797000,-20.52412600,54.44581200,84.37899000,47.53035700,1.81182750,-14.21992300
293,-13.18265343,0.26801997,78.28999969,-12.78712692,17.84027232,126.00342295,-34.14653000,30.13244200,4.36799200,39.03600000,-8.45774400,-14.00608400,13.82096600,-18.57916600,-42.95203400,4.13155270,17.35249700,15.00003300,15.36045100,-15.60387000,25.61522900,-148.08267000,32.21963000,-71.44149000,75.48431000,-36.05668300,5.53784900,12.37614200,-143.64993000,-20.45188300,54.21000700,84.54222000,47.81482700,1.80047260,-14.41799900
294,-12.90591526,-0.09377667,78.17544188,-12.80962385,17.45562656,125.44128231,-34.40791700,30.44643000,4.59969570,39.93400200,-8.67636000,-13.95817000,13.64343900,-18.84503600,-43.00284600,4.13477400,17.51471700,15.00003300,15.48105000,-15.80678200,25.90470000,-147.97728000,32.00683600,-72.19714000,76.33172600,-37.01254700,5.47869540,11.92137800,-143.39906000,-20.32307600,54.33331700,84.34004000,48.06614300,1.86727100,-14.99022900
295,-12.60357189,-0.51538908,78.36795475,-12.65424329,17.90447450,124.78980966,-34.47106000,29.96538400,4.78683420,38.71466000,-8.29045500,-14.66804900,12.75345300,-19.37413000,-43.73666800,4.06037040,17.39369200,15.00003300,15.56654200,-16.18868300,26.19406900,-149.01701000,31.85620500,-72.58195000,77.08509000,-37.38336000,5.18928200,11.12828200,-144.39586000,-20.23701300,54.48747600,84.02783000,47.54343400,2.07403280,-15.35542900
296,-12.25689411,-1.02921259,78.30855500,-12.67646711,17.52479479,124.24680774,-34.73897000,30.09140800,4.86703700,39.28596500,-8.43352900,-14.71883300,12.50626200,-19.69557800,-44.00728200,4.32234900,16.51331700,15.00003300,15.72297700,-16.29692800,26.60572400,-148.74892000,31.69264200,-72.84517000,77.85996000,-38.60246700,5.20960430,11.12463300,-144.16591000,-20.08394800,54.19921000,83.81187400,47.01142000,2.40890460,-15.29516100
297,-11.88339520,-1.61621308,78.29751344,-12.74082450,17.49639231,123.52836998,-35.06241200,30.47043800,5.65192700,39.26575000,-8.39662000,-14.64585300,11.90082900,-20.02772300,-44.76178000,4.52007340,16.02748900,15.00003300,15.84212600,-16.41154300,27.01854900,-148.85143000,31.53909700,-73.26504500,78.48048400,-38.21381800,5.17033100,11.00562700,-144.22961000,-19.87785100,53.86205300,83.16356000,46.69623600,2.37139130,-15.38650100
298,-11.47141266,-2.28184676,77.99074016,-13.08010539,16.68975055,123.12611012,-35.64212800,31.56977000,6.25553660,40.89484000,-9.11101100,-13.80004500,12.12240500,-19.76334600,-44.79442200,4.54768400,15.26841300,15.00003300,15.89221500,-16.33049400,27.49364000,-147.79994000,31.37409000,-73.28642000,78.33238000,-39.64935300,5.35128300,11.68851100,-143.16510000,-19.62995100,53.24319500,82.92029000,46.86063800,2.32373020,-15.17108100
299,-11.03370190,-2.98671341,77.94496066,-13.09221631,16.02912382,122.57197986,-35.80648800,31.73838400,6.36683000,41.50328000,-9.05464100,-13.72833300,12.09865600,-20.01332700,-45.13957000,4.86569800,15.05907900,15.00003300,16.12526700,-16.23469000,28.10962000,-147.39854000,31.18604500,-73.45014000,78.91160600,-39.90427800,5.20553450,11.45535300,-142.38821000,-19.21846400,52.42531200,81.83927000,46.16180800,2.23014520,-15.39950600
300,-10.55362511,-3.71247816,77.90591062,-13.25324720,15.39193429,121.78819005,-35.86600000,32.49473000,7.15269400,41.97732500,-8.83948800,-13.36224500,12.03296500,-19.94419700,-45.67510200,5.01326370,14.67413100,15.00003300,16.28168900,-15.99318400,28.75961300,-147.35841000,31.12122500,-73.56802000,79.91038500,-40.88471600,5.08876370,11.39267500,-141.42793000,-18.79240400,50.71837600,79.58865000,45.07609000,2.70587020,-16.21440300
301,-10.02642155,-4.44357061,77.66271345,-13.33692410,14.80922431,121.28306540,-36.42626600,33.04111000,7.32492260,43.02855700,-9.24268500,-13.21418500,12.16813850,-20.04151000,-47.00668700,5.54784000,14.54338500,15.00003300,16.26156800,-15.85315100,29.14766700,-147.05020000,31.14404300,-73.44495000,80.56235000,-42.91887000,4.60904600,12.02563000,-140.35437000,-18.01579900,49.39357000,78.07230000,44.82398600,2.56482530,-17.02431900
302,-9.44916630,-5.15917110,77.48402466,-13.62641892,14.44881250,121.23443437,-37.46903000,33.64574400,7.09375860,43.82809400,-9.10857700,-12.88870800,12.33581100,-19.48419200,-48.03281400,6.04989240,14.17877900,15.00003300,16.05400800,-15.30910500,29.65946000,-146.30394000,31.30725000,-73.20165000,81.52432000,-43.66132000,4.20659970,11.72585200,-139.31694000,-17.29918100,47.61301400,76.12429000,43.88054300,2.65264200,-17.20987000
303,-8.81165504,-5.86018801,77.15335931,-14.19085849,13.84438557,121.08305220,-38.85552200,34.71293000,6.41971250,45.39343300,-9.10311100,-12.13582200,11.17150200,-20.25241300,-48.63134400,10.85541500,12.31127100,15.00003300,15.68382900,-14.62568300,29.79380200,-145.58325000,31.74375300,-73.49784000,82.73017000,-45.67274000,4.03762000,11.48045900,-137.61978000,-16.62862200,44.96901700,73.66942000,42.67756700,2.47671530,-18.90476600
304,-8.07643890,-6.54284286,76.86549089,-14.20588501,13.17922959,120.53899970,-39.21320000,35.57304000,6.97949030,46.04344000,-9.32544300,-11.95570800,9.26607100,-22.31300200,-48.86312500,17.27549600,9.81349400,15.00003300,15.21708700,-14.16341800,29.79380200,-144.66653000,32.45540600,-73.50590000,83.23683000,-46.04871000,3.82634470,11.05499400,-135.80391000,-16.12162600,42.00108300,70.46047000,40.14267000,2.20947900,-20.31820300
305,-7.25158596,-7.18866682,76.44767780,-13.29281329,12.55784461,119.77206138,-39.52572600,35.37982000,7.34008550,47.33170300,-9.24216300,-11.68784600,7.43782800,-24.66400700,-48.20387300,22.58757000,7.61187740,15.00003300,14.95745900,-13.81948100,29.79380200,-143.70622000,33.41068000,-73.50123600,82.79127000,-45.62638000,3.61414620,11.22355650,-132.82155000,-15.65898100,39.17756700,65.06495000,38.37052500,1.62357720,-24.04171600
306,-6.36211348,-7.81082678,75.83377488,-12.56943137,11.48376917,119.18091488,-39.74892400,35.78856300,7.74756000,49.14651000,-9.70766800,-11.13639000,6.51631980,-25.68668700,-47.72089000,25.93273400,5.97137100,15.00003300,14.85172000,-13.68476400,29.79380200,-141.86032000,34.55580500,-72.78181500,81.23865000,-47.79474000,2.97604350,11.75043600,-129.36295000,-15.26761600,36.14270000,59.59333400,36.08580800,1.34432590,-28.75233800
307,-5.45442057,-8.36806774,75.34307379,-12.00423906,11.31399235,118.89335653,-40.61056500,36.43293000,8.67552900,50.03803600,-9.81999700,-10.68670800,5.16162350,-26.65738500,-47.90142000,29.43842700,3.18377660,15.00003300,14.46588600,-13.44606200,29.79380200,-139.54985000,35.77329600,-71.52563000,79.60240000,-47.55386000,2.42163600,12.31195800,-125.78041000,-14.88478500,34.45282700,53.70393400,33.04640200,0.93206700,-29.72592200
308,-4.51419353,-8.87237453,74.87356854,-11.70545385,10.94366007,118.19762293,-41.13551700,37.24485400,9.12159600,50.66361600,-10.22489500,-10.07899700,4.15293100,-26.96012100,-47.63562000,31.59778200,1.11610830,15.00003300,14.36893700,-13.27218900,29.79380200,-137.63249000,37.13886600,-70.17776000,77.71951000,-45.99964000,2.43859650,12.63014100,-121.61886000,-14.52933600,32.93633700,47.36402000,30.28249500,1.20950270,-31.02176000
309,-3.54383397,-9.30905724,74.31362914,-10.93014648,10.60876499,117.88676456,-41.70007300,37.94566700,10.17033400,51.73376000,-10.16178500,-9.98439800,3.67058350,-27.91383000,-47.98201800,33.71254700,-1.65028330,15.00003300,14.32344400,-12.65082100,29.79380200,-134.50237000,38.54997000,-68.41706000,74.18233000,-41.65736000,2.19594980,13.03729300,-116.55678000,-14.16673850,32.37155500,40.32151000,26.45256600,1.02402400,-31.85779800
310,-2.54621553,-9.69093227,73.74717367,-10.33971184,9.53969504,117.67997992,-41.79357000,38.48438300,10.14568000,52.96146800,-10.15840150,-9.92716600,3.76506850,-28.41145500,-47.84567300,35.39620600,-3.81618020,15.00003300,14.37171300,-12.28714400,29.79380200,-131.24158000,39.97661000,-66.25680000,70.53298000,-39.93356700,1.94612370,13.43584700,-111.27193000,-13.71096000,31.90720600,34.51329800,23.63661400,1.48052290,-31.42300000
311,-1.53844166,-9.99029922,73.21025140,-9.74016320,8.64861481,117.45269638,-41.57912400,39.06656600,10.51741900,53.52486800,-10.33970300,-10.04504800,3.58856960,-28.94637100,-47.42069200,37.16103400,-5.54828260,15.00003300,14.47289500,-11.93899000,29.79380200,-127.70053000,41.43513500,-63.93572000,66.55494000,-37.99103500,1.88224640,14.32550600,-105.55757000,-13.17799000,31.92964000,28.22273000,20.90879400,1.70369580,-31.91327900
312,-0.51265752,-10.20456314,72.50441087,-8.70108033,7.63076183,117.23802373,-41.47790000,39.13109600,10.46122500,54.82021000,-10.46750200,-10.25481200,3.72442940,-29.62775400,-46.65579000,38.34086200,-7.79262400,15.00003300,14.43270600,-11.40922400,28.67590900,-121.61494000,42.89509600,-61.01637300,60.46167000,-34.27086300,1.41056570,15.69100500,-96.99905000,-12.56645200,32.49759000,20.22145000,18.15762900,1.54322930,-32.13508600
313,0.48865545,-10.32860088,71.79855647,-7.98877707,6.46744872,116.92800940,-41.31739000,39.92829500,10.52862900,56.32363000,-10.53542200,-10.29030800,3.26521160,-30.75718700,-45.58720800,41.44698000,-10.02800600,15.00003300,14.39972100,-10.77719100,27.16138300,-114.71096000,44.40243500,-58.14711000,53.89499000,-29.10096500,1.22700070,16.24539800,-88.25362000,-11.96209300,34.22059000,13.21553700,15.65284000,1.35016880,-32.03739500
314,1.44742739,-10.35059643,71.11118296,-6.93424786,5.48975339,117.00246171,-40.88979000,39.83757800,10.52433200,57.12478600,-10.88491500,-10.32767100,3.05175830,-32.43234600,-45.02641700,44.71211200,-11.63216100,15.00003300,14.20517350,-10.35314900,25.72191400,-106.84042000,45.88467400,-54.43275000,46.23044600,-25.47766300,2.01216080,16.65098600,-79.25934000,-11.45037000,36.04192000,6.46681800,12.35379200,1.93379490,-31.30008100
315,2.35964394,-10.28356934,71.03578750,-6.31744578,4.62687456,116.29509706,-40.32745000,41.21212000,11.34203200,58.19250500,-11.00508700,-10.31499000,2.42434400,-32.70237400,-43.43494800,46.38443800,-13.69934100,15.00003300,14.00580900,-9.62370900,23.89712100,-97.76141000,47.41609600,-49.67996200,37.53316500,-20.45632600,1.60295210,17.51527000,-70.22745500,-11.11422500,38.44721000,0.12408855,9.15698800,1.85907940,-28.58730700
316,3.19305587,-10.12644291,70.89921412,-4.98677714,3.87848340,115.66416544,-39.07324200,41.44731500,12.50158900,58.77283000,-10.75064000,-10.64802300,2.28133650,-34.33117700,-42.93595500,48.35229000,-15.83185200,15.00003300,13.32929300,-8.62485200,22.06907700,-86.71956000,48.83433500,-44.49453400,27.96048400,-17.53014200,0.98361690,18.60503400,-62.42356000,-11.14964500,41.73318000,-4.63427260,7.10804900,1.28017910,-26.58831600
317,3.93691349,-9.90423393,70.94340505,-4.34209198,3.56527905,114.69936457,-37.73949000,42.51882600,14.02563900,58.48074700,-11.19738300,-10.78724000,1.32571850,-34.60987000,-41.65030000,49.54191200,-17.00249500,15.00003300,12.54427050,-7.56028370,20.46260300,-75.73225000,50.11882000,-39.08981000,18.07683000,-12.82825600,1.86882140,19.32417700,-54.78126500,-11.38124100,44.76558000,-9.54708800,4.40545300,1.89882030,-23.56634500
318,4.60469627,-9.64977551,70.86270759,-3.70854768,2.50202567,113.56826702,-35.64106800,43.44944000,15.12590000,58.54265000,-11.47205900,-10.67814300,1.25381930,-35.15405700,-40.68213000,50.87710000,-18.35733200,15.00003300,11.52603700,-6.20749240,18.81819500,-63.59556000,51.28259000,-33.23298300,7.48753830,-8.36567100,2.44647770,18.79660600,-47.69368700,-12.02421950,48.05248000,-13.49650400,1.31676330,1.64242090,-20.65349800
319,5.19449949,-9.35228348,70.91303697,-2.94424604,1.99755012,112.57438099,-33.56580400,43.88165000,16.58531000,57.87467600,-11.21739200,-10.75225000,1.09945700,-35.59255600,-39.99696400,51.35164000,-19.49182300,15.00003300,10.09593200,-4.93233060,17.38151200,-51.47392700,52.21789600,-26.83336000,-2.51346780,-4.46382100,3.22522350,17.93888900,-41.46928800,-13.03287500,50.69347800,-16.37489000,-0.75471500,0.90794754,-17.78445000
320,5.72246170,-9.02979374,70.96530556,-2.12073465,1.73477387,111.66286790,-31.49088300,44.04600000,18.24671400,56.92774000,-10.76243500,-10.95994300,0.89574060,-36.44110500,-39.85487400,52.07867000,-20.23796500,15.00003300,8.30064900,-3.99869870,16.34532500,-40.00228000,52.87194400,-20.85152200,-11.74134200,-3.14633510,3.25209570,17.19989000,-37.23667500,-14.48546400,52.66874300,-18.15970000,-2.26334480,0.25122932,-15.73275800
321,6.20921612,-8.69222546,71.01642713,-1.33949472,1.28721126,110.11949108,-28.92273500,44.50900700,20.15322700,56.30491000,-10.42185600,-11.23860700,0.59260080,-37.21877300,-39.29195800,52.59393300,-20.90181400,15.00003300,6.22598800,-3.15101860,15.52426050,-27.63044700,53.03148300,-15.41613900,-21.50912000,-1.64896880,2.84595160,17.04804200,-33.40625400,-16.49352600,54.80138000,-19.56626700,-2.82192470,-1.22832360,-14.31046900
322,6.66908789,-8.34545803,70.95951779,-0.61229327,0.46208744,109.22099462,-26.25556800,44.47949000,21.59074200,55.36734000,-10.13388250,-11.49308000,0.44105777,-37.95660400,-38.14065600,53.89054500,-21.43181600,15.00003300,4.03420640,-2.71392920,15.11017400,-18.05009500,52.74472000,-11.69522100,-29.04612500,-1.83340810,2.22388500,16.54864000,-30.17601600,-18.92946000,55.43705000,-21.13241800,-2.99557470,-2.19619460,-12.82824900
323,7.12807417,-7.97548437,71.20595864,0.44205082,0.30721935,108.79111278,-23.82689700,43.65699000,23.52832800,53.42398500,-9.16099500,-12.32571100,0.32058630,-38.61806500,-37.46777000,54.09185000,-21.50503200,15.00003300,2.20280300,-2.55844520,14.54308600,-9.87723600,51.37469500,-8.25189400,-34.89204000,-3.35455100,1.65274100,15.60763550,-26.90575000,-21.94975700,55.12304700,-22.31067000,-3.53821180,-3.29613690,-10.46275300
324,7.58126354,-7.59943628,71.43420719,1.57116749,0.19071962,108.05432706,-21.45659000,42.69285000,25.21463000,51.65310300,-8.45536300,-12.67797500,-0.36420140,-39.04367000,-35.71593000,54.28161200,-21.72775000,15.00003300,0.58226040,-1.95175100,13.72874200,-4.20776650,49.58798000,-6.55030970,-39.61343000,-2.17813680,1.44175470,13.91773900,-24.06072200,-25.54148000,54.50035500,-23.06621700,-3.77781100,-4.98856200,-9.25558800
325,8.01707745,-7.22661829,71.59549717,2.76199509,-0.04617881,107.86709644,-19.15752600,41.27120600,26.74248300,49.40379700,-7.89899540,-13.45756400,-0.47216192,-39.81113400,-34.63846200,54.64127000,-22.00828700,15.00003300,-0.68843880,-1.41871990,13.13636800,-0.22291546,47.54896500,-6.31622930,-43.10817000,-2.17373660,1.22072640,13.27881700,-20.28315400,-29.59581000,52.76951600,-25.08505800,-4.00813250,-5.73624750,-8.02726600
326,8.43645382,-6.87094545,71.86532701,3.91590036,-0.30697358,107.39440936,-16.80930500,39.88426000,28.21050800,47.19606000,-6.94044350,-13.95533850,-0.40958676,-40.41969300,-33.72629000,54.40804000,-22.09457000,15.00003300,-1.96044970,-0.51548040,12.46122000,2.80534240,45.65499000,-7.73541260,-45.48985000,-2.13438500,-0.36487250,12.12786500,-17.41846000,-34.09644000,50.86006500,-26.63558600,-3.14888100,-7.50693750,-6.63726230
327,8.82061005,-6.53748512,72.01210855,5.13958066,-0.71140153,107.01372515,-14.65199900,38.28352000,29.29493300,45.21246300,-6.19894400,-14.34283300,0.04935365,-41.59244500,-33.48288300,54.44405400,-22.34791200,15.00003300,-2.82978960,0.20893850,11.86600900,4.30775830,43.92535400,-9.62304100,-46.95748500,-2.07274340,-1.25319170,11.03423100,-13.59585800,-38.94888300,48.04088000,-28.87134600,-2.41682670,-8.94400800,-5.98275380
328,9.16153908,-6.23104668,72.15560162,6.14908368,-0.97815836,106.87404281,-13.00429900,36.30691000,29.33843000,42.73133500,-5.40482850,-14.91649300,0.20011388,-42.25278000,-32.69642600,54.48253300,-22.50307800,15.00003300,-3.32286700,1.00074200,11.45495400,4.22234000,42.46243700,-12.37796300,-47.65320200,-1.60759890,-1.57943310,9.78192200,-8.64149600,-43.93553500,44.07736000,-31.88931500,-1.36577090,-11.16885950,-5.75332900
329,9.46034241,-5.94956541,72.40212038,7.22179214,-1.07359345,106.49758820,-11.50358300,34.38365600,29.52969000,40.50229600,-4.66026400,-15.00003300,0.34516734,-43.00401000,-32.22044800,53.99263800,-22.47567600,15.00003300,-3.14681900,2.01655940,11.14847100,3.04720160,41.22134400,-15.37951600,-47.60832000,-0.57263020,-1.73525440,8.64123600,-1.77057050,-48.93053000,38.62697600,-35.81083000,-0.39700080,-12.91645600,-6.19101100
330,9.70832348,-5.69696760,72.64270113,8.08903676,-1.32262480,105.97077781,-9.77196600,32.53261600,29.55451000,38.04067200,-4.13482000,-15.00003300,0.34805188,-43.33906600,-31.21274000,53.50335000,-22.38580100,15.00003300,-2.96253420,3.15098640,10.87769100,1.72473740,39.93497000,-18.20892700,-47.56155000,0.11026815,-1.94264910,8.45717800,5.75748440,-53.75205200,31.15797200,-40.33084500,1.01104520,-14.44316900,-6.27134750
331,9.89852428,-5.45675850,72.77306394,8.88028035,-1.84289484,105.42263251,-8.40555100,30.97169700,29.05476200,36.71964300,-3.71618320,-15.00003300,0.85022190,-44.03208000,-30.85830100,53.25910000,-22.36720500,15.00003300,-2.35347080,4.35888430,10.84151900,-0.01026864,38.63722600,-20.54700300,-47.24646000,-0.00704324,-2.54562500,8.90267100,15.13448800,-58.20949000,22.87987500,-45.48126200,2.50512580,-15.67911700,-7.04920630
332,10.04086399,-5.20104551,72.94706908,9.53316617,-1.87156686,105.30550926,-7.31321200,29.43190600,28.78997000,34.61699300,-3.01205800,-15.00003300,1.01026810,-44.45825000,-30.53456700,52.95360600,-22.10134100,15.00003300,-1.88941180,5.86771970,10.77959900,-1.76691190,37.19425600,-22.13677800,-47.26056700,-0.18468508,-2.52513460,8.84057700,24.11895600,-62.00876200,14.35227800,-50.02054600,4.25041060,-17.40546000,-7.97817040
333,10.12633991,-4.95517778,73.02775747,9.97830453,-2.14724252,104.95010497,-6.27646400,28.20811000,28.12492400,33.23105200,-2.48080500,-15.00003300,1.43828980,-44.64013300,-30.11741600,52.53119300,-22.17137100,15.00003300,-2.10657000,7.45234500,10.83000400,-2.92726020,35.57693500,-22.73980500,-46.84160000,-0.52306630,-2.84591000,9.62031400,31.69731500,-64.70116000,6.80397600,-53.89343000,6.03194570,-18.42326700,-9.10979300
334,10.17253304,-4.69492769,73.07957002,10.52698964,-2.05747478,104.52625792,-5.40777900,27.03365500,27.91544500,31.87483400,-1.75474170,-15.00003300,1.21391760,-45.09975400,-29.52332700,52.43051000,-22.15936900,15.00003300,-2.48694230,8.83951200,10.77808700,-3.65378380,33.99179000,-22.96038800,-46.27015700,-1.24910580,-3.16524460,10.44343000,36.93986000,-66.42791000,1.39442100,-56.47607000,7.33032700,-18.77205500,-11.06060300
335,10.18297482,-4.43307257,73.15276874,10.76924630,-1.98803761,104.10526505,-4.33313200,26.35495200,28.15499900,30.37783200,-1.09285630,-15.00003300,1.31546200,-45.14618700,-29.27404600,51.96184000,-22.14405300,15.00003300,-2.91723400,9.92914900,10.53980200,-4.39292960,32.67354000,-23.42832400,-45.23309300,-1.54482900,-4.05944600,10.81492600,40.47734000,-67.51514400,-1.95847300,-57.65693000,8.93187700,-19.60879700,-11.68617300
336,10.16201878,-4.17117834,73.17710839,10.82467282,-1.89210053,103.92792027,-3.44718530,25.99748600,28.47882800,29.04449000,-0.35192496,-15.00003300,1.39383710,-44.92265700,-28.90594700,51.65323000,-22.17947600,15.00003300,-3.24044780,10.96135300,10.31936400,-4.86140400,31.47397000,-23.32286000,-44.35861200,-1.72219470,-4.21081000,11.02144700,41.84616000,-68.10759000,-3.55655240,-58.36363600,9.81029600,-19.83598000,-12.09653100
337,10.11104679,-3.92914200,73.10596443,10.77185284,-1.81496289,103.79216566,-2.38734980,25.59247000,28.82234600,27.23987400,0.20170319,-15.00003300,1.52522350,-44.87859000,-28.91579800,51.66114800,-22.32036400,15.00003300,-3.75946860,11.81518500,10.04567050,-5.43086770,30.54229500,-23.36593400,-43.20164000,-1.32253540,-4.19577200,11.20915100,41.97664000,-68.27422000,-4.08371160,-58.39702200,10.81681600,-19.81781000,-13.13222500
338,10.05022907,-3.70167017,73.04129131,11.00236965,-1.53213754,103.86693487,-1.57028300,25.07008400,29.77999900,25.57527700,0.69360816,-15.00003300,1.40637720,-45.13070300,-28.74390400,51.69019700,-22.51791200,15.00003300,-4.38992260,12.43925800,9.78151800,-5.79588460,29.91530800,-23.50133100,-42.20663000,-0.37097746,-4.33713530,11.59137700,41.63883200,-68.04292000,-3.99489710,-58.41367300,11.62208600,-20.57517200,-14.62962100
339,9.98141861,-3.50234842,73.02468222,11.01592904,-1.34915270,103.86767281,-0.83822510,24.61927800,30.08267600,23.98609400,1.04276400,-15.00003300,1.42166420,-44.99261500,-28.52481300,51.45942000,-22.60044700,15.00003300,-4.69041730,13.03524700,9.60328800,-6.16377540,29.47425800,-23.62167200,-41.28182600,-0.13093928,-4.34597060,12.29938700,41.21223000,-67.67910000,-3.49005770,-58.61497000,11.83351200,-20.65883300,-15.14467800
340,9.91212273,-3.33651567,72.99980648,11.01202967,-1.20390379,103.72530990,0.03521672,24.16361600,30.41514800,22.29858800,1.79360760,-15.00003300,1.28285980,-44.87719700,-28.17114300,51.36905000,-22.63996100,15.00003300,-4.85927500,13.49519600,9.42936500,-6.59669700,29.19991100,-23.93230400,-40.28383600,0.15922886,-4.33252950,12.72878300,40.78871500,-67.28854000,-2.88397300,-58.59102000,12.07964700,-20.54943300,-15.67517200
341,9.84209919,-3.20926237,72.92341644,10.80801845,-1.39938178,103.99194150,0.69197710,23.83926800,29.97635700,20.89161000,2.44450040,-15.00003300,1.77549890,-44.63893000,-28.33351100,51.45035600,-22.73971600,15.00003300,-4.95989600,13.88994600,9.33920400,-7.06163700,28.90646600,-24.02101300,-39.54346000,0.21491875,-3.96630430,13.02916500,40.46468000,-66.89622000,-2.35805800,-58.38778700,12.55147650,-20.22099500,-15.09478000
342,9.78202820,-3.10846043,72.92154043,10.89917626,-1.38127436,104.05829108,1.30212450,23.25888300,29.94572300,19.49770700,2.98141740,-15.00003300,1.87458070,-44.66343000,-28.21364000,51.31854000,-22.77911400,15.00003300,-4.89515070,14.25854500,9.13218900,-7.57309600,28.80307400,-24.24324000,-38.68445600,-0.24387728,-4.05304500,12.98809400,39.94367600,-66.51983000,-1.77779260,-58.38363300,12.29887900,-20.06495000,-14.77380100
343,9.73399448,-3.03134274,72.99538737,10.92131430,-1.16497131,103.61085394,1.72553480,23.16263400,30.43724800,19.01442000,3.04315100,-15.00003300,1.61183630,-44.59405000,-27.97070300,50.91546600,-22.58754000,15.00003300,-4.74026500,14.66114500,9.02351400,-7.46266400,28.78770800,-24.04636200,-38.36251000,-0.38385502,-4.09194560,13.07029150,39.19577400,-66.13110000,-1.09132460,-58.40646700,12.43824700,-19.90400300,-15.05782700
344,9.68834877,-2.97773790,73.02632630,10.91023796,-1.21764398,103.83961382,2.10619160,22.79013400,30.29819900,17.95207000,3.65378100,-15.00003300,1.81409680,-44.44055000,-27.90915000,50.77373000,-22.50253100,15.00003300,-4.82183270,14.87811300,9.00860400,-7.39543300,28.67929000,-23.78834200,-38.21084200,-0.97457580,-3.86903900,12.96361500,38.68689300,-65.75295000,-0.56166130,-57.94553400,13.05365850,-20.16674600,-14.86799200
345,9.64391327,-2.93809414,73.07251102,10.79848944,-1.25355184,104.06409689,2.62660340,22.43708200,30.19862200,16.49729500,4.25579360,-15.00003300,2.14671950,-44.22240000,-28.11755800,50.49745600,-22.35013000,15.00003300,-4.71994500,15.10148000,8.88017900,-7.63849900,28.56973500,-23.84558100,-37.75356300,-1.34931740,-3.58374710,13.14947600,38.30471800,-65.48405500,-0.10471200,-57.47056200,12.92583400,-19.83936300,-14.18254850
346,9.61033058,-2.90586352,73.14688890,10.89008968,-1.30260375,104.10492633,3.01474620,22.00896300,30.08663700,15.63373600,4.71760940,-15.00003300,2.35088800,-44.17172200,-28.04218900,50.13611600,-22.21100800,15.00003300,-4.57517700,15.26484400,8.77769200,-7.85173500,28.54774300,-23.97521200,-37.15767700,-1.45687060,-3.49823430,13.38975900,37.99110800,-65.28332500,0.40396225,-57.30974600,12.69735900,-19.41485600,-13.86949350
347,9.57554913,-2.87464738,73.17223995,11.02932045,-1.33279143,104.22947664,3.14367340,21.59518200,29.78800800,15.14971350,4.74352360,-15.00003300,2.58064460,-44.37018600,-28.23202000,49.96394000,-22.14183600,15.00003300,-4.44225700,15.36629400,8.76967200,-7.79059270,28.53415900,-23.86954900,-37.01984400,-1.52700910,-3.28980950,13.27909400,37.78498500,-65.07016000,0.84906375,-57.24052000,12.48450500,-19.34688800,-13.72952700
348,9.54053497,-2.84500051,73.17082223,10.99658570,-1.49956338,104.09268679,3.35154000,21.56971400,29.55561000,15.23347100,4.72671370,-15.00003300,2.96062730,-44.48747300,-28.59910200,49.80605300,-22.05815100,15.00003300,-4.15458440,15.46670150,8.74326000,-8.01451200,28.60186000,-24.06600200,-36.66455000,-1.57162710,-3.29881530,13.58546900,37.46543000,-64.91094000,1.33701190,-57.10998500,12.20590800,-19.32768400,-13.90724000
349,9.50325203,-2.80637479,73.20562857,11.06331053,-1.46338689,104.15045185,3.35351100,21.31664000,29.22683100,15.00875100,4.75901000,-15.00003300,3.17689590,-44.58478500,-28.84270900,49.54307600,-21.95685200,15.00003300,-3.95332000,15.60372600,8.69778800,-7.96637960,28.70311700,-24.10888700,-36.60629300,-1.73432400,-3.30965500,13.80497900,37.15027000,-64.71998600,1.69603820,-57.21238000,12.12105000,-19.42427300,-14.06434300
350,9.46451473,-2.76387048,73.26415439,11.05916402,-1.47469879,104.21621571,3.45069770,21.10641300,28.90248000,14.64982600,4.77726300,-15.00003300,3.40406000,-44.49517000,-28.94763800,49.24358400,-21.78291100,15.00003300,-3.76288800,15.67384700,8.68568700,-7.81816770,28.78059600,-24.00358800,-36.75241000,-1.84742120,-3.01078460,13.91098300,36.82416500,-64.51720400,2.01767180,-57.26724000,11.98068700,-19.14753700,-13.85780400
351,9.42517185,-2.71352506,73.29589892,11.01353197,-1.39050834,104.42836520,3.48790140,20.89235700,28.52666900,14.03185500,5.02712250,-15.00003300,3.64449700,-44.45606200,-29.30260700,49.04513500,-21.62119700,15.00003300,-3.56022700,15.77141100,8.65649900,-7.77972400,28.85414000,-23.95929100,-36.90464000,-2.05993320,-3.04964100,13.88427700,36.57564000,-64.34590000,2.21042000,-57.30845300,11.99363800,-19.23461000,-13.50098500
352,9.39271355,-2.66697621,73.39265860,10.98565875,-1.29784660,104.45117206,3.61448000,20.69193000,28.29660000,13.46110000,5.33568000,-15.00003300,3.61862800,-44.17622000,-29.06982600,48.69449200,-21.37098900,15.00003300,-3.39044200,15.87411200,8.67270900,-7.30201050,28.81932600,-23.46367500,-37.12135000,-2.39656900,-2.82520630,13.85453800,36.09895700,-64.21341000,2.44556070,-57.31524300,11.75633700,-18.78923200,-13.12040800
353,9.36390972,-2.62582254,73.37914901,11.02181413,-1.26511837,104.45754533,3.51004170,20.59615500,27.92393700,13.59326200,5.41642300,-15.00003300,3.65008930,-44.29203400,-29.13048200,48.72547000,-21.30773700,15.00003300,-3.28048750,15.87081400,8.64782600,-7.27396060,28.84266000,-23.23409700,-37.07128000,-2.27743580,-2.70702860,14.06191350,35.62856300,-64.12175000,2.68410500,-57.22495300,11.44545200,-18.44263600,-12.72424400
354,9.33814240,-2.60321450,73.43184236,11.14601904,-1.14234027,104.71576880,3.35052230,20.20994200,27.44334600,13.17490100,5.63133860,-15.00003300,3.78313350,-44.45451000,-29.41554000,48.58405700,-21.09413700,15.00003300,-3.25340560,15.84525100,8.67972300,-7.12108560,28.84922600,-22.91521600,-37.17109700,-2.65525080,-2.89671660,13.87480800,35.43921700,-63.99294700,2.68642850,-57.24247700,11.37157250,-18.03859100,-12.07331200
355,9.31769276,-2.60681534,73.44313571,11.20142360,-1.06641318,104.81216791,3.15199500,20.06688300,27.10974900,13.20490300,5.32978200,-15.00003300,3.57918620,-44.40917000,-29.09632100,48.63927500,-21.06970200,15.00003300,-3.04508730,15.84443100,8.73420300,-7.13760400,28.85712000,-22.69993600,-37.23689700,-2.66617250,-2.73137100,13.97146600,35.29185500,-63.89007000,2.69486500,-57.28427000,11.60081800,-18.14107300,-12.13570600
356,9.29840469,-2.63903689,73.42538164,11.27756935,-1.10542893,104.75274520,2.92645050,20.01646800,26.78664600,13.73778500,4.94967100,-15.00003300,3.43501620,-44.55642700,-28.92093000,48.80939500,-21.06866300,15.00003300,-2.76195360,15.82434600,8.84271400,-7.22786200,28.84437600,-22.50330500,-37.10949300,-2.82830430,-2.71374700,14.07815400,35.08538000,-63.84306000,2.78799440,-57.36418000,11.48863400,-18.03664800,-12.06024000
357,9.27248859,-2.69765139,73.39493757,11.26541462,-1.18587689,104.75452394,2.68341880,20.08156800,26.50287800,14.30323000,4.61335300,-15.00003300,3.41243000,-44.71676600,-28.99738900,49.03976400,-20.99676100,15.00003300,-2.54360340,15.80849900,8.94496600,-7.45142600,28.80808000,-22.40326500,-36.96849400,-2.81500600,-2.72663280,14.01224100,34.91496000,-63.83413700,2.89104270,-57.29939700,11.32241500,-18.10250000,-12.10466800
358,9.23749542,-2.77663755,73.33352450,11.31764036,-1.25494110,104.74932115,2.46415700,20.05874600,26.32733000,14.79865550,4.33375070,-15.00003300,3.39210600,-45.03332000,-29.14049100,49.27031300,-21.04753700,15.00003300,-2.34857540,15.72064400,9.07823700,-7.59815450,28.71242300,-22.29162200,-36.79379300,-2.71210340,-2.71177600,14.24149000,34.76304000,-63.86581800,3.07873730,-57.28448500,10.88050600,-18.06465700,-12.29822000
359,9.19897366,-2.87073159,73.28479751,11.29851854,-1.36584243,104.77976658,2.19589730,20.12964800,26.03716300,15.40220100,3.99362040,-15.00003300,3.32800030,-45.15434000,-29.07839600,49.51237000,-21.07384300,15.00003300,-2.17384960,15.67448700,9.19915400,-7.94544270,28.63602800,-22.32835600,-36.54172500,-2.78557900,-2.66286040,14.48201700,34.66833500,-63.93019000,3.25586220,-57.26036500,10.44408900,-17.93695600,-12.34435800
360,9.14959621,-2.97429085,73.24761229,11.24524326,-1.34592607,104.96109048,1.81171200,20.11843000,25.64664600,15.69013900,3.81177800,-15.00003300,3.27826600,-45.23193400,-29.21453500,49.65104700,-21.10138900,15.00003300,-2.05543800,15.66207200,9.30109000,-8.19880600,28.54637500,-22.36749800,-36.52188500,-2.77775050,-2.58401680,14.36442700,34.69899000,-64.00759000,3.31027840,-57.29630300,10.29665900,-17.87509200,-12.12242300
361,9.09533978,-3.08270478,73.18389594,11.20248091,-1.38289023,105.01464612,1.34741200,20.18809900,25.19554100,16.45526000,3.51755740,-15.00003300,3.31024580,-45.45173000,-29.50482700,49.80831500,-21.16896000,15.00003300,-1.88758160,15.68696800,9.35588100,-8.70571000,28.58081800,-22.74370600,-36.15170000,-2.66649250,-2.60897450,14.28620700,34.73073000,-64.08192400,3.34214000,-57.30175400,10.00991100,-17.88317300,-12.23767400
362,9.03856945,-3.19399714,73.04261230,11.20357143,-1.55050921,104.94135675,0.71902810,20.45642700,24.80931300,18.13891800,2.86296600,-15.00003300,3.30793450,-45.89208000,-29.71968500,50.28753300,-21.34651800,15.00003300,-1.71336020,15.64230100,9.38309500,-9.22860050,28.73641800,-23.00696800,-35.73296000,-2.38544400,-2.54234810,14.29435400,34.49330500,-64.12833400,3.45436170,-57.25099000,9.87284900,-18.01099200,-12.48441300
363,8.97504902,-3.31194067,72.98837907,11.16156164,-1.55331334,104.97231153,0.22492284,20.56293500,24.56770000,18.97580300,2.48224570,-15.00003300,3.35999730,-46.13879800,-30.09401300,50.36208000,-21.37700700,15.00003300,-1.62100180,15.61181400,9.44631300,-9.19571000,28.88032700,-22.99049000,-35.75020600,-1.80728920,-2.44823240,14.11747400,34.43054600,-64.13228000,3.54859500,-57.25918200,9.43323400,-18.09640000,-12.54757100
364,8.91352177,-3.43757153,72.91550603,11.13807872,-1.56370744,104.92733348,-0.19664614,20.68702700,24.42775700,19.80400700,1.96951620,-15.00003300,3.22823950,-46.36264800,-30.18111800,50.52960000,-21.49096900,15.00003300,-1.53831800,15.55726400,9.47110500,-9.30717400,29.13927800,-23.05075600,-35.61097000,-1.08442130,-2.25422950,14.05800000,34.24958800,-64.10059000,3.66389080,-57.20586400,9.21927400,-18.15062000,-12.39160700
365,8.85095119,-3.57973528,72.90600685,11.00497330,-1.53553107,104.86241740,-0.61640140,20.92018500,24.33576400,20.53475000,1.61938700,-15.00003300,3.16950000,-46.34293400,-30.34895700,50.39897000,-21.49151800,15.00003300,-1.53071030,15.56603200,9.56656550,-9.04407500,29.39104700,-22.83567600,-35.72211000,-0.76250490,-2.32645180,13.60631700,33.94474000,-64.01125000,3.78187730,-57.14054500,9.06890100,-18.04135500,-11.87326300
366,8.78777027,-3.74491358,72.85984461,10.99238789,-1.69511435,104.86719173,-0.96816444,20.98263200,24.10554900,21.36159000,1.41321250,-15.00003300,3.09566740,-46.52535200,-30.27841800,50.61509700,-21.46954200,15.00003300,-1.50805590,15.44646600,9.60012600,-9.07924900,29.73677400,-22.65698000,-35.47102400,-0.58086370,-2.15592460,12.97343500,33.65625800,-63.92391600,3.94357300,-57.04318600,8.51248000,-17.76596600,-11.45394600
367,8.71960449,-3.93185091,72.88310487,10.96596685,-1.65364540,104.85150737,-1.28658160,21.06852000,24.30201000,21.79028000,0.93893840,-15.00003300,2.90084700,-46.57430000,-30.25520900,50.47934700,-21.39020500,15.00003300,-1.51603830,15.33837900,9.62227800,-8.65851900,30.14775700,-22.35846000,-35.60198200,0.14336462,-2.13888720,12.65831200,33.26043700,-63.77358200,3.98003080,-56.93492000,8.60368700,-17.68421600,-10.84276500
368,8.63932610,-4.14209747,72.85982863,10.89463254,-1.72872284,104.93344750,-1.64797380,21.09852000,24.17555000,22.27644000,0.55023530,-15.00003300,2.79126300,-46.68673000,-30.29098000,50.59023700,-21.30340600,15.00003300,-1.52375630,15.16436500,9.60866450,-8.20247200,30.63791800,-22.00153000,-35.78309200,0.99823326,-1.98361020,12.67823900,32.89621400,-63.55066700,3.95984300,-56.80709500,8.53095800,-17.56175200,-10.43150200
369,8.55681229,-4.36303949,72.85231901,10.74618337,-2.11377611,104.90655667,-1.73220740,21.34534000,24.16755500,23.05226300,0.16385354,-15.00003300,3.02683760,-46.67530400,-30.34298100,50.58622000,-21.16242400,15.00003300,-1.23891130,15.05333500,9.56123700,-7.60720500,31.19003700,-21.88400700,-35.52310000,1.05971700,-1.97449770,12.90008400,32.82675000,-63.37718000,4.20560740,-56.82589700,8.01628500,-17.43557200,-10.71784800
370,8.45765686,-4.58241081,72.82039567,10.46624932,-2.51768833,104.88644034,-1.92848230,21.71700500,23.96132000,24.03347400,-0.08763838,-15.00003300,3.73108240,-46.74188600,-31.20619000,50.38589500,-21.04856900,15.00003300,-1.11049720,14.92989600,9.41289400,-6.56439500,31.88123900,-21.86491800,-35.51495000,1.65532910,-2.02036400,12.71228900,32.53055200,-63.20409400,4.40511470,-56.73366500,7.96807000,-17.55656400,-10.38313700
371,8.34868622,-4.77607346,72.87590687,10.24544968,-2.80212939,104.72454126,-1.91089990,21.95294000,23.97850200,24.54538700,-0.13949126,-15.00003300,4.18301100,-46.67377000,-31.72061500,49.93091600,-20.74881400,15.00003300,-0.86578440,14.68109100,9.26985900,-4.80244260,32.66110200,-21.52500300,-35.84430000,2.11031220,-2.19556450,12.08276100,32.42417500,-62.99915300,4.82877250,-57.08588800,7.75915340,-17.64661600,-10.10572800
372,8.23193836,-4.92888689,73.04239397,10.07395190,-3.04489265,104.35835282,-1.89783110,22.33082800,24.26397500,25.44889800,-0.20095192,-15.00003300,4.44229560,-46.31848500,-31.66169200,49.09123200,-20.23624600,15.00003300,-0.73630040,14.35645200,9.08843800,-2.12518790,33.40620400,-20.59254000,-36.19186800,2.33718000,-2.30048540,11.87560800,31.96254200,-62.72717000,5.34409950,-57.46449700,7.45202450,-17.13910300,-9.85292100
373,8.08482742,-5.03100061,73.24665965,10.01961069,-3.13705221,104.32946146,-1.91179820,22.26853600,24.42875000,25.61583300,-0.22532617,-15.00003300,5.04239200,-46.17546500,-32.26303500,47.98489800,-19.63776600,15.00003300,-0.79267760,13.87053700,8.93577200,0.44884005,34.15696000,-19.76041800,-36.57631300,2.99007490,-2.21513030,10.75599900,31.13543300,-62.35313400,5.53141160,-57.73744200,7.44182350,-16.63384600,-8.60912900
374,7.90826702,-5.07955408,73.50722040,9.80941739,-3.34724552,103.94023010,-1.58993450,22.60031700,24.96526000,26.04815500,-0.43435110,-15.00003300,5.68929200,-45.59425000,-32.46679300,46.40837500,-18.91762000,15.00003300,-0.73364600,13.40413900,8.89572700,3.49827120,34.87404000,-19.49241800,-36.73280700,3.79284740,-1.94956040,10.88387600,30.23336200,-61.89750700,5.91361140,-58.15704300,7.95925900,-16.24217800,-7.77551500
375,7.69447374,-5.08013010,73.95740725,9.49634670,-3.30649161,103.45423151,-1.06595530,22.59894800,25.14381600,25.42516000,-0.16050110,-15.00003300,6.34590700,-44.51642200,-32.56014000,43.93453200,-17.62446200,15.00003300,-0.69488200,12.90612500,8.81827700,6.52701760,35.53354000,-19.46815100,-35.86033200,4.39952000,-1.79299120,10.59941800,29.06566600,-61.37575500,6.16481800,-58.58501000,7.74700600,-15.43104600,-6.37867830
376,7.43389940,-5.04147530,74.33650766,9.16158485,-2.91399638,102.77633250,-0.65794930,22.60661700,25.55875800,24.65928600,-0.13504493,-15.00003300,6.47321200,-43.63421600,-32.62084600,41.65008500,-16.29632000,15.00003300,-0.63018330,12.26012600,8.83816300,10.17394400,36.07283000,-19.44126100,-34.93308000,6.20283000,-1.07996670,11.13412000,27.60697400,-60.72863800,6.40816830,-58.88891600,8.47602900,-14.93322100,-5.64430860
377,7.14282322,-4.98937607,74.70996137,8.60338184,-2.88701997,102.12215030,0.03368343,22.83992800,25.75816000,24.02018700,-0.02992103,-15.00003300,7.38037350,-42.54725600,-33.26499000,39.03478200,-14.72732000,15.00003300,-0.30661476,11.58906650,8.72881400,13.55671900,36.52937700,-19.89343000,-32.58519400,6.70945300,-0.71586490,11.33358400,26.45173600,-60.05091000,6.77527300,-59.20435700,8.72845800,-14.97293300,-5.74996000
378,6.82696199,-4.93946838,75.01390045,7.96706625,-2.80779351,101.23622190,0.91641986,23.00817100,25.92277300,23.04970700,-0.12516335,-15.00003300,8.22692400,-41.34601200,-33.80581700,36.14162400,-13.28860000,15.00003300,-0.03605036,10.67903600,8.59830400,16.82846500,36.82178500,-20.85824200,-28.16749600,7.39629130,-0.15373701,12.67132950,24.24738000,-59.24811000,7.22634550,-59.46684600,10.13797800,-14.02772400,-5.14261150
379,6.51513243,-4.89940071,75.38028871,7.49443671,-2.80479613,100.47842877,1.87785390,23.02001000,26.39823700,21.97484600,-0.33540645,-15.00003300,9.15706800,-40.26054000,-34.34148000,33.14991000,-11.49976000,15.00003300,0.33864656,9.62700500,8.22505200,19.62264800,36.89853000,-22.01182200,-22.48664700,7.87393050,0.56487060,13.34666100,21.65067500,-58.39660000,7.24361200,-59.30938300,11.58861600,-13.09027200,-4.24430400
380,6.21394539,-4.86888218,75.89805982,7.26001030,-2.35834910,99.45535918,3.14501520,22.37579300,27.17482600,19.41599700,0.22960020,-15.00003300,9.86265600,-39.05957000,-34.79870000,28.91721500,-9.15915700,15.00003300,0.93429820,8.59975000,7.75119640,21.43516300,36.69301000,-22.30615800,-15.85726600,7.01930480,1.34791230,13.49591100,19.43015100,-57.53588500,6.98630400,-58.95901000,13.22717500,-12.79953200,-3.76831670
381,5.91354275,-4.86929560,76.27146748,6.76669550,-2.70445888,98.87750967,4.53388260,21.86438400,26.80412500,17.35268000,0.61876655,-15.00003300,11.01680100,-37.76083400,-34.82685500,25.94831000,-6.95012800,15.00003300,1.39879170,7.40773060,7.21980500,22.15463400,36.27241000,-22.76421000,-7.89487700,7.33223400,2.59232430,13.70451600,17.60110700,-56.75689700,6.61428550,-58.56810400,14.53426600,-12.49285500,-3.77533560
382,5.62150717,-4.85767460,76.46581636,6.35656686,-2.67072660,98.25278054,6.16152570,21.36977600,27.48667700,14.42365500,1.25538130,-15.00003300,11.53111600,-36.87739600,-34.84380000,23.60759700,-5.33769500,15.00003300,1.54288910,6.25729700,7.00664330,22.35619200,35.63416000,-23.55385400,0.78742540,6.24778900,3.66855400,13.90486300,16.17825300,-55.89846000,6.32397030,-58.76467500,16.58179900,-11.90228300,-4.35007670
383,5.34808874,-4.84992313,76.74983055,5.91168217,-2.54569197,97.58596480,7.51378150,21.02027000,28.10361900,11.90879200,1.71963950,-15.00003300,12.31687450,-35.62468000,-35.06687000,20.32110800,-3.22781230,15.00003300,1.66275930,5.27543350,6.51164900,22.09255200,34.98594700,-24.29470600,9.83733900,5.39770900,4.20220230,12.06605200,13.84354500,-55.00837000,5.87562270,-58.60533500,17.72652200,-11.17029500,-4.51204700
384,5.06177902,-4.83832407,76.93411197,5.33994584,-2.54631617,96.95271164,9.28024500,20.71942700,29.07725100,8.81760600,2.58645440,-15.00003300,13.26508400,-34.31257000,-35.37594000,17.13547500,-1.18419870,15.00003300,1.62767590,4.24571940,6.01071800,21.28619000,34.37261000,-25.09123000,19.44755600,3.82554440,4.62279750,12.15642500,12.33156100,-54.31298000,5.83711960,-58.74869500,20.96122600,-10.45810300,-5.23762460
385,4.77169371,-4.81980610,77.12007409,4.78960798,-2.13336633,96.30920011,10.12310100,20.64038800,29.86999300,6.84085700,2.74471280,-15.00003300,13.88588100,-32.76585800,-35.40727000,13.35296800,1.04095320,15.00003300,1.63009040,3.38418960,5.16326300,20.93713200,33.82517000,-24.93685000,27.68201600,2.79636000,4.72379450,12.00069300,10.68391400,-53.89749000,5.73442650,-58.30956600,22.89231900,-9.93305000,-5.33974800
386,4.46547127,-4.79701519,77.14794551,4.29937835,-2.08327400,95.81947135,10.44589100,20.90538600,30.15030100,6.70294240,2.24238370,-15.00003300,14.51364900,-31.65616000,-35.30012500,10.79608300,2.46790600,15.00003300,1.77013150,2.57174850,4.79124980,20.07403600,33.35302700,-24.85529700,34.53212700,1.35489670,5.01907350,12.16497700,9.27062400,-53.61073700,5.73588700,-58.13222000,24.73015800,-10.09457300,-5.74356270
387,4.13725328,-4.77048826,77.19767325,3.85105310,-1.82572202,95.30675595,10.58296200,21.16059000,30.60669300,6.60769220,1.48972180,-15.00003300,14.99547100,-30.56123200,-35.13258700,7.98497300,4.29453600,15.00003300,1.70421360,1.76357230,4.27253400,19.55563500,32.97300000,-24.43556200,40.76539600,-0.98982640,5.04196900,11.98941800,7.44000960,-53.37391700,5.67115900,-57.80206300,27.04506900,-9.74803100,-5.91688100
388,3.77800608,-4.75855827,77.13253752,3.20693780,-1.53919158,94.76806811,10.60054400,21.51052300,30.66448800,6.52286340,0.71534544,-15.00003300,14.70739100,-29.64504800,-34.54104200,6.67526870,5.15540270,15.00003300,1.57632680,1.08392940,3.84828470,19.32762300,32.65274000,-23.47841600,45.03362300,-2.27409800,5.25478100,11.90918700,5.90974800,-53.05432000,5.17603700,-57.26964000,28.38592300,-9.64689400,-5.52140570
389,3.40262914,-4.75340128,77.01742309,2.60918012,-1.53870253,94.20829052,10.98600700,21.91301300,31.22663900,6.51459840,0.23789057,-15.00003300,14.19667700,-29.07339000,-33.46780400,6.51252400,5.30903900,15.00003300,1.34690250,0.22193281,3.84418490,18.79437600,32.53444700,-22.79213500,48.87471800,-4.77455230,5.68593930,12.51578300,4.76228950,-52.91116700,5.00689500,-56.95813000,30.53652800,-9.52643900,-6.04136560
390,3.02002501,-4.76252031,76.88913501,2.10965852,-1.30954019,93.87941242,10.98798900,22.22192600,31.71233700,6.53378630,-0.22794690,-15.00003300,13.54487900,-28.61601800,-32.46781000,6.37472630,5.34583200,15.00003300,1.13618790,-0.50343650,3.86243150,18.53684600,32.57634700,-21.86725600,51.59401700,-6.72284130,5.65378860,12.54349600,3.04729150,-52.83745600,4.66017100,-56.07340600,30.07608800,-9.47899700,-6.80559350
391,2.63984609,-4.80170631,76.75623665,1.65475319,-0.84238948,93.11021251,10.83171100,22.36329500,32.01823800,6.55670740,-0.70647460,-15.00003300,12.43333600,-28.29790300,-31.54050600,6.21998600,5.47163440,15.00003300,0.89921910,-1.16859350,3.88505700,18.58418500,32.64203600,-20.82790000,53.51972000,-8.44610300,5.77219900,13.02027000,1.52314380,-52.47474000,4.10374070,-55.74471300,30.23381600,-9.10799300,-6.46292100
392,2.28094125,-4.87509489,76.65734729,1.15060396,-0.54545278,92.48983014,10.72179100,22.59409100,32.23091500,6.62941300,-1.00488170,-14.73522600,11.51029700,-27.85146000,-30.52225900,6.10516800,5.69263700,15.00003300,0.75750136,-1.91270980,4.08232000,18.44395400,32.78002000,-19.72036600,55.23472000,-10.76067000,5.94033340,13.23524600,-0.04241968,-52.18565400,3.67232010,-54.84756500,30.30668400,-9.05957700,-6.36278720
393,1.95342159,-4.99788475,76.56309423,0.74981281,-0.12867805,91.98632059,10.41155050,22.74718300,32.50100000,6.65397550,-1.26559710,-14.59387500,10.55887600,-27.54580300,-29.85916300,5.97962400,5.92714700,15.00003300,0.63033366,-2.43366890,4.20861400,18.69276800,32.95671500,-18.91198300,55.78613000,-11.65281500,6.18204800,13.50244400,-1.56122210,-51.65145500,2.97120210,-54.02649000,30.61262000,-9.11054000,-6.03008030
394,1.67612660,-5.18256474,76.59882536,0.44451911,0.02350107,91.13664184,10.44867900,22.82496800,32.93166000,6.77612700,-1.27931820,-14.19580500,9.58574400,-27.30415000,-28.81385400,5.93134360,5.89273640,15.00003300,0.68800630,-3.23759820,4.59827570,18.78930900,33.28333000,-18.23105200,56.46839500,-12.78243100,5.93920660,13.75556400,-2.51402850,-51.25020200,2.91937110,-53.40604800,29.94434400,-9.26564000,-6.05733630
395,1.44595504,-5.44270515,76.74224665,0.21983658,0.29045818,90.37195677,10.21878800,22.82376700,33.07768600,6.88502300,-1.30025600,-14.14382300,8.49007600,-27.13495400,-27.83071300,5.89405160,5.91152950,15.00003300,0.67745036,-3.80629830,4.94878600,19.00489600,33.66912500,-17.52503600,56.59191000,-13.19306800,5.95655160,13.96696700,-3.30017380,-50.78065000,2.86586640,-53.05145600,29.82257000,-9.01884000,-5.45248800
396,1.26693034,-5.78578806,76.88828197,0.10653234,0.47923119,89.50463003,10.11212200,22.85205500,33.86947300,7.07539600,-1.14403210,-13.76644000,7.33958960,-27.06597900,-26.80308500,5.90380760,6.12073040,15.00003300,0.65920000,-4.63000540,5.63344700,18.88360600,34.10488000,-16.57783100,57.15479000,-14.32031100,5.75672100,14.28085900,-3.97038840,-50.43180000,2.98959330,-52.59028200,29.37868500,-8.91972400,-5.21539300
397,1.13492382,-6.22591686,77.04953081,0.04156635,0.50147559,88.70944587,9.94605700,22.77335400,33.97721500,7.26967570,-0.86904395,-13.60721100,6.31973000,-27.00215500,-25.80874000,5.96303370,5.88470030,15.00003300,0.72708887,-5.26313200,6.45404050,18.60460700,34.55744000,-16.03970100,57.41292000,-14.52147900,5.68068930,14.46723000,-3.65282770,-50.07628000,3.41164020,-52.78627000,29.19110700,-9.04262500,-5.00058600
398,1.04536819,-6.75719690,77.07168882,0.16775581,0.50803310,88.38660568,8.46067900,23.26717600,33.51543400,9.97957400,-1.86787030,-13.28314300,5.48578300,-27.15212600,-24.93692400,6.09709100,5.52219000,15.00003300,0.80804783,-5.78713400,7.51148650,17.84024200,35.02559300,-15.91479800,57.91158700,-14.48254500,5.57246350,14.60069500,-3.30442670,-49.74189400,3.81579760,-53.07404300,28.09845400,-9.28156400,-5.19226200
399,0.99073023,-7.37948799,77.00103956,-0.03479056,0.34458761,87.86487274,6.18597400,24.93522600,33.16437000,15.17404200,-3.84473730,-12.76339400,4.66448830,-26.88462400,-24.18292200,6.27648000,5.55939870,15.00003300,1.03018330,-6.17399900,8.88302300,17.04664600,35.35834500,-15.51613100,58.03392000,-15.12925400,5.69937660,14.78475900,-2.34156180,-49.32689300,4.23318500,-53.33618500,28.34950000,-9.60844800,-5.26620670
400,0.97266322,-8.08032608,76.77156165,-0.19708327,0.18502789,87.59869806,3.65009900,26.52725200,32.24422500,20.26749200,-5.84697900,-12.23102400,3.94708420,-26.70336700,-23.71292100,6.52641700,5.34962000,15.00003300,1.18868150,-6.28793950,10.35962600,15.91799450,35.58864200,-15.47415600,58.26502600,-15.63235400,5.65824200,14.88048650,-1.76113250,-48.78051000,4.62753060,-53.96231000,27.28117800,-9.73911600,-5.38293650
401,0.98116082,-8.83389187,76.39681765,-0.38070379,0.11696919,87.61271111,0.41046992,28.18618000,30.49873400,25.90043400,-7.81027460,-11.73408500,2.38566200,-26.93390300,-23.06479500,8.67394800,4.16446920,15.00003300,1.31819710,-6.16126250,12.04867300,14.39684300,35.76793300,-15.68101400,58.53631600,-16.43150300,5.60545640,15.01517500,-0.54787590,-48.22165000,5.15464640,-54.67236300,25.67793500,-9.62036700,-5.87289430
402,1.03475094,-9.62879181,75.84187080,-0.47021492,0.08986102,87.43534087,-2.88714430,29.79765900,28.89128500,31.57338700,-9.66117800,-11.24471700,-0.86620970,-27.67043700,-21.27621300,13.78251650,1.28210700,15.00003300,1.49531200,-5.93377970,13.76289750,12.72337100,35.96264300,-15.98170100,58.68072500,-16.65919000,5.49245400,15.51541600,0.68621000,-47.71549200,5.81098900,-55.56201000,23.96933200,-9.97911600,-6.66853140
403,1.12952912,-10.43891525,75.13307265,-0.37897948,0.08771289,87.66716558,-6.04681630,31.22011800,27.76331100,36.59224000,-11.37443700,-10.59057100,-3.98064200,-28.52912300,-19.56189200,18.86085500,-1.42399990,15.00003300,1.56900640,-5.76497100,15.53791100,10.66203400,36.22136700,-16.53083800,58.50851000,-16.41460400,5.60776950,16.04556700,1.12493660,-47.33932000,6.27123700,-55.82272000,22.44595300,-10.37600300,-7.11654900
404,1.25978720,-11.24061298,74.65679561,-0.29757476,0.15922226,87.77173053,-9.33910800,32.48653400,26.25747000,41.43333000,-13.09169300,-9.61905900,-7.21503070,-28.99722900,-17.25290100,23.54267700,-3.80866530,15.00003300,1.69858830,-5.58550200,17.50733000,8.08664500,36.51830300,-16.85728000,58.79921700,-16.75165000,5.51207800,16.38246500,1.05195510,-47.04496400,6.62328900,-55.55109400,21.27082800,-11.13135000,-7.08292250
405,1.41753078,-12.01043320,74.14467658,-0.25318904,0.53925240,87.80060670,-13.06798600,33.86966000,24.73858800,46.41086200,-14.48043500,-8.75537600,-10.97034300,-29.36354800,-14.92694800,28.49961900,-5.81280400,15.00003300,1.69281210,-5.28824570,19.61493000,5.71624370,36.78772400,-16.93119400,58.78175700,-17.55441500,5.29501720,17.19048000,0.68037580,-46.84194600,7.05165600,-55.32895000,19.31743600,-11.76182300,-7.58146100
406,1.59978199,-12.73962975,73.59031808,0.18186486,1.11163608,87.68088408,-16.36991700,34.42083000,23.42579700,50.25112500,-15.76863200,-8.08299200,-14.67498200,-30.15007200,-12.98701700,32.81096600,-7.64951200,15.00003300,1.64695270,-5.20425600,21.66706800,3.25739120,37.12387000,-17.09777800,58.84810300,-18.12175600,4.78857900,18.27081700,0.52806157,-46.67764000,7.61540170,-55.51816600,17.73228800,-12.96329600,-8.73656750
407,1.79566932,-13.42807865,72.80972040,0.59853305,1.77678726,87.71905513,-20.11886800,35.16491000,21.97942500,54.59767500,-17.11006400,-7.34440800,-18.88505200,-31.00585700,-10.83085000,38.00632500,-9.81011100,14.81019600,1.65091760,-5.11110450,24.23455200,0.16132595,37.53079200,-17.50091700,58.85915400,-19.00857700,4.68678200,19.17568000,-0.60463977,-46.53591500,8.20706300,-55.31151200,15.10649600,-13.79994600,-9.56187250
408,2.01027274,-14.08449841,72.16079256,0.81994317,2.69567816,87.56071893,-23.80619400,35.79837800,20.41726700,58.11573400,-17.86745000,-6.72995000,-22.80049900,-31.20941700,-8.93633900,41.89247000,-11.30041900,14.55432500,1.59722750,-5.04243800,26.48832700,-2.61434080,37.97714200,-17.41491000,59.18121700,-20.14781000,4.39505800,19.37430400,-1.66328930,-46.43646000,8.58769400,-54.68735000,14.26262600,-15.48494600,-10.81985700
409,2.22950792,-14.71669483,71.40240402,1.10360879,3.58651886,87.13045829,-27.30883800,36.39678200,18.92606200,61.62103000,-18.85592700,-6.30478760,-27.07811400,-31.14475600,-6.46020100,46.04658000,-12.76196900,14.42326500,1.58827560,-4.95569600,28.90563200,-5.27278500,38.41389500,-17.07064200,59.60116200,-21.36924000,4.32687400,20.26896900,-3.03696820,-46.31539500,9.16789800,-54.41670600,13.20788900,-16.45013600,-12.05822400
410,2.44007707,-15.33111382,70.54281117,1.38209946,4.71259445,87.17265966,-31.36262100,36.76242000,17.17071500,64.95441000,-19.74652100,-5.91771300,-31.39679700,-31.57883000,-4.82966200,50.37724300,-14.13246300,13.71308800,1.40138360,-4.96123100,29.79380200,-7.97081000,38.75510400,-17.48501800,60.80697300,-22.98667100,4.12425570,20.90941000,-4.62661200,-46.07002000,10.49197600,-52.77322000,12.71912200,-17.77564200,-12.98739100
411,2.63869286,-15.92827988,69.66198325,1.59422078,6.18594391,86.84361264,-35.56303400,37.24604000,15.56417000,68.14374500,-20.55016300,-5.18422200,-36.18308000,-31.52826100,-2.95324800,54.30431400,-15.11674500,13.47915900,1.21828660,-5.00966020,29.79380200,-10.55485500,38.93918000,-18.45620000,62.65527000,-24.51862100,3.51323960,21.60806000,-7.14222900,-45.58192000,12.75363400,-50.04912600,11.81449100,-19.19014500,-14.26935400
412,2.81998658,-16.51301765,68.75416165,1.86759483,7.64659780,86.52187687,-39.75651000,37.38200800,13.75245000,71.15439600,-21.07634400,-4.79964830,-40.68361300,-31.42108500,-1.16035830,57.67927000,-16.25606200,13.25582900,1.03250860,-5.15228000,29.79380200,-12.90350200,39.03379400,-19.30415500,64.58594000,-25.47777400,3.21244070,22.43509700,-9.34164500,-45.01695600,15.12146100,-47.61472000,10.69311900,-20.36920400,-15.25512200
413,2.97304177,-17.08113289,67.69747795,1.89567417,9.05358865,86.27492751,-44.03602000,37.71711300,11.82275200,74.07122000,-21.59986300,-4.29320900,-45.14856700,-31.36315200,0.11417804,61.29133600,-17.38954000,12.52298500,0.74006796,-5.21647600,29.79380200,-15.39441800,39.05315400,-20.03501100,66.94321400,-27.47723200,2.88188960,22.38760200,-11.89730550,-44.28548000,17.20794300,-44.98919700,10.79401700,-21.11478400,-15.34166900
414,3.10646176,-17.62547684,66.82223726,2.21668752,10.33567011,85.93905133,-47.80265800,37.37998600,9.98393250,76.60536000,-22.30139400,-4.20314840,-49.24237000,-30.88078300,2.09679170,64.08502000,-18.14790000,12.62662800,0.51969373,-5.44020370,29.79380200,-17.83704200,39.10143700,-21.00521000,69.12374000,-29.56750900,2.03504250,22.34145700,-14.27004500,-43.53326000,19.32022000,-42.44594200,11.03967400,-22.33578700,-15.10111500
415,3.21056128,-18.12880707,65.67998127,2.44297323,11.98786310,85.60559839,-52.09749600,37.44088400,8.27050900,79.45256000,-22.91190000,-3.81634970,-53.92702000,-30.91719800,3.43540200,67.31022000,-19.21738600,12.06296100,0.27628368,-5.52570770,29.79380200,-19.62295300,39.07100300,-21.78919600,70.52957000,-30.59877800,1.45044200,23.34254300,-16.07679600,-42.70799000,21.29003000,-40.55411500,9.05315400,-22.91024200,-16.04622000
416,3.28001165,-18.59812927,64.63783374,2.57022509,13.36431477,85.19301326,-55.86288000,37.25351700,6.47429370,81.86737000,-23.37770000,-3.41375800,-58.08627300,-30.55083300,4.80759100,70.12608000,-19.90273000,11.75891500,-0.01151692,-5.72679400,29.79380200,-21.23990800,39.04117000,-22.64943300,72.06046000,-31.70724300,0.80752045,23.78625900,-17.63609100,-41.79508200,22.77950500,-38.69730800,8.70439600,-23.32153100,-16.80656600
417,3.31397843,-19.02425957,63.57226970,2.85873061,14.82704596,84.97051692,-59.70195000,37.05494700,4.97216650,84.40368000,-23.78954900,-3.09094860,-62.29027000,-30.48589500,6.23841950,72.86619600,-20.57724000,11.15333800,-0.41827083,-5.97307160,29.79380200,-22.58132400,38.96802000,-23.27186800,73.44151000,-32.80449700,0.21347047,23.74640000,-19.38750600,-40.91167000,24.09009000,-36.68580600,8.00566700,-23.68058600,-16.12093400
418,3.30234027,-19.40948677,62.52320917,3.12771622,16.14347197,84.93851156,-63.21399700,36.29654300,3.29741000,86.52949000,-24.13704000,-2.97961260,-66.08224000,-30.21957200,7.77496960,75.33407600,-21.30935100,10.97266300,-0.62526923,-6.10329340,29.79380200,-23.67363200,38.81723000,-23.65840500,74.25938400,-33.93055700,-0.45447424,24.51821100,-20.41354400,-40.01335000,25.23452400,-35.02877800,7.70629020,-23.96093600,-17.08612300
419,3.24112988,-19.75558472,61.33920711,3.40720526,17.32536015,85.03845145,-66.58949000,35.72587600,1.88198020,88.77930500,-24.47499800,-2.68847600,-69.89757000,-30.30202700,9.24493200,78.07263000,-22.16232000,10.14872300,-0.90691740,-6.26684400,29.79380200,-24.67318700,38.68547000,-24.03223400,74.99893000,-34.07066300,-0.59763630,24.88643000,-21.59722100,-39.10881000,26.12205300,-33.17894000,7.14298770,-24.23284300,-17.43564000
420,3.12438321,-20.06937790,60.19101475,3.24342675,18.12226532,84.97885516,-69.76190000,35.24528500,-0.00020838,91.03588000,-24.97805400,-2.67420460,-72.98675000,-29.97790700,10.30509950,80.63929000,-22.65430800,9.75810600,-1.11114170,-6.42460730,29.79380200,-25.47539000,38.55901000,-24.13193500,75.91817000,-35.22105000,-1.04030220,24.83170300,-22.76255200,-38.31548000,26.89188600,-31.32417100,7.63261130,-24.86977800,-16.43094600
421,2.96295047,-20.34193802,58.96654250,3.08352201,19.06802862,85.02140108,-72.87305000,34.92518600,-1.54906330,93.12986000,-25.46151700,-2.42333910,-76.07867400,-29.66530600,11.42070700,83.03703000,-23.49183000,9.50840100,-1.11929180,-6.37203030,29.79380200,-25.84487500,38.37086500,-23.96347200,76.50297000,-36.15058000,-1.25018050,25.40160000,-23.25425300,-37.50877400,27.63424300,-30.05190800,7.20742370,-24.62004700,-17.09694700
422,2.75870657,-20.58630943,57.77607025,2.76621636,19.87708374,84.89877010,-75.73110000,34.45414000,-3.25089900,95.10407000,-26.11437200,-2.40759090,-78.78850600,-29.16440800,12.37934700,85.12154400,-24.28089500,9.47314550,-1.24403990,-6.31756070,29.79380200,-26.10221100,38.20163300,-24.02454400,76.83092000,-37.43492500,-1.91147360,26.14890300,-24.20449300,-36.77749000,28.04282000,-28.63247300,6.73182150,-24.66723600,-16.92870500
423,2.52855802,-20.80817604,56.64990377,2.68591263,20.68577240,84.88790873,-78.51780000,33.92091800,-4.60682440,97.20470400,-26.53415700,-1.99085780,-81.54279000,-28.64833300,13.75047600,87.13512000,-24.88462000,9.12561400,-1.49297570,-6.62423470,29.79380200,-26.24083000,38.08504500,-24.17564400,77.90369400,-38.48252500,-2.14520260,25.91274300,-25.49663500,-36.18212500,28.64237600,-27.05441300,6.77350850,-25.37909300,-16.74891500
424,2.27394867,-21.02053070,55.51607489,2.44339275,21.18563985,84.89514865,-80.85660000,33.37050200,-5.98581360,99.08485400,-27.04848300,-2.01213430,-83.88747400,-28.27132000,14.81528100,89.13816000,-25.33913600,9.16866600,-1.69469230,-6.75731500,29.79380200,-26.24183300,37.99236700,-24.23136500,78.49662000,-39.27563500,-2.68563320,26.32500800,-26.40375300,-35.72212600,28.99275800,-25.67732000,7.47642900,-25.38909000,-15.96309800
425,2.01220345,-21.22534943,54.38895416,2.20164573,21.81052211,84.88548178,-83.24640000,33.01041800,-7.15022100,100.87669000,-27.51547200,-1.76324090,-86.28570600,-27.86676000,15.84352100,90.95901000,-25.84014300,9.02599800,-1.71187970,-6.72186370,29.79380200,-26.20873300,37.87290000,-24.06885300,78.98820500,-40.49030300,-3.15438100,26.71257200,-26.99971400,-35.31964000,29.37840800,-24.79668400,6.62948300,-25.29122400,-16.02227000
426,1.74890435,-21.43759918,53.11032407,1.70257454,22.13566542,84.55781186,-85.74701000,32.49855000,-8.98942200,103.13030000,-28.07220000,-1.74476150,-88.50119000,-27.19988400,16.72499300,93.02922000,-26.37448100,8.94111100,-1.72468020,-6.62794880,29.79380200,-26.17297400,37.73581000,-23.82772600,79.18392000,-42.29043600,-3.91960380,27.29204400,-27.57071500,-34.93662000,29.59541300,-23.79166600,7.31273300,-25.22743000,-15.21003000
427,1.50212371,-21.65268135,52.00048164,1.58031401,22.44247682,84.70463604,-87.69582000,32.09046600,-9.90237100,104.81590000,-28.59940300,-1.78763370,-90.59181000,-27.06668700,17.81878700,94.83465000,-26.86130300,8.62152600,-1.79805400,-6.64682200,29.79380200,-25.93187100,37.59721800,-23.66245300,79.70058400,-42.85533500,-4.23613930,27.50789500,-27.63950700,-34.67083700,29.99171800,-23.12914500,6.58317950,-25.23748800,-15.16703000
428,1.27464128,-21.88038826,50.90549927,1.34417695,22.49181410,84.70077180,-89.49978000,31.41737600,-11.18208400,106.59396000,-28.76866700,-2.06534050,-92.29664000,-26.52746200,18.87830200,96.57988000,-27.27241300,8.96171100,-1.71091680,-6.52681260,29.79380200,-25.68449400,37.38949600,-23.38509000,79.90021000,-43.66546000,-4.68095060,27.32333800,-27.69704800,-34.36239600,29.85390000,-22.44585800,6.22971400,-25.11783400,-15.05153700
429,1.07056093,-22.11372566,49.82946506,1.16391121,22.51817933,84.99504520,-91.38608000,30.72142000,-12.35107800,108.38788600,-29.21447600,-2.34960750,-94.20682500,-26.41518200,20.00101900,98.64551500,-27.83977100,8.59039600,-1.69188950,-6.44787900,29.79380200,-25.66275400,37.22730000,-23.38187000,80.27799000,-44.53160000,-5.07079460,27.41749400,-27.97163000,-34.10696800,29.72787900,-21.81869900,6.20800400,-24.98870000,-14.24884800
430,0.89724016,-22.35273933,48.95675811,0.91904759,22.50618331,85.08706485,-93.17301000,30.23239300,-13.51128800,110.07693500,-29.69877000,-2.55355800,-95.81843000,-26.10140600,20.90324800,100.35049000,-28.12450000,8.66088700,-1.61307130,-6.36139540,29.79380200,-25.52984800,37.06862300,-23.05755400,80.35373000,-44.86541700,-5.28566030,27.47960900,-27.89727200,-33.95529600,29.70952400,-21.34988600,5.81017160,-24.70840000,-13.59648400
431,0.75411206,-22.59638023,48.22392620,0.82382343,22.51664453,85.48921145,-94.76651000,29.61619400,-14.34019850,111.45321000,-29.80399000,-2.78772200,-97.34624500,-25.92790400,21.96158600,101.99612000,-28.82639900,8.52274500,-1.71321610,-6.39728450,29.79380200,-25.34731100,36.96961600,-22.77397700,80.64665000,-45.54928000,-5.31958630,27.44115600,-28.31198700,-33.96954300,29.79940000,-20.74241400,5.62899540,-24.15445900,-12.98395250
432,0.64128703,-22.85501862,47.26792081,0.71720835,21.97428692,85.62684770,-96.02074000,29.05327600,-15.48566500,113.24101000,-30.31243000,-3.07017540,-98.63689400,-25.58732000,23.12444000,103.92701000,-29.34885000,8.49986300,-1.61337300,-6.18019530,29.79380200,-25.18426900,36.89242600,-22.53080400,80.51344000,-46.60454000,-5.84717660,27.69177400,-28.53409800,-34.09702300,29.83172000,-20.34005400,6.14296630,-24.03263000,-12.45804000
433,0.55692714,-23.10873413,46.44337549,0.61484910,21.71393686,86.02274657,-97.43017000,28.61060700,-16.32211500,114.61265600,-30.65906700,-3.33891920,-99.92371000,-25.58146900,24.05850400,105.54451000,-29.89315800,8.34573600,-1.55378300,-6.03392200,29.79380200,-25.00474000,36.81269000,-22.30578800,80.43180000,-46.14140300,-6.06549260,27.80953000,-28.42318200,-34.25417300,29.71977600,-20.23609500,5.68105840,-23.86858600,-12.37417000
434,0.50413603,-23.36607933,45.59981808,0.59645033,21.21923715,86.17771272,-98.48537000,28.13715400,-17.20557400,116.04898000,-31.01111000,-3.65743470,-101.01732000,-25.22781400,25.08756300,107.12543500,-30.17536700,8.56228400,-1.55672740,-5.96788600,29.79380200,-24.81272000,36.76067000,-22.17053600,80.18200000,-46.34592000,-6.38274700,27.85171500,-28.56194100,-34.52844600,29.85076900,-20.06677200,5.55531550,-23.67695400,-12.05928600
435,0.47758088,-23.61226463,44.76695296,0.52766099,20.99756551,86.43631195,-99.89039600,27.66558800,-18.10810700,117.37948600,-31.23480200,-3.80603380,-102.33378000,-25.04045900,25.97522400,108.64797000,-30.67820400,8.53800100,-1.49513350,-5.81751000,29.79380200,-24.75870300,36.73926500,-22.22968700,79.85509000,-46.68728300,-6.85310100,28.40858700,-28.75994500,-34.82740800,29.68895100,-20.01998300,4.27466000,-23.34171700,-12.40838400
436,0.48353472,-23.85539055,43.84126115,0.88507041,20.53255075,86.68549222,-100.77889000,27.01323100,-18.63994800,118.74863400,-31.61192700,-4.03539900,-103.45098000,-24.52305600,27.39527300,110.07236000,-30.95419000,8.75995700,-1.44358190,-5.79873000,29.79380200,-24.91734000,36.72932000,-22.37778700,79.71054000,-47.50184600,-7.18099740,29.03199000,-28.98639000,-35.12328300,29.53284500,-20.09426000,4.11863660,-22.94362000,-12.25493050
437,0.50267577,-24.08139610,43.14230712,0.71993437,20.22937620,86.78473486,-101.95149000,26.69293400,-19.58952900,119.84457000,-31.67316200,-4.15029950,-104.45775000,-24.22747200,27.98443600,111.36850000,-31.10400800,8.66306000,-1.49631310,-5.72671500,29.79380200,-24.89492800,36.72594000,-22.56429100,79.67320000,-47.11179400,-7.39693930,29.38482000,-29.26411800,-35.42035000,29.42868800,-20.20092000,3.34162780,-22.74771100,-12.31072100
438,0.54830724,-24.29367447,42.49728941,1.14300452,19.97248466,87.29490268,-102.58477000,26.19515200,-19.60832600,120.52771000,-31.92169800,-4.43817300,-105.35780000,-24.01445600,29.18708800,112.37330000,-31.34410500,8.79043400,-1.58549390,-5.83499200,29.79380200,-25.08030000,36.67151000,-22.79226300,79.86526000,-47.58095000,-7.25937650,28.76000600,-29.32970200,-35.71016700,29.50480500,-20.38010200,3.08710270,-22.65102200,-12.35543900
439,0.59690976,-24.49373245,41.85473236,0.94373847,19.52823015,87.41058971,-103.47539500,25.58859000,-20.66882000,121.52306000,-31.89103300,-4.80445580,-105.97010000,-23.74109300,29.64534600,113.53735000,-31.63060000,9.15397400,-1.53481470,-5.68169500,29.79380200,-24.86575700,36.65417000,-23.21705000,79.40473000,-47.03118000,-7.68317840,29.77221000,-29.66493800,-35.91901800,29.01453000,-20.52883700,2.42844130,-21.93221000,-12.67347200
440,0.66625273,-24.67597008,41.34400110,1.20049025,19.18074341,87.64949234,-103.88346000,25.26651400,-20.86748700,122.06938000,-32.03022000,-5.04804200,-106.47468000,-23.36348000,30.45685400,114.32653000,-31.93912100,9.37814600,-1.58626280,-5.73079000,29.79380200,-25.06161300,36.61593200,-23.45424300,79.41135000,-47.15463300,-7.65341420,29.67918600,-30.12858000,-36.17778000,29.06544900,-20.62374300,2.66058160,-21.93264000,-12.19656850
441,0.73923606,-24.84124756,40.85334452,1.34215603,18.73654758,87.87850425,-104.14516400,24.72947100,-21.25723000,122.59816000,-32.26022000,-5.41690830,-106.87741000,-23.27319100,31.04899000,115.09294000,-31.95090700,9.44938300,-1.54537010,-5.69975000,29.79380200,-25.27856300,36.57753800,-23.59994300,79.34098000,-47.59063300,-7.58077530,29.33862900,-30.11882400,-36.40992700,29.11968000,-20.75545300,2.89788870,-21.62905300,-12.31739400
442,0.81411785,-24.98334122,40.50075199,1.31529054,18.50173733,88.13968118,-104.67004400,24.28364200,-21.70857400,123.00674400,-32.07118200,-5.67039200,-107.27363600,-23.22153300,31.39113000,115.77174000,-32.04612000,9.52693750,-1.71060910,-5.79061460,29.79380200,-25.34112500,36.61887700,-24.11730800,79.20309000,-47.39946700,-8.16566600,28.76079800,-30.49609000,-36.56408000,28.65029500,-20.81937400,3.49644180,-21.25154500,-12.15470500
443,0.89985567,-25.10818291,40.08674919,1.55191241,18.09055667,88.56433123,-104.79674500,23.82069400,-21.80069000,123.33472000,-32.29304500,-6.04208040,-107.39115000,-22.93916900,32.17138300,116.48234000,-32.35210000,9.96786300,-1.69326770,-5.87713240,29.79380200,-25.60581200,36.65994600,-24.19839900,78.95957000,-47.60078000,-8.36008700,29.03277200,-30.57953500,-36.74325600,28.38715600,-20.85469200,3.70301580,-20.78954900,-12.01889300
444,0.98072338,-25.20611572,39.86637925,1.46149750,17.92908733,88.75449239,-105.08383000,23.44696400,-22.19384400,123.48451000,-32.28841000,-6.45103900,-107.46150000,-22.79765500,32.30803700,116.91959000,-32.54080600,10.15818500,-1.66263030,-5.85948560,29.79380200,-25.82445100,36.72362500,-24.62622000,78.90809000,-47.56474700,-8.62745200,29.05444500,-30.60978100,-36.85779600,28.21390200,-20.96617100,4.49965700,-21.03896300,-12.28376900
445,1.06621015,-25.28570366,39.64902614,1.57286594,17.70856039,89.11449622,-105.25202000,23.21231000,-22.24763900,123.60407000,-32.24773400,-6.59954800,-107.47378500,-22.60700800,32.76133300,117.41932000,-32.67292400,10.36910400,-1.65271990,-5.86613750,29.79380200,-26.07939100,36.78740700,-24.70261600,78.60136400,-47.19811200,-8.37249850,28.83895000,-30.63671300,-36.95796200,27.86866200,-20.94648700,4.73844240,-20.79790000,-12.27527400
446,1.14689207,-25.34470940,39.55297143,1.59729578,17.58868571,89.42384085,-105.37466400,22.98781400,-22.32731200,123.59572600,-32.10611300,-6.71405940,-107.49081000,-22.61743500,32.96936800,117.74902000,-32.85192000,10.40043800,-1.68791680,-5.84458900,29.79380200,-26.28782000,36.84018300,-24.92989000,78.46380000,-46.48975000,-8.24016500,28.68408800,-30.72542000,-37.05160500,27.89941200,-20.93814800,4.06957440,-20.89619300,-13.08293600
447,1.22349775,-25.39326286,39.41332649,1.66611869,17.39141554,89.65650199,-105.41197000,22.68309200,-22.45920200,123.70711000,-31.97935300,-6.86195660,-107.48460400,-22.52995000,33.25413000,118.13874000,-32.93895000,10.48788400,-1.68819680,-5.80867050,29.79380200,-26.40330700,36.86134300,-25.00866900,78.33286000,-45.98730000,-8.12413100,28.21396400,-30.87835100,-37.13881300,27.88527100,-20.99077400,3.77542730,-20.96382300,-13.45285700
448,1.29627073,-25.43354034,39.26511948,1.74107955,17.15888363,89.76524589,-105.42886000,22.71069300,-22.54867000,123.83403000,-31.97939900,-6.86882700,-107.25404000,-22.17985700,33.52060700,118.43450000,-33.15871000,10.78840400,-1.63734560,-5.58951950,29.79380200,-26.45463800,36.80379000,-24.89989900,78.30150600,-46.59907500,-8.12458000,28.39507700,-31.06276300,-37.23661800,27.92425000,-21.22121200,4.51637740,-21.20805000,-12.93767450
449,1.35769665,-25.46906471,39.13039486,1.73418844,16.88048638,89.89786685,-105.41444400,22.53473000,-22.79639200,124.02299500,-31.88988100,-6.89988850,-107.16665000,-22.01541700,33.75195700,118.85180000,-33.21932200,11.00717900,-1.60290920,-5.46314240,29.79380200,-26.41381300,36.77731000,-25.00840800,78.06419000,-46.18029000,-8.13457600,28.39914700,-31.14451400,-37.33510000,27.82073800,-21.22932800,4.63712930,-20.94769900,-13.37495100
450,1.41228855,-25.50150490,38.98336147,1.72718709,16.67315909,89.89316448,-105.40729500,22.44519400,-23.04190000,124.19147500,-31.99809300,-6.94255100,-107.00836000,-21.73750300,33.88166400,119.10677000,-33.46812000,11.15744100,-1.55908670,-5.31638430,29.79380200,-26.49064600,36.74085000,-24.91736400,78.25990000,-45.91577500,-7.93525360,28.88632000,-31.37510100,-37.48284500,27.88939500,-21.34991000,5.05735200,-21.33303600,-12.81823350
451,1.46067750,-25.53289032,38.96040056,1.90550460,16.54213825,90.09504346,-105.22172000,22.08847800,-22.95481500,124.17640000,-31.76888000,-7.07047000,-106.94892000,-21.50360100,34.25974700,119.34502400,-33.49968700,11.29401000,-1.59592150,-5.32070500,29.79380200,-26.55148300,36.71274600,-24.78738200,78.08729000,-45.70295300,-7.56756300,28.71181500,-31.33309200,-37.64657000,27.81367000,-21.34369000,4.53763800,-21.32227100,-13.62893700
452,1.49396801,-25.56562996,38.96686119,1.57796065,16.38690443,90.04924636,-105.25183000,21.96196000,-23.46894000,124.21545400,-31.74765000,-7.11057850,-106.53140000,-21.23667700,33.98650000,119.48379500,-33.62559500,11.54083800,-1.49992560,-5.11487530,29.79380200,-26.61585200,36.73982000,-24.86466600,78.17206600,-45.47963300,-7.46377500,28.99970400,-31.32022700,-37.84174300,27.84825900,-21.20021600,4.23834000,-21.23140100,-13.67818100
453,1.52797401,-25.60370255,38.85157318,1.77650153,16.14130745,90.10153857,-105.07380000,21.65835000,-23.49381800,124.42101000,-31.54634700,-7.15443040,-106.73472600,-21.20108800,34.36672000,119.80729000,-33.59459000,11.29203300,-1.45815580,-5.05266570,29.79380200,-26.53374300,36.69549600,-24.55862400,78.00676000,-45.49246000,-7.36547000,28.53954700,-31.34925500,-38.03840000,27.75665300,-21.38489200,4.14586200,-21.43983300,-13.64453600
454,1.55434585,-25.64685631,38.70488829,1.87507353,15.82774680,90.07800495,-105.00656000,21.68395200,-23.57656000,124.67065400,-31.45512600,-7.06822000,-106.67007000,-20.94758200,34.65585000,120.08463000,-33.71578600,11.23607350,-1.41885820,-4.91662360,29.79380200,-26.42578700,36.61180500,-24.43471500,78.04233000,-46.08308000,-7.33632470,28.67827600,-31.41213800,-38.20315000,27.66048600,-21.48013000,4.84950600,-21.56749200,-13.66693700
455,1.56843472,-25.68729019,38.66101403,1.82700351,15.77190330,90.10235776,-105.08391600,21.54006600,-23.74271000,124.75973500,-31.32974000,-7.05722570,-106.70895400,-20.81562600,34.71121600,120.26540000,-33.74469400,11.31393800,-1.52271450,-5.00618200,29.79380200,-26.29090000,36.62305000,-24.89921600,78.00686000,-45.42527400,-7.44937040,28.77752000,-31.47745100,-38.37615600,27.63691500,-21.43107200,4.16168100,-21.56771300,-14.37172600
456,1.57554114,-25.73630905,38.50602997,1.82586685,15.56332548,90.16110250,-105.04787400,21.25672100,-23.90831800,124.93142000,-31.48086400,-7.37129450,-106.65929400,-20.56869000,34.96354700,120.53001000,-33.83954000,11.44407900,-1.53106140,-4.99303600,29.79380200,-26.24127200,36.62388000,-24.95701200,78.00622600,-45.53979500,-7.47935150,28.64637200,-31.48163800,-38.59556000,27.60955000,-21.46173500,4.29319900,-21.88073200,-14.18182100
457,1.57604551,-25.78471375,38.39418964,1.75977996,15.48339358,90.08383048,-105.26355000,21.26855500,-24.13688000,125.13350000,-31.37038400,-7.30642270,-106.76038000,-20.36148300,35.00824400,120.69737000,-33.82403600,11.59009200,-1.51705540,-4.95250460,29.79380200,-26.09281000,36.63150000,-25.03512600,77.88991000,-45.21017500,-7.44340130,28.80932600,-31.45360000,-38.78084600,27.46151700,-21.67896800,3.76179480,-21.81489200,-14.51915700
458,1.57148635,-25.83718872,38.31318812,1.69116366,15.33771272,90.04806254,-105.29169500,20.94688400,-24.40407200,125.31566000,-31.19263500,-7.55167440,-106.67551000,-19.98939100,35.14329000,120.88710000,-33.74426300,11.77308000,-1.49426980,-4.90642600,29.79380200,-26.02985200,36.66210600,-25.17372000,77.85139000,-45.52747700,-7.50052600,29.03342200,-31.33797800,-38.93357500,27.23940700,-21.70934300,3.80563260,-21.81840000,-14.86930200
459,1.56774056,-25.88744736,38.20291195,1.64178162,15.23987936,90.05975263,-105.43700000,20.71907000,-24.61143900,125.49518600,-31.08068500,-7.60889200,-106.57857000,-19.56929800,35.31472000,121.05940000,-33.64343000,12.07482050,-1.50302360,-4.92227500,29.79380200,-25.92016600,36.68425000,-25.35202000,77.77144000,-45.40676500,-7.48974600,29.14392500,-31.09597400,-39.02930500,26.96161800,-21.79090300,3.26076270,-21.80772600,-15.41969400
460,1.56623018,-25.93382072,38.10970885,1.62135337,15.19222452,90.00839746,-105.49172000,20.41431200,-24.79282200,125.61935000,-31.07855800,-7.78911200,-106.52755000,-19.26785500,35.39498000,121.10727000,-33.64369600,12.30682300,-1.46450250,-4.92763950,29.79380200,-25.92636300,36.69235600,-25.45807300,77.86653000,-45.81433500,-7.51867870,29.09507200,-30.98799700,-39.12056700,26.89136700,-21.98158500,2.95410370,-21.76648700,-15.23481500
461,1.56878328,-25.97708702,37.89123244,1.61327553,15.03755590,90.05385208,-105.66790000,20.11152800,-25.05767300,125.93690500,-31.08041600,-7.99891100,-106.89264000,-19.27104200,35.64436700,121.51567000,-33.61608500,12.18740500,-1.48606620,-4.93696070,29.79380200,-25.81260900,36.70710400,-25.57623000,77.84665000,-45.46427500,-7.45740940,29.05944400,-30.77301600,-39.19668200,26.71067800,-22.18925500,2.37935700,-21.78235000,-15.30546950
462,1.57949424,-26.01413345,37.71605650,1.73229325,14.84148891,90.12804469,-105.63810000,19.71382500,-25.15748800,126.18443000,-31.02155300,-8.19898800,-107.10676000,-19.26494600,35.97066500,121.81856500,-33.59609600,12.12948500,-1.48339510,-4.96735000,29.79380200,-25.74024000,36.68477600,-25.51746600,77.87426000,-45.83113500,-7.39016100,28.95687500,-30.41853000,-39.19291700,26.45974700,-22.35851100,2.09180120,-21.64006200,-15.39626100
463,1.59824896,-26.03205490,37.62675627,1.67138086,15.07743657,89.96565898,-106.05472600,19.90774700,-25.33345200,126.24535000,-31.12328500,-8.00680400,-107.32490500,-19.03890800,35.84541300,121.76761000,-33.71922700,12.17868000,-1.49425720,-4.92934500,29.79380200,-25.72485500,36.68584000,-25.65821600,78.11581400,-45.76259200,-7.31070800,29.10221500,-30.46132500,-39.21742200,26.66530000,-22.80360800,1.47618400,-21.62035600,-15.34340100
464,1.62699628,-26.05187988,37.43677066,1.87626273,14.93436060,90.13452407,-106.13392000,19.81558800,-25.22329900,126.42571000,-31.14489600,-8.00867200,-107.40929400,-18.89499000,36.27295700,122.02532000,-33.61734400,12.47034600,-1.54019030,-5.04057000,29.79380200,-25.62593500,36.64634000,-25.67923700,78.16722000,-45.85632700,-7.27727650,28.66355000,-30.02145200,-39.20659300,26.67076700,-22.95857600,1.04318610,-21.53720900,-15.60779800
465,1.65586829,-26.06429100,37.28797010,1.82593677,14.85204915,90.06100860,-106.26986000,19.73339000,-25.52590400,126.64801000,-31.20499000,-8.03034300,-107.50883500,-18.77646400,36.31724500,122.23605000,-33.63260000,12.43506700,-1.46201440,-4.88603970,29.79380200,-25.57035400,36.57507700,-25.61319200,78.32509000,-46.28848300,-7.19729950,28.66480000,-29.65722700,-39.12695700,26.45615400,-23.21715400,0.76804740,-20.86566200,-15.54582900
466,1.69023240,-26.07409096,37.12327859,1.92740884,14.81033800,90.22412608,-106.44981400,19.46971100,-25.58023600,126.82545000,-31.10299300,-8.20652800,-107.65272500,-18.65482300,36.65155000,122.52949000,-33.65944300,12.60109000,-1.53756330,-5.00554850,29.79380200,-25.47379000,36.52337300,-25.63803900,78.40309000,-46.46217300,-7.28857900,28.58628700,-29.36146200,-39.03711300,26.26404600,-23.30716100,0.85078140,-20.86966900,-15.76141700
467,1.73040009,-26.08083153,37.04372051,2.05713006,14.87188268,90.19303764,-106.51123000,19.38357400,-25.60060500,126.88880000,-31.08187700,-8.20149600,-107.61387000,-18.22831300,36.84817500,122.58397000,-33.77086300,13.02006500,-1.52997050,-5.05720400,29.79380200,-25.34451100,36.42803200,-25.73687600,78.60348000,-46.57752600,-7.14271700,28.55345500,-29.18866500,-38.95892000,26.53311000,-23.46611600,0.37825686,-20.97157500,-16.23250800
468,1.76760447,-26.09243393,36.92700832,2.12915669,14.82962266,90.22138365,-106.59539000,19.32124500,-25.66408200,126.99295000,-31.13171000,-8.14042500,-107.63568000,-18.05806400,36.99437700,122.71773000,-33.83250800,13.15434100,-1.60521550,-5.15838150,29.79380200,-25.08530600,36.30175000,-25.93645700,78.80890000,-46.44069300,-7.18536400,28.27932000,-28.90828900,-38.80502700,26.51625600,-23.42724400,0.18594705,-20.97943900,-16.38324200
469,1.80554426,-26.10609245,36.85008952,2.22011950,14.81105971,90.17148325,-106.61396000,19.39510300,-25.67155000,127.02463000,-31.24476400,-7.99212840,-107.53299000,-17.87601300,37.04113000,122.68465400,-34.01218000,13.42017100,-1.55930950,-5.19768400,29.79380200,-24.91194300,36.14835700,-25.43031500,78.98585500,-46.44551000,-6.62962870,28.50342800,-28.54649200,-38.73196400,26.59339500,-23.22008000,-0.67797650,-20.65659500,-16.35949300
470,1.83788633,-26.12590408,36.71795614,2.28865251,14.55394470,90.10518210,-106.54345000,19.55542200,-25.75056000,127.19646500,-31.39956300,-8.08894600,-107.59514600,-17.94573800,37.11044300,122.85107000,-33.95816400,13.41146500,-1.74618320,-5.40216540,29.79380200,-24.23345200,35.98883400,-25.23532500,79.16734000,-46.62957800,-6.70742940,28.49752800,-28.21732700,-38.66055000,26.54250700,-22.95941400,-1.11068280,-20.09799800,-16.44083000
471,1.87365472,-26.13694000,36.72458006,2.42449348,14.40969010,89.91276155,-106.40730000,19.80423500,-25.75891900,127.30658000,-31.68066600,-8.12705100,-107.43536000,-17.55680700,37.22198000,122.86627000,-33.94655600,13.69383100,-1.94026900,-5.65252300,29.79380200,-23.31599200,35.78304300,-24.91488600,79.25888000,-46.06108500,-6.75040000,28.52979000,-27.86592300,-38.66953700,26.37132600,-22.62637500,-0.84253585,-20.03179700,-15.96169000
472,1.90730500,-26.13134384,36.73004954,2.39779166,14.23455826,90.00221804,-106.13227000,19.85029400,-25.73858800,127.19890600,-31.70826000,-8.26753900,-107.03966500,-17.46631000,37.22779500,122.90441000,-33.98499000,13.79968500,-2.26644000,-6.15495800,29.79380200,-22.19270100,35.61173600,-24.55543300,79.26839400,-45.68247000,-6.81074500,28.37228000,-27.17487500,-38.86125600,26.08239000,-21.56381200,-2.08184400,-19.83725500,-17.07437300
473,1.94832873,-26.10001564,36.72345733,2.27650886,13.93678087,89.91250041,-105.86208000,20.11012600,-25.96121800,127.25643000,-31.78102300,-8.17823300,-106.54239000,-17.34623700,37.05839000,122.97234000,-33.95234700,13.80795700,-2.59086920,-6.63022850,29.79380200,-20.55713300,35.45244200,-23.45523300,79.39704000,-45.28075000,-6.45107800,28.40952900,-26.32533600,-39.40452000,25.50479000,-20.22003600,-2.87593360,-19.66062200,-17.31524300
474,2.00581145,-26.02609062,36.76017451,2.23345922,13.69120568,89.92349504,-105.49823000,20.68184300,-25.93910000,127.14637000,-31.93453800,-8.11947100,-105.75831600,-16.93920100,37.08216500,123.06331000,-34.11623400,14.10158900,-3.01826520,-7.28034450,29.79380200,-18.26794600,35.36566000,-21.75192000,79.21600000,-45.19882000,-6.15704200,28.75374200,-25.35060100,-40.45216800,24.73013300,-18.50490400,-3.67884180,-18.44287500,-17.13791300
475,2.07936645,-25.88964462,36.93822891,2.33915803,13.80785338,89.80972507,-104.99472000,21.15462900,-25.72827500,126.85789000,-32.37181500,-8.29835100,-105.12763000,-16.39708900,37.04990000,122.93066000,-34.36113000,14.59068300,-3.67149970,-8.27235000,29.79380200,-15.29786200,35.35393500,-20.40172600,79.18738000,-44.17979000,-6.00937370,29.53522900,-24.32731800,-41.95593600,23.76102400,-16.67670800,-4.59874770,-16.94147700,-17.38427500
476,2.16092515,-25.69146156,37.10695768,1.91700552,13.72747286,89.65010843,-104.73950000,21.68381500,-26.31198500,126.84159000,-32.58321400,-8.34061200,-104.25354000,-15.92020300,36.61421600,123.15554000,-34.63167000,14.63342500,-4.23519330,-9.18756500,29.79380200,-11.76327800,35.56638000,-18.39718800,78.97787000,-43.29329300,-5.77853200,29.77801100,-23.57910300,-44.25839200,22.63452100,-13.87805100,-4.78706930,-16.16059500,-18.59662200
477,2.26914930,-25.40812874,37.36753695,2.00830208,13.91719003,89.77539987,-104.48479500,23.05195600,-25.88317000,126.47880000,-32.89828000,-7.73817870,-103.74883000,-15.70275600,36.66778000,123.33641000,-34.65950400,14.25574700,-5.20168200,-10.48045700,29.79380200,-7.52400350,36.09494400,-15.83706000,78.66672000,-41.36978500,-5.15865800,30.31086200,-22.62913500,-47.34294500,20.38964000,-11.11346700,-5.59924750,-14.43146800,-21.82963600
478,2.39076328,-25.03728867,37.85926274,1.96003327,14.31319182,89.99088498,-104.16227000,24.28165200,-25.42045400,125.83481000,-32.92702500,-7.31290200,-102.64211000,-15.40920000,36.39706800,123.13991500,-34.69155500,14.40669100,-6.15106060,-11.95349100,29.79380200,-2.99547980,36.87192000,-12.82253100,78.44942000,-40.06066500,-4.49692060,30.09215200,-22.42817000,-51.36229300,17.91713500,-7.54515600,-5.80333760,-12.46276700,-23.59643600
479,2.52231574,-24.57545280,38.44926318,1.48134607,14.87745106,89.68237745,-103.93761400,25.62857000,-25.70656800,125.23630500,-33.03600000,-6.58795200,-101.32048000,-14.64660400,35.44112800,122.75618000,-34.39964000,14.41577000,-7.13087370,-13.53910100,29.79380200,2.10847740,37.66781600,-9.86235300,77.91687000,-39.97227000,-3.27845930,30.89420700,-22.21394200,-56.13749000,15.54306100,-3.42882900,-6.16740470,-8.94653900,-25.32779700
480,2.67738438,-24.01275826,39.17739567,1.29830097,16.15282051,90.00294821,-103.86275500,26.31178300,-25.30715000,124.17181000,-33.07982300,-6.09821600,-100.43854500,-14.17151800,34.89051400,122.34273000,-34.38391000,14.39046500,-7.74651240,-14.89951400,29.79380200,6.75278230,38.38305700,-6.98856300,77.83443000,-40.54130600,-1.23247100,30.43435900,-22.26281200,-61.61356400,14.23305300,1.73516400,-5.21029400,-5.19073770,-26.30134000
481,2.86157966,-23.37035370,39.83374287,1.00190074,17.35829109,90.20026196,-104.06289000,28.21641200,-24.80682000,123.02904000,-33.67494200,-4.86790230,-99.19390000,-13.51681400,34.07740800,121.75056000,-33.60865400,14.04496600,-7.86257800,-15.39214600,29.79380200,11.41568200,38.28801300,-4.69914000,76.17400000,-43.03995000,-0.36583040,31.89217400,-21.05351800,-66.76302000,11.36737000,5.73221450,-2.50184660,-0.38490602,-26.87090100
482,3.07803130,-22.64429092,40.92145543,0.73685679,19.42663599,89.67837650,-104.54466000,29.30842200,-24.70871700,121.92099000,-33.52329000,-3.86133800,-98.98682400,-12.80456700,32.86226700,120.60283000,-33.25912500,13.33739500,-8.01517900,-15.95719700,29.79380200,14.95292800,37.67967600,-3.79182960,76.37531000,-45.88598600,0.97826743,30.87783800,-20.15349800,-72.39442400,10.10403400,15.97459200,3.09997940,3.50851440,-25.59407200
483,3.34951019,-21.88173676,41.93996863,1.23092775,20.72975966,90.16577354,-104.37729000,31.25522400,-23.23763700,120.73946000,-33.54817600,-3.09121500,-97.98421000,-12.30442400,32.89964300,119.99608000,-33.43035500,13.74578900,-7.80690340,-15.62425300,29.79380200,18.19787600,36.17350000,-4.41666750,77.80420000,-49.09754600,2.71783400,28.45441200,-18.67927000,-78.03107500,8.96333200,27.70053000,8.98611400,6.54969400,-24.61634800
484,3.65639973,-21.06984329,42.90039293,1.83481033,22.31200849,90.89248338,-104.55918000,33.41094200,-21.54853400,119.49451000,-33.93454400,-1.81023870,-97.44568000,-12.16985900,32.93871700,119.47723000,-33.58986300,13.66519700,-7.62767740,-14.76230900,29.79380200,20.65452400,34.41940000,-5.12977360,78.84269000,-52.70387600,3.75789360,26.69692000,-17.25658400,-83.72592000,8.31468400,40.77103800,18.32022000,8.58623200,-23.53935800
485,3.97879410,-20.24632835,43.88476366,2.02229955,23.67042226,91.06814246,-103.72220000,34.01942400,-20.78357900,118.07920000,-33.98935700,-1.87631690,-96.95095000,-11.93663800,32.32188800,119.01989000,-32.87265400,12.86235500,-7.18297670,-13.34829000,29.79380200,22.09461000,32.24440400,-6.35200800,80.24233000,-55.81348400,4.72409340,26.52498000,-14.95422400,-88.31400000,7.48553940,56.02962500,28.19576800,11.42579500,-24.38335600
486,4.33166456,-19.42649460,44.59554109,3.36020659,24.82068595,91.79752225,-102.73453500,34.88709300,-18.81095700,117.17052500,-33.95025000,-1.79310860,-97.03821000,-12.64623700,32.97154600,118.91881000,-32.98314700,12.22200400,-7.14413740,-12.52251200,29.79380200,23.72570800,30.11083600,-7.59029900,81.89877000,-57.78454600,5.29569530,23.69509300,-11.24458900,-91.46068600,7.43492000,70.54960000,41.39988300,11.34176800,-21.41249000
487,4.68561888,-18.61104012,45.77631650,4.99376931,26.89079156,92.52837838,-102.20544400,35.28532400,-16.43245300,115.96410000,-33.79476000,-1.50902640,-96.77729000,-12.22912300,33.89190000,117.74841000,-33.20931000,13.60568800,-7.26537200,-12.28208350,29.79380200,26.37948600,28.83520700,-6.88845060,82.33507000,-59.51018500,4.78862760,21.57896600,-8.03790900,-93.33102400,8.31559900,81.68941500,51.26771000,9.62808800,-18.96355200
488,4.99773121,-17.86648178,46.81093847,5.51075746,28.18758434,92.24156046,-100.76479000,36.09246400,-15.07412000,114.40500000,-34.06627000,-1.14586400,-96.34762600,-11.92511900,33.42902800,116.57693500,-32.79400000,13.53042800,-7.30591500,-11.95527200,29.79380200,29.11743000,28.32411800,-6.27348760,82.89733000,-58.19213500,4.65177870,20.19621000,-5.51743600,-94.07574500,9.94683900,90.97224400,59.64703400,9.36871050,-18.40967000
489,5.27971172,-17.23154259,47.13101617,5.97410228,28.21578637,92.55792025,-99.96059000,35.72638300,-15.07553100,114.35171500,-33.68801500,-1.55535780,-95.53060000,-11.95578500,33.49703000,117.03498000,-32.69491000,14.21714500,-6.83060800,-11.42237950,29.79380200,30.90592200,28.25894000,-5.53668000,84.14521000,-59.82682400,6.11554400,19.96747200,-3.82098050,-94.50384500,12.33612800,100.16544000,67.02304000,10.56903700,-15.39557000
490,5.51344776,-16.64324379,48.16733231,6.91496477,30.22625629,93.50668520,-99.19507000,35.75847000,-12.80565900,112.08292000,-33.23035000,-1.04226830,-95.84481000,-12.34610100,33.37369000,115.60559000,-32.13794000,14.25091400,-7.00772800,-11.24768100,29.79380200,35.38169000,29.11460900,-3.15638200,84.46900000,-60.80853000,6.13939860,17.85453600,-2.69850040,-94.73027000,15.15317800,105.58232000,73.17458000,12.75318700,-16.90307800
491,5.71890259,-16.18542290,48.56843459,6.84187832,30.97237730,93.11350421,-98.48237600,35.33495000,-12.93250300,111.21230000,-33.67853000,-0.90973175,-96.02906000,-12.55679400,32.41176000,115.05675500,-32.03365700,14.02843800,-6.82918200,-10.94225000,29.79380200,38.85780000,29.88838000,-2.33153900,84.26119000,-61.03215800,8.79426300,18.79773900,-1.84709970,-94.70763400,18.17358200,110.59578000,75.63312500,16.65802400,-16.54530700
492,5.89447641,-15.80998421,49.03570627,6.57484527,31.56345801,93.18618560,-98.18931600,36.32054500,-12.32400300,109.95465000,-32.36610000,-0.32369408,-96.05157000,-13.29338100,31.12111300,114.33688000,-31.67741800,13.42176600,-7.28422550,-10.35260300,29.79380200,44.41786200,30.87077900,-0.89603466,84.19904000,-59.87087200,10.91729200,16.30795700,0.31023675,-94.52109500,20.97867200,114.69727000,78.37312000,20.24867000,-18.05883200
493,6.07853031,-15.50900650,49.38352800,6.93811390,31.78350305,93.83084724,-97.58118400,36.13892700,-11.62347800,109.01572000,-31.84520100,-0.00666216,-95.69032000,-13.69414300,30.87056200,114.11565000,-31.66209200,13.71026800,-7.26456070,-9.32464200,29.79380200,49.14613300,31.25772500,0.38323346,84.29606000,-60.08847000,12.32633500,15.41521700,3.82044980,-94.41071000,22.16062700,118.08700000,80.43924000,22.98535300,-18.81243100
494,6.26253939,-15.24916458,49.36048856,7.69751654,32.30522878,94.98238935,-97.42757000,35.61444000,-10.81216500,108.28343000,-31.65108100,-0.27367678,-96.14883400,-14.66200100,31.14310300,114.49499000,-32.23553000,13.41649800,-7.34363030,-8.09190800,29.79380200,54.63580300,31.43342400,2.23715350,84.30871600,-61.23465700,13.54434000,13.25572700,8.42999600,-94.18258000,22.63888500,120.00027000,81.56929000,23.57921000,-19.36282700
495,6.45582676,-15.01845741,49.46712268,8.80700185,32.50296243,96.28163259,-97.32298000,35.94474800,-9.42526200,107.96910000,-31.61092000,0.05975057,-95.90546400,-15.27700600,31.92902200,114.78477000,-32.96361000,14.10349000,-7.01430500,-8.26478700,29.79380200,62.93610000,31.24258400,5.89886600,81.15314000,-60.43053400,14.38437300,13.51410000,12.24593600,-93.98471000,21.36253500,120.00027000,84.02322000,22.03943300,-19.06286400
496,6.61248398,-14.78100395,49.87906257,10.63554552,33.38651736,98.92908549,-96.90660000,36.24422000,-6.20597270,106.29767600,-31.00544400,0.34446916,-95.80670000,-15.61862400,33.40641000,114.68544000,-33.22394600,14.93003750,-7.25013600,-7.79451300,29.79380200,69.72446000,30.02855000,8.03452400,78.53476000,-60.26281000,13.63719750,13.32241300,24.34800500,-92.84663400,16.19507000,120.00027000,86.00329600,24.30044200,-20.41430300
497,6.71540403,-14.55744934,50.03377826,11.48516393,33.87328051,100.55712034,-97.12144500,35.46230000,-5.35084060,105.63018000,-30.20072600,0.49469078,-95.81554000,-16.34023700,33.77629500,114.84067500,-33.42323700,15.00003300,-6.85809500,-6.04370000,29.79380200,73.72434000,28.65294300,7.35517170,77.14982000,-59.89039600,13.45423300,14.90013000,34.50242200,-91.44706000,9.74878800,120.00027000,85.26892000,25.08692000,-20.72703400
498,6.72616816,-14.33012772,50.09458164,11.43619287,34.31243903,102.09475532,-97.07171000,33.84117500,-5.29622400,104.06148500,-28.79793000,0.20737350,-96.16709000,-18.02768300,32.82971000,114.69843000,-33.71917000,13.89500600,-6.75556040,-4.13083200,29.79380200,75.05044000,27.48632400,4.99784370,76.85551000,-58.08970000,14.32084700,17.19053800,43.70369000,-89.64277000,4.46326350,119.75812500,82.90865000,26.46597100,-24.08978300
499,6.68325663,-14.08497524,50.40564991,11.60275388,34.92861395,103.73575841,-97.04645000,32.69391600,-4.67658850,102.46805000,-27.92971600,0.32873958,-95.82384000,-19.08750000,32.22864500,114.03153000,-34.17467000,13.57334200,-6.51646400,-2.24892190,29.79380200,76.34415000,26.18269500,3.25785280,77.09457400,-58.79456700,12.98420200,18.08927300,52.49693300,-87.28457000,-0.58684576,116.89577500,83.73027000,23.23099500,-25.85581200
500,6.59747410,-13.81112194,50.85171178,12.46775632,35.90742324,105.46673191,-97.02764000,31.60329000,-3.38787800,100.96017500,-26.54121000,0.58890580,-96.01267000,-20.16474300,32.28978000,113.15433000,-34.08214000,13.42785500,-5.69107900,-0.09765354,29.79380200,76.95353000,25.23942200,1.42322640,77.25082000,-59.59106000,13.11588800,19.25857000,57.45006000,-85.35519400,-4.83662370,114.92718000,84.31127000,21.33928500,-26.49111200
501,6.45310497,-13.52853775,51.36069186,13.33310037,36.03955315,108.04133664,-96.20566000,30.11332000,-1.74002980,98.92425000,-24.76756000,0.20785760,-95.51585000,-22.83369000,31.81092500,112.18887000,-34.20034000,13.30630800,-4.99575800,2.42672400,29.79380200,77.79619600,24.97491000,1.17283200,76.73204000,-58.78506500,12.71482400,20.09758400,59.43449400,-83.43284000,-6.83611770,111.22570000,85.00732400,17.91461400,-29.66564200
502,6.30346537,-13.22257805,51.42627772,13.30688415,36.47879382,108.84694555,-96.81915000,28.43764000,-2.65878800,98.88598000,-24.85816400,0.34542540,-94.25532000,-22.54071600,31.72203000,111.81720000,-35.49887500,14.46103700,-3.16637900,5.00322250,29.79380200,77.64316600,24.53495000,-0.92150660,77.28783000,-56.81874000,13.18402800,21.54112600,60.52302600,-82.07712600,-8.95611800,112.08188000,84.37591000,16.00426500,-20.31257200
503,6.13018560,-12.90916252,51.85391170,14.70786343,36.88014458,111.83713911,-96.35604000,26.06983000,-1.28291100,96.90918000,-23.43541300,-0.35548362,-93.39020500,-24.08526400,32.12464500,110.93746000,-36.44420000,14.96093500,-2.19061140,7.90571400,29.79380200,75.91068000,24.16266400,-1.88691160,78.44160500,-56.76254300,11.70642000,21.08685900,61.22595600,-80.27287000,-9.13207600,110.29392000,84.63805000,14.16013900,-16.49277500
504,5.92907906,-12.61399651,52.46012175,14.19887409,37.60677749,114.37147967,-96.42219500,23.50582300,-1.73401310,93.95209500,-21.42631300,-0.44697252,-92.32463000,-26.68890600,29.38087000,109.28487000,-36.91464000,13.58448900,-0.92750910,11.28401850,29.79380200,69.45927000,23.74786400,-4.56770370,81.80767000,-53.69881000,13.00427150,22.33025400,59.62112800,-78.53168000,-8.72303800,109.29455000,82.63282000,12.46556950,-16.22472800
505,5.79746866,-12.36421013,52.67644547,15.69069857,36.97747586,117.26980462,-95.72464000,20.76043900,-1.05549540,92.96133000,-20.47021500,-1.19396760,-90.33045000,-27.56262000,30.44064500,109.31639000,-37.90199000,14.83731800,0.74260384,14.38818100,29.79380200,67.81745000,23.19797500,-4.83443740,81.97601000,-52.97410600,11.72915300,23.16584800,57.49938000,-76.74335000,-8.43570600,108.24416000,82.13920000,8.97752700,-11.99595400
506,5.66799641,-12.17918110,53.27843442,16.23417101,36.17659748,120.30819353,-94.66827400,17.58924300,-0.91527090,90.56072000,-18.38578400,-2.70149250,-87.79105000,-29.69359800,29.22940400,108.17776000,-38.87021300,14.81946100,2.22595290,18.15335800,29.79380200,64.93200000,22.43074000,-6.86527300,82.37392400,-51.92135000,10.66692800,23.08137100,55.87758000,-74.22423600,-6.18029450,105.53748000,80.96295000,5.68459220,-9.91662700
507,5.56010437,-12.05408764,54.07896612,16.14276666,35.71314202,123.29146406,-93.75223000,15.23868100,-0.83202374,87.48590000,-16.54354000,-2.88951020,-85.04587000,-32.47324000,26.34203700,106.30064000,-39.49122000,14.80742100,4.47427750,22.14049100,29.79380200,59.93342600,21.82488300,-9.35895700,84.59920000,-49.48395500,10.00933700,23.74899700,52.42547600,-71.88331000,-4.02262450,103.86014600,78.08665500,5.44558400,-9.40488400
508,5.52203035,-12.02590656,54.16143989,16.98447966,32.88639852,127.07195471,-92.16885000,11.35394600,-0.97948420,86.60095000,-15.48772600,-4.68387940,-81.37021000,-35.02223000,26.08152600,107.47630000,-40.98775500,15.00003300,6.96510550,25.46651500,29.79380200,56.28640000,20.68622200,-10.48342300,83.12410000,-48.57359700,9.12422600,24.98049500,50.51811000,-69.32985000,-2.44802450,101.39747000,76.77608500,1.38875750,-7.82055430
509,5.43185425,-12.06921673,55.59801595,16.01919716,31.97349567,130.16978562,-90.78475000,7.67794560,-2.62911400,82.87665600,-13.68727900,-4.76894140,-77.90252000,-39.03729600,21.22296300,105.58208000,-41.22154000,14.44309300,9.39877200,29.08271800,29.79380200,48.36511200,19.34956600,-14.33713000,85.61304500,-47.57162000,10.16164100,23.35352500,45.99714700,-67.23020000,-0.54062533,99.54400000,72.94143000,-0.97878380,-6.71418480
510,5.44774437,-12.20421314,55.18567146,17.04188541,28.49044402,134.69017215,-89.57519500,3.19486360,-2.67365170,82.76433600,-12.12483300,-8.40011200,-73.01756000,-43.48921600,19.58543800,106.57390000,-42.93564600,15.00003300,13.02802000,29.79380200,29.79380200,46.37911600,18.80917200,-12.12053400,83.32882000,-45.99757000,7.59582760,25.81407000,39.45903000,-66.11870000,4.10060020,97.14992000,73.74280000,-3.33526130,-5.83253770
511,5.30695629,-12.41024971,57.08104400,15.88113827,28.93986179,137.11219047,-88.11176000,1.15053300,-3.53298970,77.31349000,-10.31980100,-8.11352100,-69.86123000,-44.40441500,14.77405400,103.31031000,-41.92326000,15.00003300,13.22152700,29.79380200,29.79380200,43.80063000,17.30298800,-14.38143300,80.36690500,-43.16266300,7.00441100,24.45259700,28.66132400,-65.20063000,9.03877700,95.90133000,67.08376000,-5.15829000,-7.19138400
512,5.25026894,-12.69797802,56.39345520,17.22968239,26.64659543,139.87205038,-87.66776000,-2.53871660,-3.36275940,78.00815000,-9.94230800,-10.70244700,-67.57404000,-45.57372300,16.18532800,104.73929600,-42.63815300,15.00003300,15.23016200,29.79380200,29.79380200,41.07797600,15.92213600,-16.67262500,76.41471000,-37.09751000,5.39562650,23.50091700,18.02492700,-65.06422400,14.95575700,94.59108000,58.49144400,-7.37209200,-4.96614700
513,5.06563425,-13.12196064,56.68311059,17.00160350,23.48636453,143.20646214,-85.50094600,-6.25940560,-3.73604500,76.54640000,-8.83418750,-11.99422900,-61.22123000,-47.84839000,13.44337500,103.94944000,-42.93073000,15.00003300,16.49187500,29.79380200,29.79380200,40.09660700,14.22999200,-18.74375000,71.80837000,-32.81450000,4.84552050,24.83223300,8.95275300,-64.23382600,21.59313400,92.12460000,51.79215000,-8.00492200,-5.80009370
514,4.76682377,-13.59891033,57.12481462,17.29476425,22.30637001,145.52639764,-84.17313400,-9.57152500,-4.12671100,74.19677000,-8.47328900,-13.10862600,-57.48691000,-48.71859700,12.01337800,102.12678500,-41.99059300,15.00003300,17.83944700,29.79380200,29.79380200,37.77667200,12.95929600,-20.84985400,69.71346000,-27.60585400,3.07807640,24.26964800,0.47395068,-63.63849600,27.10332500,90.53447000,45.39581000,-9.10805900,-5.44686000
515,4.37505484,-14.17357922,57.50027809,17.13145009,20.54265064,147.64021103,-82.51170000,-12.54479600,-4.50117250,72.49518000,-8.06436900,-14.15906700,-52.74664000,-50.90321400,9.48965400,100.44443500,-41.24683400,15.00003300,19.32253600,29.79380200,29.79380200,36.94195600,12.16794800,-21.54748700,66.16257500,-23.42154900,2.06177930,24.71144900,-8.14333100,-62.89641600,32.49241300,88.45936000,38.54908800,-8.80866200,-5.02329540
516,3.86477375,-14.82615757,57.76954934,16.35624637,18.80437795,149.35610295,-81.17571000,-16.24229200,-6.21227360,71.93663000,-7.85854960,-15.00003300,-47.44294700,-52.97678400,6.33393800,98.85856000,-40.17804700,15.00003300,20.99579400,29.79380200,29.79380200,35.69979500,11.77472400,-21.59352100,63.33128000,-20.65123400,1.52474210,24.23686400,-16.82393300,-61.72843000,35.81967000,86.16707000,34.80523300,-7.95627700,-5.53672840
517,3.28548336,-15.50346184,58.21117336,15.29779159,17.66266393,150.59198870,-79.81734500,-18.28880500,-7.32284450,71.14632000,-7.79774700,-15.00003300,-42.87854800,-54.60678500,3.14033840,97.19556000,-39.64953600,15.00003300,22.74858500,29.79380200,29.79380200,34.59708800,11.69116200,-21.77074200,60.49981700,-17.71081400,1.02047530,23.50596800,-25.38794100,-60.70100000,39.58365000,84.61603500,31.34640700,-8.63789900,-5.03498200
518,2.63400602,-16.20609474,58.54579894,14.46685399,15.80609168,152.83746325,-77.97572000,-21.31450800,-8.35505300,70.22424000,-8.12880800,-15.00003300,-37.23328000,-56.01375000,-0.25081110,96.05606000,-39.04649400,15.00003300,24.55636600,29.79380200,29.79380200,33.22285500,12.19482200,-21.87937500,58.32252500,-14.65602600,1.76621890,22.49387600,-35.18133000,-59.60361500,43.44710000,84.52946000,30.17234200,-7.38406000,-4.35466800
519,1.94820273,-16.87382507,59.30999556,12.83421592,15.51875104,152.97822364,-76.54837000,-22.13045000,-9.81522800,69.35306000,-8.41974450,-15.00003300,-32.37299000,-56.56191600,-4.88855840,93.37788000,-38.36111500,15.00003300,26.56231500,29.79380200,29.79380200,31.64509200,12.88285000,-21.92035100,56.57111700,-12.72169600,0.78806454,20.63049700,-43.48911000,-58.35934400,45.43940000,82.68657000,28.75451500,-7.73284240,-4.63462540
520,1.25995815,-17.46919250,59.37544909,12.17128904,14.13720443,154.72586196,-75.52234000,-22.96981200,-9.04684200,69.48693000,-9.02524900,-15.00003300,-25.82475700,-56.46211600,-8.87893100,91.23228500,-38.28105500,15.00003300,27.92087200,29.79380200,29.79380200,30.96680300,13.60944200,-21.76143800,54.79128000,-10.57320500,0.62442350,20.03391600,-52.53705200,-57.39447800,47.04925000,82.24674000,30.67249300,-8.46853500,-5.18620440
521,0.52171701,-17.98812103,59.86536984,10.39175621,13.39902944,155.87873706,-73.89445000,-23.51253100,-10.17630000,69.08434000,-10.08339600,-15.00003300,-18.94524800,-55.42642200,-14.50072500,87.88473500,-37.48068200,15.00003300,29.72436700,29.79380200,29.79380200,31.11785500,14.15933700,-21.51632900,52.55444000,-9.45017100,0.01441082,19.66391200,-62.20779400,-56.58495300,48.18630200,80.94483000,35.16738000,-9.75130600,-6.05580570
522,-0.25128761,-18.40394211,60.07619244,8.71569489,11.94033112,156.91376018,-72.11870600,-24.30839300,-11.42796600,70.00528000,-11.20617700,-15.00003300,-12.09209250,-54.59126000,-19.69946900,84.49276000,-35.89656000,15.00003300,31.43747300,29.79380200,29.79380200,31.11096000,14.65318000,-21.77684200,50.91746000,-8.55921500,-0.21731126,18.88530000,-72.29575000,-56.05237200,50.40290000,80.61606600,42.25424600,-12.30375200,-7.46229460
523,-1.09357941,-18.68362808,60.57478491,7.24732616,10.95367831,158.38547080,-70.04981000,-25.57150300,-13.08581800,69.89994000,-12.15079100,-15.00003300,-5.45663830,-52.93536800,-24.57794000,79.94884500,-34.79349500,15.00003300,32.72879000,29.79380200,29.79380200,31.58360900,14.99164600,-21.33811200,48.95431500,-8.46307900,-0.69237584,18.56918100,-81.81651000,-55.61282000,52.26133300,80.28824000,47.79243500,-13.31180800,-8.36546000
524,-2.02117777,-18.82697296,61.43657583,5.99092473,10.81428151,159.09465236,-68.11263000,-26.00327700,-14.63880700,69.18832400,-12.68467200,-15.00003300,-0.45233902,-51.41446300,-28.63684500,75.93277000,-32.74314000,15.00003300,33.86570000,29.79380200,29.79380200,31.26612000,15.18070000,-22.31483300,48.71123500,-8.94329550,-1.54697640,19.72404900,-91.22285000,-55.27186000,55.51281700,80.21579000,51.94169000,-14.18799500,-9.50322100
525,-2.98090696,-18.81998825,62.29989774,4.95144771,10.17638475,160.10651227,-65.61942000,-26.84056500,-16.45807600,68.60425600,-13.52442900,-15.00003300,5.03757140,-49.10833000,-32.33372500,71.58871500,-31.08084500,15.00003300,34.84005400,29.79380200,29.79380200,31.69109200,15.33551900,-22.67945700,48.16121300,-8.30238700,-1.57922400,19.23012000,-99.97478000,-54.86542500,58.49689000,80.44757000,55.48045700,-14.35492200,-10.14776100
526,-3.99364448,-18.67432213,63.09854203,4.48412223,10.16296025,160.71413512,-63.77307500,-27.42327000,-17.69885400,67.95556000,-13.50505900,-15.00003300,9.05864000,-47.15854300,-34.70054000,67.66528000,-28.98607400,15.00003300,35.51975600,28.16855200,29.79380200,32.25914400,15.58781900,-22.06781800,47.66757200,-8.25800700,-2.14941700,19.87620000,-106.57302000,-54.26076500,60.01140000,79.86511000,57.52607700,-14.30518150,-10.66727700
527,-5.02670574,-18.40518951,64.33407665,3.63093603,10.52626036,161.24251083,-61.82462700,-27.03457500,-18.96382500,66.67385000,-12.97799400,-15.00003300,13.43435400,-44.98354700,-38.51829500,63.22698200,-27.08689900,15.00003300,36.35722400,25.85516000,29.09841200,32.87854400,15.98377000,-20.92768000,47.98051500,-9.12029200,-2.75808070,20.00430100,-112.06398000,-53.54825600,61.11776000,78.48519000,58.89726000,-14.25000400,-10.76404300
528,-6.06450558,-18.00810814,65.41061870,3.49971647,10.87794502,161.43954464,-59.82728000,-27.52895700,-20.52717000,65.41656500,-12.59040100,-15.00003300,16.19938300,-42.88450200,-40.08569300,59.45745500,-24.22438000,15.00003300,37.19673500,23.50726000,28.04172500,33.11537000,16.45148500,-20.21986400,49.19768500,-9.68011200,-2.96074220,20.03663300,-117.36677000,-52.85800600,62.31012300,77.87743000,59.54254500,-14.25292200,-11.34806300
529,-7.07070541,-17.48907471,66.64162733,2.99903296,11.37169015,161.31960492,-57.73035400,-27.17999000,-22.20228400,63.94841400,-12.07162800,-15.00003300,18.96941400,-40.51491500,-42.21488600,55.36339600,-21.49630400,15.00003300,37.77754200,21.00268600,26.91498000,33.27836000,17.02697400,-19.72346700,50.25476000,-10.07097200,-3.18149700,19.65782700,-121.85918000,-52.16298000,63.37902000,76.57287000,60.22662400,-14.21817300,-12.00158000
530,-8.01981735,-16.84875679,67.77707793,2.49032525,11.37194622,161.35658318,-55.53414000,-26.70193900,-23.60177600,63.06500000,-11.31895350,-15.00003300,21.50275200,-38.02612000,-43.59055000,51.37257000,-18.61258000,15.00003300,38.33055000,18.47476000,25.90232000,33.52578400,17.81574400,-18.94725600,51.32391700,-10.54233800,-3.35878830,19.57369800,-126.18186000,-51.40310000,64.09350600,74.71888000,59.63818400,-14.14780600,-12.73175700
531,-8.90840721,-16.08204079,68.93213050,2.26978656,11.38701621,161.55852250,-53.03047000,-26.24548000,-25.05996900,61.38267500,-10.72550000,-15.00003300,23.96385200,-35.36640000,-44.89126600,47.23339000,-15.42486300,15.00003300,38.57152600,15.80102500,24.95059200,34.29486500,18.73656300,-17.56054100,51.58889400,-11.29154500,-3.88768500,19.17741600,-130.25130000,-50.65639500,64.80166000,73.19491600,59.53289400,-14.28324700,-13.19312400
532,-9.71604919,-15.20257473,69.94727809,2.04210702,11.23490510,162.18492981,-50.58397000,-25.49654600,-26.20957800,59.74832500,-10.42293400,-15.00003300,26.43499000,-31.98385000,-45.72386600,42.29044000,-13.10456800,15.00003300,38.70185500,13.19469000,23.90473700,35.09283000,19.93868400,-16.23487900,51.39650000,-11.10823500,-4.15204300,18.77854500,-134.00323000,-49.88391000,65.04728000,71.45394000,59.00220500,-14.15057200,-13.44113100
533,-10.45016384,-14.22056389,70.99792575,2.07553430,11.54684029,162.24723251,-48.44751700,-24.82093600,-27.70572000,57.80788400,-9.64270900,-15.00003300,28.20660600,-29.52425600,-46.41326500,38.10529700,-10.89879700,15.00003300,38.69331400,10.67264100,22.73850800,36.18671400,21.13405600,-14.30316000,51.65162700,-11.36296700,-4.11414100,18.11666500,-137.34216000,-49.15215700,65.43310500,69.50833000,58.74437000,-14.48437900,-13.21567800
534,-11.10022163,-13.17922020,72.28961533,2.58542551,11.49259141,163.00897174,-45.74588800,-23.95324900,-28.52239600,54.50067000,-7.69459530,-15.00003300,30.10762600,-27.13999400,-47.50511600,34.08103000,-7.65929800,14.75338700,38.24468600,8.19245100,21.57447400,37.36398000,22.46241400,-13.08243200,51.83175300,-9.93450200,-4.46882800,17.26333400,-140.39983000,-48.46478700,65.31896000,67.50195000,58.11543300,-15.28921900,-13.93435900
535,-11.66419125,-12.12656021,73.30790441,2.56880586,10.91703081,163.20192846,-42.73985000,-22.99899500,-29.93585800,52.15041700,-6.80033870,-15.00003300,31.98399500,-24.96798100,-48.42930000,30.42087200,-5.07522500,13.94956800,38.21933700,6.05555800,20.11092200,38.48892000,23.68370400,-11.78669300,51.21867800,-8.57400900,-4.82143830,16.47759600,-143.00963000,-47.85085700,65.53265000,65.17336000,56.78604000,-16.27133800,-13.61985900
536,-12.15679932,-11.09806252,73.86683114,3.28558024,9.66557955,163.55930958,-39.22504400,-23.60391800,-31.99843400,50.49152400,-6.85755400,-15.00003300,34.31302300,-23.36892500,-50.37460700,26.65608000,-3.08764220,13.29612800,37.68940000,4.18230000,19.31020000,39.46871600,24.91679200,-10.61122700,50.27520800,-6.54937360,-3.22265340,16.56517600,-145.42209000,-47.24255800,64.17951000,62.91950600,53.74003600,-16.24936100,-14.47240800
537,-12.60621357,-10.12059784,74.99990889,3.62314658,10.44084277,164.82050824,-37.41115000,-21.82256500,-32.38466000,45.63091300,-4.78105970,-15.00003300,34.46234500,-21.06514500,-49.46342500,22.94559000,1.24846080,13.01023200,37.40423200,2.29184000,17.90046000,40.55653400,26.11994400,-9.09060900,50.38842800,-5.48014450,-4.18108300,15.61939900,-147.94475000,-46.78522000,64.44845600,60.61516600,54.09976200,-16.91257700,-14.13939700
538,-12.94414997,-9.22304058,75.61564159,3.45125530,10.39465234,165.14277609,-35.78200000,-20.12551100,-32.89532500,43.31007000,-4.15381300,-15.00003300,35.64099000,-19.36546700,-49.88936200,19.60822000,4.44319500,12.49015600,36.97734500,0.91628283,16.34252000,41.27236600,26.93366800,-8.77555600,50.95824000,-5.14687500,-3.91003970,14.36553100,-149.82877000,-46.48853300,64.00137000,58.50007600,52.19904700,-17.49653000,-13.49746600
539,-13.23847961,-8.45714092,76.29562793,3.97270993,9.86815922,165.84336366,-32.92071500,-20.00303800,-34.81466700,39.96124600,-2.91671820,-15.00003300,36.91639700,-18.25784900,-49.86626000,17.42713000,7.32504200,11.82780400,36.59948000,-0.43606958,15.22928500,41.88690600,27.79416000,-8.37079100,50.03015500,-2.75886270,-3.34483170,14.46923300,-151.28717000,-46.25735500,63.81361400,56.38371700,50.43696600,-17.32143000,-13.32950800
540,-13.42842770,-7.81814957,76.79808166,3.84162431,9.17938695,166.66642076,-30.97291200,-19.14794500,-35.76842500,38.09279600,-1.91544300,-15.00003300,37.79928600,-17.26659000,-49.54977000,15.50633700,9.93496100,11.67076200,36.60249700,-1.68291510,13.98015100,42.93933000,28.32007600,-7.77954670,49.44808600,-1.94875700,-2.86113140,13.72315800,-152.22066000,-46.05312300,63.56922000,54.39552000,49.19366500,-17.57740400,-12.66871500
541,-13.52612686,-7.29523993,77.34464714,3.74297997,8.65783271,167.69503657,-29.27810300,-17.66906500,-35.83030700,35.26933700,-0.36879689,-15.00003300,38.26374400,-16.42999300,-49.28025000,14.01164000,13.44248200,11.17155000,36.19287000,-2.72724320,12.78548000,43.41828500,28.91582700,-7.23852600,49.42936700,-1.51635150,-2.74568960,12.82519600,-152.67387000,-45.77937700,62.50707000,52.42986000,48.28674000,-17.84868200,-12.24676800
542,-13.55029964,-6.90126991,78.04865558,3.55616130,7.89098188,168.60840489,-26.69606800,-16.39497600,-37.06176400,31.45892100,1.75114330,-15.00003300,38.54255300,-16.00436200,-49.06859000,13.33401100,17.02300000,10.37388200,35.81203000,-3.54271550,11.76078100,43.50126000,29.52434200,-7.46830100,49.34158300,-0.71232796,-2.30928800,12.36685400,-152.82498000,-45.47259500,61.35924500,50.34723300,47.77893400,-18.31056000,-12.04004200
543,-13.48958492,-6.61958885,78.62964034,3.45096191,7.13181290,169.01863729,-24.56007400,-15.04938900,-37.40400000,28.11240800,3.89946630,-15.00003300,38.83904300,-15.73698000,-48.40782000,12.46355800,20.64544300,10.30586200,35.67533000,-4.47125200,10.57188700,43.76875300,29.84364900,-8.02512600,49.79208800,-0.45832652,-2.51059270,11.52312700,-153.00792000,-45.16985700,61.08826000,48.71655700,46.55846800,-18.48558800,-11.69328700
544,-13.35803986,-6.44893408,79.08268175,2.96659095,6.42238593,169.26247456,-22.81146600,-13.75029300,-38.06868400,25.64339800,5.42205400,-15.00003300,39.52399400,-15.39164600,-48.88139700,11.18357700,22.65648000,10.51318600,35.66431000,-5.27274300,9.59887200,43.86832400,30.13215300,-8.59227850,49.57252500,-0.52945966,-2.53454700,11.50849300,-153.05736000,-44.76745200,59.93744700,46.19532400,45.53685800,-18.84936000,-11.28940800
545,-13.17494106,-6.35596752,79.55682396,2.46181642,5.62061989,169.66723111,-20.72882300,-11.97859400,-38.34689300,22.03811600,7.34615100,-15.00003300,39.94427000,-14.89783000,-48.35838000,10.24415300,25.94862200,10.47218700,35.38351400,-5.86953450,8.36454300,44.03944400,30.28014400,-9.07119800,49.51817700,-1.01842860,-3.16720820,11.82708200,-153.06068000,-44.33404000,59.31588000,44.19656800,44.07183000,-19.10596800,-11.14583600
546,-12.94559669,-6.32568169,79.94143116,1.80401003,4.52903187,169.85485478,-18.76671200,-10.19899100,-38.17005000,19.31690800,8.91256000,-15.00003300,40.47623400,-14.61577600,-48.07540000,9.27122700,28.53609800,10.70957700,35.21537800,-6.46269750,7.16207700,44.15654800,30.28266700,-10.00373900,49.76299000,-1.36549850,-3.63289500,11.48682400,-153.03696000,-43.84211000,58.58142000,42.62470000,43.75895300,-19.76167700,-10.42800400
547,-12.69842052,-6.32716036,80.07208182,1.41772578,3.99962017,170.25863769,-17.36714700,-9.00848300,-38.67714700,16.58400000,9.79859100,-15.00003300,40.32701500,-14.87599300,-47.61567000,9.77678600,29.47503900,11.03330400,35.14882300,-7.03214800,5.96931300,44.02971600,30.23093200,-10.42648600,49.20808000,-1.22131690,-3.79974030,11.33011500,-152.83405000,-43.31663500,57.99447600,40.44399000,42.78605000,-20.39921800,-9.41948200
548,-12.45836353,-6.35131073,80.37517526,1.24867156,3.01524039,170.12975190,-15.78204700,-8.27912600,-38.71039600,14.89301100,11.52729400,-15.00003300,40.24484600,-16.07182100,-47.61721000,11.56324900,29.90238600,11.08280600,35.15964000,-7.59090100,5.15652560,43.66658000,30.07435600,-11.12529700,49.19428300,-1.43301510,-3.89249800,11.02181100,-152.71695000,-42.75546300,57.66980400,38.75623000,42.38616600,-20.82275800,-9.01228300
549,-12.21887779,-6.36896658,80.49399372,1.01799916,2.52261116,170.37088410,-14.89145900,-7.26490100,-38.08994300,13.03513900,12.70031100,-15.00003300,39.61933000,-16.80008500,-46.88221000,13.24780100,30.00006700,11.48469700,34.99495700,-8.05071000,4.17725850,43.68042400,29.89350000,-11.61085900,48.74821500,-1.62918830,-4.24954370,10.59452800,-152.75908000,-42.21611800,57.37790300,36.96035800,41.84493600,-21.56179000,-7.75764900
550,-12.01500320,-6.37563467,80.57549389,0.93351605,1.90439816,170.60302330,-13.64601300,-6.64450650,-38.25208700,11.08563000,13.71429500,-15.00003300,39.34840400,-17.57264900,-46.60714700,14.84324800,30.00006700,11.48966100,34.98356600,-8.38026000,3.52088100,43.09524500,29.64756400,-12.35096500,49.03675500,-1.58287080,-4.49570750,10.73002700,-152.73993000,-41.70100000,57.10510600,35.79103000,41.89493600,-22.03318600,-6.82792470
551,-11.82856083,-6.36388063,80.78851052,0.48183841,1.63520503,170.31791746,-12.74044900,-5.24189950,-37.59832000,9.03682300,15.13104100,-15.00003300,39.01842000,-17.89994400,-46.43324300,15.30609300,30.00006700,12.06846400,34.88178600,-8.48810600,2.77180300,43.05116300,29.44214600,-13.09372300,48.54053000,-1.27222470,-5.00373740,11.03957400,-152.48766000,-41.13844300,56.70509000,34.30982200,41.81220000,-22.56884800,-6.60064170
552,-11.65242004,-6.32111931,80.76602985,0.30679890,1.29185391,170.72510167,-11.96892600,-4.28898050,-37.00345200,7.17000960,15.90981700,-15.00003300,38.88206000,-18.12040700,-46.29048500,16.17642000,30.00006700,12.09080000,34.68728000,-8.68114000,2.07160970,42.99931000,29.26529000,-13.27569700,47.99954000,-1.73033100,-5.98846630,11.34506500,-152.12810000,-40.57174300,56.52818300,33.37190000,41.12757500,-22.45277000,-6.36175350
553,-11.50000572,-6.26552534,80.73586162,0.25927773,0.88966067,170.71352207,-11.59672700,-4.14644050,-36.90851200,7.12743800,15.79151700,-15.00003300,38.87109000,-18.47153700,-46.00462000,16.70560800,30.00006700,12.22500600,34.43609000,-8.81767900,1.49318040,42.68118300,29.07997900,-13.85844700,48.07447000,-1.81870910,-6.36745200,11.46969000,-151.96090000,-40.04776400,56.45134000,32.27215200,40.93652000,-23.08657500,-5.17929460
554,-11.35831451,-6.19712496,80.76584340,0.18524518,0.63816958,170.59254525,-11.38460800,-3.93077830,-36.67135000,7.10801120,15.96133700,-15.00003300,38.69220400,-19.01358600,-46.04888500,17.51507000,30.00006700,12.43184600,34.47445300,-8.95905600,1.15223120,42.11010000,28.91460800,-14.30572700,48.50726700,-1.87659560,-6.30019430,11.20726600,-151.86548000,-39.53985200,55.91418500,31.44347000,40.95606200,-23.38990800,-4.58733560
555,-11.20866776,-6.10366249,80.73881635,0.10819888,0.44664196,170.63104418,-11.34601100,-3.52099780,-35.97471000,7.00337930,16.10149000,-15.00003300,38.51840000,-19.03151900,-45.54980000,17.70667600,30.00006700,12.67607800,34.26651400,-9.14484000,0.64255610,41.95044700,28.72981600,-14.45107650,48.46946700,-2.00444770,-7.02222100,11.53947200,-151.55623000,-39.04215600,56.23539000,30.79419000,40.09754600,-23.22405200,-5.29653500
556,-11.07771969,-6.01461840,80.72070311,0.05502903,-0.03295280,170.72784431,-10.93634100,-3.34905340,-35.79572700,7.00524950,16.08142300,-15.00003300,38.77938500,-19.25014100,-45.69072300,18.17898000,30.00006700,12.84395800,34.16422700,-9.22554200,0.44122604,41.35526000,28.65883400,-14.75523300,48.76294000,-1.95683690,-7.01380540,11.50334550,-151.31197000,-38.53560000,55.65350000,30.07853900,40.32302000,-23.22929200,-4.86622700
557,-10.97041988,-5.91612816,80.70628314,0.24666493,-0.28322249,170.73638237,-10.71825800,-3.44017550,-35.65706300,6.98102700,16.32237000,-15.00003300,38.79719000,-19.60869200,-45.60681000,18.52695700,30.00006700,12.64518300,33.86123700,-9.29633700,0.11954612,41.16243700,28.54787000,-15.11983200,48.73740400,-2.01373000,-7.52558330,11.94937400,-151.02736000,-38.08728800,55.79735600,29.35336900,39.70276000,-23.27730800,-4.56494330
558,-10.88820267,-5.82110023,80.63673728,0.22838920,-0.54070555,170.81910261,-10.49877600,-3.30321240,-35.64673600,6.95455100,16.06000000,-15.00003300,39.35878400,-19.44341500,-46.27352000,17.88383300,30.00006700,12.47608300,33.69174200,-9.18167900,-0.07966135,40.76780700,28.53426000,-15.40915500,48.59913600,-1.61254750,-7.46874570,11.86729200,-150.81792000,-37.62784600,54.98523700,28.64620800,39.52515800,-23.40285700,-4.68809650
559,-10.83067989,-5.73412275,80.63809896,0.34616319,-0.70445582,170.81173908,-10.32701900,-3.38292600,-35.77835000,6.93674140,16.25327100,-15.00003300,39.49601000,-19.60409400,-46.49167600,17.91709100,30.00006700,12.57228700,33.55055600,-9.20555000,-0.26277485,40.33857700,28.48134000,-15.56800500,48.89502300,-1.46201260,-7.41737650,12.06796700,-150.81157000,-37.25025600,54.94085700,28.46312900,39.86009000,-23.45141800,-4.69191300
560,-10.80633259,-5.66631079,80.60567723,0.17600138,-0.79039993,170.86178377,-10.23111400,-3.17423650,-35.99629600,6.95219230,15.89728000,-15.00003300,39.83811600,-19.22073400,-46.92099400,17.17947000,30.00006700,12.67511100,33.43110700,-9.14269000,-0.40193020,39.93073700,28.37910000,-15.62111000,49.13403000,-1.75502970,-7.21438170,11.73608300,-150.68643000,-36.93097000,54.32750300,28.13629200,39.89326500,-23.30967900,-4.38998700
561,-10.79522419,-5.61016178,80.53388541,0.13607412,-1.02280343,171.15050253,-10.02147100,-3.14569520,-36.15619000,6.94891450,15.53776100,-15.00003300,40.31466300,-18.89251300,-47.23951300,16.69583500,30.00006700,12.71491400,33.23467000,-9.08011900,-0.54950730,39.42443000,28.37855000,-16.03353100,49.26563300,-1.15162470,-6.94587760,11.73178300,-150.47894000,-36.64121600,53.92637300,28.07720800,40.23099500,-23.25724200,-4.27071480
562,-10.79796219,-5.56762791,80.49419376,0.13206854,-1.15284106,171.51126902,-9.96883700,-3.09933920,-35.99541000,6.91873300,15.49335800,-15.00003300,40.65094400,-18.55164700,-47.39490500,16.23503700,30.00006700,12.57747600,32.97015400,-9.04561000,-0.70591550,39.24670000,28.40922400,-16.24796300,49.03673600,-1.02031150,-7.21826840,12.24228500,-150.35971000,-36.38291500,53.55643500,27.84636500,40.31593700,-23.39718400,-4.58150600
563,-10.81309795,-5.54577208,80.50577487,0.06407543,-1.35014466,171.76358435,-9.77270800,-3.07778860,-36.09303300,6.92225800,15.48884300,-15.00003300,41.16356000,-18.07415800,-47.59795800,15.39161900,30.00006700,12.71898700,32.87453500,-8.94613300,-0.79064757,39.05732000,28.36120800,-16.23645600,49.01788000,-1.07513460,-7.13409950,12.33377300,-150.31160000,-36.22735000,53.39309000,27.72809200,40.56467400,-23.37794100,-4.97916360
564,-10.82551670,-5.53332758,80.50676687,-0.03693308,-1.39355598,171.92252583,-9.76309600,-2.89221400,-35.84442000,6.87621160,15.47470800,-15.00003300,41.34118700,-17.81933000,-47.84856400,15.03460100,30.00006700,12.70206600,32.79152300,-8.93498400,-0.97735540,38.86787400,28.34154100,-16.25489600,49.17177200,-1.13472500,-7.54466250,12.80791500,-150.19070000,-36.18723700,53.24416400,27.58960200,40.62094000,-23.44648200,-5.15574930
565,-10.83669853,-5.53471613,80.51672075,-0.06228881,-1.57911625,171.92101942,-9.54440900,-2.84745670,-35.79073300,6.87149100,15.43275700,-15.00003300,41.53756700,-17.75807600,-47.75682000,14.86975100,30.00006700,12.80123900,32.66370800,-8.96664600,-1.04984410,38.86427300,28.30610800,-16.49565100,49.12537800,-1.15254720,-7.41380450,12.32279300,-150.09108000,-36.15041700,53.00621800,27.57311400,40.84546300,-23.40302500,-5.12656740
566,-10.84203911,-5.54418659,80.51747125,-0.13249882,-1.79279283,172.19693247,-9.33854500,-2.87996860,-36.00677000,6.87833000,15.38636300,-15.00003300,41.80511000,-17.53309800,-47.76589600,14.77880600,30.00006700,12.91075900,32.51094000,-8.99430200,-1.14214740,38.66016800,28.30098300,-16.75430000,49.04448300,-0.94540170,-7.21265700,11.87602100,-150.00375000,-36.13438800,52.81623000,27.78452700,41.11393000,-23.51290900,-5.32233860
567,-10.84405518,-5.55016613,80.48545845,-0.21254658,-1.75700622,172.44872323,-9.41357600,-2.87012390,-36.15978200,6.86472900,15.22765200,-15.00003300,41.84094600,-17.31528700,-47.93406000,14.65492400,30.00006700,12.98126000,32.57174300,-8.98944500,-1.33014100,38.28899000,28.28839500,-16.69431300,49.30920400,-1.06843280,-7.16670900,12.06877100,-149.92380000,-36.12219200,52.82350500,27.74088300,40.93120600,-23.22973300,-5.47192430
568,-10.83920002,-5.55264854,80.49346466,-0.42135790,-1.79318056,172.57929990,-9.41197700,-2.66723180,-36.22805800,6.88271200,15.10285200,-15.00003300,42.05448500,-16.89421700,-48.15238000,14.10562800,30.00006700,13.01997400,32.73330700,-8.92139100,-1.40389420,38.12338600,28.28247600,-16.67874100,49.17645600,-0.98375860,-6.90610600,11.74914900,-149.96664000,-36.12027400,52.71714800,27.75022300,41.14154000,-23.35132400,-5.48155740
569,-10.82532024,-5.54112530,80.52740349,-0.49971419,-1.89755884,172.58771577,-9.30377600,-2.54128810,-36.14020500,6.86105540,15.21577200,-15.00003300,42.05324000,-16.81404900,-47.95374700,14.13141900,30.00006700,13.02296300,32.54428500,-8.96020800,-1.47758940,38.24192000,28.26192500,-16.76289400,48.91691600,-1.02504240,-6.83698600,11.66843300,-149.88617000,-36.12139000,52.53817700,27.80230000,41.20200700,-23.26012200,-5.34249930
570,-10.81002808,-5.50954342,80.53053493,-0.39763873,-2.05549756,172.44282939,-9.07221200,-2.64910580,-36.29772600,6.85838750,15.23170700,-15.00003300,42.20009600,-16.99490400,-47.97233200,14.13516100,30.00006700,12.89563600,32.40907700,-9.00331500,-1.52314770,38.35753300,28.18941100,-16.72082900,48.83984000,-0.95264740,-6.82306770,11.61612700,-149.73824000,-36.13977000,52.69074600,27.83324800,41.31704000,-23.44035700,-4.90467550
571,-10.79224491,-5.45947504,80.52850679,-0.32642071,-2.10434904,172.48065318,-9.01660400,-2.74865670,-36.47982400,6.88005700,15.29788100,-15.00003300,42.28561000,-17.07654400,-48.19741400,14.20591000,30.00006700,12.71381200,32.38277000,-9.00527500,-1.52426470,38.24931300,28.18536400,-16.71631400,48.77828000,-1.00271940,-6.62201550,11.26633300,-149.70200000,-36.14065600,52.69387000,27.81547500,41.53540800,-23.39449300,-4.76203200
572,-10.76879215,-5.39370871,80.53002324,-0.27520843,-2.16287853,172.64390066,-8.98709400,-2.78382130,-36.53073000,6.85775400,15.47301800,-15.00003300,42.33980000,-17.01671800,-48.22046300,14.28507000,30.00006700,12.64509000,32.33627000,-8.99735700,-1.52702870,38.05303200,28.19810300,-16.65002300,48.69155000,-1.09044120,-6.73009800,11.37453200,-149.63950000,-36.13792000,52.72012300,27.92046700,41.40800000,-23.12487000,-5.34675170
573,-10.75290108,-5.32275343,80.53593631,-0.25432343,-2.16499813,172.64981279,-8.96924900,-2.78013200,-36.61932800,6.86521630,15.51619000,-15.00003300,42.38584500,-16.99126800,-48.40005500,14.22519500,30.00006700,12.49624600,32.35038800,-8.93961100,-1.51277450,38.02114000,28.21972000,-16.52509100,48.53355000,-1.02080640,-6.95445100,11.59562100,-149.70615000,-36.12966500,52.77329300,27.92639200,41.52947000,-23.14529400,-5.16927400
574,-10.73554993,-5.24782705,80.51422824,-0.15033474,-2.22675470,172.53020328,-8.83652200,-2.87843320,-36.90771500,6.85846850,15.43773650,-15.00003300,42.36376000,-17.23866000,-48.46985600,14.53803300,30.00006700,12.39876700,32.32632000,-8.96776800,-1.50043180,38.00251400,28.24573100,-16.27027100,48.63469300,-1.02601610,-7.08150100,11.68898200,-149.78110000,-36.12550000,53.05349700,28.15112900,41.85536000,-23.48202500,-4.78680800
575,-10.71920967,-5.18345165,80.53444683,-0.08511479,-2.25759668,172.51725323,-8.81556300,-2.83998510,-36.64392000,6.84133100,15.64299200,-15.00003300,42.31067300,-17.31153300,-48.37430000,14.69948200,30.00006700,12.32093200,32.23153300,-8.96046200,-1.58181140,38.17357300,28.28675300,-16.23001700,48.32221000,-1.24154970,-7.72214650,12.08269500,-149.69772000,-36.11119000,53.21160500,28.30246400,41.82888000,-23.45800200,-4.81212660
576,-10.70645905,-5.13242245,80.53689123,-0.06819324,-2.27021200,172.58323582,-8.83351600,-2.81447960,-36.50532500,6.86023900,15.70612500,-15.00003300,42.38568500,-17.29569600,-48.61553200,14.71549800,30.00006700,12.36715500,32.27726000,-8.95245000,-1.57837560,38.01138300,28.31142800,-16.22517000,48.37690700,-1.25867350,-7.72562100,11.85717200,-149.74907000,-36.10404000,53.13610000,28.44926000,42.14029000,-23.47382700,-4.68443780
577,-10.69399738,-5.09185934,80.53470031,-0.16428400,-2.22659235,172.58806320,-8.90190800,-2.62693740,-36.37446600,6.84781650,15.65071200,-15.00003300,42.35305400,-17.13836500,-48.69754000,14.58443100,30.00006700,12.39469700,32.19984000,-8.94836900,-1.65156590,38.00935000,28.31895000,-16.25722700,48.44894000,-1.42167290,-7.88089800,11.75321400,-149.87112000,-36.10647200,53.08860000,28.48164400,42.12691500,-23.60885400,-4.79340500
578,-10.68235302,-5.06374598,80.53695111,-0.22441636,-2.29991235,172.61126200,-8.85305800,-2.48293950,-36.19776500,6.83617450,15.65238400,-15.00003300,42.43079800,-17.04296100,-48.73112000,14.53454400,30.00006700,12.36327200,32.16502800,-8.93968300,-1.66520770,37.96080800,28.32973100,-16.30575000,48.44712000,-1.80424480,-8.03001800,11.62620400,-149.90973000,-36.11425000,52.98645800,28.70711900,42.28220400,-23.59714900,-4.96873700
579,-10.67970848,-5.04655361,80.55988060,-0.16697388,-2.47345170,172.59398629,-8.65774700,-2.50300550,-36.08169600,6.82101800,15.81079400,-15.00003300,42.67078000,-17.11111500,-48.88790500,14.48363000,30.00006700,12.25248100,32.04726800,-8.93539100,-1.61244060,38.01574300,28.33790600,-16.35771600,48.44354200,-1.87928840,-8.10937900,11.55927200,-149.85532000,-36.12807500,52.94509500,28.85811400,42.42623500,-23.76808700,-5.05678200
580,-10.68764973,-5.03564072,80.55570147,-0.10514673,-2.34010817,172.51541895,-8.79159300,-2.48084260,-35.85329400,6.78009500,15.87816900,-15.00003300,42.51415600,-17.24676300,-48.98609500,14.52528600,30.00006700,12.15404100,32.06949200,-8.96990900,-1.72301350,37.98896000,28.32740800,-16.33527400,48.67957700,-2.01183870,-8.07426900,11.49423700,-149.89014000,-36.17795600,53.04968300,28.60254900,42.30991400,-23.84053800,-5.06917700
581,-10.70858955,-5.03506899,80.53611581,0.05373233,-2.44775504,172.45758070,-8.66150100,-2.57973460,-35.59640500,6.75817630,15.89595600,-15.00003300,42.78259700,-17.34958800,-49.09009000,14.22868000,30.00006700,11.91945000,31.96507300,-8.94392100,-1.66828400,38.13294000,28.32125300,-16.42984600,48.62511400,-2.00413370,-8.28650950,11.72176300,-149.83221000,-36.19620500,53.03611800,28.54887800,42.38238000,-24.17045400,-5.25339500
582,-10.74217224,-5.05041313,80.54380792,-0.00962684,-2.46796544,172.43477830,-8.64371100,-2.41404600,-35.22784800,6.73402260,15.85190500,-15.00003300,42.86326000,-17.22305000,-49.07589300,13.96879200,30.00006700,12.02128700,31.85408200,-8.94129000,-1.75115530,38.19370300,28.27752300,-16.55358500,48.88106500,-2.29969860,-8.50126100,11.58114900,-149.95470000,-36.26181800,53.02280000,28.59752800,42.36908300,-24.29337000,-5.29466800
583,-10.79663372,-5.07876158,80.58337096,-0.06381160,-2.38883032,172.38071095,-8.70312500,-2.28361340,-34.90332800,6.71051030,15.94509400,-15.00003300,42.79080200,-17.22723800,-49.13775600,13.90573300,30.00006700,12.07218900,31.87113000,-8.93193600,-1.84027040,38.18490200,28.23459200,-16.64253600,49.20984600,-2.50299700,-8.63869000,11.55159100,-150.07413000,-36.30660000,52.87979500,28.41706300,42.20004000,-24.44950900,-5.57946060
584,-10.86567974,-5.11830854,80.60243587,-0.12079941,-2.33949936,172.35578403,-8.73010100,-2.14917730,-34.56345000,6.67860130,15.92242100,-15.00003300,42.67196300,-17.26354200,-49.01131000,14.01720300,30.00006700,12.06526000,31.78056700,-8.94514700,-1.96811740,38.17559400,28.10817700,-16.69860500,49.62431300,-2.73684330,-8.82105350,11.57374300,-150.10120000,-36.43066800,52.64671700,28.20194000,42.14735800,-24.64198700,-5.68642760
585,-10.95527744,-5.17029142,80.63259982,-0.13351889,-2.34005326,172.29060224,-8.65111400,-2.12681630,-34.37615000,6.66187800,15.88563000,-15.00003300,42.84791000,-17.27600900,-49.28306000,13.71451300,30.00006700,12.02016000,31.67381500,-8.96177700,-2.03916620,38.19517500,27.91588400,-16.74512900,50.06706600,-2.80730530,-8.85186000,11.49883000,-150.10141000,-36.61995300,52.40644000,27.93660400,42.27847700,-24.68213700,-5.76440330
586,-11.05361080,-5.22762299,80.66299561,-0.19233371,-2.31467525,172.27725345,-8.61672200,-2.04961800,-34.17332000,6.64053500,15.84192100,-15.00003300,42.85810000,-17.31217000,-49.36902600,13.72309100,30.00006700,11.96348900,31.56475800,-8.98020000,-2.14800170,38.26457000,27.81046000,-16.87350800,50.41020600,-2.84714340,-8.95806900,11.42690850,-150.13457000,-36.73896400,52.15027600,27.71394000,42.07058000,-24.95585400,-5.84553300
587,-11.16133213,-5.28735352,80.71161948,-0.28066162,-2.26674331,172.27473917,-8.62081300,-1.92964450,-33.87740700,6.64619730,15.85496300,-15.00003300,42.97605500,-17.23676700,-49.65564300,13.45238300,30.00006700,11.88040400,31.47242400,-8.97820300,-2.21696950,38.27884700,27.66549500,-16.99616600,50.87910500,-2.84384080,-9.03863700,11.34565600,-150.17036000,-36.88374700,51.74663000,27.36849400,41.77856400,-25.23188200,-6.09621670
588,-11.27241516,-5.34043884,80.74598492,-0.32828432,-2.15276661,172.17433183,-8.65802300,-1.83689640,-33.63878600,6.62513730,15.81088200,-15.00003300,42.96696000,-17.26138700,-49.82970400,13.24354000,30.00006700,11.83564200,31.42577700,-9.02123500,-2.31613330,38.28703000,27.50981900,-17.01533100,51.40007000,-3.02373390,-9.07048000,11.25587900,-150.15324000,-37.02140400,51.31952000,26.89421000,41.63962000,-25.40433700,-6.27129650
589,-11.38236427,-5.38027048,80.77382698,-0.34221768,-2.13339121,171.96123471,-8.56328800,-1.76747820,-33.52269700,6.60622000,15.72383400,-15.00003300,43.22374000,-17.19254300,-50.08701300,12.55802300,30.00006700,11.84921000,31.30066500,-9.05987900,-2.48199250,38.54574600,27.30357400,-16.73216800,51.82909000,-3.56013130,-9.16736000,11.15273300,-150.12047000,-37.15663000,51.47861000,26.74660500,41.16144600,-25.29662300,-6.96456960
590,-11.49189854,-5.40993643,80.80016350,-0.39223775,-2.06918988,171.92241900,-8.56268000,-1.66791140,-33.28814000,6.59943060,15.64923500,-15.00003300,43.27455000,-17.16117100,-50.23101800,12.37511900,30.00006700,11.87438600,31.20285000,-9.07131700,-2.57078980,38.56538000,27.11816800,-16.58266300,52.30709500,-3.68985800,-9.12807300,11.05490700,-150.10168000,-37.26750000,51.22570000,26.45457000,41.00294000,-25.31368300,-7.22586800
591,-11.59631348,-5.41926003,80.79761089,-0.51087357,-1.95906312,171.98361384,-8.65047000,-1.44221950,-32.99168800,6.56832300,15.45926500,-15.00003300,43.41224300,-16.83475500,-50.44630400,11.78601500,30.00006700,11.87751800,31.00858300,-9.07911600,-2.64775130,38.49174500,26.90431200,-16.40644000,52.87406500,-3.79767250,-9.04539600,10.92375700,-150.16873000,-37.41190300,50.90532700,26.10082800,40.41442500,-25.24475300,-8.07082500
592,-11.70092106,-5.41632032,80.81709343,-0.42164808,-1.92473735,171.83059807,-8.58563500,-1.43895610,-32.64496600,6.55221000,15.44279200,-15.00003300,43.37198000,-17.04357100,-50.35750600,11.85822200,30.00006700,11.86490200,30.91246000,-9.09012700,-2.67140750,38.64759400,26.88268500,-16.47497200,53.12971500,-3.88368800,-9.27963900,11.16516500,-150.16522000,-37.42317600,50.86032500,25.88139000,40.42235000,-25.44517000,-8.30613000
593,-11.80342197,-5.40265751,80.81540172,-0.28467783,-1.92846289,171.69199081,-8.46022300,-1.55682130,-32.60214200,6.55445800,15.33465900,-15.00003300,43.54704700,-17.23127600,-50.62883800,11.69273950,30.00006700,11.74744100,30.89354500,-9.13930500,-2.58631420,38.51508700,26.83323900,-16.75982500,53.72176400,-3.95750700,-9.14954400,10.91130600,-150.12093000,-37.44305800,50.55105200,25.58941000,40.43029400,-25.69441600,-8.52002600
594,-11.89763832,-5.38526583,80.83834433,-0.24548135,-1.77535489,171.54822012,-8.54740700,-1.44431820,-32.18243000,6.52007600,15.37885900,-15.00003300,43.45913000,-17.34263400,-50.78392400,11.61516400,30.00006700,11.71146400,30.88904800,-9.14217100,-2.70901370,38.56012700,26.76263600,-16.66074400,53.87918000,-4.10603200,-9.42833700,11.28050200,-150.09375000,-37.46415000,50.43375000,25.20897700,39.98775000,-25.60718000,-8.74223300
595,-11.98658562,-5.36625671,80.81278624,-0.17892306,-1.68060331,171.44650298,-8.59109800,-1.39435860,-31.93272000,6.50974460,15.21387500,-15.00003300,43.61742000,-17.29340400,-51.05319600,11.07996300,29.99251700,11.52801100,30.75373800,-9.15955400,-2.76228740,38.65703000,26.69478600,-16.50062000,54.13024000,-4.28185000,-9.42595300,11.23887600,-150.25943000,-37.49440800,50.54825200,25.17514000,39.75967400,-25.75887700,-8.80695100
596,-12.07277966,-5.36049080,80.83863645,-0.13099667,-1.69142672,171.37889256,-8.52166800,-1.36647860,-31.67453600,6.50915580,15.27352100,-15.00003300,43.64517200,-17.41192000,-51.05181000,11.12798700,29.91149300,11.44649500,30.65443000,-9.14298100,-2.66973950,38.55705600,26.62114300,-16.63440900,54.52957000,-4.21391150,-9.08761100,10.95705400,-150.45468000,-37.54377700,50.40216000,25.18464000,39.96940200,-25.74550600,-8.75834900
597,-12.15881348,-5.36239910,80.85580809,-0.11415236,-1.59552014,171.34987137,-8.59382250,-1.31200210,-31.43951200,6.51088240,15.31836300,-15.00003300,43.73634000,-17.35885200,-51.31573000,10.80705500,29.82690800,11.40595700,30.54308100,-9.15175100,-2.65523890,38.45566000,26.42861200,-16.36526300,54.91751500,-4.32275400,-8.94632600,10.64900500,-150.79640000,-37.73688500,50.64018200,25.27831300,39.66450500,-25.59863500,-8.65446950
598,-12.24963856,-5.37386894,80.81743097,-0.02683659,-1.46507142,171.20875406,-8.64974300,-1.42061200,-31.50254400,6.54073430,15.02122300,-15.00003300,43.77758000,-17.37972500,-51.34073300,10.38430700,29.73827000,11.43219000,30.64972500,-9.13218400,-2.58905360,38.25913000,26.29067400,-16.06083100,55.24384700,-4.30384100,-8.55587400,10.30523100,-150.99213000,-37.92740200,50.66646000,25.36429000,40.32102000,-25.63815500,-7.93227900
599,-12.33977890,-5.39011192,80.76624634,0.08667311,-1.16761363,171.12739743,-8.91695200,-1.44671630,-31.13286000,6.50901600,14.79621200,-15.00003300,43.47459400,-17.48756400,-51.13482300,10.27622500,29.76064500,11.36183550,30.62274600,-9.15077300,-2.56898500,37.91558000,26.14330100,-16.06351500,55.89367300,-4.07158950,-8.55385400,10.56118900,-151.24428000,-38.13159000,50.73027400,25.50073200,40.24323300,-25.72864200,-7.85938200
600,-12.42693329,-5.41390705,80.74631638,0.19790077,-1.06027033,170.94767567,-8.94176300,-1.53371250,-31.07628000,6.50390430,14.65042400,-15.00003300,43.60499600,-17.43436200,-51.16998000,9.53544200,29.51166200,11.15810200,30.62175800,-9.03462200,-2.32838770,37.47642500,25.89543700,-16.05009300,56.52319300,-4.04218860,-8.24646000,10.43266100,-151.41585000,-38.44441000,50.70887800,25.89939000,40.66695000,-25.84663200,-8.15678700
601,-12.49621677,-5.45046663,80.71101265,0.17483756,-0.97813118,170.89957725,-9.25679600,-1.34676480,-30.11917500,6.91706500,14.33111800,-15.00003300,43.53760500,-17.39541000,-51.06638000,9.35320500,29.45030600,11.26965900,30.51087000,-8.95020300,-1.98513930,36.83170700,25.65506600,-16.39575400,57.12364200,-4.52753600,-8.40141400,10.20513600,-151.44717000,-38.85590700,50.04853000,26.54925300,40.83151600,-26.01214800,-8.29198800
602,-12.56623745,-5.50580788,80.65804578,0.20706985,-0.77853013,170.89554458,-9.77232100,-1.49015460,-29.69356000,7.63341400,13.88896600,-14.67478600,43.42918400,-17.39492200,-51.23783000,9.10866700,29.31900600,11.17086800,30.43090800,-8.84304000,-1.57855130,35.93177000,25.42660900,-16.80328800,57.78768500,-4.51626900,-8.15362100,10.16347200,-151.42177000,-39.31279800,49.55352800,27.17479100,40.66894000,-25.68575700,-9.63628500
603,-12.62438583,-5.57911921,80.61750808,0.38548485,-0.51059867,170.45718730,-10.12079700,-1.63331600,-29.08363700,7.97305440,13.60868800,-14.48374800,43.37910000,-17.47154200,-51.21542400,8.12958600,29.11431100,11.29746700,30.39600400,-8.79086500,-1.13521080,35.22107300,25.05139400,-16.77428600,58.45008500,-4.55220800,-7.87484400,9.97844300,-151.51031000,-39.85341000,49.71819000,27.96490100,40.53093300,-25.51640700,-9.83658200
604,-12.67218876,-5.68377209,80.56708284,0.53218203,-0.53701908,170.13784028,-10.29461300,-2.01682700,-29.05799000,8.67362700,13.11457800,-14.26787950,43.05824300,-18.21680300,-51.02070600,9.09520300,28.97156300,10.93407300,30.25998000,-8.55087800,-0.39201242,33.78278400,24.69606400,-17.78913700,59.53994400,-4.23796900,-7.30463700,9.77119700,-151.55191000,-40.50113700,49.22310300,29.01659200,41.05653000,-25.73304200,-9.90071000
605,-12.70065594,-5.82641602,80.44344849,0.54681956,-0.51004055,170.19517668,-11.06743300,-2.47200250,-28.69572000,10.34333600,12.09157200,-13.79055900,43.33483000,-17.95528600,-51.39581300,8.27826800,28.65971200,10.91473000,30.19914000,-8.36213300,0.59900280,32.01486200,24.45613100,-18.35509300,59.99502600,-4.21787360,-6.99573400,9.58470500,-151.26155000,-41.18795000,48.47740600,30.64643900,41.37074300,-25.29856100,-10.84091200
606,-12.73083496,-6.00715590,80.39705441,0.59655311,-0.24974523,170.02733459,-11.51985300,-2.87073730,-28.98427200,10.84141500,11.74370600,-13.61822200,42.90620400,-18.19324100,-51.37051400,8.46124650,28.51501800,10.61580900,30.00892300,-8.08472000,1.58777240,29.85313000,24.23653600,-19.35882400,60.84408600,-4.38647460,-6.72533800,9.30955000,-151.18652000,-41.99259600,48.42820000,32.96513000,41.83173400,-25.11847000,-12.03852750
607,-12.74970150,-6.22999239,80.34190132,0.46431743,0.20618066,169.58034296,-12.26974800,-2.79448720,-28.30144300,11.44781500,11.09827300,-13.60983200,42.51157000,-17.89527100,-51.34355500,7.45765100,28.04184700,10.88483700,30.06379700,-7.87171500,2.73333740,27.49812100,24.10078800,-19.87043800,61.46145200,-4.36166100,-6.58746200,9.40663700,-150.84290000,-42.76726500,47.99961000,35.26543800,42.95007000,-24.74459800,-12.23386600
608,-12.77281761,-6.49318600,80.35160537,0.11032101,0.51683538,169.58994890,-13.15489900,-2.77674840,-27.95373300,12.55775800,10.60422300,-13.58232500,41.86959500,-17.71420500,-51.53818500,8.00010500,27.79750400,10.93640500,30.25499200,-7.72099600,4.14523840,24.99593700,24.28015000,-20.26232100,61.56218000,-4.09673500,-6.15829700,9.69403600,-150.25014000,-43.39600800,47.43258000,38.04887800,43.72820700,-23.79394300,-12.58007500
609,-12.81266499,-6.77073526,80.25530426,-0.23437582,0.88000936,169.06357971,-14.34244900,-2.89406500,-27.60656400,14.50810600,9.30431300,-13.35993800,40.92755500,-17.93996000,-51.52174000,8.95767900,27.12360200,10.87349900,30.23760000,-7.51070550,5.61201900,22.97832100,24.44214800,-21.07952700,61.87271500,-4.02949330,-5.90792400,9.69275200,-150.10420000,-44.13248400,47.49994000,41.05211300,44.93419300,-23.74635000,-12.52897400
610,-12.87789154,-7.04588461,80.25679208,-0.62167708,1.28265584,168.53820507,-14.97090000,-2.81070330,-27.77569200,15.19457000,8.60260300,-13.52283200,40.22870600,-17.79128600,-52.07250000,9.20834000,26.53676800,11.06645000,30.44106900,-7.20301200,7.05236860,20.89758300,24.65671500,-21.89217800,62.36285400,-4.25454850,-5.77265600,10.28820700,-149.63760000,-44.84680000,47.32897000,43.74391000,45.89322000,-22.96620000,-13.07948200
611,-12.98570824,-7.29969835,80.18174006,-0.74724896,1.65308385,168.04193762,-15.78781600,-3.11817530,-27.76773000,16.44942900,7.69522100,-13.51780200,39.58109300,-17.91631700,-52.67176000,9.77136700,25.65085800,11.13071250,30.63936200,-6.92629400,8.57902400,18.74934400,25.02537700,-22.55588000,62.82219700,-4.30848740,-5.14673500,9.86020200,-148.96474000,-45.45670000,47.54937700,46.16958000,47.38640600,-22.26300200,-13.18077100
612,-13.15893269,-7.52576590,80.20767169,-0.96222930,2.35029762,167.13746132,-16.47459800,-2.95394420,-27.51481200,16.80829400,7.19028470,-13.60648200,38.58429300,-18.19060300,-53.71470000,10.55487500,25.24334500,11.13650100,30.65131600,-6.48811770,10.01874350,16.81098700,25.38502900,-23.50219000,63.45319000,-4.55675940,-5.24598650,10.19646600,-148.45547000,-46.05100600,47.65182500,48.45419700,48.23137700,-21.74598100,-13.93835400
613,-13.38661289,-7.72726154,80.27944120,-1.06407374,3.01811969,166.22301332,-17.22130600,-2.92296080,-27.06260100,17.45243800,6.96095040,-13.64211750,37.38240000,-18.32300400,-53.56541000,11.33567400,24.50216100,11.06161500,30.70462800,-6.15212000,11.57620900,14.62323100,25.71112800,-24.21066700,64.43091600,-5.47767800,-4.90921260,10.19529300,-147.58049000,-46.51642000,47.90266400,50.47777600,50.09279000,-21.10826500,-14.23441400
614,-13.66990376,-7.91725349,80.19068496,-1.22099195,3.97237736,165.25961206,-18.26415000,-2.83737420,-26.63515300,18.17975800,5.84899430,-13.51973900,36.43824400,-18.31360000,-54.52618800,11.48783200,23.40981000,11.37728100,30.78903000,-5.82981400,13.03149400,12.86596300,26.03586000,-24.57135200,64.71174000,-5.89351300,-4.98008200,10.57620900,-146.48647000,-46.88527300,47.90539600,51.90508000,50.66018300,-20.84606000,-14.36905100
615,-13.99833870,-8.11464310,80.18522138,-1.37903608,5.07156963,164.10373432,-19.57487700,-2.90461060,-26.33858700,19.33816300,5.07342620,-13.55839700,35.28180300,-18.70985200,-55.67725800,12.22333700,22.02300800,11.41032800,30.75856400,-5.37216200,14.75349800,10.80632500,26.38895400,-25.61577800,65.19765500,-6.32693900,-5.12332340,10.84826850,-145.24567000,-47.14156000,47.92329800,53.74674000,51.70751600,-20.24746900,-14.77037500
616,-14.33546543,-8.34311581,80.10094947,-1.52942613,5.92820643,163.02141480,-21.05518200,-2.70659040,-24.78435300,21.12169800,4.07352800,-13.16028900,34.74246200,-18.97151200,-57.58698300,12.36348300,20.62492600,11.47737400,30.98746000,-5.16797920,16.39674200,8.88325500,26.80209500,-26.31338900,65.70957000,-7.41552300,-5.62505340,10.93657200,-143.29057000,-47.18655400,47.86847700,55.47154000,52.88945400,-19.51349300,-14.92512300
617,-14.66989708,-8.61892223,80.11230769,-1.97694228,7.32276107,161.63620062,-22.66570700,-1.91244690,-23.21923300,21.89289900,3.48654000,-12.61008600,33.53704000,-19.07183500,-59.22712300,12.36710700,19.87515800,12.15004400,31.28599000,-4.82961400,17.81317700,6.99005400,27.38056400,-26.90419000,66.05633000,-7.62597230,-6.55462840,11.08824350,-140.82826000,-46.99265700,47.37195200,56.55800000,53.71015000,-19.07194300,-15.15708100
618,-14.96694279,-8.95591736,80.20481669,-2.38424033,8.09001294,160.17249363,-23.94598600,-1.40843650,-21.80277600,23.47198100,3.12684820,-12.73072400,32.64235300,-19.81579200,-60.88523000,13.58487000,18.86529200,12.34086900,31.16027500,-4.54783300,19.25265500,5.02764400,28.20704500,-27.86019900,66.47339000,-7.94700400,-7.83594850,11.52275900,-138.29390000,-46.60923000,46.67167000,57.75247200,54.19711000,-18.70234900,-14.86963000
619,-15.21139431,-9.34523010,80.20295813,-2.57052332,8.72740986,158.20878385,-25.36617300,-1.06929680,-20.05461300,25.64078300,2.67694500,-12.54806400,32.15447600,-20.34635200,-63.12478300,13.73829400,17.19543600,12.23928100,31.14289000,-4.43024250,20.52983000,3.18095600,29.25821700,-29.59871900,67.62565600,-7.71430440,-7.70097640,10.40043600,-135.52316000,-46.06943000,45.78542300,58.91921000,54.71693400,-18.01702700,-15.49348300
620,-15.41278934,-9.79492760,80.21665403,-3.47734326,9.56788424,156.68170745,-26.82463500,0.35005710,-18.10828200,26.87784400,2.09593700,-11.68905900,31.23345600,-20.15802600,-65.34371000,14.21198700,16.05837000,12.26413250,30.98901700,-4.09003640,21.96358500,1.33191470,30.36267300,-30.74445000,68.22198000,-8.46776600,-7.92548470,9.63028600,-132.76650000,-45.41440000,44.34384500,59.68754600,54.56647500,-17.59616500,-15.96346100
621,-15.56144333,-10.27079487,80.06834022,-3.93923392,10.18287147,155.10510631,-28.42608300,0.73395790,-17.04060600,29.05654500,1.17468350,-11.35319200,30.16957700,-20.77814700,-66.43713000,15.13784300,14.97701900,12.77518600,30.92567000,-3.88987870,23.52759700,-1.20846920,31.46888000,-32.01265700,69.35847000,-9.50037900,-7.86193230,8.11012100,-130.07916000,-44.64764400,42.73948000,60.52261700,54.03116600,-17.03006700,-15.05758000
622,-15.66747570,-10.75349617,80.08910599,-4.22822249,10.84064338,153.50952102,-29.39024400,1.34940480,-15.56531050,29.61837200,1.06476740,-11.24198000,29.20864700,-21.29766300,-67.58357000,15.46178150,14.40972800,13.49585100,30.96183400,-3.75308800,24.97795900,-2.43228530,32.48645000,-32.88344000,68.23451000,-10.48195500,-9.38818400,8.83982500,-127.59130000,-43.73847000,41.73747600,60.59773000,53.41593600,-16.44804600,-14.46550200
623,-15.73395538,-11.23755169,80.00669720,-4.85808808,11.39132119,151.53996365,-30.77888700,2.11072970,-14.56104100,31.36213300,0.52439064,-10.66985400,28.04547300,-22.13638700,-68.60447000,16.84070400,13.56983000,13.68929100,30.84526800,-3.68913770,26.38145800,-4.77484200,33.45416000,-33.66679400,68.51128000,-11.07088900,-9.44174000,8.19904200,-124.66339000,-42.60870700,40.53341000,60.02402000,51.85327500,-15.69093600,-14.11298600
624,-15.74532986,-11.71135426,79.86676711,-5.39748644,12.13939507,149.84266333,-32.31024000,3.49341100,-12.31592400,32.60464000,-0.02378890,-9.78617600,26.69617500,-22.41656700,-68.88456000,17.16161300,12.74597500,14.30466500,30.73103500,-3.66678760,27.66411000,-6.39206700,34.20873300,-34.29757000,67.89122000,-11.68985400,-10.09398000,8.39071200,-121.95953000,-41.27539400,39.37903200,59.09568000,50.82777400,-15.23697950,-14.08710000
625,-15.70200729,-12.17806530,79.65465626,-5.53642375,12.79338488,148.40559658,-33.51795200,3.73677970,-11.50632600,33.48990600,-0.77489730,-9.58183600,25.72605300,-23.09830300,-69.65804000,17.93917500,11.73986600,14.48960000,30.63222500,-3.57535310,29.12348200,-7.02294870,34.66619000,-34.57488000,65.68799600,-12.55137700,-10.92680300,8.93872200,-119.22168000,-39.81357000,38.08540300,59.12425200,50.58886700,-14.54912500,-13.88880600
626,-15.56879902,-12.66158485,79.32373048,-5.83154625,13.33800260,146.88250393,-35.02356300,4.77114530,-9.63758100,34.94542300,-1.76286530,-8.58059900,24.57800100,-23.44969600,-69.94588500,18.33806200,10.31348300,14.81165200,30.43954700,-3.53904460,29.79380200,-8.15385500,34.79221300,-35.21575000,64.68387000,-13.28654400,-10.97814400,9.02280800,-115.54780600,-38.19665500,36.43197300,58.11259000,49.54452500,-14.22617800,-13.66547400
627,-15.33851337,-13.17989826,79.12684799,-6.61826410,13.89191741,145.09882658,-36.57597000,5.94682460,-8.85049300,36.26224000,-2.41073400,-8.17128200,23.21004000,-23.78017800,-70.39686600,19.37365500,9.09112800,14.99115300,30.24230800,-3.68989750,29.79380200,-9.59192600,34.62303500,-36.58299000,64.77364000,-13.40670400,-10.54764000,8.71386300,-111.20776000,-36.38277400,34.56973600,56.85764300,47.32645000,-14.19285000,-14.08416900
628,-14.97876644,-13.74094772,78.86160318,-7.11943792,14.07148843,143.68201314,-37.90195500,6.45185570,-8.74514500,37.67211500,-2.85623810,-7.51940100,22.12128000,-24.56688100,-70.82219000,21.16490700,7.75321300,14.89035300,29.83082200,-3.73593350,29.79380200,-11.50252100,34.12808000,-37.29120300,64.84594000,-13.11139600,-9.20042600,8.35605700,-106.35964000,-34.46507000,32.94025400,55.32533600,45.66148400,-14.43278500,-14.46717500
629,-14.46764660,-14.35051441,78.46551292,-7.38464527,14.34246748,142.38810379,-39.28569800,7.10696030,-7.98035340,38.73682000,-3.73089580,-7.18255800,20.86629700,-24.88096000,-70.36616500,21.85468300,6.07912200,15.00003300,29.36676600,-3.91620950,29.79380200,-11.89404300,33.36843000,-37.41740400,62.83442000,-13.79739700,-9.89281400,9.79436200,-101.98834000,-32.56686400,32.13994200,54.26147000,44.72306000,-14.47987600,-14.46509550
630,-13.79580975,-15.02135372,78.03118272,-7.82093907,14.24771375,141.03928884,-40.57915000,8.20434900,-7.02885100,40.07226000,-4.68391800,-7.01169350,19.60031000,-25.53760000,-69.86711000,23.56144100,3.94728610,15.00003300,28.97386200,-3.93580060,29.79380200,-13.01665700,32.38064200,-37.25736200,61.77903000,-14.38818400,-9.95838000,10.85085600,-97.61504000,-30.60317600,31.26067700,52.90505000,43.28994000,-14.63014100,-14.26927600
631,-12.98000526,-15.74135590,77.59338179,-7.89329346,13.70327575,140.01780504,-41.60634000,8.89578300,-6.16158150,41.64638000,-5.13767000,-7.18454000,18.50796700,-26.93783600,-68.91469600,26.58572200,1.73917260,15.00003300,28.57522800,-4.04123400,29.79380200,-14.18704100,31.25756300,-37.13807300,61.51924500,-16.02870200,-10.19000400,11.59793500,-92.89852000,-28.45882400,30.76748300,51.72891000,42.89819700,-14.57228850,-14.03344900
632,-12.03188229,-16.50042152,77.08220324,-8.26009852,12.95941395,138.33881681,-42.58894300,10.12809500,-5.47474000,43.40654400,-5.80721900,-6.88368600,17.32299200,-28.09384500,-68.20260000,29.24697500,0.16463509,15.00003300,28.06984900,-4.30337520,29.79380200,-15.77181600,30.16820300,-37.16366000,62.06202000,-16.42103200,-9.63216500,12.39324300,-88.22997000,-26.17936300,30.49785800,50.22042500,41.15169000,-14.31071500,-14.59444500
633,-10.98617458,-17.26499748,76.42184565,-8.14140368,11.91316807,136.96002345,-43.42406500,10.72925950,-5.03789200,45.48074700,-6.50378940,-6.91934250,16.58615700,-29.46458000,-67.54903000,31.71157600,-2.00335430,15.00003300,27.34447000,-4.70017200,29.79380200,-17.39244500,29.14959300,-36.94158000,62.88228200,-17.25007000,-9.17450200,12.58069500,-83.85206600,-23.89398800,30.61000300,48.66674000,39.58646400,-14.34756000,-15.02987100
634,-9.88278198,-18.00736809,75.59256421,-8.20857216,10.62252412,135.08115840,-44.22775300,12.48220700,-3.79107140,48.07517000,-7.63777500,-6.13844160,15.87014000,-30.38923800,-66.83246600,33.50121300,-3.87235550,15.00003300,26.61643400,-5.03454900,29.79380200,-19.02992200,28.27441800,-36.41525000,63.86096200,-17.41762400,-8.73876300,12.93511500,-78.97992000,-21.60303700,31.22661600,46.29311800,38.20473000,-14.67546000,-15.30723200
635,-8.79172325,-18.69446945,74.72199061,-8.40769883,8.59407015,133.92925280,-44.33199700,13.06870650,-4.61239400,50.64662600,-8.83601700,-5.50129300,16.42656700,-31.52780000,-67.13191000,36.55782000,-4.90745300,15.00003300,25.83609000,-5.69386400,29.79380200,-20.38785000,27.55165900,-35.32298300,64.95789000,-19.37472200,-8.11168100,13.74120400,-73.65296000,-19.27041800,31.78882200,43.48629800,36.03867700,-14.45017600,-16.07142000
636,-7.72701931,-19.26649857,74.03057531,-8.10283841,7.67866684,132.64805570,-44.77723700,14.93091000,-2.70719240,51.96062000,-9.48597400,-4.93425800,15.29432100,-31.81922700,-65.57955000,37.25055300,-6.03891300,15.00003300,24.70839700,-6.07465930,29.79380200,-21.34125000,27.11567500,-34.77792000,66.03837600,-20.39925000,-8.26200300,13.92403700,-68.96739000,-17.11248600,32.99371700,40.86226000,34.19365300,-14.50455700,-16.65156600
637,-6.72802162,-19.72707748,73.24444395,-7.61585294,6.36206080,132.05997860,-44.90736800,15.97915500,-1.63883760,53.64766700,-10.20833800,-4.24147940,15.37598400,-32.47818400,-65.11480000,38.53460300,-7.60523000,15.00003300,23.47630100,-6.93121860,29.79380200,-22.00064800,26.91718900,-33.84567000,66.62772000,-21.38862600,-7.55753040,14.63784100,-63.68143000,-15.18195100,34.45211000,37.61683300,31.88313700,-14.54830200,-16.83652500
638,-5.81697226,-20.06699371,72.73547248,-7.38135863,5.41602511,130.34365509,-44.90088300,17.61407700,-0.72940016,54.83771500,-10.76592400,-3.90781450,14.55366700,-32.78095000,-64.29987000,39.06481600,-8.07481000,15.00003300,22.26185400,-7.53639550,29.79380200,-22.17648700,27.05247100,-32.65790600,66.57623000,-21.57977000,-7.44209200,14.36140100,-58.26537700,-13.46848800,35.87942000,33.87952000,28.80224600,-14.46305300,-17.12119300
639,-5.00536394,-20.28937531,72.35473857,-6.95415479,4.77826278,129.15889043,-44.69881000,18.44356300,-0.20483775,55.16368500,-11.13336200,-3.77257660,13.69712100,-33.12597700,-63.29462000,39.61104200,-8.80568100,15.00003300,20.89686800,-8.40981300,29.79380200,-22.48663300,27.40883000,-32.02206400,67.10831500,-22.84582000,-7.32957700,14.28320100,-53.03372000,-12.09632100,37.58266400,30.12768600,25.53181800,-14.47314600,-16.92027900
640,-4.26942730,-20.42760468,72.04993676,-6.45662305,3.77176131,127.82712091,-43.85674300,19.53555300,0.64509880,55.51120800,-11.48114700,-3.52377580,13.06357600,-34.00861400,-62.22734500,41.04906000,-9.11438600,15.00003300,19.63506000,-9.08920300,29.79380200,-22.16933600,27.84528000,-31.20023700,66.82761000,-23.58079100,-6.92785640,13.83245850,-46.61771000,-11.07927200,39.51590000,25.61030800,21.20810700,-14.85257000,-17.18242000
641,-3.61070824,-20.49493408,72.11628070,-6.15853191,3.04294656,126.35493706,-43.23304000,20.99953300,1.57979570,55.89915500,-11.78016800,-3.30940080,12.27370300,-34.71739000,-61.45130500,42.44532400,-9.80030200,15.00003300,18.34503400,-9.72108500,29.79380200,-22.13657200,28.43264200,-30.60144400,66.87806000,-23.66327900,-6.77342100,13.80411200,-41.09987300,-10.50414500,41.40517000,21.94624700,16.75273700,-15.09706300,-16.68016800
642,-2.99811673,-20.51021957,72.45394002,-5.38368450,2.36229464,125.20214572,-42.08537000,21.52670900,2.53261040,55.51957000,-11.80869700,-3.48727820,11.73809300,-35.41179000,-60.47260700,42.89988300,-9.90091900,15.00003300,17.05465900,-10.41468600,29.79380200,-21.87561000,29.08656700,-30.39737300,67.08904000,-23.43373000,-6.28306400,13.27553500,-35.19700000,-10.35076300,42.93420800,17.80523100,12.86165100,-15.06371900,-16.12840800
643,-2.42168832,-20.49432755,72.86489295,-4.78326045,1.75193958,123.50887035,-40.80427600,22.91174000,4.08664700,55.23016700,-11.74499500,-3.40034170,10.93346000,-35.50587000,-59.12391000,42.45502000,-9.87439200,15.00003300,15.91633200,-10.86699100,29.79380200,-21.21333000,29.68464700,-29.68655600,66.78480000,-23.50972200,-5.99025540,12.97562700,-29.94096600,-10.64392500,44.55735000,14.34541100,9.81269700,-15.84007000,-15.39993800
644,-1.87490690,-20.46160316,73.18820204,-4.32739772,1.18626640,121.75717873,-39.45748500,24.19204700,5.31785250,54.75853300,-11.55094900,-3.41910770,10.01826900,-35.65305700,-57.89684700,42.44375600,-9.87852900,15.00003300,14.70753100,-11.33169900,29.34076000,-20.45791200,30.25358400,-29.37508800,66.62431000,-23.25494800,-5.63045900,12.70063300,-24.22861900,-11.24341600,45.54056500,10.41110000,7.92908670,-16.74111200,-14.97584800
645,-1.34797347,-20.40990067,73.58409018,-3.76925714,0.79104534,120.06626417,-37.92484000,25.51199700,7.08282230,53.91745800,-11.62747700,-3.67335320,8.89621500,-35.58614000,-56.15007000,41.98716700,-9.67149700,15.00003300,13.43368500,-11.49568500,28.44099200,-19.23115300,30.53912700,-29.38881700,66.73049000,-22.44024300,-4.82655000,12.83290500,-19.20623200,-12.11783000,46.45069500,6.74338530,5.33842900,-16.89880400,-14.10159000
646,-0.83486640,-20.34871292,73.99948751,-3.26113903,0.41456321,118.39143731,-36.25300600,26.77484900,8.85144300,52.90136700,-11.52394200,-4.05405400,8.07668900,-35.19788700,-54.71798300,40.94837600,-9.52079800,15.00003300,12.36159500,-11.40090600,27.47307400,-18.28929100,30.69066000,-29.03789500,66.63402000,-22.14949200,-4.45939700,12.83914400,-14.39255500,-13.24977700,46.39563000,3.55755850,5.01159100,-17.95552800,-13.33086100
647,-0.33091748,-20.27034950,74.26058539,-2.54220848,0.12814421,115.85050052,-34.69410000,28.11665200,10.59289550,52.70868300,-11.67523200,-4.23764300,6.54770100,-35.41134000,-52.81478500,40.67661300,-9.89048900,15.00003300,11.22090200,-11.27741600,26.64836300,-17.38267900,30.81542200,-29.33113000,67.04543000,-21.91612000,-4.68876800,12.35862500,-10.29504800,-14.70302700,46.75149000,0.14219932,4.86518100,-19.14354300,-12.26047900
648,0.15616861,-20.17167282,74.57992908,-2.13323196,-0.19304992,113.79980796,-32.93497000,29.27090600,12.00820100,51.81766500,-11.64378600,-4.57445400,5.24522260,-35.04931300,-50.92019300,40.32166000,-9.78606500,15.00003300,10.27500300,-10.94373600,25.72304700,-16.34640500,30.80134400,-29.09405700,67.20951000,-21.97475200,-4.32342240,11.97654400,-6.55370140,-16.32336400,46.27364000,-3.20937280,4.48092940,-19.45061300,-11.37333800
649,0.62660223,-20.02735710,74.89890530,-1.12574457,-0.29501743,111.59899773,-31.08248500,29.67789800,13.65918700,50.94379800,-11.40968200,-5.05872960,3.97015640,-35.29855000,-49.08053200,39.64217400,-10.03421600,15.00003300,9.26475200,-10.70233900,24.95563100,-15.48432600,30.75651400,-29.53544000,67.46260000,-21.19835000,-4.03519540,11.62172900,-2.39863470,-18.13140700,45.62448500,-6.97259000,4.67621600,-19.96726000,-10.44282900
650,1.07633579,-19.84199142,75.25972236,-0.44264199,-0.56650304,109.52450982,-28.94228000,30.33865400,15.29425900,49.86177400,-11.48883000,-5.72613430,3.06714820,-34.56987000,-46.80029700,38.03119300,-10.20494300,15.00003300,8.41150600,-10.07150000,24.19045400,-14.31140500,30.50104900,-29.24165700,67.20918000,-21.10043100,-4.01029830,11.82535600,1.21044210,-20.07057800,44.54511300,-10.00121700,6.46663570,-21.05015600,-9.80341000
651,1.50089157,-19.60416603,75.46952064,0.03567993,-0.66319159,107.45113453,-27.22759600,30.95116000,16.36484000,49.05067400,-11.15190800,-6.06330820,1.98376800,-34.06550600,-45.03858000,37.34395200,-10.57495700,15.00003300,7.64153430,-9.42160100,23.45979900,-13.28180800,30.21295200,-29.20809400,66.89768000,-20.60653100,-4.17416140,11.64979900,4.57157400,-22.07380700,43.37285000,-13.31857500,7.07254100,-21.71504000,-9.02926600
652,1.90637314,-19.30222130,75.70132665,0.64176538,-0.52880924,105.77412008,-25.65012400,31.10772500,17.36672400,47.92720800,-10.94828500,-6.30457700,0.88297500,-33.74333000,-43.28018000,36.81300000,-10.80018200,15.00003300,6.86097300,-8.78426000,22.65882100,-12.25928700,29.90704300,-29.59401000,66.88396500,-20.23542600,-4.02919400,11.36111800,7.88258270,-24.14189300,41.96774700,-16.60149600,8.64622000,-22.08710700,-8.81347400
653,2.29531837,-18.94522667,75.92620932,1.00359621,-0.14884149,104.09526212,-24.30376400,31.49296600,18.31152200,46.77132800,-10.54399200,-6.20426400,-0.28596870,-33.29537600,-42.02905000,36.43436000,-10.77692600,15.00003300,6.17632960,-7.87468000,21.76016600,-10.83532000,29.49696500,-29.20980000,65.95522000,-19.89605900,-3.75424960,10.97775650,10.94077900,-26.33176400,40.28842500,-19.68229300,9.59997000,-22.42559400,-8.10962400
654,2.67888236,-18.55084419,76.03639530,1.41002517,-0.16908907,102.68698849,-22.80765000,31.53561600,18.78467600,45.82530000,-10.19588500,-6.83438970,-0.76092270,-33.05701400,-40.98039600,36.25055700,-11.20512500,15.00003300,5.50333000,-6.97144900,21.21164000,-9.97255800,29.03858600,-29.26278700,65.41631000,-18.91625600,-3.46415900,10.61519000,14.09020900,-28.47317500,38.70854600,-22.62206000,10.17822000,-22.78332700,-7.35553700
655,3.07592082,-18.12971497,76.23984725,2.00611772,-0.12585763,101.08128150,-21.32121800,31.32856600,19.17963400,45.02690500,-9.80236000,-7.18058440,-1.38190970,-32.76918400,-39.48930000,35.72144000,-11.42885400,15.00003300,4.95958760,-6.10793800,20.68008200,-9.13828700,28.52988200,-29.45365000,65.04087000,-18.41406400,-3.29057310,10.59081100,16.89110200,-30.59770200,37.25150700,-25.33611700,11.14964400,-23.26833200,-7.08419200
656,3.47269917,-17.69243813,76.43215495,2.68390573,-0.10528825,99.94938650,-20.05472400,30.89872200,19.47583000,44.31471600,-9.31099300,-7.54789400,-1.55313830,-32.88732000,-38.77449400,35.40675700,-11.66100200,15.00003300,4.45158670,-5.23700240,20.18498800,-8.14009300,27.92776700,-29.08364100,64.23686000,-18.46520000,-3.24368670,10.74747200,19.92679200,-32.70816800,35.39839000,-28.06956300,12.56397700,-23.10323000,-6.39597270
657,3.86504483,-17.25465584,76.63926390,3.08338234,0.08654791,98.73275293,-18.81088000,30.66512700,19.69445200,43.24132500,-8.71256700,-7.80377600,-2.04085180,-32.53310800,-37.73734300,35.02066400,-11.75345900,15.00003300,3.92885230,-4.30578660,19.78283100,-7.33827800,27.30747600,-29.03555000,63.71135300,-17.99579800,-2.97458080,10.68708700,22.33214000,-34.69836800,34.08729600,-30.31352600,14.33124300,-23.72038800,-6.33079400
658,4.24730444,-16.83115959,76.84196663,3.71955505,0.15553638,97.81226301,-17.55041500,30.05085000,19.96433000,42.17333000,-7.83938000,-8.23036200,-1.86678300,-32.72122200,-37.68679400,34.42451000,-11.89973800,15.00003300,3.45011690,-3.48133870,19.15358200,-6.41393200,26.67695800,-29.27732000,63.28996300,-17.50864000,-2.81398800,10.76311100,24.97346300,-36.64727400,32.47895400,-32.24923000,15.24991800,-24.18901000,-6.13901850
659,4.60190773,-16.43436050,77.03728419,3.93725194,0.15379432,96.77979896,-16.11694700,29.78747400,20.06525800,40.81603200,-7.21743300,-8.64190800,-1.84458880,-32.27593200,-37.12167400,33.85719000,-11.81562900,15.00003300,3.00954650,-2.56097030,18.71685400,-5.60817500,26.02533000,-29.19386300,62.67804700,-16.61167000,-2.47901940,10.76904700,27.33164400,-38.41729000,31.09293200,-33.93110000,16.14755800,-24.80400700,-6.28603270
660,4.93315601,-16.07213783,77.32279985,4.43154180,0.26760384,95.95877177,-15.06251300,28.88104600,19.70041300,39.49579000,-6.28220900,-9.06677200,-1.69674190,-32.25304800,-37.02587000,33.04570000,-11.39984300,15.00003300,2.64488430,-1.79832880,18.21341300,-4.82028900,25.41091300,-29.42381100,62.41100700,-16.16300800,-2.24140500,10.51615800,29.65853500,-40.01731500,29.68450500,-35.33260300,17.38982200,-25.53864300,-6.88749900
661,5.22116470,-15.75325394,77.48351544,4.74828571,0.21404891,95.19642811,-13.92992000,28.33517300,19.56460000,38.37638000,-5.52850500,-9.63169500,-1.36540950,-32.03407300,-36.85522500,32.21590800,-11.41671400,15.00003300,2.28043200,-0.97941554,17.62433400,-4.06504600,24.85033000,-29.36801500,61.68702700,-15.61193200,-2.12208220,10.53394400,32.16063700,-41.49728000,28.13827000,-36.88036300,18.38766900,-25.18700000,-6.73060850
662,5.45400476,-15.48030090,77.63631462,5.00841978,-0.08840578,94.84066135,-12.38385900,27.64139200,19.56532700,36.52005000,-4.44188450,-10.34552200,-0.38251564,-31.88095900,-37.24482000,31.15323300,-11.29225400,15.00003300,1.77322320,-0.23727478,17.07334700,-3.36196280,24.37116200,-29.63018800,61.27973600,-14.28651400,-1.91150150,10.57822400,34.56112700,-42.72973600,26.60404600,-38.52724000,19.62196000,-25.65473400,-6.88014100
663,5.63094807,-15.24910069,77.85151730,5.23906765,-0.07300554,94.48307796,-11.28939300,27.06823000,19.68440800,34.91517300,-3.17075350,-10.80825800,0.27138105,-31.41066200,-37.28852500,29.49733200,-10.91932800,15.00003300,1.41142380,0.42282325,16.36565400,-2.50840350,23.95338200,-29.88157700,60.85776000,-13.83239400,-1.98257950,10.63323900,36.65826000,-43.86497000,25.69360400,-39.57290600,21.02780000,-26.15737000,-7.39384840
664,5.73110819,-15.05758286,78.01961409,5.65595839,-0.24625108,94.51586452,-10.02442000,26.04589800,19.78516400,32.87683000,-1.73951520,-11.56179600,1.31796170,-31.41306900,-37.72314500,27.93881400,-10.56220150,15.00003300,0.97053730,1.14295290,15.75555300,-1.72835450,23.56903500,-30.11106500,60.09856400,-13.82301800,-1.97371980,10.42784800,38.94216000,-44.76368000,24.88964500,-40.91092300,22.63028000,-25.98182100,-8.00101900
665,5.74479675,-14.90603256,78.17126761,5.70706490,-0.55267724,94.64507130,-8.47821000,25.36350800,19.98633200,30.41389500,-0.48792464,-11.96990900,2.61368420,-30.89520800,-38.09845000,26.01875500,-9.93011600,15.00003300,0.35512793,1.69888830,15.15129500,-0.93407124,23.25418500,-30.23080800,59.57187000,-12.88228600,-1.82844300,10.42601500,40.87235000,-45.35828800,23.87406000,-41.95191000,23.98565300,-26.73747600,-8.98741600
666,5.67430162,-14.79104042,78.29306401,5.49684572,-0.92746662,94.78487992,-6.49499750,25.02538500,20.75129000,27.36546300,0.40006800,-12.45699300,4.13350060,-29.84318200,-38.27504000,23.44906600,-9.15622900,15.00003300,-0.01829488,2.25201500,14.26565400,-0.06215616,22.97269000,-30.11983900,59.00439000,-11.69733200,-1.51434230,10.58557200,42.27022000,-45.82039300,23.15374400,-42.51904000,24.93881400,-27.14940300,-9.09944400
667,5.52054644,-14.70148087,78.39339339,5.36675989,-1.03610456,95.20999061,-4.68054680,24.05115700,20.85632500,23.42652100,2.23637220,-13.14372600,5.78350070,-28.83781400,-38.91766700,20.15341400,-8.13764200,15.00003300,-0.52081650,2.70687820,13.24526700,0.81468660,22.78552000,-30.73503000,58.52570300,-10.10262400,-1.48888200,10.28973900,43.70596300,-46.23184000,22.39227300,-42.91469000,26.34510000,-27.38531700,-9.58324050
668,5.30213642,-14.64970970,78.45658830,5.22876826,-1.10179128,95.53608900,-2.78848430,23.09650000,21.13609300,19.33980000,4.15420200,-13.89250600,7.39944400,-27.69576000,-39.40197400,16.44278700,-6.93451260,15.00003300,-0.95752835,2.95773390,12.21338800,1.57773150,22.66800100,-31.17818300,58.47635000,-9.15655000,-1.51499710,10.53814200,45.04482700,-46.55332600,21.37024000,-43.37754400,27.24704000,-27.89670400,-10.11779300
669,5.01472712,-14.63154125,78.43713348,4.89201921,-1.21316971,95.86587122,-0.72843933,22.51513500,22.06407400,15.14177500,5.85925500,-14.30790800,9.10842800,-26.42251800,-40.09103400,12.67126600,-5.49939800,15.00003300,-1.12311790,3.30504700,11.12102200,2.49560830,22.55476200,-31.18556600,57.73616800,-8.07355200,-1.23816120,10.33143400,46.55212000,-46.82678200,20.40217800,-43.70536800,28.43124000,-28.21905000,-10.18265600
670,4.67330265,-14.65247536,78.33378180,4.76706006,-1.56522369,96.57099263,1.11217360,21.52976600,22.35874600,11.28292900,7.38432650,-14.94748400,11.00586700,-25.53207600,-40.46875800,9.28750900,-4.37570330,15.00003300,-1.61792760,3.48402570,10.06229700,3.15634900,22.49442500,-31.60062400,57.47440000,-7.07040260,-0.84796070,10.33393600,48.04237000,-46.94820400,19.20346000,-44.20358000,28.94801300,-28.88988000,-10.91015900
671,4.28520250,-14.71864986,78.17805967,4.47903583,-1.80218934,97.14230424,3.17934370,20.52125400,22.58911900,6.62919600,9.21073300,-15.00003300,12.02812700,-24.93850000,-40.41787300,7.46065300,-3.80592000,15.00003300,-1.82396760,3.80100130,9.03224800,3.78805260,22.45064700,-31.98494300,56.95191000,-6.72100200,-0.71117467,10.40364000,49.57579000,-47.03280600,18.25275800,-44.86957000,29.49780300,-28.91390400,-10.97754100
672,3.86530209,-14.82734203,78.05538682,4.18593140,-1.95277939,97.62844071,3.17526080,20.32191500,22.26773000,6.30221300,8.71159300,-15.00003300,12.33128500,-24.90950000,-40.37676000,7.15560500,-4.21170900,15.00003300,-1.95838550,3.98124530,7.91357800,4.57238700,22.44258300,-31.93249100,56.04103500,-5.79519200,-0.42990497,10.17697300,50.83258000,-47.04505000,17.18310200,-45.45374700,29.85853600,-28.45238500,-10.29978700
673,3.42240262,-14.95789433,77.95889776,3.91698097,-2.16871640,98.13605259,3.16181500,20.13091700,21.95232400,6.13810730,8.22538900,-15.00003300,12.73168600,-25.00331700,-40.55523300,6.98717160,-4.24110600,15.00003300,-2.02443860,4.23094750,7.03995200,5.12181600,22.44612300,-32.53052000,55.32814400,-5.23472800,-0.18784160,10.32496550,51.94764700,-47.12878400,16.44356700,-46.01638800,29.79640600,-28.60245900,-10.55546200
674,2.96248364,-15.12037468,77.87242351,3.62527486,-2.21218787,98.44692985,2.99469950,19.92160000,21.50493600,5.99842830,7.57927100,-15.00003300,12.74795400,-25.00578500,-40.19148000,6.73426960,-4.29762740,15.00003300,-1.99864330,4.40165760,6.16802300,5.50922800,22.42753200,-32.82991000,54.83105000,-5.50749100,-0.17873883,10.70411500,52.88929400,-47.18612700,15.84230200,-46.57199000,30.14715200,-28.82502600,-11.00991600
675,2.48921061,-15.29559326,77.72368425,3.15117506,-2.52710010,99.00032947,3.00178600,19.94931800,21.10425400,5.89687730,7.03676130,-15.00003300,13.25930700,-24.88683300,-40.35616700,6.56359200,-4.30897600,15.00003300,-2.11492300,4.56972900,5.51668930,5.93280120,22.42212500,-32.97967000,53.72716000,-5.01750100,-0.05272150,10.85901300,53.60191000,-47.18232300,15.29548550,-46.80716300,29.14028000,-29.07635700,-11.43590500
676,2.03463364,-15.47740364,77.63176164,2.96088632,-2.90012808,99.33969844,3.14232640,19.64978400,20.71373200,5.85141940,6.71304270,-15.00003300,13.72086700,-25.08092700,-40.40157700,6.39694830,-4.29583000,15.00003300,-1.98627630,4.70887470,5.00683260,6.27599860,22.38720700,-33.33488000,52.75710300,-4.86742160,-0.01234966,10.75049800,54.06410200,-47.18951400,15.11176900,-47.17127000,28.23509600,-29.32122600,-11.53135200
677,1.59293973,-15.64410591,77.48852798,2.60601725,-2.98371464,99.76699271,2.94165500,19.58896000,20.30046000,5.81562140,5.90716900,-15.00003300,13.89557500,-25.05062500,-40.36771400,6.24831250,-4.07964900,15.00003300,-1.82378850,4.80248500,4.54458000,6.45557170,22.35146100,-33.35024300,51.84327000,-4.91708100,0.22413366,10.34889400,54.36350600,-47.20201500,14.97735800,-47.14337500,27.79146200,-28.98204400,-10.67131800
678,1.17576325,-15.79628277,77.35436686,2.28552104,-3.21722264,100.14761579,2.94870500,19.53539000,19.99975000,5.79383230,5.17133800,-15.00003300,14.21088700,-25.02106700,-40.04710000,6.08588200,-4.21998830,15.00003300,-1.95866040,4.91409300,4.12452800,6.77629700,22.30455800,-33.44203000,50.67334000,-5.16030800,0.41580755,10.31109300,54.63359000,-47.18306700,14.44511700,-47.29274700,27.44417200,-28.23035600,-10.55198000
679,0.80506420,-15.92529392,77.27667242,2.10961176,-3.47670449,100.36548974,3.11202290,19.40218400,20.00110000,5.79723900,4.93841930,-15.00003300,14.64488300,-25.19679500,-40.52282700,5.91921660,-4.11262100,15.00003300,-1.70466660,4.92701860,3.92663840,6.75466780,22.25627500,-33.74795000,49.94256600,-5.38775800,0.27273250,10.05845500,54.98476800,-47.18857600,14.24406400,-47.29429000,26.97584500,-27.83508300,-11.05527400
680,0.47776276,-16.02218819,77.23308003,2.15695820,-3.57393623,100.35774980,3.26915880,19.13947300,20.48032200,5.80367040,4.68183600,-15.00003300,14.78129400,-25.55601500,-40.57820000,5.70900340,-3.91385800,15.00003300,-1.79134790,4.86340140,3.76073360,7.04784900,22.19249200,-34.00814400,49.34718700,-5.34090230,0.15274571,10.29896500,54.98673200,-47.12844000,13.93184700,-47.30818600,26.78007900,-27.61717400,-11.29283500
681,0.18137747,-16.09526825,77.12448528,1.93959096,-3.53687800,100.58779759,3.09028120,19.09423300,20.27543300,5.82860760,3.89533140,-15.00003300,14.80742700,-25.57844000,-40.63672000,5.68578430,-3.67393900,15.00003300,-1.70316740,4.90942700,3.52478500,7.07249900,22.10712000,-34.16166700,48.67290500,-4.61296300,0.48691583,10.81170800,55.31207300,-47.03035000,13.31478600,-47.16405000,26.12329300,-26.78286600,-11.15103900
682,-0.06104686,-16.13730431,77.09275878,2.02290550,-3.57331800,100.44319721,3.23287770,18.85052700,20.49730900,5.87132450,3.82896500,-15.00003300,14.75904300,-25.91190100,-40.46550000,5.65865560,-3.56772140,15.00003300,-1.48991120,4.81097130,3.57792780,7.07514860,22.04580700,-34.64556500,48.27518500,-5.21177340,0.38423687,10.79939100,55.25949000,-47.00156800,13.23809050,-47.01577800,24.77323200,-26.61091800,-11.55378900
683,-0.26977903,-16.16359711,77.04621177,1.96954729,-3.64084731,100.41963127,3.36106100,18.78654000,20.68937300,5.90760950,3.80440500,-15.00003300,14.87719400,-26.02373900,-40.66973000,5.52630600,-3.22970220,15.00003300,-1.22213630,4.72947000,3.61126160,6.84046000,21.94777000,-35.19078000,48.27559700,-5.49429000,0.33313670,10.62078500,55.25337600,-46.98853700,13.24501200,-46.61155700,23.72657400,-26.74170000,-11.88660200
684,-0.44756210,-16.17534256,77.03333266,2.00068198,-3.48070232,100.20628488,3.32660720,18.65642700,20.96988000,5.93162730,3.65504960,-14.72339500,14.58961300,-26.16969100,-40.45451000,5.39851670,-3.00822230,15.00003300,-1.08981440,4.63862230,3.56584700,6.95853660,21.90400700,-35.35965300,47.89346000,-5.35537340,0.32175922,10.64769300,55.16351300,-46.98284500,13.17315500,-46.40376000,22.67648700,-25.88997800,-12.20058100
685,-0.59929562,-16.17481422,77.04728777,2.09921959,-3.38443159,99.99278255,3.37530160,18.48763300,21.34291600,5.97068600,3.52100730,-14.26913300,14.39935300,-26.39376400,-40.25907500,5.28206900,-2.51699160,15.00003300,-0.90141034,4.53978730,3.74145530,6.80680200,21.83613000,-35.70485000,47.95704300,-5.72895700,0.39214492,10.66993500,55.09612000,-47.00759000,13.14726400,-46.27554300,21.71889000,-25.68861000,-11.92425300
686,-0.72323954,-16.17040634,77.11874215,2.04001795,-3.10648970,99.85652736,3.17439320,18.49176200,21.55516400,5.97959330,3.55646600,-13.97713900,14.00311300,-26.33915100,-39.94215400,5.11561870,-2.38422850,15.00003300,-0.90268320,4.46001630,3.96515350,6.71172000,21.81207700,-35.96403000,47.99074600,-5.24057800,0.43485743,10.62159200,55.06302300,-47.02369700,13.17734100,-45.94842500,19.84893000,-26.05169000,-12.66388500
687,-0.82141745,-16.17193985,77.15359043,2.12479409,-3.00091139,99.83072369,3.07974620,18.29266400,21.54075600,5.97514720,3.59573750,-13.82743200,13.92030900,-26.51698100,-40.06057000,5.00106430,-2.31734560,15.00003300,-0.78308254,4.37031000,3.92590380,6.47801970,21.72006600,-36.31638000,48.26497000,-5.21824030,0.42600307,10.69409300,55.02718700,-47.04414000,13.20208600,-45.79726800,19.48869100,-25.92969000,-12.86289100
688,-0.89249480,-16.18195534,77.18909996,2.26804008,-2.81533431,99.62023104,3.04282000,18.19618400,22.20788200,6.01763530,3.67830040,-13.37416500,13.58970400,-26.71034200,-39.81987400,4.89375200,-2.17406030,15.00003300,-0.69788545,4.23858200,4.06993150,6.31385230,21.65469200,-36.42931400,48.51745000,-5.52808100,0.34678322,11.02443500,54.96815500,-47.05720500,13.27976300,-45.79577000,18.93730700,-25.38741300,-12.80522100
689,-0.94752580,-16.21106720,77.21236287,2.28889466,-2.78760006,99.56683576,2.99927970,18.09263000,22.07696700,6.02217050,3.66340850,-13.22599600,13.53492800,-26.75343300,-39.85517000,4.78390650,-1.98525050,15.00003300,-0.48101622,4.18141750,4.07161570,6.13585850,21.61238500,-36.36117000,48.64038000,-5.91065260,0.22328286,11.11473100,54.95701600,-47.06727000,13.35906100,-45.77836000,18.33629400,-24.73813400,-13.13395900
690,-0.98936033,-16.25660515,77.22979496,2.27772949,-2.84359090,99.55260946,3.01302460,18.04992900,21.99041700,6.03696540,3.65825340,-13.14224200,13.58756300,-26.78553200,-40.04845000,4.74087520,-1.83560920,15.00003300,-0.22779644,4.17648840,4.14482000,5.86665700,21.51249000,-36.21942000,48.54550000,-5.81408200,0.37155270,10.89595600,54.88568000,-47.12241000,13.59886100,-45.61423000,17.20493500,-24.11975500,-13.23201500
691,-1.02065659,-16.31295395,77.21315416,2.29978804,-2.87719590,99.60721798,2.97931430,17.98959000,21.99018000,6.04081800,3.53926600,-12.93955700,13.61857200,-26.81377400,-40.02436000,4.64522600,-1.77131260,15.00003300,0.03148919,4.18322900,4.23361440,5.49546050,21.41332000,-36.20067600,48.64482000,-5.89735100,0.38147056,10.98575200,54.82444800,-47.23933000,13.99087400,-45.50018000,16.63407300,-24.33578900,-13.33429600
692,-1.04239261,-16.37977600,77.24369622,2.32477855,-2.97229217,99.58989781,3.03505370,17.93176000,22.02211800,6.04388860,3.69262890,-12.91357800,13.64076300,-26.90431000,-40.12821200,4.71042630,-1.71489020,15.00003300,0.18327987,4.14038940,4.28235000,5.30440430,21.34599500,-36.05708000,48.62763000,-6.07829670,0.27909000,10.92290500,54.59503000,-47.34041600,14.19510000,-45.37113000,16.28791400,-23.93817500,-13.09221400
693,-1.05802584,-16.44991875,77.24178673,2.28901862,-3.00190629,99.66383210,2.97888100,17.95737500,22.05162200,6.03820660,3.66363800,-12.75126900,13.68311400,-26.83689900,-40.15893600,4.57882800,-1.58184460,15.00003300,0.34297395,4.13393900,4.38571640,4.96126300,21.30544900,-36.05160500,48.63698600,-5.99046850,0.25792060,10.94682600,54.50247200,-47.46111000,14.41203800,-45.22401400,16.33604800,-24.20275500,-12.97008500
694,-1.06583226,-16.52043533,77.26186600,2.29620576,-2.89684926,99.71684265,2.75304300,17.89369200,21.86718400,6.02736230,3.76823190,-12.62220700,13.56015800,-26.86382100,-40.33429000,4.52139500,-1.51809870,15.00003300,0.38044024,4.09579000,4.51035640,4.67914720,21.28636200,-36.09179700,48.64773600,-6.14982000,0.03965071,10.80894400,54.45913700,-47.56678800,14.55027300,-45.14401000,16.27533100,-24.13315200,-12.93454600
695,-1.06337667,-16.59592438,77.27025711,2.26631729,-2.93161068,99.76215026,2.69182680,17.90040400,21.78080700,6.01474500,3.84734800,-12.64405100,13.53809300,-26.81714200,-40.32477600,4.50075700,-1.53101180,15.00003300,0.51711710,4.09242440,4.58483700,4.43741100,21.26610400,-35.97395700,48.61417000,-6.13078400,0.20238197,10.76621500,54.34426500,-47.71529400,14.68614000,-45.07771300,16.54606400,-23.76765400,-12.77602000
696,-1.04832280,-16.67136383,77.26492132,2.29467715,-2.88026264,99.74073037,2.61992430,17.94427000,22.14412700,6.01612760,3.90895460,-12.44563500,13.46014200,-26.75712800,-40.24880000,4.24690400,-1.40108900,15.00003300,0.65426755,4.07669640,4.66330700,4.10926150,21.26746400,-36.13556300,48.71916200,-6.25504900,0.16234499,10.94824300,54.13269400,-47.92603300,14.99942400,-45.08091000,16.11212200,-23.79507300,-12.84853700
697,-1.02837205,-16.74897003,77.26428914,2.32885729,-3.03247131,99.79101243,2.63931920,17.82848700,21.76368500,6.00911570,3.96925970,-12.47432100,13.55550900,-26.86815000,-40.38923600,4.40312300,-1.44191970,15.00003300,0.54947066,4.07658300,4.81924060,3.98025850,21.25846700,-35.98230000,48.79699300,-6.18116240,0.01601929,10.89997700,53.91058300,-48.02634400,15.07527200,-45.13609700,16.62874600,-23.93367200,-12.43315700
698,-0.99679863,-16.82555962,77.26735733,2.32168306,-3.14968305,99.91735648,2.61702750,17.81582600,21.58612800,6.00655940,4.06428530,-12.39924900,13.67206700,-26.84356500,-40.43763700,4.42582460,-1.31536800,15.00003300,0.53503144,4.12568300,4.98111770,3.75473950,21.25072500,-35.90759000,48.89690000,-5.81319050,-0.02498912,10.87401600,53.80520000,-48.07189000,15.14830300,-45.24170000,16.40961800,-24.05437900,-12.13976900
699,-0.95274878,-16.89921188,77.24590941,2.39414088,-3.08237019,99.96843231,2.43639520,17.73599800,21.50263200,5.98826800,4.14516500,-12.40348200,13.62153200,-26.89191600,-40.66664500,4.29879400,-1.33030090,15.00003300,0.61643280,4.08385400,5.07148080,3.39203520,21.25638000,-36.14056400,49.12471800,-5.63242860,-0.01944770,10.83333300,53.61221000,-48.20536800,15.45309400,-45.25417300,16.64666600,-24.14023000,-12.14114800
700,-0.90680319,-16.96800995,77.24857297,2.37091136,-3.12934003,100.08738085,2.34037330,17.74924300,21.30089600,5.98820970,4.25788970,-12.40858300,13.62498700,-26.85201800,-40.68039700,4.38897200,-1.39494030,15.00003300,0.57404100,4.14285850,5.19461700,3.19107820,21.25548600,-36.13011000,49.25677500,-5.28142400,-0.00561428,10.65278100,53.52761500,-48.23872000,15.52188400,-45.36344000,16.67562900,-24.10061300,-11.81599800
701,-0.85881466,-17.02924728,77.22019669,2.40680638,-3.09154008,100.44478661,2.03707360,17.63838200,20.89414800,5.97205970,4.33643150,-12.49321000,13.78492600,-26.92708600,-41.37026200,4.41411200,-1.53419920,15.00003300,0.57783870,4.13912150,5.30133150,2.84549260,21.25685900,-36.16189200,49.33559000,-5.20847600,-0.03596175,10.46564000,53.71248200,-48.28370700,15.64106600,-45.41793000,17.06476400,-23.91339500,-11.92808400
702,-0.81054622,-17.08448982,77.21946304,2.41942683,-3.16735581,100.53604560,2.00794100,17.61917100,20.75529100,5.95646570,4.43387200,-12.57983400,13.88514500,-26.90712400,-41.51978300,4.40350000,-1.58453610,15.00003300,0.58138260,4.21443560,5.36330200,2.70028610,21.25434100,-36.10922600,49.45480700,-5.08909750,-0.01199146,10.21557500,53.68615700,-48.29875600,15.69838400,-45.57976000,16.78456300,-23.64181100,-11.84882200
703,-0.76364595,-17.13145828,77.24770283,2.41882073,-3.07252003,100.60317539,1.85785290,17.69555700,21.00901800,5.93919700,4.50459600,-12.60953300,13.75544300,-26.84887700,-41.54774500,4.36533600,-1.62853570,15.00003300,0.45844308,4.18335150,5.45276400,2.48514650,21.26451700,-36.28908000,49.65276000,-4.67318300,-0.17033423,10.42268900,53.62483600,-48.31263700,15.83443800,-45.55422600,16.77307700,-24.56659700,-11.87706700
704,-0.72588962,-17.16984940,77.25680268,2.43957114,-3.14209164,100.77926569,1.80583270,17.66083500,20.90725300,5.93874000,4.65025660,-12.68041300,13.90579200,-26.84272400,-41.71155000,4.34434370,-1.63235840,15.00003300,0.50059843,4.20240830,5.51445700,2.31170270,21.26628900,-36.26145600,49.70407500,-4.96824030,-0.11689260,10.38886000,53.66649200,-48.31310300,15.92420800,-45.59613000,17.67946400,-24.66897600,-11.62570500
705,-0.69041967,-17.20122337,77.29492861,2.53543832,-3.08420424,100.82875808,1.67570500,17.54399900,20.81633200,5.92439130,4.79730200,-12.65788000,13.86964800,-26.98016000,-42.01340000,4.37606300,-1.66655080,15.00003300,0.58897980,4.18017900,5.64965150,2.07033230,21.27412400,-36.34584000,49.84245000,-4.75913200,-0.19976228,10.39972700,53.77741200,-48.31906000,16.13584300,-45.65841000,17.56052600,-25.02153000,-11.79941100
706,-0.65818310,-17.22888947,77.30358850,2.50783134,-2.94265932,100.82396991,1.50231430,17.62880100,20.91969000,5.92253450,4.71260170,-12.59468500,13.66655300,-26.89852000,-41.94506000,4.33316900,-1.58098650,15.00003300,0.69578266,4.18410970,5.67869950,1.89300050,21.28480100,-36.34961700,49.90100500,-4.66451840,-0.15554646,10.39133500,53.85820800,-48.32563800,16.27462800,-45.65615500,17.76884700,-25.20398500,-11.66598800
707,-0.63160700,-17.25512123,77.28939094,2.45577267,-2.97427044,101.04115655,1.40181860,17.67637300,20.77142700,5.91888800,4.73005700,-12.54974200,13.79641100,-26.84497500,-42.13043600,4.38059040,-1.59826490,15.00003300,0.69743320,4.19126560,5.78340400,1.72072000,21.29797200,-36.13266000,49.80165500,-4.85811470,-0.10670025,10.35025600,53.98901700,-48.31400300,16.38780200,-45.61654300,17.75038100,-25.12127500,-11.86303900
708,-0.59997857,-17.28508949,77.29326383,2.42605277,-2.99222374,101.25756286,1.26230880,17.66828200,20.48493000,5.91951100,4.73000700,-12.58652700,13.89190900,-26.79110000,-42.31968700,4.41316700,-1.66200690,15.00003300,0.77677690,4.22337340,5.83421470,1.50977000,21.31437700,-36.02892700,49.70291000,-4.76434370,0.08705981,9.94622800,54.11181000,-48.31524000,16.48587000,-45.57314300,18.66309200,-24.91818400,-11.23214500
709,-0.56614810,-17.31651878,77.33416666,2.48830985,-2.95780863,101.26055009,1.15113160,17.55876400,20.22118000,5.92105630,4.89693300,-12.58807600,13.90174000,-26.84510000,-42.63100400,4.31803370,-1.65142800,15.00003300,0.94481575,4.22125960,5.97576950,1.33529720,21.32911300,-35.99055500,49.72457000,-5.35429700,-0.07121621,9.92499800,54.27606200,-48.31877000,16.65183300,-45.66373400,18.97777600,-25.20099400,-11.40303900
710,-0.52988243,-17.35198593,77.38109014,2.55714701,-2.86987752,101.21369238,1.02445280,17.48069200,20.13819900,5.90038350,5.04107950,-12.64996700,13.79404800,-26.87920000,-42.77042400,4.20160700,-1.66404150,15.00003300,1.01571420,4.15435500,6.01943540,1.19226250,21.37423900,-36.06695000,49.79357000,-5.60500430,-0.21785188,10.24678500,54.09299500,-48.32941400,17.00775100,-45.58311000,18.94258700,-25.46171200,-11.64633600
711,-0.49993363,-17.39013290,77.36339638,2.54999931,-2.95489708,101.38130183,1.01831940,17.52208700,20.22862200,5.90194900,5.11519500,-12.58078400,13.88162100,-26.88946300,-42.84182000,4.35408800,-1.53956160,15.00003300,1.14468970,4.13885930,6.10930000,1.07397510,21.39755000,-35.74551800,49.59721800,-5.90972230,-0.12166604,10.09478800,54.11823000,-48.33270000,17.24434500,-45.53936400,18.03512200,-25.22817200,-11.40103400
712,-0.47132099,-17.42959595,77.39303860,2.59618958,-2.86386825,101.44482038,0.85739213,17.48202000,20.26095200,5.87748400,5.14956300,-12.62944200,13.76173800,-26.89590500,-42.79162200,4.30370470,-1.64527120,15.00003300,1.24236110,4.08485130,6.14529700,0.86811286,21.40898500,-35.71649000,49.69997400,-5.99691440,-0.14679083,10.22927900,54.12894000,-48.34832000,17.36556200,-45.59572000,17.61524800,-25.13683900,-11.26432000
713,-0.45436713,-17.47043228,77.38836079,2.53862984,-2.89403472,101.57155544,0.78628260,17.53619600,20.17895900,5.86827950,5.20857000,-12.55070800,13.82876500,-26.81837700,-42.90669000,4.29787000,-1.63413600,15.00003300,1.31381520,4.07004500,6.22524800,0.68231833,21.41397700,-35.70252200,49.72342300,-5.88281540,-0.04261538,10.03770100,54.13446800,-48.36118000,17.43565400,-45.50517300,17.65862000,-25.05450600,-10.83662800
714,-0.44127488,-17.51211548,77.39402573,2.52932542,-2.86330476,101.68512095,0.65506690,17.51898000,20.07926400,5.85367870,5.35173130,-12.53039300,13.82553100,-26.79898800,-43.05719800,4.27965970,-1.57154170,15.00003300,1.33687970,3.99620180,6.32916360,0.45785734,21.42407600,-35.63696700,49.82313000,-6.07114900,0.00381442,9.96132300,53.98650400,-48.42112000,17.68295000,-45.31399000,17.75394800,-25.16236700,-10.66569500
715,-0.43326411,-17.55511475,77.39779959,2.48719716,-2.83972394,101.72847005,0.56911680,17.56461700,20.07251000,5.84484430,5.41128060,-12.52393400,13.78241100,-26.74295000,-43.11793500,4.27022100,-1.54978400,15.00003300,1.33201630,3.99470040,6.35908170,0.37907338,21.42605000,-35.60853600,49.82803000,-5.81434350,0.04566870,9.90247250,53.93119400,-48.43587000,17.71834200,-45.25414300,17.50920000,-25.19997400,-10.64095800
716,-0.42925626,-17.59836960,77.39716254,2.39748578,-2.81072173,101.78823730,0.48269948,17.69168900,20.17463100,5.84138250,5.33060300,-12.43489200,13.75566600,-26.60165000,-43.15344600,4.18000750,-1.53264930,15.00003300,1.37251500,3.96943200,6.38543220,0.18667467,21.43130100,-35.61454400,49.88346500,-5.64462660,0.14723769,9.80795700,53.71087000,-48.51088000,17.89214500,-45.01296000,17.93283000,-25.59800000,-10.33897400
717,-0.42995816,-17.63704872,77.38551902,2.40968680,-2.93212456,102.00881480,0.47023416,17.60946500,19.98897600,5.83961730,5.41710950,-12.44836500,14.00031950,-26.61475200,-43.32245000,4.15195130,-1.47441600,15.00003300,1.35448980,3.96579980,6.47816300,0.06025076,21.42969300,-35.60253000,49.85850000,-5.69767700,0.24838544,9.55008200,53.74708000,-48.52123600,17.92632300,-44.96412300,18.48575800,-25.61500200,-9.88946100
718,-0.42871669,-17.67197609,77.37882590,2.38336497,-2.97025672,102.13322287,0.42157847,17.61754400,19.94117500,5.83984040,5.46654000,-12.42979300,14.04645600,-26.62679100,-43.48333000,4.26590500,-1.45130590,15.00003300,1.40340360,3.90778800,6.54210570,-0.10778435,21.42239600,-35.58376300,49.82100000,-5.50902800,0.27493310,9.42242300,53.74392300,-48.57065600,18.02637900,-44.81949200,18.36701200,-25.53474000,-9.63198300
719,-0.43063593,-17.69630814,77.36214721,2.32572677,-2.98178558,102.29856732,0.32653862,17.63473100,19.78852500,5.83186050,5.55119940,-12.45745300,14.14438500,-26.54611200,-43.61771400,4.22776370,-1.36890450,15.00003300,1.30143640,3.86889550,6.59655240,-0.19630770,21.42137500,-35.58798600,49.77597000,-5.21536540,0.23949249,9.35895400,53.75559000,-48.58560600,18.02843500,-44.67778400,18.30859600,-25.59391000,-9.26678000
720,-0.42801142,-17.71154976,77.36616401,2.26784463,-2.87027994,102.39704293,0.15514514,17.71345900,19.84305600,5.81948140,5.44522860,-12.43368200,14.06314400,-26.47355300,-43.78530000,4.21050900,-1.37376000,15.00003300,1.37707390,3.81357860,6.62212400,-0.38597313,21.42411800,-35.63772600,49.78549000,-5.20938000,0.20390265,9.27673200,53.90267000,-48.63889700,18.07973900,-44.56040000,18.31037900,-25.64701700,-9.12827600
721,-0.42208248,-17.71665382,77.37864970,2.29345926,-2.78053022,102.39974404,0.04858121,17.68995700,19.85387800,5.82505000,5.47877400,-12.39803700,13.94811500,-26.49663500,-43.79392200,4.21026600,-1.37207850,15.00003300,1.48362540,3.74779080,6.64658400,-0.51109105,21.42598200,-35.66783000,49.85431700,-5.32015500,0.18340944,9.33445550,53.98641000,-48.68104000,18.15486000,-44.52964800,18.62321900,-25.64922500,-9.12723700
722,-0.41628125,-17.71519089,77.37687293,2.27957797,-2.78612342,102.41994527,0.05165642,17.72931500,19.91736000,5.82726400,5.45996430,-12.35022600,14.02183900,-26.48145000,-44.00671800,4.16087770,-1.26349230,15.00003300,1.50414510,3.72677900,6.64027830,-0.53994450,21.42562700,-35.59688600,49.87324000,-5.30417300,0.12272004,9.40089800,54.06307000,-48.69656800,18.18166000,-44.50827000,18.49762700,-25.60197300,-9.11981100
723,-0.40566936,-17.71080399,77.38552676,2.28614353,-2.73534616,102.49158205,-0.04285637,17.70531800,19.82167000,5.82146800,5.42669730,-12.39508600,14.01888300,-26.44888000,-44.04597000,4.09388640,-1.29521780,15.00003300,1.38743150,3.67143270,6.66660260,-0.55114940,21.42787700,-35.57420700,49.90017000,-5.30991740,0.08234195,9.37022500,54.09506000,-48.70223200,18.17948700,-44.48622500,18.95036300,-25.66781800,-9.05839000
724,-0.39551100,-17.70646667,77.38363115,2.26722263,-2.75000942,102.49348110,-0.03565001,17.73045700,19.77256600,5.82346700,5.35426570,-12.46637250,14.00458200,-26.45235800,-44.06091000,4.20062350,-1.35135580,15.00003300,1.35456190,3.65173100,6.62239360,-0.51801380,21.42865800,-35.49965700,49.95767600,-5.48151160,0.13961475,9.45308900,54.08921400,-48.70248400,18.15608800,-44.51310700,19.39294800,-25.42290000,-9.05956100
725,-0.38890904,-17.70151138,77.37720155,2.24698985,-2.73754233,102.54670932,-0.06908739,17.75965000,19.78020500,5.82696300,5.13791500,-12.53069200,14.05186000,-26.39246700,-44.08453800,4.11652900,-1.30076030,15.00003300,1.09939980,3.66307800,6.60841230,-0.36972657,21.43708800,-35.24701700,49.93264400,-5.55785850,0.09772950,9.46779400,54.09987300,-48.65786400,17.89735200,-44.65030300,20.46698200,-25.00087400,-8.47172400
726,-0.38635921,-17.69695473,77.36200691,2.23982785,-2.79849032,102.66645812,-0.05719827,17.73999400,19.68092300,5.82429740,5.17922830,-12.52598900,14.18484600,-26.40464000,-44.18047000,4.17803570,-1.30102680,15.00003300,0.98145950,3.63346800,6.64344070,-0.36975190,21.44306600,-35.20773000,49.94207400,-5.55767970,0.03875358,9.45952900,54.14895600,-48.63069500,17.81301700,-44.63282400,20.33724800,-24.82601000,-8.50709600
727,-0.38697243,-17.69269943,77.36273659,2.22512961,-2.76543790,102.61218739,-0.03156435,17.82448000,19.96998600,5.82982600,5.16707130,-12.46337100,14.13750650,-26.40080500,-44.22311400,4.18008470,-1.27512050,15.00003300,0.88304390,3.60189410,6.63502930,-0.28248182,21.45652800,-35.14042300,49.94692000,-5.48995920,-0.18204430,9.71153700,54.16356300,-48.57114400,17.67140600,-44.68649300,20.66073800,-24.69469300,-8.42371750
728,-0.39077741,-17.68760109,77.36564173,2.23413008,-2.74110601,102.60523800,-0.05114822,17.81506000,19.97195400,5.83650100,5.17860300,-12.38571200,14.14374300,-26.41188000,-44.33782600,4.13627400,-1.19881750,15.00003300,0.87327015,3.53526190,6.67890830,-0.29202230,21.47778500,-35.16551200,49.94045000,-5.42021270,-0.23622550,9.44937200,54.25070600,-48.49844700,17.53030000,-44.67777300,20.80016300,-24.63154800,-8.17444900
729,-0.39967346,-17.68228722,77.34601927,2.13102310,-2.76934403,102.65168242,-0.05812390,17.89487000,19.78631800,5.83187100,5.24089300,-12.37439100,14.19683200,-26.30529200,-44.42954600,4.17436650,-1.18182110,15.00003300,0.91078590,3.51302310,6.66962580,-0.31690013,21.48333200,-35.19158000,49.88594400,-5.26945800,-0.06979996,8.97924300,54.24159000,-48.48532000,17.50481600,-44.50313000,20.71974600,-24.57246600,-7.97691100
730,-0.40614289,-17.67483711,77.36150380,2.11798751,-2.65112820,102.59691303,-0.13163574,17.95274700,19.99429300,5.81688830,5.14339540,-12.45861900,14.08766600,-26.26325400,-44.48493000,4.04937460,-1.19463370,15.00003300,0.86881810,3.46255350,6.62497000,-0.26959154,21.50219000,-35.20243000,49.94976800,-5.15216350,-0.18421674,9.19252100,54.28355400,-48.42179000,17.36732300,-44.51381300,21.64392000,-24.71349700,-7.67157500
731,-0.41200098,-17.66775894,77.35346260,2.09813654,-2.62789295,102.64081875,-0.19654357,17.92211500,19.76467500,5.81243560,5.19705340,-12.47639500,14.08978100,-26.23376700,-44.50975800,4.03728700,-1.14754390,15.00003300,0.85843825,3.42016700,6.61219930,-0.28452426,21.50698700,-35.22545200,49.98776000,-5.21783800,-0.04079174,8.63630100,54.26342400,-48.40849000,17.34097100,-44.42360700,21.82328200,-24.57629400,-7.36604000
732,-0.41551423,-17.66333389,77.34623432,2.10634696,-2.63805417,102.63421983,-0.18599923,17.88947700,19.68081300,5.80734730,5.29587500,-12.50601500,14.11471400,-26.27330000,-44.60695000,4.08122200,-1.05804620,15.00003300,0.79489230,3.38169980,6.64027170,-0.27544450,21.51818000,-35.22342700,50.06613000,-4.95741650,-0.08674888,8.64504800,54.27702700,-48.33299300,17.18991000,-44.39411500,21.35798300,-24.64403500,-7.43904970
733,-0.40948293,-17.66656303,77.37009620,2.12614997,-2.55362239,102.52926340,-0.18982479,17.95345000,20.05457300,5.79002300,5.29279700,-12.54488200,13.99556300,-26.27105300,-44.64236500,3.98575280,-1.04349330,15.00003300,0.71962744,3.34140600,6.55417100,-0.20438792,21.52192900,-35.14708000,50.19691500,-5.03399200,-0.26856157,8.84971800,54.22511300,-48.29040000,17.09828600,-44.45296500,21.90715800,-24.65417300,-7.34031870
734,-0.40364307,-17.67621994,77.35417555,2.08481327,-2.65179787,102.60343157,-0.13173868,17.98511500,19.97219500,5.78728700,5.38017850,-12.50289400,14.14003800,-26.22353000,-44.73201800,4.00139300,-0.96763820,15.00003300,0.72437954,3.35266570,6.58000950,-0.24005120,21.52701200,-35.08024000,50.16974600,-4.96197840,-0.18587308,8.46966500,54.23482000,-48.21051000,17.00426300,-44.42024200,21.88174000,-24.70964400,-7.21953000
735,-0.38933429,-17.69253922,77.37045929,2.12151597,-2.65327711,102.58836411,-0.12879263,17.96035600,20.03940200,5.77786800,5.56072100,-12.49231800,14.10767650,-26.23803000,-44.68863300,3.97805430,-0.97833870,15.00003300,0.64701630,3.32799940,6.54109100,-0.18416348,21.53939400,-35.03551500,50.18255000,-5.13571900,-0.36677158,8.57903400,54.14791500,-48.09111400,16.87425000,-44.47668000,22.29900200,-24.80039600,-7.11565970
736,-0.37522739,-17.71328354,77.36868276,2.08860128,-2.70893265,102.60344334,-0.09492321,18.00344500,20.03028300,5.76848030,5.64204840,-12.58193300,14.16425900,-26.19329000,-44.75623700,3.98074250,-0.93773496,15.00003300,0.63812095,3.32825420,6.53511800,-0.19101278,21.55242300,-35.03311000,50.14546200,-4.98625040,-0.36457175,8.52224350,54.07531000,-48.00199000,16.80615000,-44.45835500,22.43428400,-24.85643600,-6.98973600
737,-0.35681394,-17.73491478,77.38180111,2.12297566,-2.72084883,102.55569656,-0.06815638,18.00266000,20.16376500,5.76256280,5.63449530,-12.63345050,14.14431900,-26.22686000,-44.78694500,3.96406700,-0.88149667,15.00003300,0.70893830,3.31952930,6.51165340,-0.23384936,21.56488800,-34.99030700,50.20431500,-4.72708230,-0.24662195,8.64091500,53.99814200,-47.88068800,16.78777300,-44.48803300,22.11702300,-24.96129800,-7.04439970
738,-0.33933088,-17.75600243,77.36989212,2.06738896,-2.76343186,102.64533011,-0.08590280,18.05390700,20.07860400,5.73916240,5.69360730,-12.66702100,14.21442500,-26.18125000,-44.96086000,4.03411200,-0.80548120,15.00003300,0.62230396,3.33295680,6.50466250,-0.25486508,21.57129300,-34.94475000,50.19076500,-4.60691500,-0.22231203,8.66642000,53.95843500,-47.81939300,16.73743000,-44.43791600,22.02619200,-25.00900700,-7.10056920
739,-0.31742129,-17.77363777,77.37731500,2.06974842,-2.76625844,102.61912739,-0.08826023,18.07683600,20.11994000,5.73348700,5.71545120,-12.71358200,14.19569300,-26.14484800,-44.91713300,3.97441650,-0.76102510,15.00003300,0.63932320,3.32859700,6.49384930,-0.27731422,21.59370800,-34.94486000,50.20625300,-4.48958500,-0.24403098,8.71344300,53.88024000,-47.67459500,16.67206600,-44.46139500,22.16878700,-25.08183100,-7.10983130
740,-0.29414603,-17.78694153,77.38251031,2.04979500,-2.78026434,102.59380923,-0.09463494,18.09892500,20.01216900,5.72595100,5.75993540,-12.86142500,14.15526700,-26.09738000,-44.81584000,3.99382780,-0.80838800,15.00003300,0.71329140,3.33484170,6.45678700,-0.30742475,21.62066800,-34.93091600,50.22660400,-4.53513050,-0.16681872,8.76587900,53.79713400,-47.51540400,16.66767000,-44.45701600,22.19287300,-25.05595200,-7.18475770
741,-0.26982555,-17.79288864,77.39066397,2.08498797,-2.79767763,102.57440350,-0.06615893,18.08866500,20.07194700,5.71377500,5.79945600,-12.90811300,14.19229900,-26.08629800,-44.81115700,3.89045000,-0.70982670,15.00003300,0.72088450,3.35564500,6.42640830,-0.29856035,21.63004300,-34.84025600,50.30210500,-4.42971470,-0.17098346,8.80730900,53.75041600,-47.41677500,16.68094000,-44.56676000,22.25619500,-25.18494600,-7.34162570
742,-0.24642085,-17.79199028,77.39170071,2.10061906,-2.81885719,102.58193237,-0.04807031,18.08631000,20.06380700,5.69773800,5.80242500,-12.95620600,14.22554000,-26.08051700,-44.82725000,3.87034820,-0.63880974,15.00003300,0.69402117,3.34703090,6.40026430,-0.30655930,21.63871200,-34.77577000,50.42534600,-4.31365630,-0.13744901,8.85180200,53.66642000,-47.29468500,16.70106300,-44.58592000,22.24063700,-25.37761500,-7.33896970
743,-0.22379404,-17.78330612,77.39242388,2.10762291,-2.82902294,102.57512042,-0.03040209,18.09523800,20.04275900,5.68378350,5.85063400,-12.98939100,14.23910100,-26.05460400,-44.79883600,3.85103730,-0.59046970,15.00003300,0.69307476,3.33096050,6.34740260,-0.33148295,21.65031800,-34.83223700,50.55605000,-4.23359160,-0.14251621,8.81000900,53.58528000,-47.19129600,16.75748300,-44.58410300,22.22156100,-25.43913800,-7.55811550
744,-0.20222519,-17.76729965,77.38345199,2.11295161,-2.85850887,102.58329682,0.00766171,18.10492900,20.01759500,5.67009540,5.89153400,-12.98904500,14.27170500,-26.01578000,-44.69179500,3.83231850,-0.49788347,15.00003300,0.71636105,3.30308900,6.30389500,-0.37097323,21.66163600,-34.89470700,50.68947200,-4.07566550,-0.17274024,8.74063700,53.53703000,-47.08661300,16.84399400,-44.53317000,22.12283900,-25.85872700,-7.58586000
745,-0.17964000,-17.74526978,77.39020381,2.15297971,-2.81629106,102.51793014,0.01039753,18.09258500,20.04675900,5.65090700,5.92223740,-12.96954700,14.19728300,-26.01069600,-44.55760200,3.78776840,-0.42641960,15.00003300,0.67710954,3.24109670,6.25472400,-0.37427238,21.67228500,-34.90412500,50.86075000,-4.21349240,-0.08451625,8.84827500,53.50142700,-47.03146400,16.85485000,-44.58160800,22.11182800,-25.60908900,-7.74321170
746,-0.15689945,-17.71857452,77.40986973,2.22938646,-2.70641757,102.40929791,-0.04474606,18.03348400,20.04062800,5.63978600,5.95293050,-12.83405000,14.03620700,-26.04840700,-44.43315500,3.72687630,-0.35960470,15.00003300,0.73029304,3.15103150,6.23213900,-0.43033093,21.70996000,-35.08444200,51.07089000,-4.34988980,-0.13330236,8.97807600,53.39603000,-46.92666600,17.01652700,-44.52032500,21.85605000,-25.86758800,-7.89858060
747,-0.13705218,-17.69168091,77.40481966,2.24357263,-2.67675514,102.41784846,-0.05965469,18.03578400,20.02581200,5.62842500,6.00571400,-12.82142000,14.02584300,-26.05413200,-44.46726600,3.74909660,-0.26711202,15.00003300,0.71206520,3.13384440,6.22378800,-0.44592780,21.72319800,-35.06957000,51.19539600,-4.45078330,-0.13852549,9.06043800,53.43694700,-46.88604000,17.06252500,-44.54186600,21.94949300,-25.85283500,-7.96721460
748,-0.11618212,-17.66819763,77.39705237,2.23937335,-2.69154006,102.48701617,-0.05624363,18.03897700,19.94161400,5.59842100,6.09658200,-12.85033400,14.11561000,-26.00372900,-44.48827000,3.69836970,-0.22222929,15.00003300,0.67279977,3.12412170,6.19649500,-0.43082738,21.75271600,-35.04307000,51.24934800,-4.44615030,-0.23100214,9.04910700,53.41291800,-46.79759600,17.12591700,-44.51558300,21.90950400,-26.06442600,-8.02536800
749,-0.09102912,-17.65135765,77.40152454,2.25749441,-2.67867662,102.49160351,-0.07967063,18.01846500,19.80704100,5.59678460,6.13634800,-12.85727700,14.13026700,-25.99361400,-44.54817200,3.67586900,-0.15817511,15.00003300,0.73217195,3.10119750,6.17951970,-0.46075620,21.78259300,-35.01121000,51.31629600,-4.55364230,-0.21675226,9.05394500,53.39719400,-46.72461000,17.22543100,-44.51382400,21.78134000,-25.95602800,-8.02431800
750,-0.06250282,-17.64199257,77.41280736,2.33275524,-2.68477299,102.45879461,-0.05289429,17.97142400,19.86155500,5.62130800,6.17461100,-12.76023300,14.12571600,-26.06608200,-44.58012400,3.70093350,-0.06290385,15.00003300,0.82675135,3.07692890,6.15868700,-0.51837826,21.79945400,-34.96340000,51.47774000,-4.92018650,-0.16000067,9.03707800,53.33312000,-46.68755000,17.32256300,-44.58761000,21.27714500,-25.67360500,-8.20292950
751,-0.03491189,-17.64107513,77.41975280,2.32760584,-2.68207586,102.44566334,-0.06878790,17.99325600,19.78597800,5.62482900,6.16247220,-12.71834000,14.13895800,-25.99728800,-44.54273200,3.60383840,-0.04390350,15.00003300,0.94046450,3.09041300,6.16748200,-0.56029737,21.81010400,-34.87994800,51.45185500,-4.82177260,-0.15574305,9.02774400,53.30098300,-46.66940700,17.42848800,-44.57961300,21.19028900,-25.98554800,-8.14850200
752,-0.00485218,-17.64806175,77.44322578,2.37845567,-2.60616264,102.42056867,-0.15121081,17.96371500,19.80095900,5.62137370,6.13207500,-12.68074400,14.01135200,-26.05413800,-44.56637600,3.65434900,-0.08843772,15.00003300,0.96062710,3.05353300,6.15249060,-0.62089217,21.83985500,-34.85404200,51.55477500,-4.93424750,-0.20211190,9.06898400,53.16776700,-46.64513000,17.61734400,-44.55426800,21.09655800,-26.06130200,-8.25741900
753,0.02161749,-17.66222954,77.44794873,2.40414066,-2.70810579,102.43884928,-0.07776944,17.94281000,19.74370800,5.63764100,6.20967300,-12.64664650,14.12185500,-26.07714700,-44.60663200,3.67994210,-0.08453215,15.00003300,0.99209845,3.03578040,6.19640250,-0.65084064,21.85860000,-34.75568400,51.54579000,-5.06500600,-0.21175754,9.08935200,53.06898500,-46.62152000,17.70573800,-44.56670000,20.98305700,-26.13406400,-8.18246700
754,0.04533000,-17.67947578,77.46259251,2.44486005,-2.71489039,102.41661064,-0.08715570,17.89724200,19.68020600,5.63383800,6.24891200,-12.70028200,14.12469700,-26.12959700,-44.73570300,3.68635580,-0.03428842,15.00003300,0.92697590,3.00733690,6.20595550,-0.66089700,21.87271700,-34.76077300,51.61308700,-5.17698050,-0.27552533,9.09710900,52.93084000,-46.60632700,17.74363900,-44.57400500,20.85916300,-26.13787000,-8.19027900
755,0.06438302,-17.69831085,77.46948602,2.43927780,-2.78287885,102.36443515,-0.02716675,17.91404500,19.61649900,5.65494600,6.25236750,-12.70604100,14.15532300,-26.13062900,-44.74364500,3.72441580,-0.07424316,15.00003300,0.94370425,2.95952420,6.23693200,-0.68515617,21.90610900,-34.72812300,51.62568300,-5.18387100,-0.29632646,9.09967400,52.76041000,-46.56669000,17.80432500,-44.51724600,20.78813700,-26.22444200,-8.05996600
