Frame,root_translateX,root_translateY,root_translateZ,root_rotateX,root_rotateY,root_rotateZ,left_hip_pitch_joint_dof,left_hip_roll_joint_dof,left_hip_yaw_joint_dof,left_knee_joint_dof,left_ankle_pitch_joint_dof,left_ankle_roll_joint_dof,right_hip_pitch_joint_dof,right_hip_roll_joint_dof,right_hip_yaw_joint_dof,right_knee_joint_dof,right_ankle_pitch_joint_dof,right_ankle_roll_joint_dof,waist_yaw_joint_dof,waist_roll_joint_dof,waist_pitch_joint_dof,left_shoulder_pitch_joint_dof,left_shoulder_roll_joint_dof,left_shoulder_yaw_joint_dof,left_elbow_joint_dof,left_wrist_roll_joint_dof,left_wrist_pitch_joint_dof,left_wrist_yaw_joint_dof,right_shoulder_pitch_joint_dof,right_shoulder_roll_joint_dof,right_shoulder_yaw_joint_dof,right_elbow_joint_dof,right_wrist_roll_joint_dof,right_wrist_pitch_joint_dof,right_wrist_yaw_joint_dof
0,0.19481596,0.03611819,78.00877041,2.63332358,-2.66292226,102.33038529,-0.95316190,12.84359100,-2.11171340,5.76488000,5.95984300,-10.81056900,1.73954670,-23.67582100,1.11254610,5.87787630,3.73477580,15.00003300,-0.17571872,4.46320200,7.88665250,4.30257750,20.56365800,-35.55993000,65.32207000,-4.16432100,1.67358330,9.58444600,44.10070000,-42.56743200,35.90452200,-25.75742100,19.53847900,-30.27054600,-8.75141600
1,0.18890488,0.06223315,78.01771273,2.62261343,-2.59419154,102.45237489,-1.00672400,12.85287000,-2.10708120,5.75710960,5.98235800,-10.82041200,1.75476400,-23.66419200,1.12307470,5.87870800,3.71691600,15.00003300,-0.19045782,4.53283000,7.86428900,4.34122850,20.59159500,-35.52529500,65.11364000,-4.35491300,1.67888830,9.55616400,44.26754000,-42.82048400,35.99070400,-25.86211800,19.66966200,-30.05542200,-9.02168300
2,0.18179257,0.09031571,78.03080165,2.58598559,-2.56225498,102.56689819,-1.01906140,12.87915900,-2.11560870,5.74898860,5.98664570,-10.84501400,1.78057110,-23.63839100,1.13636100,5.87964960,3.71224430,15.00003300,-0.20030889,4.58593600,7.84650040,4.38159230,20.61501900,-35.47858000,64.94967000,-4.46238400,1.67350770,9.46107700,44.44074000,-43.03141000,36.06574000,-25.91833100,19.86287100,-29.87681600,-9.15986500
3,0.17468925,0.12005590,78.04172975,2.55286084,-2.56098944,102.67174077,-1.01041380,12.90074100,-2.13343070,5.74687860,5.98920900,-10.86946900,1.80721010,-23.62148000,1.14859310,5.90169800,3.69764300,15.00003300,-0.22254446,4.61638160,7.84461600,4.44696600,20.63659500,-35.41410000,64.78990000,-4.52176240,1.66265640,9.36375700,44.62184000,-43.21124300,36.11068000,-25.98800500,19.97737700,-29.68963800,-9.22316900
4,0.16821860,0.15167406,78.04546262,2.54514916,-2.57541697,102.75211828,-0.99327314,12.90730400,-2.14539670,5.74532750,6.00215600,-10.88413000,1.84363450,-23.62510900,1.15784490,5.90186700,3.68977860,15.00003300,-0.28908494,4.63026950,7.85730200,4.56676600,20.67024600,-35.29399500,64.60546000,-4.56928100,1.64325210,9.29629400,44.81499000,-43.47867000,36.12508000,-26.14768200,20.00167000,-29.47225400,-9.26695000
5,0.16314608,0.18526495,78.03099402,2.59674492,-2.56883547,102.79174555,-0.97650260,12.87945800,-2.15381260,5.74514770,5.99353200,-10.88827400,1.86058890,-23.66846700,1.16740320,5.87715800,3.70725320,15.00003300,-0.30749932,4.61035160,7.86874060,4.65768240,20.69406300,-35.17265300,64.48366000,-4.65401460,1.61424900,9.30132000,44.99768000,-43.67014700,36.13072200,-26.31631900,20.33827800,-29.09418300,-9.28462600
6,0.15838760,0.21900630,78.02098547,2.61229710,-2.50997552,102.83063000,-0.99642510,12.87980300,-2.14419050,5.74633260,5.93753340,-10.90414700,1.83605680,-23.68981600,1.16650630,5.87798740,3.66936300,15.00003300,-0.42605287,4.58072200,7.84728500,4.78397000,20.72712100,-35.07916300,64.37883000,-4.74730600,1.58691180,9.31756700,45.20898400,-43.84083000,35.99528000,-26.51154000,21.17178200,-28.58487100,-8.90727600
7,0.15429367,0.25196072,78.01639299,2.61312583,-2.47203944,102.88517021,-1.01297620,12.88571800,-2.14092280,5.74726720,5.89739940,-10.90329400,1.83201240,-23.70157200,1.16683660,5.87543060,3.63570620,15.00003300,-0.49254674,4.56863400,7.82313780,4.84527800,20.75022000,-35.04084400,64.32267000,-4.80005360,1.55857130,9.30780300,45.34863700,-43.94249300,35.93884000,-26.58401100,21.77821500,-28.23073600,-8.62715100
8,0.15088931,0.28373390,78.01670372,2.60940693,-2.46616625,102.95711618,-1.01944000,12.88796500,-2.15049650,5.74790400,5.88846350,-10.88317800,1.85230980,-23.71226500,1.16944890,5.87266800,3.61082200,15.00003300,-0.50408580,4.58763460,7.82541900,4.90309900,20.77636500,-35.00808300,64.20911400,-4.78253400,1.55075220,9.27594600,45.52347600,-44.04523500,35.91601000,-26.67107800,22.02785500,-28.04154200,-8.54125200
9,0.14826341,0.31428194,78.01980974,2.60570940,-2.44586497,103.02796900,-1.03740480,12.88954450,-2.16111870,5.74754800,5.89181380,-10.86755900,1.86848900,-23.72760000,1.15928340,5.84628500,3.58130200,15.00003300,-0.53909415,4.58743050,7.82389700,4.94532600,20.79168700,-34.99214600,64.14364000,-4.77486040,1.55719020,9.23747500,45.65057400,-44.09647800,35.90378000,-26.69619400,22.29583700,-27.85710500,-8.52973700
10,0.14750402,0.34222269,78.03689580,2.58026431,-2.40679011,103.08124469,-1.07143530,12.89826400,-2.18385460,5.74757240,5.91416400,-10.82357200,1.83987220,-23.72791900,1.16170500,5.86630960,3.53992100,15.00003300,-0.53228104,4.59358450,7.81851300,4.97064500,20.81453900,-35.00853700,64.07536000,-4.58791100,1.57672700,9.15555000,45.74601700,-44.16755000,35.94878000,-26.64898700,22.19579300,-27.98547200,-8.80732700
11,0.14828035,0.36858436,78.03227257,2.57375346,-2.37775072,103.15935446,-1.09917900,12.90432700,-2.18556500,5.74993300,5.87138030,-10.79987600,1.82999750,-23.74136000,1.15428380,5.86160900,3.50237540,15.00003300,-0.57052860,4.57956840,7.80629440,4.99344730,20.84938000,-35.01802000,64.02726000,-4.55126200,1.58982520,9.13910700,45.85697000,-44.25596000,35.96809800,-26.68301000,22.53238700,-27.80820500,-8.67002300
12,0.15104134,0.39306456,78.01544631,2.58333046,-2.37346927,103.25673599,-1.11261480,12.90410400,-2.17442060,5.75365800,5.80958700,-10.79095500,1.83296820,-23.76640700,1.14726690,5.85756060,3.45582900,15.00003300,-0.59938040,4.55796530,7.78774550,4.98341660,20.87727200,-34.99844400,64.01049000,-4.61190700,1.59616410,9.12523100,45.98249000,-44.31311000,35.94602000,-26.74884200,23.25272200,-27.43482000,-8.26815200
13,0.15614997,0.41573775,78.00783843,2.59370873,-2.42112904,103.36873116,-1.09718610,12.89387500,-2.18284920,5.75870800,5.81157000,-10.77861100,1.87494230,-23.79500800,1.13342880,5.85883800,3.39767000,15.00003300,-0.57879597,4.55274600,7.77891730,4.97881460,20.90021300,-34.90824000,63.93925500,-4.65134530,1.61543230,9.02029600,46.13117600,-44.35662500,35.91872000,-26.82587600,24.10310400,-27.15487300,-8.00851700
14,0.16241342,0.43801028,78.00397384,2.58210906,-2.41591523,103.41360890,-1.11110690,12.90493700,-2.18544980,5.76134630,5.77777620,-10.75237600,1.87335840,-23.80240200,1.11248090,5.85130260,3.37192490,15.00003300,-0.58456767,4.55626150,7.79358240,5.02049640,20.92700800,-34.84108000,63.86135000,-4.61109100,1.61788450,8.94498000,46.24696700,-44.40059700,35.90015400,-26.87321000,24.19920200,-27.08550600,-7.93592200
15,0.16970612,0.46015495,78.00559388,2.59335806,-2.38195095,103.42058679,-1.13036230,12.89889300,-2.19752430,5.76338770,5.78544040,-10.74071300,1.84779600,-23.82506000,1.08404830,5.84835500,3.32396720,15.00003300,-0.58031416,4.53959900,7.80130430,5.04641500,20.94337800,-34.80233400,63.83710000,-4.67311200,1.62411820,8.90300600,46.33029000,-44.42308400,35.90083700,-26.89426800,24.29370100,-26.94772500,-7.91576700
16,0.17678234,0.48178974,78.00401477,2.61176391,-2.32393797,103.39744947,-1.16463950,12.89420000,-2.19816160,5.76351100,5.78556160,-10.72687500,1.80166960,-23.84531200,1.07742690,5.84371950,3.30626060,15.00003300,-0.58024305,4.52469730,7.81435780,5.07219800,20.95901100,-34.79411700,63.83420600,-4.69899200,1.62399160,8.92757100,46.37703700,-44.44193600,35.91604600,-26.91631000,24.33535400,-26.86784700,-7.96296800
17,0.18299368,0.50227523,77.99454934,2.62764461,-2.26023386,103.36479380,-1.20940240,12.89733300,-2.18461820,5.76383300,5.74948100,-10.70259900,1.73907830,-23.85661000,1.10330320,5.86806060,3.32327580,15.00003300,-0.58999634,4.51932500,7.83527950,5.08545000,20.97316700,-34.82855200,63.86041000,-4.63295130,1.60759170,9.01851200,46.38880000,-44.45830000,35.95147300,-26.93785300,24.28133200,-26.91638800,-8.07968900
18,0.18894814,0.52106100,77.99863061,2.63952433,-2.23295563,103.37402172,-1.21044210,12.89169500,-2.20096830,5.76364560,5.76902500,-10.71681900,1.72698860,-23.87248000,1.07777040,5.84919740,3.30103600,15.00003300,-0.56434680,4.51313800,7.82936530,5.10037800,20.98914300,-34.79399500,63.84830500,-4.75749700,1.61094700,9.00812150,46.47099000,-44.47429700,35.97176000,-26.94606200,24.08331000,-26.77666700,-8.10068800
19,0.19286442,0.53685111,78.00311041,2.61740659,-2.22026156,103.41102722,-1.22601780,12.90951000,-2.20917150,5.76358600,5.76283260,-10.70895100,1.72864710,-23.86139300,1.07781060,5.84620400,3.32859750,15.00003300,-0.57147120,4.52705700,7.83896260,5.10974100,20.99867000,-34.75765600,63.82836500,-4.74211800,1.59529910,9.00096700,46.52043000,-44.48241400,35.97636800,-26.93636700,24.09838100,-26.82336000,-7.99718140
20,0.19662096,0.54981947,78.00029740,2.60090474,-2.21296264,103.45876264,-1.24413820,12.92735300,-2.20459910,5.76440500,5.73975850,-10.70348900,1.72998740,-23.85099400,1.08622830,5.85540680,3.35045120,15.00003300,-0.57427794,4.53631800,7.84336500,5.10481830,21.01130500,-34.69214200,63.81757000,-4.71439800,1.58839200,9.00170900,46.57961000,-44.49172200,35.97858000,-26.94121400,24.09362400,-26.84867900,-7.82629780
21,0.20063522,0.56005174,77.99234673,2.59676111,-2.21348699,103.51630111,-1.25320780,12.93846200,-2.19783190,5.76278900,5.71470700,-10.70735500,1.75537990,-23.84683600,1.08325780,5.83864900,3.36902800,15.00003300,-0.57188500,4.53929420,7.85208400,5.08827730,21.03061000,-34.60063600,63.80362000,-4.72460840,1.60543940,9.00459600,46.64371000,-44.50544000,35.99203000,-26.95520600,24.02475000,-26.80236400,-7.63751270
22,0.20442767,0.56633598,77.99352902,2.59035445,-2.21699888,103.58099069,-1.25596450,12.94211800,-2.20736310,5.76283650,5.71900940,-10.71325200,1.77251450,-23.84126000,1.08888730,5.83955050,3.38112330,15.00003300,-0.55577200,4.55395100,7.88101500,5.05356360,21.03988300,-34.57690400,63.76050000,-4.79687700,1.66129580,8.98717500,46.68798000,-44.51241000,36.01729600,-26.92576000,24.03961200,-26.77136000,-7.50080250
23,0.21052079,0.56917518,78.01058329,2.55787313,-2.19340795,103.60384858,-1.27805590,12.95826150,-2.22520570,5.76361750,5.74462940,-10.70030200,1.76394920,-23.82213800,1.07031370,5.84280540,3.37678930,15.00003300,-0.54547180,4.55821700,7.89437900,5.05024770,21.06108000,-34.53458000,63.70937700,-4.82195300,1.64724230,8.98170950,46.67750000,-44.52739000,36.06123700,-26.87491000,23.84265900,-26.72743000,-7.51570400
24,0.21765223,0.56895888,78.01435765,2.55223772,-2.19131973,103.62861765,-1.28603450,12.96206100,-2.22949150,5.76293300,5.76443500,-10.70669100,1.76183880,-23.81779000,1.06561530,5.84024900,3.38518640,15.00003300,-0.51272374,4.57044650,7.90734530,5.02707100,21.06773200,-34.51784500,63.66893000,-4.83557900,1.64987040,8.98701900,46.69765000,-44.53133800,36.08469400,-26.86470600,23.76763500,-26.70935400,-7.49845550
25,0.22626075,0.56605077,78.00866046,2.56715860,-2.21078269,103.65595775,-1.28100610,12.95415000,-2.23099800,5.76462840,5.77953050,-10.72088700,1.77103630,-23.82598100,1.06629120,5.84581380,3.38991900,15.00003300,-0.49087630,4.56439900,7.92301650,4.99342870,21.09290500,-34.48716400,63.64298200,-4.85766940,1.66029730,8.98019100,46.70850400,-44.54407500,36.15022000,-26.88441800,23.77958300,-26.69534700,-7.47979900
26,0.23665312,0.56099635,78.00648133,2.58162573,-2.21645545,103.66299506,-1.28789470,12.94439300,-2.23366050,5.76509050,5.80372100,-10.71672600,1.76656640,-23.83447800,1.06677280,5.85546100,3.38239030,15.00003300,-0.47023258,4.55637450,7.92316250,4.98733660,21.11322800,-34.46937600,63.59517700,-4.93516500,1.65075200,8.96638100,46.66085400,-44.55449300,36.22469300,-26.88421200,23.78242000,-26.61893500,-7.50599670
27,0.24872547,0.55428684,78.00537941,2.57396693,-2.21736675,103.70352169,-1.29980620,12.95128300,-2.23346110,5.76592350,5.80148940,-10.71770000,1.76757470,-23.82959400,1.04488870,5.85261400,3.35482950,15.00003300,-0.45580134,4.54687400,7.91314170,4.94523100,21.12822300,-34.44859300,63.58162000,-4.98282900,1.65462170,8.98500700,46.66684700,-44.55979000,36.25961000,-26.88555100,23.76847800,-26.50387600,-7.51332700
28,0.26108995,0.54706192,77.99732406,2.58088496,-2.24491208,103.76923686,-1.30458010,12.94639000,-2.23260860,5.76811170,5.80277350,-10.71340500,1.79420160,-23.83537000,1.02949230,5.84615800,3.34664500,15.00003300,-0.44580433,4.54657170,7.92132850,4.89951600,21.13883400,-34.43025600,63.54775000,-5.02900270,1.64548220,8.98675700,46.69175300,-44.56171400,36.28148000,-26.90184000,23.76492100,-26.45425000,-7.56045300
29,0.27361733,0.54003680,77.98534963,2.59604473,-2.27975454,103.83529898,-1.30843390,12.93621100,-2.22764020,5.77040050,5.80158420,-10.70017600,1.81522000,-23.84666300,1.02720460,5.84540700,3.34775020,15.00003300,-0.43406030,4.54668950,7.93470500,4.84710900,21.14982000,-34.40845000,63.51860400,-5.04487600,1.63259700,8.97288900,46.72895400,-44.56207300,36.30291000,-26.93994500,23.85289200,-26.41428000,-7.60288400
30,0.28615221,0.53396851,77.97230123,2.61154768,-2.31266669,103.89599315,-1.31303880,12.92572800,-2.22503200,5.77298000,5.79186200,-10.67846800,1.83035420,-23.85941000,1.02658090,5.84580300,3.35076300,15.00003300,-0.43346354,4.53749400,7.95423300,4.79862260,21.17679800,-34.36380000,63.49617400,-5.00848630,1.62429620,8.94320900,46.75766800,-44.56016500,36.33672300,-26.98686200,24.07830200,-26.34143600,-7.60196500
31,0.29763553,0.53089368,77.96090127,2.60771778,-2.31846899,103.99613547,-1.33559220,12.93237900,-2.21728590,5.77487600,5.76077940,-10.68067700,1.83736600,-23.85823000,1.02538000,5.84436900,3.36191840,15.00003300,-0.45200434,4.53996100,7.97343700,4.75269270,21.20669200,-34.31345700,63.45508000,-4.99191330,1.63533570,8.90333000,46.81327400,-44.55211600,36.34570300,-27.01103200,24.19371200,-26.23716200,-7.60652450
32,0.30946317,0.53110749,77.96146019,2.60203794,-2.31076336,104.06264177,-1.36320030,12.93369800,-2.22173550,5.77472730,5.76684860,-10.65393300,1.83549580,-23.85620700,1.01970430,5.84580560,3.36783800,15.00003300,-0.47520320,4.54649730,7.99753200,4.73178670,21.21370000,-34.30461500,63.42305800,-5.07373700,1.63076160,8.84541600,46.84263000,-44.54919000,36.34851000,-27.01131600,24.24218400,-26.21200400,-7.56328800
33,0.32121196,0.53437579,77.96050459,2.60826550,-2.30392751,104.10510031,-1.38326160,12.92830800,-2.23060870,5.77578160,5.77850250,-10.63037500,1.83848430,-23.86221300,1.00865820,5.84392800,3.36296000,15.00003300,-0.47122192,4.53662730,8.02216000,4.69131330,21.24796100,-34.27168300,63.40588000,-5.21211300,1.63263240,8.76813000,46.88683700,-44.53301200,36.35683400,-27.03534500,24.21307600,-26.13930900,-7.54032850
34,0.33218056,0.54072917,77.95327111,2.62922521,-2.29673687,104.12980534,-1.39416340,12.91789400,-2.23257230,5.77704050,5.77950200,-10.62123700,1.84241080,-23.87742800,0.99973950,5.83866830,3.34995400,15.00003300,-0.42872223,4.54184150,8.03947200,4.66645400,21.26663000,-34.23926500,63.37186400,-5.36084560,1.64799990,8.74195200,46.93222000,-44.52387200,36.38551000,-27.06416500,24.09423000,-26.00727300,-7.60573000
35,0.34210512,0.55056542,77.94119567,2.64954260,-2.27141919,104.16508607,-1.41550280,12.91435100,-2.22239660,5.77741400,5.75672630,-10.62577200,1.83987060,-23.88824000,0.99226610,5.83769200,3.33579730,15.00003300,-0.38072982,4.54961200,8.07134700,4.61332700,21.27883700,-34.23628000,63.35648300,-5.49037900,1.66036180,8.75529400,46.98629800,-44.51971000,36.43917000,-27.07721900,23.90839200,-25.90641200,-7.70203800
36,0.34924313,0.56295514,77.94422975,2.64122954,-2.24612950,104.19130735,-1.42963060,12.92379200,-2.22858860,5.77673200,5.75419470,-10.63206400,1.83239070,-23.88602300,0.98102266,5.83723970,3.31820870,15.00003300,-0.38027650,4.54506730,8.07077700,4.60479930,21.29146000,-34.21737300,63.36580000,-5.52682830,1.65997030,8.76170900,47.02516000,-44.51287000,36.47190500,-27.06155200,23.73543000,-25.90916800,-7.85082500
37,0.35527149,0.57680005,77.93811274,2.64491203,-2.22265505,104.19824631,-1.44532670,12.93074800,-2.22228030,5.77638530,5.73136330,-10.63324450,1.82581720,-23.89027600,0.97055745,5.83270400,3.31684610,15.00003300,-0.35929853,4.54111580,8.06502200,4.60897350,21.30897500,-34.18471500,63.36338800,-5.53543200,1.65706500,8.71108200,47.06491000,-44.50226000,36.51868000,-27.06812100,23.82583000,-25.92660000,-7.88037820
38,0.35940367,0.59144425,77.92830004,2.66032110,-2.19720441,104.19240919,-1.46206750,12.93117100,-2.20938540,5.77793600,5.70540600,-10.63081000,1.80271590,-23.90123200,0.97406477,5.84299470,3.32060980,15.00003300,-0.31777772,4.54952240,8.06545000,4.61237670,21.31601300,-34.16309000,63.34787000,-5.54290680,1.66089950,8.64966800,47.10727000,-44.49772600,36.54991000,-27.08644300,23.98746000,-25.92529900,-7.87929100
39,0.36033341,0.60651481,77.92999259,2.67362632,-2.17760904,104.20137818,-1.46507040,12.92273700,-2.22142930,5.77777050,5.71826030,-10.62940000,1.78121860,-23.91468000,0.98240465,5.85697940,3.32484980,15.00003300,-0.31429970,4.54096840,8.06774000,4.63929030,21.33271600,-34.09062200,63.32473000,-5.50779530,1.69411780,8.62375900,47.12580500,-44.48542000,36.60431000,-27.05628000,23.84338800,-25.88520200,-8.03146700
40,0.35703433,0.62148839,77.93401095,2.68400123,-2.17603377,104.22966391,-1.45910720,12.91488550,-2.23529120,5.77751730,5.75026270,-10.63873400,1.79382790,-23.92483000,0.99580663,5.83808850,3.37161640,15.00003300,-0.35576670,4.53315200,8.10111800,4.70282170,21.36148500,-33.99053000,63.26072300,-5.47843740,1.70877530,8.65298750,47.12593000,-44.45802700,36.64716000,-27.00930800,23.46189500,-25.96397800,-8.09690100
41,0.35120636,0.63581014,77.94400509,2.67815744,-2.15383705,104.25282397,-1.46405420,12.91429200,-2.25427600,5.77818250,5.76739070,-10.63281900,1.78118910,-23.92604000,1.00813390,5.84020400,3.39888980,15.00003300,-0.36056384,4.53343630,8.12340800,4.71729400,21.37066000,-33.96630000,63.23013300,-5.51947550,1.73072480,8.64402900,47.16049600,-44.44894800,36.66026000,-26.95948000,23.17920300,-26.01543800,-8.17243700
42,0.34349254,0.64945090,77.95948095,2.65468404,-2.12322842,104.25457612,-1.47441550,12.92378100,-2.27670380,5.77726940,5.77624600,-10.60761600,1.76438330,-23.91704000,1.00969670,5.83515830,3.42199330,15.00003300,-0.34416857,4.54202100,8.14703400,4.75892450,21.39184400,-33.90747000,63.16777000,-5.42174400,1.76160170,8.58644400,47.15043000,-44.42692000,36.72689400,-26.86105500,22.76308400,-26.20583000,-8.36252800
43,0.33441073,0.66198105,77.97768395,2.61952489,-2.09345079,104.22773454,-1.48825170,12.94080000,-2.29713490,5.77801470,5.77926540,-10.56523800,1.74081640,-23.90134400,1.00538650,5.83581300,3.43644830,15.00003300,-0.28566640,4.57663600,8.16393850,4.80607750,21.40188800,-33.83020000,63.11301400,-5.11390800,1.79427800,8.49810800,47.13737500,-44.41023600,36.81960000,-26.75787700,22.13075600,-26.60860400,-8.70455500
44,0.32438287,0.67274994,77.98028460,2.61916793,-2.07211303,104.25238498,-1.49607920,12.93882600,-2.30083300,5.77844800,5.77201270,-10.55755000,1.73523970,-23.90545300,1.00792680,5.83384200,3.45727370,15.00003300,-0.30465022,4.56658300,8.17325000,4.83594600,21.40851400,-33.76023000,63.07116000,-5.11464070,1.82332020,8.50361700,47.14406000,-44.39587000,36.85597000,-26.68738600,22.18263400,-26.58916000,-8.70584000
45,0.31352681,0.68177181,77.97547558,2.60447580,-2.02829286,104.31344753,-1.51796630,12.95447800,-2.28638940,5.77782000,5.71056030,-10.58004300,1.72123000,-23.89805800,1.01265120,5.83346130,3.46677160,15.00003300,-0.38169116,4.55437040,8.16377100,4.85431960,21.41375200,-33.70584500,63.06476000,-5.15183930,1.83508370,8.52557700,47.20157200,-44.38257000,36.81609000,-26.67632900,22.50132000,-26.41626700,-8.46498900
46,0.30351537,0.68912083,77.97274922,2.60466828,-1.99781569,104.36079707,-1.52787910,12.95755200,-2.27850320,5.77665950,5.68504800,-10.60912400,1.71317050,-23.89925400,1.02289250,5.83021740,3.48796220,15.00003300,-0.44683704,4.55067540,8.18504400,4.88820400,21.41993500,-33.64618300,63.02741200,-5.10697700,1.85580460,8.52924100,47.29007300,-44.36387000,36.71243700,-26.70093500,22.68325400,-26.33490800,-8.26268800
47,0.29549405,0.69479948,77.97574159,2.61913509,-1.98912272,104.37090238,-1.52013600,12.94479000,-2.28578730,5.77630420,5.70683500,-10.62600700,1.69916500,-23.90941200,1.04180780,5.84039260,3.51798920,15.00003300,-0.45452392,4.54988900,8.21615900,4.90693800,21.42178000,-33.61998700,62.99973700,-5.03079100,1.90057710,8.46829500,47.35619400,-44.35350800,36.66066700,-26.71036300,22.61635200,-26.43620300,-8.23055800
48,0.29068175,0.69901079,77.98473911,2.59877708,-1.99678658,104.34063034,-1.49199440,12.95023900,-2.31353470,5.77768230,5.68228700,-10.59551500,1.69635200,-23.89716300,1.03850720,5.84054140,3.54665800,15.00003300,-0.33673248,4.58819400,8.24849600,4.88762950,21.42156200,-33.57718000,62.93211700,-5.03999400,2.01162840,8.17690000,47.42416800,-44.34688000,36.64390600,-26.68307000,22.55057000,-26.56710800,-8.10030800
49,0.28954035,0.70359051,77.98412204,2.60164556,-1.97829870,104.32971891,-1.49194050,12.95055300,-2.31729170,5.77856900,5.66591900,-10.59685300,1.69508140,-23.89520500,1.04095210,5.83118000,3.56956670,15.00003300,-0.33993533,4.60028270,8.29540900,4.91794000,21.42055000,-33.45244200,62.87895600,-4.91209170,2.03250890,8.09734100,47.50968000,-44.30872300,36.55554600,-26.71071400,22.73941000,-26.75119200,-7.88633160
50,0.29189572,0.70892125,77.98072102,2.61603086,-1.96176832,104.32378558,-1.49700370,12.94485000,-2.31725120,5.77889800,5.66359950,-10.59847600,1.68691830,-23.90022700,1.04692700,5.83422330,3.59263400,15.00003300,-0.35348356,4.59703200,8.30607800,4.94608550,21.41976000,-33.39184000,62.86221700,-4.83490700,2.04626900,8.08525800,47.57974200,-44.28760000,36.51017800,-26.73225600,22.60543400,-26.93282700,-7.80195050
51,0.29730067,0.71533424,77.97824689,2.62637556,-1.94286992,104.33503742,-1.50431320,12.94329400,-2.31847210,5.77774050,5.66493650,-10.60829900,1.68085420,-23.90272100,1.04554490,5.83344900,3.61498020,15.00003300,-0.36053604,4.59849830,8.31007700,4.96166470,21.41908800,-33.34249000,62.85322000,-4.76563170,2.05133400,8.08693000,47.64621400,-44.27681400,36.47849300,-26.74618100,22.28477900,-27.06386000,-7.80692530
52,0.30505961,0.72315925,77.98042820,2.61221396,-1.90027582,104.38422974,-1.52361990,12.96170200,-2.32039480,5.77603700,5.65106500,-10.64815800,1.66517670,-23.88907600,1.03225220,5.83376260,3.61448000,15.00003300,-0.35011774,4.62981800,8.34452800,4.97137900,21.41466300,-33.19610200,62.80735000,-4.60395770,2.02129150,8.06649300,47.77267500,-44.23205000,36.39638500,-26.78242700,22.13932600,-27.09097500,-7.81153700
53,0.31552804,0.73190475,77.95460472,2.71481894,-1.92216506,104.36627915,-1.48959740,12.89868300,-2.33101250,5.77564140,5.67720270,-10.65204500,1.66560420,-23.95320700,1.07329770,5.83878850,3.63442660,15.00003300,-0.37435790,4.57821940,8.37123000,4.98150300,21.41550400,-33.17373000,62.82323000,-4.77224900,2.03098030,8.20325800,47.82399400,-44.20097400,36.36571000,-26.86463400,21.78161200,-26.99984400,-7.93662200
54,0.32662797,0.74149770,77.93998256,2.75768552,-1.92650731,104.40925153,-1.47700510,12.87663650,-2.33959150,5.77565800,5.67409700,-10.66806900,1.68875750,-23.97581100,1.09211610,5.83214040,3.65887670,15.00003300,-0.37641165,4.55934860,8.38634400,4.96182100,21.41883700,-33.13991000,62.83086400,-4.79618260,2.03445320,8.19636200,47.92828000,-44.14173000,36.30193700,-26.93220700,22.00592000,-26.96475600,-7.72664930
55,0.33727491,0.75170350,77.93430639,2.75922245,-1.89272587,104.46122567,-1.49979830,12.88548300,-2.33660300,5.77508970,5.65238900,-10.68748300,1.69418880,-23.97128300,1.09288780,5.82486000,3.66589160,15.00003300,-0.40675986,4.55200300,8.38433300,4.95071500,21.42026700,-33.10544600,62.87273400,-4.77882580,1.99285800,8.23180800,48.02312500,-44.11067000,36.25521000,-26.98253300,22.46845400,-26.98206100,-7.53739830
56,0.34650904,0.76193696,77.93240777,2.74936986,-1.81878676,104.47866931,-1.55662620,12.90536500,-2.31847930,5.77376500,5.62761450,-10.70301100,1.65506460,-23.96204800,1.08500460,5.83104100,3.63898160,15.00003300,-0.46413517,4.54021260,8.37893200,4.96192600,21.42141300,-33.08197400,62.95667300,-4.78783300,1.89486740,8.43159700,48.09512000,-44.08263800,36.19602200,-27.01685500,22.81637600,-27.00577200,-7.60061260
57,0.35228565,0.76951224,77.91255564,2.81787708,-1.84555549,104.51580055,-1.52552650,12.86436800,-2.32649180,5.77673300,5.64178560,-10.73398500,1.67751900,-24.00759100,1.10215840,5.83794100,3.63439460,15.00003300,-0.45197930,4.52303030,8.39618400,4.95574100,21.42317200,-33.06371700,62.93660400,-4.79154800,1.92799370,8.37713050,48.19792600,-44.03014000,36.12249000,-27.11281000,22.89418400,-26.80110700,-7.49635600
58,0.35273078,0.77570873,77.92348303,2.80407942,-1.83890140,104.50180429,-1.51589380,12.87001000,-2.34596920,5.77746900,5.65567500,-10.73355000,1.68187940,-23.99966200,1.09166610,5.82238400,3.64353940,15.00003300,-0.43517575,4.51289220,8.40997100,4.97313450,21.42442300,-33.04656200,62.91586000,-4.72862900,1.91464470,8.36571200,48.26324500,-43.99513000,36.05662000,-27.09998900,22.89797200,-26.77318800,-7.50980200
59,0.34883296,0.77998865,77.92972605,2.80685745,-1.83701166,104.48219621,-1.50116460,12.86257200,-2.36307200,5.77845140,5.66703840,-10.72832900,1.66778730,-24.00442700,1.09519500,5.83833700,3.63918400,15.00003300,-0.39077880,4.49753400,8.42752700,4.98272940,21.42621400,-33.02491400,62.88694800,-4.69954600,1.91414760,8.35199000,48.32682000,-43.92361500,35.97177000,-27.08088100,22.90741200,-26.69222000,-7.52361600
60,0.34037206,0.78301895,77.92399331,2.84230343,-1.84816180,104.47804103,-1.47430480,12.83430700,-2.37690540,5.77811000,5.67128900,-10.72213200,1.67040880,-24.03094300,1.10899710,5.83696800,3.64798710,15.00003300,-0.36829810,4.47063300,8.43206500,4.99338400,21.42550300,-33.00211000,62.87542000,-4.77698600,1.93931090,8.32520700,48.37181000,-43.91023600,35.95257600,-27.10119200,22.93082200,-26.54710000,-7.59059500
61,0.32663804,0.78505278,77.93182840,2.83480373,-1.82624624,104.49390044,-1.47403050,12.82685100,-2.39845230,5.77811340,5.65123220,-10.68210900,1.66121400,-24.03069700,1.11844430,5.83871600,3.65339850,15.00003300,-0.37437340,4.46431500,8.46467300,5.01856570,21.41402400,-32.87861300,62.85121000,-4.80635200,1.95233130,8.25285000,48.46206000,-43.83111200,35.82484000,-27.08237000,22.79198600,-26.49108100,-7.72327500
62,0.31007522,0.78682846,77.96441170,2.73329485,-1.79477853,104.52144502,-1.48168950,12.88122700,-2.42192170,5.77766100,5.61360030,-10.66649900,1.64808510,-23.96846400,1.07981910,5.83974400,3.65855050,15.00003300,-0.29931045,4.51276870,8.50058700,5.00510030,21.39900200,-32.78203200,62.78251000,-4.68319030,1.99141130,7.96273140,48.46223400,-43.77940800,35.80613700,-26.90546400,22.56514400,-26.51454500,-7.73215870
63,0.29272133,0.78908324,77.98053654,2.68423909,-1.77441813,104.53996913,-1.48277630,12.90443800,-2.43280820,5.77777050,5.58380800,-10.65541200,1.63105850,-23.94162200,1.06565710,5.84503400,3.66870740,15.00003300,-0.27251750,4.53136700,8.52541800,5.01812840,21.38588700,-32.70686700,62.73056400,-4.58451750,2.01050350,7.77534630,48.48096500,-43.74645000,35.77840400,-26.80345300,22.38589900,-26.54585600,-7.73637060
64,0.27560854,0.79224855,77.98366482,2.67831478,-1.77139961,104.55101878,-1.47231220,12.90124800,-2.43912120,5.77874300,5.56500530,-10.64984400,1.62705420,-23.94517700,1.06236570,5.84669880,3.67758660,15.00003300,-0.29232220,4.52559760,8.55237400,5.05249450,21.36822100,-32.63800400,62.70258000,-4.52100470,2.00038480,7.69672000,48.50819800,-43.70648200,35.71550000,-26.75694300,22.31570800,-26.57174700,-7.71589760
65,0.25984830,0.79681724,77.99316912,2.65329300,-1.76501506,104.54457006,-1.46391880,12.91361300,-2.43897580,5.77757550,5.55623100,-10.65810400,1.61489270,-23.93517000,1.05353020,5.85001750,3.66789770,15.00003300,-0.29744690,4.51411500,8.55781300,5.07827800,21.36136000,-32.61345700,62.71050000,-4.52618600,1.95790350,7.64399600,48.50627500,-43.69336700,35.68143500,-26.70054200,22.41305400,-26.61555900,-7.66987500
66,0.24731338,0.80434245,78.00068731,2.64425691,-1.75099743,104.52554851,-1.45565380,12.91493000,-2.44647620,5.77618930,5.55303960,-10.65850400,1.60678730,-23.93785300,1.04546860,5.84096400,3.65136380,15.00003300,-0.32990593,4.48982600,8.56978400,5.11121460,21.35518300,-32.61099000,62.72513600,-4.51480960,1.95669360,7.61958170,48.50877000,-43.68010300,35.63718400,-26.65191000,22.51953300,-26.66844000,-7.64631100
67,0.23767480,0.81426299,77.99799494,2.66194300,-1.73375549,104.52546885,-1.45462310,12.90021600,-2.45076800,5.77745530,5.54008800,-10.64725700,1.59123870,-23.95720100,1.05596300,5.84622900,3.64003680,15.00003300,-0.32814830,4.47169100,8.57145300,5.09791330,21.33475100,-32.65727000,62.77270000,-4.53845600,1.96431220,7.60642770,48.59773600,-43.62806300,35.51587700,-26.64994000,22.54123900,-26.71594600,-7.60893770
68,0.23103736,0.82697457,77.99233236,2.68638312,-1.71697569,104.53006757,-1.45284510,12.88316100,-2.45609100,5.77808480,5.52518100,-10.63395000,1.58243240,-23.97870600,1.06630460,5.84015560,3.64999990,15.00003300,-0.35539013,4.43975200,8.56047500,5.11033340,21.32488300,-32.68086000,62.81802400,-4.56580600,1.98237430,7.60449740,48.66112000,-43.59767000,35.44488500,-26.64048400,22.47889500,-26.80196600,-7.62327300
69,0.22746646,0.84222966,77.99049447,2.70313964,-1.69951317,104.52233924,-1.44859710,12.87206900,-2.46288250,5.77819700,5.51771350,-10.62532000,1.55975470,-23.99323500,1.07677080,5.85099650,3.66604020,15.00003300,-0.39426622,4.39975600,8.54134800,5.14458500,21.32036000,-32.68151000,62.86351400,-4.56317400,2.01140700,7.60715200,48.70670700,-43.57982600,35.38841000,-26.61319000,22.38450200,-26.93061800,-7.67592500
70,0.22622640,0.86141771,77.99959163,2.71449354,-1.68497790,104.51678085,-1.45095050,12.85882700,-2.48569320,5.77759300,5.56008000,-10.60205700,1.56257140,-24.00698500,1.08763020,5.84005900,3.67328500,15.00003300,-0.44396773,4.36277400,8.54437200,5.17557430,21.31283800,-32.72790500,62.89707000,-4.62502700,2.04070450,7.58383700,48.77308300,-43.52512400,35.26279000,-26.60186200,22.82723600,-26.98976000,-7.68329900
71,0.22719084,0.88470119,78.00450712,2.71276963,-1.65026377,104.51667702,-1.46292140,12.86269500,-2.49934630,5.77833130,5.55949350,-10.58812200,1.55281110,-24.00767700,1.10069240,5.83978650,3.68601180,15.00003300,-0.46730408,4.33810900,8.53264600,5.19315860,21.31128300,-32.73027000,62.96116600,-4.66595500,2.04355960,7.57209400,48.82962000,-43.51130700,35.22946000,-26.59873400,23.25558700,-27.01881000,-7.67570400
72,0.23020621,0.91235626,78.00733878,2.71152032,-1.61483608,104.53065937,-1.47792300,12.86904600,-2.51207140,5.77822200,5.55601640,-10.57578600,1.54861450,-24.00897200,1.10903800,5.83958050,3.69626600,15.00003300,-0.44209403,4.33035230,8.52725000,5.18212840,21.30524800,-32.74782000,63.02462400,-4.70611800,2.05410770,7.54498000,48.95278000,-43.43944000,35.11077500,-26.60042200,23.53085700,-27.00365300,-7.62594500
73,0.23535280,0.94509786,78.00991398,2.71466305,-1.58842987,104.54240154,-1.48986390,12.87446100,-2.52393440,5.77814440,5.56724500,-10.56280000,1.54916110,-24.01328700,1.11903980,5.84307400,3.70526550,15.00003300,-0.45907882,4.30300200,8.50827300,5.20190500,21.30382200,-32.74125300,63.09411600,-4.77845240,2.07676080,7.51522600,49.03802000,-43.41121000,35.06729500,-26.59017200,23.61394300,-27.00878300,-7.65292450
74,0.24246490,0.98502022,78.01657636,2.71212525,-1.58445611,104.48717971,-1.48165730,12.88739200,-2.53827500,5.77621030,5.60143500,-10.55215200,1.55408630,-24.00990500,1.14145870,5.84145400,3.75823830,15.00003300,-0.49198705,4.26782560,8.47516400,5.30189230,21.30205300,-32.68101000,63.16722500,-4.79896000,2.07617190,7.54120830,49.11668000,-43.37681000,34.98151000,-26.59553700,23.71531500,-27.10107600,-7.64566370
75,0.25275514,1.03515875,78.01280378,2.71911391,-1.57383419,104.46724276,-1.48050370,12.90366900,-2.54145150,5.77730100,5.60987140,-10.55806900,1.57665380,-24.01037200,1.16411670,5.83648870,3.80478100,15.00003300,-0.50524860,4.25274600,8.46267100,5.37670900,21.30531000,-32.62587700,63.21734600,-4.76244600,2.07082700,7.52119300,49.25282700,-43.27842000,34.85403400,-26.60266100,23.87860900,-27.12860700,-7.47381100
76,0.26567030,1.09518409,78.00983945,2.72129461,-1.53075994,104.46019029,-1.49365620,12.92559200,-2.54556010,5.77701660,5.59970570,-10.56312400,1.59046650,-24.00955400,1.17966300,5.83650100,3.81501770,15.00003300,-0.53872600,4.21695330,8.42382100,5.44906000,21.31739200,-32.60520600,63.29659000,-4.75049260,2.06794450,7.53334900,49.39993300,-43.18218600,34.74725700,-26.58034000,24.18887300,-27.19550700,-7.35811900
77,0.28107956,1.16560817,78.01122401,2.71741792,-1.46867834,104.45520425,-1.51208720,12.95362900,-2.55552100,5.77589940,5.59430300,-10.57558200,1.59922000,-24.00672000,1.18909560,5.83694700,3.80552240,15.00003300,-0.57861850,4.17216730,8.37970350,5.53914830,21.34068700,-32.58353000,63.37421400,-4.74026870,2.06905910,7.55262230,49.56320000,-43.06942400,34.62087600,-26.54041000,24.62932400,-27.25866100,-7.28770970
78,0.29886341,1.24728751,78.01944527,2.71140297,-1.42059871,104.43870487,-1.51675000,12.98696100,-2.57427480,5.77246430,5.63787170,-10.61680400,1.61103120,-24.00345200,1.20140140,5.83709100,3.81301830,15.00003300,-0.61417000,4.13538600,8.34497500,5.66184470,21.36615000,-32.54337700,63.44526700,-4.73312570,2.07089690,7.52353000,49.71087600,-42.97203000,34.51552200,-26.50015400,25.14490900,-27.24342700,-7.25729000
79,0.32070374,1.34456003,78.01827715,2.74764249,-1.33503296,104.34919395,-1.51893870,13.00246700,-2.59193870,5.77223350,5.67436030,-10.67303100,1.61323200,-24.02437200,1.22276970,5.81265200,3.84179470,15.00003300,-0.68360716,4.07534000,8.29679300,5.87864880,21.39050100,-32.42192000,63.52352000,-4.85973070,2.06623100,7.63502930,49.88493700,-42.87962000,34.36330800,-26.50632700,25.40611000,-27.37579500,-7.51972300
80,0.34513232,1.45152485,78.01021369,2.77727489,-1.20752974,104.28918114,-1.54990020,13.03242100,-2.58958530,5.77017200,5.66849300,-10.74639100,1.58210540,-24.03718000,1.25282430,5.83612540,3.82436400,15.00003300,-0.73733100,4.02684350,8.23850400,6.07472200,21.41933600,-32.28487800,63.60306500,-4.99454200,2.04131410,7.66695260,50.10671200,-42.77916000,34.23045700,-26.52216700,25.92907000,-27.50625000,-7.58513900
81,0.37126887,1.56718135,78.00085841,2.80251969,-1.08444012,104.24839728,-1.57867290,13.06909200,-2.58804230,5.76696830,5.65974800,-10.82319300,1.57636060,-24.04755000,1.27568920,5.83605340,3.81555490,15.00003300,-0.78973590,3.99520230,8.20897300,6.31872600,21.47086100,-32.11134700,63.59211000,-4.98332400,1.98479780,7.63944500,50.36776000,-42.62445000,34.02534500,-26.53039700,26.62976300,-27.76837200,-7.47853600
82,0.39885858,1.68977571,77.99484912,2.83147034,-0.98119151,104.20571672,-1.59970930,13.10092900,-2.59465800,5.76219100,5.68521800,-10.89038500,1.55771590,-24.06478100,1.31489320,5.86059760,3.80933800,15.00003300,-0.88216940,3.94935180,8.15340700,6.60220000,21.51882000,-31.96474500,63.60900000,-4.83477260,1.86921720,7.61859000,50.63594400,-42.48066000,33.81259500,-26.54714600,27.43525000,-28.29809000,-7.42271800
83,0.42878884,1.82032132,77.99770382,2.81253640,-0.83073001,104.20635759,-1.65277860,13.16936900,-2.60453030,5.75805430,5.67214700,-10.96040000,1.55699170,-24.04985200,1.32384160,5.84683400,3.81049750,15.00003300,-0.99802166,3.89093730,8.10036900,6.87217400,21.60163500,-31.81793200,63.60013600,-4.76262040,1.85847260,7.68479900,50.92721000,-42.26899700,33.44528200,-26.51088700,28.65849900,-28.22026000,-7.58486130
84,0.46142745,1.95323062,77.99910644,2.80653635,-0.71329896,104.14436137,-1.67852870,13.23066000,-2.61692450,5.75456800,5.68220900,-11.03119200,1.56075510,-24.04016700,1.34328750,5.83380750,3.84182880,15.00003300,-1.06711400,3.83145980,8.05668600,7.16823430,21.69333300,-31.69700800,63.61009000,-4.62426300,1.78989570,7.75871300,51.17791400,-42.03832200,33.11600000,-26.45183400,28.97628800,-28.44367600,-7.91461200
85,0.49674568,2.08745909,77.99397416,2.82679159,-0.57833533,104.09330519,-1.72105550,13.27843950,-2.61885600,5.75259350,5.70916800,-11.11993900,1.54611770,-24.04657700,1.36775330,5.83366800,3.86468390,15.00003300,-1.14412990,3.76106100,8.00641400,7.47184750,21.78943000,-31.58693100,63.60106000,-4.43767700,1.71607110,7.77016200,51.45200000,-41.79673800,32.71946700,-26.40682800,29.68695000,-28.81647700,-8.25337800
86,0.53450572,2.22204590,77.98181375,2.86588881,-0.41687395,104.07822903,-1.79289080,13.31880200,-2.60695170,5.74876300,5.74468500,-11.22137700,1.52455680,-24.06418600,1.39024130,5.83131900,3.87763600,15.00003300,-1.23902810,3.68554380,7.94696240,7.77034470,21.88675000,-31.47969800,63.56611000,-4.25913520,1.66044510,7.71328160,51.76990000,-41.55834200,32.20084400,-26.39541000,31.10719700,-29.18443700,-8.51773900
87,0.57416570,2.35442710,77.97057168,2.86833540,-0.28416475,104.05278398,-1.87411200,13.38673300,-2.58704780,5.74461360,5.75506300,-11.27678800,1.52900590,-24.05166000,1.42065000,5.83134200,3.90537050,15.00003300,-1.32578230,3.62838630,7.88980530,8.07095800,21.97128700,-31.30460000,63.56276700,-4.27506260,1.61509070,7.70754100,51.96579400,-41.35771000,31.63795000,-26.33651500,31.94139000,-29.17212500,-8.74172900
88,0.61484307,2.48423696,77.97238762,2.87777281,-0.10462955,103.99217277,-1.94630910,13.43552200,-2.59818460,5.74499130,5.77776240,-11.34851300,1.48110460,-24.05742600,1.43116310,5.83212500,3.87653000,15.00003300,-1.43563890,3.55674720,7.86210300,8.44128600,22.06457700,-31.09390300,63.46924200,-4.21877240,1.42989080,7.81773420,52.19682700,-41.14917400,30.81643300,-26.23653200,33.42177600,-29.53281400,-9.17391200
89,0.65530407,2.61062503,77.95867350,2.93525925,0.03479941,103.90187978,-1.97729120,13.45254400,-2.60582260,5.74452830,5.80415200,-11.44016900,1.44534170,-24.09381000,1.46521970,5.82702400,3.86139600,15.00003300,-1.47392790,3.46506950,7.84578750,8.77502700,22.16606500,-30.96301500,63.37754000,-4.17764500,1.25807010,7.92817700,52.42490400,-40.95656600,29.91049600,-26.12075000,34.72532700,-29.75984400,-9.70478700
90,0.69433659,2.73354125,77.93941030,3.00277208,0.14359588,103.80993427,-1.98971160,13.46205600,-2.61164930,5.74923900,5.82778900,-11.54181100,1.42578180,-24.13314600,1.52040900,5.82396460,3.87182950,15.00003300,-1.45706650,3.37717990,7.84329180,9.08649200,22.27258900,-30.80397400,63.24776000,-4.18781040,1.13743630,8.02854400,52.67915700,-40.78439000,28.83905200,-25.94857600,35.97968000,-29.77244200,-10.34170100
91,0.72999543,2.85334706,77.94591459,2.98995547,0.27657516,103.76535076,-2.03413960,13.51711700,-2.62713530,5.75992800,5.84594500,-11.63235950,1.40782310,-24.11724700,1.57586000,5.82400940,3.91430780,15.00003300,-1.40767920,3.35404090,7.87854340,9.44467900,22.39398400,-30.37229200,62.92237000,-4.25927600,1.08829940,8.13255200,53.14179200,-40.59075000,27.26438300,-25.71211400,37.76825300,-29.59487000,-11.07558300
92,0.76170731,2.96867585,77.92416337,3.10863930,0.46045118,103.72423617,-2.11574840,13.47748500,-2.63707160,5.77379470,5.90099860,-11.69076700,1.38786360,-24.20380800,1.60136090,5.79554650,3.84834150,15.00003300,-1.50561050,3.19089220,7.87991860,9.84086100,22.48438000,-29.91174000,62.76432000,-4.39434000,0.82857877,8.25140400,53.36372400,-40.46534700,25.38612000,-25.16860200,39.22356400,-29.81439600,-12.13345200
93,0.78425157,3.07779384,77.91780881,3.17254884,0.65418608,103.67209777,-2.19727040,13.46866000,-2.63064890,5.78617000,5.93300870,-11.75617800,1.29592370,-24.26453200,1.63671640,5.80413700,3.78797050,15.00003300,-1.36888410,3.10943820,7.96673060,10.19537300,22.63860500,-29.61512200,62.32727000,-4.17829600,0.63435200,8.29247300,54.16403200,-40.34062200,22.40343700,-24.71120000,40.05658000,-29.77158700,-13.45051400
94,0.79672986,3.18139982,77.91538290,3.21319906,0.86495063,103.60056712,-2.28567600,13.47395200,-2.61117720,5.80723520,5.94038500,-11.86181200,1.17015210,-24.31760600,1.65805050,5.83125730,3.72753170,15.00003300,-1.30270520,2.95456030,8.00893700,10.59791300,22.77120400,-29.24795700,61.92600300,-3.77144200,0.48915630,8.36390200,54.53351000,-40.28652000,19.30089200,-23.43112400,40.79112600,-29.63781200,-15.15134100
95,0.79655975,3.28007746,77.90401137,3.26848583,1.08364350,103.50711533,-2.37077860,13.47043100,-2.58266970,5.83515640,5.92643740,-12.02233900,1.10186300,-24.38649000,1.63116110,5.78527900,3.69736170,15.00003300,-1.26597210,2.79415350,8.07977500,11.04768100,22.87532400,-28.70309000,61.52731700,-3.27028630,0.38142172,8.45154300,54.60311000,-40.27917500,15.83742100,-21.34820700,42.05539300,-29.27742000,-16.83913400
96,0.77021915,3.36863184,77.87593444,3.33113832,1.20183108,103.42587202,-2.44852330,13.44742700,-2.50582580,5.87435770,5.83397250,-12.00848400,1.00257440,-24.46305300,1.75216210,5.80145700,3.72756580,15.00003300,-0.96620820,2.80827780,8.29227100,11.53552500,22.99693000,-28.06088300,60.63686800,-3.51764680,0.30169088,8.67505550,55.57417300,-40.31122600,11.20232200,-19.40585100,43.23227000,-28.00283600,-18.13228400
97,0.72185618,3.45225263,77.89342087,3.38964823,1.24811505,103.29491882,-2.51535220,13.38992600,-2.48123700,5.91289400,5.97525500,-11.96504900,0.90288760,-24.56882500,1.85400270,5.81634500,3.84326600,15.00003300,-0.81335620,2.75675130,8.43917400,12.14475100,23.08179300,-27.80027000,59.78493500,-3.10725800,0.22959794,8.78256900,55.48951700,-40.35568600,7.45084300,-15.99512900,43.24329000,-27.51264800,-19.83330200
98,0.64902616,3.53366017,77.92499284,3.45187251,1.30459282,103.07282030,-2.57685420,13.31007400,-2.47073270,5.95889230,6.14175800,-11.88000100,0.75977284,-24.68932300,1.99100330,5.82274800,4.03715500,15.00003300,-0.69234340,2.66589020,8.59217300,12.86487900,23.11656000,-27.26884800,58.90869000,-3.16650700,0.06451027,8.96025100,54.85411500,-40.34127800,4.24456830,-11.88953900,43.19862400,-26.74670400,-21.35964800
99,0.54958785,3.61484623,77.95435312,3.50744885,1.43830103,102.79815544,-2.65118580,13.22715400,-2.45480180,6.01163900,6.21097140,-11.77912800,0.55987376,-24.80958700,2.15542400,5.82735100,4.25217700,15.00003300,-0.59699420,2.50812530,8.73157600,13.64246500,23.09804000,-26.29270600,58.08351500,-4.03961200,-0.21596777,9.23947500,53.62663000,-40.24198000,1.66587470,-7.24356130,43.37961000,-25.16804000,-22.38729700
100,0.41659948,3.69957948,77.97934172,3.47594726,1.79824200,102.70447842,-2.81225600,13.23117500,-2.39131700,6.04599670,6.08375100,-11.81028200,0.33239020,-24.86868700,2.21372530,5.79804800,4.29326800,15.00003300,-0.61624080,2.36246400,8.83544900,14.38796000,23.07981700,-25.41140200,57.24775000,-4.58319100,-0.42536333,9.26894300,52.20261000,-40.11892300,-0.46098572,-2.69467000,42.49579200,-22.31232000,-22.44893500
101,0.25330260,3.78464603,78.07975713,3.37855494,2.00363901,102.53373392,-2.88835260,13.20215400,-2.43714020,6.10569670,6.15243600,-11.68804900,0.11921017,-24.92187000,2.31659900,5.85068300,4.36746170,15.00003300,-0.47719380,2.24316330,9.00347400,15.09682300,23.05626300,-24.37560000,56.22568500,-4.99201150,-0.53368520,8.97564000,50.19253500,-39.86332700,-2.30989170,2.92440410,41.58251600,-19.70451000,-22.53515800
102,0.06455451,3.87152243,78.17000676,3.26657073,2.20672861,102.25173535,-2.91561220,13.19842600,-2.44192030,6.16407730,6.16072400,-11.68952000,-0.10128118,-24.98589700,2.35294460,5.82089000,4.41338600,15.00003300,-0.33738407,2.06701680,9.18851100,15.62691900,23.08562700,-23.53184100,55.46989400,-5.60310650,-0.67970264,8.89782200,47.46273800,-39.60284000,-3.59346700,9.21752400,41.30132700,-16.55146400,-21.47064000
103,-0.14637588,3.95685291,78.25553638,3.11350898,2.41834946,101.92492209,-2.92189980,13.23095700,-2.39330400,6.21808400,6.08881900,-11.77183400,-0.39049870,-25.03201100,2.40564920,5.86583900,4.36904530,15.00003300,-0.12597036,1.87906670,9.41838000,15.92802400,23.20267100,-22.83568600,54.85944000,-6.16467100,-0.85363066,9.03448400,44.41364000,-39.25611000,-4.41591840,15.84069300,41.22297700,-13.26624400,-19.70037700
104,-0.37894461,4.03878784,78.39646035,2.77350223,2.50545179,101.77534808,-2.88151220,13.36142000,-2.42908720,6.27443000,6.00441550,-11.73200100,-0.44579503,-24.92853500,2.46995280,5.87510440,4.37531850,15.00003300,0.16196845,1.79642680,9.64468500,15.94086600,23.38966000,-22.16407000,54.23980000,-6.17881770,-0.97551640,9.22015800,41.28975000,-38.89423800,-4.44792650,22.90128300,40.58933600,-11.15698050,-18.62424000
105,-0.60979158,4.11524820,78.48726785,2.65181599,2.86378713,101.38473818,-3.02847120,13.36781600,-2.34959750,6.34720560,5.98924450,-11.73707000,-0.78909400,-24.99680500,2.44908330,5.93809560,4.22147400,15.00003300,0.52893880,1.71480950,9.89373200,15.73985100,23.62505700,-21.91507000,53.65698200,-6.13056700,-1.28925320,9.46323300,37.59358600,-38.63586000,-3.93968490,30.60132200,40.24902700,-8.54937200,-16.77242900
106,-0.83757311,4.17935944,78.61192422,2.43634534,3.12393525,100.95804726,-3.08796450,13.42276300,-2.34151900,6.42555950,6.00553270,-11.75547000,-1.04464730,-24.99367300,2.40288690,5.93949700,4.16200830,15.00003300,0.89163630,1.58185980,10.21880800,15.48095900,24.09486000,-21.43028600,52.87894400,-6.27647100,-1.33946120,9.39779900,33.59401300,-38.23996700,-2.56263300,37.69866600,39.66803000,-6.56737800,-15.54581200
107,-1.05622983,4.22598076,78.71773484,2.11486775,3.31651854,100.48078489,-3.75162460,13.51268900,-2.50153300,7.83258300,5.29679100,-11.72598200,-1.30638430,-24.89848500,2.40471270,5.98698570,4.17734050,15.00003300,1.32656480,1.63925250,10.59301400,14.88103500,24.48881100,-20.93310500,52.16774000,-6.37871800,-1.32833990,9.24880000,30.23137500,-37.92103600,-1.29754110,43.17649500,39.08978000,-5.11634800,-14.62330000
108,-1.25707114,4.25350857,78.82173275,1.69123532,3.40189118,100.01433865,-4.40467260,13.67192100,-2.72651430,9.29624100,4.48968270,-11.61654100,-1.41574620,-24.71492200,2.35244850,5.98535160,4.30256940,15.00003300,1.63275900,1.59997700,10.95865900,14.25905300,24.98994000,-20.26456800,51.36979700,-6.14671700,-1.42366050,9.27650500,26.69589200,-37.50068000,0.29063293,47.74210400,38.65944700,-4.33946560,-13.79744300
109,-1.41327155,4.24703646,78.87249785,1.41909583,3.44545395,99.42922465,-5.13931130,13.73317400,-2.95761370,10.95775500,3.70330520,-11.58651100,-1.61180970,-24.63226100,2.35630300,6.01317550,4.41997300,15.00003300,1.98676300,1.49973080,11.45661000,13.46837800,25.68574100,-19.86067000,50.43837000,-5.95241500,-1.37456380,9.04229000,22.44980800,-36.97141000,2.65428700,52.40912600,37.82633000,-3.47942140,-12.58923500
110,-1.52178812,4.20448589,78.88338862,1.22066657,3.32085302,98.84389239,-5.48955800,13.79646700,-3.06838100,12.02920800,3.09920330,-11.58142200,-1.64321210,-24.54265200,2.34391700,6.03121900,4.43229060,15.00003300,2.26106500,1.40591140,11.71401200,12.90508500,26.31815500,-19.42018000,49.57954000,-5.37867300,-1.34031470,9.15407600,19.54925500,-36.44147000,4.52954800,54.64658700,36.19728000,-2.64379670,-12.39116000
111,-1.57911122,4.12653589,78.85992261,1.06225937,3.22169231,98.13429299,-5.82217300,13.87118100,-3.14447860,13.02223800,2.45925350,-11.57310100,-1.67426320,-24.43725000,2.28016700,6.05900050,4.39456940,15.00003300,2.63648060,1.36277090,11.98259450,12.39198200,26.99615500,-18.98281700,48.55450000,-4.89608760,-1.25718020,9.18389400,16.47234500,-35.78358000,6.51566650,56.48261600,34.28818000,-1.79611120,-12.02804400
112,-1.58287263,4.01018429,78.81363738,0.91418149,3.23540801,97.26117340,-6.29827800,13.96459800,-3.24067500,14.14299900,1.74199030,-11.55905900,-1.78205370,-24.30290400,2.15105100,6.10001130,4.34139160,15.00003300,3.15559340,1.38122550,12.37473600,11.72754400,27.74008400,-18.59469600,47.50077000,-4.64125900,-1.15106740,8.95986750,12.94596400,-34.94308500,8.81104800,58.42894700,32.48313500,-0.94592470,-11.13368700
113,-1.52560925,3.83748531,78.79978457,0.77211019,3.33662583,96.31428177,-6.81278370,14.04706700,-3.35810470,15.13349900,1.28388640,-11.59135200,-1.98388980,-24.14813600,2.02980640,6.11543130,4.32826380,15.00003300,3.56223920,1.29813590,12.75120300,11.18420600,28.53757700,-18.16711800,46.80642000,-3.99510980,-1.14560500,8.81616700,9.94088300,-33.86483000,11.08033700,59.50632000,31.04538000,-0.37885666,-10.71412100
114,-1.40845120,3.59441781,78.75330429,0.61728207,3.30585199,95.22998479,-7.38161700,14.17612400,-3.43864320,16.18913500,0.75171700,-11.53596100,-2.16811400,-23.93454600,1.90855260,6.26550870,4.32204250,15.00003300,4.10334440,1.22346820,13.13765300,10.28834200,29.30754500,-18.20076200,46.61820000,-3.28837660,-1.09557350,8.99320300,6.88566900,-32.77408200,13.65925800,59.50861400,29.42086800,0.15325427,-10.14379900
115,-1.25682950,3.29962373,78.69457596,0.46551712,3.14875669,94.17448390,-7.68854600,14.35185900,-3.54975000,16.92730000,0.30381470,-11.54423700,-1.96231280,-23.64077200,1.60130380,6.00263100,4.46995970,15.00003300,4.53194900,0.79364450,13.44391600,9.71684200,30.50996600,-18.21858600,46.43555500,-2.69169070,-0.99624950,9.41604600,3.49583630,-30.93054400,16.86182200,59.33125000,27.10377000,0.80231434,-9.49218700
116,-1.06549823,2.93757534,78.59108815,0.55880190,3.00644731,92.95664874,-7.92543800,14.33022800,-3.47950030,17.51214600,-0.05947137,-11.57363400,-2.11555650,-23.53472500,1.54172120,6.18513540,4.36136700,15.00003300,5.19751640,0.14907762,13.72571700,9.04592200,31.66350200,-18.45850600,46.48614000,-1.85485850,-1.04498020,9.93190000,0.65288920,-29.12408600,19.83221000,58.13929700,23.85910000,1.55171070,-8.54175000
117,-0.84886521,2.50947523,78.46503768,0.62717445,2.61870508,91.55379618,-8.28614900,14.32471500,-3.51377960,18.54885900,-0.49424830,-11.56767300,-2.00157260,-23.35840000,1.36459370,6.25286440,4.25588900,15.00003300,5.85887580,-0.59353070,13.96272850,8.32042000,32.89392500,-19.15317200,47.06691400,-0.49757007,-1.60201680,10.23453000,-2.38221700,-27.32021900,23.37631200,56.78111300,19.95796600,1.84290170,-7.42274330
118,-0.63843584,2.01583815,78.30762722,0.77518791,2.01887135,90.18664031,-8.35514300,14.27959500,-3.48672680,19.30483400,-0.87638474,-11.63647400,-1.75405730,-23.22533000,1.28376150,6.23767570,4.20936400,15.00003300,6.43174300,-1.42784010,13.92453400,8.01992700,34.36181300,-20.01996400,47.32760200,1.52164220,-2.24507980,10.43717100,-6.46830650,-25.39959500,26.76781300,55.19941300,16.90863600,1.71140710,-6.00063470
119,-0.44539779,1.48711824,78.15252690,0.93129738,1.41923474,88.85872015,-8.37497400,14.20656600,-3.42816540,19.91685700,-1.25222650,-11.59444300,-1.57276760,-23.09910000,1.29346690,6.26506950,4.21759200,15.00003300,6.92629430,-2.32005000,13.90252000,7.68284850,35.62593000,-20.94875700,47.90862700,3.57684060,-2.58480570,10.75637000,-10.70946700,-23.85305800,29.57978200,53.08030300,14.72328300,1.64861140,-4.97758250
120,-0.27686173,0.93463624,78.01186472,1.04242996,0.79971587,87.59102387,-8.33195800,14.16365000,-3.34483000,20.36412600,-1.58328590,-11.51256800,-1.37010880,-22.92889800,1.34566760,6.27609160,4.39058830,15.00003300,7.21224830,-3.23494720,13.84218100,7.61984730,36.81202300,-21.77471500,48.55401600,5.37593600,-2.77669200,11.06672500,-15.33564000,-22.43638800,32.08348000,50.76904700,13.15377000,1.63783440,-4.09609840
121,-0.13776799,0.36779618,77.89193251,1.08306316,0.15245386,86.37223722,-8.20878300,14.19029100,-3.21077970,20.61631400,-1.82810990,-11.47822700,-1.13381040,-22.68672800,1.43647360,6.30352450,4.78168400,15.00003300,7.22669100,-4.10754540,13.72077200,8.14305900,37.99653600,-22.22259100,48.94719000,6.75943500,-3.02633050,11.22073800,-20.36508800,-21.00212300,34.37809400,48.29543700,11.83343300,1.62177990,-3.02847270
122,-0.03355421,-0.20050921,77.82819506,0.94600213,-0.39576609,84.93079900,-7.93057060,14.36654950,-3.00939040,20.57453300,-2.08865380,-11.50049800,-0.86221660,-22.31594700,1.46751700,6.31698130,5.17755030,15.00003300,7.20523100,-4.85749400,13.29723300,9.08299300,38.87830700,-21.87887400,50.00063000,7.39041100,-3.05278590,11.24931200,-26.08791200,-20.00106200,36.30349000,44.73697700,11.20361500,1.77495730,-2.41204520
123,0.04083460,-0.75319844,77.82050834,0.66048616,-0.90329874,83.78552744,-7.58609000,14.64505700,-2.83601240,20.35587300,-2.22865300,-11.70281700,-0.64568627,-21.87503600,1.49127880,6.35201500,5.73988630,15.00003300,6.63885000,-5.58376360,12.91386300,10.91594000,39.77574500,-20.84084100,50.13994000,7.99206300,-3.09870980,11.41652000,-32.55891000,-19.05433700,38.04669600,41.50018700,11.20308100,2.05983520,-1.61028540
124,0.10482862,-1.28978074,77.81165485,0.37284517,-1.37483168,82.77289308,-7.17967750,14.94665400,-2.60026480,19.93854000,-2.33150150,-11.94978100,-0.44056094,-21.45110700,1.50651000,6.37055730,6.23165460,15.00003300,6.02810200,-6.13965750,12.46315800,12.62707600,40.36959500,-19.85074800,50.41820500,8.33172900,-3.08198380,11.69975300,-39.05426000,-18.51790600,39.51761200,38.10018500,11.30681900,2.31485650,-0.91044915
125,0.17460284,-1.80891955,77.78657892,0.17946251,-1.74973760,81.75770993,-6.69127300,15.20486300,-2.25554630,19.24039600,-2.37987970,-12.18119200,-0.29204944,-21.10776500,1.52777390,6.38784100,6.55525260,15.00003300,5.34407950,-6.58010000,11.90156900,14.38358500,40.75166000,-18.73580000,50.86740000,8.13631300,-2.99012540,11.94812300,-45.56401400,-18.25965700,41.00813000,34.62180700,11.41829700,2.42676020,-0.49512327
126,0.26763853,-2.29808068,77.86113138,-0.04945343,-1.77226966,80.57569722,-6.00053930,15.50872700,-1.95777120,17.96083800,-2.08508250,-12.48885700,-0.30124173,-20.69425400,1.46397510,6.33735130,6.99165440,15.00003300,4.43837600,-6.71826300,11.33863600,16.52525700,40.94003000,-17.37439200,51.24039000,6.63259940,-2.88883300,11.85066700,-52.42484000,-18.24094200,42.20455000,31.52839500,12.06409300,2.45894900,-0.17564557
127,0.41229627,-2.77225852,77.89122496,-0.20072280,-1.98171880,79.24368268,-5.35645600,15.71793300,-1.68605640,17.03332500,-1.88804570,-12.77288500,-0.28475416,-20.40105400,1.41348340,6.39864300,7.30603080,15.00003300,3.27440050,-6.86941530,10.89201100,19.32259200,40.99950000,-15.47670600,50.89538200,5.82733100,-2.72997430,12.01764300,-59.37887000,-18.47465500,43.70955300,29.09100000,13.24904900,2.06734470,0.24026413
128,0.60077763,-3.22378755,77.88704712,-0.25425161,-2.30049710,78.07821347,-4.70327400,15.89518800,-1.50648060,16.17513300,-1.56496060,-13.09402600,-0.11964229,-20.16485200,1.36845610,6.36969470,7.58377360,15.00003300,2.26057720,-6.81046700,10.43845600,21.45189000,40.87894400,-14.29767300,51.03506000,4.75102420,-2.63097570,11.95195900,-66.31270000,-18.88544800,44.92161000,27.14521400,14.48823100,1.57269940,0.60636000
129,0.84031999,-3.65223956,77.85332790,-0.15562587,-2.62054940,77.05996881,-4.07779600,15.99424800,-1.38440750,15.31965400,-1.06770350,-13.42194700,0.05105376,-20.03784200,1.37515440,6.33945470,7.89457130,15.00003300,1.24081620,-6.60407000,10.03540100,23.41828300,40.58271400,-13.25482300,51.19595000,3.35236200,-2.55504420,11.50121800,-73.25590500,-19.52039000,46.26322000,25.27576800,15.85050900,0.88843370,0.78754490
130,1.14313221,-4.05573463,77.82058569,0.01797353,-2.83929288,76.04757798,-3.55103500,16.06051300,-1.34665900,14.51040000,-0.43856165,-13.68163700,0.13019414,-19.96462200,1.35452260,6.33442000,8.46308900,15.00003300,0.29292828,-6.22696400,9.71671300,25.09310700,39.98973000,-12.21980700,51.37466000,1.77382550,-2.38320400,10.77329600,-79.94802000,-20.62379600,48.18401000,23.00154900,17.43694100,-0.32518557,0.81958640
131,1.51615822,-4.42148876,77.95822203,0.25214773,-2.71280919,75.58899870,-3.03587820,16.10524400,-1.21613350,13.18157600,0.39144328,-14.05035900,0.16865881,-19.97683300,1.46474590,6.33366540,8.53200150,15.00003300,-0.80954504,-5.70444500,9.44831000,26.51712800,39.01001400,-11.87661500,52.02820600,1.07014000,-2.34626150,10.54609300,-87.01272600,-22.52263800,49.95652800,21.42383200,18.45792400,-0.95157040,0.95576537
132,1.93874967,-4.77013540,78.16052951,0.48990207,-2.57930360,75.04707285,-2.75333210,16.14815000,-1.19065200,12.20880700,1.20654480,-14.31722100,0.20868383,-20.03458200,1.58485360,6.39471670,8.84918400,15.00003300,-1.72756800,-5.09046500,9.17790300,27.73043300,38.02947000,-11.73281500,52.75008000,0.44002777,-2.22898700,10.30749000,-94.39919000,-24.65512800,51.62466000,20.79844000,20.27828000,-1.87286320,0.78525900
133,2.40216517,-5.10281086,78.38919969,0.67596246,-2.47717286,74.19538059,-2.50612400,16.28741300,-1.25912210,11.46117500,1.94774780,-14.62253950,0.29880110,-20.07643900,1.64248560,6.45216040,9.43204100,15.00003300,-2.52119500,-4.37261870,8.99451700,28.74493800,37.03149000,-11.73045600,53.56857000,-0.17098065,-2.17550730,10.02002300,-102.23743000,-26.98626300,53.48880000,20.71607800,22.82230400,-3.03658490,0.61658190
134,2.89656830,-5.42042685,78.62693006,0.84225213,-2.39884834,72.87346667,-2.03856420,16.52483700,-1.32780860,10.62144200,2.62883700,-15.00003300,0.42406300,-20.13619000,1.62379810,6.49336150,10.16699600,15.00003300,-3.17258300,-3.62189800,8.91201800,29.31415600,36.05317000,-12.12319600,54.79366700,-0.86501414,-2.35204600,9.68668600,-110.56235500,-29.43057000,55.75615700,20.82305500,25.81523700,-4.26563500,0.82125610
135,3.42060375,-5.71530819,78.81581930,1.36383931,-2.47558237,72.13236780,-1.49207290,16.45755400,-1.31977260,9.34173700,3.86271640,-15.00003300,0.73898960,-20.51467000,1.88946930,6.51151200,10.19715000,15.00003300,-3.78743030,-3.23895070,8.86078200,29.50965700,35.11659600,-12.54715600,56.28696400,-1.82622030,-2.27971840,9.17243800,-118.23667000,-31.92210600,59.12040000,22.33103000,28.93606000,-5.42275760,0.83847680
136,3.95205021,-5.98933077,79.00109784,1.75481411,-2.58597108,71.55689086,-0.79242540,16.58856400,-1.23036540,7.60903070,5.21278240,-15.00003300,1.01836750,-20.80519000,2.05391220,6.54975650,10.48127000,15.00003300,-4.33588080,-2.58925320,8.92744300,29.53456300,34.19496000,-13.54871300,57.75562000,-1.72765960,-2.14454340,8.57628200,-126.15207000,-34.44434400,62.13065000,23.49399600,32.62961000,-6.75564580,1.33306860
137,4.49831200,-6.24360466,79.14016896,2.01138774,-2.51476064,70.76235550,-0.46651060,16.86399300,-1.35132670,6.46331100,6.13629770,-15.00003300,1.16464300,-20.97924800,2.17917320,6.57642800,10.65514200,15.00003300,-4.73433880,-2.00715370,9.09865950,29.37276600,33.36005000,-14.46243100,59.21657600,-1.89008830,-2.12747670,8.19900500,-133.71828000,-36.91402400,65.41224000,24.80082300,36.19186000,-8.01779500,1.92833350
138,5.06229401,-6.47834301,79.23484540,2.19875487,-2.23294859,69.64070206,-0.71006080,17.20736100,-1.79237320,6.33854000,6.46513370,-15.00003300,1.17016170,-21.07355500,2.31389620,6.57891130,10.59932200,15.00003300,-5.02313000,-1.67809690,9.27027300,29.11851900,32.65224000,-15.02815300,60.71045300,-2.86363700,-2.27760340,8.09775000,-140.47925000,-39.23758000,68.94065000,26.50985300,39.08650200,-9.10807200,2.25916360
139,5.63708591,-6.68819475,79.45489194,2.71274493,-2.26623229,68.80397302,-0.88605464,17.39451200,-2.19474580,6.22504950,7.04773330,-15.00003300,1.30271570,-21.36098000,2.49461530,6.60308000,10.80229000,15.00003300,-5.38951700,-1.45115940,9.19914800,28.92240000,31.97223700,-16.13592700,62.53202400,-3.41662140,-2.34718010,7.68435860,-146.11209000,-41.45969000,71.82658000,28.28217300,40.86437200,-10.03422000,1.83300760
140,6.23123407,-6.86830425,79.65169233,3.06512636,-1.89871386,67.58283398,-1.25729250,17.58409500,-2.79635430,6.11235400,7.98248530,-15.00003300,1.18021640,-21.50076000,2.61175000,6.57453630,10.99865500,15.00003300,-5.70650700,-1.44107510,8.87863400,29.00263400,31.38611800,-16.55630300,64.02505500,-4.40502800,-2.32766800,7.59995030,-149.99430000,-43.52573800,74.63672000,29.52532800,41.57369600,-10.90524200,1.07872660
141,6.83555460,-7.02732563,79.91375670,3.45870594,-1.47302780,66.25931175,-1.58907410,17.70906300,-3.39657000,6.00337460,9.04405400,-15.00003300,1.02646740,-21.61144400,2.61410900,6.52995600,11.39080200,15.00003300,-6.13804900,-1.50770310,8.30191100,29.33517300,30.82709700,-17.04731000,65.42590000,-5.17337940,-2.15132240,7.56275750,-152.95709000,-45.44824000,76.91082000,30.72331600,42.12339000,-11.85308600,0.37831720
142,7.44601488,-7.16675377,80.22069528,3.94860941,-1.09468321,64.94926287,-1.81929360,17.77099000,-3.98165940,5.90535200,10.06432800,-15.00003300,0.89196640,-21.72552500,2.54099870,6.48073300,11.80690000,15.00003300,-6.73014970,-1.62280430,7.56030500,29.80647900,30.23770300,-17.74862700,66.86774000,-5.59553580,-1.86175410,7.54170660,-155.17683000,-47.23782300,78.65136000,32.00052300,42.64532000,-12.79456700,-0.39415988
143,8.05861282,-7.28519917,80.46702423,4.52614874,-0.80418922,63.76056598,-1.96399430,17.81615400,-4.65739970,5.84233500,10.78278350,-15.00003300,0.73527850,-21.83343700,2.52173610,6.46595400,11.69188700,15.00003300,-7.49481500,-1.83676160,6.87383900,30.25623000,29.61870800,-18.45043200,68.39360000,-5.77033300,-1.60257380,7.61620200,-156.60394000,-48.87544000,80.11107000,33.36893500,42.84079400,-13.42822100,-1.80004260
144,8.67135811,-7.38050127,80.86976526,5.08542347,-0.40033413,62.08366338,-2.26455100,17.78913900,-5.47897340,5.80881300,12.02739900,-15.00003300,0.50581920,-21.88272900,2.32662900,6.42493200,12.45571400,15.00003300,-8.38546500,-2.12458800,6.38025000,30.63414200,29.05879200,-18.59316400,69.57487500,-6.36817550,-1.53240060,7.67289300,-157.77905000,-50.25459000,81.59087000,34.71218500,43.78418700,-13.89972400,-2.44210530
145,9.28192902,-7.45872021,81.23994170,5.72534503,-0.02937315,60.29265004,-2.34621260,17.65392700,-6.27420950,5.64831600,13.23766600,-15.00003300,0.23510739,-22.01140400,2.16762540,6.38824560,13.03364850,15.00003300,-9.41902000,-2.45902250,5.97176600,31.67620300,28.72836900,-18.60026000,70.05224600,-6.67523100,-1.48848580,7.73384480,-158.69362000,-50.88878300,82.81444500,36.90994600,44.32192200,-14.13314150,-3.61983440
146,9.88171577,-7.51949549,81.54201810,6.34562082,0.35675850,58.60787075,-2.37471410,17.53757500,-7.05568840,5.58872750,14.05903800,-15.00003300,-0.06723590,-22.13073000,1.99992510,6.36240150,13.29204750,15.00003300,-10.46141700,-2.70388030,5.57614370,32.81746700,28.43344500,-18.68753600,70.43766000,-6.89992480,-1.45269300,7.65692760,-159.34009000,-51.30331400,83.79963000,39.61505500,44.27333000,-14.11834050,-5.08172750
147,10.46957397,-7.55957508,81.77215133,6.94656587,0.75611719,57.15390146,-2.26159740,17.47387500,-7.66600560,5.56212300,14.31000300,-15.00003300,-0.35575554,-22.25256300,1.87033400,6.36084750,13.19564100,15.00003300,-11.34374000,-2.75958870,5.21406840,33.94842500,28.06745000,-18.80249400,70.73614000,-7.17448430,-1.34641470,7.44568100,-159.94353000,-51.69111300,84.89902000,42.47992700,43.96485000,-13.97329900,-6.53513200
148,11.03481865,-7.56011391,81.94141536,7.32323752,1.26103347,56.12569194,-2.06853000,17.54901700,-8.16563200,5.55230000,14.28640650,-15.00003300,-0.63532937,-22.25361800,1.68564010,6.35615160,13.10357800,15.00003300,-12.06968800,-2.47548870,4.92651900,34.71770000,27.72119100,-18.92114800,70.91461000,-7.35592370,-1.00562630,7.39599900,-160.51524000,-52.01195000,85.81101000,44.98804000,44.28232000,-13.87694700,-7.27881600
149,11.59613609,-7.53305101,82.10660941,7.72357405,1.94255893,55.05469974,-1.89176680,17.56002400,-8.70878300,5.52130840,14.35164900,-15.00003300,-1.03574290,-22.27331500,1.54180510,6.35713670,12.97166900,15.00003300,-12.85488600,-2.25427580,4.83584360,35.44912300,27.36722600,-19.10354600,70.97787000,-7.53069640,-0.67750907,7.36685800,-160.98500000,-52.30841400,86.71443000,47.97992000,45.01759300,-13.46212500,-8.13213300
150,12.15328312,-7.47911119,82.20076890,8.07722165,2.61934014,54.04189878,-1.63431820,17.59281300,-9.20490900,5.53350350,14.06248800,-15.00003300,-1.46307740,-22.27968200,1.53625680,6.37747760,12.57730900,15.00003300,-13.54006600,-1.95668980,4.86958070,36.06309000,26.99835400,-19.36002000,70.91215500,-7.60740300,-0.37115353,7.37620700,-161.39664000,-52.59192300,87.60251600,50.96274600,46.05361000,-12.97832200,-8.98980900
151,12.70926476,-7.39906216,82.23584292,8.38509708,3.19874821,53.11124608,-1.24818110,17.67762000,-9.61208800,5.54123640,13.31824000,-15.00003300,-1.86839130,-22.27260400,1.70182230,6.41563460,11.85231600,15.00003300,-14.04546100,-1.53246410,5.01563900,36.48059000,26.61428500,-19.65351300,70.79616500,-7.69663760,-0.14124285,7.40010740,-161.75702000,-52.86409000,88.47913000,53.63271700,47.14068000,-12.51373600,-9.74256800
152,13.28350735,-7.29231405,82.32180819,8.85182473,3.78672873,52.03689083,-0.98243470,17.67441700,-10.06174600,5.46533250,12.83237500,-15.00003300,-2.31625600,-22.34820600,1.93054010,6.45718240,11.13164200,15.00003300,-14.46253900,-1.03924820,5.39122340,36.74188200,26.30393200,-19.69171500,70.90048000,-8.63656600,-0.21318477,7.07956840,-161.67941000,-53.07448000,89.20643600,55.62038400,47.12994000,-11.81869700,-10.27139700
153,13.87435341,-7.16088581,82.45214124,9.18455065,4.55016566,50.97864812,-1.00428900,17.68796300,-10.69136800,5.50858200,12.81063800,-15.00003300,-2.76493570,-22.32944100,1.84829550,6.47978700,10.83539700,15.00003300,-14.87627900,-0.68583730,5.95602850,36.95144700,25.97772400,-19.64745300,71.07655000,-9.23798800,-0.14372571,7.09707160,-161.64120000,-53.28903600,90.08861500,57.84094200,47.81043200,-11.34105700,-10.51761500
154,14.47617531,-7.00370169,82.54871529,9.62645350,5.17767781,50.05683927,-0.95994854,17.66406000,-11.19383300,5.46778150,12.63207150,-15.00003300,-3.15648000,-22.40111200,1.96568880,6.50158550,10.28569800,15.00003300,-15.20179400,-0.29244680,6.53741400,37.02577200,25.71352400,-19.51663000,71.25447000,-10.00666600,-0.13794716,7.08564950,-161.40980000,-53.45151500,90.92671000,60.00223000,48.53363000,-10.98034400,-10.48397000
155,15.08684731,-6.82099152,82.61458043,10.13947252,5.70939194,49.39468415,-0.92954110,17.63829200,-11.57913400,5.48255400,12.12502500,-15.00003300,-3.50833730,-22.52624900,2.24514100,6.52702570,9.52361000,15.00003300,-15.48738500,0.10149631,7.19720650,36.98172800,25.44936200,-19.28957600,71.41888000,-10.87892100,-0.19167173,7.04874230,-161.22000000,-53.60497300,91.86371600,62.12023000,49.19262300,-10.55441300,-10.30372400
156,15.71075630,-6.60883951,82.70374327,10.48221767,6.39201407,49.12852821,-0.92497820,17.75422300,-11.88533600,5.43247200,11.58440200,-15.00003300,-3.84303640,-22.52329600,2.31010000,6.53672650,9.12589900,15.00003300,-15.86721500,0.46236804,7.91204550,36.93880000,25.18800500,-19.10507400,71.71873500,-11.01534900,-0.09474637,7.03716040,-161.13193000,-53.75873600,92.86926000,64.12855500,50.00973000,-9.94976500,-10.26505300
157,16.35067368,-6.36480427,82.81857055,10.88730119,7.36318446,48.93467171,-1.24566190,17.86844400,-12.36982100,5.46413370,11.34749500,-15.00003300,-4.24511200,-22.51696400,2.25219060,6.53351400,8.74713000,15.00003300,-16.29112400,1.05777130,8.63721100,36.81664700,24.95698200,-18.99228500,71.93655400,-11.36293400,-0.08201410,7.07560800,-160.92139000,-53.90527700,93.73974600,65.99703000,50.82303600,-9.67531900,-10.29979700
158,16.98401070,-6.09324169,82.88334760,11.26733852,8.09969520,48.68004611,-1.41313680,18.02569400,-12.77617900,5.44991160,11.01573800,-15.00003300,-4.55040700,-22.56320200,2.25424170,6.56666700,8.27479000,15.00003300,-16.61300800,1.65093030,9.40085800,36.62439000,24.75859800,-18.86504200,72.27725000,-11.97201600,-0.18232553,7.23622750,-160.61168000,-54.04427000,94.55973000,67.61359400,51.47848000,-9.48730200,-10.63851600
159,17.60591888,-5.79004335,82.91217702,11.54345226,8.83001183,48.53169442,-1.54362860,18.26765800,-13.09814900,5.47806800,10.50117400,-15.00003300,-4.83046440,-22.55858000,2.24339500,6.60739100,7.81725700,15.00003300,-16.86298600,2.28227780,10.28328500,36.30567000,24.57645600,-18.70844800,72.57829000,-12.51612500,-0.19421434,7.38102600,-160.32346000,-54.19623000,95.36122000,69.13097000,52.11200000,-9.23067950,-11.28046700
160,18.21403313,-5.45119190,82.92390906,11.69589383,9.87687266,48.69381249,-1.71959200,18.59344900,-13.30872600,5.46774440,9.85542400,-15.00003300,-5.20626160,-22.43833000,2.14668750,6.64702600,7.49885130,15.00003300,-17.13186500,2.93914000,11.29236000,35.80135000,24.40738500,-18.54126200,72.69484000,-12.65463300,0.16463248,7.35934070,-160.09680000,-54.38741700,96.13827500,70.77139000,53.01241300,-8.75744900,-12.07376700
161,18.77882767,-5.06490469,82.99248823,12.12159170,10.67887633,48.95274123,-1.87169210,18.79817200,-13.36432300,5.56376840,9.02578900,-15.00003300,-5.43540860,-22.51707600,2.21663710,6.72143700,7.20286800,15.00003300,-17.64460200,3.74628600,12.46790300,35.15498400,24.29621500,-18.37699700,72.98083500,-13.48720200,0.15915938,7.44723900,-159.63882000,-54.57248700,96.78754400,71.72966000,54.73847200,-8.41606100,-12.71407400
162,19.31063080,-4.64749479,83.07477183,12.38913757,11.43117150,49.17846096,-2.33703570,18.99762200,-13.78491700,5.58676050,9.03953500,-15.00003300,-5.56632570,-22.50938000,2.09620550,6.73146600,7.30788950,15.00003300,-18.09434300,4.34802700,13.65766600,34.52777500,24.18633500,-18.05524000,73.25825500,-14.07684700,0.16722819,7.42899400,-159.10300000,-54.85753300,97.68684000,73.20541000,55.61481000,-7.99818300,-13.24274500
163,19.79686737,-4.19701433,83.08080845,12.49764941,12.22960723,49.43166161,-2.89040680,19.27677500,-14.15995600,5.63546370,8.99695400,-15.00003300,-5.70789700,-22.42785300,1.97497300,6.76617400,7.31255700,15.00003300,-18.36835900,4.98508170,15.03614800,33.74666600,24.10926800,-17.58062400,73.53085000,-14.63452400,0.36248928,7.44440900,-158.57840000,-55.27923200,98.77118000,74.85646000,56.52564600,-7.47648430,-14.06402000
164,20.22987175,-3.71347880,82.96212014,12.42699808,13.17293650,49.74750837,-3.35469700,19.70911600,-14.28140700,5.66700100,8.50577400,-15.00003300,-5.92150400,-22.23848700,1.94413660,6.84167150,6.96613360,15.00003300,-18.32406000,5.75067850,16.65987800,31.88035000,24.08389500,-17.03059200,74.78238000,-15.12652400,0.74617845,7.39847400,-158.27585000,-56.12932200,100.45373500,76.34984600,58.45057000,-6.79363900,-15.24391300
165,20.59170914,-3.19990659,82.76054672,12.23979503,14.58334604,50.17341181,-3.93544770,20.08094600,-14.57873250,5.66534200,8.39520400,-15.00003300,-6.34500300,-21.94581800,1.84031310,6.86863950,6.61264200,15.00003300,-18.54380600,6.53642030,18.36419900,30.77082400,24.16009700,-16.67739900,75.21976500,-15.36475200,1.01662350,7.45018960,-157.28244000,-56.96659500,101.20406000,78.70859000,59.59716000,-6.16364960,-16.23090700
166,20.86782074,-2.68296671,82.59165212,12.09335549,15.43680824,50.39771685,-4.50788160,20.33061800,-14.62072800,5.77776700,8.12299600,-15.00003300,-6.81731300,-21.78739400,1.88239870,7.51633400,6.17003250,15.00003300,-18.96954500,7.29948760,20.38337500,29.58565000,24.45532400,-16.02377500,75.25909000,-16.42160800,0.93375370,7.77023120,-155.93011000,-58.34882700,101.57639000,80.86954000,61.38385800,-5.66445540,-17.47172000
167,21.05599785,-2.16946101,82.34585453,11.89711221,16.20038756,50.75993723,-4.92462800,20.49208500,-14.66453200,5.81536700,8.06942500,-15.00003300,-7.74927850,-21.60971000,2.20615100,9.22571700,5.13090560,15.00003300,-19.40126600,8.02826400,22.44567300,28.86784700,24.74093200,-15.36194100,75.10784000,-18.00152400,0.83242160,8.15658950,-153.89151000,-59.73029300,101.76021000,83.37634000,62.75448200,-4.81377550,-18.48197000
168,21.15353584,-1.67113745,82.11047709,11.76230386,17.12372953,51.56014570,-5.50181770,20.59938600,-14.85486100,5.85093930,8.23446400,-15.00003300,-8.33881800,-21.47753000,2.38525900,10.08843600,4.53188320,15.00003300,-19.74038100,8.65466800,24.28096600,28.62669000,24.98362400,-14.65878200,74.92029000,-19.41317000,0.86462100,8.39065200,-151.18143000,-61.29941600,101.62755600,85.82593000,63.47420000,-3.77980850,-19.13653000
169,21.16700935,-1.21764398,82.03273395,12.11705075,18.38466663,53.20181500,-6.77427200,20.68693200,-15.14773500,5.83278600,8.48779900,-15.00003300,-8.74388100,-21.60583100,2.32947830,10.02024100,4.69356250,15.00003300,-19.83561900,8.93728800,25.76030500,28.58398400,25.31478700,-13.53290500,74.53934500,-19.08742500,1.18888940,7.99066500,-148.55190000,-62.97695500,100.94556400,87.80784000,63.72467000,-3.25051700,-19.19741200
170,21.02369118,-0.83560085,81.77228082,12.00119888,19.13129782,54.78156591,-7.41012700,20.81418600,-15.17527400,5.92728570,8.46646700,-15.00003300,-9.32062150,-21.55914700,2.52311730,10.98961400,4.03756570,15.00003300,-19.90938600,9.47136500,27.01982100,28.93713400,25.59055100,-12.76930900,73.73173500,-18.74981500,1.61258970,8.46859500,-144.07266000,-64.81059000,98.98658000,90.02462000,63.58216500,-2.44600300,-19.24595000
171,20.79048920,-0.53412545,81.47324192,11.86336981,19.47723374,55.82243994,-7.53711600,20.73589300,-15.01117700,5.77805300,8.62194900,-15.00003300,-10.05247600,-21.72318800,3.02854060,12.40475000,3.07437060,15.00003300,-20.11514500,9.45166200,27.93608500,29.75777000,25.91891500,-12.09969300,72.86379000,-18.62449600,1.98212310,9.33249600,-137.57787000,-67.54845000,94.77627600,90.46805000,62.96369000,-2.39390520,-20.45650100
172,20.43436623,-0.32123107,81.16101757,11.46490147,19.65558999,56.85670496,-7.97955600,20.78834300,-15.02476200,6.12198260,8.60686400,-15.00003300,-10.62819800,-21.66602000,3.31496600,13.69697200,2.18589830,15.00003300,-20.22035200,9.53220600,28.86795600,30.78320700,26.31854000,-11.39684600,71.76976000,-18.04620000,2.20605920,10.19908000,-130.29526000,-70.80835000,89.21124000,89.30705000,62.10618200,-2.90407160,-21.54967300
173,20.02079201,-0.21709743,80.97139562,11.37833967,19.90900941,58.47860243,-8.66387400,20.55595600,-14.85265350,6.30134630,8.76865000,-15.00003300,-10.78541700,-21.77028800,3.22647830,14.23286600,1.79159060,15.00003300,-19.86749600,9.60401800,29.79380200,31.75571600,26.78852500,-10.48093200,70.37006000,-16.16534800,2.22750140,10.65772900,-123.69079600,-73.96457000,83.57539000,87.43891000,61.26511400,-3.69513630,-20.82186300
174,19.47710419,-0.25785029,80.71725877,11.36735208,20.25415794,60.03740297,-9.23101100,20.48771000,-14.49831400,6.36469170,8.61162100,-15.00003300,-11.75206850,-22.03517000,3.74669400,15.51184000,0.91717035,15.00003300,-18.92914800,9.81483200,29.79380200,33.22739000,27.15192800,-11.03815650,68.62172000,-14.70465400,2.15485220,11.58516300,-112.55665600,-76.96572000,75.68281000,85.21822000,60.23516000,-3.97898500,-22.28167200
175,18.86832809,-0.42335555,80.43956266,11.23943098,20.26174653,61.24885493,-9.60452500,20.23925600,-14.39714600,6.47149000,8.77582400,-15.00003300,-12.90529400,-22.35066600,4.47658500,17.23038100,-0.05566343,15.00003300,-18.03414200,10.38725000,29.79380200,34.26849000,27.42398000,-11.85010800,66.92893000,-13.41997900,2.32461140,12.11121500,-100.40678000,-79.74766500,66.51473000,82.78211000,58.92094400,-4.00699470,-23.27646400
176,18.21219254,-0.71622884,80.24543132,11.31392097,20.09040538,62.83810854,-10.78895100,19.63321900,-14.33054500,8.10648200,8.11683200,-15.00003300,-13.87091900,-22.76792500,5.11307670,18.75688700,-0.90297616,15.00003300,-16.92580800,11.30217500,29.79380200,35.18975400,27.63508400,-12.77157000,64.91908000,-11.73017900,2.37344900,12.43077000,-87.86970000,-82.15947000,56.60774600,79.93574500,57.84039000,-4.08227300,-23.59905600
177,17.52193642,-1.13831806,80.19141520,11.72771816,19.77502736,65.13738434,-12.63776800,18.77394500,-13.98702200,10.68300100,6.79985800,-15.00003300,-14.51949800,-23.31179200,5.54595100,19.90642500,-1.60936510,15.00003300,-15.56082200,12.47988800,29.79380200,36.28373700,27.79059400,-13.78450400,62.30994000,-9.30127000,2.09466650,12.75514500,-75.37620000,-83.99310000,46.41161700,76.73994400,57.20428000,-4.39365340,-23.26679800
178,16.78927040,-1.72235608,80.02672955,12.07307755,18.93521982,67.16685114,-14.73574200,17.65070500,-14.02391800,13.97143900,5.64406500,-15.00003300,-15.52320200,-23.97054300,6.46297260,21.88045500,-2.90677930,15.00003300,-14.25339200,13.93415000,29.79380200,37.31263000,27.80827300,-16.29105400,59.25875000,-6.37138700,1.63758600,13.55986400,-61.50313000,-84.78783000,35.37783400,73.36938500,56.23543500,-4.42395500,-23.07358200
179,16.03302002,-2.44398665,79.95386012,12.37126254,17.81534772,69.38812491,-16.14512300,16.64716500,-13.57011000,16.37649300,4.72872400,-15.00003300,-16.14876200,-24.52432600,7.22697700,23.43893400,-3.78735260,15.00003300,-13.18737100,15.52541200,29.79380200,38.77866700,27.68908100,-18.55741500,55.87836000,-4.54453000,1.34698720,14.37351800,-47.78440500,-84.47821000,24.53534700,69.76343500,55.29700500,-4.88213870,-23.39631800
180,15.27353477,-3.27319026,79.86011055,12.55447357,16.66274686,71.70092556,-17.47138600,15.77848700,-13.07045500,18.56730700,3.91684870,-15.00003300,-16.57466100,-24.95591700,7.80461500,24.76273200,-4.61311860,15.00003300,-12.21021400,17.12175000,29.79380200,40.66944500,27.46554600,-20.64115700,52.16543600,-2.54117600,1.01656190,15.27052500,-34.95675700,-83.07305000,14.74510200,65.52558000,53.68121700,-5.44834000,-23.83474200
181,14.51604366,-4.19951439,79.74226374,12.64658035,15.46268272,74.03233681,-18.71443400,15.01494200,-12.56881900,20.61292800,3.15023000,-15.00003300,-16.92074200,-25.28871500,8.28923000,26.02256600,-5.47644900,15.00003300,-11.30988900,18.62356400,29.79380200,42.81527700,27.20897000,-22.61391400,48.20168700,-0.39855874,0.66507566,16.06775500,-23.80674200,-80.71499000,6.79346660,60.61515800,51.66046500,-6.22044400,-24.34571800
182,13.75496387,-5.22014284,79.63312718,12.79461662,13.94940076,76.25363612,-19.40110000,14.20682800,-11.75735800,22.20353300,2.34647540,-14.77534600,-17.36740500,-25.65176400,9.00628500,27.49007800,-6.31222960,15.00003300,-10.61012650,19.82776000,29.79380200,44.79074500,27.06169700,-24.60995500,44.18813700,0.65652840,0.45525070,16.14085200,-15.08405200,-77.67504000,1.12351900,55.40469400,50.55044000,-7.69697140,-25.13175200
183,13.00609303,-6.31964588,79.55102518,12.85320669,12.08737946,78.27196444,-19.66742700,13.51807500,-10.64370000,23.44975700,1.63756190,-14.57456800,-17.35858300,-25.96367000,9.49018200,28.57920500,-6.88368750,15.00003300,-9.93185200,21.13861500,29.79380200,47.51160400,26.83076300,-26.57682600,39.09763700,2.05416900,-0.25303558,16.64040200,-7.76076360,-73.97468000,-2.35229700,49.45741700,49.00770600,-9.72868300,-25.76331700
184,12.27048302,-7.44758034,79.52704569,13.11962670,10.36287368,80.66895284,-19.84481000,12.69524900,-9.45884300,24.20051800,1.37601840,-14.28969700,-17.10672400,-26.39185700,9.88073800,29.00509600,-7.29081340,15.00003300,-9.41473700,22.16225400,29.79380200,50.15988500,26.42696200,-28.17590000,34.23165000,2.55985360,-1.00303180,17.18817700,-1.62722550,-69.85144000,-3.86961910,42.94412600,46.28224000,-11.96507800,-27.26212000
185,11.55070496,-8.58748817,79.50304652,13.42437362,8.82404809,83.39396844,-19.93656300,11.84825000,-8.27782300,24.54518100,1.38779720,-13.93142300,-16.82226000,-26.80859200,10.24070600,29.20604100,-7.59911700,15.00003300,-8.90467500,22.94452000,29.75544200,52.21978000,25.90423800,-29.69620300,29.87196000,2.67174650,-1.46492980,17.58964000,3.27389140,-65.58957000,-3.71707320,36.43491700,42.84821700,-14.01546700,-29.09972600
186,10.84902477,-9.72398376,79.38407158,13.49620571,7.52451323,86.30292161,-19.96214500,11.16155400,-7.18311740,24.63800000,1.39012240,-13.56454400,-16.80003500,-27.03268400,10.64089500,29.82905600,-7.86605450,15.00003300,-8.07417600,23.64776800,29.31195000,53.27173600,25.47433000,-31.61143100,26.23905200,3.22527890,-1.24671110,17.64978000,6.64757350,-61.48815000,-2.07121370,30.95482600,39.64088000,-15.52102500,-30.21964800
187,10.18661118,-10.82448769,79.24821834,13.24048374,6.08845971,89.25968309,-19.49253700,10.73468800,-6.26327130,24.44423700,1.30590760,-13.42824900,-16.23342100,-27.04720700,10.73252600,30.10625600,-7.94911500,15.00003300,-6.70509530,24.49633400,28.75678800,53.61800800,25.09177000,-33.09551200,23.38910300,2.99107980,-1.26877380,18.10558700,8.17866700,-57.75466000,0.03760581,26.79783800,36.86313600,-16.43122300,-30.82153100
188,9.56335258,-11.86636925,79.11252760,12.97845143,4.85473129,92.09639574,-19.20520000,10.24143300,-5.62623070,24.46852300,1.36289560,-13.25800900,-15.69025500,-27.07265300,10.76714700,30.18416200,-7.96243430,15.00003300,-5.14282000,25.34342400,28.39345000,53.26768000,24.80027000,-34.53520000,21.25138000,3.11455970,-1.13197790,18.46727800,8.66594000,-54.39925800,2.79358800,23.02461400,33.53600300,-17.22337000,-30.62521200
189,8.98498535,-12.83767509,78.97469412,12.77179880,3.62195883,95.09171360,-18.94916700,9.70836400,-5.11036100,24.55365000,1.55728910,-13.11333900,-15.01889500,-27.13357400,10.78434850,30.24536700,-8.03877300,15.00003300,-3.40524800,26.12617100,27.89322300,52.82802000,24.58262300,-35.48787700,19.32717300,3.15373280,-1.05238750,18.49199500,8.14476500,-51.43761000,5.83007700,19.98118200,30.35669100,-18.20712500,-29.57744200
190,8.45720005,-13.72615814,78.82696952,12.64183299,2.27013860,98.40199894,-18.63457100,9.15537100,-4.59958600,24.58994500,1.87660250,-13.03881100,-14.14769400,-27.24825500,10.82295300,30.41141900,-8.23397900,15.00003300,-1.55209480,26.78113600,27.09592400,52.66527600,24.40965300,-35.70711500,17.31955700,2.80960560,-1.11819340,18.03242500,6.81259970,-48.84157000,8.75510500,17.63174000,27.80504400,-19.43700200,-27.90747300
191,8.00222015,-14.48570633,78.72657693,12.63250481,0.98508375,101.78643351,-18.36970100,8.62195900,-4.07698540,24.63740500,2.27526240,-13.06703300,-13.31018000,-27.40932700,10.96633800,30.64309500,-8.28719100,15.00003300,0.13652386,27.18330200,26.33598700,52.43332000,24.30834400,-35.61417000,15.62041700,2.05016500,-0.82029240,17.19430500,5.16753600,-46.56781400,11.21398500,14.85150400,25.63249600,-19.68073800,-27.38728100
192,7.61455965,-15.11003971,78.57154279,12.55856831,0.50902130,104.83080560,-18.55431200,8.25121500,-3.82447300,24.88631200,2.13268700,-12.92440800,-13.24899200,-27.53619000,11.22848900,31.19447000,-8.45514000,15.00003300,1.65795540,27.48763300,25.85407300,52.58815400,24.29901100,-35.32036600,13.75345400,2.00764100,-0.29667512,17.00467300,3.16420000,-44.55605000,13.50011100,11.36671500,21.94284200,-19.23563000,-28.68447100
193,7.29293156,-15.62927055,78.32900925,12.35033702,0.17900145,107.38549019,-19.07166700,7.97655150,-3.87040540,25.66897000,1.65974210,-12.55393600,-13.42181900,-27.56732000,11.46641600,32.00551000,-8.85418100,15.00003300,3.30605700,27.67651600,25.32993700,52.53603000,24.36279000,-35.04746000,12.80269700,1.66203690,0.13549656,16.87237200,0.40041700,-42.73226000,15.94114000,8.20510400,18.59506800,-18.70055200,-29.45029800
194,7.04233551,-16.05047226,78.00352760,11.99877059,-0.24423958,109.47235854,-19.76867000,7.78951030,-4.19342850,26.96005000,0.96509780,-12.03218100,-13.61030400,-27.49836000,11.63367750,33.00304400,-9.43615700,15.00003300,5.13251350,27.70852700,24.69514800,52.09420400,24.47433700,-34.86749300,13.04434200,0.79335340,0.30199525,16.75913600,-3.15932730,-41.03622000,18.54917700,5.67186070,16.12292300,-18.32199900,-29.23399000
195,6.87820244,-16.36610794,77.66499082,11.58944375,-0.84233884,111.30075725,-20.33146700,7.73206040,-4.69690800,28.39632200,0.14386381,-11.63127900,-13.70438400,-27.37935400,11.74025900,34.03222700,-9.94942800,15.00003300,7.04708430,27.50553000,24.02746000,51.29381000,24.64382000,-34.78538500,14.19252800,-0.26585934,-0.02087816,17.09322500,-7.17002600,-39.45604300,20.92438900,3.60077860,14.39704000,-17.90950200,-28.81561700
196,6.81507826,-16.56841278,77.45524640,11.67919160,-1.49991005,113.81548525,-20.95312300,7.44014700,-4.74100800,29.64570400,-0.40383434,-11.44747100,-13.46136500,-27.54927400,12.02419200,35.05034300,-10.60135100,15.00003300,8.72431900,27.24510800,23.44834000,50.50241000,24.88608700,-34.60253500,14.85184600,0.10303245,0.27838838,16.68900500,-11.47376200,-37.85384800,22.23275400,1.75903440,14.18060900,-17.34119000,-28.41649600
197,6.82329226,-16.69764709,77.19206400,11.47316998,-2.14807439,116.22481694,-21.53909500,7.38403500,-4.95032450,30.83119600,-0.92230430,-11.45471300,-13.06697700,-27.57441000,12.04404700,35.88937800,-11.23181600,15.00003300,10.48415900,26.91841900,22.76267400,49.31824500,25.15393600,-34.32094000,15.88776400,-0.00553372,0.41959324,16.54844700,-15.35068500,-36.15808000,22.86050600,-0.03189185,14.31024100,-16.45470400,-27.71995400
198,6.90308428,-16.75590324,76.92629894,11.06944284,-2.78141573,118.66457733,-22.01586300,7.49868400,-5.28120400,31.80987500,-1.39509450,-11.57147700,-12.45799400,-27.50883100,11.81102850,36.46976000,-11.77785500,15.00003300,12.32065300,26.44459000,21.93063700,48.01019000,25.39761400,-33.87297400,17.11966000,-0.49486312,0.43697792,16.64917000,-19.30371900,-34.48079300,23.10099400,-1.24216930,14.71272600,-15.52410000,-26.81754500
199,7.05552673,-16.74227333,76.75016352,10.73839614,-3.42916042,121.45261957,-22.31347500,7.61215160,-5.55732540,32.38120300,-1.76311210,-11.68005600,-11.52618400,-27.50851200,11.43192600,36.71325700,-12.18016600,15.00003300,14.15587900,25.78320100,20.95731400,47.01412200,25.56929200,-33.20098500,18.10568600,-0.90060407,0.51455150,16.76273700,-24.01328800,-33.07364300,23.28623400,-1.29729250,15.54224300,-14.94857200,-25.90816300
200,7.28708267,-16.64233971,76.61585658,10.27241498,-4.26697221,124.50252102,-22.39693300,7.73798500,-5.86791320,32.55331000,-2.09743950,-11.60782400,-10.33819600,-27.40756000,10.88667900,36.60087000,-12.28547900,15.00003300,16.00904800,24.97389000,19.85096400,46.23711400,25.71079400,-32.85396600,18.20269400,-0.27852220,0.38927844,16.84991500,-29.28142000,-31.89755600,22.98906900,-0.64118740,16.05792200,-14.60539500,-25.38253200
201,7.55914831,-16.48000717,76.48990560,9.82780244,-4.98180908,127.51260972,-22.41052000,7.93278100,-6.27872800,32.59415400,-2.32863020,-11.76059200,-9.24195600,-27.28711900,10.34954900,36.52809000,-12.42241700,15.00003300,17.59764300,24.01289200,18.79834600,45.64461000,25.72380300,-32.34949500,18.65293000,-0.27240145,-0.01512567,17.36879200,-34.20377700,-31.03072500,21.72349400,0.09767069,15.81988900,-13.70811300,-25.22200400
202,7.86041546,-16.25451279,76.43028930,9.47222050,-5.58743476,130.70119371,-22.38804200,8.10730800,-6.54930830,32.37468700,-2.43997360,-11.97949000,-8.06024200,-27.21998800,9.74865150,36.24116500,-12.48928600,15.00003300,19.16675400,22.98398000,17.75426900,45.30206700,25.50075700,-31.52133200,19.30757000,-1.28378770,-0.50243370,17.67388200,-39.09174700,-30.61916400,19.82526600,1.43836390,16.32891300,-13.00904800,-24.97980700
203,8.17771721,-15.96839714,76.47454721,9.23571680,-6.14482043,134.12454383,-22.30811300,8.22307400,-6.56067300,31.82643700,-2.36979300,-12.22592300,-6.62949000,-27.24218000,9.02024300,35.51364500,-12.38897000,15.00003300,20.85915400,21.94519000,16.71888400,45.09646200,24.96890300,-30.45858600,20.14140000,-3.21486280,-0.99869215,17.53253200,-44.11315000,-30.74248500,17.61464500,3.55935670,18.49750300,-12.89578400,-24.46993400
204,8.48633766,-15.63039970,76.62538850,9.02517887,-7.00731723,136.97374478,-21.69970000,8.47641100,-6.71939370,31.07571200,-1.70032070,-13.17420300,-4.65554900,-27.28740000,8.08032100,33.96544600,-11.93213750,15.00003300,22.40268000,20.78154400,15.84644200,44.11924700,24.46477500,-30.57518600,21.55444000,-3.06163740,-2.18109440,18.96511300,-49.05757000,-31.03600500,15.11108900,5.42735500,20.80213200,-12.15473800,-24.56958000
205,8.75154018,-15.25072479,76.68341556,8.54251783,-7.58993588,139.61439126,-21.31120700,8.75770100,-7.01484300,30.37147900,-1.26796700,-13.63655200,-3.10555840,-27.14339600,7.10341100,32.42983200,-11.48164700,15.00003300,23.59557000,19.74462300,15.14778100,43.10548000,23.94070000,-30.31053400,22.90959500,-3.83401560,-3.03149720,19.30925400,-53.60296200,-31.73345800,13.32829800,7.70471530,21.97726000,-11.60489600,-24.78807000
206,8.96543694,-14.84195709,76.70727012,7.98150241,-7.92092635,142.03047019,-20.99791100,9.06632900,-7.36122000,29.62349000,-0.94153416,-13.98244200,-1.76087260,-26.96436700,6.12186300,30.77344900,-11.03793050,15.00003300,24.70023700,18.78631800,14.60850000,42.03743000,23.39262800,-29.86302600,24.02361000,-4.58008200,-3.40772750,18.70385700,-57.89717500,-32.76901200,11.87114900,10.08488750,23.29061100,-11.07082100,-24.93368700
207,9.12027168,-14.41131496,76.70348422,7.41586365,-8.12291144,144.27728451,-20.67130300,9.40353900,-7.71892170,28.83484500,-0.68464050,-14.35420200,-0.47029597,-26.80061100,5.15624330,29.00231400,-10.63653200,15.00003300,25.79095800,17.85532400,14.20370900,40.94288000,22.85833200,-29.37233200,24.87245600,-4.92518040,-3.34838580,17.49840700,-62.04762600,-34.04944200,10.65192600,12.63110100,25.16114800,-10.53093700,-24.95462200
208,9.19979286,-13.96802998,76.63239774,6.83460194,-8.53287119,146.56086962,-20.20200500,9.77588600,-8.05628600,28.09986700,-0.51422870,-14.79872900,1.02024360,-26.64803500,4.22799300,27.24141000,-10.35486000,15.00003300,26.80697800,16.91762000,13.88910600,39.89325000,22.41422800,-29.09261000,25.59134900,-4.73087900,-3.17187600,16.58455500,-66.17692600,-35.49244700,9.89233100,15.70778500,27.59039300,-10.12217800,-24.91523700
209,9.17843246,-13.51989079,76.57304233,6.31611011,-8.68690772,148.58082817,-19.87407000,10.03300500,-8.39379800,27.45182800,-0.43863550,-14.96974700,2.27667240,-26.53971100,3.53024300,25.57276000,-9.94318900,15.00003300,27.75633000,16.13555300,13.55514400,38.90932500,22.12718400,-29.26798000,26.50232500,-4.26449780,-3.23638700,15.90708400,-70.60033400,-37.00992000,10.27293000,19.53555500,29.47296500,-9.80878200,-24.85578500
210,9.07878590,-13.07676697,76.51297309,5.78784397,-8.77878759,150.32544250,-19.60903400,10.27365400,-8.68279000,26.95145400,-0.37516245,-15.00003300,3.54545100,-26.40425900,2.92132100,23.88982200,-9.44059600,15.00003300,28.76336000,15.42430500,13.28012900,38.07357800,21.90249800,-29.43199700,27.27388200,-3.97080800,-3.23118570,15.30691600,-74.95866000,-38.56269000,11.24412400,23.75505300,31.57298900,-9.66793000,-24.67492300
211,8.90081692,-12.64368153,76.44715193,5.27755463,-8.81553285,151.89455452,-19.29069900,10.50248100,-8.89242600,26.39494300,-0.22273403,-15.00003300,4.88807800,-26.29301600,2.33960000,22.06989100,-8.87435100,15.00003300,29.79656600,14.75017800,13.00928700,37.36319700,21.72918100,-29.53047200,27.96593700,-3.67004010,-3.16369770,14.66394000,-79.15930000,-40.10898200,12.71469400,28.11428000,33.89461500,-9.61032000,-24.33165700
212,8.64186382,-12.22876644,76.37235848,4.87798768,-8.77246916,153.45100455,-18.73399000,10.66791400,-8.94376300,25.41832700,0.17702188,-15.00003300,6.36297800,-26.33958000,1.70375860,19.94789700,-8.27250100,15.00003300,30.79111300,14.06116300,12.65700000,36.76018000,21.67248200,-29.60647000,28.66558500,-3.04789280,-3.11094070,13.83449500,-83.18390000,-41.60301200,14.67266300,32.35658000,36.28214300,-9.50087100,-23.82376300
213,8.28484249,-11.83561802,76.30140854,4.43727906,-8.55224161,154.83182616,-18.30344600,10.89610100,-9.23200700,24.68889000,0.15353052,-15.00003300,7.92468200,-26.32278400,1.05873020,17.54736700,-7.49307250,15.00003300,31.82542600,13.21466700,12.32110100,36.01992000,21.63412300,-29.88755000,29.36925900,-2.58345990,-2.94031740,12.86859600,-87.17163000,-43.03034600,17.66050700,37.45004300,38.01678500,-9.31632700,-23.11363400
214,7.86192322,-11.47435665,76.25272400,4.12687947,-8.20430835,156.20641368,-17.69470400,11.04381500,-9.19665500,23.48883000,0.45302540,-15.00003300,9.28806800,-26.40373800,0.59622090,15.26542100,-6.55364270,15.00003300,32.90264000,12.38551900,12.01788700,35.15786700,21.67572800,-30.29581800,30.38952400,-1.96097460,-2.93740500,12.53309200,-91.16382600,-44.27754600,20.40680100,42.42720400,40.64403500,-9.16787500,-22.59018100
215,7.38183928,-11.14662647,76.17052845,3.81408791,-7.79269846,157.51122940,-17.01912300,11.18467300,-9.05844200,22.09601200,0.79866920,-15.00003300,10.56574300,-26.50580200,0.21627787,12.96506800,-5.52855100,15.00003300,34.10873800,11.52861000,11.64717600,34.23678600,21.80897500,-30.72408500,31.58308400,-1.42027690,-2.82037400,12.27751900,-93.37839000,-45.23903300,22.97650500,47.37509000,43.61222500,-8.79196900,-21.98946800
216,6.85316706,-10.85370064,76.02744478,3.43044922,-7.37278380,158.67993028,-16.37142800,11.35226600,-8.95889400,20.76000200,1.00844720,-15.00003300,11.85992100,-26.57533000,-0.14736821,10.53516000,-4.44468900,15.00003300,35.41410400,10.64818100,11.15409300,33.35298500,21.97813600,-31.10111000,32.82425700,-1.13215100,-2.46751570,11.75733700,-92.82084000,-45.84437600,25.48018600,52.42465600,46.40427000,-8.03813500,-21.13976100
217,6.27326965,-10.61256027,75.98595593,3.24855254,-7.04981902,159.56866327,-15.71428900,11.33712300,-8.65949500,19.53512200,1.48002370,-15.00003300,13.15939800,-26.67240100,-0.34013030,8.26486200,-3.18605450,15.00003300,36.60766600,9.68880400,10.67486500,32.58722700,22.14174300,-31.55380200,34.22670400,-0.92975210,-2.62641240,11.87648900,-91.36848000,-46.09439000,27.86885300,57.03050200,48.69168000,-7.34734900,-20.00902200
218,5.65970469,-10.41231918,75.88036489,2.95789801,-6.71384632,160.37814778,-15.13785000,11.35004900,-8.49735600,18.43608900,1.90286140,-15.00003300,13.78135200,-26.67303500,-0.23212378,7.11286070,-2.38128760,15.00003300,37.74773400,8.78818800,10.23847800,31.77006300,22.30002600,-32.18217500,35.70578000,-1.24620930,-2.80700680,11.94349100,-89.84750000,-46.08123800,30.46032700,61.67849000,51.02057000,-6.57218070,-18.93601800
219,5.02339029,-10.24259377,75.70386715,2.61497688,-6.24199395,161.07859173,-14.57771800,11.40890100,-8.38935600,17.25376700,2.35724040,-15.00003300,13.74891000,-26.68056900,0.13791704,6.97997900,-2.09277700,15.00003300,38.74591400,7.90227750,9.89081500,31.02239600,22.44641500,-32.96913000,37.08002500,-1.38741220,-2.84010600,11.67707700,-88.95581000,-45.88200400,33.59243400,66.37427500,52.94486000,-5.65906600,-17.51294300
220,4.37262058,-10.09866047,75.48127934,2.21590104,-5.67340863,161.68715340,-14.00400000,11.52046600,-8.30073800,15.94789100,2.88832660,-15.00003300,13.62633200,-26.69857800,0.53101456,6.85933260,-1.80916500,15.00003300,39.55504200,7.02071430,9.65023800,30.37982000,22.56902500,-33.77158000,38.33085300,-1.28105120,-2.71833850,11.11635500,-89.03019000,-45.56891300,37.30666400,71.03396600,54.38514000,-4.65644000,-15.74882900
221,3.72115827,-9.97665405,75.21900679,1.67819745,-5.28555796,162.30876881,-13.40402100,11.67205100,-8.22162300,14.65476400,3.53928600,-15.00003300,13.56586400,-26.60505900,0.95352760,6.77074430,-1.48236800,15.00003300,40.10429400,6.16836400,9.53912000,29.83036000,22.64533200,-34.14396700,39.55724700,-1.52711960,-2.61510730,10.71772300,-90.46979000,-45.26017400,41.44983300,75.42280000,55.63958400,-3.80734100,-14.18955200
222,3.08458519,-9.86182594,75.27493857,1.50115002,-4.72286177,162.75533696,-12.98883700,11.64892400,-8.08658600,13.69234000,4.06206560,-15.00003300,13.48300700,-26.70959900,1.35195780,6.69587140,-1.18960320,15.00003300,40.43674000,5.34633500,9.45324900,29.60474600,22.62900700,-34.25666000,40.52993400,-2.03084730,-2.69325610,10.62051400,-91.73120000,-45.00176200,45.32615700,79.49383000,56.21380600,-2.98080850,-12.60068400
223,2.47339749,-9.75197983,75.61309590,1.37586042,-4.21187323,163.08379254,-12.43160300,11.65290400,-8.01596100,12.59723000,4.51078270,-15.00003300,13.40673100,-26.74557500,1.87808190,6.61416700,-0.64468180,15.00003300,40.65449000,4.56886050,9.34876700,29.09616300,22.59027500,-34.36877000,41.54054600,-2.46076770,-2.63576820,10.44440600,-92.50897000,-44.73108700,48.52324000,82.60370000,56.03094000,-2.08700440,-11.16557600
224,1.89565420,-9.64493084,75.91168512,1.21930402,-3.74961717,163.35823084,-11.76500000,11.71011100,-7.98474070,11.33467300,4.88873100,-15.00003300,13.28128600,-26.73580700,2.44199090,6.53526160,-0.00636561,15.00003300,40.78597000,3.84768650,9.20820300,28.44715500,22.56698200,-34.45911800,42.49904000,-2.75734450,-2.42781380,10.19132200,-92.96545000,-44.43883500,50.99366400,84.83751000,55.40335500,-1.23236170,-9.99000550
225,1.36161184,-9.53454494,76.18482248,0.94540957,-3.27498088,163.65295491,-11.15426200,11.84668900,-7.94291450,10.03572750,5.15011900,-14.98168300,13.00472800,-26.73550400,2.88165900,6.46818800,0.42322725,15.00003300,40.89454000,3.22491000,8.98471900,27.95162000,22.55816300,-34.46568000,43.28980600,-2.89699840,-2.12746210,9.95599700,-93.34708000,-44.15199300,52.72180600,86.42499000,54.85860400,-0.53270775,-9.20817400
226,0.90273184,-9.42701817,76.33922498,0.92215547,-3.07420123,163.66350028,-10.41722500,11.91830200,-7.88377800,8.99184600,5.35090400,-14.95451900,12.96577300,-26.69843100,3.25966070,6.42667200,0.91084300,15.00003300,40.87170000,2.73137260,8.87710300,27.46729300,22.55648400,-34.47701000,44.15030300,-3.14550660,-2.02394080,9.39356300,-93.30209000,-43.87685400,54.04154000,87.24634600,53.21510000,0.11603019,-8.21720500
227,0.49745935,-9.32511330,76.50192628,0.87514123,-2.92330755,163.83857922,-9.92457900,11.91055100,-7.78709300,8.24995300,5.65225270,-14.90785500,12.93208400,-26.66053800,3.52883670,6.38757850,1.24959740,15.00003300,40.82767500,2.34439750,8.81460900,26.86546300,22.58693300,-34.78852000,44.76482400,-3.12934680,-1.73443980,8.81376500,-93.34307000,-43.59729400,54.93668000,87.74792000,52.02885400,0.48861340,-7.59694900
228,0.14343567,-9.23181057,76.67587454,0.75464015,-2.82064751,163.96714346,-9.56879500,11.91729700,-7.69357060,7.72298900,5.94964360,-14.88803400,12.87694200,-26.60390500,3.74537200,6.35684160,1.50159880,15.00003300,40.76038000,2.05372330,8.77896400,26.28767200,22.63331200,-35.26529700,45.22760800,-2.93861770,-1.39969030,8.37661400,-93.45274000,-43.30803700,55.41128000,87.99484000,51.55290000,0.66562957,-7.23005720
229,-0.16173355,-9.14926243,76.85259788,0.53603465,-2.77514860,163.93090259,-9.25285700,12.00489400,-7.63136800,7.32308960,6.16354470,-14.92413500,12.79926500,-26.51327900,3.94716570,6.33952400,1.71538980,15.00003300,40.66328000,1.84477560,8.75422100,25.84611100,22.66949700,-35.74606300,45.61688600,-2.66729350,-1.13390030,8.19167000,-93.58597000,-43.02036000,55.49538800,88.06082000,51.89311000,0.71746770,-7.01002100
230,-0.40789023,-9.07838154,76.96240800,0.32457824,-2.87847628,164.26524334,-9.01901300,12.06518500,-7.57051660,7.07924030,6.28226700,-14.93841650,12.86709600,-26.38177500,4.04431600,6.33338450,1.82829920,15.00003300,40.56477400,1.71357490,8.69610200,25.62489500,22.74169700,-35.92388500,45.66469200,-2.50734230,-0.89264070,8.12883100,-93.61103000,-42.75568800,55.44261600,88.33108500,52.60022400,0.65718555,-7.01297040
231,-0.61590475,-9.01609135,77.07137094,0.17967057,-2.85872806,164.34878578,-8.80220400,12.10077100,-7.46709350,6.74221600,6.44258200,-14.93721900,12.81865900,-26.28980300,4.17697140,6.31944750,1.97237860,15.00003300,40.46070000,1.53774960,8.64495800,25.36452000,22.82891800,-36.28765000,45.92670000,-2.24359320,-0.64436650,7.99446870,-93.70406000,-42.48947500,55.34830500,88.41766000,53.19058000,0.67687935,-6.96003960
232,-0.79388815,-8.96106911,77.16469230,0.04563964,-2.77837311,164.30099497,-8.67974400,12.14992600,-7.40966370,6.55961940,6.46978860,-14.92203300,12.72921700,-26.20306800,4.30302900,6.30672260,2.11001090,15.00003300,40.38125600,1.37972400,8.55838300,25.17439500,22.91754300,-36.62751400,46.12944000,-1.92887690,-0.41961580,7.84999230,-93.81512000,-42.21898700,55.32399400,88.48991000,53.47480400,0.66924020,-6.90623140
233,-0.94460684,-8.91337109,77.23458433,-0.09284993,-2.69791838,164.21510718,-8.63092000,12.22071400,-7.41589000,6.54611160,6.35570400,-14.89289900,12.65576500,-26.11702000,4.38793130,6.29926250,2.19728830,15.00003300,40.31321700,1.25442770,8.43942400,25.07055300,23.00185200,-36.89148700,46.17844000,-1.62617230,-0.24905630,7.70053900,-93.87627400,-41.96999400,55.36429000,88.58848000,53.34911000,0.63788690,-6.84438130
234,-1.06674206,-8.87503529,77.26839200,-0.21401111,-2.74399276,164.25618233,-8.53699900,12.28059600,-7.43982100,6.53970670,6.24211360,-14.84823600,12.69504500,-26.06051800,4.36741450,6.30274250,2.12933090,15.00003300,40.16987000,1.15098710,8.33824000,25.00298700,23.11067400,-37.21462000,46.05795700,-1.51838820,-0.19601709,7.48074300,-93.79735000,-41.71414000,55.36880500,88.78192000,52.70717600,0.72853640,-6.67063140
235,-1.16507304,-8.84207249,77.31880424,-0.32462926,-2.75489514,164.12816245,-8.46241600,12.33063700,-7.40983630,6.51467280,6.19970850,-14.82563300,12.62934000,-25.97738300,4.48291250,6.29209300,2.30001600,15.00003300,40.08278000,1.01829910,8.22778300,24.95143100,23.18624700,-37.42046700,46.18206800,-1.30171370,-0.00764625,7.41409640,-93.73874000,-41.49225600,55.19894400,88.75790400,52.80574400,0.75257456,-6.77458800
236,-1.24586511,-8.81232071,77.35531265,-0.42516955,-2.76738998,163.96505526,-8.39147200,12.39199400,-7.37667900,6.50248000,6.11381860,-14.84213500,12.57128200,-25.92435800,4.53184000,6.28808830,2.34883020,15.00003300,39.98225000,0.92954800,8.09318200,24.90236500,23.27477000,-37.76951200,46.31584500,-1.07724900,0.15929780,7.31556750,-93.66472000,-41.21476700,55.02685000,88.65703600,52.85366400,0.78822476,-6.82046300
237,-1.31034851,-8.78374958,77.38302573,-0.48839928,-2.80049646,163.78083902,-8.31968000,12.42984700,-7.32470460,6.49556300,6.06898830,-14.86807000,12.54851800,-25.90141300,4.54434440,6.29209330,2.32895970,15.00003300,39.89676700,0.89581070,7.96588000,24.85757600,23.35436600,-38.15825300,46.43577000,-0.93645900,0.26759267,7.15108730,-93.54323600,-40.93970000,54.92745000,88.45627000,52.63475800,0.83856770,-6.68648300
238,-1.35960257,-8.75337315,77.41783815,-0.47109129,-2.87388483,163.56490098,-8.24919100,12.38241700,-7.21743600,6.48344040,6.22361230,-14.85144300,12.57776100,-25.89398000,4.62012240,6.29651170,2.42155120,15.00003300,39.85321800,0.91061443,7.89295530,24.88006800,23.40389300,-38.32456000,46.50789300,-1.00839610,0.30221254,6.91304830,-93.38949600,-40.64814400,54.98472600,88.20554000,51.99432400,0.86677194,-6.26919460
239,-1.39511216,-8.71704388,77.43985604,-0.47590112,-2.82867973,163.35451281,-8.25976300,12.36333400,-7.11810100,6.47729200,6.22578860,-14.81643300,12.58292900,-25.85508200,4.60970540,6.30458450,2.38953190,15.00003300,39.73738000,0.91422826,7.73245100,24.86208700,23.43741400,-38.61698000,46.72210000,-0.96506470,0.19085044,6.89662170,-93.33573000,-40.34026700,54.64760000,87.82952000,51.98145000,0.90515804,-6.39948270
240,-1.42197037,-8.67241764,77.44468266,-0.52573562,-2.80362421,163.35561434,-8.26225500,12.40208100,-7.09575700,6.47208700,6.14500240,-14.79277000,12.60417400,-25.80572300,4.49475150,6.31257870,2.25502320,15.00003300,39.62628000,0.94628733,7.59410600,24.90719000,23.49240300,-38.62992000,46.60591500,-0.85803140,0.32987815,6.76557060,-93.40052000,-40.05817000,54.56436000,87.95060000,52.01837500,0.91982660,-6.50038050
241,-1.44246125,-8.61987209,77.43746850,-0.50586045,-2.82378955,163.40502544,-8.24724400,12.38532500,-7.05119600,6.47088530,6.14566400,-14.75889600,12.67343000,-25.81669000,4.34936330,6.31942370,2.05553030,15.00003300,39.52191500,0.96054727,7.49655500,24.91826000,23.56423000,-38.68705700,46.45111000,-0.80325880,0.52032065,6.53256200,-93.37176500,-39.83799700,54.55377000,88.00983000,51.93847700,1.01353120,-6.54004500
242,-1.45937788,-8.55966377,77.42604082,-0.34859647,-2.89201899,163.36353378,-8.20991200,12.24733400,-6.92076440,6.47415920,6.32828950,-14.71149500,12.79785100,-25.92422900,4.24598600,6.32347540,1.85130990,15.00003300,39.39674800,0.92772275,7.43324100,24.88512800,23.66585000,-38.98481000,46.43328000,-0.86981100,0.60269910,6.26150130,-93.18614000,-39.55090300,54.48191000,87.73920000,51.70354000,1.21809570,-6.52181960
243,-1.47944140,-8.48929024,77.44467563,-0.34546969,-2.85935149,163.25457609,-8.16797700,12.29320800,-6.92081550,6.48360160,6.32284400,-14.81767100,12.78512200,-25.90121300,4.29842570,6.30712600,1.95171580,15.00003300,39.41041600,0.90431890,7.29171100,24.90160600,23.76329000,-38.95274700,46.37652000,-0.63963413,0.72059655,6.46977200,-93.17984000,-39.28043000,54.35958000,87.79341000,52.36039000,1.16188970,-6.63686700
244,-1.50237966,-8.40894032,77.46825385,-0.29780119,-2.77896900,163.10444440,-8.14865900,12.28680400,-6.92165850,6.47135070,6.38350530,-14.83610500,12.65795900,-25.97195600,4.38347050,6.30783000,2.05413400,15.00003300,39.40916000,0.87847376,7.17347670,24.80751200,23.86431000,-39.13223600,46.50653500,-0.63634090,0.78325500,6.40936570,-93.18961000,-38.99909200,54.24216000,87.61911000,52.27591700,1.32670190,-6.64633700
245,-1.52657771,-8.31987476,77.48216399,-0.25224952,-2.73860375,163.08920893,-8.15580100,12.25015500,-6.87838270,6.47091250,6.45555260,-14.80661800,12.60831800,-26.02535800,4.40554300,6.30507330,2.09672950,15.00003300,39.34884000,0.86373967,7.05794330,24.80576900,23.96897500,-39.10867300,46.46630000,-0.68520120,0.78482830,6.22190200,-93.17963400,-38.73424000,54.15894300,87.54536400,52.11732500,1.36953180,-6.68448730
246,-1.55228519,-8.22342968,77.48464548,-0.21248528,-2.74811179,163.21055800,-8.16863300,12.19613600,-6.79046400,6.46584650,6.53174450,-14.75467500,12.65789600,-26.03943300,4.36881730,6.30891130,2.07943700,15.00003300,39.23693000,0.85454160,6.95217750,24.91365400,24.07858300,-38.84677000,46.22327400,-0.70331350,0.75109065,6.00603900,-93.13755000,-38.51824600,54.08910400,87.57830000,52.09212500,1.25061580,-6.78525600
247,-1.58304906,-8.12255287,77.48645804,-0.12330607,-2.71221843,163.21383386,-8.16276600,12.13219000,-6.73735600,6.46021270,6.60693000,-14.71477800,12.64482300,-26.10127300,4.41181000,6.30353070,2.13957760,15.00003300,39.14312000,0.82983065,6.90025850,24.93725000,24.22137000,-38.84770200,46.12952400,-0.67304015,0.78677034,5.91103170,-93.16031000,-38.26967200,53.97506300,87.42007400,51.97451800,1.32061530,-6.86702250
248,-1.61746204,-8.02127171,77.49380963,-0.04386923,-2.67884266,163.11276119,-8.09760700,12.11694050,-6.71183630,6.44593430,6.64818800,-14.76782200,12.62441300,-26.13377600,4.48818900,6.29536500,2.24375180,15.00003300,39.10009800,0.78559020,6.90992500,24.90516300,24.33412700,-38.95339200,46.20485300,-0.44472018,0.83068840,5.79206000,-93.14793400,-38.05594600,53.98908200,87.17998000,51.73480000,1.37593320,-6.77614100
249,-1.65202892,-7.91999483,77.49827444,-0.02915214,-2.65113905,163.06589740,-8.03360400,12.15931000,-6.71512500,6.43490000,6.60517070,-14.83191400,12.63360900,-26.11039400,4.50626700,6.28945880,2.29778700,15.00003300,39.08310300,0.76638100,6.90510460,24.93628500,24.47095900,-38.85524700,46.15052000,-0.20223387,0.84106237,5.88229200,-93.23469000,-37.79419000,54.07057600,87.28095000,51.63919400,1.40017500,-6.71156700
250,-1.68581462,-7.82012415,77.50147284,-0.06340086,-2.60684504,163.08642600,-8.00919200,12.22069200,-6.72737700,6.42577930,6.51098000,-14.84341400,12.64875800,-26.05660800,4.45945740,6.28791860,2.27811620,15.00003300,39.07880400,0.75612740,6.87036000,24.98705300,24.60486400,-38.59314300,46.02911400,-0.03376377,0.82926110,6.00706600,-93.37462600,-37.56120000,54.17855500,87.56322000,51.60384400,1.40262270,-6.69766330
251,-1.71846879,-7.72375774,77.50819382,-0.10244413,-2.50675901,163.14987203,-8.07695200,12.23122600,-6.71613650,6.42433000,6.43089960,-14.71989800,12.62033300,-26.02491400,4.36348600,6.29039600,2.17511340,15.00003300,39.05568000,0.72804220,6.79039500,25.01378600,24.73258000,-38.33698700,45.94250000,-0.06596022,0.82918300,5.79533530,-93.52897000,-37.37239500,54.31078300,87.78201000,51.41119000,1.38772370,-6.71534730
252,-1.74652064,-7.63620567,77.51325393,-0.13554933,-2.45162100,163.25550025,-8.11813400,12.25082000,-6.67681900,6.42209240,6.37721800,-14.68186700,12.61792400,-25.97786500,4.33021000,6.28683850,2.20359280,15.00003300,39.03493000,0.71290050,6.73112440,25.02711500,24.82715400,-38.02388800,45.89345000,-0.08117013,0.80144890,5.83598000,-93.62454000,-37.24530800,54.40042500,88.02093500,51.33003000,1.40019600,-6.72766700
253,-1.77064109,-7.55708647,77.50660861,-0.10193520,-2.40151296,163.32427837,-8.14007000,12.22903400,-6.62417550,6.41191630,6.35181860,-14.66639100,12.58709300,-26.00401100,4.36031960,6.28365040,2.25367570,15.00003300,39.00906000,0.70665850,6.69680260,25.03622600,24.92163500,-37.84201000,45.84290000,-0.17237735,0.80583500,5.84698960,-93.69710000,-37.11949000,54.40487700,88.07160000,51.28175400,1.42476240,-6.76872970
254,-1.78918803,-7.48577785,77.49659654,-0.05724818,-2.39844193,163.38976394,-8.13401300,12.19956700,-6.57501600,6.40425350,6.35649800,-14.66220600,12.60918000,-26.02254000,4.40766530,6.27320800,2.32405760,15.00003300,38.98792600,0.70222180,6.63404560,25.01497700,25.00839000,-37.77041000,45.81901600,-0.29428503,0.78060716,5.84037000,-93.66632000,-37.00654200,54.35208500,88.08221000,51.40102000,1.40233180,-6.83201800
255,-1.80067790,-7.42124319,77.48926445,-0.04252945,-2.46283034,163.47254129,-8.09619200,12.18742750,-6.53571200,6.39525460,6.39183000,-14.65427400,12.72185600,-25.97533600,4.43706270,6.27580500,2.38656900,15.00003300,38.96511000,0.68206406,6.51433500,24.99173400,25.10655400,-37.73748800,45.78428000,-0.39490533,0.68266314,5.82688670,-93.50045000,-36.88900000,54.26923000,88.18053400,51.73366000,1.30189510,-6.90547940
256,-1.80558324,-7.36386871,77.46368180,0.02145469,-2.46103005,163.48725170,-8.10485900,12.13061300,-6.48713100,6.39441000,6.36954300,-14.56721100,12.79974700,-26.00325400,4.37870100,6.26888100,2.26141100,15.00003300,38.92892000,0.67142270,6.50371550,25.05144000,25.18343500,-37.63266000,45.62724300,-0.43462740,0.62053750,5.79889870,-93.46214000,-36.79105000,54.25168200,88.05360400,51.49164200,1.39549920,-6.93576300
257,-1.80655420,-7.31114435,77.44484679,0.07389663,-2.46284926,163.49029196,-8.09305100,12.10468500,-6.44981500,6.38868100,6.35872030,-14.54462700,12.86644000,-26.00112500,4.33071470,6.27248050,2.19197230,15.00003300,38.85559500,0.65210396,6.45246400,25.08409000,25.29007700,-37.71095300,45.54135000,-0.48142618,0.58179027,5.61132340,-93.36812600,-36.64021700,54.24356500,87.88146000,51.21288700,1.45209030,-6.93204550
258,-1.80576551,-7.26323414,77.43666188,0.08635858,-2.47037193,163.52258517,-8.07505900,12.11340000,-6.43726730,6.38105800,6.34734900,-14.55580700,12.93336500,-25.96293800,4.28378960,6.27718350,2.15047760,15.00003300,38.78621000,0.64950913,6.38967700,25.08872000,25.38456000,-37.79360600,45.49112700,-0.49813095,0.54130420,5.45286700,-93.30863000,-36.48901700,54.22443400,87.84295000,51.11582000,1.47062360,-6.94452520
259,-1.80423951,-7.22023249,77.43540195,0.06859044,-2.49792412,163.58812699,-8.04877900,12.14268000,-6.44725660,6.37688900,6.34086750,-14.58326100,13.01333000,-25.90531000,4.23964260,6.27982330,2.11940120,15.00003300,38.72703600,0.65820724,6.33237100,25.07148000,25.44785500,-37.80775500,45.46785000,-0.49331397,0.49023482,5.37783670,-93.26517500,-36.37668000,54.17348000,87.91894000,51.20757300,1.46852930,-6.98119260
260,-1.80252457,-7.18245220,77.42105335,0.10473088,-2.60103450,163.63615869,-7.96989440,12.13266700,-6.44820000,6.37330770,6.39038700,-14.61012900,13.13883600,-25.90195800,4.21988870,6.28728770,2.07512710,15.00003300,38.66782400,0.65668666,6.27914520,25.01748300,25.47940000,-37.86721000,45.52004200,-0.61125284,0.43490762,5.28534000,-93.05868500,-36.31594000,54.13305000,87.83382000,51.18277700,1.51759360,-6.99004750
261,-1.80428851,-7.14628410,77.40547772,0.11118951,-2.65926954,163.58513582,-7.90160660,12.15616800,-6.48928400,6.37880560,6.35292100,-14.60044400,13.18151600,-25.91462300,4.18556170,6.29168800,2.02330260,15.00003300,38.66718700,0.61552334,6.26534460,25.00537500,25.53287000,-37.92663200,45.55699500,-0.59985920,0.41282612,5.25932000,-92.97154000,-36.20024000,54.13643000,87.87858000,51.28274000,1.48747290,-6.89350700
262,-1.81085825,-7.11230469,77.39486884,0.12655566,-2.73859188,163.59380233,-7.82669800,12.16714800,-6.51518100,6.38222100,6.36335950,-14.61785000,13.25798200,-25.92232500,4.15697200,6.29830100,1.98180100,15.00003300,38.61670300,0.59979490,6.26472700,25.00687800,25.58065600,-37.94655200,45.58656300,-0.58010995,0.35118260,5.22170200,-92.89169000,-36.07402400,54.18200000,87.93342600,51.27194000,1.46600320,-6.81201170
263,-1.82347167,-7.08003044,77.39309115,0.13571377,-2.81566136,163.65576841,-7.76032970,12.17367900,-6.53116000,6.38110160,6.40611270,-14.64942600,13.35276000,-25.91240100,4.12896630,6.30289030,1.94919910,15.00003300,38.54728700,0.59967660,6.25652200,24.99702500,25.61279700,-37.93876600,45.64322700,-0.59786700,0.26362830,5.18461470,-92.81413000,-35.96860500,54.24209200,88.00693000,51.18405000,1.45349140,-6.75525050
264,-1.84342837,-7.04819489,77.40444726,0.10231260,-2.82765648,163.70418546,-7.73385600,12.20347200,-6.56081100,6.37706230,6.40689400,-14.65088800,13.39450500,-25.87215400,4.09074500,6.30689240,1.91016550,15.00003300,38.51558300,0.58006746,6.23325820,24.98170900,25.62692500,-37.86796600,45.73661000,-0.65635460,0.19625331,5.17665600,-92.79626500,-35.90527000,54.31178700,88.11549000,51.19911000,1.44636380,-6.70696600
265,-1.87339151,-7.01563120,77.41645559,0.09554239,-2.77421605,163.72811842,-7.73678870,12.22347400,-6.53935050,6.36803530,6.38258400,-14.69911300,13.43170600,-25.81280500,4.03264800,6.30965950,1.85212290,15.00003300,38.51516300,0.55371080,6.17096570,24.97913400,25.63430200,-37.78901300,45.87056700,-0.59632206,0.23738477,5.12127200,-92.81201000,-35.83502200,54.37684000,88.18571000,51.36455000,1.45614240,-6.63964300
266,-1.91179121,-6.98674774,77.42137613,0.09675274,-2.77849777,163.76990054,-7.69922900,12.23059750,-6.53153300,6.36151740,6.35970930,-14.73659700,13.46856200,-25.80230900,4.01015900,6.30284640,1.81489940,15.00003300,38.47231700,0.53267795,6.16756300,24.98170000,25.63751400,-37.72826000,45.99633800,-0.57132170,0.28875253,5.10796400,-92.81955000,-35.76072300,54.44930600,88.27096600,51.51455000,1.53459810,-6.59001640
267,-1.95820630,-6.96099758,77.43199790,0.08948385,-2.81116306,163.80729639,-7.63757000,12.23739500,-6.54024100,6.35406450,6.35776760,-14.76981100,13.46822200,-25.82038300,4.03727500,6.30005840,1.82880120,15.00003300,38.41785000,0.51771307,6.17657660,24.98053700,25.63939500,-37.70905000,46.13531000,-0.58454020,0.32677920,5.09893130,-92.79607400,-35.69761000,54.51424000,88.32270000,51.51215700,1.63079890,-6.57240340
268,-2.01246166,-6.93779421,77.45862294,0.06197891,-2.84095035,163.82603934,-7.56928600,12.25356500,-6.56767270,6.34435000,6.38708500,-14.80803200,13.42156000,-25.84213600,4.11002500,6.29596660,1.91920040,15.00003300,38.36781000,0.51984360,6.15767240,24.98473400,25.64213400,-37.73505400,46.28834000,-0.63853450,0.33726600,5.05055570,-92.75294500,-35.62755000,54.58150000,88.32538000,51.27148000,1.70401840,-6.58278900
269,-2.07460713,-6.91647816,77.47602540,0.09257811,-2.79771274,163.85135710,-7.53526740,12.23339900,-6.55744000,6.33424660,6.38390870,-14.86782550,13.37732300,-25.87942500,4.19960830,6.28239440,2.00578670,15.00003300,38.31369800,0.50459677,6.14263960,25.03553000,25.63882300,-37.70317500,46.40657000,-0.82593346,0.36283290,4.91590200,-92.75747000,-35.54852000,54.68490200,88.24205000,51.08236000,1.87446010,-6.46185600
270,-2.14000988,-6.89685202,77.50173008,0.07618354,-2.77126233,163.91063399,-7.51719700,12.22632200,-6.54160200,6.32470900,6.38392640,-14.89537300,13.33747400,-25.88963300,4.26404520,6.27303170,2.06996970,15.00003300,38.25668300,0.51268300,6.10684540,25.08054700,25.63158400,-37.64323800,46.51770400,-0.96679430,0.38704467,4.85877560,-92.78097000,-35.47273300,54.75789000,88.26321400,50.97036700,1.97850530,-6.46801950
271,-2.20699167,-6.87790060,77.53526833,0.01809567,-2.71741384,163.96937406,-7.52434440,12.24372800,-6.53651670,6.31611060,6.35378400,-14.90164200,13.27908600,-25.87338300,4.29056300,6.26889300,2.09186220,15.00003300,38.22983600,0.53458685,6.05701200,25.10126700,25.62751000,-37.59726000,46.62944000,-1.05409050,0.39144298,4.83790970,-92.83195500,-35.44060000,54.79298000,88.30109000,50.86309000,2.02553300,-6.49351070
272,-2.27405429,-6.85923910,77.57241303,-0.05922490,-2.63753875,164.01789627,-7.54791260,12.27721700,-6.54224160,6.31015900,6.29932900,-14.90337100,13.21446800,-25.84126300,4.28389170,6.26781500,2.07590080,15.00003300,38.21151400,0.57533836,6.00757400,25.13275300,25.62571100,-37.55125400,46.69970300,-1.07279000,0.37699103,4.82726400,-92.93236000,-35.41857000,54.82362000,88.34270500,50.74342300,2.02977500,-6.49350600
273,-2.33797598,-6.84085655,77.59726483,-0.07165067,-2.61623024,164.06878288,-7.53018670,12.27475700,-6.51631400,6.30448000,6.31074760,-14.95089500,13.22066100,-25.83612800,4.30260850,6.26388700,2.07841090,15.00003300,38.17905000,0.62129660,5.95264150,25.17023300,25.62788000,-37.55543000,46.74001000,-1.05677660,0.37878177,4.82525970,-92.90320000,-35.40036800,54.83783000,88.25938400,50.61272400,2.03168600,-6.52529670
274,-2.39780593,-6.81992531,77.61899067,-0.07569591,-2.55349007,164.14214275,-7.55381160,12.25795600,-6.46693660,6.29675400,6.31106600,-14.96592500,13.23921500,-25.80647700,4.27742200,6.26017700,2.04621700,15.00003300,38.15921400,0.65497850,5.88809350,25.23175000,25.63484600,-37.48166300,46.73549700,-1.12610090,0.31318610,4.82225230,-92.90778000,-35.36949000,54.92819000,88.22920000,50.32401700,2.05934210,-6.49518900
275,-2.45384455,-6.79826975,77.64331184,-0.07970067,-2.51688824,164.19435828,-7.56167800,12.23852400,-6.42220540,6.28775930,6.34348960,-14.97558000,13.25146200,-25.79094700,4.27356530,6.26355100,2.02870460,15.00003300,38.15095000,0.67240304,5.83441400,25.27798700,25.64121200,-37.41432000,46.74101300,-1.23795020,0.22326802,4.88132950,-92.88006000,-35.35151300,54.98089600,88.18815000,50.15942000,2.07807520,-6.50299360
276,-2.50639081,-6.77539539,77.66718992,-0.08875007,-2.49773439,164.23422250,-7.56286050,12.22056600,-6.38245770,6.28311000,6.38028900,-14.97665900,13.26685400,-25.78207800,4.27412800,6.25888540,2.02090300,15.00003300,38.12201700,0.68242920,5.80535000,25.34409100,25.65598700,-37.33339300,46.70495200,-1.34878200,0.17505898,4.94234700,-92.87419000,-35.32412000,55.02111000,88.15365600,50.19042000,2.10157900,-6.54121880
277,-2.55582500,-6.74963140,77.68358979,-0.11026674,-2.45213631,164.29046307,-7.58747150,12.21199500,-6.33288000,6.27195800,6.36596540,-14.95492900,13.27898000,-25.74801800,4.23980860,6.26287100,1.97027300,15.00003300,38.09538300,0.68163290,5.77722640,25.33875300,25.66623500,-37.32247500,46.72531000,-1.46349850,0.26151200,4.89775300,-92.90995000,-35.31292000,55.04535000,88.14839000,50.38038300,2.15124490,-6.57053470
278,-2.60244298,-6.72122860,77.68965083,-0.10881367,-2.47165442,164.26589294,-7.52868000,12.23280050,-6.28767300,6.26908100,6.34691050,-15.00003300,13.33492000,-25.72222500,4.22570750,6.26480200,1.96032200,15.00003300,38.14319200,0.69288480,5.75862000,25.35359000,25.68808000,-37.25495500,46.77544000,-1.42398720,0.23977548,5.08331400,-92.87772000,-35.28715000,55.08885200,88.17920000,50.72310000,2.11217670,-6.56963540
279,-2.65044117,-6.69064283,77.69517707,-0.07407356,-2.47305430,164.29722369,-7.49958130,12.20811400,-6.23373000,6.27227160,6.36653570,-15.00003300,13.37596700,-25.73361000,4.23232030,6.26218180,1.97386530,15.00003300,38.14791000,0.69689580,5.74917000,25.36819500,25.71964000,-37.18749600,46.78841400,-1.49989210,0.15088204,5.11823840,-92.84786000,-35.25221000,55.13630000,88.15706000,50.69444700,2.10089140,-6.55352900
280,-2.69973922,-6.65747023,77.70857396,-0.05492092,-2.45670834,164.33558682,-7.48230360,12.18526300,-6.20145030,6.26600270,6.39344260,-15.00003300,13.38510000,-25.74286300,4.25136330,6.26979970,1.98946100,15.00003300,38.13723800,0.69740220,5.73948140,25.40414800,25.75916300,-37.12498500,46.76594000,-1.57684930,0.08387238,5.06527660,-92.84585000,-35.21190000,55.18124800,88.14634000,50.60562000,2.10617970,-6.53311970
281,-2.75026369,-6.62169456,77.73429565,-0.09411522,-2.42673567,164.32912132,-7.46693470,12.20546200,-6.20979800,6.25972600,6.38407400,-15.00003300,13.37085200,-25.71412800,4.26728800,6.26493300,2.00697020,15.00003300,38.15994300,0.68521905,5.70316600,25.39371700,25.77494600,-37.10116000,46.84547800,-1.56388600,0.08884218,5.00913400,-92.83595000,-35.19543500,55.18677500,88.15881000,50.75022500,2.10941390,-6.53607940
282,-2.80269575,-6.58085775,77.75713768,-0.13083222,-2.38482386,164.32173303,-7.47556920,12.21257800,-6.18814130,6.25297980,6.36162570,-15.00003300,13.37708500,-25.66722300,4.26602900,6.26384000,2.00927300,15.00003300,38.13662700,0.68474880,5.66806030,25.48498200,25.81456400,-36.97476000,46.80031200,-1.63453730,0.03021001,5.03851560,-92.84195000,-35.15337400,55.22204600,88.04167000,50.89755000,2.07759710,-6.57455700
283,-2.85647511,-6.53654766,77.77848883,-0.16943135,-2.33137396,164.41398077,-7.49918900,12.22803000,-6.13740700,6.25205560,6.33166800,-15.00003300,13.39318100,-25.61567700,4.25599530,6.25668240,2.02272700,15.00003300,38.09917400,0.69252540,5.62810560,25.51650600,25.86183500,-36.85866500,46.73958600,-1.64046360,0.03061581,5.09094500,-92.91140000,-35.11733000,55.27650500,88.10984000,51.08515500,2.10749440,-6.65015940
284,-2.91041136,-6.48911381,77.80483300,-0.19828318,-2.28318596,164.48063609,-7.51332300,12.23613100,-6.08956340,6.24640660,6.34064600,-15.00003300,13.38773250,-25.58355000,4.26398200,6.26149030,2.04558940,15.00003300,38.09179000,0.68903980,5.58926870,25.51517700,25.89470700,-36.76559400,46.71495400,-1.67071160,0.01056081,5.20040750,-92.95363600,-35.09826700,55.32090400,88.15758000,51.29738600,2.13234570,-6.71722800
285,-2.96383190,-6.43817282,77.83296689,-0.19957018,-2.23782795,164.48095187,-7.51869730,12.22314550,-6.05599500,6.24301960,6.38973300,-15.00003300,13.36502400,-25.58801000,4.28147400,6.25953100,2.07240500,15.00003300,38.08606000,0.65651536,5.57462300,25.60583700,25.96173900,-36.59073600,46.59875500,-1.71922280,-0.03461355,5.32400560,-92.97515000,-35.05905500,55.37441000,88.09974000,51.46530500,2.14278400,-6.74846940
286,-3.01542234,-6.38156033,77.83722292,-0.11766289,-2.14885368,164.48998846,-7.54111150,12.16577150,-6.00936130,6.23977760,6.41832800,-15.00003300,13.33879400,-25.64959700,4.25108100,6.25919300,2.01081600,15.00003300,38.13324000,0.59417194,5.53506700,25.61006200,25.99483900,-36.44570500,46.58458700,-1.76672630,-0.01231942,5.32030530,-92.94240600,-35.04112200,55.47518500,87.94578000,51.19314600,2.20996980,-6.74516060
287,-3.06541538,-6.32382631,77.83700147,-0.05269165,-2.09866693,164.46918920,-7.51646570,12.14381600,-5.97278170,6.24441430,6.41373100,-15.00003300,13.34156100,-25.69655400,4.22885940,6.25872500,1.96484090,15.00003300,38.13942300,0.54288083,5.56107000,25.74582700,26.09464800,-36.18103000,46.34763700,-1.72230180,0.04888373,5.31883240,-93.01162000,-34.98210000,55.58149700,87.85824000,51.37148300,2.26333280,-6.80313400
288,-3.11432028,-6.26468420,77.83174218,0.02371920,-2.05310872,164.44613264,-7.49129150,12.10825000,-5.93179040,6.24487450,6.40467500,-15.00003300,13.33918900,-25.75860000,4.21353600,6.25882340,1.93216260,15.00003300,38.20399000,0.48172814,5.55530800,25.69356500,26.10991000,-36.12742600,46.34665700,-1.81048310,0.04237420,5.33917600,-92.97332000,-34.97320000,55.62154000,87.71828000,51.28350000,2.33318950,-6.78941900
289,-3.16129065,-6.20368814,77.82758206,0.09896614,-2.00360750,164.40882263,-7.47622600,12.06809600,-5.89219400,6.24707940,6.40060100,-15.00003300,13.32466200,-25.82475300,4.20143940,6.26065970,1.89900640,15.00003300,38.17510000,0.41028938,5.59771100,25.84154700,26.21097000,-35.89084000,46.07491000,-1.85216390,0.02313902,5.29522900,-92.99652000,-34.90968000,55.77245700,87.51976000,51.16939500,2.41819670,-6.69443560
290,-3.20528460,-6.14176178,77.83789238,0.13691232,-1.95791288,164.33297224,-7.45554450,12.05618100,-5.87749860,6.25009200,6.41723350,-15.00003300,13.31439200,-25.86157400,4.17430160,6.27181500,1.83254200,15.00003300,38.14810000,0.32394585,5.62551160,26.03885700,26.34903000,-35.68175000,45.71698800,-1.80074940,0.08212300,5.32551600,-93.01546500,-34.80640000,55.88507000,87.34653000,51.33616600,2.40469700,-6.60183200
291,-3.24633193,-6.07808352,77.83999939,0.18415107,-1.84608022,164.30613854,-7.49554300,12.03079300,-5.79925440,6.24959000,6.37652730,-15.00003300,13.31881100,-25.87947800,4.10028650,6.24435900,1.76640120,15.00003300,38.08357200,0.29335810,5.60392240,26.14659300,26.45168900,-35.62331400,45.39611400,-1.81105160,0.11638032,5.52298700,-93.06570400,-34.71757000,55.97017000,87.03040000,51.38740500,2.47443490,-6.59406500
292,-3.28177404,-6.01560068,77.85165496,0.21794268,-1.77341596,164.17797229,-7.50160400,12.01504400,-5.74909260,6.25063800,6.37832550,-15.00003300,13.18967000,-25.96124300,4.10958770,6.27094800,1.71830320,15.00003300,38.11195400,0.25555760,5.59748170,26.29083800,26.52386000,-35.42915000,45.04374000,-1.86594490,0.11944466,5.61036060,-93.06859600,-34.64287600,56.05989000,86.70821000,51.37032300,2.54555800,-6.55141800
293,-3.31150579,-5.95306683,77.85976290,0.23948187,-1.75190630,164.06886053,-7.47382640,12.01031800,-5.74642200,6.25204200,6.38615300,-15.00003300,13.09427800,-26.04406700,4.11976200,6.27716830,1.69790070,15.00003300,38.13047400,0.22358173,5.59200240,26.51334600,26.61842000,-35.08688700,44.48598000,-1.92039110,0.14253114,5.59608840,-93.04977400,-34.53381000,56.16068600,86.50896500,51.23234600,2.60428260,-6.50347380
294,-3.33245325,-5.88808298,77.84770790,0.27304482,-1.74590615,164.06143286,-7.45201350,12.00643700,-5.76053600,6.25576160,6.36013700,-15.00003300,13.08207900,-26.08647300,4.10714300,6.28639130,1.66924040,15.00003300,38.13897700,0.19792680,5.53412630,26.70276500,26.72817200,-34.75374200,43.72904200,-1.97773580,0.21868345,5.54895970,-93.00167000,-34.42069000,56.27980400,86.50954400,50.94169200,2.64853640,-6.48668240
295,-3.34126425,-5.82228136,77.83366158,0.32658269,-1.68964988,163.97020301,-7.45145200,12.00147400,-5.69876150,6.25614550,6.31403640,-15.00003300,13.07577500,-26.11722200,4.04518900,6.28262470,1.60214600,15.00003300,38.18892300,0.21263872,5.50833270,26.88126600,26.80283700,-34.41045400,42.91596600,-2.11820860,0.15559123,5.75367900,-93.02725000,-34.32867000,56.34165600,86.31853000,50.95934000,2.73333220,-6.49326560
296,-3.33832288,-5.75529194,77.82553566,0.36107616,-1.65170093,163.89675041,-7.44286250,12.01277000,-5.68605230,6.25752540,6.29949400,-15.00003300,13.14822800,-26.08557500,3.97925100,6.26102640,1.57041100,15.00003300,38.20768000,0.20496164,5.49022050,27.00963200,26.88062000,-34.12304000,41.95149000,-2.12938400,0.14548911,6.05751900,-93.06765000,-34.22773700,56.38551300,86.26469000,51.25428400,2.81892350,-6.52832400
297,-3.32233119,-5.68632269,77.81869393,0.38075897,-1.60149435,163.83346842,-7.46468450,12.03037900,-5.67468200,6.26127620,6.28903530,-15.00003300,13.15750000,-26.05583000,3.93110000,6.29751400,1.48343650,15.00003300,38.24606300,0.20692511,5.45574700,27.14354500,26.95657200,-33.79986600,40.72223300,-2.12889740,0.15638302,6.30425700,-93.12771000,-34.13329300,56.41446300,86.27013000,51.48345600,2.88577940,-6.57179640
298,-3.29682279,-5.61679935,77.81715815,0.35318260,-1.59329167,163.82339436,-7.47731070,12.06968300,-5.70025250,6.26477400,6.27616900,-15.00003300,13.21590900,-26.01841200,3.83377860,6.27419330,1.39345050,15.00003300,38.26650000,0.28946257,5.41905100,27.31062500,27.02576600,-33.38719600,39.16760300,-2.15872170,0.17504552,6.43784500,-93.18560000,-34.05877700,56.41550000,86.27947000,51.47723400,2.91849110,-6.61482670
299,-3.25699854,-5.54667664,77.81658137,0.31036363,-1.64619389,163.82443936,-7.47347500,12.11297100,-5.72879200,6.27014200,6.30589250,-15.00003300,13.20359400,-25.99968500,3.86057470,6.31108500,1.39562390,15.00003300,38.23620000,0.36457732,5.38334700,27.53584500,27.12334600,-32.83335000,37.20691300,-2.15377620,0.21570918,6.54747600,-93.17229500,-33.97347600,56.32184200,86.28419000,51.23831000,2.88972660,-6.66722630
300,-3.20793509,-5.47504663,77.78355503,0.39457905,-1.74952299,163.80137883,-7.39362140,12.10340900,-5.74791150,6.28490350,6.37246750,-15.00003300,13.34869900,-26.01906600,3.83047220,6.32019760,1.37914190,15.00003300,38.14142600,0.39187157,5.41769170,27.68728400,27.33474700,-32.43195300,35.04011500,-2.05921860,0.18856172,6.77746300,-93.12443500,-33.79844700,56.25107600,86.23293000,51.29876700,2.92028620,-6.77983430
301,-3.15450382,-5.40118313,77.75476471,0.47195271,-1.83708037,163.78518536,-7.34528060,12.08525000,-5.75875300,6.29449840,6.45938440,-15.00003300,13.45195300,-26.04855000,3.81356380,6.32343960,1.37150810,15.00003300,38.08599000,0.47538835,5.37806600,27.86460300,27.53691500,-31.96139300,32.62906000,-2.02718470,0.14636060,6.85866550,-93.02643600,-33.63473000,56.20665000,86.14037000,51.00049200,2.90240030,-6.93466850
302,-3.09976387,-5.32629919,77.73715727,0.51354731,-1.91209874,163.78280399,-7.31922100,12.08051100,-5.77517130,6.29852060,6.55254000,-15.00003300,13.51253400,-26.06802200,3.80692600,6.32201100,1.37478070,15.00003300,38.02333500,0.58446205,5.29390300,28.11332000,27.72992900,-31.32455600,29.96163400,-2.01338270,0.09815343,6.84422060,-92.91597000,-33.48843000,56.12876500,86.05936400,50.60021600,2.84008340,-7.10815950
303,-3.04741931,-5.25344372,77.72799169,0.52292849,-2.00917069,163.79065309,-7.24840450,12.11314600,-5.82050200,6.30462500,6.62871650,-15.00003300,13.60923000,-26.05005000,3.77927180,6.31858300,1.37689570,15.00003300,37.95689800,0.68815900,5.23141900,28.21484600,27.90227500,-30.75871000,27.28716300,-1.96178440,0.02794176,7.01825570,-92.87262000,-33.36675000,56.02642400,86.20138000,50.96464500,2.78825550,-7.25301930
304,-3.00170875,-5.17810965,77.65065828,0.67398703,-2.21069432,163.75464118,-7.12497140,12.05212500,-5.77679900,6.32194500,6.64651600,-15.00003300,13.78103900,-26.13742300,3.76047350,6.31644400,1.38386430,15.00003300,37.80939500,0.73597910,5.23043800,28.29303000,28.13384200,-30.26395200,24.66263000,-1.62010960,-0.07335356,7.12475730,-92.64218000,-33.21721300,55.90237400,86.11342000,50.87968400,2.77290820,-7.36878500
305,-2.96820903,-5.10209703,77.61529498,0.72355904,-2.26542718,163.68196284,-7.10213380,12.05047600,-5.74094200,6.33419370,6.62770940,-15.00003300,13.84001000,-26.14273600,3.73804350,6.32131000,1.38221700,15.00003300,37.72482300,0.82382053,5.14532300,28.52539600,28.36588500,-29.51714300,21.88380000,-1.57142530,-0.29165122,7.34418440,-92.54804000,-33.08493800,55.89481700,86.10717000,50.53412600,2.76791070,-7.45732550
306,-2.94906521,-5.02666473,77.60662269,0.69942680,-2.26007736,163.61190417,-7.12064800,12.08807900,-5.72421260,6.33812670,6.58975460,-15.00003300,13.84616100,-26.09560200,3.72127300,6.33512070,1.37337040,15.00003300,37.64296700,0.94021827,5.02113300,28.80116000,28.59564200,-28.62925300,18.94284800,-1.54813800,-0.36657214,7.55308600,-92.54681400,-32.97551700,55.85262000,86.17888000,50.35841400,2.74505620,-7.62103600
307,-2.94603419,-4.95270395,77.60038113,0.65097298,-2.30083457,163.57739854,-7.11299600,12.13164800,-5.73090170,6.34525780,6.54432300,-15.00003300,13.88576000,-26.04271000,3.71284960,6.34237500,1.36568640,15.00003300,37.50516500,1.06856130,4.90937660,29.00519000,28.84492100,-27.76409000,15.83978500,-1.26710050,-0.06757229,7.63313530,-92.56869500,-32.88470500,55.63337300,86.31150000,50.74960000,2.67585330,-7.94685650
308,-2.96626544,-4.87514734,77.60471319,0.63140167,-2.33932743,163.42624087,-7.07032970,12.15858100,-5.70743270,6.35399770,6.53520400,-15.00003300,13.91888300,-26.02510300,3.67619900,6.35024100,1.31144050,15.00003300,37.42983000,1.19639770,4.77165270,29.18858000,28.99229600,-27.02880500,12.81215400,-1.16386750,-0.25762117,8.02485000,-92.49990000,-32.83766000,55.55849000,86.33053000,51.08085600,2.62335470,-8.11243800
309,-3.00637627,-4.78902102,77.60061677,0.65174126,-2.39865917,163.22220562,-7.01102640,12.14196000,-5.67909200,6.36617470,6.52556940,-15.00003300,13.97683000,-26.06181100,3.65055060,6.32143700,1.28218850,15.00003300,37.28350400,1.31582780,4.70457000,29.32638500,29.15301500,-26.00625600,9.36922700,-1.00066920,-0.10040709,8.07830800,-92.44283000,-32.79258300,55.50055000,86.22635000,51.14365800,2.58686280,-8.22737700
310,-3.06230021,-4.68784952,77.59721425,0.70609941,-2.40767948,163.00893658,-6.99028400,12.09629900,-5.59991930,6.38440200,6.53126760,-14.98300900,13.96467800,-26.14718000,3.63149240,6.32587400,1.21733000,15.00003300,37.06249200,1.36652430,4.67308200,29.71326800,29.41294500,-24.65935300,5.44437400,-0.92862200,-0.03303261,8.17047900,-92.43788000,-32.72540300,55.42413000,86.10963400,50.91184000,2.55257990,-8.26433000
311,-3.13369846,-4.56851625,77.60849275,0.76042434,-2.34071518,162.80872938,-7.02857400,12.03681900,-5.47275900,6.41100840,6.56511450,-14.87228500,13.89656200,-26.25031500,3.58717850,6.33047530,1.13013970,15.00003300,36.89646500,1.45457100,4.59694860,29.98430600,29.62011100,-23.37699000,1.41601100,-1.01908420,-0.16551335,8.48850100,-92.50075000,-32.69186000,55.41589000,86.09157600,50.47282000,2.53800730,-8.26571600
312,-3.22128201,-4.42103386,77.67242602,0.74682356,-2.10777452,162.50051486,-7.20273730,11.97684500,-5.32764200,6.43915400,6.65995100,-14.63475200,13.64394500,-26.32784800,3.60742880,6.36760140,1.08452480,15.00003300,36.78982000,1.58140460,4.50506350,29.84827400,29.71234000,-22.13801800,-3.09608130,-1.07467730,0.16853204,8.44618300,-92.78873400,-32.68913300,55.30904800,86.06163000,50.21777300,2.64208530,-8.51318800
313,-3.31569648,-4.23639345,77.69354610,0.86383069,-1.95820621,162.04268866,-7.21829900,11.90950800,-5.18546770,6.46332930,6.72308440,-14.54276800,13.54354200,-26.45365000,3.57536820,6.34017600,1.02681790,15.00003300,36.55139000,1.61123690,4.49320000,29.60542300,29.77254100,-20.90651900,-7.94106340,-1.09555010,0.25507006,8.72861600,-92.84048500,-32.67413300,55.32440000,85.63252000,49.73282600,2.64866760,-8.57792200
314,-3.41167927,-4.01794529,77.73003596,0.90790847,-1.78961173,161.66774980,-7.27181340,11.87688350,-5.07765800,6.47921700,6.79489370,-14.36562500,13.38061600,-26.54285000,3.56469800,6.34127200,0.97677740,15.00003300,36.19438000,1.63849440,4.53427360,29.10540200,29.80730600,-19.47037000,-13.25600000,-1.14848470,0.36217450,8.92598800,-92.99905000,-32.65197800,55.32731000,85.18537000,49.15682600,2.62806340,-8.68144900
315,-3.50672150,-3.76212335,77.77084227,0.89048713,-1.55654535,161.34431676,-7.55782270,11.85558800,-5.01870700,6.82602600,6.68403900,-14.10347700,13.16817100,-26.58172600,3.56197670,6.33165200,0.98488206,15.00003300,35.73645000,1.67146060,4.64145400,28.15860200,29.80656800,-17.80386200,-19.10662000,-1.24237900,0.59647673,9.05674500,-93.34386000,-32.62338000,55.22871000,84.67217000,48.71772000,2.59241460,-8.92452900
316,-3.59517050,-3.45911074,77.79706010,0.95931906,-1.17601167,160.85722940,-7.83631400,11.82296200,-4.87166100,7.01568460,6.60698500,-13.88457300,12.92626800,-26.60875000,3.56527970,6.28852370,1.10230410,15.00003300,35.15347700,1.63832180,4.88327460,26.61046400,29.72680300,-15.79300700,-25.72514500,-1.33745850,1.05036710,9.31936550,-93.90531000,-32.56615000,54.91339500,83.73109000,48.86526500,2.54183340,-9.41143600
317,-3.66327810,-3.10643911,77.79761090,1.10640335,-1.05966962,160.35144224,-8.18189800,11.74107700,-4.71485200,7.65470460,6.52938270,-13.72010600,12.70133700,-26.80349300,3.60359100,6.27036300,1.17162080,15.00003300,34.53658300,1.57449330,5.22070600,22.81478500,29.64497600,-13.25940300,-32.11217000,-1.03976130,1.01189170,9.26617100,-94.22886000,-32.52934600,54.85450400,82.94802000,48.06479300,2.11272530,-9.69577800
318,-3.71949339,-2.72167993,77.78267457,1.32570958,-0.89931459,159.78532726,-8.30911350,11.65861200,-4.50707340,7.82420500,6.54088900,-13.51304150,12.48567800,-26.95526100,3.63966460,6.32310870,1.15366940,15.00003300,33.46218000,1.37950370,5.67502400,19.52372600,29.43769000,-10.85667400,-37.07346700,-0.72164080,1.16465200,10.37893200,-94.58944000,-32.44254000,54.71784000,81.98021000,48.56517000,1.89469310,-9.53025500
319,-3.76609111,-2.30909109,77.76268065,1.60127387,-0.77870824,159.30405947,-8.33513600,11.56297200,-4.28064800,7.81599200,6.74783750,-13.37580800,12.35157800,-27.09091200,3.72033800,6.31540800,1.34547150,15.00003300,32.42505000,1.29803620,6.04638860,14.50547300,29.14170000,-8.70567400,-40.92777300,-0.99981230,1.62335410,12.17582400,-94.91927000,-32.30276500,54.40135600,81.00374600,49.50928000,1.88487960,-9.66219400
320,-3.80098271,-1.87199843,77.75839552,1.91898012,-0.74693193,159.01629159,-8.43870800,11.44616400,-4.02245600,7.96702240,7.24660830,-13.41758500,12.17944300,-27.26166700,3.99539180,6.30291460,1.95416300,15.00003300,31.56980100,1.33765500,6.24672900,6.00779200,28.79414600,-6.00332740,-44.55723600,-2.41470480,2.37450550,13.65180900,-95.09066000,-32.08764000,53.49242000,79.77215000,49.77316000,2.03134800,-10.83678700
321,-3.83358908,-1.42815983,77.82966167,1.64988899,-0.49543516,158.84176241,-8.48879800,11.70393200,-3.78712270,7.56270800,7.38680400,-13.40576700,12.06583400,-26.89687300,4.22380920,6.26145700,2.53694700,15.00003300,30.30933600,1.89098730,6.26736830,-4.11581370,28.67891500,-5.64773800,-44.72015800,-3.02519680,3.49985400,15.72218800,-95.66650400,-31.71653600,52.33796000,78.43765000,50.28242500,2.03322480,-10.96593600
322,-3.85415936,-0.96397352,77.92606502,1.54784244,0.15982617,158.28576581,-8.80804900,11.87749200,-3.62546130,7.31276700,7.53267700,-13.21223500,11.65237400,-26.69938900,4.28440400,6.27021300,2.81140970,15.00003300,29.63012300,2.03963230,6.11973570,-13.58597000,28.54702800,-4.76574330,-43.67835200,-3.58420830,4.59110830,18.00149300,-96.34906000,-31.47371100,51.46023600,77.56011000,50.17025800,1.88869600,-11.22305600
323,-3.86578560,-0.49653059,78.00998439,1.52588531,0.64127671,157.56714907,-9.07667500,12.01990900,-3.61372730,7.34636070,7.67949300,-13.04978750,11.27144800,-26.64994400,4.35166100,6.24142300,3.09410300,15.00003300,29.11632300,2.04275350,5.94520100,-22.64817000,28.35157200,-3.40645980,-41.75546300,-3.99815650,5.74921000,19.44601600,-96.77891500,-31.29301300,50.51371400,76.93121000,49.78679300,1.69624830,-11.47169200
324,-3.87002158,-0.03489193,78.06687610,1.53052852,0.77100542,156.78335048,-9.19178300,12.17539500,-3.73940420,7.65591960,7.82332560,-13.01578600,10.94025700,-26.70692400,4.56320300,6.25149250,3.49530960,15.00003300,28.68644700,2.10010980,5.82837960,-30.93642800,28.23120300,-1.77856830,-39.64596000,-4.28496800,6.88506650,20.00790200,-96.97260000,-31.20592300,49.51486200,76.42710000,49.43454400,1.57233660,-11.67248900
325,-3.87407470,0.42028379,78.15262660,1.42410912,1.07371753,155.95104253,-9.37449800,12.41136900,-3.89186840,7.88100150,7.90977760,-13.00533900,10.48329700,-26.68249700,4.77566900,6.24527030,3.98849340,15.00003300,28.43288800,2.25771070,5.79619800,-38.18066400,28.31904800,-0.45521352,-37.18180500,-4.50362730,7.29055450,21.65611800,-97.48324000,-31.13712700,48.24895000,75.66421500,48.79819500,1.77928070,-12.03974800
326,-3.87619328,0.86810440,78.17016743,1.63212791,1.45815300,155.23608719,-9.87106700,12.40243300,-3.88193130,8.47477100,8.05491100,-13.00342900,10.03804700,-26.90393300,4.93040940,6.21768800,4.34902500,15.00003300,28.08754200,2.39500700,5.80901300,-43.93926000,28.66290900,0.88154550,-35.70445300,-4.46579400,7.26655670,22.56126800,-97.82600000,-31.13807000,47.00238400,74.47993500,47.63783600,1.76327290,-12.66518200
327,-3.88143969,1.29529691,78.20647679,1.76982588,1.85547627,154.39763494,-10.46132300,12.41182700,-3.94783120,9.25313200,8.11164900,-12.95219300,9.49353700,-27.11993200,5.09992840,6.23649450,4.60739040,15.00003300,27.70271500,2.51357400,6.03512400,-49.56045500,29.22651100,2.25398370,-34.00271000,-4.39268880,6.89747400,24.10841800,-98.62170000,-31.21519900,45.77615700,73.05929600,46.72870000,1.56640390,-13.41992200
328,-3.89433622,1.69720197,78.27764197,1.73840883,2.24141801,153.54569135,-11.00010700,12.51849200,-4.13355500,9.98041700,8.09290600,-12.86971200,8.98332200,-27.22205200,5.20653440,6.17838600,4.86431070,15.00003300,27.30591800,2.59806600,6.44224930,-55.41104500,30.14924200,3.52021860,-31.73360000,-4.53576100,6.47711130,26.05978800,-100.02735000,-31.37885700,44.40738300,71.46825000,46.21452000,1.33086470,-14.32486800
329,-3.91621447,2.07019830,78.37202390,1.56040124,2.67357519,153.02264042,-11.33012700,12.74742600,-4.34145100,10.22042200,8.12295300,-12.82982000,8.48801700,-27.11881800,5.23108400,6.24135260,5.07601070,15.00003300,27.15065000,2.79369190,6.77119870,-61.22108000,31.35105900,4.53440760,-29.13727400,-5.26393100,6.63745800,26.95221000,-102.27033000,-31.61810100,42.97814000,70.03886400,46.14190300,1.37107250,-15.50260900
330,-3.95659852,2.39875221,78.43693930,1.33920748,3.12575007,152.42800781,-11.71768700,12.99271300,-4.52199460,10.57288200,7.86849360,-12.77140800,7.96703300,-27.09688000,5.34609700,6.23765950,5.25510200,15.00003300,26.80999600,3.02031280,7.18508700,-65.57559000,32.95282000,4.98133100,-26.77578000,-5.64022900,6.73977900,27.15167400,-104.79743000,-32.01482400,41.78166600,68.57088500,45.76952700,1.11649660,-16.10830900
331,-4.00787163,2.69433713,78.45857825,1.26331515,3.42608733,151.72849314,-12.20573900,13.09068900,-4.74309440,11.36982000,7.50346600,-12.64892900,7.56173800,-27.20338000,5.37734200,6.23398920,5.13973500,15.00003300,26.35491200,3.00780030,7.83766130,-71.06188000,34.86615400,4.84644000,-23.60259200,-6.51957800,7.00905400,27.44827000,-107.33866000,-32.53124200,40.61788000,66.68262000,45.59992200,0.74179685,-16.92247000
332,-4.07771540,2.95776772,78.46552442,1.27920983,3.67991143,151.05145708,-12.65292900,13.10773500,-4.98633240,12.21680450,7.17470030,-12.52372000,7.19958830,-27.36452900,5.38906200,6.22446500,4.94781160,15.00003300,25.87667800,2.86164710,8.62532200,-77.24126000,37.04726000,4.20159240,-19.70242000,-7.66714140,7.29929450,27.77768500,-109.92947000,-33.16317700,39.45196500,64.44321400,45.25880000,0.37005487,-17.85106800
333,-4.17474937,3.18988085,78.49578638,1.30466192,4.02819794,150.53325027,-12.92466500,13.13130600,-5.22288560,12.67815400,7.01078200,-12.46633000,6.77394720,-27.49373800,5.46795370,6.20668100,4.93738370,15.00003300,25.49796000,2.77589900,9.41363200,-83.15028000,39.50540000,3.31451940,-15.44611400,-8.70539700,7.45308070,27.94229900,-112.63119500,-33.92355000,38.34661500,61.96683500,44.37317000,0.13991481,-18.72845800
334,-4.31569481,3.37547326,78.59867361,1.14670935,4.56564689,149.97463053,-13.28294300,13.24732500,-5.40610400,13.01564900,6.89859720,-12.42162800,6.27157450,-27.49221000,5.39961200,6.20430040,4.79037300,15.00003300,25.16364500,2.52358370,10.45218100,-89.72834000,42.14860000,0.64980940,-9.82151800,-8.54772500,7.92194560,27.97192600,-115.38975500,-34.70834700,37.27319300,59.46587800,45.07101400,-0.23670238,-19.65486000
335,-4.50204229,3.52129149,78.74855299,1.06755104,5.28390175,149.40922642,-13.54218200,13.30373700,-5.53737260,12.98780000,7.13073970,-12.41562300,5.58320200,-27.57767300,5.47079300,6.19459200,4.86513900,15.00003300,24.63842400,2.11553260,11.49077700,-96.92547000,44.84589800,-3.02294640,-3.53171780,-9.34712200,7.86801960,27.91572200,-117.95682500,-35.52374300,35.85343000,56.65213800,45.01139000,-0.60420130,-20.84252500
336,-4.73429823,3.61593747,78.90129134,1.01970443,5.78989941,148.92739077,-13.68833800,13.31571000,-5.69013200,13.11092400,7.46838900,-12.56545200,4.95912100,-27.72211800,5.62918400,6.18375830,5.06920240,15.00003300,24.02274100,1.54529200,12.72793300,-105.05585500,47.50436800,-7.88246630,3.65424750,-11.12004900,7.46672250,27.54747000,-119.82854500,-36.33166500,34.23116300,54.15941200,44.90981300,-1.12876740,-22.24568000
337,-5.01633120,3.65071750,79.04369380,0.95206629,6.10776444,148.48485516,-13.82261100,13.30540900,-5.86366030,13.53663400,7.70429000,-12.80645600,4.37261500,-27.88128000,5.84928100,6.24541140,5.25793800,15.00003300,23.19285000,0.70779145,14.23693500,-114.27813000,49.96102500,-14.24320300,11.60598500,-13.79229500,6.99817800,26.86178000,-120.69714000,-37.05193300,32.48631000,52.11670700,45.17250400,-1.65839800,-23.47772800
338,-5.38628006,3.60890412,79.25640538,0.63059252,7.53482528,147.63258992,-14.47125900,13.37423600,-5.93502700,13.46943000,7.43113370,-12.36197800,3.58051040,-27.86962300,5.78250300,5.85607300,5.36709740,15.00003300,21.75100300,-0.05916602,15.52658200,-120.44181000,51.47841300,-19.57492000,17.01158500,-16.07688500,7.49084900,25.97391300,-120.65654000,-37.41375000,31.69622200,49.80771000,45.56046700,-0.70746773,-22.57120300
339,-5.79897451,3.47585750,79.33034894,0.75649918,8.38428841,146.53393624,-14.86655100,13.20796600,-5.79772200,13.99223100,7.29380130,-12.49875900,2.56713770,-28.16719000,6.02430060,6.30046200,4.95449730,15.00003300,20.38685400,-1.08714310,17.21734400,-128.21501000,52.97892000,-26.61214000,23.37349500,-19.25010000,6.79391600,24.90041500,-121.49780000,-37.64889500,30.90486000,48.12991000,44.59966300,-0.72332156,-22.67634400
340,-6.28701830,3.25810099,79.51323078,0.41342313,9.08039738,145.62066678,-15.15087500,13.25285900,-5.79482000,14.42512600,7.03157230,-12.59422300,2.10406110,-28.19870200,6.02030040,6.05103600,4.94343330,15.00003300,19.26493300,-1.63990780,18.63915000,-133.21360000,53.70664200,-32.45763400,28.90701100,-22.13021000,6.54819870,23.66951000,-122.60936000,-37.58879500,31.27316700,47.69012000,44.29805800,-0.56392735,-22.53439900
341,-6.83372402,2.95849490,79.82460111,-0.43579448,9.83037799,144.84886878,-15.44788500,13.54433000,-5.79138700,14.60532100,6.71349100,-12.54617100,1.24861760,-27.90688000,6.27307940,6.17599440,4.91194500,15.00003300,18.47370700,-2.01007400,19.64219500,-135.77739000,53.88571000,-37.53569000,33.93246000,-24.56579600,7.09394800,22.25591700,-123.78705000,-37.32121700,32.79729000,48.73655300,45.25797700,-0.13009202,-21.87846000
342,-7.42991114,2.58462811,80.20789725,-1.44236603,10.20405018,144.50444197,-15.39445700,13.85168700,-5.92022800,14.55731800,6.64382300,-12.49913500,0.66541684,-27.53392000,6.45735070,6.20581500,5.15966100,15.00003300,17.58387800,-2.49195460,20.99347500,-139.41884000,53.51101700,-44.24693700,40.22709000,-27.17943800,8.13768300,20.02351600,-126.05080400,-36.58502600,35.45080000,52.49448000,47.73841000,0.04324852,-20.81548500
343,-8.06690788,2.16318250,80.56485616,-2.60580207,10.52256639,144.02671467,-15.43020400,14.26343250,-5.98802600,14.75533000,6.30976530,-12.61630250,0.12607986,-27.08997700,6.69028040,6.03657250,5.79058070,15.00003300,17.08971600,-2.85299750,21.82694200,-140.51120000,52.85331700,-49.46285600,45.62897000,-30.33770800,9.15824500,17.30775000,-127.04616000,-35.82388000,39.51781000,56.53513300,48.24485800,1.50328840,-18.95724500
344,-8.70799923,1.73038816,80.95527527,-3.60828588,11.03299682,143.65194511,-15.17761700,14.65605200,-5.73005300,14.10712900,6.48270800,-12.95989000,-1.00926210,-26.72582200,7.49120240,6.22482200,6.70874450,15.00003300,16.55411500,-3.15870900,22.83413500,-143.21863000,51.56910000,-56.56922500,52.15846600,-32.78839500,9.90461350,13.89436400,-129.20947000,-34.51573600,44.92983200,62.04372800,47.89867000,2.61015700,-16.62674000
345,-9.34929466,1.30842161,81.38796768,-4.69977275,11.52461169,143.28321773,-14.86099000,15.12385300,-5.53185220,13.36516400,6.54710300,-13.29394400,-1.42996180,-26.30158200,7.87054350,5.67189070,7.87221340,15.00003300,15.88868400,-3.45152950,23.51055700,-144.37483000,50.24439200,-62.83389700,57.41798800,-32.88134000,10.67478750,10.40135100,-130.20299000,-33.26148600,50.00700000,67.04165000,46.73317000,3.62614180,-13.72564800
346,-9.94464874,0.91661376,81.71426073,-6.02831189,12.15377342,142.33317861,-15.18981300,15.71140100,-5.38670640,13.57151700,5.74264960,-13.33802000,-1.90167930,-25.70902800,7.93252330,5.73571400,8.00755300,15.00003300,15.06155000,-4.27336930,23.86403800,-144.23193000,48.84719500,-68.36323000,61.34110600,-30.55370100,11.40280150,7.39774300,-130.43329000,-31.98635500,54.70753500,71.47618000,46.20314400,4.73508550,-10.16560200
347,-10.49191380,0.58846951,81.97333895,-6.88924728,12.40462177,141.79632583,-15.37604200,15.99593500,-5.43584730,14.00439100,5.39552000,-13.37951500,-2.61170580,-25.50596800,8.73928000,5.67634960,9.18016800,15.00003300,14.54646700,-4.89162900,24.44201700,-145.42550000,47.45038000,-72.05890000,64.54423000,-32.32255000,11.26764000,5.80103700,-130.82913000,-30.72269400,57.22794000,74.36368000,46.55355000,5.19663760,-9.00327400
348,-10.97450161,0.32562876,82.15944805,-7.39906916,12.77841104,141.17901814,-15.46937800,16.10400200,-5.34992360,14.15679400,5.27857730,-13.41975900,-3.60854130,-25.47022000,9.56004200,6.02175000,9.87971600,15.00003300,14.12653100,-5.47757700,24.82810200,-146.08603000,46.14445500,-73.72072600,66.45483000,-33.37109800,10.97316700,5.59078740,-131.21616000,-29.56986400,58.22911500,76.15796000,47.40922000,4.93306880,-8.64480900
349,-11.40355301,0.12107715,82.28833272,-7.73005250,13.03810680,140.69768245,-15.48280300,16.13237600,-5.31843850,14.32324800,5.17995830,-13.44497700,-4.28562360,-25.52755200,10.14519700,6.00982000,10.58869000,15.00003300,13.80677300,-5.92005060,25.19512600,-146.68220000,44.70967500,-74.35027000,68.01266000,-34.16624500,10.47845200,6.04972600,-131.87823000,-28.34708000,58.59102000,77.73172000,48.46035800,4.26870160,-8.62925300
350,-11.77215767,-0.02601096,82.36600049,-7.94679269,13.16133853,140.28395855,-15.48488800,16.12109400,-5.32314630,14.62575300,5.00669500,-13.44745350,-4.95133900,-25.60787600,10.68207100,6.08873100,11.18632500,15.00003300,13.65613650,-6.28328000,25.43075800,-147.09155000,43.42512500,-74.39035000,69.18098000,-34.88338000,9.95591700,6.79458240,-132.48053000,-27.29324200,58.63412500,78.92759000,49.31851000,3.58563610,-8.83414100
351,-12.06960869,-0.10049862,82.44620289,-8.17396375,13.36513185,139.33332408,-15.39135900,16.19655200,-5.27945040,14.66486000,4.97375970,-13.45632500,-5.60297730,-25.59705000,11.09421800,5.98538000,12.02505300,15.00003300,13.50407200,-6.71070000,25.59496500,-147.30827000,42.47581500,-74.36108400,70.14863000,-35.39340600,9.65903900,7.26513770,-133.05856000,-26.51889000,58.20297000,79.30837000,49.42469000,3.55850200,-9.16840500
352,-12.31895065,-0.12802559,82.55867198,-8.60410545,13.63106863,138.89234944,-15.34105300,16.41854500,-5.25199750,14.44940600,4.96069050,-13.47513200,-6.21235000,-25.47046700,11.27281700,6.00269170,12.51380000,15.00003300,13.33560100,-7.09251450,25.85983800,-147.46533000,41.44956600,-74.50687000,70.80016000,-34.78066300,9.48545900,7.65936300,-133.94590000,-25.72025900,58.05515700,80.36680000,50.00171000,3.14288330,-9.55904800
353,-12.52818298,-0.12072250,82.63470362,-8.99860528,13.78834149,138.48088722,-15.36741600,16.61094900,-5.29365250,14.49170000,4.79081600,-13.41240400,-6.68162970,-25.37274200,11.38808800,6.04638150,12.74210400,15.00003300,13.23258200,-7.46302900,26.06747400,-147.65000000,40.44150500,-74.56348000,71.35615500,-34.65047500,9.23111800,8.04493700,-134.67142000,-24.96838400,57.85855500,81.21415000,50.46367300,2.67065480,-10.24587800
354,-12.70333385,-0.08026037,82.65791216,-9.26236189,13.77147078,138.04657508,-15.40881200,16.73084400,-5.39390470,14.82989700,4.46887060,-13.31979100,-6.92509750,-25.34697500,11.47752300,5.96588660,12.91910300,15.00003300,13.17984100,-7.82584330,26.23516500,-147.78699000,39.70433400,-74.45236000,71.65569000,-35.22215700,8.85593800,8.52571600,-135.14018000,-24.42985200,57.49751300,81.56919000,50.65002000,2.33872490,-11.04775700
355,-12.84410381,-0.00189172,82.62529681,-9.28540783,13.60526063,137.71990016,-15.34620700,16.76456800,-5.40277670,15.20373500,4.13666400,-13.39242700,-7.23720170,-25.38506300,11.74124500,6.03150600,13.23196300,15.00003300,13.17242050,-8.26154200,26.41959800,-147.79240000,38.89280700,-74.21178400,72.10730000,-35.87354700,8.35004800,9.31827400,-135.72743000,-23.84836000,56.96340000,82.16153000,50.59866300,2.30811570,-11.31242400
356,-12.96889496,0.11492515,82.65144765,-9.60624180,13.59541384,137.18249538,-15.52859800,16.93439300,-5.61420400,15.67519700,3.86900070,-13.14003600,-7.59454400,-25.25220900,11.79278500,5.94250800,13.61809400,15.00003300,13.11141000,-8.52669400,26.52518800,-147.98520000,38.29084400,-74.28136400,72.59917000,-35.86137400,8.24954500,9.52648200,-136.19960000,-23.42110800,56.63849000,82.04662000,50.11992600,2.15404680,-12.02067200
357,-13.07383728,0.26636189,82.61269205,-9.72780629,13.78815591,136.85461551,-15.75962300,17.04421600,-5.69291450,16.00436200,3.56747940,-13.03145300,-7.98349600,-25.28713000,11.66723500,5.98713300,13.67882500,15.00003300,13.04807900,-8.93730450,26.62606000,-148.22432000,37.61375000,-74.13884000,73.11335000,-36.46405000,7.99538400,9.89162600,-136.93580000,-22.96690800,56.16633600,82.40687000,50.29086700,1.95801040,-12.60717800
358,-13.16736507,0.44469064,82.54342493,-9.75676200,14.03469781,136.60143299,-16.00351000,17.13852100,-5.73599340,16.30624000,3.26124200,-12.98916600,-8.24969200,-25.37908200,11.46400600,5.94990300,13.74178100,15.00003300,13.00548650,-9.35211600,26.73723400,-148.34627000,37.05558400,-73.76961000,73.41975400,-37.48101000,7.62375260,10.51041500,-137.63957000,-22.62220000,55.65729000,82.64718000,50.82197000,1.71467760,-13.30762400
359,-13.25185871,0.64072150,82.49340414,-9.85023029,14.19319229,136.15033615,-16.28383000,17.26812700,-5.83757900,16.74440600,2.99952240,-12.85854100,-8.56195100,-25.34428800,11.48113300,6.01537130,14.00823100,15.00003300,12.95832800,-9.73633300,26.82231900,-148.33725000,36.53714400,-73.44293000,73.71423000,-38.48048800,7.18651060,11.32450200,-138.07605000,-22.30016300,55.09485000,82.27878600,51.11407500,1.37202620,-14.38097800
360,-13.33796215,0.84503394,82.47565166,-10.05340599,14.42070880,135.73376849,-16.40017100,17.49098000,-5.89185240,16.80074900,2.80288550,-12.80165300,-8.77894300,-25.30647900,11.26844400,5.91556640,14.07064500,15.00003300,12.89427900,-10.18662500,26.88935300,-148.30072000,36.22385400,-72.92220000,73.54674000,-37.82464000,6.90672000,12.14134000,-138.50691000,-22.11228800,54.80821000,82.18017600,51.41244500,1.14110310,-14.63734700
361,-13.41722298,1.04646492,82.42994147,-10.11447501,14.51486783,135.27306401,-16.47540700,17.55736400,-6.04113100,17.11252800,2.53795000,-12.68276700,-9.01366800,-25.34344000,11.19653400,5.95644200,14.07568100,15.00003300,13.03584100,-10.54043500,26.96717300,-148.25919000,35.83407200,-72.59236000,73.66809000,-37.30427600,6.75042100,12.19143400,-138.79166000,-21.87088400,54.61509000,81.99208000,51.09816700,1.12139750,-14.63831200
362,-13.49686813,1.23994303,82.38640224,-10.07168008,14.66858247,134.92056306,-16.44862600,17.57410000,-6.10573500,17.22165700,2.40658160,-12.71542400,-9.31817900,-25.45902600,11.21339300,5.91734400,14.19118900,15.00003300,13.11228800,-10.90656100,27.06197000,-148.49678000,35.57977000,-72.36678000,73.83681000,-37.87594200,6.64340830,11.91616200,-139.16985000,-21.71047600,54.34401000,81.66981500,50.63187000,1.25906040,-14.69113800
363,-13.57573605,1.42124641,82.35292745,-9.99350903,14.94844963,134.72819421,-16.36291500,17.61219400,-6.04261350,17.03439300,2.40777660,-12.94086300,-9.72040100,-25.60616300,11.24361000,5.92609700,14.29154200,15.00003300,13.06918300,-11.28855700,27.13615400,-148.96014000,35.37505700,-71.99238600,74.03179000,-39.32711800,6.49337200,11.74098100,-139.76122000,-21.58556000,53.97481500,81.50327000,50.23084300,1.42097320,-14.87231000
364,-13.63778687,1.57390690,82.28197661,-10.28962643,15.09551759,134.20754975,-16.77876300,17.83840400,-6.20038130,17.73311800,1.74935710,-12.76032800,-9.50115800,-25.49195900,10.78146200,5.92427500,13.87539400,15.00003300,13.16562600,-11.59617700,26.99351300,-148.45030000,35.18845400,-71.78618000,73.63733000,-37.43583300,6.23225450,12.68925900,-140.02670000,-21.47741300,53.94803200,81.82371000,49.88450000,1.16749220,-14.48211600
365,-13.69595337,1.69504786,82.24833596,-10.46687194,15.26736219,133.77540570,-17.02402900,17.97099000,-6.30677300,18.09997000,1.44420250,-12.63680500,-9.57554100,-25.43791400,10.59245200,5.97895860,13.70358900,15.00003300,13.16362400,-11.84261000,26.98789600,-148.36208000,34.95926300,-71.66833000,73.76943000,-37.26959000,6.17404300,12.87423800,-140.33588000,-21.33510200,53.81343500,81.62639000,49.55859400,1.23459300,-14.55188750
366,-13.75010204,1.78722441,82.22118635,-10.53193970,15.42061837,133.55949141,-17.11568300,18.02783600,-6.38941800,18.23776200,1.29573980,-12.57426500,-9.78892700,-25.47254000,10.57943600,5.93081470,13.82038100,15.00003300,13.06552400,-12.08575100,27.05077200,-148.51996000,34.80068000,-71.48101000,73.78931000,-37.45027500,6.18969960,12.69378400,-140.64842000,-21.24091300,53.53760500,81.34395000,49.45203000,1.24121420,-14.74861000
367,-13.79176521,1.84977555,82.19472687,-10.57408693,15.51295594,133.36647747,-17.17464300,18.05607400,-6.46828170,18.41078400,1.13318600,-12.55215600,-10.05002300,-25.51675400,10.60000800,5.92599600,13.95968000,15.00003300,13.02229000,-12.32674600,27.10921500,-148.68208000,34.62348600,-71.31651000,73.78540000,-37.33891000,6.16938830,12.42156500,-140.89342000,-21.14370200,53.29833200,81.20606000,49.39941800,1.13618700,-14.90661200
368,-13.80620193,1.87835073,82.18486923,-10.86505908,15.41953359,132.61725508,-17.46424000,18.19838300,-6.62684060,19.22284100,0.66108760,-12.51450400,-9.87594800,-25.34965300,10.16481200,5.96208000,13.63170050,15.00003300,13.29071000,-12.53518500,27.10090000,-148.41379000,34.42822000,-71.92891000,74.23066000,-36.57865000,5.93791770,12.47429800,-140.87566000,-21.01799600,53.65932500,81.18875000,48.96468700,1.12228330,-14.84841300
369,-13.81976032,1.87614954,82.16009996,-10.81138537,15.62625348,132.50260812,-17.62863700,18.17297400,-6.59369850,19.33565500,0.62758166,-12.65592200,-10.23315200,-25.46746300,10.34680800,5.93248800,13.74707500,15.00003300,13.14066800,-12.80956900,27.24009100,-148.80612000,34.27873000,-71.79829400,74.37450400,-36.65793600,5.97329000,12.40234100,-141.54974000,-20.94336500,53.69651400,81.43444000,48.15081800,1.33506440,-14.80374600
370,-13.81186390,1.85716641,82.14365752,-10.83370337,15.84115676,132.06903346,-17.76442000,18.18901000,-6.54603050,19.44937300,0.54013380,-12.75566100,-10.36701300,-25.51002300,10.13535500,5.91576300,13.55729200,15.00003300,13.27097900,-13.02223200,27.33266000,-149.08286000,34.16505000,-71.78500000,74.61219000,-37.08016000,5.73504830,12.25683200,-142.13970000,-20.89077000,53.73336800,81.46470000,47.72731000,1.56287570,-15.02231700
371,-13.79101467,1.81827641,82.13007869,-10.95789359,15.82800938,131.59149641,-17.98769600,18.23490300,-6.60726070,19.92336500,0.29501846,-12.72418200,-10.30718700,-25.45957000,9.82662300,5.94190550,13.27082350,15.00003300,13.46588600,-13.19743250,27.40138400,-148.94832000,33.99931700,-71.93155000,74.77112600,-37.31521200,5.52963200,12.27522900,-142.34375000,-20.80125400,53.76370200,81.67934400,47.62037700,1.63903260,-15.16118300
372,-13.77302742,1.75499678,82.10380716,-11.15827884,15.33887801,131.55937311,-18.41607900,18.27558100,-6.91206300,21.07894700,-0.15804410,-12.48843500,-10.14479800,-25.34106300,9.90360900,5.95596100,13.29413800,15.00003300,13.41932100,-13.30320700,27.50592400,-148.05923000,33.82040000,-71.97249600,74.39369000,-36.68963600,5.81813430,12.75357100,-141.85246000,-20.70482600,53.81558000,82.54946000,47.60721600,1.41123640,-14.76231300
373,-13.74317551,1.69471395,82.06825842,-11.18092942,15.35754732,131.46420804,-18.66833700,18.29119900,-6.91020700,21.46996100,-0.37523073,-12.59002200,-10.01807100,-25.38146600,9.69302300,5.92833950,13.01166800,15.00003300,13.36660500,-13.47058700,27.54728700,-148.02098000,33.65765800,-72.03677000,74.32117000,-36.00198000,5.99967530,12.62168400,-142.14221000,-20.63726200,54.00830000,83.06858000,47.73153300,1.45294070,-15.07772200
374,-13.71133518,1.62881780,82.04505694,-11.21389884,15.51983573,131.18672526,-18.81744600,18.28580700,-6.87095980,21.61225300,-0.55128550,-12.64766300,-10.01331800,-25.39065600,9.47554700,5.95685150,12.68743000,15.00003300,13.37710600,-13.69156600,27.55981300,-148.17805000,33.41786200,-72.18066000,74.54327000,-35.89872700,5.99666740,12.32054000,-142.54654000,-20.54463200,54.25271600,83.38652000,47.70893500,1.59136280,-14.97474900
375,-13.67908287,1.55520606,82.03989164,-11.22928646,15.74511248,130.89582657,-18.88084600,18.27392400,-6.79399160,21.56042500,-0.61711690,-12.76536500,-10.12186300,-25.42422000,9.24859500,5.92851830,12.47042900,15.00003300,13.36362000,-13.93717000,27.59845200,-148.47865000,33.27148400,-72.22605000,74.74448000,-36.13248400,5.83291960,11.89150500,-143.03549000,-20.50286000,54.40824000,83.51536000,47.46208000,1.78776490,-14.80634300
376,-13.64238071,1.47073889,82.04871520,-11.23235178,15.96010093,130.66893302,-18.93681000,18.26949000,-6.70027350,21.45931600,-0.58590287,-12.94086500,-10.39719700,-25.47968500,9.06280400,5.95559000,12.35275650,15.00003300,13.36831100,-14.14729900,27.68687400,-148.84216000,33.06847800,-72.02750000,74.92672000,-36.49108500,5.54975130,11.52824000,-143.58127000,-20.46821800,54.54346500,83.67047000,47.14718200,1.95686100,-14.77025800
377,-13.58558655,1.36176527,82.04278755,-11.48334577,15.92261781,130.37524836,-19.31723800,18.36686900,-6.88237240,22.00084000,-0.84747980,-12.67397900,-10.29461200,-25.29794000,8.78922750,5.95714140,12.27921400,15.00003300,13.33388600,-14.28922000,27.66345000,-148.56183000,32.94665500,-71.89732000,74.71321000,-36.71280000,5.52963970,12.38173700,-143.52744000,-20.44393200,54.45430000,83.84421000,47.56169000,1.83829710,-14.60152150
378,-13.52045250,1.22247720,82.11119676,-11.63660177,15.94847782,130.24567213,-19.32522000,18.43262700,-6.84595200,21.78913100,-0.70960420,-12.71964400,-10.64397100,-25.22836900,8.75943800,5.94658660,12.41274700,15.00003300,13.15642450,-14.53963100,27.77558100,-148.64906000,32.71816600,-71.38682000,74.86085000,-36.96546000,5.54567400,12.22682400,-143.68848000,-20.40195000,54.43554300,84.21022000,47.13344200,1.94929530,-14.14380700
379,-13.42141914,1.05953634,82.16317280,-11.83645734,15.98498664,129.98400584,-19.42375600,18.51822500,-6.82131900,21.72012300,-0.70614070,-12.73114900,-10.76640200,-25.10547400,8.47446100,5.94785700,12.29345000,15.00003300,13.18880750,-14.63736400,27.90010800,-148.64479000,32.55832300,-71.22843000,74.98624000,-36.59453600,5.51968700,12.18640700,-143.90796000,-20.38268000,54.43293800,84.50129000,47.11651000,1.97812640,-14.00050800
380,-13.28495121,0.86962485,82.17291617,-12.03152265,15.95182114,129.59960476,-19.68027500,18.57482300,-6.86933570,22.01833000,-0.90593320,-12.63085500,-10.63552800,-24.94768700,8.02802000,5.95159630,12.00490400,15.00003300,13.44858200,-14.59551050,28.01262700,-148.38160000,32.43807200,-71.34459000,75.07699000,-35.78725000,5.46717400,12.41672600,-144.01341000,-20.36686300,54.38751600,84.70724500,47.57773200,1.87767400,-14.20214200
381,-13.12340069,0.63773596,82.14992298,-11.95058950,15.64166326,129.40940558,-19.83670000,18.42054400,-6.97799250,22.52254700,-1.02696820,-12.50891600,-10.70948600,-24.95095800,8.09383700,5.91540530,12.17926600,15.00003300,13.49295500,-14.80555600,28.29275700,-148.12265000,32.23853000,-71.44279000,75.41995000,-36.03348000,5.58008860,12.26717700,-143.81987000,-20.30766700,54.18772500,84.84086000,47.79380800,1.86751620,-14.35395200
382,-12.91702652,0.36376184,82.13956545,-11.93229286,15.33874184,128.99887463,-19.99678000,18.33846700,-7.02771570,22.96624600,-1.13835700,-12.46629000,-10.69517000,-24.86841800,7.93092250,5.91254140,12.25600400,15.00003300,13.60869600,-14.98853300,28.53908300,-148.01062000,32.07571800,-71.93414000,76.02489000,-36.69885000,5.55036800,11.93874800,-143.61693000,-20.22710000,54.26174500,84.70409000,47.98060200,1.91695870,-14.76563000
383,-12.68862057,0.05637117,82.16179740,-11.86217516,15.42993622,128.51418776,-20.00986900,18.26451300,-6.85660800,22.73653000,-1.03950000,-12.65533100,-10.96071400,-24.85000400,7.67667960,5.93743040,12.20329400,15.00003300,13.68507000,-15.24852100,28.75666600,-148.48690000,31.90566300,-72.39824000,76.68087000,-37.18418000,5.39846100,11.42996000,-144.01385000,-20.13390400,54.34792000,84.50838500,47.81527700,2.02847740,-15.10837600
384,-12.44099903,-0.29250270,82.19876182,-11.80092946,15.58759989,128.01350253,-19.98763300,18.19187400,-6.63965800,22.34633600,-0.89086735,-12.89044600,-11.21082200,-24.84424600,7.32922030,5.89986940,12.03385300,15.00003300,13.80912600,-15.44402300,28.98976300,-148.95630000,31.81144300,-72.62093000,77.22769000,-37.65122600,5.25008600,11.00989400,-144.47160000,-20.07741500,54.38052700,84.26416000,47.41082000,2.22141600,-15.28920200
385,-12.17124081,-0.69333899,82.21676737,-11.81365888,15.33401986,127.52839675,-20.12462600,18.10157200,-6.59966700,22.59124200,-0.93956566,-12.89530300,-11.18483200,-24.76708200,6.96710800,5.94127850,11.65146300,15.00003300,13.99312300,-15.55155900,29.27766600,-148.74467000,31.71540500,-72.79911000,77.78293600,-38.58456800,5.26949100,11.00994000,-144.29068000,-19.98922300,54.20284700,84.07371000,47.02366300,2.48402240,-15.24068400
386,-11.88059330,-1.14819837,82.25017198,-11.85318851,15.32544094,126.95150462,-20.30068800,18.03190800,-6.49041800,22.52146500,-0.88375527,-12.86882400,-11.37498700,-24.66955600,6.52939940,5.90807900,11.47121200,15.00003300,14.12988100,-15.63861800,29.59159000,-148.81258000,31.61833000,-73.08272600,78.22462000,-38.27501300,5.24032070,10.92079400,-144.32545000,-19.86986000,53.97650000,83.54384000,46.79223600,2.46189400,-15.30867800
387,-11.57249260,-1.64794528,82.25278230,-12.01966898,14.96391305,126.49900788,-20.68550000,17.97711400,-6.56307900,23.05036000,-1.09539210,-12.57130200,-11.27234000,-24.46627800,6.14320100,5.91175840,11.18091100,15.00003300,14.16301600,-15.74871400,29.79380200,-148.20690000,31.48047600,-73.24784000,78.32190000,-38.97493000,5.32988930,11.26057200,-143.68416000,-19.66614300,53.49026000,83.23567000,46.80821600,2.41840930,-15.21909100
388,-11.24781132,-2.17932844,82.24694905,-12.14766192,14.54668506,126.04088861,-21.09607000,17.89032000,-6.65856460,23.62781000,-1.26395640,-12.29996200,-11.19104700,-24.24701900,5.84096000,5.90373130,10.98709300,15.00003300,14.16598200,-15.86745900,29.79380200,-147.35140000,31.34042700,-73.36177000,78.47024500,-39.71223400,5.35520940,11.51512400,-142.65598000,-19.40681000,52.81613000,82.65600000,46.68358600,2.34662840,-15.21103900
389,-10.90501118,-2.73194766,82.25904696,-12.12800897,14.21446003,125.47381484,-21.33927200,17.74015600,-6.64559900,23.89291200,-1.19810860,-12.22238350,-11.28447100,-24.08081400,5.63769050,5.89675050,10.96571350,15.00003300,14.24622500,-15.97864900,29.79380200,-146.76549000,31.22437000,-73.51599000,78.95569000,-39.95821800,5.23327260,11.36375100,-141.67644000,-19.09388200,51.99025700,81.54611000,46.14634000,2.29928140,-15.45494500
390,-10.53126717,-3.30176950,82.27717219,-12.14641025,13.91649507,124.71178982,-21.61307100,17.63324500,-6.60859600,24.08028200,-1.05423650,-12.02112400,-11.39005300,-23.85269400,5.30526160,5.95321700,10.81831800,15.00003300,14.23092100,-16.13198900,29.79380200,-146.45850000,31.15701000,-73.74953000,79.81103500,-40.71902500,5.13254600,11.32199000,-140.61925000,-18.64282400,50.41380700,79.72455600,45.27669000,2.62396720,-16.10316500
391,-10.12852955,-3.87454700,82.23172185,-12.10777169,13.60688610,124.14903093,-21.96217000,17.50663600,-6.62097600,24.48374400,-1.14573170,-11.90614400,-11.53341600,-23.66745400,5.00909140,5.93791960,10.87579600,15.00003300,14.19298500,-16.29974000,29.79380200,-146.07079000,31.15511100,-73.78071600,80.39188400,-42.13375000,4.81839750,11.71113800,-139.53750000,-18.12555100,49.18836200,78.26677000,44.95202000,2.60198380,-16.73273000
392,-9.69764996,-4.44638538,82.19068453,-12.09337586,13.42635836,123.76017562,-22.43953100,17.38264700,-6.66317650,24.87427100,-1.16492410,-11.76880800,-11.71329600,-23.44734800,4.79674860,5.97500750,10.90691600,15.00003300,14.19331200,-16.30105200,29.79380200,-145.43720000,31.20635000,-73.57928500,80.98958000,-43.19299700,4.46305940,11.85789200,-138.37460000,-17.70014400,48.05379500,76.66286000,44.58323000,2.58800360,-17.13537000
393,-9.23889065,-5.01618814,82.16559994,-12.14698796,13.31657006,123.47686505,-23.03403300,17.28434600,-6.77220540,25.27556800,-1.07299170,-11.54305000,-11.88513600,-23.13488000,4.66744600,6.03304670,10.95703600,15.00003300,14.07113400,-16.26228500,29.79380200,-144.70393000,31.34962000,-73.50400000,81.78670500,-43.94190000,4.18024640,11.64586500,-137.25565000,-17.16964500,46.42588400,74.97081000,43.78574000,2.60635380,-17.49748800
394,-8.75102043,-5.58575487,82.11405561,-12.33931287,13.02377589,123.08691894,-23.74452800,17.28550000,-7.08511600,26.01009400,-1.06118320,-11.14434200,-12.05822000,-22.59996200,4.60768370,6.01515530,11.33951600,15.00003300,13.98861000,-16.10028300,29.79380200,-144.17238000,31.64427600,-73.71469000,82.74143000,-45.48062500,4.04493470,11.46221900,-135.97342000,-16.62891000,44.41956000,73.11060000,42.85504000,2.47124220,-18.79239800
395,-8.20403957,-6.13743925,82.02820580,-12.33779813,12.60816901,122.48642002,-24.09107000,17.30269200,-7.08618900,26.28666500,-1.10757590,-11.00398350,-12.19723400,-22.09875500,4.54601900,6.04755740,11.74868000,15.00003300,13.78157800,-15.88136200,29.79380200,-143.59770000,32.13796600,-73.78072000,83.23632000,-45.90998000,3.88356000,11.14937800,-134.74057000,-16.12615200,42.18090400,70.83686000,40.98106400,2.25573470,-19.88562800
396,-7.61132240,-6.66805220,81.86764818,-11.98590736,12.17176193,121.77413791,-24.41608600,17.13740200,-7.06331800,26.72101000,-1.08342480,-10.88366700,-12.21470000,-21.76885600,4.59202240,6.16576600,12.01885800,15.00003300,13.58771900,-15.59126500,29.79380200,-142.97807000,32.97715400,-73.84364000,83.07277000,-45.86234700,3.73220850,11.09482900,-133.05096000,-15.56546800,39.97525400,67.56809000,39.33984400,1.87834950,-22.02219800
397,-6.97757435,-7.17705584,81.63362407,-11.44203123,11.62880117,121.06418094,-24.76662000,16.85225500,-7.06476740,27.40355100,-1.10274480,-10.70789000,-11.98179400,-21.52583500,4.59174160,6.29239000,12.15062200,15.00003300,13.51481200,-15.26952400,29.79380200,-142.09270000,33.95894200,-73.63802000,82.31007400,-46.13635600,3.48031950,11.31730500,-130.85160000,-15.08054000,37.84855700,63.57175000,37.84602000,1.48454940,-25.10936000
398,-6.31127453,-7.66681433,81.34403858,-11.01263521,10.82172295,120.49679126,-25.12613100,16.62822500,-7.13038540,28.31053700,-1.33058260,-10.42569200,-11.37270400,-21.15198900,4.30859760,6.40506300,12.14232100,15.00003300,13.49295000,-15.03568700,29.79380200,-140.67590000,35.05280700,-73.02176000,80.92948000,-47.80256000,2.99070670,11.73402900,-128.33186000,-14.66745900,35.60338200,59.45825600,36.07950200,1.28162570,-28.73509600
399,-5.62697029,-8.10631466,81.15847295,-10.73392331,10.70295058,120.18884424,-25.72608800,16.47708500,-7.06977130,28.68581000,-1.33478380,-10.24338100,-11.39801700,-20.83956500,3.91993330,7.17594770,11.29846300,15.00003300,13.23900300,-14.67660500,29.79380200,-138.91731000,36.17378000,-72.00384500,79.51806000,-47.62400000,2.56834750,12.17359800,-125.73826000,-14.27818300,34.40009000,55.07127800,33.73593000,0.95083090,-29.48141700
400,-4.92224598,-8.51246643,80.96617719,-10.54892027,10.46995656,119.69836161,-26.16612600,16.40613000,-7.08932700,29.00242200,-1.45881120,-9.99047100,-11.99245900,-20.47656600,3.75408940,9.31347000,9.73048900,15.00003300,13.11994400,-14.38651850,29.79380200,-137.31995000,37.36729000,-70.90651000,77.96869000,-46.73048800,2.44869950,12.48370700,-122.79511000,-13.91826200,33.29874000,50.42778800,31.54349900,0.99247990,-30.39946400
401,-4.19891548,-8.88280582,80.75341907,-10.25941825,10.19075538,119.24716638,-26.56803900,16.28807400,-7.06678200,29.36063200,-1.53965300,-9.80776500,-12.24654000,-20.28548400,3.46763350,10.88158500,8.32489200,15.00003300,13.06530100,-14.00203700,29.79380200,-135.42137000,38.61470800,-69.67319000,75.84976000,-44.68542000,2.38649230,12.75728100,-119.42014000,-13.56986000,32.50527000,45.42978700,29.09249300,1.06484280,-31.24883000
402,-3.45818806,-9.21627617,80.51019379,-9.75984749,9.86540349,118.98380467,-26.98626000,16.05287400,-6.94182730,29.83582900,-1.48289540,-9.77421600,-12.35918500,-20.31701900,3.14193420,12.24699900,6.82883100,15.00003300,13.03915500,-13.42707700,29.79380200,-132.90822000,39.87424500,-68.17657000,72.94215000,-41.53697000,2.20881630,13.08014600,-115.60123400,-13.21522100,32.17754000,40.19344000,26.21973000,0.97409610,-31.80491000
403,-2.69953704,-9.51026726,80.23495482,-9.36424124,9.04011854,118.79787953,-27.11832600,15.88731100,-6.99634650,30.44300500,-1.50100310,-9.71512600,-12.06976800,-20.24486400,2.84227130,13.47040750,5.56141100,15.00003300,13.06570900,-13.07254000,29.79380200,-130.31938000,41.12677800,-66.42877000,69.99287400,-40.21363400,2.02383350,13.38422600,-111.65597500,-12.79030600,31.90894100,35.85602000,24.05370000,1.32312140,-31.46321000
404,-1.93351400,-9.75541878,79.96974693,-8.97409743,8.32591356,118.58862374,-27.13439600,15.77711600,-6.95197340,30.74496800,-1.55932520,-9.71989300,-11.88325600,-20.16952000,2.70173670,14.70986700,4.45721770,15.00003300,13.13036500,-12.71539300,29.79380200,-127.56291000,42.38726800,-64.57800000,66.86184000,-38.75806800,1.94911970,13.98468800,-107.48041000,-12.30793100,31.93218000,31.26020600,21.94100600,1.52529260,-31.68129500
405,-1.15668845,-9.95606709,79.63106287,-8.38113914,7.47475644,118.39461150,-27.05074300,15.57565100,-6.88100670,31.15951500,-1.63966680,-9.75638700,-11.44120000,-20.26838100,2.58652520,15.75553300,3.29288670,15.00003300,13.23226600,-12.26293500,29.79380200,-124.12745000,43.65765000,-62.47860700,62.90450300,-36.60342400,1.76684000,14.80502100,-102.57448000,-11.80449100,32.24756600,26.11081100,19.81636600,1.57294500,-31.95121000
406,-0.37531781,-10.11128902,79.21555710,-7.63984610,6.46077638,118.19701827,-26.93291000,15.29413500,-6.83987860,31.78495600,-1.71908970,-9.79534500,-10.87192900,-20.48936000,2.52283720,16.81986600,2.00536900,15.00003300,13.33872000,-11.71673100,29.63712900,-119.80244000,44.94146700,-60.13128300,58.02380800,-33.55515300,1.50059500,15.68050900,-96.78950500,-11.31919400,32.94916500,20.47199800,17.69782300,1.48952560,-32.08734500
407,0.38732302,-10.21124554,78.81946726,-7.15921483,5.59004355,117.91218284,-27.12082500,15.13780600,-6.94922260,32.49917200,-1.73949380,-9.77935300,-11.07967400,-20.46831900,2.72499700,18.73734700,0.69458330,15.00003300,13.27070800,-11.18461600,28.42843600,-114.30160500,46.24912000,-57.77455000,52.80724700,-29.59823800,1.36223340,16.10219800,-90.09045000,-10.82503800,34.34063700,15.10062500,15.78291300,1.34749330,-32.00618400
408,1.12325585,-10.24215031,78.39703900,-6.46671751,4.84915728,117.87211960,-27.15174000,14.90540100,-6.93348400,32.87925300,-1.85100160,-9.76558800,-11.46711700,-20.58759700,3.15629720,20.66543600,-0.33426580,15.00003300,13.10057100,-10.78546600,27.25451700,-108.15175000,47.53407000,-54.84924300,46.89391300,-26.70587700,1.88135080,16.42175900,-83.22716500,-10.38013500,35.78094000,9.92289700,13.33046600,1.74188850,-31.48754000
409,1.83401465,-10.21983624,78.02194004,-5.88787281,4.14591861,117.54810219,-27.22295000,14.75912600,-6.92265600,33.29814500,-1.92107400,-9.74385700,-11.46013400,-20.69177200,3.31275820,22.06416500,-1.39949850,15.00003300,12.88540300,-10.32035900,25.96462800,-101.32780500,48.82608400,-51.33895500,40.40580000,-23.31746500,1.93065620,16.92217300,-76.31339000,-10.02989500,37.51053000,4.92098760,10.85755300,1.90992920,-30.01556200
410,2.51253414,-10.14704609,77.65310824,-5.26184002,3.48743891,117.01462951,-27.26466600,14.62862900,-6.86836700,33.68428400,-1.89163150,-9.76134200,-11.26493200,-20.87707500,3.31684280,23.11893700,-2.51980160,15.00003300,12.54769200,-9.69536500,24.58618700,-93.55636600,50.10640000,-47.27698000,33.30842000,-19.96145800,1.57738070,17.62739200,-69.66557000,-9.84136100,39.65455200,0.39585838,8.67238400,1.73061740,-28.09044800
411,3.15062404,-10.02612591,77.24827168,-4.28038130,2.89757864,116.49156537,-27.13378500,14.35931400,-6.66567330,33.85923800,-1.70844820,-9.88810900,-11.29170900,-21.33982500,3.46886280,24.17477800,-3.63034400,15.00003300,11.95016100,-8.93085600,23.22257200,-84.65777000,51.27460500,-42.94454000,25.69434400,-17.77198200,1.10322800,18.47611200,-63.67129000,-9.90468200,42.26708000,-3.33893510,7.12812200,1.28657790,-26.56195000
412,3.71861172,-9.85232544,76.96432185,-3.77516104,2.61150562,115.76675938,-26.96395000,14.43392000,-6.50400600,33.59443300,-1.84477480,-9.95422300,-11.22125900,-21.44719700,3.47494960,24.88218900,-4.27008600,15.00003300,11.26272900,-8.17215500,22.04528600,-75.94257000,52.32361600,-38.53411500,18.01928300,-14.22338900,1.75203970,19.04069700,-57.75230800,-10.10034000,44.64909400,-7.21200560,5.08339200,1.76915430,-24.25479100
413,4.24586439,-9.66070652,76.64323148,-3.27497448,1.94103539,114.94993503,-26.58499700,14.47694400,-6.46232100,33.49115800,-1.95674970,-9.91272500,-11.00769300,-21.59207300,3.48109480,25.63941600,-4.97165800,15.00003300,10.45130000,-7.29691500,20.85578000,-66.61333000,53.24912300,-33.86837000,9.97914300,-10.80336100,2.26186800,18.95130700,-52.12031000,-10.54692650,47.17108500,-10.61734500,2.81118920,1.78785150,-21.99479300
414,4.73255205,-9.44864750,76.34309008,-2.73684128,1.26344004,114.12622675,-26.11507600,14.49582600,-6.43092400,33.30581000,-1.94928200,-9.86588300,-10.72665900,-21.78988300,3.46535090,26.21769700,-5.63916600,15.00003300,9.47880000,-6.38801340,19.74321700,-56.95208000,54.01362600,-28.88559200,1.89387430,-7.60814480,2.75014640,18.48561700,-46.87353000,-11.27518900,49.54928200,-13.53215100,0.75421800,1.44349240,-19.78168300
415,5.17980099,-9.21494102,76.11376450,-2.14561500,0.86360542,113.36337310,-25.64874800,14.49937700,-6.32455100,32.85935600,-1.76282940,-9.89279500,-10.47108600,-22.04423900,3.42441230,26.49406000,-6.19378380,15.00003300,8.32528600,-5.55715200,18.77120800,-47.40004700,54.54196000,-23.72128300,-5.82743640,-4.85695270,3.27435830,17.88458800,-42.13244200,-12.27136900,51.53580000,-15.96159500,-0.78946930,0.87810840,-17.65114000
416,5.58449793,-8.96395493,75.93090541,-1.53248532,0.62832945,112.65324955,-25.17892500,14.48210700,-6.15138700,32.26170300,-1.47506990,-9.98064500,-10.48068700,-22.31292700,3.47395500,26.85986700,-6.57698150,15.00003300,6.98772300,-4.92348670,18.02434500,-38.55066000,54.83121000,-19.03674900,-12.81849300,-3.87878940,3.28261040,17.36664200,-38.73887600,-13.59418700,53.01901000,-17.61723100,-1.94644200,0.37465784,-16.08970000
417,5.96556759,-8.70607567,75.73629294,-0.94832669,0.30270941,111.54687080,-24.66025700,14.48348900,-6.03871700,31.77585600,-1.21893240,-10.09230000,-10.46622800,-22.56129500,3.54804090,27.16453700,-6.94179400,15.00003300,5.55077930,-4.33040050,17.35976800,-29.35576800,54.76304200,-14.85096400,-20.01854900,-2.76960600,3.03009100,17.20192100,-35.53383000,-15.31134900,54.55164700,-19.08031700,-2.53491570,-0.63229690,-14.90703800
418,6.32939196,-8.44489288,75.52861157,-0.39747266,-0.17074357,110.56587958,-24.02746800,14.47751200,-5.93110600,31.26045600,-0.98950010,-10.19768300,-10.45104200,-22.76399400,3.76019260,27.70348000,-7.30951100,15.00003300,4.10775760,-3.87473960,16.86440500,-21.25723300,54.35035000,-11.60799100,-26.42207500,-2.20598800,2.62582970,16.99926000,-32.56741700,-17.38786000,55.48272300,-20.60869400,-2.82225280,-1.58066130,-13.81024400
419,6.68138123,-8.17816925,75.32214446,0.17120143,-0.69074183,109.89657134,-23.28230900,14.44762000,-5.75578550,30.57491300,-0.71197224,-10.34650400,-10.41510100,-22.95632700,4.09101150,28.38174600,-7.63223200,15.00003300,2.75593730,-3.54747900,16.46391700,-14.81362200,53.57650400,-9.40230750,-31.50220300,-2.43680170,2.14632270,16.55080600,-29.73424000,-19.79543300,55.60763500,-22.17739700,-3.01446600,-2.34548850,-12.55231500
420,7.03174162,-7.89411449,75.17109371,0.92857075,-0.82870963,109.52678506,-22.50779300,14.37583000,-5.33836800,29.40669800,-0.13420418,-10.74450600,-10.27536700,-23.28634500,4.33064270,28.54030800,-7.73125650,15.00003300,1.63049750,-3.29770470,15.98493700,-9.35440100,52.11038200,-7.45633900,-35.48232300,-3.46890740,1.70568050,15.76686800,-26.83049400,-22.61461600,55.12368400,-23.50413700,-3.43015800,-3.19218950,-10.74389700
421,7.37751627,-7.60726547,75.16485894,1.74251670,-0.92794033,108.94331019,-21.77382700,14.26529200,-5.01971440,28.34707300,0.32741985,-10.94094100,-10.12339000,-23.63177100,4.64286760,28.73414600,-7.91354230,15.00003300,0.57589450,-2.72218200,15.34677300,-5.35718440,50.43187700,-6.48101400,-38.85434700,-2.66023870,1.51976530,14.44635300,-24.25204300,-25.83044200,54.46198000,-24.54855700,-3.63782530,-4.43997800,-9.72433000
422,7.71553278,-7.32274818,75.44742247,2.56815031,-1.06142119,108.56542955,-20.94166400,14.15461200,-4.61023660,27.14229800,0.74890640,-11.22986900,-9.97500300,-23.98561300,4.98450040,28.96904000,-8.12198400,15.00003300,-0.28771576,-2.11404730,14.80460000,-2.31512400,48.65760800,-6.30575130,-41.62559500,-2.15943500,1.35241700,13.53412600,-21.20482800,-29.37875200,53.19985600,-26.23252000,-3.80741360,-5.31855730,-8.79928900
423,8.04487801,-7.04342413,75.72339825,3.38971128,-1.23089141,108.29183711,-20.03901000,14.03214500,-4.15862600,25.83544700,1.20397080,-11.56428000,-9.78864200,-24.34566100,5.30317350,29.13243500,-8.30647500,15.00003300,-1.01750980,-1.43451550,14.34433400,0.04714470,46.90906000,-6.90449100,-43.84130500,-2.04979900,0.88595986,12.85413600,-17.88209300,-33.21850200,51.38597500,-28.35377700,-3.74187200,-6.12712100,-7.83045050
424,8.36544514,-6.77280807,76.01087823,4.19668407,-1.41311159,107.86718268,-19.14592200,13.87241800,-3.78541560,24.56805200,1.78262050,-11.80387500,-9.49891300,-24.71230500,5.52744530,29.06544100,-8.40933500,15.00003300,-1.74251770,-0.57684684,13.86576300,1.91241930,45.34621000,-8.37057000,-45.47249600,-1.97762630,-0.32891992,11.92281700,-14.87871300,-37.32875400,49.30477500,-30.32702300,-3.07203900,-7.49832730,-6.76717200
425,8.66182232,-6.52135324,76.24942255,5.02568361,-1.67452162,107.49739915,-18.26372700,13.64074200,-3.44072030,23.43620700,2.26101260,-11.99069300,-9.33821900,-25.12634300,5.80593160,29.10429200,-8.58885000,15.00003300,-2.17525430,0.17886807,13.44287200,2.78617140,43.93854000,-10.04964400,-46.53287500,-1.91666580,-1.01973300,11.06807600,-11.09018700,-41.64074000,46.44125400,-32.81040200,-2.49568320,-8.62428200,-6.26983070
426,8.93470669,-6.28301430,76.46463307,5.72831526,-1.87586984,107.24847004,-17.31724700,13.49559000,-3.18945170,22.19287700,2.72651740,-12.24454600,-9.14161000,-25.44237700,6.06971500,29.16877600,-8.74330900,15.00003300,-2.36131240,1.00722520,13.16169700,2.79408030,42.70252600,-12.20852900,-47.21164300,-1.66799690,-1.40927390,10.15779100,-6.35035200,-46.02342200,42.64691000,-35.84670300,-1.74384680,-10.16692100,-6.01687200
427,9.18453789,-6.05678082,76.68734600,6.39489034,-2.00523518,106.99318453,-16.39356200,13.36801050,-2.99259400,20.95615400,3.17209820,-12.47085400,-8.92166800,-25.73660500,6.28106550,29.12169800,-8.83873100,15.00003300,-2.24382020,1.97110090,12.98882900,2.09411840,41.60279000,-14.66040800,-47.51764700,-1.17702500,-1.61739490,9.28261900,-0.32315022,-50.35694000,37.71091000,-39.44952000,-0.91053545,-11.76933000,-6.08219900
428,9.41114521,-5.84204626,76.93504135,7.08629901,-2.07266584,106.62902507,-15.54373550,13.21240900,-2.81892680,19.81694000,3.58026980,-12.60984600,-8.68346900,-26.06037900,6.41517000,28.87873500,-8.85704900,15.00003300,-1.89241080,3.12650940,12.90500300,1.06398580,40.56591000,-17.07497000,-47.63891200,-0.45310970,-1.76109250,8.55377500,7.15044980,-54.50230800,31.43920900,-43.60130300,-0.03730544,-13.14660400,-6.50928500
429,9.60172081,-5.64405537,77.14136955,7.63557863,-2.26740198,106.16362086,-14.51872700,13.17579500,-2.66895030,18.61264600,3.86671040,-12.81411500,-8.34242300,-26.28031700,6.51014400,28.67590900,-8.86418300,15.00003300,-1.74406220,4.41575900,12.84535600,0.23157830,39.42839000,-19.12307000,-47.90183600,0.04201731,-1.94416820,8.48024200,14.90658000,-58.24536500,23.80352000,-47.86189300,1.21549190,-14.36498600,-6.78124050
430,9.75924683,-5.45601845,77.29698315,8.15992337,-2.60418880,105.69530957,-13.68222100,13.06739100,-2.64332840,17.92649700,4.06911130,-12.95832800,-8.04801200,-26.53065000,6.63496400,28.55928600,-8.89673400,15.00003300,-1.56556120,5.72708130,12.83165400,-0.62469006,38.22990000,-20.67084700,-48.00173000,0.07093161,-2.36537380,8.75319300,23.20340200,-61.43330800,16.07766500,-51.96195600,2.54046680,-15.40231800,-7.50660040
431,9.88818169,-5.26703596,77.45409290,8.64860645,-2.80137681,105.40591699,-12.92654000,12.93984600,-2.61261180,17.14994000,4.33927600,-13.01359200,-7.83439640,-26.76809900,6.77178000,28.44595700,-8.86952100,15.00003300,-1.59542940,7.03288650,12.73040500,-1.39354190,36.95456000,-21.68541300,-48.07800300,-0.03759131,-2.61438060,8.88610500,30.51887900,-63.95142000,9.06257100,-55.13489000,3.93337850,-16.55448700,-8.38001300
432,9.98957634,-5.07454729,77.61070842,9.06996213,-2.84348310,105.27343778,-12.20398100,12.83800000,-2.56678000,16.19288000,4.68629500,-13.02503100,-7.65782170,-26.96871000,6.89133830,28.29931800,-8.79707600,15.00003300,-1.82688700,8.24896500,12.51372400,-2.20851540,35.61631800,-22.30670000,-47.94418300,-0.16739143,-2.64092280,8.85827400,36.03004000,-65.81184000,3.41028380,-57.15780600,5.31018200,-17.77252800,-9.19965500
433,10.06010437,-4.88397217,77.69182250,9.34643079,-3.05279961,104.96186159,-11.50198700,12.82956500,-2.64445900,15.59054300,4.92160800,-13.18743900,-7.31967450,-27.12093000,6.91778800,28.10225000,-8.84876500,15.00003300,-2.28643040,9.32221400,12.31452900,-3.00891000,34.24948500,-22.58245300,-47.22629000,-0.38549920,-2.86356350,9.33869650,39.64847600,-67.01613000,-0.54046845,-58.44392400,6.57934140,-18.51834100,-9.97191500
434,10.10263157,-4.68423510,77.79656953,9.69891188,-3.02308288,104.61588649,-10.95381100,12.75822700,-2.68088050,14.95477700,5.26252900,-13.31349200,-7.26847100,-27.31067700,7.04931830,28.03748000,-8.86620400,15.00003300,-2.67337300,10.21209100,12.07596000,-3.73802570,32.98429500,-22.81094700,-46.35074000,-0.86966467,-3.07947900,9.88567200,41.84298700,-67.77680000,-3.04307870,-59.16719400,7.48284800,-18.80173300,-11.22659900
435,10.12437057,-4.48210144,77.87929524,9.93945517,-2.97414066,104.27550606,-10.42055600,12.75540100,-2.69012520,14.24759500,5.60975500,-13.40843500,-7.16012050,-27.45009400,7.09410430,27.86905100,-8.85993000,15.00003300,-3.01371770,10.92966300,11.77912100,-4.47987650,31.91494600,-23.18412600,-45.30460700,-1.20982250,-3.55530670,10.27554100,43.28310000,-68.27520000,-4.57321740,-59.38065700,8.46983800,-19.24530200,-11.95040600
436,10.12659264,-4.27947664,77.93159387,10.05323694,-2.92681801,103.99560665,-9.92190000,12.81938100,-2.69003960,13.51168100,5.96074900,-13.47672500,-6.98458620,-27.52661000,7.06917670,27.64361600,-8.84952900,15.00003300,-3.30060500,11.55665300,11.47980700,-5.12517070,31.03258700,-23.52159300,-44.28349300,-1.40335760,-4.06571600,10.52876600,44.13216000,-68.59585600,-5.42713360,-59.36233000,9.42218000,-19.72432300,-12.21557300
437,10.11042690,-4.07783318,77.95274031,10.06948689,-2.85847360,103.85322569,-9.51348500,12.91085500,-2.70563630,12.80693800,6.34798240,-13.52539000,-6.81441450,-27.54573200,7.05433460,27.49477400,-8.86161800,15.00003300,-3.51470200,12.19828700,11.23738000,-5.55959200,30.24308200,-23.51396000,-43.48478700,-1.53993630,-4.17038350,10.70534700,44.18376500,-68.76556000,-5.68430760,-59.35896000,10.00278500,-19.87072800,-12.39951300
438,10.07364273,-3.88703012,77.91666855,9.95040965,-2.82286825,103.71708883,-8.92147700,13.15495300,-2.64916400,11.87005800,6.65242200,-13.72838900,-6.74035360,-27.48005700,7.03473100,27.48627700,-8.92259300,15.00003300,-3.86886740,12.82200050,11.02612000,-6.01996900,29.63574800,-23.58655400,-42.56586500,-1.24980280,-4.15742200,10.87711400,43.75607300,-68.73466000,-5.57133000,-59.11263300,10.72246000,-19.84428000,-13.10551800
439,10.03032494,-3.70475435,77.91774898,9.96852302,-2.68018457,103.68317287,-8.44671500,13.30066500,-2.46584650,10.92292600,6.96492340,-13.91964000,-6.73541200,-27.49539000,7.07056140,27.48416300,-9.00500400,15.00003300,-4.27794460,13.34180900,10.84153000,-6.34320400,29.21515300,-23.69748900,-41.78343600,-0.67127780,-4.22622780,11.15833300,43.19214200,-68.50060000,-5.24709600,-58.92624000,11.34948300,-20.21976300,-14.06958500
440,9.98161030,-3.53542948,77.93027946,10.00466503,-2.50906699,103.68518072,-8.00977300,13.41919800,-2.27249700,9.99751600,7.25143800,-14.07357700,-6.71746870,-27.51923800,7.10135200,27.43996600,-9.07424100,15.00003300,-4.61910000,13.80030700,10.69615500,-6.58697840,28.94420800,-23.81647300,-41.11664000,-0.16932599,-4.29601000,11.58925150,42.63768800,-68.13343000,-4.79822700,-58.87460300,11.75727100,-20.59823800,-14.86822100
441,9.92863369,-3.38299417,77.93135021,9.95974785,-2.37820848,103.65815948,-7.53521350,13.57421800,-2.16333840,9.10417900,7.50224160,-14.17435800,-6.62928340,-27.49101800,7.08178760,27.32967400,-9.10481300,15.00003300,-4.81490800,14.23551500,10.58841800,-6.81325100,28.76361800,-23.91961900,-40.50574000,-0.00737427,-4.30084200,12.15701600,42.14472200,-67.73818000,-4.24874350,-58.95629000,11.89662300,-20.64353200,-15.21405400
442,9.87454319,-3.25456929,77.92783626,9.90991152,-2.27421539,103.53702995,-7.02170400,13.71442600,-2.10270300,8.14435300,7.93898530,-14.25456600,-6.60325800,-27.44431500,7.09341000,27.29730600,-9.12618300,15.00003300,-4.93108900,14.59068300,10.48465000,-7.08849100,28.66733000,-24.15095700,-39.83521000,0.19326304,-4.29051800,12.51872000,41.74450300,-67.36379000,-3.71561200,-58.92201000,12.07204700,-20.55481500,-15.58853150
443,9.82111740,-3.14878345,77.88119122,9.75222599,-2.36754493,103.66545671,-6.47650600,13.88212600,-2.11404700,7.32951830,8.31267500,-14.34588900,-6.45767200,-27.34055000,7.06713800,27.33959200,-9.17245600,15.00003300,-5.01468700,14.90678600,10.42510200,-7.37726450,28.54790700,-24.24141900,-39.32025000,0.25665393,-4.07034500,12.79914100,41.43328500,-67.00998000,-3.26092390,-58.79607000,12.38760950,-20.33829100,-15.31047400
444,9.77116108,-3.05915618,77.85741057,9.67213082,-2.44398530,103.79135340,-5.94431500,13.99994100,-2.08576540,6.52520700,8.66530200,-14.43100300,-6.32156400,-27.28841600,7.04660400,27.34083000,-9.20880400,15.00003300,-5.02989700,15.21001900,10.33629400,-7.70359560,28.46440700,-24.34342600,-38.78346300,0.09610590,-3.95395450,12.92387400,41.10074600,-66.68143500,-2.83005600,-58.72451000,12.48112900,-20.14602700,-14.94361500
445,9.72622395,-2.98337030,77.87754939,9.71092247,-2.41378040,103.76806184,-5.77678780,14.04003500,-2.06507060,6.35020640,8.66340800,-14.48988500,-6.24900440,-27.31204600,7.03807160,27.24302700,-9.20277700,15.00003300,-4.97779230,15.49936700,10.21965400,-7.95145650,28.47931100,-24.43627700,-38.28484000,-0.23202114,-4.01439200,12.93056200,40.64473700,-66.36948400,-2.35295440,-58.73285700,12.33628200,-20.02484100,-14.76735700
446,9.68826485,-2.92254424,77.91719066,9.73745392,-2.26607048,103.43201888,-5.76632070,14.09250900,-2.04879330,6.32731300,8.58274600,-14.49481700,-6.24848560,-27.33538400,7.00060200,27.01026500,-9.08813200,15.00003300,-4.88858500,15.78262500,10.16693000,-7.80429840,28.54057300,-24.25847000,-38.12105000,-0.35409686,-4.04472160,13.00871800,40.03558700,-66.05959000,-1.79963270,-58.75337200,12.44091600,-19.90011400,-14.97852000
447,9.65268707,-2.87754011,77.93423801,9.71903431,-2.28947743,103.53654573,-5.69310700,14.12252300,-2.06644230,6.29606340,8.60199200,-14.55071000,-6.12403960,-27.30561400,6.97354800,26.92691600,-9.04012600,15.00003300,-4.94350800,15.96529100,10.17358200,-7.68863870,28.52937900,-24.03828800,-38.06395700,-0.77655600,-3.89942600,12.95813200,39.58389700,-65.76373000,-1.34934900,-58.44599500,12.86619700,-20.06025100,-14.87484600
448,9.61806011,-2.84177589,77.94117991,9.64937026,-2.32530325,103.70253807,-5.61573650,14.18254100,-2.08463880,6.25862930,8.58076300,-14.59994500,-5.97980360,-27.24212500,6.92574300,26.82241600,-8.97860600,15.00003300,-4.92779060,16.14659700,10.12706800,-7.74325940,28.47685400,-23.96423300,-37.85350000,-1.14264020,-3.70057320,13.01202100,39.24780700,-65.52196000,-0.97671360,-58.09593200,13.01382200,-20.00218000,-14.50897200
449,9.58600998,-2.81303024,77.95457403,9.59469173,-2.35250165,103.83092140,-5.54072000,14.23182600,-2.10010270,6.22276100,8.53945350,-14.62376400,-5.83423950,-27.19251600,6.87210850,26.67245500,-8.90143900,15.00003300,-4.84415600,16.31875000,10.03880800,-7.89907200,28.42967800,-24.00922400,-37.50282700,-1.38003060,-3.52339030,13.17187800,38.97290800,-65.34364000,-0.62138253,-57.80790300,12.89670800,-19.73149000,-14.06510600
450,9.55964661,-2.78915858,77.99897174,9.67074693,-2.38238963,103.86354078,-5.45991600,14.18466800,-2.11628720,6.19759100,8.55650200,-14.60771500,-5.68863600,-27.23311400,6.84788800,26.48773000,-8.82958000,15.00003300,-4.74937000,16.44432000,9.96245700,-8.02180700,28.43762200,-24.08272600,-37.09134000,-1.46939810,-3.45878840,13.36228500,38.74074600,-65.21647000,-0.24352042,-57.70300700,12.72591000,-19.40767700,-13.83475700
451,9.53341770,-2.76695800,78.03245007,9.77608983,-2.38969946,103.95597333,-5.39234000,14.11307400,-2.10438730,6.19337500,8.45957900,-14.58626700,-5.64761540,-27.30939500,6.86790750,26.38951100,-8.79212700,15.00003300,-4.65872960,16.54239300,9.95233800,-7.93896500,28.44149800,-23.98168000,-37.02396800,-1.52893980,-3.30349400,13.29296100,38.64437500,-65.10421000,0.03514595,-57.69703700,12.57400000,-19.35292200,-13.74528400
452,9.50696087,-2.74546266,78.03638090,9.80237363,-2.46656723,103.92645756,-5.28930700,14.08451000,-2.14895630,6.19095700,8.43775100,-14.54666100,-5.59393840,-27.35475200,6.86506200,26.29271500,-8.74559300,15.00003300,-4.49617100,16.63091000,9.93063450,-8.00214900,28.47419500,-24.02228500,-36.84539000,-1.57223510,-3.25655720,13.41681800,38.48251300,-65.00699600,0.34236312,-57.65692000,12.38481800,-19.32874000,-13.81263000
453,9.48003101,-2.72143221,78.03901389,9.81586812,-2.52449157,103.88707262,-5.19923600,14.06584800,-2.20582490,6.19255700,8.43292200,-14.51319100,-5.53630160,-27.39803100,6.84955800,26.17371600,-8.68996500,15.00003300,-4.31196170,16.69932700,9.88399600,-8.08132800,28.55842400,-24.12328700,-36.66735500,-1.64329120,-3.26387290,13.63278600,38.15178700,-64.87047600,0.76253810,-57.58043300,12.22039000,-19.34534000,-13.94161000
454,9.45203972,-2.69218850,78.06403490,9.86973650,-2.49355768,103.93538067,-5.15376900,14.03150200,-2.23370430,6.18944260,8.39321100,-14.50735700,-5.48027560,-27.46019700,6.83026800,26.01521100,-8.62407600,15.00003300,-4.16770460,16.79412300,9.84530900,-8.01994500,28.65035400,-24.13762900,-36.65282000,-1.76848050,-3.25633550,13.79823100,37.88556000,-64.72961400,1.05751670,-57.65078400,12.15198400,-19.40002400,-14.04551300
455,9.42320633,-2.65889621,78.08693268,9.87477996,-2.50342739,103.98801692,-5.07490350,14.04182600,-2.25344400,6.18650150,8.31288900,-14.53469300,-5.36413400,-27.47565000,6.79206370,25.85178600,-8.53053500,15.00003300,-4.02578400,16.82807000,9.83381000,-7.88933400,28.73807300,-24.05244400,-36.78427000,-1.85972360,-3.02654700,13.88482400,37.57528300,-64.55660000,1.36036790,-57.66550000,12.03837400,-19.18531200,-13.87935300
456,9.39319611,-2.62222266,78.10333914,9.86097952,-2.45400976,104.13173286,-5.05354170,14.05302300,-2.29695840,6.17399640,8.27213800,-14.51788400,-5.30766000,-27.48404900,6.76372240,25.72292300,-8.43806600,15.00003300,-3.87813330,16.87841000,9.80942300,-7.82754400,28.81512500,-24.00386400,-36.91596000,-2.00878120,-2.99648360,13.89165800,37.33909200,-64.40835600,1.56049740,-57.68659200,12.01775700,-19.18641500,-13.62704200
457,9.36503506,-2.58514118,78.12967217,9.85098875,-2.38889925,104.23420366,-5.03953270,14.06532000,-2.34529760,6.15791850,8.26070000,-14.50214600,-5.23576400,-27.48193400,6.73199220,25.57757200,-8.32995700,15.00003300,-3.74373320,16.94183200,9.80474800,-7.62914000,28.84028800,-23.80382000,-37.07085000,-2.21811910,-2.93252940,13.87370100,37.08667000,-64.30240000,1.70447490,-57.72176700,11.94127750,-19.06310800,-13.34978700
458,9.33981323,-2.55012226,78.16376781,9.85969006,-2.32937693,104.25842268,-5.01829600,14.06584100,-2.39887790,6.14437870,8.28022500,-14.48586100,-5.15473130,-27.48127200,6.71035400,25.43548200,-8.22079850,15.00003300,-3.62765360,16.99598300,9.81078600,-7.32204960,28.81997900,-23.46831300,-37.20483800,-2.41854210,-2.77490300,13.89246900,36.77420400,-64.23270400,1.83917820,-57.74440400,11.75675900,-18.73722600,-13.07157200
459,9.31643295,-2.52189541,78.17125506,9.90748701,-2.28444716,104.28244843,-5.01618100,14.00404800,-2.49145960,6.14447740,8.35628200,-14.38440800,-5.21322540,-27.53515400,6.77192900,25.45219200,-8.19077500,15.00003300,-3.53058050,16.99583800,9.75894600,-7.33696100,28.82265500,-23.33169400,-37.14099500,-2.32599160,-2.68674090,14.07594500,36.56411700,-64.19818000,1.89742490,-57.75037400,11.53055200,-18.47876000,-12.79705100
460,9.29657555,-2.50379395,78.21637393,10.00518013,-2.19519965,104.46055302,-5.02735570,13.92465600,-2.52469730,6.13639600,8.37003400,-14.36204400,-5.23167560,-27.60687600,6.80401600,25.37578600,-8.09191900,15.00003300,-3.53555400,16.96917200,9.78629500,-7.18754340,28.82400500,-23.04397600,-37.23314700,-2.56363080,-2.80014230,13.94680100,36.30805600,-64.11921000,1.98253460,-57.72313000,11.44888200,-18.17073800,-12.31439000
461,9.27890873,-2.49816060,78.25153826,10.08495139,-2.12263198,104.59585921,-5.02714500,13.87435700,-2.52468850,6.13768300,8.29304300,-14.35375400,-5.24817940,-27.65225000,6.83603430,25.35911600,-8.04166400,15.00003300,-3.45384620,16.94904900,9.81766200,-7.13430700,28.82606100,-22.83431800,-37.29511600,-2.69324110,-2.79177550,13.92500200,36.14880400,-64.04830000,2.01726770,-57.73253300,11.52456100,-18.08125300,-12.13245000
462,9.26280212,-2.50691128,78.27061972,10.14913377,-2.09041739,104.65075345,-5.00484750,13.83797700,-2.51396630,6.14899400,8.17686100,-14.33935300,-5.28062400,-27.68300400,6.87875370,25.41368700,-8.04080800,15.00003300,-3.29897570,16.92878700,9.86957550,-7.14863900,28.82810200,-22.65669800,-37.31429300,-2.73242190,-2.69463540,13.99433600,35.99661600,-63.98169000,2.06468900,-57.76253000,11.62937450,-18.11711100,-12.15016000
463,9.24728775,-2.53224325,78.27860666,10.22346686,-2.11831437,104.62380011,-4.95343350,13.77470200,-2.52479740,6.16779660,8.12363000,-14.30449300,-5.35124350,-27.73300000,6.94256400,25.50791200,-8.05034350,15.00003300,-3.08990550,16.90276300,9.93857900,-7.22606230,28.82234800,-22.51970900,-37.21176000,-2.85802080,-2.68198080,14.08677000,35.86124400,-63.94974500,2.11988140,-57.83411000,11.54530700,-18.03870400,-12.09919800
464,9.22713566,-2.57764149,78.26836397,10.22833424,-2.17197128,104.64116905,-4.91786600,13.73556900,-2.54235940,6.18563180,8.09784500,-14.25745200,-5.44831300,-27.74106200,7.01335500,25.63156300,-8.02702400,15.00003300,-2.92543360,16.88250500,10.00772100,-7.37882300,28.81193000,-22.44322400,-37.13079500,-2.85535140,-2.69223020,14.04802700,35.76934000,-63.93780000,2.16034480,-57.81257600,11.42073300,-18.08529000,-12.12764400
465,9.20285320,-2.63482666,78.25193558,10.25311342,-2.21449466,104.64843402,-4.89404200,13.67531200,-2.54306130,6.20034600,8.08312900,-14.21492300,-5.57371850,-27.77214800,7.09283450,25.75315300,-8.04094800,15.00003300,-2.77416090,16.82898700,10.09576200,-7.49248930,28.77325200,-22.33826300,-37.03340500,-2.80687860,-2.68772080,14.13981400,35.64329500,-63.93217000,2.27824620,-57.79460500,11.14879700,-18.08073800,-12.22138400
466,9.17490005,-2.70198774,78.23234324,10.27901412,-2.26280098,104.66573904,-4.87584450,13.60650900,-2.54396030,6.21986530,8.06851100,-14.15512800,-5.69606200,-27.80394700,7.17254100,25.88017700,-8.07133100,15.00003300,-2.62786220,16.76473200,10.17958800,-7.64694200,28.72560500,-22.28759400,-36.90222500,-2.78221770,-2.66694860,14.31999000,35.55101800,-63.94639200,2.40826770,-57.78899800,10.80760000,-18.02511200,-12.31708500
467,9.14367199,-2.77723932,78.21216703,10.28402204,-2.32732525,104.71752694,-4.85233600,13.54526100,-2.55825780,6.23494800,8.05353400,-14.06575100,-5.78701640,-27.81401300,7.24111370,26.01399800,-8.09473700,15.00003300,-2.50906010,16.70777700,10.24936100,-7.90656500,28.66822800,-22.31038700,-36.71882600,-2.83476380,-2.62754940,14.48304200,35.45231600,-63.98514000,2.56761480,-57.75549000,10.48164400,-17.92824600,-12.33219900
468,9.10601807,-2.85712743,78.19138658,10.24975094,-2.31097613,104.86674035,-4.87094260,13.51881900,-2.56497550,6.24594600,8.03287800,-14.05047200,-5.87127900,-27.80646300,7.25487140,26.07629400,-8.10614300,15.00003300,-2.41722700,16.67695200,10.34557150,-7.99466400,28.66412400,-22.31311600,-36.82377200,-2.82499050,-2.58552300,14.39608100,35.47103500,-63.98954000,2.58019450,-57.78564500,10.37835700,-17.88414800,-12.13320600
469,9.06603050,-2.94078755,78.16216292,10.22760367,-2.32052243,104.94354011,-4.87198260,13.47083000,-2.59695720,6.26493450,8.05995900,-14.01268300,-5.98018800,-27.82457700,7.27761100,26.13742800,-8.12715200,15.00003300,-2.30734850,16.67512700,10.36770900,-8.42206200,28.64328200,-22.55585000,-36.51864600,-2.77080320,-2.56710310,14.32406000,35.46326000,-64.05375000,2.66621640,-57.77684800,10.16385900,-17.87063600,-12.16212200
470,9.02395725,-3.02726078,78.11847334,10.22934357,-2.37950815,104.95748432,-4.85798000,13.38665400,-2.64392850,6.29835100,8.12567300,-13.93535800,-6.13595720,-27.87324100,7.34689950,26.27776100,-8.18215800,15.00003300,-2.18420360,16.65830000,10.37003600,-8.84446050,28.67739900,-22.80960500,-36.17478000,-2.61643800,-2.55302140,14.28154500,35.37386700,-64.10550000,2.73870590,-57.74298500,9.99517800,-17.91834600,-12.29786400
471,8.98025227,-3.11623025,78.06383772,10.24504480,-2.46729761,104.93054976,-4.84101200,13.28224700,-2.68640160,6.34393000,8.20609700,-13.84397700,-6.33062800,-27.93875100,7.45405700,26.48027800,-8.26104500,15.00003300,-2.06443520,16.60660000,10.35550100,-9.20079800,28.78705000,-23.00000800,-35.87162000,-2.36047200,-2.49919940,14.27633600,35.16599000,-64.15107000,2.87264200,-57.67574000,9.85343550,-18.01314400,-12.48013600
472,8.93407345,-3.20634770,78.02930418,10.20613166,-2.46690158,104.94963362,-4.85408300,13.24896500,-2.67723230,6.37419560,8.21993900,-13.87592600,-6.44275470,-27.95934000,7.46117600,26.48840500,-8.26447900,15.00003300,-1.98842360,16.59296600,10.39426600,-9.19185450,28.87728300,-22.99400000,-35.85736000,-1.91035640,-2.42676200,14.13648400,35.09945700,-64.16313000,2.96525980,-57.66652000,9.51548600,-18.07891500,-12.53414400
473,8.88761044,-3.30280113,77.99579090,10.19614509,-2.46779247,104.92777894,-5.04242850,13.19019800,-2.69160630,6.76305250,7.99043560,-13.84980800,-6.58069200,-27.98657000,7.49118600,26.54940400,-8.30783800,15.00003300,-1.93100620,16.54484600,10.40780500,-9.25838900,29.05948300,-23.02583100,-35.76290000,-1.36852810,-2.28859200,14.07581200,34.94382000,-64.15234000,3.07907220,-57.61689000,9.32652950,-18.12400600,-12.44251500
474,8.84085178,-3.40669203,77.96487526,10.14621477,-2.45698724,104.89034118,-5.28634700,13.15377800,-2.72355560,7.23614800,7.73446130,-13.82423200,-6.66893700,-27.98636000,7.47062300,26.52804400,-8.31899450,15.00003300,-1.91263390,16.50496300,10.46020700,-9.14766500,29.29242000,-22.93738700,-35.80333700,-0.99269366,-2.25437800,13.86942300,34.70572000,-64.10097000,3.20808300,-57.55517200,9.18780200,-18.09544600,-12.16685800
475,8.79371357,-3.52042842,77.93745088,10.08399043,-2.47174797,104.85940812,-5.51495500,13.11670600,-2.76496720,7.69417100,7.53192420,-13.80507850,-6.72556100,-27.97121200,7.44185000,26.48906100,-8.30456000,15.00003300,-1.91384500,16.46019200,10.52485750,-8.97564900,29.53427300,-22.76418300,-35.84900700,-0.77945680,-2.26236200,13.49097000,34.43463000,-64.02544400,3.34152800,-57.48435200,8.98913900,-17.97790000,-11.78498600
476,8.74615955,-3.64784789,77.91427067,10.08839447,-2.58648742,104.86748903,-5.71399300,13.01259900,-2.81840400,8.20656100,7.37062000,-13.78051800,-6.81548400,-27.97838400,7.51372860,26.60735000,-8.30512200,15.00003300,-1.90321650,16.34484500,10.54829200,-8.97023300,29.83447600,-22.61044900,-35.69346200,-0.64743600,-2.13212230,13.01145200,34.17474400,-63.95289600,3.49725460,-57.39723200,8.55942800,-17.76645900,-11.46019600
477,8.69489193,-3.78962874,77.91324232,10.06953891,-2.56836098,104.85228704,-5.85907840,12.97691800,-2.72187760,8.43869000,7.13984440,-13.80160900,-6.87532600,-27.96925200,7.48622200,26.52608500,-8.25814300,15.00003300,-1.91355340,16.25204800,10.57930400,-8.63278000,30.17605000,-22.36994700,-35.81424300,-0.11441293,-2.11373730,12.76398700,33.84298300,-63.83563600,3.55516390,-57.30543500,8.60740000,-17.69744300,-10.99518000
478,8.63890839,-3.94323659,77.89274082,10.01073535,-2.60043724,104.87562326,-5.97779700,12.95738800,-2.65018840,8.70391200,6.91683530,-13.87472700,-6.95573570,-27.93108000,7.48946430,26.52928500,-8.21745200,15.00003300,-1.91062000,16.14160500,10.59393800,-8.26098100,30.56504000,-22.09649300,-35.97929000,0.50051770,-2.03130500,12.69772400,33.53736500,-63.67274000,3.56661220,-57.21122400,8.59325600,-17.61387400,-10.62127000
479,8.57901001,-4.10671377,77.85643020,9.92594080,-2.73965694,104.89808488,-6.07702260,12.93128700,-2.61245100,9.04483300,6.69912900,-13.92313400,-6.99815500,-27.87652000,7.50671200,26.56969600,-8.17448400,15.00003300,-1.82243250,16.02363200,10.57954000,-7.84124900,30.99643100,-21.87553600,-36.03983300,0.93148035,-1.95209680,12.77627200,33.32467300,-63.49704000,3.63204170,-57.15308000,8.41347300,-17.51883100,-10.48814200
480,8.51577377,-4.27729607,77.80863328,9.82362221,-3.02075063,104.88133100,-6.16450900,12.88535700,-2.61111660,9.48500700,6.48369900,-13.88407900,-6.94500500,-27.81763300,7.50776500,26.57509200,-8.11593000,15.00003300,-1.60980800,15.91355600,10.52602600,-7.32629250,31.46342800,-21.76930600,-35.89319200,0.99376315,-1.94783200,12.93715100,33.22319000,-63.35692000,3.85123440,-57.15044400,8.03541300,-17.43228500,-10.67940600
481,8.44363689,-4.44493341,77.72029052,9.60740073,-3.31858825,104.85574128,-6.29512800,12.89691400,-2.68719300,10.05440600,6.30553600,-13.91928600,-6.84458000,-27.74239000,7.39669000,26.43331300,-8.03856900,15.00003300,-1.49879630,15.81165700,10.40755100,-6.48666520,32.02728300,-21.73367700,-35.92936300,1.44550820,-1.98325260,12.79796200,32.96418000,-63.21860000,4.02930450,-57.07097000,7.99671100,-17.52546300,-10.42049900
482,8.36487675,-4.59771872,77.66464283,9.42485308,-3.55049321,104.74983226,-6.34734400,12.90796800,-2.72845300,10.41919200,6.21830900,-13.94984100,-6.73040300,-27.66878300,7.28049800,26.19936600,-7.89524650,15.00003300,-1.32322600,15.63734000,10.29658000,-5.21669630,32.65346500,-21.50542600,-36.17722300,1.81305290,-2.09341550,12.40548500,32.82095300,-63.06205400,4.33191100,-57.25563400,7.86497450,-17.60082000,-10.19506100
483,8.28019524,-4.73157263,77.64334595,9.29095893,-3.74964771,104.55411600,-6.42752300,12.88781450,-2.76846360,10.80561100,6.15637500,-13.94144700,-6.55575130,-27.61886800,7.16047530,25.85423300,-7.68472900,15.00003300,-1.18036690,15.38836100,10.17792500,-3.47469260,33.29226700,-20.99556200,-36.50627500,2.07257060,-2.20439740,12.07766150,32.56227000,-62.87504200,4.73287100,-57.52172500,7.66759970,-17.46142400,-9.98923000
484,8.18772888,-4.84225225,77.65508431,9.20718582,-3.91821094,104.31782895,-6.54456100,12.83417200,-2.80072950,11.23499200,6.09688800,-13.90733800,-6.30825040,-27.60279500,7.02801600,25.38149600,-7.40866330,15.00003300,-1.11147700,15.06961800,10.04663900,-1.36456530,33.90270000,-20.24739000,-36.83556000,2.28753260,-2.26236200,11.81745500,32.10222200,-62.64330300,5.14377550,-57.77794000,7.46354400,-17.07157100,-9.67614000
485,8.07774258,-4.91838026,77.69199508,9.15307049,-3.99289975,104.28046489,-6.52636770,12.79441600,-2.72737700,11.34472700,6.06649500,-13.98142700,-6.03213400,-27.62316000,6.84279970,24.74924900,-7.07706360,15.00003300,-1.13369870,14.69442800,9.93800000,0.64903520,34.50616000,-19.58734300,-37.16610700,2.78210070,-2.19593380,10.96306200,31.44469600,-62.33767700,5.30619200,-57.97953800,7.45307300,-16.68296400,-8.71585000
486,7.94629669,-4.96258831,77.72208688,9.03902174,-4.12604718,104.02476233,-6.52021400,12.77732600,-2.69248370,11.54413800,5.97216650,-13.93274100,-5.60296340,-27.61267000,6.60408350,23.92748500,-6.68547900,15.00003300,-1.07893200,14.29499200,9.87828400,2.96036300,35.08249000,-19.30966200,-37.33904000,3.37918420,-2.01188090,10.92362200,30.76120800,-61.97410600,5.57573600,-58.28614000,7.78864300,-16.36894200,-8.02105000
487,7.79525423,-4.98023462,77.78386544,8.87315826,-4.17025666,103.69528204,-6.37671380,12.81746100,-2.68501100,11.47296500,5.99532180,-13.87547000,-5.03694000,-27.57290500,6.28379730,22.79681000,-6.10970260,15.00003300,-1.01981940,13.87306000,9.81004800,5.29331450,35.62036500,-19.21493100,-37.02391400,3.91344070,-1.85131420,10.84699100,29.94738600,-61.56237800,5.82361600,-58.59944000,7.87285570,-15.88648100,-7.13151260
488,7.62290955,-4.97344828,77.86506217,8.66109192,-4.06451548,103.29386504,-6.13504650,12.91472900,-2.68124440,11.13981500,6.10111200,-13.84333500,-4.45520800,-27.50593400,5.92476030,21.45374500,-5.38349000,15.00003300,-0.95712740,13.42089200,9.75030900,7.72659830,36.10622800,-19.20886600,-36.33291600,4.61587330,-1.62257100,10.78327600,29.01286900,-61.10095600,6.00079200,-58.90286000,7.88513200,-15.32222750,-6.17247530
489,7.42533302,-4.94474649,77.92922717,8.40698258,-3.75361488,102.76611758,-5.93495370,13.05868400,-2.64113190,10.71323300,6.14411500,-13.85623200,-4.09800860,-27.41183000,5.62187530,20.16495300,-4.63869520,15.00003300,-0.86104640,12.91504900,9.74340400,10.51122000,36.51422500,-19.20525000,-35.60356500,6.00900900,-1.07013500,11.18389100,27.90883300,-60.56504000,6.17472120,-59.12906600,8.43948300,-14.93536900,-5.59261900
490,7.20488071,-4.90885687,77.94439960,8.02782159,-3.68407597,102.27443035,-5.64173300,13.23019500,-2.69368400,10.37244100,6.20769360,-13.76514000,-3.52015300,-27.26923000,5.24869970,18.69289400,-3.76076980,15.00003300,-0.59198190,12.35696800,9.62092500,13.11823500,36.87058300,-19.53877300,-33.85529300,6.45419260,-0.77493870,11.33880300,27.02191400,-60.01829000,6.44166800,-59.37240000,8.64769800,-14.94218100,-5.62939800
491,6.97330141,-4.87240458,77.92122063,7.58654478,-3.60375107,101.65343167,-5.24166970,13.47309600,-2.72281310,9.92582200,6.21425700,-13.74666500,-2.88795300,-27.10292800,4.82167670,17.08412600,-2.89175400,15.00003300,-0.32733804,11.69247150,9.48608100,15.65433700,37.13342000,-20.14477300,-31.01026000,6.94439940,-0.39507282,12.04953500,25.62293000,-59.41249500,6.75523330,-59.59102600,9.41848300,-14.47705300,-5.33960770
492,6.73712254,-4.83867216,77.89675784,7.16661466,-3.53187617,100.99825556,-4.77081500,13.71389700,-2.68731710,9.38235500,6.18277300,-13.75222400,-2.21072100,-26.94496300,4.38563600,15.36668500,-1.96227040,15.00003300,-0.04547151,10.92614700,9.27019300,18.00365000,37.27997000,-20.95994000,-27.23054700,7.43320230,0.08280618,12.88258400,23.80506300,-58.74902300,7.00552100,-59.65117300,10.50557800,-13.74552700,-4.78108840
493,6.50265789,-4.81052017,77.91307418,6.85143412,-3.47959526,100.40060254,-4.25952630,13.87776400,-2.55452600,8.73059400,6.15875860,-13.72700800,-1.48447570,-26.82922400,3.97438960,13.53611000,-0.88707580,15.00003300,0.29529500,10.08495400,8.93000200,20.07050700,37.29466000,-21.84408600,-22.77816000,7.77345940,0.63942975,13.36078800,21.85471300,-58.07296400,6.97990940,-59.52479600,11.62276800,-13.04023800,-4.09264200
494,6.27824068,-4.78819847,78.03391238,6.72013393,-3.11404149,99.59687402,-3.47217230,13.97639750,-2.27488970,7.23997350,6.57486250,-13.73997900,-0.53913470,-26.81670200,3.37700320,10.82966100,0.60277784,15.00003300,0.78527970,9.24595900,8.54334000,21.46161500,37.11953400,-22.05816500,-17.67579300,7.13269400,1.24354150,13.46099600,20.17037600,-57.40239700,6.76498900,-59.28037600,12.88245200,-12.81082250,-3.72125120
495,6.05666685,-4.78259563,78.06121731,6.41791470,-3.19181160,99.02996563,-2.72895810,14.13304500,-2.14432450,6.43312030,6.65464070,-13.85071000,0.45915276,-26.65916000,2.97635410,8.68436800,1.98555930,15.00003300,1.21434070,8.33810500,8.11424600,22.21217000,36.80224200,-22.36704000,-11.78829900,7.16855530,2.11024380,13.59458350,18.69611000,-56.78994400,6.49526450,-59.00306300,13.95245700,-12.57198100,-3.63090280
496,5.83611822,-4.78222084,78.04912368,6.09283701,-3.27458104,98.52700655,-2.39410660,14.27922500,-2.09354620,6.37594370,6.30877730,-13.88858100,1.29576370,-26.47375100,2.69638870,6.83707900,3.22226980,15.00003300,1.51550340,7.42449800,7.76357600,22.54515500,36.35047000,-22.85227800,-5.36199800,6.95229200,3.00824260,13.74173450,17.43751700,-56.18520000,6.23410800,-58.91519500,15.21491100,-12.23182600,-3.83378240
497,5.61880016,-4.78105640,77.98440223,5.81497321,-3.17639113,98.00144332,-2.23128940,14.40141400,-2.00290420,6.31110000,5.92198230,-13.80778100,1.10097680,-26.26680000,2.82595560,6.68324660,3.49587350,15.00003300,1.67786940,6.53196860,7.50363870,22.59738700,35.79520400,-23.47783300,1.43024660,6.17473400,3.76999830,13.66067600,16.22907000,-55.53313000,6.00683900,-59.01801700,16.68760500,-11.75778000,-4.22950900
498,5.41588163,-4.77763367,77.94060169,5.59753125,-3.05524591,97.46111162,-2.08360480,14.49629400,-1.89237490,6.26223660,5.53839970,-13.73043700,0.90776200,-26.10733400,2.89480760,6.53006700,3.77070860,15.00003300,1.79408170,5.65314770,7.10107660,22.37151300,35.26266500,-24.04307600,8.43560200,5.53992700,4.17673830,12.24680900,14.40053900,-54.85645300,5.69361450,-58.88384200,17.56947100,-11.19129900,-4.35888430
499,5.20707750,-4.77029991,77.85311033,5.28250921,-3.02656847,96.90785485,-1.90296270,14.66421500,-1.77229060,6.20813800,5.19137900,-13.73207300,0.75909877,-25.89324800,2.97804120,6.38814700,4.03647200,15.00003300,1.84697970,4.75459900,6.70882900,21.78595000,34.76932000,-24.64690000,15.80505200,4.42656470,4.51077300,12.09011700,13.10549400,-54.30081000,5.64731260,-58.94138700,19.80974600,-10.63201700,-4.85327300
500,4.99577761,-4.75602913,77.78198365,4.99392774,-2.88236669,96.35246509,-1.78535990,14.84225000,-1.62900100,6.15091200,4.81398440,-13.75667900,0.55951640,-25.68946000,3.03451420,6.26357400,4.25785640,15.00003300,1.88659910,3.89176820,6.21370840,21.36659000,34.31974800,-24.84546300,22.62896200,3.44556520,4.69357870,12.05895300,11.83410000,-53.90635300,5.63505200,-58.78251600,21.75591000,-10.16844500,-5.17544900
501,4.77889395,-4.73647642,77.71799058,4.73963124,-2.69116133,95.83610303,-1.69806490,15.00456000,-1.48907630,6.10038140,4.43987660,-13.76932100,0.34987816,-25.51551600,3.06538200,6.16996050,4.41414550,15.00003300,1.93326230,3.08482980,5.71936560,21.04899800,33.92531600,-24.70320700,28.66680100,2.57236530,4.80236240,11.99736900,10.54929300,-53.65983600,5.62891900,-58.47223000,23.23381400,-9.90201300,-5.34835600
502,4.54832315,-4.71591568,77.61795697,4.48115557,-2.69208519,95.43796019,-1.52724150,15.13020100,-1.41195180,6.06930700,4.17220740,-13.72068400,0.26150796,-25.37335400,3.08833550,6.12286760,4.48816250,15.00003300,2.05263830,2.35001800,5.47448730,20.40885700,33.57730500,-24.63125800,33.91543000,1.45462450,5.02496200,12.12272000,9.41970300,-53.47681400,5.66601040,-58.31383500,24.65670200,-10.03588500,-5.68698170
503,4.29795885,-4.69327927,77.55203914,4.23963051,-2.56115125,95.05590167,-1.44312250,15.24421300,-1.31552230,6.04260540,3.80432600,-13.58679900,0.09392821,-25.23867200,3.15495160,6.04897740,4.68864630,15.00003300,2.01912600,1.62760650,5.15444850,20.06309100,33.37059800,-24.31901000,38.61955000,-0.35049295,5.05599100,11.98396100,8.07813300,-53.35378300,5.57238960,-58.10309200,26.43716000,-9.81526700,-5.87780570
504,4.03208065,-4.67579031,77.43709665,3.87534552,-2.41977541,94.66845257,-1.33793850,15.41613800,-1.23367740,6.02665950,3.41522500,-13.51420000,-0.09095266,-25.03282000,3.17935600,6.01763960,4.82354700,15.00003300,1.94089380,1.00058800,4.86891460,19.86217500,33.18706500,-23.75764500,42.34959400,-1.67894220,5.17206340,11.87737700,6.81856000,-53.19647000,5.30875200,-57.73724700,27.75476000,-9.69972400,-5.78494700
505,3.75071883,-4.66453457,77.28627882,3.42469370,-2.34752380,94.29031053,-1.19997600,15.62433050,-1.18918140,6.01433230,3.07755000,-13.42543900,-0.18057974,-24.77236000,3.15532730,5.95274930,4.92613270,15.00003300,1.77487850,0.39197290,4.72909550,19.62387700,32.99304600,-23.06744600,45.50341400,-2.96978640,5.39733200,11.98983100,5.73589370,-52.98480600,5.01051140,-57.38625000,28.99936700,-9.61235800,-5.71039500
506,3.45699191,-4.66200638,77.12303081,2.99032928,-2.36140752,93.91931524,-1.07135440,15.79200700,-1.16050280,6.00965200,2.85180640,-13.23153700,-0.22518767,-24.53181300,3.16932770,5.92575500,4.97644500,15.00003300,1.58069120,-0.28256974,4.73694000,19.20923000,32.91943400,-22.56954400,48.42468300,-4.88958020,5.71333360,12.43543500,4.84956200,-52.88941200,4.85950570,-57.12092600,30.57180600,-9.53021400,-6.12524400
507,3.15763211,-4.67108727,76.97940049,2.61441919,-2.19991059,93.72878831,-1.08471800,15.90998400,-1.11456240,6.01154800,2.63833930,-13.03674300,-0.35092956,-24.34872400,3.19139200,5.90510230,4.97505500,15.00003300,1.39002230,-0.84147660,4.74702020,18.93905000,32.91577000,-21.91538000,50.60171500,-6.39346170,5.68627360,12.46160500,3.53059650,-52.82650800,4.58944800,-56.41233000,30.21713000,-9.48976800,-6.70540900
508,2.86272430,-4.69446707,76.84218488,2.24796527,-1.92460657,93.27838940,-1.08953860,16.03209500,-1.05773960,6.01786200,2.41329930,-12.96403800,-0.62962335,-24.15954600,3.18881400,5.90317540,4.98718200,15.00003300,1.16619190,-1.33396580,4.78831800,18.91012000,32.93264400,-21.15333000,52.25573700,-7.76795800,5.74923200,12.73527700,2.28511740,-52.66354800,4.23650930,-56.02186200,30.23045300,-9.28295100,-6.68854050
509,2.57592583,-4.73540163,76.91241283,1.84541332,-1.65695756,92.79480566,-1.09100340,16.16187900,-1.03113220,6.02864100,2.22987840,-12.87724100,-0.90350400,-23.94184100,3.17635850,5.89518640,5.03388260,15.00003300,0.99474764,-1.80584000,4.87115670,18.80587000,32.96296700,-20.41207500,53.75275800,-9.31176900,5.85469300,13.01283100,1.07536200,-52.47123300,3.86877940,-55.52620700,30.33747300,-9.11979100,-6.53323400
510,2.30128384,-4.79714775,77.12159602,1.40977659,-1.43614226,92.39308421,-1.10453180,16.29285400,-1.03937300,6.04304840,2.10366340,-12.73164700,-1.11948660,-23.69801500,3.16308500,5.87323950,5.11835600,15.00003300,0.80584216,-2.30257580,5.05053420,18.80179800,33.05018200,-19.50738500,54.89756800,-10.89655300,5.99275700,13.18937900,-0.13220450,-52.19614400,3.50908470,-54.87055600,30.41579000,-9.08235300,-6.40364270
511,2.04840064,-4.88959932,77.29156976,1.05112741,-1.15751974,92.05721609,-1.17906400,16.39880400,-1.01172610,6.05018800,1.97997460,-12.66766500,-1.36661110,-23.48771500,3.12063360,5.81243320,5.22230240,15.00003300,0.65576680,-2.64022000,5.17879900,18.99891000,33.15773400,-18.87970000,55.33302300,-11.57764400,6.17863300,13.39568700,-1.36399170,-51.80913000,3.02237270,-54.19274500,30.65681800,-9.12583800,-6.15578800
512,1.82645464,-5.02513266,77.47624853,0.72624868,-1.00295329,91.50028009,-1.19267380,16.44970500,-1.01845840,6.06983140,1.98219570,-12.50363100,-1.59712060,-23.29578600,3.07521500,5.83258440,5.19534000,15.00003300,0.65494670,-3.10966560,5.43089680,18.99267800,33.31522800,-18.40529600,55.95151000,-12.41257900,6.04315660,13.60723600,-2.13057160,-51.52680600,2.87200210,-53.69806000,30.27171500,-9.23204400,-6.13374850
513,1.63000286,-5.19969893,77.64359701,0.44481023,-0.83335373,90.93343063,-1.22002240,16.47903400,-1.02066400,6.09277800,1.99876560,-12.41028000,-1.83437980,-23.11514700,3.02403380,5.83808040,5.17126660,15.00003300,0.62241864,-3.53191260,5.70785430,19.11200000,33.55080800,-17.86620300,56.25896500,-12.97127800,5.96104150,13.79296100,-2.79975680,-51.20674500,2.83703780,-53.33262300,29.98802200,-9.18292600,-5.88877900
514,1.45957398,-5.41694260,77.79177916,0.21536699,-0.63075663,90.36874539,-1.29372550,16.47983200,-1.00875680,6.11770730,2.03510740,-12.35575100,-2.10919000,-22.95064700,2.98999700,5.84208700,5.18436500,15.00003300,0.57951980,-3.92318650,6.02052260,19.19246900,33.82153300,-17.29401600,56.46769300,-13.41430900,5.93165800,13.98242300,-3.38967600,-50.87902000,2.83375620,-53.03118000,29.83628700,-9.01766200,-5.48595500
515,1.31799364,-5.68514299,77.93496303,0.03272012,-0.44841632,89.73859407,-1.43943230,16.43839000,-1.00354170,6.15260400,2.15715670,-12.18166400,-2.40194870,-22.79667700,2.98375370,5.84087200,5.27451320,15.00003300,0.56103370,-4.42561860,6.49469330,18.98559200,34.08753600,-16.65097200,57.02296400,-14.28433200,5.76729150,14.23837900,-3.86589030,-50.64608400,2.90022350,-52.68069000,29.49994700,-8.93952900,-5.30194660
516,1.21096313,-6.02382565,78.06267581,-0.09184366,-0.37249940,89.14929273,-1.50712950,16.34424400,-1.02369490,6.19149260,2.32557000,-12.10673200,-2.62574550,-22.67351200,2.91560340,5.86017700,5.17055940,15.00003300,0.55991125,-4.84088750,7.07900100,18.84237000,34.41441700,-16.15753400,57.17782000,-14.46212400,5.70374770,14.39345200,-3.66777730,-50.37906300,3.21172900,-52.82789000,29.34501500,-9.02166500,-5.12915800
517,1.12838793,-6.41272163,78.15173278,-0.10419043,-0.30314934,88.78271644,-1.64676270,16.16879800,-1.05306890,6.24697830,2.50806620,-11.98551800,-2.81379270,-22.63548300,2.87664410,5.86170150,5.03416400,15.00003300,0.57549894,-5.23088840,7.76773360,18.48482300,34.79060400,-15.87428300,57.40945000,-14.49027200,5.63574500,14.50556800,-3.44885500,-50.09209000,3.56407570,-53.01486200,28.75108100,-9.16865350,-5.15279900
518,1.06864250,-6.85207081,78.24145866,-0.09589791,-0.25928639,88.47427090,-1.85404920,15.95430200,-1.08726860,6.32650230,2.74303460,-11.79259200,-3.04608180,-22.61603000,2.88540890,5.93510870,4.91814300,15.00003300,0.66914400,-5.55453200,8.57784100,17.83715200,35.03761700,-15.72067400,57.76254700,-14.61559000,5.60028900,14.63043900,-2.97207520,-49.89270400,3.85365770,-53.28036500,28.27390500,-9.38381400,-5.29689070
519,1.02873981,-7.33920956,78.37839066,-0.22217340,-0.31079113,88.07760595,-2.08143000,15.80784000,-1.17542850,6.43891330,3.06251380,-11.52581600,-3.21905260,-22.48592800,2.84681100,5.96207000,4.95753500,15.00003300,0.83503480,-5.89094300,9.55147300,17.27898600,35.33680300,-15.40876600,57.79916000,-15.12693900,5.70388940,14.76116400,-2.27496600,-49.54257200,4.20475960,-53.46227600,28.42198000,-9.62716100,-5.34938500
520,1.01964808,-7.88341236,78.44965387,-0.18576777,-0.37424266,87.83919037,-2.34671430,15.55887600,-1.26524540,6.58239100,3.32503720,-11.24206600,-3.42570140,-22.47383700,2.81824020,6.03536400,4.88189170,15.00003300,0.97482514,-6.12965970,10.64034900,16.45721000,35.52079800,-15.33860100,57.92354000,-15.50694900,5.67588600,14.82112500,-1.78048060,-49.19688800,4.48420330,-54.00284200,27.61946700,-9.74805450,-5.48541200
521,1.02563357,-8.45787716,78.42586290,-0.13680692,-0.39630113,87.75449223,-4.02087070,15.25252700,-1.79335380,9.48670500,2.23826810,-10.95506400,-3.64347340,-22.46648000,2.81302700,6.07191700,4.82869300,15.00003300,1.10359240,-6.26932570,11.85998400,15.39989200,35.68083600,-15.41210300,58.08941700,-16.05481700,5.63986700,14.90753600,-0.93210500,-48.81069600,4.84335040,-54.58461800,26.50253100,-9.72085800,-5.81936930
522,1.04989612,-9.05617809,78.34726873,-0.08182235,-0.39378015,87.66583749,-5.84001160,14.94799600,-2.36543350,12.58985400,1.11714200,-10.67897100,-3.89658380,-22.44965200,2.82550430,6.14458500,4.73262020,15.00003300,1.26989950,-6.35840400,13.11993200,14.16472900,35.88811000,-15.61630250,58.27704200,-16.49232500,5.58165650,15.13057200,0.00916299,-48.27938500,5.30131770,-55.17056000,25.19937000,-9.76755600,-6.25563340
523,1.09639740,-9.67291164,78.20969791,0.02694008,-0.37322359,87.53731049,-7.64290200,14.61479600,-2.87541460,15.55469800,0.09698013,-10.39619350,-4.21879500,-22.47198100,2.88330300,6.31753800,4.56241940,15.00003300,1.45093360,-6.41693500,14.39884200,12.83506200,36.12903000,-15.88196700,58.36380000,-16.63278000,5.52273800,15.51461900,0.85650295,-47.74677300,5.80638170,-55.74922600,23.86279000,-10.01650300,-6.77053070
524,1.16307592,-10.29677963,78.01087876,0.12575452,-0.36652026,87.71012875,-9.39166600,14.33728500,-3.29982040,18.20855300,-0.83369356,-10.06560900,-4.46636800,-22.45815000,2.92923160,6.46537350,4.46176900,15.00003300,1.53197900,-6.35526560,15.75582500,11.24916300,36.38703000,-16.31058900,58.22345400,-16.45528000,5.61757040,15.91842650,1.18868160,-47.36110700,6.16264060,-55.92763000,22.66765400,-10.30808400,-7.07460100
525,1.24952543,-10.91490746,77.79757747,0.16881390,-0.31567945,87.80827440,-11.13433100,14.09033300,-3.77408960,20.81138400,-1.76806970,-9.61709400,-4.72037600,-22.39898300,3.01614790,6.64172800,4.38803960,15.00003300,1.63915990,-6.21699330,17.24148800,9.31875200,36.64557600,-16.60633000,58.39225400,-16.64962800,5.57655530,16.20000500,1.19633580,-47.06908400,6.44480000,-55.77062000,21.70552400,-10.83665000,-7.08430050
526,1.35091591,-11.51929760,77.58500740,0.17047979,-0.13021291,87.86088661,-12.97627100,13.85660900,-4.27813150,23.40289700,-2.60022740,-9.17760600,-6.09980540,-22.22219300,3.52826400,8.82591150,3.39348720,15.00003300,1.68728940,-5.99219940,18.81134400,7.41095450,36.87756700,-16.76365500,58.48991800,-17.10657700,5.45869500,16.65165900,1.00935520,-46.85325600,6.74908970,-55.56738300,20.47664500,-11.36823100,-7.26157240
527,1.46747768,-12.10551834,77.35736816,0.21879890,0.20160276,87.85468472,-14.83418700,13.59672450,-4.73985600,25.84804500,-3.31923870,-8.78697300,-8.12221300,-22.01198800,4.26643900,11.99483000,1.97547600,15.00003300,1.66801350,-5.74599100,20.41666200,5.56705140,37.09078200,-16.83514400,58.49791700,-17.68372700,5.24128870,17.32456800,0.73171500,-46.69888700,7.12430570,-55.44589600,19.03794500,-11.95774600,-7.75752260
528,1.60106313,-12.66824150,77.08180501,0.48620514,0.64860934,87.74759518,-16.45211400,13.25805200,-5.02233100,27.81136900,-3.96229300,-8.46840100,-10.01746800,-21.95005400,4.93640380,14.60163000,0.78752726,15.00003300,1.64004530,-5.61215070,21.98670400,3.66701560,37.34182000,-16.96729000,58.55804400,-18.12199800,4.85224500,18.15776600,0.59317064,-46.57285300,7.57297950,-55.57369000,17.81578600,-12.88234500,-8.64503700
529,1.74384522,-13.20284176,76.77977481,0.73974534,1.17549237,87.74216783,-18.28560800,12.88090200,-5.34251640,29.99011600,-4.61097960,-8.11964600,-12.20894000,-21.85891700,5.77752700,17.63728300,-0.56453920,14.96575450,1.65639870,-5.46890700,23.91305400,1.30761530,37.64047000,-17.26678700,58.58515000,-18.78736700,4.75341700,18.86788000,-0.25186640,-46.46520200,8.04314400,-55.41510000,15.85206000,-13.55049400,-9.28997800
530,1.90055263,-13.71805859,76.52073258,0.93227309,1.81349370,87.66405135,-20.04670500,12.56821900,-5.67404940,31.92380300,-5.09708400,-7.80697800,-14.16711100,-21.70604000,6.42472100,20.13811900,-1.62838710,14.68899700,1.63532050,-5.37645500,25.73018300,-0.92511100,37.96537000,-17.34222600,58.75399400,-19.59458000,4.58305030,19.22350000,-1.10895860,-46.37823500,8.41169000,-55.03673000,14.69973800,-14.60550700,-10.13485400
531,2.06375170,-14.21672726,76.27207016,1.10253196,2.50702352,87.47061135,-21.73399700,12.30305000,-6.00235500,33.69760500,-5.51779560,-7.54705600,-16.00791000,-21.53099300,7.00232300,22.36697400,-2.52214550,14.48929300,1.59832440,-5.30417250,27.51441000,-3.01591780,38.30592700,-17.19414300,59.01368000,-20.48987200,4.41875100,19.55211600,-2.01690080,-46.30426400,8.76454300,-54.64384500,13.99614100,-15.72101300,-11.10224900
532,2.22940803,-14.70261765,75.98339143,1.30812636,3.18756211,87.14739133,-23.36962100,12.05039300,-6.30129200,35.44531600,-5.99574570,-7.34897760,-17.89471600,-21.35436600,7.64180040,24.67108200,-3.40119530,14.31076900,1.57585540,-5.23155360,29.37314400,-5.04255440,38.63976300,-16.91069800,59.32864000,-21.43354600,4.36117460,20.23818400,-3.10760140,-46.21129200,9.23818900,-54.40834400,13.19145200,-16.46947300,-12.05137300
533,2.38940358,-15.17411900,75.67251422,1.50383475,4.09785748,87.17934202,-25.31084000,11.78802100,-6.56975100,37.09766400,-6.40380600,-7.17286300,-20.16807000,-21.11098700,8.30674900,27.01629400,-4.19731760,13.87793000,1.40545140,-5.22430000,29.79380200,-7.11762860,38.87143700,-17.34555800,60.43039700,-22.69129000,4.22075700,20.71012300,-4.47233960,-46.00285300,10.47617100,-52.88319000,12.84530900,-17.49653800,-12.76918200
534,2.54285383,-15.63631439,75.37858876,1.67723453,5.18065399,87.00562558,-27.35511000,11.52277000,-6.87641050,38.68567300,-6.75880240,-6.89321300,-22.50343900,-20.85945000,8.89716900,29.15865300,-4.81849770,13.60626200,1.22888590,-5.25715300,29.79380200,-9.16114500,38.98966600,-18.06646200,61.89798000,-23.88962700,3.83716460,21.23432500,-6.40242340,-45.62617500,12.23617000,-50.75401300,12.24826000,-18.56757500,-13.66911300
535,2.68837428,-16.09119987,75.08884814,1.86256988,6.29299609,86.75635823,-29.36148300,11.24886800,-7.19345240,40.20317500,-7.04407600,-6.64317700,-24.74414000,-20.64189500,9.42039200,31.08363500,-5.39385180,13.40757600,1.05901930,-5.33512000,29.79380200,-11.09397600,39.05066000,-18.76725000,63.41319000,-24.86245300,3.45560810,21.83029200,-8.35192800,-45.14601500,14.09195000,-48.64412300,11.46631600,-19.57026300,-14.53262300
536,2.82384515,-16.53884125,74.87738178,2.05162000,7.39693872,86.51858516,-31.31985900,10.97317600,-7.51314100,41.65827600,-7.25777400,-6.47832630,-26.89205700,-20.45088400,9.88883600,32.83487300,-5.98975850,13.19420050,0.88423790,-5.44546030,29.79380200,-12.92282000,39.07820000,-19.40206100,64.98168000,-25.68879000,3.21039820,22.39303000,-10.14221800,-44.62217700,15.92690600,-46.68128200,10.71503000,-20.42963400,-15.18721200
537,2.94064927,-16.97520065,74.65300326,2.07679517,8.46499252,86.33322109,-33.28624700,10.75490600,-7.87201100,43.07703800,-7.47215560,-6.25643800,-29.12084400,-20.11239400,10.30009100,34.68021000,-6.58171600,12.77686400,0.64379770,-5.50457300,29.79380200,-14.85355900,39.07081200,-19.96809200,66.83530400,-27.21986000,2.94987060,22.36520600,-12.15241600,-43.99443000,17.55561800,-44.60001400,10.78738400,-21.00037200,-15.23424200
538,3.04517221,-17.39617538,74.49447108,2.28565106,9.45232836,86.08152960,-35.01988200,10.53421800,-8.12398300,44.32713700,-7.76446060,-6.17815450,-31.05696100,-19.96924400,10.75836200,36.17233700,-7.01147200,12.66622200,0.45704186,-5.66532850,29.79380200,-16.75226600,39.09015700,-20.68655200,68.57516000,-28.81099700,2.36226580,22.33859600,-14.04976500,-43.35452000,19.20148000,-42.56586500,10.95185500,-21.87307000,-15.07514700
539,3.13533139,-17.79743004,74.31696106,2.49613860,10.57493133,85.82150039,-36.86890400,10.29981300,-8.38850300,45.60962000,-8.03340200,-6.06927730,-33.14400000,-19.80074100,11.20268700,37.68243000,-7.47261100,12.47742500,0.26650190,-5.79250670,29.79380200,-18.35119200,39.08948500,-21.35017200,69.94652000,-29.99149100,1.81778920,22.72748400,-15.67118600,-42.68612000,20.78218500,-40.82667000,10.24098700,-22.55643300,-15.35328100
540,3.20884657,-18.17796898,74.10676389,2.65673817,11.78474255,85.55239169,-38.79307600,10.05648600,-8.69012600,46.90630700,-8.25325400,-5.90198100,-35.35150500,-19.56898500,11.60898600,39.22434000,-7.94921200,12.17994600,0.05503213,-5.89045050,29.79380200,-19.67762200,39.05699500,-21.95302000,71.05742000,-30.79362700,1.35285230,23.40523000,-17.03829400,-41.97445000,22.22262000,-39.33246000,8.99540500,-22.96926500,-16.03942700
541,3.26173854,-18.53823090,73.89465621,2.76101050,12.83141556,85.23751586,-40.48428000,9.82803200,-9.02001100,48.05591600,-8.43321700,-5.72697970,-37.33675400,-19.32766300,11.97173300,40.61245000,-8.28362750,11.96544600,-0.18050173,-6.06346700,29.79380200,-20.90678000,39.03166000,-22.60629000,72.24191000,-31.64593500,0.85553640,23.74937800,-18.25099800,-41.21299400,23.36882600,-37.86393000,8.72527900,-23.28637500,-16.60998200
542,3.28951287,-18.86776161,73.70399572,2.97487621,13.93856997,85.05172429,-42.25109000,9.54672800,-9.25503350,49.23034000,-8.57291600,-5.58243940,-39.37185300,-19.11684200,12.44716900,41.95898400,-8.61347500,11.63963000,-0.49951030,-6.26356030,29.79380200,-21.94381500,38.97986600,-23.08907700,73.32342500,-32.49036400,0.39422860,23.74874300,-19.61717400,-40.48040400,24.40181400,-36.27728000,8.20618250,-23.56598000,-16.15659300
543,3.29356861,-19.17502975,73.49666565,3.18689401,14.98065083,84.96661337,-43.86812000,9.28559500,-9.48519800,50.29431000,-8.71260200,-5.49099100,-41.26608700,-18.95920800,12.91997200,43.20543000,-8.94785900,11.42065050,-0.73013880,-6.40695700,29.79380200,-22.83163000,38.88581500,-23.43551000,74.11475000,-33.34742000,-0.09772920,24.10999900,-20.63069000,-39.75383800,25.34055100,-34.86741000,7.85980220,-23.80907400,-16.41788000
544,3.27222490,-19.46070862,73.26736943,3.39371065,15.94681960,84.96879642,-45.38755000,9.02685200,-9.70308300,51.30859800,-8.84876000,-5.40597800,-43.09302000,-18.79976300,13.41193300,44.43868600,-9.30704600,11.18339700,-0.91628550,-6.52021550,29.79380200,-23.63426800,38.76814700,-23.71887400,74.73157000,-33.96484000,-0.48558438,24.60478000,-21.46414600,-39.02631000,26.15869700,-33.51586000,7.56346100,-24.02454600,-17.00348700
545,3.22415972,-19.72555733,73.00997399,3.59854666,16.83758136,85.03814259,-46.89363500,8.74432500,-9.88677300,52.35595300,-8.97268400,-5.26976060,-44.95395300,-18.56931300,13.95287800,45.75782000,-9.70656900,10.76175300,-1.13955740,-6.65362740,29.79380200,-24.37868100,38.66826200,-23.98935700,75.30161000,-34.09010000,-0.60276120,24.88290600,-22.36685400,-38.30081000,26.83282300,-32.07568700,7.14647700,-24.24342700,-17.24581500
546,3.13451338,-19.96540070,72.66614161,3.47648285,17.43517487,84.99364465,-48.20067600,8.61663150,-10.18805400,53.44449200,-9.21449000,-5.21356870,-46.50194500,-18.27098800,14.29204200,47.00398300,-9.93512250,10.49880600,-1.31064900,-6.78566070,29.79380200,-24.97714600,38.57379000,-24.05441000,76.01127000,-34.97473500,-0.94331530,24.84178200,-23.27148000,-37.66252500,27.43492900,-30.62290200,7.52233600,-24.73530800,-16.47361000
547,3.01978111,-20.18267632,72.30527563,3.36159032,18.11865917,85.01060618,-49.51730000,8.47981700,-10.46929300,54.46603400,-9.43389900,-5.10269260,-48.03238300,-18.02025000,14.62972200,48.16413500,-10.25826300,10.30582600,-1.37800740,-6.80218900,29.79380200,-25.32758300,38.44787600,-23.96492400,76.52342000,-35.73633200,-1.15267610,25.14620600,-23.78505000,-37.03497300,28.01476300,-29.51515200,7.39308500,-24.73607400,-16.63226500
548,2.88171244,-20.38210869,71.92250449,3.19676763,18.79001858,84.99601747,-50.76452300,8.37344600,-10.76047600,55.44136000,-9.68508400,-5.00794900,-49.47650000,-17.79318000,14.93262700,49.22403300,-10.60658700,10.18511500,-1.43800440,-6.76986400,29.79380200,-25.55791300,38.30823500,-23.89747200,76.88950000,-36.56493800,-1.46070770,25.64455800,-24.30605900,-36.42568200,28.47795900,-28.47761300,7.05196000,-24.64211700,-16.87563000
549,2.72238970,-20.56688309,71.52532151,2.98163761,19.40145040,84.91510711,-51.91888000,8.29153200,-11.06766700,56.39673600,-9.97697200,-4.94589760,-50.81736400,-17.57715600,15.21473600,50.19050600,-10.93154400,10.10787900,-1.55237800,-6.76937400,29.79380200,-25.73384000,38.18271000,-23.95089000,77.21080000,-37.53113600,-1.93138530,26.12653200,-25.04113800,-35.87475600,28.79742800,-27.38020000,6.73490200,-24.74381800,-16.74872800
550,2.54486895,-20.73660851,71.18024130,2.93264752,20.01478711,84.91361061,-53.10441000,8.05544000,-11.30310000,57.39238400,-10.15330500,-4.73930030,-52.17857400,-17.37828300,15.68832400,51.14260500,-11.20225600,9.88954100,-1.76103430,-7.01770400,29.79380200,-25.81928400,38.09560000,-24.05044000,78.02659000,-38.33680700,-2.11078330,25.94488100,-26.01570100,-35.41878000,29.25752600,-26.17968400,6.76988800,-25.29407100,-16.61721000
551,2.35238695,-20.89990616,70.85281092,2.77775594,20.43030690,84.92194083,-54.08441500,7.91507900,-11.51787600,58.31094700,-10.38301400,-4.67344140,-53.38462000,-17.16700200,16.05358500,52.08486600,-11.39978400,9.81415750,-1.93655300,-7.15339300,29.79380200,-25.81404900,38.02578700,-24.09092700,78.53670000,-38.98246800,-2.48060400,26.17141500,-26.74611700,-35.05367300,29.56316400,-25.10746000,7.22263430,-25.40236500,-16.10527800
552,2.15356755,-21.05889893,70.66928227,2.60206695,20.85445328,84.92774864,-55.05478300,7.78982160,-11.71971200,59.18541700,-10.60446100,-4.58775230,-54.57252500,-16.95398100,16.38952600,52.97138000,-11.58946100,9.73258800,-2.02790550,-7.19495250,29.79380200,-25.78164000,37.94768000,-24.03860500,78.93935400,-39.76145000,-2.86342500,26.47695400,-27.28227000,-34.74713500,29.84068100,-24.27932200,7.14993200,-25.36881000,-15.84894100
553,1.95177794,-21.21632004,70.48335161,2.38536596,21.27403273,84.87498801,-56.05493000,7.66574530,-11.95641700,60.08899700,-10.82269900,-4.46481230,-55.75879000,-16.72295000,16.69769900,53.83728800,-11.79182600,9.61696200,-2.05024890,-7.16236830,29.79380200,-25.74071000,37.84992600,-23.89491300,79.26134500,-40.79325500,-3.27157260,26.80732200,-27.70159000,-34.46422200,30.10388400,-23.60912700,6.76170200,-25.30310200,-15.75780200
554,1.74945068,-21.37749481,70.26834912,2.01333074,21.50812515,84.62822203,-57.04878000,7.56540600,-12.34747400,61.18899000,-11.09725000,-4.37852140,-56.89122400,-16.42940900,16.92128800,54.80598000,-12.01205350,9.50211050,-2.06338070,-7.09598450,29.79380200,-25.70452500,37.73772000,-23.71286600,79.41595500,-42.17752500,-3.85947540,27.25187700,-28.10817000,-34.18553000,30.26643200,-22.85408600,7.29206850,-25.25518200,-15.13886500
555,1.55858600,-21.54113960,70.04588463,1.90210401,21.73092678,84.71469861,-57.87473700,7.45900500,-12.44304800,62.00269300,-11.32963000,-4.35895820,-57.93204000,-16.19825600,17.27613400,55.65226400,-12.21063800,9.32213800,-2.11945250,-7.10499050,29.79380200,-25.52681000,37.62291300,-23.58429500,79.79899000,-42.68998000,-4.13077160,27.44037200,-28.17514800,-33.98237200,30.56050900,-22.32748000,6.82538560,-25.26000600,-15.06129200
556,1.37791729,-21.71043396,69.82242372,1.76238726,21.82730752,84.75971120,-58.64449300,7.34509800,-12.60699500,62.83471700,-11.47388100,-4.38634800,-58.86486000,-16.01167300,17.59918400,56.47326000,-12.38071250,9.29192400,-2.10086970,-7.05379400,29.79380200,-25.33269300,37.47274800,-23.41061600,80.05212000,-43.24035300,-4.43380500,27.41646000,-28.19302700,-33.78019000,30.61034800,-21.82400700,6.45014700,-25.20844500,-15.00042800
557,1.20874190,-21.88454247,69.58539329,1.60039853,21.83828659,84.83191362,-59.39227700,7.23171230,-12.80063100,63.69132000,-11.60253900,-4.44362600,-59.76088000,-15.81332000,17.90948300,57.33336300,-12.56076700,9.26454200,-2.04410770,-6.96787600,29.79380200,-25.20834700,37.30269000,-23.28633100,80.27455000,-43.87796400,-4.76295380,27.34337400,-28.26462600,-33.56685000,30.50194000,-21.31238000,6.26262300,-25.11576300,-14.74492800
558,1.05246091,-22.06175613,69.31870795,1.46144153,21.83779530,85.05638787,-60.15547600,7.13133300,-12.92994700,64.54446400,-11.81114300,-4.50677730,-60.71674300,-15.53642750,18.25095200,58.29612000,-12.79623100,9.03442900,-2.02093630,-6.90053800,29.79380200,-25.19422000,37.16280700,-23.29951000,80.57776000,-44.53908000,-5.05949900,27.41501000,-28.44176100,-33.38647500,30.40112000,-20.83906700,6.24472500,-25.01623700,-14.13305950
559,0.91907269,-22.24324608,69.06372941,1.28176676,21.80850606,85.13235632,-60.87414600,7.05807300,-13.08726600,65.34672500,-12.03135300,-4.54059270,-61.52356000,-15.30948400,18.49601600,59.08680700,-12.89258700,8.99464700,-1.96176390,-6.83409100,29.79380200,-25.09171300,37.02636000,-23.06181300,80.65166500,-44.79628000,-5.22444530,27.46324500,-28.37075000,-33.27876300,30.39241400,-20.47401800,5.94356400,-24.80192800,-13.63475700
560,0.80226874,-22.42740250,68.83071505,1.18246338,21.79279141,85.37916146,-61.54561000,6.95964000,-13.17869300,66.03624000,-12.12594600,-4.58866830,-62.28520200,-15.12063600,18.78358500,59.85887000,-13.13092700,8.90825800,-2.00249050,-6.83433000,29.79380200,-24.95229000,36.93156400,-22.84075000,80.83099000,-45.24589500,-5.28685200,27.45478600,-28.55944800,-33.27194200,30.44190200,-20.04863000,5.76368240,-24.43807400,-13.16211600
561,0.70176655,-22.61693573,68.55513021,1.11132681,21.60375160,85.60724089,-62.14267700,6.85312700,-13.26932900,66.76916000,-12.24937200,-4.63539400,-62.98350000,-14.91863200,19.07918500,60.68682000,-13.39662500,8.80568800,-2.01689550,-6.77671100,29.79380200,-24.80515500,36.85323000,-22.64081000,80.91969000,-45.88934700,-5.46555600,27.51738400,-28.78324900,-33.35174000,30.49905400,-19.67056800,5.85416560,-24.15240900,-12.73056700
562,0.61747968,-22.81221962,68.21063987,1.03431850,21.18676945,85.73624819,-62.66758300,6.75528100,-13.38895000,67.60219600,-12.47416600,-4.67649650,-63.61440300,-14.68200800,19.35298500,61.58500700,-13.61990700,8.70483900,-1.93377500,-6.60760260,29.79380200,-24.67610200,36.78051400,-22.47752000,80.82979600,-46.56886300,-5.83935070,27.69555300,-28.87774000,-33.49064600,30.50825700,-19.41585400,6.17464830,-24.05605500,-12.37437200
563,0.55242234,-23.00461769,67.91667130,0.96009175,20.96375807,86.04647178,-63.24703600,6.71359440,-13.44037400,68.24602500,-12.62561800,-4.74051330,-64.23068000,-14.48938300,19.56074000,62.33867600,-13.84074200,8.57916500,-1.88197670,-6.48577930,29.79380200,-24.54380000,36.70201000,-22.32906300,80.78318000,-46.21393200,-6.00443740,27.78505300,-28.75839400,-33.63942700,30.41989900,-19.35003300,5.82726200,-23.93140400,-12.31563200
564,0.50710148,-23.19886971,67.59183661,0.94014679,20.59032333,86.20248293,-63.72058500,6.63686500,-13.49961700,68.91765000,-12.77787500,-4.80196000,-64.77101000,-14.29860700,19.79082000,63.08988600,-13.96972600,8.56297300,-1.86892810,-6.41811800,29.79380200,-24.40219900,36.63813800,-22.23571200,80.63538000,-46.27663400,-6.23199100,27.82801200,-28.79995200,-33.85382500,30.48864400,-19.23576400,5.69030100,-23.78943800,-12.11150550
565,0.47661743,-23.38937569,67.27427597,0.91248285,20.29257209,86.36599903,-64.24613000,6.54636760,-13.58229350,69.56594000,-12.89736000,-4.83652730,-65.34244500,-14.10967200,19.99146500,63.81655000,-14.12362400,8.53326700,-1.84087400,-6.32717000,29.79380200,-24.30930900,36.59225000,-22.22867800,80.42704000,-46.48878000,-6.53279640,28.06245200,-28.89672900,-34.10276800,30.47731400,-19.16943400,5.14620800,-23.58820500,-12.14019500
566,0.46117431,-23.57533455,66.94320330,0.93587508,20.05791805,86.56780273,-64.81479000,6.43999340,-13.65292600,70.18883000,-12.99975900,-4.84997130,-65.93716400,-13.92889300,20.20800200,64.51648000,-14.30469400,8.47745200,-1.78755430,-6.22733200,29.79380200,-24.31040400,36.55985000,-22.31794700,80.22501000,-46.83101000,-6.86788000,28.50041200,-29.01754600,-34.35586500,30.35087200,-19.16699400,4.35177140,-23.32124300,-12.33070000
567,0.46512178,-23.75902176,66.50680203,1.22229233,19.67057009,86.75899798,-65.27666500,6.29468630,-13.59928800,70.82040400,-13.15448600,-4.87824900,-66.44940000,-13.77212900,20.60974900,65.19960000,-14.42185700,8.46473000,-1.74828970,-6.21719460,29.79380200,-24.42923000,36.53412000,-22.44982700,80.13290000,-47.45878200,-7.11874900,28.97950700,-29.17005000,-34.59630600,30.24158700,-19.22463600,4.23787930,-23.01671000,-12.21633800
568,0.47868100,-23.93148613,66.24285677,1.13846490,19.40402645,86.85040892,-65.75359000,6.18993600,-13.71777700,71.34139000,-13.17947600,-4.87401600,-66.93281000,-13.53916700,20.70537200,65.81337000,-14.47464750,8.37825000,-1.78201010,-6.16607600,29.79380200,-24.42508500,36.51449600,-22.60573200,80.11460000,-47.24161000,-7.29249950,29.26868800,-29.36599300,-34.83098200,30.16716800,-19.30126600,3.68562460,-22.85393700,-12.24852800
569,0.50533032,-24.09642982,65.93395446,1.29659438,19.17001806,87.12473586,-66.15496000,6.13196330,-13.66580200,71.71910000,-13.24145600,-4.92897600,-67.36630000,-13.39506000,20.95739600,66.34356000,-14.55290700,8.33034600,-1.84651740,-6.19987500,29.79380200,-24.50060500,36.47429300,-22.77780500,80.20844000,-47.34535600,-7.29259870,29.08102800,-29.47201500,-35.05716000,30.18549300,-19.40984300,3.33669970,-22.75111400,-12.28824200
570,0.54077810,-24.25418663,65.61571041,1.47944325,18.90181001,87.42598209,-66.50989500,6.08534240,-13.61873500,72.07040400,-13.30299300,-5.01738930,-67.73409000,-13.29095200,21.21408300,66.84301000,-14.65117400,8.35322700,-1.88772250,-6.22230960,29.79380200,-24.54616700,36.42144400,-23.01094000,80.22208400,-47.46314000,-7.32209630,28.99125300,-29.58426900,-35.25712600,30.12597500,-19.52429000,3.04535870,-22.53000600,-12.39013800
571,0.57874626,-24.40497017,65.36384289,1.32917142,18.53313342,87.51801043,-66.86852000,6.00127940,-13.84585300,72.54797000,-13.29245200,-5.09169900,-68.02494000,-13.14440400,21.21627000,67.38485000,-14.75165900,8.46464100,-1.84339020,-6.10594000,29.79380200,-24.38937200,36.39443200,-23.36153200,79.89854400,-47.04786300,-7.64187570,29.76022500,-29.83642000,-35.40253000,29.76119800,-19.61391400,2.54375600,-21.98429700,-12.62533400
572,0.63144189,-24.54288101,65.08738510,1.53824366,18.24338427,87.70716800,-67.08465000,5.96202750,-13.75748700,72.79027000,-13.34335200,-5.15913530,-68.25310500,-13.08810000,21.43907500,67.76883000,-14.88743300,8.49854850,-1.89636700,-6.15512850,29.79380200,-24.53133000,36.35381300,-23.54680300,79.91866000,-47.14317700,-7.61984630,29.68896300,-30.19813500,-35.58640300,29.82059700,-19.66657000,2.72263980,-21.98614500,-12.25813800
573,0.68678325,-24.67154312,64.81269430,1.67494944,17.90171777,87.88555941,-67.25391400,5.94805300,-13.76214200,73.03693400,-13.43351650,-5.25124200,-68.43317400,-12.98461100,21.56738700,68.14435600,-14.92607100,8.49246200,-1.89469650,-6.15108900,29.79380200,-24.67957000,36.31399000,-23.67667200,79.89152500,-47.40558200,-7.57451400,29.48325700,-30.30532300,-35.76006300,29.88567200,-19.73863000,2.90527460,-21.82153000,-12.21903100
574,0.74384499,-24.78937531,64.58864691,1.72770612,17.60588551,88.07055115,-67.43366000,5.92115550,-13.81075300,73.26144000,-13.46021100,-5.33786100,-68.60060000,-12.87024700,21.62911800,68.49649000,-14.93836600,8.47938100,-1.93005550,-6.16602230,29.79380200,-24.78979500,36.30210500,-23.90942600,79.82764000,-47.54293400,-7.72386170,29.14696000,-30.42564600,-35.89940000,29.78022400,-19.79753300,3.20066500,-21.56632000,-12.22121500
575,0.80261630,-24.89553452,64.42577822,1.72642642,17.39295855,88.28640911,-67.64136500,5.86988160,-13.85462900,73.44563000,-13.39117500,-5.40842600,-68.76635000,-12.77563700,21.67471500,68.82350000,-14.98151000,8.49379200,-2.04444240,-6.24474200,29.79380200,-24.84566300,36.33704000,-24.27796700,79.72125000,-47.43325800,-8.13878000,28.77101300,-30.69761800,-35.99642600,29.44765500,-19.82321200,3.62478760,-21.27029200,-12.09303700
576,0.86794269,-24.98937798,64.16037186,1.91991377,17.05388666,88.62222963,-67.72506000,5.89549600,-13.79548900,73.59617600,-13.49513400,-5.53577100,-68.82454000,-12.74362850,21.91278800,69.17718500,-15.11564350,8.61852000,-2.05548260,-6.32831200,29.79380200,-25.02526300,36.37120400,-24.33085300,79.53702000,-47.58820000,-8.28716200,28.97962000,-30.78334000,-36.11297200,29.27689700,-19.82079300,3.78354380,-20.91634800,-11.98804300
577,0.93105286,-25.06710625,64.02288529,1.89924456,16.87559079,88.80587772,-67.83553000,5.93717670,-13.88021400,73.68484000,-13.51645600,-5.67909430,-68.87583000,-12.70613400,21.95960400,69.41546000,-15.20380900,8.69008800,-2.05173180,-6.33859800,29.79380200,-25.17464000,36.41752600,-24.58993700,79.46942000,-47.59128000,-8.48260500,29.03381300,-30.84528400,-36.18355600,29.16458100,-19.85985200,4.30606270,-21.00267400,-12.13162000
578,0.99488878,-25.13395882,63.90142833,1.91247696,16.71327015,89.02481830,-67.92854000,5.95928200,-13.91607100,73.74825000,-13.50937400,-5.77847000,-68.90855000,-12.65780900,22.03331600,69.64730000,-15.27191300,8.74016200,-2.05158300,-6.34727400,29.79380200,-25.34325000,36.46977000,-24.77832400,79.33755000,-47.43621000,-8.48493300,28.95802000,-30.89247000,-36.23483300,28.98734000,-19.85989800,4.69773240,-21.00480800,-12.22298900
579,1.05928612,-25.19086838,63.78132803,1.99356126,16.54735487,89.30423661,-67.99422500,5.95639600,-13.87987600,73.78844500,-13.48411900,-5.82838900,-68.92351500,-12.60374300,22.15953400,69.88132500,-15.33490800,8.77491700,-2.07225850,-6.36550950,29.79380200,-25.51277400,36.52853800,-24.85298200,79.12437400,-47.10231800,-8.30630600,28.80039200,-30.94027700,-36.28990600,28.79992900,-19.82609600,4.73654600,-20.87456900,-12.34226000
580,1.12114060,-25.23590279,63.72346068,2.01431917,16.44898464,89.54913441,-68.03955000,5.94615300,-13.88415500,73.78200500,-13.42449950,-5.86750500,-68.92699000,-12.56577100,22.20625000,70.04459000,-15.41695200,8.77780500,-2.11921550,-6.35735750,29.79380200,-25.66022100,36.56864500,-25.01193000,79.02220000,-46.55337000,-8.20808000,28.68220900,-31.04055400,-36.33106000,28.84706000,-19.78714600,4.21692280,-20.95051800,-12.96048500
581,1.18027353,-25.27314758,63.63440087,2.06540597,16.29293011,89.73914182,-68.06652000,5.91634400,-13.91325300,73.83150000,-13.37225000,-5.90699670,-68.92906000,-12.52002800,22.28866000,70.23698400,-15.46085800,8.78531100,-2.13441600,-6.33892100,29.79380200,-25.74610700,36.59227400,-25.08101000,78.92388000,-46.15332000,-8.11672800,28.34306100,-31.16942600,-36.37417000,28.85442500,-19.80005500,3.96021000,-21.00572800,-13.27475400
582,1.23684514,-25.30567551,63.53818715,2.13146283,16.11394722,89.86848444,-68.07332000,5.89420600,-13.90418600,73.88996000,-13.35270800,-5.91913370,-68.88618000,-12.50534200,22.40590000,70.41004000,-15.53927700,8.84076500,-2.12780430,-6.24577470,29.79380200,-25.79357000,36.58339300,-25.05303400,78.87025000,-46.28750200,-8.07969900,28.28296300,-31.31545600,-36.41621800,28.88062100,-19.90017500,4.21198600,-21.14136000,-13.14284600
583,1.28936732,-25.33447456,63.44477492,2.18294592,15.91308869,89.96654061,-68.06367500,5.86905570,-13.89685200,73.96202000,-13.34402800,-5.90925260,-68.82465000,-12.49128300,22.51659400,70.58438000,-15.61964400,8.91823300,-2.11233520,-6.10944370,29.79380200,-25.80174000,36.54061000,-25.01246800,78.80379500,-46.51410300,-8.08373450,28.38166200,-31.44532800,-36.48330700,28.89695200,-20.00989300,4.63757850,-21.21092800,-12.97046200
584,1.33627796,-25.36064339,63.36337685,2.18296367,15.68745937,90.07520564,-68.04388000,5.82230570,-13.95540600,74.06142000,-13.31296100,-5.89069100,-68.78828000,-12.43034600,22.56604600,70.79546000,-15.64621700,8.97462900,-2.09480450,-6.01823430,29.79380200,-25.76659000,36.51863000,-25.10007000,78.62884000,-46.19336700,-8.08963100,28.38445000,-31.51247200,-36.54911800,28.82650800,-20.00269100,4.73080870,-21.01281400,-13.30327800
585,1.37795794,-25.38461685,63.28108439,2.18365716,15.51904697,90.07512857,-68.02988000,5.81211950,-14.01645600,74.14896000,-13.36903600,-5.88299500,-68.73063000,-12.42771000,22.62058000,70.92944000,-15.76584150,9.01167800,-2.06442240,-5.90886350,29.79380200,-25.82622500,36.48626000,-25.03724300,78.78599000,-45.99023000,-7.93597750,28.75885400,-31.68642400,-36.65836000,28.88369400,-20.08959600,5.05456540,-21.30991400,-12.87564500
586,1.41627932,-25.40813446,63.21500596,2.28388745,15.39142171,90.18835172,-67.98950000,5.77819100,-14.03105500,74.17466000,-13.32018500,-5.90101960,-68.70173000,-12.40610700,22.74903100,71.06136000,-15.81609100,9.03245700,-2.08358960,-5.88005970,29.79380200,-25.87265000,36.45812600,-24.94686000,78.74175000,-45.81410200,-7.69175500,28.77613800,-31.71978600,-36.78219200,28.86981200,-20.10815000,4.87241000,-21.39333300,-13.18803100
587,1.44868517,-25.43201828,63.19375245,2.26768436,15.27652553,90.27280071,-67.94507600,5.75449750,-14.11246200,74.18987000,-13.26814900,-5.91151240,-68.63939000,-12.38400200,22.81546400,71.16796000,-15.85006600,9.07936300,-2.07412840,-5.81777760,29.79380200,-25.92127200,36.45030600,-24.91774600,78.69230000,-45.64755200,-7.48977330,28.78391800,-31.69321600,-36.92138000,28.84887300,-20.06008100,4.54223060,-21.35989000,-13.57795700
588,1.47442877,-25.45711899,63.21535745,2.05647954,15.14772976,90.25026699,-67.91067000,5.74984200,-14.30212500,74.23548000,-13.26818900,-5.89506500,-68.52597000,-12.36366750,22.75522400,71.24753600,-15.89839200,9.15197200,-2.00063040,-5.66672600,29.79380200,-25.96081200,36.46690400,-24.95729400,78.73669000,-45.49569300,-7.40737600,28.94595300,-31.67637300,-37.07766300,28.86221900,-19.98118400,4.32994650,-21.31355900,-13.61085700
589,1.50069928,-25.48568535,63.11604955,2.20686072,14.95138078,90.28835957,-67.86793500,5.64692100,-14.31491800,74.33849000,-13.18106200,-5.88742700,-68.56156000,-12.25573600,22.80216800,71.41679400,-15.90193100,9.01337200,-1.96593730,-5.61379770,29.79380200,-25.90121800,36.42896000,-24.73092000,78.61520000,-45.50545500,-7.33099700,28.59206600,-31.69359600,-37.23351000,28.79450800,-20.12234900,4.25977700,-21.47418000,-13.58666300
590,1.52176392,-25.51713943,63.01004573,2.30542800,14.71137317,90.28286673,-67.84122500,5.57751000,-14.28163050,74.45698000,-13.13043500,-5.83306740,-68.54509000,-12.19167400,22.87080200,71.57122000,-15.95973000,8.92783800,-1.93852170,-5.52411170,29.79380200,-25.82564700,36.36144300,-24.61395500,78.62236000,-45.86959000,-7.29835370,28.60735700,-31.73417700,-37.36831300,28.72778700,-20.20580300,4.67941300,-21.58468200,-13.59598000
591,1.53703737,-25.54862785,62.95292790,2.33026490,14.56200660,90.28565744,-67.83810400,5.52302800,-14.28795700,74.54188000,-13.08419800,-5.78811030,-68.53734000,-12.14631750,22.91609600,71.69057500,-16.00078800,8.90763200,-1.96317420,-5.50800200,29.79380200,-25.74372900,36.31895000,-24.75582100,78.63995000,-45.84476500,-7.33264500,28.69917300,-31.78430400,-37.49596800,28.68533100,-20.21570400,4.68527360,-21.63481700,-13.87357700
592,1.54680645,-25.58046341,62.92762011,2.30185668,14.49055590,90.31274150,-67.85111000,5.49306540,-14.34487800,74.59687000,-13.05738600,-5.78775640,-68.55108000,-12.11200000,22.94554700,71.78750000,-16.01995000,8.93348700,-2.02693460,-5.56392400,29.79380200,-25.65484400,36.32414000,-25.05817800,78.62225000,-45.45987300,-7.40490700,28.73816000,-31.82206200,-37.63492000,28.66718300,-20.19039000,4.28184840,-21.68238300,-14.27820900
593,1.55238616,-25.61676216,62.82389689,2.30292892,14.31733662,90.35853876,-67.84609000,5.53468470,-14.40233600,74.68684400,-13.13015300,-5.88514850,-68.55784000,-12.08238500,23.03412200,71.92336000,-16.06538800,8.94525900,-2.03534000,-5.55508330,29.79380200,-25.60916900,36.32135800,-25.10480300,78.62437000,-45.54761000,-7.42598100,28.63639600,-31.82617000,-37.80497700,28.65923000,-20.20817800,4.38596960,-21.92353000,-14.13447800
594,1.55310953,-25.65329933,62.77819739,2.26293500,14.23945634,90.31232815,-67.92071500,5.49986270,-14.44239500,74.78215000,-13.09024400,-5.85278650,-68.61268600,-12.04839700,23.04635600,72.00616000,-16.05636000,8.99244800,-2.02974460,-5.53067260,29.79380200,-25.50003000,36.32353000,-25.16396300,78.54742400,-45.32860000,-7.40309140,28.73780000,-31.80940400,-37.95257600,28.56428700,-20.35850300,4.02983800,-21.90347100,-14.35476400
595,1.55122852,-25.69137192,62.73398750,2.21508238,14.13797757,90.27307412,-67.96937000,5.46663200,-14.52351600,74.87971500,-13.02376200,-5.86981150,-68.64067000,-12.00101950,23.08537900,72.09604000,-16.02746600,9.03513600,-2.01618700,-5.50257800,29.79380200,-25.42213600,36.33774000,-25.25621000,78.49977000,-45.37325700,-7.41684250,28.89047600,-31.75187100,-38.07595000,28.42643500,-20.43060900,3.88535640,-21.88484000,-14.61927800
596,1.54796171,-25.73005867,62.68455354,2.17248407,14.02506546,90.25844740,-68.00659000,5.43626000,-14.61770300,74.97550000,-12.95682800,-5.91069750,-68.65249000,-11.94899750,23.16408200,72.19240000,-15.98496500,9.08540200,-2.01050020,-5.49126500,29.79380200,-25.35584600,36.35993000,-25.37379300,78.46561000,-45.51871500,-7.44397900,29.03595500,-31.64387500,-38.17118000,28.25702700,-20.45099300,3.78443860,-21.88527000,-14.93222900
597,1.54467714,-25.76782417,62.63098222,2.14906789,13.93756859,90.27405313,-68.06950000,5.39644500,-14.67201500,75.06399500,-12.91086200,-5.90503550,-68.67441600,-11.90739500,23.28221500,72.28155500,-15.93146800,9.16791600,-2.04982100,-5.52765500,29.79380200,-25.24753800,36.37387000,-25.47992000,78.41209400,-45.41976000,-7.44102600,29.12276600,-31.52255400,-38.20730600,28.09869000,-20.45866200,3.35890050,-21.87696000,-15.35563900
598,1.54394102,-25.80276680,62.57767650,2.13155858,13.89425276,90.23111781,-68.11951400,5.39492560,-14.77171000,75.13019000,-12.91342900,-5.95299240,-68.69426000,-11.91396400,23.35728600,72.30555000,-15.92671800,9.24533200,-2.01093170,-5.53631600,29.79380200,-25.25358600,36.38614300,-25.57466500,78.48799000,-45.73640000,-7.46006870,29.08464800,-31.43411300,-38.26613000,28.03892700,-20.59966000,3.12144760,-21.84591000,-15.20952000
599,1.54546630,-25.83557892,62.48554551,2.11954451,13.78672147,90.24074148,-68.20000500,5.37138180,-14.85204600,75.25602000,-12.91090600,-6.00263550,-68.80255000,-11.84486800,23.37586200,72.44726000,-15.91384300,9.21796800,-2.02677820,-5.54890730,29.79380200,-25.17511400,36.39488000,-25.64542000,78.50481400,-45.64035400,-7.43602300,29.05510300,-31.33782800,-38.29788000,27.96568300,-20.71079000,2.73769700,-21.84577000,-15.20424650
600,1.55060434,-25.86552238,62.37022323,2.14376668,13.64067795,90.28045308,-68.27403000,5.33643150,-14.91556300,75.39704000,-12.89636200,-6.04941650,-68.92619000,-11.76114500,23.39006400,72.62146000,-15.90124300,9.14841100,-2.03032730,-5.56165100,29.79380200,-25.09667600,36.39691000,-25.69231200,78.51100000,-45.59078000,-7.38473030,29.00633200,-31.13466800,-38.31892800,27.81206700,-20.84034700,2.38203300,-21.81092800,-15.26025900
601,1.56015217,-25.89138794,62.25839180,2.21303389,13.50850749,90.31416706,-68.32435000,5.29994960,-14.95977300,75.51032000,-12.87364500,-6.08020930,-69.01387000,-11.71122700,23.43901000,72.75104000,-15.89838500,9.09987200,-2.01895330,-5.57609800,29.79380200,-25.04854000,36.38020300,-25.67604800,78.55829000,-45.84343000,-7.33042900,28.94538700,-30.88822400,-38.30994000,27.65148000,-20.97775300,2.13664400,-21.71095500,-15.31430200
602,1.57421720,-25.90568352,62.27025678,2.17389468,13.69519250,90.18978384,-68.48945000,5.28795340,-14.98967400,75.52640000,-12.91280200,-6.01070170,-69.11967000,-11.72548200,23.44094300,72.71558000,-15.95094600,9.14990700,-2.02977680,-5.55475330,29.79380200,-25.03618600,36.38129400,-25.77837000,78.74162000,-45.78957700,-7.27030000,29.05752200,-30.92676000,-38.32159000,27.80858000,-21.31798200,1.66262970,-21.69625000,-15.27198800
603,1.59411395,-25.91975403,62.16233958,2.30137618,13.63621602,90.27334796,-68.57506600,5.27020550,-14.91369600,75.59069000,-12.92353300,-5.98431540,-69.20189000,-11.71592800,23.58758500,72.80990000,-15.91266800,9.21718200,-2.07687970,-5.63305500,29.79380200,-24.95487600,36.36541400,-25.80371700,78.80276500,-45.83828700,-7.23443460,28.81139000,-30.67649300,-38.31651700,27.86196900,-21.47567600,1.30443640,-21.64333000,-15.42755900
604,1.61597919,-25.93133736,62.06136957,2.36789931,13.53861714,90.31391973,-68.63935000,5.24168540,-14.90987900,75.68275000,-12.93803800,-5.97149700,-69.26108600,-11.67791400,23.67581600,72.92385000,-15.88598900,9.24243100,-2.07422020,-5.62333730,29.79380200,-24.89748200,36.31186300,-25.78735500,78.89974000,-46.03672800,-7.19434200,28.64257800,-30.38684000,-38.27187700,27.79964000,-21.60773800,1.02930740,-21.35610000,-15.50606100
605,1.63915718,-25.93988419,61.99332391,2.35132681,13.47375858,90.29059307,-68.71223400,5.20618870,-14.98986500,75.78370000,-12.94798000,-5.97271440,-69.31251000,-11.62104800,23.69200100,73.03082000,-15.89359300,9.23212400,-2.03850200,-5.54949700,29.79380200,-24.84791000,36.25916700,-25.75331300,79.01852400,-46.33168400,-7.15879540,28.63278600,-30.13591400,-38.19173000,27.64927700,-21.75428000,0.86688334,-20.93984400,-15.49485500
606,1.66563797,-25.94621849,61.89606584,2.43250474,13.42704919,90.41795208,-68.81900000,5.18242550,-14.99481900,75.86391000,-12.89412800,-6.02307030,-69.39414000,-11.58066750,23.81650500,73.17399000,-15.89839800,9.27289600,-2.10691600,-5.65221400,29.79380200,-24.76221500,36.22071000,-25.76762000,79.08404500,-46.46581000,-7.22855600,28.57227000,-29.92818000,-38.10740300,27.52097000,-21.79787400,0.93004537,-20.94326800,-15.65763300
607,1.69547224,-25.95122528,61.83802717,2.54419297,13.45906864,90.41503661,-68.87970000,5.14845470,-15.00963200,75.89340000,-12.87790900,-6.02267000,-69.43169400,-11.60855000,23.99107000,73.21498000,-15.93436050,9.42437000,-2.12523670,-5.71639870,29.79380200,-24.65393800,36.15346000,-25.82527400,79.22863000,-46.55933000,-7.13672000,28.54310000,-29.80405800,-38.02832400,27.70452500,-21.89512400,0.61409110,-21.01434700,-15.99581700
608,1.72455907,-25.95827484,61.77749215,2.62817635,13.45358724,90.42150260,-68.93101000,5.11601730,-15.01309500,75.92894000,-12.88580600,-5.99803640,-69.46450000,-11.62334500,24.11987700,73.26570000,-15.96565150,9.51676700,-2.17323140,-5.79343270,29.79380200,-24.48515100,36.06383000,-25.93191100,79.38824500,-46.53132000,-7.11207600,28.40871800,-29.64486000,-37.91888000,27.79925200,-21.90663500,0.37729030,-21.04970200,-16.21110700
609,1.75296867,-25.96750832,61.71747012,2.69504933,13.42200654,90.42808930,-68.96659000,5.08930400,-15.00592300,75.96412000,-12.91719500,-5.95598270,-69.47268000,-11.63933400,24.20768400,73.30886000,-16.00605200,9.58514200,-2.21237000,-5.86992400,29.79380200,-24.30756400,35.95754000,-25.92491100,79.55163000,-46.45793500,-7.01413970,28.30996000,-29.43268000,-37.79813400,27.81693600,-21.81385000,0.07631743,-20.98197600,-16.28233000
610,1.78158319,-25.97821617,61.67197806,2.77572845,13.40829876,90.39262129,-68.96977000,5.07181100,-14.99031100,75.97424000,-12.97143650,-5.90021370,-69.42158500,-11.69845200,24.28304700,73.29416000,-16.08541300,9.71463600,-2.19271660,-5.90941500,29.79380200,-24.16612800,35.84104000,-25.51898000,79.68471500,-46.45897700,-6.58963870,28.48395200,-29.18352900,-37.73782300,27.89696900,-21.63544000,-0.58797330,-20.73347000,-16.26766200
611,1.80677772,-25.99261475,61.57470828,2.82436381,13.20695023,90.33251001,-68.93127400,5.08645870,-14.93698600,76.04831000,-13.02684800,-5.92471300,-69.41016400,-11.67800700,24.26245000,73.37859000,-16.06927100,9.70902600,-2.32843100,-6.07204440,29.79380200,-23.63426400,35.73398600,-25.35879700,79.81011000,-46.60172300,-6.63824700,28.47871000,-28.93377900,-37.68634800,27.86521300,-21.43492000,-0.92155750,-20.30638000,-16.33131000
612,1.83307195,-26.00281143,61.49225990,2.92109041,13.06377128,90.20723160,-68.86340000,5.09983100,-14.86947200,76.10030000,-13.12394700,-5.94612930,-69.35605000,-11.67527500,24.33734700,73.42321000,-16.07001100,9.77778200,-2.47665880,-6.26707400,29.79380200,-22.98852300,35.58017300,-25.13354900,79.91318000,-46.34375800,-6.68184950,28.49441300,-28.69740700,-37.66900000,27.78221000,-21.17421000,-0.88359180,-20.13686400,-16.09473200
613,1.85937858,-26.00625992,61.45454774,2.98673267,12.94128769,90.13887465,-68.74849000,5.11993000,-14.82207300,76.10650000,-13.20008850,-5.98208670,-69.24215000,-11.68026500,24.43568400,73.45434000,-16.08861000,9.85314000,-2.66648170,-6.54488300,29.79380200,-22.22737500,35.42215000,-24.86672600,79.96866000,-45.96247000,-6.72221700,28.46197100,-28.35742000,-37.74117000,27.63951100,-20.68512200,-1.12615640,-20.04772000,-16.20458800
614,1.88538539,-26.00029945,61.47720400,2.96188362,12.79940398,90.19453358,-68.57638000,5.14800100,-14.81846100,76.06356000,-13.21548900,-6.03240700,-69.05847000,-11.68307100,24.49260500,73.49583000,-16.12280500,9.87888200,-2.91164160,-6.92793200,29.79380200,-21.33281500,35.28631600,-24.53351600,79.97934000,-45.67000200,-6.73877330,28.35186800,-27.83367000,-37.95063800,27.41581300,-19.85765000,-2.04256730,-19.89528500,-17.01066600
615,1.91657519,-25.97598457,61.50581353,2.87085884,12.56912002,90.12081158,-68.37312000,5.13154000,-14.83540500,76.09727500,-13.25156100,-5.97150660,-68.80927000,-11.66016600,24.47415000,73.55510000,-16.13224600,9.86991300,-3.15242460,-7.28918170,29.79380200,-20.08477200,35.15799300,-23.68472500,80.08044400,-45.36118700,-6.46072400,28.37889500,-27.22328600,-38.41268000,27.01215200,-18.81773000,-2.64537840,-19.75604000,-17.20813400
616,1.95635617,-25.92599106,61.55634148,2.85024285,12.36836403,90.12030779,-68.09945000,5.16054600,-14.75321500,76.06205000,-13.31414400,-5.95266870,-68.48036000,-11.65673500,24.58965100,73.63455000,-16.21122600,9.94119700,-3.47766230,-7.77184060,29.79380200,-18.43904300,35.07464200,-22.46313500,79.99393500,-45.24546400,-6.22217370,28.59045800,-26.55722400,-39.20416600,26.51606200,-17.56083300,-3.24452600,-18.98436200,-17.15970200
617,2.00476646,-25.84580803,61.63759755,2.89846869,12.31701638,90.08714854,-67.80170400,5.23536700,-14.66662100,75.96458400,-13.44252200,-5.99481870,-68.16736600,-11.71223700,24.78607600,73.66260000,-16.32293000,10.08552400,-3.89692930,-8.40394800,29.79380200,-16.42411400,35.03452700,-21.27377900,79.88723000,-44.83186300,-6.04335450,29.01192300,-25.82026700,-40.30397000,25.90855400,-16.25607900,-3.87693700,-17.93497000,-17.21239000
618,2.06101656,-25.73210335,61.75813006,2.92095368,12.38371804,89.99240342,-67.50267000,5.33481930,-14.65494700,75.85052500,-13.61662000,-6.06972270,-67.87103000,-11.79418850,24.97661600,73.66424600,-16.45468000,10.24160600,-4.36152270,-9.14163000,29.79380200,-14.08799100,35.04262000,-20.16240300,79.82392000,-44.07045000,-5.90513500,29.52561200,-25.06028000,-41.73055600,25.16563000,-14.80686800,-4.43982360,-16.87425400,-17.56312200
619,2.12237024,-25.57893372,61.93975674,2.61117774,12.32199299,89.87377906,-67.22772000,5.38344860,-14.85655900,75.85992400,-13.71598100,-6.05600400,-67.48787000,-11.74422000,24.94581400,73.81414000,-16.60686900,10.21351000,-4.76821140,-9.81843300,29.79380200,-11.39676800,35.18918600,-18.64974600,79.64760600,-43.39153700,-5.71240570,29.70001400,-24.48655500,-43.67933700,24.35237700,-12.74992100,-4.52991600,-16.26438700,-18.52586400
620,2.19979429,-25.37018394,62.13847178,2.67630944,12.45339254,89.96468900,-66.90970600,5.42798400,-14.61787800,75.68790000,-13.84280000,-5.90527870,-67.17626000,-11.63359900,25.12603400,73.94610000,-16.68182800,10.04809400,-5.48287300,-10.77532700,29.79380200,-8.28236200,35.55172700,-16.78127300,79.45077000,-42.00663000,-5.26832630,30.07542200,-23.87583200,-46.14564000,22.82957000,-10.66587700,-5.05626000,-15.00882700,-20.85106500
621,2.28549886,-25.11512566,62.41278461,2.72170975,12.71345975,90.12294853,-66.58378600,5.48939600,-14.38136000,75.42090600,-13.90037200,-5.78364400,-66.76235000,-11.60005200,25.33843600,73.96922000,-16.73189200,10.00207300,-6.20343600,-11.83097900,29.79380200,-4.97047230,36.07558400,-14.67555200,79.24480000,-40.80946000,-4.75431200,30.13092400,-23.48683200,-49.16234600,21.03576700,-8.31849200,-5.32702970,-13.55734500,-22.68779800
622,2.37800145,-24.81262016,62.77698431,2.62247268,13.08632746,90.19254172,-66.26408400,5.54862450,-14.28182000,75.11551000,-13.91891000,-5.64256050,-66.26116000,-11.61364700,25.50655400,73.88999000,-16.73265000,10.03623300,-6.89775600,-12.94097400,29.79380200,-1.45096120,36.66941500,-12.45317800,78.99010000,-40.07004000,-4.10322050,30.16281300,-23.25278000,-52.70488400,19.15283800,-5.66483070,-5.42424630,-11.69548900,-24.05758900
623,2.47654867,-24.46052170,63.23679770,2.27332466,13.55983626,89.96323899,-65.96877000,5.57011270,-14.42628600,74.84219000,-13.97115100,-5.37174220,-65.74294000,-11.58699700,25.55407100,73.74364500,-16.63026400,10.03086300,-7.56179100,-14.06978000,29.79380200,2.29306300,37.22583000,-10.33589000,78.63455000,-40.00350600,-3.15631600,30.76620700,-22.93493500,-56.67763000,17.24706000,-2.71832160,-5.59599600,-8.98036000,-25.38884500
624,2.59317446,-24.03357124,63.73586664,2.13948205,14.56802619,90.22067576,-65.84321600,5.65424160,-14.54802400,74.34023000,-14.00517400,-5.24946100,-65.40340400,-11.60457000,25.77412800,73.56704000,-16.64322000,10.05121300,-7.97877000,-15.00163600,29.79380200,5.59662100,37.73974600,-8.35219600,78.71306600,-40.43185400,-1.61001570,30.43817300,-22.87967500,-61.09440000,16.16775900,1.07377840,-4.80994370,-6.08200900,-26.09768100
625,2.72323108,-23.56559563,64.21715033,1.97863031,15.57240432,90.43915388,-65.75004600,5.76482630,-14.51418900,73.78441000,-14.17940100,-4.99137540,-64.98040000,-11.45635400,25.90475700,73.34788000,-16.44446800,9.94667600,-8.17844200,-15.49545100,29.79380200,8.99463100,37.82319000,-6.59215070,77.88770000,-41.87163000,-0.66266930,31.09876400,-22.13976500,-65.39468400,14.25001050,4.21857900,-3.08110830,-2.62858600,-26.59360500
626,2.87078881,-23.05409241,64.73091549,1.78471754,16.81743799,90.40138434,-65.78393600,5.85354040,-14.60104000,73.22218000,-14.29390500,-4.66885700,-64.66380000,-11.33952700,25.95455700,72.99477000,-16.22485500,9.77400000,-8.23447200,-15.76880100,29.79380200,11.96889600,37.50160200,-5.45067450,77.31152000,-43.89957000,0.08523051,31.52829600,-21.14806200,-69.68002000,12.35091400,8.99201300,-0.12756488,0.79731274,-26.38857700
627,3.03998518,-22.49953842,65.27401432,1.60798979,18.41339149,90.04428552,-65.99061600,5.90540550,-14.93448300,72.67920000,-14.20262400,-4.34790000,-64.56866500,-11.42444300,25.99527200,72.47510000,-16.14387700,9.61297500,-8.30778400,-15.99091800,29.79380200,14.48286700,36.85928300,-4.99346540,77.63848000,-46.10811000,1.10311210,30.69412400,-20.40149900,-74.22798000,11.38320600,16.85610600,4.22825340,3.78121730,-25.38148700
628,3.24432588,-21.91729927,65.49718509,2.02691395,19.44434424,90.44005671,-66.03348500,6.11149000,-14.60707300,72.05688000,-14.13760200,-4.19184970,-64.25654600,-11.76480700,26.52869200,72.20969400,-16.21688300,9.75886250,-8.21351050,-15.67265700,29.79380200,16.93162700,35.61506000,-5.49967700,78.74935000,-48.57124700,2.40997930,28.84383000,-19.29220600,-78.71919000,10.50638000,25.74663200,8.72933700,6.16831700,-24.49516000
629,3.46997237,-21.30666733,65.70036063,2.50496129,20.64969876,90.98584674,-66.20672000,6.27520040,-14.17787200,71.39365000,-14.17485900,-3.89185140,-64.04166400,-12.01519700,26.96337500,71.97232000,-16.30623600,9.77660000,-8.14729700,-15.03594000,29.79380200,18.88016500,34.19745300,-6.06052730,79.66283000,-51.26639600,3.27785850,27.40341200,-18.27488100,-83.22143600,9.96663950,35.46994000,15.22298300,7.97496700,-23.56709000
630,3.70908260,-20.68262672,65.94135118,2.83637860,21.81335067,91.36247199,-66.22204600,6.44309200,-14.05106900,70.70986000,-14.21581650,-3.76647900,-63.84951400,-12.07973200,27.19974900,71.77092000,-16.22866400,9.58937700,-7.99089340,-14.15565100,29.79380200,20.38837400,32.60944400,-6.75236030,80.61786000,-53.84531000,4.01654400,26.65635500,-17.00434900,-87.24158500,9.50462300,46.26368000,22.45621000,9.95179200,-23.38861500
631,3.96111202,-20.05266762,66.16294092,3.14082051,22.84470678,91.57425289,-66.05779000,6.60280940,-14.17361100,70.04560000,-14.20564000,-3.86350660,-63.68095000,-12.02417000,27.33633800,71.62738000,-16.03114900,9.24041100,-7.81323500,-13.33746700,29.79380200,21.65447200,30.89627500,-7.45195100,81.73692000,-56.07802000,4.60544160,26.20209000,-15.31836500,-90.18476000,9.16030600,57.84146000,30.22723000,11.72130600,-23.64151000
632,4.23295975,-19.42332458,66.09645085,4.17056927,23.72890918,92.12966017,-66.04485000,6.61820840,-13.79983400,69.51469000,-14.09183500,-3.93263650,-63.66952500,-12.21019000,27.85499800,71.60122000,-16.13185100,8.98947600,-7.87342400,-13.01834000,29.79380200,23.12337700,29.31216400,-8.05537100,82.96542000,-57.58466700,4.96711500,24.05286000,-12.97222600,-92.03886000,9.51133900,69.00134000,40.17835000,11.58104000,-21.57625600
633,4.50474119,-18.79824638,66.68304698,5.40939280,25.24306502,92.66099545,-66.32371000,6.65735100,-13.45052100,68.84289600,-13.94307800,-3.92342190,-63.60430000,-12.95085000,28.54888700,71.09548000,-16.19298600,9.50103600,-7.99425940,-13.02928400,29.79380200,25.26118700,28.36245300,-7.44250500,83.30588500,-58.92647600,4.64784100,22.37023400,-11.09781000,-93.25674400,10.66814200,77.88597000,47.96951000,10.26647800,-19.83862300
634,4.75899315,-18.20603943,67.16415016,6.17382298,26.50928593,92.75346316,-66.30443600,6.79336070,-13.37220600,68.08858500,-13.92028400,-3.86925150,-63.43408200,-13.44731400,28.78470800,70.53780000,-16.13857700,9.77780400,-8.04901900,-12.98945000,29.79380200,27.58248000,27.91334200,-6.73832370,83.46301000,-58.89978400,4.49422170,21.04769100,-9.78779400,-93.91767000,12.47601400,85.76829000,54.91245000,9.52019900,-18.82847200
635,4.99333858,-17.65901184,67.49436212,6.55735653,27.24242778,92.64791404,-66.07403600,6.92968400,-13.50134600,67.50263000,-13.93376200,-3.83089600,-63.19230700,-13.68146600,28.73484600,70.21420000,-16.00381700,9.84325300,-7.95126000,-12.78949400,29.79380200,29.67753600,27.80210300,-6.13339000,83.83900000,-58.52581800,4.83594470,20.18977700,-9.00856800,-94.27558000,14.85951400,93.08298000,61.16933400,9.58431500,-17.84703800
636,5.20881128,-17.16817284,67.62970282,6.94904808,27.21168598,92.90158141,-65.94405000,6.88445600,-13.66525300,67.47514000,-13.79168400,-3.89461160,-62.94950000,-13.85902400,28.85665000,70.46758000,-15.87782100,10.00027200,-7.61294030,-12.44710800,29.79380200,31.16313600,27.87369700,-5.54012100,84.72159600,-59.79608000,6.05441700,19.97607000,-8.86015000,-94.53119000,17.86774800,100.36355000,66.84688600,10.57726700,-15.50154700
637,5.39103174,-16.72022247,68.07460607,7.60916502,28.74022813,93.58146603,-65.96702600,7.02223200,-13.46724900,66.32850000,-13.53386000,-3.83491870,-62.99637000,-14.20556000,28.92387200,69.78161000,-15.66152900,10.15633700,-7.76361370,-12.29860200,29.79380200,34.59502400,28.57085800,-3.71969940,84.93464000,-60.56898000,6.13437180,18.36909500,-9.24830400,-94.67854000,21.25568800,104.79024000,71.58691000,12.26826100,-16.52823000
638,5.55797005,-16.33783531,68.27090571,7.77848371,29.62674837,93.59936950,-65.82916000,7.20139000,-13.66704750,65.67978000,-13.62040700,-3.73890040,-63.04599800,-14.43454200,28.64841800,69.37376000,-15.55300600,10.17127300,-7.73937650,-12.11028500,29.79380200,37.66577500,29.26327700,-2.62986850,84.77042000,-60.92180600,7.62243180,18.29117200,-9.85551600,-94.66899000,24.85026600,108.96942000,74.39458500,14.88514500,-16.68250800
639,5.70921040,-16.01072502,68.35765583,7.62949995,30.14605711,93.41392920,-65.68983500,7.33564850,-13.93812400,65.19592000,-13.53712700,-3.58188800,-63.04199000,-14.53359900,28.18582500,69.07838000,-15.47675200,10.08860200,-7.83529900,-11.77822300,29.79380200,40.93990700,29.92918000,-1.83711370,84.67010500,-60.71655300,9.56292400,18.00776300,-10.18024500,-94.56322500,28.44448500,112.79703000,76.31686000,17.87871400,-16.90474900
640,5.84699678,-15.72868061,68.45517265,7.41421870,30.58448573,93.47986840,-65.67935000,7.35944000,-13.98265800,64.56752000,-12.91699200,-3.35823850,-62.96238700,-14.53362400,27.72350700,68.74789400,-15.37009300,9.97794200,-8.22934150,-11.32958200,29.79380200,45.34349400,30.62717800,-0.63123750,84.49412500,-59.87786000,11.22046000,16.14387700,-9.60364800,-94.38154600,31.61342200,116.07765000,78.32288000,20.66951200,-18.01664000
641,5.98883057,-15.49713612,68.57555048,7.68247541,30.74465655,93.96681375,-65.56958000,7.37772750,-13.85047200,64.09408000,-12.68752900,-3.19897170,-62.83321000,-14.77143600,27.64078700,68.63969400,-15.33232200,10.10071500,-8.25722500,-10.57050100,29.79380200,49.02627000,30.89868200,0.36621410,84.55318000,-60.03768000,12.30339400,15.45776100,-7.28478150,-94.30514000,32.89901400,118.73036000,79.88436000,22.78169600,-18.59039000
642,6.13170433,-15.28929043,68.64353149,8.18277946,31.06531903,94.74990854,-65.59830500,7.44329550,-13.61733200,63.68311000,-12.57457500,-3.24183560,-62.97002400,-15.00014700,27.82518800,68.74812000,-15.51702800,10.05514050,-8.43937600,-9.85725400,29.79380200,53.32034700,31.02610800,1.87196760,84.50834000,-60.77918000,13.30610000,13.98930700,-4.04248100,-94.20911000,33.50816300,120.00027000,81.03539000,23.68320500,-19.34739000
643,6.27738094,-15.10003090,68.74108958,8.91354539,31.33238019,95.69032373,-65.74103500,7.44977140,-13.19559600,63.35524700,-12.49108800,-3.25476000,-63.05545400,-15.31571500,28.14336000,68.90612000,-15.78160600,10.15735400,-8.56215000,-9.81117000,29.79380200,59.37115000,30.91786400,4.54516740,82.73237600,-60.85611000,14.22169100,13.19537900,-0.66914874,-94.13326000,33.08999000,120.00027000,82.53241000,23.44067800,-19.85596000
644,6.41814995,-14.92192554,68.91070670,9.88990376,31.63141447,96.88720818,-66.03023000,7.38013740,-12.50643800,62.96502300,-12.33300800,-3.18751700,-63.06760800,-15.74554900,28.55940000,68.99255000,-16.00883300,10.47565300,-8.44110500,-9.90921200,29.79380200,66.05614500,30.02927600,7.39633700,79.73714000,-60.18693500,14.40039900,13.52579600,4.79481400,-93.95126000,30.05206900,120.00027000,84.29805000,22.55294600,-19.62618600
645,6.53514433,-14.74122238,69.19158107,11.30100480,32.30241191,98.91449074,-66.27033000,7.30087500,-11.26841500,61.97018000,-11.92548300,-3.20279530,-63.15177500,-16.28143300,29.30125000,68.93041000,-16.08686600,10.80143800,-8.65585100,-9.51444800,29.79380200,70.75020000,28.93923000,8.55536300,78.22189000,-60.24657400,13.65380600,13.41204400,14.95167600,-93.33655500,25.25843600,120.00027000,85.89916000,24.22746500,-20.69687700
646,6.61672258,-14.56849003,69.31212632,12.04961327,32.72454483,100.27674659,-66.50937000,7.13517860,-10.87011900,61.52336000,-11.53994000,-3.18784450,-63.22307600,-16.57562800,29.66243400,68.96948000,-16.13368800,10.96166800,-8.37503800,-8.28495700,29.79380200,74.10249000,27.83567600,8.22842500,77.00156400,-60.00271000,13.37981500,14.49525400,24.24374600,-92.45631400,19.20032000,120.00027000,85.66148000,24.93041800,-21.03712700
647,6.65731287,-14.39492226,69.32873155,12.25033196,33.10484577,101.48699293,-66.52662000,7.03192760,-10.79437600,60.95562400,-11.05023200,-3.22225500,-63.34460400,-16.69194400,29.67372100,68.93664000,-16.23798800,10.76792900,-8.07243100,-6.71613600,29.79380200,75.99602000,26.92135000,6.89221760,76.34346000,-59.05939000,13.61842000,16.08427200,33.25299500,-91.28879000,13.19223600,120.00027000,84.36696000,25.73624200,-22.48909600
648,6.65898418,-14.21665573,69.29791846,12.15814005,33.50530219,102.67074264,-66.38660000,6.99237730,-10.81209100,60.22896000,-10.54004900,-3.26900120,-63.40841300,-16.77587500,29.47901300,68.77116400,-16.41003000,10.44393350,-7.78825660,-4.95334050,29.79380200,76.67725000,26.22805200,4.98508600,76.49898500,-58.19871500,13.80619600,17.56506300,41.26915000,-89.80580000,8.13799700,119.68914000,83.08667000,25.77620900,-24.49726900
649,6.62838745,-14.03048515,69.29509920,12.21292715,34.00835255,103.91508389,-66.32519000,6.96693000,-10.66563000,59.46452700,-10.17168300,-3.24090000,-63.28189000,-17.05958400,29.33917800,68.42007400,-16.62031600,10.43786700,-7.44515100,-3.35236980,29.79380200,77.52875500,25.42015000,3.59069560,76.79114000,-58.72879800,12.78075200,18.24111000,49.30380000,-87.95631000,3.05079130,117.40399000,83.73797600,23.26134000,-25.84944300
650,6.56482220,-13.82297611,69.43944036,12.79215314,34.77538665,105.21788824,-66.45678000,6.72548300,-10.40207000,58.70126000,-9.52611100,-3.18904600,-63.39444000,-17.41135600,29.49595500,67.95549000,-16.56058300,10.48052900,-6.69500100,-1.53830210,29.79380200,77.83602000,24.86846500,2.09851600,77.05427000,-59.33486000,12.85852800,19.11615800,54.41867400,-86.42168000,-1.39137080,115.73171000,84.20138000,21.76918400,-26.37312300
651,6.47112656,-13.61007690,69.63494170,13.36558274,35.10473938,106.95387838,-66.26807000,6.47872970,-9.94268400,57.78322000,-8.76984100,-3.32649400,-63.22094000,-17.82075000,29.54005800,67.45995000,-16.55594600,10.60485700,-6.01001500,0.51268685,29.79380200,78.23891400,24.69671800,1.39835190,76.98454000,-59.12963500,12.72063300,19.81451400,57.60669300,-84.89080000,-4.35556300,113.20122000,84.71450000,19.55842600,-28.17787700
652,6.36030579,-13.38796616,69.71989357,13.70715750,35.29346548,108.42052541,-66.10115000,6.29238400,-9.75845800,57.19137200,-8.31946000,-3.44409180,-62.84530000,-18.29138200,29.42872200,67.05472600,-16.75659600,10.89550800,-5.01780370,2.64887640,29.79380200,78.42941000,24.69998400,0.61091185,77.03394000,-58.18884300,12.71164900,20.59405900,59.25082800,-83.44648000,-6.24109460,111.66983000,84.80383000,17.37947700,-27.04149000
653,6.24354458,-13.15383053,69.59251758,13.76935291,35.61838056,109.17784344,-66.19784000,6.19521300,-10.12086500,57.22422000,-8.43212500,-3.39266300,-62.36345000,-18.84259400,29.19046800,66.82181500,-17.26101700,11.38724300,-3.60613060,4.75847630,29.79380200,78.06702000,24.52997200,-1.01126910,77.63333000,-56.78904000,13.01507300,21.57238200,60.41442000,-82.31462000,-8.09319800,112.17589000,84.37157000,15.92313700,-20.13848700
654,6.11183786,-12.91560268,69.75724782,14.77079000,35.93513951,111.44745573,-65.89098000,5.89936000,-9.59117000,56.29482700,-7.83050160,-3.76136880,-61.88052000,-19.60860000,29.31385600,66.36104000,-17.67526000,11.73188600,-2.76390170,7.13282700,29.79380200,76.58809000,24.38598600,-1.80874000,78.62367000,-56.74751300,11.89302500,21.20591200,61.28513300,-80.80971500,-8.53012800,110.76511400,84.56944000,14.50513000,-17.19814700
655,5.96683836,-12.68782330,69.77799126,14.60156482,36.46383355,113.45814109,-65.49158000,5.78920650,-9.63397700,55.09575300,-7.09062620,-3.87136770,-61.31908400,-19.97355500,28.67216900,65.60900000,-17.94175500,11.58920300,-1.70743170,9.83730300,29.79380200,72.22802000,24.24284200,-3.62988760,80.97876000,-54.92841700,12.37305800,21.86160900,60.60386300,-79.28258000,-8.44323100,109.86434000,83.46426400,13.14636700,-16.34590300
656,5.84001350,-12.47996616,69.85329372,14.85356938,36.54563808,115.53642636,-64.99264500,5.55689430,-9.55438100,54.25338000,-6.53456450,-4.04239270,-60.47301000,-20.41421300,28.33148600,65.18251000,-18.27810100,11.69863900,-0.45295432,12.52876000,29.79380200,68.72812000,23.99401700,-4.94147630,82.60495000,-53.42113500,12.48364600,22.63097400,59.30885300,-77.74142500,-8.31083200,109.13341500,82.44917000,11.19417600,-14.70956100
657,5.73920107,-12.29819965,70.03947000,15.86035324,36.02306306,117.79235695,-64.38475000,5.14559560,-9.13759800,53.79249200,-6.14394470,-4.41877700,-59.35128800,-21.08755000,28.48240000,65.12650000,-18.73048800,12.18895300,0.86193156,15.07503400,29.79380200,67.22764600,23.62888500,-5.38951440,82.78042000,-52.81450000,11.52551000,23.16093400,57.90104000,-76.10726000,-8.01677800,108.07770000,82.02019500,8.49194000,-11.74188000
658,5.64315891,-12.15795612,70.23416442,16.20036353,35.41771776,120.12326130,-63.44761700,4.92689900,-8.80397300,52.81574000,-5.35396800,-5.02759900,-58.02733600,-21.71823500,27.96371500,64.59252000,-19.19732000,12.33053400,2.11280080,18.10247400,29.79380200,64.86157000,23.11365300,-6.99154600,83.13339000,-52.00215500,10.70271400,23.09711600,56.73984500,-73.96419500,-6.41575240,105.99737500,81.13843000,5.90596200,-10.14703300
659,5.56200647,-12.05841351,70.40645173,16.10663630,35.05195542,122.42019729,-62.58862700,4.77535800,-8.61580500,51.56030700,-4.64246750,-5.20030930,-56.62707500,-22.26434700,27.00426900,63.70976600,-19.48720000,12.59157300,3.88924570,21.30668300,29.79380200,60.99591400,22.70896000,-8.94723400,84.76581600,-50.27167000,10.13944900,23.53042800,54.36904000,-71.93703000,-4.89603500,104.58919500,79.14066000,5.34114300,-9.60153600
660,5.50711060,-12.00651455,70.62429099,16.48791555,33.63332467,125.15582917,-61.43015700,4.50111870,-8.16192500,50.92459500,-4.21587100,-5.62123300,-54.94722700,-22.77696600,26.65634700,63.69171500,-20.00744000,12.82641700,5.73975400,24.18397500,29.79380200,57.59847600,22.08262600,-10.36271300,84.90680000,-49.06442300,9.56109400,24.27759000,52.51033400,-69.88554400,-3.68662760,102.95396000,77.59686000,3.47203560,-8.73664900
661,5.46617699,-11.99999332,70.81767335,16.77042696,31.79131459,127.99268897,-60.06445000,4.21226450,-7.75155930,50.44102500,-3.91022370,-6.10148500,-53.19258000,-23.21242100,26.47662200,63.93445200,-20.53290700,12.96838900,7.60858100,26.86727100,29.79380200,53.76069000,21.16329200,-11.84719400,84.67643000,-48.33910400,9.25356600,24.65870900,50.71732000,-67.88881000,-2.63628080,101.08256500,76.09524500,0.63257810,-7.63615940
662,5.41083384,-12.03433895,70.91121401,15.84850946,31.16556964,130.35271646,-58.73198700,4.22654150,-8.09309200,49.00465800,-3.36441600,-6.06180240,-51.72169000,-23.40181700,25.28001800,62.97154000,-20.54291700,12.98105700,9.57524000,29.78682000,29.79380200,47.78238700,20.02450000,-14.81308800,86.34504000,-47.57938400,10.07185650,23.40858300,47.25138000,-66.22634000,-1.34385740,99.59038500,73.13592000,-1.20569060,-6.81220000
663,5.38579988,-12.13956738,71.10069109,17.10689251,28.34533299,134.18593385,-57.18987300,3.77924000,-6.64703750,48.94079200,-2.73743200,-7.30538800,-49.81601700,-24.70090700,26.03698200,63.52113700,-21.33447000,14.10102700,11.73409800,29.79380200,29.79380200,46.34506600,19.52615400,-12.99111100,84.80424000,-46.41914400,8.12704400,25.23311200,41.86914000,-65.40779000,2.73133870,97.78174600,73.55610000,-3.05083870,-6.19168100
664,5.32214212,-12.28124619,71.21387084,16.71960641,27.68034264,136.61528382,-55.88275000,3.75290400,-6.08347270,47.27290000,-2.03453450,-7.64753100,-48.43696000,-25.13978000,25.35006900,62.63470500,-21.26979000,14.45430500,12.54347700,29.79380200,29.79380200,44.92336000,18.61089100,-13.32592700,82.37771000,-44.53736000,7.24445600,25.17231800,33.68346000,-64.90066000,7.36474400,97.06569000,70.38042000,-4.53482060,-6.57713940
665,5.24317789,-12.46652794,71.35238264,16.48609257,27.33186289,138.60949530,-54.78703700,3.71749760,-5.64662600,45.80763600,-1.50398460,-7.88352250,-47.28410300,-25.35292200,24.79705800,61.89727400,-21.10343600,14.62249500,12.95465000,29.79380200,29.79380200,43.06137500,17.26932000,-14.96162400,79.79690000,-41.45766000,6.49999100,24.24029500,24.94675800,-64.55736500,11.86156500,96.36672000,64.73010000,-5.87926340,-6.57843970
666,5.17393017,-12.69685459,71.55844929,17.58194172,25.35451861,140.97506024,-53.85499000,3.31353740,-4.77724300,46.25254000,-1.42579230,-8.82480500,-45.84803000,-25.92228000,25.55240000,62.63177000,-21.52133200,15.00003300,13.95930300,29.79380200,29.79380200,41.07906000,15.97899800,-16.72448000,76.94178000,-36.86900300,5.31277470,23.62110100,16.59552000,-64.50948000,16.81469000,95.49077600,58.23277000,-7.39534500,-4.97050050
667,5.03494072,-13.02335262,71.77392221,17.40901915,22.93672671,143.63667581,-52.19428000,3.14640620,-4.13628200,45.78579300,-1.06775810,-9.23782700,-43.41324200,-26.32813500,25.39779700,62.32278000,-21.68980000,15.00003300,14.71828800,29.79380200,29.79380200,40.30489000,14.49501500,-18.24922600,73.49620000,-33.55528000,4.87106370,24.66035800,9.50345900,-63.88033700,22.05395900,93.63879000,53.09207500,-7.86595870,-5.59309630
668,4.83369589,-13.38392162,72.04614626,17.50883827,21.72887998,145.64928590,-50.89103700,3.00082180,-3.63650230,44.94790300,-0.93231106,-9.67037300,-41.65836000,-26.69125700,25.33162900,61.60997000,-21.43468500,15.00003300,15.65564200,29.79380200,29.79380200,38.68424000,13.28274500,-19.81103000,71.52925000,-29.69963800,3.71920630,24.58790600,2.76665300,-63.29660400,26.54067200,92.32087000,48.13245800,-8.64333300,-5.53565300
669,4.57796192,-13.78779411,72.29362694,17.55789224,20.67184471,147.40527645,-49.65649800,2.88883520,-3.16573100,44.12971000,-0.84572846,-10.07347600,-40.14491700,-27.07711800,25.39693500,60.77867500,-21.06289300,15.00003300,16.67325200,29.79380200,29.79380200,37.44244400,12.40187300,-20.88942000,69.35696400,-26.06009500,2.62301900,24.52595000,-3.75471020,-62.71890600,30.65727200,90.88048600,43.04726800,-8.99171300,-5.25656500
670,4.26883984,-14.23875427,72.44522303,17.32466209,19.36167760,149.04652230,-48.42103600,2.82878260,-2.79977420,43.58213800,-0.76045996,-10.45612400,-38.66991000,-27.45737300,25.57824500,59.95580700,-20.67938400,15.00003300,17.78654100,29.79380200,29.79380200,36.79677000,11.85200800,-21.31726300,66.60403400,-23.01108200,1.92149650,24.76074800,-10.30416300,-61.96665000,34.40663500,89.21858000,38.16136000,-8.70857800,-5.04947400
671,3.89135790,-14.73844051,72.48075006,16.68055983,18.11826788,150.41726271,-47.43765300,2.89536950,-3.00060960,43.55924000,-0.78307295,-10.92447800,-37.33322500,-27.57425100,25.84167300,59.16341000,-20.14222000,15.00003300,19.07815700,29.79380200,29.79380200,35.90110800,11.58895200,-21.32461400,64.25312000,-20.88480800,1.52149440,24.39265000,-16.94013000,-60.95075000,36.80270800,87.46891000,35.25682400,-8.09017600,-5.47706940
672,3.45754075,-15.25739479,72.39496436,15.88097612,17.23225318,151.46022364,-46.67003600,2.88371090,-3.10256530,43.35024600,-0.87084824,-10.78844600,-36.33011200,-27.73619700,25.89478700,58.28749000,-19.79579500,15.00003300,20.41073600,29.79380200,29.79380200,35.10959600,11.54300300,-21.43936500,61.92698000,-18.65401300,1.15034450,23.84244500,-23.52616000,-60.04305000,39.55799500,86.26295500,32.54760000,-8.47085500,-5.21938000
673,2.98891330,-15.78979015,72.30692287,15.15857475,16.12370145,152.88557383,-45.75135000,2.89757160,-3.12582640,43.10358000,-1.05527330,-10.79349900,-35.22844700,-27.86571100,25.99487900,57.56676500,-19.48066700,15.00003300,21.75702000,29.79380200,29.79380200,34.24042000,11.78683400,-21.54862800,59.84817000,-16.36573200,1.32187240,23.13482700,-30.64472400,-59.15424300,42.43735000,85.74293500,30.86351600,-8.17498700,-4.77176700
674,2.49128461,-16.32231903,72.18487476,14.34859927,15.07951611,154.24567765,-44.79858000,3.01581760,-3.17869100,42.82527000,-1.29019220,-11.00503400,-34.12092200,-28.00486400,25.97338300,56.73927300,-19.13783600,15.00003300,23.17520300,29.79380200,29.79380200,33.25859000,12.30776700,-21.63948800,58.04395700,-14.25945900,1.58019920,22.14229800,-37.80930300,-58.18862500,44.88531500,85.36040000,29.90894500,-7.53929470,-4.44113730
675,1.96583867,-16.83120155,71.94937738,13.12078510,14.86811382,154.42901612,-44.20079000,3.35504960,-3.46219500,42.46724700,-1.45753150,-11.26835800,-33.37301300,-28.25617200,25.42841300,55.21208600,-18.70338400,15.00003300,24.67753200,29.79380200,29.79380200,32.11824000,12.92419400,-21.69259000,56.58465600,-12.79574400,0.84138140,20.68367200,-44.07560000,-57.15832500,46.25123200,83.96500000,28.79321700,-7.81700850,-4.67021560
676,1.42901754,-17.29434395,71.90248445,12.66617470,13.83454076,155.77712064,-43.58073000,3.30030730,-3.04332690,42.59860000,-1.83988020,-11.10643800,-31.50151600,-28.76199300,25.00609200,54.04375500,-18.63231000,15.00003300,25.68846900,29.79380200,29.79380200,31.58690800,13.52734200,-21.65754500,55.18775000,-11.18129200,0.70407990,20.13993600,-50.98572500,-56.37415300,47.48715000,83.69509000,30.14716100,-8.38323500,-5.09883830
677,0.86736250,-17.71446228,71.74882322,11.68658942,13.09560713,156.88317625,-42.93662000,3.47996950,-3.02976000,42.53515000,-2.33482050,-11.08514700,-29.71269000,-29.12228200,24.27117200,52.43271300,-18.30132100,15.00003300,26.90533400,29.79380200,29.79380200,31.47589300,14.02133300,-21.57242600,53.60346200,-10.06891500,0.36122570,19.76475500,-58.16578000,-55.73657000,48.44296000,82.94143000,32.92044400,-9.22150200,-5.69316430
678,0.28431964,-18.08516312,71.58303160,10.43445740,12.35004242,157.78657766,-42.28672800,3.78240230,-3.31599200,42.59762000,-2.91000680,-11.09387400,-27.99489000,-29.33285700,23.44434000,50.58531600,-17.70253200,15.00003300,28.23478100,29.79380200,29.79380200,31.49707000,14.41546000,-21.59985000,52.11868000,-9.28298500,-0.00236496,19.35207400,-65.59820600,-55.23978400,49.54633300,82.19116000,37.08445400,-10.54322600,-6.51891700
679,-0.31681442,-18.39899063,71.81316265,9.21786964,11.29466272,158.61982609,-41.63921400,4.06886100,-3.72925330,43.06067000,-3.52052100,-11.02802000,-26.26470600,-29.44673700,22.71996900,48.72363000,-16.89506000,15.00003300,29.55401600,29.79380200,29.79380200,31.43092000,14.76828200,-21.85092700,50.92527800,-8.63808800,-0.19300923,18.76309600,-73.21162400,-54.89481700,51.17657500,81.88190500,42.48008000,-12.45074000,-7.52997900
680,-0.96350360,-18.60985184,72.12525024,8.16375519,10.57092145,159.78805439,-40.76331300,4.44046400,-4.10931830,43.05792000,-3.98962160,-11.34089400,-24.08491100,-29.91600400,21.52144200,46.30200600,-16.29919600,15.00003300,30.54512000,29.79380200,29.79380200,31.72053700,15.01551200,-21.59520300,49.49183000,-8.57129300,-0.55737936,18.51142100,-80.46715000,-54.62206300,52.60009000,81.62671000,46.73847000,-13.22429600,-8.22561200
681,-1.65340638,-18.74119186,72.58847520,7.15192851,10.38257099,160.46349384,-39.98622000,4.75199270,-4.45922850,42.80103000,-4.31176470,-11.58976700,-22.50613600,-30.16581500,20.78687300,44.09058400,-15.36028700,15.00003300,31.49724200,29.79380200,29.79380200,31.59609200,15.16497900,-22.08761800,48.97649800,-8.83122500,-1.14492000,19.12216000,-87.67893000,-54.41452400,54.78466800,81.47381000,50.19641000,-13.91605400,-9.04456800
682,-2.37249064,-18.79607964,73.03038014,6.26320311,10.17584447,161.08885076,-39.10552600,5.01128440,-4.78582530,42.48908000,-4.65392800,-11.74059700,-20.80321300,-30.42052500,20.08974300,41.89853300,-14.40451300,15.00003300,32.38300000,29.79380200,29.79380200,31.54673600,15.26724900,-22.64665600,48.71092000,-8.79698300,-1.52235950,19.44506300,-94.63201000,-54.18748000,57.15831800,81.44231000,53.18490600,-14.33147000,-9.72975600
683,-3.11502099,-18.77431107,73.40403693,5.52869267,9.77886526,161.79519136,-38.07766000,5.21562400,-5.08026650,42.22619200,-5.03245450,-11.78313700,-18.74174700,-30.74578500,19.32104000,39.66544000,-13.53067500,15.00003300,33.18578700,29.73576700,29.79380200,31.79613100,15.38320900,-22.92472000,48.33505200,-8.37046300,-1.60746910,19.16688300,-101.11100000,-53.88178300,59.33836000,81.49769000,55.69491000,-14.43187400,-10.21231300
684,-3.88872623,-18.66240883,73.82104114,5.19025425,9.88337795,162.19189590,-37.31669200,5.15088030,-5.05655860,41.78590000,-4.98511650,-11.70813300,-17.36606600,-31.25695800,19.19622400,37.66433000,-12.49637200,15.00003300,33.75958300,28.21183600,29.79380200,32.31586500,15.59435400,-22.28077100,47.89188000,-8.32179800,-2.05628750,19.71900700,-106.02192000,-53.41986500,60.24712000,80.91554000,57.29430400,-14.39243500,-10.60625300
685,-4.67673445,-18.46799088,74.38903143,4.59278431,10.09870313,162.51813103,-36.49581500,5.16494230,-5.02031040,41.07881500,-4.74490830,-11.56634400,-16.01706500,-31.83597200,18.68404000,35.32469600,-11.45983500,15.00003300,34.25335700,26.39260700,29.79380200,32.90190000,15.84039100,-21.20599200,47.69611700,-8.85933600,-2.53650980,19.90105400,-110.59566500,-52.93903400,61.00472000,79.75810000,58.42813000,-14.31799400,-10.71636000
686,-5.46441984,-18.20401764,74.87899973,4.17209311,10.44383295,162.71988687,-35.77039000,5.20232770,-5.06219000,40.38446400,-4.49787950,-11.58108500,-14.89310100,-32.24730300,18.48730300,33.16823600,-10.19195000,15.00003300,34.99158000,24.62052200,29.05587600,33.25473800,16.18250000,-20.48568200,48.24509000,-9.39823500,-2.82988050,19.94758600,-114.77354000,-52.36237700,61.87071200,79.05980000,59.17550700,-14.29910600,-10.99198700
687,-6.24368000,-17.87168884,75.32306064,3.89710256,10.84245071,162.75674941,-35.04899600,5.24651240,-5.15157000,39.68476500,-4.25653650,-11.68666800,-13.93000400,-32.55685800,18.56972900,31.16060300,-8.75239700,15.00003300,35.71865500,22.83295600,28.08091400,33.42806600,16.57268500,-20.00096900,49.13717300,-9.80425900,-2.98648760,19.88661400,-118.67868000,-51.80819700,62.75383400,78.47653000,59.68144600,-14.29679900,-11.45266300
688,-7.00700045,-17.47019196,75.84009168,3.41768255,11.31084442,162.58779026,-34.32991800,5.36469100,-5.28255500,38.88998800,-3.96638320,-11.67550500,-13.05040900,-32.86169400,18.47156100,28.97029700,-7.30888270,15.00003300,36.30029300,20.94771000,27.08968500,33.56212000,17.02910600,-19.63261600,49.93362400,-10.11146000,-3.15271540,19.58867500,-122.11044000,-51.26075400,63.55986000,77.48167400,60.20731400,-14.27225600,-11.95251400
689,-7.72955847,-16.98016930,76.28397420,2.94211343,11.41553571,162.52664626,-33.56012000,5.50919680,-5.42502700,38.36986000,-3.59723330,-11.66007600,-12.03441500,-33.02101000,18.45229100,26.89483000,-5.83054400,15.00003300,36.85656400,19.03220400,26.19833000,33.74827600,17.63219600,-19.05715000,50.74659700,-10.47413800,-3.28768630,19.50561300,-125.45316000,-50.67648000,64.13182000,76.10010000,59.80215500,-14.22075500,-12.51076800
690,-8.41847897,-16.42092323,76.69341036,2.60793800,11.50801114,162.57182271,-32.62991300,5.63726200,-5.50325900,37.61890000,-3.24955150,-11.71379800,-10.94425800,-33.21896400,18.49423200,24.76217500,-4.25163650,15.00003300,37.23488200,17.03420400,25.33809700,34.21098300,18.32993000,-18.16400300,51.14270000,-10.98494200,-3.59422420,19.27423300,-128.64082000,-50.09459300,64.66590000,74.85875000,59.58783700,-14.27088000,-12.93636000
691,-9.06964207,-15.79543495,77.05849018,2.35632385,11.54826726,162.79086941,-31.59754400,5.77599800,-5.53838500,36.74640000,-2.96225600,-11.82778400,-9.50742000,-33.46072800,18.27013800,22.46422400,-2.76083760,15.00003300,37.48090000,15.01437400,24.47856300,34.81926000,19.14101800,-17.12279700,51.20390000,-11.32190200,-3.92395330,18.95582400,-131.66750000,-49.51952000,65.07428000,73.63315600,59.39018600,-14.30486500,-13.23271100
692,-9.67911434,-15.10749722,77.37236689,2.12886030,11.50319580,163.20971309,-30.54407500,5.94436550,-5.55734540,35.89024000,-2.75508380,-11.97310100,-7.51179550,-33.73708700,17.50273500,19.91094400,-1.52245650,15.00003300,37.65211500,13.02327000,23.59100300,35.47374300,20.11552400,-16.08649000,51.03017800,-11.21313200,-4.10813140,18.62142400,-134.51268000,-48.94033000,65.24897000,72.28683000,58.98837300,-14.22279100,-13.40508300
693,-10.23554325,-14.35001469,77.66559704,2.10419503,11.80101867,163.17446878,-29.61177000,5.95182040,-5.62285800,34.88703000,-2.37635970,-11.86444900,-6.13858500,-34.19573600,17.12932400,17.58365400,-0.27536246,15.00003300,37.76056700,11.09096200,22.62067200,36.29665800,21.05863600,-14.62312100,51.23459200,-11.42026600,-4.07498500,18.10130100,-137.08230000,-48.39986800,65.55981000,70.79841000,58.78942000,-14.47838100,-13.23098800
694,-10.74259090,-13.55640697,77.96174351,2.34908099,11.89670656,163.55800880,-28.35514300,5.85796360,-5.48934500,33.42170700,-1.59588840,-11.87279400,-4.80274800,-34.64740800,17.06720400,15.28675800,1.33995390,15.00003300,37.59431500,9.17588000,21.64637800,37.16260000,22.06779300,-13.56186900,51.40310700,-10.65332000,-4.26981970,17.47531700,-139.48738000,-47.89286000,65.58059000,69.25880400,58.37997400,-15.00496200,-13.59923800
695,-11.20372677,-12.74744987,78.22576842,2.53476878,11.73959718,163.90315424,-26.97011000,5.83592370,-5.39695070,31.98140300,-0.87442320,-11.96071900,-3.48723770,-35.00162500,16.99806600,13.09942150,2.93623100,15.00003300,37.47080000,7.36550400,20.57991800,38.04107300,23.08270300,-12.61234900,51.27052700,-9.58883200,-4.54215000,16.83424200,-141.67152000,-47.43248000,65.61089000,67.58347000,57.65527700,-15.68309400,-13.79765300
696,-11.61906528,-11.93656063,78.41365525,2.61206094,11.28933056,164.05619054,-25.52889800,5.92669800,-5.42805620,30.82416700,-0.45592130,-12.14619400,-2.09450800,-35.25384500,16.66585200,11.02231300,4.31226830,15.00003300,37.42519400,5.69924830,19.48230000,38.86968600,24.03760500,-11.64011300,50.78184000,-8.47222200,-4.60073570,16.33061200,-143.62636000,-47.01095200,65.59746000,65.75494400,56.44127000,-16.32738900,-13.69284400
697,-11.97762203,-11.13505650,78.35826937,3.13187849,10.45039740,164.38467278,-23.89118200,5.90466740,-5.42268300,29.97514700,-0.38685864,-12.62716500,-0.12826164,-35.61665300,15.56365800,8.74185200,5.51141500,15.00003300,36.98544700,4.19268300,18.75073800,39.63371000,25.00221800,-10.71984400,50.04424000,-6.91292430,-3.37514600,16.39336600,-145.47008000,-46.59258700,64.54222000,63.98506500,54.09095000,-16.31285300,-14.35603700
698,-12.31563950,-10.36308289,78.60691591,3.39717812,10.85291689,165.26797129,-22.70477900,5.89634850,-5.24893100,27.84999000,0.47361500,-12.96286300,0.74942386,-35.93956400,16.24629600,6.41045140,7.69316430,15.00003300,36.72849000,2.73657400,17.68002100,40.46528000,25.94739200,-9.57533550,49.99204600,-5.97557540,-3.80720190,15.77820600,-147.39424000,-46.26915700,64.55392500,62.19488000,53.96380600,-16.73615300,-14.24388800
699,-12.61276722,-9.63799286,78.78924238,3.48245614,11.09113899,165.80863240,-21.71603600,5.93575000,-5.22596100,26.15349800,1.07325420,-12.90950800,0.30312460,-35.99557500,17.60175700,6.17773400,8.71108000,15.00003300,36.49718500,1.47446820,16.56221400,41.14111300,26.73562000,-8.91715500,50.27078600,-5.46848630,-4.03063440,14.92200200,-149.04303000,-46.04612000,64.46754500,60.45645000,53.29990800,-17.21312700,-13.85867000
700,-12.86442757,-8.96946144,78.88030970,3.54782994,10.95986760,166.08377207,-20.70873000,5.99345700,-5.31582900,24.90491000,1.42113480,-12.76235400,-0.04465760,-36.10716000,18.76088500,5.97568940,9.54801200,14.94329200,36.20127500,0.35501780,15.50184100,41.67380000,27.35657700,-8.63646300,50.43200000,-4.81173300,-3.77399350,14.22591100,-150.37110000,-45.90651700,64.14171000,58.74471300,51.86036000,-17.51976400,-13.46484000
701,-13.07196426,-8.36926365,78.96196225,3.88313077,10.68324312,166.69241150,-19.29016500,6.02102700,-5.29792500,23.23417900,2.09573100,-13.26612700,-0.18122602,-36.26117300,20.15824300,5.83712600,10.43484100,14.66807800,35.84945300,-0.72162837,14.49973800,42.16729000,28.02695500,-8.30369100,49.69892000,-2.97079370,-3.34325890,14.30595000,-151.45576000,-45.80166000,63.97219000,57.04649000,50.50221600,-17.38199800,-13.33886050
702,-13.21788406,-7.86349869,79.07981598,3.78074460,10.19791621,167.34492218,-18.31895000,6.24946600,-5.41669130,22.28519000,2.59304400,-13.47510800,-0.36819503,-36.01873400,21.24346200,5.73043400,11.24977300,14.57028700,35.80851000,-1.69767330,13.50663600,42.96545800,28.45929000,-7.84602200,49.22321000,-2.27895280,-2.96711660,13.76984800,-152.18310000,-45.70785000,63.77628700,55.46378000,49.52226300,-17.55693600,-12.85277300
703,-13.31889629,-7.42647743,79.20268331,3.72703065,9.76873529,168.06878792,-17.35569000,6.40970900,-5.48332000,21.05647300,3.24146080,-13.53727100,-0.90557330,-35.75759000,22.86675800,5.61176730,12.40732000,14.39083200,35.58636000,-2.61015100,12.59352500,43.50638200,28.86835700,-7.38065150,49.04640600,-1.82571430,-2.78082200,13.13224700,-152.64354000,-45.57084300,63.14612600,53.88399500,48.72714200,-17.75807800,-12.46449300
704,-13.37508011,-7.05947590,79.35099118,3.68463335,9.34133081,168.80962311,-16.25388100,6.56137750,-5.53709170,19.45666500,4.09571700,-13.60680600,-1.70655110,-35.41050300,24.90488200,5.49481960,13.83923300,14.10494400,35.27217000,-3.43561550,11.73473700,43.79914000,29.31830200,-7.13375400,48.99044800,-1.38655660,-2.60901760,12.56018450,-152.89922000,-45.38715700,62.27682000,52.30356000,48.12918500,-18.01455000,-12.19565600
705,-13.38593483,-6.76353550,79.54261679,3.58299144,8.84589521,169.49404348,-14.90932750,6.78842350,-5.62499570,17.49452000,5.17731670,-13.82545100,-2.64220700,-34.89426400,27.14090700,5.39897350,15.42478700,13.72265900,34.98017500,-4.15436650,10.89643700,43.86467000,29.77571000,-7.32258400,48.94077700,-0.78382240,-2.29549530,12.19847700,-153.01086000,-45.17316000,61.42246600,50.69351000,47.71768000,-18.35857400,-12.03069800
706,-13.33419704,-6.54605198,79.69276818,3.53268245,8.33113040,169.82088643,-13.74511300,6.98828900,-5.62928100,15.82718200,6.23021300,-14.05323000,-3.54717780,-34.36201500,29.45416800,5.29926160,16.97234000,13.63597200,34.85165800,-4.93872360,9.95344800,44.07217400,30.01930000,-7.74587300,49.28167000,-0.58599820,-2.45059870,11.55272800,-153.15106000,-44.95704300,61.20866000,49.42492000,46.77784000,-18.49242400,-11.76369100
707,-13.24280930,-6.38969040,79.86590565,3.24790982,7.82902858,170.06406102,-12.78302600,7.31905600,-5.70620730,14.46930800,7.07207000,-14.27590700,-4.04293540,-33.83701700,30.36122100,5.21857900,17.89337300,13.65518700,34.76558300,-5.62103750,9.13841000,44.17704800,30.22292700,-8.17268100,49.25250600,-0.56711894,-2.50643540,11.38723850,-153.22070000,-44.67443000,60.48987000,47.65098600,45.94866000,-18.73557300,-11.46557700
708,-13.12154102,-6.28442001,80.04144327,2.90559034,7.30426107,170.32457369,-11.77379900,7.68384460,-5.77880140,12.94972300,7.93995300,-14.45815400,-4.61400130,-33.21492400,31.45442000,5.14383900,18.90055000,13.65194500,34.60875000,-6.22988500,8.29364500,44.28969600,30.37150400,-8.55704000,49.13091300,-0.75408690,-2.73065230,11.49465750,-153.24324000,-44.34370400,59.76063500,45.88689800,45.00816300,-18.97954600,-11.24206800
709,-12.97527218,-6.22456408,80.20399290,2.56725880,6.71243666,170.61182066,-10.61540800,8.05219500,-5.81224540,11.10973300,8.92854900,-14.58024200,-5.38532700,-32.41247000,33.25952000,5.07573900,20.25173800,13.59232300,34.36983000,-6.76765900,7.35131600,44.40323600,30.43581400,-8.97037400,49.13686400,-1.10501960,-3.20093180,11.67920500,-153.24652000,-43.98427600,59.26123000,44.39793400,44.00113000,-19.22123000,-11.07237800
710,-12.80212688,-6.20742273,80.35128435,2.13150531,5.90394678,170.72212271,-9.53053800,8.45904700,-5.84546700,9.60431500,9.77421000,-14.61883100,-5.76945500,-31.51715000,34.20755000,5.02131600,21.30138200,13.62778400,34.24001700,-7.29484460,6.45627100,44.47751200,30.40664900,-9.68845300,49.34421500,-1.36356680,-3.56064410,11.42756700,-153.23434000,-43.58225600,58.68768000,43.19675400,43.75478400,-19.72795300,-10.52200400
711,-12.62230396,-6.20768023,80.40953565,1.82144380,5.37983683,171.11094625,-8.61774350,8.78994750,-5.91766800,8.10822200,10.35241800,-14.64734000,-5.98868270,-30.91147400,34.82787000,4.96926400,21.98968000,13.72413800,34.04877500,-7.70934500,5.58629940,44.37561800,30.34029000,-10.08873600,49.05616400,-1.30763450,-3.72812840,11.29408800,-153.10773000,-43.15526200,58.21212000,41.60735000,43.07967800,-20.22041000,-9.78368400
712,-12.43866062,-6.22045660,80.48042173,1.59543203,4.77070528,171.30259762,-7.71799040,9.07484100,-5.92959640,6.84185000,11.11732000,-14.79847500,-6.15328030,-30.35950700,35.30190700,4.94623200,22.62476700,13.74719800,33.90063500,-8.10834100,4.82757430,44.15058000,30.22224000,-10.53578500,48.88982000,-1.33540400,-3.82801440,11.12040300,-152.98903000,-42.70766000,57.86104200,40.14297500,42.56281000,-20.62522000,-9.25913200
713,-12.25594330,-6.23929262,80.55147273,1.41049534,4.10104703,171.36078430,-7.09947300,9.30128400,-5.92211680,6.26605220,11.75197900,-15.00003300,-6.28790140,-29.81087900,35.73552000,4.93860400,23.25301400,13.73818300,33.76620500,-8.47033900,4.15002250,43.88944000,30.05786100,-11.05974900,48.85893200,-1.48898070,-3.95040000,10.87422850,-152.93095000,-42.24562500,57.62159700,38.83859600,42.22371000,-21.01040300,-8.79554000
714,-12.08435249,-6.25209570,80.57295627,1.17546583,3.61864429,171.68552649,-6.92666800,9.50040300,-5.95886470,6.21095100,11.87448100,-15.00003300,-6.37754200,-29.26863300,36.26262300,4.90741870,23.80899200,13.86022100,33.48834200,-8.70399400,3.44422530,43.85968800,29.88645000,-11.44890100,48.56403700,-1.63397900,-4.22707560,10.55456000,-152.96160000,-41.80499300,57.39522600,37.46499600,41.80135700,-21.58039900,-7.83440400
715,-11.92675400,-6.26242256,80.54708232,1.08264894,3.16338555,171.97283249,-6.69229270,9.63707100,-5.93473770,6.16840100,11.92103900,-15.00003300,-6.44254300,-28.84353600,36.69997000,4.91665740,24.27120800,13.83264300,33.35379800,-8.94657700,2.89810510,43.39405000,29.67449400,-12.02596950,48.80172000,-1.60609980,-4.42410560,10.63933900,-152.94850000,-41.38754000,57.18540200,36.54014000,41.80342000,-21.95744700,-7.10772560
716,-11.78195286,-6.25756741,80.59762443,0.82463373,2.83109613,171.99210104,-6.54221200,9.85800700,-5.93772170,6.12673470,12.05615400,-15.00003300,-6.45195200,-28.42436600,36.59422000,4.90302850,24.55436700,13.94639300,33.19881400,-9.05769350,2.36932660,43.16632000,29.47926500,-12.60963700,48.68669500,-1.43762020,-4.74427840,10.83697600,-152.82257000,-40.95370000,56.91202500,35.49217600,41.77208000,-22.35150000,-6.73844500
717,-11.64806557,-6.23984575,80.64590343,0.55616162,2.55024629,172.02327208,-6.44757130,10.06703800,-5.96935650,6.07223400,12.16142000,-15.00003300,-6.44639350,-28.04943000,36.41169000,4.89360100,24.76361800,14.07661000,33.02194000,-9.13224500,1.86102560,43.10574300,29.31424900,-13.04127400,48.32072000,-1.39590040,-5.25846800,11.07692100,-152.60637000,-40.49975200,56.66138000,34.50592400,41.54763800,-22.59571800,-6.56358430
718,-11.52188396,-6.21149254,80.60232084,0.44248263,2.23784902,172.36254978,-6.38000150,10.17596100,-6.03023400,6.03435900,12.07891900,-15.00003300,-6.46018100,-27.74243700,36.66967000,4.90743730,25.03223200,14.06364300,32.83438500,-9.26520100,1.37434470,43.03889500,29.16754000,-13.19911500,47.94496000,-1.73784570,-6.00031850,11.30713700,-152.33614000,-40.04920000,56.52792700,33.78883400,41.02850700,-22.52623000,-6.35730930
719,-11.40427971,-6.17105532,80.55931815,0.42388431,1.93637519,172.42424504,-6.19828200,10.25388700,-5.99669000,6.01130300,12.04358100,-15.00003300,-6.37675500,-27.56672900,36.76696800,4.90123650,25.19931800,14.10481100,32.57224700,-9.38923500,0.93448690,42.76738000,29.01617600,-13.65763100,48.03133800,-1.80607970,-6.29283200,11.40523200,-152.21030000,-39.63452500,56.47110700,32.95065300,40.87528200,-23.01328300,-5.45080000
720,-11.29269028,-6.12185431,80.55293695,0.36946512,1.71288275,172.43129254,-6.06784000,10.34998600,-5.95137450,5.99956560,12.10866900,-15.00003300,-6.42044830,-27.38775300,36.81448400,4.88792900,25.42401900,14.16143200,32.47001000,-9.49475000,0.62459326,42.34911000,28.87850000,-14.04494500,48.32245000,-1.85818150,-6.33370540,11.28581300,-152.12236000,-39.23764800,56.16043500,32.25829700,40.84516000,-23.31487500,-4.87747000
721,-11.18443871,-6.06097984,80.54644261,0.30405790,1.51014579,172.43581205,-5.97877450,10.44208200,-5.95264600,5.97420300,12.18590600,-15.00003300,-6.41830730,-27.20023700,36.86841000,4.88703300,25.59141500,14.22907200,32.37346600,-9.60061200,0.33038342,42.03756700,28.73979600,-14.28663350,48.50982000,-1.92493140,-6.54518560,11.28328300,-151.97667000,-38.85267300,56.02774400,31.67652000,40.56569000,-23.39116700,-4.85615440
722,-11.07851982,-5.98984337,80.52012231,0.24040271,1.27649382,172.47171057,-5.91324700,10.52232700,-6.01215460,5.95422400,12.21259600,-15.00003300,-6.29055600,-27.00953300,36.93982700,4.89386100,25.67136000,14.30104900,32.23120000,-9.69842300,0.01583308,41.85531200,28.60669300,-14.42128800,48.53009800,-2.00548700,-7.02667100,11.50280400,-151.74486000,-38.46985200,56.18654600,31.17004800,40.01677000,-23.27859100,-5.28611470
723,-10.97829437,-5.92390203,80.48691120,0.17115957,0.90687932,172.56474914,-5.72165060,10.62997800,-6.00140400,5.95098900,12.21118700,-15.00003300,-6.16932900,-26.82961000,36.92723000,4.91765360,25.79476400,14.34435500,32.13609000,-9.74325900,-0.14886637,41.39092600,28.55334000,-14.66077100,48.76365000,-1.97008000,-7.02021270,11.47508800,-151.55545000,-38.08331700,55.74090200,30.61616100,40.18824400,-23.28137200,-4.95482830
724,-10.89063549,-5.85279036,80.43370083,0.29808855,0.70782684,172.59085550,-5.59629630,10.60289900,-5.96205000,5.93870200,12.30874000,-15.00003300,-6.09467000,-26.80795100,37.06276300,4.91719960,25.89361200,14.28286900,31.92529700,-9.82867400,-0.39578143,41.18644000,28.47895600,-14.93609400,48.78814700,-2.00291680,-7.34602700,11.75422800,-151.34088000,-37.73498500,55.75802600,30.05822600,39.81986600,-23.31004000,-4.70591640
725,-10.81523705,-5.78122139,80.37130525,0.39666246,0.54817466,172.59658266,-5.50197740,10.59002300,-5.95849560,5.92956450,12.29515650,-15.00003300,-5.93045760,-26.85551000,36.84182000,4.91414830,25.83366200,14.21126650,31.78373000,-9.86259300,-0.60244130,40.94308500,28.43670800,-15.19308400,48.73262000,-1.86143330,-7.50772140,11.88286500,-151.15242000,-37.39749000,55.48533200,29.50040400,39.52535200,-23.37842600,-4.64848300
726,-10.75366783,-5.71109056,80.31164991,0.44908344,0.39950765,172.59540642,-5.41948460,10.60235000,-5.99080700,5.92460600,12.21546400,-15.00003300,-5.71303370,-26.92484900,36.38163000,4.91212030,25.68348700,14.17095800,31.70414200,-9.86218000,-0.75390420,40.65132500,28.43117000,-15.37708400,48.68228500,-1.59795690,-7.46391440,11.86543100,-151.02704000,-37.07148700,54.98713000,29.04144300,39.47728700,-23.45975300,-4.72069800
727,-10.70929813,-5.64429760,80.27685736,0.54677113,0.27242758,172.58958425,-5.32168200,10.57777300,-6.01929600,5.91562560,12.30308600,-15.00003300,-5.61462260,-26.95783200,36.26315700,4.90818300,25.68606600,14.20097400,31.60567000,-9.89962100,-0.88864260,40.31579200,28.40154000,-15.49886600,48.91180400,-1.48221210,-7.42426350,12.02108300,-151.00980000,-36.82236000,54.95163700,28.86859500,39.74118000,-23.49469000,-4.72324300
728,-10.68597984,-5.58999872,80.26675911,0.45474561,0.22761868,172.60113763,-5.29418100,10.66598000,-6.06888300,5.91990380,12.15657600,-15.00003300,-5.41748950,-26.96414800,35.70127000,4.90938660,25.48904000,14.24912400,31.55905200,-9.90377100,-0.99658470,39.98623300,28.35564600,-15.55683200,49.09961300,-1.68800200,-7.27540100,11.79534800,-150.90470000,-36.65157000,54.52690500,28.57152700,39.79850000,-23.39375300,-4.50857930
729,-10.67263794,-5.54369593,80.22933517,0.40727863,0.10498626,172.72564760,-5.23219350,10.72158000,-6.11848900,5.92332300,11.98452000,-15.00003300,-5.19367800,-26.96932400,35.30113000,4.92227650,25.31828900,14.27918150,31.44016500,-9.89004800,-1.10406610,39.65080600,28.32346200,-15.74008700,49.21075000,-1.47226680,-7.08757640,11.70019500,-150.75967000,-36.44314000,54.12643400,28.42427800,39.96993300,-23.32340000,-4.35999700
730,-10.66808414,-5.50511742,80.18248622,0.40062354,-0.04275218,172.92417603,-5.17268940,10.74008200,-6.16255800,5.92508200,11.85146200,-15.00003300,-4.97208930,-26.97980500,35.06065800,4.94109600,25.17389700,14.27598400,31.32115200,-9.87900400,-1.21147320,39.34598000,28.34412400,-16.00090200,49.21473300,-1.12477300,-7.01746230,11.82873250,-150.60582000,-36.28929500,53.82293300,28.28654300,40.17719000,-23.32817300,-4.37618000
731,-10.67149353,-5.47432423,80.15246160,0.40510346,-0.14148169,173.13777309,-5.16379900,10.73406600,-6.19640700,5.92417050,11.80949200,-15.00003300,-4.77611300,-26.99887300,34.90383500,4.96021200,25.02991500,14.23154000,31.19924700,-9.87891700,-1.31364630,39.20148500,28.36636200,-16.14114200,49.04063000,-0.99754536,-7.21917060,12.22139400,-150.49716000,-36.21990200,53.57299400,28.00878100,40.28732000,-23.43616300,-4.63063140
732,-10.68095970,-5.45612860,80.14754228,0.37046114,-0.27263289,173.29882673,-5.09422300,10.76072000,-6.19790000,5.92312700,11.80895300,-15.00003300,-4.46978040,-27.03730800,34.46832000,4.97776900,24.78048700,14.29430800,31.18514600,-9.84792400,-1.37933340,39.04607400,28.36805700,-16.15167600,49.02019500,-1.05119280,-7.15124130,12.29400000,-150.43748000,-36.17863000,53.45567000,27.86416800,40.49272500,-23.41622200,-4.93282460
733,-10.69203758,-5.44438124,80.14976260,0.31165186,-0.34047894,173.40566225,-5.08484940,10.78894400,-6.21800400,5.91874400,11.78769900,-15.00003300,-4.31342170,-27.02450800,34.16048000,4.98659800,24.64304200,14.30713300,31.17508100,-9.83344500,-1.48304030,38.92004000,28.36653100,-16.15337600,49.06513000,-1.08577540,-7.35849400,12.57409600,-150.36734000,-36.16517300,53.38468600,27.74262800,40.59808000,-23.46086000,-5.12705400
734,-10.70239735,-5.43940830,80.14836329,0.26705074,-0.42755682,173.45079776,-5.04865600,10.81045000,-6.22539330,5.91420940,11.76310000,-15.00003300,-4.19698860,-26.99825000,33.97432700,4.99256000,24.56648000,14.31855200,31.10309200,-9.85227100,-1.58359740,38.82993700,28.35160000,-16.23769800,49.13322400,-1.13368800,-7.49875830,12.62446400,-150.26279000,-36.13052000,53.17832000,27.67142000,40.67734000,-23.46174000,-5.17706060
735,-10.71039772,-5.44137859,80.13966696,0.24298962,-0.57250318,173.47143373,-4.95250370,10.83145500,-6.21373100,5.91169300,11.74563200,-15.00003300,-4.06002400,-26.96780800,33.89145700,5.00235560,24.51693500,14.35245100,31.00002700,-9.88292300,-1.64704250,38.80175800,28.33224100,-16.42335900,49.11132400,-1.13476840,-7.39568040,12.25285800,-150.17125000,-36.10619400,52.97533800,27.67443800,40.84185000,-23.43638600,-5.17009740
736,-10.71504402,-5.44904947,80.13336513,0.18435880,-0.74165991,173.69844576,-4.86607400,10.87254100,-6.23029900,5.91148660,11.72753800,-15.00003300,-3.91547180,-26.90473200,33.86264800,5.01783700,24.49149900,14.39218800,30.86356700,-9.89824100,-1.71874480,38.64533600,28.32769600,-16.63464200,49.05148300,-0.98296857,-7.24070550,11.91313700,-150.09422000,-36.08817300,52.80892600,27.83352900,41.04080600,-23.51512300,-5.31573600
737,-10.71859264,-5.45389223,80.12926743,0.13191958,-0.75726759,173.91544710,-4.88335700,10.90217700,-6.25838000,5.90671830,11.66097200,-15.00003300,-3.87420230,-26.86612500,33.77610000,5.02245430,24.46900400,14.42627700,30.85813000,-9.90037250,-1.83847750,38.45734400,28.32680900,-16.62372800,49.13115700,-1.03726000,-7.17956730,11.99595700,-150.03778000,-36.08437000,52.79512000,27.84235200,40.98098800,-23.35894800,-5.42434000
738,-10.71834087,-5.45641279,80.14174472,0.02470746,-0.76708825,174.06299170,-4.91066170,10.96595800,-6.29740240,5.90809350,11.59238800,-15.00003300,-3.79164430,-26.81994400,33.53212000,5.02402800,24.38373600,14.45334700,30.92873000,-9.87771400,-1.91650060,38.25130000,28.31629600,-16.57132000,49.17362000,-1.04339060,-7.05376400,11.93239900,-150.02213000,-36.07706000,52.72295400,27.82081600,40.98435600,-23.29707700,-5.48608640
739,-10.71352959,-5.45525360,80.16682840,-0.11152116,-0.81008245,174.13523301,-4.91507630,11.04837100,-6.33585830,5.90845780,11.55934600,-15.00003300,-3.67117570,-26.75841900,33.24439600,5.02657200,24.27467500,14.46977900,30.98828000,-9.85036000,-1.96941150,38.13075300,28.30886700,-16.56176600,49.10653000,-0.99991560,-6.89135300,11.70473200,-150.01543000,-36.07711000,52.59781300,27.82400700,41.10138000,-23.34383600,-5.46294450
740,-10.70339584,-5.44685888,80.18575598,-0.18034105,-0.89440616,174.14492755,-4.87230870,11.09418700,-6.33735660,5.90311770,11.60999500,-15.00003300,-3.61075190,-26.67253900,33.27052300,5.02998800,24.28715500,14.46583750,30.84860600,-9.86787800,-2.02325750,38.22428500,28.29919600,-16.61995500,48.90191700,-1.02284380,-6.84256200,11.63682200,-149.96487000,-36.07989500,52.49614000,27.86701600,41.15521200,-23.28067600,-5.36958600
741,-10.68831635,-5.42550230,80.15889733,-0.10061421,-0.98055533,174.03251575,-4.77792400,11.06712800,-6.31575730,5.90002870,11.62405500,-15.00003300,-3.55531980,-26.71328200,33.26720000,5.02737500,24.28064300,14.41408300,30.74726000,-9.93542500,-2.09212500,38.33347300,28.26786200,-16.61483000,48.81218300,-1.00094660,-6.82473400,11.59977150,-149.83290000,-36.09248700,52.55295600,27.88930500,41.22373600,-23.39074500,-5.03500200
742,-10.67182159,-5.39421940,80.13548095,-0.01559824,-1.01705774,174.00127880,-4.72451640,11.03544400,-6.30308150,5.89590900,11.65567900,-15.00003300,-3.54079300,-26.76512500,33.27152000,5.02770300,24.28430600,14.34877200,30.71534500,-9.98421800,-2.11607000,38.28729200,28.24408000,-16.60336100,48.77785000,-0.99325866,-6.72411200,11.40956500,-149.79205000,-36.10414500,52.63407500,27.89807300,41.37684000,-23.43047100,-4.84837100
743,-10.65427303,-5.35354900,80.11857909,0.05334903,-1.03243376,174.05914067,-4.70367670,11.01187200,-6.30513530,5.89099500,11.71162700,-15.00003300,-3.53650100,-26.79883400,33.30929600,5.03346350,24.29658700,14.29162000,30.69999500,-10.01116600,-2.12668000,38.15713500,28.23746300,-16.59382000,48.74654800,-1.03606760,-6.64600300,11.25502000,-149.76335000,-36.11115600,52.66271000,27.91235500,41.46700300,-23.34405000,-4.92384500
744,-10.63579845,-5.30406904,80.10589629,0.10107466,-1.06818041,174.18354878,-4.68816000,11.00040100,-6.32036070,5.88376570,11.79184800,-15.00003300,-3.50108480,-26.79783800,33.40443800,5.04563300,24.31139200,14.26384700,30.66620600,-10.01760100,-2.13348530,38.03249000,28.25367200,-16.54102100,48.65515000,-1.10037710,-6.73137200,11.34356200,-149.71332000,-36.11337300,52.68754000,27.98606100,41.37315400,-23.14210500,-5.36569800
745,-10.61958790,-5.25052643,80.10183975,0.13960868,-1.03139613,174.19156491,-4.68811660,11.00224500,-6.30167440,5.88066430,11.82691700,-15.00003300,-3.49911050,-26.82851600,33.34250600,5.04726800,24.29023400,14.21047200,30.66986700,-10.01706300,-2.14138560,38.03280600,28.28461600,-16.42863800,48.50338700,-1.04551530,-6.90130000,11.50655100,-149.76717000,-36.11008000,52.72790000,27.99194500,41.46727800,-23.15937800,-5.23058700
746,-10.60376358,-5.19561338,80.07320663,0.22004288,-1.04200272,174.13613867,-4.63637100,10.98540100,-6.30438600,5.87556740,11.81315100,-15.00003300,-3.53438950,-26.85685000,33.41830000,5.04787600,24.34233000,14.16727200,30.65421500,-10.05305500,-2.14389370,38.01595700,28.31351300,-16.26299300,48.52277400,-1.03724720,-7.01925800,11.60319300,-149.82011000,-36.11065700,52.89557000,28.11635000,41.67243200,-23.35010700,-4.98123300
747,-10.58890533,-5.14284849,80.05022701,0.29579537,-1.06533783,174.09434112,-4.58964820,10.96820300,-6.29147050,5.87303300,11.83616300,-15.00003300,-3.56420020,-26.87167000,33.54664200,5.04448800,24.41041800,14.13033700,30.60452300,-10.07921800,-2.17669500,38.03815500,28.33676500,-16.15653000,48.49376000,-1.11661650,-7.28360300,11.77650400,-149.81853000,-36.11058800,53.07177400,28.25898400,41.80790700,-23.48976900,-4.81679770
748,-10.57569122,-5.09452391,80.04784415,0.34642204,-1.08220356,174.11076195,-4.56886770,10.95442400,-6.24038650,5.86239860,11.93549600,-15.00003300,-3.56600710,-26.88104200,33.65677600,5.03669450,24.45545000,14.10456600,30.53215600,-10.08279300,-2.23478750,38.13030600,28.37083200,-16.13696000,48.29364400,-1.26768220,-7.71735200,12.02162300,-149.76596000,-36.10344700,53.17595300,28.37546000,41.81857000,-23.47510000,-4.82229800
749,-10.56492519,-5.05394602,80.04810162,0.35500315,-1.08972789,174.18464995,-4.56846670,10.96615700,-6.20289040,5.86642550,11.97674000,-15.00003300,-3.56481620,-26.90335000,33.59421500,5.02812700,24.46437600,14.12264700,30.54492600,-10.07847600,-2.23585460,37.99781000,28.39416500,-16.13485300,48.34502400,-1.28471340,-7.72167000,11.84593500,-149.80182000,-36.09885800,53.11173000,28.48789200,42.05420300,-23.48505800,-4.72246550
750,-10.55617046,-5.02048969,80.05887742,0.29672874,-1.07188569,174.19779836,-4.59500900,11.01074000,-6.21738100,5.86552430,11.96063200,-15.00003300,-3.55112100,-26.86814000,33.47566200,5.02648700,24.44244600,14.13596250,30.50048400,-10.06961500,-2.27500200,37.97794000,28.40522000,-16.15780400,48.39353600,-1.39147970,-7.81934260,11.75199000,-149.88309000,-36.10131000,53.06606000,28.52540000,42.08791400,-23.57136300,-4.77366970
751,-10.54830837,-4.99414682,80.06795516,0.23097540,-1.09492330,174.19402519,-4.59979960,11.05576600,-6.23876400,5.86338760,11.94396800,-15.00003300,-3.51785470,-26.81927100,33.38833600,5.03006270,24.42045600,14.13415400,30.47134000,-10.05746400,-2.30582020,37.94651000,28.41960500,-16.20566000,48.43458000,-1.61996440,-7.93736400,11.66813600,-149.92899000,-36.11355000,52.98217000,28.61870400,42.13674500,-23.60813300,-4.87216660
752,-10.54156876,-4.97512102,80.06976335,0.19430621,-1.16982610,174.17729909,-4.56737140,11.08228300,-6.24554900,5.86064620,11.95629900,-15.00003300,-3.46540100,-26.78561400,33.34121700,5.03885650,24.40143800,14.11232600,30.45967500,-10.04065100,-2.30797800,37.93542500,28.42687600,-16.23661000,48.42209600,-1.85606000,-8.03828050,11.57825200,-149.94316000,-36.12402700,52.92390000,28.77538100,42.25733600,-23.63173500,-4.99603270
753,-10.53750896,-4.96352530,80.05802947,0.24458335,-1.27984628,174.12671121,-4.48988700,11.05625000,-6.21481800,5.85901260,12.02975300,-15.00003300,-3.39297720,-26.81907700,33.29050400,5.05153900,24.36743700,14.06428600,30.40472800,-10.05357300,-2.28439700,37.98000300,28.42970300,-16.26606800,48.41663000,-1.90798540,-8.09948100,11.52257000,-149.90489000,-36.13271300,52.90498700,28.89051000,42.37154400,-23.76547800,-5.06876600
754,-10.54356956,-4.95485544,80.05031112,0.31547773,-1.19936443,174.06474718,-4.53424740,11.00418600,-6.20166800,5.84999660,12.05711100,-15.00003300,-3.45726320,-26.87377000,33.27779400,5.03432940,24.38717700,14.02720100,30.42712600,-10.09821600,-2.34680870,37.95241000,28.42213400,-16.26612700,48.59445000,-2.00596710,-8.08076400,11.47871700,-149.92178000,-36.18974300,52.98338000,28.70591000,42.30644600,-23.82866700,-5.08447070
755,-10.55473137,-4.95276880,80.01876898,0.43866862,-1.19467306,173.97274320,-4.52307460,10.92148300,-6.16305160,5.84401660,12.06854000,-15.00003300,-3.43274350,-26.98071300,33.23248300,5.02958150,24.33268500,13.95623500,30.41957500,-10.13217800,-2.35337450,38.01804000,28.41595000,-16.29085000,48.63212200,-2.03966740,-8.17001800,11.56039200,-149.91083000,-36.20725300,52.99811600,28.61475400,42.30170400,-24.00538000,-5.17219830
756,-10.57307625,-4.95748758,79.98987220,0.52796782,-1.24237232,173.88175231,-4.48588130,10.85719400,-6.12155340,5.84395460,12.05974200,-15.00003300,-3.35049410,-27.06893700,33.13837400,5.03626870,24.23651900,13.90365700,30.39258200,-10.14186300,-2.34622860,38.11816800,28.40410000,-16.36114300,48.65332000,-2.10134300,-8.33422800,11.64273700,-149.91725000,-36.23023200,52.99578500,28.60225700,42.34065600,-24.21250700,-5.28338800
757,-10.60137939,-4.96859121,80.00041706,0.47269313,-1.27700328,173.83276212,-4.48041200,10.87420900,-6.11068700,5.84318920,12.02952100,-15.00003300,-3.28077460,-27.04630900,32.98645800,5.04304900,24.16123000,13.93764100,30.35981800,-10.11905500,-2.40183660,38.04542000,28.33281300,-16.51794200,48.98994000,-2.32869890,-8.51365800,11.56320100,-149.97545000,-36.33888000,52.99571000,28.56801600,42.34057200,-24.29863700,-5.32200000
758,-10.64509201,-4.98941708,80.03235818,0.42931134,-1.23078947,173.76695058,-4.51232050,10.87138100,-6.09429650,5.83956500,12.06288900,-15.00003300,-3.31704500,-27.03213900,32.88255700,5.04425240,24.14174800,13.95461300,30.38649600,-10.10399800,-2.45610050,38.06704000,28.29079800,-16.56877700,49.21305000,-2.47945500,-8.61530600,11.54526300,-150.06581000,-36.38879000,52.87294800,28.41887700,42.21322000,-24.41852000,-5.53777650
759,-10.69793510,-5.01735306,80.05658994,0.37787487,-1.20858427,173.71463921,-4.53395300,10.86995700,-6.08931880,5.83756730,12.05311700,-15.00003300,-3.36527940,-26.98966600,32.89724300,5.04886400,24.15797400,13.95297800,30.33571600,-10.09676900,-2.53047510,38.08424400,28.18795200,-16.58063900,49.50208000,-2.63445160,-8.74555700,11.56443300,-150.08363000,-36.49984000,52.66469600,28.20977800,42.15040200,-24.55063200,-5.65131000
760,-10.75946522,-5.05175066,80.07493647,0.34551122,-1.19655178,173.65156270,-4.53633900,10.85679000,-6.06892400,5.83734300,12.02811500,-15.00003300,-3.39306930,-26.98640600,32.83975600,5.05016570,24.13955700,13.93964700,30.30262200,-10.09717300,-2.59968610,38.14092600,28.10707500,-16.60212100,49.75307500,-2.76322910,-8.82997100,11.52929600,-150.12991000,-36.58447000,52.51728400,28.07935300,42.17192500,-24.66235500,-5.73058370
761,-10.82891273,-5.09192038,80.09052791,0.33913647,-1.18679126,173.57101940,-4.51750300,10.82862200,-6.02509800,5.83784340,12.00521100,-15.00003300,-3.38992860,-27.04547300,32.63331000,5.04455470,24.06264100,13.91930700,30.26945000,-10.11489100,-2.66332200,38.19683500,28.01028000,-16.64852300,50.03001800,-2.83053040,-8.85419600,11.45156600,-150.15697000,-36.68213000,52.35730400,27.93417000,42.23720000,-24.72006800,-5.79174230
762,-10.90645409,-5.13666153,80.11426026,0.29266706,-1.17776118,173.52738059,-4.51286550,10.81722450,-6.01321940,5.83503150,11.97389400,-15.00003300,-3.44258790,-27.03332000,32.60159700,5.04614000,24.06534600,13.89281600,30.22235700,-10.11838200,-2.73759130,38.26630400,27.93537300,-16.74463500,50.26883700,-2.86164620,-8.93237000,11.39056700,-150.19833000,-36.76308000,52.17268400,27.78625300,42.07907000,-24.93617600,-5.85430570
763,-10.98900604,-5.18219757,80.14860466,0.23729964,-1.14828759,173.47525034,-4.52729230,10.80419500,-5.99223230,5.83661500,11.96712900,-15.00003300,-3.47051930,-27.05340800,32.42278300,5.04770400,24.00249300,13.86036600,30.18180500,-10.12371000,-2.79352620,38.26204300,27.80671000,-16.83914400,50.65152400,-2.86017350,-9.00441550,11.34379400,-150.19882000,-36.89527000,51.85262300,27.49416200,41.86594000,-25.13774500,-6.01793430
764,-11.07458878,-5.22514296,80.18214096,0.18999991,-1.09220783,173.38798147,-4.55072640,10.78673600,-5.97653960,5.83928870,11.94803400,-15.00003300,-3.51254440,-27.08443300,32.23266200,5.04489140,23.93616000,13.83495200,30.17702100,-10.13594600,-2.85003830,38.27746000,27.69444800,-16.89098700,51.02170600,-2.92805810,-9.04658900,11.27652300,-150.21252000,-37.00241500,51.54226000,27.18361700,41.70488000,-25.31168000,-6.18221660
765,-11.16184521,-5.26457024,80.20612202,0.17366958,-1.03202288,173.25104501,-4.56165200,10.74639000,-5.96906400,5.83780800,11.90932300,-15.00003300,-3.54029510,-27.15388700,32.01838000,5.03343440,23.85235600,13.82663000,30.16425500,-10.17303850,-2.92023180,38.33155400,27.56398600,-16.85030400,51.40140500,-3.12324640,-9.08205100,11.20718300,-150.19510000,-37.11109500,51.29793500,26.86704300,41.54337000,-25.39691500,-6.39697550
766,-11.24802780,-5.29595804,80.21071459,0.19440111,-1.02894225,173.03085515,-4.52132370,10.68961100,-5.98002300,5.83906200,11.84873800,-15.00003300,-3.46076080,-27.28911200,31.63227500,5.02128650,23.66072300,13.83513100,30.08834500,-10.22427300,-3.01922180,38.51920300,27.34186000,-16.59404400,51.76554000,-3.50353150,-9.16335300,11.15199200,-150.14696000,-37.26254000,51.37593500,26.68676800,41.18825000,-25.30844300,-6.92718940
767,-11.33441448,-5.31962633,80.23199059,0.16027070,-0.99868179,172.95948521,-4.52063940,10.67058400,-5.96570000,5.84305000,11.80243000,-14.98364200,-3.47552800,-27.33260700,31.48105800,5.01625060,23.59836600,13.84806250,30.04205500,-10.22625200,-3.07913200,38.55473300,27.20076000,-16.47084800,52.12364000,-3.63297370,-9.14235500,11.07712700,-150.13298000,-37.35194800,51.20960600,26.47243300,41.04594000,-25.31217600,-7.15586140
768,-11.41994572,-5.33532524,80.24630709,0.10399858,-0.95061567,172.93646392,-4.55441600,10.65223300,-5.95536380,5.85193000,11.71430800,-14.82895300,-3.45017460,-27.37859000,31.25656700,5.01100600,23.48473700,13.86258400,29.98029700,-10.22669500,-3.12007070,38.54200700,27.07743600,-16.35809000,52.50382200,-3.73713140,-9.08829400,10.97412000,-150.17297000,-37.43097000,51.00469600,26.25261900,40.71912000,-25.28875400,-7.62942500
769,-11.50356770,-5.34219360,80.25142703,0.08105918,-0.90270409,172.89264293,-4.58022830,10.61916800,-5.93515540,5.85825600,11.63137400,-14.68191900,-3.42893890,-27.43305600,31.08298100,5.01302240,23.37715300,13.86979900,29.92967200,-10.22832000,-3.14915370,38.53927000,26.99868200,-16.32609000,52.84917000,-3.84194610,-9.09587200,10.95247000,-150.22510000,-37.48081000,50.86471600,26.05842800,40.40435400,-25.30306800,-8.13370400
770,-11.58422375,-5.34048176,80.24546482,0.15846949,-0.87748757,172.75519645,-4.54603150,10.55117500,-5.86719500,5.85959960,11.61858750,-14.65321300,-3.47540880,-27.49986000,31.15679700,5.00865600,23.38820000,13.86212400,29.87332300,-10.24290000,-3.16434200,38.65326300,26.97131200,-16.37806500,53.05404000,-3.90599300,-9.27430800,11.13509750,-150.22035000,-37.49397300,50.81923300,25.88552700,40.41046500,-25.45482300,-8.31088800
771,-11.66090393,-5.33176184,80.21531694,0.29612940,-0.85375672,172.60735964,-4.49077460,10.45296800,-5.81525330,5.86330370,11.56777400,-14.61194800,-3.49593350,-27.65199500,31.07301500,5.00620460,23.32712600,13.81829800,29.89217800,-10.32216600,-3.09868530,38.59061400,26.93507000,-16.55654000,53.46229600,-3.93810680,-9.17341500,10.93309100,-150.20892000,-37.50784700,50.60381000,25.66773200,40.42848200,-25.65925000,-8.49184100
772,-11.73617458,-5.32075548,80.21117203,0.36996667,-0.77596945,172.46707553,-4.49958500,10.37901700,-5.77245200,5.86594150,11.55570100,-14.52169300,-3.55768940,-27.75617800,30.99942600,4.99431700,23.29605700,13.79903900,29.95590400,-10.34200100,-3.12480760,38.59510400,26.92424000,-16.57703400,53.63242700,-4.03232770,-9.27329350,11.05516400,-150.23416000,-37.51078000,50.54598000,25.45652600,40.23198300,-25.69121600,-8.63987800
773,-11.80928135,-5.31001091,80.20241534,0.43606990,-0.68463492,172.32353696,-4.53525070,10.29577000,-5.74191300,5.87214040,11.51790500,-14.36558800,-3.59968070,-27.87695300,30.87048300,4.98120930,23.22173700,13.77017500,29.94947200,-10.37207900,-3.19241290,38.63023000,26.87633000,-16.50610000,53.82221600,-4.18896680,-9.41800600,11.21892600,-150.23130000,-37.52519200,50.46905000,25.24496300,39.90785600,-25.67302300,-8.77177200
774,-11.87967491,-5.30201054,80.17508006,0.51951323,-0.62398045,172.17592528,-4.55740740,10.19419700,-5.72486640,5.88725200,11.42820400,-14.15481100,-3.57830360,-28.03366700,30.67573700,4.97337500,23.07817800,13.71426600,29.86904300,-10.40521300,-3.20362470,38.71002000,26.75988000,-16.34424000,54.03270700,-4.26634650,-9.39545000,11.18752900,-150.34329000,-37.57348300,50.47929800,25.17029000,39.77605400,-25.77144800,-8.80919400
775,-11.94786167,-5.30105829,80.17599529,0.55746698,-0.63513773,172.07208823,-4.53363300,10.13124300,-5.69631900,5.89768000,11.44258200,-14.03458600,-3.58048130,-28.09054600,30.68283300,4.97893800,23.04380800,13.68419700,29.84348900,-10.38853400,-3.13084500,38.66587000,26.71127500,-16.43807200,54.29945000,-4.21258200,-9.13148400,10.96528800,-150.50424000,-37.60399000,50.36845400,25.19335600,39.93858300,-25.76498200,-8.76968000
776,-12.01677990,-5.30413151,80.18189773,0.58401033,-0.59142529,171.99797387,-4.55703830,10.06528500,-5.67999000,5.90998900,11.44915800,-13.88179600,-3.56960250,-28.19886600,30.51478800,4.96861170,22.94051700,13.66986900,29.80694800,-10.38574800,-3.10354000,38.55198300,26.57293100,-16.31771300,54.65009000,-4.28394400,-9.00036000,10.74131000,-150.72289000,-37.73214300,50.47278200,25.23648000,39.77394500,-25.66043300,-8.68782800
777,-12.08647060,-5.31049824,80.17172294,0.63651843,-0.51239178,171.89835865,-4.58426760,9.99580500,-5.66289950,5.92504800,11.37734900,-13.76777300,-3.54739300,-28.33701100,30.31688500,4.95402670,22.80613100,13.67577400,29.83526200,-10.38911100,-3.05684350,38.46537400,26.44799600,-16.07726000,54.89108700,-4.31034950,-8.79181800,10.49072500,-150.93167000,-37.89111300,50.56995000,25.29867600,39.91881600,-25.62304500,-8.36754200
778,-12.15704155,-5.32033634,80.14366328,0.72660407,-0.39049333,171.78034805,-4.62188300,9.91282750,-5.63545230,5.93922200,11.23612900,-13.68525700,-3.54179380,-28.48639500,30.18576000,4.93390000,22.68744000,13.69015000,29.91687200,-10.39711700,-2.99820470,38.30203200,26.34800100,-15.88372700,55.17864600,-4.26214600,-8.55196600,10.31866500,-151.08987000,-38.04908000,50.59123600,25.36736500,40.30996300,-25.65995200,-7.91218900
779,-12.22894764,-5.33500719,80.11208591,0.85115031,-0.18273343,171.71356415,-4.73474200,9.79117800,-5.58083960,5.94463000,11.11557700,-13.54741300,-3.64258720,-28.60815600,30.27214400,4.90486700,22.67967400,13.67494700,29.90414800,-10.43576100,-2.94656590,38.03116600,26.22973000,-15.88095950,55.68602800,-4.07909900,-8.55196500,10.52111000,-151.27446000,-38.23377200,50.63292000,25.44686100,40.25633000,-25.72784200,-7.85558560
780,-12.29633713,-5.35643435,80.07693768,0.98779913,-0.06902269,171.51661460,-4.76832500,9.66270350,-5.54949300,5.95414000,11.02586300,-13.38528800,-3.52313020,-28.81848000,29.94288300,4.89403060,22.40362500,13.61191600,29.96887800,-10.41248200,-2.76580450,37.70420500,26.04932400,-15.86497100,56.16593000,-4.03895470,-8.33884200,10.45340600,-151.40677000,-38.48944000,50.61506300,25.71536400,40.55039200,-25.81434200,-8.05446600
781,-12.35944653,-5.38471222,80.06147850,1.01457864,-0.01683329,171.37712985,-4.83233800,9.56965900,-5.52449130,5.97733000,10.94066500,-13.09938400,-3.44452640,-28.92544700,29.73164700,4.88456250,22.23546200,13.61706400,29.97786300,-10.33179500,-2.51773640,37.28221500,25.86419500,-16.01170200,56.62567000,-4.25053550,-8.31742500,10.31171500,-151.46605000,-38.79673000,50.29112000,26.11963000,40.76281700,-25.92421500,-8.20347200
782,-12.41798210,-5.42038774,80.05878005,0.99016411,0.04578618,171.29800554,-4.93440340,9.49178200,-5.50988000,5.99786570,10.86711700,-12.75746700,-3.43560150,-28.97597900,29.59877800,4.88434700,22.13859600,13.64304700,29.95155500,-10.23352100,-2.22775480,36.73716000,25.68797900,-16.28416600,57.09136200,-4.50458800,-8.34314600,10.18335400,-151.46411000,-39.15814200,49.81033700,26.58399800,40.82146500,-25.93328000,-8.58420100
783,-12.47184849,-5.46343422,80.05619255,1.01328450,0.21004955,171.24981392,-5.07233900,9.39647200,-5.51572230,6.01282400,10.80909800,-12.47231100,-3.47205570,-29.07062500,29.38817400,4.88110350,22.01187000,13.60436250,29.93885800,-10.16119300,-1.92482500,36.04624000,25.52411000,-16.59612800,57.59679800,-4.49530650,-8.15268000,10.15294100,-151.43362000,-39.54314000,49.42678000,27.04011300,40.70621500,-25.67918200,-9.61357400
784,-12.51433945,-5.51569748,80.03325416,1.17390004,0.42654334,170.88846804,-5.17390400,9.25705900,-5.40788100,6.02357770,10.75665000,-12.38686800,-3.35993700,-29.32517600,28.84839800,4.85063700,21.66507700,13.66885200,29.94139700,-10.15692000,-1.57680600,35.50263600,25.24976000,-16.56689300,58.09632000,-4.52337600,-7.93818500,10.00976800,-151.49770000,-39.98509600,49.54572000,27.63168300,40.60414500,-25.54683000,-9.76549500
785,-12.54870415,-5.59079218,80.00343680,1.31364746,0.53306381,170.54180813,-5.20343400,9.13312800,-5.34927900,6.03733160,10.69210100,-12.28789400,-3.48401000,-29.41548200,28.91847600,4.86113000,21.66711800,13.56643200,29.93030400,-10.06776600,-1.11467400,34.55209000,24.97018800,-17.10605000,58.84981500,-4.35660600,-7.56883430,9.86367400,-151.52908000,-40.48861000,49.30454000,28.35182800,40.86353700,-25.61963800,-9.84353200
786,-12.57564259,-5.68504238,79.97999096,1.38779431,0.58336558,170.32652422,-5.24032900,9.03091900,-5.31773330,6.06392150,10.60620300,-12.13567400,-3.54126300,-29.48043000,28.88415500,4.88560960,21.61023000,13.46075000,29.94161400,-9.93554300,-0.51182760,33.33342700,24.74057800,-17.75725200,59.50327300,-4.20474530,-7.21186400,9.71547800,-151.44415000,-41.04009600,48.84596600,29.30711700,41.21328400,-25.58014100,-10.15856000
787,-12.59631920,-5.79654932,79.97165427,1.38417568,0.64067866,170.28478181,-5.33962630,8.94947800,-5.29738040,6.10220530,10.50331000,-11.92506400,-3.37735630,-29.60344100,28.35325800,4.90235900,21.27507800,13.44420500,29.96118700,-9.79052800,0.22780363,31.95593600,24.58453000,-18.22386400,59.86432300,-4.20329800,-6.97579100,9.56315600,-151.21960000,-41.61724000,48.31539000,30.58350200,41.47584500,-25.25803800,-10.89522800
788,-12.61517811,-5.93712187,79.97511851,1.45236761,0.89140852,170.10840767,-5.49480250,8.84483100,-5.28850940,6.11626900,10.45042700,-11.83104800,-3.53187320,-29.64668500,28.30510000,4.90915400,21.24542200,13.31186200,29.87856100,-9.63767300,0.95785830,30.28275000,24.44129200,-19.00981000,60.52158700,-4.33651200,-6.76719400,9.35027800,-151.14975000,-42.27372000,48.27783000,32.34219400,41.83606700,-25.11263300,-11.81333800
789,-12.63186455,-6.09879160,80.01318407,1.37918175,1.18650886,169.81504617,-5.70922140,8.82747000,-5.19276500,6.13943600,10.31454700,-11.81471100,-3.43302560,-29.70051200,27.58557100,4.91132000,20.85107400,13.38284300,29.90452000,-9.46189900,1.83823370,28.48470900,24.35222600,-19.50195900,61.03985200,-4.35339640,-6.63961650,9.36500100,-150.91818000,-42.91535000,48.01649000,34.09250600,42.60355000,-24.84999000,-12.11612200
790,-12.64995956,-6.28296518,80.09806055,1.17469441,1.44113985,169.65671245,-5.93825770,8.87364700,-5.11583330,6.16559000,10.25225800,-11.80376500,-3.43392040,-29.61093700,27.02602200,4.93107800,20.61102500,13.45083100,29.99835600,-9.29989200,2.85065200,26.63680600,24.40025300,-19.84548800,61.28954000,-4.24351070,-6.41925000,9.50592300,-150.54753000,-43.48542800,47.61901000,36.02839300,43.33597600,-24.33437000,-12.31986500
791,-12.67254353,-6.48685789,80.21573628,0.87551006,1.65441060,169.57588312,-6.16581900,8.95982100,-5.08383850,6.19819070,10.24626700,-11.76055050,-3.59812800,-29.38172000,26.76724400,4.96962170,20.59753400,13.45389100,30.14484800,-9.14067650,3.95823530,24.82069400,24.59537000,-20.22901500,61.34513500,-4.08312850,-6.10872550,9.66232900,-150.15498000,-43.98982000,47.29301000,38.21020000,43.99667700,-23.73487300,-12.52366900
792,-12.70443535,-6.70031595,80.31263758,0.58003275,1.90815661,169.13282554,-6.39322470,9.03709800,-5.06478070,6.25888630,10.08172300,-11.64528000,-3.76323340,-29.17712200,26.38370500,5.01672500,20.49080700,13.41214100,30.19192100,-8.94342000,5.08986430,23.28131000,24.75697300,-20.88161500,61.55964000,-4.04135370,-5.91256500,9.65205500,-150.03820000,-44.57269300,47.36088600,40.51562000,44.92818500,-23.69183500,-12.48233100
793,-12.75492573,-6.91090298,80.41788245,0.27461236,2.16806366,168.75621304,-6.56935400,9.15585600,-5.04909600,6.29038900,9.91641400,-11.69534400,-3.84086180,-28.99360500,25.65019800,5.04768320,20.27708600,13.47550100,30.32601200,-8.68438100,6.23419000,21.68626800,24.94305800,-21.52548600,61.91493200,-4.19697240,-5.79706050,10.05713750,-149.70306000,-45.14423000,47.25576000,42.60434300,45.68521500,-23.14409600,-12.85682200
794,-12.82626343,-7.11166191,80.49362065,0.08618015,2.42480370,168.38413118,-6.72976900,9.19598500,-5.00954300,6.32843400,9.76841600,-11.71186400,-3.86771060,-28.90936500,24.90791000,5.07947640,20.00578700,13.52423500,30.47427000,-8.43850900,7.41013050,20.06868400,25.20360800,-22.08620000,62.25790800,-4.29415370,-5.46606830,10.03998000,-149.24414000,-45.65998500,47.29947700,44.54474300,46.66848800,-22.57453200,-13.07259900
795,-12.92427635,-7.30003929,80.54461691,-0.03148721,2.75946664,167.91796431,-7.15043350,9.16589450,-4.98201940,6.86335700,9.36876900,-11.70493000,-4.00081060,-28.86832200,24.25303800,5.10981040,19.79257000,13.54731750,30.59462500,-8.17538100,8.58234500,18.48522800,25.52126300,-22.67328300,62.61644000,-4.38728300,-5.14492200,9.87142500,-148.76396000,-46.12053000,47.45033600,46.38772600,47.66449000,-22.07181700,-13.30252200
796,-13.05553913,-7.47378683,80.63245338,-0.17418813,3.28295086,167.23070744,-7.46631900,9.17637900,-4.90741700,7.01698060,9.15733700,-11.73651100,-4.45299400,-28.77621500,23.75552000,5.13104250,19.79070500,13.55098100,30.60684000,-7.85157540,9.70883750,17.00696800,25.82007600,-23.40959400,63.08069000,-4.58229880,-5.21898840,10.12227300,-148.37042000,-46.57115600,47.53256200,48.15042500,48.31300700,-21.67113300,-13.88599800
797,-13.23084831,-7.62972736,80.72872373,-0.25928645,3.76325813,166.54489959,-7.84004830,9.12779000,-4.82977250,7.36776920,9.02790450,-11.73849400,-4.58084730,-28.68255400,23.39892000,5.16800070,19.61361000,13.52171800,30.64267200,-7.56457100,10.92668300,15.33305000,26.08552200,-23.96190600,63.82072400,-5.28897240,-4.95976540,10.11774100,-147.70601000,-46.92614000,47.72804300,49.71801000,49.73739000,-21.17846900,-14.11635200
798,-13.43642807,-7.77582598,80.78928918,-0.36998168,4.37105107,165.86148761,-8.29280000,9.08693200,-4.75910470,7.75472070,8.60942300,-11.70108600,-4.74140070,-28.72848500,22.58514000,5.19409500,19.21784600,13.62606200,30.66427200,-7.26854700,12.11380900,13.88785300,26.34006000,-24.32525400,64.19208000,-5.72808460,-4.91667270,10.31615600,-146.93164000,-47.20490300,47.79737500,50.98199500,50.47397600,-20.88832500,-14.26172900
799,-13.66783047,-7.92020798,80.85182953,-0.48761283,5.08602498,165.11202625,-8.84456800,9.03578200,-4.69434170,8.25093900,8.11847000,-11.66332500,-4.99900530,-28.85498600,21.59185200,5.21968000,18.72627000,13.73935900,30.64368200,-6.93881230,13.36196000,12.46537600,26.60445200,-24.79646500,64.45195000,-6.05062100,-4.99195500,10.57083100,-146.06142000,-47.41362400,47.79959000,52.23846000,51.04734400,-20.58542800,-14.44773300
800,-13.91947079,-8.07043266,80.93800265,-0.59974952,5.86095953,164.26177599,-9.50398900,8.95853400,-4.62821440,8.91819700,7.70302530,-11.63462800,-5.37447830,-29.01967600,20.60987900,5.25103400,18.22088400,13.77799900,30.61371800,-6.56945800,14.72095600,10.89948800,26.88559200,-25.58616300,64.81585000,-6.43470530,-5.12625200,10.75990200,-145.08186000,-47.54254000,47.83003000,53.69475600,51.85793700,-20.11824200,-14.74311600
801,-14.17755222,-8.23964977,80.98960766,-0.70289367,6.45474596,163.43493919,-10.27423700,8.82197600,-4.50874470,9.91443300,7.15138630,-11.43643200,-5.67198370,-29.26694500,19.38974400,5.26619900,17.58768300,13.83921800,30.78729800,-6.37694500,16.04712100,9.43859100,27.21203600,-26.11475000,65.18727000,-7.27235560,-5.50990300,10.82104600,-143.62146000,-47.52039000,47.80565000,55.08043000,52.76294000,-19.55535000,-14.86427700
802,-14.43358231,-8.43340302,81.10295405,-0.98846669,7.34015433,162.47810690,-11.04651500,8.80607700,-4.43175700,10.51848000,6.75865700,-11.20369700,-6.27801300,-29.35937000,18.30374500,5.27487470,17.17678800,14.10565800,30.94283500,-6.07430100,17.26861400,8.01627800,27.64792000,-26.55736400,65.43425000,-7.57455540,-6.15419300,10.91753600,-141.87209000,-47.33351000,47.51136000,56.09932700,53.44809700,-19.17070600,-15.03125700
803,-14.67448425,-8.65947723,81.24120666,-1.31514337,8.08774980,161.42627054,-11.76150600,8.82838200,-4.33426140,11.20223200,6.47092630,-11.10009300,-6.92971700,-29.36292000,17.37423500,5.29676300,16.90173500,14.30376000,30.94392000,-5.77961700,18.44395300,6.61440370,28.22714800,-27.09356100,65.63824000,-7.77932300,-6.99646040,11.12643600,-140.01382000,-47.00796500,47.05466500,57.06706000,53.94218000,-18.86522500,-15.01628100
804,-14.89296246,-8.92183208,81.37259027,-1.57038179,8.59893247,160.23781147,-12.41559100,8.81026400,-4.18692800,12.09081600,6.26000600,-11.10588200,-7.49061780,-29.38020100,16.47506900,5.32574460,16.60031100,14.36511500,30.82162300,-5.57381250,19.59331100,5.23004440,28.96106500,-27.87763000,65.93645000,-7.94839570,-7.76582900,11.21192600,-138.10632000,-46.57298700,46.49732200,58.08450000,54.31118000,-18.54273800,-14.93078600
805,-15.07736778,-9.21636105,81.44306517,-1.65498361,9.02846983,158.73249704,-13.13174700,8.66664900,-4.02434640,13.21763300,5.99545200,-10.99630800,-7.80486870,-29.57877200,15.10057500,5.35159000,15.83278900,14.34294200,30.77559900,-5.50163300,20.66466500,3.91977360,29.84409000,-29.14000000,66.68603000,-7.76740000,-7.65647400,10.33267300,-136.06410000,-46.04461300,45.83014300,59.08634600,54.70448700,-18.02247400,-15.41177300
806,-15.23590565,-9.55357742,81.59902430,-2.23536175,9.57319546,157.55139934,-13.83873750,8.79061200,-4.00627200,13.89361200,5.70309200,-10.64298250,-8.35225500,-29.34041800,13.87994200,5.38852700,15.39108300,14.35951000,30.61162600,-5.25405700,21.86239000,2.61703700,30.76235000,-29.98655700,67.05651000,-8.26229600,-7.79245230,9.69983600,-134.02794000,-45.44912000,44.77990300,59.81282400,54.63979000,-17.68367200,-15.78702000
807,-15.36654282,-9.90627956,81.69936353,-2.70025182,10.03444061,156.39200631,-14.61102600,8.85656400,-3.99968810,14.83413500,5.28222700,-10.38513400,-8.82676000,-29.12496000,12.85645200,5.42387700,15.04568700,14.50059500,30.45221900,-5.04345400,23.11422700,1.01439830,31.69369900,-30.81195400,67.62112000,-8.96019800,-7.82892600,8.75995100,-132.01212000,-44.78639600,43.58461000,60.51790200,54.33733400,-17.30097000,-15.52738600
808,-15.46965504,-10.26721382,81.76058575,-3.01028648,10.44017429,155.22132052,-15.31668900,8.86516700,-3.94642540,15.75589000,4.90254000,-10.25496100,-9.24264100,-28.96776000,11.98054000,5.45995100,14.76153850,14.74827000,30.34291600,-4.87186570,24.36146200,-0.53386563,32.59373500,-31.61363400,67.87034600,-9.74079500,-8.12104700,8.08448900,-130.06812000,-44.05296000,42.48631300,61.07839000,53.89738500,-16.87210000,-14.90241100
809,-15.54721928,-10.62998295,81.83894435,-3.23697267,10.87112240,154.05232667,-15.76750300,8.86860500,-3.79068260,16.12478000,4.80928560,-10.22306700,-9.67930600,-28.83715600,11.14753800,5.48550800,14.54261800,15.00003300,30.27759600,-4.71680800,25.53686300,-1.36911300,33.43076300,-32.19785300,66.89922000,-10.49896600,-9.28870600,8.63931900,-128.25386000,-43.22546400,41.74130200,61.24304600,53.41559200,-16.43649100,-14.44849300
810,-15.59783936,-11.00106430,81.92079715,-3.66400063,11.23405718,152.57973631,-16.44674300,8.94331400,-3.85021380,16.99843000,4.52042250,-9.95143100,-10.27016700,-28.54791300,10.47181400,5.53024960,14.46183400,15.00003300,30.11764000,-4.67738400,26.69741000,-3.06228110,34.22868700,-32.71254700,67.01500000,-10.95417500,-9.34033800,8.15796850,-126.08915000,-42.25053800,40.82364000,60.90690000,52.21158000,-15.86447400,-14.17847100
811,-15.62011242,-11.36145782,81.97320816,-4.04223216,11.65270161,151.29226201,-17.14002400,9.00515400,-3.84029300,17.74278500,4.22374060,-9.60931200,-10.69164900,-28.30681000,9.71543200,5.59000730,14.19703200,15.00003300,29.91850000,-4.63409570,27.82993700,-4.39159630,34.90082000,-33.15521000,66.68207600,-11.42434400,-9.69436900,8.10350800,-124.05248000,-41.14429000,39.93649700,60.39372000,51.27868000,-15.45599500,-14.07996300
812,-15.61201382,-11.71788788,81.98471670,-4.29019146,12.09863874,150.14929620,-17.77527600,9.01299800,-3.78278300,18.33029200,3.90242960,-9.34607600,-11.05081800,-28.16308400,9.00769100,5.64607000,13.86330200,15.00003300,29.71925500,-4.57035700,28.96534200,-5.27657100,35.39801800,-33.47093600,65.70087000,-11.97612400,-10.24880000,8.35823400,-122.07692000,-39.93222800,39.04049700,60.09819000,50.70780600,-15.05398400,-14.01209300
813,-15.57116222,-12.07597828,81.94828497,-4.40093516,12.59940837,149.09602272,-18.42681000,8.97287200,-3.73257880,18.84436000,3.52386760,-9.23390600,-11.47581400,-28.10036300,8.39997100,5.68643050,13.53829400,15.00003300,29.55893900,-4.50537600,29.79380200,-5.74720670,35.66099500,-33.80555000,64.24776500,-12.66337800,-10.82654400,8.71928900,-119.72299000,-38.63660000,37.99895000,60.13583000,50.43981600,-14.58934100,-13.87170400
814,-15.46938896,-12.44249916,81.87310757,-4.62586014,13.06274576,147.99312478,-19.40770100,8.99505100,-3.77847200,19.73334000,2.99711230,-8.81045500,-11.80230700,-27.90115200,7.55539100,5.74567370,12.96126700,15.00003300,29.34524700,-4.49828400,29.79380200,-6.57588600,35.63743000,-34.55604600,63.82028000,-13.28198500,-10.84117900,8.71757300,-116.39412000,-37.23913600,36.64671700,59.38476000,49.60418700,-14.39639200,-13.71851600
815,-15.30903435,-12.83380699,81.88110261,-5.09863089,13.45651327,146.73744417,-20.29277000,9.18918300,-3.90962900,20.48888000,2.62350820,-8.57329300,-12.24957900,-27.51143000,6.77417700,5.79700850,12.59725900,15.00003300,29.10737600,-4.57610460,29.79380200,-7.70409200,35.41326000,-35.59251000,63.95942000,-13.48392500,-10.59860200,8.54195000,-113.09307000,-35.74479300,35.27306000,58.55673200,48.06748600,-14.34956700,-13.94433800
816,-15.08543301,-13.25125885,81.88782696,-5.54983576,13.70995574,145.54322905,-21.10896100,9.36789900,-4.09953170,21.22302800,2.33360550,-8.32372600,-12.66980600,-27.08484300,6.12437060,5.84451530,12.35442400,15.00003300,28.80252600,-4.64600600,29.79380200,-9.09567300,34.99883000,-36.44405700,64.24319500,-13.41198400,-9.94724500,8.30596600,-109.65785000,-34.18107000,33.99612400,57.61678300,46.54736300,-14.43997400,-14.25838500
817,-14.78995514,-13.69529915,81.85621355,-5.87424877,13.84772382,144.48163103,-21.87432000,9.47374300,-4.29253440,21.93877200,2.05702570,-8.03872100,-12.96671000,-26.69713200,5.57860900,5.89450100,12.09490800,15.00003300,28.42790400,-4.70142840,29.79380200,-10.46365600,34.40331000,-36.92215300,64.22602000,-13.30422200,-9.22469600,8.31009300,-106.11906000,-32.58046700,32.93899000,56.61984300,45.35117300,-14.60665600,-14.50388500
818,-14.39824104,-14.16589451,81.77024742,-6.06413566,14.02475780,143.51484557,-22.61440700,9.54055100,-4.33628600,22.49845700,1.64507260,-7.89171200,-12.99579900,-26.42067700,4.95181230,5.95553200,11.46717000,15.00003300,28.01651000,-4.81721540,29.79380200,-10.86924000,33.65856600,-37.03843700,62.88600500,-13.82418250,-9.77621650,9.43661400,-102.85792000,-31.01433000,32.38887800,55.92275200,44.61719500,-14.65148300,-14.50353300
819,-13.90332031,-14.67917252,81.69345615,-6.39079149,13.95458905,142.50504604,-23.32239200,9.73026400,-4.40771100,23.15454700,1.21238570,-7.82416250,-12.93744000,-25.97108500,4.25935360,6.05016900,10.85810200,15.00003300,27.66176600,-4.81565430,29.79380200,-11.76766800,32.78000600,-36.95834400,62.17841300,-14.27430400,-9.89914400,10.30280800,-99.57453000,-29.43071000,31.76041600,55.01129000,43.54422800,-14.76609600,-14.37147500
820,-13.33157730,-15.22671318,81.60910011,-6.62228644,13.67850395,141.57877855,-23.95281800,9.89702700,-4.44032340,23.86163100,0.92547020,-7.85410300,-12.78802500,-25.49747000,3.79238630,6.15564970,10.40632900,15.00003300,27.35530700,-4.82523000,29.79380200,-12.77405500,31.81737900,-36.84385300,61.90440400,-15.17774300,-10.04380400,11.00949100,-96.17707000,-27.77571900,31.29627400,54.14309300,42.89161000,-14.79402800,-14.20182500
821,-12.68584442,-15.80119705,81.51152886,-6.82546156,13.23045803,140.58739449,-24.52674300,10.06443900,-4.49771550,24.63841800,0.70588290,-7.88269300,-12.59681900,-24.96570800,3.45111230,6.27133660,10.12153300,15.00003300,27.04096000,-4.89029700,29.79380200,-13.87660200,30.83432000,-36.75015600,62.03166600,-16.14217600,-10.07523200,11.62997100,-92.70697000,-26.02776100,31.01700000,53.26514400,42.27692000,-14.71421600,-14.19312200
822,-11.96751690,-16.39297676,81.39601649,-7.16271732,12.65275263,139.26610824,-25.08509800,10.30544100,-4.69517100,25.50360100,0.39464134,-7.75106800,-12.44222100,-24.28395300,3.00130770,6.38890080,9.98337900,15.00003300,26.65034100,-5.06190350,29.79380200,-15.16741900,29.91029700,-36.73812500,62.56614300,-16.42397000,-9.66453900,12.26920500,-89.22133000,-24.20680800,30.84141300,52.19460700,40.91502400,-14.51660800,-14.62367500
823,-11.17388535,-16.98879814,81.17702002,-7.15995754,11.85856047,138.14801267,-25.57146500,10.38981200,-4.81592700,26.51114500,0.06815989,-7.76140500,-12.71272900,-23.81204200,2.77301220,7.87497040,8.78096500,15.00003300,26.12028900,-5.32657500,29.79380200,-16.48429000,29.07093000,-36.54446000,63.26741800,-17.03773900,-9.32589400,12.44686800,-85.96253000,-22.40753700,30.92752300,51.09442000,39.69406500,-14.54278700,-14.95590400
824,-10.34916973,-17.56856918,80.91182340,-7.21900468,10.91323584,136.79687474,-26.03191600,10.46726000,-4.97516000,27.70154000,-0.39532533,-7.53596350,-12.93181300,-23.28777500,2.44321940,9.48630500,7.47715950,15.00003300,25.58432400,-5.57784300,29.79380200,-17.77605600,28.33947400,-36.20580300,64.02534500,-17.31942200,-8.99272200,12.69352300,-82.40913000,-20.61186800,31.27448500,49.55862800,38.58124000,-14.71752000,-15.19244700
825,-9.51319122,-18.12928391,80.60067509,-7.36718254,9.71213233,135.51095573,-26.37180100,10.58478600,-5.27069000,28.97492800,-0.95079046,-7.19068100,-13.14914900,-22.65778200,2.20153500,11.22838800,6.36890400,15.00003300,25.05186500,-5.92165900,29.79380200,-18.96987300,27.72729100,-35.61052700,64.80305500,-17.96344200,-8.60277800,13.11218550,-78.60568000,-18.81063300,31.72603200,47.68081700,37.27975500,-14.80264950,-15.53741700
826,-8.68217945,-18.66172028,80.24917207,-7.56633324,8.26566519,134.51956317,-26.53437400,10.73108700,-5.70397140,30.19697200,-1.52001210,-6.84824130,-13.48851300,-21.94192700,2.21002960,13.28809000,5.49128100,15.00003300,24.50030100,-6.41595900,29.79380200,-19.98989100,27.25093300,-34.74913000,65.57244000,-19.40188200,-8.17685100,13.71823100,-74.66299000,-17.00346200,32.19622800,45.59389500,35.61965600,-14.63754600,-16.10688000
827,-7.87123203,-19.09832573,79.96289928,-7.36257202,7.51719759,133.54377363,-26.73395200,10.65670400,-5.57081300,30.79683700,-1.77433860,-6.61791600,-13.04745200,-21.63959000,1.86384200,13.95794400,4.72740360,15.00003300,23.64321000,-6.68963770,29.79380200,-20.67324600,26.97315600,-34.33613600,66.33996000,-20.19703300,-8.28241100,13.85347300,-71.07528000,-15.31730900,33.10156200,43.64829000,34.21276000,-14.66771600,-16.53203400
828,-7.09950399,-19.46898270,79.60316535,-7.05960786,6.54245380,132.97100845,-26.83666000,10.52276900,-5.50707860,31.55669400,-2.08307310,-6.32188700,-12.60405000,-21.47469000,1.56492580,14.85250500,3.80248140,15.00003300,22.73386200,-7.24908450,29.79380200,-21.17179000,26.85319700,-33.68259000,66.78143000,-20.97019000,-7.87238600,14.30512400,-67.13317000,-13.78068100,34.16415000,41.31466700,32.53412600,-14.68719400,-16.71910000
829,-6.37086916,-19.77363586,79.26571063,-6.80372647,5.62369689,132.12312364,-26.86674500,10.46622700,-5.50928450,32.24132000,-2.36784550,-6.08082900,-12.16577800,-21.27176300,1.21085600,15.55110200,3.12156460,15.00003300,21.80110700,-7.80900530,29.79380200,-21.42089500,26.91425100,-32.87478600,66.88684000,-21.44898200,-7.53168900,14.47950650,-63.00179700,-12.38339800,35.26751300,38.66305500,30.50058400,-14.65669700,-16.87770700
830,-5.69040632,-20.01200104,78.98667663,-6.60545441,4.88723863,130.91659328,-26.83852200,10.50667900,-5.55449000,32.71791000,-2.59238670,-5.93549900,-11.76271700,-21.00938800,0.81752080,15.97044900,2.73520400,15.00003300,20.83875800,-8.31870600,29.79380200,-21.45554400,27.16447800,-32.04217000,66.78335600,-21.75623700,-7.41821530,14.27544500,-58.80190300,-11.13090100,36.40224000,35.77234300,28.13642300,-14.58411100,-17.01202600
831,-5.07024670,-20.18028069,78.74189412,-6.30596658,4.36745852,130.01334574,-26.73916800,10.50973300,-5.56076960,32.83481600,-2.73767200,-5.85813430,-11.45813900,-20.88314600,0.59350353,16.41014300,2.24860600,15.00003300,19.80620200,-8.98489900,29.79380200,-21.60790300,27.53454800,-31.55114200,67.06508000,-22.74050500,-7.31141760,14.20225900,-54.73809000,-10.10759100,37.71645700,32.86276600,25.65477600,-14.57627700,-16.84388000
832,-4.50224352,-20.29281616,78.49504493,-5.97524221,3.60130476,129.00482979,-26.42358400,10.51537000,-5.54559700,32.96476700,-2.87089090,-5.73933360,-11.33617700,-20.73791900,0.59198920,17.31007200,1.87495490,15.00003300,18.84250600,-9.50534300,29.79380200,-21.35206400,27.93547200,-30.93093700,66.81931000,-23.36506300,-7.01347540,13.88016500,-49.88466300,-9.32438400,39.19408000,29.44175100,22.47014200,-14.82280900,-16.98633200
833,-3.97449589,-20.36730576,78.30631230,-5.72144211,2.93415527,127.91211661,-26.14993100,10.55510000,-5.54494400,33.09887000,-2.98133400,-5.62224000,-11.31324600,-20.56587200,0.55524766,18.22601500,1.44526970,15.00003300,17.89181100,-9.98802000,29.79380200,-21.18426300,28.39628400,-30.40101200,66.66198000,-23.64613300,-6.79874500,13.71230000,-45.27655800,-8.81721300,40.69018600,26.26570000,19.12361100,-15.03720600,-16.84795800
834,-3.48060274,-20.40818596,78.13910377,-5.42855593,2.37205753,126.83682192,-25.85712000,10.58663700,-5.50855300,33.12584700,-3.04031370,-5.56020200,-11.25602400,-20.45092400,0.50222640,18.95586200,1.04809890,15.00003300,16.95240800,-10.46668900,29.79380200,-21.07925000,28.91459300,-30.04794300,66.65752400,-23.65158000,-6.59428300,13.57518700,-40.84368000,-8.59850400,42.08579300,23.20935400,15.85752100,-15.15506200,-16.45446200
835,-3.01186824,-20.41924667,77.95594896,-4.87310269,1.83534945,125.93592122,-25.37596500,10.53064500,-5.34577900,32.86964800,-3.00543260,-5.62873270,-10.97067400,-20.52819300,0.53448680,19.30080600,0.86874825,15.00003300,16.03250300,-10.97042500,29.79380200,-20.88324200,29.44951000,-29.94193300,66.77679000,-23.48297300,-6.20554540,13.16003300,-36.16319000,-8.65905500,43.26785300,19.83172200,12.90317700,-15.11757700,-16.03241000
836,-2.57030821,-20.40510750,77.82141898,-4.41471303,1.33875902,124.64567852,-24.90804500,10.50491200,-5.18349400,32.64589000,-2.90860300,-5.59241300,-10.45624100,-20.54899800,0.38193998,19.17916900,0.78411800,15.00003300,15.19108300,-11.32217700,29.79380200,-20.37795400,29.91951600,-29.44101700,66.53980000,-23.54337500,-5.96756500,12.91631300,-31.98200400,-9.02133900,44.54171000,16.99872200,10.58704700,-15.68582700,-15.47442200
837,-2.14433908,-20.38204384,77.70397603,-4.02386024,0.81642983,123.32118044,-24.38813800,10.53111100,-5.08016540,32.37315000,-2.78458760,-5.58076500,-10.02626200,-20.52043300,0.22796085,19.19557600,0.68936586,15.00003300,14.36499700,-11.66121100,29.79380200,-19.93015100,30.37998400,-29.11176300,66.32603000,-23.41716000,-5.71568300,12.71337900,-27.65473400,-9.63268700,45.42792500,13.83470900,8.84397600,-16.33464600,-15.10014500
838,-1.73091149,-20.35028458,77.58259930,-3.62931160,0.30420194,121.99934217,-23.80840300,10.58269100,-4.93842300,31.99063100,-2.68582680,-5.62457300,-9.59494400,-20.49386800,0.10985663,19.20198400,0.62712590,15.00003300,13.57802500,-11.90803000,29.79380200,-19.45345900,30.77470400,-28.98254000,66.17939000,-23.03935800,-5.33451400,12.65710900,-23.45171200,-10.47292100,46.03475000,10.47953600,7.13433360,-16.79475000,-14.69524400
839,-1.32841420,-20.30864334,77.44196480,-3.20452753,-0.03426134,120.69607553,-23.33181000,10.65752300,-4.70847700,31.47466000,-2.63164400,-5.74845080,-9.22011800,-20.48160000,0.03023794,19.03923600,0.65248530,15.00003300,12.71275200,-11.99367700,29.19843300,-18.64570600,30.96124300,-29.06531100,66.27465000,-22.44557000,-4.74482870,12.75557000,-19.38958500,-11.47333900,46.62824000,7.30120600,5.28544660,-16.95594200,-14.04237500
840,-0.93553293,-20.25846863,77.31961512,-2.80429874,-0.36138534,119.41077872,-22.81762300,10.75776400,-4.47778500,30.87941700,-2.50420710,-5.92111350,-8.67187100,-20.48652000,-0.18837360,18.56116700,0.68954930,15.00003300,11.95678500,-11.91220600,28.52416000,-18.01212300,31.04576000,-28.86884900,66.23553500,-22.22387000,-4.46507800,12.76234300,-15.49640900,-12.62440500,46.54871000,4.51724700,5.05388000,-17.75753000,-13.45835100
841,-0.54814309,-20.19809723,77.14818790,-2.28530240,-0.64054280,117.61472907,-22.43723000,10.82235400,-4.33723930,30.60470000,-2.47321600,-6.02320800,-8.39113200,-20.54336200,-0.34371890,18.38355300,0.52167750,15.00003300,11.14910900,-11.80216600,27.93572800,-17.40318100,31.10281200,-29.05089600,66.50345600,-22.03353300,-4.54223800,12.48256400,-12.02481600,-13.96364800,46.70489500,1.59337500,4.92719940,-18.63965400,-12.69823500
842,-0.16912648,-20.12688446,76.99279739,-1.83707341,-0.91561557,115.85309518,-22.01959400,10.93984100,-4.24685570,30.26962500,-2.43897340,-6.13665400,-8.13923800,-20.54739200,-0.48685210,18.30158400,0.39191014,15.00003300,10.39428200,-11.60741300,27.34582100,-16.75671600,31.10405700,-29.15524900,66.76763000,-21.96056200,-4.50826840,12.15328400,-8.79735000,-15.43983300,46.61244600,-1.36646430,4.75090200,-19.22532300,-11.95013100
843,0.20054844,-20.04113579,76.86010754,-1.43301214,-1.17859525,114.27314482,-21.51916500,11.09190700,-4.16059350,29.75682400,-2.34847380,-6.30017100,-7.84226130,-20.52550500,-0.61594814,18.18210200,0.35097775,15.00003300,9.69640350,-11.33546400,26.73445000,-16.07638500,31.03256400,-29.12266500,66.94836400,-21.89287600,-4.24434470,11.86888500,-5.65785200,-16.99394600,46.15054300,-4.34254900,4.55177300,-19.48471600,-11.27347400
844,0.56173003,-19.92852783,76.67911248,-0.66757553,-1.28605853,112.56671253,-21.03225300,11.06927600,-3.97276100,29.22267300,-2.15740540,-6.52944330,-7.59397030,-20.75603100,-0.64125270,17.85047500,0.20712650,15.00003300,8.96512800,-11.10812500,26.19488300,-15.49195100,30.94795000,-29.51302000,67.17470000,-21.29569600,-4.03012470,11.60078900,-2.26465420,-18.64365400,45.57442500,-7.55186840,4.72130250,-19.87965400,-10.56855700
845,0.90870589,-19.78752518,76.49980361,-0.09215455,-1.50843298,110.94782731,-20.41989000,11.17466100,-3.78359150,28.59288000,-2.09753400,-6.82115200,-6.96404170,-20.89629000,-0.78317577,17.13744000,0.10985808,15.00003300,8.32055000,-10.65291300,25.65604000,-14.67852500,30.72948600,-29.39381600,67.05118600,-21.15281700,-3.99103380,11.70485200,0.73857140,-20.35326200,44.71658300,-10.23056100,5.95472430,-20.65704700,-10.06538000
846,1.24232030,-19.61906242,76.64831588,0.36633641,-1.67241833,109.35196203,-19.89037100,11.31223300,-3.72261980,28.06031600,-1.96941730,-7.03383870,-6.48146700,-20.95983900,-0.94209660,16.62753100,-0.03513112,15.00003300,7.70404500,-10.14508300,25.13132300,-13.89202900,30.45682000,-29.29908600,66.86339000,-20.89709900,-4.06338200,11.70061200,3.57355740,-22.08405000,43.77421600,-12.93525600,6.83354500,-21.30634100,-9.52893200
847,1.56361234,-19.42047691,76.83827583,0.77684535,-1.72792185,107.84161070,-19.44308000,11.44577100,-3.74855110,27.56652600,-1.78629310,-7.17351680,-6.19699670,-20.99458000,-1.05890080,16.34490800,-0.20937568,15.00003300,7.10326300,-9.62724000,24.59741400,-13.14368500,30.17800700,-29.37353100,66.70829000,-20.54058800,-4.13352540,11.54675600,6.31125640,-23.81777400,42.74043000,-15.69765900,7.52044440,-21.76026000,-9.06429100
848,1.87437463,-19.18789101,77.05431929,1.24170827,-1.63958658,106.54175233,-19.00845300,11.53821700,-3.74372940,26.94467000,-1.63074760,-7.29692700,-6.02051640,-21.08332800,-1.06715460,16.12970000,-0.34282863,15.00003300,6.49560260,-9.10240700,24.00447300,-12.38473200,29.89600600,-29.67506000,66.71020000,-20.25449000,-4.02910040,11.32824300,9.01600000,-25.55816700,41.56827500,-18.41078600,8.75094400,-22.05205200,-8.91344700
849,2.17384148,-18.91569138,77.24300332,1.52037505,-1.36118950,105.23700939,-18.70586400,11.68140400,-3.85830280,26.31461300,-1.38418500,-7.26605220,-6.02628200,-21.04871000,-1.10881920,15.99656900,-0.36308350,15.00003300,5.94380950,-8.37674900,23.32363700,-11.30324100,29.54650500,-29.38381400,66.01848600,-19.99012800,-3.82608180,11.03873700,11.47833400,-27.35546000,40.21382500,-20.91238200,9.51613800,-22.32093400,-8.40138800
850,2.47074318,-18.62492180,77.37939109,1.79969058,-1.26030490,104.05350216,-18.30460700,11.84753700,-3.95954750,25.75967600,-1.16387010,-7.44471360,-5.94592600,-21.05282400,-1.10079920,15.94240700,-0.53291600,15.00003300,5.39997240,-7.63845300,22.79714600,-10.48595800,29.16639500,-29.27752300,65.49854000,-19.39289500,-3.61229470,10.75861800,13.97991600,-29.12329000,38.91019000,-23.32474500,10.07339400,-22.59815600,-7.85615630
851,2.77012134,-18.31728745,77.51698888,2.14427801,-1.23860653,102.87827172,-17.85777000,11.98735800,-4.06497570,25.27470000,-0.95262563,-7.68321280,-5.78849000,-21.11313000,-1.06334440,15.85751400,-0.73983616,15.00003300,4.89938400,-6.91397430,22.35087000,-9.82351900,28.75736200,-29.33233500,65.13842000,-18.77148200,-3.42917540,10.57791500,16.39053700,-30.83105900,37.66093000,-25.59002000,10.64355850,-22.91707400,-7.43256040
852,3.07572365,-17.99495888,77.69740445,2.59438757,-1.19275944,101.63723308,-17.42865200,12.05686950,-4.19093200,24.85545700,-0.73168780,-7.84225230,-5.58016500,-21.23794600,-1.01608670,15.65718500,-0.87811630,15.00003300,4.45363430,-6.22083040,21.91714300,-9.16218100,28.32068600,-29.42155600,64.84083000,-18.40890700,-3.30828100,10.57128700,18.62288700,-32.50058700,36.45580700,-27.70847500,11.42398700,-23.26528400,-7.22072700
853,3.38203454,-17.66233826,77.87537251,3.08289918,-1.15423507,100.72325595,-17.05186300,12.04679300,-4.28062730,24.47184600,-0.46309012,-8.01213800,-5.42349300,-21.41732400,-0.93435735,15.52715900,-1.01358030,15.00003300,4.03919270,-5.50956440,21.49584000,-8.37251800,27.82434000,-29.10151000,64.22815000,-18.44351400,-3.27682040,10.69384000,20.99190000,-34.14107500,34.98542000,-29.80945800,12.52144400,-23.14871400,-6.70874600
854,3.68521881,-17.32915497,78.02964140,3.41801271,-1.01579932,99.77091683,-16.66730000,12.12530300,-4.43488030,23.95671800,-0.15624438,-8.15291400,-5.29573200,-21.48517400,-0.89116675,15.39049700,-1.09951940,15.00003300,3.61165570,-4.77549500,21.13086000,-7.70439500,27.31666200,-28.97445000,63.78792600,-18.17067100,-3.11469390,10.68979300,22.98124500,-35.69890200,33.83981000,-31.60964600,13.81954300,-23.49052400,-6.56528400
855,3.98458385,-17.00090408,78.18292179,3.78333017,-0.89023411,98.90771600,-16.25862300,12.16581200,-4.56100270,23.39901000,0.22318569,-8.31678300,-5.13490150,-21.58990700,-0.87449320,15.16145800,-1.16319560,15.00003300,3.19802550,-4.07423070,20.69576500,-7.02520850,26.80781400,-29.01013000,63.44080700,-17.79796800,-2.95095750,10.69480700,24.90176200,-37.18489000,32.70604300,-33.16132000,14.87416800,-23.91954200,-6.48194550
856,4.27696466,-16.68203926,78.33395926,4.18739968,-0.82028540,98.14745088,-15.80447500,12.16487400,-4.64538050,22.81267200,0.65414510,-8.51684900,-4.91277030,-21.74080800,-0.88163310,14.82861800,-1.19783170,15.00003300,2.82432410,-3.39833160,20.19132600,-6.31793640,26.29657700,-29.13747600,63.11241000,-17.37010400,-2.80862280,10.74658400,26.90841700,-38.61960200,31.45790300,-34.56345000,15.57840700,-24.30326000,-6.38611030
857,4.55089235,-16.38106918,78.42810267,4.33006092,-0.78640448,97.32101794,-15.25663400,12.33532700,-4.79212800,22.11309400,0.98408260,-8.71510400,-4.67229940,-21.71196600,-0.89809984,14.58853900,-1.17551390,15.00003300,2.46958330,-2.67791530,19.80135700,-5.67991640,25.77840400,-29.04752500,62.65977000,-16.67554500,-2.55354930,10.75392150,28.68358200,-39.92405000,30.39115000,-35.76640700,16.26233000,-24.78044000,-6.50731750
858,4.80973387,-16.10109138,78.59441471,4.66025141,-0.69462336,96.64376057,-14.73934700,12.35266300,-4.92856070,21.46040700,1.42025170,-8.91852600,-4.42661760,-21.81303000,-0.92872530,14.15397400,-0.97482120,15.00003300,2.16232590,-2.06864020,19.38315200,-5.05724600,25.29166400,-29.17071200,62.43688600,-16.27960000,-2.36234570,10.58885100,30.42448200,-41.10856200,29.32383700,-36.77676400,17.17264700,-25.33521800,-6.92873140
859,5.04747200,-15.84353924,78.72131529,4.94675840,-0.65989634,96.01429750,-14.23035050,12.38013100,-5.03726150,20.86079600,1.82874660,-9.15566500,-4.12727070,-21.90229000,-0.98302990,13.69015200,-0.86037050,15.00003300,1.87430260,-1.46073320,18.91917000,-4.45259600,24.84202600,-29.21416300,62.04968300,-15.88933800,-2.23141220,10.51250100,32.23429000,-42.19981000,28.19309800,-37.80745300,18.01406300,-25.43386700,-7.05915740
860,5.25958824,-15.61017227,78.80226954,5.16257116,-0.72456507,95.48358045,-13.65228500,12.43769200,-5.09425160,20.19153400,2.25050740,-9.43853700,-3.73590540,-21.96665400,-1.06314300,13.17953000,-0.80715495,15.00003300,1.56321740,-0.85514313,18.43187100,-3.85980960,24.43978500,-29.21992300,61.55599200,-15.30851100,-2.11968730,10.53148800,34.07845700,-43.19521300,27.02448500,-38.90703000,18.82020800,-25.33005000,-6.99865340
861,5.44063997,-15.40318871,78.86186555,5.33734583,-0.92236834,95.17838545,-12.87532400,12.50606800,-5.06534150,19.23176200,2.80345060,-9.77799600,-3.20768800,-22.03002500,-1.16656940,12.54603100,-0.68319030,15.00003300,1.18769300,-0.29191667,17.95620300,-3.29865980,24.09348500,-29.41643700,61.24252000,-14.29124200,-1.95503220,10.56521200,35.84316600,-44.02758000,25.88212600,-40.04115700,19.75463500,-25.69073000,-7.10646530
862,5.58025789,-15.22506046,78.94980457,5.52141192,-0.90785672,94.88434869,-12.32981900,12.50994400,-5.06059550,18.39574200,3.43342970,-10.00727100,-2.62727140,-22.09897400,-1.34384180,11.55376300,-0.39265975,15.00003300,0.91971490,0.18454060,17.39102400,-2.63843200,23.79283100,-29.61481700,60.92104300,-13.91696700,-1.99898360,10.60583100,37.40641400,-44.81089000,25.19002700,-40.76991000,20.81579600,-26.07344200,-7.47927950
863,5.67946672,-15.06960583,79.03717278,5.77877146,-0.96676582,94.77690498,-11.66734100,12.45252500,-4.95110130,17.40587400,4.13048600,-10.32565800,-2.02245020,-22.24165700,-1.47709670,10.53616500,-0.08463956,15.00003300,0.61896855,0.70288056,16.85969500,-1.99644890,23.52112600,-29.78866600,60.41313600,-13.79335100,-2.00952460,10.51378900,39.03550700,-45.47477300,24.59302000,-41.62178000,21.98033100,-26.11418200,-7.91181760
864,5.73479366,-14.93619537,79.09797145,5.97449645,-1.10241964,94.79234987,-10.89048600,12.41832800,-4.78933760,16.25396200,4.83288570,-10.63537100,-1.33424380,-22.36405200,-1.61629620,9.42497500,0.29330980,15.00003300,0.27115825,1.19935680,16.34703300,-1.37920450,23.27989200,-29.94167000,59.88601700,-13.53010400,-1.96075860,10.41055800,40.61956000,-45.97573500,23.96115900,-42.46471000,23.12701200,-26.23422400,-8.47002200
865,5.74369526,-14.82395649,79.10905725,5.98498388,-1.30210070,94.85750266,-10.01383200,12.48802100,-4.61501650,14.93919800,5.47891500,-10.84642300,-0.48819920,-22.37924800,-1.81712460,8.10291700,0.81069440,15.00003300,-0.13476431,1.60583130,15.82083400,-0.75725400,23.08190000,-30.04340200,59.46954700,-12.79953900,-1.83625570,10.41416550,42.00009000,-46.29734000,23.24544300,-43.13120300,24.12865800,-26.79485900,-9.16694450
866,5.69155741,-14.73701191,79.03618529,5.81160020,-1.55594203,94.93331967,-8.94652200,12.72135500,-4.27106050,13.27871500,6.00592760,-11.09740700,0.31890023,-22.28926300,-2.00836680,6.96811200,1.14910780,15.00003300,-0.36477090,2.01508740,15.10277400,-0.08271184,22.90377400,-29.97804300,59.01900500,-11.89115800,-1.59001540,10.53398800,43.03170800,-46.55477500,22.71954700,-43.50081300,24.84451300,-27.10330400,-9.23495900
867,5.59240818,-14.66554546,78.92086182,5.66658079,-1.65316472,95.17127237,-7.77321900,12.89910600,-3.94442840,11.27613900,6.88097050,-11.43068700,0.46854850,-22.25450700,-1.98728470,6.85322400,0.89721560,15.00003300,-0.66858166,2.38538400,14.30596800,0.59826860,22.78226300,-30.33178900,58.61436500,-10.74356600,-1.51084300,10.38690100,44.09385300,-46.79321700,22.16579000,-43.78353500,25.82625400,-27.30854800,-9.52198000
868,5.45508289,-14.61057663,78.79994610,5.52693919,-1.70030336,95.43789974,-6.52572630,13.06666300,-3.59091450,9.08292300,7.90934000,-11.80559200,0.56066990,-22.23071900,-1.97470560,6.74367900,0.62044203,15.00003300,-0.97769320,2.67865400,13.49836300,1.24367600,22.70986200,-30.76676400,58.36358300,-9.75299500,-1.50588000,10.34601900,45.16784700,-47.00295600,21.48306700,-44.09315000,26.71957800,-27.57908400,-9.89402600
869,5.28221464,-14.57344913,78.66700084,5.35608361,-1.75308529,95.67860256,-5.18687500,13.25435800,-3.17795250,6.67871760,9.02968300,-12.17534100,0.62799853,-22.18891100,-1.97249900,6.65056750,0.34262326,15.00003300,-1.24772230,2.90495870,12.69833300,1.86739860,22.66956700,-31.06898000,58.19761300,-9.01516600,-1.48319730,10.47619600,46.22384600,-47.17710500,20.69706300,-44.42123000,27.43805100,-27.94233500,-10.23211900
870,5.06457996,-14.55883121,78.49391993,5.03287503,-1.83765324,95.92207369,-4.82408240,13.44024850,-2.93317840,6.17117170,9.04469600,-12.40282250,0.67245200,-22.06284000,-1.96074720,6.56618200,0.14177320,15.00003300,-1.35312680,3.22309610,11.86672700,2.59274440,22.62152900,-31.07926200,57.58578000,-8.18656100,-1.26552180,10.31284700,47.37585400,-47.33637200,19.95215400,-44.65802000,28.34192300,-28.18540200,-10.27058600
871,4.81318378,-14.56995296,78.32913931,4.84838410,-2.08971762,96.40572286,-4.54785630,13.49910600,-2.69834300,6.08041570,8.84221300,-12.70990100,0.84459360,-22.07037400,-1.88748150,6.50105050,-0.12255200,15.00003300,-1.74944000,3.38099200,11.05120600,3.19501280,22.61118500,-31.26709600,57.30816000,-7.38922260,-0.97633016,10.29674600,48.15945400,-47.36929000,19.34964800,-44.74720000,28.76825300,-28.67564600,-10.79208600
872,4.53796196,-14.60050201,78.16644772,4.61361575,-2.34144914,96.86407967,-4.26615200,13.60283500,-2.50116300,6.00075440,8.59696600,-12.98770700,1.02152560,-22.02190400,-1.82564710,6.41205360,-0.31350085,15.00003300,-1.97324480,3.62314920,10.28948900,3.69737240,22.60869400,-31.57782400,56.97060000,-6.89947130,-0.78098047,10.32412100,49.27258300,-47.38224000,18.56702400,-45.14987000,29.17097500,-28.91064600,-11.05534500
873,4.24422693,-14.65136719,77.99671720,4.36497781,-2.56329283,97.25919950,-4.00176800,13.69700100,-2.31360720,5.93109750,8.31337700,-13.22534100,1.11791230,-21.97928200,-1.76338140,6.38577030,-0.50225824,15.00003300,-2.09810000,3.83967190,9.54094700,4.21837570,22.60950900,-31.78626800,56.48342500,-6.52116800,-0.64605045,10.32031800,50.29834700,-47.37971500,17.88112300,-45.56024000,29.55007700,-28.83498400,-10.95721300
874,3.93304086,-14.72232628,77.79566535,4.09359483,-2.77622519,97.62809277,-3.76137040,13.78505400,-2.11113290,5.88063100,8.00540350,-13.47050300,1.18529630,-21.94322400,-1.74494240,6.33745700,-0.74577380,15.00003300,-2.17093230,4.02133750,8.78701600,4.79773860,22.62047400,-31.79208800,55.77279700,-5.82491060,-0.42873415,10.14256300,51.33128400,-47.34791000,16.98544000,-46.03874000,29.84255000,-28.47406200,-10.41092200
875,3.59980798,-14.81567574,77.65278251,3.91231281,-2.99159473,98.01737739,-3.55917860,13.78194600,-1.95360520,5.84426640,7.73952250,-13.55583500,1.21625210,-21.96571500,-1.68422710,6.30176930,-0.79113980,15.00003300,-2.23505070,4.16196200,8.16235350,5.22908800,22.63707400,-32.21011700,55.21674000,-5.36909300,-0.24145238,10.24196300,52.10072700,-47.36026400,16.46368600,-46.39418800,29.80276100,-28.56392100,-10.56349500
876,3.25820065,-14.92292404,77.50384579,3.70242263,-3.15157451,98.32031269,-3.36222390,13.80747900,-1.79043380,5.81203270,7.42614940,-13.69543600,1.21951770,-21.96154400,-1.62956960,6.26231500,-0.85153380,15.00003300,-2.28108050,4.27511360,7.56803270,5.58049900,22.64200000,-32.49633800,54.78361000,-5.35219300,-0.17328152,10.47565650,52.69126000,-47.37168000,16.09021000,-46.67831000,29.95337700,-28.72075300,-10.86500500
877,2.90813684,-15.04218292,77.33171629,3.43259415,-3.33582096,98.63926370,-3.16532180,13.86266200,-1.63847920,5.78660350,7.10646900,-13.83803900,1.23678780,-21.92834700,-1.58140440,6.23036670,-0.91094530,15.00003300,-2.30042700,4.39040760,7.03007000,5.86769060,22.64198100,-32.71721300,54.24694400,-5.36670730,-0.13453016,10.70649500,53.36900300,-47.36967500,15.63097300,-47.01692200,29.85556800,-28.89863400,-11.19780500
878,2.55041409,-15.17133713,77.12733365,3.09515708,-3.62178123,99.06780912,-2.95995700,13.93076700,-1.51810840,5.77049970,6.82925100,-13.92478700,1.30980190,-21.87716300,-1.54161880,6.21158270,-0.94224703,15.00003300,-2.35563040,4.50613200,6.57973100,6.16394000,22.64390400,-32.88548000,53.40367000,-5.01643230,-0.04078173,10.81213200,54.00252000,-47.34203700,15.13938700,-47.25914000,29.10020000,-29.08343000,-11.48991400
879,2.20252228,-15.30517769,76.98070692,2.97344698,-3.96397892,99.36578157,-2.68970440,13.85117600,-1.41053510,5.75491050,6.66487030,-13.96118600,1.39246580,-21.95214800,-1.49919120,6.19022100,-0.97014177,15.00003300,-2.35292480,4.56205000,6.26711650,6.45187000,22.63201100,-33.04948400,52.64112500,-4.85719730,-0.01401813,10.70650400,54.18895300,-47.33743700,15.09282400,-47.44034600,28.41214800,-29.26617400,-11.54688900
880,1.86032844,-15.43260384,76.86229257,2.76928471,-4.11158665,99.71510949,-2.56246400,13.83834400,-1.30313370,5.74762800,6.32962040,-13.93610700,1.37897970,-21.96101400,-1.44206150,6.15957070,-0.91029286,15.00003300,-2.21407680,4.62630000,5.90316200,6.58592500,22.58468000,-33.23549700,51.95630000,-4.89623900,0.13344167,10.47648600,54.60068000,-47.33608000,14.88485600,-47.56940000,27.98264500,-29.11734400,-11.07092000
881,1.52914345,-15.55390358,76.89413679,2.53893870,-4.24986975,100.06335421,-2.45228580,13.84462300,-1.20347980,5.74670400,5.95350000,-13.89548600,1.38372780,-21.96092400,-1.37530040,6.13869050,-0.90633810,15.00003300,-2.23556420,4.66104270,5.57805060,6.76524600,22.55310800,-33.27333000,51.18576400,-5.00826900,0.29699510,10.29636100,54.73618700,-47.32961300,14.70619000,-47.54125600,27.67037400,-28.72163400,-10.67992100
882,1.21324170,-15.66693020,76.92307142,2.32122514,-4.44800869,100.37044316,-2.31406600,13.84122500,-1.11430110,5.75091740,5.63337370,-13.85436700,1.43464610,-21.97746500,-1.31261530,6.11881700,-0.98042214,15.00003300,-2.32296420,4.71539070,5.29384140,6.97134640,22.51708600,-33.37337000,50.33971000,-5.19264900,0.40676236,10.24636400,54.91222000,-47.29773300,14.36146100,-47.59906400,27.38802100,-28.18419300,-10.65660000
883,0.92510945,-15.76426506,76.96178037,2.20415119,-4.66672551,100.58759991,-2.16585040,13.76199200,-1.04339900,5.75701570,5.52119640,-13.77006400,1.42604030,-22.04957000,-1.30632640,6.10931400,-0.96537940,15.00003300,-2.18807340,4.70373100,5.16791500,6.97735450,22.48599400,-33.57950200,49.75008800,-5.34906960,0.30096287,10.05140800,55.13470000,-47.28817400,14.23034500,-47.57005700,27.02614800,-27.87426600,-11.03244100
884,0.66385746,-15.84270573,76.96251469,2.24273771,-4.76782926,100.64025440,-2.08394200,13.60385200,-0.92231816,5.76039840,5.40471300,-13.65026600,1.34785410,-22.19157200,-1.23865140,6.09271860,-0.92291635,15.00003300,-2.28463940,4.61256900,5.04552560,7.19469000,22.46241800,-33.73082700,49.26206600,-5.33704000,0.20465681,10.17042100,55.08835000,-47.26595000,14.09423900,-47.53567000,26.82586500,-27.69416600,-11.26731100
885,0.42237765,-15.90646935,76.96208612,2.20114789,-4.79989609,100.76837872,-2.03637550,13.52588700,-0.82144070,5.77015000,5.14600130,-13.56977750,1.26647540,-22.26454000,-1.18070630,6.08237600,-0.84081650,15.00003300,-2.27595640,4.57837960,4.88678400,7.28124330,22.40329700,-33.94444300,48.79025700,-5.03464500,0.30404904,10.48087800,55.27076000,-47.18035500,13.69512750,-47.49049400,26.48566800,-27.26430700,-11.28615600
886,0.20200731,-15.95639133,76.97004274,2.12663968,-4.79702747,100.91308523,-2.00141380,13.48166600,-0.75596620,5.78058000,4.86246100,-13.48233700,1.18937520,-22.30653000,-1.13189770,6.07517770,-0.74456810,15.00003300,-2.22248320,4.54408300,4.76890750,7.29776570,22.35287300,-34.12479800,48.32275400,-4.73166850,0.47796765,10.77260600,55.43178000,-47.11184700,13.34450700,-47.36586000,25.84433400,-26.75134500,-11.28344000
887,0.00721722,-15.99248981,76.99065237,2.21562404,-4.81198114,100.85161135,-1.95205090,13.30970900,-0.72895700,5.79157830,4.84422350,-13.26136900,1.10290090,-22.45253600,-1.06040600,6.07101730,-0.70278084,15.00003300,-2.07009500,4.45820470,4.79454500,7.26122760,22.29359000,-34.53740300,48.04186200,-5.19858500,0.39785740,10.76312200,55.47480000,-47.06460000,13.21494200,-47.30059000,24.81224400,-26.61207800,-11.57573600
888,-0.16145493,-16.01399422,77.03285163,2.18837307,-4.87185478,100.89138858,-1.89779320,13.22001900,-0.71927860,5.79577200,4.84224000,-13.07983800,1.05377080,-22.51140400,-1.04145010,6.05652240,-0.57629400,15.00003300,-1.89628050,4.39830540,4.82554900,7.05514530,22.20269800,-34.99479700,48.05323400,-5.43416170,0.35672858,10.63665900,55.52313200,-47.02973000,13.16907100,-47.02521000,23.99811600,-26.69625900,-11.82159400
889,-0.31088096,-16.02556610,77.06874485,2.18597734,-4.82976529,100.82791971,-1.89101400,13.14105500,-0.69598400,5.80289300,4.79856540,-12.91594600,0.94520324,-22.56706600,-1.01460640,6.05899300,-0.49213320,15.00003300,-1.83008270,4.33775470,4.84883400,7.09683660,22.16569300,-35.16694300,47.80106000,-5.40902600,0.34323310,10.59255500,55.45227400,-47.02223000,13.13487700,-46.81234400,23.19097000,-26.29946100,-12.05198600
890,-0.44321626,-16.02934265,77.09572978,2.21369104,-4.74789575,100.70125536,-1.90221690,13.05645200,-0.67668120,5.81080900,4.73768100,-12.74059200,0.82735085,-22.62991300,-0.97383106,6.05219200,-0.38135230,15.00003300,-1.72268570,4.28723700,4.87836400,7.06551100,22.10200900,-35.40649000,47.68741000,-5.46527530,0.35227448,10.62379600,55.42767700,-47.01926800,13.07099700,-46.67906000,22.41084700,-25.82170100,-12.14276100
891,-0.56036586,-16.02794266,77.11566975,2.26450806,-4.67691503,100.55565651,-1.91549020,12.95927300,-0.66486293,5.82212730,4.68746950,-12.53118400,0.71353830,-22.70050200,-0.89610390,6.03946600,-0.19172843,15.00003300,-1.59662060,4.23755460,5.01913900,6.92946670,22.03444100,-35.67807400,47.76722000,-5.72433500,0.40152243,10.63893300,55.39732400,-47.04213300,13.04244200,-46.58493800,21.64223000,-25.68858300,-11.96898500
892,-0.65709001,-16.02238846,77.19300451,2.18644724,-4.48357209,100.48163439,-2.01460220,12.94734400,-0.68030953,5.82200240,4.70674320,-12.39737700,0.58034676,-22.68361700,-0.89448870,6.03501600,-0.17427950,15.00003300,-1.60639880,4.21838400,5.18842600,6.82960500,21.98886300,-35.95173600,47.83099700,-5.38183600,0.43767026,10.62602400,55.38139700,-47.06324000,13.07325300,-46.31700000,20.20032700,-25.97558800,-12.56068600
893,-0.73828149,-16.02017403,77.22291340,2.20794381,-4.39385971,100.46689903,-2.04437800,12.88549100,-0.67971000,5.82025340,4.72564200,-12.31418400,0.50307393,-22.73253300,-0.89853650,5.99279450,-0.15142111,15.00003300,-1.60595980,4.15934560,5.26832680,6.73805600,21.97099300,-36.08212000,47.91283000,-5.21771400,0.44047150,10.62481500,55.33346600,-47.07036600,13.08221800,-46.18412000,19.63184200,-25.96536000,-12.78224700
894,-0.80557454,-16.02299690,77.24104998,2.27489793,-4.30128511,100.40298494,-2.09620140,12.79195700,-0.66120000,5.82305340,4.76043030,-12.18176600,0.37666044,-22.80762100,-0.87087820,6.02069200,-0.15366934,15.00003300,-1.53395160,4.10118150,5.30523250,6.56277300,21.89353800,-36.31041300,48.13956500,-5.32879070,0.41130555,10.77971650,55.29876000,-47.08537700,13.12207100,-46.10893600,19.28990600,-25.72899200,-12.85667500
895,-0.86022067,-16.03169632,77.26436797,2.33686202,-4.18418956,100.27166441,-2.18203230,12.70096600,-0.63689095,5.83024070,4.80485770,-11.98942700,0.25051683,-22.86597800,-0.83642340,6.02503000,-0.12057212,15.00003300,-1.47596880,4.04939700,5.42309100,6.48047350,21.87360400,-36.34189600,48.24769200,-5.55502750,0.35009843,10.99736500,55.28017800,-47.09043000,13.14914800,-46.13028700,18.87023700,-25.29904700,-12.82818800
896,-0.90331894,-16.05215645,77.27644707,2.34589116,-4.18402650,100.25676865,-2.16252830,12.66414700,-0.65820210,5.83233300,4.79798170,-11.92325800,0.22249848,-22.88225200,-0.85246396,6.01325600,-0.05933366,15.00003300,-1.35946080,4.00430900,5.41619250,6.26304150,21.75257000,-36.28955500,48.50948300,-5.84867700,0.24015306,11.07648800,55.14632800,-47.12030000,13.33160100,-46.01465600,18.38579000,-24.80516200,-13.12718200
897,-0.93763173,-16.08354378,77.28306189,2.34023946,-4.22677454,100.25640226,-2.13236100,12.64063900,-0.66336760,5.83457100,4.79677400,-11.88054200,0.19503963,-22.88525600,-0.86507857,6.02345700,-0.00686853,15.00003300,-1.14675090,4.01073030,5.48056170,6.07823230,21.71320200,-36.23756400,48.40047000,-5.85465500,0.32913345,10.94728900,55.20902000,-47.14000300,13.40282900,-45.98151800,17.59337000,-24.32195500,-13.20971700
898,-0.96581411,-16.12212181,77.27984162,2.34040590,-4.26957331,100.28854445,-2.11984800,12.61086400,-0.66735494,5.83937030,4.76659970,-11.81171200,0.19590212,-22.89248700,-0.87452817,6.01605700,0.02425341,15.00003300,-0.97468960,4.01970200,5.55032500,5.82593440,21.62954100,-36.16650400,48.42463300,-5.84702350,0.38412914,10.90682700,55.15020800,-47.21797600,13.65899400,-45.87375000,16.95549600,-24.19504200,-13.28983700
899,-0.98853391,-16.16696739,77.27229524,2.35323820,-4.31047736,100.32365170,-2.11664840,12.57152600,-0.66165370,5.84059670,4.74415730,-11.73665900,0.19028515,-22.90635900,-0.86738795,6.02305360,0.03336364,15.00003300,-0.74423200,4.04777240,5.64632000,5.61829570,21.61989800,-36.15891000,48.34549000,-5.92194200,0.37898210,10.94118600,55.22978600,-47.23453500,13.73234500,-45.89067500,16.59653700,-24.22654500,-13.21878050
900,-1.00565195,-16.21709251,77.27593590,2.36665911,-4.39204470,100.32202004,-2.08330200,12.53426400,-0.65831304,5.84033540,4.81669140,-11.72402500,0.20846444,-22.91097300,-0.88540060,6.00109400,0.08377245,15.00003300,-0.66655350,4.00146600,5.66993570,5.43787900,21.54938000,-36.04596700,48.41008800,-6.07972340,0.29690358,10.89241800,54.97871400,-47.35733000,14.00543500,-45.74217600,16.30072200,-23.93726700,-13.09521900
901,-1.01832509,-16.27033806,77.27990057,2.33742457,-4.42073028,100.38050458,-2.10362740,12.52275400,-0.65872175,5.83844850,4.80811900,-11.65072000,0.20799266,-22.88962200,-0.89148070,6.00002500,0.11453991,15.00003300,-0.51492930,4.00788930,5.76448800,5.18899800,21.53799400,-36.04585600,48.36902000,-6.00997800,0.28081160,10.89956400,54.97181300,-47.39456000,14.09070300,-45.67131800,16.32496500,-24.10019500,-12.94791100
902,-1.02657175,-16.32389069,77.29447426,2.32711568,-4.38177278,100.43836049,-2.15767240,12.49760800,-0.67936903,5.83553360,4.83425000,-11.58607200,0.15731095,-22.88000100,-0.90993035,5.99233250,0.13798177,15.00003300,-0.51493686,3.98067760,5.83848240,4.95928340,21.49886500,-36.04420000,48.42524000,-6.08310800,0.16242590,10.84880350,54.80218000,-47.55372600,14.34656500,-45.51434300,16.30004000,-24.15379500,-12.96309900
903,-1.03003144,-16.37866783,77.30963483,2.32120705,-4.34353054,100.48836128,-2.20564060,12.47429900,-0.69783044,5.83117960,4.87738750,-11.55148100,0.10332271,-22.87003900,-0.93242850,5.99284270,0.14294939,15.00003300,-0.47886539,3.96542950,5.92650560,4.75933600,21.48219300,-36.02460000,48.41812500,-6.15709260,0.09501743,10.76634100,54.76024000,-47.66221200,14.44803300,-45.46898000,16.34178200,-24.02353100,-12.90702000
904,-1.02830625,-16.43553925,77.31478708,2.29779228,-4.37509235,100.53076585,-2.21416800,12.47260400,-0.69600580,5.82709300,4.91066900,-11.55802800,0.11097920,-22.84257100,-0.95897080,5.99444300,0.13000791,15.00003300,-0.39828750,3.96885230,5.99346070,4.58476400,21.46672200,-35.92440800,48.38567700,-6.14288040,0.21423082,10.73939800,54.66101000,-47.80064400,14.56283700,-45.42244700,16.53149200,-23.75575400,-12.79726600
905,-1.01794732,-16.49286461,77.31903145,2.29892628,-4.34287455,100.52032530,-2.29435300,12.44601100,-0.67484670,5.82596450,4.94360160,-11.46276200,0.07376150,-22.82815200,-0.96579170,5.99076900,0.12694356,15.00003300,-0.28563055,3.98697700,6.07145000,4.32969500,21.46899400,-36.04172000,48.44926500,-6.22104640,0.18714440,10.87093600,54.55616800,-47.94075400,14.74550500,-45.46735000,16.20055400,-23.76898000,-12.82272900
906,-1.00345659,-16.55245018,77.30531963,2.32819181,-4.41365515,100.54332725,-2.27218370,12.41188900,-0.68885946,5.82426360,4.97174200,-11.44825600,0.08864156,-22.83428000,-0.96899880,5.98416300,0.14321720,15.00003300,-0.32037163,3.97433610,6.16056500,4.18910260,21.46631000,-36.00312800,48.52692400,-6.22280200,0.09308281,10.88615800,54.36155000,-48.05674400,14.88131600,-45.47755000,16.40592200,-23.85986500,-12.62438700
907,-0.98384321,-16.61265373,77.29157965,2.34828146,-4.50798118,100.60207341,-2.23769970,12.38456100,-0.71396950,5.82274250,5.00635340,-11.44048700,0.12379780,-22.83270800,-0.96383154,5.98118830,0.18535186,15.00003300,-0.36730677,3.97971650,6.26831900,4.05646320,21.45911000,-35.91330700,48.60003300,-6.07091100,0.01559658,10.85654100,54.23436400,-48.12639000,14.94285300,-45.54172500,16.55507700,-23.96202500,-12.35323200
908,-0.95821095,-16.67206955,77.28457421,2.35278306,-4.56868220,100.68715527,-2.24341370,12.36474300,-0.73534450,5.82161800,5.04931400,-11.40989900,0.15171069,-22.81742700,-0.95930710,5.98128030,0.23640487,15.00003300,-0.37143450,4.00685070,6.38010170,3.87814710,21.45290800,-35.87137200,48.67944300,-5.79768660,-0.00988812,10.83377300,54.13622700,-48.17647600,15.02472000,-45.61209500,16.43589200,-24.04894600,-12.15320100
909,-0.92444110,-16.72815323,77.26865767,2.41459505,-4.52300426,100.73174489,-2.30616520,12.31959100,-0.73156430,5.81582400,5.08469150,-11.41261900,0.09351918,-22.83670200,-0.99337393,5.97471430,0.19888265,15.00003300,-0.32588503,3.96912220,6.45340350,3.60648100,21.45905300,-36.04285400,48.85374500,-5.66041370,-0.00708370,10.80337200,53.96694000,-48.29048000,15.27504300,-45.61024500,16.61866400,-24.11749600,-12.16400700
910,-0.88915926,-16.78228378,77.26969654,2.40677065,-4.53891056,100.81430666,-2.33576460,12.31408200,-0.75076973,5.81390200,5.13421630,-11.41537100,0.10315395,-22.81263500,-1.00751280,5.97615600,0.18595688,15.00003300,-0.34562644,4.00621750,6.54013600,3.44652920,21.46108800,-36.05698800,48.94741400,-5.40330270,0.00678872,10.68289000,53.90559400,-48.33272000,15.34623200,-45.69793300,16.66649000,-24.10051500,-11.94844300
911,-0.85222095,-16.83233070,77.26146153,2.42337772,-4.53396057,101.00491165,-2.38488630,12.29097100,-0.76395860,5.81069000,5.17537830,-11.43930500,0.08704875,-22.81416300,-1.04014110,5.98204330,0.14986788,15.00003300,-0.36020250,4.01226400,6.62191800,3.22614100,21.46253400,-36.06824000,49.03610200,-5.25300000,-0.00412331,10.54051300,53.93847000,-48.36273000,15.42655200,-45.74947700,16.84005700,-24.01020000,-11.88158000
912,-0.81441051,-16.87795448,77.24333768,2.46383876,-4.52751330,101.23775558,-2.43358350,12.25464900,-0.77216274,5.80452250,5.21038630,-11.48105700,0.07790940,-22.83486200,-1.09711560,5.96699800,0.10699786,15.00003300,-0.35934990,4.00718900,6.69800800,3.00120570,21.46441000,-36.07734700,49.09841500,-5.18573470,-0.01852856,10.38573600,54.04577000,-48.37926500,15.49387000,-45.80937600,17.01997800,-23.84851800,-11.92632300
913,-0.77725023,-16.92061615,77.22834346,2.47953318,-4.58771843,101.31041316,-2.42632910,12.24574200,-0.77757883,5.80240960,5.25178150,-11.52124700,0.11471624,-22.82491100,-1.12850140,5.97577950,0.07620357,15.00003300,-0.35185110,4.05784750,6.74060100,2.88750620,21.46392000,-36.05272000,49.18963200,-5.09860040,0.00226617,10.19653100,54.03620500,-48.38885000,15.53771800,-45.93345300,16.80707000,-23.64221400,-11.86242500
914,-0.74160212,-16.95579147,77.22545308,2.47526344,-4.52841011,101.36665794,-2.51882620,12.24925500,-0.73855080,5.79636670,5.28291800,-11.53557200,0.06972824,-22.79717300,-1.15295680,5.98640900,0.04184083,15.00003300,-0.44981536,4.03081230,6.80845100,2.70697880,21.47232400,-36.18374000,49.36857000,-4.80355500,-0.11391917,10.33005600,53.95006000,-48.40321700,15.68494400,-45.89759000,16.77321200,-24.29667500,-11.89897800
915,-0.70997006,-16.98756409,77.22012378,2.48330085,-4.53582905,101.47228079,-2.55947920,12.23704200,-0.72283490,5.79406900,5.33711800,-11.56104000,0.08084878,-22.78876500,-1.16868380,5.98528770,0.02730452,15.00003300,-0.46585736,4.02784600,6.86010100,2.56311600,21.47928200,-36.22382000,49.45153400,-4.83310460,-0.13165039,10.37396200,53.92962300,-48.40324000,15.79044700,-45.89225000,17.20717400,-24.60766200,-11.78987400
916,-0.68117702,-17.01580811,77.21188747,2.52193991,-4.55090430,101.57161462,-2.58184980,12.20308100,-0.72142200,5.79258100,5.40477900,-11.57974300,0.08109591,-22.80473100,-1.17670010,5.98819070,0.01881933,15.00003300,-0.42631160,4.02310660,6.92145820,2.41549250,21.48455400,-36.21704000,49.51507600,-4.92498160,-0.12571225,10.35747300,53.94098300,-48.39982600,15.91899800,-45.90345800,17.63774700,-24.75056500,-11.70623300
917,-0.65373623,-17.03980446,77.20225008,2.60018996,-4.50540838,101.60810113,-2.62707920,12.14715100,-0.72733540,5.78700830,5.46993400,-11.56939700,0.02504834,-22.84285200,-1.19727970,5.98270750,0.01180012,15.00003300,-0.35752288,3.99472050,7.01559700,2.23475980,21.49688500,-36.28983300,49.62127700,-4.77407500,-0.18559803,10.36956400,54.00306700,-48.39981000,16.10595300,-45.92917300,17.54799800,-25.01861600,-11.84073450
918,-0.62896132,-17.06084061,77.20783835,2.57240806,-4.39914459,101.60902632,-2.72138760,12.17001150,-0.72265220,5.78728960,5.42964650,-11.54022000,-0.03760150,-22.80182600,-1.20750010,5.98091500,0.04241871,15.00003300,-0.28185013,4.00183800,7.03912800,2.09566660,21.50831200,-36.29017600,49.67285000,-4.70205300,-0.15257572,10.36030500,54.04519000,-48.40091000,16.23202900,-45.91289000,17.70361100,-25.16052400,-11.74240700
919,-0.60671008,-17.08243561,77.21172929,2.53793137,-4.37563708,101.72315545,-2.77472830,12.18533100,-0.73496850,5.78647040,5.42521050,-11.51666600,-0.04313465,-22.77534500,-1.20699610,5.98387670,0.05476780,15.00003300,-0.23735328,4.01333330,7.09195000,1.95642880,21.51776000,-36.19265700,49.62648800,-4.80404000,-0.11589900,10.34111900,54.16065000,-48.39407000,16.29843300,-45.90134400,17.74602000,-25.15197000,-11.82086700
920,-0.58391148,-17.10474396,77.21177924,2.50832067,-4.38686035,101.88951119,-2.80506540,12.19476700,-0.75537130,5.78704600,5.42859170,-11.51266400,-0.01970527,-22.75717400,-1.21910480,5.98874330,0.04736923,15.00003300,-0.20201345,4.03038300,7.15071540,1.81125680,21.52597000,-36.07038500,49.54216800,-4.85171650,-0.02872498,10.18771700,54.28593000,-48.38760400,16.35105900,-45.88968700,18.04443400,-25.04633300,-11.68764900
921,-0.55901229,-17.12771416,77.20906930,2.49749541,-4.38978408,102.03704882,-2.82845000,12.19751200,-0.76951930,5.78631930,5.43731930,-11.53013500,-0.00740632,-22.74413900,-1.24215380,5.98244000,0.03243041,15.00003300,-0.12618904,4.05875250,7.19516660,1.65893880,21.53437000,-36.00774000,49.46579400,-4.85183140,0.08442939,9.92421500,54.41447000,-48.38631000,16.40646400,-45.88845000,18.68371400,-24.93591300,-11.28305300
922,-0.53262597,-17.15219688,77.21465060,2.54705049,-4.36509492,102.04423633,-2.84168400,12.15583200,-0.80471540,5.78410900,5.51663260,-11.53248200,-0.06080573,-22.76711700,-1.27363090,5.99381600,0.00513634,15.00003300,0.00109638,4.06976200,7.31315660,1.53029270,21.53978700,-35.97096000,49.46823000,-5.29366100,-0.03658853,9.90379300,54.55925800,-48.38566000,16.48300200,-45.97087000,18.94742600,-25.14544100,-11.39020200
923,-0.50513291,-17.17800713,77.21373525,2.59947546,-4.31312141,102.02159742,-2.87776160,12.12566900,-0.81119670,5.77965550,5.58235200,-11.55886200,-0.11134145,-22.77940400,-1.31041790,5.97323400,-0.01921147,15.00003300,0.05975116,4.01531300,7.36790560,1.38884070,21.57182300,-35.99404000,49.54657700,-5.51915740,-0.15139277,10.08866800,54.50868000,-48.38998000,16.73615800,-45.97469700,18.94892300,-25.35022700,-11.56533050
924,-0.48003146,-17.20608711,77.20755221,2.62196348,-4.32077684,102.07630708,-2.90396140,12.10595400,-0.81038210,5.77606530,5.63156100,-11.55481800,-0.11304820,-22.77701800,-1.32175700,5.97555400,0.01198942,15.00003300,0.16482063,4.00054360,7.42403800,1.26491420,21.58841300,-35.93401000,49.49959600,-5.74832700,-0.16512793,10.14627000,54.54940000,-48.39103000,16.87900500,-45.98763000,18.58017500,-25.34613400,-11.53912700
925,-0.45741409,-17.23564148,77.19754026,2.62535401,-4.35098949,102.18361189,-2.93466700,12.09500900,-0.79832125,5.77344400,5.66273700,-11.53384400,-0.08550061,-22.76451100,-1.31578480,5.97241500,0.07455012,15.00003300,0.28247708,3.98297290,7.46860000,1.13725200,21.60537000,-35.78135300,49.42209200,-5.97133900,-0.11273749,10.08636700,54.60455300,-48.39483000,17.02345000,-45.98899500,17.97386600,-25.19692000,-11.37340500
926,-0.43599632,-17.26504135,77.18522113,2.66492994,-4.29057546,102.24005425,-2.99766540,12.07024100,-0.77123487,5.76582100,5.67485200,-11.55716700,-0.11287402,-22.77546700,-1.33548960,5.97093400,0.01187879,15.00003300,0.34027547,3.94541070,7.51298400,0.99592143,21.61256600,-35.73898000,49.48255000,-6.02186000,-0.13354221,10.18652600,54.57125000,-48.40305300,17.12269600,-46.00102200,17.64909400,-25.12507000,-11.26565300
927,-0.42183390,-17.29699898,77.19466069,2.62512554,-4.29613354,102.32636075,-3.03443840,12.08102500,-0.78316390,5.76400300,5.70003000,-11.52447500,-0.12670806,-22.74345200,-1.33586410,5.99575230,0.00218367,15.00003300,0.38132176,3.91305230,7.56075100,0.84211266,21.62375300,-35.69498400,49.52903700,-5.94205300,-0.05920678,10.04802600,54.51292400,-48.42651400,17.25961900,-45.91062500,17.64687300,-25.06649400,-10.96740500
928,-0.41036046,-17.32882690,77.20759874,2.60171388,-4.29319268,102.42575373,-3.06864100,12.07512200,-0.80532044,5.75959250,5.75100660,-11.50476000,-0.11521388,-22.72342100,-1.36202430,5.97579430,0.02827770,15.00003300,0.37327108,3.86542490,7.63654600,0.71174480,21.63675500,-35.62151700,49.57092700,-5.99087240,-0.00736325,9.95826600,54.32861700,-48.46831500,17.48159600,-45.71607000,17.69593600,-25.09859800,-10.78338300
929,-0.40145245,-17.36099434,77.22090842,2.58463813,-4.27148344,102.49932494,-3.11027300,12.06929200,-0.81401694,5.75540260,5.80322030,-11.49784600,-0.13568123,-22.70406500,-1.37777170,5.97246600,0.04986260,15.00003300,0.38543624,3.83526750,7.70061100,0.59261674,21.64379900,-35.57633000,49.60014300,-6.01405950,0.02912915,9.90604100,54.26067400,-48.49835200,17.59529300,-45.61717600,17.68313600,-25.15899000,-10.67828100
930,-0.39530957,-17.39365005,77.23327989,2.54817814,-4.25711026,102.54032009,-3.14590430,12.07996700,-0.81922644,5.75201230,5.82779700,-11.49344700,-0.14864402,-22.67158900,-1.40035310,5.96846600,0.05921683,15.00003300,0.37327190,3.83506770,7.73072700,0.52520776,21.64564700,-35.55041000,49.60960800,-5.81600330,0.06123877,9.85574300,54.19595700,-48.50879700,17.63465700,-45.55487000,17.50423600,-25.19815400,-10.66076900
931,-0.39224693,-17.42622757,77.24592263,2.46777318,-4.23809885,102.59429241,-3.20023780,12.11602100,-0.81825906,5.75396600,5.78788300,-11.45107650,-0.16148154,-22.61409600,-1.42700330,5.97046400,0.04533648,15.00003300,0.42874783,3.84298060,7.76022670,0.39211062,21.64829300,-35.56165700,49.61417000,-5.66365150,0.14270285,9.78258900,54.13675000,-48.52550000,17.67520100,-45.43777500,17.82513200,-25.48465700,-10.38317300
932,-0.39141396,-17.45778847,77.24174375,2.45955003,-4.29292085,102.72607476,-3.19587950,12.09963800,-0.81947790,5.75142400,5.80719660,-11.44349800,-0.11675932,-22.61208300,-1.42575810,5.95624400,0.06575381,15.00003300,0.42480314,3.81770320,7.80598300,0.24438170,21.64722600,-35.56816000,49.65859200,-5.67902000,0.21978737,9.61487800,54.06334300,-48.56576500,17.77213500,-45.32885400,18.24246400,-25.59019500,-10.07928600
933,-0.39108643,-17.48679543,77.23617785,2.46298515,-4.34892621,102.86107494,-3.19113500,12.07728000,-0.81942380,5.75041100,5.84076170,-11.44307900,-0.08882964,-22.61754800,-1.42044230,5.96137240,0.09413838,15.00003300,0.41948405,3.78482750,7.85405540,0.13791916,21.64203500,-35.54644400,49.64672000,-5.64673400,0.27081227,9.46239600,54.03439300,-48.60795200,17.86049500,-45.23480000,18.44591000,-25.57662800,-9.81775600
934,-0.39053416,-17.51178360,77.23934780,2.44176169,-4.37864492,102.96847875,-3.20020100,12.07480800,-0.82213100,5.74919500,5.86466300,-11.43704100,-0.07021527,-22.60290700,-1.43951490,5.95672660,0.13377419,15.00003300,0.45302498,3.75030950,7.90737000,0.03964646,21.64129400,-35.54699300,49.58000000,-5.48546800,0.28624868,9.37832500,54.06530000,-48.61876000,17.88859000,-45.13718000,18.35745600,-25.51959600,-9.59442100
935,-0.39169443,-17.53127670,77.25322394,2.40410230,-4.38064112,103.09368210,-3.22210070,12.08386600,-0.83150110,5.74554870,5.90288700,-11.45020800,-0.07369543,-22.58049400,-1.43810140,5.97893430,0.15501171,15.00003300,0.38317066,3.71300300,7.94185260,-0.01964669,21.64149500,-35.55329000,49.53629300,-5.27127300,0.26070770,9.33503700,54.07729300,-48.62331000,17.89499300,-45.04401000,18.29698800,-25.54714000,-9.34132400
936,-0.39017728,-17.54246330,77.25952979,2.35988256,-4.32410838,103.19527882,-3.28492980,12.10540200,-0.82610774,5.74433000,5.86473370,-11.44430400,-0.09781865,-22.55144700,-1.47773910,5.96830940,0.15965581,15.00003300,0.40011814,3.66964650,7.98230500,-0.15729056,21.64474000,-35.57570300,49.53399000,-5.20570200,0.23720053,9.26827600,54.15516300,-48.64703800,17.93026500,-44.92255400,18.30035000,-25.60221900,-9.16709900
937,-0.38685465,-17.54893303,77.26560601,2.34568695,-4.25721866,103.24536733,-3.34292240,12.10981500,-0.82056810,5.74435700,5.84752000,-11.43154000,-0.14097428,-22.53995500,-1.50146990,5.96951250,0.15583803,15.00003300,0.45891553,3.62059900,8.00316700,-0.29614368,21.64836100,-35.61982300,49.59521500,-5.26347060,0.21083738,9.25840800,54.23546000,-48.69385000,17.99995000,-44.86067600,18.42534300,-25.63047200,-9.13121000
938,-0.38233435,-17.55127716,77.27116139,2.35457010,-4.20816514,103.25655900,-3.38033180,12.09966700,-0.82145010,5.74511580,5.85860800,-11.41435600,-0.17576803,-22.54294400,-1.51095630,5.96853700,0.16384499,15.00003300,0.49965152,3.58043900,8.01341400,-0.36462718,21.65067900,-35.61678000,49.64440000,-5.33743330,0.18577208,9.30794700,54.27161800,-48.75646200,18.08537100,-44.82934000,18.58824200,-25.63137200,-9.15768600
939,-0.37754676,-17.55036926,77.27035616,2.34506982,-4.20652958,103.26682990,-3.39474300,12.10475350,-0.82280990,5.74575330,5.85117100,-11.39081600,-0.18977535,-22.53491200,-1.51868690,5.96016740,0.20791803,15.00003300,0.51713710,3.56394770,8.00703900,-0.38119853,21.65082200,-35.54921300,49.65157700,-5.31595950,0.13979338,9.35620100,54.33175300,-48.77099000,18.10372400,-44.81818000,18.49085800,-25.59267400,-9.14627900
940,-0.36951140,-17.54682541,77.26623139,2.35189193,-4.17553475,103.32459452,-3.41640330,12.10358000,-0.81849360,5.74500300,5.83414130,-11.40976700,-0.20377800,-22.53970500,-1.52887710,5.97546770,0.17352611,15.00003300,0.42770424,3.51945900,8.03065200,-0.38637190,21.65279800,-35.52285400,49.66682000,-5.31570770,0.10804266,9.33750400,54.35693400,-48.77699300,18.10246800,-44.80066300,18.80619600,-25.63621500,-9.09967200
941,-0.36139318,-17.54304886,77.25900478,2.34848462,-4.16551156,103.34591605,-3.42214500,12.11720800,-0.81039860,5.74500470,5.80587430,-11.43953500,-0.20511785,-22.53234100,-1.53523310,5.96974900,0.16778746,15.00003300,0.38143283,3.48941600,8.01551150,-0.37669277,21.65514600,-35.48285700,49.70351800,-5.40383400,0.12344495,9.36930750,54.36631800,-48.77912000,18.08825100,-44.80788400,19.14696900,-25.54081000,-9.08558500
942,-0.35402194,-17.53957748,77.24602737,2.33977714,-4.17336215,103.36220406,-3.41586470,12.13517300,-0.80233980,5.74811400,5.74859140,-11.47181200,-0.19167261,-22.52187700,-1.54232220,5.97312000,0.16627553,15.00003300,0.30633350,3.46571060,7.97471570,-0.33732778,21.65629600,-35.41636700,49.75683200,-5.53561070,0.14222258,9.42415200,54.35085700,-48.77430700,18.05180000,-44.83612400,19.63252600,-25.32013500,-8.97015600
943,-0.34840471,-17.53644562,77.22557876,2.33330760,-4.16054327,103.39919587,-3.42654940,12.15190500,-0.77767700,5.75115900,5.64910500,-11.50091100,-0.18281958,-22.51272600,-1.53732420,5.95929200,0.17896205,15.00003300,0.11482973,3.45853280,7.96306300,-0.22663999,21.66238600,-35.22305300,49.74097000,-5.59108540,0.10727632,9.43417400,54.33482400,-48.73401300,17.86262700,-44.92128000,20.45128400,-24.99546400,-8.51781900
944,-0.34593478,-17.53450012,77.22358213,2.33533258,-4.19228649,103.47895885,-3.41666440,12.14389300,-0.78606750,5.75080730,5.66862400,-11.49786900,-0.16443366,-22.52118100,-1.51635340,5.97890500,0.18721464,15.00003300,0.03312606,3.42654600,7.97660350,-0.21548970,21.66592400,-35.18317800,49.73626300,-5.58231970,0.06572413,9.42871100,54.37986800,-48.71843700,17.79843900,-44.91953300,20.34915200,-24.85738000,-8.54313000
945,-0.34549966,-17.53170395,77.22809126,2.32068611,-4.18644656,103.47263034,-3.43393420,12.14793400,-0.78259090,5.75210300,5.67184160,-11.47391500,-0.15897270,-22.51308000,-1.52141810,5.95976920,0.20948029,15.00003300,-0.03664070,3.41397200,7.99478700,-0.16196577,21.67949700,-35.11747000,49.71558000,-5.52699300,-0.06793686,9.55588500,54.44354200,-48.65927000,17.64241000,-44.97905700,20.50603700,-24.73868000,-8.47589100
946,-0.34690139,-17.52828789,77.23460638,2.31157517,-4.16059109,103.44237230,-3.45878930,12.14947400,-0.77732027,5.75289100,5.67320800,-11.44012000,-0.19117317,-22.50730100,-1.52034070,5.96112100,0.22735187,15.00003300,-0.09454581,3.37541650,7.98380000,-0.13011397,21.68291500,-35.10610200,49.74589500,-5.49093100,-0.18342319,9.59277300,54.43890800,-48.64547300,17.60202600,-44.97464000,20.68269500,-24.67292400,-8.39870000
947,-0.35020107,-17.52429390,77.24336166,2.30595271,-4.14502995,103.44375964,-3.46860300,12.14614800,-0.79349030,5.75339460,5.68339800,-11.40761900,-0.21323708,-22.50679600,-1.52586440,5.96488860,0.24843921,15.00003300,-0.12768279,3.32781340,8.00345500,-0.12301689,21.68702000,-35.10348500,49.74873700,-5.43023400,-0.20965193,9.38035300,54.44147000,-48.63107000,17.55825800,-44.92180600,20.76757400,-24.63115300,-8.23798900
948,-0.35662919,-17.51987839,77.27277679,2.22214436,-4.16719554,103.48723872,-3.45372340,12.19199850,-0.83640560,5.75157800,5.71023850,-11.40331600,-0.18620387,-22.45864700,-1.55119550,5.95424700,0.27398840,15.00003300,-0.08519888,3.32321720,8.01415400,-0.14683238,21.70164000,-35.12365300,49.68248400,-5.30589150,-0.08146240,9.00894000,54.47702000,-48.58976000,17.47011400,-44.81418000,20.72128100,-24.57603000,-8.04984800
949,-0.36184576,-17.51325226,77.27611055,2.19980302,-4.10644619,103.46868741,-3.49219970,12.21446100,-0.81270504,5.74966670,5.67464100,-11.43432700,-0.23157969,-22.44303900,-1.57647400,5.95310070,0.24773856,15.00003300,-0.11744545,3.28523920,7.99208400,-0.12048607,21.71517400,-35.13118700,49.72140000,-5.21117100,-0.13259977,9.07647600,54.49118000,-48.54565000,17.39404900,-44.78906600,21.28103300,-24.65855200,-7.84173800
950,-0.36647832,-17.50695229,77.28174926,2.18990930,-4.06322965,103.47381167,-3.51063590,12.22483000,-0.80919940,5.74617050,5.66325900,-11.45860300,-0.25497610,-22.43721600,-1.59282650,5.94881960,0.24068055,15.00003300,-0.13958856,3.24763680,7.98320900,-0.11049408,21.72644600,-35.14645000,49.75370400,-5.19221500,-0.11685000,8.93281800,54.50373000,-48.50837700,17.31945000,-44.75707600,21.70479600,-24.65395700,-7.59119030
951,-0.37035173,-17.50210571,77.29354474,2.18430293,-4.04533636,103.49874837,-3.51112150,12.22740650,-0.83081245,5.74501850,5.69143440,-11.47003500,-0.27177948,-22.43476700,-1.58752400,5.95715430,0.26420403,15.00003300,-0.15039533,3.21014200,7.97527700,-0.12037393,21.73413000,-35.16423400,49.78808600,-5.19022400,-0.03656644,8.59795200,54.50282700,-48.48179200,17.26909400,-44.70359000,21.73973700,-24.58102800,-7.41351300
952,-0.37273237,-17.49940300,77.30044389,2.19822167,-4.04719583,103.48757645,-3.49856100,12.21764850,-0.84348100,5.74215800,5.73789450,-11.48374200,-0.28820327,-22.44236400,-1.57667370,5.96526900,0.31383010,15.00003300,-0.20695443,3.16934730,7.98352860,-0.10314636,21.73964300,-35.15728000,49.85187500,-4.99315070,-0.07179880,8.61007200,54.49711000,-48.45015300,17.18608300,-44.67622000,21.37492000,-24.63847500,-7.49114270
953,-0.36922073,-17.49951363,77.29689398,2.20685133,-4.00617096,103.42349421,-3.53330450,12.22045200,-0.80476260,5.73784200,5.73798400,-11.49989100,-0.31987694,-22.43802300,-1.60751890,5.94613100,0.30933562,15.00003300,-0.25169830,3.15259620,7.96115700,-0.05187815,21.75018300,-35.09162500,49.91525000,-5.00633100,-0.20026508,8.74290300,54.51657000,-48.36725600,17.03351600,-44.74976300,21.73686600,-24.63450200,-7.37993600
954,-0.36476380,-17.50445366,77.29995033,2.19025629,-4.03154208,103.42934763,-3.53173950,12.22777600,-0.80162230,5.73628470,5.76089900,-11.49350700,-0.31505844,-22.42471100,-1.61535170,5.95569850,0.32168728,15.00003300,-0.27550610,3.14535470,7.93881230,-0.05008568,21.75277900,-35.06229800,49.95508600,-5.01524930,-0.21509837,8.63258000,54.50313600,-48.34087800,16.98784000,-44.74902700,21.88390200,-24.67233700,-7.31842950
955,-0.35832322,-17.51335907,77.30781684,2.17265564,-4.08391832,103.46642223,-3.51341000,12.22907450,-0.81951920,5.73334070,5.81588700,-11.47790600,-0.27550050,-22.41236100,-1.62159610,5.94736670,0.34998150,15.00003300,-0.29103577,3.14827440,7.94566350,-0.05949127,21.75935200,-35.01540800,49.94694500,-5.02012400,-0.21706401,8.45688100,54.48529000,-48.26244400,16.90325000,-44.74308400,21.97191600,-24.72346000,-7.22799350
956,-0.34789065,-17.52505875,77.31488742,2.19211942,-4.09385078,103.45935431,-3.51861360,12.20953100,-0.81780046,5.72925140,5.89926960,-11.47353300,-0.27545655,-22.41799400,-1.62895670,5.95919600,0.33110866,15.00003300,-0.34223816,3.13592000,7.92597200,-0.02328672,21.77180300,-34.98898000,49.95248400,-5.14699600,-0.35248318,8.53674100,54.42859000,-48.14892600,16.79075600,-44.78687000,22.28943600,-24.78860500,-7.13414050
957,-0.33693472,-17.54059982,77.31746139,2.16795370,-4.13731000,103.47101465,-3.50167540,12.22786700,-0.81688464,5.72533560,5.93527100,-11.51447000,-0.24275513,-22.39146000,-1.64664050,5.94080200,0.36092090,15.00003300,-0.31612660,3.12821700,7.92413330,-0.04978788,21.79061700,-35.01388000,49.92751000,-5.03129600,-0.34868320,8.48956800,54.37850000,-48.02105700,16.72445900,-44.75911300,22.38881300,-24.82408300,-7.01297200
958,-0.32390308,-17.55672646,77.30557216,2.18284806,-4.15820151,103.44775534,-3.49909730,12.22550800,-0.79778080,5.72433660,5.94179400,-11.54214300,-0.24299029,-22.38605300,-1.65161510,5.93547730,0.38500455,15.00003300,-0.29973164,3.12630180,7.89756800,-0.06375503,21.79288000,-35.00143000,49.96215400,-4.88032800,-0.28683603,8.55248500,54.33527400,-48.00324000,16.71218100,-44.79261800,22.25244300,-24.90675700,-7.05149650
959,-0.30983087,-17.57323074,77.29693020,2.18590474,-4.17842588,103.45413413,-3.50076270,12.22769500,-0.78669380,5.72133540,5.94903660,-11.56147700,-0.24965495,-22.37466600,-1.65460300,5.94811600,0.41214940,15.00003300,-0.28415617,3.11689800,7.90155270,-0.09432143,21.80587400,-34.94571300,49.97196200,-4.69920060,-0.22371617,8.60397150,54.26944000,-47.87631000,16.68019300,-44.77302000,22.07338000,-24.95783800,-7.06351700
960,-0.29564035,-17.58901215,77.30055339,2.15225588,-4.20587881,103.51472346,-3.50376300,12.24764250,-0.79763380,5.71780400,5.96970130,-11.57710550,-0.23542394,-22.34361300,-1.66812060,5.94448700,0.46333733,15.00003300,-0.34978798,3.11866620,7.88242300,-0.10917723,21.80829400,-34.92833300,49.97723400,-4.62201170,-0.21033484,8.63188600,54.23766000,-47.85522000,16.65937400,-44.74397300,22.02299000,-25.00428600,-7.12469100
961,-0.27885845,-17.60258865,77.29525535,2.15517385,-4.20904853,103.49245789,-3.51020650,12.25371200,-0.78888060,5.71425060,5.97985500,-11.59805200,-0.23490839,-22.33034100,-1.66920300,5.94259200,0.47090790,15.00003300,-0.33463860,3.11499500,7.88495350,-0.12392348,21.82817600,-34.91128000,49.97799000,-4.51916200,-0.22632788,8.66319800,54.16823200,-47.72266400,16.60130100,-44.75710300,22.13307000,-25.05524800,-7.11833100
962,-0.26116395,-17.61314774,77.29349732,2.14495788,-4.22039914,103.47507357,-3.50185280,12.27534800,-0.78766820,5.71131130,5.99645230,-11.65868500,-0.21946041,-22.30860000,-1.67741700,5.94053460,0.45936340,15.00003300,-0.29539672,3.12027700,7.86138870,-0.14174236,21.84499700,-34.90020800,49.99345800,-4.53386100,-0.18230811,8.70476900,54.11322000,-47.62103300,16.58710900,-44.76908500,22.17155600,-25.05234000,-7.17498350
963,-0.24288984,-17.62045860,77.28633280,2.15432835,-4.23340551,103.45631702,-3.49360730,12.28329850,-0.78085554,5.70693350,6.01434600,-11.70350800,-0.20968889,-22.30047800,-1.67652750,5.93953370,0.46311882,15.00003300,-0.26185128,3.12697390,7.83748530,-0.15133147,21.86013200,-34.85823000,50.03062000,-4.50716970,-0.15430059,8.73926800,54.05063600,-47.51496500,16.59604600,-44.79788600,22.20602600,-25.09266900,-7.25990150
964,-0.22444290,-17.62405968,77.27305023,2.18176898,-4.24688563,103.44163482,-3.49142620,12.27728800,-0.77075710,5.70535140,6.02673000,-11.72463100,-0.20202254,-22.30467800,-1.66971910,5.93656400,0.48603640,15.00003300,-0.25344440,3.13291840,7.81306600,-0.15115951,21.86872900,-34.79933500,50.09930000,-4.42683600,-0.15145960,8.77185400,54.00837700,-47.42686500,16.60934800,-44.86499800,22.24062200,-25.20190600,-7.35424300
965,-0.20648079,-17.62328529,77.25969068,2.19926031,-4.26195626,103.44378520,-3.48497940,12.27944600,-0.76370585,5.70001550,6.02639250,-11.74679700,-0.18999256,-22.30394200,-1.66466560,5.92976800,0.51810570,15.00003300,-0.28107350,3.12657450,7.78697540,-0.15063453,21.87216800,-34.75677000,50.19437800,-4.35292630,-0.12732640,8.81189200,53.97420500,-47.37814700,16.61431300,-44.91201800,22.23410000,-25.35673500,-7.37298970
966,-0.18897730,-17.61713982,77.25513167,2.20692218,-4.27297639,103.43960602,-3.47962700,12.28620900,-0.76965850,5.69840600,6.04384230,-11.76291300,-0.17460074,-22.29908200,-1.66313050,5.93168450,0.53564720,15.00003300,-0.27775794,3.10785770,7.75683550,-0.17171115,21.88415500,-34.77808000,50.29086000,-4.27189450,-0.12742276,8.77900100,53.88415000,-47.26090000,16.66312800,-44.88570800,22.21577600,-25.40691600,-7.50592230
967,-0.17216152,-17.60700417,77.25115992,2.21159639,-4.29001546,103.44005457,-3.47017050,12.29456000,-0.77794015,5.69483900,6.06235200,-11.76903800,-0.14804130,-22.29274000,-1.65418390,5.92979240,0.56769900,15.00003300,-0.25703496,3.08605530,7.72046470,-0.20331173,21.89581900,-34.83165700,50.39491700,-4.17306660,-0.14232743,8.73414300,53.82777400,-47.15966400,16.72779800,-44.84958000,22.15892200,-25.61885000,-7.57995560
968,-0.15556443,-17.59303284,77.24672637,2.22254635,-4.29777894,103.42856093,-3.46304370,12.30029300,-0.78594720,5.68967900,6.07836530,-11.76656500,-0.12467613,-22.29011300,-1.64308700,5.92570730,0.60364956,15.00003300,-0.24007890,3.05225730,7.68621870,-0.23517407,21.90911900,-34.87961200,50.51181400,-4.12188800,-0.13678974,8.72179100,53.77703000,-47.06066000,16.78662300,-44.81157300,22.09892500,-25.78093100,-7.62378930
969,-0.13865803,-17.57530022,77.24169103,2.24993888,-4.27299458,103.38216934,-3.47150250,12.29913300,-0.79274330,5.68690900,6.08909850,-11.75815700,-0.12738806,-22.29643200,-1.63798510,5.92664400,0.62265800,15.00003300,-0.26295072,3.00325940,7.65533800,-0.24527442,21.92238600,-34.89820500,50.64557600,-4.22825700,-0.06874406,8.80420700,53.73736000,-46.99358000,16.80222300,-44.83177600,22.08498200,-25.58909400,-7.73761500
970,-0.12159114,-17.55421066,77.24329734,2.30029493,-4.19722218,103.30362233,-3.50284000,12.27639100,-0.81818570,5.68351650,6.10384460,-11.69718400,-0.16409707,-22.31770000,-1.63563250,5.91411400,0.64186394,15.00003300,-0.23422769,2.95131330,7.65076500,-0.27927630,21.94656400,-35.02096600,50.79612700,-4.32337860,-0.10650066,8.90198600,53.68396000,-46.92529700,16.90276300,-44.81421000,21.89334100,-25.78502000,-7.85192870
971,-0.10565039,-17.53369141,77.24482542,2.32518350,-4.15441908,103.27990366,-3.52312060,12.27070500,-0.83041024,5.67885800,6.12569050,-11.67519600,-0.20049430,-22.32657200,-1.61882150,5.93545100,0.67005247,15.00003300,-0.23681161,2.93061140,7.64351300,-0.29494940,21.95657500,-35.04142400,50.90595200,-4.40621500,-0.12128139,8.97529200,53.69870000,-46.89858600,16.94462600,-44.83020400,21.89356600,-25.83607700,-7.92419050
972,-0.08992913,-17.51424599,77.24681628,2.33101445,-4.14517849,103.30384424,-3.52871420,12.27597200,-0.84623045,5.67505900,6.15479800,-11.67753400,-0.18074585,-22.32643300,-1.61694130,5.91406870,0.71412086,15.00003300,-0.25728992,2.92522340,7.62815800,-0.29733220,21.96481000,-35.03724000,50.97969400,-4.46073250,-0.14983870,9.01523700,53.72240400,-46.87589000,16.97516400,-44.84318500,21.93003300,-25.89713300,-7.98274660
973,-0.07347620,-17.49717522,77.24866768,2.33108026,-4.14948524,103.34804392,-3.52834940,12.28464600,-0.86239980,5.67007400,6.19013260,-11.69031900,-0.15521164,-22.32458900,-1.61166120,5.90998460,0.72755510,15.00003300,-0.28332360,2.92729230,7.59924940,-0.29553470,21.97045900,-35.02551300,51.03911000,-4.47903870,-0.21683499,9.01209200,53.74310000,-46.85936400,16.99808500,-44.86014000,21.90640400,-26.04051200,-8.03774000
974,-0.05399625,-17.48392677,77.24687551,2.34717405,-4.14176747,103.35464442,-3.52565980,12.28660600,-0.88408320,5.66762800,6.20920660,-11.69517900,-0.15651342,-22.32800500,-1.61640290,5.91388900,0.74991860,15.00003300,-0.24027675,2.89714700,7.58658700,-0.31817535,22.00128700,-34.98914300,51.09434000,-4.55162430,-0.20676246,9.01031800,53.72643700,-46.78285200,17.09786400,-44.85655600,21.79014400,-25.95546300,-8.03603400
975,-0.03275086,-17.47566414,77.23793295,2.39330207,-4.14202829,103.33250871,-3.52717260,12.26262400,-0.89402830,5.67126850,6.23162000,-11.65969300,-0.16296364,-22.34723000,-1.60662450,5.91996300,0.79015636,15.00003300,-0.17053420,2.88282080,7.57043900,-0.35684904,22.01966300,-34.95473500,51.20011000,-4.79552360,-0.16909383,9.00085450,53.66537500,-46.74155400,17.18085700,-44.88445000,21.46265600,-25.76642200,-8.14373000
976,-0.01138497,-17.47181702,77.23304749,2.41432800,-4.14496975,103.31559257,-3.52780250,12.25387800,-0.91226260,5.67319250,6.24104600,-11.62759200,-0.13787112,-22.35147000,-1.61279230,5.88720600,0.82343410,15.00003300,-0.08675847,2.89279060,7.56670600,-0.39640698,22.02629700,-34.91662200,51.24942400,-4.90233000,-0.14528748,8.99317300,53.64184600,-46.72831700,17.23904000,-44.91600000,21.24268700,-25.77900300,-8.18918200
977,0.01044879,-17.47270393,77.23102770,2.41597129,-4.12787581,103.30176315,-3.54328350,12.26034500,-0.92757680,5.67315700,6.23499400,-11.60913500,-0.15399589,-22.34378200,-1.61117610,5.90962270,0.79822105,15.00003300,-0.04670503,2.86976650,7.56660100,-0.40142894,22.05998400,-34.80006400,51.23792000,-4.83485170,-0.14773645,8.98794900,53.44167300,-46.68245300,17.46993800,-44.79625000,21.14731200,-25.98225800,-8.18215700
978,0.03333940,-17.47739792,77.22017207,2.45362350,-4.07660092,103.28809242,-3.57935520,12.24496300,-0.92595930,5.67114830,6.22069400,-11.59257500,-0.18493590,-22.35458600,-1.62726810,5.89893870,0.79331404,15.00003300,-0.02013255,2.86378460,7.56613970,-0.45804772,22.06966200,-34.80057500,51.31340000,-4.92484140,-0.18403055,9.02093000,53.43176300,-46.67566700,17.52826500,-44.84357000,21.09255800,-26.03617000,-8.25048500
979,0.05395965,-17.48832703,77.21180856,2.47275449,-4.13511215,103.29356087,-3.55624370,12.23128000,-0.93990910,5.67436400,6.25539160,-11.57585900,-0.15825374,-22.36098700,-1.62047360,5.91153800,0.79324610,15.00003300,0.01359655,2.84429670,7.58417600,-0.48952582,22.09195900,-34.74336000,51.32185000,-5.03189040,-0.19359654,9.03808700,53.35078400,-46.65338500,17.61960400,-44.84736000,20.99932100,-26.09431600,-8.21494200
980,0.07309187,-17.50089073,77.20151076,2.50227351,-4.16521089,103.28525416,-3.54236270,12.21683100,-0.94626900,5.67552950,6.28128400,-11.58429900,-0.15332055,-22.36935800,-1.62220060,5.91194530,0.81066250,15.00003300,0.00791400,2.82357200,7.59110360,-0.50131875,22.10580800,-34.72871000,51.34565400,-5.12350370,-0.22205278,9.04853250,53.29411300,-46.63858400,17.64343000,-44.87623200,20.91281300,-26.11950500,-8.19276400
981,0.09037778,-17.51472473,77.19204924,2.52769126,-4.18428410,103.25937921,-3.52836540,12.20756500,-0.95099850,5.67423900,6.29590370,-11.60233500,-0.15710916,-22.37452300,-1.62973000,5.91158500,0.82471800,15.00003300,-0.02306891,2.78598950,7.60772130,-0.51775366,22.12965200,-34.72612800,51.38622000,-5.19504830,-0.26456353,9.05318300,53.14499000,-46.61238500,17.69935000,-44.84346000,20.82409100,-26.14122000,-8.16997100
982,0.10497493,-17.52965546,77.18857202,2.52041482,-4.23104538,103.21604546,-3.50166770,12.21677700,-0.96660715,5.68015600,6.30013370,-11.60452100,-0.14198434,-22.36281400,-1.63522820,5.92141900,0.81069130,15.00003300,-0.00053619,2.76518060,7.62084530,-0.53913670,22.13709000,-34.71516000,51.40268300,-5.20358000,-0.27981520,9.05996500,53.06870700,-46.60383600,17.70928600,-44.83710500,20.77200000,-26.20917900,-8.07467700
