Frame,root_translateX,root_translateY,root_translateZ,root_rotateX,root_rotateY,root_rotateZ,left_hip_pitch_joint_dof,left_hip_roll_joint_dof,left_hip_yaw_joint_dof,left_knee_joint_dof,left_ankle_pitch_joint_dof,left_ankle_roll_joint_dof,right_hip_pitch_joint_dof,right_hip_roll_joint_dof,right_hip_yaw_joint_dof,right_knee_joint_dof,right_ankle_pitch_joint_dof,right_ankle_roll_joint_dof,waist_yaw_joint_dof,waist_roll_joint_dof,waist_pitch_joint_dof,left_shoulder_pitch_joint_dof,left_shoulder_roll_joint_dof,left_shoulder_yaw_joint_dof,left_elbow_joint_dof,left_wrist_roll_joint_dof,left_wrist_pitch_joint_dof,left_wrist_yaw_joint_dof,right_shoulder_pitch_joint_dof,right_shoulder_roll_joint_dof,right_shoulder_yaw_joint_dof,right_elbow_joint_dof,right_wrist_roll_joint_dof,right_wrist_pitch_joint_dof,right_wrist_yaw_joint_dof
0,0.64009857,-0.05286736,61.55085266,-16.17271155,-1.43200319,100.80490228,-1.29111580,-30.00006700,29.63705600,12.15294200,0.60330470,-7.50919500,18.35382000,-72.71813000,-42.56973300,4.84815900,5.44726700,15.00003300,1.09144040,24.53634500,6.52284200,4.06697800,18.66218400,-35.43033200,65.79030000,-4.12862250,1.66144570,9.83147100,45.77772000,-45.10715000,34.15252000,-27.48563000,19.98364800,-30.33103800,-8.73725800
1,0.63429981,-0.02511952,61.55486923,-16.17977081,-1.36668926,100.92384752,-1.32075860,-30.00006700,29.63457700,12.12673300,0.63068736,-7.51406400,18.38205700,-72.68380000,-42.56155000,4.83565000,5.43868900,15.00003300,1.11149530,24.58836400,6.48172000,4.06514100,18.66677900,-35.42822300,65.64187000,-4.31648830,1.66603260,9.81159100,45.88787500,-45.24860000,34.27203400,-27.48541500,20.08948100,-30.11191600,-9.00423100
2,0.62720323,0.00456554,61.54321655,-16.20952190,-1.34460153,101.03652314,-1.34053930,-30.00006700,29.58294100,12.10760200,0.64472795,-7.52830840,18.41527200,-72.65068000,-42.55951300,4.84213200,5.42992970,15.00003300,1.09568880,24.62930500,6.47489300,4.09917600,18.67761000,-35.37819300,65.49792000,-4.42157840,1.65909810,9.72186100,46.03223000,-45.43595000,34.36971000,-27.50824400,20.27393000,-29.93311500,-9.14964700
3,0.62006503,0.03579089,61.53016624,-16.23743873,-1.35149882,101.13637952,-1.34847010,-30.00006700,29.52719000,12.09846300,0.65445730,-7.54342100,18.46405600,-72.62652600,-42.57840300,4.85355330,5.42138620,15.00003300,1.11519910,24.64524800,6.46092650,4.11084000,18.68500300,-35.35373000,65.40286000,-4.48213500,1.64381100,9.62082300,46.17745000,-45.52147700,34.41899500,-27.48726800,20.38289500,-29.74891500,-9.19445400
4,0.61362493,0.06826259,61.52773458,-16.24309503,-1.37075273,101.21533101,-1.34863270,-30.00006700,29.49861000,12.10403300,0.66282547,-7.55287100,18.51706700,-72.62031000,-42.61304000,4.87391950,5.40559100,15.00003300,1.09587930,24.64362300,6.46954300,4.17053500,18.70048900,-35.28746800,65.28766000,-4.52970930,1.62311410,9.55751600,46.31494500,-45.64206300,34.45120600,-27.52289400,20.38443000,-29.52712000,-9.22180800
5,0.60801977,0.10214806,61.54935149,-16.20470799,-1.36405406,101.24215867,-1.37270890,-30.00006700,29.48250600,12.14625400,0.63574750,-7.55625500,18.55006800,-72.62880000,-42.66094600,4.88879200,5.40120550,15.00003300,1.15488530,24.62272300,6.44249900,4.19174240,18.70630600,-35.23762500,65.24483000,-4.62202170,1.59240280,9.56661100,46.44776000,-45.68551600,34.47081000,-27.56230500,20.69964600,-29.14682000,-9.22156800
6,0.60324085,0.13667609,61.55752840,-16.19669418,-1.30744195,101.27437823,-1.39602710,-30.00006700,29.45799300,12.15167300,0.59336686,-7.56712440,18.59088500,-72.62446600,-42.73940700,4.89343700,5.37072100,15.00003300,1.05767600,24.58697500,6.44658100,4.27730560,18.72241800,-35.17059300,65.19326000,-4.71217000,1.56325090,9.58770500,46.57881000,-45.73237000,34.38031800,-27.63658300,21.51412400,-28.63648600,-8.83954100
7,0.59924310,0.17051721,61.55927396,-16.19728100,-1.27266940,101.32393746,-1.40898100,-30.00006700,29.44355400,12.14878300,0.56568600,-7.56615000,18.64092600,-72.61860000,-42.81211000,4.89471770,5.34477700,15.00003300,1.01508390,24.56619500,6.43110660,4.30573940,18.72661000,-35.15945000,65.17683000,-4.76309970,1.53970850,9.58839500,46.66856800,-45.74066000,34.36771400,-27.63017800,22.08369300,-28.27980200,-8.57333850
8,0.59581089,0.20320234,61.55858406,-16.19986619,-1.26836439,101.39861584,-1.40716660,-30.00006700,29.43509500,12.14977200,0.55838716,-7.55097440,18.73343800,-72.61512000,-42.91268500,4.89632600,5.32761570,15.00003300,1.01526390,24.58203000,6.43417930,4.35633000,18.76158000,-35.13539000,65.06544000,-4.74161000,1.52880700,9.55016700,46.84624500,-45.80795700,34.31534000,-27.69472500,22.34751700,-28.08532000,-8.45795000
9,0.59361488,0.23456837,61.56040898,-16.20030952,-1.24596717,101.46428142,-1.41070430,-30.00006700,29.43917300,12.14583000,0.56163484,-7.54004240,18.82080500,-72.62084000,-43.04129000,4.90172600,5.29726900,15.00003300,0.99320006,24.57406800,6.43432140,4.37427600,18.77252400,-35.13201500,65.03097000,-4.73562240,1.53184590,9.51077650,46.94185600,-45.82582500,34.31671000,-27.67325200,22.61357700,-27.90391000,-8.44412600
10,0.59294742,0.26358446,61.55204749,-16.22245502,-1.21027657,101.52189552,-1.41333320,-30.00006700,29.42959200,12.13401600,0.58417225,-7.50744720,18.91393700,-72.62022000,-43.18398000,4.89930400,5.27975030,15.00003300,1.01235560,24.57284500,6.42342420,4.38456770,18.78661200,-35.15726500,64.97797000,-4.54033900,1.55284500,9.42947700,47.03232200,-45.84691200,34.35396000,-27.59882200,22.50693700,-28.02544200,-8.70642800
11,0.59403270,0.29119608,61.55088013,-16.22610785,-1.18281895,101.59920652,-1.41843430,-30.00006700,29.42721400,12.12542100,0.55609190,-7.49018900,19.03380600,-72.62185000,-43.36634400,4.89286000,5.25858200,15.00003300,0.99369854,24.54924600,6.40997300,4.37651400,18.80737100,-35.19080400,64.97031000,-4.50510900,1.56456540,9.41519800,47.11497500,-45.87075000,34.38884000,-27.57590000,22.83192600,-27.84768700,-8.56635700
12,0.59710288,0.31704834,61.55445946,-16.21565146,-1.18355240,101.69705058,-1.42356910,-30.00006700,29.42918600,12.12485600,0.51022625,-7.48442100,19.16320000,-72.62842000,-43.55640000,4.89300730,5.22709800,15.00003300,0.97125980,24.52104800,6.39704280,4.35056900,18.83082800,-35.18760300,64.97703600,-4.56987800,1.57096420,9.40657400,47.21421400,-45.89060200,34.38794300,-27.60144600,23.54205100,-27.47398000,-8.16924500
13,0.60234547,0.34067822,61.55539132,-16.20543589,-1.23514044,101.81156045,-1.42592880,-30.00006700,29.42705200,12.13968400,0.50682670,-7.47660400,19.28692600,-72.63975500,-43.71711300,4.90438270,5.18507530,15.00003300,1.00587170,24.51337600,6.37062260,4.33316800,18.84358000,-35.12669800,64.92542000,-4.62080400,1.58958340,9.30595400,47.35009400,-45.89880800,34.37571700,-27.64802200,24.38826000,-27.19640700,-7.91487100
14,0.60862434,0.36338040,61.55240310,-16.21084428,-1.22858448,101.85926817,-1.41579560,-30.00006700,29.43304300,12.12753500,0.48721270,-7.45755770,19.40024400,-72.64496600,-43.89782300,4.89369400,5.17486600,15.00003300,1.00588110,24.50897400,6.38292460,4.35880470,18.86736900,-35.06264000,64.86442600,-4.57467940,1.59109520,9.22942000,47.45477700,-45.91196000,34.35395000,-27.66816900,24.47967700,-27.12494300,-7.83432800
15,0.61575401,0.38557300,61.56003039,-16.20464931,-1.18873755,101.86040333,-1.42997970,-30.00006700,29.42865400,12.13155300,0.49233958,-7.44940600,19.45444900,-72.65457000,-44.03527000,4.88998370,5.14481740,15.00003300,1.01994900,24.49449500,6.38180970,4.38331270,18.88764400,-35.02321200,64.83915000,-4.63434650,1.59675360,9.18655400,47.53271000,-45.92109000,34.35343600,-27.67951400,24.57260300,-26.98579000,-7.81052060
16,0.62272435,0.40725422,61.57366834,-16.19070485,-1.12965714,101.83775909,-1.43867240,-30.00006700,29.43705200,12.13338600,0.49009165,-7.43956570,19.49612400,-72.66389500,-44.14306600,4.88157460,5.13637800,15.00003300,1.01294900,24.47713300,6.40043000,4.43178220,18.92685700,-35.00755300,64.80134000,-4.66209200,1.59885810,9.20670000,47.56893500,-45.93861400,34.37826000,-27.69974000,24.61479000,-26.90798800,-7.85979700
17,0.62886715,0.42803967,61.58830910,-16.17382591,-1.06486835,101.80761129,-1.43113740,-30.00006700,29.46954300,12.12082400,0.46447867,-7.42238040,19.51490600,-72.67571000,-44.19686500,4.88360170,5.15777700,15.00003300,1.00199350,24.47248000,6.42960930,4.43781800,18.93478200,-35.03138400,64.83214000,-4.58350300,1.58280990,9.29597200,47.57936000,-45.94278000,34.39774700,-27.71380400,24.56216800,-26.95038200,-7.96092900
18,0.63437164,0.44678774,61.59498300,-16.16996905,-1.03855721,101.81104363,-1.45824840,-30.00006700,29.43065500,12.13701000,0.47558770,-7.43171000,19.54922500,-72.67319000,-44.29243500,4.87608580,5.13942900,15.00003300,1.02244480,24.46407700,6.42007200,4.49255800,18.98521600,-34.98480600,64.76843000,-4.71098900,1.59033480,9.28445000,47.63868300,-45.96158000,34.44901000,-27.71465900,24.35615500,-26.81527500,-7.99714600
19,0.63819689,0.46299553,61.59085755,-16.18190403,-1.02251267,101.84534452,-1.45123660,-30.00006700,29.43207000,12.11789200,0.47941660,-7.42521430,19.59276200,-72.67334000,-44.36084700,4.87966870,5.16073230,15.00003300,1.02330910,24.46671700,6.42358830,4.49356600,18.99695400,-34.95640600,64.75834000,-4.70009760,1.57295450,9.27721900,47.68534000,-45.96402700,34.45219400,-27.69761700,24.37573400,-26.86270700,-7.89135500
20,0.64186049,0.47657880,61.58911529,-16.18745207,-1.01591410,101.89606398,-1.43917370,-30.00006700,29.44355800,12.09612750,0.47111484,-7.42052200,19.64339400,-72.67153000,-44.41964300,4.88244250,5.18111470,15.00003300,1.02916360,24.46740500,6.42032340,4.47796730,19.00336800,-34.92116500,64.75952000,-4.68777940,1.56579670,9.28331850,47.74288000,-45.96450800,34.45464300,-27.69310800,24.37248800,-26.88891000,-7.72650000
21,0.64578801,0.48721555,61.59228274,-16.18388474,-1.01705471,101.95667249,-1.43374380,-30.00006700,29.44804200,12.08247300,0.45772687,-7.42237300,19.69003300,-72.66781600,-44.46643400,4.88797900,5.18668900,15.00003300,1.01099590,24.45703700,6.44711730,4.48362300,19.04009800,-34.78472500,64.71331000,-4.67325600,1.58442310,9.27884800,47.79093000,-45.96864700,34.47349000,-27.70091200,24.29901100,-26.83944300,-7.52563330
22,0.64957541,0.49430776,61.59156608,-16.18657675,-1.02313151,102.01700552,-1.44489570,-30.00006700,29.43158700,12.08082600,0.46304506,-7.42591300,19.71043400,-72.66147000,-44.48233400,4.89738130,5.19157360,15.00003300,1.03789400,24.46550800,6.46646200,4.44231220,19.04949600,-34.77117500,64.67914600,-4.75080100,1.63976340,9.26173600,47.83796000,-45.97062000,34.50049000,-27.66954200,24.31225600,-26.80988700,-7.39118400
23,0.65538406,0.49712127,61.58080741,-16.21160711,-0.99508224,102.03823076,-1.45788460,-30.00006700,29.41819800,12.06433000,0.49345803,-7.41525270,19.72859400,-72.65250400,-44.53435000,4.88361900,5.20006370,15.00003300,1.07129190,24.46840300,6.45874500,4.42288700,19.05747000,-34.75799000,64.64463000,-4.78312250,1.62460590,9.26180900,47.84552400,-45.97227000,34.51949300,-27.61823000,24.11969600,-26.76232500,-7.39791350
24,0.66248953,0.49703345,61.58071904,-16.21406269,-0.99626263,102.06570121,-1.46442660,-30.00006700,29.41191700,12.06204400,0.51026270,-7.41940980,19.74561500,-72.65400000,-44.57150300,4.88913350,5.20337500,15.00003300,1.09927760,24.46861300,6.46358250,4.39595940,19.07097400,-34.73271000,64.61174000,-4.79462860,1.62690460,9.26242500,47.85871000,-45.97371300,34.56484600,-27.60414700,24.03435000,-26.74815400,-7.39037040
25,0.67097259,0.49438626,61.58868923,-16.19930504,-1.01536422,102.09060717,-1.46857600,-30.00006700,29.41628000,12.06879800,0.51829714,-7.43009100,19.76092500,-72.65934000,-44.59549000,4.89527270,5.20708300,15.00003300,1.13402590,24.46422800,6.46570970,4.36435940,19.09517700,-34.71271500,64.58192400,-4.81933800,1.63719690,9.25831700,47.87238700,-45.97480800,34.62123500,-27.61850500,24.04947500,-26.73144000,-7.36519800
26,0.68137151,0.48939949,61.59649834,-16.18601829,-1.02233270,102.09953648,-1.47264220,-30.00006700,29.42812200,12.07457900,0.53276485,-7.42788840,19.77198000,-72.66547400,-44.61620000,4.89303970,5.20780400,15.00003300,1.16223140,24.45788600,6.45826500,4.34697870,19.11241700,-34.70338400,64.54436500,-4.89738660,1.62706280,9.24446000,47.82697700,-45.97675700,34.68985700,-27.61296500,24.04942000,-26.65452000,-7.38895700
27,0.69343787,0.48280466,61.59535065,-16.18934673,-1.02639218,102.14275479,-1.48416030,-30.00006700,29.42141000,12.06454500,0.53851150,-7.42789700,19.79824000,-72.66297000,-44.67610500,4.88777700,5.19004630,15.00003300,1.16617770,24.43531000,6.44926800,4.31193800,19.13939500,-34.67260000,64.52612000,-4.94473550,1.63061370,9.26108800,47.80444700,-45.97642500,34.75589800,-27.59680400,24.03166800,-26.54235500,-7.40594300
28,0.70598871,0.47597355,61.59980485,-16.17722080,-1.05243885,102.20791435,-1.48761920,-30.00006700,29.43914400,12.06280100,0.53995365,-7.42558050,19.84449200,-72.66924000,-44.74355700,4.88990900,5.18437670,15.00003300,1.16576230,24.42029000,6.46021200,4.28321460,19.16908500,-34.63461700,64.47030000,-4.98661760,1.62308000,9.25859400,47.80107000,-45.97183600,34.80651500,-27.59852000,24.02217000,-26.49494000,-7.45956200
29,0.71872085,0.46949005,61.60715271,-16.15739292,-1.08866637,102.27675917,-1.48573020,-30.00006700,29.46823500,12.06523400,0.53613174,-7.41735460,19.90340400,-72.68075000,-44.82150700,4.89351200,5.18687500,15.00003300,1.16641630,24.40845500,6.48016000,4.25530200,19.20541600,-34.59463500,64.40662400,-4.99729200,1.61251930,9.24154400,47.81052000,-45.96160000,34.84731700,-27.61798500,24.10991700,-26.45631200,-7.50019700
30,0.73137230,0.46399403,61.61443372,-16.13782049,-1.12275008,102.33924997,-1.48199340,-30.00006700,29.49602300,12.06730700,0.52561040,-7.40288830,19.95977600,-72.69585400,-44.90406000,4.90437100,5.18741660,15.00003300,1.17334490,24.40383100,6.49757530,4.20979300,19.22690600,-34.56545300,64.37717000,-4.96556300,1.60582160,9.21810200,47.84372700,-45.95303700,34.86632000,-27.65904600,24.33774800,-26.38113400,-7.49419070
31,0.74299943,0.46208933,61.61651791,-16.13139724,-1.13175702,102.43589025,-1.48942380,-30.00006700,29.50951600,12.05236000,0.50823000,-7.40454000,20.02288800,-72.70164500,-45.00661000,4.91554980,5.19332900,15.00003300,1.16594650,24.40340400,6.51476340,4.15231200,19.24003400,-34.53785300,64.35559000,-4.95903900,1.61603210,9.18651900,47.91085000,-45.94496000,34.86750000,-27.68354400,24.45444700,-26.27736300,-7.50262700
32,0.75480992,0.46283370,61.61746664,-16.13132689,-1.12509358,102.50707696,-1.49925600,-30.00006700,29.51985400,12.04165600,0.51802050,-7.38495730,20.08403800,-72.70113000,-45.10364500,4.90956400,5.20460750,15.00003300,1.13649230,24.39527000,6.55319600,4.10674900,19.25578000,-34.51746400,64.34225500,-5.04055170,1.61116810,9.10897900,47.95656600,-45.93387000,34.86041600,-27.69802500,24.50406600,-26.24806800,-7.44231270
33,0.76631200,0.46632564,61.62295486,-16.12333036,-1.11690727,102.54866408,-1.51225920,-30.00006700,29.52877400,12.04111300,0.52730083,-7.36792200,20.12075000,-72.70266000,-45.16935300,4.90246060,5.20731740,15.00003300,1.15131860,24.38795500,6.57154660,4.07671700,19.29060600,-34.49646000,64.31232000,-5.17421400,1.61111630,9.04332000,47.99762000,-45.90684000,34.86338400,-27.71390500,24.46989300,-26.17547000,-7.42653850
34,0.77710015,0.47278759,61.63390534,-16.10507586,-1.10840085,102.57138117,-1.52707370,-30.00006700,29.53461000,12.05019400,0.52382255,-7.36164000,20.14164200,-72.70579000,-45.21126000,4.89851050,5.19922830,15.00003300,1.20464810,24.39801600,6.56832500,4.04631500,19.30207000,-34.47380400,64.28675000,-5.32637200,1.62494130,9.01944200,48.04997300,-45.89778500,34.88390400,-27.74374000,24.35219400,-26.04347800,-7.49116750
35,0.78678608,0.48294351,61.64681018,-16.08627855,-1.08405168,102.60507514,-1.54490330,-30.00006700,29.53882200,12.04919500,0.50749490,-7.36462800,20.15761800,-72.70134000,-45.24320000,4.89253600,5.19146630,15.00003300,1.25797640,24.39507300,6.57871150,3.99075250,19.32386200,-34.47160700,64.27970000,-5.46013550,1.63631780,9.03018600,48.09039700,-45.88411700,34.96767800,-27.74540500,24.15666400,-25.94744300,-7.60075700
36,0.79386580,0.49567303,61.64685418,-16.09260367,-1.05884523,102.62916109,-1.55778490,-30.00006700,29.52004400,12.04265000,0.51098710,-7.36817030,20.18462400,-72.69559000,-45.29961000,4.88919160,5.18164830,15.00003300,1.25305210,24.38593900,6.58316300,3.99913200,19.34537500,-34.43819000,64.26784500,-5.48934650,1.63771670,9.03638600,48.10406500,-45.86587000,35.01394700,-27.70842600,23.97965400,-25.95071600,-7.74959900
37,0.79960012,0.50952446,61.65268474,-16.08722230,-1.03227370,102.63556673,-1.55953590,-30.00006700,29.52479200,12.03337700,0.49780995,-7.36844800,20.21688000,-72.69193000,-45.35774200,4.87617540,5.18706800,15.00003300,1.27232150,24.37563900,6.57147100,4.01226000,19.37094100,-34.39587000,64.25368500,-5.49369900,1.63491900,8.98554400,48.12141000,-45.84311700,35.07073600,-27.69677700,24.07285500,-25.96667100,-7.77317330
38,0.80330902,0.52418381,61.66253162,-16.07328381,-1.00747122,102.63237963,-1.56092570,-30.00006700,29.53741800,12.03010100,0.47937632,-7.36664720,20.24472400,-72.69122000,-45.40808500,4.86152030,5.20191340,15.00003300,1.30882860,24.37161400,6.55419100,4.02556500,19.39178300,-34.35585000,64.23569500,-5.48923970,1.64095330,8.91621500,48.14235700,-45.82470300,35.13068800,-27.69372200,24.23739200,-25.96782900,-7.76952840
39,0.80370122,0.53944528,61.66855493,-16.06632136,-0.99019560,102.63679063,-1.57787530,-30.00006700,29.51873800,12.04548800,0.48283374,-7.36531640,20.25366400,-72.69385500,-45.44000600,4.86867050,5.20696000,15.00003300,1.33342780,24.38219500,6.55628500,4.04058170,19.39990400,-34.31884400,64.21100600,-5.47414200,1.67271510,8.90021900,48.18040000,-45.81572000,35.15146300,-27.67607100,24.09342000,-25.92495500,-7.92144200
40,0.79990000,0.55457628,61.67445898,-16.05753566,-0.98867213,102.65871630,-1.58943300,-30.00006700,29.50774000,12.06336500,0.49831510,-7.37179040,20.27206000,-72.69731000,-45.46018200,4.87663100,5.23155600,15.00003300,1.31680020,24.38531100,6.58682100,4.07268300,19.40969000,-34.26037600,64.18185000,-5.46010540,1.68558430,8.93280200,48.23234000,-45.80114700,35.15923000,-27.66410400,23.71456700,-26.00373800,-7.98797750
41,0.79366231,0.56919408,61.67209446,-16.06527175,-0.96763505,102.67577545,-1.60783470,-30.00006700,29.48193000,12.07310600,0.50915444,-7.36660600,20.27951800,-72.69496000,-45.48093800,4.88330600,5.24930050,15.00003300,1.30778070,24.38525600,6.61984400,4.10141100,19.42301400,-34.20826300,64.13267000,-5.48262070,1.70889810,8.92057300,48.25344000,-45.78185300,35.17621000,-27.60375800,23.42524100,-26.05211800,-8.05631000
42,0.78547496,0.58273762,61.66213409,-16.08768135,-0.93587660,102.67353197,-1.61918380,-30.00006700,29.45604700,12.07084400,0.51903020,-7.34687470,20.28081900,-72.69080000,-45.50315500,4.88425730,5.26449800,15.00003300,1.33626750,24.39669600,6.63165700,4.13117030,19.43528400,-34.16218000,64.08274000,-5.38831950,1.73901160,8.86484100,48.25549700,-45.76303000,35.22732500,-27.51277000,23.01396400,-26.24158300,-8.24240600
43,0.77588755,0.59470284,61.64725115,-16.11873574,-0.90259388,102.64732482,-1.61646030,-30.00006700,29.44244400,12.05702900,0.53001260,-7.31462240,20.28727300,-72.68568000,-45.53273800,4.87066100,5.28438660,15.00003300,1.42529050,24.43800400,6.61566100,4.15454200,19.43672400,-34.13321300,64.04168000,-5.10406100,1.76975500,8.78145500,48.28351200,-45.75844200,35.25705700,-27.43913500,22.41243700,-26.63613100,-8.55986900
44,0.76520967,0.60555136,61.64596476,-16.12109554,-0.88090587,102.66751300,-1.63374830,-30.00006700,29.43285400,12.06322300,0.52336186,-7.30848030,20.29353700,-72.68091600,-45.54627600,4.86828300,5.29990530,15.00003300,1.38272830,24.41849300,6.63885260,4.20305250,19.44531000,-34.00995000,63.99383500,-5.07380400,1.80081400,8.78281700,48.24873700,-45.72918700,35.35404200,-27.33828500,22.43287700,-26.62309500,-8.58053800
45,0.75407058,0.61540043,61.64016568,-16.13321953,-0.83979999,102.72219678,-1.65665460,-30.00006700,29.41012800,12.04987600,0.48578918,-7.32311500,20.30703500,-72.66604600,-45.57111400,4.86663500,5.30639270,15.00003300,1.30365440,24.40544700,6.65969040,4.22125500,19.45005800,-33.95359400,63.98460000,-5.10742000,1.81303370,8.80489900,48.30239000,-45.71325300,35.31095500,-27.32419000,22.75611100,-26.44755200,-8.33218400
46,0.74375373,0.62336296,61.64053479,-16.13434391,-0.81158234,102.76211217,-1.67958320,-30.00006700,29.39018200,12.05134700,0.46753052,-7.34320800,20.30844000,-72.65819000,-45.57716800,4.87389400,5.31587500,15.00003300,1.24594760,24.40548900,6.70591000,4.24565500,19.45760700,-33.89740800,63.95114500,-5.06465050,1.83239770,8.80686100,48.39582000,-45.68365000,35.19356000,-27.34908900,22.93509700,-26.36561000,-8.13054900
47,0.73513705,0.62920475,61.64458455,-16.12729196,-0.80583950,102.76525463,-1.70092250,-30.00006700,29.37038600,12.07324300,0.47470224,-7.35515100,20.28587200,-72.65960000,-45.55259300,4.88666770,5.33355700,15.00003300,1.24603000,24.41218000,6.73950530,4.26387000,19.45902600,-33.87462000,63.92302700,-4.98914800,1.87809510,8.74611700,48.46264600,-45.66942000,35.14114400,-27.35557400,22.86787400,-26.46698600,-8.09765100
48,0.72965950,0.63274765,61.62793799,-16.15329073,-0.81403632,102.72947372,-1.71591440,-30.00006700,29.31219000,12.08751200,0.45605704,-7.33128400,20.25918200,-72.64670000,-45.52812600,4.87570300,5.35933800,15.00003300,1.37839150,24.45303300,6.72974250,4.24787430,19.45810000,-33.81543700,63.85225300,-4.98773050,1.99099330,8.45040700,48.53696000,-45.65413700,35.12013200,-27.32778000,22.79716000,-26.59837000,-7.96243520
49,0.72813058,0.63714254,61.62870735,-16.15360891,-0.79508599,102.71313812,-1.73241140,-30.00006700,29.29223400,12.09437100,0.44325557,-7.33140850,20.22903400,-72.63847000,-45.48863200,4.86982250,5.37390140,15.00003300,1.38083680,24.46452900,6.76046230,4.27410300,19.45609900,-33.73204000,63.81717300,-4.89177500,2.00990370,8.38277900,48.60313400,-45.63009000,35.06896000,-27.34280400,22.99101400,-26.79093400,-7.77619900
50,0.72995484,0.64220238,61.63597510,-16.14293516,-0.77873645,102.70412445,-1.74643620,-30.00006700,29.28740900,12.10325100,0.43803355,-7.33219900,20.20631800,-72.63636000,-45.46253200,4.86938430,5.39112100,15.00003300,1.36509780,24.47081400,6.79160450,4.30923750,19.45360200,-33.63746300,63.78043400,-4.78284200,2.02468700,8.36445000,48.67699400,-45.59468000,34.99391000,-27.36459000,22.85588800,-26.96159400,-7.66393900
51,0.73478574,0.64850438,61.64317345,-16.13415634,-0.75894243,102.71125170,-1.76471710,-30.00006700,29.27759000,12.10868100,0.43748683,-7.33849050,20.19559500,-72.63274000,-45.46316000,4.86911300,5.40706730,15.00003300,1.36065850,24.47644800,6.80485960,4.33017730,19.45132300,-33.55837200,63.76000000,-4.69113450,2.03060410,8.36135200,48.75625600,-45.56480800,34.94091800,-27.38273600,22.52331500,-27.08812100,-7.65727500
52,0.74218374,0.65685403,61.64274064,-16.14536015,-0.72047893,102.75397104,-1.79435610,-30.00006700,29.23363900,12.09643900,0.43749103,-7.36480900,20.19561800,-72.61683000,-45.49553300,4.87131000,5.40445950,15.00003300,1.38203690,24.49987200,6.82221940,4.32664000,19.44770800,-33.46103700,63.73720600,-4.56290300,1.99995700,8.34959700,48.85523000,-45.53309200,34.89527000,-27.39806000,22.39212400,-27.12476500,-7.68282600
53,0.75239968,0.66582698,61.68411503,-16.06897896,-0.74694376,102.72291538,-1.82285920,-30.00006700,29.22919800,12.17086800,0.41852412,-7.37032180,20.14434000,-72.64433000,-45.41953700,4.91087700,5.39633500,15.00003300,1.38175100,24.47508400,6.85723900,4.32818600,19.44697000,-33.44338000,63.75564000,-4.72807900,2.00986740,8.48486000,48.91445000,-45.47838000,34.84964000,-27.47440300,22.02846100,-27.03053700,-7.80041700
54,0.76329005,0.67599148,61.70310137,-16.03568537,-0.75434982,102.75557795,-1.85378970,-30.00006700,29.20414200,12.20384400,0.40195310,-7.38218700,20.12604000,-72.64443000,-45.37687700,4.92861750,5.40052180,15.00003300,1.39504530,24.46394500,6.86905430,4.30177300,19.44839000,-33.42046700,63.77281000,-4.75923160,2.01240940,8.47994300,49.01004000,-45.40548300,34.79211800,-27.52924200,22.25303300,-26.99704200,-7.59408400
55,0.77390248,0.68682361,61.70947089,-16.03112304,-0.72254989,102.80363229,-1.87651110,-30.00006700,29.18677000,12.19721100,0.39077497,-7.39511100,20.13237400,-72.63267000,-45.38290800,4.92942800,5.40163040,15.00003300,1.38045930,24.45475600,6.87922760,4.28090570,19.44991000,-33.38719600,63.81388000,-4.73188800,1.97155510,8.51297200,49.10637700,-45.33824000,34.72425500,-27.56585000,22.71285600,-27.00689500,-7.38672640
56,0.78333318,0.69759905,61.71534006,-16.03330015,-0.64941064,102.82371905,-1.88614560,-30.00006700,29.19827000,12.16711000,0.38527930,-7.40528400,20.14630900,-72.62668600,-45.43143500,4.92446400,5.38652200,15.00003300,1.35716680,24.43494600,6.88132700,4.26011500,19.45155300,-33.39745000,63.91380000,-4.73814900,1.87473650,8.70959100,49.18979300,-45.24096000,34.63122600,-27.57347300,23.05655500,-27.02110000,-7.42320400
57,0.78866810,0.70567715,61.74179814,-15.98298305,-0.68012086,102.84762994,-1.91883040,-30.00006700,29.17669000,12.21996800,0.37263048,-7.42922700,20.13354700,-72.63484000,-45.39719400,4.94243240,5.37459900,15.00003300,1.38592210,24.43047500,6.88779100,4.24911200,19.45197300,-33.39327600,63.90613600,-4.75163600,1.90851490,8.65873800,49.27285800,-45.17758000,34.58436200,-27.64726400,23.12950300,-26.82176200,-7.33117300
58,0.78895921,0.71151972,61.73515701,-15.99763474,-0.67116290,102.82939937,-1.93106770,-30.00006700,29.14286400,12.22726000,0.38375270,-7.42788930,20.11785900,-72.62978000,-45.39187600,4.94342140,5.37424500,15.00003300,1.39808860,24.41702000,6.89253600,4.27142050,19.45249700,-33.37427500,63.89005700,-4.69660660,1.89315330,8.65155800,49.31416700,-45.14364200,34.54406000,-27.62087200,23.13147200,-26.79841800,-7.36118300
59,0.78463805,0.71569008,61.73238085,-16.00276258,-0.67050133,102.80443892,-1.94468940,-30.00006700,29.11204300,12.24495400,0.38683227,-7.42386100,20.09176400,-72.62929000,-45.36968200,4.94871230,5.37386300,15.00003300,1.42604020,24.40599000,6.89642570,4.29597900,19.45238700,-33.34264800,63.86155300,-4.67485760,1.89215160,8.64131900,49.35925300,-45.11466200,34.49698300,-27.60628100,23.14455600,-26.72689400,-7.39790060
60,0.77565169,0.71856767,61.74115614,-15.98250765,-0.68487348,102.79021728,-1.96888630,-30.00006700,29.08639700,12.28523900,0.37197980,-7.41984940,20.05383700,-72.63563500,-45.31868000,4.96469160,5.36858370,15.00003300,1.46112870,24.39883400,6.90502740,4.31560660,19.45005800,-33.29047400,63.83009000,-4.72516160,1.91839950,8.60949600,49.41740800,-45.08123000,34.44496000,-27.63147200,23.16213400,-26.56939000,-7.44141400
61,0.76150119,0.72077638,61.73116891,-15.99745521,-0.66457661,102.79659751,-1.99939390,-30.00006700,29.04847100,12.30158200,0.35290644,-7.38986900,20.01212500,-72.62900000,-45.26682300,4.97402430,5.36592200,15.00003300,1.45550330,24.39795500,6.93557020,4.34120230,19.43965500,-33.18106500,63.81200800,-4.77299450,1.93000330,8.54207200,49.49565000,-45.02412800,34.34036600,-27.61280800,23.02855000,-26.52319500,-7.59385500
62,0.74416918,0.72224253,61.68389265,-16.08463511,-0.63176544,102.82123920,-2.01087380,-30.00006700,28.97620800,12.25872100,0.35477883,-7.37405300,20.01531800,-72.59415400,-45.31083700,4.95404300,5.38176730,15.00003300,1.53633570,24.43097000,6.94196200,4.33066200,19.42296600,-33.07665300,63.74176000,-4.64441440,1.96930620,8.25250200,49.49909000,-44.97592500,34.32003000,-27.44133800,22.80119000,-26.54510900,-7.60016350
63,0.72606963,0.72432160,61.65768826,-16.12974463,-0.61281329,102.83613748,-2.02477200,-30.00006700,28.93333800,12.24468800,0.34465130,-7.36365300,20.01274500,-72.57718000,-45.33442000,4.94614650,5.39565400,15.00003300,1.56526840,24.44652600,6.95947360,4.34421730,19.40668900,-32.99322000,63.68992000,-4.53787330,1.98825840,8.06488400,49.51170000,-44.94079200,34.29075600,-27.33315300,22.62271900,-26.57524300,-7.59925370
64,0.70831710,0.72740835,61.64967189,-16.13996383,-0.60683479,102.83867010,-2.03734040,-30.00006700,28.91517400,12.25308500,0.32889710,-7.35921430,20.00425100,-72.57499000,-45.33622700,4.95072940,5.39986800,15.00003300,1.55043600,24.44279100,6.98249670,4.37853960,19.39580700,-32.94126500,63.66505000,-4.49118330,1.97771740,7.98854450,49.53814700,-44.91973000,34.24299600,-27.29282600,22.55580900,-26.60769500,-7.59316800
65,0.69212723,0.73168892,61.63516494,-16.16459409,-0.60340149,102.83304924,-2.03605900,-30.00006700,28.89345700,12.24714300,0.32705787,-7.36399700,20.00616800,-72.56863000,-45.35172000,4.94926170,5.39411070,15.00003300,1.54065080,24.43669700,7.00153260,4.40918200,19.38444900,-32.89858200,63.66135400,-4.48050900,1.93588960,7.93368240,49.54331000,-44.90080000,34.18571000,-27.24146300,22.65626000,-26.64498100,-7.53032730
66,0.67948920,0.73905641,61.62795841,-16.17831415,-0.58859528,102.80964986,-2.04199240,-30.00006700,28.87031400,12.25212700,0.32388136,-7.36383800,20.00635100,-72.56430000,-45.36519600,4.94355340,5.38101300,15.00003300,1.50676660,24.41394000,7.02155970,4.43827440,19.37879800,-32.89946700,63.68287000,-4.47512600,1.93463160,7.90905570,49.54187400,-44.89047000,34.15415600,-27.19449800,22.75845700,-26.70047800,-7.51885460
67,0.66964757,0.74922091,61.63181974,-16.17048142,-0.57352156,102.80436613,-2.05660340,-30.00006700,28.85795800,12.27093000,0.30592564,-7.35612770,19.99739800,-72.56922000,-45.36180000,4.95539050,5.36740970,15.00003300,1.51221910,24.40734100,7.02413030,4.42819170,19.35841800,-32.94657000,63.72683700,-4.50114700,1.94215200,7.89602700,49.63646000,-44.84729400,34.02681400,-27.19856500,22.78579900,-26.74869500,-7.47924800
68,0.66266555,0.76207656,61.63962079,-16.15566881,-0.55788113,102.80120470,-2.07469940,-30.00006700,28.84789300,12.29320050,0.28438568,-7.34693960,19.99401900,-72.57284500,-45.36736000,4.96194600,5.36795700,15.00003300,1.46739420,24.37876100,7.03067260,4.45416740,19.35379800,-32.95286000,63.76583000,-4.53230600,1.95993670,7.89480600,49.66382000,-44.83524300,33.99398800,-27.17723800,22.72656400,-26.84053800,-7.51094000
69,0.65834999,0.77726704,61.64446689,-16.14793323,-0.54234181,102.78855279,-2.08895640,-30.00006700,28.83085800,12.31187400,0.27083537,-7.34042170,19.99267800,-72.57364000,-45.38466300,4.96699100,5.38021040,15.00003300,1.48757600,24.36800000,7.01164670,4.45104800,19.33257900,-32.99313000,63.82296400,-4.51796440,1.99006770,7.89276800,49.80232600,-44.76691000,33.82198300,-27.18404200,22.63180500,-26.95072400,-7.51151230
70,0.65710562,0.79652631,61.65017133,-16.14223114,-0.52671054,102.77914809,-2.09634690,-30.00006700,28.82471800,12.32947000,0.29352826,-7.32388830,19.99917800,-72.57695000,-45.38746300,4.97109300,5.37973200,15.00003300,1.45789980,24.33381000,7.01434850,4.45237800,19.31942600,-33.07481800,63.89010000,-4.59511700,2.01824140,7.86987830,49.87722000,-44.69629000,33.69789000,-27.16657600,23.07381800,-27.01130100,-7.52217600
71,0.65788895,0.82007283,61.65253485,-16.14543730,-0.49229300,102.77681871,-2.10513470,-30.00006700,28.80508400,12.33233400,0.29328844,-7.31290300,20.00516100,-72.57125000,-45.39312700,4.97269870,5.38813700,15.00003300,1.44182310,24.31320400,7.01067900,4.46763750,19.31439400,-33.07969700,63.95240400,-4.63149000,2.02063580,7.85849760,49.93446700,-44.66247600,33.64470300,-27.15429700,23.50907100,-27.03532200,-7.49844840
72,0.66063243,0.84807247,61.65668469,-16.14651756,-0.45665302,102.78847605,-2.11334230,-30.00006700,28.78737800,12.33189100,0.29189587,-7.30286600,20.02120800,-72.56476000,-45.41055700,4.97465320,5.39508150,15.00003300,1.43715430,24.29471200,7.00343400,4.47630200,19.30945000,-33.07345600,64.01472500,-4.67799900,2.03045150,7.83513740,50.01121500,-44.61611600,33.59189000,-27.14243500,23.77661300,-27.03169600,-7.48581930
73,0.66543925,0.88101995,61.66409308,-16.14190577,-0.43033059,102.79785323,-2.11443140,-30.00006700,28.78283000,12.32999100,0.30075830,-7.29276940,20.03423100,-72.56271000,-45.42304200,4.98073050,5.40063570,15.00003300,1.40806810,24.26611000,6.99815650,4.50360060,19.30845300,-33.06078700,64.07613000,-4.75584500,2.05336930,7.81070500,50.06385800,-44.59772000,33.57118200,-27.11596500,23.85944200,-27.04055800,-7.52798030
74,0.67229456,0.92054892,61.67165329,-16.13971436,-0.42431038,102.75337907,-2.07470970,-30.00006700,28.78648400,12.32646800,0.32503787,-7.28409340,20.07833900,-72.56387000,-45.44862400,4.98148540,5.44017200,15.00003300,1.37491710,24.23387100,6.98685550,4.60296540,19.30648600,-32.97139000,64.13095000,-4.73583700,2.05389980,7.82560600,50.16895300,-44.51783400,33.42526000,-27.12195800,23.95862200,-27.11391600,-7.46979760
75,0.68237710,0.97072095,61.68637363,-16.12573320,-0.41182708,102.74054601,-2.04057550,-30.00006700,28.79509000,12.31889600,0.33266730,-7.28741900,20.12316300,-72.56105000,-45.46168500,4.98576300,5.47187140,15.00003300,1.36036260,24.20331600,6.96368460,4.66305350,19.31278400,-32.95135000,64.20590000,-4.72380920,2.04819250,7.81006800,50.28295500,-44.41137000,33.33546000,-27.10618600,24.12086900,-27.15130000,-7.31940270
76,0.69510692,1.03109884,61.69980929,-16.11812369,-0.36779395,102.73851507,-2.02250150,-30.00006700,28.78442400,12.30833500,0.32942048,-7.28943000,20.16561900,-72.54825000,-45.47603000,4.98570630,5.47936100,15.00003300,1.32206650,24.15772200,6.93427850,4.73310400,19.33039500,-32.93842000,64.28646000,-4.71599440,2.04578780,7.82243870,50.41327300,-44.29800000,33.24131800,-27.06626500,24.42929800,-27.21896000,-7.20639750
77,0.71037900,1.10202968,61.71257065,-16.11673417,-0.30512385,102.73719298,-2.01024270,-30.00006700,28.75711300,12.29561700,0.33218822,-7.29615800,20.21013800,-72.53096000,-45.50038500,4.98674250,5.47163800,15.00003300,1.28793060,24.10086000,6.90012600,4.81877140,19.36664400,-32.93050000,64.35953000,-4.70862960,2.04859800,7.84001700,50.55636600,-44.14676000,33.12198000,-26.99770500,24.86689600,-27.28044000,-7.13050560
78,0.72799802,1.18414903,61.72932612,-16.11483937,-0.25674580,102.72633583,-1.98009370,-30.00006700,28.72556900,12.28054400,0.37133697,-7.32344530,20.28324300,-72.51727000,-45.56315000,4.99165200,5.47580300,15.00003300,1.26267200,24.04670100,6.87487170,4.93954750,19.41386800,-32.90424700,64.41624500,-4.70029160,2.05332470,7.80754000,50.67768000,-43.99127200,33.02224300,-26.91743900,25.37612000,-27.26055300,-7.08816500
79,0.74958557,1.28124213,61.76511044,-16.08324808,-0.16595098,102.63494091,-1.96801220,-30.00006700,28.68627400,12.29795700,0.39110240,-7.36240670,20.32820000,-72.50152600,-45.58494000,4.97263400,5.49673650,15.00003300,1.21455990,23.97861700,6.84568800,5.15459730,19.46868300,-32.79150400,64.47060400,-4.81811760,2.05088600,7.91277700,50.81178300,-43.81484600,32.87287000,-26.86619600,25.62781300,-27.38440100,-7.32980780
80,0.77374506,1.38879156,61.80086532,-16.05672698,-0.04106728,102.57631957,-1.96349550,-30.00006700,28.63961200,12.29420900,0.38962758,-7.41292950,20.31373600,-72.48859400,-45.54024500,5.00586200,5.47001170,15.00003300,1.16876010,23.92745600,6.81684700,5.36483500,19.52257300,-32.65149000,64.50368500,-4.93367770,2.03322530,7.93928770,51.00023000,-43.65653200,32.73372700,-26.83480500,26.14632200,-27.50413500,-7.36546300
81,0.79970872,1.50532484,61.83757618,-16.03036133,0.08376285,102.53754494,-1.95228370,-30.00006700,28.59358200,12.28314300,0.38880640,-7.46537400,20.35588500,-72.46358500,-45.55171000,5.01086400,5.45711470,15.00003300,1.12689110,23.87441600,6.78687430,5.59335800,19.59834100,-32.52037400,64.51148000,-4.95116200,1.97551260,7.91428400,51.21312700,-43.44975700,32.57744600,-26.78959700,26.84309200,-27.77608700,-7.28039900
82,0.82703692,1.62899399,61.87628191,-16.00106529,0.18295525,102.50223374,-1.92361720,-30.00006700,28.55367000,12.27389500,0.40993450,-7.51112130,20.43509300,-72.44610000,-45.60877000,5.02061400,5.45530460,15.00003300,1.02856470,23.82060600,6.76869150,5.86713800,19.66024600,-32.38824500,64.52950000,-4.80496360,1.85989310,7.89109660,51.45892700,-43.27034400,32.37429000,-26.78103000,27.64653800,-28.30338100,-7.22276400
83,0.85685414,1.76071751,61.90005540,-16.00397462,0.33766657,102.50559168,-1.90854700,-30.00006700,28.49276500,12.23327600,0.42169110,-7.55667160,20.52513300,-72.41172000,-45.69454200,5.02264260,5.44971940,15.00003300,0.92140156,23.73759500,6.74386550,6.12466800,19.76450500,-32.27491800,64.51776000,-4.74457100,1.85117260,7.95517640,51.73539700,-43.01724200,32.01064300,-26.72120300,28.86822000,-28.22307400,-7.38248630
84,0.88928503,1.89405751,61.92764246,-15.99668249,0.45999244,102.45057795,-1.86903440,-30.00006700,28.44460700,12.20513600,0.44261348,-7.60364530,20.60307900,-72.38738000,-45.75304400,5.02655170,5.46576260,15.00003300,0.83816594,23.65744400,6.72135600,6.41746470,19.86477300,-32.16077400,64.52869000,-4.60749150,1.78359590,8.02908700,51.95539000,-42.76721200,31.70240400,-26.63768400,29.18546000,-28.44797900,-7.71567250
85,0.92418951,2.02896810,61.96835178,-15.96740053,0.59876496,102.40566464,-1.84163460,-30.00006700,28.41471700,12.18461300,0.47152790,-7.66435200,20.68831300,-72.36631000,-45.83145000,5.02592000,5.48285800,15.00003300,0.76272470,23.57293900,6.69292930,6.71048450,19.97286000,-32.07097000,64.51840000,-4.42349340,1.71174040,8.03833700,52.21689600,-42.49254600,31.30319200,-26.57490000,29.89759800,-28.81695600,-8.04707800
86,0.96147770,2.16466951,62.02094206,-15.91937483,0.76470140,102.39588316,-1.82749660,-30.00006700,28.40965500,12.15977500,0.50608280,-7.73467160,20.77683000,-72.34907500,-45.92630400,5.03278100,5.48733100,15.00003300,0.64009005,23.49172200,6.67129330,7.00356050,20.05840000,-31.95927600,64.49412500,-4.24316450,1.65553180,7.98294800,52.53197500,-42.27622600,30.78468100,-26.57544300,31.32647000,-29.18417000,-8.31627700
87,1.00148976,2.29806399,62.06086905,-15.88804345,0.90368646,102.39127219,-1.76123300,-30.00006700,28.45165600,12.09840500,0.53422284,-7.77181500,20.88955900,-72.33510600,-46.00241500,5.03848000,5.50681640,15.00003300,0.58115107,23.40813800,6.63664700,7.28684760,20.17680200,-31.82806200,64.45792400,-4.25521470,1.61733140,7.96703700,52.77874800,-42.00216000,30.14255000,-26.53249400,32.16269300,-29.14740400,-8.49481100
88,1.04257274,2.42892981,62.09463693,-15.86977622,1.08893252,102.33261795,-1.75631930,-30.00006700,28.41058500,12.07917600,0.56220776,-7.82096240,20.95324000,-72.32216000,-46.09517000,5.04869750,5.48041730,15.00003300,0.51079170,23.32096100,6.62857530,7.63216920,20.30374500,-31.67196800,64.35283000,-4.20694500,1.43585970,8.06933500,53.03613000,-41.72427000,29.27746800,-26.43001000,33.64435000,-29.49151600,-8.90152200
89,1.08371568,2.55639744,62.14314469,-15.81786935,1.22927590,102.24064263,-1.74884580,-30.00006700,28.36764000,12.10015800,0.57120085,-7.88677450,20.99467800,-72.32372000,-46.13706000,5.07519300,5.45106800,15.00003300,0.50831330,23.22766100,6.61267300,7.94989900,20.43306500,-31.58944100,64.25104000,-4.17758400,1.26720570,8.17423900,53.29200000,-41.48710300,28.33999400,-26.32067700,34.94975700,-29.70796000,-9.41837800
90,1.12364185,2.68052602,62.19337485,-15.75646404,1.33672250,102.14699770,-1.73330720,-30.00006700,28.32973000,12.13550700,0.57186740,-7.96101500,21.02748300,-72.33148000,-46.13759000,5.11349530,5.43444200,15.00003300,0.48098788,23.13693000,6.61656140,8.27437100,20.52050000,-31.39681400,64.13885500,-4.17890100,1.14420440,8.28194700,53.49885600,-41.35489300,27.32940500,-26.13145800,36.20328500,-29.73191000,-10.08445400
91,1.16030765,2.80167770,62.21072890,-15.75129707,1.47046832,102.10530594,-1.72458580,-30.00006700,28.27881200,12.13778700,0.59073097,-8.02530200,21.06229800,-72.32695000,-46.13670000,5.15110800,5.44581600,15.00003300,0.55803883,23.11317300,6.63679200,8.62539600,20.66068500,-30.99850500,63.78359000,-4.25412650,1.09222270,8.37543400,54.07114000,-41.16695000,25.63707000,-25.98463000,38.01317000,-29.52970300,-10.78834500
92,1.19249821,2.91790223,62.27629979,-15.65156166,1.66766663,102.04392136,-1.78717840,-30.00006700,28.29387300,12.21717900,0.59556603,-8.07180400,21.04725000,-72.35361000,-46.10364500,5.18728000,5.36649400,15.00003300,0.57922757,23.02651400,6.67019600,8.99432600,20.78351800,-30.61150200,63.52433400,-4.37340200,0.84089935,8.46216800,54.65758500,-41.02705400,23.40296600,-25.73802400,39.51489300,-29.66221600,-11.72630400
93,1.21531940,3.02825928,62.31264886,-15.59934120,1.86081466,101.99007644,-1.84288170,-30.00006700,28.28381500,12.27422100,0.59757435,-8.12202800,21.07089000,-72.37890000,-46.18128000,5.22126200,5.30647850,15.00003300,0.64476690,22.92418500,6.68986850,9.36183800,20.91541900,-30.31948900,63.16743000,-4.20316600,0.63863610,8.52883200,55.28142500,-40.95526000,20.62198400,-25.13545000,40.34828000,-29.68854300,-13.14839300
94,1.22719824,3.13275313,62.33384547,-15.56725293,2.07538374,101.91089288,-1.89867890,-30.00006700,28.27458400,12.32481400,0.58795935,-8.20183850,21.12653000,-72.39899400,-46.32924300,5.22402140,5.27278600,15.00003300,0.74591994,22.83202000,6.72202300,9.76984500,21.04461300,-29.97882800,62.70304500,-3.79063000,0.49639955,8.58159500,55.94699500,-40.95241000,17.26009000,-24.10948000,41.13056600,-29.50992000,-14.79849700
95,1.22674978,3.23108244,62.35646750,-15.52076875,2.32888813,101.78008530,-1.96226200,-30.00006700,28.30132500,12.38962600,0.55527645,-8.32471300,21.09034200,-72.44882000,-46.38293500,5.27522040,5.21171600,15.00003300,0.89386600,22.78356700,6.78367760,10.23626000,21.14941400,-29.47743800,62.14036000,-3.26652700,0.40612220,8.63508900,56.67285500,-40.99200400,13.27620400,-22.61669700,42.46106000,-29.04083300,-16.38030600
96,1.20115006,3.32002187,62.36588024,-15.45651888,2.43674576,101.72410764,-1.96231390,-30.00006700,28.43607000,12.48158000,0.44231480,-8.32555600,21.14782100,-72.53395000,-46.43630600,5.33877750,5.21003250,15.00003300,1.03242400,22.72856000,6.88569740,10.74918100,21.22240300,-28.76780500,61.40312600,-3.53399320,0.30171442,8.89761500,57.05389800,-41.04375500,9.09936600,-20.13311200,43.61758000,-27.86468300,-17.80845000
97,1.15192258,3.40175772,62.37026453,-15.39775139,2.49850540,101.61251933,-1.90978690,-30.00006700,28.66465000,12.57708000,0.49268007,-8.30834100,21.30039800,-72.65595000,-46.66011400,5.37359100,5.30161100,15.00003300,1.10621900,22.64308700,6.96842430,11.36388600,21.27038200,-28.46101600,60.62085700,-3.10147900,0.22485937,9.02498200,56.71809400,-41.09626800,5.55438230,-16.50153200,43.60702500,-27.39964900,-19.54740000
98,1.07769382,3.48000193,62.36269707,-15.34318923,2.57497344,101.40447460,-1.85693380,-30.00006700,28.91397000,12.70941300,0.54475210,-8.26399800,21.41301200,-72.80709000,-46.85195000,5.41612430,5.44569700,15.00003300,1.18423320,22.53167500,7.06410100,12.07264800,21.27854000,-27.90027600,59.80097200,-3.12748890,0.05458349,9.21830000,55.89383000,-41.07747700,2.49440840,-12.23034800,43.52819000,-26.64098400,-21.08704400
99,0.97666627,3.55796695,62.33686192,-15.30585701,2.72846354,101.12767293,-1.84559640,-30.00006700,29.12416500,12.86908500,0.51691360,-8.20887600,21.42570500,-72.96129000,-46.93170500,5.47444340,5.59124600,15.00003300,1.28938620,22.39885900,7.17557000,12.83772900,21.24170300,-26.89865700,58.96642000,-3.94289040,-0.23189004,9.49839100,54.69903000,-40.95165300,-0.13110752,-7.62867800,43.66092300,-25.03348500,-22.09322500
100,0.84218037,3.64220071,62.28108208,-15.35149770,3.11014358,101.00227276,-1.94449220,-30.00006700,29.18007900,12.92769050,0.40349776,-8.23830700,21.39787300,-73.00578000,-47.01932500,5.48065000,5.61008550,15.00003300,1.32853930,22.23610300,7.24238730,13.51324900,21.21747800,-26.05470000,58.20323600,-4.46628700,-0.44839388,9.54240700,53.16153000,-40.78190600,-2.18014650,-2.97384330,42.70946000,-22.18226600,-22.15626300
101,0.67521805,3.72431421,62.16894079,-15.46794591,3.32651922,100.81290343,-2.02542800,-30.00006700,29.22408300,13.06341600,0.41272880,-8.15988350,21.33618500,-73.09259000,-47.01597000,5.51333480,5.67896400,15.00003300,1.49834930,22.06160200,7.30633600,14.18946000,21.22760000,-25.05813200,57.25123600,-4.87755800,-0.56166416,9.27533400,50.89956000,-40.52399000,-3.78824380,2.87614970,41.73010300,-19.61469700,-22.27875700
102,0.48391381,3.80686927,62.04386614,-15.59803229,3.55669224,100.50330609,-2.06636260,-30.00006700,29.26060700,13.18960500,0.38060224,-8.17137200,21.32403800,-73.19350400,-47.15962200,5.53543000,5.70416600,15.00003300,1.68554200,21.84944500,7.39712300,14.72199300,21.31084400,-24.22782000,56.48343700,-5.47981450,-0.70931060,9.20462300,48.06033700,-40.26438500,-4.95417830,9.25171300,41.38620800,-16.47808800,-21.23144000
103,0.27093640,3.88927317,61.89284781,-15.77128135,3.77957866,100.16481641,-2.06244160,-30.00006700,29.26864200,13.27333400,0.30755240,-8.24065400,21.33803200,-73.27949000,-47.32964700,5.55661440,5.68664100,15.00003300,1.92446180,21.61727100,7.52011100,15.06356000,21.52111800,-23.55174000,55.81898000,-6.05971570,-0.88020000,9.34040700,44.89734300,-39.94351600,-5.63475850,15.96330200,41.27041000,-13.21292800,-19.48349000
104,0.03803774,3.96917081,61.67394416,-16.06868679,3.87364217,100.01124159,-2.01773500,-30.00006700,29.20423100,13.29023900,0.26654816,-8.21294500,21.31758100,-73.29607400,-47.19730000,5.58465800,5.68735170,15.00003300,2.20195580,21.41959000,7.62991760,15.16671100,21.80979000,-22.84745600,55.10499000,-6.08214400,-0.99581796,9.52077600,41.64271500,-39.62457000,-5.49270400,23.10627000,40.61767200,-11.12644500,-18.43136000
105,-0.19607094,4.04084969,61.52381159,-16.20839247,4.26320894,99.61266170,-2.08466530,-30.00006700,29.35149600,13.39363200,0.22953210,-8.22900700,21.23733500,-73.39671000,-47.27737400,5.53918930,5.63279060,15.00003300,2.56123190,21.18192300,7.70516250,15.15440900,22.26927800,-22.51896900,54.32953000,-6.05986260,-1.28969720,9.74597800,37.61256000,-39.33841000,-4.61649700,31.06741700,40.25447000,-8.58317700,-16.62677400
106,-0.42771968,4.09873867,61.32902012,-16.41485218,4.56109561,99.16456843,-2.14735320,-30.00006700,29.41195700,13.52700800,0.20873508,-8.24836100,21.12575500,-73.48434400,-47.29972000,5.49537660,5.62655200,15.00003300,2.92110920,20.99142000,7.87447700,15.04218600,22.84931800,-21.98718300,53.37594600,-6.23198700,-1.32873670,9.65348000,33.58149300,-39.02670700,-3.14425660,38.14229600,39.69603000,-6.58705660,-15.39234400
107,-0.64999193,4.13977146,61.07274715,-16.68239729,4.76453005,98.69549114,-2.21546050,-30.00006700,29.43424800,13.74181800,0.12060642,-8.22995600,20.99523700,-73.57022000,-47.23777400,5.46086930,5.68649500,15.00003300,3.23003220,20.78966100,8.10614300,14.82816900,23.51126100,-21.25885200,52.30327600,-6.33914100,-1.28543690,9.48041800,29.65430300,-38.64214700,-1.35895090,44.06803000,39.12629000,-5.22270600,-14.50975400
108,-0.85336494,4.16049623,60.79105578,-16.99297277,4.89854390,98.21714071,-2.21340470,-30.00006700,29.47326900,13.89249600,0.01325185,-8.15164400,20.87253000,-73.65130600,-47.10604500,5.41449360,5.82767500,15.00003300,3.48090170,20.51436800,8.35160350,14.47939600,24.22865100,-20.44141400,51.20134400,-6.13023400,-1.35656030,9.47516300,25.90562600,-38.15547000,0.45622095,48.75815600,38.69816200,-4.46930000,-13.68118000
109,-1.01196909,4.14715910,60.56493270,-17.16546299,4.97133461,97.62801541,-2.26229930,-30.00006700,29.59337800,14.22504700,-0.10592443,-8.13807900,20.72774500,-73.83753000,-47.00314300,5.41713900,5.95089900,15.00003300,3.81907920,20.24631000,8.69314900,13.78461700,25.05385400,-20.00747000,50.18129300,-5.99459270,-1.30639410,9.21001600,21.69929000,-37.60114000,2.93527720,53.33954600,37.91120000,-3.59119320,-12.48625200
110,-1.11994660,4.09835291,60.40266150,-17.28542358,4.87067011,97.06597033,-2.20126960,-30.00006700,29.68562300,14.45145300,-0.26328182,-8.14143200,20.52799800,-73.95005000,-46.66419000,5.37958150,5.99758800,15.00003300,4.04924630,19.97004700,8.86138600,13.46107500,25.88253400,-19.46235800,49.04454400,-5.44384700,-1.24268420,9.30045400,18.60502400,-36.92041800,4.93521930,55.75141000,36.24407000,-2.79923560,-12.28370900
111,-1.17707610,4.01289845,60.26971856,-17.36389421,4.80031326,96.38841403,-2.14272260,-30.00006700,29.78962300,14.66185950,-0.46947238,-8.14145600,20.17700400,-74.05042000,-46.13834000,5.31890300,6.01524350,15.00003300,4.39783530,19.72274800,8.98916100,13.08882900,26.73775700,-18.95382900,47.86986000,-4.98892070,-1.14559450,9.31337500,15.41257000,-36.05764800,7.02372600,57.69967300,34.29744000,-1.99565610,-11.95221100
112,-1.18164170,3.88745141,60.14705467,-17.41215513,4.85665969,95.54293132,-2.14028600,-30.00006700,29.92317000,14.89562200,-0.69532937,-8.13580300,19.66034100,-74.16623000,-45.49567000,5.23755460,6.03652240,15.00003300,4.87509000,19.47437900,9.16140600,12.58786300,27.66676100,-18.47387000,46.69277600,-4.76565900,-1.02676570,9.08161100,11.65746000,-34.93184300,9.49821950,59.90379000,32.45244000,-1.21101870,-11.10506300
113,-1.11821580,3.70468283,60.04015711,-17.45130138,5.02575817,94.63584129,-2.19438580,-30.00006700,30.06174500,15.11267200,-0.76359576,-8.16363100,18.83536000,-74.36624000,-44.67137000,5.39119770,5.94878150,15.00003300,5.26566360,19.10876500,9.33908750,12.13783550,28.65694800,-17.98932500,45.91519000,-4.14195900,-1.00912670,8.93165300,8.48933500,-33.48162500,11.80798800,61.22169500,30.92036400,-0.71683776,-10.74485600
114,-1.00395191,3.45387197,59.97073568,-17.46405728,5.01058744,93.66742934,-1.99280060,-30.00006700,30.33909800,15.14784900,-0.79293640,-8.13482200,18.56464400,-74.40666000,-44.20568500,5.02661600,6.20017200,15.00003300,5.82747130,18.95641900,9.55486100,10.91384000,29.32398000,-18.21739000,46.02181600,-3.44754220,-0.98954110,9.11371800,5.96587400,-32.47830200,14.05895700,60.73230400,29.26980000,-0.10962831,-10.18148600
115,-0.84819561,3.14439940,59.95059185,-17.41900075,4.95732315,92.68633541,-1.80233530,-30.00006700,30.53806100,15.20697700,-0.88105460,-8.13923600,18.07092000,-74.45023000,-43.44945500,4.81980750,6.32168400,15.00003300,6.33525400,18.66849000,9.73007100,9.80928600,30.04462800,-18.49722300,46.24162300,-2.75143550,-0.93579000,9.57264200,3.46190620,-31.28390700,16.63470500,59.57357000,26.92815800,0.71457016,-9.41333700
116,-0.65520239,2.77177572,59.97202508,-17.30625122,4.83704774,91.50184039,-1.71752440,-30.00006700,30.81994600,15.28278200,-0.98732800,-8.18575600,16.58347700,-74.56577000,-41.63064200,4.87143560,6.24508330,15.00003300,6.88544900,18.10243400,9.76562700,9.04987500,30.97762100,-18.80137400,46.48807500,-1.92256470,-1.00055330,10.12843300,0.52785400,-29.67088300,19.75973000,58.49250000,23.77005800,1.47067530,-8.40875100
117,-0.43478030,2.33017921,60.01751063,-17.11345820,4.48904991,90.22085813,-1.51894010,-30.00006700,31.18855000,15.49864300,-1.04753030,-8.20527300,15.42714600,-74.64274000,-39.89137000,4.68002130,6.26790900,15.00003300,7.33410000,17.21469900,9.81087600,8.33664400,32.16489400,-19.46054600,47.12878400,-0.55842810,-1.55944700,10.44589100,-2.60094930,-27.81116700,23.43661500,57.24176800,19.89006400,1.74587980,-7.30450340
118,-0.21437840,1.82148671,60.11404218,-16.85619412,3.92878890,88.96918687,-1.24429230,-30.00006700,31.51013000,15.73467200,-1.18872760,-8.28469100,13.83393100,-74.79557000,-37.57347500,4.85718350,6.08323600,15.00003300,7.76531740,16.33373600,9.63597900,7.87628000,33.45992300,-20.36340700,47.55813200,1.52592910,-2.21155070,10.67063600,-6.48224970,-26.05699000,26.79059200,55.39924600,16.84470000,1.63573770,-5.87598800
119,-0.01062085,1.27938259,60.20465208,-16.61728405,3.34096309,87.75357206,-0.93733720,-30.00006700,31.84391400,15.91549200,-1.35895090,-8.29015800,12.13465600,-74.91188000,-35.10974500,5.06387800,5.92650900,15.00003300,8.10066300,15.39260600,9.51991900,7.44045500,34.62087600,-21.32570000,48.24721000,3.60611080,-2.55205060,11.00819400,-10.60091500,-24.63081600,29.63700900,53.10752000,14.68633400,1.58123460,-4.85183430
120,0.15654649,0.71952850,60.29770679,-16.42158448,2.64443232,86.53311624,-0.46121657,-30.00006700,32.25382600,15.88408850,-1.48011740,-8.27915300,11.70684300,-74.68922000,-33.72991000,4.17041200,6.49860600,15.00003300,8.32140900,14.45622600,9.50420950,7.20422800,35.66535600,-22.21937000,49.04880000,5.45356400,-2.74505020,11.34032500,-15.02506200,-23.40433900,32.12900500,50.51802400,13.12600200,1.58543300,-3.96681020
121,0.30127117,0.14172062,60.38778713,-16.23853065,1.96412133,85.38096212,0.03125813,-30.00006700,32.70625000,15.79028800,-1.57387760,-8.29650700,9.82267600,-74.69981400,-30.88484000,4.42170200,6.58702200,15.00003300,8.26018200,13.52177800,9.46380300,7.47078040,36.68472000,-22.80282200,49.67672000,6.88392160,-2.99938680,11.52214800,-19.82245800,-22.20883200,34.43721000,47.71852500,11.83623700,1.59085680,-2.90489130
122,0.41885814,-0.44333720,60.38742848,-16.21857760,1.43082350,84.02738109,0.54655963,-30.00006700,33.07698000,15.56973900,-1.70958030,-8.34433300,6.54580640,-74.67981000,-26.53425600,5.45888300,6.20955370,15.00003300,8.12402500,12.63981000,9.08169100,8.26749500,37.52099600,-22.55830800,50.84757600,7.52592600,-3.02535580,11.57118100,-25.42478400,-21.31268500,36.42097500,43.98341400,11.23156700,1.75156750,-2.30507040
123,0.49402443,-1.00521421,60.35904532,-16.31890034,0.86871477,82.88930920,1.10479990,-30.00006700,33.35667000,15.15186000,-1.72696500,-8.51851750,4.48920540,-74.43754600,-23.52187200,5.77001330,6.39083430,15.00003300,7.60521900,11.81673300,8.91247750,9.70529200,38.31332800,-21.82025300,51.30542800,8.13797500,-3.07741830,11.76937900,-31.69344500,-20.56162600,38.14822000,40.50840800,11.23643300,2.05518460,-1.50400330
124,0.55336976,-1.54705465,60.34433996,-16.43603588,0.31860526,81.84632022,1.71532870,-30.00006700,33.67080000,14.59358600,-1.73051250,-8.72868400,3.00324900,-74.10200000,-21.11371800,5.75258350,6.70559300,15.00003300,6.92850200,11.12083150,8.75799400,11.51876900,38.97758500,-20.75512000,51.46638500,8.48741900,-3.05284070,12.04602600,-38.20080000,-20.02259600,39.76832200,37.03906000,11.37232100,2.31218220,-0.82484925
125,0.62793911,-2.07503915,60.35135337,-16.51960342,-0.07977495,80.85197856,2.26256900,-30.00006700,33.96940600,14.04940800,-1.79661350,-8.92248200,1.08270070,-73.80736000,-18.36834300,6.16476500,6.65415140,15.00003300,6.11834800,10.58461200,8.48073400,13.54914000,39.47999200,-19.47017300,51.61276200,8.29779500,-2.93075700,12.28959750,-44.76967200,-19.70740000,41.39183400,33.52832800,11.51204400,2.42260890,-0.43082005
126,0.71964252,-2.57373762,60.32955526,-16.71877487,-0.12582119,79.61363642,2.62077380,-30.00006700,33.96949000,13.44406400,-1.77774750,-9.14253000,-0.83273417,-73.29284000,-15.74167250,6.44641540,6.72980740,15.00003300,5.16609800,10.40558800,8.25113500,15.87203500,39.77659000,-17.88500200,51.81713500,6.83429050,-2.85651280,12.14902100,-51.65453300,-19.64353000,42.70031400,30.32085000,12.18685600,2.45533370,-0.13675201
127,0.86028332,-3.05701685,60.30043453,-16.90068501,-0.39344484,78.29547563,3.00332800,-30.00006700,33.91078000,12.97086050,-1.75616730,-9.35271800,-2.50092740,-72.79053500,-13.32404100,6.67230600,6.80386160,15.00003300,4.06205130,10.33187600,8.15821400,18.44870200,39.89168000,-16.21036300,51.61665700,5.99187370,-2.69935370,12.33070900,-58.57796000,-19.85959200,44.14966200,27.89234400,13.33318600,2.06729100,0.30267480
128,1.04669571,-3.51826692,60.36379801,-16.93212953,-0.73951854,77.12718199,3.34592300,-30.00006700,33.83939400,12.62258150,-1.67666840,-9.58334200,-3.78562280,-72.35667400,-11.29604500,6.85084400,6.85777850,15.00003300,3.04051140,10.40667100,8.04482400,20.59489800,39.79802000,-15.00372000,51.71458000,4.93473340,-2.60396360,12.26629100,-65.50500500,-20.30211600,45.42085600,25.83841900,14.60414400,1.57656760,0.65416306
129,1.28762925,-3.95709133,60.52128869,-16.80715936,-1.05596764,76.12525168,3.59032540,-30.00006700,33.73438600,12.42628300,-1.53723400,-9.81202000,-4.90079900,-72.03551000,-9.54744700,7.14899250,6.87781860,15.00003300,2.02588870,10.60895400,7.92844720,22.53542300,39.55136000,-14.00436000,51.87972300,3.52442400,-2.53154000,11.82124800,-72.45998000,-20.90947000,46.76154700,23.94866200,15.96715900,0.89820963,0.84344620
130,1.57904100,-4.36477757,60.73588228,-16.62851813,-1.30492857,75.15267319,3.83548240,-30.00006700,33.55742600,12.23334200,-1.28028130,-9.98381200,-5.28206730,-71.76685000,-8.68266700,7.12551360,7.28500500,15.00003300,1.11157870,10.96804100,7.85212200,24.13392300,39.14025000,-13.12655400,52.11767600,1.82461400,-2.36677000,11.05040100,-79.27516000,-21.73841700,48.57658000,22.00862000,17.46701000,-0.33080986,0.94520420
131,1.95422792,-4.73499537,60.98879089,-16.45162395,-1.17805971,74.64070104,3.79208020,-30.00006700,33.30338700,11.89818400,-0.98556950,-10.23475700,-5.73312200,-71.54369000,-7.83965200,7.24517300,7.24750470,15.00003300,-0.00909716,11.57386800,7.95214030,25.76602700,38.14523000,-12.58167900,52.57808300,1.16661370,-2.32401250,10.81438400,-86.41516000,-23.62500600,50.45985000,20.30724000,18.55352600,-0.95701710,1.00723300
132,2.37417603,-5.08600378,61.25841905,-16.24111254,-1.05792414,74.12917223,3.79767000,-30.00006700,33.06448400,11.62350700,-0.59435100,-10.40967000,-5.97840200,-71.41836500,-7.17190070,7.39623640,7.40647300,15.00003300,-0.95701190,12.22287300,7.98605900,26.98834600,37.16552400,-12.41227400,53.29216400,0.54444090,-2.20845150,10.57941100,-93.84851000,-25.72452200,52.12355400,19.64935100,20.38160700,-1.87848760,0.83442760
133,2.82498837,-5.42019510,61.52442941,-16.01577758,-0.98333063,73.28280304,3.84875680,-30.00006700,32.80729700,11.41687100,-0.21723713,-10.60068800,-6.21458860,-71.29877500,-6.46096200,7.47301800,7.81288150,15.00003300,-1.75159680,12.90926600,8.06962400,28.01188700,36.17697500,-12.39622800,54.10243200,-0.06840508,-2.15632180,10.29151000,-101.74190500,-28.00922600,53.97263300,19.55371000,22.93037000,-3.04152400,0.66863350
134,3.30120397,-5.74177933,61.77632401,-15.79055799,-0.92769338,71.93512319,3.92559030,-30.00006700,32.38919400,11.31392400,0.02521620,-10.90588600,-6.57458300,-71.14542000,-5.59253170,7.57386200,8.31893500,15.00003300,-2.37448430,13.60873700,8.19332000,28.59494000,35.20738000,-12.77548200,55.31942000,-0.76840780,-2.33433500,9.95476600,-110.12740000,-30.39767600,56.21668200,19.65776600,25.92486200,-4.26973630,0.87823400
135,3.83049989,-6.04385042,62.20759092,-15.32681589,-1.00366382,71.21313421,3.96260500,-30.00006700,32.09226000,11.20121900,0.50954705,-11.17056300,-6.36597630,-71.20833600,-5.13429900,7.63339200,8.30423900,15.00003300,-3.00795630,14.04810300,8.33808500,28.78575000,34.27375000,-13.18770500,56.82504000,-1.73750540,-2.26571560,9.43922600,-117.87571000,-32.83204000,59.55912400,21.17647400,29.03289600,-5.42937950,0.89129275
136,4.36981869,-6.32444191,62.66563237,-14.87442836,-1.10897129,70.64803040,4.06883300,-30.00006700,31.76007000,10.90061400,0.99214417,-11.53305800,-6.21925900,-71.33189000,-4.75870560,7.73552100,8.47185500,15.00003300,-3.56845050,14.62961800,8.56620600,28.81400000,33.35665000,-14.16829400,58.30513400,-1.64629050,-2.13061020,8.83835700,-125.85990000,-35.29069000,62.53030400,22.35900100,32.71731000,-6.76165060,1.38722530
137,4.92407322,-6.58700037,63.09063532,-14.52186688,-1.03662316,69.85952344,4.15842530,-30.00006700,31.24552500,10.48466600,1.46117620,-11.78776200,-6.23007630,-71.41737000,-4.27469900,7.81253300,8.56337450,15.00003300,-3.97646860,15.10276800,8.85207600,28.64729900,32.52702000,-15.06096500,59.78756700,-1.81537230,-2.11520700,8.45636600,-133.48944000,-37.69442000,65.76907000,23.69535400,36.26335500,-8.02438300,1.97895130
138,5.49507523,-6.83259869,63.48469448,-14.24945141,-0.76026305,68.74304655,4.19852070,-30.00006700,30.53843700,10.02922300,1.92964260,-11.86965200,-6.45878900,-71.43629000,-3.54897950,7.86045170,8.48190400,15.00003300,-4.27185600,15.33176600,9.11268000,28.36757500,31.82239500,-15.61364600,61.31837500,-2.79488100,-2.27054670,8.35244200,-140.31290000,-39.95305600,69.26344000,25.44353300,39.13672000,-9.11649700,2.30050640
139,6.07961798,-7.05323982,64.07760981,-13.63427537,-0.79124493,67.91963565,4.29353500,-30.00006700,30.01276400,9.70325600,2.50890520,-12.06981600,-6.73837330,-71.55366500,-2.65310170,7.95380260,8.57624000,15.00003300,-4.64784700,15.44417900,9.15113300,28.15499000,31.14244700,-16.70320900,63.16819000,-3.35553400,-2.34288700,7.93316600,-146.00491000,-42.11039400,72.11547000,27.26612300,40.89899400,-10.04107800,1.87343350
140,6.68037462,-7.24673653,64.54631605,-13.22618107,-0.41643493,66.70917021,4.31151720,-30.00006700,29.44196300,9.36196600,3.36949470,-12.15706700,-7.10893800,-71.62376400,-1.90355560,7.96047740,8.69259700,15.00003300,-4.97395800,15.38402200,8.91793600,28.20213000,30.55337300,-17.11566200,64.70421600,-4.34969230,-2.32817770,7.84648600,-149.93222000,-44.11587000,74.89968000,28.56053400,41.58458700,-10.91229700,1.11344430
141,7.29072380,-7.42020702,64.99216518,-12.82811991,0.01470938,65.39114550,4.32845350,-30.00006700,28.86277000,9.09019200,4.29195200,-12.30722900,-7.56620930,-71.59784000,-1.09591230,7.96856900,8.95064500,15.00003300,-5.41236730,15.29761500,8.46351500,28.49202200,29.98576200,-17.60563300,66.15951000,-5.12503960,-2.15514520,7.80652500,-152.92107000,-45.98303200,77.14558400,29.80507300,42.10814300,-11.85947300,0.40826580
142,7.90720367,-7.57430267,65.44676129,-12.37702533,0.39565461,64.08479997,4.36469750,-30.00006700,28.25550800,8.91609900,5.13850450,-12.50188100,-8.03922700,-71.49129000,-0.25702992,7.99467900,9.21385600,15.00003300,-6.01337000,15.20513250,7.89779330,28.91632500,29.38033700,-18.30763000,67.66203000,-5.55472660,-1.86690570,7.78173300,-155.15453000,-47.72353000,78.85736000,31.12310400,42.60468000,-12.79998500,-0.36769710
143,8.52634525,-7.70654249,65.92189800,-11.84908699,0.68475689,62.90197421,4.42060600,-30.00006700,27.55760400,8.84669100,5.72325470,-12.58473900,-8.35450800,-71.37422000,0.41530930,8.00803600,9.08929900,15.00003300,-6.79147430,15.02288900,7.44464100,29.31565000,28.73942600,-19.01037000,69.25242000,-5.73619750,-1.60794730,7.85318470,-156.59080000,-49.31894300,80.29684000,32.52814500,42.77710300,-13.43552700,-1.77934190
144,9.13593197,-7.81635666,66.38814352,-11.31944567,1.08168736,61.20398827,4.39599660,-30.00006700,26.96373200,8.85649500,6.66306400,-12.75546400,-9.08053300,-71.14319600,1.56808800,8.07523600,9.58738000,15.00003300,-7.67292070,14.73716100,7.22248170,29.62197000,28.14350300,-19.15911100,70.52149000,-6.33679630,-1.54432020,7.92128400,-157.76940000,-50.71425000,81.75259400,33.85129500,43.69949000,-13.90662100,-2.42656680
145,9.73955345,-7.91098547,66.81591908,-10.82090980,1.47457942,59.42472679,4.34871900,-30.00006700,26.26078400,8.95463700,7.50243300,-12.92450600,-9.76512200,-70.89365000,2.59177230,8.12833800,9.95789050,15.00003300,-8.74459900,14.51583900,7.13442200,30.64648200,27.80695700,-19.15361800,71.00841000,-6.64329770,-1.49724410,7.97811200,-158.69345000,-51.32831200,82.94797000,36.06073800,44.21549200,-14.14301600,-3.60766050
146,10.33497047,-7.98731661,67.19727336,-10.35416089,1.85697410,57.72076186,4.29933300,-30.00006700,25.45472300,9.11606400,8.06329600,-13.08512200,-10.36925700,-70.62686000,3.50871420,8.17955900,10.09460600,15.00003300,-9.79463100,14.38563000,7.09454250,31.77041800,27.50401000,-19.23386200,71.39332000,-6.87197100,-1.45672630,7.90127850,-159.35700000,-51.73056800,83.91517000,38.76899300,44.15364000,-14.13277100,-5.07532550
147,10.92081070,-8.04074574,67.52547341,-9.91763189,2.24863562,56.22713354,4.24803260,-30.00006700,24.58184200,9.30466600,8.20417200,-13.23941500,-10.92698800,-70.33609000,4.42089750,8.25226300,9.96669800,15.00003300,-10.64953800,14.45809100,7.03566100,32.87533000,27.11948000,-19.35063600,71.70859000,-7.13510800,-1.34924550,7.70258330,-159.98604000,-52.11744300,85.04471000,41.62697000,43.85452000,-14.00868400,-6.54448130
148,11.48974419,-8.05084515,67.74087594,-9.67255438,2.74283805,55.13083405,4.23122020,-30.00006700,23.57657400,9.37155800,8.21878050,-13.43847000,-11.26422600,-70.03873000,4.99466600,8.30907900,9.85678600,15.00003300,-11.33056700,14.83105000,6.99229400,33.60036500,26.72905200,-19.47618300,71.93737000,-7.31129030,-1.00666880,7.66164300,-160.56873000,-52.46282600,85.97108500,44.12379000,44.16522600,-13.92625500,-7.29240230
149,12.05177116,-8.03165531,67.91435264,-9.44431964,3.42581443,53.98356535,4.17452400,-30.00006700,22.55482700,9.51904000,8.25220300,-13.62782700,-11.60107600,-69.75835400,5.47576000,8.36633900,9.71591700,15.00003300,-12.07897100,15.16844600,7.16755500,34.27353000,26.36266300,-19.66130600,72.06363000,-7.48685500,-0.68179786,7.62841200,-161.03404000,-52.75579000,86.83774000,47.10269500,44.87853600,-13.50962100,-8.15365500
150,12.60881901,-7.98376417,68.02684663,-9.25626096,4.10449008,52.89532461,4.16582300,-30.00006700,21.50933000,9.70283300,8.02104800,-13.71804600,-11.76016200,-69.53021000,5.74432900,8.38683400,9.39768300,15.00003300,-12.72944450,15.57648100,7.43955000,34.85359000,25.97781600,-19.92072000,72.03254000,-7.56922530,-0.37452580,7.63006970,-161.44620000,-53.03676000,87.69974500,50.08468200,45.89134200,-13.03122400,-9.01453600
151,13.16406155,-7.90830231,68.09214733,-9.08542224,4.68223357,51.90366855,4.24797060,-30.00006700,20.47267300,9.90115800,7.43853570,-13.66303200,-11.68286400,-69.38100000,5.76668100,8.36229500,8.85189800,15.00003300,-13.22085300,16.08914800,7.77278380,35.25145000,25.57525800,-20.21276000,71.94155000,-7.66265630,-0.14393811,7.64959700,-161.80441000,-53.30676000,88.54712000,52.75102600,46.95808800,-12.57338200,-9.77026100
152,13.73200130,-7.80955553,68.19380586,-8.74290782,5.20845485,50.82306633,4.39713240,-30.00006700,19.72999200,10.25166900,6.90347000,-13.50726700,-11.57693300,-69.34813000,5.78589060,8.34571300,8.29280400,15.00003300,-13.68538950,16.64307400,8.39406800,35.50613400,25.30071600,-20.24553100,72.04572000,-8.59489800,-0.22262934,7.31483500,-161.70420000,-53.48604000,89.21399000,54.74305000,46.91660000,-11.88417000,-10.30882700
153,14.31492615,-7.68023872,68.24586339,-8.52961676,5.99093484,49.70605074,4.42314200,-30.00006700,19.00025400,10.41954700,6.86064900,-13.47354300,-11.74930400,-69.22668500,5.87529950,8.37168600,8.05682400,15.00003300,-14.09508800,17.06206900,9.11275500,35.73328400,24.98028600,-20.19359800,72.18365000,-9.21737800,-0.14999408,7.30849500,-161.67337000,-53.68685500,90.04969000,56.99124500,47.55297500,-11.40598200,-10.55384300
154,14.91252804,-7.52855682,68.32763740,-8.21877608,6.66047066,48.75635304,4.47593070,-30.00006700,18.37480500,10.60361500,6.65258200,-13.38689200,-11.72113000,-69.22103000,5.78221370,8.36864000,7.63265400,15.00003300,-14.42795100,17.54186200,9.79995200,35.82683600,24.71667500,-20.04783400,72.34060000,-9.99564600,-0.14055830,7.30792700,-161.46550000,-53.84205200,90.92170000,59.17790200,48.28510300,-11.06199300,-10.53137200
155,15.52409840,-7.35173464,68.43712679,-7.81924615,7.24826929,48.06456964,4.53918650,-30.00006700,17.82466000,10.77293900,6.22155140,-13.23570500,-11.43715400,-69.34579000,5.40150900,8.28244600,7.08385300,15.00003300,-14.71536800,18.03429600,10.52782200,35.79972000,24.44812400,-19.82017000,72.48118000,-10.85934800,-0.19411503,7.26726870,-161.27086000,-53.98840000,91.85196000,61.29496800,48.93699300,-10.65813350,-10.35901400
156,16.15297127,-7.14118338,68.49612443,-7.51728145,8.01552198,47.75166416,4.52942900,-30.00006700,17.19074600,10.77524600,5.84144800,-13.11562700,-11.13714100,-69.51118000,4.75108530,8.19659900,6.81937700,15.00003300,-15.08571800,18.41135000,11.29849300,35.76284400,24.18285400,-19.63580700,72.76514000,-11.00639800,-0.09758440,7.25578830,-161.18686000,-54.13311800,92.82413000,63.30644600,49.73138400,-10.06375300,-10.32867300
157,16.80016327,-6.89911079,68.52502113,-7.16222396,9.04118131,47.48736847,4.52474640,-30.00006700,16.61557600,10.75029600,5.71288600,-13.06999200,-10.97670200,-69.66849000,4.31140800,8.13935400,6.55969950,15.00003300,-15.49190400,19.00436400,12.12339900,35.64253200,23.94620100,-19.51366000,72.98483000,-11.36009000,-0.08344936,7.30019900,-160.98279000,-54.27248400,93.70227000,65.18304000,50.54259500,-9.80172350,-10.37534200
158,17.43764305,-6.62837601,68.55175340,-6.79479680,9.82629895,47.26065183,4.66521840,-30.00006700,16.03741000,10.74356800,5.48969360,-12.99655000,-10.32902500,-69.53397000,3.30880120,8.09853400,6.22704460,15.00003300,-15.88589900,19.58337400,12.96791700,35.45029000,23.73655000,-19.37798300,73.32429000,-11.96572300,-0.18576342,7.46604440,-160.68814000,-54.40810000,94.54307600,66.81087500,51.20240800,-9.62929900,-10.72120100
159,18.06190681,-6.32211351,68.52730947,-6.46945993,10.59980817,47.14665589,4.82888360,-30.00006700,15.45451300,10.72175300,5.15708400,-12.89223000,-9.52853300,-69.22180000,2.06927540,8.04539700,5.91554930,15.00003300,-16.21393600,20.14600000,13.89432500,35.13316300,23.53031200,-19.21141600,73.62689000,-12.50512900,-0.20167784,7.61999940,-160.41893000,-54.56629600,95.37706000,68.33153000,51.84927000,-9.38774300,-11.37070800
160,18.67539406,-5.97487640,68.38639274,-6.23614332,11.69835652,47.31079039,4.88781900,-30.00006700,14.78777700,10.62634700,4.76283450,-12.76652900,-8.84878400,-68.94450000,0.86985660,7.98321960,5.71955060,15.00003300,-16.53501000,20.70700800,14.92982100,34.62948200,23.37210700,-19.04807000,73.74294000,-12.64130800,0.14673135,7.60325200,-160.19463000,-54.73008700,96.13115000,69.96829000,52.74797400,-8.92541100,-12.17461900
161,19.24815941,-5.58138847,68.38690498,-5.73431979,12.52140768,47.66248440,5.00713870,-30.00006700,14.17150900,10.62035100,4.22318270,-12.71587500,-7.98388400,-68.83211500,0.00223200,7.97300600,5.50177300,15.00003300,-17.21443600,21.41259400,16.24972500,33.99632300,23.26924300,-18.88777400,74.02322000,-13.47758600,0.13693672,7.68738270,-159.72932000,-54.88287700,96.77559000,70.95514000,54.45946000,-8.59193600,-12.81621550
162,19.78398132,-5.15977621,68.36214690,-5.38087398,13.28578392,47.95589139,5.04302740,-30.00006700,13.79010700,10.57274800,4.28634800,-12.71360300,-7.34099200,-68.77528000,-0.78279510,7.95398040,5.59140060,15.00003300,-17.81179000,21.88820000,17.58336000,33.39292000,23.15620200,-18.56473700,74.27069000,-14.08835900,0.14052382,7.66533660,-159.20409000,-55.14301700,97.66661000,72.46667000,55.31968000,-8.18328800,-13.35119800
163,20.27291679,-4.70380640,68.25490373,-5.14421409,14.10827203,48.30174467,5.05103600,-30.00006700,13.49107400,10.47544000,4.34208440,-12.62193200,-6.76999000,-68.90411000,-1.53682680,7.95546800,5.60987230,15.00003300,-18.23918300,22.38127900,19.02838000,32.62354700,23.07361400,-18.05577700,74.53029000,-14.64702400,0.33146793,7.69572970,-158.72539000,-55.55117400,98.81753000,74.14544000,56.27847300,-7.67308430,-14.17615300
164,20.70743752,-4.21001625,68.00868361,-5.02152992,15.06937422,48.73690679,5.09527200,-30.00006700,13.18274100,10.31861600,4.08859900,-12.38554600,-6.22980170,-69.26191000,-2.21876760,7.99975970,5.34990900,15.00003300,-18.55687300,22.95454600,20.68685200,31.41880000,23.06223900,-17.46412300,75.05218500,-15.35941600,0.78648860,7.76382880,-158.28137000,-56.15508300,100.08049000,75.84525000,57.93477000,-7.02063940,-15.36103600
165,21.07396698,-3.68101883,67.50427288,-5.12217356,16.51490006,49.26526016,5.08448700,-30.00006700,12.72992600,10.15832800,4.12231500,-12.18174650,-5.68581720,-69.73436000,-3.09356930,7.95975450,5.12097500,15.00003300,-18.65597500,23.59469000,22.30321000,29.64417600,23.22231900,-17.08923300,76.22114600,-15.34598600,0.96639850,7.73230650,-157.55484000,-57.89150000,101.44643400,77.43003000,59.46459000,-6.42184800,-16.41820300
166,21.33797073,-3.15187311,67.17734840,-5.16418361,17.36931238,49.45176417,4.85735130,-30.00006700,12.87316000,10.24854900,3.90133120,-11.94964000,-5.66991570,-70.40486000,-3.10772600,8.12931200,4.96595000,15.00003300,-19.15665800,24.03942100,24.49146000,28.71714200,23.67424200,-16.25010500,75.97095000,-16.40552500,0.88658310,8.06166000,-156.20303000,-59.77291500,101.60762000,79.21056000,61.16546600,-5.97534560,-17.68395800
167,21.51949501,-2.62892437,66.89066166,-5.29495492,18.14876759,49.77967291,4.55651330,-30.00006700,12.88980700,10.29882700,3.85955360,-11.84285450,-5.54783630,-71.18596000,-3.15467200,8.26775400,4.80134500,15.00003300,-19.57727000,24.49882700,26.68887100,28.18531800,24.15007200,-15.43433700,75.57957000,-17.96322000,0.78255960,8.45910000,-154.24997000,-61.87983000,101.73357000,81.11082500,62.50837700,-5.17423700,-18.75486600
168,21.62026024,-2.12165761,66.60734871,-5.39866833,19.11111887,50.52900368,4.14803300,-30.00006700,12.82080650,10.29942000,4.01858760,-11.79419700,-5.28648850,-71.94635000,-3.52347640,8.33674900,4.67378850,15.00003300,-19.83157000,24.92645600,28.61318200,28.03252600,24.54564500,-14.62427600,75.23263000,-19.35510300,0.80138490,8.71825500,-151.67287000,-64.20677000,101.59553500,82.91660000,63.20952600,-4.17942000,-19.47138200
169,21.63015366,-1.64829171,66.35227541,-5.02376601,20.53824838,52.13704623,3.42705200,-30.00006700,13.30105700,10.48709200,4.08741570,-11.49581600,-5.08500900,-72.42918400,-4.50063320,8.34007100,4.81044700,15.00003300,-19.64718000,25.13172700,29.79380200,28.04538300,25.08778400,-13.50683000,74.79295000,-18.99554400,1.13612870,8.32559300,-149.00339000,-66.63586000,100.90016000,84.29623000,63.41589400,-3.67969730,-19.59316000
170,21.48655319,-1.24723732,66.04541254,-5.08510128,21.53966209,53.63678833,2.69618460,-30.00006700,13.66496400,10.77861400,3.97369580,-11.36827800,-5.03945700,-72.69446000,-5.20136800,8.40120800,4.72342630,15.00003300,-18.92606500,25.80833800,29.79380200,27.95001800,25.65838400,-13.46065800,74.82772000,-18.63349500,1.56765440,8.82626900,-143.71930000,-69.27200000,98.99500000,86.02259000,63.21015000,-2.93159130,-19.74361000
171,21.22817421,-0.93007648,65.77249080,-5.33353283,22.04314059,54.63266636,2.12344220,-30.00006700,14.00623600,11.20305250,3.81667570,-11.33653400,-5.02137800,-72.92244000,-5.73663600,8.50166900,4.53801000,15.00003300,-18.48320000,26.33483900,29.79380200,28.17537300,26.19262300,-13.71388900,74.76127000,-18.54760600,1.96548930,9.63284600,-136.66940000,-72.04632000,95.20936600,86.68262500,62.68555500,-2.78101040,-20.92592600
172,20.87152481,-0.70603520,65.56802547,-5.62034873,22.32857113,55.52333999,1.34298170,-30.00006700,14.55543800,11.86885450,3.58445400,-11.33330800,-5.35848500,-73.10982500,-5.83814200,8.65205100,4.34033870,15.00003300,-17.96451800,26.76293000,29.79380200,28.62770000,26.73396000,-13.90942900,74.43866000,-18.00917400,2.22793750,10.42255400,-128.86433000,-74.86481500,90.03973000,86.20994000,61.93449400,-3.14566540,-21.93581400
173,20.43404388,-0.58046097,65.45531283,-5.76045667,22.70349256,56.89041652,-0.05391272,-30.00006700,15.56375800,12.94787700,3.18045400,-11.27864200,-6.29269000,-73.24518600,-5.28078700,8.83929700,4.22774600,15.00003300,-16.96818200,27.19714700,29.79380200,29.20621900,27.35441600,-13.66564800,73.63560500,-16.14249800,2.27791140,10.83461300,-121.64892600,-77.65346000,84.43851500,84.94322000,61.11409800,-3.86829970,-21.15678800
174,19.87780952,-0.60610974,65.25887069,-5.76401315,22.97184729,58.39060610,-0.46166712,-30.00006700,16.33383400,13.40418700,2.78230450,-11.06388200,-6.25767330,-73.63053000,-5.91920760,8.98432200,4.00087070,15.00003300,-15.95298200,27.57845000,29.79380200,30.72990400,27.76064100,-14.24349100,71.55426000,-14.70296200,2.23600700,11.68086300,-110.69065000,-80.36663000,76.51407000,83.23828000,60.15722300,-3.98230430,-22.46723000
175,19.24948311,-0.75946593,65.12184837,-5.95910527,22.87229273,59.47913765,-1.05508510,-30.00006700,17.06121800,14.16755600,2.48677280,-10.93439100,-6.96673900,-73.97408000,-5.85584070,9.43548900,3.69022370,15.00003300,-14.97319400,28.34388200,29.79380200,31.84883900,28.02328000,-15.07164700,69.57761000,-13.43304800,2.42525860,12.14617500,-98.59746600,-82.87891400,67.19128400,81.33225000,58.90872600,-3.86752650,-23.31939300
176,18.57765007,-1.04127908,65.15786296,-5.96290065,22.58969082,60.91425117,-1.84066930,-30.00006700,18.04169700,15.02630100,2.11404200,-10.85995600,-9.27415800,-74.33656000,-4.18137200,10.84140600,2.84683970,15.00003300,-13.81433300,29.33722100,29.79380200,33.00666400,28.21073700,-15.83407100,67.17752000,-11.75019200,2.48475310,12.43102000,-85.91268000,-84.94305400,56.81358300,79.00703000,57.85861200,-3.87194500,-23.53019300
177,17.88184738,-1.45584679,65.41684963,-5.57072116,22.19873436,63.01204387,-2.84865500,-30.00006700,19.51571700,15.92000200,1.57603100,-10.81251500,-11.34301300,-74.78212000,-2.64140340,11.90922900,2.17910300,15.00003300,-12.54160500,29.79380200,29.79380200,35.07115000,28.41571400,-15.81396400,63.79211800,-9.24131900,2.19331980,12.87155700,-72.07825000,-85.99116500,44.79473000,76.03475000,57.28471800,-4.12958100,-23.12126700
178,17.14663124,-2.03914690,65.70097452,-5.18121043,21.27653667,64.83600019,-3.85610270,-30.00006700,21.32211300,17.20901700,1.19592320,-10.72399100,-14.26872700,-75.41908000,-0.42800650,13.35684900,1.16094850,15.00003300,-11.43902000,29.79380200,29.79380200,37.63365600,28.55095100,-16.67729400,59.77713000,-6.22766350,1.72562580,13.93238450,-56.48085000,-85.43974000,31.61073900,72.52709000,56.43138000,-4.04625800,-22.85013200
179,16.40020943,-2.75890231,66.09741128,-4.78811447,20.10748829,66.88134682,-4.75159600,-30.00006700,23.05029000,18.14767800,0.85508657,-10.71246200,-16.80334300,-75.96718000,1.49723640,14.43917900,0.50688505,15.00003300,-10.51868600,29.79380200,29.79380200,40.65785000,28.58556200,-17.21543300,55.42828800,-4.26962200,1.44616090,15.03194600,-41.84370400,-83.46256000,19.53849000,68.47558000,55.47991000,-4.51593260,-23.18920700
180,15.65132713,-3.58171844,66.46445982,-4.40777307,18.90888846,69.03653153,-5.55848100,-30.00006700,24.77793500,18.90036000,0.60462740,-10.64415400,-19.10749600,-76.48614500,3.25871800,15.25757400,-0.03857834,15.00003300,-9.60236100,29.79380200,29.79380200,44.00695400,28.50592200,-17.67392700,50.74103000,-2.12487460,1.15408350,16.18219800,-29.57451600,-80.33919500,10.12841400,63.72168000,53.77889300,-5.16509870,-23.66701500
181,14.90214920,-4.49745226,66.79057712,-4.03955891,17.65108074,71.23482401,-6.26604100,-30.00006700,26.48986000,19.53337500,0.39189030,-10.48759500,-21.34640300,-76.99204000,4.98906850,15.94864100,-0.56480086,15.00003300,-8.76182600,29.79380200,29.79380200,47.49156600,28.32946200,-18.21502000,45.84271200,0.14432113,0.86266240,17.17075500,-20.42676500,-76.45233000,4.14040200,58.61115000,51.64792000,-6.06532430,-24.19984600
182,14.15295887,-5.50582409,67.12779012,-3.69145638,16.06716583,73.37409864,-6.84261200,-30.00006700,28.06484000,20.08084100,0.03438393,-10.27609400,-23.84946000,-77.47286000,6.95127340,16.80528600,-1.10627690,15.00003300,-8.20544400,29.79380200,29.79380200,50.66242200,28.18598600,-19.04455000,41.04607000,1.31169250,0.70784590,17.38239700,-14.41344000,-72.26382400,1.26920090,53.74497200,50.42760000,-7.69304470,-24.97639800
183,13.42025661,-6.59588051,67.45948120,-3.37889200,14.13500578,75.34945672,-7.16675420,-30.00006700,29.67471100,20.36288600,-0.24206781,-10.23539900,-26.01697300,-77.90256000,8.77102300,17.35309000,-1.40652950,15.00003300,-7.78015300,29.79380200,29.79380200,54.61619600,27.80841400,-19.82324400,35.18553500,2.83882700,0.05906978,18.00044800,-9.84282600,-67.67306500,0.71338380,48.44249700,48.83284000,-9.83996000,-25.52876000
184,12.70736313,-7.70996809,67.75802281,-2.97009007,12.35302720,77.72193136,-7.50313570,-30.00006700,31.27010700,20.54859000,-0.32752165,-10.14613900,-27.04082300,-78.47762000,9.26717800,17.44806100,-1.58931100,15.00003300,-7.52285100,29.79380200,29.79380200,58.14233800,27.11884900,-20.54841000,29.84281500,3.46616720,-0.66348810,18.64551000,-5.98283770,-63.02461600,1.66227840,42.80875800,46.05586200,-12.16941700,-26.90010000
185,12.01300430,-8.83018112,67.98237312,-2.60272415,10.75352297,80.40305969,-7.93220230,-30.00006700,32.74447000,20.63392300,-0.29955122,-9.99895900,-27.60055700,-79.05458000,9.22925400,17.41487700,-1.71361570,15.00003300,-7.27450560,29.79380200,29.79380200,60.75000800,26.23495000,-21.45535000,25.24304000,3.69796440,-1.12017520,19.13270200,-2.80311970,-58.56882000,3.66567060,37.24994300,42.64824000,-14.24643000,-28.53767200
186,11.33365536,-9.94239426,68.05586246,-2.47752333,9.29894037,83.19901377,-8.49829500,-30.00006700,33.96002600,20.60461800,-0.29088265,-9.81718400,-28.91783100,-79.39399000,10.10208200,17.77102900,-1.87268640,15.00003300,-6.87296600,29.79380200,29.79380200,62.18979300,25.42588200,-22.79458000,21.28461500,4.36401700,-0.90918230,19.27917700,-0.81923300,-54.47704300,6.55623900,32.56066000,39.60505700,-15.74002400,-29.41715200
187,10.69305611,-11.01662350,67.95688173,-2.67665104,7.69264851,85.98530689,-9.09019600,-30.00006700,34.77338400,20.45907000,-0.35001665,-9.76868300,-29.54522900,-79.42974000,10.61600500,18.04265600,-1.95876320,15.00003300,-6.04495200,29.79380200,29.79380200,63.00047300,24.58871700,-23.52942000,17.98322900,4.24399760,-0.97533613,19.84916000,-0.33905247,-50.68630600,9.54740900,28.85763400,37.14241800,-16.61924600,-29.77161200
188,10.08932114,-12.03075600,67.72377213,-2.90579961,6.35341257,88.57178890,-9.99979600,-30.00006700,35.46208000,20.50871800,-0.30092695,-9.67539400,-30.25156200,-79.43095000,11.08478450,18.18504300,-1.98923990,15.00003300,-4.90210150,29.79380200,29.79380200,63.08413700,23.84713600,-24.18947000,15.53639500,4.51527000,-0.87259530,20.32222200,-0.60276574,-47.17059700,13.00711800,25.39919900,34.16948000,-17.41585400,-29.35750400
189,9.52804565,-12.97102737,67.40893505,-3.09261899,5.00746565,91.27957909,-11.03920400,-30.00006700,36.07681700,20.64943300,-0.16521040,-9.58759000,-30.86395600,-79.36979000,11.61179300,18.35178200,-2.08354400,15.00003300,-3.58281470,29.79380200,29.79380200,63.04398700,23.16505000,-24.34928100,13.21037200,4.70285030,-0.84414680,20.44810000,-1.56673540,-43.95299000,16.41627900,22.36655400,31.32571800,-18.44282200,-28.14674600
190,9.01517963,-13.82273006,67.01764657,-3.19916241,3.58083487,94.27575625,-12.18330000,-30.00006700,36.68627000,20.80477100,0.04753923,-9.54037600,-31.54234100,-79.23366000,12.40650600,18.65934800,-2.29449870,15.00003300,-2.00259300,29.79380200,29.40577300,63.18938000,22.50673100,-23.85192700,10.82912700,4.54598430,-0.97745950,20.06530000,-2.92100550,-41.02882400,19.34262000,19.75784500,29.09334000,-19.73051800,-26.35120400
191,8.57144165,-14.54032993,66.57602540,-3.19180532,2.39092697,97.31774226,-13.50750500,-30.00006700,37.33601000,20.97418000,0.33471414,-9.55846900,-32.49861000,-79.15327000,13.25890400,19.04324500,-2.39661030,15.00003300,-0.04975166,29.79380200,28.28572800,63.08909000,22.10233700,-23.30240600,9.17814400,4.03542040,-0.71603185,19.27198200,-4.05043100,-38.34713000,21.47265600,16.79748300,27.16843000,-20.05275000,-25.74120100
192,8.19024181,-15.12726593,66.07336024,-3.29028443,2.01297562,99.95847493,-15.08053400,-30.00006700,37.70911000,21.26386500,0.24599883,-9.43523300,-34.38215300,-79.12947000,14.58850700,19.68749200,-2.62506440,15.00003300,1.97728160,29.79380200,27.34046000,63.42886400,21.91810000,-22.68746000,7.22911360,4.16655830,-0.20850487,19.08035900,-5.36011740,-35.90275600,23.21528400,13.05735700,23.61099600,-19.74150500,-27.03992000
193,7.86679983,-15.61439037,65.54194495,-3.42959427,1.79468495,102.14862960,-16.58243200,-30.00006700,37.96997000,21.64562000,0.06108499,-9.13849800,-36.48925400,-79.13896000,16.08847600,20.35023900,-2.93214500,15.00003300,4.30132150,29.79380200,26.18389500,63.32898300,21.95364800,-22.27558900,6.35843940,3.96970530,0.21036270,18.93861200,-7.13264800,-33.67848000,24.74339700,9.48883400,20.29475600,-19.33609600,-27.87600000
194,7.60587072,-16.00959396,64.98237480,-3.59939854,1.49524814,103.94263858,-17.92446000,-30.00006700,38.12433000,22.11114000,-0.14288230,-8.72080400,-38.50679000,-79.17566000,17.55590800,20.97009500,-3.26983880,15.00003300,6.95114700,29.79380200,24.73033300,62.52495600,22.21765500,-22.19122700,6.92067200,3.22759200,0.36502683,18.82477800,-9.43936500,-31.68296400,26.05593500,6.43444540,17.74870300,-19.05272900,-27.76385000
195,7.42576647,-16.30486107,64.39623118,-3.78657536,1.02617437,105.52230279,-19.16031300,-30.00006700,38.04854000,22.62927600,-0.39314952,-8.36728600,-40.36286500,-79.22658500,18.85438200,21.61004300,-3.54717470,15.00003300,9.81156100,29.79380200,23.08271400,61.13544000,22.71786500,-22.47776200,8.55986900,2.25020840,0.03694727,19.15661000,-12.14125250,-29.98035200,26.92902800,3.88852980,15.84739200,-18.69045800,-27.45961400
196,7.34716034,-16.47899818,63.91610901,-3.54369331,0.49937872,107.80390659,-20.42372700,-30.00006700,38.42332500,23.13949600,-0.53752655,-8.21069200,-41.66917800,-79.41499000,19.86614800,22.29500400,-3.95632150,15.00003300,12.40743350,29.79380200,21.63492200,59.92528000,23.39167600,-22.67257500,9.50597000,2.62426200,0.37025666,18.71791500,-15.13203050,-28.39819100,26.72423600,1.48454260,15.47442600,-18.12421200,-27.12908600
197,7.33853722,-16.58404350,63.37171910,-3.53107568,-0.06103505,110.03888839,-21.50504100,-30.00006700,38.57056000,23.49646800,-0.59098446,-8.17592000,-42.20993800,-79.65622000,20.06255300,22.86718200,-4.34479050,15.00003300,15.03688600,29.79380200,20.04070900,58.20327000,24.18101700,-22.93990300,10.91909400,2.46317270,0.54040134,18.52773700,-17.87880100,-26.89277000,25.98946400,-0.70276760,15.40994550,-17.20872300,-26.49765600
198,7.39997339,-16.62147713,62.77248574,-3.70224912,-0.64818325,112.33539144,-22.45763000,-30.00006700,38.51170300,23.70371600,-0.59940760,-8.20602900,-41.75943400,-79.93131000,19.23186900,23.27808000,-4.67106630,15.00003300,17.73675200,29.79380200,18.25854300,56.20626000,24.98802800,-23.28391300,12.60109100,1.84436330,0.57640000,18.55262800,-20.84452000,-25.58734000,24.93157800,-2.17498500,15.58920100,-16.22037000,-25.65795500
199,7.53359270,-16.58717918,62.14158907,-3.86920460,-1.27303215,114.95934414,-23.40292200,-30.00006700,38.40580400,23.78352000,-0.61744934,-8.22918900,-40.41774700,-80.19361000,17.53757300,23.60440400,-4.96336500,15.00003300,20.47960900,29.79380200,16.31628200,54.42655600,25.68980000,-23.61845600,14.03244600,1.23166410,0.66696674,18.55500800,-24.63707700,-24.74211900,23.79542700,-2.45071600,16.17784100,-15.56526800,-24.80638900
200,7.74616003,-16.46441460,61.39889081,-4.21470686,-2.15530649,117.89748873,-24.06646700,-30.00006700,38.18113000,23.65367100,-0.67151480,-8.13577650,-37.54970000,-80.56482000,14.11963600,23.76728800,-5.06288500,15.00003300,23.12404300,29.79380200,14.26696300,52.81739400,26.28099000,-24.41898700,14.60472700,1.62970900,0.57278794,18.47823700,-29.06692000,-24.32045200,22.30480600,-1.98973400,16.45406200,-15.13310800,-24.34838900
201,7.99824286,-16.28286743,60.64724953,-4.60729279,-2.97413943,120.78522022,-24.74128700,-30.00006700,37.76371000,23.55793000,-0.70119476,-8.19115900,-34.67333600,-80.76984400,10.80778400,24.04581000,-5.24107650,15.00003300,25.42424000,29.79380200,12.39827500,51.39280700,26.62378000,-25.13859200,15.48760300,1.36872410,0.17315810,18.82162300,-33.32517600,-24.36146700,20.16486500,-1.37939580,15.99706400,-14.14295600,-24.26545100
202,8.27579403,-16.04128456,59.91929901,-4.95431344,-3.71687733,123.83496221,-25.35780700,-30.00006700,37.44145200,23.35226000,-0.69969650,-8.30533400,-29.21406000,-80.20460000,5.00052700,24.80275500,-5.67216630,15.00003300,27.65956900,29.79380200,10.60014800,50.23715200,26.58812500,-25.56497200,16.53180500,0.07167864,-0.33894710,18.94860000,-37.67893200,-24.96562600,17.67466200,-0.12859316,16.33664300,-13.34366300,-24.10015500
203,8.49724770,-15.70559883,59.19343733,-5.31738858,-4.83516835,127.66224589,-25.43942800,-30.00006700,37.14625000,23.75998500,-1.05851460,-8.39104900,-24.04884100,-75.59762000,8.45494800,28.46847000,-9.72047300,9.45583200,29.22195800,29.79380200,9.31143900,49.48640000,26.15709700,-25.45718000,17.56523900,-2.05378870,-0.87536794,18.69049600,-42.11510000,-26.06564900,14.98147500,1.69222520,18.50284600,-13.12354700,-23.63737300
204,8.74441338,-15.38266277,58.54380133,-5.59517310,-5.89265832,130.39863645,-25.61392200,-30.00006700,36.80358500,23.42665300,-0.60661733,-8.99847200,-27.36986000,-62.81539500,28.97392000,40.19848000,-13.20231200,-15.00003300,31.19056300,29.79380200,7.76051240,47.93742000,25.63986000,-26.73340000,19.28806100,-2.13617280,-2.06239200,19.94426300,-46.97024000,-27.32923300,12.55459000,3.77506970,20.74246000,-12.28560450,-23.82984700
205,8.97474480,-14.99478531,57.86984049,-6.12872770,-6.74903390,133.08758852,-25.69412000,-30.00006700,36.32583200,23.31406800,-0.43965346,-9.26077900,-23.62238300,-61.49821500,25.11297800,40.40385400,-13.18133200,-15.00003300,32.54931300,29.79380200,6.65556100,46.41110600,25.01218200,-27.44087400,20.91318500,-3.11493850,-2.93294260,20.12546000,-51.62629700,-28.91435000,11.04716200,6.32187100,21.91988000,-11.67347500,-24.16522800
206,9.16208172,-14.58138084,57.25398292,-6.76885722,-7.34301211,135.51207125,-25.76884800,-30.00006700,35.76707500,23.12749700,-0.33505230,-9.45271900,-20.74174900,-60.39251000,22.17838700,40.29869500,-13.18913300,-15.00003300,33.83559000,29.79380200,5.73985600,44.91371000,24.29595800,-27.85402700,22.25973100,-4.05018800,-3.32674340,19.36072500,-56.20309000,-30.71434200,10.04865400,9.07456300,23.25159600,-11.09337700,-24.42280800
207,9.29590034,-14.14858055,56.68145514,-7.44926942,-7.80029410,137.74410114,-25.83358200,-30.00006700,35.13400700,22.91777400,-0.28254086,-9.67364200,-18.33572600,-59.42191700,19.81089000,40.00442000,-13.26133600,-15.00003300,35.11248400,29.79380200,4.96027500,43.45895000,23.53611400,-28.14465100,23.31453900,-4.57438560,-3.28041630,17.99622500,-60.82410000,-32.63240400,9.48033200,12.11047800,25.14282200,-10.52128800,-24.55494700
208,9.35520840,-13.70452690,56.03195587,-8.13275839,-8.46336723,140.02480977,-25.80276700,-30.00006700,34.48116000,22.73795000,-0.28183640,-9.95064800,-15.98925900,-58.46449700,17.80620600,39.67697000,-13.43457000,-15.00003300,36.26967600,29.79380200,4.30508230,42.09070200,22.80753000,-28.59221800,24.23023200,-4.54910850,-3.11548880,16.92345400,-65.63290000,-34.59290000,9.58247300,15.79798900,27.59601200,-10.09721200,-24.63213000
209,9.30592728,-13.27361488,56.66330699,-8.36043146,-8.87847580,142.51795971,-24.71257400,-30.00006700,32.20905000,21.98571200,0.04318184,-10.05768700,-13.10208300,-58.55352800,15.26387900,38.83275600,-13.28261850,-15.00003300,36.74130200,29.79380200,4.06194070,40.80126600,22.18018300,-29.56451600,25.26295900,-4.29880800,-3.19125370,16.02413600,-71.09576000,-36.51130700,11.20716200,20.43446200,29.45448000,-9.77243400,-24.69461800
210,9.18679047,-12.83982277,57.23074681,-8.55211639,-9.05584776,144.58472573,-23.85670000,-30.00006700,30.26512000,21.22813400,0.41144810,-10.15556300,-10.90031200,-58.64719000,13.26843200,38.03609500,-13.12062000,-15.00003300,37.39702000,28.88797000,3.86742230,39.59819400,21.70198800,-29.95047000,26.40204000,-3.96961900,-3.20597000,15.41065400,-75.58896000,-38.27969000,12.42081900,24.68891100,31.66097800,-9.61843100,-24.53205500
211,8.99387264,-12.41314793,57.69353009,-8.81645153,-9.15732176,146.41164855,-23.07375500,-30.00006700,28.54763000,20.51610200,0.78813680,-10.29390000,-8.84672400,-58.61991000,11.37517500,37.27943800,-12.99968200,-15.00003300,38.13608000,27.91296200,3.61612060,38.64751400,21.38667700,-30.13543900,27.35524200,-3.62362380,-3.15138150,14.78248700,-79.71410000,-39.92963000,13.89448800,28.92885400,34.03930300,-9.53664100,-24.17314300
212,8.72248745,-11.99978638,58.24272850,-9.09371818,-9.18298681,148.22225537,-22.17085800,-30.00006700,26.69000800,19.65043800,1.27701020,-10.51934000,-6.61870340,-58.47089000,9.17770800,36.54200400,-12.93209650,-15.00003300,38.83902000,27.01099400,3.24064300,37.88487000,21.24249600,-30.26944000,28.22867800,-2.97505640,-3.10644980,13.96549700,-83.67224000,-41.47060800,15.84956900,33.07228500,36.45705800,-9.40653700,-23.65170100
213,8.35255241,-11.61731243,58.78450212,-9.42986095,-9.03935628,149.78008074,-21.51694000,-30.00006700,24.78192500,19.02088000,1.43143070,-10.52927300,-4.68274000,-58.26492000,7.21164560,35.75945300,-12.88682650,-15.00003300,39.62399300,25.94712400,2.86914300,37.03455700,21.14509200,-30.59555800,29.05951900,-2.49560700,-2.94077250,13.01188800,-87.55498500,-42.91423800,18.81093600,38.04531000,38.20035000,-9.20419000,-22.92582300
214,7.91934967,-11.26191425,59.54033881,-9.70586010,-8.76846083,151.37965041,-20.62576300,-30.00006700,22.86627000,18.05130400,1.81554700,-10.69505500,-2.81946440,-58.15817600,5.16629400,35.06488000,-12.75117900,-15.00003300,40.40221800,24.93359800,2.51092550,36.09293700,21.14521600,-31.02845800,30.17704800,-1.86412040,-2.94073410,12.68762400,-91.43329000,-44.16202000,21.51011800,42.90469000,40.82095700,-9.03854100,-22.39445700
215,7.43097830,-10.93970871,60.30820958,-10.00235430,-8.43867545,152.94801566,-19.55032000,-30.00006700,20.91253500,16.82476400,2.28877690,-10.86561000,-1.02835050,-58.13767200,3.21514840,34.34014000,-12.58560800,-15.00003300,41.24728800,23.88037900,2.07103730,35.12358000,21.24355100,-31.46050800,31.44545200,-1.31953780,-2.82564880,12.44191900,-93.51836000,-45.12561800,24.01798800,47.73335000,43.76757000,-8.65070600,-21.79486000
216,6.89497089,-10.65555096,61.02597387,-10.35993786,-8.10932277,154.40820081,-18.34062200,-30.00006700,18.94905300,15.41926900,2.76978870,-10.93440000,0.68015340,-58.18185800,1.48044940,33.52133600,-12.42101900,-15.00003300,42.13561200,22.78538700,1.51170100,34.21750600,21.37752500,-31.82604000,32.74687200,-1.03075230,-2.47478870,11.93053600,-92.81876000,-45.74931300,26.45681000,52.66296800,46.52762600,-7.89450800,-20.95307500
217,6.30490255,-10.42191792,61.55295107,-10.53831684,-7.86363266,155.58553899,-17.42927700,-30.00006700,17.58540700,14.66649800,3.08486750,-11.00339000,2.18025500,-58.23358000,-0.08565928,32.89418400,-12.13129600,-15.00003300,42.91248300,21.67309200,0.95965165,33.43506600,21.50734700,-32.26814000,34.20415500,-0.82554250,-2.63543440,12.05861800,-91.23368000,-46.03316000,28.78816400,57.16090000,48.78781000,-7.20645050,-19.83116700
218,5.68155289,-10.23124695,62.03885362,-10.75080277,-7.58964971,156.68436000,-16.54503400,-30.00006700,16.22394600,13.98851800,3.36533140,-10.93794900,3.54489600,-58.30098700,-1.57578910,32.39002000,-11.80243500,-15.00003300,43.63280500,20.56093600,0.49680957,32.59210200,21.63551500,-32.88727000,35.74022300,-1.14007940,-2.81890650,12.13309200,-89.59299000,-46.06447200,31.32738100,61.71271500,51.09448600,-6.43661800,-18.76854500
219,5.03602791,-10.07130623,62.49484635,-11.01668463,-7.18284940,157.66160384,-15.71557100,-30.00006700,14.82017800,13.29553200,3.64914060,-10.85578300,4.87044050,-58.32847200,-3.16062520,31.93708800,-11.49428600,-15.00003300,44.22809600,19.48428700,0.15516578,31.80859600,21.75472000,-33.67198000,37.17507600,-1.28110580,-2.85423970,11.87374500,-88.58750000,-45.91646000,34.40822000,66.31566000,53.00062000,-5.53233580,-17.35460000
220,4.37619925,-9.93682480,62.91579963,-11.33092452,-6.68402608,158.55667921,-14.89601900,-30.00006700,13.38262800,12.56079500,3.96641140,-10.77691300,6.23546800,-58.32938400,-4.85669900,31.50002500,-11.21273800,-15.00003300,44.62458800,18.43991900,-0.02668661,31.11923200,21.85253100,-34.47865700,38.48948300,-1.17640760,-2.73389050,11.31948600,-88.55948000,-45.65771500,38.07308600,70.88639000,54.42646400,-4.54161260,-15.59828200
221,3.72906876,-9.81734276,63.31610502,-11.70052435,-6.30721662,159.51338152,-13.75770700,-30.00006700,11.82761000,11.39303200,4.58895060,-10.65297500,8.61853300,-58.66124000,-8.44563200,30.25287200,-10.95494600,-15.00003300,44.70026400,17.36736000,0.00778467,30.48783000,21.90540000,-34.85619700,39.79556700,-1.42775820,-2.63355850,10.92427100,-89.91012600,-45.40219500,42.15807700,75.18672000,55.66929600,-3.71166590,-14.05057900
222,3.10156417,-9.70248699,63.68140111,-11.85709559,-5.72795115,160.10926349,-13.10720200,-30.00006700,10.63734900,10.55851500,5.07815460,-10.61821650,10.72741900,-58.74793600,-12.36656700,29.09340500,-10.72327900,-15.00003300,44.77061500,16.44612000,-0.04591570,30.19429800,21.86530000,-34.98268000,40.84052000,-1.93494600,-2.71521100,10.83066000,-91.09751000,-45.19735000,45.99425500,79.18214400,56.23446000,-2.90617820,-12.47128900
223,2.49136090,-9.59439564,63.99866899,-11.97219749,-5.21540739,160.55740223,-12.62465400,-30.00006700,9.59953500,10.05143300,5.29328600,-10.54669400,11.92118400,-58.56247000,-14.59885000,28.65977900,-10.31946300,-15.00003300,44.76346000,15.61461450,-0.11156239,29.63900800,21.80503500,-35.10367600,41.90209200,-2.36712300,-2.66050170,10.65872100,-91.82774000,-44.97856000,49.16735500,82.23385000,56.04687000,-2.02723360,-11.04246000
224,1.91534019,-9.48603439,64.28282415,-12.12252340,-4.74775692,160.94962455,-12.14164300,-30.00006700,8.56346500,9.57215100,5.37323860,-10.44069800,13.53413900,-58.48433700,-17.48301300,27.78620000,-9.73862400,-14.03847400,44.67976000,14.85345700,-0.20746225,28.94538700,21.76243600,-35.19786500,42.90506000,-2.66704180,-2.45479150,10.40899000,-92.24795500,-44.73507000,51.61572600,84.41827000,55.41683200,-1.18632190,-9.87364300
225,1.37600088,-9.37310123,64.51871455,-12.31495886,-4.30806278,161.44308348,-11.63343500,-30.00006700,7.58924300,9.15750200,5.30842300,-10.30224300,17.43276600,-58.83571200,-23.62851500,24.99886300,-8.68904800,-8.95858200,44.49943500,14.17454500,-0.29183683,28.40309000,21.74116500,-35.20319400,43.73464000,-2.80944300,-2.15620500,10.17548600,-92.60891000,-44.49056200,53.32160000,85.96686000,54.87098000,-0.49496800,-9.09824800
226,0.91750276,-9.26585293,64.68420658,-12.39205518,-4.10642051,161.46926741,-11.37813400,-30.00006700,6.96713260,9.01391200,5.16048900,-10.29402100,18.03193700,-58.65357600,-24.69556600,24.62277600,-8.23048100,-8.25262450,44.40392700,13.71717900,-0.40886230,27.89752200,21.72576500,-35.22110700,44.61920000,-3.06069250,-2.05376840,9.61619000,-92.53522000,-44.25594300,54.63103000,86.75125000,53.22686400,0.14379288,-8.11152000
227,0.51025349,-9.16461182,64.80893786,-12.43292915,-3.95792439,161.72600441,-11.07560100,-30.00006700,6.51901300,8.85354200,5.19733900,-10.26504900,18.42877600,-58.45893000,-25.31163000,24.49172600,-7.94299030,-8.11174800,44.22862600,13.33307300,-0.42280415,27.27145200,21.74262400,-35.53468000,45.25906400,-3.04648200,-1.76442170,9.03896800,-92.54623400,-44.02317400,55.50705300,87.20878000,52.03945500,0.51105046,-7.49540570
228,0.15566820,-9.06777573,64.85044747,-12.52452721,-3.85062530,161.95962929,-10.78588400,-30.00006700,6.23078540,8.73005400,5.28754100,-10.25155800,19.77282100,-58.40391000,-27.32600800,23.52055500,-7.39970540,-6.46367360,44.01851300,13.01157950,-0.38505614,26.65729700,21.77466600,-35.99220700,45.75782000,-2.84277920,-1.42945520,8.60393500,-92.59366000,-43.83422000,55.91948300,87.34761000,51.55638000,0.69113344,-7.13386250
229,-0.14601810,-8.97685242,64.79183362,-12.69861445,-3.79574777,161.96363925,-10.53991700,-30.00006700,6.10933640,8.62359200,5.34440200,-10.27514000,22.59630600,-58.44709400,-31.63634500,21.03051200,-6.17848250,-2.27075720,43.86999500,12.76093500,-0.34050265,26.16701100,21.80357400,-36.46825800,46.17969000,-2.56302070,-1.16286790,8.41711500,-92.68284600,-43.65760400,55.96949800,87.31168000,51.90450700,0.75561893,-6.91559700
230,-0.39183739,-8.89984131,64.82178807,-12.78984854,-3.88240917,162.43654029,-10.18051500,-30.00006700,5.82596300,8.46187400,5.43380640,-10.28213900,24.33050700,-58.36383400,-34.01225700,19.70316300,-5.45659000,-0.21537180,43.64373000,12.55352500,-0.28013462,25.85872700,21.85316000,-36.68654000,46.30193700,-2.40622900,-0.92408240,8.35862200,-92.67164000,-43.50722000,55.90523500,87.49846000,52.62262700,0.71216786,-6.92039440
231,-0.59473526,-8.82611942,64.80144004,-12.85208167,-3.82534263,162.57647394,-10.01302700,-30.00006700,5.79623500,8.37186200,5.46531440,-10.28278300,27.02517500,-58.23858300,-38.13724000,17.01782600,-3.93511600,3.69684960,43.46615000,12.29829500,-0.25683352,25.54589800,21.93688400,-37.06365600,46.60060000,-2.15175840,-0.67519003,8.22655900,-92.74836000,-43.29574200,55.78571000,87.54653000,53.21251700,0.73856103,-6.86816550
232,-0.75847030,-8.75111961,64.76316533,-12.91515020,-3.64589721,162.50669946,-10.06130600,-30.00006700,5.82863100,8.35378800,5.43383700,-10.28171100,29.99123600,-57.85336000,-42.94900500,13.53624100,-1.80224310,8.32795700,43.39194000,12.00101200,-0.32301477,25.27967000,22.00849000,-37.38585300,46.86313600,-1.81925000,-0.45197797,8.07875100,-92.82683000,-43.12938300,55.71428700,87.51948000,53.50085400,0.74592110,-6.82083000
233,-0.88482553,-8.67809105,64.71842353,-12.93537878,-3.40510894,162.20977576,-10.30834500,-30.00006700,5.96526400,8.29862000,5.38285880,-10.27449400,32.48080400,-57.25981500,-47.33437700,9.76583700,0.66043910,12.76010400,43.51558700,11.63714700,-0.47424328,25.09358200,22.09625800,-37.65525000,46.96281000,-1.52570580,-0.28179690,7.92953400,-92.88400000,-42.94548000,55.71281000,87.57437000,53.37328700,0.72153310,-6.76152600
234,-0.98284048,-8.61816597,64.71053907,-12.97004962,-3.26816331,162.13909781,-10.48109900,-30.00006700,5.92157600,8.24543200,5.35738200,-10.25819600,33.86474000,-56.74524700,-49.97460000,7.43876030,2.17296980,15.00003300,43.44183000,11.33872000,-0.62112284,25.03377000,22.26994500,-37.97053000,46.78203600,-1.44481190,-0.22438017,7.69781400,-92.86919400,-42.61609000,55.72029000,87.86166000,52.73021700,0.80352520,-6.58907750
235,-1.02022040,-8.55924606,64.67436857,-13.03174605,-2.87813090,161.84835584,-10.78094800,-30.00006700,5.89864730,7.91012700,5.55725430,-10.27800200,33.78899000,-56.71545400,-52.24978300,6.71401930,3.16148140,15.00003300,43.42699400,10.86695500,-0.94384030,24.98916200,22.40725700,-38.12214700,46.84577000,-1.24141030,-0.03201012,7.61381800,-92.87795000,-42.29142800,55.53046800,87.93469000,52.82580000,0.81098610,-6.70225330
236,-1.09989130,-8.53207970,64.61371277,-13.11381157,-2.90274857,161.66896958,-10.65863700,-30.00006700,5.96517040,7.81767200,5.51898530,-10.28508700,33.81655000,-56.97762700,-52.26199700,6.69289600,3.22846650,15.00003300,43.32011800,10.78465900,-1.04071890,24.96362500,22.51554500,-38.45245400,46.94452700,-1.01901160,0.13807438,7.50864500,-92.80912000,-41.99139800,55.35618600,87.84865600,52.87433000,0.84176385,-6.74932960
237,-1.16291726,-8.50367451,64.54005512,-13.19124431,-2.92265108,161.50786777,-10.60426500,-30.00006700,6.07905300,7.82947700,5.46954000,-10.30200200,33.89914700,-57.21529800,-52.34520700,6.69564530,3.23153300,15.00003300,43.19460000,10.76901100,-1.17015600,24.95241200,22.61622800,-38.82769800,47.02339000,-0.88477564,0.24933724,7.33922050,-92.71094500,-41.66435000,55.26590300,87.69636000,52.65385000,0.88601166,-6.61467400
238,-1.21055615,-8.47398186,64.44297690,-13.19279094,-2.98515485,161.31479665,-10.56310900,-30.00006700,6.41646960,7.87387100,5.53295200,-10.28393200,33.98444000,-57.47272500,-52.33087000,6.70097350,3.31748530,15.00003300,43.12223000,10.80633100,-1.25556760,24.99927300,22.67589000,-38.98174300,47.06899600,-0.95737810,0.28517976,7.09816840,-92.57323000,-41.34003400,55.33191000,87.47410000,52.01267600,0.91057515,-6.19652900
239,-1.24445939,-8.43730450,64.35213231,-13.21750181,-2.93149631,161.12930408,-10.57636200,-30.00006700,6.71199660,7.90782450,5.49216800,-10.25676600,33.97313000,-57.67497000,-52.25789000,6.70470570,3.30579100,15.00003300,42.97428500,10.84204700,-1.41199760,25.00045600,22.71496000,-39.26349000,47.26327000,-0.91601120,0.17533168,7.07910600,-92.53552000,-40.99228700,55.00309800,87.13254500,51.99873000,0.94657270,-6.32591500
240,-1.27109230,-8.39353752,64.33093184,-13.25962021,-2.90406097,161.16392042,-10.56407100,-30.00006700,6.71437300,7.88562870,5.44274300,-10.23796700,33.97615400,-57.64420000,-52.28141400,6.67246440,3.22297260,15.00003300,42.82683000,10.88812500,-1.52218600,25.04984500,22.77085000,-39.27026400,47.14098700,-0.80993706,0.31485350,6.94672200,-92.61059000,-40.68778200,54.92510600,87.27198000,52.03505300,0.95929240,-6.42683800
241,-1.29204214,-8.34257221,64.31760915,-13.24725338,-2.92652268,161.22558259,-10.56623000,-30.00006700,6.79012000,7.88868860,5.43674000,-10.21277100,33.96342500,-57.56669000,-52.27836200,6.64305900,3.08807060,15.00003300,42.69760500,10.93386100,-1.60383140,25.08591500,22.85150700,-39.31509800,46.95862600,-0.75909860,0.50662190,6.71088270,-92.60947400,-40.40961000,54.92885600,87.38278000,51.95329000,1.04631020,-6.46628430
242,-1.30931246,-8.28432369,64.32238307,-13.14635343,-3.00114465,161.15454138,-10.61208600,-30.00006700,7.18688250,7.97533900,5.49883130,-10.17936200,33.90771000,-57.58613000,-52.15136300,6.64280300,2.93962120,15.00003300,42.60094500,10.97444200,-1.68729710,25.05924000,22.94211800,-39.61299000,46.94271000,-0.82518160,0.58913580,6.44032570,-92.42212000,-40.11434600,54.86493300,87.11690000,51.71817000,1.24974580,-6.44720030
243,-1.32867265,-8.21543121,64.26509588,-13.21655286,-2.97772915,161.00189892,-10.67572700,-30.00006700,7.25919060,8.03925200,5.46584500,-10.25628200,33.73839000,-57.53466800,-51.92781400,6.62224150,3.00465540,15.00003300,42.66354400,11.00654200,-1.88734800,25.07705100,23.02884300,-39.58568600,46.89403000,-0.59475990,0.70717300,6.65051700,-92.40830000,-39.83704400,54.74866500,87.17399000,52.37500000,1.19268580,-6.56247040
244,-1.35117280,-8.13746643,64.21928718,-13.26681492,-2.90619349,160.78668254,-10.79753400,-30.00006700,7.44328360,8.15211500,5.43759000,-10.27012700,33.59385000,-57.54978600,-51.84079400,6.63168400,3.06666950,15.00003300,42.73603400,11.05387500,-2.08280730,24.98892600,23.11719100,-39.77193500,47.03043000,-0.59203570,0.76987180,6.59225750,-92.40765000,-39.55104400,54.63899000,87.00076000,52.29044300,1.35635090,-6.57114360
245,-1.37579632,-8.05009556,64.20460823,-13.26785266,-2.86965974,160.74772894,-10.85961100,-30.00006700,7.67431900,8.22105000,5.43772000,-10.24694600,33.53709400,-57.45022200,-51.82683000,6.63583230,3.08127600,15.00003300,42.70303000,11.08731200,-2.22448660,24.98660900,23.21044000,-39.75334000,46.99835000,-0.64013433,0.77096266,6.40678550,-92.39378000,-39.28228000,54.56273700,86.92877000,52.13172500,1.39934840,-6.60837650
246,-1.40264428,-7.95444489,64.21877878,-13.22299699,-2.87909178,160.88616266,-10.85015100,-30.00006700,7.92331600,8.23398800,5.46343900,-10.20590600,33.54415000,-57.22102400,-51.82483300,6.62836270,3.05385140,15.00003300,42.57518000,11.10039400,-2.30618550,25.08131200,23.30861000,-39.49872600,46.77088000,-0.65666040,0.73615060,6.19334030,-92.34985000,-39.07170500,54.49768000,86.95731000,52.10701800,1.28254880,-6.70842100
247,-1.43393266,-7.85442829,64.22223678,-13.18959596,-2.84863650,160.85808986,-10.91071600,-30.00006700,8.17900100,8.30824000,5.45770360,-10.17770300,33.44799000,-57.07348000,-51.72039400,6.63436460,3.07317970,15.00003300,42.51748700,11.13623100,-2.38293430,25.09987800,23.43908900,-39.50660700,46.68908000,-0.62540450,0.77155610,6.10052630,-92.36314000,-38.82794600,54.38752000,86.79191000,51.98940300,1.35323010,-6.78950900
248,-1.46793389,-7.75316191,64.19150391,-13.20482905,-2.82436290,160.70474415,-10.99095400,-30.00006700,8.36096700,8.40849300,5.42154070,-10.21829500,33.26941700,-56.96600700,-51.49915300,6.64262150,3.12031080,15.00003300,42.51882000,11.17508800,-2.43390730,25.10361300,23.56658700,-39.60596500,46.72707700,-0.40319598,0.81814843,5.97905100,-92.36857000,-38.56049000,54.41692700,86.59995000,51.74864600,1.40039870,-6.69843000
249,-1.50213873,-7.65249205,64.13749987,-13.26261549,-2.80703753,160.62422143,-11.04811900,-30.00006700,8.41302900,8.46757000,5.35642670,-10.26540400,33.10268800,-56.77913000,-51.28466800,6.62562300,3.14041200,15.00003300,42.54114000,11.21677100,-2.48620600,25.12660400,23.68637000,-39.51171500,46.69139000,-0.15700375,0.82827795,6.07190130,-92.44259000,-38.30436000,54.50046000,86.68966000,51.65305000,1.42340540,-6.63468170
250,-1.53602231,-7.55374861,64.08114529,-13.33621408,-2.77179230,160.63564389,-11.08395600,-30.00006700,8.40927900,8.48176900,5.27822200,-10.27305000,32.97251500,-56.53433200,-51.13614700,6.58744600,3.11850800,15.00003300,42.55196000,11.24202500,-2.54587720,25.16448400,23.80669200,-39.25784700,46.58907700,0.01295731,0.81586975,6.19961640,-92.57324000,-38.07600000,54.61127000,86.96495000,51.61775200,1.42466940,-6.62167020
251,-1.56944299,-7.45873356,64.05469630,-13.38154915,-2.67645675,160.71278422,-11.11520200,-30.00006700,8.49313500,8.46661100,5.21380100,-10.18218600,32.88702000,-56.30764400,-51.11137400,6.55483060,3.03926920,15.00003300,42.51445400,11.22692300,-2.62076430,25.17909000,23.92453800,-39.00784000,46.51696400,-0.01816414,0.81487550,5.99004650,-92.72355000,-37.89050700,54.74580800,87.17940500,51.42494200,1.40923800,-6.63981680
252,-1.59829152,-7.37194920,64.04375796,-13.39730738,-2.62118942,160.84138713,-11.11959650,-30.00006700,8.58193100,8.44030500,5.17814350,-10.15104000,32.86189700,-56.05756400,-51.10679000,6.51611400,3.05738830,15.00003300,42.45417800,11.20490600,-2.65582100,25.21407100,24.03504400,-38.67646000,46.43705000,-0.03072771,0.78810734,6.02749970,-92.83590000,-37.73159400,54.83806600,87.44272000,51.34269300,1.41813850,-6.65233400
253,-1.62310922,-7.29244947,64.04651530,-13.37771896,-2.57377317,160.90900830,-11.14638400,-30.00006700,8.72942200,8.45132600,5.13713700,-10.14076300,32.82341000,-55.86704300,-51.09324600,6.51326130,3.07386850,15.00003300,42.43438300,11.21730200,-2.69497280,25.21477500,24.12416500,-38.50420000,46.39588500,-0.12413052,0.79173017,6.04065040,-92.90656000,-37.60500300,54.84613000,87.49608000,51.29413200,1.44235590,-6.69342850
254,-1.64208245,-7.22001648,64.05098783,-13.34760514,-2.57180786,160.97054164,-11.15301200,-30.00006700,8.88435650,8.47224400,5.11312150,-10.13843100,32.79547500,-55.69097000,-51.03337500,6.51267670,3.10353700,15.00003300,42.41985300,11.23014700,-2.76460430,25.19081000,24.20736900,-38.43561000,46.37565000,-0.24611358,0.76595110,6.03501100,-92.87485500,-37.49086000,54.79552500,87.50814000,51.41335700,1.42034300,-6.75650900
255,-1.68505514,-7.16638851,64.05689686,-13.35130857,-2.83464157,161.22074483,-10.88110400,-30.00006700,8.97772000,8.65589500,4.99645500,-10.11164300,32.97865700,-55.59850300,-49.93988800,6.85119870,2.70894900,15.00003300,42.24687600,11.39540000,-2.74230400,25.20623000,24.30785600,-38.40964500,46.31249600,-0.34616610,0.66943353,6.02403970,-92.70385000,-37.36286000,54.72953400,87.61559000,51.74468000,1.32218700,-6.82467750
256,-1.71583366,-7.11791611,64.05426186,-13.33629691,-3.00063139,161.35452044,-10.73791500,-30.00006700,9.15636800,8.86081800,4.82958270,-10.03610600,33.06496400,-55.56515000,-49.03134000,7.14219430,2.26545930,15.00003300,42.10487400,11.56661800,-2.65232040,25.30713300,24.38896600,-38.30488200,46.12281000,-0.38284564,0.60895056,5.99702550,-92.66418500,-37.24863400,54.72877500,87.49942000,51.50184200,1.41642570,-6.85028200
257,-1.73582566,-7.07283926,64.05251175,-13.32412996,-3.13149849,161.44769263,-10.62981400,-30.00006700,9.27660100,9.01557700,4.71010000,-10.00872400,33.09468000,-55.51026000,-48.27784000,7.35738300,1.95444380,14.79044000,41.95797300,11.69900100,-2.62264540,25.35087800,24.48349200,-38.40188000,46.03788400,-0.43213955,0.57034266,5.81299730,-92.56547500,-37.09420400,54.74080700,87.33442000,51.22429700,1.47439550,-6.84288550
258,-1.74330080,-7.03313112,64.04726323,-13.35541552,-3.20080942,161.55112162,-10.50594500,-30.00006700,9.24526800,9.00002400,4.69820740,-10.01163900,32.63984000,-55.56902700,-47.34805300,8.15504700,1.37349130,13.84872000,41.83801700,11.79476700,-2.65272020,25.32134400,24.52966000,-38.50199000,46.04878000,-0.43675202,0.52706826,5.66170260,-92.46026000,-37.00712000,54.72026400,87.22651000,51.13001600,1.49903020,-6.85534700
259,-1.74933136,-6.99767780,64.03514698,-13.40368604,-3.28461830,161.68494397,-10.37134550,-30.00006700,9.16134000,8.97888850,4.69843670,-10.02516700,32.14823500,-55.62581000,-46.40396000,9.01707100,0.77728724,12.92271400,41.73532000,11.89137500,-2.67186400,25.26766600,24.54738800,-38.53277600,46.08007400,-0.41448912,0.47322723,5.59019000,-92.37817000,-36.97121000,54.68821700,87.22043600,51.23987000,1.51085840,-6.88983770
260,-1.75757599,-6.97016287,64.02362544,-13.43234282,-3.45914644,161.80292697,-10.19800700,-30.00006700,9.10964900,8.98678200,4.72052430,-10.03882200,31.38725500,-55.81472800,-44.97342300,10.32371700,-0.09278455,11.50206600,41.63236200,12.00793900,-2.72642800,25.24041400,24.59871000,-38.64756800,46.11351000,-0.57450855,0.42175615,5.50985770,-92.16438000,-36.85531000,54.63480400,87.22494500,51.18137000,1.53396950,-6.89625900
261,-1.75849771,-6.93486404,63.96563177,-13.47770950,-3.52100520,161.71743853,-10.23214150,-30.00006700,9.11936700,9.05852400,4.65957740,-10.03284100,31.31194100,-55.78953000,-44.87657500,10.36782500,-0.16051675,11.48211800,41.65540700,12.01025700,-2.77159050,25.23305000,24.63578200,-38.68527600,46.15403400,-0.54340590,0.39804685,5.47984360,-92.07149000,-36.75409300,54.65373000,87.23136000,51.29720700,1.51464440,-6.80203250
262,-1.76867771,-6.90603828,63.93258116,-13.51301144,-3.63096472,161.73253011,-10.17410850,-30.00006700,9.08645100,9.09361600,4.64977930,-10.04320900,30.92045600,-55.85556800,-44.17707400,10.97746900,-0.57623560,10.82202900,41.60647000,12.06763800,-2.78051520,25.23270800,24.66740000,-38.71445500,46.19725400,-0.52108836,0.33612946,5.44542030,-91.97608000,-36.64163000,54.70494500,87.27096000,51.28674000,1.49364340,-6.71988960
263,-1.78704298,-6.88071489,63.92108202,-13.54086737,-3.75073403,161.82946710,-10.06367300,-30.00006700,9.01910700,9.09785650,4.67723750,-10.06120000,30.33907700,-55.94717800,-43.12091000,11.89260800,-1.17402300,9.77018800,41.51669000,12.14204900,-2.77128220,25.21408800,24.68181200,-38.72016000,46.27486000,-0.53522307,0.24811240,5.41273550,-91.86989600,-36.57226000,54.76343000,87.30790000,51.19812000,1.48306080,-6.66267060
264,-1.80914545,-6.85111284,63.90512190,-13.58546113,-3.77785043,161.89973908,-10.01971800,-30.00006700,8.93290000,9.09187800,4.68405700,-10.05904400,30.17574000,-55.88637000,-42.80900200,12.12577000,-1.35687500,9.45142300,41.45664600,12.15524000,-2.78197340,25.20923000,24.69177800,-38.64647300,46.35980200,-0.59328960,0.18083447,5.40424100,-91.86639400,-36.48392000,54.85004800,87.44044000,51.21659500,1.47384350,-6.61346000
265,-1.84251702,-6.82181883,63.91575318,-13.60597121,-3.75051088,161.96081622,-9.97441800,-30.00006700,8.85845600,9.05909200,4.68294760,-10.09237400,30.00544000,-55.79636400,-42.45469300,12.28006800,-1.51603760,9.12668500,41.43494800,12.15559200,-2.83530040,25.18376700,24.69150500,-38.59344500,46.52316000,-0.54009640,0.22142355,5.35487460,-91.85000000,-36.44836400,54.89925800,87.48126000,51.37532800,1.48222590,-6.54851630
266,-1.88377130,-6.79555321,63.92233180,-13.62347339,-3.77605939,162.03453011,-9.90194100,-30.00006700,8.77507800,9.04286700,4.67473130,-10.11932400,29.77920700,-55.76480000,-42.02297600,12.62476700,-1.76788560,8.63247600,41.38128000,12.16126500,-2.83013650,25.15845000,24.69086800,-38.56399500,46.68218600,-0.52299460,0.27275887,5.35094000,-91.80931000,-36.43128000,54.93686700,87.51469000,51.51027700,1.56018640,-6.50144100
267,-1.93045115,-6.76982307,63.92487932,-13.64019551,-3.81139396,162.07732007,-9.83905600,-30.00006700,8.70098800,9.02835300,4.68202600,-10.14412600,29.67714700,-55.74909200,-41.86529000,12.83758200,-1.88724670,8.39221900,41.31536000,12.17264900,-2.80631420,25.16487500,24.68755500,-38.52801000,46.80841000,-0.52512586,0.31094240,5.33505700,-91.79732000,-36.37702000,55.03092000,87.55724000,51.52698500,1.66155700,-6.48159100
268,-1.98149645,-6.74306965,63.92675145,-13.66009583,-3.81764987,162.07052449,-9.81048000,-30.00006700,8.63985900,9.01686100,4.71264200,-10.17285400,29.85026200,-55.70168000,-42.23634700,12.67012000,-1.71135250,8.69845900,41.28762400,12.14193100,-2.82257200,25.15621600,24.68798400,-38.53515200,46.97375500,-0.56609900,0.32094540,5.28711030,-91.72807000,-36.35832000,55.06440400,87.49892000,51.27930500,1.73960800,-6.49358840
269,-2.04448318,-6.72160149,63.95976827,-13.65342140,-3.78159323,162.09805474,-9.77510700,-30.00006700,8.55597700,8.99990700,4.72179800,-10.22029000,29.64937400,-55.70891000,-41.95146000,12.95631100,-1.82133260,8.33934200,41.24959600,12.14289700,-2.84271760,25.18255400,24.68674500,-38.52800000,47.11944000,-0.76042396,0.34583035,5.15826130,-91.68660000,-36.33444200,55.13345300,87.36593000,51.07795000,1.90790360,-6.37623740
270,-2.11004615,-6.70068645,63.99067730,-13.65569406,-3.75215071,162.18062254,-9.71024400,-30.00006700,8.48875400,8.96457800,4.73924100,-10.24132300,29.65050100,-55.67066200,-41.96330300,13.05063200,-1.83209360,8.22072200,41.18972400,12.14882900,-2.85952020,25.20594800,24.68355800,-38.49393500,47.24175000,-0.90820430,0.36969950,5.10144760,-91.69606000,-36.30086500,55.21481300,87.36127500,50.97473000,2.01638770,-6.38196200
271,-2.17545557,-6.67836142,64.01151356,-13.67719541,-3.68245912,162.25629915,-9.66600100,-30.00006700,8.41117500,8.90990450,4.74597930,-10.24700450,29.96713300,-55.53782000,-42.50023300,12.69098000,-1.60458310,8.62617200,41.12536600,12.15181700,-2.87341740,25.24773800,24.67503700,-38.41615000,47.32280000,-0.98335310,0.37384483,5.07225230,-91.80488000,-36.21993600,55.29658000,87.44933000,50.88828000,2.06639220,-6.40217350
272,-2.23937440,-6.65475416,64.02277060,-13.70927356,-3.57635340,162.30252945,-9.66088100,-30.00006700,8.33051000,8.85385600,4.73894930,-10.25025000,30.44760500,-55.34335700,-43.33557500,12.02951400,-1.22136330,9.37276000,41.10842000,12.13651600,-2.90623880,25.26409700,24.67367700,-38.37046400,47.40335500,-1.00587580,0.35871345,5.06130360,-91.91521000,-36.18558000,55.32306000,87.50174000,50.76698300,2.07009170,-6.40443560
273,-2.30456996,-6.63673449,64.04948365,-13.71271732,-3.56075114,162.37895658,-9.59396600,-30.00006700,8.27128600,8.82163400,4.76431000,-10.28460200,30.40122200,-55.31238000,-43.21706800,12.15587700,-1.30200220,9.18658700,41.05415700,12.18613100,-2.94484950,25.30000300,24.67706700,-38.37983000,47.44822700,-0.99667853,0.36021320,5.05970500,-91.88743000,-36.14672500,55.33791000,87.43268000,50.63369800,2.06901290,-6.43945000
274,-2.36843538,-6.61859226,64.09729449,-13.70000874,-3.51981583,162.51609159,-9.50359700,-30.00006700,8.21963400,8.76492500,4.78957940,-10.29374100,30.21760200,-55.28712500,-42.82871000,12.48560500,-1.54034110,8.69934750,40.98694000,12.22226000,-2.97617630,25.33432800,24.67999800,-38.33176800,47.48037000,-1.07910070,0.29181057,5.06293340,-91.86964000,-36.12830000,55.40153500,87.39901000,50.32658000,2.08933600,-6.41134450
275,-2.42680955,-6.59886742,64.13124298,-13.68868873,-3.49749911,162.60256756,-9.43377800,-30.00006700,8.22194200,8.72384400,4.82583500,-10.29857500,30.08601600,-55.27510500,-42.56299600,12.71521500,-1.69480450,8.37595300,40.92366400,12.25709500,-2.98365800,25.42866500,24.69035100,-38.21862400,47.42357300,-1.16575240,0.20629597,5.11385700,-91.87847000,-36.09082400,55.49267200,87.36548600,50.18630200,2.11457200,-6.41442540
276,-2.48082590,-6.57656860,64.15564972,-13.68588567,-3.48206877,162.67895085,-9.37378300,-30.00006700,8.24013800,8.70027000,4.85944500,-10.29788200,30.04663700,-55.24831000,-42.44793300,12.84505750,-1.78420050,8.18331300,40.88077000,12.26337400,-3.00433370,25.44859300,24.69522300,-38.18533300,47.44225000,-1.29733090,0.15453795,5.18389800,-91.85107000,-36.07944000,55.51276800,87.33118000,50.20096200,2.13400440,-6.45495200
277,-2.53313589,-6.55234146,64.18544860,-13.67960503,-3.45203925,162.79135108,-9.28810700,-30.00006700,8.24521500,8.63493300,4.87094600,-10.27970600,29.97355300,-55.20394500,-42.25312000,13.02484700,-1.93888970,7.88091600,40.78915000,12.26665800,-2.98154350,25.45634700,24.71015000,-38.15872200,47.44383000,-1.40685120,0.24107346,5.13389000,-91.89854000,-36.05845600,55.55337500,87.33108000,50.40193000,2.18473320,-6.48411940
278,-2.58040190,-6.52443981,64.17811692,-13.69502995,-3.47947720,162.78270725,-9.24965000,-30.00006700,8.23079400,8.64449300,4.85499330,-10.35566700,29.87760200,-55.18778000,-42.03162800,13.16492000,-2.03777300,7.71354800,40.82657200,12.28923800,-3.01550340,25.46541200,24.72663100,-38.09658000,47.50633000,-1.36838800,0.21878454,5.32243900,-91.85686500,-36.03418400,55.58973700,87.35787000,50.74001000,2.14378500,-6.48482660
279,-2.63123035,-6.49703741,64.19781544,-13.67907612,-3.49972339,162.83569422,-9.19808100,-30.00006700,8.25502500,8.65146900,4.86410400,-10.39663900,29.40114800,-55.27672000,-41.24542200,13.87084000,-2.44444500,6.90130420,40.80172300,12.32903700,-3.01538200,25.51174200,24.76123600,-38.01085000,47.48359300,-1.43436360,0.13370260,5.35644960,-91.83799000,-35.98670600,55.65008000,87.34288000,50.71562200,2.13225800,-6.46553000
280,-2.68238592,-6.46596909,64.21584325,-13.67207193,-3.49323760,162.88784653,-9.16167450,-30.00006700,8.27624500,8.65449300,4.87658600,-10.41050900,29.03965400,-55.31714200,-40.68005400,14.39095500,-2.73112080,6.28673650,40.78564500,12.34784200,-3.02885800,25.52530900,24.78658500,-37.96609500,47.49615000,-1.51584860,0.06286174,5.30674270,-91.82046000,-35.95511600,55.68979300,87.32355500,50.62251300,2.13631370,-6.44767900
281,-2.73188639,-6.42846680,64.20546508,-13.71337441,-3.45684537,162.88125055,-9.14283600,-30.00006700,8.25203100,8.64112500,4.87431340,-10.40995400,29.25351700,-55.18749000,-41.03057500,14.06922600,-2.53965120,6.63728000,40.79633300,12.32661100,-3.07118900,25.53602400,24.82028200,-37.92145500,47.54837000,-1.50213540,0.06692430,5.24225400,-91.82387500,-35.91160200,55.70040000,87.35613000,50.77250700,2.13749460,-6.45327330
282,-2.78361607,-6.38619137,64.19968871,-13.74035458,-3.40679539,162.89031733,-9.12082300,-30.00006700,8.31328600,8.62933900,4.85341100,-10.38257000,29.44844000,-55.06614700,-41.32850600,13.78539100,-2.37846260,6.94822260,40.75446000,12.31980300,-3.09643840,25.62539500,24.86017000,-37.79614000,47.50081000,-1.57236210,0.00949367,5.27460240,-91.83890500,-35.86031000,55.73595400,87.24962600,50.91677000,2.10469840,-6.49022670
283,-2.84147692,-6.34505320,64.21151680,-13.76648148,-3.37642462,163.04394478,-9.03239000,-30.00006700,8.29098400,8.57834200,4.85345170,-10.40683500,29.11303700,-55.01746400,-40.73636000,14.31071600,-2.68907000,6.22690400,40.65809600,12.34705400,-3.09503670,25.65189200,24.90355000,-37.68648000,47.44733400,-1.58024910,0.00905171,5.32823500,-91.90697500,-35.82021000,55.79295700,87.32152000,51.10354600,2.13328530,-6.56634330
284,-2.89844203,-6.30051184,64.21851435,-13.79013831,-3.34660253,163.14701498,-8.96773300,-30.00006700,8.31246100,8.54158800,4.87031500,-10.42841400,28.84047900,-54.97159600,-40.27979300,14.71478100,-2.91074540,5.66852500,40.60755000,12.36013600,-3.10443040,25.67129500,24.94258700,-37.58017300,47.39552300,-1.60472260,-0.00824351,5.43641420,-91.95682000,-35.79266400,55.84464600,87.37228400,51.31948000,2.15827970,-6.63220000
285,-2.95275426,-6.25096941,64.21932952,-13.80712458,-3.30484390,163.15223027,-8.96089000,-30.00006700,8.40186700,8.55458100,4.89009760,-10.42614400,28.76108200,-54.92107400,-40.18271300,14.80409100,-2.94716170,5.53431030,40.59039000,12.34248700,-3.12541250,25.77312900,25.02146300,-37.40160000,47.26625400,-1.65467350,-0.05395329,5.55838870,-91.98040000,-35.73715200,55.89628200,87.32747000,51.48442500,2.16539800,-6.66422600
286,-3.00884366,-6.20058393,64.24930466,-13.78248827,-3.24703121,163.17825677,-8.97538200,-30.00006700,8.46377300,8.59676600,4.88061050,-10.41729800,28.11644700,-54.96506500,-39.22912600,15.58731100,-3.44368240,4.44364500,40.60533000,12.34741200,-3.17834540,25.82698800,25.07123400,-37.22463000,47.19872000,-1.68906140,-0.03039711,5.54626850,-91.95492000,-35.70343400,56.01971400,87.17612000,51.22545200,2.23167850,-6.65987830
287,-3.06113410,-6.14644909,64.24431914,-13.78805249,-3.21449239,163.14616631,-9.02539900,-30.00006700,8.49335900,8.66840500,4.84447400,-10.46455500,27.54106700,-54.98613700,-38.39681600,16.23500400,-3.84417150,3.57061460,40.65487000,12.36275700,-3.21627830,25.88905000,25.12539700,-37.04419300,47.06580000,-1.66929840,0.02604207,5.56484100,-91.98320000,-35.66719400,56.11375800,87.08318000,51.38518500,2.27897670,-6.72097200
288,-3.11144376,-6.09060669,64.24131497,-13.77765417,-3.18356068,163.08729265,-9.07363700,-30.00006700,8.58041700,8.72427900,4.80365400,-10.49733600,26.92595700,-55.03050000,-37.53338000,16.91071500,-4.23894070,2.67171700,40.69981400,12.35918100,-3.23643140,25.98159000,25.20511800,-36.86404800,46.88200000,-1.71478120,0.02889026,5.55016370,-91.99544500,-35.61117000,56.21167000,86.95133000,51.34422300,2.35388970,-6.70258330
289,-3.15918016,-6.03275585,64.23361798,-13.76446609,-3.14626308,163.00467763,-9.14022600,-30.00006700,8.71710300,8.79610800,4.75405400,-10.50847600,26.39910900,-55.06805400,-36.82883000,17.45642900,-4.55677130,1.95583580,40.74554000,12.33735200,-3.26000260,26.06628200,25.28267900,-36.71923400,46.69983300,-1.79115510,0.00554031,5.53263430,-91.97572000,-35.55286000,56.31816500,86.76865400,51.18770200,2.42539600,-6.61170430
290,-3.20276213,-5.97123003,64.19975578,-13.80025467,-3.10118043,162.90707650,-9.23102600,-30.00006700,8.81473700,8.90648100,4.71053460,-10.51598550,26.30763600,-55.01021000,-36.75600000,17.47305300,-4.61911900,1.93310870,40.75033000,12.31666300,-3.28742720,26.20917300,25.37246700,-36.55159800,46.41930000,-1.74009550,0.06017494,5.57460070,-91.97306000,-35.47784400,56.43871300,86.57268000,51.35347000,2.41374350,-6.52028130
291,-3.24493003,-5.90972805,64.19615074,-13.79395136,-2.99609426,162.86208073,-9.29620550,-30.00006700,8.99356200,8.94043350,4.64947800,-10.54108200,25.93853400,-54.98191500,-36.27020600,17.80701600,-4.86178700,1.41357450,40.71031600,12.33273900,-3.32619930,26.27757800,25.43842700,-36.51190600,46.15759000,-1.74568010,0.09004778,5.77849530,-92.00094600,-35.41594700,56.52359800,86.22423600,51.40410000,2.48510270,-6.51523100
292,-3.27852035,-5.84542847,64.15830002,-13.82022119,-2.92442667,162.68337827,-9.38555200,-30.00006700,9.20249750,9.00843500,4.60145470,-10.55745600,26.26472000,-54.92519000,-36.92523000,17.31085000,-4.63438200,2.14313030,40.78927600,12.33514700,-3.38430760,26.42918400,25.51018700,-36.31525800,45.79514000,-1.79548530,0.09391377,5.86509000,-92.00772000,-35.33672000,56.62358500,85.90555600,51.39147600,2.55512710,-6.47210700
293,-3.30530739,-5.78091192,64.10884367,-13.85713178,-2.88880872,162.51410241,-9.47843100,-30.00006700,9.37299300,9.10389500,4.54868940,-10.55355000,26.53527600,-54.87505300,-37.50196000,16.91232900,-4.43993850,2.76789020,40.85849000,12.32907400,-3.45129800,26.67506200,25.62059400,-35.96084200,45.20905300,-1.84598470,0.11734879,5.84799670,-92.00001000,-35.19958500,56.72830200,85.72751000,51.25245300,2.61054730,-6.42430800
294,-3.32762671,-5.72005320,64.07343030,-13.88048536,-2.89206726,162.48516234,-9.53071900,-30.00006700,9.44936600,9.18308500,4.48470000,-10.52549300,26.01652000,-54.87657000,-36.77859000,17.51183000,-4.78594600,1.97100720,40.89826000,12.35647600,-3.55558510,26.85670700,25.72232800,-35.65023800,44.46644000,-1.90457130,0.19172340,5.80500600,-91.94360000,-35.08785600,56.85819600,85.72998000,50.96158600,2.65340570,-6.40721850
295,-3.33683610,-5.65535784,64.03201433,-13.90043779,-2.84666288,162.36097987,-9.61182300,-30.00006700,9.61838200,9.24741200,4.40726700,-10.57676900,25.71479000,-54.84675600,-36.38768000,17.74441100,-4.97299960,1.62170220,40.97479200,12.42401600,-3.63545000,27.07596000,25.81341200,-35.28054400,43.61191600,-2.03374890,0.12912324,6.00502730,-91.97503000,-34.96534700,56.92238000,85.55264000,50.97893500,2.73382540,-6.41423100
296,-3.33414793,-5.59063625,63.97841218,-13.93963336,-2.81543050,162.24510792,-9.70632650,-30.00006700,9.75441400,9.33085500,4.34644700,-10.60235500,25.22607200,-54.79897700,-35.69602600,18.12824000,-5.21337270,1.05601110,41.03834000,12.47331800,-3.71564650,27.22895400,25.90520500,-34.99482000,42.62311600,-2.04641180,0.11900935,6.30731250,-92.02068000,-34.83004400,56.97469000,85.52902000,51.27221300,2.81403640,-6.44911530
297,-3.32014632,-5.52470446,63.91488872,-13.99491903,-2.79053754,162.16580717,-9.79416600,-30.00006700,9.88333900,9.40857000,4.29108240,-10.60061900,24.77670100,-54.72201000,-35.06093600,18.49390200,-5.46488100,0.49746367,41.09319300,12.54416900,-3.79411270,27.39270600,25.99299000,-34.66227300,41.36555000,-2.04084630,0.12978160,6.55127140,-92.08595000,-34.70506700,57.00961000,85.55512000,51.49982000,2.87697740,-6.49174600
298,-3.29480505,-5.45721483,63.84085020,-14.06443192,-2.78079745,162.13151992,-9.86140700,-30.00006700,10.02095500,9.47023100,4.24110840,-10.57401300,24.43943800,-54.62382500,-34.59574500,18.80354500,-5.70761300,0.01313200,41.12018600,12.64601400,-3.85968260,27.63516800,26.09665300,-34.18900000,39.72993000,-2.05081420,0.14997296,6.67281680,-92.16316000,-34.58100500,57.00223500,85.58505000,51.48968000,2.90623830,-6.53349700
299,-3.25545883,-5.38887787,63.74875847,-14.14942352,-2.84303925,162.12364375,-9.88722800,-30.00006700,10.17333300,9.52561300,4.22317700,-10.53678800,24.04570000,-54.54615800,-34.03775400,19.25670000,-5.92647270,-0.61466986,41.11513000,12.76400200,-3.92164800,27.87537600,26.21355200,-33.64406000,37.74871000,-2.04757710,0.18956454,6.78161760,-92.15462500,-34.47398800,56.90855000,85.61184000,51.24470500,2.87515350,-6.58414550
300,-3.20454288,-5.31996727,63.65445735,-14.17735556,-2.94608112,162.00205547,-10.03619800,-30.00006700,10.36876200,9.69131300,4.18809800,-10.57580900,22.67360500,-54.56698600,-32.03957000,20.66301000,-6.61839770,-2.59632970,41.19269600,12.90904500,-4.00282900,27.90469200,26.35367800,-33.37397000,35.72625700,-1.96785040,0.15411013,7.03498170,-92.07477600,-34.35584000,56.88659000,85.54558000,51.31443400,2.91323920,-6.69435550
301,-3.14926195,-5.24847937,63.57472916,-14.18849762,-3.02605513,161.90600344,-10.17529800,-30.00006700,10.62322700,9.84316700,4.16615250,-10.57694700,21.43601800,-54.55033500,-30.26513000,21.92576400,-7.20420070,-4.46619840,41.25731700,13.07004400,-4.12958770,28.02294000,26.50457200,-32.95142400,33.39398000,-1.91965130,0.10582799,7.12644150,-91.95093000,-34.23943700,56.86034800,85.41108000,51.01943200,2.90341850,-6.84762050
302,-3.09302497,-5.17533875,63.50038689,-14.21107183,-3.09257692,161.84841786,-10.27425600,-30.00006700,10.86976900,9.95202200,4.16585730,-10.55461000,20.50088100,-54.48160000,-28.93921300,22.88031400,-7.61952830,-5.95718770,41.28106300,13.23513400,-4.27321500,28.24639700,26.67821700,-32.33861500,30.75730300,-1.88841460,0.05390469,7.11477570,-91.82587400,-34.12045300,56.79218300,85.30253000,50.62014400,2.84674840,-7.01935400
303,-3.03850317,-5.10237980,63.39983399,-14.28198965,-3.18418405,161.79107013,-10.37238700,-30.00006700,10.97527700,10.06154500,4.16905740,-10.58997500,19.70040000,-54.33928300,-27.79111300,23.64884800,-7.94289300,-7.20508340,41.30755000,13.40151400,-4.40202860,28.34940500,26.85356900,-31.78324900,28.07896800,-1.82343760,-0.01805152,7.28717800,-91.77310000,-34.01021600,56.69416800,85.43103000,50.98421500,2.79839020,-7.16225700
304,-2.98984528,-5.03017664,63.31129068,-14.22773915,-3.36722470,161.65852940,-10.50896800,-30.00006700,11.36345400,10.26354200,4.06467600,-10.58917300,18.16543200,-54.28117400,-25.51168800,25.21010600,-8.54782100,-9.75600900,41.28304000,13.54193400,-4.48472500,28.40857000,27.07083300,-31.32130200,25.47562200,-1.47078360,-0.12040390,7.39640570,-91.52840000,-33.88328000,56.58637600,85.32651500,50.90080300,2.78766600,-7.27524800
305,-2.95651770,-4.95766401,63.21906297,-14.25168704,-3.42946784,161.55032987,-10.60885300,-30.00006700,11.65760500,10.39139000,3.97088740,-10.57039100,17.59538000,-54.18801000,-24.66664300,25.71699000,-8.73772400,-10.65365800,41.26204300,13.70993600,-4.61434840,28.63610600,27.30424900,-30.59408200,22.69713600,-1.40775000,-0.34031788,7.61435840,-91.42451500,-33.76491500,56.58873700,85.30646500,50.55532000,2.78507200,-7.36193370
306,-2.93900466,-4.88568163,63.12436645,-14.32632828,-3.44274884,161.48103569,-10.66158200,-30.00006700,11.87516900,10.46551800,3.88787080,-10.53156200,17.58628000,-54.09723300,-24.63778700,25.65149900,-8.72418900,-10.59322800,41.21187600,13.89634000,-4.75300000,28.90379500,27.53957200,-29.72685000,19.75530800,-1.37096390,-0.41694045,7.82079600,-91.41670000,-33.66679800,56.55605300,85.36746000,50.37972600,2.76497580,-7.52375360
307,-2.93673348,-4.81448030,63.02787096,-14.40724439,-3.49232963,161.44884821,-10.67254200,-30.00006700,12.06724900,10.52774050,3.80622900,-10.47263000,17.63294800,-54.01274500,-24.65954800,25.57642000,-8.70643400,-10.48558500,41.10219200,14.08305300,-4.86136600,29.09965700,27.79729800,-28.88032000,16.64706200,-1.07910470,-0.11815270,7.89711570,-91.43568400,-33.58473000,56.34503000,85.49270000,50.77086300,2.70070030,-7.84673930
308,-2.95706224,-4.73804379,62.90977242,-14.50163115,-3.54426900,161.27804161,-10.71932500,-30.00006700,12.32979000,10.65190700,3.71838970,-10.44840800,18.18653000,-54.01362000,-25.42618000,24.88531700,-8.50404700,-9.26914300,41.04179800,14.26979200,-5.01251550,29.40298700,28.01859900,-28.06424300,13.47759150,-0.96136206,-0.30485640,8.26078500,-91.37275000,-33.52035500,56.24396500,85.49782600,51.09683200,2.64792680,-8.01015100
309,-2.99541521,-4.65235043,62.78525404,-14.56941901,-3.59928084,161.02407390,-10.79759900,-30.00006700,12.73917300,10.83552100,3.58957030,-10.37139200,18.88587800,-54.08329000,-26.42680000,24.01063500,-8.20633700,-7.72399500,40.95014600,14.45988750,-5.11122900,29.65268700,28.26103200,-26.98104500,9.89346000,-0.79706670,-0.14412314,8.28994500,-91.32692000,-33.45519300,56.16791500,85.39612600,51.15498400,2.61056020,-8.12179600
310,-3.05142474,-4.55398703,62.66503493,-14.62077234,-3.62369574,160.77284578,-10.90584850,-30.00006700,13.22789800,11.04573700,3.45593760,-10.28931100,19.53802700,-54.14454300,-27.37008500,23.18669900,-7.92808000,-6.33129400,40.85101700,14.66901400,-5.20876900,29.91113500,28.49123200,-25.78661200,6.08636470,-0.73061705,-0.08124462,8.40925400,-91.31498000,-33.40672000,56.15142400,85.31399000,50.92938000,2.57976530,-8.15504400
311,-3.12473774,-4.43861485,62.54790715,-14.67585873,-3.58372885,160.54849419,-11.04199600,-30.00006700,13.78298100,11.26622100,3.33660300,-10.20827500,20.27262300,-54.17259600,-28.45867200,22.27064500,-7.61489900,-4.87848300,40.74361800,14.89824500,-5.31552300,30.17406700,28.69050600,-24.53029000,2.06013150,-0.79862760,-0.21577527,8.71866500,-91.37397000,-33.38694400,56.16440200,85.28022000,50.49098200,2.57025430,-8.15302900
312,-3.21440744,-4.29121351,62.40219141,-14.80477812,-3.38716835,160.23964019,-11.20373100,-30.00006700,14.52051400,11.48714350,3.24023840,-10.03520600,22.31090700,-54.13427000,-31.60446200,19.78104000,-6.49666740,-1.10166380,40.58915700,15.12030800,-5.37273260,30.26023300,28.84661000,-23.09514600,-2.68600680,-0.82288240,0.12104871,8.60702400,-91.66952500,-33.37961600,55.99864200,85.16846500,50.22537600,2.68048980,-8.39745700
313,-3.30503893,-4.10403061,62.19776015,-14.90201380,-3.24454929,159.66310532,-11.54135800,-30.00006700,15.35005200,11.89282500,3.03839420,-9.97169000,23.89530800,-54.03772000,-34.14182300,17.46126000,-5.38268900,2.20229220,40.50871000,15.35641400,-5.49451500,30.05033700,28.91874700,-21.87796400,-7.57497070,-0.84076600,0.20676099,8.87703300,-91.72872000,-33.36230500,56.04455000,84.74508000,49.74690000,2.68893430,-8.45881500
314,-3.39485455,-3.87914181,61.97330453,-15.03775431,-3.06802725,159.17955130,-11.87183800,-30.00006700,16.17089500,12.24728900,2.86545320,-9.84400600,25.66771500,-53.73085000,-37.01111000,14.79393800,-3.97445320,5.64833400,40.26051700,15.56113200,-5.49416260,29.61996500,28.96215800,-20.39036400,-12.97222000,-0.88407475,0.31346682,9.04204400,-91.90601000,-33.32985300,56.04889000,84.28390500,49.16879000,2.67036910,-8.56029800
315,-3.47508645,-3.60812807,61.72681777,-15.18039274,-2.76421787,158.69091071,-12.31234000,-30.00006700,17.11851000,12.57428000,2.69839380,-9.65713100,27.59651400,-53.19011000,-40.30693400,11.51970400,-2.06855270,9.49698500,39.91149000,15.68203800,-5.38351960,28.82096500,28.96836000,-18.56844000,-18.98948000,-0.96582115,0.54899573,9.10873100,-92.29716000,-33.27293800,55.92122700,83.73623000,48.72334000,2.64060830,-8.80276400
316,-3.52837372,-3.27356982,61.43088784,-15.23203075,-2.18434016,157.81976847,-13.18217100,-30.00006700,18.51688800,13.03825400,2.42191980,-9.50937700,29.34174300,-52.50584400,-43.77540000,7.39956300,0.58078170,14.02359500,39.68279000,15.64850500,-5.25639870,27.29269600,28.87252200,-16.48679400,-25.66955600,-1.05785080,1.00590480,9.32920000,-92.93104000,-33.16899500,55.59745400,82.82801000,48.86533700,2.59658300,-9.29049800
317,-3.52367282,-2.89538240,61.04465914,-15.34162203,-1.66391878,156.77773739,-14.11594900,-30.00006700,20.05483400,13.17173000,2.52613830,-9.42563500,28.65880000,-52.55651500,-45.61847000,6.39520170,1.65275880,15.00003300,39.34899000,15.53788600,-5.11643700,24.01040300,28.72710000,-13.40486200,-32.57599000,-0.75932280,0.96532920,9.09970800,-93.38602400,-33.04751000,55.46578200,81.91463500,48.06452600,2.17553110,-9.58317600
318,-3.56118011,-2.50828600,60.61158173,-15.53900963,-1.45551606,155.98597635,-14.62500400,-30.00006700,21.49870500,13.62759800,2.28579660,-9.28465300,28.03881800,-52.65452200,-45.59538000,6.20270820,1.86432860,15.00003300,38.54683000,15.85466700,-4.75487200,20.69896700,28.44597600,-11.08538900,-37.53153600,-0.44192347,1.11573430,10.24552700,-93.80408000,-32.88342700,55.42728400,81.07230000,48.56818000,1.94610750,-9.41660600
319,-3.60627437,-2.09774756,60.15867398,-15.72852238,-1.38464845,155.35341421,-14.99937200,-30.00006700,23.02080700,14.23231800,2.01773200,-9.18245300,27.50792900,-52.64624400,-45.01517000,6.20744660,1.95334630,15.00003300,37.71357000,16.41104700,-4.40208340,15.74604200,28.02069900,-8.92522000,-41.44843300,-0.69548830,1.57766850,12.04326600,-94.20296500,-32.65590300,55.20961400,80.20325000,49.50647400,1.93158130,-9.54298700
320,-3.64067340,-1.66333210,59.69678537,-15.86256239,-1.39351466,154.91683023,-15.37758600,-30.00006700,24.72312500,14.91434000,1.97668590,-9.20091500,27.05249000,-52.44825400,-44.51743700,6.20918370,2.33525700,15.00003300,37.01796300,17.04710800,-4.19216250,7.62164800,27.54487800,-5.96801800,-45.44757500,-2.09447620,2.34137270,13.48726000,-94.48375000,-32.32348300,54.36266000,79.05435000,49.74862300,2.07823250,-10.70896600
321,-3.66925216,-1.21297741,59.02988546,-16.44935944,-1.16637293,154.68465873,-15.53145300,-30.00006700,26.09881400,15.25920200,1.62312580,-9.18722000,26.49812000,-51.97829400,-43.79572700,6.20067830,2.68729300,15.00003300,36.11160300,18.06490300,-4.18746900,-2.79298020,27.46728900,-5.80085750,-45.33905800,-2.69873930,3.48000740,15.72593800,-95.07693500,-31.88365600,53.30070500,77.97321000,50.27695000,2.05995970,-10.82531300
322,-3.68979383,-0.75090647,58.75055663,-16.78526001,-0.52714875,154.11489774,-15.67253800,-30.00006700,27.09563300,15.41094500,1.46346900,-9.03937800,25.94071600,-52.06348800,-43.35666000,6.11346860,2.92121320,15.00003300,35.51183700,18.49757800,-4.28421800,-12.22453900,27.30434400,-4.79424050,-44.32470300,-3.23009160,4.58397000,18.03378000,-95.78262000,-31.57095000,52.41070000,77.18387600,50.13144000,1.90585660,-11.07715800
323,-3.70231915,-0.29181087,58.80473097,-16.87892634,-0.02105106,153.45629688,-15.51493100,-30.00006700,27.58149300,15.33558400,1.57323050,-8.91229200,25.73838200,-52.65882500,-43.35236700,6.03138160,3.19799140,15.00003300,34.89190300,18.66795300,-4.27783160,-20.86787600,27.08880600,-3.08957460,-42.82126200,-3.64179180,5.74768160,19.45079000,-96.27952000,-31.39039000,51.51882600,76.51247400,49.76579700,1.73191380,-11.32240700
324,-3.70795178,0.15753426,59.11627485,-16.77988237,0.15430207,152.82520513,-14.98628600,-30.00006700,27.57320200,15.03559500,1.94271170,-8.87687900,25.99129000,-53.67561300,-43.79485000,5.99831720,3.59565000,15.00003300,34.26799800,18.73080800,-4.18632200,-28.96953200,26.99708000,-1.21708880,-40.89769700,-3.95304350,6.88941340,20.00039500,-96.47626500,-31.33634600,50.52483000,75.95020000,49.41283000,1.62302200,-11.51939500
325,-3.71391225,0.59881157,59.38884858,-16.77360139,0.51251408,152.13047786,-14.52202600,-30.00006700,27.49864800,14.71497250,2.24578020,-8.85395600,26.18654800,-54.78100200,-44.28082000,5.94154200,4.07881930,15.00003300,33.84425000,18.77113700,-4.08979560,-36.12833400,27.22860000,0.21882040,-38.51749800,-4.21544080,7.30784600,21.71639800,-96.92449000,-31.29301800,49.17237500,75.11484000,48.75877400,1.83677460,-11.88352800
326,-3.71977496,1.03385377,59.79388740,-16.47782170,0.95802595,151.53533373,-14.17167900,-30.00006700,27.88591000,14.54355800,2.62535290,-8.85182600,26.48674400,-55.90243000,-44.88016000,5.86860200,4.46520570,15.00003300,33.28866000,18.86635400,-3.87445500,-41.64037000,27.75794200,1.77983600,-37.27921700,-4.28024150,7.29016200,22.67010900,-97.23935000,-31.34453200,47.91057000,73.78272000,47.63325000,1.84528920,-12.50231000
327,-3.72852349,1.44805503,60.15157140,-16.24534699,1.41202633,150.81318819,-13.81220150,-30.00006700,28.23437700,14.38914300,3.00344100,-8.81540200,26.84123400,-57.22252000,-45.62084600,5.81386380,4.80413060,15.00003300,32.66557000,18.89713100,-3.43620440,-47.20457000,28.58792300,3.29089860,-35.62132000,-4.32957360,6.93395800,24.28534500,-97.94034000,-31.47886000,46.57434000,72.16507000,46.73081000,1.67204390,-13.24871800
328,-3.74245787,1.83747113,60.40840388,-16.16412245,1.86775569,150.05157806,-13.47565800,-30.00006700,28.39385600,14.21198000,3.33384510,-8.75108200,27.17232500,-58.58477000,-46.40053000,5.76771970,5.12035940,15.00003300,32.06229800,18.84954300,-2.84665820,-53.14159800,29.79640200,4.60286240,-33.24821000,-4.58768220,6.52765100,26.31598700,-99.22600600,-31.69808600,45.07838000,70.38129400,46.23081000,1.46017710,-14.14450300
329,-3.76555920,2.20043015,60.55417157,-16.23755873,2.35205628,149.59279923,-13.27670400,-30.00006700,28.29328300,13.97002200,3.56977530,-8.70708200,27.29691900,-59.51733800,-46.92769600,5.70124050,5.42738100,15.00003300,31.63928800,18.80963500,-2.35045580,-59.14981000,31.54354000,5.59401940,-30.43350400,-5.53004550,6.70631100,27.33528500,-101.23237600,-32.02533000,43.35124600,68.57010000,46.15666600,1.54201450,-15.30923800
330,-3.80593801,2.52217245,60.65212797,-16.34903575,2.85967990,149.05859384,-13.05366400,-30.00006700,28.22278400,13.75248400,3.61968500,-8.65807200,27.62147100,-60.46929600,-47.69229500,5.67168570,5.66805270,15.00003300,31.00400000,18.79430400,-1.69255850,-63.83520500,33.75988000,5.90351870,-27.74530800,-6.14855700,6.82584430,27.67609600,-103.50020000,-32.54703000,41.81353400,66.66701000,45.80769300,1.33695330,-15.89411400
331,-3.85564828,2.81302524,60.76028409,-16.35222304,3.20496714,148.40139077,-12.87024400,-30.00006700,28.23767500,13.71440200,3.66905830,-8.57017400,28.02109700,-61.52139000,-48.47608000,5.65740200,5.69444130,15.00003300,30.23696900,18.55851700,-0.77342606,-69.96230000,36.30851000,5.35989500,-23.99256100,-7.24467950,7.10518740,28.12921000,-105.72491500,-33.20784000,40.23049000,64.33275000,45.65410600,1.00786010,-16.68398900
332,-3.92292619,3.07377958,60.87097215,-16.30674698,3.49606734,147.73256311,-12.77047600,-30.00006700,28.22380800,13.78955100,3.71543530,-8.48112700,28.35530300,-62.47328600,-49.17101000,5.65916200,5.64310800,15.00003300,29.43764000,18.23309700,0.30208880,-76.85672000,39.11784000,4.18373060,-19.51066400,-8.62561500,7.39833300,28.58505000,-107.97906500,-33.99357600,38.60771000,61.60522000,45.33625000,0.69151604,-17.58258600
333,-4.01796055,3.30463982,60.96543880,-16.30191745,3.87395642,147.17664772,-12.78431200,-30.00006700,28.05291200,13.87369250,3.74445180,-8.43516300,28.46090300,-63.10617000,-49.65987000,5.67627140,5.67901400,15.00003300,28.77020300,18.02082300,1.35836640,-83.39239500,42.19020500,2.76853280,-14.81870100,-9.93948650,7.55617400,28.81742700,-110.34961000,-34.90206500,37.04036700,58.60872300,44.49331700,0.52825990,-18.42170500
334,-4.15766191,3.48766446,60.98971076,-16.44693943,4.44906322,146.60612074,-12.78570000,-30.00006700,27.91107000,13.82870400,3.82553240,-8.39796300,28.58085800,-63.70030600,-50.28494300,5.65368700,5.64157000,15.00003300,28.04788400,17.50603100,2.68473240,-91.11097000,45.36191000,-0.98741520,-8.48086400,-10.05055700,8.02923500,28.95121000,-112.76305400,-35.77427000,35.37797500,55.65844000,45.22378000,0.20096332,-19.32175000
335,-4.34551907,3.62866139,61.05506893,-16.56855304,5.21024810,145.99118409,-12.85007000,-30.00006700,27.77151100,13.77551650,4.02240230,-8.38457500,28.69373300,-64.30520000,-51.02080000,5.65236100,5.74708750,15.00003300,27.14470100,16.97047200,4.03976060,-99.15137000,48.42435000,-5.64078140,-1.86852730,-11.13017900,7.97452450,28.89282200,-114.98889000,-36.62143000,33.39089200,52.39888400,45.18654300,-0.09976090,-20.46905300
336,-4.58007336,3.71651459,61.08484154,-16.67996594,5.74927300,145.43764441,-12.93460100,-30.00006700,27.57636500,13.84895900,4.30367140,-8.47743800,28.89058100,-64.87410000,-51.79125600,5.68116400,5.92885600,15.00003300,26.23029500,16.40910300,5.57454630,-107.83181000,51.23173500,-11.32693100,5.28755100,-13.15236200,7.56909900,28.43403200,-116.65032000,-37.36443000,31.38530200,49.61861000,45.11953700,-0.55893505,-21.83227700
337,-4.86629248,3.74350739,61.03334376,-16.81524206,6.07884739,144.92154244,-13.07789800,-30.00006700,27.34430300,14.13036200,4.52305100,-8.63098050,29.21138600,-65.47160000,-52.61424600,5.72468040,6.12513350,15.00003300,25.29190400,15.81825800,7.31571000,-116.82862000,53.57198700,-17.85431300,12.62856300,-15.91456000,7.11384500,27.55512200,-117.58193000,-37.87313500,29.68193000,47.64732000,45.39930300,-1.05127920,-23.04797000
338,-5.23608160,3.69864559,60.91329133,-17.21747512,7.60755738,143.93502502,-13.32231200,-30.00006700,27.30308500,13.97714100,4.36886070,-8.32267000,29.55106500,-66.59740000,-53.80135300,5.70463700,6.17998030,15.00003300,23.78013800,15.22314200,8.94799500,-123.03433000,55.02137000,-23.45471800,17.71837800,-18.28464500,7.60397400,26.59994700,-117.92964000,-37.93473400,29.14631000,45.71208000,45.83779000,-0.14863652,-22.16325000
339,-5.66308022,3.55648017,60.84311637,-17.30222504,8.43836901,142.76956842,-13.65700000,-30.00006700,27.28135000,14.45160600,4.22721400,-8.42292100,30.53578000,-68.21912400,-55.37349300,5.70429000,6.19708500,15.00003300,22.91298100,14.97848400,10.57192300,-129.04036000,55.87350500,-28.80301500,23.05113600,-20.81813600,6.93687730,25.31557300,-119.44709000,-37.72231000,29.33491000,45.13784000,44.75335300,-0.32069780,-22.33610500
340,-6.15256691,3.33191013,60.55681925,-17.74050953,9.20086665,141.74938165,-13.81629400,-30.00006700,27.13708300,14.65010100,4.11575200,-8.49784600,31.60869200,-69.52245000,-56.99200000,5.74706460,6.22100500,15.00003300,22.08730900,14.77349200,12.03294000,-133.68945000,56.09363000,-34.13988000,28.56478100,-23.34779700,6.66886800,24.02576400,-121.33220000,-37.23023200,30.44098300,45.72127000,44.43023000,-0.33406370,-22.27872000
341,-6.70215130,3.02924418,60.02311475,-18.60482910,9.92274300,140.98153077,-13.79878500,-30.00006700,26.81292000,14.47574300,4.06692200,-8.46916200,32.30926000,-70.19186000,-58.19069000,5.82544100,6.27740430,15.00003300,21.29890800,14.53201600,13.30229950,-136.91507000,55.67864200,-39.50071300,34.32578700,-25.68199300,7.14109000,22.56559200,-123.43767500,-36.45867000,32.52162000,47.81745500,45.42980200,-0.08108360,-21.69209000
342,-7.30160999,2.65026379,59.37588610,-19.63128444,10.30229615,140.54861035,-13.75385400,-30.00006700,26.26190000,14.23736600,4.16985200,-8.42735900,32.09464600,-69.95956400,-58.27610800,5.85300400,6.43624000,15.00003300,20.83920000,14.30285550,14.45312900,-139.43056000,54.67627000,-44.95347600,40.41572600,-27.64607600,8.18097900,20.31324600,-125.85281000,-35.42460600,35.54046000,52.26347700,47.66195700,-0.02383634,-20.68578700
343,-7.93739176,2.21808434,58.63457576,-20.73680919,10.67371503,139.97856313,-13.63380400,-30.00006700,25.80763400,13.94791200,4.19910500,-8.51015600,31.96335000,-69.77043000,-58.39890700,5.83731300,6.83997000,15.00003300,20.37696000,13.84856300,15.48755200,-141.69296000,53.03458000,-50.90590300,47.22163000,-30.94062600,9.03983400,17.57749000,-128.00050000,-33.96529400,40.22488400,57.67427000,48.42085300,1.20768640,-18.83285900
344,-8.58724308,1.77768302,57.98318966,-21.77499091,11.11855426,139.58858487,-13.45104800,-30.00006700,25.30087300,13.44516600,4.38699100,-8.75579500,31.79049900,-69.48182000,-58.51330600,5.85464760,7.52401730,15.00003300,19.93501500,13.57178400,16.37961600,-143.83270000,51.04316000,-57.46610600,54.04115000,-33.00899000,9.77341200,14.17920600,-129.86072000,-32.31572700,45.36583300,63.47503300,47.76688400,2.26100130,-16.53831900
345,-9.22791481,1.34591699,57.26879566,-22.82256757,11.67862662,139.12208604,-13.34117000,-30.00006700,24.87579700,13.06511600,4.37629000,-8.98832700,31.66073600,-69.16119400,-58.54951000,5.78855400,8.17786000,15.00003300,19.30515100,13.13878000,17.09946600,-145.17436000,48.83029000,-63.87016000,60.18634000,-33.12669400,10.48468600,10.65390400,-131.07390000,-30.57200000,50.46496600,69.14131000,46.64315000,3.18457030,-13.63937200
346,-9.83061981,0.93926924,56.40098921,-24.00664337,12.35857587,138.23465053,-13.17854400,-30.00006700,24.64702600,12.61277100,4.11312530,-9.02149400,31.58462700,-68.88757000,-58.34989000,5.52370000,8.43934100,15.00003300,18.29956600,12.15087500,17.62615800,-145.06653000,46.46989400,-69.38154000,65.03767000,-30.78309800,11.17691600,7.60948300,-131.45029000,-28.74714900,55.12526700,74.27382000,46.11398000,4.20602940,-10.07334400
347,-10.38480663,0.59198052,55.79605001,-24.77301243,12.63837898,137.62456618,-13.06263700,-30.00006700,24.52087400,12.49039500,4.09526100,-9.03868000,31.81975600,-68.82891000,-58.54087000,5.48692940,9.31060400,15.00003300,17.77605200,11.36402400,18.22585500,-146.12790000,44.30950000,-72.91706000,68.93932000,-32.42859600,11.00449300,5.96175430,-131.82810000,-27.11994700,57.43307500,77.60602000,46.33754700,4.60708430,-8.89511100
348,-10.87719250,0.31476378,55.64226641,-25.10276352,13.05509647,137.03664608,-12.83741600,-30.00006700,24.22673600,12.16066400,4.25387000,-9.06312200,32.44230000,-68.99531600,-59.25193400,5.45190900,10.02036500,15.00003300,17.34698700,10.62882700,18.72240300,-146.74818000,42.42980600,-74.33496000,71.39226500,-33.35296000,10.65077500,5.69806800,-132.30482000,-25.78955700,58.43188000,79.76553000,47.15633800,4.29776900,-8.48427600
349,-11.30665016,0.10129197,55.87985883,-25.06095281,13.43043597,136.63052719,-12.46057300,-30.00006700,23.70715100,11.62914900,4.55356070,-9.07991600,33.55032000,-69.37887000,-60.54959500,5.43474250,10.64478700,15.00003300,17.01053800,9.87267500,19.14737500,-147.18779000,40.84589000,-74.63918000,72.94446600,-34.02356700,10.16366500,6.18639700,-132.82903000,-24.76309000,58.80048000,81.20413000,48.19589600,3.65006230,-8.49509100
350,-11.67222118,-0.05188195,56.39185129,-24.75084125,13.69323543,136.38213455,-11.92980300,-30.00006700,23.01642000,10.93253100,4.94823600,-9.08184000,35.10123000,-69.92337000,-62.36163300,5.42014930,11.26293100,15.00003300,16.71303600,9.03101000,19.50470500,-147.58963000,39.53072400,-74.57147000,74.04893500,-34.71842000,9.63377000,6.93428660,-133.34732000,-23.99363500,58.85616700,82.18173000,49.08994000,2.99434520,-8.69718300
351,-11.96458817,-0.13492270,56.73501946,-24.55941734,14.07335065,135.54971574,-11.36415000,-30.00006700,22.66989100,10.26035900,5.30283550,-9.08540200,36.23309000,-70.39290000,-63.76376700,5.33717500,12.00574300,15.00003300,16.36420400,8.14567600,19.72524500,-147.87366000,38.48140700,-74.60149000,75.08661000,-35.24319500,9.31100400,7.38426830,-133.89859000,-23.40889400,58.32297500,82.42824600,49.17238600,2.97116660,-9.01555250
352,-12.21020412,-0.16690351,56.90491155,-24.58352344,14.46127539,135.24451398,-10.87885950,-30.00006700,22.26540400,9.50491000,5.61496260,-9.08590600,37.37978000,-70.67042000,-65.35099000,5.35696940,12.46267100,15.00003300,16.05781400,7.39802170,20.07539200,-147.99388000,37.57412700,-74.67817000,75.50924000,-34.65277000,9.16614200,7.80607000,-134.65843000,-22.96952600,58.21344800,83.12865000,49.81207700,2.60367040,-9.43144500
353,-12.41528130,-0.16144057,56.96120921,-24.66735603,14.69769151,134.94092997,-10.48511200,-30.00006700,21.96677600,8.96972400,5.79105470,-9.03095800,38.30143700,-70.90439600,-66.59159000,5.39961340,12.70582800,15.00003300,15.84718400,6.74950080,20.36016700,-148.14080000,36.76801300,-74.66686000,75.77583000,-34.53111000,8.93103400,8.19994400,-135.24811000,-22.61446600,58.02803400,83.57938400,50.30605700,2.18298240,-10.12274200
354,-12.58463383,-0.12217632,56.94792538,-24.73742836,14.73790381,134.55171219,-10.18778900,-30.00006700,21.83169400,8.74032900,5.80425020,-8.96166200,38.94743000,-71.12493000,-67.39411000,5.44709830,12.84182800,15.00003300,15.73087100,6.18458900,20.55896000,-148.29770000,36.04790500,-74.54098500,76.02069000,-35.09679000,8.54451500,8.66728300,-135.65887000,-22.30352000,57.63635600,83.74157000,50.48787000,1.87251270,-10.91006600
355,-12.72552776,-0.04848835,56.92989332,-24.71617821,14.58212567,134.23031231,-9.97565000,-30.00006700,21.88608200,8.80261300,5.66104560,-9.01793300,39.36717200,-71.29890000,-67.90980000,5.52516750,13.08554900,15.00003300,15.72103700,5.72423100,20.75235700,-148.26819000,35.40969500,-74.24486500,76.22896000,-35.75791500,8.06121300,9.48234000,-136.11293000,-22.04063800,57.12936000,83.97912000,50.46757000,1.88695110,-11.19689800
356,-12.84392452,0.06584931,56.80428067,-24.86982670,14.62699269,133.71172236,-9.68387800,-30.00006700,22.03501000,8.62277000,5.71445270,-8.83061700,39.84200700,-71.51613600,-68.66236000,5.58862640,13.36085100,15.00003300,15.59408300,5.26272440,20.87743800,-148.47089000,34.89160000,-74.35749000,76.61307000,-35.77399400,7.96222450,9.67770000,-136.51765000,-21.83327500,56.75741600,83.64101400,49.98643500,1.76096210,-11.89913700
357,-12.95229816,0.21122105,56.65796561,-24.98952708,14.84122648,133.35318812,-9.62178500,-30.00006700,22.30616400,8.63063200,5.58663270,-8.75266100,40.06124000,-71.57830000,-69.29668400,5.63331270,13.42311500,15.00003300,15.56084200,4.85993300,20.97238200,-148.64780000,34.46514000,-74.12881500,76.80577000,-36.38056000,7.73298600,10.06656800,-137.11475000,-21.70141000,56.34252500,83.63879000,50.19357000,1.61522840,-12.50124700
358,-13.05123425,0.38118169,56.49815862,-25.08421952,15.11357744,133.02933462,-9.65613100,-30.00006700,22.69153400,8.74511700,5.38564350,-8.72403900,40.09153700,-71.56138600,-69.72522000,5.64538300,13.45604600,15.00003300,15.57370300,4.49237700,21.04728900,-148.73523000,34.11285000,-73.69043000,76.86093000,-37.39274000,7.36921020,10.69710000,-137.70522000,-21.63093400,55.87191000,83.57913000,50.74318000,1.41237710,-13.20019150
359,-13.14065456,0.56780940,56.32297864,-25.19215357,15.30653361,132.54373378,-9.58485900,-30.00006700,23.17021000,8.81146900,5.28714500,-8.62852700,40.06624200,-71.58243000,-69.90294000,5.60643100,13.71041800,15.00003300,15.51806450,4.10554360,21.11416800,-148.69395000,33.83012800,-73.34377000,76.88454400,-38.40558200,6.94479100,11.51991900,-138.02760000,-21.56725000,55.31799000,82.90403000,51.04725600,1.11028130,-14.27625300
360,-13.22791767,0.76780117,56.08919633,-25.41600192,15.55551184,132.10586977,-9.48393400,-30.00006700,23.43459700,8.77039600,5.15490700,-8.58225700,40.06101600,-71.55337000,-70.20315600,5.62078430,13.71236700,15.00003300,15.50123500,3.70850300,21.15223500,-148.62456000,33.58502200,-72.65921000,76.61256400,-37.68211000,6.65922930,12.35113200,-138.41194000,-21.51008000,55.11158000,82.72139000,51.34883500,0.89856820,-14.52755500
361,-13.31160927,0.96357900,55.88940023,-25.58190492,15.66127490,131.56208894,-9.49976100,-30.00006700,23.50815000,8.97397300,4.96924920,-8.49359100,39.88986000,-71.56132000,-70.21165000,5.61391260,13.73310200,15.00003300,15.63336850,3.38892560,21.16059900,-148.56564000,33.46105600,-72.40509000,76.44790000,-37.22871000,6.53092150,12.41724900,-138.59703000,-21.47058700,54.91013000,82.23707000,51.06564700,0.91572756,-14.53803000
362,-13.39666080,1.15232158,55.71316076,-25.71709334,15.79911327,131.10288103,-9.60350000,-30.00006700,23.49171000,9.25738800,4.77103400,-8.51493400,39.65906000,-71.51697500,-70.21445500,5.63061570,13.77117400,15.00003300,15.75844300,3.15280600,21.19728900,-148.78435000,33.42764700,-72.22040000,76.39358000,-37.85961500,6.43689000,12.14944000,-138.91302000,-21.45751800,54.69108200,81.70958000,50.65250800,1.08116670,-14.59542400
363,-13.48293304,1.32975817,55.53829197,-25.85607356,16.05439329,130.79206695,-9.74736200,-30.00006700,23.49124000,9.48885300,4.57859600,-8.67627100,39.43904500,-71.39158000,-70.32835400,5.66800500,13.79385200,15.00003300,15.77834200,2.93649960,21.22063600,-149.20917000,33.40276300,-71.82811000,76.40802000,-39.30385000,6.29137600,11.98085300,-139.42851000,-21.45068600,54.29560000,81.37100000,50.23025500,1.26601350,-14.77722300
364,-13.54689026,1.47696114,55.27716119,-26.09422359,16.24681066,130.27830472,-9.73792650,-30.00006700,23.75413900,9.52347300,4.33329900,-8.54398500,39.25414000,-71.36292000,-70.11587500,5.53766600,13.57217900,15.00003300,15.81162900,2.55067750,21.02877800,-148.66830000,33.33715000,-71.57885000,75.86340000,-37.39595000,6.05173300,12.94311400,-139.64900000,-21.42081500,54.25607000,81.58638000,49.87241700,1.02722190,-14.39654500
365,-13.60710239,1.59482622,55.12257927,-26.24380266,16.44663612,129.83982209,-9.72840600,-30.00006700,23.87923200,9.52439400,4.24417500,-8.45110500,39.17259600,-71.38599400,-70.10974000,5.48274100,13.50935800,15.00003300,15.77460100,2.26473710,21.00927400,-148.54988000,33.24460200,-71.44015500,75.84636000,-37.22517000,5.99920100,13.13060200,-139.92073000,-21.36327200,54.12449300,81.28845000,49.54420500,1.10882310,-14.46574400
366,-13.66327000,1.68407106,55.00603834,-26.35080119,16.60503249,129.56737765,-9.77098600,-30.00006700,23.89649800,9.60544900,4.14453300,-8.40174600,39.16556500,-71.38556000,-70.29065000,5.49199770,13.57528300,15.00003300,15.69611700,2.04987500,21.07727200,-148.69824000,33.21597300,-71.26666000,75.73163000,-37.43777000,6.02296200,12.95467300,-140.20918000,-21.34486600,53.89011400,80.90633400,49.47413300,1.13269420,-14.66322000
367,-13.70746231,1.74338984,54.90580473,-26.44143414,16.69462742,129.31546729,-9.82238400,-30.00006700,23.85492700,9.72086400,4.03632740,-8.38266700,39.20263300,-71.41031000,-70.53293000,5.51703450,13.66761300,15.00003300,15.67510900,1.84404060,21.13116300,-148.83989000,33.20147000,-71.11111000,75.56212000,-37.35612000,6.01445800,12.68734100,-140.41933000,-21.33639500,53.68998000,80.64857000,49.45525700,1.04665320,-14.82161400
368,-13.71813011,1.76852477,54.81681167,-26.54675444,16.67609551,128.62488986,-9.72412000,-30.00006700,23.86179700,9.66864600,4.05108070,-8.35453400,39.26429400,-71.63662000,-70.55556500,5.40023370,13.56168700,15.00003300,15.80382700,1.41567210,21.04583400,-148.52686000,33.09513000,-71.71525600,75.90184000,-36.57290600,5.79786870,12.73483800,-140.37091000,-21.24211500,53.97372400,80.57799500,48.97207600,1.03534710,-14.77204400
369,-13.73093128,1.76899529,54.77329675,-26.54771271,16.87049527,128.45333861,-9.81061900,-30.00006700,24.00604400,9.75991300,4.00913900,-8.46816000,39.34565000,-71.70119500,-70.81880000,5.46687000,13.60108100,15.00003300,15.66841500,1.17448460,21.21304900,-148.90213000,33.07005700,-71.59667000,75.92013500,-36.66271000,5.84322800,12.66453550,-141.01780000,-21.22876400,53.99367000,80.73258000,48.15412500,1.26356230,-14.72659800
370,-13.72201729,1.75051320,54.75774667,-26.56566816,17.12230820,128.00301604,-9.87240700,-30.00006700,24.03258900,9.72067800,4.01687000,-8.54500900,39.32738500,-71.81343000,-70.96580500,5.42916200,13.49512400,15.00003300,15.79491200,0.93731344,21.24759300,-149.16068000,33.00209000,-71.52676000,76.09760000,-37.06554000,5.60379460,12.52016600,-141.61610000,-21.18427300,54.06597000,80.76733400,47.73684000,1.49678560,-14.94605600
371,-13.69802761,1.71107459,54.74100514,-26.58029379,17.15951838,127.56371877,-9.84648700,-30.00006700,24.11608900,9.67769050,4.05058960,-8.52553200,39.44928400,-71.99525500,-71.13019600,5.36165570,13.37453100,15.00003300,15.90051400,0.63265824,21.26918000,-149.01395000,32.89769400,-71.68069000,76.18741600,-37.30348000,5.40226650,12.53602100,-141.81853000,-21.10609000,54.08318000,80.96417000,47.62743000,1.57531830,-15.08884500
372,-13.67137432,1.64845443,54.68800853,-26.54783531,16.67384130,127.59821291,-9.69611300,-30.00006700,24.52033000,9.83000900,4.05986740,-8.36565800,39.96999400,-72.26787000,-71.47486000,5.44090130,13.41765000,15.00003300,15.78341400,0.35448188,21.47988100,-148.14920000,32.82124300,-71.71194000,75.69417000,-36.66955600,5.71546940,12.98864800,-141.35840000,-21.05767000,54.13077500,81.77425000,47.59960600,1.39037970,-14.69155000
373,-13.64020443,1.58830142,54.64032046,-26.55106584,16.72031144,127.50468540,-9.80763600,-30.00006700,24.71464000,9.93224700,3.99958500,-8.44782600,39.93145800,-72.31182000,-71.45641000,5.42105960,13.22170800,15.00003300,15.74088200,0.18732340,21.49105300,-148.07788000,32.56392700,-71.72092000,75.70126000,-35.97425000,5.87625030,12.88592400,-141.64754000,-20.93131300,54.39486700,82.40453000,47.76344700,1.38500070,-15.00829100
374,-13.60764217,1.52420080,54.63206863,-26.57516708,16.90641650,127.24387752,-9.91213300,-30.00006700,24.63626300,9.92557100,3.94720150,-8.49450200,39.83624600,-72.34696000,-71.39995600,5.34096340,13.04341600,15.00003300,15.67928200,-0.06381276,21.49687400,-148.21048000,32.43957000,-71.87907000,75.80274000,-35.87354300,5.88440280,12.58605100,-142.02922000,-20.88003200,54.59607700,82.65219000,47.72034500,1.53171910,-14.90934900
375,-13.57458496,1.45225406,54.63682415,-26.60980508,17.15124721,126.91282921,-10.02954100,-30.00006700,24.50450300,9.85029600,3.93458820,-8.58463300,39.71540500,-72.40725000,-71.45786000,5.26823500,12.92342900,15.00003300,15.66403000,-0.32189327,21.51502800,-148.51384000,32.32094600,-71.93351000,75.97443400,-36.11643600,5.72068930,12.15721400,-142.52972000,-20.84133300,54.76288200,82.78004000,47.48420000,1.73007070,-14.74211900
376,-13.53828716,1.36879408,54.64098693,-26.63226305,17.37878501,126.66895238,-10.10664900,-30.00006700,24.43054400,9.77605500,3.96739630,-8.71554500,39.84832800,-72.47521000,-71.90308000,5.25045500,12.87195900,15.00003300,15.66021900,-0.52838630,21.58969000,-148.87490000,32.14827000,-71.71570600,76.12264000,-36.46425000,5.43496370,11.79441800,-143.07956000,-20.81784000,54.90154000,82.92714000,47.16526800,1.90342760,-14.70431500
377,-13.47622013,1.25787342,54.63936948,-26.64944928,17.41467189,126.42972765,-10.02394700,-30.00006700,24.66143600,9.57893800,4.07692000,-8.52287500,40.05086500,-72.70005000,-72.15337000,5.26819300,12.87433200,15.00003300,15.52107600,-0.89439450,21.58679000,-148.59155000,32.09260600,-71.60898600,75.83529000,-36.70078000,5.41104360,12.64491700,-143.03330000,-20.80614500,54.81073000,83.09601600,47.59301000,1.78246410,-14.53311800
378,-13.40285969,1.12409282,54.65961863,-26.69049752,17.45090322,126.34779293,-9.85939300,-30.00006700,24.66681700,9.27200800,4.24125580,-8.56170600,40.49975600,-72.91570000,-72.93037000,5.47897960,12.89698800,15.00003300,15.24252100,-1.23493730,21.76877800,-148.67480000,31.97719600,-71.14086000,75.87017000,-36.96375700,5.44190930,12.48655600,-143.18608000,-20.78229000,54.74285500,83.41415000,47.14624000,1.90512000,-14.08272000
379,-13.29798985,0.96428788,54.67531960,-26.74818525,17.52188214,126.14910322,-9.73661000,-30.00006700,24.67036600,8.93642900,4.38598780,-8.57321100,40.83380500,-73.05013000,-73.51155000,5.45105360,12.86904050,15.00003300,15.21318000,-1.44485030,21.90545700,-148.66531000,31.82003600,-70.93752000,75.97523500,-36.57096000,5.41566320,12.44518600,-143.41990000,-20.75692700,54.75866700,83.73495500,47.12827300,1.93543140,-13.93966400
380,-13.15576267,0.77456266,54.70245058,-26.76687021,17.55951023,125.83718671,-9.71456800,-30.00006700,24.74135400,8.71517900,4.47783140,-8.50266200,40.95388000,-73.24021000,-73.73540000,5.39663930,12.74019800,15.00003300,15.35489900,-1.61404250,21.96234700,-148.41937000,31.66802600,-71.10609400,76.09315500,-35.77915600,5.36373000,12.67242300,-143.53589000,-20.73131400,54.67423000,83.95886000,47.58483500,1.83053330,-14.14450300
381,-12.98621559,0.54535717,54.80524917,-26.60655745,17.25803785,125.66271661,-9.73157100,-30.00006700,24.87519800,8.86975800,4.50227070,-8.42840400,41.24163400,-73.54295000,-74.02344500,5.45159050,12.86755500,15.00003300,15.36159700,-1.89413880,22.24778000,-148.15811000,31.47521800,-71.20725000,76.42759000,-36.02396800,5.47611050,12.52015200,-143.34416000,-20.66220900,54.46114700,84.10246000,47.79464700,1.81828010,-14.29793100
382,-12.77342415,0.27135929,54.90516407,-26.46817888,17.00151406,125.31283171,-9.68269600,-30.00006700,25.06668500,8.88460800,4.58339170,-8.41062450,41.48369200,-73.80370000,-74.28484000,5.33512930,13.03396100,15.00003300,15.38723800,-2.17810030,22.48081600,-148.03964000,31.34719800,-71.70830500,76.99405000,-36.70108000,5.44663140,12.18674100,-143.14770000,-20.58392500,54.54600500,83.96493500,47.99354600,1.86636720,-14.71480400
383,-12.53862095,-0.03277297,55.00344428,-26.40331718,17.13510002,124.83642825,-9.74458900,-30.00006700,25.04976000,8.71292900,4.66430660,-8.56152500,41.39360400,-74.06588000,-74.49259000,5.42622570,12.98322200,15.00003300,15.40985400,-2.44987340,22.65328400,-148.50970000,31.20358800,-72.17053000,77.62253000,-37.18533700,5.29546400,11.67362200,-143.55765000,-20.47965000,54.62846800,83.78290000,47.82541700,1.97807410,-15.05998200
384,-12.28307819,-0.37594360,55.10636630,-26.35767852,17.32679189,124.34707290,-9.80492600,-30.00006700,24.96192200,8.47442400,4.75555000,-8.74674400,41.34935000,-74.28587000,-74.79590000,5.46423600,12.84651400,15.00003300,15.47785700,-2.65945630,22.83673900,-148.98697000,31.11360000,-72.41724400,78.16980000,-37.66316200,5.14565200,11.24812900,-144.03703000,-20.39906300,54.65258000,83.56692500,47.42273000,2.16969230,-15.24246600
385,-12.00106525,-0.77006942,55.22904394,-26.23936214,17.10982184,123.96126422,-9.75310600,-30.00006700,25.05926000,8.35747600,4.87825700,-8.76905400,41.64585500,-74.64648400,-75.19688400,5.52942470,12.60050500,15.00003300,15.54141500,-2.88221220,23.11077500,-148.76920000,31.02622400,-72.60139000,78.70955000,-38.59073600,5.16389040,11.24309800,-143.86174000,-20.28885500,54.44587700,83.39973400,47.02157200,2.42859840,-15.20130100
386,-11.69667053,-1.21916759,55.38671699,-26.12732812,17.16640306,123.45281460,-9.67934200,-30.00006700,25.24422800,7.98288900,5.07204300,-8.77078900,41.96999000,-75.06348400,-75.91621000,5.71392540,12.42743900,15.00003300,15.57489300,-3.12582300,23.39989700,-148.83809000,30.95268400,-72.90073400,79.12425000,-38.28518700,5.13747360,11.14464800,-143.91017000,-20.15981300,54.20466200,82.88837000,46.78732000,2.40665960,-15.27108700
387,-11.37186050,-1.71255803,55.53891439,-25.98005536,16.83301913,123.16136030,-9.49246600,-30.00006700,25.60044000,7.70123960,5.24005170,-8.57514400,42.64560700,-75.50104500,-76.66002000,5.79482940,12.26181600,15.00003300,15.45651700,-3.48263840,23.76219200,-148.31956000,30.80013800,-73.10073000,79.23403000,-38.98974000,5.22713500,11.46995800,-143.40067000,-19.87384400,53.69925000,82.71525000,46.77430700,2.35426330,-15.18314100
388,-11.02963829,-2.23781657,55.70839161,-25.79314817,16.36017537,122.87519878,-9.29918600,-30.00006700,25.93819400,7.51300300,5.40396400,-8.39798800,43.33408700,-75.92827000,-77.30440000,5.83239650,12.17193500,15.00003300,15.46653100,-3.75293400,24.17610000,-147.70811000,30.67220500,-73.14555000,79.32423000,-39.72057000,5.26131870,11.70672800,-142.69597000,-19.59648000,53.18005800,82.33115400,46.64241000,2.29808160,-15.16123700
389,-10.66905403,-2.78424430,55.90799309,-25.56898422,15.93800407,122.43402038,-9.17150700,-30.00006700,26.16760800,7.39085600,5.59027200,-8.36254100,43.74932500,-76.39892600,-77.73611500,6.00426670,12.11680600,15.00003300,15.59755900,-3.94077600,24.60796700,-147.42441000,30.56112700,-73.27202000,79.77585000,-39.97291600,5.15447000,11.53154000,-142.10722000,-19.24209400,52.47874000,81.45698000,46.07594000,2.26829100,-15.38575400
390,-10.28365231,-3.34975386,56.09494838,-25.41034231,15.52705415,121.80526618,-8.83712600,-30.00006700,26.55339400,6.95843120,5.92823400,-8.23391700,44.05274200,-76.77821000,-78.10303500,6.06504600,12.03811900,15.00003300,15.69357600,-4.07260040,25.07429300,-147.39522000,30.53248400,-73.39246000,80.53523000,-40.73186000,5.06729840,11.47184600,-141.40497000,-18.84444600,51.13685000,79.80076600,45.23136000,2.62795780,-16.01466600
391,-9.86737728,-3.91809344,56.16067338,-25.23561881,15.11416494,121.30734680,-8.82177500,-30.00006700,27.06606900,7.09131900,5.89545060,-8.17857300,44.36422000,-77.20526000,-78.64302000,6.35899730,11.96162400,15.00003300,15.78260200,-4.23489430,25.41953000,-147.19286000,30.56558000,-73.31439000,81.02679400,-42.13286000,4.76382300,11.84730600,-140.55083000,-18.40730700,50.08359000,78.43282000,44.92992400,2.63728140,-16.63130600
392,-9.42644978,-4.48207378,56.14613175,-25.08384337,14.76362532,120.99993812,-8.97134700,-30.00006700,27.65448800,7.46966360,5.77838700,-8.11043900,44.71660200,-77.46620000,-79.17872000,6.52766700,11.93057900,15.00003300,15.84106300,-4.28118750,25.82495100,-146.77821000,30.66305700,-73.11699000,81.58394000,-43.18554000,4.42904300,11.96668100,-139.69653000,-17.93218000,48.95252600,77.02888500,44.50085400,2.64207700,-17.00401900
393,-8.95926094,-5.04253387,56.05581446,-25.04204271,14.42950793,120.75066836,-9.12811200,-30.00006700,28.29888500,7.73996930,5.78226300,-7.97279300,44.53215000,-77.69513000,-79.09991500,6.84597350,11.80769600,15.00003300,15.99701600,-4.14724300,26.28846400,-146.25867000,30.78319000,-72.89548000,82.32566000,-43.93890800,4.16161200,11.73965700,-138.77675000,-17.60249100,47.61841000,75.34032400,43.81556300,2.70808630,-17.36468700
394,-8.46183395,-5.60036564,55.86979561,-25.01558406,13.81758025,120.41872826,-9.19293800,-30.00006700,29.12493900,8.22551000,5.71282530,-7.69814700,44.39998600,-77.93800000,-78.91890000,7.03031440,11.96488100,15.00003300,16.15498500,-4.04109860,26.86639600,-145.97015000,31.05326500,-73.03761000,83.25989500,-45.46145600,4.05251300,11.52707700,-137.76328000,-17.19259800,45.70237400,73.56396000,42.88279700,2.62363460,-18.63103300
395,-7.90604067,-6.14123440,55.67934619,-24.95047689,13.10523824,119.86917984,-9.16165300,-30.00006700,30.06591400,8.69696300,5.41697550,-7.61833050,43.69165000,-78.14670000,-78.12775000,7.22689300,12.12081600,15.00003300,16.02378500,-3.78282140,27.36091200,-145.59152000,31.70996900,-73.21845000,83.65268000,-45.93000400,3.93667910,11.17830400,-136.83725000,-16.62469700,43.38745000,71.44952000,40.96109800,2.43527720,-19.69741000
396,-7.30875969,-6.66484547,55.41012451,-24.79632172,12.38540845,119.09840004,-9.42295400,-30.00006700,31.16746900,9.69784700,4.97127630,-7.56462000,41.81544500,-78.19154000,-76.00827000,7.32058530,12.18541300,15.00003300,16.11920000,-3.15792580,27.70880100,-145.10558000,32.53384000,-73.18092000,83.49644000,-45.85944700,3.80201050,11.10733000,-135.32346000,-16.15870000,41.29120300,68.24604000,39.36403300,2.08619860,-21.82442500
397,-6.67205381,-7.17090893,55.00778566,-24.63570328,11.57832149,118.23951072,-9.87003400,-30.00006700,32.44570500,11.06168000,4.40858200,-7.47461130,38.99270000,-78.05910000,-72.82778000,7.35536500,12.13132000,15.00003300,16.33351700,-2.40440800,27.93036700,-144.35873000,33.49934000,-72.96413000,82.77511600,-46.13156000,3.57061300,11.31297600,-133.27074000,-15.75693100,39.17756700,64.27282000,37.89075000,1.71546650,-24.90814200
398,-6.00233459,-7.66055202,54.35564066,-24.57338142,10.55385767,117.50892576,-10.40947200,-30.00006700,33.91391000,12.75817100,3.57088280,-7.28710030,35.83744400,-77.77035500,-69.28786000,7.39128730,11.96187500,15.00003300,16.57991600,-1.74597240,28.09331700,-143.09558000,34.57526000,-72.34928000,81.43415000,-47.80072400,3.10640860,11.71521300,-130.91586000,-15.42473700,36.93256800,60.19901000,36.14198300,1.52839470,-28.53705200
399,-5.30997705,-8.09255981,54.63227410,-24.07779367,10.34962104,117.27060522,-10.52595200,-30.00006700,34.67424400,12.89218300,3.56808600,-7.18726800,34.90028400,-78.24077600,-68.52312000,8.25297450,11.18675400,15.00003300,16.32701000,-1.54764160,28.36384000,-141.42807000,35.68036000,-71.37916000,80.04700500,-47.62483600,2.70664000,12.13108000,-128.38400000,-15.10851600,35.65629600,55.80044600,33.81622300,1.20430370,-29.29160300
400,-4.60007620,-8.49534321,54.93917903,-23.64046155,10.12065039,116.88204213,-10.51010300,-30.00006700,35.20158000,12.84486200,3.57852080,-7.02117730,34.05811700,-78.70815000,-67.73523000,9.03719900,10.46684000,15.00003300,16.08985100,-1.50304460,28.42138500,-139.78233000,36.86244600,-70.34831000,78.52180000,-46.73557000,2.59296420,12.42993800,-125.31158000,-14.80980500,34.42761600,51.04697000,31.63776200,1.24116410,-30.22930500
401,-3.87418079,-8.86414528,55.32254060,-23.10733265,9.90155928,116.53036844,-10.48985800,-30.00006700,35.73001000,12.81814600,3.63407750,-6.90965840,33.68400600,-79.11958000,-67.42614000,9.56150800,9.80598600,15.00003300,15.86665600,-1.39397600,28.32737500,-137.73564000,38.10363400,-69.19362000,76.42454500,-44.69502300,2.52491930,12.70106400,-121.65520000,-14.50942600,33.47467800,45.85167700,29.19880500,1.30110300,-31.10142900
402,-3.13327765,-9.19621181,55.79761719,-22.39311746,9.67179112,116.34783715,-10.53439800,-30.00006700,36.38236600,12.94341400,3.75316140,-6.92024200,33.71430200,-79.60455000,-67.59000400,10.09278800,9.02074400,15.00003300,15.66449000,-1.09138510,28.11757000,-134.99297000,39.36176700,-67.77767000,73.53197500,-41.55037700,2.33172370,13.03191500,-117.43181000,-14.18759000,32.97703600,40.34915000,26.33728000,1.19189930,-31.67791000
403,-2.37524676,-9.48900700,56.24117383,-21.72514431,8.99797726,116.28493099,-10.40974500,-30.00006700,36.75355500,13.09846100,3.87788750,-6.88896900,33.95283000,-79.94225000,-67.64096000,10.24481300,8.55984400,15.00003300,15.43361800,-1.06273690,27.75249300,-132.03522000,40.61497000,-66.09406000,70.57475000,-40.22721500,2.12074200,13.36703700,-112.92140000,-13.77400900,32.54542000,35.69333300,24.17817100,1.51384630,-31.35696200
404,-1.60882497,-9.73111248,56.68463400,-21.12701823,8.46122217,116.17707160,-10.21766000,-30.00006700,37.08852800,13.04913800,3.96563480,-6.91083050,33.83005500,-80.29377000,-67.31122000,10.56370600,8.11665400,15.00003300,15.23375900,-0.99692560,27.23059300,-128.78514000,41.87578000,-64.28869000,67.42485000,-38.76616000,2.01196980,14.01048000,-108.05384000,-13.27357600,32.43030500,30.74669800,22.07849000,1.68073280,-31.59043300
405,-0.83279979,-9.92899990,57.20572249,-20.36734446,7.85131521,116.07322337,-10.06733400,-30.00006700,37.39779700,13.18992600,3.98949800,-6.95720960,33.86776700,-80.60513000,-67.02381000,10.69442000,7.66067840,15.00003300,15.04828400,-0.81052760,26.51179900,-124.70691000,43.14296000,-62.21067000,63.43706500,-36.59725000,1.78760230,14.88703700,-102.32423000,-12.71568000,32.64620000,25.23017000,19.97344800,1.67969920,-31.87031000
406,-0.05401881,-10.08193493,57.79028048,-19.44941547,7.10256949,115.97529207,-9.91938900,-30.00006700,37.69707500,13.53388500,3.99115900,-7.00640250,34.15629600,-80.95263000,-66.86291500,10.73446900,7.18376200,15.00003300,14.87279900,-0.51582950,25.59229000,-119.70058000,44.41623700,-59.85681500,58.52132400,-33.52617000,1.48245200,15.81859100,-95.76597600,-12.13919500,33.31285500,19.32258800,17.87692600,1.53925720,-32.00852200
407,0.70590740,-10.18114948,58.32419648,-18.63689663,6.23804263,115.83598141,-9.54212950,-30.00006700,38.03736000,13.69889500,4.12281470,-7.01903400,33.99015000,-81.70537600,-66.19810000,11.55647800,6.58995150,15.00003300,14.70515400,-0.24217059,24.51822000,-114.21309000,45.72123000,-57.52126700,53.30751000,-29.56172000,1.35213140,16.23448000,-89.15771000,-11.58830400,34.69379800,14.06974600,15.93506400,1.38407220,-31.94021600
408,1.44021380,-10.20936489,58.87846378,-17.79002493,5.48124675,115.84843150,-9.30903800,-30.00006700,38.26851700,13.88470100,4.05163700,-7.03676900,33.15341600,-82.55608000,-65.00848000,12.80834100,5.94552600,15.00003300,14.52335200,0.06221683,23.45353000,-108.07332000,47.00661000,-54.61244000,47.38580300,-26.66410300,1.87863040,16.55137800,-82.35929000,-11.11602000,36.12865400,8.97505400,13.46221300,1.77012470,-31.42758400
409,2.14722705,-10.18875599,59.43165878,-16.98731009,4.80189813,115.64376589,-8.90080700,-30.00006700,38.55414000,13.95249400,4.08840800,-7.04824500,32.88180000,-83.08816500,-64.25127400,13.36528600,5.44539830,15.00003300,14.23245400,0.36613557,22.27898000,-101.26224000,48.30064000,-51.12214700,40.87461000,-23.26745000,1.93575950,17.04908000,-75.50395000,-10.75891000,37.84623700,4.03927230,10.97115300,1.93234410,-29.96152100
410,2.82124281,-10.12017822,60.02479823,-16.14247462,4.18755483,115.25505960,-8.40360200,-30.00006700,38.86559300,14.00910000,4.19181730,-7.09021140,33.04122500,-83.50460000,-63.92809300,13.61186500,4.94543100,15.00003300,13.80544600,0.83851534,21.02392600,-93.50412000,49.58318700,-47.08275600,33.74340000,-19.90133500,1.59071110,17.75023000,-68.91137000,-10.57862800,39.97388500,-0.43324968,8.77099900,1.74955370,-28.04109200
411,3.45761585,-10.00221634,60.70966682,-15.11628059,3.63411523,114.80594413,-8.02409400,-30.00006700,39.12445400,14.23687600,4.24034360,-7.21879670,33.05274000,-84.14056000,-63.72119500,14.24645900,4.24507330,15.00003300,13.20086200,1.62835280,19.78267300,-84.61254000,50.75083500,-42.76846300,26.09001500,-17.70203800,1.12473740,18.59382400,-62.96896400,-10.66261600,42.57435000,-4.12878800,7.21641870,1.30414100,-26.51418700
412,4.02310658,-9.83476162,61.22382480,-14.53255581,3.38841634,114.18145377,-7.44079730,-30.00006700,39.26873400,13.92785100,4.16950200,-7.29060500,32.30251000,-84.33743000,-62.62458000,14.47347100,3.90540300,15.00003300,12.47096500,2.36881520,18.74659200,-75.91373000,51.79785000,-38.38572300,18.37700500,-14.14738100,1.78302070,19.14885900,-57.09322400,-10.88768800,44.93640000,-7.97749850,5.16226100,1.78620740,-24.20934900
413,4.54655457,-9.65026855,61.72510669,-13.91910929,2.76356168,113.48991945,-6.69057900,-30.00006700,39.31189300,13.73696800,4.12191200,-7.27423050,32.00688000,-84.60763000,-61.89741000,14.68073700,3.57922400,15.00003300,11.60016000,3.20693420,17.72359500,-66.60725000,52.72011000,-33.75772500,10.29662700,-10.72211400,2.30108210,19.04697800,-51.50374600,-11.37005400,47.43132400,-11.36734200,2.88298150,1.80516610,-21.95086700
414,5.03033495,-9.44519901,62.21601680,-13.31576007,2.13326180,112.78033182,-5.94608830,-30.00006700,39.29588700,13.57603500,4.12078900,-7.25028300,31.82271800,-84.83008000,-61.32584000,14.81821100,3.24493530,15.00003300,10.57917200,4.12921100,16.79108400,-56.97319000,53.48105600,-28.81972900,2.17011620,-7.52230300,2.79585170,18.56756800,-46.29551700,-12.13911000,49.77866400,-14.27592000,0.82079554,1.46159820,-19.73832700
415,5.47743988,-9.21789742,62.69073765,-12.76175708,1.78018653,112.09306965,-5.33842750,-30.00006700,39.26226000,13.37620400,4.17617230,-7.28118470,31.40707200,-84.93591000,-60.67240000,14.89543400,2.88425090,15.00003300,9.40689500,5.07103540,16.00881400,-47.44867000,54.00629400,-23.70170400,-5.59362300,-4.76727770,3.32467580,17.95327000,-41.58716600,-13.18056800,51.73298000,-16.70832600,-0.72620255,0.89728860,-17.60715900
416,5.88308239,-8.97268486,63.13073716,-12.25448386,1.58400678,111.41573058,-4.82456400,-30.00006700,39.25320400,13.16433050,4.25246700,-7.36036870,30.65523700,-85.13903000,-59.90714300,15.23839900,2.53436680,15.00003300,8.08021100,5.88254700,15.47905900,-38.62969000,54.29270600,-19.06490500,-12.62302600,-3.78709390,3.33557300,17.42522800,-38.21939000,-14.55156900,53.18551000,-18.37846800,-1.88301620,0.39468464,-16.04371600
417,6.26680756,-8.72175121,63.56098956,-11.75374948,1.30243140,110.36934732,-4.15716400,-30.00006700,39.21754000,12.99014300,4.32511300,-7.46309380,29.93576000,-85.31940000,-59.06380500,15.39302500,2.27470730,15.00003300,6.61953800,6.63139340,15.06198700,-29.46618800,54.22405000,-14.92995100,-19.86426700,-2.67591430,3.08440100,17.24811200,-35.04203400,-16.31928000,54.68148800,-19.86075200,-2.47122650,-0.61185870,-14.85985600
418,6.63535881,-8.46629047,63.95056210,-11.29984997,0.86491016,109.42008811,-3.45652220,-30.00006700,39.16172800,12.78301300,4.38249400,-7.56412170,28.35535800,-85.48795000,-57.17686000,15.68166300,1.99207600,15.00003300,5.16978930,7.24973500,14.82309400,-21.40179000,53.81332800,-11.73632100,-26.30165700,-2.11243370,2.68027620,17.03517200,-32.09294500,-18.44737000,55.56960000,-21.41640300,-2.75743630,-1.56032010,-13.76152100
419,6.99474955,-8.20367813,64.30921418,-10.88366445,0.37651529,108.73640366,-2.82665320,-30.00006700,39.10445400,12.52482000,4.43903640,-7.69833760,25.81536900,-85.59846500,-54.21947500,16.14253800,1.65367470,15.00003300,3.84925840,7.78523000,14.66114900,-14.98928600,53.04195400,-9.57144300,-31.40879400,-2.34527730,2.20048600,16.58101800,-29.26199700,-20.90701500,55.64413000,-23.01928000,-2.94728330,-2.32581350,-12.50065400
420,7.35488081,-7.92362928,64.70207354,-10.42958881,0.28658148,108.31931788,-2.46037320,-30.00006700,39.09343000,12.23528200,4.55790500,-8.01417700,23.45294200,-85.52898400,-51.65389300,16.52260600,1.30453840,15.00003300,2.78636500,8.38035800,14.36191500,-9.53216650,51.57530200,-7.64445600,-35.43124000,-3.37805870,1.75936600,15.79760000,-26.35031000,-23.78017400,55.10318800,-24.38227300,-3.35971900,-3.17398880,-10.68636600
421,7.71095848,-7.64203644,65.10406211,-9.91457816,0.23797923,107.68656263,-2.13003160,-30.00006700,39.03713000,12.07991500,4.56115630,-8.17668700,20.58508100,-85.38152000,-48.34778200,16.77278100,0.94045050,15.00003300,1.80983830,9.29146200,13.89635850,-5.55141200,49.89408000,-6.69242800,-38.82612000,-2.57114080,1.57232500,14.47458300,-23.74877200,-27.05175400,54.37290000,-25.46974400,-3.56338360,-4.42417860,-9.66145200
422,8.06023598,-7.36017656,65.45953399,-9.41485948,0.15183098,107.25768375,-1.87200300,-30.00006700,38.97222500,11.99075900,4.43231500,-8.40416700,17.78947000,-85.24663000,-45.16960000,17.17206800,0.49637964,15.00003300,1.03234290,10.26533100,13.49855900,-2.53399540,48.11424000,-6.54487040,-41.61060700,-2.07274480,1.40378800,13.56097200,-20.64953800,-30.65708700,53.01825300,-27.20559500,-3.73004170,-5.30571270,-8.73061400
423,8.40156364,-7.08195734,65.78998842,-8.93452674,0.02923415,106.94914449,-1.63155650,-30.00006700,38.89410400,11.91375600,4.28235240,-8.66236900,15.42848500,-85.10599500,-42.49542000,17.60154300,0.04442489,15.00003300,0.38024938,11.32707600,13.16464800,-0.20981684,46.35718000,-7.17982700,-43.82786000,-1.96598420,0.93628850,12.88071250,-17.23891600,-34.55469500,51.08185600,-29.38958500,-3.66185430,-6.11800200,-7.75600800
424,8.73274612,-6.81352520,66.11916275,-8.45413389,-0.10238775,106.52196509,-1.35692320,-30.00006700,38.79950300,11.87358400,4.22260300,-8.84615000,13.81704300,-84.93087000,-40.58915300,17.83852600,-0.30260235,15.00003300,-0.29060915,12.55360200,12.81746800,1.59295810,44.78292500,-8.69648000,-45.44036000,-1.89749220,-0.27926084,11.95035650,-14.11169100,-38.72288500,48.84734300,-31.43465200,-2.98747300,-7.49387300,-6.68775130
425,9.04144001,-6.56197643,66.42120486,-7.96203715,-0.32288823,106.15532240,-1.11803790,-30.00006700,38.68539400,11.93034800,4.09563000,-8.99685700,12.54402300,-84.89686600,-39.19915800,18.20207600,-0.70342530,15.00003300,-0.66478497,13.68641950,12.47612200,2.39931000,43.35834500,-10.42786800,-46.47798500,-1.84126500,-0.97096030,11.09915500,-10.13064800,-43.08986000,45.77177400,-34.00893000,-2.40783290,-8.62608700,-6.18795970
426,9.32640457,-6.32292843,66.66073453,-7.59463817,-0.48945797,105.89691051,-0.98627480,-30.00006700,38.40948500,11.95714300,3.94652530,-9.17451900,11.01449800,-84.73786000,-37.45200300,18.58627000,-1.10939860,15.00003300,-0.77118350,14.89325900,12.22225900,2.33504300,42.09659600,-12.63961300,-47.12953600,-1.60021070,-1.36205630,10.19640350,-5.10946700,-47.51913500,41.68794000,-37.15935500,-1.64962240,-10.17640600,-5.93900970
427,9.58689976,-6.09668255,66.87837069,-7.25711843,-0.58408643,105.63177058,-0.92602180,-30.00006700,38.07967400,12.01529400,3.77666930,-9.32160600,9.71351000,-84.52598600,-35.94225000,18.87755600,-1.45891500,15.00003300,-0.56347570,16.23561700,12.00288300,1.58052800,40.95826300,-15.13074500,-47.42053600,-1.11868570,-1.57294750,9.33348400,1.30702050,-51.87949000,36.36488000,-40.90048600,-0.80449355,-11.78856850,-6.02119450
428,9.82217026,-5.88392115,67.10161628,-6.88444585,-0.61197622,105.26276532,-0.89417850,-30.00006700,37.77919800,12.13597300,3.58521600,-9.40360500,8.80772400,-84.31789400,-34.89991800,19.01493800,-1.72492970,15.00003300,-0.13255435,17.77082400,11.80996900,0.54650150,39.86728700,-17.54741000,-47.55682000,-0.40409598,-1.72105250,8.62028500,9.25564900,-56.01065000,29.61978000,-45.18980000,0.09116477,-13.17775000,-6.48782100
429,10.02031994,-5.68929577,67.26922658,-6.61996381,-0.76684550,104.80591246,-0.76916250,-30.00006700,37.38998800,12.19500350,3.31474180,-9.52004500,7.72052300,-84.01353500,-33.48595000,19.11701800,-1.96455630,15.00003300,0.02542259,19.42409000,11.69212300,-0.22162338,38.66341400,-19.54078100,-47.86110300,0.08523683,-1.90962000,8.55914400,17.42424600,-59.67024200,21.53951800,-49.50034700,1.38312720,-14.40807150,-6.82394500
430,10.18379784,-5.50383377,67.42229414,-6.33270156,-1.07549377,104.35176355,-0.63289666,-30.00006700,37.02250300,12.37502900,3.12565880,-9.59942000,7.11763200,-83.85385000,-32.64372300,19.19052500,-2.13206720,15.00003300,0.16447195,21.03361300,11.61079300,-0.97170824,37.39341000,-20.99418600,-47.98986000,0.11379731,-2.33478620,8.83201500,25.93417700,-62.70149000,13.52893100,-53.50383400,2.74164460,-15.45462200,-7.60983850
431,10.31872845,-5.31662273,67.55846236,-6.07856985,-1.24672547,104.06110750,-0.58948510,-30.00006700,36.70464000,12.53284800,2.96084140,-9.61586500,6.53068800,-83.71285000,-31.90679700,19.33675200,-2.29043630,15.00003300,0.09716819,22.59743000,11.47700300,-1.66616200,36.05379000,-21.92646800,-48.04082000,0.00914400,-2.58370420,8.94992200,33.19219200,-65.02357500,6.47835800,-56.44293200,4.14809600,-16.61070400,-8.50992700
432,10.42599869,-5.12529802,67.67117510,-5.88524531,-1.26307767,103.91483665,-0.62469286,-30.00006700,36.41278500,12.63751000,2.80905490,-9.59882200,6.00559400,-83.54299000,-31.27526000,19.51606200,-2.44736000,15.00003300,-0.13706258,24.03311700,11.26450900,-2.47886370,34.66643000,-22.51285000,-47.82665600,-0.11535145,-2.60654330,8.90314400,38.48616800,-66.69771000,0.96524984,-58.19318000,5.51894600,-17.82855200,-9.31895700
433,10.50040531,-4.93699741,67.74838631,-5.77501032,-1.45437548,103.61494364,-0.53444684,-30.00006700,36.01581600,12.74527300,2.72156760,-9.68676800,5.92703340,-83.35457000,-30.96335600,19.55143000,-2.61550430,15.00003300,-0.61907214,25.25512300,11.14107000,-3.32908540,33.26645300,-22.79157800,-47.00633600,-0.32777196,-2.82374600,9.36955300,41.85364500,-67.75551000,-2.78446100,-59.24821500,6.77380900,-18.57173700,-10.06216800
434,10.54689598,-4.74083996,67.85711367,-5.60476957,-1.40028506,103.26257515,-0.52406985,-30.00006700,35.73422600,12.88732100,2.67157530,-9.75817500,5.38991930,-83.24361000,-30.31258200,19.70619000,-2.78916500,15.00003300,-0.98652950,26.30574200,10.95844000,-4.12210500,31.97776200,-23.03995700,-46.03813600,-0.80714554,-3.03490330,9.91132500,43.86294000,-68.41313000,-5.12751050,-59.81438000,7.66376000,-18.85214800,-11.28664100
435,10.57133865,-4.54276371,67.94265013,-5.50291996,-1.32601700,102.93331049,-0.44086075,-30.00006700,35.50133500,12.93761100,2.63789080,-9.80628900,5.23291540,-83.12764000,-30.06873900,19.78831300,-2.92843500,15.00003300,-1.32155990,27.14718800,10.71256100,-4.92491340,30.88907000,-23.43251200,-44.91504000,-1.14385890,-3.50729540,10.30116100,45.19059800,-68.84048500,-6.55872630,-59.93131000,8.64232500,-19.29447200,-11.98648700
436,10.57521057,-4.34376907,67.99868614,-5.47899873,-1.25640489,102.67950790,-0.29712070,-30.00006700,35.30911600,12.89788600,2.63513110,-9.83442900,5.42267750,-83.00113000,-30.16452400,19.81513200,-3.04045410,15.00003300,-1.61962020,27.85550100,10.45842600,-5.62148670,29.99000400,-23.78476700,-43.83398400,-1.33463840,-4.01532360,10.55516300,45.97801600,-69.11236000,-7.35791900,-59.85783400,9.58989600,-19.77296000,-12.23377800
437,10.56045628,-4.14412594,68.03043161,-5.51450559,-1.17311330,102.56487056,-0.15211162,-30.00006700,35.15969500,12.80224100,2.69488800,-9.85108100,5.68351000,-82.87473000,-30.29359400,19.86901000,-3.14891530,15.00003300,-1.84581860,28.54355400,10.24997400,-6.09613600,29.18828600,-23.78859300,-42.99239300,-1.46836110,-4.11825040,10.73067000,46.00087400,-69.25137000,-7.58717970,-59.82960500,10.16685900,-19.91795000,-12.40429000
438,10.52647305,-3.95482588,68.01988056,-5.65664562,-1.12378100,102.47051417,0.06177481,-30.00006700,34.92054700,12.60385100,2.66079280,-9.97008400,5.94295200,-82.78450000,-30.53083400,20.05000100,-3.30260540,15.00003300,-2.24743410,29.18812200,10.11905300,-6.59836770,28.57169500,-23.87127300,-42.03224000,-1.17662790,-4.10387400,10.90192500,45.53738000,-69.20181000,-7.44131470,-59.56556300,10.88646800,-19.89040000,-13.09994800
439,10.48734856,-3.77323031,68.04783412,-5.67928453,-0.96349004,102.46975732,0.20197994,-30.00006700,34.84437600,12.45746800,2.58931140,-10.09475900,6.08692800,-82.73547000,-30.67734100,20.26000200,-3.49051520,15.00003300,-2.70568080,29.74553100,10.03636100,-6.95860000,28.14339300,-23.99056800,-41.21464000,-0.59702250,-4.17166850,11.18292800,44.92430500,-68.95820600,-7.07383400,-59.36200300,11.51450500,-20.26466800,-14.05603100
440,10.44974136,-3.60413742,68.07046999,-5.65738440,-0.77876431,102.48087113,0.26186764,-30.00006700,34.83483000,12.40149200,2.46078090,-10.19774500,6.06234840,-82.70578000,-30.63567700,20.44483200,-3.67321800,15.00003300,-3.14559500,29.79380200,9.95696600,-7.45545340,28.01980200,-24.13962000,-40.17386200,-0.01041071,-4.20207830,11.56554900,43.94591500,-68.51379400,-6.09216000,-59.28319500,12.00651200,-20.70688200,-14.90943300
441,10.40671349,-3.45209694,68.06107846,-5.70906586,-0.64174190,102.46135704,0.31859407,-30.00006700,34.72485000,12.33828000,2.33155440,-10.25297600,6.13429070,-82.61938000,-30.64405800,20.55075800,-3.80963730,15.00003300,-3.39553700,29.79380200,9.82232600,-7.95268500,28.01386000,-24.33480300,-39.15657800,0.22534797,-4.16886140,12.11070400,42.60069000,-67.93700400,-4.59879600,-59.06924000,12.16961000,-20.78857400,-15.25063700
442,10.36121178,-3.32499695,68.06026696,-5.76796343,-0.53007936,102.35283081,0.40913480,-30.00006700,34.60896700,12.26444000,2.31837990,-10.29091900,6.01773930,-82.53591000,-30.45307000,20.67620700,-3.92895000,15.00003300,-3.56547640,29.79380200,9.69330500,-8.39333800,28.11075600,-24.62671900,-38.22401400,0.46996650,-4.12988230,12.47139800,41.46762000,-67.38710000,-3.27259640,-58.76741400,12.35706300,-20.72603800,-15.61122300
443,10.31431007,-3.21775866,68.01863424,-5.90761250,-0.62664673,102.48624021,0.48063037,-30.00006700,34.41516500,12.16690500,2.33962440,-10.33099900,6.09261750,-82.44699000,-30.44533700,20.82357200,-4.03265200,15.00003300,-3.70096040,29.79380200,9.62799900,-8.78223300,28.18328000,-24.75143400,-37.54086700,0.56172603,-3.88707800,12.75662300,40.56875200,-66.87433000,-2.18763780,-58.42695200,12.68214600,-20.53020500,-15.31625650
444,10.27108765,-3.12688422,67.99497919,-5.98558619,-0.70320057,102.60892966,0.50935080,-30.00006700,34.25816000,12.12108900,2.32231800,-10.37007100,6.09828760,-82.37305500,-30.37776000,20.94639000,-4.13489400,15.00003300,-3.74928620,29.79380200,9.51209000,-9.21101950,28.29458600,-24.89508800,-36.83728400,0.42870042,-3.74736330,12.89020250,39.70638000,-66.38500000,-1.18021430,-58.16409300,12.79064700,-20.36168000,-14.94102800
445,10.23287964,-3.05174327,68.00517639,-5.96755133,-0.66444717,102.57850838,0.50947860,-30.00006700,34.18430000,12.14191500,2.24750330,-10.40089800,5.99725340,-82.32180000,-30.22662700,21.00050500,-4.21423340,15.00003300,-3.70955660,29.79380200,9.33679100,-9.56961900,28.50795700,-25.04516000,-36.16570000,0.12803261,-3.78313700,12.91055200,38.74155400,-65.89893000,-0.14443576,-57.98154000,12.66176900,-20.26572200,-14.76205800
446,10.19792080,-2.99570298,68.01623369,-5.94361490,-0.50179568,102.24753941,0.57310010,-30.00006700,34.19217700,12.16542200,2.15961740,-10.40099400,6.00249670,-82.29342000,-30.22723200,20.90114400,-4.17492000,15.00003300,-3.63755870,29.79380200,9.21295900,-9.50324250,28.76894600,-24.90823000,-35.87146800,0.03373535,-3.79040770,12.99795800,37.68057300,-65.41023000,0.90273750,-57.82664500,12.77887700,-20.16308200,-14.96529700
447,10.16655445,-2.95004702,68.01110024,-5.96742525,-0.52287368,102.34417865,0.56153330,-30.00006700,34.13792400,12.14955500,2.17529060,-10.43215400,5.96440270,-82.21379000,-30.11641300,20.93012200,-4.19882800,15.00003300,-3.72118800,29.79380200,9.23408800,-9.38610100,28.93795000,-24.68306700,-35.79980000,-0.37953565,-3.63097290,12.96029700,36.90088000,-64.96718600,1.69023140,-57.38688300,13.20741300,-20.33358600,-14.83245850
448,10.13735676,-2.91221857,67.98952907,-6.03283851,-0.55902663,102.50497790,0.54980296,-30.00006700,34.05762500,12.09531500,2.18019180,-10.45484500,6.05314300,-82.12581000,-30.16072700,20.95830500,-4.21524520,15.00003300,-3.72714300,29.79380200,9.18116900,-9.44587800,29.04996700,-24.61046600,-35.56812000,-0.73951185,-3.41965370,13.02827600,36.28940000,-64.59509000,2.35073420,-56.92882000,13.36275000,-20.28743600,-14.44862700
449,10.11098957,-2.88152647,67.96960823,-6.08892675,-0.58542702,102.62827512,0.53578985,-30.00006700,33.98077400,12.05214300,2.16462520,-10.45999900,6.17300000,-82.04216000,-30.25039700,20.96163200,-4.22336800,15.00003300,-3.65065600,29.79380200,9.05763300,-9.62393000,29.15181400,-24.67369000,-35.17624300,-0.97218114,-3.23055720,13.20420900,35.75554000,-64.29148000,2.98161300,-56.53581600,13.25364700,-20.02932400,-13.99594500
450,10.08878708,-2.85721374,67.98227464,-6.05004929,-0.61000016,102.64737085,0.49324635,-30.00006700,33.94802000,12.10721700,2.14414500,-10.44389300,6.15476130,-81.97098000,-30.16367700,20.92346400,-4.23355800,15.00003300,-3.54240750,29.79380200,8.93506050,-9.78208800,29.28884000,-24.77872700,-34.71036000,-1.05596210,-3.15393450,13.41138700,35.28187600,-64.04066500,3.61881420,-56.32752000,13.08816600,-19.71688500,-13.75879000
451,10.06699085,-2.83345199,67.98800582,-5.99543427,-0.61551102,102.71485567,0.39713088,-30.00006700,33.90861500,12.20408800,2.02879600,-10.42882400,6.08901600,-81.96584000,-30.12869500,20.95302600,-4.26606040,15.00003300,-3.42029020,29.79380200,8.88099000,-9.72961900,29.40987800,-24.69929100,-34.59684000,-1.10664330,-2.98724270,13.34813900,34.94597000,-63.79314400,4.15085840,-56.21069700,12.93229300,-19.66771100,-13.64607700
452,10.04195404,-2.81182861,67.97764925,-5.99714558,-0.69007430,102.67784574,0.39490977,-30.00006700,33.84990700,12.26269500,1.98793380,-10.39891800,6.22639800,-81.97806500,-30.30908600,20.92784900,-4.24851470,15.00003300,-3.22531840,29.79380200,8.78774200,-9.79716900,29.56555600,-24.77475700,-34.41312800,-1.15748190,-2.93282200,13.49695400,34.55903200,-63.56167000,4.68663500,-56.05002000,12.73114800,-19.64399300,-13.68860300
453,10.01574230,-2.78802848,67.96645310,-6.00640753,-0.74421704,102.62941037,0.38795444,-30.00006700,33.78587700,12.31768500,1.96401260,-10.37233800,6.39083500,-81.99021000,-30.52322600,20.88879400,-4.22333500,15.00003300,-3.01418380,29.79380200,8.67987600,-9.87153100,29.74305300,-24.88955500,-34.24443000,-1.23319970,-2.93343850,13.72645600,34.17765400,-63.34582000,5.17053940,-55.95923600,12.57426400,-19.66895300,-13.81552400
454,9.98987293,-2.75834107,67.96586195,-5.98432210,-0.70784987,102.65177438,0.29593882,-30.00006700,33.72618000,12.39650100,1.90298530,-10.36525000,6.46931460,-81.98367000,-30.65132000,20.85934600,-4.21812700,15.00003300,-2.82621310,29.79380200,8.57944700,-9.84383300,29.92808300,-24.93006300,-34.18810300,-1.35074630,-2.91543170,13.89844600,33.83344700,-63.11029400,5.56955000,-56.00425700,12.51733600,-19.73642200,-13.91947600
455,9.96194077,-2.72472167,67.95315857,-5.99750919,-0.71283667,102.68535010,0.23886280,-30.00006700,33.64245600,12.43281900,1.83499630,-10.37819200,6.56113800,-81.93342000,-30.72728500,20.81058300,-4.18694070,15.00003300,-2.65012240,29.79380200,8.51750850,-9.70940600,30.06698000,-24.84599000,-34.32471000,-1.43831630,-2.68167570,13.98806000,33.53202400,-62.89548500,5.87437150,-56.02525000,12.41048700,-19.52770400,-13.75804300
456,9.93354797,-2.68665767,67.94046304,-6.02448124,-0.65831680,102.80309914,0.14106749,-30.00006700,33.55534000,12.45017200,1.80316690,-10.35637700,6.68892340,-81.90767000,-30.91679800,20.80865000,-4.16382000,15.00003300,-2.45685770,29.79380200,8.43404300,-9.64643800,30.20577200,-24.80536500,-34.45850000,-1.58683480,-2.64743450,13.99941400,33.25037400,-62.68436400,6.12636400,-56.01932500,12.39175700,-19.53277600,-13.49978800
457,9.90699768,-2.64890289,67.93288765,-6.04556130,-0.58643745,102.87991932,0.04735224,-30.00006700,33.47564000,12.46891900,1.79021660,-10.33475300,6.72734360,-81.85609400,-30.96593900,20.78542500,-4.13079700,15.00003300,-2.28012600,29.79380200,8.36945000,-9.46159100,30.28804200,-24.61026600,-34.59287000,-1.78461680,-2.57735730,13.98156200,32.94650000,-62.51906600,6.33362600,-56.02989000,12.32097000,-19.41607000,-13.22286100
458,9.88271046,-2.61419964,67.93200948,-6.05174676,-0.51897182,102.88114994,-0.02904192,-30.00006700,33.40770700,12.50375200,1.79142170,-10.31423000,6.67209600,-81.78438600,-30.85674000,20.73193200,-4.08612400,15.00003300,-2.12453500,29.79380200,8.31675100,-9.18848600,30.31002800,-24.28494500,-34.68240000,-1.96598150,-2.41339180,14.00233100,32.62379500,-62.41392500,6.50049640,-56.05332000,12.14728000,-19.10038200,-12.96236400
459,9.85927582,-2.58573794,67.93593095,-6.03947923,-0.47397271,102.88317127,-0.10768983,-30.00006700,33.34981500,12.57971700,1.81707040,-10.23863200,6.60423900,-81.80761000,-30.82846300,20.77285000,-4.08073230,15.00003300,-2.03591800,29.79380200,8.26529500,-9.10886200,30.37061000,-24.06993300,-34.70764000,-1.87628230,-2.32150600,14.15270400,32.20564300,-62.30232600,6.71997550,-55.95025600,11.89959300,-18.82915100,-12.64372100
460,9.84073448,-2.56599164,67.95116935,-5.98899705,-0.37963487,103.01683431,-0.28683750,-30.00006700,33.29625700,12.67031800,1.79035090,-10.21911100,6.51891570,-81.80971000,-30.83152000,20.81330700,-4.06310030,15.00003300,-1.96236360,29.79380200,8.25657700,-9.01105400,30.40182900,-23.84922400,-34.76006000,-2.10896280,-2.43493770,14.06848500,32.02763000,-62.21757500,6.75935700,-55.94460300,11.82326100,-18.53042000,-12.19231400
461,9.82360840,-2.55938697,67.95922381,-5.94479325,-0.30127595,103.11315910,-0.44022894,-30.00006700,33.25094000,12.74495200,1.70668800,-10.21068900,6.28529300,-81.78863500,-30.60988400,20.85399600,-4.06678250,15.00003300,-1.82535580,29.79380200,8.27072700,-8.89490100,30.45888500,-23.60122900,-34.90868400,-2.24490380,-2.42635200,14.03706700,31.85574500,-62.07719000,6.78683950,-55.94316000,11.88459300,-18.43207400,-11.96652500
462,9.80695724,-2.56812143,67.95996211,-5.90714599,-0.26142053,103.13640356,-0.55246085,-30.00006700,33.21976000,12.81653400,1.59705040,-10.20015500,5.93158200,-81.76709000,-30.21554400,20.89160500,-4.08180400,15.00003300,-1.60370740,29.79380200,8.25611600,-8.89979200,30.49022900,-23.44038200,-34.95019000,-2.28792550,-2.33010170,14.12245600,31.73007200,-61.99855400,6.80963330,-55.97568500,11.98997600,-18.46825400,-11.98341800
463,9.78985310,-2.59432173,67.95978104,-5.86430316,-0.28094535,103.08355135,-0.63207924,-30.00006700,33.20580000,12.91384900,1.52211900,-10.17816100,5.55815500,-81.78609000,-29.83116300,20.92838000,-4.08431530,15.00003300,-1.32650960,29.79380200,8.23456900,-8.98818400,30.49661800,-23.33361800,-34.84137700,-2.41271880,-2.31739520,14.23303100,31.63587800,-61.97248000,6.83529850,-56.06147400,11.91090400,-18.39296500,-11.94649200
464,9.76803017,-2.63966608,67.93988511,-5.87233480,-0.33337632,103.08604000,-0.68124163,-30.00006700,33.19773500,12.96862800,1.48725460,-10.14700500,5.33689000,-81.82863600,-29.64870800,20.97521000,-4.04591700,15.00003300,-1.13139710,29.79380200,8.25389500,-9.11572000,30.49380500,-23.24338300,-34.79020700,-2.41629890,-2.32832770,14.19208900,31.54820800,-61.95682000,6.86764900,-56.04238500,11.78067200,-18.43561000,-11.96701050
465,9.74314404,-2.69633341,67.92313714,-5.86977026,-0.37451044,103.07548004,-0.73323643,-30.00006700,33.21338000,13.02721300,1.45442180,-10.12277700,5.09424600,-81.88918000,-29.47030000,21.02684800,-4.03869100,15.00003300,-0.92731530,29.79380200,8.29153250,-9.18803500,30.47599400,-23.14525800,-34.76066600,-2.38303230,-2.32845640,14.30654700,31.48108100,-61.95380800,6.91691500,-56.04570000,11.50351500,-18.42530600,-12.05427800
466,9.71450043,-2.76280832,67.90473181,-5.86799032,-0.42531473,103.07840524,-0.78459910,-30.00006700,33.23285700,13.08792100,1.42223920,-10.08641300,4.85049060,-81.94566000,-29.27261200,21.07594900,-4.04161070,15.00003300,-0.77737980,29.79380200,8.35527300,-9.26912600,30.41392900,-23.03692600,-34.69946300,-2.36437060,-2.31084940,14.47030000,31.35427300,-61.98584700,7.05334300,-56.02470400,11.15144700,-18.35970500,-12.13739100
467,9.68163681,-2.83732677,67.87927755,-5.88001387,-0.49253702,103.11304952,-0.84529720,-30.00006700,33.24525000,13.14108000,1.39308950,-10.02637400,4.56630330,-81.97572000,-28.99281000,21.11284000,-4.03324940,15.00003300,-0.62087670,29.79380200,8.40809200,-9.45673200,30.38352200,-23.03799400,-34.62353000,-2.44046200,-2.27721140,14.64499000,31.32978200,-62.01761000,7.11951100,-56.03384800,10.81500700,-18.25389300,-12.12997150
468,9.64359760,-2.91592073,67.84648444,-5.91919496,-0.47852600,103.23071942,-0.96977675,-30.00006700,33.22968300,13.17238600,1.37536560,-10.01542800,4.36807800,-81.99483500,-28.86078300,21.14029300,-4.03473400,15.00003300,-0.50750180,29.79380200,8.44935700,-9.65891300,30.29292900,-23.07122000,-34.58498400,-2.43467040,-2.21813900,14.55654100,31.32452000,-62.10765000,7.19433000,-56.04903000,10.70059400,-18.20658700,-11.97420000
469,9.60201740,-2.99868798,67.81310121,-5.95290103,-0.49262252,103.27967000,-1.07899880,-30.00006700,33.21767000,13.23542500,1.37937650,-9.99063100,4.21071400,-82.04523000,-28.80194700,21.14902000,-4.02875700,15.00003300,-0.36796662,29.79380200,8.45473700,-10.01145650,30.27701800,-23.29595800,-34.33926800,-2.36665580,-2.21610930,14.47385500,31.32812900,-62.17076000,7.24983200,-56.06116500,10.50721100,-18.20126300,-12.00331900
470,9.55732727,-3.08501267,67.78131729,-5.96936702,-0.55611341,103.27148036,-1.15381980,-30.00006700,33.23330700,13.33453600,1.39571110,-9.94286700,4.02134400,-82.14374500,-28.71334300,21.17497400,-4.02181400,15.00003300,-0.20345430,29.79380200,8.41207200,-10.45076000,30.31100000,-23.58610300,-33.98287200,-2.22661970,-2.20275350,14.44547800,31.26669500,-62.22688700,7.30459200,-56.04213000,10.33968200,-18.25068300,-12.14864400
471,9.51024723,-3.17409253,67.74992028,-5.97428214,-0.65077282,103.23019563,-1.19875350,-30.00006700,33.27599300,13.45368100,1.41411770,-9.88921500,3.81642000,-82.27616000,-28.60466400,21.21503400,-4.01338860,15.00003300,-0.04472977,29.79380200,8.36355200,-10.81875900,30.37545800,-23.79010600,-33.67765000,-1.97963800,-2.14908390,14.42252700,31.15185200,-62.26256600,7.34660050,-56.01484000,10.19118600,-18.33976400,-12.31469300
472,9.46239567,-3.26376486,67.71034957,-6.01643936,-0.65525282,103.23278023,-1.26871790,-30.00006700,33.29495200,13.51068000,1.41157330,-9.91904100,3.85707710,-82.34767000,-28.77233700,21.17138300,-3.97633620,15.00003300,0.08583364,29.79380200,8.35485900,-10.86332800,30.43180000,-23.83303300,-33.61355600,-1.52752450,-2.07616800,14.28525000,31.17097300,-62.27693600,7.37163730,-56.03609500,9.85416100,-18.40623500,-12.37708600
473,9.41425896,-3.36018872,67.67645986,-6.03763104,-0.66109431,103.19723674,-1.32433620,-30.00006700,33.33453000,13.57096600,1.36327350,-9.91067600,3.71100330,-82.41042000,-28.70681200,21.15219700,-3.97243140,15.00003300,0.18537141,29.79380200,8.33946700,-10.95073200,30.57528100,-23.89881100,-33.50957000,-0.99114585,-1.93964640,14.22507100,31.11190200,-62.27751000,7.39411070,-56.01705600,9.66140300,-18.44813200,-12.28751800
474,9.36537838,-3.46452785,67.63475901,-6.08504105,-0.65599727,103.14939181,-1.36836860,-30.00006700,33.37334000,13.60768900,1.33979770,-9.90058700,3.67350050,-82.44568000,-28.74035300,21.07454500,-3.94180060,15.00003300,0.23940757,29.79380200,8.36691800,-10.90039600,30.72444000,-23.84808000,-33.48549000,-0.60258100,-1.90516830,14.00314400,31.00698000,-62.25038000,7.40428300,-56.00034300,9.52424800,-18.41794800,-12.02014600
475,9.31572056,-3.57868385,67.59126403,-6.14132564,-0.67797256,103.11031409,-1.40359300,-30.00006700,33.41218600,13.63682000,1.35456060,-9.89422600,3.66199250,-82.46415000,-28.77528200,20.97532000,-3.88742070,15.00003300,0.25168562,29.79380200,8.44076000,-10.70413500,30.94070400,-23.66734900,-33.57194000,-0.39043662,-1.91500840,13.62051900,30.84479500,-62.19414000,7.42331100,-55.97207000,9.32068700,-18.29492200,-11.63517300
476,9.26552200,-3.70575929,67.56063497,-6.15439193,-0.80148127,103.10866473,-1.43994060,-30.00006700,33.46425200,13.70792600,1.39966420,-9.88767600,3.37321330,-82.49574000,-28.46793700,20.96178800,-3.84140280,15.00003300,0.27101666,29.79380200,8.49589800,-10.59443300,31.24271400,-23.47727000,-33.56596000,-0.28499594,-1.79210530,13.15166700,30.69923200,-62.15350700,7.43280600,-55.92739500,8.87379100,-18.06977500,-11.29515400
477,9.21278191,-3.84771228,67.52404902,-6.17479138,-0.78778928,103.08817491,-1.48122780,-30.00006700,33.56683300,13.71772900,1.30813520,-9.91429500,3.25881860,-82.49515500,-28.38265400,20.85566300,-3.78624000,15.00003300,0.26381600,29.79380200,8.56010800,-10.15808600,31.57521800,-23.18676400,-33.82180000,0.23291379,-1.77984310,12.90211200,30.51803200,-62.08191700,7.31745770,-55.90003200,8.91205000,-17.99154300,-10.82162100
478,9.15556431,-4.00054646,67.47074630,-6.23295537,-0.82945477,103.10662276,-1.51955010,-30.00006700,33.62179600,13.72241800,1.24345370,-9.97686300,3.09933000,-82.49871000,-28.24424000,20.79558800,-3.72795560,15.00003300,0.26946650,29.79380200,8.61014100,-9.67641700,31.94537000,-22.85865800,-34.13656000,0.82939700,-1.70515280,12.83303800,30.38347000,-61.97852000,7.13154550,-55.87596000,8.88641100,-17.89665000,-10.43947200
479,9.09396744,-4.16278648,67.40516596,-6.31161385,-0.98019712,103.13376502,-1.51227400,-30.00006700,33.67059300,13.72420700,1.21414260,-10.02224500,2.99021080,-82.50413000,-28.11786500,20.72745100,-3.64544940,15.00003300,0.36121425,29.79380200,8.60568200,-9.13847800,32.34790400,-22.58100000,-34.35566000,1.23958890,-1.63436630,12.91122300,30.34930800,-61.87428300,6.99099500,-55.89050000,8.69465800,-17.78892900,-10.30182650
480,9.02816963,-4.33230782,67.33048269,-6.39729581,-1.27180870,103.13865557,-1.42368970,-30.00006700,33.75165000,13.72246700,1.22220700,-10.00679300,3.01739220,-82.51186000,-28.07617400,20.60525000,-3.52741670,15.00003300,0.57577910,29.79380200,8.52000600,-8.50239400,32.77724500,-22.41776500,-34.36688000,1.28195480,-1.63800680,13.07481600,30.42172200,-61.81252700,7.01144080,-55.96102500,8.30566600,-17.68974000,-10.49511300
481,8.95190716,-4.49889994,67.22663081,-6.57162172,-1.58782934,103.14430276,-1.29827920,-30.00006700,33.76091400,13.68773300,1.33212410,-10.04002300,3.67131020,-82.56425500,-28.81396700,20.39346700,-3.36910530,15.00003300,0.66400330,29.79380200,8.41252200,-7.52819730,33.29381600,-22.31242200,-34.57615700,1.71319040,-1.68214520,12.93453900,30.36526700,-61.75775500,6.95875500,-55.96621700,8.25540000,-17.76977500,-10.23681300
482,8.86916161,-4.65176821,67.13698196,-6.73159032,-1.83223434,103.07203091,-1.16848200,-30.00006700,33.76959600,13.64208800,1.43245100,-10.06730900,4.21982240,-82.56583000,-29.40486500,20.15176400,-3.19482610,15.00003300,0.83472360,29.79380200,8.29454400,-6.07466200,33.85491000,-21.99013000,-35.06156500,2.05426450,-1.80649720,12.54534700,30.47723800,-61.70689000,6.96341940,-56.25348700,8.10158100,-17.82392300,-10.00274900
483,8.77852821,-4.78716993,67.06718288,-6.85598295,-2.04036962,102.91549486,-1.01914620,-30.00006700,33.81282800,13.61274050,1.54644990,-10.06824100,4.85547260,-82.51646400,-29.99463500,19.79345000,-2.95642610,15.00003300,0.96783286,29.79380200,8.19294500,-4.09736500,34.40320000,-21.35570100,-35.69426000,2.28094900,-1.93763150,12.22472400,30.54845000,-61.65970600,6.97490500,-56.65522400,7.87471340,-17.65668000,-9.78336400
484,8.67867947,-4.90059233,67.01489009,-6.94322536,-2.21564478,102.71956185,-0.86801386,-30.00006700,33.89084200,13.60600950,1.66392990,-10.05307500,5.55198700,-82.43038000,-30.57977700,19.35211600,-2.67746830,15.00003300,1.01924420,29.79380200,8.11473750,-1.72376480,34.88980500,-20.47062500,-36.36709600,2.45405630,-2.02151660,11.97610300,30.49693300,-61.60680800,6.90508170,-57.08378600,7.63757300,-17.23467600,-9.45581400
485,8.56334591,-4.97738457,66.95750859,-7.03262302,-2.29874770,102.70404526,-0.81929594,-30.00006700,33.92445800,13.59443200,1.68787190,-10.11154100,6.48018500,-82.33748000,-31.54117400,18.93431000,-2.42467710,15.00003300,0.98903160,29.79380200,8.08891300,0.52139660,35.33423000,-19.70032000,-37.01069600,2.89961390,-1.98410240,11.13310500,30.29728700,-61.51086400,6.53864500,-57.48230700,7.59869240,-16.81504200,-8.48560700
486,8.42473698,-5.02399588,66.88363483,-7.16772552,-2.44200087,102.50634717,-0.61361530,-30.00006700,33.98433000,13.54147500,1.70879460,-10.08496200,7.75607730,-82.17136000,-32.70917000,18.31395000,-2.08542010,15.00003300,1.01749250,29.79380200,8.08273300,3.03427650,35.71021700,-19.35036000,-37.47205700,3.43873480,-1.83282910,11.10921000,30.10708600,-61.38533800,6.24404140,-57.99284000,7.90472800,-16.46552500,-7.78175800
487,8.26634693,-5.04543304,66.79488865,-7.37000092,-2.49306028,102.23175128,-0.42308775,-30.00006700,33.93763700,13.45665000,1.73642460,-10.03842400,9.23696100,-81.88650000,-34.04114500,17.52537000,-1.64414000,15.00003300,1.06647620,29.79380200,8.04281200,5.48064400,36.01074600,-19.25422300,-37.36094700,3.91896720,-1.70488150,11.04499600,29.80725500,-61.23052000,5.91838360,-58.51400400,7.96437930,-15.95007700,-6.89295400
488,8.08721828,-5.04334736,66.69003464,-7.63836772,-2.39290934,101.87808224,-0.27053118,-30.00006700,33.79122500,13.34384800,1.74533340,-9.99928600,10.76646100,-81.51994000,-35.44614800,16.63935300,-1.13047710,15.00003300,1.14132830,29.79380200,7.98601060,7.93636370,36.22669000,-19.32441700,-36.79055000,4.57000200,-1.50874400,10.98936200,29.39539700,-61.04054300,5.52219870,-59.01930000,7.95434050,-15.35355100,-5.93817500
489,7.88502455,-5.01947308,66.56458023,-7.95883536,-2.08999085,101.39426803,-0.13424596,-30.00006700,33.62233700,13.21186400,1.67806200,-9.99505900,12.08526900,-81.17902000,-36.75649600,15.81321200,-0.62346476,15.00003300,1.26548580,29.74357400,7.95311550,10.64740400,36.33954000,-19.47675900,-36.08933600,5.92162230,-0.98677010,11.38767600,28.82153900,-60.78986400,5.13109160,-59.44924500,8.49372800,-14.93605000,-5.36897850
490,7.66360998,-4.98728991,66.38067820,-8.36038634,-2.02553339,100.95542200,0.08620578,-30.00006700,33.44146700,13.07872600,1.66420910,-9.91392000,13.80906200,-80.83032000,-38.48145700,14.84024300,0.01885784,15.00003300,1.48422490,29.31100700,7.75425000,13.10048600,36.48135400,-19.91908500,-34.18298700,6.42087460,-0.69952350,11.49404900,28.21317000,-60.43831300,5.15751030,-59.85776000,8.73828700,-14.95276200,-5.47020670
491,7.43236446,-4.95534182,66.16472127,-8.82786636,-1.95094540,100.39769255,0.35362420,-30.00006700,33.17934000,12.91375400,1.58822420,-9.88082700,15.59693700,-80.41927000,-40.25805700,13.75964800,0.65600353,15.00003300,1.64155700,28.72344400,7.53060900,15.51732800,36.58179500,-20.61963300,-31.16557700,6.95607200,-0.32262513,12.17924100,26.69760300,-59.96236400,5.59407950,-60.00013400,9.51827100,-14.49001900,-5.22916840
492,7.19743538,-4.92637444,65.94060839,-9.28904777,-1.88268689,99.80693716,0.62737600,-30.00006700,32.92776500,12.74823200,1.44576610,-9.86704900,17.31084600,-79.96819000,-41.94999000,12.60666600,1.32700430,15.00003300,1.81350410,28.03192500,7.23628100,17.79203200,36.60697000,-21.49510600,-27.26836600,7.47877650,0.15103535,12.99292100,24.76371400,-59.39593000,5.96324350,-60.00013400,10.61015300,-13.76071900,-4.70020200
493,6.96472359,-4.90283394,65.73622970,-9.67351362,-1.83067089,99.26627801,0.86656610,-30.00006700,32.77363000,12.61313400,1.24391710,-9.83840000,18.84925500,-79.50033000,-43.46162400,11.41466300,2.07235840,15.00003300,2.08601520,27.29078700,6.80737500,19.79261800,36.53049500,-22.43366000,-22.73906500,7.84361360,0.70157050,13.45771800,22.83723000,-58.80132000,5.92652230,-59.90560500,11.73821600,-13.06151600,-4.02776050
494,6.74317026,-4.88790798,65.59039922,-9.97717623,-1.45539157,98.50147305,0.97665040,-30.00006700,32.60074600,12.49304900,1.03384530,-9.82947000,20.35362600,-78.85316500,-45.01775700,9.84943900,2.95611600,15.00003300,2.56943370,26.64378700,6.25781870,21.10131000,36.27785000,-22.72316200,-17.55051000,7.21779350,1.29902320,13.56401350,21.19295300,-58.19818000,5.68303500,-59.68572600,13.01006800,-12.84150100,-3.66698200
495,6.52524996,-4.88630390,65.36915556,-10.39879527,-1.54451541,97.97919494,1.18779300,-30.00006700,32.27705800,12.36135100,0.86513160,-9.88846400,21.53670500,-78.22055000,-45.97747800,8.53219400,3.84024380,15.00003300,2.95599440,25.87040100,5.70505670,21.78074800,35.88969800,-23.09103200,-11.57272900,7.26261000,2.16150740,13.70848400,19.70201500,-57.63506700,5.43911900,-59.39592400,14.08704700,-12.61004800,-3.58645600
496,6.31194878,-4.88795757,65.14440968,-10.82278053,-1.64529989,97.52087369,1.43556480,-30.00006700,31.99948900,12.19073400,0.68423620,-9.90165800,22.11336700,-77.75000000,-46.33201200,7.70677850,4.45077040,15.00003300,3.18634000,25.06344800,5.28105800,22.06005100,35.37176000,-23.61134500,-5.05927750,7.05066000,3.05546710,13.86877250,18.37425600,-57.06380000,5.25036860,-59.26418300,15.35168300,-12.27567700,-3.79786320
497,6.10441494,-4.88826752,64.94750106,-11.19570165,-1.56262943,97.03749662,1.67694800,-30.00006700,31.84471000,11.98516750,0.46955810,-9.83341400,21.89928400,-77.52105000,-46.02224700,7.52923970,4.64058830,15.00003300,3.26735690,24.26988200,4.99156700,22.06404300,34.75357000,-24.25751000,1.81960770,6.27306400,3.81202390,13.80230200,17.07950200,-56.43388000,5.10890500,-59.31328600,16.82400100,-11.80673600,-4.19964550
498,5.90529633,-4.88905382,64.77058192,-11.52347823,-1.44981155,96.54263443,1.86908710,-30.00006700,31.70201100,11.81086600,0.25511130,-9.76530700,21.72033700,-77.27896000,-45.77794000,7.26017330,4.88181800,15.00003300,3.30695370,23.50684500,4.56289200,21.77971000,34.15567800,-24.84613800,8.92156000,5.63382600,4.21365640,12.40565700,15.15420000,-55.77365000,4.89181100,-59.11568000,17.70437200,-11.24467500,-4.32886300
499,5.70288849,-4.88511705,64.56709395,-11.91237926,-1.43200811,96.05670275,2.18939470,-30.00006700,31.57936500,11.54972200,0.10109185,-9.75390900,21.69160500,-77.04732500,-45.65245000,7.01333200,5.11840250,15.00003300,3.25038150,22.68803400,4.17624760,21.13697800,33.59591300,-25.46003500,16.38788200,4.51434800,4.54089700,12.26546100,13.78729400,-55.22754300,4.92051900,-59.12407300,19.94000200,-10.69057400,-4.82339600
500,5.49664307,-4.87498140,64.37933113,-12.27667473,-1.29325334,95.55861404,2.45945200,-30.00006700,31.46102100,11.27823450,-0.07027929,-9.75361250,21.55817200,-76.80144000,-45.43145400,6.75766230,5.32563200,15.00003300,3.19658100,21.90613200,3.68256450,20.65560500,33.08178000,-25.67046000,23.31092800,3.52924900,4.71627000,12.25076000,12.45443800,-54.83855400,4.97474200,-58.91995000,21.88005600,-10.23127000,-5.14218400
501,5.28288317,-4.85984325,64.20472968,-12.60691461,-1.10379508,95.08480387,2.66939100,-30.00006700,31.34941900,11.03847300,-0.25028390,-9.74196700,21.33920500,-76.56289000,-45.11759600,6.51219400,5.48859800,15.00003300,3.17043800,21.17991000,3.17924800,20.27567100,32.62724700,-25.54179200,29.44461300,2.65309830,4.81770300,12.20616200,11.11757200,-54.59571000,5.02891830,-58.56906500,23.35101900,-9.96794100,-5.30987640
502,5.05405664,-4.84282207,64.02493883,-12.92096219,-1.11340720,94.72427359,2.88755300,-30.00006700,31.25128600,10.86965400,-0.37705365,-9.69156300,21.17984000,-76.38573000,-44.80476400,6.33650700,5.58371640,15.00003300,3.22231840,20.50246000,2.91133900,19.59310200,32.22705000,-25.47009500,34.76711000,1.53151790,5.03319100,12.34684800,9.94980500,-54.41570300,5.11576500,-58.38268700,24.76815200,-10.10369200,-5.64441060
503,4.80501080,-4.82400608,63.84502999,-13.21591952,-0.97664797,94.36125342,3.04036380,-30.00006700,31.19689800,10.71689000,-0.58688600,-9.57957800,20.97588200,-76.22526600,-44.49709700,6.15549140,5.76704400,15.00003300,3.11242200,19.83829900,2.59324650,19.14311600,31.89313700,-25.15734700,39.65037500,-0.24243553,5.04952700,12.23778800,8.48753400,-54.25363000,5.14452030,-58.09005700,26.52820000,-9.86674900,-5.79920960
504,4.54010010,-4.80994558,63.60243305,-13.62502228,-0.83865492,93.99405441,3.18780260,-30.00006700,31.04695700,10.52319000,-0.77680486,-9.50787800,20.73347700,-76.02323000,-44.15564000,5.96025750,5.92382900,15.00003300,2.94589020,19.25622000,2.35111930,18.87363000,31.61180100,-24.55941600,43.50516000,-1.53004400,5.15194130,12.15918200,7.14169840,-54.04424700,4.96774700,-57.68220000,27.82579000,-9.73102700,-5.66257600
505,4.26114607,-4.80282164,63.32712361,-14.08299691,-0.75577489,93.62952129,3.36095620,-30.00006700,30.90339000,10.31761000,-0.91896970,-9.42496600,20.44712600,-75.82489000,-43.72175200,5.78735830,6.03651760,15.00003300,2.72803780,18.66305200,2.24941400,18.59502200,31.41285100,-23.88968500,46.70489500,-2.84232230,5.36829140,12.28665350,6.01147200,-53.83474300,4.72353120,-57.29321300,29.06529000,-9.64567900,-5.59376050
506,3.97023225,-4.80407476,63.05783649,-14.50951195,-0.76201529,93.28401242,3.57719000,-30.00006700,30.87703300,10.14061400,-0.99999820,-9.27482600,20.14086300,-75.67584000,-43.17798600,5.66032700,6.10328700,15.00003300,2.44323040,17.98459000,2.33484530,18.19595300,31.34687800,-23.35501900,49.61050800,-4.76754600,5.67479200,12.73793600,5.07933430,-53.74019000,4.61996560,-57.01369500,30.63536600,-9.56555900,-6.01338340
507,3.67307711,-4.81467009,62.81409591,-14.88397725,-0.59031202,93.09714265,3.64161320,-30.00006700,30.87839100,9.99811700,-1.08305240,-9.12716700,19.83415200,-75.55517000,-42.71839500,5.55626340,6.12519500,15.00003300,2.19787050,17.42514400,2.41750530,17.97005700,31.38323800,-22.66254000,51.71971000,-6.27924060,5.64401900,12.76228900,3.74229620,-53.69094000,4.37555070,-56.31752400,30.28336700,-9.53478100,-6.60636330
508,3.37929058,-4.84203815,62.55680553,-15.27506415,-0.29889110,92.63871318,3.67247630,-30.00006700,30.80949200,9.88388250,-1.18061280,-9.06805700,19.33784000,-75.43377000,-42.17163000,5.43602100,6.16611700,15.00003300,1.93399910,16.93163500,2.53674750,17.98770500,31.46018400,-21.84784900,53.30072000,-7.65019560,5.70463400,13.03569300,2.48571540,-53.46840300,4.03540000,-55.94363800,30.28244400,-9.31822200,-6.56503250
509,3.09362149,-4.88759089,62.28033749,-15.69297014,-0.01036758,92.14178392,3.69054170,-30.00006700,30.72246600,9.77377100,-1.24305760,-9.00004300,18.78097700,-75.31444000,-41.56707000,5.31783960,6.23124100,15.00003300,1.72402860,16.43058600,2.68016300,17.95118900,31.56143800,-21.03208500,54.70646300,-9.18364600,5.80795340,13.31641500,1.27091670,-53.17405000,3.67445000,-55.47364400,30.36471400,-9.13451700,-6.36492000
510,2.82036734,-4.95364761,61.99419667,-16.12394895,0.23355654,91.72436927,3.69813660,-30.00006700,30.65079300,9.65721700,-1.25655160,-8.89101000,18.23455400,-75.20093500,-40.94975700,5.21018740,6.31862970,15.00003300,1.54411600,15.92922800,2.86922290,17.89967500,31.69918300,-20.20533400,55.87346300,-10.81687900,5.94036500,13.48841100,0.04136214,-52.90768400,3.34581800,-54.77789700,30.44048900,-9.10630900,-6.25507800
511,2.56957293,-5.04985905,61.75460465,-16.48143408,0.54347376,91.35831602,3.65719680,-30.00006700,30.61986000,9.53450600,-1.27270010,-8.84068300,17.72115100,-75.10433000,-40.47552500,5.11081500,6.40389000,15.00003300,1.41168980,15.56507500,3.01218910,18.08307000,31.85723300,-19.58876000,56.29535700,-11.50752900,6.12470440,13.69516000,-1.14670190,-52.46676000,2.82909630,-54.13450200,30.66783500,-9.14080100,-5.98609830
512,2.34936118,-5.19178677,61.51590852,-16.81835054,0.72413718,90.79652726,3.66204020,-30.00006700,30.63962000,9.47817500,-1.22305390,-8.73044100,16.96456500,-75.04711000,-39.65004300,5.05780120,6.39231800,15.00003300,1.37318660,15.05862100,3.25662200,18.16571000,32.10988000,-19.05890800,56.80165500,-12.35015500,5.99616670,13.89541600,-1.93998410,-52.10651400,2.70356700,-53.63702800,30.26428200,-9.23896200,-5.94308300
513,2.15103889,-5.37154245,61.29932091,-17.12224974,0.89826758,90.20554438,3.65471670,-30.00006700,30.65399000,9.42485300,-1.16865720,-8.67541500,16.43409000,-74.91349000,-39.02162600,4.74864900,6.51733600,15.00003300,1.34930520,14.65545100,3.53031440,18.27230500,32.38039000,-18.54752200,57.10104800,-12.92729400,5.91516700,14.07208600,-2.61611250,-51.79866800,2.67951970,-53.26115800,29.98214500,-9.19881800,-5.71322870
514,1.98423731,-5.59556103,61.11365831,-17.36623602,1.13445616,89.62271954,3.57120820,-30.00006700,30.69339400,9.41956400,-1.11678580,-8.65028700,15.44301800,-74.90394000,-37.99331300,4.79970360,6.46771430,15.00003300,1.29088160,14.24673800,3.83455970,18.40886300,32.72102700,-17.94161000,57.22960700,-13.37610500,5.89182000,14.25057200,-3.21582910,-51.43218200,2.68388530,-52.96554000,29.82245800,-9.03219400,-5.30504660
515,1.84372687,-5.87076187,60.95732864,-17.54984368,1.34476612,88.97729389,3.52729750,-30.00006700,30.89961600,9.42003300,-1.01740800,-8.55018600,14.57611800,-74.89899000,-37.06698200,4.69802600,6.56306080,15.00003300,1.25132550,13.75064850,4.29778200,18.21453000,32.99308400,-17.28914000,57.75657700,-14.24547700,5.72473430,14.50567150,-3.69354250,-51.23163600,2.75199000,-52.62700700,29.49617400,-8.96396900,-5.13964000
516,1.73963797,-6.21686220,60.83143950,-17.68855991,1.44144937,88.36750055,3.40703960,-30.00006700,30.99681000,9.50557600,-0.91006404,-8.52408200,13.42468800,-74.92133000,-35.82794600,4.76684300,6.42001600,15.00003300,1.28537030,13.40705700,4.83667760,17.87031600,33.21576300,-16.93452300,58.10772300,-14.42747600,5.64081050,14.68006300,-3.42009740,-51.07541700,3.00092080,-52.79822500,29.36778000,-9.06150800,-5.00451900
517,1.66287279,-6.61218262,60.77322956,-17.70298338,1.54598483,87.97817913,3.16248270,-30.00006700,31.14256700,9.69879100,-0.83575463,-8.47006600,12.06256600,-75.05923500,-34.39430000,5.07942100,6.11448500,15.00003300,1.31279970,13.08590900,5.48238370,17.35320700,33.45258700,-16.73580700,58.50093500,-14.43408600,5.55013600,14.82002100,-3.12214540,-50.92107000,3.28665950,-53.04195000,28.80849300,-9.22523100,-5.06891870
518,1.60385990,-7.05433178,60.72885956,-17.68776110,1.57798814,87.64823180,2.93941700,-30.00006700,31.38610500,9.89509700,-0.72988695,-8.37696700,11.12973700,-75.14778000,-33.34418500,5.04976000,6.04839800,15.00003300,1.40059510,12.73110800,6.27269120,16.78107600,33.75293700,-16.55557800,58.76872600,-14.57863800,5.52608000,14.93355200,-2.71632980,-50.70087000,3.61603380,-53.25092300,28.33253000,-9.43954800,-5.21317770
519,1.56892049,-7.54766321,60.64511150,-17.71504846,1.54543121,87.24303675,2.76278850,-30.00006700,31.72629500,10.09248400,-0.54841670,-8.23427900,9.82321200,-75.33741000,-31.95497700,5.26929660,5.95159770,15.00003300,1.53036000,12.30955400,7.18889470,16.23097800,34.02349000,-16.22704500,58.80238700,-15.07770000,5.61976400,15.06315800,-2.01614830,-50.41445000,3.95837350,-53.45050000,28.50360500,-9.69219700,-5.29700570
520,1.55948448,-8.09317589,60.64544459,-17.59229658,1.45222484,86.99494462,2.49571080,-30.00006700,32.04186200,10.42509200,-0.46822380,-8.08161400,8.96000000,-75.52197000,-31.00474000,5.24406150,5.92391540,15.00003300,1.64790880,11.98719500,8.27689800,15.45285600,34.20410000,-16.12478300,58.88331200,-15.45502700,5.59064900,15.11520300,-1.52363700,-50.11212000,4.23308940,-54.00539000,27.71749900,-9.82020600,-5.45891200
521,1.57100618,-8.66761398,60.68230388,-17.37817360,1.39879787,86.82427212,2.05305840,-30.00006700,32.37544600,10.90365600,-0.37790470,-7.94163560,7.68480800,-75.82312000,-29.69386700,5.40612170,5.79834940,15.00003300,1.83291750,11.65138600,9.47226500,14.48074400,34.39267300,-16.14647700,58.97284000,-16.00480000,5.55748600,15.19263300,-0.70134040,-49.71447000,4.59932470,-54.57432000,26.60712800,-9.78799250,-5.79476300
522,1.60205817,-9.26438713,60.75358831,-17.08672222,1.35179666,86.65746048,1.56510730,-30.00006700,32.72964500,11.47146400,-0.28233975,-7.80534300,6.34471750,-76.16981000,-28.27395200,5.57656240,5.64635600,15.00003300,2.02439450,11.34621400,10.75219600,13.35579900,34.56460000,-16.25276200,59.05132700,-16.41848200,5.49858900,15.40292100,0.30320325,-49.33614300,5.01077030,-55.26085700,25.34769000,-9.86262800,-6.31077700
523,1.64546132,-9.87451935,60.79943111,-16.70724115,1.27514690,86.48070379,0.97973925,-30.00006700,33.16678600,12.34833100,-0.37346720,-7.64755340,5.20541300,-76.52923600,-26.95549800,5.57206340,5.57036500,15.00003300,2.20881060,11.07524600,12.10665600,12.09829300,34.73735000,-16.43604900,59.06652500,-16.53267100,5.43606200,15.77868600,1.24319740,-48.99493000,5.44914960,-55.96263000,24.05734600,-10.14374400,-6.91732170
524,1.71271300,-10.48985577,60.89487582,-16.21884710,1.20199063,86.59617839,0.33936584,-30.00006700,33.75090000,13.23028500,-0.53650516,-7.44230500,3.89411380,-76.98040000,-25.49515200,5.75193260,5.44076400,15.00003300,2.30276920,10.77333200,13.53895700,10.57288600,34.94181000,-16.77626000,58.89365800,-16.32266000,5.52449700,16.18318700,1.61740620,-48.69720500,5.78722600,-56.21634700,22.88117600,-10.44158800,-7.26614700
525,1.80161166,-11.10002518,60.97011578,-15.74226162,1.17023292,86.64239499,-0.35656172,-30.00006700,34.26869200,14.15473900,-0.73450020,-7.13991070,2.21667960,-77.40227500,-23.53690500,6.00079870,5.28625200,15.00003300,2.51814560,10.39126700,15.02183700,8.62640000,35.33430000,-17.13804600,59.09127000,-16.57402200,5.49185850,16.44635000,1.58331470,-48.21092000,6.10498570,-55.96264600,21.88039600,-10.93584300,-7.21768950
526,1.90315104,-11.69580364,61.03793373,-15.26403493,1.26565163,86.64479363,-1.10880230,-30.00006700,34.79505500,15.09050300,-0.86524624,-6.84098240,0.30759135,-77.84620000,-21.38947100,6.28885800,5.20976160,15.00003300,2.63318000,10.06716250,16.66644900,6.79859260,35.67828800,-17.24502200,59.11125600,-17.04160100,5.38204200,16.88096400,1.40439640,-47.86177400,6.40727950,-55.76077700,20.63001400,-11.44353300,-7.35224800
527,2.01335406,-12.27251434,61.12001692,-14.76034962,1.48665574,86.56329608,-1.89823010,-30.00006700,35.34586300,16.00049800,-0.96065230,-6.58115340,-1.75253880,-78.28734000,-19.18657300,6.51991030,5.22866340,15.00003300,2.70095970,9.79975900,18.38687700,5.03641200,35.98608800,-17.26094000,59.03638000,-17.62532600,5.17256980,17.53705400,1.13866670,-47.61407500,6.77934550,-55.65254000,19.17710900,-12.01729900,-7.82060960
528,2.13884926,-12.82733536,61.25530821,-14.18464317,1.82929862,86.36426962,-2.71952750,-30.00006700,35.83817700,16.88211600,-1.17002120,-6.37544970,-3.98087800,-78.70215000,-16.98502200,6.75060030,5.18326850,15.00003300,2.77426720,9.57644800,20.06490500,3.20611640,36.30928400,-17.34470000,59.02437000,-18.07025500,4.79157600,18.35666500,1.01453300,-47.42270300,7.22134160,-55.79535300,17.94455700,-12.93213600,-8.68798350
529,2.26934814,-13.35077286,61.37736818,-13.57705080,2.22709429,86.25913692,-3.60569800,-30.00006700,36.41643500,17.83006500,-1.34268900,-6.15589860,-6.49000200,-79.21393000,-14.53097500,7.05095000,5.14043950,15.00003300,2.89764500,9.32151400,22.11236000,0.90247864,36.66256700,-17.60225100,58.99780700,-18.74212300,4.69847440,19.05508200,0.18813470,-47.26920300,7.68886660,-55.65640600,15.97516000,-13.59209300,-9.31883050
530,2.40972590,-13.85709667,61.47852849,-13.04041652,2.75485214,86.08319144,-4.51838000,-30.00006700,36.91623300,18.68463100,-1.43138110,-5.94684840,-9.21832900,-79.63436000,-11.90344200,7.33672860,5.10074600,15.00003300,2.97347860,9.03148650,24.04478000,-1.28452360,37.02983500,-17.63802000,59.12381000,-19.55337100,4.53127960,19.40236900,-0.66468906,-47.14880800,8.06322100,-55.28809400,14.81951000,-14.64250900,-10.15350200
531,2.55612803,-14.34914494,61.57205975,-12.53441533,3.35020705,85.79025717,-5.42668500,-30.00006700,37.36686300,19.48398800,-1.50041120,-5.76883000,-12.29451300,-79.96693000,-8.90837400,7.63315770,5.06032100,15.00003300,3.02970650,8.72953000,25.93807200,-3.33645630,37.40482700,-17.45318200,59.34809000,-20.45118500,4.36836900,19.72496200,-1.57575760,-47.04967000,8.42708400,-54.90054000,14.11349300,-15.75519200,-11.11367000
532,2.70334148,-14.82942963,61.67004048,-11.99928460,3.93349614,85.36465580,-6.30661440,-30.00006700,37.82036200,20.29818000,-1.63194010,-5.63817450,-15.87696400,-80.23778500,-5.32343700,7.97644300,5.01449100,15.00003300,3.10123400,8.43482600,27.90337800,-5.32732730,37.76730000,-17.13509200,59.63154000,-21.39690600,4.31115530,20.40666400,-2.66970730,-46.93806000,8.91416300,-54.67175300,13.30623200,-16.50130800,-12.05755500
533,2.84172416,-15.29330349,61.75949921,-11.47011661,4.46515034,85.32376129,-7.23810200,-30.00006700,38.24569300,21.10785300,-1.77327000,-5.51123430,-19.05252300,-80.63886000,-2.39433600,8.31846800,5.03374340,15.00003300,3.07068100,8.10773400,29.79380200,-7.36647030,38.16559600,-16.92422300,59.88292300,-22.58331000,4.10502960,20.98159400,-3.50554750,-46.81620400,9.19933400,-54.32182300,12.82094800,-17.49208000,-12.74369700
534,2.97554302,-15.74710655,61.82426881,-10.96251518,5.46598554,84.99504269,-8.60349500,-30.00006700,38.72491500,21.89687200,-1.85129260,-5.28364660,-23.42797500,-80.91527000,1.35678280,8.65951800,5.11699440,15.00003300,3.46025500,7.77698040,29.79380200,-9.79339000,38.39084600,-18.11531300,61.46899400,-23.80376200,3.76364760,21.45612300,-4.79851300,-46.48942600,10.43743800,-52.44250500,12.23200700,-18.58128000,-13.69260500
535,3.10281110,-16.19509125,61.88103118,-10.46908774,6.50212512,84.60974473,-9.96970100,-30.00006700,39.15379000,22.68586200,-1.90003840,-5.07608650,-27.91966800,-81.11622000,5.24046560,8.97301800,5.15920350,15.00003300,3.83833120,7.42298170,29.79380200,-12.19810200,38.48005000,-19.34741000,63.19766200,-24.80419300,3.41151500,22.02048500,-6.17277100,-46.04250300,11.80188750,-50.53527000,11.44486400,-19.59072500,-14.57101100
536,3.22114778,-16.63478279,61.92925078,-9.99560443,7.53653320,84.26749692,-11.34378900,-30.00006700,39.51079600,23.47773400,-1.91448590,-4.92552760,-33.85085300,-81.18929000,10.51937600,9.90855500,4.73030850,15.00003300,4.16316840,7.05817270,29.79380200,-14.49705900,38.47629500,-20.50716400,65.00091000,-25.65196400,3.19067100,22.55945000,-7.44656900,-45.55926500,13.18753500,-48.73930400,10.68373400,-20.45206500,-15.22446500
537,3.31650853,-17.05894089,61.92107277,-9.63863458,8.52436426,84.05089065,-12.64740600,-30.00006700,39.83183000,24.18546100,-1.89754860,-4.72158960,-40.34486400,-81.20019500,16.22190700,11.16932500,4.15433400,15.00003300,4.33286760,6.70786900,29.79380200,-16.87142400,38.38374700,-21.59495700,67.10921000,-27.20192700,2.95360180,22.50804000,-9.03061000,-44.98469000,14.44895700,-46.74534000,10.75089000,-21.02373300,-15.26770700
538,3.40379190,-17.47228432,61.95999125,-9.20279160,9.45638575,83.72138019,-13.95692350,-30.00006700,40.08575000,24.91099400,-2.00675420,-4.62263100,-46.38927000,-80.97534000,21.74643100,12.22351200,3.70822170,15.00003300,4.56882000,6.35067560,29.79380200,-19.18710900,38.27755000,-22.78135700,69.07927000,-28.80482900,2.38385460,22.46653700,-10.54265300,-44.42280200,15.74465600,-44.81258000,10.90295800,-21.89469300,-15.09763500
539,3.47426844,-17.86477852,61.98638206,-8.76039455,10.52512394,83.40312194,-15.30387700,-30.00006700,40.36833000,25.65314900,-2.09637740,-4.50293400,-52.51090200,-80.73307000,27.18357000,13.29158700,3.25726560,15.00003300,4.75228900,6.02407550,29.79380200,-21.15673000,38.12069000,-23.87727500,70.66455000,-29.99300600,1.85663100,22.84369300,-11.82892600,-43.85361500,17.02371000,-43.15139400,10.17984300,-22.57524300,-15.37027900
540,3.52570820,-18.23558426,61.98352500,-8.35321696,11.67947777,83.09481391,-16.65445100,-30.00006700,40.67062000,26.37884100,-2.13740920,-4.34283000,-58.80015000,-80.42170000,32.62358500,14.45897000,2.77548170,14.93261300,4.86676070,5.71745500,29.79380200,-22.80905000,37.90844000,-24.87891400,71.97771000,-30.80043600,1.40824000,23.51147000,-12.91080950,-43.25437000,18.21334000,-41.70879700,8.92409900,-22.98499500,-16.05736400
541,3.56191659,-18.59259605,61.95497256,-8.03031250,12.69636784,82.65452715,-17.96008500,-30.00006700,40.96056000,26.98470500,-2.14101220,-4.18349170,-65.25809500,-79.69094000,38.26653300,15.97282500,2.21557970,14.47466300,5.01158400,5.35076670,29.79380200,-24.33981500,37.68985400,-25.88425600,73.34212000,-31.65545300,0.92309403,23.84839000,-13.88240500,-42.61380000,19.13142400,-40.29569000,8.64294500,-23.29876500,-16.63347200
542,3.57536340,-18.91983986,61.94988354,-7.60921826,13.79610434,82.30944820,-19.33785800,-30.00006700,41.37700700,27.60987300,-2.12122130,-4.06022400,-71.70745000,-78.86558000,43.81668500,17.54956600,1.64825210,13.92702000,5.08536240,4.95135930,29.79380200,-25.64855000,37.44225000,-26.69065300,74.59006500,-32.49981000,0.47131717,23.84403000,-15.02438800,-42.01535400,19.95431700,-38.76339000,8.11328100,-23.57361200,-16.18072500
543,3.56763268,-19.22546387,61.92545623,-7.23656389,14.83388645,82.05920554,-20.71353500,-30.00006700,41.71233000,28.22039000,-2.12777730,-3.96938800,-77.30908000,-77.91373400,48.62981000,19.17143000,1.05005700,13.48218400,5.23089270,4.65457800,29.79380200,-26.77690900,37.15577300,-27.31791300,75.51836400,-33.35542700,-0.01438555,24.20494000,-15.83354800,-41.43081700,20.69472700,-37.42425500,7.75440030,-23.81168200,-16.44838700
544,3.53582358,-19.50957489,61.89005936,-6.88507646,15.79855372,81.90486849,-22.05657000,-30.00006700,42.02057300,28.81887200,-2.14108660,-3.88212400,-82.30308000,-76.88427000,52.88204200,20.84519800,0.42411510,13.05199100,5.39152700,4.40464260,29.79380200,-27.79178200,36.84971600,-27.84898600,76.25404000,-33.97199200,-0.39685535,24.69938000,-16.48622000,-40.84846500,21.33488300,-36.14616000,7.44697430,-24.02207800,-17.04394700
545,3.47732496,-19.77233315,61.85465344,-6.50844085,16.69238909,81.84113977,-23.33912500,-30.00006700,42.38871800,29.41064300,-2.13359210,-3.76519540,-87.07945000,-75.79597500,56.86768300,22.60460300,-0.22686432,12.51108500,5.46859200,4.10913850,29.79380200,-28.72049000,36.56348800,-28.34451000,76.94099000,-34.09880400,-0.50778097,24.97423600,-17.24478000,-40.26764000,21.87074900,-34.75556600,7.02463100,-24.23581700,-17.29622300
546,3.37790728,-20.00944138,61.73703467,-6.34548125,17.27945906,81.74934892,-24.41512900,-30.00006700,42.63020700,29.91996400,-2.14631820,-3.68982500,-90.79092400,-74.80427600,59.99951000,24.09871000,-0.62616750,12.15364000,5.47915700,3.72969500,29.79380200,-29.46563000,36.29740500,-28.59310200,77.76697000,-34.98315000,-0.84843780,24.93437000,-18.02971600,-39.77089700,22.37703100,-33.34454700,7.39834930,-24.72388800,-16.53134700
547,3.25415921,-20.22400856,61.61475353,-6.18746060,17.95121532,81.73135951,-25.45719000,-30.00006700,42.89727000,30.39776200,-2.15492080,-3.58351020,-94.12403000,-73.85477000,62.78117800,25.48716700,-1.07214860,11.87418650,5.54815400,3.47595000,29.79380200,-29.93369900,36.02441400,-28.64278000,78.37304000,-35.74306000,-1.06361130,25.24354200,-18.46651000,-39.27380800,22.89284700,-32.27631000,7.26459840,-24.71967500,-16.70580000
548,3.10797882,-20.42090988,61.46771136,-6.08673617,18.60993162,81.70097053,-26.44753300,-30.00006700,43.12577400,30.85463700,-2.19093370,-3.48945900,-96.97491500,-72.95653000,65.14930000,26.73138800,-1.50111590,11.67651500,5.58323340,3.27451700,29.79380200,-30.25630200,35.76085700,-28.68757800,78.82006000,-36.57114800,-1.37752300,25.74575000,-18.94008600,-38.78385000,23.31950600,-31.26764900,6.92092750,-24.62026000,-16.96342500
549,2.94141769,-20.60337067,61.29284280,-6.04584716,19.20974974,81.62107076,-27.39414800,-30.00006700,43.30285600,31.31151600,-2.25994040,-3.41688230,-99.37986000,-72.10238000,67.15820000,27.83857700,-1.87984140,11.53311100,5.53354600,3.04709670,29.79380200,-30.50265700,35.52867000,-28.83901800,79.21470000,-37.53803300,-1.85108170,26.22882700,-19.64447400,-38.34415400,23.62325500,-30.18140200,6.60558560,-24.71658300,-16.84420400
550,2.75680065,-20.77082443,61.14753177,-5.87499325,19.82561094,81.60474591,-28.38822200,-30.00006700,43.58759700,31.85465400,-2.27915550,-3.25351900,-101.74091000,-71.19518000,69.20134000,28.96818700,-2.23632500,11.27487700,5.39611530,2.59290220,29.79380200,-30.64515100,35.34565700,-29.03958000,80.10643000,-38.34478400,-2.02881770,26.04604500,-20.60241700,-37.99732600,24.08797800,-28.95871000,6.64380030,-25.26289200,-16.71275900
551,2.55781126,-20.93159676,60.98351296,-5.79607690,20.23768351,81.63125838,-29.22050000,-30.00006700,43.80592300,32.32301700,-2.32566430,-3.18821840,-103.73307000,-70.35118000,70.92168000,30.02427700,-2.50424980,11.14652200,5.24256100,2.25456700,29.79380200,-30.68162500,35.19621300,-29.15492600,80.68188500,-38.99025000,-2.40005610,26.27253300,-21.31090700,-37.73060000,24.40384000,-27.88150600,7.10171200,-25.36888900,-16.20566400
552,2.35254884,-21.08805275,60.82048373,-5.72755317,20.65529590,81.67129296,-30.01000200,-30.00006700,44.03203000,32.75412800,-2.36562510,-3.11086200,-105.59624500,-69.54277000,72.51184000,31.00541300,-2.75159570,11.02612700,5.14432600,2.00357990,29.79380200,-30.67258800,35.05641600,-29.15332600,81.12634000,-39.76892000,-2.78626300,26.57994700,-21.83932000,-37.51026500,24.69646000,-27.04905300,7.03303860,-25.33171500,-15.95598900
553,2.14376926,-21.24277687,60.65641156,-5.66045242,21.06540115,81.68043920,-30.77715500,-30.00006700,44.25718700,33.18395000,-2.39277800,-3.00435450,-107.37672400,-68.74401000,74.03668000,31.93038700,-2.98782730,10.89290600,5.06761200,1.79222270,29.79380200,-30.62910500,34.91580600,-29.03033800,81.47124500,-40.80113000,-3.20006180,26.91345200,-22.28306800,-37.29910700,24.99864200,-26.36173400,6.64907100,-25.26153400,-15.87349700
554,1.93286407,-21.40063286,60.47025034,-5.63147558,21.28517776,81.56576402,-31.49398600,-30.00006700,44.40485000,33.68233000,-2.41708900,-2.90734050,-109.01754000,-67.91323000,75.51889000,32.84477600,-3.18488720,10.78274100,4.89117530,1.51740120,29.79380200,-30.54240400,34.78186000,-28.81882700,81.64065000,-42.18670300,-3.79700880,27.36062600,-22.76987000,-37.07018700,25.26322600,-25.55878400,7.19029100,-25.21173900,-15.26629600
555,1.73604381,-21.56144142,60.36010343,-5.47908717,21.50673892,81.72740637,-32.12462000,-30.00006700,44.66481000,34.06956500,-2.47028450,-2.88822800,-110.57310000,-67.15145000,76.88629000,33.72654000,-3.40631560,10.61747100,4.73870400,1.27764310,29.79380200,-30.32866100,34.66213200,-28.67590000,82.03486000,-42.69838300,-4.07206900,27.54950100,-22.86327600,-36.89993300,25.61625100,-25.02202600,6.72640940,-25.21492400,-15.19729800
556,1.54918766,-21.72782326,60.26986858,-5.32082719,21.59939066,81.87681182,-32.71815000,-30.00006700,44.85940600,34.46687000,-2.45268940,-2.89078620,-111.87396000,-66.41513000,78.12421000,34.52598600,-3.57256720,10.56979100,4.62139300,1.07865860,29.79380200,-30.07426500,34.52284600,-28.46380400,82.27780000,-43.24875000,-4.37963770,27.52633300,-22.94178200,-36.71159000,25.74303600,-24.48673200,6.35788200,-25.16125300,-15.14635700
557,1.37384486,-21.89886475,60.18548490,-5.15870592,21.60494451,82.07356626,-33.30478000,-29.98684500,45.03782700,34.89381800,-2.42568600,-2.91017200,-113.08980600,-65.67224000,79.32053000,35.33696700,-3.73649240,10.53085100,4.50429900,0.88660700,29.79380200,-29.86463500,34.37591000,-28.27302200,82.47852000,-43.88735200,-4.71302750,27.45273400,-23.10468100,-36.49403400,25.73668100,-23.92668200,6.18059160,-25.06678000,-14.89811300
558,1.21181095,-22.07275772,60.09704686,-4.97768988,21.60004490,82.42067578,-33.91097300,-29.95731000,45.27628700,35.33390800,-2.46613500,-2.94366500,-114.43559000,-64.88452000,80.56654000,36.26877200,-3.96563530,10.34745500,4.33635700,0.65992050,29.79380200,-29.75104100,34.26559000,-28.20078700,82.76277000,-44.55095700,-5.01193050,27.52120400,-23.38576700,-36.29523500,25.75776900,-23.39738000,6.17464070,-24.96668200,-14.28782750
559,1.07273006,-22.25116730,60.02533792,-4.81051681,21.56580885,82.64642565,-34.40530000,-29.92116500,45.49674600,35.72672000,-2.51272600,-2.95880940,-115.52882000,-64.20302000,81.65540000,36.97423000,-4.04280200,10.31781600,4.15941200,0.40767533,29.79380200,-29.54123000,34.17553700,-27.85859100,82.81987000,-44.80778500,-5.18487300,27.56880200,-23.41559600,-36.15282000,25.87873600,-22.98567400,5.88273000,-24.75228000,-13.79205500
560,0.95110202,-22.43230438,59.97424188,-4.61884442,21.54995380,83.01875312,-34.90600600,-29.89537400,45.72881300,36.05844500,-2.47867010,-2.98859430,-116.54485000,-63.55525000,82.66549000,37.67303500,-4.23265840,10.25415800,3.92126300,0.12892616,29.79380200,-29.31209400,34.13544500,-27.56298800,82.98711400,-45.26330000,-5.24999600,27.55797200,-23.68366800,-36.11479600,26.03633500,-22.51191000,5.71348100,-24.38880300,-13.31159000
561,0.84534091,-22.61864662,59.95687968,-4.36455230,21.35904222,83.39769055,-35.31722000,-29.86532200,45.95009200,36.41811800,-2.46552600,-3.01518940,-117.45175000,-62.87877300,83.65361000,38.38539000,-4.42639350,10.18797700,3.68018670,-0.12278999,29.79380200,-29.07562300,34.12153200,-27.28896000,83.06859000,-45.91941500,-5.43237200,27.61765000,-24.00164400,-36.13862600,26.20419000,-22.06694400,5.81257440,-24.10376400,-12.86285800
562,0.75473422,-22.81040764,59.97190038,-4.04332406,20.93752786,83.72095019,-35.60497700,-29.82620800,46.15552500,36.82879300,-2.51776400,-3.03227000,-118.25864000,-62.15820300,84.64616400,39.10491600,-4.56156400,10.13525200,3.41990350,-0.32098350,29.79380200,-28.76824400,34.12619800,-26.93159100,82.92807000,-46.58830000,-5.82017660,27.79641300,-24.28567000,-36.21869700,26.43063200,-21.70989800,6.14390850,-24.00932000,-12.51940800
563,0.68432641,-22.99943161,59.98665795,-3.76632115,20.71106678,84.20262093,-35.92849300,-29.79534300,46.39201000,37.09060000,-2.51292400,-3.07542320,-119.19353000,-61.56246600,85.62024000,39.71766000,-4.69987500,10.06191700,3.16547660,-0.54397500,29.79380200,-28.47702000,34.13572700,-26.62251300,82.83597600,-46.23630000,-5.99191140,27.88254200,-24.33111600,-36.27791000,26.52017800,-21.54760400,5.80845900,-23.88584000,-12.45903500
564,0.63412505,-23.19109344,60.02800826,-3.49426354,20.33722163,84.50225534,-36.19639200,-29.67614600,46.59848800,37.48991800,-2.57130530,-3.11471340,-119.74477000,-60.92437000,86.32573000,40.33300800,-4.77833600,10.06608100,2.90929750,-0.77155120,29.79380200,-28.17378000,34.16843000,-26.36829200,82.62797500,-46.29499000,-6.22201000,27.92178200,-24.52909300,-36.40994300,26.75951400,-21.33923300,5.67803300,-23.74595800,-12.25411000
565,0.60021549,-23.38066483,60.06661561,-3.41060778,20.04253008,84.70270367,-36.58488000,-29.28151500,46.81671000,38.16358600,-2.76357980,-3.13945600,-120.00548600,-60.27039300,86.62989000,41.04460500,-4.94881530,10.04387800,2.82946200,-0.82228250,29.79380200,-27.97584700,34.21019400,-26.26159500,82.35441600,-46.50531400,-6.51742360,28.15219000,-24.72865900,-36.58284400,26.83636300,-21.20164000,5.13129300,-23.54541000,-12.27516600
566,0.58154261,-23.56576920,60.11915807,-3.28538092,19.81223943,84.93682162,-37.00723000,-28.89794700,47.04039400,38.81461000,-2.94153450,-3.15021750,-120.30145000,-59.62470600,86.94560000,41.73927300,-5.14256300,10.00093700,2.78744400,-0.85246885,29.79380200,-27.88142400,34.25166700,-26.26049000,82.09000400,-46.84796500,-6.84673450,28.58579400,-24.94073900,-36.76720000,26.78409800,-21.13528000,4.33683250,-23.27831500,-12.45718600
567,0.58638799,-23.74834442,60.06206434,-3.11306806,19.39247698,85.09495882,-38.18085500,-29.81150000,45.07498600,38.27224300,-2.67359520,-6.40898100,-120.08865000,-58.96722000,86.92844400,42.53943600,-5.37901450,9.97186800,2.89640160,-0.74007150,29.79380200,-27.95988700,34.26368000,-26.41614500,81.94619000,-47.47454000,-7.07336400,29.05941800,-25.07879400,-36.95460500,26.65111000,-21.13462000,4.21755030,-22.97573900,-12.33111500
568,0.61419213,-23.92706490,59.78013708,-3.85588280,19.07926992,84.81505492,-39.85026000,-30.00006700,42.63644000,38.60410300,-3.08431120,-10.61043700,-118.94998000,-58.32491000,85.57364000,43.63635000,-5.78518700,9.84863100,3.42752300,-0.12064911,29.79380200,-28.10896500,34.22628000,-26.80056400,81.90700000,-47.25151400,-7.20737930,29.34675200,-25.06697500,-37.19047500,26.30807100,-21.23576500,3.63120460,-22.81229600,-12.33954100
569,0.65889537,-24.10004044,59.48903461,-4.54563903,18.79923663,84.56521915,-41.51210800,-30.00006700,40.41982700,39.16073000,-3.97068070,-14.76840000,-117.67216000,-57.63931300,84.04829400,44.74020000,-6.24555870,9.71092000,4.18034200,0.60437065,29.79380200,-28.45345700,34.10020000,-27.32568000,82.00907000,-47.35407600,-7.16500600,29.16126800,-24.81008500,-37.48968000,25.89560900,-21.45921000,3.24008510,-22.70708700,-12.35222500
570,0.66500777,-24.28375626,59.05516529,-5.13632571,18.51438929,84.56887996,-42.92967600,-30.00006700,39.13172500,39.76062800,-4.99877500,-15.00003300,-116.65970600,-57.26265700,82.86803000,45.53339000,-6.55449340,9.67217400,4.70815100,1.33728800,29.79380200,-28.75422100,33.94483600,-27.86442200,82.02053000,-47.46580000,-7.15952350,29.07698000,-24.58409900,-37.78275300,25.41937400,-21.70460300,2.91111900,-22.47876200,-12.42067050
571,0.66984880,-24.45371819,58.52781854,-5.84134084,18.09493524,84.45967792,-44.10397700,-30.00006700,37.95799300,40.38059600,-5.98227360,-15.00003300,-115.68719500,-56.93004200,81.78419500,46.19970000,-6.77253060,9.74511600,5.23152160,2.07690830,29.79380200,-28.92710900,33.73433000,-28.56838600,81.79471600,-47.06134000,-7.45962800,29.84600600,-24.40215500,-38.13426000,24.60368500,-22.02663400,2.40715300,-21.92286300,-12.62885000
572,0.69364661,-24.60754013,58.11736697,-6.25476841,17.77056719,84.35983290,-45.11837800,-30.00006700,37.08643700,40.89427000,-7.06280140,-15.00003300,-112.96784000,-56.21862800,81.04903400,46.96075000,-7.36073060,9.19053600,5.76318400,2.70966360,29.79380200,-29.39007000,33.47932400,-29.10549400,81.88965000,-47.15669300,-7.41861720,29.78274200,-24.28387600,-38.56714600,24.18156000,-22.33619300,2.57497290,-21.91506000,-12.24322400
573,0.72237676,-24.74689865,57.70690845,-6.63258412,17.37929272,84.27387099,-45.97009000,-30.00006700,36.31968000,41.36873200,-8.13289800,-15.00003300,-110.51490000,-55.50216300,80.46180000,47.66229200,-7.80954900,8.64089800,6.30187270,3.31443790,29.79380200,-29.84780900,33.20514300,-29.56149100,81.95409000,-47.42104000,-7.36133340,29.58474300,-23.90929000,-39.00568000,23.78661200,-22.68260400,2.75722460,-21.74119800,-12.20296000
574,0.75722241,-24.87075043,57.31989239,-6.97022059,17.02856412,84.23640290,-46.68631000,-30.00006700,35.71269200,41.76281700,-9.03039500,-15.00003300,-108.69872000,-54.88856500,80.01538000,48.23991400,-8.11451600,8.23776500,6.72563200,3.79037880,29.79380200,-30.24131400,32.94970300,-30.08654800,82.00363000,-47.56142000,-7.50323500,29.25236300,-23.59025400,-39.40410000,23.28145200,-22.98982200,3.06657650,-21.47779300,-12.21299100
575,0.79827470,-24.97990799,56.96676913,-7.26836467,16.76310625,84.26469320,-47.31567800,-30.00006700,35.25214000,42.07237200,-9.72603600,-15.00003300,-107.39057000,-54.37951700,79.68922000,48.71110500,-8.35128800,7.97420260,7.00010540,4.10950850,29.79380200,-30.55240400,32.74088300,-30.71786500,82.02952000,-47.45434600,-7.91264060,28.87574000,-23.48477700,-39.74106200,22.62008300,-23.21400600,3.51780700,-21.17473200,-12.09379600
576,0.84141511,-25.07729530,56.58272345,-7.48342961,16.36633145,84.33272004,-47.96286400,-30.00006700,34.76263000,42.45835000,-10.78694600,-15.00003300,-105.01517000,-53.58277000,79.44126000,49.36368000,-8.81122100,7.44547500,7.47799970,4.52038860,29.79380200,-30.99980500,32.53289800,-31.03934000,81.95147000,-47.60650000,-8.05791500,29.09240700,-23.13133600,-40.09089300,22.05458000,-23.45694700,3.68846080,-20.81390200,-11.99336400
577,0.89102203,-25.15542793,56.31588643,-7.69694451,16.13766306,84.38228660,-48.35567500,-30.00006700,34.41991400,42.66214000,-11.39879000,-15.00003300,-103.92827000,-53.18879700,79.24484000,49.70181700,-9.02392700,7.25427200,7.78055500,4.80758950,29.79380200,-31.36670300,32.34972800,-31.50537900,82.00192000,-47.61560400,-8.25548200,29.14753300,-22.85093700,-40.38169000,21.65039600,-23.69949300,4.23640780,-20.89470100,-12.15272800
578,0.94336152,-25.22222900,56.09760300,-7.84181451,15.93458403,84.48666163,-48.67813000,-30.00006700,34.16741000,42.82009000,-11.90405100,-15.00003300,-102.90463000,-52.81308700,79.14352400,50.03080400,-9.21411400,7.03795900,8.02696800,5.05129240,29.79380200,-31.71810000,32.19099000,-31.85454200,81.97838600,-47.46127300,-8.26452100,29.07347300,-22.61451000,-40.62057500,21.23547200,-23.86922300,4.65234570,-20.89227000,-12.26130400
579,1.00374603,-25.27857399,56.13780048,-7.67212929,15.78846092,84.85567104,-48.64978400,-30.00006700,34.30258000,42.74186300,-11.79546400,-15.00003300,-102.15735000,-52.58368700,79.56164000,50.28708300,-9.37229000,6.77191100,7.97989000,5.06916570,29.79380200,-32.00912000,32.06937000,-32.00137700,81.88598000,-47.12745300,-8.10735800,28.91796100,-22.50471700,-40.81659700,20.93916900,-23.93993600,4.71965460,-20.75853300,-12.39925600
580,1.06364954,-25.32295036,56.15427361,-7.59371605,15.69897130,85.15740883,-48.63757300,-30.00006700,34.37831500,42.65796000,-11.67843400,-15.00003300,-101.83494600,-52.49817700,79.78114000,50.43333000,-9.47877700,6.65521340,7.92540260,5.10572400,29.79380200,-32.24086400,31.97639700,-32.21668000,81.86890000,-46.58207700,-8.02072100,28.79776600,-22.48348000,-40.97982400,20.90699800,-23.98472200,4.22016200,-20.83099400,-13.03135800
581,1.11965823,-25.35951996,56.18624178,-7.46918422,15.55630151,85.41626844,-48.59779400,-30.00006700,34.46904400,42.61137400,-11.55863200,-15.00003300,-101.30570000,-52.33820700,80.09093000,50.62600700,-9.58142600,6.46456430,7.86457970,5.12775400,29.79380200,-32.38255700,31.89655500,-32.30786000,81.84115600,-46.17893000,-7.94493870,28.46055800,-22.54636600,-41.11601000,20.87858000,-24.04693600,3.97922400,-20.88291000,-13.35643700
582,1.17235732,-25.39162636,56.23207639,-7.32627270,15.39278869,85.62006951,-48.51452300,-30.00006700,34.55806000,42.57438300,-11.48233700,-15.00003300,-100.54523500,-52.13907600,80.42004000,50.82475700,-9.73038800,6.21741800,7.79985500,5.21286900,29.79380200,-32.46494300,31.80758000,-32.27351000,81.84305600,-46.30620600,-7.92848160,28.40809800,-22.66334300,-41.24067300,20.89680300,-24.18385100,4.24247100,-21.01564200,-13.23675500
583,1.22100675,-25.41996765,56.27840712,-7.18970314,15.20702806,85.79808740,-48.40096700,-30.00006700,34.63705400,42.54676000,-11.42037300,-15.00003300,-99.72291600,-51.93029400,80.74367500,51.02665300,-9.88219800,5.96257450,7.72036400,5.30510400,29.79380200,-32.48843000,31.73050000,-32.21342500,81.82052600,-46.53357700,-7.94930500,28.51221800,-22.80003400,-41.34110000,20.92554000,-24.30513000,4.67451520,-21.08396700,-13.06543100
584,1.26462317,-25.44525528,56.30920001,-7.08779469,14.99435739,85.99299873,-48.27739300,-30.00006700,34.69964200,42.52630600,-11.31478000,-15.00003300,-99.06491000,-51.74661000,81.04014600,51.22831300,-9.97163800,5.77626130,7.60983940,5.31746200,29.79380200,-32.44587000,31.69933700,-32.25735500,81.68828600,-46.21274000,-7.96719600,28.51365000,-22.91063100,-41.40455200,20.90939500,-24.28573600,4.77632300,-20.88625500,-13.40029500
585,1.30313694,-25.46858788,56.34041995,-7.00236309,14.83531562,86.06588300,-48.16433300,-30.00006700,34.73746500,42.52024500,-11.29349600,-15.00003300,-98.42428000,-51.59288800,81.27522000,51.36650500,-10.11634200,5.58249760,7.53259400,5.35416300,29.79380200,-32.49390400,31.66346400,-32.15329400,81.87202000,-46.01156000,-7.82576040,28.89113400,-23.11005400,-41.52154000,21.00231200,-24.37064200,5.10277650,-21.18336900,-12.96830800
586,1.33914030,-25.49206924,56.38203592,-6.88078701,14.72227907,86.20519496,-48.12076000,-30.00006700,34.80504200,42.50837300,-11.21241900,-15.00003300,-97.69266500,-51.37805600,81.52151000,51.56780600,-10.23402400,5.29640500,7.46828900,5.37198070,29.79380200,-32.52838000,31.63332600,-32.03507000,81.83388000,-45.83389000,-7.58684730,28.90978800,-23.14173500,-41.65563000,20.99984000,-24.39226000,4.92549560,-21.26729400,-13.28680500
587,1.37039709,-25.51537132,56.39372165,-6.85539472,14.61156963,86.32502412,-48.05542000,-30.00006700,34.81704700,42.48014500,-11.11503400,-15.00003300,-97.31860000,-51.29701200,81.62527000,51.66969300,-10.28896500,5.20646100,7.42602440,5.40607500,29.79380200,-32.56984700,31.62220400,-31.98186300,81.79134000,-45.66795300,-7.38855170,28.91676900,-23.09438100,-41.80729300,20.97563000,-24.36353300,4.60320900,-21.23422600,-13.68274700
588,1.39588094,-25.53891563,56.36395843,-6.96272435,14.47066513,86.37555600,-47.92114600,-30.00006700,34.74736800,42.43917000,-11.03034200,-15.00003300,-97.41337600,-51.40149300,81.55562600,51.61977400,-10.28243200,5.39943500,7.38665960,5.46032600,29.79380200,-32.59816400,31.64051400,-31.97848900,81.86156000,-45.51899300,-7.31612440,29.07856600,-23.09962500,-41.94727300,21.01956400,-24.28005600,4.39544200,-21.18827800,-13.71279700
589,1.41848028,-25.56726837,56.42145128,-6.77970269,14.29371873,86.45037360,-47.86141600,-30.00006700,34.84290300,42.48226500,-10.92316100,-15.00003300,-96.43976000,-51.06852300,81.88199000,51.89609000,-10.37942600,4.94738400,7.35682440,5.49815650,29.79380200,-32.50952500,31.62732000,-31.71125600,81.71980000,-45.52412400,-7.24827800,28.73059000,-23.12667000,-42.11020300,20.96639000,-24.42135000,4.33099650,-21.34870500,-13.69439400
590,1.43524742,-25.59817505,56.47787648,-6.60501538,14.07258784,86.51922255,-47.74102800,-30.00006700,34.93964000,42.50043500,-10.83528400,-15.00003300,-95.50438000,-50.79703000,82.21751400,52.11375800,-10.49011000,4.55643560,7.27287050,5.52507730,29.79380200,-32.39348200,31.59841700,-31.54840700,81.71175000,-45.89042300,-7.22237600,28.74971600,-23.21744500,-42.21968500,20.94033800,-24.47348600,4.75342750,-21.46031400,-13.70080000
591,1.44802749,-25.62902260,56.50266467,-6.51974251,13.93662120,86.57361429,-47.67194400,-30.00006700,34.99072300,42.50596600,-10.76159300,-15.00003300,-94.96818000,-50.63499500,82.43046600,52.24799000,-10.55553150,4.35966500,7.15224100,5.48434100,29.79380200,-32.26452600,31.58341400,-31.63953800,81.72132000,-45.86450000,-7.25578830,28.83749400,-23.30642100,-42.34501600,20.95080600,-24.46365200,4.77101600,-21.51234600,-13.98592800
592,1.45690882,-25.66024017,56.50040715,-6.50240840,13.87163869,86.63228253,-47.65252000,-30.00006700,35.01206000,42.50114400,-10.69767000,-15.00003300,-94.76420600,-50.55571400,82.55731000,52.32171200,-10.58319300,4.32096700,7.01244930,5.36625000,29.79380200,-32.14254400,31.60624700,-31.90567600,81.72264000,-45.47894300,-7.32524900,28.86923800,-23.38444000,-42.45200300,20.98815500,-24.40059700,4.37402770,-21.56187800,-14.38732800
593,1.45993662,-25.69572258,56.51134084,-6.41012076,13.70709334,86.75864987,-47.57235300,-30.00006700,35.09086600,42.48536000,-10.65927800,-15.00003300,-94.32271600,-50.43969000,82.83871500,52.43008800,-10.64227000,4.19189100,6.88598970,5.28063150,29.79380200,-32.07222000,31.62410500,-31.92027300,81.74729000,-45.56743000,-7.35300830,28.76901800,-23.43564200,-42.55415000,21.02353900,-24.36445000,4.47075560,-21.80485700,-14.22581900
594,1.45836198,-25.73143578,56.52282430,-6.37036649,13.63467346,86.77187191,-47.54481500,-30.00006700,35.11256400,42.48838000,-10.59449500,-15.00003300,-94.05720000,-50.33636000,83.02813000,52.49262000,-10.65767200,4.12974070,6.78163400,5.22932150,29.79380200,-31.91135600,31.66135800,-31.92727700,81.65280000,-45.34724400,-7.32950300,28.86660800,-23.47272700,-42.68811000,20.99241000,-24.47903400,4.12633660,-21.78568300,-14.45645800
595,1.45429671,-25.76854515,56.52872155,-6.33591043,13.53587008,86.79443191,-47.51155000,-30.00006700,35.13468600,42.49627000,-10.49535000,-15.00003300,-93.73573000,-50.23109400,83.21001400,52.55981000,-10.65620200,4.05879400,6.68408440,5.17513400,29.79380200,-31.79412300,31.69817500,-31.97178600,81.60786000,-45.39046000,-7.34714100,29.01795200,-23.49010500,-42.76310700,20.92430000,-24.49104700,3.98576260,-21.76815400,-14.72151100
596,1.44889927,-25.80622482,56.53005393,-6.29738468,13.42550339,86.84120856,-47.48310500,-30.00006700,35.16793400,42.50150300,-10.38068900,-15.00003300,-93.37609000,-50.12391300,83.40148000,52.63382700,-10.64503900,3.97743630,6.57579400,5.10899730,29.79380200,-31.68733200,31.73312200,-32.03627400,81.58218000,-45.53117800,-7.38011550,29.16239400,-23.47794300,-42.80264300,20.84076700,-24.43396800,3.88835430,-21.77040300,-15.03831900
597,1.44354641,-25.84299660,56.52938061,-6.25043767,13.34520477,86.91105092,-47.48345000,-30.00006700,35.21581300,42.49811600,-10.28273400,-15.00003300,-93.04517000,-50.01792500,83.61137000,52.70960200,-10.63096900,3.89678200,6.46024500,5.01308160,29.79380200,-31.54568900,31.77391600,-32.12799000,81.51309000,-45.43769500,-7.37021900,29.24367100,-23.36815800,-42.82124300,20.70754800,-24.43119600,3.47541930,-21.76259400,-15.46535600
598,1.44115961,-25.87724686,56.53542589,-6.21425707,13.30138793,86.90806192,-47.48875400,-30.00006700,35.23617600,42.50436800,-10.23005700,-15.00003300,-92.83295400,-49.95540200,83.76135000,52.72863400,-10.64590700,3.84408280,6.41930960,4.94990100,29.79380200,-31.51023700,31.78672800,-32.16242200,81.58864600,-45.73381400,-7.39865000,29.21059000,-23.34770600,-42.82935000,20.70317600,-24.51664500,3.23379400,-21.73105800,-15.30857100
599,1.44001687,-25.90903664,56.54041262,-6.13817797,13.19986806,86.98909849,-47.48193000,-30.00006700,35.29918000,42.51555000,-10.15223800,-15.00003300,-92.54137400,-49.83907300,84.04002000,52.83117300,-10.65512700,3.75847530,6.30325130,4.86286200,29.79380200,-31.41015000,31.80555000,-32.21661000,81.61698000,-45.64466500,-7.37553930,29.17750200,-23.29595000,-42.83675000,20.68093000,-24.59316400,2.85553220,-21.73181500,-15.30911000
600,1.44189692,-25.93792152,56.55502413,-6.02175853,13.06502852,87.10777170,-47.46793000,-30.00006700,35.38855400,42.53201300,-10.05579200,-15.00003300,-92.13369000,-49.69293200,84.38249000,52.97561300,-10.66907300,3.61327030,6.19614200,4.77394900,29.79380200,-31.28711100,31.84430100,-32.24493000,81.59282000,-45.60783400,-7.31738850,29.12470400,-23.10805900,-42.83067000,20.55587600,-24.71595400,2.50818100,-21.69768300,-15.37215800
601,1.44821811,-25.96309853,56.58358473,-5.88693299,12.94317322,87.20231454,-47.45512000,-30.00006700,35.47720700,42.54976000,-9.96625100,-15.00003300,-91.65365000,-49.54649000,84.70667000,53.11314800,-10.69578000,3.41550090,6.11262600,4.71832400,29.79380200,-31.18703000,31.85117100,-32.19589200,81.60770400,-45.87143700,-7.26094700,29.06102000,-22.93646400,-42.80848300,20.46747800,-24.80522700,2.27376530,-21.59918200,-15.45540200
602,1.46201491,-25.97743034,56.59116935,-5.92526569,13.12419205,87.06370484,-47.56112700,-30.00006700,35.42009700,42.56276300,-10.04191700,-15.00003300,-91.73031000,-49.50523800,84.71673600,53.10073000,-10.74495700,3.41801380,6.10814000,4.70336000,29.79380200,-31.16052200,31.87387800,-32.28566700,81.78335600,-45.80827000,-7.19767500,29.17359700,-22.93654300,-42.79884300,20.59885000,-25.17887300,1.79195300,-21.58300200,-15.38561300
603,1.47908521,-25.99157143,56.63262721,-5.76171499,13.07896712,87.18142629,-47.58658600,-30.00006700,35.53084000,42.55903200,-10.02155400,-15.00003300,-91.84667000,-49.45810700,84.92161600,53.16743500,-10.71295200,3.39612840,6.01693060,4.60240100,29.79380200,-31.04441000,31.87432900,-32.30025000,81.82098000,-45.85643800,-7.15877100,28.92754000,-22.69135900,-42.77750000,20.66372900,-25.32769600,1.43607410,-21.53023000,-15.54519600
604,1.49815834,-26.00291061,56.66549212,-5.63448118,12.99256254,87.27330053,-47.57448200,-30.00006700,35.60724000,42.56850000,-9.98109200,-15.00003300,-91.90390000,-49.42126000,85.10360000,53.22883000,-10.68359850,3.39284300,5.93810940,4.56761740,29.79380200,-30.92076000,31.86559700,-32.24894300,81.86021400,-46.06742500,-7.10941550,28.75414800,-22.43624900,-42.73855200,20.65008500,-25.45891800,1.17372100,-21.24325600,-15.65403100
605,1.51902080,-26.01063919,56.68275122,-5.57913482,12.92880368,87.30193092,-47.54903400,-30.00006700,35.62948600,42.58344000,-9.95643600,-15.00003300,-91.93004000,-49.39875000,85.22636400,53.26963800,-10.67708200,3.41790530,5.87943650,4.55833860,29.79380200,-30.82408100,31.84976200,-32.15771000,81.96637000,-46.35360700,-7.07826470,28.74631500,-22.25277700,-42.58534000,20.55235300,-25.57279800,1.00989020,-20.82794600,-15.62933600
606,1.54317820,-26.01683044,56.70954307,-5.44651111,12.89196593,87.47041271,-47.60389700,-30.00006700,35.72648200,42.58408700,-9.87456300,-15.00003300,-92.04516600,-49.37308000,85.43205000,53.35200500,-10.67157400,3.42440580,5.73853800,4.39510250,29.79380200,-30.69256000,31.84405700,-32.14577500,82.02396000,-46.48860500,-7.14439250,28.68391800,-22.10635600,-42.43848400,20.48578300,-25.56744400,1.07312600,-20.83407800,-15.78911500
607,1.57095730,-26.02214813,56.75813804,-5.33899524,12.93096553,87.46086071,-47.65599000,-30.00006700,35.75649300,42.60978000,-9.87427700,-15.00003300,-92.12913000,-49.30325700,85.49906000,53.41636700,-10.70597500,3.37443160,5.72063600,4.31932800,29.79380200,-30.54557400,31.81704500,-32.19462600,82.13383500,-46.58282000,-7.04480200,28.65362200,-21.98451400,-42.34182000,20.67487500,-25.67089800,0.75204366,-20.90580600,-16.12029000
608,1.59826219,-26.02932167,56.79362246,-5.24446634,12.92995979,87.47351769,-47.67856200,-30.00006700,35.79616500,42.61957600,-9.87153300,-15.00003300,-92.18896000,-49.25168200,85.58147400,53.46617500,-10.72926600,3.34302280,5.63820930,4.21483700,29.79380200,-30.33844600,31.75256700,-32.27873600,82.29648000,-46.55417600,-7.02039530,28.51909400,-21.91766000,-42.17205400,20.84470600,-25.61248400,0.50424580,-20.94171500,-16.33129900
609,1.62501609,-26.03853416,56.82322254,-5.15977276,12.90439369,87.49440377,-47.67477400,-30.00006700,35.83757000,42.61915200,-9.87513800,-15.00003300,-92.22237400,-49.22101200,85.65736400,53.49973700,-10.75711600,3.31666370,5.56062400,4.10999800,29.79380200,-30.12217100,31.67899900,-32.24946000,82.45463600,-46.48010300,-6.92168140,28.42023300,-21.76392600,-42.00346400,20.91572000,-25.48214700,0.19911860,-20.87484200,-16.39984500
610,1.65202641,-26.04949188,56.86422766,-5.08033554,12.89618683,87.45854231,-47.65011200,-30.00006700,35.85486200,42.62581600,-9.92780000,-15.00003300,-92.22269400,-49.19707500,85.66659000,53.51558700,-10.82353800,3.26021840,5.57712500,4.05752330,29.79380200,-29.96801400,31.61281200,-31.84602500,82.57374600,-46.48740400,-6.49713200,28.59762600,-21.48025900,-41.91955600,20.97631000,-25.34201200,-0.46880376,-20.62726400,-16.37814100
611,1.67444181,-26.06326866,56.90149258,-4.96363166,12.71304190,87.46880619,-47.50816700,-30.00006700,35.92225300,42.61315500,-9.93464500,-15.00003300,-92.17702500,-49.17529700,85.81738000,53.52856000,-10.79303000,3.25054400,5.34395030,3.84617830,29.79380200,-29.40912200,31.55535900,-31.68542000,82.71340000,-46.63165000,-6.54648700,28.59216000,-21.25418300,-41.84857600,20.99298500,-25.12443500,-0.79174477,-20.20184300,-16.44769500
612,1.69833243,-26.07331657,56.94895214,-4.84392100,12.58801455,87.37433365,-47.38424300,-30.00006700,35.97250400,42.62911200,-10.01485500,-15.00003300,-92.11283000,-49.10612000,85.87930000,53.55822800,-10.77977100,3.18633600,5.13267850,3.62275390,29.79380200,-28.73985700,31.46646100,-31.45639400,82.84271000,-46.36929300,-6.59314060,28.60871500,-21.03983300,-41.78359200,20.95572700,-24.83959800,-0.75158760,-20.03620000,-16.20811300
613,1.72379243,-26.07670403,56.98073194,-4.77864854,12.48219403,87.31676154,-47.26115800,-30.00006700,35.99477000,42.63189300,-10.08294300,-15.00003300,-92.01526000,-49.06634500,85.88711000,53.57987000,-10.78309100,3.13826320,4.91051530,3.32143070,29.79380200,-27.96283300,31.40762500,-31.22403000,82.92306000,-46.00411200,-6.62683060,28.57197600,-20.68228300,-41.78425200,20.83253100,-24.33537100,-0.99228895,-19.95314400,-16.31495300
614,1.75074840,-26.07043648,56.98125940,-4.80412900,12.35512851,87.38214600,-47.11256400,-30.00006700,35.98139000,42.59200000,-10.08447100,-15.00003300,-91.86797000,-49.10675400,85.87203000,53.57433000,-10.79592400,3.15649900,4.62978900,2.93024180,29.79380200,-27.07599600,31.33040800,-30.90468200,83.00871000,-45.69159700,-6.65130850,28.46484800,-20.08624000,-41.91592000,20.59548600,-23.51086200,-1.90387450,-19.80668800,-17.10579500
615,1.78198874,-26.04515839,56.98393172,-4.85682548,12.13998445,87.34885286,-46.86096000,-30.00006700,35.92713000,42.58940000,-10.10262000,-15.00003300,-91.62315000,-49.15229400,85.84198000,53.55304700,-10.78015900,3.19079570,4.32880970,2.53571920,29.79380200,-25.88970000,31.29101800,-30.11810300,83.22408000,-45.37959000,-6.38955000,28.49896000,-19.30076200,-42.31112000,20.11510000,-22.53281200,-2.49753760,-19.67556200,-17.29252000
616,1.82229114,-25.99523926,57.00340195,-4.89043011,11.96274455,87.35347567,-46.59447000,-30.00006700,35.87705600,42.58385500,-10.20301200,-15.00003300,-91.35803000,-49.18237000,85.75121000,53.59451300,-10.82333200,3.17387400,4.00436300,2.06925100,29.79380200,-24.36962000,31.32853300,-29.02366400,83.28821000,-45.26399000,-6.16859000,28.71991000,-18.33184000,-43.03664400,19.44342400,-21.38110200,-3.08572340,-18.91466300,-17.22655500
617,1.87256598,-25.91613007,57.03539056,-4.93763572,11.93953970,87.25758278,-46.40479300,-30.00006700,35.78619400,42.61119500,-10.42203800,-15.00003300,-91.17791000,-49.17756000,85.58312000,53.65735000,-10.90429800,3.12168700,3.67491000,1.52967040,29.79380200,-22.51858500,31.43082400,-28.01445000,83.35126500,-44.85235200,-6.00115800,29.14710000,-17.19344900,-44.07142300,18.57853700,-20.19392400,-3.70252040,-17.87737000,-17.26370400
618,1.93187368,-25.80378914,57.06439840,-5.04918901,12.03364135,87.06221890,-46.26254700,-30.00006700,35.62150600,42.67231400,-10.71055400,-15.00003300,-91.05052000,-49.16770000,85.34718000,53.71998200,-11.00573500,3.08375220,3.34832050,0.91992486,29.79380200,-20.38415000,31.59945900,-27.11931600,83.48775500,-44.09330400,-5.87071850,29.66207900,-15.92331600,-45.43224700,17.49450900,-18.88488800,-4.24615140,-16.82991200,-17.59927000
619,1.99611020,-25.64979744,57.04481851,-5.35075485,11.98547872,86.94304830,-45.96845200,-30.00006700,35.32338300,42.72702800,-10.87697600,-15.00003300,-90.74520000,-49.27355000,85.09665000,53.75979600,-11.09177000,3.20463440,2.98226120,0.25457500,29.79380200,-17.99378800,31.93922000,-25.86679600,83.59637500,-43.42051700,-5.69934800,29.83955400,-14.62860500,-47.32452000,16.18756700,-17.06403700,-4.32465170,-16.23461300,-18.53203000
620,2.07827330,-25.44370842,57.08953995,-5.48642486,12.16416466,86.88636886,-45.80680000,-30.00006700,35.12530500,42.78342400,-11.25094700,-15.00003300,-90.65114000,-49.28291700,84.80954000,53.94166000,-11.11730700,3.13207650,2.52328250,-0.47383410,29.79380200,-15.34604600,32.51767700,-24.41623900,83.77343000,-42.04603200,-5.26716500,30.21180000,-13.00084700,-49.72317500,13.91519400,-15.26135200,-4.81690030,-14.99310100,-20.83712600
621,2.17075562,-25.19172096,57.11724588,-5.70159841,12.47140941,86.84867294,-45.71997000,-30.00006700,34.87444000,42.82302000,-11.61850100,-15.00003300,-90.56961000,-49.38005400,84.39630000,54.07151800,-11.14583200,3.06280040,2.18396660,-1.20298060,29.79380200,-12.63342700,33.27974700,-22.86886600,83.98534000,-40.86013400,-4.76823040,30.27066600,-11.18913100,-52.67059700,10.99589100,-13.29118600,-5.05493930,-13.55430000,-22.63907200
622,2.27191639,-24.89169502,57.10914334,-6.07976545,12.88370208,86.69754110,-45.66839600,-30.00006700,34.49370600,42.86504700,-11.96527200,-15.00003300,-90.44769000,-49.55827000,83.82857500,54.11336000,-11.14801600,3.05470160,1.95328890,-1.92126000,29.79380200,-9.81087400,34.14594700,-21.31699200,84.17282000,-40.13180000,-4.13680930,30.31286600,-9.04953700,-56.13834800,7.53273960,-11.11703700,-5.11689420,-11.70095800,-23.96796200
623,2.38047409,-24.54051399,57.05473478,-6.69217640,13.38106798,86.23992574,-45.58754000,-30.00006700,33.90730000,42.93119400,-12.31966100,-15.00003300,-90.24715000,-49.76393000,83.08601000,54.05721000,-11.06496500,3.15081000,1.77440270,-2.62999840,29.79380200,-6.78688960,35.02034000,-19.91523600,84.24757400,-40.07779000,-3.20931960,30.92672000,-6.33678700,-60.00180000,3.56499930,-8.70748300,-5.23623300,-8.98816600,-25.26415300
624,2.51313567,-24.11786652,56.96182140,-7.31342224,14.38821632,86.06423577,-45.98767000,-30.00006700,33.36657700,42.99560000,-12.73907100,-15.00003300,-91.89564000,-50.33842500,81.88312500,53.86960000,-10.95394900,3.90306660,2.14672950,-2.94891520,29.79380200,-4.29409550,35.86905700,-18.76610200,84.71839000,-40.52063400,-1.67422870,30.61002700,-2.94756720,-64.27634000,-0.51695645,-5.60909000,-4.42775250,-6.08401100,-25.94305200
625,2.65842795,-23.65451241,56.85842365,-7.95601791,15.35996744,85.86199025,-46.27859500,-30.00006700,32.82519000,42.99065800,-13.28632600,-15.00003300,-93.25259000,-50.97442200,80.51485400,53.65850000,-10.66355000,4.56135200,2.49964600,-2.87005380,29.79380200,-1.21088610,36.37252000,-17.41559200,83.93203000,-41.95749300,-0.73998510,31.29542700,0.65580386,-68.31454500,-5.21304660,-2.69566370,-2.57729700,-2.62077210,-26.40395200
626,2.82200813,-23.14844513,56.75629407,-8.69127540,16.53344474,85.34229329,-46.66151400,-30.00006700,32.14875000,43.04154600,-13.85356800,-15.00003300,-94.74929000,-51.68546000,79.02356000,53.31679500,-10.32194100,5.31681730,2.92815160,-2.66556330,29.79380200,1.81229770,36.50014500,-16.35475000,83.19423000,-43.97389600,0.01500701,31.73763000,4.38782740,-72.18922000,-9.86687700,2.11612800,0.46500170,0.82406630,-26.14960100
627,3.00810385,-22.60063553,56.66826319,-9.52034140,18.02541013,84.39381465,-47.24812300,-30.00006700,31.30183400,43.20952000,-14.35536300,-15.00003300,-96.62363400,-52.46585500,77.53120400,52.80327600,-10.02726700,6.27146400,3.41030720,-2.47114370,29.79380200,4.53063000,36.28537400,-15.83424400,83.33135000,-46.17613000,1.05623270,30.90311400,8.47209300,-76.22872000,-14.16763300,10.10884300,4.80483000,3.84801220,-25.09110800
628,3.22341466,-22.02708817,56.99131750,-9.45104364,19.06972971,84.54800817,-47.22439200,-30.00006700,31.15080800,43.04687500,-14.46433400,-15.00003300,-97.44524400,-53.13033000,77.35503000,52.65501400,-10.03653400,6.47895340,3.50623630,-2.07464460,29.79380200,7.81012300,35.48555800,-15.69136500,83.87981400,-48.62487000,2.38503050,29.05969800,12.41445350,-80.12748000,-18.06965400,19.45936800,9.21368700,6.28531000,-24.13839300
629,3.46978784,-21.42325592,57.59464753,-8.96300043,20.34610878,85.17007905,-46.77172500,-30.00006700,31.63943500,42.49746700,-13.72119000,-15.00003300,-98.65240500,-54.08603300,77.80434000,52.44123000,-10.05186300,6.55130600,3.19800190,-1.78276550,29.79380200,10.51435400,34.45424700,-15.48925100,84.44123000,-51.32472000,3.26336500,27.60126500,16.04033900,-83.96193000,-21.45883800,29.93421400,15.52092100,8.13985600,-23.22300500
630,3.73710060,-20.79961205,58.30334139,-8.33116962,21.59463620,85.83306208,-45.87442000,-30.00006700,32.44495400,41.73405000,-12.38113000,-15.00003300,-100.24283600,-55.21676300,78.49637000,52.10417600,-9.87370000,6.70173000,2.67010160,-1.60533760,29.79380200,12.96827800,33.20097700,-15.16683700,84.96432000,-53.90109600,3.99947500,26.84034200,18.98244000,-87.31129000,-23.90389300,41.64077400,22.51728600,10.12927900,-23.13759000
631,4.01935244,-20.16351318,59.00082677,-7.61569041,22.71191257,86.37060413,-44.76205000,-30.00006700,33.36515000,40.96481700,-10.90570100,-15.00003300,-101.84103400,-56.24281300,79.30777000,51.79046200,-9.60206100,6.74641000,2.14184830,-1.54561590,29.79380200,15.15137400,31.76078000,-14.86493300,85.64859000,-56.10800600,4.60093830,26.36562700,21.41887000,-89.74100500,-25.26113100,53.98476800,30.14560900,11.87274500,-23.52594200
632,4.29744339,-19.54374886,59.34904315,-7.09757491,23.64583605,86.59478179,-44.83478500,-30.00006700,33.44168000,40.98629800,-11.06729300,-15.00003300,-101.53670500,-56.27097000,79.36548600,52.28349700,-9.95086300,5.71209100,2.23312570,-1.03402160,29.79380200,16.97683500,30.36422200,-15.04857400,86.78892500,-57.58404500,4.99571900,24.18419600,24.72866000,-91.32048000,-25.91126600,65.79186000,40.11830000,11.69614800,-21.54115000
633,4.58180666,-18.92644310,59.82812431,-6.34133216,25.24199380,86.80457588,-44.97618000,-30.00006700,33.78229000,40.85802000,-10.84931900,-15.00003300,-101.70943500,-56.53912700,79.79619600,52.44382500,-10.24012850,4.80668260,2.39885600,-0.70455366,29.79380200,18.72040600,29.54868500,-14.52846500,87.62797500,-58.92952300,4.66922300,22.44931000,28.59811200,-92.40719600,-26.63989800,75.05998000,47.99837500,10.38347500,-19.81938400
634,4.86159706,-18.32512093,60.45182464,-5.39457924,26.61195224,87.05105392,-44.05930000,-30.00006700,34.67988600,40.20100000,-9.73204600,-15.00003300,-102.84307000,-57.30292000,80.59328000,52.11016500,-10.21679000,4.38857400,2.25843600,-0.66932950,29.79380200,20.49113800,29.23868600,-14.03316200,88.33912000,-58.92026000,4.50980660,21.06644400,32.46249000,-92.98021000,-27.29254500,82.95457500,54.99439200,9.69891200,-18.81080200
635,5.11934185,-17.76130867,60.95581129,-4.59042282,27.40788136,87.22950387,-42.84196500,-30.00006700,35.52318000,39.54181000,-8.65301900,-15.00003300,-103.86306000,-58.00795400,81.29529000,51.76771500,-10.05512500,4.18550730,2.21639940,-0.56800390,29.79380200,22.01660700,29.28272600,-13.69888700,89.19353000,-58.56178700,4.85348030,20.15188200,36.26897000,-93.23765000,-27.86541700,90.05833400,61.26890600,9.83713000,-17.84425400
636,5.32648277,-17.27937508,61.05300609,-4.50201746,27.37327166,87.31225288,-42.99600200,-30.00006700,35.03474800,39.84266000,-8.93690000,-15.00003300,-103.13876000,-57.91270400,80.95403000,52.35524000,-10.14499000,3.42803220,2.95196030,0.29446375,29.79380200,22.87315200,29.51477600,-13.54930400,90.45711000,-59.83901200,6.07051100,19.90208400,40.19085300,-93.36555000,-28.54175000,97.13194000,66.96595000,10.89815500,-15.49945700
637,5.55454397,-16.79259300,61.64215216,-3.21728382,28.98140290,88.30274907,-41.57959700,-30.00006700,36.87528200,38.56064000,-7.11073540,-15.00003300,-105.74204000,-58.98418000,82.48439000,51.57185400,-9.82956200,3.61352040,2.71536420,0.24118568,29.79380200,24.94554900,30.49160200,-12.42032800,91.83523000,-60.66542400,6.06685830,18.21609500,44.20710000,-93.39228000,-29.42196700,101.10562000,71.71375000,12.60942300,-16.57973700
638,5.74604130,-16.37626839,61.93915940,-2.33939754,29.90919965,88.66806818,-40.23110000,-30.00006700,38.36209000,37.70574600,-6.00987670,-14.44564100,-107.86719000,-59.75998700,83.75349400,50.80796400,-9.49929800,4.15247100,2.57167800,0.12656560,29.79380200,27.32907300,31.57542200,-11.71580500,92.10742000,-61.01719700,7.54226350,18.09554500,48.01011300,-93.25539000,-30.17471100,104.59279000,74.50955000,15.22915900,-16.80493500
639,5.87871647,-16.04012489,62.04054816,-1.60650040,30.47314033,89.08289682,-38.79596700,-30.00006700,40.31026500,36.98275000,-5.03581760,-10.79210300,-110.05328000,-60.71879000,85.08983000,49.76436000,-9.00435400,5.09169530,2.03729770,0.10271168,29.79380200,30.02822500,32.58549000,-11.19843900,92.36233500,-60.79710000,9.43286000,17.78253700,51.74767700,-93.01713000,-30.61865800,107.64271500,76.44439000,18.17253000,-17.10712000
640,5.99815321,-15.74687386,62.12700034,-0.80845192,30.96114481,89.79800391,-37.17141700,-30.00006700,42.65501400,36.02571000,-3.86765070,-7.01927600,-112.65303000,-61.73703000,86.65800000,48.50320000,-8.36091700,6.29862170,1.14473950,0.09033407,29.79380200,33.96288000,33.90583400,-10.13947800,92.42671000,-59.91749000,11.09249600,15.86797300,55.83323700,-92.61279000,-30.94139500,110.06917000,78.48087000,20.88854600,-18.30606700
641,6.13658714,-15.51361942,62.25582786,-0.32716219,31.17057328,90.41986386,-36.68342600,-30.00006700,43.48850300,35.64402800,-3.57157330,-5.60560940,-113.39475000,-62.05248000,87.17802400,48.29582600,-8.24109400,6.34876300,1.05685030,0.75493470,29.79380200,38.22585700,35.11594400,-8.58636950,91.66342000,-59.86797000,12.40947200,15.12277700,59.70451000,-92.10911600,-31.27061300,112.06708500,80.03020000,23.02482600,-18.93766200
642,6.28575516,-15.30938435,62.37434961,-0.29826559,31.56665593,90.94062423,-37.24691800,-30.00006700,42.95741000,35.58431000,-3.64522980,-6.35921600,-113.38112000,-62.05019000,86.87123000,48.75524500,-8.58458700,5.91840360,1.21253700,2.19754360,29.79380200,42.45422000,35.73493600,-6.99830340,91.38113000,-60.48807500,13.24515400,13.76431700,63.29083300,-91.57442000,-31.16189600,113.74267000,80.90807000,23.75576800,-19.17858000
643,6.44236040,-15.12589645,62.52694629,-0.41822772,31.94401078,91.39690960,-38.34840800,-30.00006700,41.71541600,35.73591600,-3.96437000,-8.41334900,-112.46531000,-61.80506500,85.97698000,49.65455000,-9.20479500,4.86578750,1.84034380,3.53405640,29.79380200,48.19430500,36.46452000,-4.50619650,89.47230500,-60.55396300,13.84772400,13.17198300,66.35844400,-90.79204000,-31.40344600,114.92474000,81.98680000,23.22300300,-18.74186900
644,6.59655714,-14.95486927,62.71213054,-0.45689642,32.25270267,91.98346598,-39.51869000,-30.00006700,40.40992000,35.93334600,-4.45559400,-10.90795800,-110.96214000,-61.39453000,84.85785000,50.81772200,-9.94364100,3.14128100,2.73713850,4.81266830,29.79380200,53.93892700,36.94065500,-2.16239980,87.24894000,-60.12076000,14.03483300,13.44357500,69.18349500,-89.98234000,-31.84372700,116.04996500,83.38960000,22.42088700,-17.91142300
645,6.72700167,-14.77979088,62.93618338,0.03302250,32.98933711,93.44374346,-40.29886000,-30.00006700,40.35434300,35.67020000,-4.60723160,-12.00793800,-110.45314000,-61.07910500,84.43647000,51.90569700,-10.51493500,1.08966790,3.02495000,6.03376630,29.79380200,59.23193700,36.96539000,-0.31741816,85.24943000,-60.11683000,13.59680000,13.22047400,73.69218400,-88.20228600,-31.12417200,116.04048000,84.63324000,24.19978300,-18.80978200
646,6.81819773,-14.60988808,63.03923865,0.22177583,33.39420452,94.41686693,-40.98834000,-30.00006700,40.10384800,35.67171000,-4.63285500,-12.71688700,-110.30248000,-60.98144000,84.15798000,52.58046000,-10.84928100,0.01771631,3.58330370,7.38395930,29.79380200,63.33992000,36.49241600,0.34657332,83.55978000,-59.89161000,13.60288000,14.15419200,76.11815000,-86.14655000,-30.38984900,115.39696000,84.51933000,24.91866900,-19.52946000
647,6.85689878,-14.43124676,63.10270248,0.68361005,33.72099150,95.77748028,-40.69106700,-30.00006700,41.29634000,35.25135400,-3.92393160,-10.81297600,-111.60847000,-61.57737000,84.95402000,52.21749500,-10.79337400,0.66828480,3.58117500,8.19907800,29.79380200,66.25117500,35.68642000,0.17030515,82.29400000,-58.99344000,14.08304000,15.59340100,78.52769500,-83.83811000,-29.63912600,113.85595000,83.81298000,25.72759000,-21.90564200
648,6.84739351,-14.24304104,63.09690056,1.42398311,34.07991504,97.47501152,-39.62451600,-30.00006700,43.74841000,34.51191300,-2.94629170,-6.88007740,-114.12271000,-62.59509000,86.62952400,51.15409500,-10.48151700,2.26718120,3.23785780,8.73269000,29.79380200,68.18117500,34.69099400,-0.55145970,81.52194000,-58.13647000,14.38455400,17.02356500,81.00378400,-81.27362000,-28.82219100,111.61411000,83.34680000,25.71882600,-24.96103500
649,6.80235243,-14.04684162,63.01277446,2.28834085,34.56952859,99.20301660,-38.48241800,-30.00006700,46.50572200,33.82451000,-2.41280870,-2.71128440,-116.61381000,-63.55354000,88.38808000,50.10145000,-10.21416400,3.45735930,3.14725600,9.60685100,29.79380200,69.61212000,33.62621300,-1.34937760,81.24179000,-58.65516300,13.27552200,17.78252000,82.80650000,-78.44540000,-27.65393400,109.23338000,84.19639600,22.89428900,-26.36968800
650,6.74553728,-13.83866787,62.95550919,2.38830033,35.32627712,100.20332809,-38.96074300,-30.00006700,46.76203500,33.69571300,-2.15029980,-2.29625180,-117.16999000,-64.06793000,88.14256000,49.91410000,-10.28858500,3.70085500,4.31813670,11.63077800,29.79380200,70.00931500,32.97064000,-2.54924420,81.18569000,-59.25443600,13.25002100,18.72005000,83.29500600,-76.06531000,-27.56025700,107.83486000,84.79550000,21.22200800,-26.87464300
651,6.66253567,-13.62295341,62.98622335,2.34362497,35.63720849,101.57366319,-39.44723500,-30.00006700,46.77041000,33.50600400,-1.83242550,-2.38585350,-117.22067000,-64.72683000,87.45308000,49.71915000,-10.45125800,3.98449020,5.56399900,14.06259900,29.79380200,70.21101000,32.81085200,-3.08875800,80.99125000,-59.06093000,13.00323100,19.45538900,82.72725000,-73.92918000,-27.00887000,105.78429000,85.36792000,18.81341700,-28.62285400
652,6.55902624,-13.39823341,62.98563980,2.24286829,35.75978498,102.76233056,-39.87727000,-30.00006700,46.64669400,33.48022500,-1.69950770,-2.43868420,-116.92654000,-65.37840000,86.79342000,49.56067300,-10.73973100,4.19627330,7.02171230,16.45171000,29.79380200,70.32684000,32.84078200,-3.69208880,80.73186500,-58.12416000,12.96233700,20.24599300,81.71593500,-72.05531000,-26.54160700,104.60754000,85.50742000,16.48495300,-27.43690500
653,6.44333220,-13.16470814,62.87849219,2.11888930,35.96994651,103.34882818,-40.35260800,-30.00006700,46.32873000,33.78585400,-1.91250220,-2.33568900,-116.28062000,-65.84014000,86.35313400,49.56747400,-11.22069800,4.10729840,8.64492400,18.59533300,29.79380200,70.19620500,32.58541000,-5.11858840,80.72954600,-56.71361000,13.33692800,21.20907600,81.58579000,-70.52882400,-27.34638400,104.93452000,85.12719000,15.00651300,-20.53868900
654,6.32500648,-12.92400837,62.95169543,2.30634394,36.27579445,105.09459514,-41.00267000,-30.00006700,46.29345000,33.78903200,-1.80574120,-2.59135080,-115.35720000,-66.25443000,85.40655000,49.93999500,-11.94030000,3.01479460,10.12529400,21.40762100,29.79380200,68.63094000,32.29922500,-5.93338160,81.33416000,-56.68880000,12.18892100,20.86937100,80.40378600,-68.79094000,-26.18061000,103.84334600,85.33452000,13.42549400,-17.55922700
655,6.19525003,-12.68864155,62.74805771,1.42494731,36.62920488,106.65183113,-41.57794600,-30.00006700,45.86580700,33.45890800,-1.51202430,-2.62101150,-114.85422000,-67.77072000,83.56903000,48.76006300,-11.99445200,5.25994800,11.72904000,24.39893300,29.79380200,64.47193000,31.87132500,-7.96027760,82.89844000,-54.85530500,12.74367200,21.52269400,78.29829000,-67.17756000,-25.14663300,103.11268600,84.26361000,11.96853300,-16.70028100
656,6.08051586,-12.47438526,62.69472936,1.07206533,36.60752533,108.32085708,-42.05026600,-30.00006700,45.59953700,33.40731000,-1.37522840,-2.70027280,-113.52206400,-68.64733000,81.98452000,48.52081000,-12.38787600,5.47475000,13.35385700,27.25080000,29.79380200,61.43562300,31.21197500,-9.26686800,83.58610500,-53.36801500,12.88720300,22.32700000,76.12909000,-65.68928000,-24.63208400,102.24262000,83.26043000,9.93005850,-15.07705300
657,5.99023914,-12.28865719,62.89643706,1.55448032,36.12331004,110.16704633,-42.46789000,-30.00006700,45.63282000,33.67736000,-1.39774540,-2.94423400,-111.31887000,-68.44200000,80.97620000,49.75834300,-13.37036000,2.44704900,14.93705300,29.79380200,29.79380200,60.59279600,30.38402400,-9.34521400,82.83500000,-52.81491500,11.89538200,22.93240500,73.88406000,-64.29571500,-23.98616000,100.93298000,82.80303000,7.12318230,-12.12712100
658,5.93383503,-12.13632870,62.98448347,1.48268493,35.81718263,111.69994556,-43.29792000,-30.00006700,45.91737400,33.29924800,-0.97582203,-3.36083170,-109.84077000,-68.32380000,79.43041000,49.86542500,-13.89507300,1.74504840,16.30823000,29.79380200,29.79380200,62.78321000,28.97754100,-7.50556660,79.41423000,-52.14750300,10.90582600,23.22576000,68.23307000,-63.25617600,-18.09718100,98.51550000,81.82757000,4.07288360,-10.93563600
659,5.88798189,-12.01822567,62.94074147,1.02562655,35.68994421,113.28537406,-43.94723500,-30.00006700,46.12516000,32.67849300,-0.60826560,-3.47373100,-108.54359400,-68.89361000,77.40155000,49.07818600,-14.05402700,2.81347200,17.68611100,29.79380200,29.79380200,63.47614300,27.40628800,-6.16726100,77.44775000,-50.51079600,10.19565200,23.99138600,60.45818700,-62.93919400,-11.54488100,97.83356000,79.65728000,3.37611340,-10.66464500
660,5.85695887,-11.94500732,63.11990987,1.30306660,34.59201324,115.51068954,-44.52049000,-30.00006700,46.53652200,32.42432800,-0.40110633,-3.76317670,-106.41067500,-68.23534000,76.32278400,50.24198000,-14.92423700,0.06173449,18.69199800,29.79380200,29.79380200,63.70979000,25.42827000,-4.92516200,75.09309400,-49.37136500,9.46210800,24.98500400,52.66801500,-62.78509500,-4.76382800,97.79203000,77.86886600,1.70883890,-9.86434700
661,5.83447981,-11.91243076,63.25094828,1.58601289,33.11437446,117.91333658,-45.12711700,-30.00006700,46.86724500,32.23677400,-0.23913135,-4.08323600,-103.84380000,-67.24493400,75.37436000,51.79842800,-15.80151800,-3.30202720,19.43489500,29.79380200,29.79380200,62.67849000,23.12221000,-4.19001200,73.29683000,-48.68683000,8.92835600,25.57993900,45.05818600,-62.54379300,1.90215280,97.67180000,76.09447500,-0.68640130,-8.71921800
662,5.80305052,-11.90975094,62.91258603,0.34124956,32.74376550,119.66588976,-45.84538700,-30.00006700,46.46363000,31.43611100,0.09361121,-3.99449590,-103.25092000,-68.79307600,72.57558000,49.59947200,-15.29738400,1.40717110,19.92428800,29.79380200,29.79380200,59.23387500,20.87847100,-4.64354130,73.93864000,-47.93881600,9.32659700,24.67313000,35.76130000,-62.21972700,9.07571600,97.69581000,72.87085000,-1.86283410,-7.82831430
663,5.77422190,-11.98396778,63.09160610,1.47175248,30.18814971,123.29897228,-46.61918300,-30.00006700,47.22107000,31.46587400,0.60056880,-4.94109730,-98.77867000,-66.50925000,72.96332600,53.00541300,-16.88020000,-6.57457450,21.44883000,29.79380200,29.79380200,58.84615300,19.26117500,-2.43711610,71.69128000,-46.56474700,7.48562900,26.41617600,27.66009300,-61.95231200,15.52428800,97.61474600,73.38641000,-3.03590580,-6.77958500
664,5.72073030,-12.08990574,62.69972066,0.46250261,29.53501925,125.27154810,-47.07203000,-30.00006700,47.01606800,30.68131800,0.96334110,-5.19979520,-97.57708000,-67.74410000,70.27647000,51.24246200,-16.62602600,-3.15114740,21.85963200,29.79380200,29.79380200,57.02182000,17.55695300,-2.60138300,70.03992500,-44.57324200,6.35642050,26.48275400,19.30630300,-61.24709000,20.50545500,96.78393600,70.27981000,-4.01820760,-6.95997600
665,5.65135717,-12.24380398,62.30870382,-0.39201786,29.23643873,126.76459856,-47.60303500,-30.00006700,46.85829500,30.05053500,1.18459920,-5.37752630,-96.37915000,-68.56257000,67.64381000,49.92439300,-16.28618400,-0.66245943,22.20871400,29.79380200,29.79380200,54.33547000,15.93262100,-4.11243100,68.42822000,-41.33679000,5.33016540,25.81310000,11.31598500,-60.25347500,24.39874800,95.52329000,64.70208000,-5.10676050,-6.78736450
666,5.57288694,-12.45946026,62.22365955,0.79107677,27.59977479,128.86019181,-48.48552300,-30.00006700,47.64229000,30.38304700,1.28977630,-6.06519600,-92.96200000,-65.74196000,68.52904500,53.32313000,-17.27219200,-7.88080260,23.45525700,29.79380200,29.79380200,51.54927000,14.75125600,-5.94886540,66.21455000,-36.54327000,4.07812640,25.42549300,3.89255880,-59.41571800,28.21419100,94.34801500,58.30093400,-6.63089000,-5.00825900
667,5.42467213,-12.75096226,61.69192769,0.74151465,25.20086680,131.41598150,-48.66779000,-30.00006700,47.91694000,30.14789400,1.55107180,-6.35949950,-89.67940000,-65.47008500,67.02732000,53.36153400,-17.37224200,-8.53732300,24.67512100,29.79380200,29.79380200,49.81527300,13.51988200,-7.49293380,63.33015400,-33.08143200,3.60238550,26.62167500,-1.62663980,-58.03339800,31.69847300,91.82265000,53.25314000,-7.23168850,-5.56362500
668,5.22263288,-13.08268738,61.23446684,0.56583007,24.05138542,133.08090955,-49.07771700,-30.00006700,47.92891300,29.93516700,1.49837040,-6.66819950,-87.39218000,-65.29620000,65.48350500,53.22203000,-17.26941100,-9.04211200,26.09367400,29.79380200,29.79380200,47.82957500,12.69765950,-8.87721350,61.33239000,-29.03732500,2.50464220,26.72931300,-7.31402730,-56.75372000,34.72625400,90.11522000,48.31892400,-8.14442300,-5.45449700
669,4.96594286,-13.46041679,60.74102422,0.32725739,23.02565111,134.48848734,-49.44650300,-30.00006700,47.90733700,29.75852200,1.39831070,-6.95520300,-85.36175000,-65.19166600,64.15814000,52.97476000,-17.10180900,-9.38131600,27.61724000,29.79380200,29.79380200,46.51178700,12.20705900,-9.76271600,58.80689200,-25.22149500,1.52620070,26.77230800,-12.88296800,-55.55273400,37.36561000,88.39094000,43.25864400,-8.64742600,-5.14754630
670,4.65149927,-13.88688374,60.08940380,-0.03557188,21.67474814,135.88262710,-49.70472300,-30.00006700,47.85535400,29.67581200,1.35856520,-7.21473930,-83.16759500,-65.16635000,63.03944800,52.63331200,-16.90315800,-9.50769200,29.21204800,29.79380200,29.79380200,45.98452000,11.95435900,-10.03399100,55.48549700,-22.01629000,0.96245664,27.01845400,-18.40827000,-54.29165600,39.47807000,86.48711000,38.38247300,-8.54068600,-4.95024350
671,4.26719713,-14.36344528,59.21797650,-0.71123472,20.29311066,137.03831108,-50.12634300,-30.00006700,47.44251000,29.87178000,1.32859640,-7.48745630,-80.74050000,-65.20550500,61.79265600,52.16694300,-16.54688300,-9.38137800,30.88878800,29.79380200,29.79380200,45.28504000,11.91701900,-9.89611900,52.55943700,-19.75292400,0.67004590,26.61289000,-24.00201200,-52.92336700,40.18997000,84.53491000,35.45367400,-8.08977200,-5.40791230
672,3.79252315,-14.89988708,60.48123396,-0.49866449,19.18196103,139.18198311,-48.60550700,-30.00006700,44.16031300,29.42531400,1.63929870,-7.36913250,-80.11217500,-67.66696000,61.75013700,50.05560300,-15.94613500,-7.54882700,31.15237800,29.79380200,29.79380200,44.23513400,12.03648900,-10.39243600,50.50734000,-17.49266400,0.43585294,25.92636000,-29.76285200,-51.90280500,41.70509300,83.71558000,32.70630600,-8.61175000,-5.19175530
673,3.27702427,-15.45104694,62.07979747,-0.05352318,17.85495628,141.92136839,-46.69248600,-30.00006700,40.13541000,28.86425200,1.97724560,-7.36597630,-81.44127000,-71.61547000,61.66079300,46.59496700,-14.93926700,-3.10466310,31.16300600,29.79380200,29.79380200,43.21954000,12.39376200,-10.88506600,48.72583000,-15.19961700,0.74032900,25.08259800,-36.02313600,-51.06252700,43.39858000,83.52997600,30.99379200,-8.41300300,-4.78505950
674,2.73867941,-15.99985695,63.40059609,0.11369506,16.58563465,144.44448881,-44.83767700,-30.00006700,36.28021600,28.34055000,2.23771020,-7.51355930,-83.39196000,-75.74654400,61.41206000,42.74899300,-13.54407800,1.69115010,31.35051200,29.79380200,29.79380200,42.21173000,12.99097200,-11.23214200,47.12515000,-13.09081000,1.10983130,23.96608200,-42.38646000,-50.26161600,44.72599400,83.34447000,30.01138500,-7.84424200,-4.48109250
675,2.17950249,-16.52822876,64.06776166,-0.76360103,16.08148783,145.62244710,-43.26877200,-30.00006700,33.26766600,28.14981500,2.28176200,-7.66969600,-87.64600000,-82.19675400,58.92069200,36.06247300,-10.35319200,11.20495800,31.74940500,29.79380200,29.79380200,41.19074200,13.65169800,-11.17326300,45.63154000,-11.57155700,0.42373440,22.45506100,-47.95808000,-49.43694700,45.00905200,81.76762400,28.87311400,-8.15897800,-4.70367300
676,1.59762704,-17.01571655,65.02633460,-0.48820302,14.88118372,148.17385536,-41.42758000,-30.00006700,30.79537400,28.10570700,2.23282810,-7.56665040,-82.16479000,-85.48598500,54.25219700,32.83912300,-9.22008300,12.27811300,31.46622300,29.79380200,29.79380200,40.57327700,14.21807600,-11.26472400,44.56609000,-9.99890500,0.34272530,21.83303000,-54.07657000,-48.90491500,45.18980800,81.48901000,30.21116800,-8.74642100,-5.10703750
677,1.04583073,-17.45022583,65.74867616,-0.60881955,14.17274674,149.84215895,-39.85202000,-30.00006700,28.59851600,27.35916000,2.34149170,-7.61074350,-80.17715000,-89.16244000,49.34848800,28.43320300,-6.66009600,15.00003300,32.00580000,29.79380200,29.79380200,39.91205200,14.52281700,-11.70089200,43.61786000,-9.02686200,0.04269589,21.25428000,-60.94099400,-48.65970000,45.50459700,81.13579600,32.95352600,-9.62474000,-5.68122500
678,0.48494837,-17.82268906,66.20154147,-0.92842188,13.42618951,151.00445914,-38.40589000,-30.00006700,26.77775400,26.70296100,2.33506230,-7.65176800,-73.33592000,-90.78029000,42.84015300,26.15240500,-5.57211200,15.00003300,32.93668700,29.79380200,29.79380200,39.20444000,14.64417400,-12.39200100,42.98652000,-8.35624800,-0.29754373,20.64722000,-68.15340000,-48.65153500,46.20682500,80.83255000,37.10202800,-10.95167000,-6.46221830
679,-0.08614709,-18.13504410,66.44833534,-1.24060812,12.44937753,151.88630517,-37.13642000,-30.00006700,25.32962000,26.24671700,2.31936170,-7.62541300,-66.50030500,-91.88078000,36.32262400,24.34643200,-4.49035020,15.00003300,34.09000400,29.79380200,29.79380200,38.40357000,14.72520700,-13.31004500,42.59880000,-7.81614800,-0.47258320,19.87920800,-75.72103000,-48.80098300,47.64283400,80.98738000,42.50027500,-12.84274400,-7.41935900
680,-0.69755661,-18.34940529,66.82186399,-1.59486566,11.86634899,152.96073094,-35.88544500,-30.00006700,23.58105700,25.48826600,2.43118720,-7.86547230,-52.18121000,-92.64873500,22.46832700,23.61620300,-4.07383100,15.00003300,35.08278700,29.79380200,29.79380200,38.07856000,14.66882600,-13.66098600,41.77871300,-7.86854900,-0.83479860,19.44934000,-82.97423600,-49.01394300,48.94823500,81.06766500,46.77715300,-13.57691500,-8.06780300
681,-1.40738058,-18.51556778,67.15391356,-2.39160865,11.59874169,154.00058818,-34.39491300,-30.00006700,21.72555200,24.99866100,2.42868110,-8.02102800,-13.92075500,-93.84498600,-14.94132100,26.20327000,-4.01132500,15.00003300,35.47326000,29.79380200,29.79380200,37.66456000,14.58641400,-14.28232000,41.67153000,-8.11724300,-1.44863930,20.06466100,-89.81490000,-49.21204400,50.56994600,80.83938000,50.26654000,-14.21738700,-8.84362600
682,-2.14726090,-18.60700607,67.42254529,-3.11126347,11.24963724,154.79793480,-32.85294300,-30.00006700,20.13140500,24.47724300,2.34521030,-8.09159500,34.06564300,-97.18828600,-62.13606000,33.46454200,-5.37979940,15.00003300,35.93935800,29.79380200,29.79380200,37.41600400,14.51337800,-14.94924100,41.77155700,-8.06558000,-1.83925180,20.38852900,-96.33737000,-49.35780300,52.35651000,80.76627000,53.24796300,-14.59852400,-9.50679400
683,-2.87414312,-18.60302734,67.63300012,-3.57098056,11.26202490,155.00648244,-31.88607400,-30.00006700,18.96520800,23.39545800,2.51210210,-8.13490800,37.19975300,-96.88960000,-65.17412000,32.82814800,-5.00323060,15.00003300,37.88865000,29.79380200,28.37884100,36.86167000,14.55298800,-16.15170000,42.80080400,-7.65908200,-1.89576300,20.08207700,-102.07277000,-49.48465700,54.57998700,81.29859000,55.77076000,-14.72157000,-10.00634900
684,-3.64314508,-18.51042557,67.76747586,-4.12113587,11.55704405,155.08419463,-31.20128600,-30.00006700,18.06433700,22.71184500,2.72885540,-8.10968900,40.51951600,-96.32289000,-68.36632500,32.45212000,-4.65811400,15.00003300,40.10691500,29.79380200,26.12135100,36.06590300,14.79056550,-17.55204600,44.33438000,-7.75272460,-2.26329800,20.40602500,-106.55510000,-49.56536000,56.85170000,81.67245000,57.32809000,-14.71730100,-10.43115800
685,-4.43374205,-18.35367775,67.90106293,-4.95682891,11.83265157,155.15948586,-30.01290500,-30.00006700,16.97996500,21.44276000,3.25247000,-8.03156200,44.59082800,-95.52505000,-72.42246000,31.96935800,-4.40884830,15.00003300,42.20731700,29.79380200,23.91280400,35.20837400,14.98225800,-18.77127300,46.18527600,-8.47743100,-2.65945270,20.29325900,-110.82353000,-49.59564000,59.36667000,81.30908000,58.33169000,-14.65252800,-10.60086900
686,-5.30326128,-18.15858269,67.98613166,-6.06115802,11.81696477,155.82828041,-28.66412000,-29.93392000,15.34533600,21.25156200,3.28289440,-8.00570800,62.93707000,-92.91467000,-90.04791000,29.77424800,-3.15272930,15.00003300,43.28280600,29.79380200,22.02775400,34.67964600,15.23781500,-19.51881000,47.78079200,-9.17297100,-2.92598630,20.21526000,-115.05368000,-49.56312000,61.55191800,80.77485000,59.14979000,-14.53746200,-10.86806700
687,-6.18472815,-17.81909561,68.02498609,-6.64762834,11.35795915,157.83214811,-27.56430600,-30.00006700,14.09113100,23.52174600,2.23877550,-7.98080160,97.12233000,-89.22437000,-125.54447000,28.06817600,-2.24335070,15.00003300,42.50361300,29.79380200,20.86413400,34.47625700,15.52534000,-19.72892800,49.06846600,-9.63171000,-3.09024980,20.15037200,-118.98556500,-49.47571600,63.03145600,79.97749000,59.72086700,-14.42993450,-11.30760700
688,-6.90017128,-17.36575890,67.94909726,-7.04536207,11.71053871,157.55620976,-27.14773600,-30.00006700,14.13350800,23.33862000,2.26285820,-7.97189000,89.18484000,-88.79791000,-117.84102000,28.49758700,-2.22066950,15.00003300,43.29102300,28.29373000,19.84768500,34.22443400,16.08248300,-19.88276000,50.05034000,-10.00369300,-3.22003480,19.70140600,-122.60766600,-49.22760400,64.38090500,78.90050500,60.23335300,-14.32991700,-11.82946200
689,-7.58357334,-16.83170319,67.80360687,-7.47913223,11.86110290,157.45326924,-26.83009000,-30.00006700,14.22042600,23.35748100,2.36997600,-7.95797250,67.36916000,-86.82694000,-95.88288000,27.37489000,-1.73716080,15.00003300,43.79691300,26.22007600,18.93199000,34.33099000,16.79772000,-19.33783100,50.85009400,-10.38131000,-3.34961580,19.61374900,-125.85646000,-48.90032600,64.84963000,77.33310000,59.83579300,-14.25811000,-12.39557700
690,-8.26945686,-16.26325226,67.66507863,-8.08246057,11.93321676,157.48490812,-26.22362000,-30.00006700,13.88365100,23.08210800,2.50099950,-7.99444900,51.79722600,-82.95220000,-79.72880600,24.25509000,-0.56813670,15.00003300,44.11099600,24.34487000,17.90334700,34.76828000,17.57691000,-18.49430300,51.22427000,-10.90059400,-3.65136900,19.38349200,-128.92346000,-48.54917500,65.29732500,75.90176400,59.62186400,-14.29311600,-12.82215000
691,-8.91922188,-15.63244629,67.51332525,-8.63689874,11.93969416,157.64031457,-25.60463100,-30.00006700,13.59665300,22.73015200,2.57052420,-8.07672900,43.50603500,-79.34192000,-70.84255000,22.21462200,0.07795896,15.00003300,44.31509800,22.50659600,16.87032100,35.34993700,18.44672000,-17.50640900,51.27950700,-11.24137800,-3.97848560,19.07132000,-131.84189000,-48.18005800,65.64065000,74.49953500,59.42564000,-14.31279400,-13.11809350
692,-9.52988529,-14.94205475,67.33485213,-9.15182428,11.85487166,158.00780691,-24.98873500,-30.00006700,13.40235000,22.39668300,2.57160120,-8.18122700,38.41312000,-75.74122000,-65.05508400,20.47342100,0.38980007,15.00003300,44.41655700,20.71621500,15.82203900,35.97034000,19.46318800,-16.52319700,51.11462800,-11.13383900,-4.16124700,18.74699800,-134.59288000,-47.78362300,65.76535000,72.99173000,59.02561000,-14.21823000,-13.28977200
693,-10.08708668,-14.17891502,67.06651261,-9.71296499,12.09411986,157.77461609,-24.70984300,-30.00006700,13.45689900,22.30315000,2.48154880,-8.10510500,35.17650600,-73.08649400,-61.36688200,19.43412600,0.56881195,15.00003300,44.62792200,19.14123300,14.55564800,36.77397500,20.43558100,-15.11968100,51.32467300,-11.33953300,-4.12847660,18.24091500,-137.07187000,-47.40327000,66.04237000,71.35269000,58.83098600,-14.45987900,-13.11192700
694,-10.59819126,-13.37970161,66.97212416,-10.02057636,12.13939366,158.00835848,-24.18343200,-30.00006700,13.51928400,21.92732600,2.65688750,-8.12381800,32.27744300,-70.08699000,-57.93052000,18.57778000,0.91259520,15.00003300,44.50650800,17.67220000,13.30752300,37.61057300,21.46266400,-14.12367700,51.51224000,-10.57020400,-4.32256840,17.63264300,-139.40030000,-47.03619000,66.04364000,69.67709000,58.42839400,-14.97271400,-13.47458000
695,-11.06460857,-12.56577396,66.81516558,-10.38170160,11.92291966,158.23618155,-23.60033400,-30.00006700,13.54914950,21.62530700,2.76877830,-8.19369100,30.32185700,-67.35795000,-55.43093500,17.83928700,1.28486550,15.00003300,44.40250800,16.32965700,11.94817600,38.45768400,22.48782300,-13.24041200,51.40310300,-9.50079600,-4.59406300,17.01124000,-141.51799000,-46.69581600,66.06299000,67.88002000,57.71307400,-15.63716700,-13.66551400
696,-11.48507118,-11.75052738,66.49108077,-10.88276310,11.40022031,158.25270459,-23.13571400,-30.00006700,13.55616400,21.64956700,2.61277720,-8.32265900,29.03118100,-65.06312000,-53.63584000,17.14839600,1.58099100,15.00003300,44.41419200,15.16117900,10.50092400,39.26031000,23.44697800,-12.33525400,50.93575000,-8.37731500,-4.65202900,16.52853000,-143.41483000,-46.37563300,66.04559000,65.94311000,56.51069600,-16.26795800,-13.55080900
697,-11.88725090,-10.97581196,66.08964484,-11.16414307,10.22472611,158.28261598,-22.83453800,-30.00006700,13.77020600,22.39805800,1.91913690,-8.61825600,19.94641000,-64.20088000,-39.05699000,23.84613800,-3.02997850,3.57295200,44.24734000,14.60415100,9.46862800,40.02951400,24.39142800,-11.54298900,50.22215700,-6.81316380,-3.42603680,16.62555700,-145.17810000,-46.04445000,65.02194000,64.05668000,54.17892000,-16.23229400,-14.18836000
698,-12.24353600,-10.22298431,66.10090805,-11.44555552,10.58327166,159.10202588,-22.26092100,-30.00006700,13.56840900,21.43445200,2.22932980,-8.89358000,14.77660500,-62.57147600,-32.13735600,27.63353500,-4.24638940,-4.99179840,43.95386500,13.63424800,8.15237000,40.78555300,25.31524000,-10.49961100,50.23719800,-5.86605170,-3.85950110,16.04238900,-147.06194000,-45.78859300,65.05571000,62.17564400,54.07087300,-16.63722200,-14.06249100
699,-12.55193901,-9.50871563,65.99318485,-11.78052436,10.79486532,159.63846742,-21.74024600,-30.00006700,13.56805900,20.73113600,2.34619620,-8.87947500,13.42874200,-61.41419600,-30.69595100,28.78213500,-4.11335700,-8.09494800,43.63031000,12.75629500,6.84711930,41.40048200,26.08765200,-9.91268300,50.55929600,-5.35014720,-4.08346180,15.21185000,-148.69398000,-45.61421000,64.98405000,60.37160000,53.42620000,-17.09838300,-13.66414800
700,-12.81062508,-8.84799767,65.76026156,-12.14525826,10.64367717,159.86058257,-21.38267700,-30.00006700,13.64328800,20.47848700,2.22026320,-8.78286900,12.64198900,-60.51593800,-29.85009000,29.50936700,-3.90934130,-10.17539900,43.31329300,12.04454800,5.57152200,41.88404500,26.69284400,-9.69701500,50.75598000,-4.68794630,-3.82568360,14.53812300,-150.01323000,-45.50791500,64.67536000,58.61095000,52.00653500,-17.39217400,-13.25461500
701,-13.04525566,-8.25760174,65.58933803,-12.27239812,10.16575201,160.37638519,-21.28482400,-30.00006700,13.65895700,20.92106400,1.86876310,-9.09024200,8.81630600,-59.53489700,-24.36801000,33.58762700,-4.84320300,-15.00003300,42.99718500,11.55455400,4.46033530,42.40953400,27.35314000,-9.40829850,49.98691600,-2.83613470,-3.38886430,14.63771000,-151.10150000,-45.41903000,64.52189000,56.88216000,50.67436000,-17.23564300,-13.10443300
702,-13.19611645,-7.75468063,65.37292583,-12.61663111,9.64395768,161.03277021,-20.93546900,-30.00006700,13.54415200,20.81404900,1.93848470,-9.21913100,8.85637100,-58.93232300,-24.24269900,33.64344000,-4.34655760,-15.00003300,42.86528800,10.84019500,3.31423140,43.20468500,27.78266000,-8.97901400,49.50448600,-2.13634600,-3.00993660,14.11431700,-151.82959000,-45.33101300,64.32970000,55.28181500,49.71068000,-17.40388100,-12.60782500
703,-13.30089378,-7.31775904,65.27690608,-12.82642171,9.20367607,161.83729373,-20.39527300,-30.00006700,13.49192500,20.39994600,2.14609860,-9.26079400,8.97485800,-58.53866000,-24.31224000,33.71065000,-3.60127100,-15.00003300,42.47249200,10.15954800,2.33674100,43.72705500,28.18996200,-8.54005500,49.33241700,-1.67991010,-2.82178520,13.48564600,-152.29257000,-45.19365700,63.70472700,53.69516800,48.92925300,-17.60151500,-12.21296500
704,-13.35871983,-6.94690514,65.28347128,-12.96974246,8.78830495,162.69169130,-19.70575300,-30.00006700,13.29817700,19.73231700,2.49929430,-9.31735800,9.04959100,-58.26898200,-24.41261500,33.81501000,-2.66518160,-15.00003300,41.95807600,9.53003700,1.45900510,43.99366000,28.63810500,-8.31483200,49.28697200,-1.24122760,-2.64777160,12.91890600,-152.55168000,-45.00503500,62.83979400,52.11646300,48.34267000,-17.85678700,-11.94096800
705,-13.36780739,-6.64251375,65.35158455,-13.13535149,8.32683011,163.48020472,-18.91251400,-30.00006700,12.76996100,18.87174000,3.01425240,-9.48008200,9.00063100,-58.06284000,-24.39369400,33.90008000,-1.59269460,-15.00003300,41.48168600,8.95065100,0.60100967,44.03145600,29.09354800,-8.51830900,49.25171700,-0.64227100,-2.33066000,12.55873900,-152.66678000,-44.78308500,61.98734000,50.51460000,47.94031000,-18.20158000,-11.77611000
706,-13.29975891,-6.41495085,65.44478770,-13.26791362,7.97208533,163.83728048,-18.16253900,-30.00006700,12.32875000,17.73805600,3.76312020,-9.67777600,9.69326400,-58.05626300,-25.84621000,32.98430600,-0.24828081,-15.00003300,41.21304700,8.19418100,-0.49119148,44.17394300,29.33161000,-8.96815900,49.65046700,-0.44708598,-2.48393060,11.91649150,-152.80186000,-44.56068400,61.77647000,49.24616600,47.00274000,-18.34151800,-11.51380100
707,-13.18527031,-6.24805593,65.47710346,-13.58704478,7.63019654,164.14151855,-17.28748700,-30.00006700,11.58300500,16.32579600,4.63926360,-9.88481200,12.28896500,-57.91485200,-29.74456400,30.04245200,1.51441750,-12.56278600,40.95559700,7.48030100,-1.43719350,44.17496500,29.52544000,-9.43361100,49.71945000,-0.43256262,-2.54050850,11.75549100,-152.86086000,-44.27430700,61.06063000,47.47086000,46.17502000,-18.59127200,-11.22654900
708,-13.06564522,-6.13292551,65.52937239,-13.78644289,7.07050582,164.66844360,-16.24443400,-30.00006700,10.98866750,15.24663450,5.27234900,-10.01491300,15.90466700,-57.69557600,-33.65197800,26.50051900,3.74138280,-5.50293160,40.45054000,6.89260670,-2.13968470,44.25564000,29.67183900,-9.81565200,49.62194000,-0.61921920,-2.76549220,11.86101400,-152.88620000,-43.93745800,60.32246000,45.71496600,45.23861300,-18.84125700,-11.00923250
709,-12.91915512,-6.05790710,65.66569595,-13.89573096,6.46589013,165.27667691,-14.94657700,-30.00006700,10.34818000,13.80018700,6.05778600,-10.11115700,19.42034300,-57.39428000,-37.54529000,23.01398800,6.34337700,0.84730350,39.81200400,6.31476700,-2.86967520,44.34989000,29.74003200,-10.20610200,49.63610500,-0.96939460,-3.23650600,12.03825900,-152.89804000,-43.57174700,59.80624800,44.23864700,44.23091000,-19.09116400,-10.84724200
710,-12.74144936,-6.01501560,65.71361386,-14.02956412,5.64667217,165.76195731,-13.67215700,-30.00006700,9.85980200,12.62209900,6.71312400,-10.14296100,24.97524800,-56.59752700,-44.11850000,16.75049200,10.39094600,10.59391500,39.22431000,5.67957600,-3.53134160,44.41538200,29.72270400,-10.87709400,49.83890000,-1.23043120,-3.59570170,11.77307000,-152.90274000,-43.16408000,59.20802000,43.06000000,43.97969400,-19.60563000,-10.30811700
711,-12.55217171,-5.99739361,65.73189872,-14.08832965,5.22756360,166.33266954,-13.15042300,-30.00006700,9.35302000,12.04355500,6.88066770,-10.17576400,27.73247000,-56.05750300,-47.70866400,13.25556000,12.88127700,15.00003300,38.77197600,5.08691550,-4.29010000,44.28653000,29.66593200,-11.24723400,49.56859200,-1.17832450,-3.76236340,11.62787100,-152.78156000,-42.73587000,58.71233700,41.48281000,43.29821800,-20.10735000,-9.58334200
712,-12.36854553,-6.00545454,65.73945187,-14.13191004,4.61806337,166.69792491,-12.59477000,-30.00006700,8.98958100,11.66580400,7.16072370,-10.26783000,28.24955200,-56.81644000,-48.24276000,13.38739600,13.30556600,15.00003300,38.40090600,4.63299660,-4.91893400,44.06009700,29.55288900,-11.67914300,49.40407600,-1.20917640,-3.86175970,11.44699000,-152.66070000,-42.28910000,58.35163500,40.02321200,42.78152500,-20.51662800,-9.06530600
713,-12.18425941,-6.01831913,65.73951451,-14.15660776,3.94780266,166.90726297,-12.08186300,-30.00006700,8.80100700,11.39027700,7.55827670,-10.39524700,28.73169500,-57.69567000,-48.75696000,13.63030000,13.68379900,15.00003300,38.07127000,4.22816370,-5.48289160,43.80566400,29.39233400,-12.18438200,49.36753000,-1.36538310,-3.98416470,11.19386800,-152.60304000,-41.82802000,58.10248000,38.72393800,42.44348000,-20.90503900,-8.60676300
714,-12.01292133,-6.02893591,65.76256213,-14.15186074,3.48127094,167.43935487,-11.58127500,-30.00006700,8.65123500,11.02308900,7.81347040,-10.42891300,29.34666400,-58.13359500,-49.26862300,13.47515000,14.18833700,15.00003300,37.55795700,3.89845400,-5.99404200,43.76961500,29.22484800,-12.55582100,49.07548500,-1.51087950,-4.26117230,10.86764900,-152.63826000,-41.38806000,57.86444500,37.35441600,42.02229700,-21.47885300,-7.65083840
715,-11.85517788,-6.02780819,65.79131538,-14.10911668,3.02199519,167.83862106,-11.23788700,-30.00006700,8.40556600,10.78336800,7.97169880,-10.59650100,29.59711600,-58.52905700,-49.46893300,13.65889500,14.44294600,15.00003300,37.28257400,3.60515210,-6.42382960,43.30940200,29.01538300,-13.11026900,49.30785000,-1.48653770,-4.45717760,10.94537400,-152.62885000,-40.97170000,57.64560000,36.43693500,42.02319000,-21.85822300,-6.92973100
716,-11.70845890,-6.01858330,65.75655576,-14.19715784,2.70395577,167.99928258,-10.86363600,-30.00006700,8.27008150,10.49300700,8.20920200,-10.69432300,30.11955800,-59.17447300,-50.12040000,13.66018600,14.69102400,15.00003300,36.97216400,3.40356100,-6.83071400,43.07560300,28.82119000,-13.67813900,49.20076000,-1.31987900,-4.77631200,11.13693100,-152.50226000,-40.54015400,57.36276000,35.39227300,41.98959000,-22.25516300,-6.56692360
717,-11.57290459,-5.99842930,65.71457575,-14.28553157,2.44246845,168.18715672,-10.49581000,-30.00006700,8.23537200,10.20585500,8.40346000,-10.70917500,30.73171800,-59.75482000,-50.86110000,13.59753500,14.92272300,15.00003300,36.62787600,3.23256100,-7.20824240,43.00752600,28.65760800,-14.09450150,48.84347000,-1.27740930,-5.29039050,11.37145800,-152.28358000,-40.08970600,57.10113500,34.40639500,41.76142000,-22.50301200,-6.39860100
718,-11.44830036,-5.96451044,65.72573494,-14.23052261,2.13161279,168.67568655,-10.18928000,-30.00006700,8.26217800,9.99198900,8.41702700,-10.65554200,31.13337700,-59.92547000,-51.19220700,13.64595900,15.10112400,15.00003300,36.27379200,3.02874540,-7.54652800,42.94550700,28.51474800,-14.22997800,48.46160500,-1.61591590,-6.03355840,11.59617000,-152.01181000,-39.64358000,56.95429200,33.68877400,41.23713000,-22.43790000,-6.19760900
719,-11.32892704,-5.91617012,65.68059547,-14.23751971,1.83323473,168.76324615,-10.05379900,-30.00006700,8.24630500,9.93197500,8.41735000,-10.77901500,31.25047300,-60.21761000,-51.25728600,13.73880200,15.18638300,15.00003300,35.97908800,2.94474900,-7.93255900,42.67188300,28.36292600,-14.68108500,48.55209400,-1.68629940,-6.32563970,11.69037200,-151.88120000,-39.23416000,56.89283800,32.84728200,41.08381700,-22.92658800,-5.29450230
720,-11.21502590,-5.86004019,65.61281017,-14.29541882,1.61513437,168.77968254,-9.96729000,-30.00006700,8.27411800,9.88808100,8.48851800,-10.91774500,31.38474000,-60.58400700,-51.47117600,13.85875800,15.30542500,15.00003300,35.85775400,2.85885860,-8.23448400,42.25572200,28.22257400,-15.06047500,48.84457000,-1.74109710,-6.36628060,11.56882500,-151.78862000,-38.84206800,56.57829000,32.15341600,41.05425300,-23.22855000,-4.72430900
721,-11.10488510,-5.79631233,65.54889128,-14.33798546,1.42154204,168.81227659,-9.88047800,-30.00006700,8.40390700,9.85043000,8.54587200,-10.95096600,31.52813500,-60.87960400,-51.63742000,13.91326400,15.41765400,15.00003300,35.72068400,2.75485300,-8.50792200,41.94976400,28.08085600,-15.29343300,49.03017000,-1.80818700,-6.57778800,11.56490500,-151.63725000,-38.46152000,56.44052500,31.56799100,40.77429000,-23.30604200,-4.70543700
722,-10.99782753,-5.72600937,65.49255295,-14.34685055,1.19875880,168.90279536,-9.76388200,-30.00006700,8.62220400,9.81520000,8.55070100,-10.86602100,31.67393100,-61.03964200,-51.68148000,13.88853200,15.49989200,15.00003300,35.51234400,2.64911100,-8.77326200,41.77536000,27.94511200,-15.41910650,49.04599000,-1.88682230,-7.05937400,11.78320400,-151.39842000,-38.08358400,56.59336500,31.05460400,40.22359000,-23.19596000,-5.13735150
723,-10.89560699,-5.65309048,65.38063546,-14.42134760,0.82657059,169.01361844,-9.62454300,-30.00006700,8.68676700,9.80824400,8.54745700,-10.95842100,31.80456200,-61.16732000,-51.79270000,14.03156950,15.52867100,15.00003300,35.39662000,2.63859130,-8.93019400,41.31646700,27.88778900,-15.64989200,49.27604000,-1.85359530,-7.05251840,11.75409700,-151.20393000,-37.70155300,56.14312400,30.49897600,40.39427000,-23.19880900,-4.80879740
724,-10.80730438,-5.57571173,65.34632567,-14.37510041,0.61710379,168.99632573,-9.67091200,-30.00006700,8.87540100,9.91716400,8.54933100,-11.02680600,31.59239000,-61.26647000,-51.51206600,14.20332700,15.50413800,15.00003300,35.22805000,2.66084770,-9.18122300,41.11694700,27.80773000,-15.92384700,49.30072400,-1.88526570,-7.37803400,12.03298600,-150.97990000,-37.35780700,56.15767700,29.93303000,40.02607000,-23.22861000,-4.56092550
725,-10.73177814,-5.49998569,65.30040559,-14.34370098,0.44490230,168.97250124,-9.71553400,-30.00006700,9.05146300,10.01854000,8.47095700,-11.04494500,31.46260800,-61.33130600,-51.39039600,14.32926000,15.39111300,15.00003300,35.12118000,2.71530100,-9.39556300,40.87614400,27.75869600,-16.18126000,49.24810400,-1.74307320,-7.53911450,12.16220000,-150.78233000,-37.02430700,55.88294200,29.36894400,39.73271000,-23.29745100,-4.50439360
726,-10.67005348,-5.42823267,65.24091611,-14.33987944,0.28651596,168.95364543,-9.73945200,-30.00006700,9.18588800,10.09789300,8.35779700,-11.02480600,31.44099400,-61.36596000,-51.44240600,14.40134300,15.24568800,15.00003300,35.06672300,2.77904650,-9.55928500,40.58653300,27.74595300,-16.36633900,49.20032000,-1.47955860,-7.49443500,12.14594800,-150.64938000,-36.70074500,55.38305700,28.90638700,39.68654000,-23.37805600,-4.57724100
727,-10.62454319,-5.36218023,65.21554248,-14.31118025,0.16109687,168.89449678,-9.81624700,-30.00006700,9.29410500,10.20818500,8.36054000,-11.00958600,31.31544500,-61.39117000,-51.35554500,14.46790600,15.20978400,15.00003300,35.02266300,2.81939340,-9.72735800,40.25587000,27.70458600,-16.49507900,49.43043500,-1.36537530,-7.45426300,12.30265900,-150.63234000,-36.43245700,55.35257300,28.74578500,39.94991000,-23.41283800,-4.58018800
728,-10.60052681,-5.30767870,65.12392974,-14.42072515,0.11458684,168.90372088,-9.79739000,-30.00006700,9.25338650,10.19354250,8.26202700,-11.02864200,31.36023500,-61.34398700,-51.51926800,14.40568400,15.10284700,15.00003300,34.95966700,2.84791830,-9.84096700,39.94754400,27.63278400,-16.53429800,49.60933300,-1.56761260,-7.30674740,12.07691300,-150.53421000,-36.21272700,54.90968000,28.48087000,39.99571200,-23.31240000,-4.36537930
729,-10.58729458,-5.26090717,65.06686349,-14.46330237,-0.01083965,169.04343680,-9.73717800,-30.00006700,9.21105600,10.18019700,8.14160600,-11.01719950,31.43858700,-61.19907400,-51.62197500,14.36264200,14.99884500,15.00003300,34.84478800,2.87596490,-9.92361000,39.59664000,27.60246500,-16.72663700,49.73340600,-1.35418780,-7.11801600,11.98361100,-150.37860000,-36.03900500,54.52337000,28.30914000,40.17535000,-23.24213800,-4.22106270
730,-10.58389282,-5.22205544,65.04773219,-14.44663978,-0.16234450,169.27238633,-9.65919400,-30.00006700,9.20467800,10.17024400,8.04275400,-10.96825300,31.52228400,-60.99502000,-51.65216400,14.32566700,14.90671400,15.00003300,34.70445000,2.90739850,-9.99361300,39.28784000,27.61889000,-16.99701900,49.74206500,-1.01626440,-7.04615000,12.10783700,-150.23387000,-35.84687000,54.22496400,28.20666700,40.37305500,-23.24861300,-4.23738050
731,-10.58938599,-5.19145393,65.05795493,-14.40250603,-0.26630658,169.53082343,-9.58816800,-30.00006700,9.26085100,10.15765700,8.00553300,-10.88452100,31.58799400,-60.78772400,-51.62843300,14.27590000,14.82238200,15.00003300,34.53334400,2.91352990,-10.04531200,39.14945200,27.64628400,-17.14557000,49.56760800,-0.90992385,-7.24744650,12.49668700,-150.12138000,-35.73329500,53.94079000,27.96346700,40.45961000,-23.34941900,-4.47851200
732,-10.59863091,-5.17267752,65.05126449,-14.40529869,-0.39055785,169.71382875,-9.50268700,-30.00006700,9.20075600,10.11307300,8.03195300,-10.89140600,31.71076400,-60.64119700,-51.72704000,14.18398300,14.69756200,15.00003300,34.51607500,2.92386630,-10.08988100,39.00925000,27.64551000,-17.14139400,49.51984800,-0.93920400,-7.17948200,12.56921200,-150.08473000,-35.71539700,53.87996700,27.81549000,40.69427000,-23.34577400,-4.79845600
733,-10.61030865,-5.16167402,65.05407911,-14.40620914,-0.45380367,169.86632764,-9.39745300,-30.00006700,9.19667200,10.04477600,8.04214500,-10.84418900,31.87034800,-60.57873500,-51.90802400,14.11914500,14.63901000,15.00003300,34.45701000,2.89806650,-10.15877900,38.87976500,27.64179200,-17.14121200,49.56329000,-0.97571445,-7.37940700,12.84967400,-150.01381000,-35.69836400,53.78857400,27.69484000,40.79621000,-23.38486500,-4.98710160
734,-10.62131882,-5.15750694,65.04962831,-14.41536431,-0.54448708,169.96788397,-9.27473100,-30.00006700,9.19005700,9.99459300,8.04192400,-10.81193700,32.07419600,-60.56443800,-52.09713000,14.04747800,14.62659200,15.00003300,34.33496500,2.87191750,-10.21608700,38.78184500,27.63044400,-17.21241600,49.64743800,-1.02040310,-7.53053240,12.89022300,-149.90353000,-35.67872000,53.60848200,27.61140600,40.87223000,-23.39196800,-5.05204770
735,-10.62866592,-5.15843201,65.02972167,-14.42467165,-0.68740549,170.00538037,-9.18165600,-30.00006700,9.17073100,9.97197600,8.04033400,-10.82857000,32.17807000,-60.60224500,-52.13995700,14.03469500,14.60784100,15.00003300,34.21359300,2.84623360,-10.24774300,38.75935700,27.61499200,-17.38033900,49.61576500,-1.01545800,-7.42671350,12.51306250,-149.81831000,-35.66489800,53.41434000,27.61092200,41.04289600,-23.36948200,-5.04923400
736,-10.63394451,-5.16404819,65.03499908,-14.42822575,-0.85512875,170.27265160,-9.03537100,-30.00006700,9.00011300,9.88357600,8.08338500,-10.85304100,32.33724600,-60.40758000,-52.21288300,13.96512000,14.62159300,15.00003300,34.03086000,2.81061550,-10.25052100,38.62502000,27.60999900,-17.56911300,49.52291500,-0.85317767,-7.26498100,12.16899800,-149.75175000,-35.65630300,53.24533000,27.76916100,41.24834400,-23.45302600,-5.19787200
737,-10.63881588,-5.16897202,65.06451515,-14.41957651,-0.87110434,170.53394588,-8.94703900,-30.00006700,8.83738700,9.78114300,8.09291700,-10.84865400,32.47661000,-60.20216400,-52.36244600,13.85627700,14.65246100,15.00003300,33.98394800,2.76042900,-10.33321700,38.37356000,27.60664200,-17.57746000,49.67137500,-0.92339820,-7.20630500,12.24493200,-149.67085000,-35.65284700,53.20437000,27.75865000,41.15667000,-23.27979900,-5.31031700
738,-10.63970852,-5.17192507,65.06201866,-14.46114009,-0.87837535,170.73544249,-8.84724600,-30.00006700,8.69207400,9.67500200,8.10335300,-10.83494800,32.65695600,-60.05337500,-52.58250800,13.72870600,14.65464300,15.00003300,33.99284700,2.71827050,-10.38975300,38.16265000,27.59247600,-17.52725200,49.72852700,-0.93794570,-7.08281100,12.18414900,-149.64674000,-35.65139400,53.10605000,27.73795300,41.16151000,-23.21539000,-5.35410830
739,-10.63559246,-5.17091656,65.02761846,-14.54269759,-0.92445816,170.86348673,-8.72436100,-30.00006700,8.58254000,9.58133600,8.12958900,-10.82537300,32.86065300,-59.96745300,-52.80049500,13.59927500,14.64706500,15.00003300,33.98399700,2.69893100,-10.41367500,38.08374000,27.58112500,-17.50704000,49.62000700,-0.89967406,-6.91971830,11.97599800,-149.63812000,-35.65419000,52.95511200,27.73558800,41.27974300,-23.25976400,-5.32309300
740,-10.62542629,-5.16091490,64.99799624,-14.59043035,-1.01013186,170.90070361,-8.63841500,-30.00006700,8.56710300,9.53968600,8.18555800,-10.84068500,32.91299000,-59.95392200,-52.78055200,13.56510700,14.67460900,15.00003300,33.81667000,2.69110730,-10.42409700,38.18882400,27.57084700,-17.55832100,49.40168800,-0.91842496,-6.86971330,11.90938100,-149.59071000,-35.65875000,52.86117000,27.77712400,41.33640300,-23.19955400,-5.23384000
741,-10.60958099,-5.13681984,64.97542740,-14.57952475,-1.10630662,170.74718401,-8.66717600,-30.00006700,8.61274100,9.61477850,8.15527300,-10.88925200,32.79655000,-60.06606000,-52.63088200,13.66631000,14.61783900,15.00003300,33.75288800,2.70183320,-10.50430300,38.29728700,27.52665500,-17.54500400,49.31413000,-0.88012064,-6.85231260,11.87346200,-149.46294000,-35.68151000,52.93436000,27.78829000,41.41583600,-23.31522800,-4.90728000
742,-10.59302425,-5.10250854,64.96507489,-14.55857820,-1.15358452,170.67256001,-8.73346200,-30.00006700,8.65603000,9.69335000,8.13703100,-10.92863750,32.63841000,-60.08276000,-52.47538400,13.78304500,14.55273000,15.00003300,33.76432400,2.71460460,-10.55468300,38.24392000,27.49340400,-17.54014600,49.28954000,-0.87064046,-6.75140100,11.68727000,-149.41728000,-35.70296000,53.02206000,27.78660200,41.57246800,-23.35545700,-4.72188400
743,-10.57606888,-5.05894995,64.96389950,-14.53414275,-1.17864858,170.69949210,-8.80308700,-30.00006700,8.69581000,9.75806200,8.14419600,-10.94919400,32.48439000,-59.97995800,-52.31785200,13.87355500,14.49991000,15.00003300,33.77911400,2.72734260,-10.58383400,38.10845000,27.48785400,-17.53365100,49.26708600,-0.91680690,-6.67499100,11.53249550,-149.38144000,-35.71432500,53.04370500,27.79519300,41.66010300,-23.26614600,-4.79529300
744,-10.55841827,-5.00730705,64.96674627,-14.50855577,-1.21934290,170.81112830,-8.84455800,-30.00006700,8.73966500,9.79755600,8.18013800,-10.94703600,32.36160000,-59.76745200,-52.13902700,13.90728100,14.47290900,15.00003300,33.75817500,2.74503250,-10.59302200,37.99349600,27.50984000,-17.47665600,49.16454700,-0.98234946,-6.75986340,11.61904700,-149.32810000,-35.72010000,53.06423000,27.86618000,41.56413700,-23.06354500,-5.23588560
745,-10.54241467,-4.94955206,64.94079248,-14.52645461,-1.19247594,170.78482833,-8.93240900,-30.00006700,8.79046600,9.85682700,8.17646800,-11.00474800,32.18457400,-59.66430700,-51.99888200,13.97903300,14.40430450,15.00003300,33.79903800,2.78896830,-10.62905000,37.99262200,27.54247000,-17.36654900,49.01394700,-0.92662716,-6.92984250,11.78284800,-149.37890000,-35.72023000,53.10234500,27.86813000,41.65829500,-23.07940000,-5.10030460
746,-10.52591419,-4.89165783,64.90621808,-14.53038614,-1.21078242,170.66805546,-9.03959000,-30.00006700,8.84266200,9.95907700,8.11311300,-11.04808600,31.95253600,-59.64342000,-51.78479400,14.11110100,14.35843850,15.00003300,33.84248700,2.82389450,-10.68054900,37.96626700,27.56492800,-17.21263500,49.04792800,-0.91998200,-7.04910950,11.88509100,-149.42250000,-35.72341500,53.26348000,27.98388900,41.86218300,-23.26609400,-4.84786270
747,-10.51062012,-4.83595943,64.87938563,-14.52500921,-1.24086535,170.57843021,-9.12239100,-30.00006700,8.92904000,10.04720000,8.08220100,-11.09117700,31.76238600,-59.59889600,-51.57673000,14.20284700,14.34320000,15.00003300,33.84064000,2.86287430,-10.74258700,37.99445300,27.58763900,-17.10469200,49.01251200,-0.99456160,-7.31323770,12.05875400,-149.42020000,-35.72547500,53.44301600,28.12294400,42.00001500,-23.40638000,-4.68446300
748,-10.49757957,-4.78464222,64.86515255,-14.51713917,-1.26261251,170.58217779,-9.16693900,-30.00006700,9.05725700,10.10218100,8.11868400,-11.14223300,31.66398400,-59.48033000,-51.43287000,14.21819800,14.34818300,15.00003300,33.79746200,2.90595410,-10.80765150,38.08797500,27.63912600,-17.09343500,48.80224200,-1.14634070,-7.74618100,12.29710900,-149.37308000,-35.71810500,53.56784400,28.24774000,42.01328700,-23.39558200,-4.69356160
749,-10.48692513,-4.74227762,64.84319086,-14.53452983,-1.27165954,170.64892288,-9.19258200,-30.00006700,9.11093600,10.12153600,8.14117500,-11.20146800,31.67103200,-59.32427600,-51.48509000,14.19004100,14.35387600,15.00003300,33.82115600,2.93273380,-10.82650700,37.95976600,27.65313500,-17.09250300,48.85027700,-1.15781350,-7.75011540,12.12600700,-149.41022000,-35.71599600,53.51594000,28.35720000,42.25395600,-23.40797200,-4.59852030
750,-10.47829151,-4.70907116,64.80882809,-14.58344271,-1.25504977,170.67562864,-9.18153400,-30.00006700,9.14725800,10.10112100,8.13485400,-11.19227500,31.69765700,-59.23887000,-51.55426800,14.13835900,14.35825900,15.00003300,33.76373300,2.93760730,-10.85036900,37.91977700,27.66397300,-17.11923600,48.92215700,-1.27259900,-7.85129700,12.03068800,-149.48749000,-35.71885000,53.45659600,28.39390800,42.28314600,-23.48915900,-4.64298100
751,-10.47038937,-4.68286037,64.76764465,-14.63527761,-1.27665141,170.69714354,-9.15007300,-30.00006700,9.19079800,10.09086200,8.12138200,-11.16339000,31.74172800,-59.19590000,-51.60964600,14.11773200,14.35156500,15.00003300,33.71556000,2.95020250,-10.86202050,37.90346000,27.67108200,-17.14818000,48.94005000,-1.47895600,-7.96708300,11.94220900,-149.55188000,-35.72508600,53.40304600,28.49557300,42.34252000,-23.53595500,-4.75466200
752,-10.46379280,-4.66368437,64.72959477,-14.66732467,-1.35736530,170.69972745,-9.10380900,-30.00006700,9.25897900,10.09764500,8.11835000,-11.13795100,31.79665000,-59.19407000,-51.63871000,14.12448600,14.33740100,15.00003300,33.68394500,2.97097900,-10.85465050,37.88610500,27.68100400,-17.18917500,48.93501300,-1.72597240,-8.07016700,11.85700000,-149.56270000,-35.73818600,53.32152000,28.65185700,42.45945400,-23.55361000,-4.86865570
753,-10.45940876,-4.65002966,64.71513775,-14.64476707,-1.47425747,170.64031174,-9.09688200,-30.00006700,9.36600500,10.15858100,8.13486100,-11.14176500,31.78822700,-59.28812000,-51.61104000,14.23567900,14.26548100,15.00003300,33.63798500,2.99747800,-10.83481000,37.93234300,27.68586200,-17.22788800,48.93134700,-1.78637250,-8.13209900,11.80624400,-149.51442000,-35.75178000,53.29119000,28.75970500,42.57100700,-23.68272800,-4.93423180
754,-10.46587563,-4.64257431,64.75381863,-14.58314787,-1.39348441,170.56679075,-9.15304600,-30.00006700,9.48080500,10.18580600,8.12743900,-11.10318700,31.72517800,-59.37600000,-51.61218300,14.26183800,14.26401700,15.00003300,33.65830200,2.95732780,-10.90432100,37.92485400,27.68066000,-17.21270200,49.09059500,-1.88478910,-8.11207000,11.75615400,-149.53317000,-35.79056500,53.35536000,28.58798800,42.49629200,-23.74346400,-4.94781260
755,-10.47724152,-4.64043045,64.78578151,-14.49319160,-1.39068482,170.45876747,-9.21435450,-30.00006700,9.65448800,10.27017900,8.07796500,-11.06635900,31.66029500,-59.53059400,-51.54963000,14.35619000,14.18251800,15.00003300,33.66607300,2.95815060,-10.92542400,37.99611700,27.67498800,-17.23866300,49.12420300,-1.91565640,-8.20189900,11.84098000,-149.51982000,-35.80595400,53.37521000,28.49123600,42.49688000,-23.92128600,-5.03824850
756,-10.49516392,-4.64505577,64.79932032,-14.42160470,-1.43803157,170.35732672,-9.23333500,-30.00006700,9.83071400,10.33542000,8.02403900,-11.02717600,31.64184000,-59.70897700,-51.50641300,14.45072500,14.08072200,15.00003300,33.65505000,2.97349980,-10.92528300,38.09035000,27.65990600,-17.32369400,49.15247000,-1.98063100,-8.36636900,11.92784200,-149.52240000,-35.83601000,53.37715000,28.47458800,42.53700300,-24.12745700,-5.14753500
757,-10.52291107,-4.65847015,64.78995577,-14.43174076,-1.46416130,170.34493199,-9.15336100,-30.00006700,9.91098400,10.29776800,8.00941500,-10.97419300,31.78612500,-59.82232000,-51.65791300,14.42588300,14.05689800,15.00003300,33.58391600,2.96437220,-10.94680100,38.04448000,27.59984800,-17.45364200,49.45408600,-2.20405550,-8.54269900,11.83494000,-149.59943000,-35.92841000,53.37707500,28.46295400,42.53648000,-24.21687300,-5.18486900
758,-10.56632137,-4.68175745,64.81040006,-14.43288492,-1.40753139,170.30923467,-9.09912900,-30.00006700,9.96388700,10.25414800,8.04661500,-10.92538000,31.89506000,-59.99394000,-51.84456300,14.42651200,14.06247100,15.00003300,33.58985000,2.93785790,-10.98108000,38.08465600,27.56722300,-17.49554800,49.64235000,-2.34604380,-8.63904400,11.81024700,-149.71953000,-35.96756400,53.28457000,28.34224900,42.42313000,-24.34915500,-5.40448140
759,-10.61936188,-4.71252966,64.83240540,-14.42866629,-1.38135127,170.29989893,-9.00717000,-30.00006700,10.00497900,10.19573100,8.05786500,-10.85459500,32.03510000,-60.15489200,-51.99848000,14.41752400,14.09735300,15.00003300,33.48869300,2.90741250,-11.01454200,38.08231400,27.45377700,-17.51126300,49.96598000,-2.50922200,-8.77597700,11.83762550,-149.71404000,-36.09197000,53.04501300,28.10527400,42.35010500,-24.46911400,-5.51301000
760,-10.68097878,-4.74913168,64.85651024,-14.41581461,-1.36554854,170.27256279,-8.92275600,-30.00006700,10.03592700,10.15289300,8.05264300,-10.80030700,32.18706500,-60.35006000,-52.18273500,14.42737200,14.10044200,15.00003300,33.40875600,2.87491560,-11.04468300,38.13233600,27.35426000,-17.51970500,50.23150600,-2.62898060,-8.86291800,11.81094500,-149.75010000,-36.20078700,52.87891000,27.94541000,42.37609500,-24.57742000,-5.59023200
761,-10.75044537,-4.79086447,64.88387748,-14.39587242,-1.35258215,170.21408327,-8.85451800,-30.00006700,10.05161200,10.12810600,8.04406400,-10.77705400,32.35975600,-60.58616600,-52.43767500,14.44864100,14.05936300,15.00003300,33.36406300,2.84096840,-11.08161800,38.21417000,27.27760100,-17.56480400,50.46394000,-2.69982840,-8.87892900,11.72657300,-149.80570000,-36.28131000,52.74584000,27.83843200,42.44904000,-24.64482100,-5.65004500
762,-10.82857895,-4.83784533,64.91687784,-14.38412279,-1.34196220,170.21624045,-8.74111400,-30.00006700,10.03429100,10.06544100,8.04558200,-10.71420000,32.55849000,-60.78619400,-52.67465600,14.46195800,14.07733700,15.00003300,33.26457000,2.79896120,-11.11006700,38.26386000,27.19654700,-17.66061600,50.73463000,-2.73319750,-8.96289600,11.66996000,-149.82956000,-36.37182200,52.53943000,27.66553100,42.28607000,-24.85239000,-5.71106600
763,-10.91174698,-4.88610840,64.94766786,-14.38097538,-1.31007998,170.21205008,-8.63021400,-30.00006700,10.04327100,10.00419200,8.06366350,-10.64877300,32.79401800,-61.00615300,-52.99548300,14.46526700,14.05981700,15.00003300,33.17322500,2.75202510,-11.11656700,38.26304200,27.06519100,-17.74393700,51.11459000,-2.72995040,-9.03561500,11.62117800,-149.83273000,-36.51180300,52.21537000,27.37061500,42.07474000,-25.05482900,-5.87536050
764,-10.99772930,-4.93273926,64.97708819,-14.37846175,-1.24998954,170.16352924,-8.54350400,-30.00006700,10.06407400,9.95498700,8.06651400,-10.57449500,33.01051700,-61.25611000,-53.31189700,14.45807800,14.04644100,15.00003300,33.12826500,2.69887780,-11.14090100,38.28489000,26.95737500,-17.79114500,51.47722000,-2.79968020,-9.07725500,11.55237600,-149.84967000,-36.61825600,51.90415200,27.06387900,41.91510400,-25.22921400,-6.03851100
765,-11.08461475,-4.97588301,65.00037773,-14.37399910,-1.18319349,170.04614872,-8.48443000,-30.00006700,10.09931000,9.93181000,8.03900800,-10.48731400,33.20458200,-61.55124300,-53.60761000,14.44485600,14.02545200,15.00003300,33.08343000,2.64413800,-11.19669600,38.34480300,26.81800000,-17.73815700,51.85700200,-2.98897600,-9.11407850,11.48659900,-149.82611000,-36.73806000,51.64921600,26.73261300,41.75691200,-25.31357600,-6.25242400
766,-11.16959858,-5.01264763,65.00504097,-14.36643528,-1.17176375,169.82133862,-8.44213200,-30.00006700,10.16778600,9.95477900,7.96990160,-10.38134800,33.41472600,-61.92120000,-53.91515000,14.42822550,13.93732500,15.00003300,33.01839000,2.61407800,-11.29939000,38.54393800,26.61401700,-17.49238000,52.20523500,-3.37651660,-9.19485000,11.42630400,-149.78317000,-36.87903600,51.74187000,26.56591000,41.40122200,-25.22770000,-6.78219300
767,-11.25573730,-5.03928709,65.01171397,-14.37932566,-1.13528877,169.77278360,-8.37157000,-30.00006700,10.19542700,9.92727100,7.94261070,-10.31873700,33.60560000,-62.09599300,-54.17635300,14.39773600,13.93216000,15.00003300,32.94283000,2.60031600,-11.33761200,38.58136400,26.46297600,-17.35990500,52.56616000,-3.50154800,-9.17531500,11.35571200,-149.76546000,-36.97602500,51.56674600,26.34014700,41.26116000,-25.23086500,-7.00994060
768,-11.34141922,-5.05691767,65.01633419,-14.39770513,-1.08005590,169.78881886,-8.28743800,-30.00006700,10.22946700,9.87552700,7.89387900,-10.21000900,33.82087300,-62.18996000,-54.46112400,14.33246600,13.90390200,15.00003300,32.86400600,2.57565930,-11.34861200,38.56857700,26.36632300,-17.26615500,52.93290300,-3.61967230,-9.11877800,11.24341800,-149.82182000,-37.03799400,51.39106000,26.15040400,40.93415500,-25.21251900,-7.48539600
769,-11.42490387,-5.06527519,65.02446875,-14.39742918,-1.02528432,169.77274922,-8.22765200,-30.00006700,10.30387200,9.84761400,7.83394670,-10.10766000,33.97823700,-62.29433400,-54.66780500,14.29615600,13.86521000,15.00003300,32.77425400,2.55972500,-11.35240700,38.56827500,26.27848600,-17.22135000,53.28251300,-3.72228550,-9.12878800,11.22466300,-149.86575000,-37.09332300,51.22961000,25.94257200,40.61718000,-25.22301700,-7.98650400
770,-11.50465012,-5.06417322,65.04372566,-14.35086231,-0.99519999,169.62017258,-8.23801100,-30.00006700,10.45229000,9.90555000,7.78332500,-10.09147200,33.97793000,-62.50780500,-54.66859000,14.37001200,13.84831600,15.00003300,32.73254800,2.57647400,-11.37690600,38.68646200,26.25750700,-17.27400000,53.48548000,-3.78797320,-9.30848200,11.41023200,-149.85794000,-37.10336300,51.18544000,25.76698900,40.62410400,-25.37489900,-8.16392700
771,-11.58018780,-5.05529308,65.06089305,-14.28267195,-0.96837684,169.41661581,-8.32446200,-30.00006700,10.58974100,10.02722300,7.67689660,-10.06966000,33.88712300,-62.75972700,-54.65455000,14.53400500,13.73588000,15.00003300,32.80035000,2.54668050,-11.36747000,38.60577400,26.21533200,-17.47367000,53.91995000,-3.83312370,-9.20718700,11.20803500,-149.83128000,-37.11913000,50.95606200,25.54698000,40.63741300,-25.57214700,-8.33486100
772,-11.65484905,-5.04579544,65.07768037,-14.24604964,-0.88489844,169.25679699,-8.36333900,-30.00006700,10.75086200,10.08672300,7.62319600,-10.00870600,33.89901400,-62.96061700,-54.75596200,14.59234600,13.69692800,15.00003300,32.87230700,2.54067330,-11.43584400,38.60095200,26.19729000,-17.50095700,54.12231000,-3.93653800,-9.32534600,11.34034100,-149.82906000,-37.12410700,50.87653400,25.30443000,40.40812700,-25.59007800,-8.50951600
773,-11.72728920,-5.03691244,65.08594833,-14.21613068,-0.79110952,169.09651748,-8.40522100,-30.00006700,10.93811300,10.14952200,7.54409550,-9.90154100,33.92151000,-63.16824300,-54.86545000,14.63244150,13.63976100,15.00003300,32.85343000,2.54675320,-11.50644300,38.68831600,26.11509500,-17.37148500,54.25227000,-4.04857900,-9.45328500,11.50679300,-149.84882000,-37.14754000,50.79304000,25.09409900,40.12948200,-25.58740400,-8.61650600
774,-11.79719925,-5.03039932,65.08325468,-14.18150126,-0.72880525,168.92444708,-8.45946600,-30.00006700,11.13356600,10.24343100,7.41215230,-9.75764100,33.93350000,-63.39492400,-54.93871700,14.68358600,13.53289500,15.00003300,32.82819700,2.56362250,-11.53472100,38.75737000,26.02385500,-17.24689500,54.45906000,-4.14166930,-9.42828500,11.46804400,-149.97770000,-37.18349000,50.84498600,25.04811100,40.00284000,-25.69060300,-8.65448900
775,-11.86480522,-5.03000975,65.07971835,-14.16634678,-0.73795176,168.81392755,-8.45212800,-30.00006700,11.27301800,10.30195800,7.38167400,-9.67370600,33.96610300,-63.58014000,-54.96283000,14.73920250,13.50167700,15.00003300,32.81994000,2.60391140,-11.46703150,38.75073600,25.99123600,-17.32316200,54.67523200,-4.07872870,-9.15969100,11.23233700,-150.16148000,-37.20281600,50.76296000,25.09330400,40.17224000,-25.69253200,-8.62667200
776,-11.93362331,-5.03546953,65.08227295,-14.15660654,-0.69024653,168.73518614,-8.46205200,-30.00006700,11.39612700,10.34003100,7.35694170,-9.56597100,34.07262000,-63.71998600,-55.13107000,14.72322700,13.45559400,15.00003300,32.80529000,2.62514160,-11.45156600,38.63334000,25.87964400,-17.23614500,55.02364700,-4.18133640,-9.02705000,11.00270750,-150.38895000,-37.29685600,50.86786000,25.17351000,39.99723400,-25.58202600,-8.52838900
777,-12.00289726,-5.04519701,65.08681706,-14.13922567,-0.60828619,168.61369823,-8.51423600,-30.00006700,11.47854700,10.40151900,7.26845740,-9.48885600,34.12769700,-63.87327000,-55.25046500,14.69347500,13.39121100,15.00003300,32.85535400,2.64703460,-11.43212000,38.53475600,25.73465200,-17.00168200,55.28309000,-4.20246460,-8.82130300,10.76111500,-150.59872000,-37.45993800,50.97024500,25.22623000,40.14952500,-25.54388600,-8.20813000
778,-12.07292557,-5.05834675,65.10676551,-14.09493643,-0.48089228,168.45789671,-8.60506000,-30.00006700,11.54544200,10.47360600,7.12563040,-9.43811500,34.09621000,-64.04065000,-55.26569700,14.66489000,13.33182200,15.00003300,32.97336200,2.65943360,-11.42289500,38.37312700,25.62651800,-16.81341700,55.57367700,-4.15453770,-8.58209700,10.59285600,-150.75908000,-37.61163000,50.99555600,25.29789000,40.54321000,-25.57893400,-7.75212860
779,-12.14533234,-5.07512379,65.18327543,-13.98397616,-0.26633512,168.37880325,-8.68987500,-30.00006700,11.68268200,10.49880300,7.00990400,-9.34872150,34.03918000,-64.15740000,-55.22774500,14.62603300,13.34608500,15.00003300,32.96497000,2.62484700,-11.37025100,38.09193000,25.48806600,-16.80720500,56.09813000,-3.96603440,-8.58333200,10.80435600,-150.93922000,-37.81237400,51.03308500,25.35748500,40.49628000,-25.64479600,-7.69458060
780,-12.21199322,-5.09852171,65.22653243,-13.89463199,-0.14746347,168.14102851,-8.78596100,-30.00006700,11.82152100,10.59311000,6.88383960,-9.24096600,34.00036000,-64.46322000,-55.22228000,14.64141900,13.16838800,15.00003300,33.07095000,2.67264500,-11.23329700,37.77914400,25.30237800,-16.78753300,56.56828700,-3.92690060,-8.36963100,10.73737300,-151.07469000,-38.06242000,51.01658200,25.62983900,40.79187400,-25.72953000,-7.89104600
781,-12.27453709,-5.12989950,65.23889565,-13.85555255,-0.08574693,168.02137218,-8.75821300,-30.00006700,12.03360000,10.60076100,6.79672700,-9.04108100,34.19811600,-64.71422600,-55.43948000,14.55504900,13.13079900,15.00003300,33.06844700,2.74337360,-10.98299200,37.36773700,25.11140300,-16.92895500,57.01914200,-4.13975900,-8.34837100,10.59526100,-151.14151000,-38.36414000,50.69616300,26.04187200,41.00552000,-25.83867000,-8.03687800
782,-12.33294487,-5.16883373,65.25054507,-13.83304337,-0.01276133,167.98921499,-8.68899100,-30.00006700,12.24804400,10.55983200,6.73766570,-8.79893200,34.48090400,-64.91378000,-55.76375200,14.43731300,13.16484450,15.00003300,33.00486400,2.80920930,-10.66141200,36.83118400,24.92850500,-17.19344900,57.47704300,-4.39560460,-8.37433400,10.46547700,-151.14877000,-38.72043000,50.21887600,26.51555000,41.06391000,-25.84782000,-8.41435500
783,-12.38731766,-5.21420479,65.30342333,-13.77664636,0.15808571,167.95528350,-8.70707900,-30.00006700,12.35045900,10.53765600,6.69143500,-8.59785300,34.61521000,-65.10069000,-56.01238000,14.38921400,13.13102900,15.00003300,32.98382600,2.85044930,-10.33519900,36.14690000,24.75624300,-17.49773200,57.97805000,-4.38971230,-8.18311600,10.43370400,-151.12529000,-39.10150000,49.83930000,26.97903300,40.94648400,-25.59425700,-9.44166900
784,-12.42793846,-5.27152157,65.36214147,-13.66562538,0.39031592,167.55109341,-8.85455700,-30.00006700,12.59950400,10.61444400,6.60069100,-8.54501000,34.74702500,-65.61326600,-56.30406000,14.28562800,12.98684000,15.00003300,33.02731300,2.88324050,-10.02533900,35.61493000,24.47181700,-17.46707300,58.47228200,-4.41885660,-7.96819830,10.29229400,-151.19029000,-39.54064000,49.96416500,27.56929200,40.84388400,-25.46124600,-9.59137900
785,-12.45955467,-5.34526396,65.40792597,-13.55576102,0.50975492,167.13738662,-8.98901800,-30.00006700,12.77407700,10.72598800,6.48900650,-8.48317400,34.67000600,-66.27378000,-56.29637000,14.52000100,12.92922000,15.00003300,33.09024000,2.98274060,-9.58924000,34.67420200,24.18059200,-17.99731800,59.22075700,-4.25737860,-7.59717900,10.14489600,-151.23051000,-40.04168000,49.72999000,28.29652000,41.10308000,-25.53345100,-9.66621000
786,-12.48465347,-5.43818235,65.44173243,-13.47548872,0.56827663,166.88664576,-9.05690200,-30.00006700,12.87645100,10.79497000,6.38930850,-8.38227400,34.70121000,-66.76939400,-56.38700000,14.68028500,12.86793900,15.00003300,33.14555700,3.09922650,-8.99190800,33.46658700,23.93714700,-18.63421200,59.86762200,-4.11074830,-7.23870130,9.99453450,-151.15501000,-40.59181200,49.27713800,29.25994900,41.45045500,-25.49344800,-9.97814500
787,-12.50551796,-5.55236149,65.47337613,-13.43187864,0.62848375,166.86506476,-9.05072700,-30.00006700,12.90595150,10.78197100,6.32398270,-8.23751500,34.99016000,-66.95003000,-56.78185000,14.54885600,12.75028600,15.00003300,33.15233600,3.20374250,-8.22778400,32.09920000,23.76446000,-19.08520000,60.22297000,-4.11256270,-7.00215240,9.84095200,-150.93617000,-41.16985300,48.75122500,30.54037300,41.70742400,-25.17099400,-10.71249800
788,-12.52398777,-5.69222307,65.57601106,-13.32791363,0.88325075,166.65182564,-9.18585300,-30.00006700,12.81097600,10.78559900,6.29491140,-8.17606700,34.89979000,-67.32075500,-56.81830000,14.61976100,12.73530300,15.00003300,33.11654300,3.31908060,-7.45570100,30.43057800,23.60197400,-19.85198600,60.87792200,-4.25051980,-6.79311230,9.62588200,-150.87627000,-41.82904400,48.71993300,32.30223000,42.06170000,-25.02521100,-11.62814200
789,-12.53981113,-5.85725069,65.63019083,-13.31669517,1.18891316,166.39866579,-9.20088900,-30.00006700,12.79595500,10.65214600,6.27090070,-8.17014200,35.28225700,-67.63437000,-57.43124800,14.34010100,12.66070900,15.00003300,33.10661700,3.40680170,-6.52993770,28.63651800,23.49215000,-20.32007200,61.39524000,-4.26994500,-6.66526200,9.64016900,-150.64854000,-42.47657400,48.46045000,34.05042000,42.81953000,-24.76177600,-11.93237600
790,-12.55781364,-6.04337740,65.67199344,-13.36714011,1.45067977,166.33193057,-9.10744300,-30.00006700,12.69009400,10.42247300,6.35599600,-8.16242800,35.76208500,-67.74419000,-58.15030700,14.03861100,12.70344800,15.00003300,33.10353000,3.41996740,-5.44166850,26.78585600,23.52145600,-20.63432900,61.64777400,-4.16217300,-6.44526000,9.78073600,-150.28159000,-43.05556000,48.06074000,35.98364600,43.53918500,-24.24623500,-12.13936100
791,-12.58036327,-6.24679565,65.69662507,-13.46683597,1.66757065,166.35817185,-8.96199900,-30.00006700,12.49964400,10.16154600,6.50512270,-8.12738900,36.18589800,-67.76888000,-58.80796000,13.83929000,12.85430600,15.00003300,33.13225600,3.38661480,-4.24094440,24.96449300,23.70285000,-20.98509000,61.70506700,-4.00369450,-6.13522700,9.93589600,-149.89568000,-43.57060200,47.73036600,38.16451300,44.18673300,-23.64722000,-12.34627300
792,-12.60938644,-6.46005869,65.64934778,-13.61776562,1.92728855,165.96097832,-8.91861500,-30.00006700,12.41495800,10.02316950,6.47517400,-8.04607200,36.57559600,-68.19519000,-59.47650500,13.73054500,12.93207100,15.00003300,33.13163400,3.43787650,-3.03492600,23.42512500,23.85505500,-21.60855100,61.91399400,-3.96291450,-5.93854200,9.92370200,-149.79099000,-44.16319000,47.79683300,40.47009300,45.11081700,-23.60277000,-12.30455100
793,-12.65792656,-6.67161369,65.62654871,-13.77988588,2.19355681,165.65134439,-8.82947800,-30.00006700,12.11368900,9.80514600,6.49711660,-8.08087400,36.98134600,-68.31689000,-60.30967300,13.52273750,12.94905700,15.00003300,33.20318000,3.54211350,-1.83518550,21.82880400,24.03225100,-22.22409600,62.26865400,-4.12052970,-5.82315600,10.32667300,-149.45941000,-44.74650000,47.68832800,42.55470700,45.85627700,-23.05515300,-12.68240500
794,-12.72734547,-6.87361193,65.62881921,-13.86933615,2.45589380,165.31508027,-8.81574700,-30.00006700,11.90136900,9.68472600,6.48082260,-8.09577700,37.19455700,-68.35235600,-60.93102600,13.36536900,12.88438300,15.00003300,33.31966800,3.66733240,-0.63154894,20.21175600,24.28262100,-22.75975400,62.61132400,-4.22091440,-5.49227100,10.30843450,-148.99805000,-45.27653000,47.72847000,44.48583200,46.82861000,-22.48520300,-12.90186200
795,-12.82303047,-7.06304073,65.64833646,-13.91815605,2.79709196,164.85955377,-8.87104100,-30.00006700,11.78935050,9.61957000,6.43782000,-8.09861000,37.27620000,-68.42322000,-61.48329500,13.31410000,12.80128600,15.00003300,33.43720600,3.83206750,0.55739960,18.62854000,24.58917600,-23.32389300,62.97057000,-4.31694500,-5.17112640,10.13967600,-148.51297000,-45.75312000,47.87555300,46.31662000,47.81501800,-21.98192200,-13.13509800
796,-12.95098209,-7.23737574,65.66804625,-13.99272186,3.33181698,164.17907881,-8.95802100,-30.00006700,11.73036200,9.51363100,6.40220830,-8.12579300,37.36851000,-68.65887500,-62.25354400,13.41594800,12.79532800,15.00003300,33.45959500,4.06010340,1.72184040,17.14590000,24.87759400,-24.03728100,63.43870500,-4.51290600,-5.24516250,10.39015600,-148.11705000,-46.22024000,47.95337000,48.06762300,48.45522700,-21.58139600,-13.72121600
797,-13.12295151,-7.39309359,65.71871362,-14.02295892,3.82059816,163.50290610,-9.02462300,-30.00006700,11.74138900,9.46002200,6.47150200,-8.13224800,37.01307000,-68.56386600,-62.14943300,13.38134200,12.69091300,15.00003300,33.49571600,4.26467280,2.96960500,15.47707700,25.13332400,-24.56144500,64.17462000,-5.22222660,-4.98787200,10.38547300,-147.44478000,-46.59334600,48.14302400,49.61936000,49.86994600,-21.08844400,-13.95696500
798,-13.32569695,-7.54303408,65.73146736,-14.09490117,4.44302552,162.82334326,-9.14357700,-30.00006700,11.70904100,9.39246700,6.35018000,-8.11616500,36.96367600,-68.46963000,-62.65241200,13.25271200,12.49309800,15.00003300,33.52223000,4.48454330,4.17534800,14.03518000,25.37742800,-24.90099100,64.54578400,-5.66175750,-4.94607160,10.58520400,-146.65547000,-46.89222700,48.20347200,50.86168300,50.59814000,-20.79989200,-14.10672700
799,-13.55429268,-7.69291496,65.73048953,-14.18809898,5.17382555,162.05551491,-9.32858200,-30.00006700,11.67536200,9.34592900,6.20959850,-8.10080700,37.08415000,-68.52141600,-63.50875500,13.15583900,12.23196400,15.00003300,33.53194400,4.74492550,5.44019270,12.61247100,25.62924000,-25.35140000,64.81070000,-5.98443750,-5.02221630,10.84162900,-145.76710000,-47.12327600,48.19688800,52.09388000,51.16346700,-20.49920500,-14.29672000
800,-13.80289936,-7.84887314,65.73415273,-14.27958356,5.96192765,161.16446014,-9.56046300,-30.00006700,11.69811300,9.33678600,6.17065530,-8.08955100,37.34505500,-68.80724000,-64.59225000,13.15445100,11.94055600,15.00003300,33.55826000,5.04114340,6.81613250,11.04471400,25.89528800,-26.12006800,65.18394000,-6.36921550,-5.15735440,11.03211900,-144.76828000,-47.27663400,48.21954700,53.52534500,51.96566800,-20.03385200,-14.59638100
801,-14.05889130,-8.02643585,65.75979446,-14.28745527,6.57581971,160.36637781,-9.60959600,-30.00006700,12.00819700,9.25501000,6.16300630,-7.95791000,38.32510000,-69.18652000,-66.50687000,12.96172200,11.70289000,15.00003300,33.69211200,5.09683470,8.15765800,9.58459900,26.20834500,-26.62616200,65.56537000,-7.20495600,-5.54444200,11.09562500,-143.28072000,-47.28145000,48.18551600,54.88253000,52.86077000,-19.47461700,-14.72425000
802,-14.31146145,-8.23137283,65.78472443,-14.37620183,7.51407690,159.47794962,-9.63007400,-30.00006700,12.16138600,8.93782000,6.24827000,-7.78905700,39.75846000,-69.75165000,-69.09383000,12.66538200,11.71787600,15.00003300,33.77163000,5.15540930,9.43422300,8.15071800,26.63491400,-27.04562600,65.83101000,-7.50420800,-6.19073100,11.19390800,-141.50508000,-47.12415700,47.87908600,55.87396000,53.53616700,-19.09593800,-14.89986400
803,-14.54721355,-8.46674061,65.80080283,-14.46857468,8.31550033,158.49405892,-9.59739400,-30.00006700,12.31880000,8.62247600,6.44777870,-7.70853900,41.51368700,-70.58505000,-71.97745500,12.53870700,11.78444900,15.00003300,33.69883000,5.19806700,10.71047500,6.73136100,27.20929100,-27.56082000,66.05453000,-7.70576860,-7.03427500,11.40267900,-139.62802000,-46.82896800,47.41353200,56.81958800,54.02272400,-18.79524600,-14.89198900
804,-14.75924969,-8.73465919,65.82258769,-14.51584444,8.86564536,157.35554538,-9.52491300,-30.00006700,12.56416500,8.40260300,6.73469730,-7.71280400,43.58533000,-71.62211600,-75.10498000,12.55177600,11.79232700,15.00003300,33.51848200,5.20299960,11.97656700,5.32766250,27.94057300,-28.32722900,66.37146000,-7.87358570,-7.80394100,11.48601000,-137.70734000,-46.42404000,46.85100600,57.81974000,54.38613500,-18.47594600,-14.81174600
805,-14.93827248,-9.03745556,65.87471163,-14.46741387,9.32940266,155.86756718,-9.49024300,-30.00006700,12.98204800,8.30839900,6.99452540,-7.64572760,45.86135500,-72.55291000,-78.50714000,12.27985600,11.61878800,15.00003300,33.43487500,5.12916850,13.11316200,4.00213700,28.81553300,-29.57495000,67.14081600,-7.69833800,-7.69209100,10.60483300,-135.64342000,-45.92707000,46.17663200,58.79905300,54.77379200,-17.95912700,-15.29737950
806,-15.08894253,-9.37569332,65.86512052,-14.60453971,9.91932205,154.88679253,-9.14291000,-30.00006700,13.13011000,7.69964030,7.31696270,-7.37889700,48.71394000,-73.24360000,-82.60618000,11.99100000,11.70888500,15.00003300,33.06873000,5.01721140,14.56188900,2.65397860,29.73984700,-30.41005000,67.54603000,-8.19611500,-7.83084060,9.96312700,-133.61470000,-45.35838700,45.12547300,59.52767000,54.70520400,-17.62191800,-15.67862500
807,-15.21012592,-9.73123646,65.86487180,-14.68875415,10.43883606,153.84459339,-8.97738300,-30.00006700,13.25524000,7.26899200,7.57463170,-7.18627550,51.92754000,-74.16585000,-86.94049000,11.66836500,11.91680050,15.00003300,32.78198600,4.89356140,16.01347700,1.02256080,30.68301200,-31.21890800,68.12710000,-8.89834400,-7.86949440,9.01372600,-131.60513000,-44.71959700,43.92813500,60.23565300,54.39966200,-17.24080300,-15.42380000
808,-15.30352974,-10.09698009,65.90694956,-14.68511171,10.91466657,152.73985282,-8.93648050,-30.00006700,13.38784900,6.95357800,7.80958180,-7.09082130,55.71246300,-75.21782000,-91.75827000,11.28859800,12.21862400,15.00003300,32.58963400,4.76502850,17.40467000,-0.54429540,31.59646800,-32.00266600,68.38396000,-9.68061600,-8.16345000,8.32987300,-129.66153000,-44.00846000,42.82398600,60.79460000,53.95653500,-16.81465500,-14.80341000
809,-15.37184429,-10.46499157,66.01463668,-14.59808401,11.42674797,151.68008656,-8.82369400,-30.00006700,13.53271700,6.49643950,8.11296400,-7.06380370,60.18338400,-76.13235500,-97.28261600,10.81361100,12.60559100,15.00003300,32.39939500,4.62979030,18.71033700,-1.40240420,32.44988300,-32.57851000,67.42297000,-10.43302500,-9.33319700,8.87655700,-127.84668000,-43.20160700,42.07147200,60.95678000,53.47151600,-16.38260700,-14.35471400
810,-15.41461945,-10.84258270,66.01934228,-14.77632466,11.82584715,150.23781078,-8.69411300,-29.90220000,13.65985200,6.13210700,8.40245100,-6.86732770,64.77878000,-77.04512000,-102.82632400,10.41558600,13.03910200,15.00003300,32.35104000,4.51452600,19.98748600,-3.54399280,32.92231400,-33.26022700,68.01929000,-10.75880300,-9.42596500,8.43309800,-125.52813000,-42.66132700,41.29171000,60.28539300,52.40409500,-15.74401400,-14.08689600
811,-15.43273067,-11.21731949,66.13598635,-15.05683202,12.30431985,148.85533492,-8.90603350,-29.46200600,14.33193700,6.16905700,8.40510400,-6.66631900,66.31547000,-77.67844000,-105.05601000,10.64245100,12.86590700,15.00003300,32.39488000,4.42837050,21.07740400,-5.25159300,33.41880800,-34.03692200,68.06640000,-11.27285300,-9.79329100,8.39177000,-123.20138500,-41.92106000,40.35550000,59.49895500,51.47992000,-15.30904500,-13.98048400
812,-15.42105961,-11.58575058,66.25531719,-15.21787176,12.80503389,147.63832821,-9.16081300,-29.11225900,14.93856300,6.20204400,8.34126800,-6.51818100,66.72083000,-78.00248000,-106.02939000,10.77881100,12.62886300,15.00003300,32.41140400,4.37686630,22.20175400,-6.43620500,33.81680000,-34.62614400,67.34331000,-11.84965400,-10.35583100,8.64413000,-120.95316000,-41.08233600,39.41180800,58.91728000,50.94272200,-14.87239600,-13.90753000
813,-15.37706661,-11.95159531,66.34698284,-15.24701163,13.25869739,146.54110052,-9.41807400,-28.92709000,15.25167000,6.23371930,8.22045200,-6.46274500,67.34196500,-78.27011000,-107.18820000,10.91494200,12.37472200,15.00003300,32.46601500,4.42384500,23.38686800,-7.21183820,34.05842000,-35.05296700,65.90365000,-12.49522200,-10.95254600,9.03290200,-118.65695000,-40.28761000,38.45024000,58.63258000,50.78825400,-14.32362700,-13.75828800
814,-15.26937675,-12.32881069,66.45925437,-15.30363929,13.53296797,145.35154089,-9.65144500,-28.63695000,16.02693700,6.27994100,8.06920300,-6.18558200,67.72754000,-78.66420000,-107.99016000,11.03088800,11.95594900,15.00003300,32.44174200,4.41553450,24.54408800,-8.29220200,34.20712000,-35.46084200,64.95438000,-13.02234200,-11.01493300,9.16117100,-116.18875000,-39.40255000,37.26637600,57.70441400,50.06237400,-14.00277700,-13.56915600
815,-15.10085297,-12.72750759,66.48173144,-15.65678437,13.75120215,144.09246439,-9.86548300,-28.24989000,16.48955000,6.40662900,7.97332100,-6.03417100,67.97495000,-78.91695000,-108.66966000,11.17732800,11.64615400,15.00003300,32.30344800,4.35384940,25.60268000,-9.53300600,34.28042600,-36.10024600,64.44626000,-13.12337200,-10.79858500,9.08036400,-113.57023000,-38.48824000,35.96855500,56.60423700,48.65750500,-13.83413400,-13.74733800
816,-14.87217426,-13.14853477,66.43984639,-15.75748691,13.79091726,142.81894597,-9.96461100,-28.19523000,16.90402800,6.26015950,8.05771300,-5.85378000,69.11461000,-79.46657000,-110.18730000,11.29324700,11.51479100,15.00003300,32.19847000,4.08153250,26.74899300,-11.00867750,34.26898000,-36.63468600,64.04198000,-13.01340200,-10.15325000,8.91504900,-110.65723000,-37.49504500,34.66155600,55.35588500,47.24108000,-13.82826500,-14.03772400
817,-14.57080841,-13.59309006,66.42198990,-15.84385522,13.72842016,141.74028526,-10.09776900,-28.11741000,17.20118000,6.25128360,8.08832200,-5.64688100,69.91595000,-79.89685000,-111.22674000,11.39219950,11.34714700,15.00003300,31.94277200,3.91426300,27.77488000,-12.39683700,34.14555000,-36.83110000,63.30684700,-12.91785600,-9.42576500,8.97523600,-107.53882000,-36.36382000,33.45918300,54.06992700,46.08579000,-13.92094800,-14.26803100
818,-14.17169857,-14.06385040,66.41512396,-15.91538942,13.74692104,140.77631271,-10.36037800,-27.98856500,17.67862100,6.29595600,7.93393900,-5.55497840,69.89133000,-80.22195000,-111.25048000,11.44839200,10.90104700,15.00003300,31.53553200,3.73842700,28.66880600,-12.73038000,33.88201500,-36.61281200,61.25066000,-13.42277500,-9.97864200,10.15908500,-104.69343000,-35.06434000,32.70080000,53.16200300,45.31522800,-13.92196000,-14.26703100
819,-13.66856861,-14.57748890,66.35356835,-16.04908672,13.50124211,139.80446496,-10.51560700,-27.85735900,18.27466000,6.33749340,7.79230980,-5.51595500,70.07538000,-80.64623000,-111.41308000,11.59085400,10.45153100,15.00003300,30.84036300,3.64683900,29.56942400,-13.35898700,33.30905000,-35.88020000,59.90336600,-13.81010100,-10.13402750,11.09928600,-102.37337000,-32.93690000,32.08674000,52.73966200,44.07954400,-14.10622900,-14.17798900
820,-13.09042740,-15.12063026,66.30352986,-16.23120305,13.14650569,138.93856850,-10.72706400,-27.66859400,18.83612800,6.46841400,7.75152600,-5.54644780,69.52258000,-80.96294400,-110.72971000,11.72692900,10.09252550,15.00003300,30.31698400,3.64336780,29.79380200,-14.03331000,32.60766600,-35.49159600,59.19902000,-14.71580600,-10.26491100,11.77364900,-99.26919600,-30.86903600,31.60892500,52.20944600,43.32825500,-14.22587600,-14.06592300
821,-12.44120884,-15.69005585,66.18918218,-16.30201002,12.64841308,137.98839904,-10.90231700,-27.64504800,19.46679900,6.53497080,7.81496400,-5.56397870,69.21992500,-81.39210500,-110.23505000,11.81263500,9.91584500,15.00003300,29.89568500,3.49108240,29.79380200,-14.87927400,31.80714400,-35.36697800,59.12247500,-15.72316100,-10.27031300,12.33653900,-95.70339000,-28.81530000,31.24767300,51.51468700,42.61676000,-14.24402000,-14.12192200
822,-11.71849155,-16.28115273,65.95844048,-16.47484170,12.04116948,136.69933591,-11.02756000,-27.65677000,20.15566300,6.58295400,7.84898470,-5.45463470,68.87237000,-81.91099500,-109.77780000,11.90669600,9.86167900,15.00003300,29.44221100,3.20847750,29.79380200,-16.02501100,31.00788500,-35.38651700,59.56451400,-16.04737300,-9.83175800,12.92564500,-92.07287600,-26.78188900,30.98608000,50.55095700,41.17611300,-14.12981900,-14.60587000
823,-10.91997337,-16.87360764,65.67979587,-16.35140150,11.22233899,135.61605038,-11.11590000,-27.95114300,20.79612000,6.62822440,7.93285370,-5.43748570,68.77103400,-82.46543000,-109.44309000,11.99126700,9.56937400,15.00003300,28.87239300,2.89918780,29.79380200,-17.25430900,30.24500800,-35.26003600,60.23911000,-16.69890400,-9.47219000,13.05504300,-88.63557000,-24.83989100,30.98988500,49.49452200,39.88877000,-14.22201600,-14.98715200
824,-10.08784866,-17.45296097,65.28504820,-16.27821300,10.28599361,134.31845212,-11.09151300,-28.27965700,21.76125700,6.68524550,7.95838830,-5.25732370,68.64327000,-83.05509000,-109.04661000,12.08839600,9.25507600,15.00003300,28.27118700,2.58595280,29.79380200,-18.49382400,29.55658700,-34.97720000,61.00998700,-17.01051000,-9.12226200,13.26181500,-84.88032500,-22.95235300,31.25546600,47.91720000,38.71825800,-14.45053100,-15.27834900
825,-9.24592590,-18.01243401,64.76986726,-16.27518018,9.07817001,133.08962041,-10.92742400,-28.66308200,22.62518700,6.74362500,7.94293260,-4.97700830,68.46049500,-83.57751000,-108.56538000,12.13201900,9.16577300,15.00003300,27.68365000,2.17439030,29.79380200,-19.64589000,28.95842400,-34.45266300,61.83260700,-17.68324900,-8.71907200,13.63774400,-80.82921600,-21.09495200,31.62551500,45.94611000,37.36583700,-14.58056000,-15.67632000
826,-8.41265583,-18.54065895,64.15302446,-16.32785192,7.58568259,132.12599185,-10.66147900,-29.10004000,23.16526800,6.79489230,7.90686800,-4.67729660,69.01490000,-84.45721400,-108.79280000,13.05066900,8.93109900,15.00003300,27.12705200,1.63024680,29.79380200,-20.62954000,28.46635000,-33.68656000,62.67582700,-19.15018000,-8.28353500,14.19670900,-76.59764000,-19.25857500,32.01603300,43.73716700,35.66132000,-14.45225000,-16.29204600
827,-7.58736706,-18.97355270,63.71863497,-16.08232366,6.91352313,131.28700643,-10.62139300,-29.55375900,24.47459400,6.82160400,7.86583330,-4.51873870,67.46618000,-84.68835400,-106.74987000,12.87245300,8.73847000,15.00003300,26.11009600,1.38394690,29.79380200,-21.30665800,28.16792700,-33.30618000,63.52279300,-19.95602400,-8.38777200,14.30609000,-72.81129000,-17.55607400,32.88541800,41.65981300,34.21504600,-14.50489300,-16.76011700
828,-6.80707073,-19.34099197,63.28882451,-15.73781473,5.99551157,130.82710068,-10.62933400,-30.00006700,25.65137900,7.18183850,7.68685050,-4.31135100,67.15162000,-85.03126000,-106.01305400,13.04254800,8.35747000,15.00003300,25.05489300,0.85143864,29.79380200,-21.77450000,28.01782000,-32.68731700,64.04561600,-20.74245500,-7.97211900,14.72852700,-68.63124000,-16.01259200,33.91219700,39.17137500,32.49580000,-14.54496200,-16.98590700
829,-6.06071901,-19.64242363,62.79682605,-15.51397226,5.14403792,130.10858369,-11.38035600,-30.00006700,27.25625800,9.16262150,6.71632340,-4.19101600,66.22769000,-85.28348500,-104.72582000,13.16831400,8.07732600,15.00003300,23.94009800,0.34481650,29.79380200,-21.97873500,28.04467200,-31.88922000,64.21771000,-21.22891600,-7.62566760,14.87781000,-64.27746600,-14.61622600,34.99547000,36.35469000,30.42292400,-14.52822500,-17.17795400
830,-5.36747360,-19.88527489,62.17210304,-15.60670827,4.46704755,128.98689660,-11.87345500,-30.00006700,28.65070500,10.67079800,5.91676040,-4.10788900,62.24677700,-85.16328400,-100.37835000,12.97279550,7.94177800,15.00003300,22.81422000,0.14589807,29.79380200,-21.95839300,28.26977300,-30.97730400,64.10096000,-21.52705200,-7.51716850,14.67395500,-59.95175600,-13.38609200,36.14619000,33.28027000,28.00698900,-14.46426400,-17.34821900
831,-4.74391079,-20.05883598,61.57903972,-15.76099509,3.96576865,128.09433123,-12.31210200,-30.00006700,29.70972300,11.90602700,5.14881850,-4.05913160,57.01469000,-84.72711000,-94.70611600,12.54642400,7.76177800,15.00003300,21.69514500,-0.03711141,29.79380200,-22.06453000,28.62124400,-30.39765000,64.35730000,-22.50192600,-7.42106900,14.60873000,-55.78323000,-12.41141200,37.48226000,30.19015100,25.46762500,-14.46158800,-17.20867200
832,-4.17893171,-20.17993927,60.91053036,-15.93651801,3.24912889,127.01526207,-12.59106900,-30.00006700,30.94179300,13.10654100,4.39113500,-3.98384670,51.69944400,-84.51669000,-88.87650000,12.61881000,7.56784500,15.00003300,20.73177000,-0.05224669,29.52393500,-21.66834600,28.97266800,-29.77635600,64.15764000,-23.13972000,-7.11064340,14.27042200,-50.62290600,-11.68066200,38.98715600,26.57334900,22.25116700,-14.71145600,-17.34599100
833,-3.65473890,-20.26343727,60.15658017,-16.21964778,2.68355742,125.76952603,-12.90047100,-30.00006700,32.27435700,14.19069400,3.70542700,-3.91309330,45.87695000,-84.24444000,-82.69153600,12.74534600,7.28089330,15.00003300,19.86672600,-0.02120340,28.95411300,-21.32075300,29.31944700,-29.36505900,64.19440000,-23.45490600,-6.86289900,14.05878800,-45.56626500,-11.20166000,40.52271300,23.29245800,18.92226000,-14.93038100,-17.15863200
834,-3.16075873,-20.31268120,59.37726868,-16.52185177,2.22626205,124.46373118,-13.24380900,-30.00006700,33.63724500,15.20807900,3.04645130,-3.88933600,39.70836600,-83.87781000,-76.21973000,12.89320600,6.89926300,15.00003300,19.07447800,0.08552854,28.32249300,-21.07161500,29.66576000,-29.15452800,64.46490500,-23.49507300,-6.63118550,13.88286000,-40.73208000,-10.98516900,41.96814300,20.23219700,15.69280900,-15.05586900,-16.70050200
835,-2.68687725,-20.33027840,58.68435078,-16.68145339,1.81449592,123.24676177,-13.66993300,-30.00006700,34.92235600,16.21909000,2.35983230,-3.96524300,33.31266800,-83.37685400,-69.46390000,13.01480500,6.50182530,15.00003300,18.35987500,0.29786807,27.58843800,-20.73947500,29.97951500,-29.20858200,64.91971000,-23.36316700,-6.21876140,13.43232800,-35.67487300,-11.01993000,43.21345500,16.93936000,12.79723200,-15.03192400,-16.20085500
836,-2.23539901,-20.32551193,57.72810903,-17.04306841,1.44685396,121.58684348,-14.06279700,-30.00006700,36.60040700,17.37065100,1.62394510,-3.97702120,26.46667300,-82.55344400,-62.22222000,13.00875300,5.99794340,15.00003300,17.75887100,0.77684325,26.79261000,-20.09449000,30.18656500,-28.86304900,65.04210000,-23.45853000,-5.96294930,13.15648900,-31.19393000,-11.32870100,44.56639000,14.29180050,10.55452800,-15.61835200,-15.56312900
837,-1.80020952,-20.31117439,57.03588070,-17.27780575,1.05991843,119.99758520,-14.18201500,-30.00006700,37.88039000,18.15985100,1.10382270,-3.99687900,21.24590100,-81.92154000,-56.65557500,13.18157500,5.53807350,15.00003300,17.07047800,1.11999810,26.09471900,-19.54501000,30.36297200,-28.69325800,65.22554000,-23.36175200,-5.69846960,12.92263100,-26.62487200,-11.85411300,45.52662000,11.38678000,8.89931000,-16.28614000,-15.11312300
838,-1.37974429,-20.28686714,56.87670588,-17.21376321,0.71572681,118.60386655,-13.89180600,-30.00006700,38.60983300,18.38735000,0.85503554,-4.05522350,18.32174500,-81.50265000,-53.35367600,13.09634600,5.37104800,15.00003300,16.23939100,1.29078570,25.51588600,-18.99701500,30.47456400,-28.73376000,65.50091600,-23.01300600,-5.30681660,12.83182200,-22.23121000,-12.57587600,46.19850000,8.35043100,7.29082200,-16.76325400,-14.63789000
839,-0.97146595,-20.25236130,57.38462482,-16.75876686,0.45846568,117.46594114,-13.13183900,-30.00006700,38.74809000,17.94831500,0.89915955,-4.17306500,18.01012400,-81.29912600,-52.57250600,12.43980800,5.64626200,15.00003300,15.23935300,1.31472640,25.04038400,-18.37749500,30.45205900,-28.92166500,65.88594000,-22.41176800,-4.74175400,12.94260200,-18.24623300,-13.48195000,46.70661500,5.38644000,5.43294760,-16.93384700,-13.97691600
840,-0.57269746,-20.20994186,57.87171669,-16.34952350,0.20923651,116.35095233,-12.35793200,-30.00006700,38.84025000,17.48444200,0.98373330,-4.32120100,18.19259500,-80.98712000,-52.34086000,11.58345200,5.92636730,15.00003300,14.35508200,1.50355540,24.49637800,-17.89186900,30.38449500,-28.80166600,66.04870000,-22.18443100,-4.48185000,12.96050900,-14.40896800,-14.55649500,46.53932000,2.75463080,5.19391800,-17.74087100,-13.38950800
841,-0.18007715,-20.16150093,58.43820013,-15.79079446,0.01677816,114.72596874,-11.61591600,-30.00006700,38.94410700,17.22968700,1.00793280,-4.41690160,18.03073500,-80.81098000,-51.76393000,10.73847500,6.16406200,15.00003300,13.41796900,1.67511740,24.06254400,-17.40193700,30.33050500,-29.04399100,66.47267000,-21.99007200,-4.57257840,12.68750200,-10.98550200,-15.83285400,46.61211400,-0.05094973,5.06118600,-18.62760000,-12.62705300
842,0.20298812,-20.10276413,58.96451133,-15.30054029,-0.18029598,113.12433266,-10.86773800,-30.00006700,38.97677600,16.93314700,1.03654860,-4.51317900,17.70261000,-80.61098500,-50.98866000,9.98016900,6.41106500,15.00003300,12.54398300,1.91465500,23.62240200,-16.84374000,30.25063900,-29.19279700,66.84979000,-21.91507100,-4.54816250,12.36158400,-7.79043630,-17.25457600,46.44285200,-2.91984420,4.88151900,-19.21709400,-11.87769700
843,0.57633889,-20.02872086,59.44524491,-14.88801790,-0.37471525,111.68039911,-10.14174650,-30.00006700,38.93500000,16.57045600,1.07760970,-4.63954400,17.26247600,-80.34936000,-50.08083700,9.31045200,6.64887240,15.00003300,11.74871800,2.25288440,23.14521200,-16.22545200,30.11923800,-29.19062800,67.10828400,-21.84708600,-4.29074800,12.07858400,-4.66950700,-18.75982900,45.90936000,-5.82393200,4.68147560,-19.47976100,-11.20050400
844,0.94425964,-19.92770195,60.03768718,-14.24431950,-0.40503424,110.06525017,-9.60248100,-30.00006700,38.92740200,16.46032500,1.05163540,-4.82381870,16.79861600,-80.10181000,-49.21920800,8.51828300,6.78353070,15.00003300,10.96045700,2.66471050,22.72205400,-15.68512300,29.98589500,-29.59828200,67.38985000,-21.25124400,-4.07828800,11.81146900,-1.28979680,-20.36677600,45.26046400,-8.97171200,4.85208700,-19.87825200,-10.49397200
845,1.29910529,-19.79814720,60.53509847,-13.76723132,-0.54621639,108.58366427,-8.91043700,-30.00006700,38.83855400,16.21022600,0.97019290,-5.04657130,16.52877000,-79.72757000,-48.32335300,7.72153850,6.79740670,15.00003300,10.21990300,3.27702800,22.28626800,-14.90477200,29.73050300,-29.49232500,67.30452000,-21.10686500,-4.04209100,11.91522400,1.70768320,-22.03469800,44.33543000,-11.59769600,6.08889150,-20.65735000,-9.99020000
846,1.63868463,-19.64211464,60.97833496,-13.37277606,-0.63961114,107.11114378,-8.26530600,-30.00006700,38.69126500,15.97542400,0.97236234,-5.20130300,15.46987900,-79.55173000,-46.74777600,7.56707140,6.49121100,15.00003300,9.52061800,3.89986010,21.86826900,-14.14426700,29.42959000,-29.40778700,67.14619000,-20.85006000,-4.11599800,11.90969800,4.54267170,-23.72457000,43.32909000,-14.25658800,6.97130400,-21.30856000,-9.45440300
847,1.96351683,-19.45583725,61.38472702,-13.02353748,-0.63808874,105.69010675,-7.71820000,-30.00006700,38.50825500,15.77771200,1.01199780,-5.29704300,14.39178700,-79.39378000,-45.26517500,7.48600200,6.21894030,15.00003300,8.86847000,4.52311500,21.44225500,-13.41468500,29.12765500,-29.48894300,67.01311000,-20.49337600,-4.18610430,11.75395900,7.28591970,-25.41843400,42.23336400,-16.97842200,7.66175100,-21.76450200,-8.99099100
848,2.27784848,-19.23356438,61.77438045,-12.67823408,-0.50525063,104.43536540,-7.29428200,-30.00006700,38.31841300,15.60310600,0.96920675,-5.38496400,13.25277200,-79.21851000,-43.74906000,7.46885060,5.96138330,15.00003300,8.25377500,5.20633130,20.95549600,-12.66773900,28.82360000,-29.79411300,67.03028000,-20.20873800,-4.08042300,11.53319700,10.00248100,-27.12110100,40.99862300,-19.65511000,8.89611300,-22.05786500,-8.84084800
849,2.57982850,-18.97120857,62.09811980,-12.48922134,-0.19436493,103.17036315,-6.87600200,-30.00006700,38.09845400,15.34849200,1.03194270,-5.35584200,12.34585000,-79.04544000,-42.67262000,7.49066400,5.81868550,15.00003300,7.70846130,6.05101440,20.37635400,-11.59593700,28.45660800,-29.51241300,66.34796000,-19.94307900,-3.87699820,11.24150700,12.48943100,-28.88200000,39.57929600,-22.12884500,9.66437100,-22.32777000,-8.32970800
850,2.88030863,-18.68837547,62.39072989,-12.29858326,-0.06605978,102.03494790,-6.43240070,-30.00006700,37.80951000,15.15203600,1.07932730,-5.47624900,11.76607500,-78.88421000,-41.86101000,7.50137950,5.61536460,15.00003300,7.15889300,6.91118430,19.95621300,-10.78486600,28.06111700,-29.41157500,65.83612000,-19.34644100,-3.66121440,10.95860000,15.01801400,-30.61507800,38.21168500,-24.51656700,10.22446250,-22.60604900,-7.78673600
851,3.18344617,-18.38882256,62.68626202,-12.05692801,-0.01492548,100.90714843,-6.01327320,-30.00006700,37.48562600,15.05355400,1.09927270,-5.63797000,11.20630300,-78.73152000,-40.99425000,7.52161200,5.36600880,15.00003300,6.64889000,7.77077900,19.60532200,-10.12484300,27.63753300,-29.46749100,65.48189000,-18.72588700,-3.47573400,10.77526800,17.45588000,-32.28976000,36.90098000,-26.75850700,10.79714500,-22.92618600,-7.36564640
852,3.49187207,-18.07591248,63.00435620,-11.73510201,0.06667636,99.70420998,-5.66540300,-30.00006700,37.16448600,15.07941100,1.08730590,-5.74095900,10.52798200,-78.57327000,-39.95260000,7.52243500,5.12392660,15.00003300,6.20192100,8.62078300,19.24794600,-9.46466800,27.18605400,-29.55724000,65.18835400,-18.36381500,-3.35310860,10.76664600,19.71694800,-33.92825000,35.63493700,-28.85496300,11.57988800,-23.27594200,-7.15553700
853,3.80113006,-17.74966049,63.30213877,-11.39290741,0.13379092,98.81261562,-5.40991100,-30.00006700,36.89641000,15.16402500,1.09230110,-5.85833450,10.23284400,-78.47817000,-39.47933000,7.55147900,4.92079400,15.00003300,5.80164150,9.50759300,18.89948800,-8.67162000,26.67576000,-29.23790000,64.57297500,-18.39685400,-3.32143620,10.88775400,22.12521600,-35.53856300,34.09754000,-30.93959800,12.67940000,-23.16083000,-6.64612700
854,4.10609484,-17.42351723,63.55024921,-11.18905417,0.29515197,97.88113518,-5.12761160,-30.00006700,36.56221000,15.11612600,1.14807680,-5.94778540,9.83093550,-78.30173500,-38.85894800,7.57699730,4.74421400,15.00003300,5.38659500,10.39722900,18.61439000,-8.00384300,26.15408100,-29.11342400,64.13509000,-18.12432900,-3.15803270,10.88223900,24.15066700,-37.06944700,32.89031600,-32.72402600,13.97923600,-23.50362200,-6.50399640
855,4.40754318,-17.10176849,63.79428273,-10.97489309,0.44569899,97.03886652,-4.87237900,-30.00006700,36.23918000,15.08647500,1.23288420,-6.05497840,9.61409500,-78.14554000,-38.52118700,7.59259200,4.56308650,15.00003300,4.98365550,11.27295600,18.25501000,-7.32507800,25.63024500,-29.15132100,63.79089000,-17.75235400,-2.99251680,10.88595300,26.10842700,-38.53069700,31.69544400,-34.26193600,15.03610600,-23.93401700,-6.42203500
856,4.70249224,-16.78863907,64.03478540,-10.74045298,0.54197111,96.30076492,-4.63164200,-30.00006700,35.93451300,15.08515500,1.33070590,-6.19044730,9.62716800,-77.98398600,-38.50898000,7.59681750,4.37828900,15.00003300,4.61896800,12.14222200,17.81649800,-6.61738900,25.10245100,-29.28080700,63.46496000,-17.32515500,-2.84808250,10.93659700,28.15827800,-39.94155000,30.38198000,-35.65397600,15.74333100,-24.31959000,-6.32791950
857,4.97777653,-16.49340820,64.18663425,-10.71562561,0.58672067,95.50201422,-4.25535200,-30.00006700,35.53509500,14.87868700,1.42094000,-6.31737380,9.55089200,-77.54023000,-38.25063300,7.62168740,4.24032200,15.00003300,4.26034800,13.00204100,17.50107200,-5.97994600,24.56952900,-29.19328500,63.01708000,-16.63030400,-2.59096310,10.94325100,29.97508600,-41.22365000,29.25600400,-36.84868200,16.42922600,-24.79770300,-6.45088300
858,5.23354149,-16.21906090,64.36210655,-10.56742535,0.68933929,94.79038335,-4.12756440,-30.00006700,35.15822000,14.88852200,1.49871990,-6.44405750,9.41427600,-76.67940000,-38.10733400,7.66584000,4.11867300,15.00003300,4.01082400,13.81400400,17.13676600,-5.35287800,24.06361800,-29.31863400,62.79337300,-16.23573000,-2.39728140,10.77840600,31.75707200,-42.38955300,28.12769700,-37.84880400,17.34276200,-25.35383800,-6.87207750
859,5.46894932,-15.96650314,64.51686550,-10.44335039,0.73481164,94.14739721,-3.96577570,-30.00006700,34.80959700,14.88355350,1.58423610,-6.59795140,9.39972800,-75.83424000,-38.05910000,7.69491500,3.93450050,15.00003300,3.75803300,14.60679100,16.72797200,-4.74678600,23.59335300,-29.36436500,62.40861500,-15.84553000,-2.26463840,10.70253850,33.61299000,-43.46314600,26.93309400,-38.87452000,18.18722700,-25.45417000,-7.00391300
860,5.68063974,-15.73703098,64.64683606,-10.37440626,0.68015496,93.63136789,-3.72023820,-30.00006700,34.47945400,14.78953100,1.69965340,-6.78886750,9.56701500,-75.06329000,-38.15928600,7.69418900,3.71318550,15.00003300,3.44945740,15.38480100,16.30949600,-4.15559000,23.17071200,-29.37206600,61.92054000,-15.26421000,-2.15119400,10.72190700,35.50218000,-44.43972400,25.70191800,-39.97019600,18.99639500,-25.35236400,-6.94659000
861,5.86358547,-15.53222275,64.75836559,-10.36801131,0.49160534,93.35910695,-3.39878630,-30.00006700,34.14299800,14.55778600,1.87561790,-7.02349040,9.94124700,-74.33230000,-38.49162000,7.69080970,3.50603820,15.00003300,3.04876660,16.14599400,15.92609500,-3.59772350,22.80299000,-29.56818000,61.61546000,-14.24746600,-1.98333310,10.75602400,37.29659000,-45.25162000,24.50806000,-41.09219400,19.93469200,-25.71533200,-7.05845260
862,6.00492239,-15.35732460,64.86332618,-10.34996786,0.52372003,93.08884351,-3.22431680,-30.00006700,33.89119300,14.40093400,2.11531280,-7.17926500,10.10812900,-73.71104400,-38.59411600,7.60889530,3.32211780,15.00003300,2.77290820,16.80762900,15.41568700,-2.94775720,22.48040600,-29.77296000,61.30744000,-13.87209000,-2.02621500,10.79771100,38.88828700,-46.01510600,23.76519400,-41.80911000,20.99886700,-26.10006300,-7.43059300
863,6.10840559,-15.20324230,64.97207649,-10.30107528,0.47988873,93.00131993,-3.08346650,-30.00006700,33.66813700,14.25830400,2.33894090,-7.40610700,10.31945600,-73.19112000,-38.76677300,7.55100150,3.13242320,15.00003300,2.46568000,17.55577000,14.95197500,-2.31521320,22.18561400,-29.95204700,60.81331000,-13.74750100,-2.03628130,10.70696900,40.53590400,-46.65976000,23.12534700,-42.64393600,22.16506600,-26.14302800,-7.86446400
864,6.17011547,-15.07004356,65.04898608,-10.31522744,0.35545585,93.04789276,-2.89720100,-30.00006700,33.44050600,14.03466400,2.54829030,-7.62790350,10.59655700,-72.75696600,-38.97868300,7.48847530,2.96767620,15.00003300,2.09041480,18.28494600,14.52924400,-1.70914830,21.92099400,-30.10786200,60.30255500,-13.48327350,-1.98695980,10.60523000,42.12248200,-47.14043400,22.46351400,-43.46236000,23.31356200,-26.26575000,-8.42595900
865,6.18716669,-14.95775318,65.06249478,-10.47753039,0.16293819,93.16957956,-2.59261870,-30.00006700,33.18437000,13.63554000,2.74800600,-7.77550840,10.94346500,-72.39307000,-39.18199000,7.39320900,2.84995990,15.00003300,1.61654770,18.88600000,14.12173100,-1.10353530,21.70122700,-30.21053900,59.90781000,-12.75174200,-1.86130120,10.61054800,43.48108700,-47.43831600,21.73739000,-44.09229000,24.31813800,-26.82946400,-9.12730800
866,6.14563799,-14.87092972,65.00609004,-10.78208798,-0.08142739,93.34704569,-2.12415670,-30.00006700,32.95290400,13.03020700,2.82612010,-7.95246300,11.38183900,-72.10611000,-39.35593400,7.24754000,2.70770260,15.00003300,1.28510070,19.44345700,13.47266200,-0.45112660,21.50533300,-30.15090200,59.48464200,-11.84159300,-1.61454920,10.73269500,44.48138800,-47.66922800,21.21242300,-44.42061000,25.03606800,-27.14050500,-9.19709000
867,6.05741501,-14.79733562,64.90306636,-11.11094524,-0.17227981,93.65565903,-1.92186270,-30.00006700,32.61686700,12.64175400,2.91267090,-8.17253900,11.76306200,-71.89162400,-39.61380800,7.08406730,2.53825860,15.00003300,0.90688880,20.02148400,12.76808600,0.20433550,21.36320000,-30.51059300,59.11059000,-10.69406200,-1.53312370,10.58750500,45.49169000,-47.87716300,20.66861200,-44.64536000,26.02189300,-27.34979200,-9.48491200
868,5.93161154,-14.74069214,64.79617585,-11.43929000,-0.21135597,93.98282788,-1.78880700,-30.00006700,32.27039300,12.27700500,3.03292540,-8.41781100,12.06660650,-71.78319500,-39.82906700,6.90476270,2.36478760,15.00003300,0.52698880,20.52398700,12.05572100,0.82153845,21.26652700,-30.94896900,58.89630000,-9.70344450,-1.52662490,10.54925600,46.48698000,-48.05045000,20.01227400,-44.87442400,26.92021600,-27.62566000,-9.85798800
869,5.77050066,-14.70268345,64.67889068,-11.76928487,-0.25383728,94.28913127,-1.64531200,-30.00006700,31.97504000,11.90562200,3.13946490,-8.65763700,12.33641300,-71.81035600,-40.00483700,6.71023040,2.21511800,15.00003300,0.17578459,20.92290700,11.33923700,1.41648300,21.20304500,-31.25051900,58.77379000,-8.96399400,-1.50394650,10.68331100,47.42162700,-48.17652000,19.28621900,-45.08738700,27.64096600,-27.99511300,-10.19840500
870,5.56765175,-14.68589497,64.50537506,-12.18176775,-0.33172861,94.62250436,-1.39066390,-30.00006700,31.79363400,11.43677500,3.20231130,-8.80936000,12.75307400,-72.00873000,-40.36694300,6.51155300,2.15045050,15.00003300,-0.01941815,21.33950800,10.53937500,2.10710860,21.13358700,-31.27134000,58.21415000,-8.13334900,-1.28778970,10.52375900,48.47892800,-48.28776600,18.58794400,-45.22668500,28.54780000,-28.24310700,-10.23680000
871,5.33197165,-14.69190121,64.35135577,-12.47386612,-0.58481557,95.16492987,-1.25089000,-30.00006700,31.62712100,11.15674100,3.17728280,-9.02463500,13.18000200,-72.32355000,-40.56595600,6.34989700,2.03194020,15.00003300,-0.42714888,21.66018000,9.85037000,2.62861350,21.09278500,-31.54441500,57.97849000,-7.35546640,-0.99788450,10.50354200,49.45991500,-48.30237600,17.78419700,-45.43585000,29.01408200,-28.72319800,-10.72055200
872,5.07201242,-14.71833611,64.18168601,-12.77907186,-0.84611023,95.67467187,-1.13686500,-30.00006700,31.42245100,10.89722200,3.11900230,-9.21126800,13.53967200,-72.73192600,-40.66812000,6.19512650,1.95894110,15.00003300,-0.72381370,21.97706400,9.17112800,3.10321240,21.06700100,-31.85620100,57.69639000,-6.86543300,-0.80506880,10.53468100,50.43028600,-48.26658000,17.08671200,-45.70845000,29.41567000,-28.96489100,-10.99122900
873,4.79143763,-14.76538754,63.98896052,-13.11669310,-1.08357997,96.12379544,-1.03375970,-30.00006700,31.19301000,10.63605900,3.04007720,-9.37048100,13.88700200,-73.22903000,-40.79134000,6.01814700,1.92982160,15.00003300,-0.90029170,22.28843300,8.47853900,3.59088850,21.04983500,-32.08066600,57.25545000,-6.48542600,-0.67149824,10.53174100,51.38491400,-48.20997000,16.43126300,-46.03969200,29.79760000,-28.88943100,-10.88514200
874,4.49445486,-14.83373070,63.77353550,-13.47477396,-1.30008220,96.55372762,-0.94379365,-30.00006700,30.98220000,10.38807500,2.94735070,-9.53956000,14.35014200,-73.81242000,-41.13107700,5.78701830,1.89557890,15.00003300,-1.05452000,22.54578200,7.75719500,4.15504740,21.04924600,-32.07429500,56.59152200,-5.77911230,-0.45559898,10.35808300,52.23010000,-48.11890800,15.66026000,-46.35635800,30.08190700,-28.53238300,-10.34317900
875,4.16588211,-14.92339706,63.58533926,-13.71983907,-1.53950981,96.93817148,-0.91840947,-30.00006700,30.92445600,10.28590400,2.79284210,-9.59710200,14.54015350,-73.76770000,-41.23864400,5.70715100,1.88023510,15.00003300,-1.13418610,22.73678400,7.16234500,4.57850900,21.05277800,-32.48886500,56.08123800,-5.32369570,-0.26842985,10.46263800,52.83226000,-48.09453000,15.26987600,-46.56974800,30.02516200,-28.63117200,-10.51359200
876,3.82891369,-15.02844238,63.37981413,-13.99679507,-1.71789577,97.23252871,-0.92149300,-30.00006700,30.81494000,10.17942200,2.61531200,-9.69124600,14.57827300,-73.66193400,-41.14286400,5.61631250,1.84769560,15.00003300,-1.15239750,22.92333200,6.58077800,4.90288800,21.04500800,-32.80701000,55.68181200,-5.31370640,-0.20068337,10.69633400,53.42516300,-48.07369000,14.89105100,-46.83508000,30.17535000,-28.78692400,-10.80912300
877,3.48115444,-15.14500427,63.14426178,-14.31788632,-1.93474822,97.54252254,-0.89521027,-30.00006700,30.69659000,10.04536900,2.44777750,-9.78799250,14.76484500,-73.52181000,-41.16676300,5.41158960,1.88464250,15.00003300,-1.19937530,23.08027300,6.07955550,5.20003800,21.03320700,-32.99296600,55.16898000,-5.31302300,-0.16399504,10.92996900,53.91603500,-48.04631000,14.56086900,-47.02415000,30.06734000,-28.97122600,-11.15133100
878,3.12685895,-15.27051353,62.87451201,-14.66875702,-2.24880563,97.97420600,-0.83960176,-30.00006700,30.61338000,9.91521500,2.31105800,-9.84530500,14.99299100,-73.46310000,-41.27885000,5.35671850,1.88045300,15.00003300,-1.24653590,23.21635800,5.65839670,5.46859800,21.02298400,-33.18832400,54.36007700,-4.96355700,-0.07115196,11.03561000,54.53785000,-47.98002000,14.06545900,-47.23853700,29.31374000,-29.15188000,-11.43437100
879,2.77849555,-15.40382385,62.67902680,-14.85842439,-2.60927984,98.25282448,-0.84358130,-30.00006700,30.59438700,9.94457200,2.17536200,-9.87275100,15.02630400,-73.44232000,-41.17428200,5.31289800,1.86469600,15.00003300,-1.13873090,23.36790800,5.29253600,5.69768900,20.98029700,-33.50269700,53.65794000,-4.85532200,-0.04149696,10.95508100,54.86521000,-47.93726000,13.93547800,-47.46832700,28.61575700,-29.33767500,-11.49767800
880,2.43549395,-15.52938366,62.46397761,-15.09841488,-2.78466178,98.57588624,-0.89995460,-30.00006700,30.54917300,9.91871900,1.94366630,-9.85112100,15.09942500,-73.39543000,-41.16032800,5.23064140,1.93092240,15.00003300,-1.02843610,23.45124200,4.94310470,5.86266570,20.93327000,-33.57502700,52.96180300,-4.84356260,0.10222793,10.70505100,55.07416000,-47.92190000,13.84532900,-47.46807500,28.18637300,-29.18462600,-11.00956300
881,2.10480809,-15.64799118,62.23971469,-15.35470063,-2.94277651,98.90435584,-0.94304395,-30.00006700,30.49847000,9.87820200,1.69101440,-9.81879200,15.15268100,-73.36022000,-41.08197000,5.18762830,1.93983750,15.00003300,-1.00880030,23.52955600,4.62565570,6.00600670,20.86979100,-33.62980300,52.23246000,-4.94131570,0.26244550,10.52213600,55.30605300,-47.89794000,13.59139600,-47.50190000,27.88026600,-28.77624500,-10.59435600
882,1.79056191,-15.75883484,62.02044965,-15.59664502,-3.15979591,99.20296287,-0.94419240,-30.00006700,30.46988500,9.84956550,1.47365010,-9.78927600,15.22482400,-73.34421000,-40.98308000,5.16019250,1.88592400,15.00003300,-1.09066310,23.60836000,4.37423130,6.18599200,20.82429100,-33.74621600,51.42557000,-5.13029860,0.36822000,10.47039100,55.45677000,-47.85281000,13.27072100,-47.53346300,27.59203700,-28.24032000,-10.57650900
883,1.49839211,-15.85655975,61.85164373,-15.75323439,-3.39527347,99.40178754,-0.93749136,-30.00006700,30.54076200,9.88956800,1.36851820,-9.73428800,15.47411100,-73.35322000,-41.27602000,5.01646400,1.97862950,15.00003300,-0.90633730,23.64123300,4.18875500,6.15848540,20.77347600,-33.99884000,50.88757300,-5.30773100,0.25770110,10.28140500,55.67675800,-47.82916600,13.14915400,-47.47792400,27.22492600,-27.93717000,-10.96287300
884,1.23451638,-15.93642807,61.77052546,-15.77915246,-3.49958760,99.44940280,-0.95798030,-30.00006700,30.71349700,9.99896800,1.21530130,-9.65815100,15.52241100,-73.40947000,-41.32197000,4.95978160,2.03054620,15.00003300,-0.92551900,23.64354300,4.06464000,6.28961100,20.68772100,-34.25339500,50.48157500,-5.30578900,0.16042252,10.41380100,55.72355700,-47.74033700,12.90754400,-47.46241000,27.03870600,-27.74312000,-11.16144300
885,0.99047112,-16.00042152,61.66370551,-15.86164834,-3.53737127,99.55407533,-1.01293480,-30.00006700,30.78740100,10.05304300,0.99444320,-9.60357800,15.52964700,-73.42731000,-41.33545700,4.92216830,2.10255430,15.00003300,-0.93651610,23.63885500,3.92557170,6.39794800,20.62113600,-34.39705700,50.01013000,-4.97201630,0.26000726,10.71517000,55.76460300,-47.65077000,12.60777600,-47.32567200,26.68210800,-27.31396900,-11.18431400
886,0.76661783,-16.05012894,61.54992550,-15.96805421,-3.54306252,99.67121975,-1.08498530,-30.00006700,30.79476000,10.09602600,0.76688000,-9.54016000,15.56371400,-73.41794000,-41.37389800,4.86227370,2.19886600,15.00003300,-0.85195520,23.63711700,3.78614300,6.41067650,20.55583600,-34.57634400,49.55892600,-4.66493600,0.43439564,11.00874300,55.88411700,-47.57008700,12.28128700,-47.16217400,26.03648800,-26.80059600,-11.18023900
887,0.56876904,-16.08889580,61.51700654,-15.94316761,-3.54899882,99.58402014,-1.16547610,-30.00006700,30.92024800,10.26363600,0.66774110,-9.38991600,15.34871300,-73.50052000,-41.14050000,4.91417260,2.19338770,15.00003300,-0.69465920,23.60746600,3.76090810,6.42000630,20.50111600,-34.94774200,49.24362600,-5.12145660,0.35650620,10.99801300,55.83923300,-47.53732300,12.21923500,-47.04270600,24.99357800,-26.66468200,-11.48315600
888,0.39599627,-16.11255646,61.44184845,-16.00608541,-3.60214034,99.61939844,-1.18553660,-30.00006700,30.99668500,10.33377100,0.63079080,-9.26238700,15.42393400,-73.52685500,-41.28075800,4.85851140,2.31641220,15.00003300,-0.48928020,23.58395800,3.70467690,6.18581630,20.37315600,-35.42790600,49.31315200,-5.36613660,0.31095114,10.87659400,55.88605500,-47.49818400,12.18339700,-46.74859200,24.17585600,-26.75267800,-11.73686000
889,0.24269854,-16.12710571,61.39325873,-16.04930604,-3.55110085,99.54700623,-1.22985280,-30.00006700,31.06461000,10.39322200,0.57036453,-9.14688800,15.35737400,-73.53855000,-41.26038400,4.79842230,2.40874600,15.00003300,-0.39261310,23.56790700,3.67773000,6.19698050,20.31375100,-35.63740500,49.10632700,-5.35885900,0.29392560,10.83866700,55.82733500,-47.49052400,12.14466800,-46.52839000,23.36745600,-26.36050600,-11.97552900
890,0.10688299,-16.13423729,61.36909061,-16.06322537,-3.45263325,99.40412878,-1.27937530,-30.00006700,31.14257600,10.46080400,0.49144360,-9.02390300,15.22154000,-73.55345000,-41.14524500,4.74088100,2.51377920,15.00003300,-0.28707910,23.55830400,3.67512320,6.21414040,20.25792500,-35.82090800,48.93621400,-5.38887600,0.30785410,10.86016300,55.76611300,-47.49423200,12.09373100,-46.38501700,22.58525500,-25.87757000,-12.05497500
891,-0.01338935,-16.13566208,61.35940240,-16.05209820,-3.36758109,99.25010119,-1.31254470,-30.00006700,31.24064400,10.54614300,0.40939832,-8.87770900,15.12374700,-73.58182000,-41.04566200,4.68139740,2.67820170,15.00003300,-0.13552476,23.54685000,3.75027510,6.07761400,20.18611300,-36.10281000,49.02163300,-5.65786300,0.35662642,10.87732000,55.74365200,-47.52341500,12.06350600,-46.28977600,21.81645200,-25.74823600,-11.88891400
892,-0.11202418,-16.13186073,61.31453520,-16.14882626,-3.15220972,99.16864806,-1.37671340,-30.00006700,31.25257300,10.52770200,0.43803492,-8.77962400,15.02450800,-73.54916400,-40.98051500,4.60525100,2.72614480,15.00003300,-0.11111990,23.54238900,3.85760660,5.90515230,20.10020000,-36.45026400,49.20099300,-5.36345150,0.38088292,10.87594300,55.74088000,-47.55563700,12.11038600,-46.00379000,20.37215200,-26.04932800,-12.51777650
893,-0.19500428,-16.13131523,61.30088687,-16.16180174,-3.05102342,99.13872901,-1.45736350,-30.00006700,31.26973200,10.57658100,0.43118810,-8.72015500,14.95515250,-73.55730400,-40.98291400,4.57631300,2.73933600,15.00003300,-0.09675331,23.52718500,3.92581440,5.81945400,20.06139600,-36.58728800,49.27458200,-5.19557950,0.39062893,10.88412400,55.68132400,-47.56706600,12.11633700,-45.86115300,19.80613500,-26.03567700,-12.73566000
894,-0.26440012,-16.13556862,61.31012906,-16.13575583,-2.94993827,99.07003130,-1.51762160,-30.00006700,31.35571300,10.63526700,0.42537057,-8.62953300,14.93930800,-73.56819000,-41.02452000,4.48698600,2.79451660,15.00003300,-0.05131871,23.50851400,3.97179840,5.70084430,19.99940000,-36.71449300,49.43057000,-5.25809570,0.36370980,11.01773100,55.62851300,-47.58101300,12.14225200,-45.79860700,19.46796800,-25.78999900,-12.77716350
895,-0.32060653,-16.14672279,61.32753020,-16.10157713,-2.81779984,98.93556989,-1.56005930,-30.00006700,31.50819400,10.67737800,0.43126222,-8.49825200,14.79249500,-73.59994500,-40.91229600,4.43347740,2.84713080,15.00003300,0.01629306,23.48176200,4.04317800,5.58819060,19.94988400,-36.76590000,49.59152600,-5.49872260,0.29985620,11.24493800,55.58432400,-47.59456600,12.20111400,-45.79613000,19.03564000,-25.35982700,-12.77249500
896,-0.36576757,-16.16857910,61.30975519,-16.11734059,-2.80691401,98.92888321,-1.60380760,-30.00006700,31.46514900,10.72865400,0.41105574,-8.44767500,14.84164700,-73.58482000,-40.99958400,4.37526270,2.91935500,15.00003300,0.13898850,23.46709800,4.00411030,5.43128000,19.87165600,-36.68666500,49.74961000,-5.77615640,0.19657047,11.31544800,55.50531800,-47.61858000,12.32281700,-45.72578000,18.56442600,-24.86496200,-13.04287100
897,-0.40143645,-16.20144272,61.28495455,-16.13327947,-2.85183856,98.91304228,-1.63225940,-30.00006700,31.46963700,10.74686100,0.40462744,-8.41821800,14.73644400,-73.59836000,-40.95045000,4.38627600,2.95569780,15.00003300,0.34027556,23.47530700,3.99626160,5.23836900,19.79216600,-36.58574300,49.70638700,-5.75992100,0.27713790,11.18906500,55.47843600,-47.66374600,12.47339250,-45.63046300,17.75805700,-24.38476800,-13.14608500
898,-0.43024188,-16.24059868,61.26431803,-16.13971792,-2.89227665,98.93126326,-1.66188070,-30.00006700,31.48990200,10.76412700,0.37616742,-8.37002700,14.69942000,-73.60062000,-40.93179000,4.35562400,2.99382300,15.00003300,0.57521870,23.49823000,3.99580980,5.00586000,19.73641800,-36.54558000,49.66649200,-5.76812650,0.33921784,11.14909100,55.52362000,-47.72252000,12.64660700,-45.59345200,17.12940800,-24.25367500,-13.20242500
899,-0.45314935,-16.28548431,61.25012978,-16.13769620,-2.93544937,98.97200358,-1.68125810,-30.00006700,31.51540400,10.78496500,0.34984815,-8.31745100,14.73204100,-73.59598500,-40.95353700,4.30233800,3.03235050,15.00003300,0.74693140,23.51194200,4.00396500,4.76348000,19.66459500,-36.49974400,49.72092000,-5.85178100,0.32257593,11.19165100,55.44870400,-47.82988700,12.91420500,-45.50538600,16.73361800,-24.30837600,-13.22834200
900,-0.47092861,-16.33680153,61.24034275,-16.13042224,-3.01578559,98.97051865,-1.68187280,-30.00006700,31.55465500,10.80503200,0.39279652,-8.31127700,14.73376600,-73.60060000,-40.97523500,4.26196500,3.08491750,15.00003300,0.87299440,23.49465800,4.00922250,4.62148760,19.62519800,-36.40091300,49.68870000,-5.99538600,0.24434267,11.14303100,55.31254600,-47.90281300,13.03923500,-45.43208700,16.46961600,-24.00168000,-13.03510900
901,-0.48331362,-16.39004517,61.21599520,-16.15449117,-3.04267132,99.03105092,-1.69888230,-30.00006700,31.58368500,10.78568600,0.39569744,-8.25845200,14.67906950,-73.60654000,-40.92669000,4.27514200,3.10044880,15.00003300,0.97531520,23.48701300,4.05207700,4.37777570,19.58736200,-36.36713800,49.69598000,-5.93619600,0.22264011,11.15936100,55.20921000,-48.01898600,13.23185700,-45.30574800,16.48863400,-24.17824000,-12.94699000
902,-0.49186912,-16.44334984,61.20440312,-16.17117256,-3.00098902,99.08499101,-1.76320150,-30.00006700,31.57467800,10.78587700,0.41872153,-8.21053400,14.68713100,-73.59810000,-41.00131200,4.23306000,3.13789960,15.00003300,1.01677220,23.47862000,4.12819700,4.15750600,19.56414800,-36.37095300,49.69907400,-5.99248600,0.10840102,11.10022400,55.15633400,-48.13319800,13.37089800,-45.22661000,16.47404900,-24.22004300,-12.90848800
903,-0.49554193,-16.49815369,61.19505274,-16.18341229,-2.96020010,99.11495060,-1.84055510,-30.00006700,31.56857300,10.78166000,0.45588046,-8.18537800,14.60216800,-73.59219000,-40.98761000,4.20789600,3.15440730,15.00003300,1.06396900,23.47175000,4.20032600,3.97017240,19.54892200,-36.34129000,49.68218200,-6.06900600,0.03912754,11.02086500,55.10270000,-48.26069000,13.48056900,-45.17576000,16.51855300,-24.09236700,-12.86163100
904,-0.49391454,-16.55519676,61.17784742,-16.20330531,-2.99434817,99.15642082,-1.86025420,-30.00006700,31.57070700,10.75853100,0.49335490,-8.19000000,14.61663400,-73.56011000,-40.99872600,4.13101860,3.18738770,15.00003300,1.17375250,23.46992700,4.23570000,3.78643730,19.54138800,-36.25638200,49.64552300,-6.05515200,0.15927717,10.99234400,55.03837600,-48.36970500,13.56653300,-45.14410400,16.70674300,-23.82149500,-12.73517000
905,-0.48265830,-16.61306381,61.18390901,-16.19608756,-2.95078853,99.15767395,-1.86944830,-30.00006700,31.67348100,10.72331200,0.52929570,-8.12415600,14.56105700,-73.56619000,-40.95382300,4.09278700,3.20465600,15.00003300,1.28333580,23.47311800,4.26060630,3.53267030,19.54544400,-36.38080000,49.71799000,-6.14603600,0.12916034,11.12854800,54.90822200,-48.51252400,13.77737900,-45.16476000,16.37259100,-23.83952000,-12.77505500
906,-0.46720287,-16.67267990,61.18397380,-16.17362355,-3.02521081,99.17416455,-1.89974530,-30.00006700,31.66683800,10.74999000,0.53878504,-8.11519800,14.46263300,-73.58698000,-40.85933700,4.13218930,3.19109820,15.00003300,1.23564980,23.47257800,4.37634300,3.41026900,19.54633700,-36.31577300,49.77275000,-6.13599350,0.03777132,11.14163600,54.71555700,-48.64557300,13.91147900,-45.18694000,16.58022500,-23.92832200,-12.57281000
907,-0.44661173,-16.73236275,61.17869501,-16.15611732,-3.12681728,99.23024197,-1.92946090,-30.00006700,31.63783500,10.78134200,0.55235600,-8.10987600,14.37416800,-73.61114500,-40.76081500,4.20053100,3.18296700,15.00003300,1.22083650,23.48404000,4.49686150,3.26255630,19.54583500,-36.26159300,49.84269000,-5.99011000,-0.03823679,11.11574500,54.62210000,-48.67299300,13.93885000,-45.25951800,16.72782000,-24.02608300,-12.28336200
908,-0.42030486,-16.79096031,61.17466807,-16.14511286,-3.19279161,99.31005605,-1.95992860,-30.00006700,31.64137500,10.78402700,0.58361080,-8.08849600,14.32240800,-73.61962000,-40.70025000,4.22269060,3.20998450,15.00003300,1.20692280,23.50227400,4.62396860,3.08468150,19.54183000,-36.19723500,49.92484700,-5.71215720,-0.06447877,11.08932100,54.49614700,-48.72594000,14.04008900,-45.31757000,16.60739000,-24.11402000,-12.08772700
909,-0.38627434,-16.84670448,61.20512396,-16.09654759,-3.14512324,99.33877218,-2.03922920,-30.00006700,31.65818800,10.79212300,0.60498380,-8.09181400,14.31333200,-73.61482000,-40.78938700,4.15934940,3.21392350,15.00003300,1.28105410,23.47576500,4.67337500,2.81484300,19.54888200,-36.37046400,50.09342600,-5.57642170,-0.05877057,11.05851600,54.35240600,-48.83831400,14.27889900,-45.33141300,16.78860300,-24.18171700,-12.09260000
910,-0.34989432,-16.89972496,61.20198449,-16.09732041,-3.16461136,99.41682315,-2.08139100,-30.00006700,31.64318500,10.78202600,0.64964455,-8.09409400,14.29286200,-73.60660000,-40.77908700,4.15047500,3.21057990,15.00003300,1.24928120,23.50034000,4.77177300,2.64796600,19.55111100,-36.37817400,50.20733000,-5.33155400,-0.04960717,10.93866000,54.23913200,-48.89689600,14.39330100,-45.38598600,16.83665000,-24.17039300,-11.89840700
911,-0.31229559,-16.94763756,61.20453694,-16.08094012,-3.16570163,99.59370785,-2.17484070,-30.00006700,31.61755600,10.79034600,0.68083024,-8.11079400,14.29316000,-73.62385000,-40.89041500,4.19825030,3.16322880,15.00003300,1.24335580,23.50889600,4.86341050,2.43778800,19.55327400,-36.38012300,50.28354000,-5.17656370,-0.05692027,10.79776500,54.28337000,-48.93083600,14.46904100,-45.44814300,17.00758600,-24.07930400,-11.83035700
912,-0.27454808,-16.99095726,61.21634966,-16.04625349,-3.16352384,99.80361143,-2.28395320,-30.00006700,31.59396400,10.80751900,0.70140684,-8.14055900,14.40047000,-73.63045500,-41.15823400,4.18916130,3.13725420,15.00003300,1.25873580,23.50734000,4.93776940,2.21469100,19.55598400,-36.38534000,50.34895700,-5.11596300,-0.07010186,10.64511900,54.38231700,-48.96313000,14.55669700,-45.50646600,17.18368700,-23.92199900,-11.89074800
913,-0.23680702,-17.03296089,61.22260601,-16.02501191,-3.22255058,99.86810660,-2.30414220,-30.00006700,31.59211000,10.80389600,0.73442130,-8.16996700,14.38029000,-73.63092000,-41.15704000,4.20502100,3.11122700,15.00003300,1.27135090,23.55745300,4.98406100,2.10969730,19.55582400,-36.34711500,50.42809700,-5.02118830,-0.05012633,10.45507400,54.37188000,-48.97211500,14.58941300,-45.63615800,16.97040400,-23.71103000,-11.82163050
914,-0.20059466,-17.06774330,61.23544464,-16.01788858,-3.16451899,99.93017326,-2.32810040,-30.00006700,31.66054700,10.74293800,0.78172110,-8.18087200,14.35300000,-73.62137000,-41.18561000,4.18466500,3.10002700,15.00003300,1.15960850,23.52696800,5.09528900,1.94081200,19.56495000,-36.46695700,50.58443000,-4.71672730,-0.16181310,10.58869500,54.31036400,-48.98442500,14.70839500,-45.62109800,16.94701400,-24.36215800,-11.84012700
915,-0.16833729,-17.09835052,61.24208179,-16.00354269,-3.17307195,100.04115881,-2.35320430,-30.00006700,31.69325400,10.72733900,0.82814360,-8.20032600,14.40087900,-73.61893000,-41.26138000,4.17528250,3.09640650,15.00003300,1.13746380,23.52831800,5.16414260,1.80502960,19.56909600,-36.49186700,50.65064000,-4.73651600,-0.18031030,10.62881400,54.32631700,-48.98452400,14.76740600,-45.64267000,17.38985400,-24.67124400,-11.71614700
916,-0.13896933,-17.12534332,61.25658276,-15.96821100,-3.19210558,100.13456608,-2.39962430,-30.00006700,31.71117600,10.74849200,0.86793150,-8.21597900,14.41908800,-73.63240000,-41.32734300,4.18603560,3.08756300,15.00003300,1.19011880,23.51997000,5.20831250,1.65045520,19.57756200,-36.49730700,50.72344600,-4.83830600,-0.17408387,10.61504600,54.33736000,-48.98039600,14.91269100,-45.65409500,17.81550600,-24.81544300,-11.64151000
917,-0.11167102,-17.14903259,61.29401581,-15.90697207,-3.14300992,100.15520403,-2.47601130,-30.00006700,31.72839500,10.78784500,0.89561343,-8.21009100,14.38609700,-73.65680000,-41.41036200,4.19602500,3.07611800,15.00003300,1.28043750,23.50191100,5.26765800,1.46992670,19.59039000,-36.57705000,50.83629200,-4.69722100,-0.23436113,10.63142300,54.36099000,-48.97850000,15.12727400,-45.64476800,17.72523300,-25.08835800,-11.78531500
918,-0.08628440,-17.16981316,61.29938907,-15.92240354,-3.02856015,100.15740523,-2.50958540,-30.00006700,31.73818600,10.74247600,0.88949305,-8.18716500,14.32530500,-73.64651500,-41.39355500,4.18984560,3.10004950,15.00003300,1.36763010,23.51204000,5.26614570,1.35021590,19.59468700,-36.57206000,50.85447700,-4.61549900,-0.20160273,10.62728000,54.44664000,-48.97887000,15.18409500,-45.66001000,17.89773200,-25.22135500,-11.66432200
919,-0.06321579,-17.18951607,61.28957455,-15.94046213,-3.00930296,100.26904876,-2.53703330,-30.00006700,31.73472400,10.71443700,0.90019860,-8.16929400,14.37601600,-73.64566000,-41.47326700,4.19206430,3.11306380,15.00003300,1.40028760,23.48913400,5.31163360,1.20324620,19.60891200,-36.44296600,50.82720600,-4.70104030,-0.16507615,10.59524600,54.53510700,-48.97080000,15.29667600,-45.63863000,17.92254800,-25.21664000,-11.75151500
920,-0.03978845,-17.20961952,61.27424707,-15.95639563,-3.02529104,100.42496866,-2.57878700,-30.00006700,31.71270800,10.69947800,0.91344170,-8.16551300,14.42689200,-73.64671000,-41.55790300,4.21195270,3.10403010,15.00003300,1.43326740,23.48201600,5.36700900,1.06975830,19.63242000,-36.28575500,50.73395500,-4.74049040,-0.07931653,10.43694200,54.64052000,-48.95905000,15.37505500,-45.62118500,18.21648800,-25.10974900,-11.61667700
921,-0.01467991,-17.23108482,61.26344140,-15.96405950,-3.03824835,100.57083790,-2.63710800,-30.00006700,31.66713500,10.70249000,0.92518365,-8.17624800,14.47953000,-73.63797000,-41.66201000,4.21723800,3.08932600,15.00003300,1.51619950,23.50123600,5.39187960,0.91382770,19.64556300,-36.22870300,50.66167400,-4.74386200,0.03506759,10.17015400,54.75773600,-48.95820200,15.43822100,-45.60949300,18.86081500,-25.00178300,-11.21155700
922,0.01184195,-17.25542641,61.28158723,-15.93520562,-3.00842368,100.55894055,-2.71042590,-30.00006700,31.62814100,10.74784800,0.96741880,-8.17924700,14.47565000,-73.64005000,-41.76876000,4.18190200,3.09524540,15.00003300,1.67017360,23.51498000,5.44782000,0.77909994,19.66022500,-36.19703700,50.68060700,-5.19977700,-0.08956839,10.15146500,54.87909000,-48.95846000,15.56990700,-45.67224000,19.10052100,-25.22199600,-11.34623300
923,0.03955628,-17.28197479,61.31028499,-15.89874623,-2.95062137,100.52835412,-2.77643730,-30.00006700,31.61280400,10.77028600,1.00883450,-8.19790800,14.38059500,-73.64933000,-41.76907300,4.19552100,3.05934500,15.00003300,1.75191100,23.49068000,5.47358700,0.66363390,19.68922000,-36.24401000,50.72185500,-5.43415300,-0.20338197,10.35321300,54.82031600,-48.96191400,15.78896600,-45.65823000,19.12278400,-25.42229000,-11.51235500
924,0.06466740,-17.30967712,61.32358536,-15.87383271,-2.95504316,100.57864620,-2.80357070,-30.00006700,31.64147200,10.76741300,1.04482970,-8.19587400,14.37316200,-73.65318000,-41.79797700,4.19074340,3.08794620,15.00003300,1.85061060,23.45961000,5.49418640,0.55963665,19.71822200,-36.15957000,50.66375400,-5.65534000,-0.21784788,10.41017500,54.79905700,-48.96292000,15.98994350,-45.63240400,18.74267000,-25.41962600,-11.49674600
925,0.08735286,-17.33827972,61.32679141,-15.85562831,-2.98848605,100.68663500,-2.81608870,-30.00006700,31.69731900,10.75181600,1.07056570,-8.18178800,14.36937800,-73.66459000,-41.79307000,4.21324440,3.12328240,15.00003300,1.94392550,23.42160600,5.52273400,0.46456176,19.74317600,-35.95233500,50.55696500,-5.84867300,-0.16600840,10.34470600,54.78519000,-48.96912400,16.17916100,-45.59705400,18.12644400,-25.26636500,-11.33291000
926,0.10868425,-17.36721039,61.34933805,-15.82374521,-2.92622059,100.73232951,-2.87555840,-30.00006700,31.72803300,10.73999800,1.08243780,-8.19939300,14.37219600,-73.63393000,-41.81575400,4.13514800,3.11548570,15.00003300,2.02277800,23.38148000,5.53286740,0.30961758,19.75522600,-35.92512000,50.63550600,-5.91782800,-0.18703583,10.44809400,54.76962000,-48.98218000,16.28875200,-45.62094500,17.80227700,-25.19906000,-11.23291000
927,0.12366311,-17.39779282,61.33120951,-15.85110918,-2.93931563,100.83036188,-2.89118100,-30.00006700,31.72186300,10.71419500,1.11544780,-8.17403600,14.37313600,-73.64212000,-41.83896300,4.17798200,3.09574250,15.00003300,2.03551670,23.32907700,5.57798240,0.17111355,19.77487400,-35.87400400,50.67845000,-5.84398500,-0.11405831,10.31352900,54.66272000,-49.01876000,16.46675900,-45.49957700,17.79613100,-25.14391100,-10.95506400
928,0.13528055,-17.42873955,61.31982364,-15.86682737,-2.93229052,100.91320367,-2.93086900,-30.00006700,31.72569800,10.69741000,1.16153730,-8.15985900,14.38948800,-73.63341000,-41.89873000,4.15676800,3.12340550,15.00003300,2.06806680,23.28745700,5.64515540,0.03409729,19.78865800,-35.82328800,50.70356000,-5.89723350,-0.06089896,10.22573300,54.57481000,-49.05715000,16.60905800,-45.37038800,17.85857800,-25.17228700,-10.74694400
929,0.14435093,-17.46027756,61.31199201,-15.88029869,-2.90940264,100.98372671,-2.97286490,-30.00006700,31.72644600,10.68566100,1.20732590,-8.15418200,14.36817000,-73.63503000,-41.92976800,4.17253070,3.13035270,15.00003300,2.09698000,23.25966300,5.70209030,-0.09342010,19.79549000,-35.79079400,50.72986600,-5.92387530,-0.02533031,10.17285400,54.55027800,-49.08431000,16.68058400,-45.29861500,17.85262500,-25.23181000,-10.63224100
930,0.15073746,-17.49270439,61.29785436,-15.90737220,-2.89236244,101.02198871,-2.99004670,-30.00006700,31.73129000,10.65271950,1.24176700,-8.15033300,14.36024200,-73.62552000,-41.95741000,4.15893840,3.14488030,15.00003300,2.08133550,23.24937400,5.73506740,-0.16095443,19.79896400,-35.75561500,50.73947000,-5.72410440,0.00815078,10.12066800,54.49501400,-49.10419000,16.72008500,-45.24983000,17.67312600,-25.27049300,-10.61660200
931,0.15473355,-17.52481461,61.26508425,-15.96632801,-2.87004294,101.08111446,-2.98569320,-30.00006700,31.74759100,10.58237650,1.24769350,-8.11847500,14.37237800,-73.61019000,-41.99858000,4.13898230,3.14904880,15.00003300,2.12520900,23.22597700,5.74138070,-0.31167695,19.80393000,-35.77849200,50.77176300,-5.59386440,0.08747872,10.04992900,54.39514500,-49.14214000,16.79456700,-45.10645300,18.00756000,-25.56894500,-10.35610700
932,0.15588650,-17.55476761,61.24795836,-15.97004166,-2.93008046,101.21183376,-3.00574500,-30.00006700,31.75760500,10.58955000,1.25767820,-8.11390000,14.43849700,-73.61127500,-42.05874300,4.13884160,3.16180630,15.00003300,2.13398270,23.21035800,5.79478300,-0.43062220,19.80381400,-35.77870600,50.77424600,-5.59184740,0.16620424,9.88526000,54.38841600,-49.16112000,16.83475000,-45.04111500,18.41211000,-25.66265300,-10.03519700
933,0.15600269,-17.58236122,61.23459197,-15.96429491,-2.99678644,101.34284763,-3.03320070,-30.00006700,31.76975300,10.60584900,1.27367160,-8.11456000,14.48617200,-73.61911000,-42.11443700,4.15154360,3.18043500,15.00003300,2.14403320,23.18032300,5.85249850,-0.54665613,19.79864900,-35.76675400,50.75997000,-5.55915700,0.21972840,9.72934400,54.40347700,-49.19800000,16.88708100,-44.97493000,18.62248200,-25.64636200,-9.75745400
934,0.15583850,-17.60684013,61.21800946,-15.97680080,-3.02927847,101.44421629,-3.05484340,-30.00006700,31.78118500,10.59495800,1.29721200,-8.10997100,14.52066500,-73.61944600,-42.18756500,4.15279340,3.21144680,15.00003300,2.18344900,23.13757000,5.89627400,-0.64781070,19.79730600,-35.76749400,50.69754800,-5.40009400,0.23391673,9.64525500,54.44025000,-49.21443000,16.91267000,-44.88256500,18.53470200,-25.59012400,-9.53650100
935,0.15449432,-17.62458038,61.19668080,-16.00463739,-3.03386790,101.56283282,-3.09209800,-30.00006700,31.76714300,10.57988500,1.33468660,-8.11769600,14.51512200,-73.62184000,-42.21116000,4.19486950,3.21499470,15.00003300,2.10800460,23.08922400,5.95659350,-0.72285220,19.79727000,-35.77359000,50.67089500,-5.17755000,0.20847549,9.59576500,54.45399500,-49.22514000,16.91885400,-44.78034000,18.48393000,-25.63524400,-9.26441500
936,0.15543644,-17.63557053,61.18156321,-16.03827045,-2.97263628,101.66152784,-3.12461900,-30.00006700,31.76593800,10.53385700,1.33108900,-8.11068300,14.55633600,-73.61301000,-42.33694000,4.19612700,3.21672990,15.00003300,2.12975100,23.03398900,5.98321630,-0.86665370,19.79910700,-35.80262400,50.68319000,-5.13413100,0.17892997,9.53151900,54.54250300,-49.25343700,16.95164900,-44.68032000,18.48163800,-25.67986500,-9.12101000
937,0.15798299,-17.64184380,61.17984179,-16.05059370,-2.90286456,101.70481523,-3.16270900,-30.00006700,31.77351200,10.50965900,1.33147720,-8.10054900,14.59988400,-73.59268000,-42.44705000,4.14003300,3.24611400,15.00003300,2.20182970,22.98873500,5.98847870,-0.98104715,19.80126000,-35.82724400,50.70647000,-5.17101000,0.15810260,9.52478200,54.62714000,-49.27427700,16.99448800,-44.61774400,18.60817000,-25.69794500,-9.06127700
938,0.16232800,-17.64420700,61.18725835,-16.04487810,-2.84937438,101.71353411,-3.19526840,-30.00006700,31.78065000,10.51482600,1.33896830,-8.08820200,14.58225000,-73.59767000,-42.47785000,4.14293050,3.25066880,15.00003300,2.25335430,22.94509000,5.97338960,-1.05684220,19.80408700,-35.83663000,50.76567500,-5.25092500,0.13280039,9.57635600,54.65604400,-49.33237500,17.09273300,-44.57513400,18.76889000,-25.70045900,-9.09026900
939,0.16700880,-17.64309883,61.18727922,-16.04714243,-2.84831044,101.72847762,-3.18278120,-30.00006700,31.79568700,10.50356200,1.33671740,-8.07107000,14.65788300,-73.60697000,-42.61007700,4.13309800,3.29008870,15.00003300,2.25830910,22.92103000,5.96663700,-1.06585370,19.80503300,-35.75291400,50.76785700,-5.22144940,0.08682898,9.62194700,54.71396600,-49.35296600,17.11430000,-44.56617700,18.66995600,-25.66155600,-9.08061800
940,0.17484470,-17.63891411,61.18950413,-16.04487651,-2.81694274,101.77972383,-3.21845340,-30.00006700,31.77977600,10.50230400,1.32725520,-8.08396400,14.66999900,-73.59496000,-42.64955000,4.12299060,3.27643300,15.00003300,2.16540300,22.88496600,6.02356700,-1.07237850,19.80811100,-35.72763400,50.77999500,-5.22380640,0.05488897,9.60475300,54.73191500,-49.36026000,17.11109200,-44.54500600,18.98933600,-25.70520200,-9.03291600
941,0.18302228,-17.63496590,61.18873040,-16.04670752,-2.81259702,101.80302560,-3.22802000,-30.00006700,31.76059300,10.49545900,1.31162230,-8.10403800,14.67617900,-73.58743000,-42.66800300,4.12679400,3.26557830,15.00003300,2.10617110,22.85691600,6.03842400,-1.05704400,19.81290200,-35.67358800,50.80661400,-5.30369100,0.06985320,9.63230500,54.73728600,-49.36306400,17.08844200,-44.55316500,19.33838500,-25.60636100,-9.00861400
942,0.19066788,-17.63113594,61.18596158,-16.05036285,-2.81898423,101.81690676,-3.22017500,-30.00006700,31.74704200,10.48228000,1.27683350,-8.12657300,14.70369900,-73.57794000,-42.69616700,4.12041760,3.27082940,15.00003300,2.01119850,22.84028400,6.05170300,-0.99467540,19.81962000,-35.55240200,50.81623500,-5.40131900,0.08924039,9.67530500,54.72633000,-49.35182600,17.01081000,-44.59946000,19.83672500,-25.37282400,-8.85641300
943,0.19736579,-17.62704659,61.18276632,-16.05089946,-2.80549483,101.85255247,-3.22265840,-30.00006700,31.74653200,10.46978950,1.20897080,-8.14708200,14.65805600,-73.58988000,-42.65144300,4.18354100,3.23958750,15.00003300,1.82546420,22.82936100,6.08387100,-0.90288234,19.82927100,-35.40873000,50.81805400,-5.48350860,0.05666725,9.69603100,54.72760400,-49.31286200,16.83507200,-44.68781700,20.64022300,-25.05630100,-8.43077900
944,0.19965653,-17.62354660,61.17815219,-16.04581032,-2.84755809,101.92780097,-3.22543800,-30.00006700,31.74651300,10.48220350,1.21522260,-8.14559100,14.74939800,-73.58620000,-42.72871000,4.16521500,3.26640600,15.00003300,1.74807390,22.79415000,6.13134500,-0.90685880,19.83668300,-35.38202000,50.82933800,-5.48638800,0.01081796,9.69087700,54.75672000,-49.28208500,16.77543800,-44.66652000,20.53811000,-24.92275400,-8.46184600
945,0.20051111,-17.62056732,61.17932192,-16.05085410,-2.83656299,101.92645283,-3.19566460,-30.00006700,31.78394000,10.46428700,1.22166490,-8.12940900,14.80143700,-73.59700000,-42.79659300,4.16385360,3.28098100,15.00003300,1.67552880,22.76916300,6.16235070,-0.86226360,19.85256200,-35.33721500,50.81395300,-5.43653250,-0.12052902,9.82088100,54.81445000,-49.21842000,16.63592500,-44.72142400,20.69087400,-24.80241800,-8.39606900
946,0.19924149,-17.61732483,61.18241862,-16.05531596,-2.80782029,101.90284347,-3.17773560,-30.00006700,31.81646700,10.44857600,1.22728730,-8.10589600,14.82930500,-73.60667000,-42.85974500,4.15501640,3.30147620,15.00003300,1.61010600,22.72844000,6.17436400,-0.83018285,19.86085100,-35.32425000,50.83814600,-5.39714000,-0.23782264,9.85642100,54.80902500,-49.18623000,16.57667200,-44.71441000,20.87553200,-24.73233800,-8.30616950
947,0.19556755,-17.61343384,61.18014029,-16.06234724,-2.79084357,101.90255946,-3.18610260,-30.00006700,31.80940400,10.45237900,1.23385900,-8.08198900,14.85666300,-73.60960000,-42.92825700,4.14409540,3.32739970,15.00003300,1.60752670,22.68494800,6.20404500,-0.83893470,19.87756000,-35.34146000,50.82485000,-5.33437540,-0.25969413,9.63441500,54.86279300,-49.12950500,16.47512400,-44.68930400,20.96409600,-24.68225000,-8.11372800
948,0.18899256,-17.60883331,61.14218849,-16.13065375,-2.81404664,101.94746559,-3.17347430,-30.00006700,31.74584400,10.42041200,1.27545340,-8.07497500,14.88729100,-73.60037000,-42.97844000,4.17019100,3.33142040,15.00003300,1.64714830,22.65594700,6.18683800,-0.86610530,19.88832000,-35.37718600,50.77877400,-5.22195100,-0.13070215,9.27083600,54.87766600,-49.10072700,16.43337200,-44.56485700,20.90404900,-24.63343400,-7.94930500
949,0.18389979,-17.60258102,61.14176614,-16.14950974,-2.74691681,101.93064696,-3.17223100,-30.00006700,31.75544000,10.38049900,1.26791260,-8.09608400,14.88431600,-73.59546000,-43.03451000,4.16692070,3.31255980,15.00003300,1.59548800,22.61278000,6.16881750,-0.83652900,19.89518000,-35.38042400,50.82637000,-5.12972800,-0.18057403,9.34298700,54.86102300,-49.07827000,16.38882600,-44.52010700,21.46952600,-24.72064600,-7.74840260
950,0.17877457,-17.59642601,61.14106952,-16.16093750,-2.69861486,101.92429087,-3.19177560,-30.00006700,31.74519700,10.36278700,1.26816440,-8.11260200,14.89714300,-73.57501000,-43.08353800,4.12089540,3.33145300,15.00003300,1.57497900,22.57688100,6.16231440,-0.82601750,19.90470100,-35.38867600,50.86411700,-5.11164950,-0.16681822,9.19991600,54.85588000,-49.04538000,16.32607700,-44.47895400,21.89047800,-24.71723200,-7.50576800
951,0.17417997,-17.59117699,61.13634141,-16.17175941,-2.68836738,101.94695347,-3.21777750,-30.00006700,31.69663200,10.37685200,1.28652620,-8.11876800,14.93077400,-73.55987000,-43.12911600,4.10177400,3.36149480,15.00003300,1.55335750,22.54324700,6.16462140,-0.82857720,19.90735600,-35.39811300,50.90130200,-5.10795500,-0.08746998,8.86839600,54.83704000,-49.03571700,16.30219700,-44.41540000,21.91804300,-24.64822800,-7.34183070
952,0.17118129,-17.58842659,61.14271082,-16.16250656,-2.69224100,101.93020882,-3.22429470,-30.00006700,31.68436800,10.39677600,1.31028200,-8.12856700,14.94376500,-73.56425000,-43.16328400,4.10271840,3.40129900,15.00003300,1.50054800,22.51174200,6.19998500,-0.81512463,19.91449500,-35.38632200,50.95967000,-4.90650100,-0.12201064,8.87571100,54.83099400,-48.99224500,16.19880100,-44.38791700,21.56003000,-24.70145400,-7.40694860
953,0.17499581,-17.58999443,61.16093450,-16.15098718,-2.63670229,101.87422978,-3.20397850,-30.00006700,31.74717500,10.36054000,1.32242040,-8.14075400,14.87359300,-73.58626600,-43.15357000,4.14152300,3.36920800,15.00003300,1.43372250,22.49063900,6.18069600,-0.76275480,19.92292000,-35.31907000,51.03034000,-4.92259070,-0.25035810,9.01198700,54.82197600,-48.92400700,16.07527500,-44.44508000,21.92176000,-24.70147500,-7.30708900
954,0.17913049,-17.59511757,61.15582904,-16.16087393,-2.66347317,101.88605224,-3.17660980,-30.00006700,31.76867700,10.33560000,1.34867540,-8.13629500,14.96654700,-73.56937000,-43.25529500,4.07873300,3.41966900,15.00003300,1.42557730,22.47976100,6.18009040,-0.76998585,19.93277000,-35.27688000,51.05249000,-4.90782550,-0.26465720,8.88955100,54.82487500,-48.83446500,15.98127700,-44.44845200,22.07005700,-24.72443600,-7.20189050
955,0.18548001,-17.60377502,61.14528250,-16.17196214,-2.71747129,101.92562877,-3.16223300,-30.00006700,31.76928500,10.32864400,1.39190350,-8.12482200,15.00220800,-73.56689500,-43.27980000,4.07586300,3.44123770,15.00003300,1.38986050,22.47338500,6.17131420,-0.77428454,19.93419800,-35.26333000,51.07014000,-4.94571700,-0.26691920,8.73138300,54.79022200,-48.81702000,15.95929000,-44.43301400,22.14984000,-24.79259100,-7.16496040
956,0.19608867,-17.61617279,61.15579295,-16.15727040,-2.72126727,101.92544424,-3.17113800,-30.00006700,31.79264600,10.33315600,1.45125290,-8.12219000,14.90828400,-73.58571000,-43.18895300,4.13333100,3.39893560,15.00003300,1.30990530,22.46989400,6.17956160,-0.73191570,19.94470000,-35.20940800,51.07055000,-5.06388000,-0.40461716,8.80725500,54.70508200,-48.71785000,15.85376200,-44.46720500,22.47424000,-24.85814500,-7.07013750
957,0.20695002,-17.63176918,61.14751336,-16.17154501,-2.76823834,101.94002556,-3.14255830,-30.00006700,31.79231800,10.30532900,1.48931100,-8.15159500,15.01308600,-73.55514500,-43.29026000,4.05121900,3.46191980,15.00003300,1.33058570,22.45295500,6.17546000,-0.75519305,19.96348000,-35.22694000,51.04335000,-4.94430450,-0.40044390,8.75894200,54.65158500,-48.59171300,15.78886000,-44.44064300,22.57347000,-24.89288100,-6.94731240
958,0.22081584,-17.64843178,61.15787366,-16.15298273,-2.78652274,101.92099620,-3.13010290,-30.00006700,31.81981800,10.29794600,1.49543490,-8.17246150,14.91999900,-73.58324000,-43.21212400,4.12290240,3.43682740,15.00003300,1.37485030,22.43706300,6.14446400,-0.78500676,19.97669800,-35.21379000,51.07155200,-4.77263640,-0.33496866,8.81293800,54.58315300,-48.49031400,15.77340600,-44.44144000,22.42639000,-24.96203400,-6.94783100
959,0.23483883,-17.66465378,61.16208387,-16.14567453,-2.80813486,101.93288757,-3.11745020,-30.00006700,31.83402800,10.28344250,1.50477890,-8.18640200,14.96127400,-73.57954400,-43.27367000,4.10239460,3.47521260,15.00003300,1.36216900,22.43170400,6.13237330,-0.80463463,19.98077200,-35.18408200,51.09741600,-4.62892300,-0.27487728,8.88059400,54.53886800,-48.45360000,15.75788200,-44.44864300,22.25762400,-25.03108000,-7.01046280
960,0.24898183,-17.68001175,61.14896532,-16.16552941,-2.84006012,101.98329772,-3.11376710,-30.00006700,31.83031800,10.24862100,1.53543940,-8.19682000,15.00813800,-73.56458000,-43.35011700,4.07220360,3.53172660,15.00003300,1.32876980,22.41719400,6.15494800,-0.82996120,19.99590700,-35.13707700,51.07776300,-4.51058700,-0.25791112,8.89068100,54.49350000,-48.33483500,15.70417300,-44.40241000,22.20020500,-25.05526400,-7.01112370
961,0.26592195,-17.69346809,61.15679892,-16.16043702,-2.84478564,101.96946216,-3.09834150,-30.00006700,31.83480600,10.23056800,1.54956720,-8.21186600,15.08414300,-73.53375000,-43.40847000,3.98767970,3.58190250,15.00003300,1.32645730,22.41002500,6.14099500,-0.84572786,20.01040300,-35.14575600,51.10093700,-4.43397570,-0.27540597,8.93282300,54.41821300,-48.24757400,15.67768800,-44.41247600,22.31211000,-25.11899000,-7.03808800
962,0.28457955,-17.70426559,61.15758752,-16.16553470,-2.85537689,101.95378851,-3.09626580,-30.00006700,31.80902900,10.21357500,1.57231830,-8.25436100,14.98222400,-73.53671000,-43.28588500,4.04087350,3.54059860,15.00003300,1.37300440,22.40501200,6.10076140,-0.86582315,20.03127300,-35.13796600,51.11742400,-4.44732760,-0.23101065,8.97369400,54.34993400,-48.13147700,15.67308900,-44.41157000,22.34767700,-25.11474000,-7.08987330
963,0.30323127,-17.71161842,61.16726652,-16.15480450,-2.86953556,101.93893378,-3.08821230,-30.00006700,31.80146800,10.20418300,1.58937320,-8.28631900,14.97193400,-73.52617000,-43.25475700,4.02652740,3.54836540,15.00003300,1.38939440,22.41659400,6.06893440,-0.86518830,20.04054600,-35.09199500,51.15416300,-4.42832500,-0.20452951,9.01282600,54.30270800,-48.06912000,15.67893200,-44.46236400,22.38806300,-25.16099700,-7.19273700
964,0.32193142,-17.71529770,61.18545688,-16.12724302,-2.88450093,101.92510962,-3.07822590,-30.00006700,31.81872700,10.20148200,1.59682270,-8.30228700,14.97970200,-73.52203000,-43.24990500,4.00380850,3.57627320,15.00003300,1.39917390,22.41724600,6.04915760,-0.86360180,20.05388600,-35.01724200,51.21646500,-4.33290600,-0.20011863,9.04087700,54.22273600,-47.95336500,15.70949900,-44.49923700,22.41804000,-25.26520300,-7.27167100
965,0.34004721,-17.71445847,61.19751345,-16.10824105,-2.90173264,101.92791218,-3.07331730,-30.00006700,31.82100000,10.19577600,1.59634130,-8.31766600,14.96417000,-73.52405500,-43.23013000,4.01622720,3.58950610,15.00003300,1.37010320,22.41204600,6.03190040,-0.86239860,20.05782100,-34.98169000,51.31196000,-4.26564030,-0.17586060,9.08362700,54.19508700,-47.90872600,15.71360400,-44.55216000,22.41329800,-25.42199000,-7.29694300
966,0.35782287,-17.70838547,61.20769095,-16.09789217,-2.91018494,101.92599327,-3.06716400,-30.00006700,31.81202500,10.18976500,1.61237840,-8.32804200,14.90254800,-73.53712500,-43.15960000,4.07511100,3.57035970,15.00003300,1.36244710,22.39380300,6.00220100,-0.87881315,20.06779700,-34.99739500,51.40678000,-4.18757800,-0.17649800,9.05157800,54.11527600,-47.81720700,15.75781250,-44.54201500,22.39766100,-25.47446600,-7.43674560
967,0.37422875,-17.69814682,61.21601125,-16.08983235,-2.93147328,101.92776794,-3.05218300,-30.00006700,31.80398200,10.17915300,1.62941740,-8.33151300,14.97474900,-73.50684000,-43.19236800,4.00358800,3.63272860,15.00003300,1.38796660,22.36526100,5.96058650,-0.91371180,20.08125900,-35.05574800,51.51460600,-4.09030800,-0.19090688,9.00644500,54.04659000,-47.70477700,15.83113800,-44.49347300,22.33987800,-25.68650600,-7.50777960
968,0.39066720,-17.68442345,61.22834330,-16.07695358,-2.93939959,101.91912037,-3.04410720,-30.00006700,31.79639400,10.17333900,1.64300630,-8.32838200,14.94085700,-73.50331000,-43.12032700,4.01743700,3.64842600,15.00003300,1.41023550,22.32512500,5.91879130,-0.94861650,20.09724600,-35.11007000,51.63305000,-4.03987740,-0.18444994,8.99456200,53.98539400,-47.58904600,15.89781600,-44.44473300,22.27667200,-25.84689900,-7.54757740
969,0.40717074,-17.66747284,61.25197162,-16.05384950,-2.91081524,101.87263596,-3.04634830,-30.00006700,31.79115100,10.17023850,1.65195810,-8.32100800,14.90685300,-73.49161000,-43.06593700,3.99830940,3.67093590,15.00003300,1.41433160,22.26871000,5.88225800,-0.97580290,20.12241000,-35.15419400,51.77223000,-4.14958600,-0.11474122,9.07525900,53.91393700,-47.46260000,15.92969900,-44.42331700,22.25542000,-25.65068600,-7.64398430
970,0.42328638,-17.64738464,61.28635937,-16.02010349,-2.82875155,101.78555590,-3.08007700,-30.00006700,31.77735100,10.18856100,1.65442900,-8.27603900,14.89104100,-73.46503000,-43.05812000,3.91690000,3.72143980,15.00003300,1.43826740,22.24193600,5.87193060,-0.99827360,20.13598600,-35.25159500,51.91355000,-4.23769000,-0.15336180,9.17065300,53.88700500,-47.42669000,16.00360300,-44.43691000,22.06969800,-25.84732200,-7.75975200
971,0.43914121,-17.62689590,61.30741169,-15.99985636,-2.78471431,101.76058341,-3.09820220,-30.00006700,31.76955400,10.19600100,1.66626020,-8.25912100,14.81837000,-73.47970000,-43.00523400,3.96341130,3.72307750,15.00003300,1.45742290,22.20511200,5.84438800,-1.02459920,20.16125100,-35.30927700,52.03655000,-4.33660100,-0.16663098,9.24970400,53.85456000,-47.35996600,16.10159500,-44.40360300,22.05330300,-25.89997700,-7.84064440
972,0.45471463,-17.60708618,61.31944082,-15.99118567,-2.77476687,101.78303132,-3.09896730,-30.00006700,31.75589000,10.19191550,1.68912510,-8.25934300,14.85652300,-73.47570000,-43.04646700,3.96316300,3.74881580,15.00003300,1.44431420,22.18338200,5.83538870,-1.02813090,20.18601600,-35.29927400,52.10779000,-4.38258840,-0.19750376,9.28383200,53.84621000,-47.29356000,16.15878000,-44.38860000,22.07867800,-25.95771200,-7.88735530
973,0.47106892,-17.58927917,61.32624364,-15.98739717,-2.78337519,101.82562026,-3.09943770,-30.00006700,31.73535200,10.18481500,1.71786310,-8.26694700,14.89850300,-73.46737000,-43.07689700,3.96278930,3.75917400,15.00003300,1.41816040,22.18550100,5.82189460,-1.02033080,20.19307900,-35.28513700,52.15445300,-4.39831500,-0.26105154,9.28127500,53.86395600,-47.27446000,16.17723000,-44.40248500,22.05723600,-26.10035100,-7.93825050
974,0.48987138,-17.57617378,61.33847198,-15.97387636,-2.77577780,101.82420246,-3.11902330,-30.00006700,31.70374100,10.19220000,1.73051000,-8.26893200,14.88460700,-73.46429400,-43.08543400,3.96482780,3.77626920,15.00003300,1.46537660,22.17113900,5.79763840,-1.03835020,20.21260000,-35.24859200,52.20367000,-4.47541000,-0.25093510,9.28316600,53.86849000,-47.23002600,16.24539600,-44.41902500,21.95648800,-26.01678700,-7.93854760
975,0.51080346,-17.56826210,61.36291328,-15.93368181,-2.77495359,101.80756133,-3.12795930,-30.00006700,31.71362900,10.22549900,1.73214010,-8.24393100,14.84999700,-73.48795000,-43.06657400,4.00488040,3.78715100,15.00003300,1.53028050,22.16239700,5.75966550,-1.07171190,20.22741100,-35.20746000,52.30752000,-4.71595530,-0.21428905,9.27352600,53.81617000,-47.20083200,16.32532100,-44.45707000,21.62509000,-25.82734000,-8.05067600
976,0.53219855,-17.56469536,61.37731346,-15.91275947,-2.77423390,101.78658915,-3.13143500,-30.00006700,31.71474300,10.23651100,1.73421200,-8.22133300,14.86900700,-73.48111000,-43.08235000,3.96699550,3.82138870,15.00003300,1.60874250,22.15454300,5.72749950,-1.09833510,20.24603500,-35.13675700,52.35389300,-4.80952070,-0.19095740,9.26171700,53.74651700,-47.17314500,16.44142000,-44.46327600,21.38825200,-25.83920300,-8.10140900
977,0.55411726,-17.56530952,61.38388097,-15.91095767,-2.75882481,101.77577954,-3.13749270,-30.00006700,31.69339000,10.22986700,1.73452510,-8.20713600,14.89885800,-73.46329500,-43.10899000,3.92280910,3.83538960,15.00003300,1.67402400,22.15546600,5.70877800,-1.11975850,20.26220100,-35.06401400,52.34403200,-4.75959000,-0.19475722,9.26235300,53.67434700,-47.15915700,16.56108000,-44.43449400,21.31661800,-26.04224000,-8.08627600
978,0.57716697,-17.57036972,61.40829842,-15.88001177,-2.70093583,101.75711159,-3.17471220,-30.00006700,31.69842100,10.23701000,1.72104510,-8.19517500,14.82614700,-73.47349000,-43.08581500,3.94205240,3.81545070,15.00003300,1.68894000,22.13279700,5.68990700,-1.16271080,20.29128300,-35.05230300,52.42001700,-4.85533860,-0.23065075,9.29728200,53.55974000,-47.14704500,16.71957800,-44.40586000,21.24557100,-26.10368500,-8.17753400
979,0.59798312,-17.58112526,61.41338168,-15.86045139,-2.76437118,101.76695156,-3.16364260,-30.00006700,31.70208500,10.25359900,1.73894170,-8.18432100,14.84398100,-73.48141500,-43.08386600,3.94051600,3.82322050,15.00003300,1.72968610,22.13170200,5.70232250,-1.19441700,20.29811700,-35.01074000,52.42161600,-4.96538830,-0.24104166,9.31954400,53.53508000,-47.14180800,16.74886500,-44.44731000,21.16869700,-26.16037000,-8.13292900
980,0.61726540,-17.59376144,61.42594391,-15.83427365,-2.79605554,101.76091949,-3.16705000,-30.00006700,31.69821400,10.27377200,1.74917480,-8.19079800,14.82989200,-73.49608000,-43.08574300,3.96247770,3.82487580,15.00003300,1.71873000,22.11828600,5.71495700,-1.20797060,20.30585000,-34.99015400,52.44886800,-5.05325500,-0.26959723,9.32850400,53.49297700,-47.13509400,16.76303900,-44.48911000,21.08361200,-26.18490400,-8.11064200
981,0.63474029,-17.60793495,61.43792443,-15.81230969,-2.81510384,101.72914286,-3.17128520,-30.00006700,31.69306400,10.28481700,1.75420320,-8.20479600,14.79892300,-73.50410500,-43.07833000,3.96592400,3.83346100,15.00003300,1.68841540,22.08851800,5.74651670,-1.22894680,20.32502700,-34.97696700,52.49364500,-5.11797400,-0.31406078,9.32956500,53.37949000,-47.11774400,16.79758300,-44.49254200,20.99357400,-26.20374900,-8.08465000
982,0.65018308,-17.62328148,61.43374105,-15.81481960,-2.86386407,101.69140871,-3.14876100,-30.00006700,31.67479500,10.28813800,1.75928930,-8.20678100,14.75839900,-73.51848000,-43.02431500,3.99969100,3.80888840,15.00003300,1.69747030,22.05868000,5.76662300,-1.24540640,20.34256700,-34.95005000,52.49859000,-5.12173700,-0.32926992,9.33296900,53.25741600,-47.10064300,16.82590500,-44.45527000,20.94705400,-26.27155900,-7.98128200
