Frame,root_translateX,root_translateY,root_translateZ,root_rotateX,root_rotateY,root_rotateZ,left_hip_pitch_joint_dof,left_hip_roll_joint_dof,left_hip_yaw_joint_dof,left_knee_joint_dof,left_ankle_pitch_joint_dof,left_ankle_roll_joint_dof,right_hip_pitch_joint_dof,right_hip_roll_joint_dof,right_hip_yaw_joint_dof,right_knee_joint_dof,right_ankle_pitch_joint_dof,right_ankle_roll_joint_dof,waist_yaw_joint_dof,waist_roll_joint_dof,waist_pitch_joint_dof,left_shoulder_pitch_joint_dof,left_shoulder_roll_joint_dof,left_shoulder_yaw_joint_dof,left_elbow_joint_dof,left_wrist_roll_joint_dof,left_wrist_pitch_joint_dof,left_wrist_yaw_joint_dof,right_shoulder_pitch_joint_dof,right_shoulder_roll_joint_dof,right_shoulder_yaw_joint_dof,right_elbow_joint_dof,right_wrist_roll_joint_dof,right_wrist_pitch_joint_dof,right_wrist_yaw_joint_dof
0.000000,-0.000810,-0.030796,79.426024,0.703097,-2.553984,99.684201,7.375381,16.125940,31.169200,6.366871,2.869353,-6.013192,17.135900,-18.938524,-54.450424,5.412434,-0.592697,11.629194,1.364495,-1.792367,6.532748,2.025002,21.558306,-35.161896,63.604828,-10.846285,-0.344862,9.053041,21.956596,-31.291998,36.632214,-32.702072,14.857037,-20.970247,-4.616013
1.000000,-0.014018,0.021412,79.399360,0.635340,-2.502040,99.844286,7.334388,16.187277,31.137096,6.317539,2.721826,-6.135235,17.250751,-18.815817,-54.746696,5.309679,-0.634762,11.607640,1.348820,-1.794619,6.321760,2.041930,21.572945,-35.273453,63.628284,-10.790886,-0.296470,9.045631,22.188503,-31.366266,36.630756,-32.688324,15.054150,-20.567696,-3.976010
2.000000,-0.029765,0.083802,79.394307,0.598715,-2.477023,100.005685,7.297113,16.194805,30.962414,6.295172,2.664967,-6.179175,17.404080,-18.703964,-54.971798,5.155118,-0.628570,11.618776,1.451382,-1.800479,6.180857,2.034906,21.584223,-35.359295,63.564510,-10.735089,-0.287733,8.980474,22.433975,-31.433403,36.735165,-32.627964,15.021100,-20.463568,-3.995205
3.000000,-0.048862,0.150559,79.382014,0.587366,-2.415921,100.179971,7.231177,16.186129,30.854836,6.278871,2.593714,-6.213683,17.529753,-18.637178,-55.242855,5.028763,-0.661754,11.707887,1.507801,-1.813031,6.066454,2.050643,21.586964,-35.400860,63.492863,-10.583324,-0.300048,8.770677,22.661386,-31.456377,36.798412,-32.605923,15.224025,-20.390974,-3.840884
4.000000,-0.071313,0.217656,79.381681,0.570414,-2.345051,100.282502,7.169017,16.178965,30.747482,6.272464,2.544631,-6.190878,17.584614,-18.619453,-55.458160,5.014983,-0.741315,11.710585,1.561218,-1.841727,5.963081,2.118263,21.600426,-35.462906,63.402046,-10.479226,-0.320648,8.681157,22.952877,-31.568504,36.881798,-32.646122,15.272135,-20.321787,-3.898497
5.000000,-0.095023,0.279200,79.384221,0.571176,-2.302120,100.370666,7.132706,16.146370,30.616714,6.269389,2.525749,-6.193627,17.677270,-18.610832,-55.682938,4.960927,-0.758416,11.711977,1.641636,-1.852301,5.899234,2.163764,21.607210,-35.454390,63.311623,-10.415051,-0.308789,8.570889,23.217148,-31.669619,36.932440,-32.702156,15.185016,-20.326980,-4.023669
6.000000,-0.119367,0.332646,79.392357,0.554179,-2.223624,100.411867,7.061240,16.123266,30.459100,6.261973,2.512873,-6.205996,17.749805,-18.541853,-55.950400,4.781862,-0.787385,11.759979,1.719510,-1.883913,5.798377,2.222768,21.611668,-35.440594,63.237270,-10.268793,-0.281841,8.423514,23.405762,-31.759312,36.987514,-32.682230,15.226816,-20.314910,-3.983741
7.000000,-0.141518,0.378335,79.436317,0.553229,-2.336240,100.506505,7.167093,16.093285,30.314287,6.277605,2.661894,-6.050430,17.973442,-18.541517,-56.096718,4.766573,-0.743782,11.657192,1.882794,-1.896746,5.835752,2.212540,21.609428,-35.399950,63.126175,-10.042834,-0.293940,8.193278,23.582354,-31.819149,37.056760,-32.564304,14.953590,-20.984762,-4.274074
8.000000,-0.162184,0.418348,79.431386,0.555427,-2.265229,100.533946,7.124493,16.077236,30.317373,6.267987,2.611389,-6.026432,17.958809,-18.580610,-56.251480,4.809626,-0.788609,11.712605,1.840872,-1.933615,5.755723,2.280055,21.620562,-35.532776,63.073044,-10.045875,-0.328548,8.131412,23.682327,-31.962774,37.179356,-32.582740,15.306217,-21.170480,-4.141020
9.000000,-0.177645,0.456085,79.445431,0.601581,-2.316685,100.608044,7.168397,16.006655,30.219309,6.288151,2.679130,-5.960969,18.123290,-18.577090,-56.317425,4.669414,-0.652566,11.619966,1.888686,-1.930567,5.765622,2.313945,21.621761,-35.504700,62.970190,-10.007685,-0.353023,8.010772,23.878908,-32.045784,37.173160,-32.686348,15.372204,-21.296820,-3.996924
10.000000,-0.190661,0.492936,79.452726,0.574806,-2.246763,100.644622,7.115647,16.018970,30.175540,6.266421,2.684093,-5.967131,18.095964,-18.545412,-56.360580,4.663092,-0.681347,11.636865,1.892807,-1.966809,5.754840,2.299145,21.630306,-35.597458,63.015453,-10.129839,-0.416444,8.064713,24.058125,-32.150710,37.210293,-32.715760,15.282817,-21.264349,-3.958971
11.000000,-0.197987,0.530020,79.445807,0.593798,-2.269155,100.729546,7.146867,16.004768,30.178083,6.279718,2.654459,-5.941567,18.200450,-18.549505,-56.435966,4.634571,-0.652192,11.675652,1.867738,-1.983351,5.708339,2.314122,21.631277,-35.585470,63.042507,-10.203154,-0.335756,7.960466,24.239382,-32.183823,37.170300,-32.795420,15.700176,-20.977676,-3.661217
12.000000,-0.201043,0.568118,79.441468,0.596221,-2.236007,100.789733,7.131298,16.002426,30.165330,6.266527,2.648965,-5.983111,18.230995,-18.546270,-56.533670,4.635687,-0.686504,11.781576,1.864057,-2.043037,5.693733,2.290399,21.636278,-35.722836,63.119510,-10.253821,-0.357909,7.931290,24.331469,-32.212364,37.245766,-32.795574,15.798640,-20.897015,-3.587340
13.000000,-0.199368,0.607899,79.442558,0.621919,-2.252187,100.860676,7.140117,15.963268,30.037971,6.270584,2.674474,-5.993434,18.292002,-18.570265,-56.521590,4.669285,-0.706033,11.806958,1.903720,-2.048808,5.669613,2.276873,21.641396,-35.793640,63.149124,-10.382377,-0.358325,7.889482,24.517519,-32.255090,37.276750,-32.883236,15.718881,-20.796450,-3.604121
14.000000,-0.194584,0.648454,79.431379,0.639303,-2.258612,100.922163,7.149860,15.945135,29.962190,6.274689,2.636811,-6.003609,18.348940,-18.569773,-56.515476,4.668235,-0.707632,11.847565,1.890916,-2.069881,5.643821,2.290252,21.643677,-35.803620,63.191980,-10.476345,-0.364234,7.871593,24.642212,-32.268047,37.280037,-32.936428,15.689948,-20.714533,-3.552675
15.000000,-0.187834,0.690543,79.427883,0.650682,-2.267811,100.978173,7.164762,15.939982,29.906504,6.284876,2.628212,-5.992012,18.408827,-18.568990,-56.536740,4.682178,-0.732018,11.873549,1.917349,-2.094688,5.617248,2.288943,21.648922,-35.857273,63.258232,-10.505007,-0.369396,7.862673,24.812996,-32.291400,37.309580,-32.998270,15.671512,-20.728321,-3.568173
16.000000,-0.180326,0.733867,79.405011,0.668855,-2.255538,101.056324,7.155743,15.928378,29.853010,6.285494,2.547500,-6.026403,18.443853,-18.572803,-56.520992,4.704660,-0.735895,11.873135,1.914254,-2.099829,5.583394,2.300848,21.652412,-35.824425,63.300156,-10.682635,-0.404700,7.865953,24.972734,-32.308560,37.294690,-33.106274,15.500051,-20.581444,-3.447177
17.000000,-0.173059,0.778533,79.392184,0.694399,-2.227128,101.103348,7.151080,15.915856,29.855278,6.278340,2.524985,-6.044135,18.454820,-18.575610,-56.468155,4.701135,-0.684952,11.840466,1.928983,-2.087735,5.579966,2.306258,21.654926,-35.790787,63.334380,-10.646775,-0.445899,7.788514,25.159176,-32.319534,37.295700,-33.249280,15.332425,-20.854929,-3.433063
18.000000,-0.167409,0.822331,79.373713,0.679892,-2.177043,101.147822,7.120839,15.944290,29.842392,6.272024,2.433637,-6.062249,18.425568,-18.535114,-56.370790,4.705733,-0.674274,11.839978,1.886223,-2.087969,5.557683,2.328144,21.656965,-35.752020,63.385250,-10.690391,-0.484398,7.874349,25.356394,-32.320190,37.265650,-33.340496,15.210148,-20.871143,-3.439622
19.000000,-0.161854,0.863315,79.368228,0.672497,-2.151917,101.137046,7.120662,15.951245,29.770863,6.266640,2.395659,-6.061848,18.411590,-18.511515,-56.291230,4.708724,-0.655870,11.851306,1.908913,-2.084779,5.541760,2.359316,21.661026,-35.684933,63.439735,-10.616683,-0.517691,7.923208,25.529465,-32.320538,37.227600,-33.438442,14.964065,-20.908240,-3.392388
20.000000,-0.156065,0.899648,79.370216,0.655750,-2.098481,101.127902,7.082798,15.967189,29.692179,6.263902,2.385584,-6.058806,18.372358,-18.485752,-56.278202,4.719364,-0.697524,11.862342,1.884921,-2.094516,5.538876,2.400487,21.664919,-35.690680,63.494660,-10.575025,-0.548740,8.024279,25.626503,-32.320454,37.232212,-33.474750,14.851655,-20.953090,-3.578863
21.000000,-0.147660,0.929077,79.359494,0.693076,-2.064911,101.132828,7.064049,15.926829,29.645563,6.255042,2.369768,-6.057424,18.366371,-18.513613,-56.284187,4.712533,-0.679322,11.868055,1.857569,-2.114056,5.542184,2.430879,21.666924,-35.688060,63.533590,-10.534257,-0.606360,8.109340,25.704016,-32.318650,37.235077,-33.577057,14.766293,-20.943806,-3.739083
22.000000,-0.137276,0.951081,79.352805,0.705373,-2.032247,101.117272,7.048016,15.920738,29.625772,6.250453,2.346465,-6.025707,18.329418,-18.514133,-56.221600,4.715375,-0.718644,11.882636,1.852502,-2.112225,5.524984,2.446568,21.671732,-35.630417,63.613520,-10.606415,-0.583088,8.179590,25.820967,-32.306890,37.215267,-33.695854,14.612802,-20.862974,-3.748287
23.000000,-0.124349,0.966205,79.343479,0.713742,-2.094980,101.095176,7.141200,15.943757,29.714016,6.263275,2.300489,-5.938781,18.387297,-18.513832,-56.150124,4.731001,-0.630090,11.767276,1.823362,-2.081400,5.565664,2.475854,21.672853,-35.513554,63.652850,-10.521194,-0.593080,8.237391,25.895550,-32.286407,37.131935,-33.811900,14.417946,-20.961802,-3.727112
24.000000,-0.108956,0.975603,79.322754,0.736806,-2.067006,101.049211,7.143477,15.940065,29.784151,6.255439,2.229195,-5.919805,18.338600,-18.523136,-56.071020,4.722770,-0.626692,11.769158,1.751050,-2.081939,5.568914,2.525472,21.677797,-35.391290,63.715923,-10.420307,-0.581688,8.329358,25.961260,-32.236010,37.001713,-33.962395,14.327130,-20.806843,-3.658114
25.000000,-0.092166,0.982418,79.331333,0.726526,-2.013032,100.957896,7.130300,15.971580,29.858545,6.238836,2.267290,-5.859711,18.258516,-18.509476,-56.085518,4.719606,-0.621557,11.781198,1.742149,-2.109831,5.566335,2.532781,21.691206,-35.388570,63.815697,-10.404906,-0.698663,8.427939,25.907390,-32.175266,37.010777,-33.920147,13.923234,-21.040580,-4.007575
26.000000,-0.073776,0.986953,79.330775,0.719264,-2.013177,100.966170,7.129992,15.994573,29.852920,6.228383,2.287557,-5.869792,18.259003,-18.490767,-56.102120,4.740616,-0.626540,11.749577,1.701118,-2.120121,5.541539,2.522011,21.704538,-35.410520,63.897186,-10.358197,-0.719113,8.412005,25.887966,-32.118027,36.986973,-33.920574,13.787125,-21.130442,-4.028477
27.000000,-0.054191,0.991300,79.324286,0.733735,-2.017708,101.037018,7.115559,15.998749,29.847427,6.221997,2.312297,-5.900791,18.291230,-18.464622,-56.093540,4.710911,-0.612080,11.714277,1.630379,-2.110454,5.523213,2.505207,21.706636,-35.389620,63.946030,-10.435012,-0.656555,8.343036,25.920378,-32.105347,36.953884,-34.009224,13.964254,-21.085196,-4.013072
28.000000,-0.034694,0.995929,79.321061,0.733832,-2.007063,101.037289,7.094861,16.004498,29.783333,6.216957,2.317318,-5.914316,18.282430,-18.449558,-56.111960,4.714714,-0.613798,11.726314,1.648716,-2.120403,5.526642,2.461981,21.728745,-35.380360,64.010140,-10.410995,-0.646040,8.307451,25.967920,-31.995653,36.826023,-34.046417,13.914082,-21.053633,-3.951760
29.000000,-0.015636,1.000654,79.314464,0.734993,-1.977335,101.005241,7.074128,16.010570,29.763344,6.201884,2.303220,-5.913288,18.238514,-18.449026,-56.129257,4.736446,-0.664268,11.737896,1.646674,-2.138858,5.507409,2.444779,21.746740,-35.390760,64.088745,-10.469352,-0.678494,8.456577,25.976698,-31.925467,36.795830,-34.052986,13.835232,-20.969887,-4.050975
30.000000,0.002595,1.004179,79.303763,0.731146,-1.963620,101.037356,7.042401,16.026957,29.714699,6.200835,2.278705,-5.952059,18.216995,-18.413046,-56.044506,4.729940,-0.635686,11.732609,1.631772,-2.115646,5.507732,2.434819,21.761871,-35.305115,64.113230,-10.519275,-0.618972,8.414381,26.011675,-31.838400,36.711575,-34.110516,13.852054,-20.881334,-3.963019
31.000000,0.020311,1.005805,79.294803,0.732982,-1.954781,101.076245,7.014854,16.031569,29.664326,6.189250,2.265158,-5.965769,18.216784,-18.396809,-56.052990,4.736575,-0.667797,11.709043,1.592486,-2.114907,5.489893,2.424334,21.778591,-35.277100,64.127464,-10.521148,-0.603185,8.442586,26.078678,-31.758900,36.622852,-34.158780,13.895750,-20.782412,-3.890308
32.000000,0.037634,1.004324,79.262829,0.733079,-1.929847,101.073411,6.978375,16.036247,29.611536,6.180245,2.145245,-6.062640,18.189700,-18.386538,-56.077457,4.744047,-0.698063,11.700876,1.519645,-2.114863,5.430530,2.473286,21.809450,-35.282100,64.120980,-10.599623,-0.585024,8.484067,26.100584,-31.645304,36.435017,-34.254120,14.184295,-20.274258,-3.340209
33.000000,0.055926,0.999629,79.259649,0.700558,-1.992022,101.130034,7.007012,16.076086,29.514902,6.179398,2.126836,-6.075094,18.260199,-18.339334,-56.103203,4.776325,-0.706657,11.667623,1.521945,-2.102788,5.441903,2.436140,21.830975,-35.247738,64.126465,-10.755992,-0.580559,8.488984,26.126598,-31.567760,36.343494,-34.233240,14.331174,-20.246390,-3.173834
34.000000,0.076303,0.992286,79.267060,0.660538,-1.963467,101.177474,6.944073,16.118162,29.410315,6.156914,2.184565,-6.172746,18.232630,-18.278940,-56.151638,4.793982,-0.761098,11.723476,1.511935,-2.139067,5.427172,2.368635,21.863890,-35.397324,64.156075,-10.759430,-0.600512,8.514660,26.083572,-31.504414,36.377823,-34.119907,14.625026,-20.287619,-3.404307
35.000000,0.099987,0.982284,79.276238,0.593185,-1.963613,101.199483,6.914786,16.190863,29.308414,6.132348,2.232023,-6.289422,18.196960,-18.175037,-56.058930,4.810745,-0.823275,11.698456,1.543859,-2.117811,5.422633,2.313704,21.888777,-35.411163,64.200005,-10.640835,-0.662531,8.537224,26.082056,-31.452122,36.351900,-34.053753,14.037719,-20.335747,-3.558031
36.000000,0.129907,0.971325,79.266662,0.645874,-1.975592,101.249292,6.878620,16.131441,29.172535,6.124087,2.275527,-6.341722,18.220175,-18.211477,-56.101967,4.819816,-0.815594,11.670792,1.565768,-2.136430,5.441391,2.238208,21.913479,-35.421955,64.204666,-10.790276,-0.675908,8.556524,26.049060,-31.405075,36.352985,-34.108578,14.122590,-20.421438,-3.718527
37.000000,0.162132,0.960261,79.273947,0.646197,-1.907120,101.333255,6.736787,16.125406,28.989360,6.111074,2.371487,-6.420987,18.154390,-18.147330,-56.055656,4.769034,-0.845817,11.673968,1.509989,-2.123374,5.431800,2.206346,21.951958,-35.418960,64.162610,-10.633982,-0.717016,8.504815,26.106790,-31.324179,36.255898,-34.183820,14.469135,-20.574448,-3.547477
38.000000,0.197303,0.950251,79.258987,0.660830,-1.943996,101.377635,6.746026,16.126898,28.940346,6.092483,2.382710,-6.513192,18.178968,-18.149315,-56.049760,4.822942,-0.844553,11.655326,1.525450,-2.116338,5.437937,2.146207,21.988049,-35.406834,64.180670,-10.688078,-0.737639,8.525670,26.096577,-31.248558,36.222450,-34.228848,14.347457,-20.690070,-3.688380
39.000000,0.232206,0.946642,79.269972,0.642090,-2.004119,101.436959,6.760168,16.156673,28.803925,6.089595,2.481310,-6.594620,18.265290,-18.097574,-56.135370,4.834156,-0.840402,11.585957,1.512477,-2.117799,5.460869,2.108338,22.033508,-35.388233,64.204575,-10.634250,-0.808112,8.507886,26.079048,-31.149652,36.160023,-34.209236,14.605850,-20.892487,-3.610209
40.000000,0.265161,0.954938,79.267407,0.612222,-1.940495,101.490165,6.686027,16.223082,28.822083,6.066458,2.535620,-6.731697,18.200487,-18.027294,-56.108690,4.846934,-0.870342,11.595906,1.462227,-2.161841,5.417808,2.074332,22.117186,-35.431840,64.241950,-10.682301,-0.845844,8.537423,26.152596,-30.991446,36.028380,-34.219227,15.000180,-20.812372,-3.523787
41.000000,0.296444,0.978624,79.276298,0.589718,-2.056986,101.630276,6.758655,16.272427,28.717236,6.081797,2.610366,-6.759768,18.325264,-17.981379,-55.991646,4.952919,-0.904180,11.481985,1.488372,-2.153395,5.449842,2.013281,22.154556,-35.250800,64.247380,-10.777726,-0.799819,8.522479,26.309330,-30.900562,35.925644,-34.248913,14.984493,-20.908607,-3.376900
42.000000,0.323121,1.023474,79.282062,0.534673,-1.980213,101.685723,6.680797,16.353987,28.641874,6.066442,2.669811,-6.925917,18.335257,-17.793966,-55.980100,4.757484,-0.785274,11.331749,1.402936,-2.158307,5.443208,2.043754,22.214580,-35.194916,64.358025,-10.728052,-0.879520,8.503762,26.462740,-30.740032,35.817608,-34.276690,15.201149,-21.316330,-3.239032
43.000000,0.346378,1.088970,79.277743,0.531749,-1.789545,101.705508,6.517434,16.375471,28.585253,6.038424,2.717697,-7.088717,18.193563,-17.755316,-56.022270,4.752432,-0.849264,11.298268,1.284457,-2.179875,5.371860,2.148153,22.262053,-35.116090,64.425750,-10.882751,-0.957788,8.682806,26.709976,-30.607132,35.581780,-34.457386,15.524162,-21.262384,-3.598934
44.000000,0.366011,1.171440,79.296793,0.475488,-1.751738,101.756288,6.531292,16.479260,28.615196,6.030379,2.819923,-7.175735,18.225105,-17.650326,-56.018803,4.757245,-0.847881,11.187925,1.252141,-2.195841,5.362607,2.239407,22.305046,-34.943460,64.443350,-10.985209,-1.007689,8.567795,26.960693,-30.489286,35.452457,-34.495567,15.814614,-21.450428,-3.971843
45.000000,0.380922,1.267795,79.283583,0.458781,-1.618263,101.786095,6.480252,16.553328,28.756270,6.017412,2.815980,-7.346051,18.079937,-17.674568,-55.893700,4.973021,-1.034923,11.221081,1.078072,-2.219217,5.263305,2.432704,22.351313,-34.822700,64.522500,-11.175518,-1.066367,8.706458,27.363182,-30.343878,35.191757,-34.709343,16.315067,-21.320326,-4.122100
46.000000,0.390626,1.374266,79.274051,0.471761,-1.467090,101.774690,6.422830,16.581434,28.855776,6.006914,2.828844,-7.477537,17.971937,-17.698670,-55.870520,5.060744,-1.173463,11.101532,0.952814,-2.281897,5.208862,2.644855,22.434030,-34.782220,64.557750,-11.516664,-1.250354,8.885216,27.811998,-30.065443,34.754795,-34.936030,17.110376,-21.349165,-4.165544
47.000000,0.393726,1.484120,79.253521,0.499301,-1.426914,101.731620,6.508164,16.601313,29.042458,6.008771,2.742471,-7.431481,17.972822,-17.685982,-55.663742,5.031727,-1.106502,10.967636,0.852533,-2.353552,5.148106,2.875951,22.499878,-34.497960,64.655106,-11.721483,-1.224498,8.897655,28.168938,-29.740110,34.307426,-35.026188,17.558983,-21.458645,-4.162764
48.000000,0.385518,1.592689,79.237162,0.496265,-1.265034,101.603248,6.506305,16.655708,29.306137,6.003457,2.659661,-7.471267,17.836720,-17.682047,-55.559840,5.032587,-1.060182,10.836687,0.663604,-2.425511,5.100091,3.208913,22.555824,-34.260090,64.681755,-11.828035,-1.273788,8.963993,28.516073,-29.393915,33.785145,-35.156036,18.070488,-21.509120,-4.396892
49.000000,0.366042,1.692839,79.215303,0.468217,-1.130772,101.482001,6.540888,16.758247,29.721485,6.023418,2.534320,-7.562892,17.691090,-17.656673,-55.316860,5.048417,-1.146682,10.724844,0.545255,-2.495612,5.043013,3.530326,22.607930,-33.965607,64.601410,-11.982092,-1.328859,9.050644,28.926230,-29.035686,33.141630,-35.227270,18.770891,-21.456463,-4.734776
50.000000,0.332947,1.781969,79.205420,0.387219,-0.988578,101.361723,6.551354,16.897217,30.069466,6.040142,2.387882,-7.570603,17.596060,-17.480082,-55.076168,4.810689,-0.926786,10.467110,0.386529,-2.561000,4.991958,3.809035,22.657885,-33.708683,64.569600,-12.091500,-1.308721,9.167731,29.407623,-28.652739,32.160720,-35.262733,20.122320,-21.631025,-4.840644
51.000000,0.286915,1.853821,79.167057,0.340403,-0.853671,101.240352,6.603411,17.035433,30.708296,6.069386,2.168316,-7.697940,17.409170,-17.472963,-54.769913,4.863111,-1.035786,10.380681,0.250224,-2.698746,4.891196,4.134841,22.724516,-33.501070,64.352350,-12.098825,-1.410161,9.253037,29.815912,-28.250008,31.049267,-35.230520,21.137940,-21.382038,-5.570501
52.000000,0.225547,1.908030,79.137817,0.291315,-0.831250,101.148636,6.724605,17.153835,31.257130,6.145668,1.939570,-7.791845,17.350018,-17.498423,-54.560535,4.959596,-1.136314,10.106887,0.137489,-2.776969,4.898561,4.497924,22.758620,-33.174313,64.064050,-11.971264,-1.508521,9.476733,30.186491,-27.833591,29.763456,-35.072037,21.711843,-21.062880,-6.410870
53.000000,0.151305,1.945448,79.151849,0.395610,-0.960605,101.042202,6.958633,17.064295,31.658417,6.275444,1.917419,-7.544714,17.356653,-17.749805,-54.074820,5.177627,-1.059600,9.862050,0.200482,-2.956243,5.071933,4.742315,22.762842,-32.680090,63.664482,-12.275865,-1.593999,9.492939,30.334743,-27.436949,28.344418,-34.525978,22.785767,-21.302830,-8.186939
54.000000,0.056201,1.962511,79.172353,0.396386,-0.943333,100.926701,7.023388,17.060621,32.019344,6.390840,1.833172,-7.360515,17.221943,-17.926249,-53.810013,5.407474,-1.126435,9.633280,0.266761,-3.188929,5.212346,4.875378,22.775967,-32.354763,63.277657,-12.327480,-1.649066,9.682475,30.436598,-27.104881,26.360730,-33.391293,23.051016,-20.911660,-10.086063
55.000000,-0.058354,1.951521,79.121167,0.413225,-0.842369,100.757932,7.067577,17.105108,32.871243,6.534666,1.425709,-7.229919,16.936508,-18.102919,-53.322807,5.563732,-1.177515,9.587288,0.314944,-3.431361,5.339357,5.073520,22.784420,-31.600002,62.659020,-12.699144,-1.696603,9.745699,30.309141,-26.851006,23.490215,-31.382109,24.025698,-19.831884,-10.811842
56.000000,-0.192450,1.904003,79.055366,0.378487,-0.766871,100.512616,7.124387,17.179718,33.656754,6.690876,0.909185,-7.289129,16.674942,-18.294958,-53.086292,5.766585,-1.192959,9.468515,0.435664,-3.623862,5.471706,5.190396,22.802181,-31.104540,61.931133,-12.828116,-1.703125,9.814718,29.766964,-26.765577,20.228240,-27.537292,23.800205,-18.446123,-12.318223
57.000000,-0.342897,1.811379,79.056853,0.421438,-0.509032,100.282219,6.931402,17.131393,34.413740,6.858933,0.800773,-7.494547,16.149134,-18.604040,-52.740894,5.995159,-1.231628,9.445641,0.348299,-3.801466,5.794023,5.489505,22.790610,-29.850350,60.567783,-14.111809,-1.824504,9.886862,29.231920,-26.559734,16.417517,-21.996721,25.744373,-16.462528,-13.514933
58.000000,-0.504381,1.653229,79.082987,0.289039,-0.817741,99.986402,7.291740,17.258642,35.021408,7.057781,0.539301,-7.326787,16.088903,-18.753292,-52.198696,6.345118,-1.106147,9.224925,0.483830,-3.852930,6.174898,5.354070,22.719230,-29.052536,59.556160,-15.286119,-1.603774,9.561507,27.487930,-26.273352,14.599317,-14.113646,26.052317,-14.304104,-14.115817
59.000000,-0.665604,1.431464,79.108314,0.204996,-0.985261,99.735079,6.963534,17.785414,35.837708,8.632110,-0.102255,-7.252730,15.904723,-19.021938,-52.028690,6.755047,-0.896478,9.005959,0.403621,-3.835122,6.626974,5.052620,22.575377,-28.195545,58.559550,-16.828030,-1.659034,9.268327,25.265244,-25.723326,13.826956,-5.201623,27.827421,-12.450087,-14.750217
60.000000,-0.816312,1.132255,79.084335,-0.286171,-1.271416,99.025280,6.071328,19.355670,36.442240,12.167891,-1.854696,-7.237292,15.431806,-18.767733,-50.938908,7.131877,-0.421321,9.337552,0.491824,-3.758811,6.987788,4.676292,22.423254,-27.274360,57.640770,-18.550230,-1.793540,9.013236,22.119587,-24.965742,14.281220,5.476368,28.167902,-10.383149,-15.051050
61.000000,-0.932311,0.763330,78.997698,-0.782965,-1.643516,98.280270,5.056046,20.767778,36.055805,15.566512,-3.534199,-7.573392,15.085541,-18.551054,-50.368248,7.556747,-0.311996,9.096283,0.465985,-3.661052,7.560841,4.084376,22.383015,-26.552582,56.473750,-18.801004,-1.630882,9.292733,19.075064,-24.056215,14.029915,15.360355,28.355910,-8.231542,-14.902949
62.000000,-0.993783,0.327189,78.860081,-1.284324,-1.798822,97.260437,4.183814,22.294850,36.545567,18.564306,-5.075189,-7.814157,13.353364,-19.170776,-48.756187,10.567773,-1.120686,9.540499,0.566836,-3.584272,8.014636,3.402040,22.375137,-26.235270,55.672997,-19.752544,-1.238301,9.205578,14.918141,-22.997208,14.659409,25.957050,26.375599,-4.551583,-12.737423
63.000000,-0.985029,-0.175060,78.658661,-1.739440,-2.086973,96.322595,2.868727,23.858095,36.003788,22.228178,-6.631962,-8.082939,11.321623,-20.393147,-47.601190,15.174070,-2.882984,9.455960,0.923112,-3.401424,8.632354,2.494825,22.431060,-26.275145,54.636337,-19.701212,-0.786133,9.405672,11.376414,-21.883163,16.185392,35.205605,24.979527,-2.668546,-11.513056
64.000000,-0.902089,-0.739216,78.409438,-2.099527,-2.466299,94.954874,1.957278,25.289690,35.759197,25.430403,-7.909099,-8.690973,9.010437,-21.483430,-45.729656,19.695915,-4.667518,9.603761,1.391500,-3.295704,9.277281,1.786955,22.579424,-26.414223,53.522915,-20.203993,-0.922846,9.603237,7.346365,-20.557210,18.215696,44.180740,23.395600,-0.991569,-9.850651
65.000000,-0.744197,-1.353328,78.118159,-2.156473,-2.625731,93.696392,0.999687,26.437122,35.920510,28.232904,-8.933756,-8.902825,6.843661,-22.455639,-44.223064,23.248106,-6.025868,9.832068,1.876453,-3.330907,9.967571,0.928518,22.833736,-26.440746,52.446835,-19.760878,-0.758623,9.635987,3.868436,-19.043150,20.110823,50.451195,21.671322,0.866143,-8.210950
66.000000,-0.533504,-2.022135,77.634040,-2.216317,-3.305008,92.068370,0.094050,27.797512,35.298134,32.036396,-10.559940,-8.831635,4.661081,-23.596163,-42.338500,27.789020,-7.824121,9.691585,2.653482,-3.414969,10.669510,-0.106224,23.241217,-26.764118,51.573410,-19.641094,-0.999918,9.589049,-0.000814,-17.448547,22.971430,54.507042,19.071232,1.996005,-7.494826
67.000000,-0.287560,-2.725892,77.015413,-1.845967,-3.837533,91.198822,-0.900432,28.674402,35.060764,35.335987,-12.223351,-8.630257,2.522732,-24.775677,-40.075940,31.842573,-9.379828,9.855677,3.308568,-3.819188,11.241555,-1.134312,23.749527,-27.687187,50.831480,-17.562365,-1.311121,9.871624,-3.735924,-15.832524,25.925137,56.278355,14.768569,3.196607,-5.855178
68.000000,-0.046822,-3.453977,76.678409,-1.545216,-4.299070,89.995741,-1.668885,29.361362,34.754260,37.922928,-13.535584,-8.714114,0.345560,-25.568810,-37.850636,35.337276,-10.549275,9.912668,3.943978,-4.304057,11.798983,-1.740748,24.263430,-28.515923,50.856640,-16.041930,-2.259513,10.513721,-7.950917,-14.086082,28.541788,57.184544,12.598667,3.612812,-4.338958
69.000000,0.163989,-4.201890,76.322879,-1.222552,-4.980926,88.695468,-1.993254,30.146387,34.857666,40.446774,-15.132177,-8.592204,-1.732342,-26.168592,-35.388070,38.714010,-11.414369,10.173653,4.633328,-4.947001,12.259189,-2.380823,24.841570,-29.028023,51.458410,-14.581610,-3.021101,10.965663,-13.191199,-12.418018,31.013893,56.788895,11.497324,3.824768,-3.319832
70.000000,0.320172,-4.951829,75.980498,-0.987013,-5.420060,87.272398,-2.164779,30.935620,35.385506,42.341910,-16.382412,-8.748588,-3.742047,-26.360630,-33.194042,41.224655,-12.154303,10.363219,5.008135,-5.658072,12.542637,-2.841409,25.482674,-29.762337,52.618366,-12.133610,-3.147735,11.031833,-19.458368,-10.875681,33.373680,55.974987,10.851448,4.783602,-2.319842
71.000000,0.410326,-5.709070,75.812030,-0.929712,-6.220456,85.710258,-1.729731,31.775100,36.024870,43.799328,-17.144220,-8.825866,-5.626334,-25.980925,-30.429277,43.481968,-11.839041,10.828173,5.204049,-6.415842,12.662328,-2.891577,26.099900,-30.450197,54.218750,-10.099425,-3.548639,10.792858,-25.550974,-9.463400,35.867160,54.049570,11.031191,4.634524,-1.961628
72.000000,0.442521,-6.453587,75.836600,-0.945654,-6.369995,84.117935,-1.487778,32.358994,36.992490,44.160690,-17.234695,-8.882589,-7.837418,-25.197388,-27.856806,44.850414,-10.933985,11.583417,5.020355,-7.320471,12.646676,-2.456437,26.660786,-31.047820,56.113247,-8.339954,-3.931167,10.675610,-32.727036,-8.246251,37.751152,51.380924,12.507616,4.401395,-0.534005
73.000000,0.434955,-7.199183,75.715911,-0.964798,-6.573764,82.120925,-1.090099,32.629070,37.575027,44.149487,-17.303797,-9.147038,-10.643823,-24.207664,-24.527405,46.963768,-9.780926,11.699052,4.712617,-7.922994,12.514204,-1.634233,27.135204,-31.433445,57.854984,-7.671190,-3.916459,11.121660,-40.460354,-7.253350,39.947550,47.778217,12.732241,4.468485,0.011085
74.000000,0.421556,-7.947020,75.907737,-1.130691,-6.916711,80.327656,0.446690,32.656128,39.186867,42.197830,-16.848050,-9.643574,-12.591577,-22.195566,-20.942823,47.428920,-7.929261,12.862083,3.764517,-8.531147,12.072570,-0.057597,27.445200,-31.329168,59.811900,-7.518069,-4.107695,11.599998,-49.268154,-6.623002,42.068950,43.011787,13.096799,4.074689,1.004222
75.000000,0.440663,-8.691738,76.002585,-1.374899,-7.265328,78.484958,2.072875,32.412457,40.520355,39.552883,-15.826655,-10.266243,-14.363262,-20.617664,-18.362478,48.280040,-5.999436,13.951488,2.520600,-9.041091,11.797290,1.545387,27.587763,-31.002129,61.549557,-8.909890,-4.436475,11.348839,-58.455776,-6.433214,43.658985,37.567444,12.662335,3.538280,1.637770
76.000000,0.539143,-9.420557,76.079492,-1.500899,-7.405484,76.615676,2.780495,32.121567,40.672993,37.765713,-14.803232,-10.439322,-16.226072,-19.093300,-15.618183,49.244392,-3.938576,14.729482,1.152272,-9.214262,11.586374,3.163477,27.573278,-30.409930,62.783333,-10.431048,-4.687464,10.954272,-68.779490,-6.775387,44.921180,33.819046,14.290618,2.421104,1.610678
77.000000,0.763700,-10.135574,76.211604,-1.282248,-7.645256,74.929248,3.931927,31.621902,41.537430,35.647243,-13.209752,-11.243100,-17.670980,-18.021532,-12.906927,50.156720,-1.717027,15.000033,-0.623181,-8.987709,11.319727,5.040558,27.290922,-29.819324,63.511097,-11.349636,-4.451401,10.750068,-79.186264,-7.729965,46.322540,29.179438,15.826346,1.115169,2.813359
78.000000,1.130886,-10.823298,76.435866,-1.692730,-7.784004,73.002735,4.869511,31.707827,41.611690,33.356990,-11.031386,-12.071078,-18.255375,-16.298553,-11.011539,49.464090,0.366018,15.000033,-2.153100,-8.550882,11.095318,6.400444,26.860126,-29.826113,64.072000,-11.128464,-4.061493,9.966568,-89.092190,-9.111176,47.935204,25.951250,16.363333,0.228585,3.634997
79.000000,1.644728,-11.450407,76.823996,-1.216156,-7.245690,71.796495,4.526559,31.207910,41.131170,32.063250,-8.977139,-12.517704,-19.073421,-15.385445,-7.786477,48.880146,2.791576,15.000033,-4.295503,-7.651729,10.895301,8.460476,26.007406,-28.758892,63.738365,-10.892480,-3.348450,9.102915,-101.939880,-11.307693,48.475792,25.124666,18.697700,-1.329971,3.164500
80.000000,2.285488,-12.043927,77.411633,-0.646303,-6.947798,69.913316,4.799621,31.321297,41.159416,31.489138,-7.304077,-12.910062,-19.035305,-14.643594,-5.228992,46.959656,5.018846,15.000033,-6.068077,-6.336842,10.973349,10.032878,24.941961,-28.595718,63.630756,-10.582964,-3.079587,8.052469,-115.436160,-14.210509,50.146828,25.605186,22.364836,-3.606069,3.730081
81.000000,3.025829,-12.598318,78.278996,-0.201519,-6.402031,67.559836,4.830892,31.234463,39.382458,29.900473,-3.978300,-14.626614,-18.657213,-13.500873,-2.189140,43.911686,8.531549,15.000033,-7.335270,-4.641615,11.201798,10.769368,23.843940,-29.042030,63.717773,-9.219472,-2.588202,7.389404,-128.989610,-17.768248,53.693974,27.419130,29.866446,-6.912854,4.066952
82.000000,3.793616,-13.116047,79.341181,1.002825,-5.857865,66.637870,5.024245,30.785557,38.577580,27.627378,-0.372740,-15.000033,-17.457827,-13.552059,0.234586,39.706535,11.315576,15.000033,-8.334348,-3.462362,11.173678,11.151614,22.758108,-30.350054,64.828850,-9.297275,-2.892445,7.137596,-141.229550,-21.731302,59.687770,31.539774,36.136444,-9.433082,3.799777
83.000000,4.547478,-13.587279,80.149669,1.900381,-5.132292,65.003174,5.245797,29.996769,36.714170,25.078835,2.556862,-15.000033,-16.680082,-13.132186,2.495705,35.976640,13.076384,15.000033,-8.679354,-2.711798,10.300651,11.332782,21.687296,-31.890934,67.003914,-8.904146,-3.119178,6.577204,-150.637650,-26.037271,65.682014,35.082363,38.982258,-12.103642,3.183927
84.000000,5.266566,-14.010911,81.201276,2.856501,-4.288577,63.205670,6.030564,28.914932,36.009370,21.667128,6.332986,-15.000033,-14.952547,-12.783191,4.361554,30.155174,15.317964,15.000033,-9.223765,-2.758670,8.637471,11.781057,20.759377,-33.864060,69.912025,-8.460131,-3.420383,5.674921,-155.523030,-30.386390,70.602150,36.957340,41.701904,-14.140797,2.471613
85.000000,5.923665,-14.383441,81.963383,3.922488,-3.747085,61.432108,6.745630,27.550943,35.007652,18.756498,9.315240,-15.000033,-13.877025,-12.693999,6.447415,26.204996,17.291443,15.000033,-9.915158,-3.215959,7.042915,12.222401,19.857970,-34.642212,72.993510,-8.135323,-3.174146,5.236519,-158.501190,-34.532997,75.049995,38.780567,42.564156,-15.929588,1.560426
86.000000,6.525635,-14.684894,82.512453,4.938688,-3.264266,59.748912,8.244935,25.648537,34.240955,14.367261,11.791969,-15.000033,-13.105889,-12.389735,8.896855,22.798449,18.500841,15.000033,-11.157648,-3.711170,5.800405,13.355874,19.289898,-34.884487,74.999380,-7.434344,-3.111505,4.883830,-160.188160,-37.191837,78.557140,41.583958,43.462437,-16.891203,0.447236
87.000000,7.082631,-14.897988,82.885690,5.628195,-2.631548,57.852458,9.009855,24.457806,33.333206,11.756705,13.863805,-15.000033,-12.872137,-12.016402,11.041123,20.409970,19.503511,15.000033,-13.171800,-4.461560,4.934663,15.067463,19.034250,-34.362736,75.883190,-7.217232,-3.101227,4.700764,-161.150330,-38.472584,81.102520,46.056010,43.356945,-17.262802,-1.567701
88.000000,7.626539,-15.015075,83.164871,5.998354,-1.893801,56.325137,9.907815,23.500880,33.194542,8.942786,15.438619,-15.000033,-12.379158,-11.600114,12.859345,17.511845,20.375185,15.000033,-15.465734,-4.874365,4.447778,16.699236,18.818832,-33.940933,76.742060,-6.442609,-3.030553,4.234245,-161.848330,-39.502228,83.898620,50.538180,44.268080,-17.253460,-2.968905
89.000000,8.171192,-15.012918,83.334878,6.301042,-1.042526,55.297702,10.681721,22.360890,32.493824,5.865023,16.714386,-15.000033,-12.337961,-11.224771,14.633534,15.643738,20.725847,15.000033,-17.438833,-4.939813,4.095053,18.208897,18.613205,-33.424534,77.213670,-5.404466,-2.928470,3.978229,-162.388020,-40.347584,86.732600,54.982224,44.825520,-17.273630,-3.930100
90.000000,8.767681,-14.892268,83.351461,6.849939,-0.318682,54.049760,10.616140,21.864496,31.623232,5.830482,15.991138,-15.000033,-12.267552,-11.015613,16.731993,14.193457,19.687895,15.000033,-19.105684,-5.109238,4.216200,19.543665,18.404278,-32.778515,77.586950,-4.953294,-3.109829,3.648630,-162.847170,-41.140170,90.272410,59.772533,45.870030,-17.370975,-5.875968
91.000000,9.393506,-14.646991,83.522341,7.421562,0.667164,53.372174,10.172880,21.296810,30.508968,5.724151,15.392081,-15.000033,-12.519406,-11.199355,17.702887,13.175336,19.464090,15.000033,-19.931257,-4.899272,4.476777,20.309263,18.216467,-32.284595,78.047264,-4.072632,-2.965249,3.399860,-163.249590,-41.847725,94.509320,64.768490,48.678894,-16.739304,-6.922693
92.000000,10.065861,-14.275868,83.504975,7.968680,1.654694,53.202936,9.709678,20.936676,30.017560,5.730703,14.864135,-15.000033,-12.926241,-11.366956,18.668112,12.907422,17.800705,15.000033,-21.237553,-4.838829,5.034071,21.263405,18.091587,-32.161050,78.164696,-3.223499,-2.944882,2.807834,-163.043950,-42.350000,96.816960,69.377410,50.551964,-15.183363,-7.672734
93.000000,10.801997,-13.798907,83.540237,8.490596,2.847332,52.959610,9.306599,20.578756,29.705591,5.826328,14.150396,-15.000033,-13.442227,-11.471997,19.610266,12.716896,16.328032,15.000033,-21.978018,-4.719159,5.882359,21.866507,18.007868,-31.768301,78.244610,-3.242538,-2.939416,2.586470,-162.889560,-42.798412,99.438270,73.632750,53.164597,-14.316358,-9.055610
94.000000,11.562818,-13.234835,83.433950,8.737165,4.191928,52.662588,9.066259,20.541536,30.385061,6.079185,13.453704,-15.000033,-14.777767,-11.448037,19.498247,14.054730,14.187210,15.000033,-22.685896,-4.777485,6.917856,22.409115,17.969360,-31.553000,78.087190,-2.528470,-2.625234,1.806948,-162.782210,-43.235764,102.966760,79.497740,55.749786,-12.223555,-10.970966
95.000000,12.341017,-12.605741,83.051345,9.137654,5.016627,52.234087,7.003943,21.738592,30.743052,11.971524,9.437657,-15.000033,-15.669784,-11.637213,19.621296,15.800948,10.300320,15.000033,-23.260140,-4.508661,8.089198,22.748837,17.962660,-31.455523,77.824900,-2.705595,-2.874353,1.068222,-161.877140,-43.529446,104.217540,83.699670,57.595390,-12.102947,-12.375643
96.000000,13.117088,-11.935856,82.826815,9.243082,6.016821,52.430197,5.280110,22.911022,31.330828,15.911020,6.334198,-15.000033,-16.713512,-11.275081,20.071672,17.821484,7.605706,15.000033,-23.943660,-4.150488,9.672685,23.052303,18.020344,-31.108204,77.383110,-2.464759,-2.979412,0.934100,-161.109160,-44.114086,106.519485,88.158455,59.606940,-10.818715,-14.185164
97.000000,13.847290,-11.233625,82.315259,9.449605,7.281952,53.104486,2.521272,24.528782,31.677511,21.524103,2.416068,-15.000033,-18.647541,-11.119084,20.113781,21.248924,3.591411,15.000033,-23.869497,-3.441573,11.319748,22.928667,18.198143,-30.424423,76.678070,-1.788861,-3.021969,0.688073,-160.570310,-44.916790,109.902490,91.263720,62.054512,-9.579472,-14.210400
98.000000,14.515736,-10.529060,81.897459,9.648582,8.562938,54.357535,0.273508,25.746681,31.863247,25.447342,-1.280914,-15.000033,-20.612350,-10.763487,20.409622,24.940897,0.449511,15.000033,-23.994625,-2.316760,13.046408,22.852137,18.399612,-29.778868,75.728226,-1.026681,-2.803160,0.381548,-159.337800,-45.836296,111.638145,93.807670,63.502197,-8.193595,-14.380033
99.000000,15.078155,-9.848029,81.407023,9.937711,9.917642,55.126488,-2.077063,26.995459,32.225200,29.911118,-4.313135,-15.000033,-22.921904,-10.470547,20.874886,28.740055,-2.361861,15.000033,-24.432995,-1.826309,15.002906,23.276955,18.979046,-29.146431,73.664220,0.631342,-2.437666,-0.030653,-158.357740,-48.399696,112.680756,94.214040,64.523840,-6.945486,-15.111634
100.000000,15.492885,-9.210829,80.847856,9.993245,11.217757,56.913244,-4.268838,28.159380,32.314983,32.886150,-6.673172,-15.000033,-25.022880,-10.264655,20.583868,32.427982,-4.983154,15.000033,-25.224619,-1.456786,17.068085,24.176096,19.710815,-27.769537,70.984146,2.189338,-2.009369,0.067367,-156.377140,-51.553413,112.566560,94.610880,64.406240,-4.900702,-15.963878
101.000000,15.743962,-8.655845,80.137165,9.827246,12.677437,58.226295,-7.247965,30.153180,32.472750,37.965942,-9.521141,-15.000033,-27.500738,-10.016004,20.034012,36.028030,-7.503141,15.000033,-25.838450,-1.264613,19.348469,24.877764,20.547564,-27.482548,68.722350,2.930537,-1.838182,-0.050384,-153.978760,-55.023674,111.747710,94.518550,64.229290,-3.699162,-17.498924
102.000000,15.799109,-8.212464,79.401591,8.925312,13.902684,59.977445,-9.765502,31.481907,31.071798,40.671944,-9.938049,-15.000033,-29.153755,-9.483601,18.607676,38.564205,-9.772307,15.000033,-25.997896,-0.472117,21.802708,25.480835,21.346977,-26.154228,66.470330,3.900013,-1.401555,0.427168,-149.744370,-58.940487,109.934830,95.464860,63.860928,-0.555454,-19.822450
103.000000,15.670572,-7.912204,78.672199,8.614819,14.950490,61.586665,-12.029735,32.673443,31.118542,44.035300,-11.835449,-15.000033,-31.106575,-9.997788,17.077974,41.152380,-11.738291,15.000033,-25.885921,-0.084684,24.014223,25.980522,22.268394,-25.023401,64.443640,4.677306,-1.106798,0.872975,-142.810180,-63.166542,105.960340,96.131615,64.369300,1.842360,-20.684513
104.000000,15.361198,-7.768138,77.925097,8.407117,15.596690,63.252154,-14.786114,33.623856,30.288311,47.578327,-12.796633,-14.367907,-32.980274,-10.739623,15.623240,44.063297,-13.392675,15.000033,-25.452036,-0.119025,25.561390,27.299280,23.203905,-23.153088,61.753075,5.961661,-0.382079,1.413254,-131.844560,-67.504720,98.996320,95.854110,63.483730,3.353717,-22.069016
105.000000,14.873977,-7.785079,77.076401,9.076667,15.394734,64.946937,-16.523216,33.635178,30.297455,50.219067,-13.838630,-13.565743,-34.400047,-12.308109,15.281009,47.315130,-15.755227,15.000033,-24.684300,-0.469885,26.791084,28.623775,24.029419,-22.015238,59.585808,6.289136,-0.692431,2.453406,-118.846700,-71.738846,89.174740,93.861855,63.327774,2.445129,-23.131450
106.000000,14.248818,-7.931626,76.018646,8.184407,15.331850,66.095042,-18.245470,34.418953,29.193340,52.095474,-15.077049,-13.669630,-35.986870,-12.346585,14.173194,50.873170,-17.527280,14.971863,-23.685970,0.042909,28.332594,29.481127,24.868238,-22.005024,57.728497,6.829025,0.204901,3.402531,-105.000670,-75.676476,76.959540,90.333855,60.152496,3.429118,-25.093843
107.000000,13.534199,-8.202006,75.113050,7.968616,15.620089,67.962745,-20.761240,34.635113,28.056814,54.197850,-15.922683,-12.954384,-37.431150,-14.085374,12.152156,53.129860,-19.202477,14.262479,-21.930367,0.901498,29.416400,31.258131,25.638155,-21.941835,54.291588,7.922854,0.860187,4.297000,-89.431530,-79.138960,62.621403,85.432280,57.384686,4.077135,-26.855883
108.000000,12.742442,-8.602051,74.372861,8.233067,15.302924,70.633443,-23.662687,34.006325,26.162098,56.526390,-17.565853,-11.967695,-38.197860,-15.709405,11.346890,55.458430,-20.695667,14.266713,-19.313670,2.522311,29.793802,32.988470,26.205254,-22.070930,50.889507,8.604964,0.521603,5.155793,-71.592960,-81.648980,47.202850,79.193436,57.877594,3.064396,-26.092901
109.000000,11.896181,-9.121760,73.273611,8.272145,14.457397,73.212051,-26.717434,33.706554,23.805218,59.883640,-18.470854,-11.131299,-38.936653,-18.268696,9.351861,58.758010,-22.503939,13.962149,-16.693867,5.106884,29.793802,34.532845,26.463247,-23.840664,46.901207,7.985893,0.528924,6.557208,-51.551870,-82.244300,30.141245,71.670780,54.724247,3.733294,-26.940630
110.000000,11.030867,-9.742631,72.145163,8.137346,13.217156,76.027753,-29.473980,33.328400,21.549282,63.016155,-19.313404,-10.851239,-38.950027,-21.907270,6.103691,61.818275,-24.188007,13.463147,-14.193570,7.944698,29.793802,36.939507,26.429548,-25.449490,41.303253,7.387725,0.135833,8.181233,-32.383575,-80.528625,14.039036,63.999910,51.638580,3.590684,-26.555614
111.000000,10.190433,-10.434188,71.053271,8.189072,11.590848,79.516570,-31.521400,33.026478,20.510767,65.546330,-20.349123,-10.104850,-38.389046,-25.321236,3.757914,65.107580,-26.269865,13.140689,-12.096741,10.496328,29.793802,39.395187,26.360731,-27.329626,35.169780,7.836605,0.150132,10.040520,-16.341910,-76.819430,2.339095,54.823334,47.675980,2.974070,-26.712439
112.000000,9.403610,-11.155629,70.383115,8.378739,9.603922,82.714642,-33.102890,32.056503,19.409071,67.574040,-20.068624,-9.426780,-36.498055,-29.199259,0.899524,66.672150,-27.680960,13.017798,-10.207511,12.875589,29.793802,41.848236,26.040726,-29.623486,28.432379,6.684183,-1.293986,11.114210,-3.997123,-71.294930,-3.786280,44.877823,45.166250,0.573421,-26.252438
113.000000,8.690301,-11.843972,69.583211,8.204291,7.652976,86.337299,-34.748130,30.605543,17.654129,68.900100,-20.012012,-9.028635,-34.201813,-32.882380,-2.345176,68.648920,-29.082026,12.698206,-8.523201,14.737267,29.793802,44.338660,25.537860,-31.931398,21.557556,5.868984,-1.282142,13.232790,4.273394,-64.653600,-4.464519,33.769620,41.418404,-1.992089,-28.005716
114.000000,8.082104,-12.447579,68.909016,7.862879,5.970599,89.923093,-36.254833,28.534266,15.394369,69.511475,-19.938590,-8.498762,-31.750372,-35.871326,-5.350470,70.413140,-29.844568,12.771408,-6.560539,15.775458,29.793802,45.889202,25.061699,-33.974792,15.205819,5.790305,-1.186725,14.916113,8.994070,-57.939064,-1.872001,22.710709,35.455532,-4.042076,-29.190838
115.000000,7.600275,-12.928020,68.378539,7.592513,4.650529,93.632136,-38.225025,24.892328,11.594494,69.782270,-19.540302,-8.260687,-29.267809,-38.256916,-7.956626,71.871920,-30.390902,12.771610,-3.959953,16.627170,29.531094,46.738636,24.546812,-34.461650,10.421707,3.680372,-0.222230,14.917501,11.437055,-51.643140,1.542776,13.234318,30.470217,-6.683110,-31.361053
116.000000,7.262059,-13.257281,68.193578,7.729096,3.841247,97.572260,-39.913197,20.702097,8.498420,69.241140,-18.806711,-8.361108,-26.435904,-41.072754,-11.246126,72.489174,-30.413134,12.660538,-0.753825,17.423368,29.076288,46.250080,24.328112,-35.878273,7.321038,3.227822,0.566785,15.688495,11.449690,-46.178960,6.712648,4.934473,24.955850,-10.245368,-34.809864
117.000000,7.067341,-13.440035,67.906858,7.642425,3.137988,101.398907,-41.358513,17.283026,5.769659,68.935180,-18.577381,-7.780303,-23.483060,-42.435265,-13.865089,72.917990,-31.411604,13.143433,2.558403,18.002007,28.343983,45.607400,24.389635,-35.665894,6.371894,3.125228,1.104386,14.603641,7.935468,-41.851616,11.074186,-1.547719,18.305946,-13.476966,-35.286335
118.000000,7.004453,-13.488409,67.504315,7.881207,2.036733,105.538581,-42.426937,13.606631,3.235626,69.109276,-18.413197,-7.153823,-20.354760,-44.009956,-16.125820,74.289986,-32.287970,13.269083,5.750015,18.220074,27.725426,43.965710,24.917208,-34.797832,7.084586,2.723393,1.936848,14.391129,1.405803,-38.495174,16.210064,-5.832037,13.089488,-14.708851,-36.348410
119.000000,7.028233,-13.406669,67.437331,7.722704,1.025270,109.830702,-43.056050,10.241003,0.713203,68.503876,-17.556360,-8.004910,-16.016169,-44.706050,-19.669436,74.457280,-32.728767,13.909904,8.908157,18.435900,26.692938,42.229908,25.565414,-33.775314,9.183268,2.013266,2.334835,14.402165,-6.014749,-35.413403,20.247679,-9.332936,11.166576,-15.229071,-34.221542
120.000000,7.098835,-13.210652,67.470251,7.185223,-0.088916,114.173510,-43.304256,7.078898,-2.164847,67.742220,-16.740875,-8.580244,-11.486921,-44.331062,-23.180270,74.332504,-32.905334,14.264583,12.002635,18.446455,25.533262,40.125540,26.357372,-32.516430,10.917623,1.477421,2.710390,14.649020,-15.010447,-32.498900,22.134474,-10.326688,11.717448,-14.552796,-31.825083
121.000000,7.175576,-12.910143,67.474653,6.869900,-1.372077,118.888355,-43.419390,3.537157,-4.932041,67.391430,-16.241186,-9.225211,-6.670732,-44.258830,-26.948610,74.338710,-32.817780,14.809065,15.048238,18.307768,24.490751,37.898346,27.407125,-31.361480,12.048095,1.984668,2.159300,15.647371,-25.795560,-29.972183,23.526152,-9.154984,12.192514,-14.879561,-31.064137
122.000000,7.206891,-12.510194,67.919939,6.223613,-1.896440,123.479767,-43.321007,0.502341,-7.654587,65.756226,-16.008840,-9.855960,-2.199648,-43.360813,-31.301943,72.614600,-32.159860,15.000033,17.714834,17.960205,23.229840,36.849823,28.441208,-29.159285,11.336354,2.452964,2.143111,15.655374,-36.950580,-27.822594,22.343994,-6.269821,13.404611,-12.576251,-30.185036
123.000000,7.166306,-12.043760,68.624382,5.302278,-2.224253,127.889084,-42.628063,-1.064798,-9.277384,63.071117,-14.972189,-10.878728,1.750388,-41.561302,-35.184578,69.661470,-31.147146,15.000033,19.565092,17.125526,21.942394,36.518707,29.397078,-27.754920,10.609781,2.327814,0.262359,17.826565,-49.236910,-26.500889,20.543547,-0.375069,16.422626,-11.473668,-29.639168
124.000000,7.026663,-11.527034,69.480239,4.468494,-2.083757,131.987224,-42.062958,-2.843434,-11.269006,60.313175,-14.209402,-11.730267,5.495307,-39.506336,-38.994930,65.313560,-30.119623,15.000033,21.137615,16.278927,20.908417,36.658630,30.195719,-25.551655,8.735288,2.735796,-1.023235,18.757042,-61.927790,-26.268877,19.015799,7.687402,18.933687,-9.705390,-28.351715
125.000000,6.780033,-10.998015,70.267630,3.395457,-1.951365,135.858077,-41.097240,-4.648795,-13.967784,57.411213,-12.868654,-12.490407,8.906612,-36.662290,-41.910255,60.282673,-29.088200,15.000033,22.238317,15.345185,20.525454,36.811790,30.845703,-23.840069,6.043130,2.398125,-2.932771,19.475145,-76.418730,-27.271242,19.224056,19.777180,24.185505,-8.759459,-26.669560
126.000000,6.441568,-10.473403,70.774476,2.407941,-1.631423,138.754090,-39.932487,-6.360394,-17.185850,54.842830,-12.542689,-13.342446,11.360489,-34.313187,-43.817837,56.053220,-27.902601,15.000033,23.978346,14.392249,20.111025,36.223618,31.194742,-22.173897,6.053413,1.858445,-4.570310,19.577660,-88.495605,-29.035140,21.575155,32.113155,29.566961,-8.241424,-25.380392
127.000000,6.049059,-9.963020,71.177523,1.637538,-1.402709,141.319455,-38.403545,-7.332733,-19.413643,51.875330,-11.468555,-15.000033,13.564939,-32.420704,-45.499313,52.364430,-26.546720,15.000033,26.457794,13.664581,19.818233,34.385560,31.214584,-21.798763,8.515401,0.493180,-6.551403,19.811120,-99.338380,-31.029650,26.096352,46.302940,38.079548,-7.791648,-23.162750
128.000000,5.594688,-9.480535,71.427416,0.696825,-1.258558,143.745201,-37.318794,-8.352073,-21.831015,50.324528,-10.443969,-15.000033,16.222984,-29.752410,-47.023660,47.612660,-25.865755,15.000033,29.226446,12.658611,19.600645,32.453220,30.918870,-22.631912,11.952541,-0.761584,-7.442655,19.355536,-106.968830,-32.749176,33.240337,61.149040,46.765102,-7.609133,-19.804500
129.000000,5.138630,-9.006894,71.551698,-0.238494,-1.233841,145.483444,-35.960384,-8.846567,-24.172083,48.891487,-9.616220,-15.000033,18.152770,-27.653172,-48.138294,44.241024,-24.890945,15.000033,31.958221,11.295673,19.052828,29.980051,30.266468,-23.906818,17.996060,-3.490799,-7.925617,17.681510,-110.507170,-33.930750,40.835712,73.425280,53.304830,-6.446398,-15.427576
130.000000,4.688352,-8.531378,71.984467,-0.211940,-1.324824,147.095896,-33.947994,-9.613996,-25.573750,46.153973,-9.050396,-15.000033,20.077240,-25.457660,-47.868250,39.774673,-24.001007,15.000033,34.199512,9.939870,18.318083,29.213500,29.239864,-25.279512,22.324207,-7.896549,-9.812062,17.844858,-111.954260,-34.801914,47.625366,82.525120,58.514500,-4.627385,-11.139988
131.000000,4.277387,-8.043373,72.669718,-0.843393,-0.584369,148.534947,-32.804955,-9.567878,-27.712284,43.428986,-8.514903,-15.000033,21.316996,-22.987524,-48.517452,35.525795,-22.400457,15.000033,35.621414,8.701723,17.491823,28.105480,28.152678,-25.963274,27.351456,-8.939274,-9.124504,15.858568,-112.584570,-35.448110,52.409927,87.210500,59.364532,-2.902347,-8.831986
132.000000,3.914452,-7.563277,73.044031,-0.822731,-0.498477,150.053520,-31.367714,-10.254681,-29.493002,41.407158,-8.406458,-15.000033,23.209642,-21.386414,-49.306960,32.084293,-21.402197,15.000033,36.608654,7.560758,16.952965,27.608173,26.949827,-26.327688,31.106937,-9.931525,-8.567628,13.943625,-112.861280,-36.026750,55.389557,89.912070,59.803303,-2.032385,-7.170641
133.000000,3.612282,-7.105593,73.467665,-0.984205,-0.530667,151.212742,-29.904728,-10.015136,-30.467550,39.189133,-8.174902,-15.000033,25.332584,-19.049427,-49.951763,27.383457,-19.656975,15.000033,37.153004,6.586053,16.420322,26.919939,25.942064,-27.128351,34.315006,-9.283051,-7.548836,12.384018,-113.430290,-36.491840,56.610990,90.404450,59.546760,-1.658103,-6.748767
134.000000,3.367543,-6.668838,73.745379,-0.778167,-0.698240,152.143163,-28.681896,-10.090111,-31.015358,37.596634,-7.887195,-15.000033,27.031836,-17.725666,-50.300674,24.214437,-18.246687,15.000033,37.525383,5.709140,16.065947,26.442682,25.106594,-28.066858,37.162968,-9.052335,-6.922648,11.588833,-113.688810,-36.919884,57.313560,91.030020,59.935684,-1.536382,-6.536482
135.000000,3.179166,-6.265225,74.162559,-0.952779,-0.603563,153.115383,-27.650812,-9.465704,-31.533260,35.408080,-7.016495,-15.000033,28.003370,-15.654378,-49.554900,20.727774,-16.449091,15.000033,37.511658,4.938618,15.606432,25.883140,24.400349,-29.578085,38.445763,-8.319422,-5.894865,11.269481,-113.222880,-37.322540,57.104650,91.024315,59.558250,-1.736426,-6.895768
136.000000,3.035619,-5.898121,74.313059,-0.652381,-0.466983,153.149116,-27.090519,-9.508045,-31.907170,34.630344,-6.909143,-15.000033,29.012210,-15.061145,-50.132584,18.300400,-15.341604,15.000033,37.854244,4.036411,15.257998,25.125950,23.868269,-29.917412,41.846490,-8.358884,-5.729238,9.970236,-113.288155,-37.684734,57.763916,91.048250,59.691624,-1.619933,-6.882470
137.000000,2.918098,-5.578541,74.477678,-0.353491,-0.629138,153.221735,-26.428522,-9.450461,-31.824268,34.032870,-6.573178,-15.000033,30.121857,-14.611866,-50.663170,16.405745,-14.481824,15.000033,37.837265,3.223451,15.079882,24.575260,23.398647,-30.423930,43.771667,-8.495036,-5.301087,8.976546,-112.813740,-37.987910,57.796646,90.798560,59.037174,-1.368781,-6.691999
138.000000,2.818466,-5.296462,74.622628,-0.210624,-0.562567,153.318890,-25.925905,-9.209206,-31.909351,33.160244,-6.370374,-15.000033,30.693200,-14.085518,-50.807816,14.935329,-13.479582,15.000033,37.921360,2.623744,14.779878,24.047693,23.060259,-30.841602,45.163868,-8.070149,-4.890879,8.559405,-112.365910,-38.232067,57.604248,90.637024,58.920055,-1.311485,-6.867794
139.000000,2.740051,-5.054089,74.831952,-0.276662,-0.673435,153.279619,-25.326601,-8.479500,-31.593030,32.228440,-5.947112,-15.000033,31.328608,-13.263430,-50.557224,13.136243,-12.803808,15.000033,37.780617,2.147830,14.383604,24.007141,22.757715,-31.728027,45.439373,-7.547782,-4.141579,8.451138,-111.275780,-38.395660,57.202324,89.796220,56.869797,-1.041803,-6.716877
140.000000,2.667583,-4.841124,74.909580,-0.198520,-0.740688,153.187388,-24.906301,-8.265487,-31.609499,31.850899,-5.981040,-15.000033,31.758469,-12.919824,-50.448193,12.132240,-11.846202,15.000033,37.889217,1.760639,14.071466,23.670452,22.535942,-32.213665,46.184520,-7.637439,-3.814254,7.971791,-110.670586,-38.493153,56.763947,89.529594,56.923634,-0.892588,-6.643521
141.000000,2.608074,-4.656477,75.004213,-0.098783,-0.775874,152.983239,-24.540646,-7.755862,-31.040500,31.259178,-5.891410,-15.000033,31.984255,-12.655161,-49.974434,11.266211,-11.369763,15.000033,37.915176,1.428796,13.748259,23.585915,22.423887,-32.461550,46.731945,-7.795225,-3.524390,7.707150,-110.017210,-38.494130,56.172980,88.879684,56.953670,-0.828233,-6.675837
142.000000,2.553928,-4.502471,75.036734,-0.045917,-0.640256,152.831638,-24.421040,-7.538508,-31.000051,30.957630,-6.007495,-15.000033,32.016230,-12.417041,-49.658740,10.559874,-10.999534,15.000033,37.864754,1.144983,13.551767,23.366680,22.386322,-32.974796,47.047620,-7.597756,-3.574599,7.535801,-109.862564,-38.472275,55.731216,88.410090,56.833115,-0.763092,-6.896788
143.000000,2.516967,-4.385139,75.157229,-0.037699,-0.580935,152.398129,-24.103247,-6.988862,-30.634588,30.318440,-5.840854,-15.000033,32.293564,-12.099108,-49.671760,9.244995,-10.369226,15.000033,37.940970,0.847627,13.261711,23.383675,22.340190,-33.240025,47.150160,-7.040787,-3.188884,7.193466,-109.247670,-38.382755,55.190125,87.712050,55.930973,-0.683727,-7.011149
144.000000,2.496935,-4.298816,75.262891,-0.025581,-0.623096,151.844723,-23.919828,-6.595642,-30.258478,30.286283,-5.654019,-15.000033,32.320590,-12.042479,-49.071545,8.639195,-9.933454,15.000033,37.974983,0.599866,13.126381,23.429132,22.324722,-33.262028,47.159733,-6.938496,-3.268571,7.098562,-108.796906,-38.242607,54.856915,87.156204,55.515285,-0.728505,-6.920444
145.000000,2.497196,-4.240517,75.312289,0.045391,-0.674209,151.405619,-23.712355,-6.267812,-29.848318,30.085627,-5.604509,-15.000033,32.405262,-12.067135,-48.711880,8.105762,-9.692125,15.000033,37.952010,0.415401,12.946492,23.273933,22.361423,-33.456924,47.256172,-6.921981,-3.178517,6.967068,-108.394770,-38.042550,54.403866,86.607590,55.239700,-0.634187,-6.927766
146.000000,2.519809,-4.207647,75.353857,-0.036202,-0.705089,151.051867,-23.619312,-5.830463,-29.508345,29.984388,-5.585017,-15.000033,32.343420,-12.077233,-48.524998,7.967520,-9.776785,15.000033,37.894670,0.267998,12.820116,23.239378,22.448195,-33.366490,46.889133,-6.976286,-3.120724,7.219714,-108.227620,-37.819220,54.123040,86.545030,55.719700,-0.525898,-6.957109
147.000000,2.567149,-4.189940,75.386085,-0.192995,-0.764267,150.592592,-23.558304,-5.223368,-29.014760,29.961630,-5.636283,-15.000033,32.241940,-12.036262,-48.308410,7.835654,-9.698174,15.000033,37.921200,0.061250,12.600817,23.243720,22.552116,-33.166214,46.587616,-6.723921,-2.874254,7.105664,-107.864830,-37.585310,53.750614,86.479744,56.184280,-0.753215,-6.937618
148.000000,2.618997,-4.175806,75.336617,-0.188507,-1.012005,150.620076,-23.299845,-5.154752,-29.010838,29.904346,-5.829111,-15.000033,32.418056,-11.967330,-47.874330,7.791419,-9.492962,15.000033,37.749817,0.038991,12.487868,23.340136,22.711191,-32.815727,45.836040,-6.716892,-2.634623,7.005975,-107.653260,-37.380898,53.621635,86.641620,56.146843,-0.871931,-7.098325
149.000000,2.674729,-4.162004,75.385430,-0.164399,-1.076470,150.244168,-23.177011,-4.846281,-28.634481,29.781511,-5.644862,-15.000033,32.382504,-12.162355,-47.867040,7.775627,-9.662209,15.000033,37.731068,-0.088032,12.334413,23.332403,22.900030,-32.869503,45.313633,-6.544066,-2.679746,7.086288,-107.376010,-37.129010,53.395020,86.309350,55.693680,-0.738843,-6.992075
150.000000,2.736488,-4.140530,75.323002,-0.168427,-1.312177,150.145746,-23.127048,-4.774389,-28.495030,30.190237,-5.847038,-15.000033,32.577560,-12.179076,-47.743120,7.781944,-9.712632,15.000033,37.630802,-0.013361,12.210425,23.320087,23.151028,-32.843437,44.326023,-6.012100,-2.622244,7.190730,-107.269710,-36.888634,53.225250,86.286514,55.138850,-0.653092,-7.124990
151.000000,2.796060,-4.107786,75.301474,-0.199902,-1.355429,149.996671,-23.141233,-4.519651,-28.252964,30.239820,-5.905715,-15.000033,32.500310,-12.148540,-47.458134,7.739716,-9.905860,15.000033,37.546375,-0.074004,12.016032,23.436905,23.430632,-32.437070,43.118553,-5.969162,-2.482282,7.327426,-107.140540,-36.659780,53.241240,86.239670,54.774360,-0.603612,-7.007512
152.000000,2.848792,-4.059382,75.228585,-0.160410,-1.424323,149.969408,-23.262938,-4.430426,-27.957240,30.569887,-6.092958,-15.000033,32.513096,-12.131239,-47.164955,7.705516,-10.094192,15.000033,37.386920,-0.120694,11.886333,23.606586,23.754940,-31.942280,41.582794,-5.901095,-2.377199,7.417575,-107.122030,-36.448790,53.142998,86.149310,54.942270,-0.613554,-6.939951
153.000000,2.899677,-3.991402,75.264643,-0.209981,-1.301726,149.888475,-23.458023,-3.877829,-27.195723,30.409807,-5.826397,-15.000033,32.348430,-12.046116,-47.282158,7.590852,-10.201688,15.000033,37.326360,-0.231060,11.650159,23.838362,24.079962,-31.354023,39.603840,-5.824113,-2.167633,7.381662,-106.970660,-36.257225,52.874462,85.927315,54.364727,-0.583380,-6.988378
154.000000,2.941280,-3.895229,75.266066,0.012144,-1.201381,149.765447,-23.427637,-3.759654,-26.774452,30.046300,-5.655768,-15.000033,32.236057,-12.215914,-47.162150,7.478056,-10.394619,15.000033,37.375977,-0.345334,11.522805,24.090437,24.364119,-30.584452,37.367150,-5.556468,-1.988734,7.563798,-106.885550,-36.076767,52.788273,85.599980,54.277954,-0.435098,-7.087185
155.000000,2.981015,-3.773298,75.215884,0.180329,-0.996896,149.780259,-23.668892,-3.539217,-26.189772,29.898160,-5.613478,-15.000033,32.075268,-12.253630,-47.143490,7.318308,-10.571626,15.000033,37.451023,-0.596814,11.391634,24.219769,24.663504,-29.903725,34.868412,-5.377206,-2.068407,7.883305,-106.960360,-35.944650,52.838562,85.779150,54.237453,-0.371972,-7.074789
156.000000,3.007745,-3.623040,75.218400,0.297198,-0.915106,149.967193,-23.591055,-3.289650,-25.801699,29.365765,-5.450147,-15.000033,32.014797,-12.143885,-46.860264,7.222280,-10.710567,15.000033,37.499825,-0.707686,11.254932,24.411480,24.942670,-28.729790,31.831467,-5.042738,-1.972893,8.122113,-106.878716,-35.863060,52.980923,85.909134,54.480724,-0.338514,-7.238504
157.000000,3.033272,-3.451076,75.178497,0.462969,-0.824794,150.029987,-23.557278,-3.082065,-25.395132,29.030815,-5.492285,-15.000033,31.985280,-12.162502,-46.803820,7.147356,-10.851032,15.000033,37.532906,-0.849879,11.090242,24.686323,25.246105,-27.500679,28.175175,-4.456515,-2.043661,8.604949,-106.715060,-35.790470,53.119476,85.703480,54.330680,-0.241089,-7.392331
158.000000,3.058532,-3.262311,75.099419,0.736322,-0.653564,150.145677,-23.766315,-2.948649,-24.706230,28.960670,-5.498295,-14.856475,31.867626,-12.204231,-46.458760,7.027811,-10.935612,15.000033,37.684727,-1.016296,10.833888,24.578670,25.359623,-26.409628,24.317186,-4.543871,-2.330472,9.401807,-106.538740,-35.770134,53.280200,85.604810,54.747080,-0.067966,-7.768565
159.000000,3.080758,-3.064444,75.019794,1.087886,-0.473226,150.050000,-23.998697,-2.795036,-23.829502,29.036625,-5.542560,-14.847171,31.767187,-12.411829,-46.110634,6.876390,-10.912033,15.000033,37.770267,-1.182611,10.662365,24.857597,25.473795,-25.071953,19.543709,-4.391140,-2.795265,10.635276,-106.366140,-35.740300,53.246680,85.287720,55.629310,-0.150569,-8.345884
160.000000,3.108036,-2.865560,75.016187,1.186919,-0.337153,150.067872,-24.332197,-2.336709,-22.836586,29.310656,-5.278838,-14.671338,31.717176,-12.363087,-46.097775,6.784093,-10.708058,15.000033,37.666782,-1.240378,10.426929,25.102795,25.630455,-23.932362,13.454246,-3.749665,-2.949362,11.079204,-106.047380,-35.679640,52.929820,84.550910,55.329823,-0.188913,-9.154286
161.000000,3.142747,-2.657130,74.995018,1.459633,-0.265722,149.956891,-24.680410,-1.944496,-21.506067,29.831120,-5.078653,-14.918057,31.734663,-12.542752,-45.950935,6.716892,-10.671429,15.000033,37.416893,-1.309161,10.371878,25.015652,25.810728,-22.905539,7.109505,-2.893757,-3.500572,12.243099,-105.903350,-35.587830,52.518314,83.581490,55.623554,-0.246196,-9.760086
162.000000,3.185207,-2.435297,75.030801,1.509605,0.021576,149.692172,-25.165823,-1.272760,-20.385662,30.246058,-4.723370,-14.885569,31.441400,-12.549908,-45.820354,6.622117,-10.615059,15.000033,37.210255,-1.356379,10.205715,25.184639,25.980722,-21.416930,-0.545871,-2.656213,-3.650703,12.620864,-105.766950,-35.449013,51.899216,82.285706,55.420082,-0.241529,-10.336398
163.000000,3.230121,-2.188191,75.096189,1.625848,0.119675,149.514031,-25.399385,-0.955615,-19.846272,30.677345,-4.167024,-14.737869,31.391390,-12.633696,-45.889133,6.581341,-10.540232,15.000033,36.929962,-1.291883,10.243361,24.444427,26.041897,-19.217735,-8.547494,-2.885004,-2.897425,12.285123,-105.654150,-35.334705,51.443935,81.050354,54.820145,-0.245341,-10.938575
164.000000,3.283505,-1.908577,75.117195,1.695524,0.140028,148.970535,-25.667670,0.061606,-18.188951,31.402521,-3.804883,-14.354753,31.335934,-12.771195,-45.697960,6.502602,-10.415656,15.000033,36.185295,-1.398173,10.590869,22.721685,26.054410,-16.322220,-16.559760,-2.374066,-1.655481,11.798425,-105.963160,-35.153297,50.359356,79.150650,54.721214,-0.393691,-11.467175
165.000000,3.337419,-1.579317,75.192341,1.878645,0.419926,148.548839,-26.059265,1.308164,-15.921635,31.710613,-3.057879,-14.143383,31.054170,-12.881484,-45.511074,6.260162,-10.119333,15.000033,35.152256,-1.632901,10.899231,20.541359,25.971018,-13.345219,-25.139044,-2.095945,-1.374035,11.648423,-106.360620,-34.921623,49.214203,76.944435,54.072704,-0.624952,-12.224744
166.000000,3.396693,-1.199328,75.126467,2.470532,0.678405,147.685111,-26.453367,1.866754,-14.270446,32.616795,-2.725583,-14.047998,30.670170,-13.578635,-44.900616,6.249331,-9.775376,15.000033,34.582540,-1.762196,10.968286,17.514734,25.817554,-10.963191,-33.638977,-3.140317,-2.544926,12.103084,-106.387060,-34.679485,47.841503,75.020386,54.427270,-0.897453,-13.391013
167.000000,3.427815,-0.791298,75.210791,2.629931,1.408819,147.355845,-26.708673,3.559046,-11.534014,31.754818,-1.929732,-13.260250,29.788319,-13.530878,-44.299270,6.034623,-9.166251,15.000033,33.137455,-2.084755,11.303910,11.755909,25.408980,-7.664828,-40.938183,-3.588194,-2.526910,13.878130,-107.139730,-34.344055,45.618504,71.956190,53.452675,-0.902435,-14.384602
168.000000,3.424505,-0.366582,75.272114,2.760966,1.743525,147.331615,-26.635720,5.064122,-8.917812,31.163050,-1.369682,-12.779605,29.318172,-13.321640,-43.048290,5.905201,-8.746995,15.000033,31.121073,-2.202970,11.701486,2.175712,24.924273,-5.166966,-44.852364,-2.947534,-2.342802,17.705332,-108.206764,-34.007145,43.334520,69.142044,52.680700,-1.623096,-15.292506
169.000000,3.395408,0.070381,75.379668,2.936633,2.062369,147.234948,-26.728010,6.400073,-6.541599,31.172401,-0.496413,-12.591499,28.924810,-13.266298,-42.264988,5.874254,-7.751466,15.000033,30.106304,-1.869397,11.681560,-10.025667,24.573086,-2.590355,-45.581375,-3.619193,-1.258074,19.223406,-108.731230,-33.802525,41.038788,66.437060,52.653930,-2.346075,-16.500944
170.000000,3.306851,0.497528,75.425213,2.675722,2.519669,146.739060,-27.249226,7.487482,-5.869272,32.052520,-0.318059,-12.309093,28.541264,-13.150706,-42.580840,5.810260,-6.668391,15.000033,29.214294,-1.342232,11.694673,-22.801447,24.514130,0.002191,-43.123900,-4.266515,-0.035073,20.075947,-109.154010,-33.575256,38.755165,63.163525,52.274520,-2.294208,-17.541922
171.000000,3.183216,0.926042,75.550230,2.849482,3.350590,145.893699,-27.537674,8.900057,-3.558826,32.129604,0.235020,-12.156938,27.651062,-13.590160,-42.329270,5.720017,-6.343077,15.000033,28.750969,-1.023717,11.411309,-35.170780,24.910160,1.412527,-40.706295,-4.329138,0.226793,20.111282,-109.160530,-33.387177,37.428110,60.121310,49.902584,-2.601729,-18.040295
172.000000,2.987195,1.334036,75.607736,2.176109,3.765869,144.906905,-28.115498,10.818766,-2.406256,33.722733,-0.109215,-12.232530,27.227673,-13.334123,-42.427544,5.748888,-6.181972,15.000033,28.537264,-0.511842,11.650263,-46.877964,25.679853,1.165611,-37.484234,-3.230967,0.310713,21.393639,-110.401115,-33.344246,36.438970,57.730923,48.654087,-3.045520,-18.335007
173.000000,2.728256,1.753568,75.689828,1.948975,4.412665,144.227667,-28.558510,11.955487,-1.493565,34.504433,-0.030135,-12.552772,26.467460,-13.454888,-41.911655,6.088975,-5.814861,15.000033,28.810345,-0.306051,12.046936,-60.649390,26.975489,0.465070,-32.198566,-3.478628,0.667714,22.617070,-111.870890,-33.473866,35.314470,55.471752,47.657692,-3.429039,-18.785381
174.000000,2.390969,2.187778,75.824043,1.494203,5.535718,142.976728,-29.233099,13.447021,-0.553486,35.163640,-0.253946,-12.218456,25.501509,-13.136505,-41.090755,5.079824,-4.966835,15.000033,28.886961,-0.429543,13.035270,-73.856170,28.640154,-0.615646,-26.318424,-3.569031,1.146867,24.429241,-113.773310,-33.727140,34.184967,53.034866,46.805077,-3.692347,-19.770563
175.000000,1.964329,2.618611,76.013748,1.176971,6.499865,142.141856,-29.756683,14.101023,-0.581556,35.655570,-0.037368,-12.621771,24.575619,-13.603935,-41.799637,5.667152,-4.849016,15.000033,28.574291,-0.947861,14.408886,-87.898970,31.713620,-3.092524,-18.392197,-4.523755,1.810303,25.623343,-115.838620,-34.456505,31.565168,50.111435,45.962650,-4.519712,-20.285093
176.000000,1.463723,3.045978,76.380464,1.031237,7.706211,141.330125,-30.153316,14.196521,-0.994889,35.457867,0.897787,-12.965528,23.792257,-13.531550,-41.385185,4.545653,-3.907888,15.000033,28.648900,-1.360968,15.736333,-99.440674,34.175217,-5.631142,-10.992470,-5.160631,1.829176,25.668766,-117.246890,-35.064808,29.874714,46.983070,45.450540,-4.962181,-20.811497
177.000000,0.873339,3.432844,76.637678,0.900006,9.287590,139.996524,-31.036575,14.429568,-1.102913,35.908424,1.157856,-12.410733,22.390850,-13.945472,-40.812590,3.989578,-3.253532,15.000033,27.544931,-2.320550,17.523790,-111.655100,37.159280,-10.196601,-1.925519,-6.640599,1.816994,26.583538,-118.184044,-35.847404,28.096462,42.773396,44.288143,-5.296730,-21.799416
178.000000,0.205775,3.727415,76.911822,0.581155,10.631532,138.573530,-31.618559,14.619838,-1.413758,36.300297,1.296142,-12.428491,20.820127,-14.596564,-39.923680,4.445481,-3.022515,15.000033,26.053587,-3.666807,19.513115,-123.312900,40.104490,-16.968935,8.432396,-10.465607,1.560286,27.629505,-119.012596,-36.524563,26.214994,38.428090,42.697470,-5.046841,-23.310947
179.000000,-0.518251,3.889985,77.232708,0.089613,12.482383,137.105187,-32.369620,14.993343,-1.287174,35.881504,1.375520,-12.586900,18.067253,-15.565008,-38.749280,6.253896,-3.044844,15.000033,24.419043,-5.138464,21.455439,-132.920780,42.417076,-24.864750,17.905119,-13.677220,1.258837,27.647867,-120.272766,-36.952260,25.283970,36.116050,41.578728,-4.941674,-24.280237
180.000000,-1.285551,3.905608,77.646543,-0.466126,13.749443,135.926175,-32.501198,14.907633,-1.750208,35.107010,1.668106,-12.982684,17.226526,-15.485237,-38.285046,4.909758,-2.039591,15.000033,22.245049,-6.528307,23.408403,-141.840150,44.607270,-34.067795,28.019073,-19.109379,0.859399,28.060022,-122.384930,-37.091362,25.155878,36.698020,41.692850,-4.147182,-24.705885
181.000000,-2.102972,3.734766,78.043399,-1.643921,14.384679,135.349685,-32.731830,14.661484,-3.672136,34.907196,1.531062,-13.506616,16.613010,-15.092255,-37.904247,5.068394,-1.110650,15.000033,21.531565,-6.765449,24.654877,-145.583130,45.501260,-41.518360,38.067550,-26.501707,1.223449,26.081500,-125.454216,-36.945602,28.429949,42.159980,43.519566,-2.838258,-23.778010
182.000000,-2.912072,3.430732,78.375541,-2.299137,15.175574,134.153993,-33.066647,13.988223,-4.990070,35.064960,0.982787,-14.426957,15.675712,-15.500939,-37.031986,5.020701,0.517934,15.000033,20.722980,-6.649373,26.116173,-147.782960,45.602642,-50.465600,49.167020,-34.673230,2.351203,22.182190,-128.047790,-36.197820,35.016533,49.214794,48.570440,-1.391724,-22.573660
183.000000,-3.670333,2.998723,78.636402,-4.153907,15.633049,133.101026,-33.653893,14.807684,-6.255917,35.659490,-0.469926,-14.858565,15.079264,-14.442521,-35.733067,4.568932,1.210484,15.000033,20.204850,-6.700683,27.264080,-148.232040,44.874300,-61.536373,60.042877,-39.438564,5.038457,14.690017,-129.948290,-34.847878,44.508380,58.847250,52.503920,1.257920,-18.219450
184.000000,-4.341630,2.523713,78.857321,-5.935848,16.373956,131.219079,-34.540970,16.561989,-5.459043,36.433050,-1.492450,-14.798564,13.386010,-14.281303,-33.414288,5.546839,1.251589,15.000033,18.918598,-7.658528,27.964687,-148.718140,43.590740,-72.009370,67.764590,-40.358368,6.357625,8.354948,-131.265370,-32.979424,53.437460,66.198190,51.977740,3.316438,-12.702270
185.000000,-4.918688,2.064409,79.017083,-7.419338,16.237473,130.064984,-34.910507,17.542220,-5.687489,37.491024,-2.403593,-14.603399,13.396385,-14.016172,-32.740593,5.444503,2.972270,15.000033,18.012750,-8.417816,28.601505,-149.007060,41.976826,-76.770430,71.884040,-41.752625,6.463303,6.276507,-132.253360,-30.632970,56.162033,70.235220,52.417850,3.569258,-11.175140
186.000000,-5.399143,1.681237,79.295506,-8.527473,16.347207,128.872960,-35.079453,17.809790,-6.529204,37.769245,-2.683033,-14.983597,13.360694,-14.167440,-33.600475,5.127929,5.022588,15.000033,17.523240,-8.703539,29.177010,-149.418060,40.875390,-77.996000,73.984210,-42.842453,6.081302,6.290601,-133.397400,-28.998085,56.529793,71.934670,52.862920,3.058369,-11.072998
187.000000,-5.766327,1.381527,79.525706,-9.487173,16.382731,127.455255,-34.939320,18.536590,-6.529628,37.702904,-2.877579,-14.966962,12.868038,-14.471551,-34.208702,5.497536,6.651159,15.000033,17.008904,-9.017053,29.656530,-149.981550,39.465290,-78.121480,76.009890,-44.568480,5.321688,7.274334,-134.910500,-26.787722,55.567810,73.370220,53.349790,2.114703,-11.919239
188.000000,-6.053334,1.167744,79.647178,-10.512500,16.563757,126.679398,-35.255962,19.836412,-5.956212,37.752800,-2.979503,-14.515318,12.588415,-14.194824,-35.437782,5.545619,8.587957,15.000033,16.509663,-8.864084,29.793802,-150.360350,38.470080,-77.704800,77.470990,-46.455944,4.423048,8.816093,-136.336300,-25.110878,53.909990,74.092640,53.634552,0.953696,-13.593982
189.000000,-6.246804,1.002163,79.753418,-11.176437,16.441032,125.653970,-35.060420,20.231543,-6.397111,37.823647,-3.369373,-14.787128,12.210099,-14.526177,-37.332954,6.123906,9.718716,15.000033,15.950909,-9.003483,29.793802,-150.677460,37.413330,-77.195940,78.908360,-46.935062,3.696085,9.543203,-137.449870,-23.098442,51.709213,74.565735,52.431995,0.095969,-15.028021
190.000000,-6.379326,0.865624,79.798883,-12.112684,16.745496,124.665985,-35.897340,21.706585,-5.716085,38.625210,-3.098310,-14.431783,11.047202,-14.744244,-39.291782,7.618350,10.453594,15.000033,15.421657,-8.962864,29.793802,-151.078080,36.735603,-77.647350,80.234924,-47.489610,3.220193,10.081857,-138.769880,-21.585676,51.131878,75.065710,51.391940,-0.780522,-15.702101
191.000000,-6.447025,0.717644,79.708834,-13.176553,16.965806,123.446843,-36.717197,22.954634,-5.895060,39.505283,-3.653060,-13.980016,7.645729,-16.856724,-40.829556,15.200908,8.528580,15.000033,14.954189,-8.764397,29.793802,-151.241940,36.264717,-78.435320,81.696014,-48.868263,2.872520,9.931048,-139.709660,-20.378607,50.477543,75.109400,51.138860,-1.256845,-16.110449
192.000000,-6.421610,0.509846,79.447678,-14.029738,16.833288,122.703469,-37.340694,24.149902,-5.841216,40.528606,-4.960358,-13.640830,6.120899,-18.112501,-42.432674,19.388890,6.631578,15.000033,14.709143,-8.979813,29.793802,-151.235930,35.994408,-78.712685,82.449960,-48.803650,2.891386,9.497450,-140.372240,-19.490486,49.926850,76.134370,50.524437,-1.069657,-16.270008
193.000000,-6.308147,0.255568,79.225559,-14.438720,16.572246,121.491273,-37.870010,25.273184,-5.026767,41.964996,-5.505831,-13.300718,3.736837,-20.612120,-43.700350,25.498112,5.434575,15.000033,14.611485,-9.171530,29.793802,-151.127150,35.870937,-79.979790,83.675026,-49.305588,2.483658,8.963802,-140.443040,-18.716162,49.356564,75.607670,50.103184,-1.233387,-16.872393
194.000000,-6.097622,-0.055003,78.774090,-14.597569,16.362347,120.690907,-38.533936,26.195402,-4.167666,43.458744,-7.041369,-13.165626,2.673934,-22.283148,-45.446136,29.002630,3.342617,15.000033,14.648755,-9.397052,29.793802,-151.053220,35.870155,-80.540460,84.137950,-49.119270,2.564161,8.776300,-140.876190,-18.135740,48.550070,75.717190,49.072090,-1.107045,-17.627140
195.000000,-5.795815,-0.416698,78.266768,-14.680432,15.989574,119.914518,-39.556250,27.255077,-3.316948,45.776043,-8.039232,-12.972701,1.387003,-24.026173,-46.317814,32.985924,1.166027,15.000033,14.604043,-9.630791,29.793802,-150.925350,35.934444,-81.169655,84.734720,-49.388065,2.505932,8.700593,-141.172120,-17.655931,48.005810,75.542160,48.637505,-1.087648,-17.952112
196.000000,-5.404434,-0.815965,77.745860,-14.104946,15.691853,119.152006,-40.169594,28.243069,-1.240567,47.642952,-8.752835,-12.522355,0.383268,-25.948227,-47.405323,36.077404,0.417206,15.000033,14.439535,-9.957730,29.793802,-150.882700,36.119050,-81.876360,85.694790,-51.340560,2.317913,8.752012,-140.747330,-17.255604,46.259910,73.986700,48.364830,-1.462732,-19.797075
197.000000,-4.949676,-1.254457,77.244989,-13.543273,15.437072,118.517288,-40.863758,28.538408,-0.327802,49.309640,-9.560059,-12.467075,-0.250437,-27.227789,-48.253630,38.200623,-1.104339,15.000033,14.300613,-10.200913,29.793802,-150.776540,36.425873,-82.141620,86.073190,-52.597443,2.204264,9.000100,-140.441800,-16.987305,44.779950,72.743160,47.532974,-1.643509,-21.420220
198.000000,-4.442211,-1.733731,76.720808,-13.265649,14.966464,118.015006,-41.546930,29.319384,0.547048,50.993206,-10.468986,-12.502158,-0.557270,-28.020212,-48.879510,40.175346,-3.018659,15.000033,14.347672,-10.234081,29.793802,-150.276080,36.825058,-81.940674,85.863050,-52.847347,2.053543,9.257170,-140.128460,-16.884321,43.486458,71.812836,46.125790,-1.922448,-22.748678
199.000000,-3.878369,-2.239649,76.286466,-12.928473,14.619299,117.408050,-42.037815,29.854841,1.273245,51.963367,-11.120131,-12.116902,-0.795420,-28.694077,-49.761337,41.601580,-4.563791,15.000033,14.295479,-10.211841,29.793802,-149.694850,37.338234,-81.625465,85.908660,-53.283290,1.580017,9.271138,-139.173600,-16.882090,41.843777,69.952440,45.325000,-2.267430,-23.979858
200.000000,-3.268847,-2.779098,75.785296,-13.280238,13.847616,117.149100,-42.866413,30.900808,0.966335,53.451187,-12.014278,-12.149500,-0.524117,-28.520779,-50.579250,42.836365,-6.563119,15.000033,14.399202,-10.171161,29.793802,-148.719250,37.886670,-81.013626,85.278990,-51.314327,1.143708,9.180769,-138.385500,-16.910358,41.105766,69.386520,43.862080,-2.094380,-22.516489
201.000000,-2.589500,-3.301312,75.154930,-12.488456,13.360147,116.181347,-43.187557,31.689268,2.457277,54.997993,-12.714857,-11.661169,-0.572364,-29.343300,-51.178802,43.406677,-8.183367,15.000033,14.461547,-9.954604,29.793802,-147.810970,38.502926,-81.152750,85.380035,-51.909870,1.021975,8.874887,-136.002380,-16.826876,39.602820,65.830690,42.858690,-1.817583,-25.559414
202.000000,-1.870994,-3.819832,74.589014,-12.139024,12.989923,115.761099,-44.016050,32.175423,2.581525,56.239210,-13.244430,-11.288870,-0.837740,-29.692812,-51.508793,44.611076,-9.773034,15.000033,14.397785,-9.864787,29.793802,-146.860840,39.152280,-80.595695,84.633630,-51.420450,0.883517,8.432551,-133.855090,-16.720778,38.364230,63.221443,41.599860,-1.891686,-26.459705
203.000000,-1.104189,-4.329764,74.010226,-11.566652,11.572916,115.562427,-43.796160,32.447277,2.533599,57.763264,-13.878034,-11.009214,-0.587063,-30.437240,-51.078690,46.570650,-11.105959,15.000033,14.386712,-9.735319,29.793802,-145.201450,39.939570,-79.503580,83.641250,-51.310650,0.420940,8.625483,-131.109880,-16.671335,37.191452,59.710762,39.388885,-1.910858,-27.959051
204.000000,-0.311376,-4.797081,73.597470,-11.273896,10.560877,115.676052,-43.669740,33.388924,3.187868,58.347183,-14.231986,-10.589294,-0.138427,-30.462656,-51.284310,47.505890,-12.247189,15.000033,14.154855,-9.642816,29.793802,-143.587600,40.886673,-77.789940,81.745740,-49.834560,0.321845,8.565422,-127.690285,-16.709850,35.178530,55.136765,36.808920,-2.104134,-29.415506
205.000000,0.520488,-5.202747,73.193743,-10.490749,9.522538,115.395340,-43.000050,33.991380,4.255021,58.814590,-14.454574,-10.079491,-0.551440,-30.836256,-50.025135,48.705210,-13.496156,15.000033,13.792762,-9.567097,29.793802,-141.599800,41.996746,-75.383750,79.475006,-48.507160,0.366691,9.269917,-123.020760,-16.826090,34.001472,48.633965,33.662804,-1.607067,-30.336044
206.000000,1.346522,-5.521486,72.947661,-10.000794,8.714785,115.347629,-42.448017,34.751163,5.184990,58.740158,-14.292942,-9.741225,-0.614020,-31.228823,-49.979076,50.091686,-14.101656,15.000033,13.552071,-9.479878,29.793802,-138.852550,43.200676,-72.629420,75.937584,-46.854000,0.614507,10.303921,-117.523480,-16.913763,33.521202,41.731262,30.866203,-1.418402,-30.898893
207.000000,2.166894,-5.739210,72.455539,-9.278436,6.495900,115.534163,-40.900208,35.164190,5.416792,59.886940,-14.377154,-9.918281,0.341749,-32.686264,-49.517660,53.425716,-15.725098,15.000033,13.317100,-9.281258,29.793802,-134.763520,44.492477,-69.299600,70.834400,-41.221060,0.313141,11.003348,-111.116264,-17.067314,34.077680,34.650880,27.045761,-1.763390,-28.918015
208.000000,2.973189,-5.794397,72.021946,-8.777940,5.167245,115.382604,-39.894290,36.519825,6.517927,60.657276,-14.319271,-10.027155,0.219016,-33.135944,-48.488180,55.571983,-16.864157,15.000033,13.001276,-9.062611,28.055157,-128.871550,45.899605,-66.199510,64.397050,-36.474180,0.051282,12.009280,-102.366430,-17.208769,34.416756,26.974894,24.047293,-1.635772,-28.391022
209.000000,3.736756,-5.663411,71.610237,-8.551958,3.721349,115.469881,-38.541466,38.517320,7.963743,61.179480,-14.538918,-9.850860,0.141666,-33.357860,-47.266280,58.120790,-17.528513,15.000033,12.521403,-8.755257,26.153925,-121.829010,47.385895,-63.197690,57.914215,-31.881330,0.078982,12.527253,-92.466515,-17.411242,35.015000,18.790594,21.079970,-2.242132,-27.078500
210.000000,4.463287,-5.311440,71.359238,-7.825608,2.874067,115.238396,-36.684895,39.989407,10.168780,60.897610,-14.440326,-10.178235,-0.522563,-33.184414,-45.252853,59.237545,-17.941300,15.000033,12.018423,-8.221133,23.877129,-114.040230,48.951290,-59.788483,50.925300,-27.460253,0.447458,13.020883,-81.194760,-17.717072,35.895775,9.933075,17.868190,-2.507859,-25.709406
211.000000,5.121092,-4.742303,71.206000,-6.880093,2.403461,114.710574,-34.403004,41.064690,12.666469,60.089863,-14.438295,-10.380682,-0.872749,-33.240060,-43.966410,59.630833,-18.470379,15.000033,11.528016,-7.693867,21.457048,-104.419586,50.574980,-55.996395,41.273730,-20.993643,1.180642,14.728783,-69.413590,-18.337510,37.681374,1.494398,15.123959,-3.150073,-24.488130
212.000000,5.696521,-3.986473,71.021047,-5.634453,2.064073,113.845740,-31.949131,41.777145,15.168881,59.671780,-14.273373,-10.447886,-1.066512,-34.102290,-43.031948,60.379410,-19.282211,15.000033,10.706053,-6.943038,19.273008,-94.326870,52.274868,-51.616850,31.689924,-16.390661,1.285570,15.801345,-59.602932,-19.465683,39.771862,-4.790038,11.998524,-3.618506,-21.922270
213.000000,6.206192,-3.109343,70.877726,-4.853766,2.110477,113.180576,-29.884073,42.770596,17.469856,58.927387,-14.272868,-10.683851,-1.853620,-33.988520,-41.553390,60.966984,-19.635216,15.000033,9.892042,-5.953753,17.302280,-83.783610,53.983696,-46.170967,21.870955,-11.960177,1.460884,15.175211,-50.406690,-21.009290,40.858757,-10.205200,9.255151,-5.022356,-18.757172
214.000000,6.636649,-2.153003,70.739281,-3.449296,2.397879,112.335158,-27.751710,42.862990,19.878239,58.475970,-13.912220,-10.423376,-2.114731,-34.921100,-40.860813,61.060802,-21.029589,15.000033,8.505445,-4.909591,15.447479,-71.147340,55.626675,-39.742992,10.228041,-7.522883,1.187426,15.464194,-42.570156,-23.295158,42.515950,-14.543080,5.994262,-6.881505,-16.543142
215.000000,7.004503,-1.198178,70.659515,-2.037499,3.084747,111.565487,-25.843737,42.230404,21.895676,57.326060,-13.759469,-10.859249,-2.894081,-36.307842,-40.321312,61.850640,-21.807302,15.000033,6.362008,-3.841702,13.731124,-56.169785,56.967556,-31.878336,-2.594804,-3.468863,1.195950,15.430105,-35.476380,-26.392632,43.278790,-17.959173,2.907738,-7.862600,-12.751770
216.000000,7.327954,-0.302270,70.412017,-0.351852,3.773479,110.161405,-23.623158,41.697628,24.583994,56.809673,-14.331703,-10.520862,-3.678630,-37.969640,-39.604565,62.056843,-22.704070,15.000033,4.063866,-3.020665,12.747963,-39.610573,57.776780,-23.258501,-16.748344,-1.422837,0.238569,14.640930,-29.568455,-30.405914,44.403940,-21.137436,0.891634,-9.710098,-9.416216
217.000000,7.607310,0.487917,70.271145,1.251289,4.181233,108.970494,-21.615128,40.194115,25.959345,55.816170,-14.312638,-10.583636,-4.467817,-39.762030,-38.517760,62.649456,-24.002071,15.000033,1.000162,-2.666763,12.700220,-22.889680,57.471462,-14.510754,-29.270842,-0.002327,-1.454901,12.923324,-24.671347,-35.136204,43.894848,-23.795347,0.373032,-12.130227,-5.995091
218.000000,7.877579,1.147429,70.248684,3.184697,4.281448,107.787541,-19.424734,37.942295,27.075354,54.636944,-14.549066,-10.713779,-5.258970,-41.889256,-36.996788,63.245136,-24.770350,15.000033,-1.310730,-2.483312,13.038214,-10.598533,56.000515,-8.611435,-38.733860,0.915542,-2.299432,10.994696,-20.138971,-40.401670,41.802822,-26.948780,0.313977,-14.506536,-2.859526
219.000000,8.131245,1.680465,70.258889,4.358557,4.516914,106.288248,-17.664158,36.531834,27.880260,53.539173,-14.847836,-10.365321,-6.695544,-42.723904,-34.832523,63.431664,-25.342749,15.000033,-2.258472,-1.849188,13.697243,-2.822457,53.507430,-6.415374,-44.882282,1.018097,-3.511090,10.854908,-14.151789,-45.815200,38.485850,-31.265982,1.537336,-16.805754,-1.478720
220.000000,8.381248,2.110572,70.394840,5.773463,4.573427,105.025028,-15.746584,34.982320,29.228851,52.398724,-14.644951,-10.214557,-7.771960,-43.874630,-32.889490,63.414040,-25.479454,15.000033,-2.437545,-0.832378,14.581059,1.366226,50.429924,-7.067586,-49.083103,1.774640,-3.996615,10.830400,-5.320268,-50.902030,32.016216,-37.363290,2.863331,-18.054024,-0.562996
221.000000,8.625104,2.463194,70.617650,6.847037,4.480594,104.174130,-14.143842,32.994500,29.424856,50.414894,-14.030275,-10.528548,-8.250565,-44.770620,-31.797195,63.235806,-25.142073,15.000033,-2.033840,0.961388,15.693772,1.943402,47.443450,-9.384138,-51.156820,1.618410,-4.572058,10.055690,4.806338,-55.379830,24.523422,-44.427723,3.882795,-19.152082,-1.233327
222.000000,8.875767,2.775272,70.851125,7.688117,4.493077,102.959223,-12.501076,31.621483,30.023554,48.738434,-13.669329,-10.569037,-9.142044,-45.181170,-30.324902,62.968850,-24.823685,15.000033,-1.500954,3.158292,16.456139,2.071946,44.487780,-12.015842,-51.949963,1.687555,-4.893376,9.976980,14.137472,-58.937040,16.859138,-50.778114,5.177206,-19.994100,-2.175266
223.000000,9.120298,3.084775,71.017056,8.304356,4.490066,102.033789,-11.403173,30.595463,30.187685,47.612350,-13.125705,-10.729482,-9.587628,-45.453655,-29.396778,62.700176,-24.673708,15.000033,-1.328828,5.209284,17.077927,1.449921,41.492996,-13.524195,-52.033990,1.663090,-5.260034,10.141672,21.699210,-61.360825,10.677662,-55.776352,6.185012,-20.934515,-3.743171
224.000000,9.364419,3.422969,71.147270,8.717497,4.782344,101.551780,-10.626136,29.805902,30.433628,46.115658,-11.964745,-10.955417,-9.788495,-45.671364,-29.342167,62.414660,-24.660118,15.000033,-1.445050,7.056895,17.388464,0.412798,38.767560,-14.387084,-51.374878,1.747719,-5.462379,9.675031,25.667751,-62.952465,6.693462,-58.563137,7.002779,-21.438416,-4.489265
225.000000,9.610924,3.800834,71.239034,9.020831,4.832694,101.051587,-9.339435,29.043318,30.798824,44.154675,-10.830303,-11.441731,-9.906939,-45.598660,-28.868900,62.279587,-24.670355,15.000033,-1.611253,8.698441,17.605492,-1.069704,36.639977,-15.752673,-50.109352,1.582579,-5.529883,10.303440,27.531643,-63.951706,5.242135,-60.000134,8.235209,-21.809961,-5.772042
226.000000,9.858386,4.238309,71.286075,9.114256,5.037975,101.072099,-8.492619,28.708390,31.162594,42.371624,-9.514380,-11.511658,-9.497283,-45.451466,-29.286535,62.067722,-24.819040,15.000033,-2.233563,9.963398,17.748251,-2.299342,34.972920,-16.546032,-48.835026,1.727443,-5.735175,10.339859,27.518656,-64.369750,5.381866,-60.000134,9.096146,-22.699741,-6.844931
227.000000,10.124111,4.735358,71.383938,9.625873,5.609503,101.031711,-7.713169,27.577085,31.428806,39.912840,-8.400338,-11.817248,-9.759771,-45.412650,-28.923086,61.670567,-25.149000,15.000033,-2.774523,10.706424,17.856949,-3.430365,33.775238,-16.874567,-47.669170,1.451778,-5.755910,10.202851,27.011929,-64.477830,5.424371,-60.000134,10.395027,-22.143778,-6.539979
228.000000,10.396403,5.273972,71.695892,9.881800,6.182833,100.967422,-7.006911,26.556622,31.178835,37.331990,-6.840608,-12.148446,-9.505447,-45.379715,-29.453041,61.168680,-25.295464,15.000033,-2.997904,11.468266,17.835630,-4.633620,33.072098,-17.578411,-46.493030,2.390542,-5.257627,10.522630,26.886814,-64.498980,5.797231,-60.000134,10.681251,-22.196058,-7.427923
229.000000,10.685107,5.832263,71.795009,9.999389,6.792229,100.788292,-6.139941,26.330807,31.972815,35.309273,-5.924766,-11.977963,-9.515146,-45.072110,-29.640444,60.861954,-25.298658,15.000033,-3.132654,12.087158,17.782463,-5.292425,32.665222,-17.572649,-45.399174,2.546477,-4.872696,10.630599,26.173430,-64.425440,6.214969,-60.000134,10.709094,-21.401781,-7.007821
230.000000,10.983622,6.385942,72.118144,10.137885,7.268874,101.036778,-5.333623,25.442200,31.747360,32.327630,-4.041790,-12.331670,-8.975380,-44.829334,-30.456614,60.357310,-25.289200,15.000033,-3.206885,12.506739,17.699804,-5.987323,32.478910,-17.599428,-44.396390,2.293226,-4.484682,10.608050,26.021585,-64.380200,6.689940,-60.000134,10.392449,-20.830158,-7.143414
231.000000,11.292766,6.907141,72.184949,10.245543,7.448891,100.803072,-4.603901,25.181130,31.757267,31.034280,-2.977320,-12.527009,-8.407255,-44.620003,-31.004005,59.955480,-25.421350,15.000033,-3.151296,12.873397,17.638340,-6.340263,32.445366,-17.623106,-43.437990,2.089426,-4.365672,11.052426,25.441260,-64.310520,7.599175,-60.000134,10.056309,-20.128578,-7.436477
232.000000,11.594090,7.394885,72.207809,10.680463,7.815087,100.773502,-3.904799,24.443703,31.960817,29.222355,-1.947399,-12.451888,-8.205181,-44.665170,-31.138124,59.595554,-25.648956,15.000033,-3.324085,13.035485,17.545748,-6.003055,32.578457,-17.533897,-42.927406,2.144624,-4.191307,11.831454,24.907848,-64.152115,8.222487,-60.000134,10.128637,-19.331340,-7.341044
233.000000,11.876811,7.821924,72.203122,10.983483,7.614159,100.734032,-3.334951,23.933826,31.432337,28.480087,-1.201541,-12.561530,-7.521823,-44.715700,-31.375708,59.445354,-25.734758,15.000033,-3.226402,13.142312,17.592936,-6.304297,32.752920,-17.629398,-42.224400,1.879066,-4.122754,12.236088,24.728289,-64.042900,8.987844,-60.000134,10.052093,-18.966898,-7.555580
234.000000,12.126723,8.199749,72.170238,11.086233,7.920468,100.574224,-2.826479,23.641735,31.409142,27.195784,-0.715983,-12.641121,-7.414261,-44.483330,-31.494148,59.244476,-25.824300,15.000033,-3.266559,13.219498,17.479929,-5.974348,33.017890,-17.537691,-42.238754,2.195247,-3.808735,12.851891,24.062180,-63.859320,9.926677,-60.000134,9.884531,-18.265625,-7.385268
235.000000,12.337254,8.516814,72.246111,10.921503,7.984749,100.632573,-2.258335,23.613916,31.192684,25.884140,0.029080,-12.496038,-6.913211,-44.083294,-31.966818,59.159490,-25.918589,15.000033,-3.296364,13.288336,17.511066,-5.740850,33.225380,-17.218445,-42.232860,1.591098,-3.687252,12.318629,24.041300,-63.696080,10.315537,-60.000134,9.665856,-18.012934,-7.358570
236.000000,12.516201,8.774749,72.342032,10.919394,8.021571,100.599739,-1.600113,23.220467,30.859203,24.346376,0.846840,-12.471750,-6.575732,-43.847110,-32.170790,58.989790,-25.987673,15.000033,-3.189156,13.350574,17.473300,-5.795876,33.456676,-17.389345,-41.880417,1.385889,-3.601506,12.745135,24.038969,-63.619820,10.774286,-60.000134,10.027682,-18.497381,-8.072126
237.000000,12.664172,8.974304,72.434355,10.988577,8.207591,100.565804,-0.991233,22.545954,30.423680,22.384840,1.599003,-12.782956,-6.194319,-43.811832,-32.779102,58.589730,-25.944523,15.000033,-3.281936,13.368440,17.427578,-5.462645,33.667060,-17.322794,-41.734844,1.125196,-3.731808,13.331065,23.895636,-63.401638,11.042671,-60.000134,9.922443,-17.964584,-7.661405
238.000000,12.783326,9.111991,72.443976,11.101560,8.214258,100.716012,-0.482635,22.056070,30.126608,20.938980,2.012682,-12.882688,-6.160354,-43.872566,-32.763150,58.874443,-26.082436,14.972848,-3.264102,13.228042,17.459587,-5.491901,33.844210,-17.303470,-41.625774,1.138042,-3.916099,13.853589,24.026646,-63.214184,11.163309,-60.000134,9.876496,-18.191734,-7.734552
239.000000,12.882489,9.188218,72.439203,11.180904,8.271032,100.600416,-0.344166,21.762503,29.655437,20.444685,2.167684,-12.897235,-6.169926,-44.038364,-32.901897,59.054794,-26.213348,14.747858,-3.087233,13.178112,17.447968,-5.561521,34.004500,-17.298380,-41.408100,1.309475,-3.845960,14.104206,23.789085,-63.087795,11.567404,-60.000134,9.564391,-18.065870,-8.059209
240.000000,12.959785,9.205141,72.435562,11.168069,8.275471,100.443508,-0.252836,21.701565,29.378452,20.279560,2.212874,-12.786685,-6.267691,-44.127132,-32.934956,59.327305,-26.299860,14.689267,-2.850707,13.083160,17.483490,-5.754572,34.111280,-17.270992,-41.248405,1.278761,-3.762818,14.531619,23.624384,-63.103935,11.843140,-60.000134,9.233877,-17.959736,-8.383119
241.000000,13.014892,9.169320,72.443260,11.129619,8.225864,100.393439,-0.309499,21.690763,28.993567,20.307352,2.196163,-12.740266,-6.208526,-44.274330,-33.214695,59.582066,-26.409206,14.553838,-2.708354,13.054595,17.598526,-5.981332,34.186060,-17.346125,-41.154892,1.162061,-3.659269,14.581348,23.690645,-63.176070,11.957792,-60.000134,8.807819,-18.028221,-8.835891
242.000000,13.049230,9.087788,72.500207,11.031308,8.004789,100.370730,-0.483545,21.701044,28.179483,20.670404,2.204446,-12.806560,-6.067036,-44.418346,-33.475895,59.965145,-26.538920,14.386616,-2.553502,12.988667,17.825830,-6.265199,34.174263,-17.388918,-41.125084,1.207360,-3.662038,14.884113,24.059500,-63.287770,11.774433,-60.000134,8.807298,-18.275213,-9.117129
243.000000,13.065854,8.977571,72.484053,11.120923,7.923147,100.398720,-0.797487,21.573364,27.666330,21.082125,1.979604,-12.756167,-6.121245,-44.700333,-33.563920,60.239937,-26.655794,14.237619,-2.493981,12.936285,18.020660,-6.442520,34.172787,-17.397400,-41.192577,1.322842,-3.736562,14.896709,24.094180,-63.299225,11.671512,-60.000134,9.095514,-18.613903,-9.147563
244.000000,13.063547,8.848379,72.500280,11.159044,7.870563,100.359707,-1.111202,21.526695,27.316988,21.547121,1.852783,-12.619669,-6.316475,-44.804260,-33.417950,60.372250,-26.615046,14.183044,-2.366776,12.917352,18.226366,-6.539871,34.140747,-17.336252,-41.336370,1.384429,-3.699660,15.018021,24.123160,-63.298912,11.622391,-60.000134,9.077310,-18.919865,-9.274844
245.000000,13.041535,8.708982,72.489278,11.188889,7.752785,100.386660,-1.439067,21.494633,26.956095,22.088572,1.538741,-12.641447,-6.373227,-44.997658,-33.440174,60.559437,-26.589838,14.050524,-2.371411,12.897407,18.531244,-6.587222,34.063240,-17.243902,-41.615284,1.504942,-3.779903,14.932208,24.244585,-63.236477,11.374125,-60.000134,9.195887,-19.176441,-9.049406
246.000000,13.000274,8.569529,72.513039,11.125724,7.718703,100.506755,-1.720306,21.538122,26.738710,22.312193,1.386103,-12.669317,-6.367580,-45.106970,-33.663868,60.688522,-26.548708,13.995782,-2.332031,12.913173,18.706688,-6.633777,33.937946,-17.108377,-41.965538,1.425979,-3.788572,14.868295,24.614742,-63.167960,11.054524,-60.000134,9.361631,-19.279570,-8.929460
247.000000,12.946013,8.432034,72.527439,11.148712,7.629496,100.501911,-2.061578,21.555473,26.522133,22.970837,1.204702,-12.540510,-6.502912,-45.274242,-33.569550,60.844463,-26.473540,14.013490,-2.173600,12.932144,18.875383,-6.741117,33.820934,-17.025690,-42.114130,1.358580,-3.765302,14.798362,24.870570,-63.128532,10.907409,-60.000134,9.252229,-19.377256,-9.009285
248.000000,12.876478,8.300044,72.568112,11.139436,7.679974,100.562529,-2.331778,21.493319,26.362963,23.117815,1.148514,-12.512589,-6.752543,-45.348070,-33.438705,60.950638,-26.347292,13.983933,-2.079621,12.967049,18.963465,-6.708955,33.699627,-16.901165,-42.410560,1.643499,-3.685767,14.839688,25.080496,-63.096794,10.751830,-60.000134,9.120791,-19.533764,-9.012961
249.000000,12.796502,8.169069,72.587031,11.156646,7.700466,100.582417,-2.612533,21.402143,26.182913,23.388214,0.937944,-12.466950,-6.951484,-45.481990,-33.353313,61.007580,-26.228990,13.940850,-1.986616,12.983075,19.089342,-6.682189,33.606340,-16.842999,-42.651695,1.910163,-3.607642,14.727709,25.334517,-63.081467,10.548542,-60.000134,9.065577,-19.648777,-8.982416
250.000000,12.705859,8.035615,72.640287,11.068479,7.648527,100.720801,-2.743257,21.335033,25.947227,23.291485,0.780745,-12.448855,-7.127230,-45.413475,-33.148780,61.109590,-26.050491,13.879746,-2.042113,13.008902,19.269405,-6.724945,33.535355,-16.815798,-42.970654,2.168899,-3.525637,14.501220,25.895304,-63.041405,9.992255,-60.000134,9.320970,-19.901438,-8.646049
251.000000,12.612638,7.902141,72.618102,11.051012,7.766831,100.674130,-3.057741,21.331152,25.953104,23.592226,0.282948,-12.156667,-7.455977,-45.440872,-32.962227,61.032135,-25.855936,13.800313,-1.913024,13.086036,19.379606,-6.565948,33.458977,-16.600796,-43.318886,2.222952,-3.383522,13.949247,25.956282,-62.999170,9.770522,-60.000134,9.419532,-20.026950,-8.539559
252.000000,12.514647,7.761650,72.697970,10.911738,7.713733,100.843085,-3.409409,21.203884,25.211283,23.690327,0.098062,-12.295058,-7.394240,-45.416416,-33.158783,61.008846,-25.693335,13.705698,-1.917780,13.104284,19.584476,-6.674923,33.358310,-16.369698,-43.796455,2.312309,-3.171483,12.612742,26.612764,-63.000195,9.094955,-60.000134,9.628607,-20.381302,-7.995484
253.000000,12.422194,7.616604,72.778578,10.904005,7.507954,100.794172,-3.566744,21.006464,24.730433,24.049097,0.025509,-12.348329,-7.328094,-45.515926,-33.128750,60.883625,-25.538939,13.674978,-1.752142,13.229728,19.730804,-6.904284,33.277620,-16.393326,-43.607113,2.384957,-3.128818,12.848177,27.013927,-63.000090,8.834271,-60.000134,9.569553,-20.353880,-8.148002
254.000000,12.332757,7.474197,72.855746,10.932391,7.512499,100.700244,-3.722632,20.835360,24.622969,24.198658,0.106627,-12.408663,-7.387222,-45.608868,-33.138130,60.594257,-25.409163,13.696454,-1.611505,13.395871,19.736930,-7.130932,33.271385,-16.248161,-43.513668,2.565085,-3.254542,12.650040,26.937862,-62.980340,8.915230,-60.000134,9.383542,-20.540392,-8.234975
255.000000,12.245871,7.335581,72.870769,11.034550,7.601680,100.834057,-4.000208,20.610992,24.583190,24.208063,-0.026755,-12.479573,-7.589401,-45.722736,-33.023480,60.442020,-25.330230,13.603048,-1.613951,13.416244,19.721972,-7.347711,33.362990,-16.032507,-43.768074,3.036230,-3.151521,12.778191,26.935856,-62.934875,8.952175,-60.000134,9.294521,-20.602022,-8.150585
256.000000,12.158553,7.196746,72.952919,11.006848,7.397727,101.024280,-4.104652,20.413857,24.170269,24.189037,-0.026361,-12.563820,-7.445171,-45.535870,-32.868435,60.115437,-25.103203,13.714159,-1.480647,13.498144,19.814260,-7.987602,33.487976,-16.091906,-43.807400,3.330950,-2.893930,12.296897,27.570942,-62.973076,8.679572,-60.000134,8.967250,-20.977260,-8.164728
257.000000,12.068052,7.069755,73.021296,11.007309,7.364140,101.208533,-4.158305,20.222237,24.098064,23.886452,0.029348,-12.729949,-7.376335,-45.345585,-32.753246,59.656063,-24.942684,13.740118,-1.400601,13.632030,19.714863,-8.425246,33.693607,-16.014914,-43.865677,3.210599,-2.814376,12.622627,27.788391,-62.949287,8.559026,-60.000134,9.024419,-20.801254,-7.949225
258.000000,11.969607,6.954889,73.135693,10.872410,7.210720,101.345607,-4.125836,20.161919,23.918077,23.673780,0.172058,-12.882657,-7.102705,-44.927994,-32.673897,59.017586,-24.753637,13.799556,-1.342063,13.769090,19.665024,-8.829041,33.918130,-15.923352,-43.900300,3.209737,-2.701042,12.642759,28.027292,-62.909860,8.499604,-60.000134,9.082266,-20.818735,-7.709292
259.000000,11.859765,6.860517,73.262463,10.736142,7.043751,101.363544,-4.022059,19.994240,23.570230,23.408764,0.270381,-13.102220,-6.772818,-44.362766,-32.483997,58.050854,-24.544256,13.975443,-1.263925,13.889819,19.515196,-8.948143,34.295807,-15.896928,-43.840560,3.221207,-2.744566,12.574375,27.904670,-62.783825,8.781322,-60.000134,9.311635,-20.827920,-7.286336
260.000000,11.732875,6.793633,73.370284,10.692999,6.894319,101.445160,-3.844418,19.764954,23.479343,23.035930,0.366985,-13.206973,-6.372887,-44.114670,-32.553246,57.244263,-24.262682,13.737925,-1.235779,13.893253,19.262308,-8.785997,34.779358,-15.646729,-43.748974,3.488722,-2.694581,12.026770,27.572920,-62.586130,9.512533,-60.000134,8.889768,-20.452057,-6.917279
261.000000,11.578384,6.753472,73.571129,10.511987,6.701548,101.573097,-3.630162,19.539139,23.114870,22.487183,0.728423,-13.431598,-5.521673,-43.453340,-32.891903,55.685143,-23.774040,13.907134,-1.164492,13.892845,19.074722,-7.909162,35.320335,-15.406179,-43.940704,3.860015,-2.773592,11.110093,27.115290,-62.353676,9.928245,-60.000134,9.253525,-20.694391,-5.865250
262.000000,11.389655,6.737387,73.732233,10.338303,6.676625,101.209548,-3.273291,19.319649,23.051378,22.023518,0.780882,-13.488834,-4.987474,-43.014660,-33.174720,54.189537,-23.363070,13.986789,-1.046603,13.717891,18.646430,-6.430491,35.942660,-15.359798,-43.605434,4.450736,-2.564697,11.195616,25.727125,-61.999170,11.229484,-60.000134,8.648088,-19.544346,-5.023413
263.000000,11.157762,6.734094,73.930073,10.125209,6.771211,100.745592,-2.770551,19.074047,23.245098,21.193947,0.977947,-13.691783,-4.510489,-42.317184,-33.254970,52.198914,-22.760439,14.111063,-1.039067,13.405861,18.403880,-4.061657,36.520226,-15.449554,-43.216740,5.217809,-2.531607,10.898470,24.294191,-61.638348,12.110147,-60.000134,8.316548,-19.452442,-4.727332
264.000000,10.878805,6.722796,74.183235,9.721267,6.655897,100.051388,-2.032380,19.160048,23.876247,20.675455,1.172653,-13.503635,-3.622686,-41.428413,-33.636326,49.748360,-21.723402,14.189608,-0.883441,13.019579,18.070292,-0.949623,36.973583,-15.850254,-42.085970,5.773946,-2.133837,11.283290,22.831717,-61.296547,13.316307,-60.000134,7.984904,-19.068703,-4.076401
265.000000,10.549075,6.684206,74.599257,8.943178,6.248102,99.106965,-0.695558,19.174284,23.805698,19.347713,1.700347,-13.901202,-1.905368,-40.252200,-34.890377,46.675224,-20.590857,14.328856,-0.553534,12.454552,17.484360,3.071525,37.177162,-16.526375,-40.260450,7.086684,-1.132468,11.905887,21.182276,-60.895134,15.047041,-60.000134,7.018180,-17.969015,-4.065019
266.000000,10.187593,6.611745,75.087541,8.321110,5.635049,98.109647,0.729646,18.880516,23.537893,18.072954,2.573775,-14.172337,-0.025185,-38.858902,-35.663160,42.879623,-18.743202,14.654993,-0.172236,11.657020,16.900848,6.978569,37.052452,-17.385029,-36.155212,7.412062,-0.565329,12.360990,19.537622,-60.471035,16.480135,-60.000134,6.117967,-16.761806,-2.759971
267.000000,9.803440,6.510489,75.524952,7.780477,5.221685,97.134131,2.337494,18.686687,24.456760,16.266542,3.119635,-14.193116,1.770980,-37.433887,-36.544056,38.586582,-16.758797,14.747074,0.202322,10.850490,16.034240,10.537351,36.620686,-18.529163,-30.294030,7.428587,0.801456,12.273337,18.326290,-60.039600,17.349700,-60.000134,5.645739,-15.524517,-2.614575
268.000000,9.401909,6.377252,76.061881,6.654394,4.558871,96.116109,4.550663,19.071344,25.698298,13.782459,4.267243,-14.460408,4.142427,-35.269398,-37.878185,33.824017,-14.341788,14.899230,0.444061,9.885901,15.006498,12.960939,35.826540,-20.158140,-20.877684,7.131926,2.034327,13.596808,16.802141,-59.537870,16.883455,-60.000134,7.008388,-14.710227,-2.094374
269.000000,9.014015,6.228351,76.533677,6.026552,3.617557,95.484710,6.353910,19.274708,27.147610,12.523296,4.654021,-14.489750,6.529038,-33.392426,-38.289356,29.148603,-12.244690,14.766925,0.834336,8.829960,13.885430,13.477174,34.767418,-22.724680,-8.876143,6.718713,2.985101,13.688923,15.451989,-58.975636,16.531350,-60.000107,8.701554,-14.643676,-1.879269
270.000000,8.635110,6.075502,76.971219,5.285562,2.570096,95.043979,8.482489,19.500835,28.730520,10.629709,5.722548,-14.381388,8.955542,-31.234700,-38.282017,24.453241,-9.831579,14.549441,1.182297,7.612401,12.697976,12.946358,33.383774,-25.197124,4.637102,6.662336,4.284593,13.327972,13.571659,-58.255856,15.752836,-59.793278,10.545158,-15.562608,-2.241705
271.000000,8.268988,5.932053,77.341314,4.660928,2.397703,94.238800,10.601816,19.049511,30.415247,6.989240,7.277399,-14.658007,10.931682,-28.811235,-38.295230,18.126255,-7.115843,14.473776,1.452076,6.313740,11.289018,12.273387,31.786886,-26.814825,18.608850,3.993852,5.007732,13.493511,12.484399,-57.425156,15.456149,-60.000134,13.558441,-15.078105,-3.094768
272.000000,7.919900,5.779916,77.658850,4.453709,2.379046,93.385899,11.044106,18.763596,31.030983,6.615724,6.887042,-14.840537,13.404451,-26.508518,-38.674790,10.220014,-3.392841,14.703533,1.621838,4.815450,9.560742,11.493946,30.080254,-27.525692,32.005306,0.715136,5.876902,13.333792,10.857698,-56.356390,15.226578,-60.000134,15.890593,-14.191420,-2.631771
273.000000,7.575474,5.616530,77.669131,4.092513,1.885246,92.624478,11.905650,18.816920,31.708717,6.516046,5.993383,-14.722930,14.409836,-25.574242,-37.979244,7.413853,-1.850434,14.784368,1.868232,3.239199,8.112392,10.288074,28.623281,-27.090546,41.991780,-2.277314,6.276008,13.417447,9.489971,-55.624756,14.669995,-60.000134,17.628157,-13.461157,-1.633771
274.000000,7.227536,5.437850,77.591998,3.489223,1.508376,92.237991,12.568869,19.301699,32.657047,6.434948,4.741809,-14.493322,14.446655,-25.067617,-37.119724,7.125402,-1.448484,14.740661,1.821004,1.860445,6.664630,9.742978,27.606348,-26.201189,49.643990,-5.081665,6.240471,14.186131,8.973766,-55.264603,13.083287,-60.000134,21.277150,-12.945378,0.100471
275.000000,6.889542,5.237308,77.489917,3.036827,1.195601,91.820765,12.980873,19.475597,32.746925,6.411953,3.574815,-14.313828,14.396399,-24.800750,-36.470005,6.920611,-1.238782,14.771221,1.842330,0.565257,5.595737,9.500255,26.953835,-25.392967,54.659378,-7.554292,6.457549,14.414381,8.332247,-55.218445,11.214107,-60.000134,23.032510,-12.610371,1.094416
276.000000,6.562503,5.010961,77.390325,2.673956,0.562081,91.256524,13.748596,19.544333,32.986923,6.437338,2.851779,-14.157400,14.596899,-24.695400,-35.969383,6.838088,-1.120155,14.745896,1.870031,-0.557003,4.836855,9.645235,26.714373,-25.433674,57.837696,-9.138914,6.037606,14.535982,7.793741,-55.503540,9.717062,-59.638245,24.502825,-12.591224,1.408615
277.000000,6.251445,4.768116,77.351439,2.396153,0.500888,90.545321,13.978637,19.529716,33.450820,6.460259,2.488046,-14.083572,14.046218,-24.670067,-35.193020,6.745340,-0.777111,14.773596,1.731450,-1.547306,4.399921,10.053234,26.537422,-25.009382,60.408684,-11.489690,5.576576,15.327937,6.638449,-55.817920,8.266850,-58.990536,25.516710,-12.495334,1.171516
278.000000,5.953473,4.499048,77.358297,2.068611,0.051818,89.972402,14.491994,19.608543,33.841220,6.544855,1.872971,-13.778935,13.887378,-24.493105,-34.239050,6.680158,-0.298450,14.686304,1.577236,-2.193229,3.970006,10.902219,26.338675,-24.525043,61.819096,-12.818439,5.231040,15.093624,5.080295,-55.916996,6.661204,-57.929646,26.676610,-13.053966,1.653247
279.000000,5.679090,4.203939,77.320338,1.978913,0.244820,89.154417,14.301476,19.277690,33.721878,6.582740,1.439424,-13.705511,12.961178,-24.644049,-33.480328,6.540835,-0.036283,15.000033,1.520795,-2.956425,3.580667,11.632642,26.280378,-23.891500,62.990350,-14.618610,5.173401,14.596400,3.649833,-56.069363,5.478006,-57.205772,26.541988,-12.229264,1.361251
280.000000,5.418332,3.881954,77.375984,1.953202,0.044640,88.676045,14.420397,19.089697,34.169075,6.737599,1.235837,-13.256025,12.446215,-24.707605,-32.193947,6.507850,0.362171,15.000033,1.485175,-3.640631,3.700198,12.122893,26.228638,-23.632576,63.850300,-15.927571,5.326314,14.200585,2.641362,-56.113445,4.431430,-56.560310,26.812737,-12.778835,1.901376
281.000000,5.163977,3.517259,77.398590,1.785552,0.196134,88.334730,13.992693,19.026176,34.093212,6.895008,0.994783,-13.175118,11.652896,-24.718264,-31.615604,6.573010,0.505290,15.000033,1.360883,-4.080996,4.228299,12.301525,26.147833,-23.239970,63.901400,-16.213713,5.557067,14.106284,1.821216,-55.928430,3.313277,-56.128610,26.576275,-12.074087,2.085975
282.000000,4.929844,3.080564,77.542365,1.725051,0.248904,87.718645,13.745426,18.892174,34.434260,7.112052,0.988408,-12.781149,10.740569,-24.770390,-30.643202,6.555503,1.133274,15.000033,1.436168,-4.701795,4.973716,12.159479,26.088804,-22.996923,64.322440,-17.227346,5.788736,14.047982,2.064847,-55.620570,2.653124,-55.830673,26.714039,-12.135190,1.005601
283.000000,4.696036,2.575553,77.655733,1.690716,0.236022,87.294135,12.169170,19.568872,34.125500,10.330984,-0.123268,-12.547141,10.007061,-25.044712,-30.416286,6.771046,1.435531,15.000033,1.518635,-4.996075,6.431776,11.749749,25.981796,-23.165390,64.148605,-16.554495,5.835068,14.007618,2.258953,-54.906980,2.253081,-55.949863,26.251112,-11.842349,0.287679
284.000000,4.480120,1.972758,77.584750,1.553842,0.357639,86.737107,9.484720,21.135077,33.828760,15.975043,-2.415342,-12.180366,8.885362,-25.108095,-29.675330,7.030000,1.652277,15.000033,1.535498,-5.295960,8.118367,10.867017,25.915580,-23.127150,64.366760,-17.463243,5.878366,14.304556,3.033415,-54.164070,2.282935,-56.365253,26.252914,-11.525952,-0.771823
285.000000,4.278760,1.266753,77.297626,1.216400,0.139545,86.313807,6.368568,23.373630,32.988277,23.030582,-5.175071,-11.701381,6.260974,-25.927256,-28.417406,11.546889,-0.268278,14.526883,1.486770,-5.256295,10.121628,9.671413,25.881030,-23.215313,64.215470,-17.750763,5.774670,14.593624,4.056229,-53.237198,2.341273,-56.879253,25.613780,-11.533825,-1.349503
286.000000,4.106740,0.473790,76.911831,0.873943,0.198377,85.912521,3.422223,25.575668,32.745808,29.058529,-7.934998,-11.101461,2.736868,-26.657670,-26.302807,16.821207,-2.579665,14.480673,1.462227,-5.323589,11.942891,8.200310,25.956968,-22.899240,64.599205,-18.716965,5.504283,15.321528,5.617846,-52.552510,2.542769,-57.629314,24.677986,-11.529140,-1.445024
287.000000,3.965985,-0.380159,76.372403,0.620881,0.324758,85.591779,-0.226057,27.762617,31.608837,35.789566,-10.486821,-10.535293,-0.928361,-27.583042,-24.624712,22.375270,-5.272561,14.195915,1.410918,-5.235100,14.131336,6.318932,26.101862,-23.212812,64.384620,-18.300165,5.206243,15.623719,6.312261,-51.799213,2.989355,-58.097040,22.712032,-11.932669,-3.060382
288.000000,3.864430,-1.270404,75.738554,0.484220,0.357020,85.337098,-4.001157,29.912077,30.288603,42.654797,-12.814346,-9.649674,-4.879936,-28.471806,-22.270508,28.407393,-7.773590,13.785292,1.425859,-5.226646,16.497292,4.060617,26.343073,-23.146187,64.742110,-19.878124,4.753331,16.608831,7.887617,-51.082450,3.699238,-58.912440,21.024233,-13.014691,-5.006849
289.000000,3.807874,-2.163824,74.949807,0.359746,0.805552,85.045563,-8.251877,31.934214,28.679560,49.230515,-15.359068,-8.628812,-9.191388,-29.060295,-19.814915,33.994736,-10.188485,13.861760,1.543944,-5.221464,19.042643,1.656281,26.675700,-23.477460,64.620070,-19.756657,4.314557,17.104086,8.498788,-50.550580,4.802136,-59.282383,17.761705,-13.526815,-5.986402
290.000000,3.800211,-3.049677,74.163687,0.471644,1.376564,85.021910,-12.274137,33.476456,27.315460,54.705807,-17.267948,-7.663625,-13.267475,-29.694840,-17.533165,38.967750,-12.313911,13.682481,1.528029,-5.330354,21.529340,-1.007589,27.072820,-23.688370,64.886290,-20.209103,3.977495,17.488570,8.621078,-50.126286,5.390804,-59.284350,16.442896,-14.110508,-5.837885
291.000000,3.835903,-3.919952,73.206754,0.464836,2.110947,85.027963,-16.702380,35.334790,25.840307,60.394108,-19.166948,-6.373649,-17.681790,-30.213528,-15.366523,44.332610,-14.436178,13.230451,1.575462,-5.350791,24.324791,-4.174826,27.603813,-23.896425,64.895250,-21.145906,3.840842,18.194080,8.665355,-49.856483,6.449840,-59.480064,14.196440,-15.309213,-7.190145
292.000000,3.911449,-4.775205,72.071344,0.496929,3.060976,84.961639,-21.701225,36.546030,23.361242,65.785440,-20.890522,-5.368888,-22.644215,-30.603352,-12.925926,50.051155,-16.531120,12.812879,1.506801,-5.290416,27.266070,-7.547778,28.206362,-23.884525,65.046600,-22.008670,3.500482,18.648941,7.852260,-49.583650,7.207421,-58.867210,12.073918,-16.641266,-7.916308
293.000000,4.020166,-5.619295,70.801882,0.782384,4.207752,85.174901,-26.919441,37.375683,20.981571,70.862526,-22.445820,-4.468300,-27.929060,-31.063162,-10.163484,55.895718,-18.586290,12.428576,1.509275,-5.323008,29.793802,-10.989126,28.875347,-23.862381,65.062150,-23.291391,3.297949,19.458020,6.754537,-49.326190,7.926049,-58.052876,9.953236,-18.330835,-8.783309
294.000000,4.142018,-6.451725,69.437749,1.063986,5.775938,85.297215,-32.610455,37.846070,18.405931,75.516760,-23.758778,-3.759990,-33.629370,-31.457241,-7.645910,61.389140,-20.452010,11.753324,1.381463,-5.583972,29.793802,-14.181385,29.334106,-24.739717,66.724650,-25.028273,2.882923,19.938261,4.504329,-49.167618,10.894394,-54.844160,8.519673,-19.899343,-9.914168
295.000000,4.257229,-7.269134,67.804833,1.396884,7.467441,85.379019,-38.681100,38.083730,15.564049,80.353130,-24.934406,-3.190218,-39.851177,-31.844212,-4.903861,67.296880,-22.296260,11.139048,1.062836,-5.666844,29.793802,-17.238878,29.633726,-25.576323,68.124080,-25.725607,2.636290,20.424845,1.080066,-48.820045,13.841091,-51.226050,6.507260,-21.220175,-10.628540
296.000000,4.341801,-8.058658,66.306225,1.477895,9.253002,85.452955,-44.469080,38.513107,13.092982,84.388985,-25.845670,-2.496968,-45.494858,-32.176315,-3.194091,72.075645,-23.530989,10.779681,0.737236,-5.894267,29.793802,-20.315472,29.946758,-26.192854,70.047720,-27.049162,1.895865,20.480366,-2.267172,-48.282436,16.742573,-47.894650,5.371368,-22.113821,-11.628046
297.000000,4.387442,-8.810270,64.772095,1.627676,10.954824,85.235392,-49.898224,38.632545,10.715880,88.170650,-26.902632,-2.043359,-51.210580,-31.969238,-0.927775,76.538830,-24.531055,10.876065,0.557897,-6.018569,29.793802,-23.200129,30.278880,-26.849480,71.599710,-28.768244,1.388674,20.657570,-5.445997,-47.673790,19.677551,-44.865856,4.088191,-22.229729,-12.556632
298.000000,4.378869,-9.505629,63.200712,1.884375,12.732630,85.193406,-55.358315,38.280390,8.350535,91.742790,-27.439123,-1.645307,-56.917786,-31.829725,1.382395,80.727530,-25.436163,10.804368,0.219691,-6.220535,29.793802,-25.872960,30.678022,-27.660656,73.176200,-29.479078,0.877386,20.280722,-9.021769,-47.056915,22.240877,-41.410007,2.782022,-22.263597,-13.099757
299.000000,4.304267,-10.134577,61.675840,2.116752,14.475016,85.277093,-60.585650,37.529366,6.064153,94.923110,-27.851263,-1.502520,-62.261460,-31.973114,3.318606,84.425125,-26.207855,10.217533,-0.089848,-6.371395,29.793802,-27.938599,31.007715,-28.016876,74.009026,-30.423195,0.330159,20.425013,-12.243973,-46.342197,24.214241,-38.150517,2.590396,-22.897617,-12.638782
300.000000,4.164860,-10.687888,60.260002,2.360942,16.304722,85.288352,-65.391350,36.967587,4.375764,97.764700,-28.203690,-0.937019,-67.333760,-31.999160,5.121244,87.423485,-26.949612,9.753056,-0.238213,-6.494732,29.793802,-29.734854,31.442050,-28.549238,75.161280,-31.507204,-0.439468,20.471520,-14.832769,-45.703342,26.112314,-35.079210,2.245003,-23.575151,-13.494786
301.000000,3.958112,-11.175409,58.739826,2.640890,17.821762,85.466144,-69.896286,35.861100,2.525330,100.645170,-28.611860,-0.854361,-72.206760,-31.844055,7.357695,90.620780,-27.577026,9.421108,-0.585316,-6.729831,29.793802,-31.011898,31.844920,-28.529964,75.696700,-32.884018,-0.740485,21.189339,-17.218225,-45.138462,27.868368,-32.237213,1.610887,-23.890945,-13.953995
302.000000,3.691055,-11.599753,57.027876,2.749894,18.929003,85.521521,-73.901890,35.159058,0.790540,103.712845,-29.429941,-0.556059,-76.759670,-31.820951,9.451166,93.999830,-28.372204,8.950107,-0.948588,-6.877530,29.793802,-31.622255,32.168660,-28.361467,76.042500,-34.426567,-1.211535,21.523450,-19.470627,-44.657635,29.260330,-29.598879,1.672041,-24.314957,-14.680620
303.000000,3.370398,-11.955633,55.477390,2.183572,20.128938,85.230712,-78.145096,34.463467,-1.598718,106.479546,-29.818008,-0.118689,-80.553360,-31.078905,10.683061,96.543400,-28.905334,8.871347,-1.105965,-6.836637,29.793802,-31.966007,32.420730,-28.067293,76.332320,-35.289210,-1.630417,21.993221,-21.568226,-43.999073,29.724302,-27.212510,0.831445,-24.792439,-14.781987
304.000000,3.030416,-12.258888,53.853063,2.082874,20.936383,85.136678,-81.482864,33.268795,-3.377492,109.192314,-30.439508,-0.308853,-84.199920,-30.715605,12.534966,99.193510,-29.817385,8.703793,-1.549526,-7.255941,29.793802,-32.013836,32.609932,-27.655397,76.859750,-37.169235,-2.369966,22.066553,-23.764948,-43.536114,30.811993,-24.801674,2.190211,-24.873283,-12.361797
305.000000,2.689799,-12.504130,52.327169,2.006117,21.781613,85.184715,-84.528540,33.203484,-4.347815,111.699550,-31.285923,-0.051636,-87.690230,-30.458374,14.298383,101.674320,-30.443949,8.612360,-1.784276,-7.308091,29.793802,-31.623549,32.724830,-27.414520,77.225010,-38.398290,-3.027119,23.147220,-24.834246,-43.066055,31.468374,-23.360342,1.158976,-25.449238,-13.405805
306.000000,2.353703,-12.703362,50.901578,1.377866,22.478370,85.248436,-87.529720,32.672160,-5.995182,113.777340,-31.762724,-0.146774,-90.286310,-30.221909,15.156010,103.711845,-31.211596,8.454493,-1.909497,-7.479080,29.793802,-31.163939,32.829876,-27.078665,77.590610,-38.880840,-3.653042,23.660994,-25.920380,-42.746933,32.033524,-21.562496,0.407067,-25.428173,-13.280382
307.000000,2.058660,-12.877272,49.474759,1.262307,22.543154,85.418125,-89.586850,32.063550,-7.139268,116.090060,-32.363117,-0.419529,-92.608170,-29.967268,16.854430,106.035060,-31.946856,8.634513,-2.249116,-7.743412,29.793802,-30.626207,32.947937,-26.573820,77.914670,-40.029900,-4.317791,24.005300,-27.047535,-42.675266,32.593014,-20.008646,0.926778,-24.902360,-11.777803
308.000000,1.808505,-13.019191,48.307787,1.166948,22.647990,85.799047,-91.412480,31.501333,-8.014182,117.959220,-32.880520,-0.603447,-94.621826,-29.865246,18.381400,108.044080,-32.453506,8.373882,-2.475913,-7.916665,29.793802,-29.723438,32.971620,-25.802534,78.301414,-41.119600,-4.645627,23.967041,-27.360403,-42.682760,32.846302,-19.136223,0.690747,-24.527493,-11.054964
309.000000,1.609296,-13.142239,47.483910,0.949883,22.674333,85.931567,-93.053110,31.017738,-9.044551,119.714330,-33.218555,-0.824538,-96.265240,-29.594505,19.536943,109.813680,-33.101387,8.692776,-2.620758,-7.989893,29.793802,-28.893320,33.036476,-25.353148,78.145460,-41.114555,-5.074469,24.707014,-28.047764,-42.831818,32.811260,-18.234290,0.330655,-23.866852,-10.235169
310.000000,1.462917,-13.251093,46.785570,0.733541,22.767719,86.167221,-94.512100,30.484194,-9.929357,121.084440,-33.607680,-1.202906,-97.770130,-29.757603,20.364374,111.312490,-33.703950,8.510810,-2.767902,-8.087624,29.793802,-28.014389,32.982380,-24.930157,78.049680,-40.395060,-4.891092,24.827206,-28.259226,-43.108326,33.165180,-17.583677,-0.429305,-24.177984,-10.134583
311.000000,1.381447,-13.356632,46.180351,0.957958,22.827783,86.413164,-95.436010,30.314339,-10.100523,122.125670,-33.980750,-1.064697,-98.860890,-29.194672,21.652061,112.365540,-33.943040,8.860402,-2.828497,-8.042715,29.793802,-27.301016,32.841038,-24.672955,78.050690,-42.013800,-5.128108,25.665860,-28.399040,-43.379210,33.253240,-17.598024,-0.503424,-23.614231,-9.851465
312.000000,1.337958,-13.471995,45.614360,0.856372,22.500010,86.555697,-96.157700,29.726803,-10.902779,123.211350,-34.258835,-1.503123,-99.621900,-29.083334,22.405313,113.590600,-34.391777,8.775615,-2.808199,-7.862945,29.793802,-26.683899,32.600230,-24.482641,77.965004,-42.419006,-5.470560,25.880627,-28.428228,-43.612700,33.196365,-17.487728,-0.361701,-23.690193,-9.489535
313.000000,1.344334,-13.589807,45.121758,1.186042,22.278734,86.849703,-96.585960,29.439100,-10.989833,123.969894,-34.476162,-1.589344,-100.444885,-29.031100,23.444008,114.531830,-34.680264,8.826466,-2.801376,-7.769062,29.793802,-26.358358,32.286890,-24.254820,78.128290,-43.203228,-5.567124,25.642406,-28.737896,-43.880955,32.988060,-17.315575,-0.114604,-23.646800,-8.520180
314.000000,1.378187,-13.709502,44.724397,1.203913,22.094662,87.157048,-97.201460,29.192158,-11.404315,124.579300,-34.578953,-1.753569,-100.837540,-28.672695,24.086859,115.376015,-35.075687,8.945446,-2.748557,-7.480640,29.793802,-26.137163,31.985453,-24.202103,78.089430,-43.450460,-5.610086,26.306822,-28.859098,-44.187140,32.964010,-17.079268,0.087294,-23.997637,-8.219830
315.000000,1.434575,-13.834447,44.427381,1.422468,21.639293,87.591261,-97.194435,28.539833,-11.565106,124.908380,-34.711662,-2.284779,-100.949280,-28.700155,24.754921,116.055210,-35.366650,9.058860,-2.602690,-7.284738,29.793802,-26.031336,31.664408,-24.157707,77.815510,-43.562588,-5.881690,26.363693,-28.373638,-44.434868,32.719654,-17.021563,0.405807,-23.755490,-7.821658
316.000000,1.507665,-13.946926,44.221333,1.598676,21.552492,88.145417,-97.619350,28.346260,-11.568780,125.090950,-34.515778,-2.233757,-101.234260,-28.605394,25.356821,116.651855,-35.462765,8.946520,-2.508367,-7.043053,29.793802,-26.119900,31.349392,-24.263420,77.925450,-43.923230,-5.634167,26.174263,-27.908043,-44.682106,32.572060,-17.017359,0.312959,-23.919022,-8.684237
317.000000,1.582957,-14.055379,44.111865,1.526847,21.343821,88.289215,-97.779620,27.938759,-11.942812,125.166920,-34.477047,-2.446199,-101.151400,-28.564260,25.333694,116.927284,-35.459198,8.985032,-2.228963,-6.691438,29.793802,-26.138966,31.018456,-24.365168,78.006890,-44.187912,-5.818060,26.207766,-27.567024,-44.904125,32.574238,-17.007603,0.411017,-24.128170,-8.508077
318.000000,1.662001,-14.156363,43.967250,1.603623,21.039663,88.528107,-97.838740,27.412218,-12.225507,125.351950,-34.246662,-2.745051,-101.143640,-28.477108,25.619274,117.373215,-35.620815,9.147881,-2.115409,-6.435349,29.793802,-26.069082,30.662500,-24.509615,78.149220,-44.239960,-5.866287,25.871328,-27.220758,-45.072178,32.382930,-17.137714,1.156331,-24.292326,-8.265102
319.000000,1.745781,-14.239955,43.846475,1.959162,20.906489,89.002288,-97.887380,27.024890,-11.994047,125.335560,-34.053036,-2.687685,-101.160750,-28.350803,26.206503,117.656876,-35.633904,9.293551,-2.008553,-6.281733,29.793802,-26.183430,30.316957,-24.642237,78.122540,-44.434437,-6.135429,26.218124,-26.680433,-45.204746,31.920624,-17.260534,1.392070,-23.940676,-7.937016
320.000000,1.813149,-14.313801,43.843623,1.650086,20.668728,89.178156,-97.999720,26.677513,-12.543942,125.310810,-33.942223,-3.062353,-100.679790,-28.288977,25.858740,117.847800,-35.718010,9.612637,-1.715627,-5.931485,29.793802,-26.422865,30.054920,-24.828398,78.477040,-44.493984,-6.174520,25.962036,-26.258808,-45.393383,31.931911,-17.112768,1.095609,-24.160889,-7.673161
321.000000,1.883399,-14.371612,43.784654,1.708125,20.552069,89.281121,-98.020180,26.561779,-12.619824,125.288120,-33.951530,-2.984657,-100.569230,-28.151085,25.917871,117.964490,-35.769450,9.741961,-1.543379,-5.656073,29.793802,-26.386951,29.781368,-24.737371,78.443630,-44.697834,-6.372152,26.277847,-25.970695,-45.528503,31.660772,-17.481464,1.114078,-23.871817,-7.527577
322.000000,1.947556,-14.418830,43.773168,1.919312,20.424783,89.489992,-97.858430,26.296541,-12.469504,125.171980,-33.806335,-3.226873,-100.455444,-27.996424,26.206290,118.067870,-35.705326,9.874928,-1.471203,-5.535878,29.793802,-26.502224,29.499636,-24.758858,78.702194,-45.230590,-6.228767,26.262318,-25.779089,-45.702675,31.852468,-17.648468,1.588201,-23.984802,-7.520282
323.000000,2.004909,-14.459196,43.616626,2.200919,20.333238,89.598424,-97.917060,26.070885,-12.415251,125.387500,-33.611870,-3.287609,-100.786255,-27.879892,26.708578,118.436400,-35.772420,9.927571,-1.484570,-5.379219,29.793802,-26.338318,29.229458,-24.797410,78.642075,-45.224342,-6.187253,26.597017,-25.931460,-45.896374,31.835920,-18.123335,2.006474,-23.943410,-7.520588
324.000000,2.049077,-14.493381,43.560244,2.266067,20.265867,89.768404,-97.924820,25.914682,-12.428973,125.382580,-33.687920,-3.255305,-100.793680,-27.952398,26.822840,118.587090,-35.796840,9.832875,-1.364813,-5.141618,29.793802,-26.438253,28.954247,-24.624256,78.795680,-45.321194,-5.895987,26.620870,-25.672060,-46.092365,31.795721,-18.238167,1.479492,-23.765615,-7.858828
325.000000,2.082990,-14.531170,43.485456,2.204727,20.080036,89.668446,-97.936830,25.752398,-12.734360,125.576340,-33.585890,-3.293896,-100.794800,-27.820053,26.836346,118.822970,-35.806248,9.852356,-1.278338,-4.894211,29.793802,-26.286303,28.670216,-24.829060,78.986670,-45.368694,-5.930099,26.774458,-25.756947,-46.246704,31.843979,-18.563000,1.296293,-23.644009,-7.947548
326.000000,2.110246,-14.566553,43.476452,2.250163,20.034489,89.754623,-97.855484,25.468649,-12.747516,125.500180,-33.631870,-3.617395,-100.851230,-27.862990,26.924828,118.911060,-35.916520,9.739732,-1.250117,-4.737168,29.793802,-26.316227,28.400500,-24.657562,79.040410,-45.380000,-5.995077,26.879400,-25.795233,-46.433323,31.930970,-18.674177,0.733799,-23.657207,-8.310329
327.000000,2.142240,-14.604494,43.371076,2.549156,19.862242,89.788631,-97.701280,25.449894,-12.518399,125.600310,-33.612930,-3.460351,-100.980540,-27.765938,27.347492,119.031480,-35.840267,9.746437,-1.226927,-4.624811,29.793802,-26.200466,28.046375,-24.618560,79.115200,-45.631634,-6.014835,27.004793,-25.944572,-46.601574,32.143406,-18.998274,0.637848,-23.854273,-8.299475
328.000000,2.174911,-14.635680,43.285355,2.803980,19.863464,89.780244,-97.745285,25.627274,-12.283842,125.681230,-33.526283,-3.160625,-101.205740,-27.662882,27.656263,119.078300,-35.866272,9.728420,-1.338839,-4.619675,29.793802,-26.187714,27.666054,-24.889166,79.580000,-45.927723,-5.795253,27.116556,-26.262510,-46.724210,32.408653,-19.363733,0.253355,-23.735094,-8.415094
329.000000,2.208207,-14.662713,43.177142,2.860868,19.751130,89.667690,-97.695080,25.573132,-12.386189,125.807350,-33.702534,-3.289164,-101.287575,-27.488703,27.764046,119.225810,-35.855430,9.862927,-1.282104,-4.447623,29.793802,-26.149914,27.273727,-24.813622,79.839400,-46.836857,-6.149533,27.875834,-26.488400,-46.884350,32.824467,-19.629543,0.047909,-23.908495,-8.172856
330.000000,2.253427,-14.672897,43.049750,3.088208,19.726816,89.622361,-97.700620,25.470081,-12.326543,125.952940,-33.719177,-3.321093,-101.505250,-27.263237,28.101585,119.386510,-35.791730,10.009726,-1.381748,-4.385326,29.793802,-25.994555,26.828710,-25.067444,79.999670,-47.385372,-6.458930,27.974583,-26.742744,-46.935490,32.841570,-20.041504,-0.292056,-23.823515,-8.108933
331.000000,2.309677,-14.661559,42.970782,3.161781,19.672457,89.531880,-97.664630,25.412169,-12.442325,126.055695,-33.764828,-3.437873,-101.514200,-26.971111,28.228827,119.541490,-35.812008,10.212453,-1.434287,-4.278277,29.793802,-25.952213,26.340912,-25.429052,80.364290,-47.778200,-6.646812,28.582237,-27.170975,-46.942300,33.076160,-20.261847,-1.204039,-24.061947,-8.194787
332.000000,2.385263,-14.615351,42.926456,3.443565,19.847478,89.613022,-97.677260,25.520807,-12.180041,125.972160,-33.853256,-3.219558,-101.714195,-26.948128,28.466259,119.533806,-35.757042,10.160355,-1.569397,-4.241254,29.793802,-26.133663,25.776989,-25.369389,81.051880,-48.459800,-6.344444,27.755928,-27.409487,-46.922134,33.254494,-20.518944,-2.158288,-23.908240,-8.240557
333.000000,2.476440,-14.536199,42.928323,3.907141,19.928560,89.882564,-97.380790,25.359848,-11.697200,125.768540,-33.875393,-3.324636,-101.819590,-26.832228,29.001830,119.647575,-35.677795,10.338706,-1.774391,-4.404479,29.793802,-26.039162,25.197716,-25.842804,81.233560,-48.715515,-6.662108,28.261585,-27.634440,-46.842777,33.470740,-20.570415,-2.897416,-23.983278,-8.600319
334.000000,2.578586,-14.420330,42.910884,4.137461,19.966222,89.976093,-97.189130,25.396520,-11.576156,125.724800,-33.929590,-3.238429,-101.648190,-26.589605,29.233757,119.752630,-35.783375,10.596971,-1.792328,-4.312555,29.793802,-25.924816,24.543020,-25.976841,81.587030,-48.813015,-6.505084,28.102430,-28.029427,-46.791035,33.873154,-20.468520,-3.244718,-24.484810,-8.607672
335.000000,2.686877,-14.260444,43.094936,4.323351,20.215811,90.022025,-96.969215,25.384500,-11.415903,125.445470,-33.960014,-3.298471,-101.512750,-26.548475,29.198692,119.635635,-35.689980,10.648956,-1.871277,-4.173599,29.793802,-25.870739,23.878841,-25.784647,82.053375,-49.681953,-6.250143,27.775646,-28.509247,-46.770473,33.952030,-20.186209,-3.726852,-24.577965,-8.723767
336.000000,2.811243,-14.058966,43.395911,4.957148,20.495442,90.354983,-96.433640,25.428505,-10.599496,124.983370,-34.097470,-3.130936,-101.410700,-26.550040,29.719680,119.505700,-35.834126,10.792823,-1.912591,-4.144390,29.793802,-25.719980,23.238943,-25.076838,82.301094,-50.377956,-6.014473,27.593483,-28.660688,-46.891464,33.718914,-19.596348,-3.514455,-24.430746,-8.845273
337.000000,2.930255,-13.822916,43.612825,4.837962,20.609581,90.005986,-95.990520,25.567045,-10.875335,124.794730,-34.136420,-3.222991,-100.950200,-26.539186,29.164442,119.348480,-35.957096,10.754746,-1.914733,-4.081238,29.793802,-25.132778,22.790325,-24.827862,82.664100,-49.687180,-6.066853,27.888632,-29.359150,-47.207397,33.715317,-18.630909,-3.991451,-24.726520,-8.857541
338.000000,3.062494,-13.546841,43.988285,4.738675,20.707157,89.800437,-95.316050,25.908821,-10.932049,124.365420,-34.234120,-3.190536,-99.968170,-26.227324,28.615126,119.029910,-36.062424,11.242827,-2.106698,-4.206463,29.793802,-24.489510,22.546068,-24.450129,83.347120,-49.490240,-5.770494,27.878310,-30.204000,-47.829807,33.722584,-17.217785,-3.525069,-24.767044,-8.711686
339.000000,3.210249,-13.236542,44.186439,4.846679,20.524616,89.577284,-94.448030,25.988556,-11.030318,124.300830,-34.488583,-3.445772,-99.323840,-26.402042,28.413832,119.093765,-36.285080,11.299199,-2.279851,-4.368148,29.793802,-23.508049,22.608566,-23.501188,83.872960,-47.726875,-5.304512,27.536232,-30.765865,-48.819950,33.322456,-15.303286,-3.841594,-24.647556,-8.867944
340.000000,3.382762,-12.865548,44.727541,5.300298,20.881174,89.652866,-93.518394,26.208515,-10.318385,123.576410,-34.687935,-3.484847,-98.699320,-26.385777,28.403818,118.667400,-36.296680,11.423132,-2.599630,-4.717353,29.793802,-22.354940,23.065708,-22.696268,84.707220,-46.025024,-5.052985,27.674017,-30.581562,-50.235195,32.884895,-13.443847,-4.496252,-24.099104,-10.260635
341.000000,3.564876,-12.455915,45.113628,5.190802,20.583713,89.513067,-92.269850,26.877447,-10.299049,123.141594,-34.750206,-3.427256,-97.300700,-26.537146,27.773130,118.540880,-36.495285,11.569865,-2.987829,-5.187343,29.793802,-20.418583,23.928997,-22.167680,85.688200,-43.614143,-4.615314,27.634943,-30.768730,-52.155766,32.574448,-10.854549,-3.625489,-23.155426,-10.378163
342.000000,3.765775,-11.985412,45.606084,5.412036,20.407396,89.903110,-90.732630,27.193075,-9.721499,122.223600,-35.058420,-3.560142,-95.698784,-26.692453,27.553362,118.314520,-37.015950,11.715832,-3.218437,-5.487975,29.793802,-18.551544,25.513630,-20.666769,86.776306,-41.244926,-3.942006,27.288471,-29.702192,-54.598830,30.673216,-7.673776,-3.177838,-21.906942,-13.487460
343.000000,3.972108,-11.446126,46.104160,4.887927,20.510316,89.850741,-89.698670,27.956816,-10.039351,121.388084,-35.488900,-3.506708,-94.009964,-26.715382,26.248953,118.004200,-37.121640,11.763799,-3.750467,-6.108295,29.793802,-15.252763,27.784561,-18.110909,87.291230,-39.537680,-2.963406,27.727535,-30.121489,-57.940506,29.298340,-3.092063,-2.773771,-20.049807,-16.329615
344.000000,4.198166,-10.834375,46.765652,4.814571,20.885185,90.110012,-88.522710,28.660114,-9.576534,120.109730,-35.666634,-3.498725,-92.565100,-26.837767,25.382225,117.427120,-37.233980,11.320997,-4.563987,-6.910885,29.793802,-10.888639,30.351446,-15.657446,87.011314,-36.886723,-2.109902,27.434113,-29.522278,-61.600033,27.149303,1.960749,-2.763086,-17.071724,-20.344992
345.000000,4.443551,-10.143918,47.773405,4.504867,21.576450,90.575814,-87.304665,29.578154,-8.954537,118.085594,-35.913050,-3.479115,-90.346690,-26.437393,23.974190,116.191980,-37.260180,11.461403,-5.251757,-7.487167,29.793802,-4.485106,32.972965,-12.573584,85.836030,-37.291504,-2.257108,29.129873,-29.680466,-65.822890,25.580797,8.092787,-1.723699,-13.089209,-21.961313
346.000000,4.715259,-9.386802,48.530072,4.204885,22.198491,91.324549,-86.822320,30.803154,-8.624066,116.794846,-36.473620,-3.150291,-88.206870,-25.509394,23.077513,115.591750,-37.354588,11.530431,-5.824842,-7.845954,29.793802,1.303156,35.703564,-9.385984,84.437060,-38.382930,-1.786876,29.892277,-30.423447,-70.382570,25.108952,16.421890,2.882680,-9.247217,-20.799934
347.000000,5.014105,-8.561705,48.699028,3.861948,23.136217,92.144245,-86.901050,31.820333,-8.809919,115.928690,-36.759872,-2.296762,-87.511340,-25.872606,22.024220,115.950270,-37.786716,10.812458,-6.508991,-8.790449,29.793802,9.207708,36.993446,-6.177314,83.010956,-39.104507,0.905257,28.398973,-31.498058,-74.965645,24.269444,26.115067,5.090637,-3.122577,-21.094595
348.000000,5.355198,-7.657958,49.907313,4.684787,24.162906,93.443817,-86.086410,32.660686,-6.943389,114.024560,-35.945810,-1.973716,-85.658830,-25.764889,21.664557,114.431770,-37.854040,11.291553,-6.841299,-8.748703,29.793802,15.443066,38.420372,-4.282671,81.957170,-38.453087,1.923169,23.958020,-31.652610,-79.884100,25.435434,39.227220,12.662168,-2.048598,-18.929869
349.000000,5.704814,-6.697192,50.809377,4.773844,25.431966,94.850424,-85.784620,33.670338,-5.935568,112.001810,-35.621437,-1.492195,-83.972640,-25.581240,20.451014,113.347990,-38.027620,11.191068,-6.465917,-7.910438,29.793802,21.040363,38.940575,-3.757844,80.506920,-37.927326,2.821216,22.447842,-29.456528,-84.405870,25.957436,54.372200,20.726501,0.055816,-16.732940
350.000000,6.068857,-5.690444,51.904983,5.585281,27.247412,96.533919,-85.291410,34.402540,-3.836432,109.473780,-35.815140,-0.988431,-83.003914,-25.521795,19.747566,111.830190,-37.931213,11.294483,-6.115225,-7.251949,29.793802,26.819323,39.351433,-2.430672,78.543930,-35.849876,3.560792,22.153418,-25.592003,-88.532560,26.475580,70.825920,30.791178,2.779950,-15.266136
351.000000,6.409381,-4.693649,52.316107,5.804834,28.946421,98.280517,-85.661840,34.231953,-3.555055,107.784320,-35.988620,-0.647424,-82.630950,-25.829820,18.727858,111.785866,-37.783030,9.844415,-5.778366,-6.344346,29.793802,32.135760,38.580585,-2.484885,77.120170,-34.255844,5.481865,19.871970,-16.429499,-90.690090,25.433525,88.249420,40.376060,5.196426,-12.321766
352.000000,6.748679,-3.743848,53.205674,6.897258,29.708118,99.456443,-84.452675,35.102722,-1.595660,106.296196,-35.459904,-0.000071,-81.031470,-25.345518,18.827091,110.662330,-37.790413,10.538655,-5.914813,-6.186585,29.793802,39.456920,38.371727,-0.157584,75.390884,-36.868480,5.816882,20.164700,-9.613227,-92.203580,24.918688,100.823020,51.355957,5.528261,-9.742536
353.000000,7.027107,-2.865644,53.662645,7.787980,30.902131,101.315206,-84.217804,34.396330,-0.743625,104.645560,-35.359493,0.101185,-80.228090,-25.179120,18.666760,110.180540,-38.319344,10.520982,-5.899315,-6.332672,29.793802,45.901463,38.236750,1.863370,73.484566,-39.051186,6.836954,19.315403,-2.867858,-92.745720,24.338713,109.000230,58.329250,8.861253,-7.915880
354.000000,7.267352,-2.036341,54.505127,8.573515,31.763544,103.228345,-83.461660,34.710526,0.973037,102.442994,-33.059922,0.450968,-78.578532,-25.317899,17.854325,108.770075,-38.181071,11.621344,-6.387166,-6.753982,29.793802,57.723880,38.763880,6.669313,72.881508,-42.074791,8.393275,16.729289,2.388753,-93.208184,23.872539,114.979553,65.468308,10.376443,-8.092929
355.000000,7.467880,-1.322635,54.786717,8.991158,32.286885,104.550314,-82.954536,34.758354,1.707588,101.077229,-31.412988,0.353500,-77.915506,-26.744516,16.677765,108.430617,-38.101534,10.947868,-6.921263,-7.409399,29.793802,68.575749,38.729158,9.719152,71.723568,-42.976148,11.330242,14.998759,12.767892,-93.030507,22.394699,119.449329,70.355319,16.061685,-8.521686
356.000000,7.656451,-0.752571,55.287659,9.934266,33.170132,106.033592,-82.798197,34.026374,2.657191,99.537618,-29.938887,0.717841,-77.804733,-27.655432,16.233799,107.778900,-37.323052,10.482321,-6.757338,-9.089154,29.793802,81.512844,37.637282,14.085648,68.750677,-44.828706,14.315943,13.069301,32.428536,-92.603878,14.106626,120.000270,73.582389,21.024659,-10.926643
357.000000,7.827589,-0.395655,55.779868,10.252632,33.513592,107.652292,-82.780913,33.183936,2.936858,97.822637,-28.735989,0.888676,-76.971981,-28.272576,15.123802,107.084483,-36.715962,10.089582,-5.697613,-9.006744,29.793802,93.399824,36.069884,15.247471,64.943908,-45.469988,15.021416,11.845983,64.277857,-90.223615,-1.736935,119.975605,74.543636,24.986250,-11.129495
358.000000,8.021752,-0.293117,56.046075,11.921278,33.315372,111.080967,-82.790162,30.732012,3.769792,96.080769,-26.706904,0.504104,-75.964669,-28.745869,15.653070,107.105998,-37.462208,10.439847,-4.304524,-7.254671,29.793802,101.010719,34.932089,13.139495,62.032891,-45.798544,13.961369,12.143028,99.801371,-84.018877,-17.115617,116.367852,74.548513,27.441792,-10.877015
359.000000,8.189224,-0.428716,56.091655,13.284695,33.207983,114.880916,-83.758021,27.165122,3.452235,94.300656,-23.922925,0.018021,-75.317750,-29.593646,15.696739,107.521759,-38.216086,10.652097,-2.650433,-4.185012,29.793802,104.323419,33.864451,8.586611,60.702026,-44.927641,13.045976,13.864575,122.646656,-74.452110,-24.460432,106.783810,75.783748,26.461945,-12.119865
360.000000,8.251212,-0.798825,55.971722,13.591493,32.067367,118.615629,-84.753951,23.215281,1.884575,93.087028,-21.428932,-0.410889,-73.471080,-30.241487,14.932888,108.297866,-39.149476,10.846506,-1.311949,0.550482,29.793802,101.371936,33.220332,-0.048702,62.140929,-43.730154,12.723013,17.046036,124.084685,-65.367010,-23.222319,97.816085,77.124985,21.890481,-10.277370
361.000000,8.124953,-1.253133,56.322394,14.110654,30.854770,124.101409,-84.732449,18.336185,1.535347,89.504037,-18.387110,-1.937481,-69.983122,-31.519582,13.123914,107.171514,-41.430412,12.022153,0.178273,6.583064,29.793802,93.707387,31.950094,-8.606078,65.013724,-43.767068,11.537797,16.576182,111.475319,-58.353245,-16.836048,88.437411,77.567376,18.388134,-8.768639
362.000000,7.820288,-1.653355,57.177590,12.879816,28.530882,129.659451,-84.651491,12.492534,-1.126442,86.799290,-14.193026,-4.230377,-64.056646,-33.763161,8.611309,105.587144,-43.724282,13.200560,4.050086,13.424252,29.793802,80.692058,29.156939,-16.705516,66.471160,-41.969566,9.215427,19.123303,94.279557,-52.639090,-5.303265,84.608937,75.795902,12.035043,-7.300700
363.000000,7.386243,-1.970807,58.085099,13.287734,27.174698,135.533150,-84.182321,5.205512,-3.139649,83.621850,-11.866960,-7.301829,-59.319932,-35.023188,7.604644,103.747457,-44.822828,14.130528,8.553395,19.827802,29.793802,64.033609,25.036129,-24.952611,67.607264,-37.426181,8.347361,19.781890,76.729251,-48.654115,3.710843,84.670527,66.071580,5.351621,-4.490823
364.000000,6.793021,-2.581680,58.429982,12.082212,23.622912,142.596387,-83.107837,-2.342700,-6.004894,82.300781,-9.968389,-11.123614,-51.307442,-35.907303,5.898237,103.065274,-45.824800,15.000033,13.872529,25.498410,29.793802,48.426507,19.988176,-31.238093,65.629461,-32.805243,5.494379,20.215850,52.926447,-47.173687,9.192747,87.393770,56.554993,-2.444707,-3.242102
365.000000,6.002968,-3.745203,58.835101,9.955583,20.479573,146.776742,-81.013832,-9.036246,-9.451523,81.207212,-9.980900,-14.465082,-43.061550,-38.355884,3.392304,101.372481,-44.050478,15.000033,18.725937,28.308409,29.793802,37.689060,15.730177,-37.360588,62.730559,-26.071514,3.176083,22.155555,25.687678,-48.845330,17.856586,88.653924,45.154423,-6.898418,-5.142051
366.000000,5.120126,-5.359997,59.486642,8.134393,17.139404,149.531815,-77.973367,-14.813352,-11.937995,80.205239,-9.997699,-15.000033,-33.719362,-41.234381,-0.560651,98.856430,-41.562639,15.000033,22.511213,29.522638,29.793802,31.746732,13.149664,-40.343679,60.008591,-20.259867,1.804805,20.697133,-3.919952,-51.897990,30.927743,88.247530,34.045764,-8.115796,-6.260079
367.000000,4.325111,-6.894151,60.485057,6.396991,14.074239,150.923912,-73.904548,-18.162471,-13.746953,78.238711,-10.403975,-15.000033,-23.691102,-43.143594,-6.773718,94.289971,-39.368820,15.000033,26.216712,29.793802,29.793802,27.398961,12.346662,-40.695187,57.855873,-15.375552,0.903622,18.593860,-32.024626,-53.458562,42.470556,85.109806,28.577470,-7.676579,-6.414598
368.000000,3.614344,-7.763550,60.873145,4.769714,9.751436,152.446622,-69.266941,-21.017314,-15.632980,78.417646,-11.066509,-15.000033,-10.778217,-44.028099,-16.087621,87.727262,-36.889444,15.000033,30.025827,29.659375,29.793802,26.018491,13.606589,-38.978395,54.529037,-10.663460,-1.084697,17.169300,-58.961794,-53.321990,49.559847,80.385384,32.723642,-9.823136,-7.945394
369.000000,2.675163,-7.614438,62.354355,3.460263,6.460727,156.459289,-62.652748,-23.625017,-18.690460,74.258389,-12.079112,-15.000033,4.210703,-42.677731,-28.187006,76.053674,-33.098656,15.000033,33.088809,26.622692,29.793802,28.926418,15.992322,-35.296754,47.859256,-7.350936,-2.973601,18.169786,-84.223479,-52.475255,52.713261,76.468906,47.309689,-13.424277,-12.272820
370.000000,1.266030,-6.430360,64.680560,2.537115,5.334046,159.569298,-56.028559,-25.208228,-23.485359,68.945856,-11.904201,-15.000033,15.198643,-38.882952,-36.330070,64.484541,-27.626134,15.000033,35.545171,21.565082,29.098890,33.294639,18.795994,-31.014345,42.123014,-5.081416,-4.614736,19.332391,-105.578766,-51.587494,57.157937,75.506192,56.573881,-14.593842,-15.276151
371.000000,-0.480774,-4.368585,67.564668,1.356871,5.764153,161.330618,-49.340500,-24.526049,-29.741461,62.616720,-11.474047,-15.000033,23.193960,-32.605363,-42.228602,51.477940,-21.481948,15.000033,38.376506,16.257204,24.963863,38.955470,22.410378,-25.992362,38.064785,-3.763576,-6.312157,20.972938,-121.333914,-50.608333,63.216646,73.694928,57.206675,-14.550499,-16.714166
372.000000,-2.277226,-1.710457,71.251931,1.860796,6.814197,162.826507,-42.334144,-22.320158,-34.159654,52.653632,-7.353070,-15.000033,31.154765,-25.470842,-48.212577,35.445469,-13.050046,14.862768,39.872032,9.388670,21.459094,49.133938,28.091710,-16.336098,31.798093,-2.657122,-11.235142,23.334733,-133.089213,-48.804318,66.135664,65.921318,51.859171,-15.405556,-18.059066
373.000000,-3.768119,1.053429,73.831330,4.220699,7.005781,164.814666,-38.085431,-18.601659,-31.421812,44.094420,-1.186241,-15.000033,36.487267,-18.097539,-51.721543,19.074434,-4.703813,14.427446,40.355187,1.446195,17.960441,71.787285,35.094012,3.627501,17.155296,-1.090891,-22.068871,25.718109,-142.372237,-46.052417,66.148195,55.671669,46.538364,-21.699232,-20.716643
374.000000,-4.854896,3.273794,75.094882,5.717525,7.168222,165.363438,-33.247518,-16.854895,-33.442747,36.900919,0.126798,-15.000033,39.227864,-13.238412,-51.586828,9.116345,1.407048,13.511994,42.149947,-3.632122,13.975918,75.861430,37.943154,10.976440,10.255334,1.467886,-22.039752,20.482471,-148.262552,-44.092853,61.742332,40.866107,41.142317,-27.293690,-21.219207
375.000000,-5.470775,4.627297,76.600148,5.331294,6.949711,167.912192,-27.961219,-15.128595,-39.604317,28.260017,4.155436,-15.000033,40.010526,-11.792691,-49.879692,6.658250,8.649262,12.310256,43.662302,-5.951794,10.974691,60.824262,36.824146,-5.663960,22.983235,4.254048,-9.799352,14.153797,-149.939066,-42.674780,57.719966,29.989095,38.603588,-24.683200,-14.705263
376.000000,-5.560882,5.290887,77.830210,3.197755,5.216045,169.623343,-24.125457,-11.956762,-41.985776,23.564832,7.903274,-15.000033,40.553963,-11.284751,-49.863034,5.680651,16.268666,11.090378,43.550984,-7.733667,9.630654,52.030934,34.501831,-10.264669,29.614510,4.261944,-5.309644,12.651451,-148.653033,-40.720749,56.294639,23.713232,38.428848,-23.444684,-8.153675
377.000000,-5.269975,5.732493,78.534650,2.916126,3.438180,170.062011,-20.664763,-9.185693,-40.775840,18.063471,11.792762,-15.000033,41.503992,-11.035288,-49.830484,5.065501,21.897322,10.315065,42.258943,-8.643864,7.763978,50.457039,32.188251,-11.971946,31.166099,3.933552,-6.061196,12.227199,-147.837135,-38.665291,56.973221,19.479689,34.866501,-24.067855,-7.619355
378.000000,-4.850350,6.060208,78.986798,2.342634,1.895127,169.535149,-17.742284,-6.176754,-39.154345,13.666711,14.518928,-15.000033,41.966425,-11.424106,-49.359153,4.855186,25.663705,10.809931,40.171725,-9.017493,6.060170,49.166662,30.651763,-14.034376,32.284631,4.006337,-6.429729,11.900856,-147.868329,-36.981179,56.536543,17.799795,33.454733,-24.445129,-7.639836
379.000000,-4.492071,6.243274,79.025663,1.877357,1.029236,168.449659,-16.065328,-3.457480,-36.622060,10.672201,15.409446,-15.000033,41.978754,-12.139564,-48.552106,4.639007,26.837331,11.612922,38.184106,-8.877857,4.078405,48.212923,29.686699,-16.279625,33.281534,3.611608,-7.242984,11.393029,-148.106182,-36.013122,56.254177,17.382014,31.639763,-24.984973,-9.038117
380.000000,-4.356337,6.225748,79.243266,1.395451,0.178604,167.642256,-14.227472,-1.735617,-35.599983,8.325997,16.532870,-15.000033,42.085983,-12.723628,-47.898514,4.682134,28.340668,12.415638,36.651397,-8.468005,2.837539,47.660759,29.471063,-18.109235,32.924172,3.950548,-7.706838,11.899807,-148.380124,-35.579200,55.432622,18.879472,32.581237,-25.138774,-9.563771
381.000000,-4.417891,6.111605,79.484339,0.899735,-0.325607,167.033403,-13.094289,-0.601352,-34.698625,7.191665,17.150445,-15.000033,42.087428,-13.256159,-47.869141,4.916756,28.660693,13.246518,35.652212,-8.039134,2.106491,47.059241,29.534837,-19.552310,31.914042,5.112261,-8.213722,12.336214,-148.192034,-35.532271,54.577046,20.360582,32.830726,-24.966125,-10.434385
382.000000,-4.603952,6.019034,79.598216,0.502682,-0.884791,166.800893,-12.263004,-0.162178,-34.685954,7.176888,16.691206,-15.000033,42.359524,-13.536484,-47.994185,5.113282,28.941284,13.846362,35.040016,-7.771722,1.615828,46.070686,30.107980,-21.111025,30.992906,6.242898,-7.622759,12.738735,-147.700372,-35.555915,53.786414,22.065962,33.876710,-24.570387,-10.817792
383.000000,-4.851473,6.006398,79.595843,0.157571,-0.886271,166.963461,-12.080475,0.160171,-34.684515,7.159091,15.817685,-15.000033,42.263000,-13.387806,-47.962557,4.924921,28.671806,14.609100,34.905042,-7.572180,1.176941,45.225927,30.936271,-22.584099,30.420751,7.112644,-7.008210,12.502585,-147.076829,-35.510478,53.014582,22.444729,34.208437,-24.161219,-11.451328
384.000000,-5.087792,6.073670,79.547863,0.426188,-0.989152,167.125895,-11.815395,-0.061720,-34.216978,7.155794,15.388564,-15.000033,42.548388,-13.742783,-48.261027,4.857163,27.659683,14.476922,34.793275,-7.395194,1.130417,44.839613,31.792597,-23.553931,29.683543,7.983460,-6.856742,13.101174,-146.943955,-35.397934,52.249915,23.295946,35.740955,-23.506121,-11.984023
385.000000,-5.250576,6.166212,79.535660,0.426648,-1.132428,167.328688,-11.596052,0.030911,-33.806822,7.170039,15.078349,-15.000033,42.730715,-13.778657,-48.411021,4.946829,27.031500,14.457622,34.819629,-7.317148,1.068273,44.665274,32.553596,-24.072599,28.846682,8.679005,-6.822533,13.451958,-146.987292,-35.319308,51.326473,23.821537,37.000345,-23.773000,-11.511909
386.000000,-5.340936,6.255542,79.525271,0.566161,-1.168914,167.301831,-11.446664,-0.009103,-33.583966,7.140960,14.964617,-15.000033,42.781782,-14.016995,-48.640841,4.992649,26.382974,14.357751,34.774832,-7.278624,0.866401,44.851139,33.221594,-24.587853,27.996712,9.185313,-6.954058,13.778410,-146.738350,-35.224655,51.254645,24.095186,37.168234,-23.460719,-12.207031
387.000000,-5.393546,6.306853,79.532005,0.766792,-1.575585,167.440522,-10.952642,-0.224887,-33.400319,7.133740,14.997399,-15.000033,43.265169,-14.228957,-48.836811,5.130002,26.066586,14.013343,34.647134,-7.102250,0.778170,45.167406,33.705065,-24.840749,27.027727,9.558627,-7.042193,13.567568,-146.347648,-35.100768,51.374340,24.178461,36.976254,-23.539860,-11.809172
388.000000,-5.431043,6.333968,79.613187,0.684696,-1.746111,167.472687,-10.705017,-0.172039,-33.483727,7.127094,15.190589,-15.000033,43.359103,-14.195520,-48.902254,5.223880,26.258335,13.821133,34.524219,-7.019590,0.597307,45.279648,34.032343,-25.273708,26.514305,9.764537,-7.571742,14.100643,-146.095738,-35.051035,51.019153,23.985454,36.928435,-23.722762,-12.100085
389.000000,-5.461879,6.376107,79.581139,0.896174,-1.738887,167.448729,-10.656102,-0.333126,-33.238767,7.083763,15.151067,-15.000033,43.333345,-14.401484,-48.787002,5.254721,26.173218,13.709928,34.318482,-6.896267,0.352963,45.219660,34.314927,-25.913875,26.499682,9.997015,-8.015561,14.072775,-145.793453,-35.003650,51.155901,23.889948,37.179286,-23.979406,-11.533854
390.000000,-5.483764,6.444524,79.560991,0.993788,-1.960850,167.690614,-10.397193,-0.512496,-33.521424,7.058844,15.122870,-15.000033,43.668234,-14.380547,-49.111245,5.329666,26.383355,13.324480,34.333989,-6.657640,0.146511,44.783083,34.692528,-26.414267,26.559816,10.146604,-7.711710,13.527780,-145.381227,-34.932669,51.144489,24.226446,37.624025,-23.511095,-11.420822
391.000000,-5.507508,6.524190,79.515906,1.357656,-2.140101,167.613113,-10.126209,-0.800475,-33.293938,7.016881,15.141616,-15.000033,43.903779,-14.733223,-49.035237,5.393559,25.996627,12.872854,34.274504,-6.542234,-0.021156,44.785632,35.059924,-26.881291,26.469880,10.156101,-8.385393,14.041153,-144.770759,-34.763710,51.183721,24.400264,38.082895,-23.561002,-11.332017
392.000000,-5.563723,6.542793,79.456079,1.520432,-2.106063,167.574153,-10.071327,-1.032771,-33.489524,7.022562,14.792799,-15.000033,43.975905,-14.949344,-49.309415,5.423133,25.047484,12.691288,34.430988,-6.355918,-0.262052,44.804088,35.185316,-26.941994,26.571531,10.270762,-8.279300,13.830448,-144.507794,-34.628731,51.134804,24.365847,38.204660,-23.423980,-11.114521
393.000000,-5.653592,6.454156,79.423465,1.492909,-2.095046,167.715229,-10.050388,-1.126314,-33.529909,7.002849,14.450065,-15.000033,44.116954,-14.978608,-49.772730,5.397635,24.339017,12.541904,34.517384,-6.149796,-0.459034,44.882217,35.185598,-27.020174,26.595698,10.281073,-8.084056,13.346021,-144.565240,-34.565691,50.851751,24.312986,38.300223,-23.398087,-10.784934
394.000000,-5.753409,6.270248,79.453249,1.223947,-2.106996,167.892671,-10.044652,-1.000203,-33.503501,6.986150,14.222817,-15.000033,44.135499,-14.823220,-49.938606,5.413007,23.817092,12.631098,34.473613,-5.993283,-0.664572,45.086931,35.118649,-27.391271,26.435787,10.162534,-8.028952,13.006951,-144.768002,-34.572547,50.210135,24.288203,38.466326,-23.537243,-10.878106
395.000000,-5.853012,6.054636,79.527366,1.062773,-2.197883,168.006083,-9.960565,-0.952468,-33.189104,6.965694,14.328562,-15.000033,44.222959,-14.812773,-49.944590,5.428404,23.525593,12.619185,34.355901,-5.964723,-0.858247,45.431880,34.970665,-27.764311,26.157920,9.832631,-8.659752,13.031525,-144.687754,-34.654521,49.723506,24.298668,38.394800,-23.880277,-11.028813
396.000000,-5.949259,5.867514,79.608357,0.815021,-2.258561,168.196208,-9.921794,-0.795898,-32.883597,6.947165,14.420442,-15.000033,44.309520,-14.672862,-50.140116,5.442548,23.660841,12.534347,34.145829,-5.931983,-1.009425,45.683079,34.743843,-28.047579,26.069259,9.613999,-9.110550,13.186296,-144.632579,-34.822725,49.199063,24.009807,38.308790,-24.173689,-11.222054
397.000000,-6.038814,5.745917,79.654887,0.627923,-2.312200,168.357439,-9.838774,-0.758178,-32.990352,6.952365,14.321506,-15.000033,44.423271,-14.583654,-50.490517,5.503580,23.470770,12.402979,34.044068,-5.920253,-1.061225,45.744256,34.605779,-28.255577,26.126587,9.555314,-9.254454,13.258469,-144.722508,-34.966626,48.798273,23.777660,38.526816,-24.366310,-11.223054
398.000000,-6.123221,5.693592,79.674930,0.687087,-2.366342,168.372992,-9.713428,-0.891217,-33.017390,6.946477,14.312201,-15.000033,44.616924,-14.752465,-50.977581,5.534844,22.992607,12.095778,33.941793,-5.972088,-1.100685,45.848746,34.513171,-28.180195,26.242635,9.591370,-9.346310,13.356831,-144.659785,-35.067397,48.807772,23.641526,38.586801,-24.307968,-11.255757
399.000000,-6.222443,5.668972,79.681927,0.698384,-2.379559,168.393808,-9.611853,-0.966528,-33.111834,6.955414,14.141508,-15.000033,44.756571,-14.858194,-51.450974,5.588936,22.645876,11.839175,33.929716,-5.985000,-1.106110,45.813232,34.499959,-28.208105,26.576750,9.628694,-9.280263,13.329787,-144.744736,-35.082387,48.750256,23.529017,38.880240,-24.255614,-11.000391
400.000000,-6.343528,5.632359,79.682713,0.779176,-2.346525,168.248924,-9.563407,-0.941654,-32.576383,6.938462,14.006980,-15.000033,44.834023,-15.088830,-51.750073,5.576517,22.346450,11.677169,33.834599,-6.115006,-1.160452,45.906630,34.320171,-28.131583,27.263216,9.298636,-9.855855,13.361643,-144.781423,-35.156675,48.809311,23.357700,38.850516,-24.449874,-10.316661
401.000000,-6.490438,5.550654,79.704148,0.761832,-2.180941,168.274286,-9.708331,-0.802802,-31.804892,6.885292,13.995886,-15.000033,44.710698,-15.139124,-51.741852,5.565371,22.144783,11.550866,33.702084,-6.207844,-1.251413,45.940428,34.000088,-28.028171,28.024295,8.842500,-10.284859,13.183462,-145.023549,-35.291256,48.772603,22.959539,38.686884,-24.740458,-9.819506
402.000000,-6.647250,5.422000,79.722649,0.653778,-2.015786,168.136687,-9.771298,-0.699106,-31.611763,6.856160,13.723476,-15.000033,44.582098,-15.248490,-51.884602,5.532444,22.024850,11.476661,33.673829,-6.276145,-1.401158,46.058296,33.518199,-27.751734,28.774229,8.540919,-10.302348,13.319320,-145.367018,-35.500757,48.721029,22.693989,38.928031,-24.877127,-9.741319
403.000000,-6.793629,5.259404,79.762785,0.542607,-1.951339,168.060283,-9.741287,-0.703134,-31.602132,6.859053,13.532615,-15.000033,44.581942,-15.358400,-52.110047,5.515475,22.043999,11.516338,33.618456,-6.301396,-1.446811,46.015122,32.973213,-27.688210,29.571372,8.241136,-10.372921,13.023127,-145.588807,-35.749897,48.354787,22.379607,39.058005,-24.952356,-9.621650
404.000000,-6.904056,5.102855,79.737447,0.496589,-1.928242,168.009387,-9.689124,-0.832648,-31.840720,6.875116,13.115086,-15.000033,44.691379,-15.533915,-52.593743,5.516347,21.746282,11.528671,33.631472,-6.285721,-1.488313,45.883802,32.496278,-27.703468,30.295269,8.018587,-10.212458,12.406223,-145.659965,-35.962952,48.167426,22.175832,39.043759,-24.818569,-9.710388
405.000000,-6.983742,4.958765,79.716107,0.493162,-1.905912,168.025772,-9.692313,-0.918158,-31.711831,6.856744,12.894642,-15.000033,44.738322,-15.666055,-52.788098,5.523830,21.366345,11.466062,33.564531,-6.259621,-1.535953,45.708705,32.113138,-27.984851,30.896464,7.831510,-10.217888,12.048751,-145.669935,-36.150974,48.122247,21.973732,39.039331,-24.852947,-9.725224
406.000000,-7.044073,4.819539,79.710775,0.464587,-1.814311,167.941608,-9.753170,-0.979457,-31.720616,6.847163,12.728489,-15.000033,44.620553,-15.811395,-52.759880,5.541450,21.149997,11.468888,33.619366,-6.248656,-1.556589,45.687600,31.794175,-28.052146,31.189361,7.658632,-9.934618,11.689352,-145.821312,-36.335458,48.038040,21.706047,39.147659,-25.000603,-9.625928
407.000000,-7.088998,4.682743,79.709071,0.456031,-1.847531,167.774862,-9.667586,-1.079342,-31.848636,6.858025,12.558378,-15.000033,44.638775,-16.020003,-52.767395,5.551045,20.912098,11.557766,33.691089,-6.259447,-1.543319,45.860656,31.459499,-27.924821,31.182274,7.484514,-9.726235,11.308128,-145.935849,-36.559395,48.032823,21.683735,39.126689,-25.159910,-9.722544
408.000000,-7.124935,4.549252,79.720066,0.353411,-1.804801,167.709887,-9.696460,-1.081129,-31.971823,6.860063,12.441849,-15.000033,44.557610,-16.066512,-52.765587,5.538743,20.849860,11.669413,33.761752,-6.259981,-1.567599,45.897424,31.129505,-27.813694,31.323282,7.311544,-9.572487,10.957960,-146.057543,-36.810456,47.868425,21.498571,39.209877,-25.365359,-9.692015
409.000000,-7.152546,4.425281,79.732178,0.322592,-1.820364,167.618217,-9.672577,-1.100041,-31.872623,6.852508,12.416427,-15.000033,44.548302,-16.188368,-52.766236,5.529243,20.716568,11.701701,33.776169,-6.270020,-1.582829,46.003347,30.838884,-27.760508,31.375548,7.085281,-9.685123,10.825836,-146.101804,-37.053792,47.866511,21.425460,39.155472,-25.568171,-9.807401
410.000000,-7.174801,4.311043,79.749433,0.272855,-1.812874,167.563234,-9.680608,-1.090750,-31.756463,6.836700,12.425856,-15.000033,44.507686,-16.260230,-52.761206,5.518440,20.681745,11.699938,33.773086,-6.260490,-1.598643,46.062964,30.602034,-27.795265,31.439706,6.915751,-9.874389,10.820502,-146.149378,-37.271936,47.811596,21.273159,39.101770,-25.753744,-10.016392
411.000000,-7.189426,4.198983,79.764454,0.262493,-1.834122,167.463415,-9.663234,-1.088151,-31.526499,6.821868,12.466255,-15.000033,44.488671,-16.381082,-52.695588,5.492951,20.671499,11.724294,33.738748,-6.275895,-1.598386,46.152314,30.356149,-27.887785,31.494644,6.773623,-10.031216,10.793125,-146.202226,-37.513641,47.901008,21.208577,39.180416,-25.915800,-10.116819
412.000000,-7.197761,4.088337,79.778899,0.152726,-1.788957,167.473834,-9.744040,-0.991239,-31.303478,6.799425,12.464600,-15.000033,44.369606,-16.347335,-52.604482,5.491729,20.770239,11.731358,33.712888,-6.246984,-1.612822,46.078613,30.149582,-28.104360,31.659136,6.679515,-10.261095,10.825957,-146.327250,-37.763161,47.824252,20.994001,39.145389,-26.180454,-10.051758
413.000000,-7.192291,3.984934,79.774365,0.099319,-1.808160,167.424614,-9.759561,-0.918892,-31.022038,6.777057,12.427816,-15.000033,44.346594,-16.393871,-52.580159,5.473962,20.705877,11.670706,33.705244,-6.244103,-1.623197,46.121747,29.953346,-28.191991,31.648750,6.598283,-10.484933,10.787631,-146.376496,-38.019228,47.906947,20.964891,39.027834,-26.444846,-10.216500
414.000000,-7.175579,3.885143,79.766712,-0.013519,-1.809257,167.337000,-9.757427,-0.914791,-31.314292,6.786737,12.258472,-15.000033,44.305627,-16.411173,-52.677205,5.448312,20.700507,11.746769,33.857111,-6.231630,-1.621249,46.159767,29.739176,-27.975511,31.559504,6.539627,-10.240282,10.457362,-146.449545,-38.286152,47.852764,20.893285,39.193209,-26.563920,-10.271021
415.000000,-7.146334,3.793666,79.751134,0.024738,-1.925098,167.217550,-9.644818,-1.001168,-31.301018,6.782566,12.208071,-15.000033,44.398110,-16.561421,-52.648238,5.408196,20.665449,11.713295,33.874855,-6.256572,-1.621381,46.216560,29.549509,-27.990897,31.440552,6.538475,-10.504856,10.492183,-146.315832,-38.535352,48.054665,21.080551,39.151875,-26.723916,-10.479483
416.000000,-7.111537,3.708647,79.746202,-0.005102,-1.950479,167.258065,-9.675859,-0.995156,-31.162807,6.754685,12.259939,-15.000033,44.362947,-16.548290,-52.532949,5.390325,20.814617,11.549306,33.899195,-6.233784,-1.632223,46.091960,29.457109,-28.097566,31.405129,6.409607,-10.868307,10.671016,-146.313361,-38.704850,48.149330,21.138217,39.159146,-27.160097,-10.431415
417.000000,-7.073447,3.626806,79.764080,-0.039797,-2.016650,167.264560,-9.649095,-0.992375,-31.071028,6.729256,12.397382,-15.000033,44.381064,-16.529714,-52.449571,5.323591,21.105433,11.436321,33.922492,-6.198834,-1.661622,46.056934,29.365076,-28.111707,31.332196,6.272059,-11.216717,10.672956,-146.286607,-38.880538,48.394863,21.261763,39.022537,-27.378865,-10.683446
418.000000,-7.035962,3.550357,79.757322,-0.112201,-2.047414,167.270055,-9.671206,-0.954080,-31.092077,6.725724,12.387566,-15.000033,44.387468,-16.488855,-52.491329,5.263667,21.414392,11.356337,34.020199,-6.193534,-1.621602,45.973383,29.236372,-27.911598,31.259356,6.170246,-11.259141,10.701404,-146.323166,-39.132585,48.355353,21.277003,39.047660,-27.554416,-10.943016
419.000000,-7.006621,3.479154,79.782233,-0.052407,-2.196341,167.241516,-9.556225,-0.991222,-30.851822,6.696542,12.657488,-15.000033,44.540929,-16.602239,-52.562011,5.248513,21.418120,11.155679,33.946466,-6.255416,-1.528104,46.070665,29.142759,-27.749428,31.084514,6.074890,-11.884283,11.156733,-146.319912,-39.311773,48.518540,21.524123,39.060883,-28.032874,-11.337104
420.000000,-6.993287,3.405500,79.770401,-0.232063,-2.004927,167.360417,-9.847820,-0.791061,-30.669512,6.677812,12.593070,-15.000033,44.248824,-16.367329,-52.352338,5.189831,21.737063,11.231378,34.088350,-6.274963,-1.473433,45.941480,28.980314,-27.176470,31.226894,5.941314,-11.494964,10.720122,-146.715608,-39.578193,48.279654,21.222984,39.014973,-28.134783,-11.089809
421.000000,-6.996188,3.334820,79.777563,-0.222108,-2.010561,167.263925,-9.860004,-0.777697,-30.485224,6.675882,12.654291,-15.000033,44.239509,-16.449605,-52.335267,5.120737,21.639060,11.089551,34.046059,-6.355551,-1.422017,46.092151,28.869992,-26.920088,31.060600,5.872004,-11.365644,10.616967,-146.876381,-39.773834,48.416652,21.342028,39.083839,-28.169146,-10.963593
422.000000,-7.016365,3.264645,79.760478,-0.203605,-1.922224,167.119413,-10.000864,-0.814642,-30.382006,6.809296,12.512061,-15.000033,44.124955,-16.525828,-52.208111,4.984403,21.764816,11.083556,34.071154,-6.535329,-1.332095,46.169149,28.685370,-26.424230,31.249568,5.750856,-11.417478,10.765202,-147.215004,-40.030009,48.487592,21.465105,39.103653,-28.240848,-11.096958
423.000000,-7.054141,3.192696,79.752691,-0.213528,-1.666717,166.933509,-10.428556,-0.874822,-30.194672,7.224533,12.282009,-14.995157,43.848945,-16.591222,-52.244178,4.798869,21.859321,11.180341,34.181159,-6.738213,-1.262190,45.984500,28.584290,-26.174694,31.628252,5.708298,-11.130133,10.677023,-147.673329,-40.227146,48.455708,21.471977,39.462440,-28.344785,-10.740650
424.000000,-7.099695,3.121428,79.756004,-0.227800,-1.400915,166.850560,-10.970846,-1.004454,-30.012191,7.842503,12.090507,-14.930452,43.543676,-16.553878,-52.054492,4.602470,21.759303,11.265274,34.234762,-6.963429,-1.092612,45.803127,28.460681,-25.647424,31.954819,5.602627,-10.896136,10.464277,-148.169952,-40.544736,48.451481,21.658757,39.605525,-28.396810,-10.614806
425.000000,-7.148402,3.054682,79.702414,-0.059269,-1.219481,166.663217,-11.451447,-1.336557,-29.686866,8.597385,11.720434,-14.652622,43.483486,-16.731435,-52.251040,4.303665,21.400181,11.123127,34.341680,-7.206171,-0.855772,45.629977,28.426910,-25.029842,32.072978,5.444485,-10.798419,10.286143,-148.514399,-40.862450,48.660313,22.572734,39.983640,-28.829389,-10.372898
426.000000,-7.190087,2.993286,79.627997,0.134859,-0.811603,166.428135,-12.226205,-1.657107,-29.186876,9.419898,11.371523,-14.183662,43.067157,-16.924599,-52.273673,4.094512,20.960865,11.390633,34.586104,-7.418909,-0.478770,45.222132,28.315960,-23.684426,32.637123,4.829190,-10.313329,10.096762,-148.921509,-41.224021,48.976531,23.971629,40.140556,-28.331793,-10.585641
427.000000,-7.216366,2.932800,79.528764,0.232048,-0.421736,166.392934,-13.191414,-1.964817,-28.651381,10.579901,10.828001,-13.746261,42.738630,-16.882352,-52.670077,3.917666,20.692408,11.528931,34.705404,-7.410959,0.228588,43.933434,28.325669,-22.614685,33.675257,4.297857,-9.554363,9.377764,-149.089877,-41.660006,48.582881,26.082135,40.610574,-28.203977,-10.695272
428.000000,-7.215381,2.873132,79.415691,0.240297,-0.054531,166.298868,-14.143204,-2.214645,-28.351525,11.786670,10.129601,-13.412222,42.223802,-16.773433,-52.740521,4.052738,20.002756,11.728546,34.722302,-7.225461,1.225438,41.989191,28.516279,-21.769189,35.113398,4.359053,-8.990687,9.027474,-148.935949,-42.201572,47.929111,28.405847,40.960343,-28.044101,-11.029501
429.000000,-7.184655,2.816907,79.229369,0.350049,0.335392,166.361168,-15.088336,-2.638721,-28.349255,12.836970,9.285837,-13.256567,41.614551,-16.500950,-52.477472,4.277256,19.421076,11.813983,34.630484,-6.826591,2.420771,39.418793,28.902573,-21.060145,36.948428,4.325667,-8.568948,8.931848,-148.629447,-42.896237,46.989668,30.883653,42.065234,-28.132564,-11.310277
430.000000,-7.117761,2.759266,79.083393,0.517524,0.580528,165.938463,-15.783277,-2.870318,-27.904948,13.766522,8.585367,-13.286818,40.966430,-16.405098,-52.301973,4.666999,18.706365,12.165698,34.524878,-6.547342,3.736380,36.927058,29.367624,-20.083850,38.692944,4.370176,-8.382227,9.380008,-148.208769,-43.721160,46.654943,33.522024,42.841531,-27.787280,-11.806267
431.000000,-7.023505,2.689588,78.799181,0.458713,0.999680,165.445158,-16.866899,-2.998674,-27.764820,15.140523,7.118342,-12.812217,40.134307,-16.010631,-52.478829,5.007457,17.837820,12.651674,34.509906,-6.314898,5.322900,34.222816,29.856027,-20.037233,40.032824,4.169797,-7.959737,9.800795,-147.073377,-44.664549,46.123685,36.284515,43.629848,-27.180934,-12.738783
432.000000,-6.918224,2.609827,78.657771,0.516696,1.211685,164.789623,-17.680557,-3.137918,-27.352711,16.448928,6.358010,-12.759335,39.432594,-15.829415,-52.881742,5.439813,17.064030,12.916788,34.486854,-5.902847,7.017239,31.687825,29.957260,-20.155941,41.697305,3.074676,-7.794450,10.126103,-145.646817,-45.800466,45.504294,38.763832,44.772176,-26.818605,-13.511661
433.000000,-6.808579,2.504573,78.424342,0.500974,1.673809,163.755440,-18.999173,-3.018256,-26.276039,18.275529,5.116646,-12.366145,38.531298,-15.846325,-53.580626,5.741557,15.887961,13.313154,34.424135,-5.555415,8.799383,28.928454,29.719899,-20.350916,43.819527,1.565480,-8.090622,10.707752,-143.142295,-47.005449,44.234308,40.229821,45.967235,-26.608244,-14.361412
434.000000,-6.709893,2.371839,78.119637,0.887780,2.309516,162.694087,-20.490714,-3.498630,-25.531077,20.198115,3.793245,-12.614165,37.762043,-16.174249,-54.702185,6.029611,14.727634,13.517254,34.134041,-5.015972,10.668523,26.045998,29.407477,-20.756904,45.546219,0.115385,-7.834409,11.728530,-139.408642,-48.132445,42.069851,40.845256,47.088339,-25.495312,-15.463415
435.000000,-6.612088,2.178079,77.801199,0.651842,2.840132,161.265696,-22.015720,-3.185840,-24.579171,22.488121,1.948749,-12.218700,37.097262,-16.173965,-56.435449,6.264763,13.997911,13.829194,33.961555,-4.873159,12.287323,23.445938,29.228837,-20.987110,47.145221,-1.377094,-7.654297,12.503713,-133.532797,-48.929642,39.183941,40.764036,48.087366,-23.992775,-15.791985
436.000000,-6.511084,1.929236,77.556683,0.436527,3.383514,159.805197,-23.648701,-2.817133,-23.377203,24.895895,0.618204,-11.994587,36.410477,-16.350887,-57.985923,6.487261,13.663375,14.185685,33.843695,-4.747373,13.823673,20.745595,29.192505,-21.882099,49.038498,-3.449497,-7.734231,12.977350,-126.011632,-49.245502,35.577352,39.744312,48.281296,-22.361000,-16.304242
437.000000,-6.390359,1.622500,77.419297,-0.034464,3.997739,157.996008,-25.031918,-1.976386,-22.248458,26.669067,-0.508389,-12.094186,35.506261,-16.450817,-59.299623,6.740329,13.799620,14.455907,33.867036,-4.653017,15.246771,18.046384,29.519226,-23.032464,50.907613,-4.655224,-8.117088,13.297287,-117.003706,-48.829929,31.799688,38.330398,47.490762,-20.480996,-16.599456
438.000000,-6.217111,1.261428,77.310673,-0.804698,4.435262,155.746388,-26.293060,-0.481919,-20.709115,28.505302,-1.591711,-11.886470,34.408413,-16.572356,-59.869611,7.174005,13.348892,14.958386,33.953166,-4.310899,16.548234,15.344237,29.888013,-25.085952,52.759893,-5.856520,-8.729489,13.107518,-107.672514,-47.757173,27.718759,36.341672,46.443219,-19.635105,-16.008693
439.000000,-5.974157,0.865218,77.049086,-1.306104,4.541210,153.358080,-28.142553,0.702208,-18.729210,32.244375,-2.646292,-11.804907,33.362743,-17.228004,-60.366744,8.750198,12.164678,15.000033,34.216425,-4.036083,17.857449,12.250952,30.464326,-26.911065,54.597871,-7.198813,-9.464219,12.785401,-97.764988,-45.855343,24.825360,33.594130,44.973771,-18.698876,-16.252298
440.000000,-5.673252,0.446657,77.045515,-2.094719,4.285245,150.545003,-29.025688,2.289066,-17.440662,34.918768,-2.785581,-11.647033,31.791940,-18.645105,-60.545142,12.627923,10.405016,15.000033,34.347319,-3.628468,18.880357,9.261110,31.065610,-28.929936,56.350287,-7.026771,-8.724387,10.849562,-87.774940,-43.091032,22.700563,30.207801,41.859695,-18.065702,-16.643082
441.000000,-5.316278,0.033258,76.831993,-2.182382,4.182836,148.725169,-29.667025,3.158040,-16.116140,36.230526,-3.171633,-11.294881,30.230843,-19.873037,-59.693344,15.674112,8.672836,15.000033,33.605175,-3.281768,19.870175,7.045122,31.337846,-30.413970,56.034321,-7.321380,-7.953074,10.589489,-78.554406,-39.902971,21.591906,26.755325,39.956851,-17.857428,-16.833827
442.000000,-4.919935,-0.387677,76.495408,-2.512510,3.633997,146.459445,-30.351308,5.079858,-13.613801,38.591650,-3.940000,-10.677348,29.166267,-21.157496,-59.974242,18.640689,7.514404,15.000033,32.703613,-3.271966,20.647404,5.174935,31.544932,-32.038291,55.772615,-8.177721,-8.052075,11.051044,-70.764119,-36.395968,21.563292,23.699066,37.682496,-17.521027,-16.718370
443.000000,-4.510991,-0.795150,76.071353,-2.534997,3.463450,144.210248,-31.060785,6.927029,-10.963721,40.249172,-4.918015,-9.573698,27.776531,-22.294246,-59.778290,20.701867,5.724918,15.000033,31.366788,-3.458096,21.365551,3.704688,31.496926,-32.794511,55.382494,-9.418574,-7.766334,11.156790,-62.885353,-32.837604,22.457786,20.101873,35.105784,-17.049450,-17.009459
444.000000,-4.137603,-1.197787,75.623563,-2.363690,3.260758,142.119670,-31.745395,8.557867,-8.393000,42.112250,-6.222250,-8.258623,26.505841,-23.819897,-59.831432,23.469909,3.758862,15.000033,29.525164,-3.904536,21.991233,2.442634,31.255808,-33.080624,54.596836,-10.211023,-7.178368,11.509343,-55.316118,-29.494328,24.011266,16.822269,31.791538,-16.941786,-17.034496
445.000000,-3.800102,-1.603434,75.081660,-2.165595,2.677904,139.677079,-32.051119,10.044431,-6.324452,44.465051,-7.900952,-7.207709,25.272761,-25.207566,-59.305131,26.212278,1.652187,15.000033,27.564541,-4.502836,22.367988,1.711273,30.861284,-32.583787,53.666580,-11.315691,-6.972309,11.966301,-47.134254,-26.600595,26.259768,13.296498,28.085677,-17.551608,-16.425313
446.000000,-3.520379,-2.006082,74.502118,-2.115097,2.087486,137.157579,-32.685580,11.551072,-4.748706,47.621139,-9.571423,-5.353943,24.667108,-26.366595,-60.618677,28.096161,-0.754072,15.000033,25.661224,-5.376298,22.599474,0.912290,30.408389,-31.941354,53.412262,-12.653964,-6.440783,11.798005,-38.926406,-24.263509,29.695158,10.034797,23.371124,-17.844160,-15.934418
447.000000,-3.309347,-2.390759,74.194817,-2.338712,1.823178,134.221144,-32.989665,13.365577,-3.425361,49.723908,-10.927626,-3.875994,22.981069,-28.141229,-60.921344,31.287497,-2.873293,15.000033,23.604511,-6.331028,22.800509,0.199729,29.883688,-31.450386,53.671398,-14.447371,-6.045617,11.575514,-31.536973,-22.523308,32.656383,7.297220,19.063281,-18.441962,-14.895623
448.000000,-3.139643,-2.742661,74.150973,-2.506967,1.540073,131.332706,-32.816079,15.408239,-1.676484,51.158875,-12.149913,-3.035044,21.168853,-29.655647,-60.422817,33.841068,-4.449474,15.000033,21.774788,-7.111979,22.791833,-0.168144,29.272046,-30.286002,54.338022,-16.224614,-5.540032,11.400609,-23.967859,-21.322834,35.413456,4.597848,15.072711,-18.795118,-13.728338
449.000000,-2.992474,-3.045266,74.067429,-2.594567,1.395800,128.423768,-32.633490,17.318432,-0.022511,52.480734,-13.254684,-1.343689,19.575214,-31.352512,-60.701778,35.944655,-5.654896,15.000033,19.954217,-7.971382,22.524816,-0.415024,28.688858,-29.895639,55.993598,-18.348674,-5.105981,10.240629,-16.525594,-20.576766,37.861090,1.877145,11.037555,-19.340489,-12.170763
450.000000,-2.840146,-3.286981,74.011469,-2.542124,0.985467,125.813569,-31.666333,19.073386,1.856070,52.959616,-13.746848,-0.473512,17.944507,-33.139613,-60.626637,38.114317,-6.791253,15.000033,18.264624,-8.533720,22.049044,0.249406,27.968213,-28.563020,56.579856,-20.285189,-4.500607,10.673421,-9.850686,-20.294896,39.320354,-0.037828,8.346487,-19.312596,-10.698403
451.000000,-2.662325,-3.455107,73.986399,-2.432357,0.810679,123.205016,-30.656499,20.772245,3.812046,53.081065,-14.337683,-0.218297,16.402652,-34.766931,-60.933174,39.935469,-7.520657,15.000033,16.586665,-8.960516,21.764584,-0.283600,27.354106,-28.412290,58.119817,-20.947074,-4.092671,10.405960,-3.728653,-20.442660,39.634534,-2.124978,7.210560,-19.827114,-9.610462
452.000000,-2.433691,-3.540748,74.143422,-2.034543,0.455840,120.196587,-29.014465,22.540336,6.380473,53.047179,-14.742543,-0.261922,15.208836,-35.895134,-60.914589,40.491501,-8.028780,15.000033,15.031978,-9.172500,21.503893,-1.100567,26.846907,-28.836370,59.661463,-21.080155,-4.065002,10.520128,1.189635,-21.040301,39.937608,-4.079001,6.014991,-20.715378,-9.070774
453.000000,-2.157269,-3.527319,74.346937,-1.605328,0.568892,117.797530,-27.922742,23.737553,8.354594,52.775977,-15.127115,-0.079947,14.315847,-36.428695,-61.496596,40.131162,-8.548533,15.000033,13.613566,-9.395477,21.087603,-1.754552,26.436632,-29.297915,61.023893,-21.706879,-4.170627,10.014489,5.557874,-21.915876,39.556535,-6.138102,5.762062,-21.186638,-8.197669
454.000000,-1.826032,-3.421439,74.725735,-1.291042,0.378164,115.650158,-26.344090,25.346977,10.741576,52.371536,-15.570240,0.057542,13.887376,-36.053497,-61.466631,38.537259,-8.400851,15.000033,12.484577,-9.327191,20.671442,-2.078196,26.058890,-29.135522,61.610168,-22.441788,-3.941883,10.355559,9.739715,-22.927765,38.566704,-8.134308,7.146240,-21.693876,-7.192756
455.000000,-1.459767,-3.202798,75.181181,-0.654827,0.371895,113.297146,-24.291391,26.196999,13.054013,51.100428,-15.339510,-0.345593,12.858045,-35.952725,-60.374989,37.097357,-7.958768,15.000033,11.307767,-9.039112,20.101161,-2.223637,25.704888,-29.156683,62.192325,-21.914184,-3.665899,9.987313,13.383900,-24.156179,37.163134,-10.137494,8.204985,-22.130797,-5.748671
456.000000,-1.078506,-2.874663,75.633698,-0.042959,0.661725,111.298084,-22.530954,26.661045,14.961692,49.548740,-14.824105,-0.582076,12.072776,-35.528181,-59.705319,35.159163,-7.521610,15.000033,10.229575,-8.490026,19.464595,-2.169807,25.382721,-28.879315,62.328770,-21.037920,-3.302103,9.741374,16.937518,-25.545726,35.437278,-12.341454,9.329213,-22.837550,-5.216988
457.000000,-0.691412,-2.455840,76.115752,0.600195,1.078176,109.510845,-20.805777,27.049624,17.014401,47.913999,-14.175753,-1.089573,11.337969,-34.943846,-58.813163,32.966487,-6.839552,15.000033,9.233293,-7.913169,18.833508,-2.149692,25.138523,-29.078944,62.580689,-20.159493,-3.175040,9.337898,20.155493,-27.016004,34.145751,-14.550167,9.836242,-23.117548,-4.438743
458.000000,-0.316787,-1.972326,76.582333,1.093226,1.529794,107.809155,-19.002255,27.303090,18.840150,45.970957,-13.336520,-1.539357,10.838338,-34.132014,-58.214938,30.531430,-5.939452,15.000033,8.217970,-7.257143,18.144880,-1.751486,24.907796,-29.098552,62.489970,-19.573592,-2.949187,9.068558,23.223183,-28.540624,32.779444,-16.221527,11.662839,-24.089521,-4.111254
459.000000,0.043356,-1.459652,77.072917,1.574210,2.012934,106.200422,-17.149968,27.335799,20.550418,43.806602,-12.345776,-2.047315,10.516772,-33.072239,-57.629437,27.551470,-4.786174,15.000033,7.364195,-6.429359,17.292395,-1.202210,24.655047,-28.982319,62.414467,-18.595472,-3.012840,9.034952,25.876502,-30.081083,31.321825,-17.691896,13.451501,-24.827959,-3.610568
460.000000,0.370748,-0.943425,77.474209,2.165847,2.487049,105.024209,-15.310484,26.842578,22.003583,41.221495,-11.079873,-2.858409,10.423999,-32.225667,-57.135973,24.734621,-3.839076,15.000033,6.607265,-5.467180,16.496349,-0.788570,24.451950,-28.874812,61.730420,-17.271247,-2.871817,8.674009,28.354444,-31.626602,29.946898,-18.991829,14.705407,-25.408397,-3.174574
461.000000,0.656654,-0.461488,77.825846,2.441970,2.772185,103.536671,-13.338640,26.659509,23.375378,38.879599,-10.111941,-3.358081,10.305686,-31.039386,-56.205651,21.827006,-2.678954,15.000033,5.854263,-4.514396,15.675364,0.070752,24.186868,-28.740898,61.026711,-16.014883,-2.543653,8.734191,30.511864,-33.104392,28.931019,-20.331232,16.212736,-25.912609,-2.459838
462.000000,0.893467,-0.030513,78.095682,2.926156,2.758764,102.375895,-11.261030,25.871046,24.327348,36.405653,-9.021559,-3.942913,10.765948,-30.220764,-55.587403,18.976089,-1.718083,15.000033,5.255965,-3.624563,14.921489,0.703944,23.899919,-28.826693,60.363654,-14.626742,-2.381834,8.627360,32.883782,-34.516758,28.501958,-21.440035,16.753181,-27.479115,-2.572251
463.000000,1.070376,0.333461,78.317444,3.429734,2.550659,101.540604,-9.137664,24.819838,25.026498,33.734204,-7.625076,-4.534239,11.655598,-29.462685,-55.264373,16.036231,-0.670314,15.000033,4.604171,-2.787253,13.987956,1.547949,23.608742,-28.797143,59.917045,-13.498132,-2.448377,8.551172,35.248173,-35.853479,27.841652,-22.469682,17.926832,-28.991312,-2.578760
464.000000,1.187925,0.621252,78.550366,3.783817,2.740944,100.709268,-7.332793,23.646184,25.499494,30.545686,-5.771393,-5.337716,12.416232,-27.855044,-54.699162,11.372168,1.128942,15.000033,4.094393,-2.052520,12.771744,2.352218,23.369480,-28.425189,59.278556,-12.207104,-2.498430,8.298638,37.709102,-37.165398,27.090766,-23.523648,18.592314,-29.580928,-3.037009
465.000000,1.228162,0.836497,78.657557,4.193639,2.551616,100.227390,-5.337690,22.449204,26.117162,27.504795,-4.291542,-5.947990,13.330274,-27.236185,-54.457865,8.657852,2.282846,15.000033,3.518446,-1.439656,11.761865,3.236994,23.133350,-28.646821,58.754340,-11.164175,-2.307603,8.417722,39.685801,-38.381585,26.821788,-24.665656,19.735072,-30.165266,-3.441369
466.000000,1.199529,0.971999,78.627031,4.524194,2.229479,99.771394,-3.415354,21.278371,26.529879,24.691222,-2.981864,-6.430688,13.945443,-27.184422,-54.100515,7.368149,2.495193,15.000033,2.933900,-0.876274,10.668920,4.153989,22.902622,-28.813328,58.262696,-10.083583,-2.132873,8.533908,41.572010,-39.432779,26.469726,-25.744865,21.098798,-30.722825,-4.113967
467.000000,1.114182,1.030157,78.562086,4.621006,1.946813,99.418540,-1.633233,20.553355,27.310446,22.109704,-1.875999,-6.669294,14.140074,-27.262915,-53.470644,7.065764,2.316307,15.000033,2.545574,-0.299827,9.611975,4.981170,22.695020,-28.918087,57.847335,-9.090237,-2.008177,8.536359,42.803534,-40.386080,26.623967,-26.511680,21.954245,-31.429035,-4.864619
468.000000,0.976936,1.025099,78.461695,4.613843,1.606734,99.069540,0.241304,19.639660,27.625851,19.072930,-0.565961,-6.954082,14.409634,-27.320902,-53.096321,6.801924,2.143728,15.000033,2.173903,0.189175,8.550991,5.585778,22.539210,-29.306274,57.823232,-7.810888,-2.199388,8.563360,43.810022,-41.292920,26.544688,-27.156226,23.620470,-32.249715,-5.996361
469.000000,0.801809,0.969585,78.343247,4.475373,1.187212,98.784376,2.079616,19.002321,28.216265,16.283622,0.540375,-7.224298,14.709331,-27.259651,-52.541080,6.587252,1.977365,15.000033,1.671693,0.682011,7.725888,6.190707,22.367080,-29.774071,57.972466,-7.051897,-2.474512,8.899241,44.585056,-42.077332,26.480920,-27.944575,24.563720,-33.429190,-6.861011
470.000000,0.607892,0.879033,78.277198,4.473971,0.621259,98.602458,3.844585,18.300496,28.910219,13.859542,1.075942,-7.371491,15.228001,-27.418259,-52.307157,6.456825,2.023541,15.000033,1.319778,1.200885,7.146192,6.643627,22.157569,-29.891408,57.769411,-6.603865,-2.280179,9.165075,45.264946,-42.689156,26.094981,-28.736251,26.110400,-33.315344,-6.678881
471.000000,0.407549,0.769528,78.199463,4.476949,0.533988,98.516309,4.812412,17.550001,29.074791,11.728060,2.052699,-7.571748,15.236119,-27.584158,-52.170308,6.321453,2.004302,15.000033,0.995949,1.660572,6.711060,6.790074,21.993839,-30.395495,57.753024,-6.171586,-2.127991,8.955099,45.804996,-43.156403,25.753559,-29.328980,26.698585,-33.759463,-6.965834
472.000000,0.215708,0.637472,78.095082,4.181639,0.302839,98.444392,6.350856,16.953978,29.378335,8.609833,2.959410,-7.837739,15.300129,-27.238382,-51.444582,5.989916,1.963523,15.000033,0.729590,1.992128,6.205123,6.911892,21.880834,-30.969614,58.177324,-5.640003,-1.733949,9.138464,45.682133,-43.430245,25.607296,-29.479483,26.610340,-33.668987,-7.222489
473.000000,0.033778,0.506899,78.042382,3.886809,-0.060691,98.576502,7.328067,16.692979,29.358397,6.890948,3.612863,-7.990024,15.648925,-26.858691,-50.826704,5.618029,2.179661,15.000033,0.423458,2.358723,5.925687,7.033761,21.731962,-31.101449,58.265982,-5.940228,-1.674121,9.093347,45.778033,-43.635114,25.154558,-29.774769,27.422864,-33.405921,-7.104582
474.000000,-0.130185,0.378261,78.000780,3.691286,-0.278157,98.594572,7.469211,16.661409,28.961090,6.758782,3.520438,-8.307594,15.838253,-26.770983,-50.838259,5.528473,2.014991,15.000033,0.152171,2.732110,5.686177,6.852390,21.474845,-31.733052,58.683022,-5.270077,-1.487449,9.042537,46.025345,-43.943729,24.511443,-30.227637,28.026395,-33.649179,-7.561308
475.000000,-0.264931,0.256440,78.026151,3.736030,-0.396031,98.432469,7.596939,16.418813,28.919994,6.664551,3.489608,-8.403027,15.781031,-26.925643,-50.499177,5.427056,1.852171,15.000033,-0.161220,2.884700,5.494306,6.786920,21.302715,-32.362643,59.211293,-5.072837,-1.314686,9.346507,45.780837,-44.062202,24.217657,-30.470258,29.023714,-34.081500,-8.182532
476.000000,-0.383878,0.146332,78.059208,3.819357,-0.652087,98.356390,7.763894,16.076761,28.420253,6.594180,3.456914,-8.350485,15.964002,-27.173850,-50.492887,5.443255,2.054831,15.000033,-0.302932,3.082185,5.453122,6.705515,21.126128,-32.639835,59.469218,-5.038974,-1.275875,9.381638,45.853588,-44.094043,23.895357,-30.780988,29.486950,-33.908753,-8.055154
477.000000,-0.483603,0.043257,78.102389,3.825565,-0.747800,98.292813,7.770910,15.881407,28.048090,6.557471,3.464167,-8.309643,15.988770,-27.170449,-50.301527,5.188440,2.317245,15.000033,-0.215408,3.189832,5.388420,6.286323,20.874363,-33.174328,60.007394,-5.495968,-1.255894,9.177717,45.806611,-44.174849,23.699658,-30.881449,30.252010,-33.328040,-7.969300
478.000000,-0.580932,-0.048188,78.122788,3.690788,-0.857233,98.429701,7.752671,15.890038,27.751235,6.512207,3.317184,-8.363954,16.101630,-27.005650,-50.125521,5.016449,2.373882,15.000033,-0.258852,3.322616,5.287249,5.910260,20.653663,-33.545422,60.372217,-5.547685,-1.099047,8.973626,45.901367,-44.224373,23.351767,-30.865396,30.822012,-33.043234,-7.777264
479.000000,-0.671076,-0.125633,78.135135,3.680830,-0.995396,98.559765,7.761934,15.759950,27.434833,6.489841,3.196111,-8.244405,16.321637,-27.009877,-50.198354,4.839092,2.464515,15.000033,-0.253320,3.356421,5.280889,5.542884,20.465974,-33.861714,60.767821,-5.675888,-0.938853,8.672731,46.040955,-44.247554,23.103949,-30.895852,31.476500,-32.929681,-7.705682
480.000000,-0.757376,-0.192172,78.155533,3.607234,-1.065390,98.750944,7.693367,15.715462,27.129883,6.460658,3.101476,-8.190625,16.506016,-26.911233,-50.303213,4.630463,2.498296,15.000033,-0.165357,3.364446,5.350483,5.115166,20.331743,-34.330419,60.999190,-5.542218,-0.927730,8.364825,46.134777,-44.303731,23.008691,-30.755744,31.756302,-32.534675,-7.140596
481.000000,-0.837001,-0.250480,78.179668,3.568728,-1.078283,98.803714,7.649339,15.676375,27.078395,6.452654,3.068701,-8.112980,16.548110,-26.984390,-50.633272,4.669398,2.402532,15.000033,0.020761,3.328743,5.275315,4.719352,20.199034,-34.894576,61.293430,-5.443760,-0.854238,8.259189,46.186704,-44.400217,23.044647,-30.608612,31.530151,-32.177871,-7.277594
482.000000,-0.911982,-0.300731,78.215061,3.487145,-1.158179,98.915128,7.661995,15.695646,27.016668,6.442037,3.076416,-8.038103,16.725774,-26.893214,-50.786675,4.501380,2.504335,15.000033,0.133956,3.298327,5.291900,4.373885,20.090796,-35.267916,61.505730,-5.369524,-0.707622,7.973164,46.206132,-44.499679,23.070833,-30.411693,31.486643,-31.795931,-7.153652
483.000000,-0.977926,-0.347207,78.237472,3.458983,-1.177711,98.950001,7.645979,15.667855,27.034829,6.435341,3.070642,-7.966132,16.731180,-26.951804,-50.890668,4.553728,2.546631,15.000033,0.274308,3.250229,5.319970,4.079118,19.983570,-35.594277,61.693283,-5.310434,-0.633953,7.835946,46.192691,-44.618179,23.143229,-30.234554,31.123400,-31.642613,-7.001912
484.000000,-1.035874,-0.391014,78.249735,3.454690,-1.199904,99.028528,7.613477,15.618096,27.029535,6.432141,3.050643,-7.917249,16.827195,-26.951542,-50.997038,4.400592,2.637394,15.000033,0.339860,3.191784,5.393158,3.797290,19.882033,-35.807178,61.881706,-5.353858,-0.543747,7.701948,46.228436,-44.734285,23.159760,-30.119378,30.455598,-31.541187,-6.670723
485.000000,-1.084324,-0.438122,78.276498,3.440795,-1.238866,99.075729,7.581541,15.560496,26.879915,6.432990,3.105905,-7.962167,16.854182,-27.016417,-51.118090,4.476458,2.600429,15.000033,0.524884,3.163991,5.431975,3.490221,19.758144,-35.998327,62.017105,-5.292453,-0.383894,7.645541,46.252122,-44.912423,23.239521,-30.032592,30.265445,-31.026096,-6.501879
486.000000,-1.127299,-0.485692,78.301748,3.413883,-1.217393,99.093470,7.487824,15.504659,26.660203,6.416188,3.112357,-7.878342,16.892606,-27.035286,-51.447775,4.400573,2.632498,15.000033,0.603312,3.107033,5.532924,3.215664,19.675411,-36.247534,62.142871,-5.345071,-0.397106,7.547075,46.263911,-45.055126,23.297275,-29.888360,29.787359,-30.884179,-6.780295
487.000000,-1.163311,-0.538799,78.322596,3.368805,-1.246161,99.163344,7.429712,15.490598,26.490564,6.409278,3.108873,-7.823008,16.911487,-27.056240,-51.570639,4.480188,2.566105,15.000033,0.716263,3.065452,5.588361,2.920454,19.603725,-36.450895,62.232596,-5.340762,-0.386724,7.517842,46.291339,-45.201037,23.361803,-29.756793,29.550438,-30.901514,-6.657634
488.000000,-1.193651,-0.596350,78.353944,3.335637,-1.309511,99.201968,7.435665,15.491102,26.456630,6.402703,3.187125,-7.732520,16.967983,-27.096322,-51.765154,4.558820,2.530696,15.000033,0.825709,3.019599,5.627212,2.649959,19.540205,-36.663683,62.398803,-5.533383,-0.402357,7.511281,46.210430,-45.354688,23.476846,-29.615669,29.365808,-30.747979,-6.839521
489.000000,-1.220927,-0.657459,78.369649,3.315224,-1.361649,99.305202,7.385175,15.461266,26.311181,6.395578,3.205277,-7.694309,17.141591,-27.042391,-52.080510,4.362640,2.602724,15.000033,0.826143,2.983856,5.680380,2.446145,19.489059,-36.743311,62.464825,-5.648613,-0.347437,7.398878,46.145191,-45.469258,23.486071,-29.520284,29.174524,-30.418231,-6.764359
490.000000,-1.246382,-0.724605,78.378171,3.290205,-1.406907,99.479453,7.304890,15.456020,26.212510,6.401254,3.187766,-7.596824,17.183560,-27.072969,-52.149904,4.483308,2.573582,15.000033,0.819844,2.970242,5.721492,2.222952,19.428999,-36.699825,62.466372,-5.795421,-0.328968,7.258922,46.189548,-45.589578,23.398419,-29.499755,29.588688,-30.198221,-6.462830
491.000000,-1.272131,-0.798560,78.388242,3.248784,-1.464370,99.561919,7.282067,15.478314,26.218968,6.397434,3.180761,-7.565449,17.286159,-27.021812,-52.330828,4.378501,2.623202,15.000033,0.833342,2.959974,5.760128,2.030446,19.372251,-36.738081,62.480072,-5.880633,-0.299571,7.218408,46.179710,-45.711150,23.301827,-29.472420,29.636107,-29.953670,-6.567581
492.000000,-1.299716,-0.881292,78.404792,3.212216,-1.540084,99.588994,7.283480,15.476584,26.173537,6.392191,3.197545,-7.563881,17.320387,-27.041812,-52.459611,4.428670,2.616986,15.000033,0.887747,2.928897,5.777391,1.861768,19.338535,-36.766277,62.451061,-5.915162,-0.290674,7.198138,46.079518,-45.793085,23.217922,-29.394984,29.648733,-29.594270,-6.435307
493.000000,-1.330689,-0.972402,78.425405,3.188230,-1.622812,99.642118,7.262852,15.441508,26.040184,6.389132,3.233159,-7.559363,17.464402,-26.982025,-52.692003,4.217265,2.684698,15.000033,0.951563,2.889239,5.816442,1.702929,19.327296,-36.791626,62.327752,-5.994112,-0.264374,7.171703,45.969192,-45.825682,23.174159,-29.280584,29.508143,-29.252433,-6.447998
494.000000,-1.367023,-1.075171,78.442095,3.109795,-1.681722,99.664221,7.244311,15.491568,26.056932,6.384513,3.206439,-7.524627,17.419883,-26.993011,-52.744831,4.352334,2.608395,15.000033,1.026148,2.887101,5.847227,1.515932,19.296463,-36.803453,62.216376,-6.171896,-0.282471,7.268444,45.897792,-45.913327,23.061368,-29.194674,29.243609,-29.015180,-6.694686
495.000000,-1.404538,-1.191642,78.449753,3.029685,-1.787061,99.664195,7.288830,15.563611,26.188091,6.389294,3.148375,-7.524404,17.504889,-26.893408,-52.875807,4.190937,2.594707,15.000033,1.116720,2.877515,5.807958,1.351326,19.266895,-36.859919,62.074850,-6.310141,-0.239235,7.491496,45.748861,-46.022753,22.985552,-29.088842,29.222551,-28.763975,-6.932306
496.000000,-1.445012,-1.318368,78.486885,2.953467,-1.955040,99.636347,7.370296,15.592024,26.142684,6.402178,3.186196,-7.428280,17.613533,-26.879362,-53.061506,4.188558,2.618906,15.000033,1.235031,2.851403,5.847202,1.197479,19.255732,-36.865288,61.888972,-6.544317,-0.268649,7.568335,45.564342,-46.063971,22.945483,-28.903083,29.044450,-28.615252,-7.181173
497.000000,-1.482312,-1.455525,78.511330,2.907268,-2.052757,99.696631,7.348996,15.599447,26.161985,6.397592,3.235077,-7.385873,17.631318,-26.859050,-53.068336,4.162737,2.546254,15.000033,1.263156,2.834692,5.901978,1.015061,19.232120,-36.898686,61.659149,-6.919438,-0.247253,7.516746,45.374792,-46.162573,22.857070,-28.777675,29.215771,-28.175235,-7.207437
498.000000,-1.516835,-1.598614,78.531244,2.846158,-2.154865,99.680734,7.348655,15.616912,26.153882,6.393317,3.246361,-7.388571,17.627245,-26.836735,-53.096307,4.139210,2.537319,15.000033,1.357371,2.823372,5.973423,0.814981,19.216882,-36.940546,61.424728,-7.123529,-0.196059,7.465463,45.191003,-46.255924,22.768853,-28.659585,29.128337,-27.714766,-7.333819
499.000000,-1.545867,-1.743343,78.553407,2.787972,-2.351977,99.638842,7.464412,15.650596,26.218632,6.398898,3.274358,-7.351700,17.721377,-26.833734,-53.179544,4.150685,2.576770,15.000033,1.535272,2.807933,6.051745,0.605019,19.205484,-36.928868,61.187856,-7.400222,-0.153939,7.395823,44.969576,-46.361590,22.734645,-28.514806,28.507716,-27.069401,-7.539485
500.000000,-1.567987,-1.883025,78.553979,2.748190,-2.546097,99.658047,7.555303,15.667143,26.257939,6.402431,3.222994,-7.306468,17.817496,-26.819677,-53.103735,4.144209,2.668228,15.000033,1.651554,2.799371,6.154978,0.374066,19.187455,-36.839278,61.027172,-7.753217,-0.076040,7.303045,44.731861,-46.510770,22.745481,-28.404866,27.772435,-26.732147,-7.432147
501.000000,-1.580747,-2.014140,78.564218,2.684632,-2.593971,99.622561,7.524267,15.718522,26.320381,6.383522,3.226286,-7.303595,17.759918,-26.738336,-53.061253,4.040835,2.662884,15.000033,1.686855,2.800718,6.165923,0.216430,19.180012,-36.809054,60.883969,-7.966678,-0.105173,7.314611,44.467615,-46.634304,22.727416,-28.330894,27.427979,-26.448726,-7.465265
502.000000,-1.583334,-2.134677,78.580222,2.630986,-2.701363,99.488402,7.610999,15.783217,26.487446,6.373768,3.275047,-7.319079,17.750664,-26.692059,-53.143810,3.973052,2.643164,15.000033,1.762125,2.779599,6.150319,0.112489,19.182484,-36.839707,60.783147,-8.086655,-0.193370,7.381907,44.143292,-46.746709,22.750799,-28.239394,26.832275,-26.316367,-7.582600
503.000000,-1.574902,-2.241444,78.575926,2.627220,-2.811772,99.382559,7.695882,15.806388,26.650217,6.380056,3.264198,-7.289439,17.742214,-26.673701,-53.100905,3.901197,2.671267,15.000033,1.861579,2.760935,6.129386,-0.000454,19.186208,-36.817714,60.735584,-8.218841,-0.220397,7.414800,43.854415,-46.857105,22.810976,-28.220463,26.651473,-26.098642,-7.599165
504.000000,-1.559489,-2.332688,78.559666,2.634363,-2.894106,99.294040,7.764395,15.834666,26.860241,6.383062,3.223383,-7.271160,17.733475,-26.647902,-53.065256,3.803919,2.669070,15.000033,1.923579,2.757850,6.087974,-0.068911,19.192006,-36.759995,60.674389,-8.229347,-0.198532,7.376411,43.587313,-46.966091,22.905967,-28.234600,26.873733,-25.934392,-7.637374
505.000000,-1.540771,-2.407463,78.563105,2.660514,-3.040371,99.307130,7.838253,15.791791,26.768898,6.378376,3.299602,-7.317179,17.848791,-26.659851,-53.064039,3.776961,2.647418,15.000033,1.933659,2.743670,6.101577,-0.175496,19.199183,-36.749467,60.663487,-8.332351,-0.141163,7.322769,43.395084,-47.045930,22.966432,-28.275537,26.824793,-25.572643,-7.541469
506.000000,-1.520168,-2.466995,78.561073,2.655404,-3.095392,99.242338,7.882622,15.818747,26.857225,6.367723,3.324273,-7.322495,17.847709,-26.638317,-53.100798,3.737432,2.613739,15.000033,1.944660,2.727148,6.065664,-0.244187,19.212649,-36.786899,60.715850,-8.353279,-0.124769,7.310093,43.169548,-47.153236,23.094615,-28.279219,26.617520,-25.411525,-7.596808
507.000000,-1.501418,-2.511053,78.559798,2.628620,-3.169264,99.240978,7.950581,15.883421,27.001326,6.348526,3.354643,-7.329752,17.898094,-26.592956,-53.140555,3.726399,2.573879,15.000033,1.908108,2.719867,6.028091,-0.298940,19.219646,-36.849737,60.799896,-8.284569,-0.142370,7.270094,43.006526,-47.197518,23.158416,-28.279381,26.497571,-25.356351,-7.565630
508.000000,-1.485781,-2.540046,78.571559,2.592986,-3.246266,99.242272,8.035837,15.955294,27.144523,6.323669,3.452258,-7.386770,18.015882,-26.481157,-53.233371,3.570836,2.613625,15.000033,1.874256,2.716122,5.961861,-0.317156,19.228855,-36.916076,60.884241,-8.185985,-0.214168,7.261405,42.870089,-47.257253,23.252858,-28.262058,26.525351,-25.391371,-7.454318
509.000000,-1.475459,-2.554201,78.572911,2.550732,-3.273567,99.202164,8.099194,16.033544,27.308037,6.292832,3.478609,-7.436470,18.079915,-26.404605,-53.439538,3.475618,2.650112,15.000033,1.865245,2.695571,5.893810,-0.331763,19.240854,-37.070648,60.986722,-7.943230,-0.239442,7.274875,42.748689,-47.319049,23.392084,-28.199150,26.003346,-25.481924,-7.456939
510.000000,-1.468465,-2.557707,78.563250,2.517359,-3.267465,99.162675,8.142167,16.112698,27.519669,6.270177,3.446165,-7.447159,18.070755,-26.311514,-53.434375,3.367384,2.742985,15.000033,1.877186,2.679446,5.775016,-0.321660,19.251356,-37.182528,61.103167,-7.917087,-0.306713,7.234337,42.625845,-47.387384,23.545259,-28.152946,26.236872,-25.555641,-7.353519
511.000000,-1.466459,-2.552438,78.565680,2.521607,-3.199829,99.116318,8.103322,16.105965,27.550912,6.235028,3.497117,-7.541484,17.993377,-26.268109,-53.401286,3.260924,2.848290,15.000033,1.842709,2.654922,5.697146,-0.305434,19.262339,-37.378839,61.231309,-7.893505,-0.500827,7.218149,42.537338,-47.446579,23.651694,-28.164062,26.089639,-25.592591,-7.301382
512.000000,-1.471687,-2.543683,78.570460,2.463041,-3.193599,99.145271,8.104973,16.164990,27.530365,6.201339,3.499806,-7.600325,18.018473,-26.165905,-53.437277,3.190323,2.930702,15.000033,1.841407,2.646959,5.620670,-0.293147,19.274034,-37.419261,61.247485,-8.025168,-0.539414,7.225954,42.573937,-47.509282,23.710057,-28.118387,26.096734,-25.453139,-7.174475
513.000000,-1.481769,-2.535321,78.581226,2.418219,-3.198751,99.100774,8.146142,16.201157,27.523453,6.169093,3.524976,-7.664090,18.002182,-26.087401,-53.345925,3.133613,2.980271,15.000033,1.831888,2.642052,5.534687,-0.212934,19.287027,-37.487701,61.232513,-8.122734,-0.560101,7.227142,42.573370,-47.575327,23.754916,-28.099279,26.346853,-25.250350,-7.360494
514.000000,-1.497382,-2.529814,78.594862,2.343917,-3.229206,99.135955,8.188759,16.274749,27.538894,6.140796,3.558036,-7.767865,18.031014,-26.006733,-53.313529,3.159451,3.019951,15.000033,1.836067,2.649390,5.457701,-0.155323,19.295493,-37.535788,61.176567,-8.039439,-0.588011,7.138089,42.577281,-47.643430,23.810749,-28.024597,26.480212,-25.101233,-7.322893
515.000000,-1.517677,-2.526732,78.601758,2.284696,-3.271282,99.215025,8.227973,16.327629,27.557272,6.113084,3.561232,-7.834098,18.155148,-25.873336,-53.286460,2.991451,3.223302,15.000033,1.779748,2.655776,5.413748,-0.107540,19.300961,-37.566728,61.119820,-7.925077,-0.616473,7.066076,42.616652,-47.701438,23.809566,-27.968425,27.075059,-25.229539,-7.078533
516.000000,-1.537970,-2.529863,78.619104,2.226754,-3.328914,99.291959,8.277344,16.371373,27.542686,6.076454,3.619375,-7.891312,18.245140,-25.780861,-53.234519,2.939272,3.346885,15.000033,1.724558,2.661515,5.356463,-0.058527,19.301635,-37.618388,61.069731,-8.015995,-0.692982,6.955223,42.644865,-47.726747,23.799159,-27.904277,27.554530,-25.262232,-7.021143
517.000000,-1.560296,-2.534226,78.632464,2.179601,-3.339119,99.377229,8.268953,16.398718,27.531303,6.042279,3.659415,-7.946144,18.318152,-25.693481,-53.231257,2.835372,3.432030,15.000033,1.665284,2.659389,5.318658,-0.049335,19.301639,-37.667505,61.039248,-7.944776,-0.718812,6.895176,42.680877,-47.755125,23.766497,-27.830644,28.125508,-25.479391,-6.723564
518.000000,-1.579538,-2.543874,78.647200,2.089110,-3.356810,99.424312,8.289295,16.489086,27.573207,6.004368,3.693046,-8.056680,18.343235,-25.575858,-53.188555,2.800443,3.511987,15.000033,1.615855,2.676466,5.250838,-0.001884,19.299515,-37.696309,60.983307,-7.757108,-0.687973,6.924939,42.717947,-47.780100,23.687489,-27.757196,28.229441,-25.460249,-6.951864
519.000000,-1.593549,-2.557185,78.661842,2.028934,-3.411404,99.495697,8.332111,16.537385,27.564530,5.956403,3.751370,-8.121540,18.424295,-25.502063,-53.216097,2.788260,3.606904,15.000033,1.555545,2.697920,5.191321,0.032995,19.296814,-37.700310,60.925070,-7.695728,-0.687193,6.906731,42.783992,-47.786274,23.608432,-27.703957,28.423235,-25.634147,-7.050730
520.000000,-1.602299,-2.572673,78.672082,1.954024,-3.424941,99.595866,8.309775,16.606485,27.529554,5.921596,3.776377,-8.184267,18.516410,-25.347429,-53.241867,2.621984,3.693640,15.000033,1.490763,2.720533,5.141608,0.020597,19.294344,-37.725633,60.901244,-7.607979,-0.722687,6.816736,42.813914,-47.791365,23.526489,-27.669316,29.042872,-25.741410,-7.011592
521.000000,-1.600648,-2.595376,78.680952,1.891923,-3.503279,99.644586,8.382446,16.672718,27.538364,5.866988,3.843882,-8.306948,18.576027,-25.290798,-53.227566,2.689224,3.765819,15.000033,1.438203,2.753347,5.076616,0.022635,19.289918,-37.768619,60.922724,-7.475323,-0.672059,6.783093,42.837455,-47.789098,23.430561,-27.670534,28.762237,-25.793250,-7.314630
522.000000,-1.591894,-2.621107,78.680720,1.831546,-3.569601,99.769760,8.395977,16.735373,27.477020,5.828590,3.861108,-8.385977,18.737785,-25.169084,-53.356902,2.576950,3.859865,15.000033,1.401368,2.777893,5.012552,-0.050125,19.287011,-37.815602,60.958417,-7.377205,-0.667096,6.694375,42.810459,-47.790064,23.390866,-27.643961,28.934934,-25.986940,-7.299187
523.000000,-1.572170,-2.653831,78.681561,1.798102,-3.691486,99.793864,8.500586,16.785308,27.476356,5.803808,3.908705,-8.471555,18.863562,-25.102368,-53.326782,2.543732,3.887914,15.000033,1.410244,2.780937,4.946509,-0.118233,19.283858,-37.852641,61.052180,-7.368611,-0.642895,6.650172,42.751023,-47.789892,23.367042,-27.671509,28.779365,-26.041145,-7.371191
524.000000,-1.543691,-2.690318,78.664242,1.812589,-3.731998,99.873267,8.503183,16.780230,27.471205,5.750102,3.928972,-8.533268,18.948672,-25.092348,-53.458038,2.506067,3.862769,15.000033,1.275919,2.760737,4.869164,-0.195549,19.284814,-37.964981,61.208071,-7.247667,-0.657490,6.653577,42.681496,-47.779128,23.348681,-27.751686,29.477135,-26.326936,-7.326511
525.000000,-1.509398,-2.730802,78.655616,1.791821,-3.868956,99.967936,8.582833,16.813576,27.394158,5.713442,3.969214,-8.619418,19.141325,-25.018423,-53.574162,2.443679,3.887297,15.000033,1.277470,2.769215,4.798800,-0.310265,19.284939,-38.088977,61.325022,-7.114133,-0.656050,6.623861,42.673425,-47.745112,23.314983,-27.805911,29.598457,-26.518233,-7.247732
526.000000,-1.472236,-2.770964,78.653792,1.788794,-4.024272,100.034921,8.668522,16.807865,27.195780,5.686764,4.048069,-8.743942,19.330845,-24.971182,-53.637275,2.403943,3.901711,15.000033,1.279467,2.769799,4.746877,-0.400151,19.286788,-38.170092,61.400909,-7.044559,-0.616744,6.540472,42.613083,-47.707364,23.299766,-27.854249,29.077788,-26.604456,-7.345642
527.000000,-1.432763,-2.809627,78.638990,1.808291,-4.134404,99.940706,8.795701,16.813073,27.222573,5.664468,4.057347,-8.787874,19.393355,-24.999789,-53.765194,2.435375,3.859698,15.000033,1.322434,2.721000,4.670345,-0.492068,19.294341,-38.290839,61.600514,-6.863340,-0.617871,6.628703,42.463845,-47.672818,23.332185,-27.902592,28.796587,-26.523178,-7.501315
528.000000,-1.397532,-2.842229,78.622450,1.757593,-4.147562,99.923387,8.794709,16.889549,27.190776,5.622104,4.019997,-8.863858,19.398236,-24.888566,-53.861272,2.356632,3.825289,15.000033,1.352824,2.686337,4.577608,-0.583853,19.306705,-38.349616,61.710277,-6.794473,-0.558896,6.523999,42.343422,-47.637080,23.367660,-27.863349,28.821116,-26.371361,-7.548547
529.000000,-1.368524,-2.865804,78.612701,1.794907,-4.209910,99.963619,8.821328,16.848833,27.096169,5.590783,4.071021,-8.916351,19.473017,-24.943916,-53.956231,2.415397,3.797061,15.000033,1.289599,2.646855,4.554239,-0.678422,19.317872,-38.407972,61.910213,-6.872292,-0.496409,6.544936,42.224591,-47.600571,23.380835,-27.920669,28.425463,-26.327828,-7.623069
530.000000,-1.345382,-2.885577,78.607594,1.743883,-4.224959,100.064752,8.791881,16.919671,27.055180,5.553876,4.086854,-8.970231,19.520543,-24.843071,-53.995337,2.384254,3.812650,15.000033,1.211673,2.636846,4.491360,-0.748883,19.327822,-38.444967,62.014320,-6.832935,-0.488529,6.424850,42.142841,-47.564710,23.378640,-27.866917,28.635507,-26.427438,-7.557354
531.000000,-1.326630,-2.902354,78.607992,1.741779,-4.282594,100.018671,8.843409,16.916901,26.954845,5.541047,4.097346,-8.943407,19.583749,-24.848978,-54.135999,2.385226,3.839671,15.000033,1.280048,2.548799,4.505502,-0.874114,19.347206,-38.518075,62.224109,-6.893055,-0.446463,6.457084,41.983133,-47.496338,23.465751,-27.762981,27.972947,-26.274948,-7.687823
532.000000,-1.308432,-2.921962,78.602622,1.666041,-4.268665,99.981795,8.864769,17.050938,27.148865,5.509928,4.060872,-8.893328,19.498002,-24.704532,-53.937892,2.323541,3.868188,15.000033,1.266239,2.524503,4.421100,-0.940880,19.360273,-38.557385,62.412865,-6.887940,-0.415126,6.432936,41.775756,-47.451246,23.513293,-27.640728,28.258357,-26.248625,-7.482246
533.000000,-1.290068,-2.942565,78.600522,1.673880,-4.312687,100.000002,8.905282,17.070017,27.227927,5.492680,4.105353,-8.863171,19.553165,-24.671411,-53.963190,2.255304,3.966380,15.000033,1.261032,2.485363,4.391354,-1.008381,19.373217,-38.623970,62.531871,-7.026748,-0.341460,6.468272,41.661827,-47.400869,23.547089,-27.616584,28.361750,-25.988248,-7.574225
534.000000,-1.272180,-2.965387,78.597327,1.655588,-4.345788,100.032755,8.923085,17.108172,27.259637,5.469937,4.121409,-8.846079,19.605553,-24.630803,-54.049383,2.226622,4.012959,15.000033,1.206194,2.453926,4.402185,-1.096397,19.383047,-38.693077,62.695778,-6.921913,-0.327870,6.541673,41.535382,-47.361716,23.557836,-27.588599,28.495116,-25.987969,-7.545768
535.000000,-1.251637,-2.991328,78.593412,1.645552,-4.417722,100.113589,8.955960,17.138575,27.269377,5.456599,4.146865,-8.820966,19.696745,-24.601854,-54.076530,2.234514,4.025307,15.000033,1.194867,2.432124,4.407407,-1.211706,19.393501,-38.790252,62.794704,-6.775881,-0.294665,6.537034,41.440073,-47.320412,23.598275,-27.535811,28.217536,-26.126706,-7.570769
536.000000,-1.227230,-3.020554,78.577457,1.663914,-4.510004,100.168608,9.021098,17.149325,27.325388,5.448657,4.149354,-8.823763,19.800511,-24.622084,-54.146565,2.266245,4.017225,15.000033,1.274193,2.424941,4.424655,-1.315460,19.396757,-38.766437,62.822443,-6.682146,-0.320431,6.491133,41.420658,-47.303982,23.640466,-27.588354,27.811364,-26.288782,-7.460947
537.000000,-1.201317,-3.050972,78.555709,1.644483,-4.556534,100.267025,9.009169,17.199858,27.328293,5.447971,4.096021,-8.844337,19.841950,-24.577161,-54.096543,2.292654,4.061141,15.000033,1.272713,2.416007,4.421491,-1.425761,19.400559,-38.697402,62.853376,-6.672990,-0.258670,6.454248,41.395431,-47.285446,23.649968,-27.602887,27.770635,-26.173760,-7.224566
538.000000,-1.173549,-3.082374,78.552592,1.618137,-4.569033,100.289015,9.011479,17.269701,27.449046,5.423468,4.130729,-8.822266,19.833479,-24.523108,-54.122665,2.289506,4.059425,15.000033,1.259783,2.404115,4.421401,-1.505664,19.408944,-38.653173,62.903220,-6.657134,-0.282666,6.463308,41.302245,-47.262505,23.677593,-27.595553,27.781668,-26.037205,-7.188861
539.000000,-1.143773,-3.114782,78.541341,1.616042,-4.584464,100.266310,9.022924,17.300127,27.508900,5.396768,4.133952,-8.811736,19.827539,-24.505469,-54.223797,2.277465,4.084562,15.000033,1.228556,2.366718,4.426508,-1.561107,19.428455,-38.695021,62.974109,-6.745890,-0.346313,6.474039,41.144148,-47.226762,23.750960,-27.572250,27.801034,-25.983066,-7.182310
540.000000,-1.113828,-3.146118,78.517492,1.639969,-4.654731,100.251185,9.068557,17.300317,27.504162,5.407563,4.068213,-8.768495,19.885039,-24.526824,-54.265912,2.282422,4.170321,15.000033,1.270843,2.335810,4.465062,-1.660021,19.444760,-38.636012,63.028653,-6.846866,-0.242205,6.555852,41.053670,-47.195074,23.771414,-27.629189,27.509151,-25.659278,-7.094970
541.000000,-1.081082,-3.178830,78.518968,1.654455,-4.663144,100.164344,9.080009,17.309347,27.531927,5.401261,4.120501,-8.732044,19.830088,-24.546703,-54.313727,2.308401,4.153966,15.000033,1.337796,2.311982,4.464244,-1.730878,19.453955,-38.642727,63.091217,-6.888404,-0.281588,6.699558,40.944325,-47.186722,23.813005,-27.639708,26.927710,-25.548991,-7.220323
542.000000,-1.047128,-3.211542,78.518731,1.665458,-4.685087,100.150368,9.078465,17.325635,27.548982,5.398076,4.182229,-8.720323,19.819816,-24.531843,-54.290866,2.294902,4.173648,15.000033,1.323845,2.275263,4.460302,-1.813986,19.482594,-38.656170,63.174128,-6.914785,-0.270925,6.797235,40.731995,-47.156200,23.944913,-27.597143,26.535868,-25.503127,-7.350411
543.000000,-1.012729,-3.244728,78.513728,1.631333,-4.707457,100.142694,9.077527,17.392625,27.557691,5.385939,4.186874,-8.701972,19.786179,-24.465177,-54.201714,2.306283,4.183614,15.000033,1.315148,2.262285,4.458614,-1.874603,19.511779,-38.608820,63.208309,-6.894694,-0.234071,6.991640,40.572196,-47.119560,24.015655,-27.528881,25.990811,-25.448262,-7.491856
544.000000,-0.976806,-3.277102,78.513734,1.692480,-4.816373,100.110592,9.127582,17.324475,27.355694,5.428538,4.253342,-8.723912,19.879917,-24.523142,-54.252149,2.310958,4.238613,15.000033,1.403492,2.216289,4.492284,-1.966903,19.533173,-38.583297,63.262878,-7.047580,-0.282908,7.038461,40.433966,-47.100952,24.110707,-27.585110,25.637545,-25.325892,-7.608547
545.000000,-0.943628,-3.305557,78.516244,1.721532,-4.864579,100.082459,9.148934,17.314289,27.321221,5.441209,4.325937,-8.703365,19.901339,-24.543582,-54.281982,2.319726,4.257556,15.000033,1.432148,2.162439,4.492015,-2.006722,19.568545,-38.530396,63.270172,-7.155275,-0.311174,7.113453,40.263280,-47.072569,24.255143,-27.555578,25.381060,-25.201203,-7.730848
546.000000,-0.914309,-3.328954,78.508894,1.739149,-4.894954,100.044704,9.170915,17.322463,27.340966,5.449076,4.337139,-8.680359,19.911847,-24.534182,-54.288879,2.281613,4.292950,15.000033,1.426320,2.117740,4.483299,-2.020459,19.612505,-38.489224,63.279760,-7.319132,-0.344558,7.124294,40.049168,-47.042107,24.399282,-27.501789,25.387596,-25.101638,-7.738081
547.000000,-0.889998,-3.346389,78.499507,1.717216,-4.923394,100.042787,9.185864,17.373151,27.356345,5.452764,4.305849,-8.655737,19.906329,-24.512176,-54.278634,2.337893,4.265136,15.000033,1.417103,2.094089,4.468035,-2.020790,19.659444,-38.417055,63.251046,-7.255587,-0.341097,7.264795,39.898004,-47.007227,24.495763,-27.417911,25.086522,-25.094445,-7.866157
548.000000,-0.869159,-3.357078,78.487415,1.718155,-4.927984,100.069599,9.168761,17.389259,27.342031,5.449962,4.275720,-8.621748,19.917023,-24.488792,-54.281068,2.318818,4.256319,15.000033,1.432325,2.075642,4.438975,-2.053098,19.674093,-38.377402,63.233973,-7.537386,-0.367311,7.273487,39.880067,-46.997404,24.525120,-27.427631,25.166943,-25.004880,-7.821932
549.000000,-0.849640,-3.362977,78.489004,1.717014,-4.929207,100.037127,9.199402,17.436691,27.508914,5.449064,4.319256,-8.581864,19.888815,-24.463087,-54.217056,2.303757,4.237087,15.000033,1.439273,2.038597,4.421664,-2.024262,19.723187,-38.306189,63.196895,-7.551697,-0.356310,7.441795,39.735675,-46.971607,24.646498,-27.360928,24.684713,-24.992297,-8.151258
550.000000,-0.830717,-3.366039,78.493807,1.724534,-4.973556,99.994148,9.246721,17.452636,27.506897,5.479885,4.367939,-8.616198,19.902865,-24.493291,-54.249385,2.380408,4.192658,15.000033,1.490396,2.006950,4.395892,-1.989064,19.775828,-38.250249,63.153993,-7.650613,-0.397310,7.515767,39.580067,-46.957302,24.804124,-27.304600,24.238696,-24.832103,-8.450703
551.000000,-0.812591,-3.366358,78.483008,1.696292,-4.956219,99.955630,9.236915,17.502060,27.494377,5.485610,4.308879,-8.634028,19.873161,-24.450008,-54.276430,2.374706,4.184477,15.000033,1.465717,1.988865,4.355642,-1.932128,19.829476,-38.142606,63.116387,-7.723062,-0.434717,7.619186,39.453405,-46.940351,24.890242,-27.247529,24.272783,-24.768883,-8.508040
552.000000,-0.792251,-3.366230,78.468474,1.741619,-4.974841,99.887628,9.276835,17.475957,27.526805,5.506146,4.278358,-8.617972,19.865757,-24.487425,-54.188597,2.359601,4.137767,15.000033,1.431797,1.975876,4.326878,-1.883558,19.856895,-38.083796,63.143736,-7.861534,-0.506954,7.893388,39.366613,-46.927109,24.911963,-27.340601,24.328401,-24.883413,-8.592431
553.000000,-0.769886,-3.368303,78.466255,1.746524,-5.005269,99.902118,9.287542,17.498388,27.516253,5.537969,4.300460,-8.641856,19.908167,-24.470042,-54.195474,2.347889,4.105145,15.000033,1.467948,1.953757,4.297057,-1.873300,19.906791,-37.967543,63.087955,-8.100525,-0.461590,8.052387,39.287898,-46.915284,25.015862,-27.324500,23.760784,-24.703056,-8.774115
554.000000,-0.747223,-3.371393,78.450811,1.778645,-5.039389,99.932914,9.269906,17.454619,27.324005,5.558730,4.260674,-8.658674,19.987672,-24.468733,-54.227400,2.281144,4.081461,15.000033,1.518964,1.926310,4.319754,-1.934010,19.957735,-37.991871,63.080151,-8.288084,-0.477248,7.943480,39.213851,-46.921788,25.181775,-27.341018,23.135542,-24.630898,-8.686142
555.000000,-0.724309,-3.377371,78.444870,1.785363,-5.095325,99.960701,9.308753,17.475396,27.334736,5.576664,4.271250,-8.652161,20.001265,-24.511148,-54.157563,2.429867,3.961649,15.000033,1.546217,1.916072,4.281450,-1.930982,20.000825,-37.886025,63.042596,-8.548062,-0.454015,8.088463,39.141298,-46.928524,25.297298,-27.345485,22.896025,-24.538697,-8.704229
556.000000,-0.702380,-3.384259,78.430771,1.820935,-5.089814,99.925778,9.287920,17.434786,27.229934,5.580361,4.241980,-8.662850,19.986811,-24.519689,-54.138442,2.379269,3.954189,15.000033,1.523603,1.895719,4.279216,-1.925510,20.033811,-37.906802,63.055168,-8.581266,-0.553244,7.971530,39.046145,-46.933478,25.361641,-27.400463,22.840034,-24.562291,-8.555808
557.000000,-0.683250,-3.392290,78.418092,1.810095,-5.085707,99.949460,9.281848,17.480620,27.324145,5.577166,4.219292,-8.679054,19.982434,-24.489529,-54.161177,2.378243,3.885383,15.000033,1.460872,1.879282,4.243647,-1.900763,20.090176,-37.913115,63.041442,-8.559480,-0.629327,8.017463,38.929305,-46.936269,25.432150,-27.384027,23.200100,-24.618282,-8.496881
558.000000,-0.666528,-3.401447,78.415558,1.808336,-5.167724,99.941169,9.367746,17.510008,27.364185,5.590052,4.238057,-8.689601,20.047113,-24.476379,-54.129124,2.394108,3.889790,15.000033,1.499548,1.878393,4.232236,-1.896638,20.113443,-37.910233,63.030171,-8.678612,-0.639718,8.000096,38.872602,-46.939709,25.478004,-27.407777,22.931091,-24.469043,-8.623272
559.000000,-0.655686,-3.407114,78.407489,1.815677,-5.154861,99.934348,9.341958,17.513988,27.360787,5.608028,4.216897,-8.719621,20.025551,-24.493862,-54.144156,2.418963,3.817226,15.000033,1.477576,1.849227,4.222625,-1.870886,20.165134,-37.859033,62.977628,-8.707318,-0.652385,8.061395,38.784530,-46.945539,25.550392,-27.398916,22.978208,-24.431512,-8.640377
560.000000,-0.647884,-3.412493,78.402998,1.817952,-5.184986,99.961341,9.356370,17.519895,27.351478,5.614320,4.211931,-8.716560,20.077398,-24.491109,-54.184371,2.412004,3.793767,15.000033,1.429146,1.844365,4.226161,-1.829566,20.208065,-37.803451,62.922567,-8.737532,-0.644139,8.097791,38.739852,-46.944000,25.574183,-27.413031,22.998713,-24.425652,-8.702161
561.000000,-0.642438,-3.417526,78.393595,1.800139,-5.194034,99.978597,9.352493,17.543989,27.332913,5.615415,4.164413,-8.731658,20.084314,-24.465790,-54.171659,2.416623,3.787534,15.000033,1.402593,1.838648,4.200308,-1.816665,20.225800,-37.773140,62.915538,-8.754572,-0.638413,8.141265,38.718393,-46.940239,25.567003,-27.406163,23.036342,-24.407472,-8.719935
562.000000,-0.638414,-3.421800,78.388511,1.781165,-5.201031,99.977901,9.366424,17.577978,27.381352,5.611692,4.136520,-8.723698,20.083079,-24.439582,-54.148979,2.416267,3.807603,15.000033,1.364559,1.834343,4.191329,-1.773035,20.260920,-37.719611,62.883965,-8.749094,-0.638712,8.168318,38.656099,-46.932915,25.565472,-27.392250,23.040280,-24.415750,-8.698806
563.000000,-0.634002,-3.426741,78.396031,1.761837,-5.223891,99.967945,9.392199,17.606435,27.390065,5.612747,4.164008,-8.711851,20.098910,-24.420302,-54.166819,2.428416,3.798244,15.000033,1.354840,1.826530,4.182316,-1.749652,20.282478,-37.703243,62.855840,-8.769009,-0.653425,8.210744,38.600152,-46.929880,25.579505,-27.351526,23.004829,-24.339339,-8.832901
564.000000,-0.627875,-3.432596,78.395482,1.762665,-5.223779,99.973453,9.397397,17.618503,27.442402,5.602280,4.180217,-8.689075,20.096032,-24.415319,-54.143760,2.422341,3.841718,15.000033,1.319425,1.808028,4.180855,-1.729673,20.318817,-37.692765,62.823919,-8.799665,-0.639182,8.219011,38.522215,-46.926159,25.619935,-27.334553,22.793319,-24.351732,-8.916913
565.000000,-0.618927,-3.442141,78.388157,1.754538,-5.214513,99.958910,9.383783,17.630713,27.427839,5.595040,4.148141,-8.684478,20.066758,-24.393767,-54.094710,2.406779,3.851940,15.000033,1.309296,1.802216,4.164857,-1.730062,20.335155,-37.688359,62.803313,-8.787676,-0.638164,8.259323,38.480073,-46.923488,25.631053,-27.323784,22.723014,-24.402413,-8.871846
566.000000,-0.606509,-3.456638,78.379448,1.745771,-5.219411,99.903614,9.399952,17.656269,27.462723,5.592997,4.118742,-8.702272,20.008456,-24.378199,-53.955724,2.419631,3.852888,15.000033,1.318332,1.804703,4.166396,-1.704221,20.364242,-37.659314,62.747878,-8.832007,-0.644261,8.328485,38.387102,-46.918223,25.670100,-27.304444,22.389562,-24.462557,-8.961002
567.000000,-0.591588,-3.475791,78.383824,1.748246,-5.260742,99.880694,9.428398,17.671238,27.473497,5.613113,4.163803,-8.720944,20.006076,-24.374046,-53.846490,2.436600,3.845990,15.000033,1.345157,1.801760,4.171535,-1.697608,20.392838,-37.575063,62.681714,-8.933931,-0.633789,8.362628,38.289639,-46.913624,25.696822,-27.303050,22.340197,-24.395643,-9.034571
568.000000,-0.574617,-3.501531,78.379526,1.722191,-5.314528,99.878042,9.501230,17.752075,27.692645,5.603427,4.196640,-8.759277,20.023479,-24.348231,-53.856572,2.480213,3.806110,15.000033,1.363659,1.818967,4.140471,-1.708190,20.407847,-37.551405,62.650974,-8.874659,-0.627683,8.542995,38.194320,-46.914006,25.720320,-27.270234,22.459047,-24.517082,-9.311675
569.000000,-0.559171,-3.529242,78.375621,1.705242,-5.297914,99.859147,9.466889,17.782548,27.702317,5.596681,4.202684,-8.805560,19.976360,-24.303211,-53.834500,2.438218,3.819812,15.000033,1.347228,1.834346,4.154743,-1.692746,20.442447,-37.515790,62.584557,-8.750740,-0.677850,8.574907,38.058431,-46.914596,25.771208,-27.246713,22.472603,-24.513101,-9.427097
570.000000,-0.545451,-3.559223,78.370252,1.748774,-5.340354,99.766555,9.512483,17.736674,27.689389,5.603077,4.212713,-8.796510,19.931982,-24.391183,-53.765133,2.523010,3.825823,15.000033,1.301493,1.805774,4.181738,-1.643841,20.503613,-37.531300,62.509274,-8.730630,-0.767030,8.504907,37.878038,-46.905172,25.807923,-27.265356,22.703389,-24.586525,-9.420112
571.000000,-0.535927,-3.590124,78.370465,1.719196,-5.352494,99.768099,9.496960,17.772015,27.673409,5.594923,4.222849,-8.836619,19.913960,-24.339047,-53.713559,2.497565,3.833474,15.000033,1.268860,1.815293,4.182772,-1.645421,20.516363,-37.491151,62.463604,-8.693049,-0.773069,8.550687,37.806767,-46.900634,25.796194,-27.246443,22.713404,-24.615746,-9.439639
572.000000,-0.530406,-3.620189,78.387173,1.655418,-5.401067,99.758522,9.526339,17.861673,27.720416,5.616815,4.273429,-8.859353,19.909689,-24.269016,-53.627786,2.527042,3.801800,15.000033,1.338589,1.841682,4.226756,-1.617351,20.551875,-37.285077,62.315267,-8.724631,-0.691448,8.695842,37.716620,-46.891098,25.820644,-27.154150,22.442030,-24.543078,-9.594384
573.000000,-0.526725,-3.647547,78.402791,1.614384,-5.397449,99.707446,9.523808,17.917961,27.771967,5.622173,4.309654,-8.802103,19.855249,-24.182810,-53.511890,2.447478,3.875110,15.000033,1.348437,1.845485,4.234242,-1.576210,20.574485,-37.196362,62.215778,-8.749405,-0.753250,8.723658,37.626246,-46.884390,25.843933,-27.068874,22.123871,-24.589113,-9.838464
574.000000,-0.525503,-3.670793,78.411903,1.643278,-5.461888,99.712348,9.562320,17.878419,27.732989,5.630004,4.387871,-8.822160,19.910191,-24.236065,-53.524735,2.478356,3.855622,15.000033,1.330105,1.833532,4.263713,-1.573020,20.585630,-37.171764,62.163170,-8.752420,-0.737632,8.733689,37.551958,-46.880750,25.841971,-27.083146,22.228716,-24.548866,-9.845641
575.000000,-0.526488,-3.689782,78.417653,1.616087,-5.451075,99.701248,9.547010,17.914112,27.779799,5.625805,4.405954,-8.832910,19.872012,-24.212532,-53.519472,2.488463,3.854894,15.000033,1.264691,1.830884,4.277750,-1.539140,20.609231,-37.137181,62.103539,-8.685107,-0.737370,8.750757,37.452948,-46.870175,25.826869,-27.025705,22.331862,-24.560430,-9.866116
576.000000,-0.527329,-3.705390,78.427021,1.582600,-5.441935,99.630376,9.574060,17.977421,27.942562,5.627566,4.429528,-8.814342,19.793120,-24.169022,-53.400708,2.483548,3.871839,15.000033,1.246153,1.811528,4.260957,-1.503248,20.622530,-37.137903,62.056466,-8.739817,-0.770512,8.787917,37.379067,-46.863420,25.816602,-26.959868,22.346751,-24.646708,-9.875303
577.000000,-0.528460,-3.716716,78.428249,1.566800,-5.430891,99.578787,9.575243,17.997290,27.969287,5.627224,4.420643,-8.828426,19.728297,-24.154973,-53.316114,2.496361,3.864201,15.000033,1.255022,1.807346,4.255370,-1.470999,20.634127,-37.125809,62.002465,-8.687056,-0.779894,8.789558,37.331005,-46.856004,25.806804,-26.921434,22.335554,-24.647409,-9.862466
578.000000,-0.529231,-3.724538,78.428462,1.554840,-5.450810,99.605570,9.586178,18.013146,27.982005,5.621604,4.421464,-8.812925,19.738177,-24.140408,-53.265851,2.512269,3.902905,15.000033,1.223246,1.802975,4.264103,-1.423743,20.672334,-37.064034,61.898467,-8.705754,-0.745262,8.752203,37.317898,-46.826357,25.768439,-26.901771,22.325821,-24.548658,-9.903047
579.000000,-0.530169,-3.728377,78.421665,1.573669,-5.462998,99.612075,9.579652,17.986063,27.937784,5.639073,4.393085,-8.826312,19.748522,-24.183137,-53.266800,2.549544,3.854361,15.000033,1.190216,1.784574,4.279870,-1.396143,20.704381,-36.993535,61.840185,-8.708891,-0.728331,8.755089,37.296140,-46.799617,25.722469,-26.922545,22.703702,-24.523541,-9.839346
580.000000,-0.529292,-3.731054,78.416294,1.547208,-5.462271,99.592492,9.581688,18.015802,27.921615,5.639227,4.340503,-8.820529,19.716290,-24.142574,-53.159716,2.544040,3.811604,15.000033,1.154289,1.783790,4.256071,-1.349894,20.714551,-36.960033,61.795069,-8.719095,-0.754398,8.785045,37.302675,-46.785723,25.688516,-26.918578,22.812950,-24.475920,-9.887943
581.000000,-0.526069,-3.731567,78.416194,1.540302,-5.475138,99.579259,9.605489,18.030102,27.943572,5.633798,4.344668,-8.824586,19.699583,-24.134972,-53.080507,2.570777,3.809913,15.000033,1.125636,1.789307,4.262022,-1.258750,20.749536,-36.887546,61.684950,-8.648355,-0.763780,8.747083,37.336909,-46.735562,25.594193,-26.954056,22.718954,-24.493053,-9.897205
582.000000,-0.522035,-3.729014,78.412332,1.522224,-5.454723,99.575296,9.586784,18.057646,27.955276,5.636325,4.320803,-8.851182,19.689136,-24.087770,-53.058045,2.515702,3.785487,15.000033,1.105345,1.778303,4.258168,-1.221123,20.784290,-36.855428,61.635552,-8.642547,-0.796930,8.747573,37.338707,-46.689444,25.546876,-26.948744,22.859285,-24.518550,-9.881865
583.000000,-0.513824,-3.725931,78.411124,1.539877,-5.454928,99.567180,9.590274,18.042215,27.934711,5.632536,4.336801,-8.836677,19.653156,-24.120556,-52.987747,2.584003,3.784156,15.000033,1.104868,1.776164,4.240112,-1.161107,20.813906,-36.815266,61.564430,-8.673601,-0.782296,8.706229,37.367851,-46.643534,25.510258,-26.993450,22.716219,-24.406444,-10.004339
584.000000,-0.504354,-3.721740,78.410268,1.540160,-5.457878,99.565530,9.594397,18.053543,27.937035,5.641441,4.340027,-8.830922,19.665951,-24.082670,-52.946607,2.523691,3.806095,15.000033,1.102805,1.774268,4.224034,-1.136434,20.831816,-36.796489,61.554751,-8.728680,-0.787319,8.703615,37.371616,-46.615275,25.502064,-27.004838,22.818608,-24.400522,-10.048545
585.000000,-0.493632,-3.717232,78.408468,1.561898,-5.471543,99.544639,9.607134,18.030151,27.882443,5.649348,4.343343,-8.807613,19.670530,-24.106749,-52.939378,2.542623,3.778298,15.000033,1.132541,1.757878,4.224459,-1.120203,20.849547,-36.802470,61.527670,-8.749957,-0.799783,8.645017,37.375884,-46.590949,25.519429,-27.021006,22.933770,-24.439171,-10.015197
586.000000,-0.482470,-3.712522,78.402628,1.589294,-5.456771,99.545097,9.576216,17.994127,27.788840,5.656153,4.329230,-8.782460,19.665147,-24.125074,-52.954514,2.530032,3.771529,15.000033,1.121212,1.744244,4.231001,-1.120579,20.864700,-36.832778,61.544546,-8.785209,-0.859706,8.469520,37.370850,-46.572489,25.532598,-27.058145,22.973524,-24.453467,-9.891116
587.000000,-0.471969,-3.708373,78.395647,1.616524,-5.445761,99.508468,9.569445,17.972140,27.776558,5.675503,4.308796,-8.777200,19.637611,-24.149439,-52.911039,2.529236,3.722868,15.000033,1.133654,1.738102,4.226159,-1.103101,20.872442,-36.823649,61.553677,-8.892971,-0.888521,8.515373,37.364213,-46.561878,25.539583,-27.107736,23.160260,-24.504992,-9.842173
588.000000,-0.461428,-3.706075,78.393430,1.625853,-5.480275,99.526097,9.600298,17.981464,27.806614,5.691987,4.318906,-8.761833,19.678531,-24.147753,-52.888412,2.533659,3.685398,15.000033,1.184751,1.729607,4.195839,-1.102572,20.887907,-36.750296,61.528873,-9.113260,-0.842706,8.639543,37.387470,-46.539837,25.554842,-27.114021,23.238965,-24.378518,-9.895395
589.000000,-0.452252,-3.704722,78.387705,1.624728,-5.492601,99.570954,9.592305,17.978824,27.742967,5.679492,4.305755,-8.748150,19.708085,-24.132850,-52.889805,2.534942,3.691464,15.000033,1.120717,1.723835,4.212188,-1.070601,20.914105,-36.726925,61.505258,-9.102486,-0.910193,8.436369,37.373058,-46.500008,25.556156,-27.114890,23.216553,-24.442116,-9.725090
590.000000,-0.442965,-3.704976,78.394206,1.605083,-5.464236,99.550646,9.575716,18.014170,27.775906,5.673426,4.331351,-8.720573,19.654222,-24.075989,-52.805141,2.497997,3.737816,15.000033,1.130823,1.729189,4.180871,-1.014514,20.942067,-36.681310,61.442476,-9.158222,-0.905236,8.435388,37.380537,-46.451049,25.561577,-27.089357,23.022430,-24.392645,-9.868965
591.000000,-0.434945,-3.706422,78.387747,1.604487,-5.487560,99.577289,9.587614,18.028209,27.789101,5.685493,4.312892,-8.720570,19.681461,-24.068532,-52.785684,2.509874,3.696634,15.000033,1.158687,1.730202,4.158060,-1.008067,20.953170,-36.598571,61.394081,-9.297346,-0.848796,8.569248,37.408769,-46.428817,25.559671,-27.091884,23.074305,-24.292309,-9.957176
592.000000,-0.427896,-3.708618,78.376107,1.656760,-5.493635,99.579641,9.580017,17.967026,27.748635,5.691646,4.295861,-8.706950,19.704590,-24.131449,-52.827368,2.503819,3.669766,15.000033,1.105404,1.704760,4.185299,-0.999859,20.965534,-36.583655,61.408761,-9.294274,-0.910089,8.415608,37.353073,-46.410139,25.551291,-27.152673,23.403109,-24.314098,-9.659471
593.000000,-0.421896,-3.713520,78.376556,1.652948,-5.494898,99.557114,9.583346,17.978053,27.754081,5.697093,4.296923,-8.699609,19.692154,-24.118868,-52.819258,2.494580,3.677939,15.000033,1.123734,1.703389,4.181498,-0.990673,20.975827,-36.573952,61.382797,-9.273007,-0.901299,8.395530,37.331077,-46.395741,25.553067,-27.135595,23.453348,-24.278700,-9.620416
594.000000,-0.416750,-3.720482,78.374276,1.657529,-5.519948,99.582658,9.597652,17.974845,27.746220,5.687778,4.304803,-8.683500,19.705430,-24.127451,-52.799539,2.531099,3.684259,15.000033,1.137253,1.707375,4.169674,-0.966929,20.992217,-36.527113,61.314359,-9.334363,-0.895312,8.387420,37.358868,-46.366827,25.545611,-27.142866,23.312408,-24.192590,-9.702010
595.000000,-0.414774,-3.727548,78.378426,1.659268,-5.529131,99.610440,9.583867,17.969946,27.715458,5.694683,4.333179,-8.697723,19.733776,-24.115829,-52.832806,2.502240,3.692433,15.000033,1.150957,1.702136,4.166709,-0.963498,21.004937,-36.504764,61.250343,-9.382721,-0.897111,8.399116,37.376920,-46.345501,25.546189,-27.128752,23.307034,-24.144281,-9.790301
596.000000,-0.415452,-3.735069,78.375049,1.641747,-5.537072,99.666720,9.563780,17.983872,27.684857,5.686550,4.315731,-8.700458,19.751999,-24.092016,-52.822940,2.507732,3.691370,15.000033,1.147126,1.701553,4.149029,-0.960978,21.013946,-36.456500,61.181506,-9.374313,-0.876295,8.457106,37.407702,-46.325954,25.531843,-27.094634,23.255258,-24.150394,-9.754464
597.000000,-0.417297,-3.742677,78.380780,1.619358,-5.565704,99.723979,9.574228,18.013358,27.712293,5.684923,4.343392,-8.703876,19.792175,-24.072892,-52.835150,2.535209,3.689199,15.000033,1.192296,1.703970,4.153060,-0.973784,21.026287,-36.324326,61.111981,-9.494556,-0.806860,8.678851,37.450750,-46.296966,25.517350,-27.055606,23.248357,-24.039932,-9.915574
598.000000,-0.419265,-3.749731,78.386520,1.593523,-5.549409,99.796879,9.511111,18.024276,27.615197,5.679495,4.364219,-8.744794,19.805113,-24.038987,-52.897202,2.531028,3.688872,15.000033,1.218586,1.720278,4.164091,-0.982405,21.031363,-36.258539,61.033769,-9.416965,-0.811990,8.683705,37.497872,-46.283604,25.521504,-27.017518,23.103240,-23.984684,-9.948256
599.000000,-0.418306,-3.757298,78.397780,1.570357,-5.559080,99.742726,9.537064,18.060494,27.665119,5.696787,4.380201,-8.702597,19.775800,-24.005180,-52.844476,2.521594,3.760572,15.000033,1.283615,1.716197,4.178716,-0.967044,21.039972,-36.213853,60.979768,-9.400553,-0.880180,8.749762,37.441432,-46.272822,25.577572,-26.926820,23.022772,-24.078437,-9.995591
600.000000,-0.413098,-3.764292,78.391452,1.610194,-5.589354,99.731947,9.567503,18.015700,27.655014,5.690116,4.392844,-8.704915,19.785053,-24.045947,-52.758524,2.526992,3.789993,15.000033,1.247701,1.714096,4.153146,-0.932838,21.046764,-36.177195,60.944687,-9.446486,-0.850234,8.770292,37.429923,-46.256722,25.564026,-26.972649,22.851499,-23.986343,-10.107497
601.000000,-0.405266,-3.770751,78.393720,1.599055,-5.569561,99.743535,9.538678,18.026431,27.638558,5.671054,4.415269,-8.710554,19.753768,-24.051649,-52.829937,2.582934,3.732763,15.000033,1.289280,1.723908,4.153672,-0.942326,21.051245,-36.159880,60.928705,-9.381869,-0.915580,8.843358,37.459145,-46.248224,25.579191,-26.965980,22.436229,-23.966514,-10.329822
602.000000,-0.394846,-3.776007,78.385803,1.605438,-5.576539,99.799776,9.505142,18.012360,27.545157,5.669389,4.400061,-8.722614,19.788224,-24.046810,-52.855212,2.573795,3.697458,15.000033,1.257390,1.722946,4.149145,-0.951860,21.058304,-36.118397,60.914677,-9.365122,-0.910455,8.858056,37.479171,-46.231291,25.581016,-26.990983,22.470038,-23.956509,-10.325857
603.000000,-0.382406,-3.779994,78.373298,1.665198,-5.587662,99.871203,9.456230,17.931539,27.404509,5.683267,4.403557,-8.766658,19.856811,-24.125118,-53.003001,2.589569,3.592281,15.000033,1.273601,1.696092,4.178422,-1.017057,21.066593,-36.066665,60.928717,-9.428838,-0.860380,8.837927,37.492682,-46.216411,25.609348,-27.065444,22.438170,-23.885732,-10.247913
604.000000,-0.369444,-3.784467,78.362756,1.672710,-5.604628,99.923436,9.438927,17.925966,27.335912,5.685724,4.382469,-8.774810,19.878072,-24.117549,-52.960074,2.601349,3.624833,15.000033,1.299268,1.715278,4.189971,-1.049112,21.069846,-36.029034,60.912578,-9.394745,-0.803636,8.754214,37.527019,-46.207884,25.625000,-27.118414,22.477830,-23.835317,-10.159420
605.000000,-0.359497,-3.786593,78.356657,1.675477,-5.585485,99.949244,9.396058,17.929628,27.314495,5.697908,4.366516,-8.787166,19.876350,-24.110236,-53.011805,2.590463,3.619574,15.000033,1.323076,1.711403,4.218288,-1.094456,21.072325,-36.024608,60.921956,-9.329993,-0.813070,8.711110,37.530208,-46.205764,25.646075,-27.130280,22.488573,-23.930999,-10.072409
606.000000,-0.352445,-3.787052,78.352750,1.668861,-5.586722,99.960130,9.397701,17.948475,27.344522,5.693046,4.359217,-8.780603,19.872624,-24.087876,-52.970931,2.583004,3.631933,15.000033,1.315347,1.714268,4.222058,-1.107384,21.074920,-36.027450,60.940053,-9.250234,-0.818507,8.669714,37.531653,-46.203252,25.667579,-27.136931,22.407693,-23.971536,-9.987049
607.000000,-0.347581,-3.784768,78.353982,1.701492,-5.581780,99.916654,9.418463,17.920403,27.392180,5.684862,4.395813,-8.765573,19.840895,-24.125574,-52.938822,2.594632,3.674668,15.000033,1.320858,1.700200,4.220043,-1.091245,21.079466,-36.060893,60.954786,-9.154920,-0.851421,8.679934,37.528456,-46.199010,25.702170,-27.164880,22.183911,-23.938560,-10.124215
608.000000,-0.347580,-3.778693,78.358905,1.698063,-5.599909,99.894582,9.436334,17.918170,27.335880,5.701286,4.397425,-8.762783,19.839238,-24.111908,-52.838173,2.589842,3.692595,15.000033,1.356810,1.687580,4.231081,-1.079622,21.084439,-36.063887,60.978880,-9.263963,-0.859883,8.693240,37.520334,-46.190830,25.751372,-27.141513,22.601879,-24.035078,-10.106833
609.000000,-0.351558,-3.767381,78.346375,1.697365,-5.566506,99.971872,9.379849,17.917573,27.329089,5.703769,4.338924,-8.770592,19.862801,-24.119371,-52.942228,2.596275,3.660893,15.000033,1.307870,1.666125,4.234094,-1.106809,21.089065,-36.048600,61.017700,-9.251686,-0.838169,8.655080,37.530881,-46.182059,25.769840,-27.123895,22.658476,-24.036358,-9.980243
610.000000,-0.355441,-3.754795,78.349889,1.704277,-5.556731,99.977241,9.376965,17.903459,27.308442,5.700472,4.352588,-8.766044,19.853395,-24.132768,-52.922975,2.618803,3.703137,15.000033,1.299649,1.655340,4.236415,-1.083240,21.091377,-36.074479,61.015695,-9.211187,-0.816772,8.564157,37.571598,-46.176536,25.784384,-27.121748,22.536493,-24.022680,-9.989362
611.000000,-0.361070,-3.739713,78.355458,1.691727,-5.469964,99.954386,9.310645,17.910846,27.321444,5.685912,4.358053,-8.774311,19.773185,-24.102689,-52.934305,2.572411,3.744417,15.000033,1.249145,1.633153,4.233063,-1.057754,21.096069,-36.150472,61.056242,-9.058398,-0.888200,8.425685,37.584548,-46.169605,25.796716,-27.083986,22.510382,-24.148338,-9.930255
612.000000,-0.366762,-3.722926,78.341593,1.732142,-5.469246,100.022787,9.311787,17.873076,27.392592,5.686302,4.325793,-8.762385,19.809743,-24.169823,-52.945790,2.620578,3.722913,15.000033,1.222302,1.598150,4.205458,-1.069152,21.097647,-36.129629,61.097440,-9.286259,-0.824421,8.594544,37.651628,-46.160715,25.780565,-27.111990,22.796806,-24.091131,-9.977971
613.000000,-0.373507,-3.706082,78.352673,1.724290,-5.541006,99.981144,9.408462,17.882272,27.375395,5.714680,4.335487,-8.728146,19.895430,-24.158288,-52.912578,2.603396,3.795535,15.000033,1.224994,1.592601,4.212198,-1.004147,21.099624,-36.117932,61.063106,-9.301525,-0.828688,8.570998,37.696398,-46.145506,25.765387,-27.102928,22.646339,-24.227615,-9.927881
614.000000,-0.379737,-3.686290,78.347340,1.743932,-5.479600,99.984875,9.344655,17.849875,27.331568,5.731139,4.294201,-8.732998,19.857487,-24.197578,-52.981328,2.619539,3.748902,15.000033,1.219668,1.557507,4.220979,-1.003504,21.101408,-36.113224,61.095327,-9.449026,-0.882640,8.567567,37.745314,-46.138640,25.766556,-27.113636,22.754516,-24.259914,-9.689796
615.000000,-0.385811,-3.663847,78.349805,1.756354,-5.458198,99.941952,9.355800,17.831277,27.332104,5.733540,4.293454,-8.742479,19.849547,-24.233475,-53.063578,2.640424,3.700886,15.000033,1.237611,1.521007,4.207202,-0.984591,21.105436,-36.145156,61.135381,-9.442168,-0.885888,8.550278,37.810069,-46.130999,25.783113,-27.106333,22.440320,-24.185035,-9.847445
616.000000,-0.393081,-3.636630,78.353141,1.733192,-5.481426,100.045890,9.353937,17.849355,27.252204,5.745252,4.288544,-8.754385,19.937677,-24.202028,-53.067190,2.651887,3.660138,15.000033,1.187045,1.520226,4.201486,-0.970974,21.108024,-36.155603,61.132160,-9.433911,-0.790990,8.386734,37.944113,-46.113657,25.765410,-27.102229,22.867243,-24.272277,-9.730510
617.000000,-0.398558,-3.605646,78.358976,1.726435,-5.477990,100.089297,9.363520,17.859606,27.253110,5.746594,4.309182,-8.756456,19.959922,-24.194019,-53.044281,2.682059,3.645220,15.000033,1.180117,1.504170,4.168793,-0.927664,21.110771,-36.154675,61.125339,-9.534637,-0.766618,8.254255,38.110844,-46.081460,25.702709,-27.140104,22.862217,-24.095170,-9.551363
618.000000,-0.406067,-3.569968,78.351152,1.697678,-5.434925,100.129930,9.346611,17.900814,27.311785,5.739705,4.254466,-8.799025,19.974697,-24.169972,-53.138120,2.691946,3.593070,15.000033,1.141531,1.465976,4.153803,-0.919459,21.115317,-36.225253,61.198385,-9.460480,-0.748487,8.217121,38.207182,-46.059181,25.685837,-27.117085,22.955471,-24.031730,-9.410970
619.000000,-0.410907,-3.534555,78.342206,1.708359,-5.374959,100.157535,9.323013,17.898725,27.389668,5.718264,4.244684,-8.873541,19.966617,-24.180832,-53.229966,2.685514,3.556989,15.000033,1.050526,1.422464,4.113432,-0.871963,21.119683,-36.312256,61.262094,-9.333986,-0.793843,8.118661,38.257368,-46.050102,25.674521,-27.155370,23.163373,-23.830743,-9.146643
620.000000,-0.416349,-3.500751,78.327972,1.718145,-5.337105,100.195823,9.302384,17.877049,27.359693,5.693164,4.193457,-8.933050,20.009507,-24.193148,-53.395960,2.662148,3.571247,15.000033,0.967357,1.383585,4.068253,-0.842196,21.136812,-36.554987,61.330236,-9.214858,-0.815346,7.962038,38.430846,-46.007658,25.556487,-27.250255,23.835598,-23.716501,-8.673036
621.000000,-0.420592,-3.472676,78.337340,1.665609,-5.314417,100.286167,9.284608,17.939971,27.386603,5.669961,4.221876,-8.951930,20.084346,-24.092224,-53.530804,2.578990,3.593960,15.000033,0.957371,1.363822,4.045418,-0.846481,21.145157,-36.650885,61.363426,-8.962348,-0.841771,7.866273,38.605851,-45.977657,25.503302,-27.218977,24.030374,-23.725960,-8.607772
622.000000,-0.424407,-3.451372,78.347669,1.635425,-5.351340,100.325632,9.343669,17.984972,27.451085,5.661289,4.274426,-9.004931,20.165582,-24.072255,-53.610333,2.617600,3.632254,15.000033,1.018243,1.342802,4.021813,-0.825712,21.154418,-36.702506,61.284743,-8.625346,-0.923141,7.787270,38.745309,-45.949906,25.495730,-27.165227,24.318629,-23.979905,-8.659869
623.000000,-0.426033,-3.437809,78.301980,1.669931,-5.409003,100.525589,9.348941,17.947119,27.426669,5.648556,4.145894,-9.129827,20.338096,-24.135981,-53.787947,2.689953,3.556409,15.000033,0.978387,1.346121,3.986824,-0.823348,21.157418,-36.600408,61.196381,-8.673319,-0.899448,7.691387,38.939132,-45.919713,25.402674,-27.297430,24.687438,-23.859879,-8.425359
624.000000,-0.427509,-3.431203,78.315525,1.631349,-5.408102,100.518739,9.362850,18.005505,27.498975,5.661029,4.182832,-9.140070,20.348978,-24.088192,-53.868349,2.683117,3.612530,15.000033,1.013410,1.346397,4.022132,-0.791311,21.170300,-36.542131,61.085032,-8.779223,-0.994298,7.800605,39.074617,-45.868458,25.283114,-27.278433,24.352476,-23.817110,-8.393549
625.000000,-0.429231,-3.428099,78.303787,1.625763,-5.372169,100.557331,9.308450,18.007417,27.470320,5.661562,4.124876,-9.166308,20.341390,-24.072458,-53.905951,2.655925,3.582919,15.000033,1.023991,1.341780,4.034478,-0.785515,21.185002,-36.489217,60.972881,-8.861094,-0.969847,7.822257,39.208999,-45.822465,25.207314,-27.305798,24.498785,-23.732104,-8.366247
626.000000,-0.429679,-3.429988,78.302388,1.617529,-5.382028,100.598130,9.305479,18.019620,27.482019,5.661691,4.125506,-9.184829,20.365447,-24.071101,-53.964504,2.683589,3.556972,15.000033,1.073668,1.340830,4.038471,-0.780902,21.195617,-36.373077,60.875676,-9.002463,-0.968664,7.781710,39.303472,-45.783688,25.139791,-27.321012,24.598657,-23.591539,-8.307438
627.000000,-0.431384,-3.433787,78.314863,1.596655,-5.433918,100.589127,9.353837,18.039373,27.458647,5.676806,4.144254,-9.128013,20.418098,-24.074343,-54.061285,2.734616,3.610398,15.000033,1.155887,1.313837,4.067323,-0.821813,21.205160,-36.384891,60.825083,-9.027064,-0.805317,7.493996,39.313832,-45.768846,25.186346,-27.205053,24.026625,-23.617295,-8.385302
628.000000,-0.433209,-3.439309,78.294962,1.635743,-5.447315,100.712657,9.306779,17.975659,27.352933,5.665723,4.113286,-9.206986,20.495258,-24.106300,-54.121892,2.713073,3.590432,15.000033,1.114146,1.319644,4.032221,-0.832024,21.206847,-36.343359,60.761785,-9.010599,-0.767465,7.397613,39.367965,-45.758012,25.165227,-27.275035,24.561845,-23.578069,-8.268346
629.000000,-0.439054,-3.445657,78.288357,1.657114,-5.420386,100.687406,9.283439,17.929830,27.309499,5.637537,4.106958,-9.272231,20.476636,-24.142965,-54.197446,2.692120,3.573671,15.000033,1.138076,1.316294,4.024002,-0.817587,21.208779,-36.238900,60.745487,-8.939524,-0.744979,7.388175,39.393333,-45.733137,25.099393,-27.322063,24.436768,-23.574286,-8.213812
630.000000,-0.448371,-3.454289,78.314102,1.646894,-5.455487,100.649229,9.320263,17.935813,27.309515,5.664960,4.178435,-9.197251,20.512618,-24.144589,-54.262197,2.680284,3.685261,15.000033,1.190930,1.289903,4.104098,-0.844900,21.211943,-36.261698,60.687136,-8.900830,-0.704913,7.412866,39.362823,-45.728704,25.116485,-27.239810,24.088392,-23.610175,-8.157569
631.000000,-0.459052,-3.466478,78.312910,1.666028,-5.359236,100.548727,9.285281,17.928054,27.520533,5.635648,4.184384,-9.181791,20.370359,-24.168586,-54.258798,2.623909,3.688825,15.000033,1.151760,1.265836,4.067753,-0.804053,21.215740,-36.312473,60.720951,-8.817089,-0.884515,7.759423,39.277498,-45.724366,25.120612,-27.219256,23.996616,-23.711612,-8.238032
632.000000,-0.473633,-3.483235,78.347654,1.583889,-5.382918,100.521658,9.300344,18.002012,27.484666,5.643881,4.245018,-9.111818,20.336955,-24.086008,-54.166312,2.649608,3.726840,15.000033,1.219319,1.267778,4.056018,-0.812646,21.217924,-36.321474,60.667228,-8.855882,-0.767296,7.457241,39.232790,-45.718640,25.132212,-27.026745,23.628273,-23.767117,-8.209162
633.000000,-0.487630,-3.502972,78.359889,1.584931,-5.412293,100.479917,9.329240,17.985056,27.482611,5.652134,4.269983,-9.073526,20.351414,-24.099537,-54.182789,2.624512,3.760494,15.000033,1.227569,1.248134,4.062460,-0.811669,21.218349,-36.322287,60.655184,-8.845714,-0.732885,7.448575,39.170667,-45.715554,25.126205,-26.975066,23.666463,-23.740252,-8.230791
634.000000,-0.499573,-3.525799,78.370403,1.617890,-5.451663,100.476511,9.339994,17.916779,27.396263,5.653695,4.327720,-9.080500,20.392626,-24.168926,-54.253772,2.640290,3.737765,15.000033,1.224970,1.229563,4.085453,-0.825716,21.218040,-36.312500,60.622104,-8.868480,-0.661101,7.425666,39.085796,-45.709474,25.112042,-26.934841,23.818641,-23.647359,-8.271580
635.000000,-0.508849,-3.550920,78.374138,1.582335,-5.424022,100.421711,9.325856,17.956728,27.485253,5.644757,4.309851,-9.080549,20.324149,-24.129230,-54.236234,2.606350,3.755844,15.000033,1.220914,1.233063,4.077794,-0.810675,21.216798,-36.301342,60.599674,-8.738871,-0.645749,7.414460,39.008172,-45.704079,25.097064,-26.863982,23.704288,-23.791987,-8.309667
636.000000,-0.512307,-3.577775,78.379807,1.571758,-5.440481,100.417799,9.325064,17.962244,27.494517,5.640164,4.333790,-9.082562,20.314303,-24.124452,-54.223307,2.607485,3.729791,15.000033,1.224161,1.239433,4.097351,-0.831306,21.214951,-36.288925,60.567977,-8.677524,-0.635153,7.324883,38.936839,-45.698502,25.091352,-26.822522,23.601995,-23.857272,-8.165479
637.000000,-0.511520,-3.603792,78.381880,1.529114,-5.477291,100.466454,9.319906,18.003179,27.452147,5.638789,4.315361,-9.048860,20.367321,-24.076714,-54.299161,2.600644,3.748908,15.000033,1.235618,1.244837,4.130265,-0.907266,21.211815,-36.252799,60.571272,-8.616709,-0.530680,7.138809,38.892394,-45.692778,25.090765,-26.745939,23.754137,-23.871039,-8.023109
638.000000,-0.503231,-3.629699,78.385230,1.517969,-5.505279,100.508714,9.307210,18.010087,27.397097,5.628873,4.342731,-9.021966,20.390824,-24.056271,-54.316322,2.600680,3.756793,15.000033,1.226019,1.251317,4.144339,-0.950981,21.210791,-36.239025,60.553757,-8.672730,-0.542565,7.111698,38.860698,-45.689768,25.084218,-26.729566,23.717656,-23.804348,-8.012525
639.000000,-0.489971,-3.654056,78.383339,1.518514,-5.561558,100.539811,9.337184,18.023201,27.410407,5.628651,4.368661,-9.011238,20.440591,-24.032888,-54.276687,2.579413,3.822557,15.000033,1.237951,1.282789,4.158092,-0.996747,21.208795,-36.220623,60.557493,-8.702771,-0.497341,7.014173,38.823551,-45.685442,25.076922,-26.761120,23.814799,-23.815497,-7.995430
640.000000,-0.473788,-3.675538,78.382261,1.554641,-5.550978,100.524324,9.308085,17.983861,27.389537,5.620021,4.411853,-8.999449,20.418554,-24.072106,-54.350228,2.576855,3.800997,15.000033,1.231036,1.276874,4.159620,-1.031046,21.208960,-36.222593,60.573704,-8.692892,-0.523001,7.082051,38.797267,-45.683430,25.076328,-26.794736,23.747009,-23.822313,-8.133469
641.000000,-0.458717,-3.693742,78.364184,1.606739,-5.582533,100.569238,9.293252,17.916079,27.287415,5.615123,4.393055,-9.020734,20.461268,-24.133596,-54.371373,2.597219,3.784395,15.000033,1.210985,1.267471,4.178335,-1.107308,21.209223,-36.222321,60.632515,-8.767785,-0.481649,7.065996,38.759635,-45.679472,25.076817,-26.890137,23.972660,-23.723848,-8.107469
642.000000,-0.446795,-3.709536,78.352162,1.618397,-5.620006,100.586388,9.317553,17.921792,27.330709,5.619720,4.376991,-9.037238,20.489060,-24.127035,-54.306050,2.582063,3.847850,15.000033,1.239176,1.275806,4.180178,-1.178907,21.208686,-36.206730,60.685832,-8.834061,-0.459102,7.013178,38.713870,-45.674542,25.076485,-26.933542,24.272328,-23.605234,-7.975979
643.000000,-0.439370,-3.721742,78.365362,1.620347,-5.631993,100.535901,9.332089,17.917419,27.305879,5.618314,4.442596,-9.025599,20.465552,-24.129530,-54.307038,2.589053,3.858106,15.000033,1.271702,1.274792,4.181042,-1.188480,21.209140,-36.199020,60.682182,-8.797127,-0.505858,7.051697,38.658523,-45.667573,25.095202,-26.909070,24.407007,-23.565955,-7.971865
644.000000,-0.436673,-3.728849,78.387765,1.609284,-5.604812,100.335987,9.386620,17.949005,27.436193,5.619848,4.510277,-8.967738,20.334144,-24.121819,-54.218841,2.576499,3.929571,15.000033,1.365389,1.248395,4.175964,-1.173641,21.215184,-36.284982,60.743682,-8.836385,-0.576356,7.207959,38.501606,-45.668056,25.229895,-26.773145,24.067649,-23.743758,-8.203070
645.000000,-0.438465,-3.730018,78.389425,1.555781,-5.605894,100.241966,9.454045,18.049852,27.660074,5.630170,4.465897,-8.919723,20.273054,-24.058082,-54.096259,2.573924,3.941270,15.000033,1.389003,1.268198,4.149771,-1.119546,21.215660,-36.226477,60.744057,-8.905295,-0.550121,7.447883,38.430741,-45.663276,25.252422,-26.685803,24.002590,-23.857962,-8.413009
646.000000,-0.439355,-3.725180,78.391045,1.547946,-5.585059,100.218424,9.438954,18.052175,27.620068,5.627673,4.456583,-8.914540,20.238848,-24.045856,-54.051049,2.566333,3.920700,15.000033,1.352526,1.261772,4.134901,-1.081994,21.217171,-36.154214,60.758531,-9.010575,-0.560730,7.518396,38.384227,-45.654753,25.267827,-26.652768,24.033848,-23.784291,-8.438391
647.000000,-0.437331,-3.714798,78.399769,1.546470,-5.576826,100.211476,9.430371,18.044955,27.548421,5.628643,4.488157,-8.909451,20.230700,-24.043267,-54.038402,2.575688,3.887171,15.000033,1.301863,1.250280,4.126035,-1.038982,21.219508,-36.099559,60.762281,-9.027531,-0.573724,7.567326,38.374967,-45.644538,25.257126,-26.638119,24.218216,-23.677585,-8.483741
648.000000,-0.430756,-3.698767,78.400179,1.566454,-5.564800,100.264101,9.418943,18.025382,27.550050,5.606719,4.532989,-8.913376,20.254812,-24.053871,-54.050052,2.575801,3.862614,15.000033,1.211411,1.217225,4.123277,-1.015035,21.223614,-36.086694,60.822515,-9.018208,-0.557085,7.583389,38.374749,-45.631353,25.249314,-26.651203,24.445637,-23.623698,-8.487982
649.000000,-0.420305,-3.679064,78.409195,1.538636,-5.606364,100.236655,9.476744,18.069328,27.506147,5.627382,4.546754,-8.890116,20.316558,-24.023719,-54.128115,2.594709,3.920075,15.000033,1.254810,1.222939,4.140752,-1.010335,21.232467,-36.082131,60.861268,-8.951981,-0.612960,7.638311,38.404916,-45.609627,25.282488,-26.638156,24.102813,-23.613374,-8.594396
650.000000,-0.405210,-3.656797,78.413649,1.534492,-5.605838,100.289060,9.473063,18.087468,27.477887,5.620359,4.596230,-8.888617,20.364501,-23.999197,-54.197374,2.593247,3.952840,15.000033,1.248867,1.205618,4.139744,-1.035357,21.243839,-36.130739,60.928652,-8.974881,-0.666653,7.697919,38.439899,-45.593214,25.330989,-26.633140,23.996936,-23.529201,-8.628812
651.000000,-0.386990,-3.634462,78.382377,1.586608,-5.513447,100.302981,9.424111,18.067415,27.647500,5.578565,4.558869,-8.957976,20.284692,-24.031160,-54.156016,2.572391,3.888445,15.000033,1.157064,1.184506,4.085232,-0.987489,21.260903,-36.172067,61.023756,-9.000564,-0.827539,8.022365,38.466111,-45.557371,25.318122,-26.758181,24.378745,-23.516640,-8.640360
652.000000,-0.370524,-3.615443,78.364376,1.579019,-5.524937,100.267727,9.480375,18.117418,27.758695,5.583105,4.492256,-8.959771,20.288444,-24.024189,-54.121834,2.608181,3.928400,15.000033,1.186281,1.210007,4.068560,-0.975047,21.271887,-36.161505,61.085719,-8.902338,-0.899415,8.132735,38.481503,-45.533618,25.347477,-26.812665,24.058844,-23.702213,-8.662481
653.000000,-0.354313,-3.602302,78.356902,1.600317,-5.487458,100.294503,9.448007,18.103895,27.762876,5.557219,4.509441,-8.965412,20.270014,-24.012362,-54.074653,2.571219,3.924022,15.000033,1.131447,1.193697,4.048686,-0.969144,21.284974,-36.167733,61.143758,-8.939579,-0.907015,8.174024,38.478231,-45.507793,25.356984,-26.849736,24.249856,-23.692797,-8.654563
654.000000,-0.340369,-3.597472,78.360255,1.575686,-5.505479,100.245153,9.480661,18.151365,27.760726,5.577146,4.505115,-8.942431,20.281896,-23.978986,-54.133532,2.574854,3.987410,15.000033,1.215676,1.212002,4.051018,-0.991506,21.292804,-36.158148,61.172480,-8.950730,-0.948874,8.235461,38.483418,-45.495966,25.397902,-26.839197,23.872220,-23.728551,-8.769755
655.000000,-0.328869,-3.598590,78.367140,1.580748,-5.532051,100.230786,9.506661,18.156093,27.751409,5.586414,4.546809,-8.908999,20.307857,-23.980183,-54.147879,2.580626,4.006373,15.000033,1.223309,1.205155,4.060253,-1.005637,21.306648,-36.165581,61.223852,-8.951491,-0.964959,8.267257,38.411754,-45.476213,25.473766,-26.810284,23.739387,-23.808883,-8.809601
656.000000,-0.320276,-3.604009,78.375608,1.591727,-5.582108,100.218939,9.539146,18.140357,27.674579,5.605338,4.590825,-8.897724,20.361149,-23.994427,-54.162476,2.587198,3.993880,15.000033,1.265671,1.198570,4.086094,-1.022416,21.309240,-36.144873,61.221811,-9.000108,-0.941988,8.263019,38.392234,-45.471837,25.487804,-26.814174,23.508597,-23.809981,-8.762551
657.000000,-0.313076,-3.612093,78.377297,1.576426,-5.580106,100.208723,9.539455,18.168304,27.707497,5.599760,4.601735,-8.885703,20.343904,-23.970773,-54.152950,2.586345,4.008108,15.000033,1.261993,1.198807,4.094716,-1.041803,21.312812,-36.138946,61.253854,-9.005138,-0.943418,8.289925,38.346790,-45.468077,25.510584,-26.792944,23.415428,-23.832915,-8.751014
658.000000,-0.307060,-3.620018,78.370565,1.587539,-5.571217,100.183796,9.525530,18.157284,27.687956,5.604527,4.577536,-8.885495,20.319722,-23.973407,-54.133354,2.566275,4.036577,15.000033,1.278197,1.195145,4.111892,-1.068206,21.320116,-36.162720,61.268972,-9.017427,-0.919367,8.288704,38.277376,-45.463636,25.575616,-26.765508,23.015279,-23.908391,-8.828383
659.000000,-0.302316,-3.627177,78.368338,1.585500,-5.561268,100.153215,9.516882,18.157573,27.666461,5.600661,4.567626,-8.896646,20.278608,-23.963334,-54.075541,2.559886,4.033237,15.000033,1.280310,1.184230,4.098606,-1.070765,21.329577,-36.177750,61.284595,-9.034584,-0.923670,8.311302,38.195881,-45.457147,25.639521,-26.724697,22.955649,-23.919982,-8.830493
660.000000,-0.299734,-3.632303,78.368035,1.565075,-5.561866,100.177489,9.511289,18.181280,27.672810,5.584719,4.567710,-8.898166,20.275621,-23.932780,-54.043936,2.561445,4.025732,15.000033,1.240467,1.185726,4.089402,-1.078812,21.333924,-36.178998,61.308581,-9.023104,-0.940452,8.318587,38.166094,-45.453330,25.650142,-26.705251,22.975702,-23.981103,-8.745021
