Frame,root_translateX,root_translateY,root_translateZ,root_rotateX,root_rotateY,root_rotateZ,left_hip_pitch_joint_dof,left_hip_roll_joint_dof,left_hip_yaw_joint_dof,left_knee_joint_dof,left_ankle_pitch_joint_dof,left_ankle_roll_joint_dof,right_hip_pitch_joint_dof,right_hip_roll_joint_dof,right_hip_yaw_joint_dof,right_knee_joint_dof,right_ankle_pitch_joint_dof,right_ankle_roll_joint_dof,waist_yaw_joint_dof,waist_roll_joint_dof,waist_pitch_joint_dof,left_shoulder_pitch_joint_dof,left_shoulder_roll_joint_dof,left_shoulder_yaw_joint_dof,left_elbow_joint_dof,left_wrist_roll_joint_dof,left_wrist_pitch_joint_dof,left_wrist_yaw_joint_dof,right_shoulder_pitch_joint_dof,right_shoulder_roll_joint_dof,right_shoulder_yaw_joint_dof,right_elbow_joint_dof,right_wrist_roll_joint_dof,right_wrist_pitch_joint_dof,right_wrist_yaw_joint_dof
0.000000,-0.277168,1.353754,77.613808,0.154846,-2.557441,63.708131,-1.796118,16.925846,5.944677,20.003250,-6.447970,-11.529004,25.874352,-18.853770,-45.014790,-1.864058,0.558122,15.000033,4.475850,2.660569,5.655184,6.132451,17.568024,-38.504253,63.769005,-13.610394,-0.599139,4.678985,36.051170,-43.326572,26.998589,-47.896835,15.882774,-11.007684,4.155393
1.000000,-0.280406,1.363376,77.605567,0.228050,-2.543746,63.707609,-1.793445,16.833117,5.964238,19.992600,-6.448651,-11.512998,25.906855,-18.954370,-45.211285,-1.877321,0.516630,15.000033,4.493172,2.611175,5.612488,6.171638,17.568290,-38.486927,63.731310,-13.745973,-0.786128,4.703986,36.064915,-43.330044,27.012535,-47.967930,16.028788,-10.969091,3.976186
2.000000,-0.291511,1.373587,77.602408,0.233549,-2.589221,63.757880,-1.757662,16.817987,5.968846,19.999357,-6.482585,-11.455626,25.985464,-18.970598,-45.287410,-1.863190,0.526878,15.000033,4.482892,2.586941,5.625331,6.156429,17.569094,-38.491405,63.729595,-13.781377,-0.845135,4.713955,36.042202,-43.337025,27.027824,-47.920155,15.778793,-11.006527,3.989856
3.000000,-0.306720,1.382691,77.590785,0.221739,-2.625678,63.829850,-1.712666,16.801281,5.933909,19.937872,-6.570968,-11.423341,26.051310,-18.957096,-45.312840,-1.856514,0.592731,15.000033,4.444894,2.553112,5.596321,6.167373,17.568200,-38.463710,63.723892,-13.856495,-0.877495,4.730677,36.003430,-43.345490,27.010092,-47.838203,15.327748,-10.867341,4.174987
4.000000,-0.324851,1.391462,77.641110,0.065054,-2.594238,63.763609,-1.793427,16.954979,5.840189,20.059359,-6.511659,-11.325726,25.934633,-18.789083,-45.039745,-1.863179,0.664218,15.000033,4.404499,2.563090,5.630296,6.137810,17.572630,-38.663400,63.767920,-13.672869,-0.851607,4.692903,35.847652,-43.373035,27.056725,-47.571064,14.770143,-11.601323,4.111528
5.000000,-0.337123,1.394315,77.625417,0.144832,-2.688400,63.907533,-1.774453,16.846903,5.804336,20.125664,-6.537712,-11.239464,26.095018,-18.849636,-45.058384,-1.862793,0.628160,15.000033,4.489789,2.529948,5.650168,6.032771,17.573063,-38.694466,63.755707,-13.793135,-0.785961,4.659963,35.850437,-43.382355,27.085910,-47.573364,14.758498,-11.607066,4.084866
6.000000,-0.345899,1.396663,77.642912,0.088546,-2.698857,63.822444,-1.766464,16.924028,5.836636,20.199402,-6.528095,-11.193131,26.033407,-18.800558,-44.814970,-1.859764,0.632865,15.000033,4.487561,2.547604,5.616153,6.005929,17.569590,-38.850372,63.875175,-13.927255,-0.743002,4.739674,35.635690,-43.437800,27.209400,-47.451115,14.166329,-11.759567,4.024485
7.000000,-0.345645,1.392712,77.633368,0.116277,-2.678536,63.843867,-1.799922,16.942528,5.962290,20.233213,-6.534654,-11.154575,26.026293,-18.810450,-44.833664,-1.887412,0.708335,15.000033,4.431904,2.530187,5.552640,6.015792,17.563957,-38.870342,63.953750,-13.875579,-0.854331,4.756166,35.510033,-43.458030,27.200418,-47.503770,14.263750,-11.908472,4.062451
8.000000,-0.338175,1.386534,77.613981,0.240636,-2.662405,63.944697,-1.808322,16.791752,5.965990,20.144484,-6.509794,-11.129353,26.106956,-18.953499,-45.225880,-1.873290,0.668067,15.000033,4.343256,2.475922,5.535795,6.027567,17.552645,-38.835503,64.030630,-14.131128,-1.040657,4.781951,35.571060,-43.457848,27.160973,-47.706383,14.594971,-11.867103,3.578325
9.000000,-0.328010,1.376858,77.616084,0.203019,-2.711159,63.949695,-1.754044,16.881918,6.053569,20.147902,-6.495678,-11.130151,26.141924,-18.896387,-45.184902,-1.862751,0.719017,15.000033,4.170471,2.503791,5.552022,6.080457,17.547066,-38.862366,64.076480,-14.205169,-1.042354,4.866887,35.437958,-43.449875,27.101920,-47.711185,14.729089,-12.022872,3.747314
10.000000,-0.313795,1.363008,77.630266,0.175286,-2.776402,63.775354,-1.647599,16.979760,6.189698,20.214798,-6.436792,-11.140269,26.114965,-18.888077,-45.016327,-1.838803,0.839528,15.000033,4.192247,2.566960,5.571752,6.058590,17.535576,-39.078580,64.223915,-14.466971,-1.073685,4.796053,35.099686,-43.438390,27.125880,-47.714546,14.813916,-12.064472,3.917729
11.000000,-0.295483,1.349073,77.629601,0.162629,-2.639644,63.558221,-1.621686,17.109594,6.523200,20.070272,-6.393337,-11.225565,25.880420,-18.913183,-44.964020,-1.843021,0.882296,15.000033,3.934427,2.576891,5.502192,6.305437,17.516853,-38.886780,64.285890,-14.414658,-1.289119,5.072038,35.031044,-43.325260,26.773943,-47.952020,14.991548,-12.094702,4.040729
12.000000,-0.274155,1.330864,77.619279,0.215983,-2.737973,63.684949,-1.568376,17.085974,6.558003,20.083320,-6.348487,-11.176925,26.009161,-18.899382,-44.837082,-1.845394,0.880554,15.000033,4.013213,2.561130,5.470761,6.145379,17.506744,-38.883694,64.439050,-14.576938,-1.286506,5.166804,34.952780,-43.247528,26.790318,-47.937477,15.068173,-12.230215,4.546079
13.000000,-0.251483,1.317087,77.612551,0.267830,-2.723569,63.616709,-1.542907,17.065844,6.629168,20.058893,-6.307338,-11.201807,25.966908,-18.952251,-44.778126,-1.842983,0.872333,15.000033,3.947116,2.555417,5.415904,6.210790,17.496042,-38.774780,64.498250,-14.760525,-1.398778,5.247057,34.770004,-43.127407,26.710182,-48.052586,15.296600,-12.273133,4.680147
14.000000,-0.227606,1.309171,77.606141,0.289413,-2.774666,63.562386,-1.493642,17.058416,6.611744,20.117340,-6.304745,-11.239945,26.005453,-18.970041,-44.749638,-1.834696,0.890311,15.000033,3.918042,2.576303,5.368701,6.274556,17.488560,-38.632420,64.537025,-14.976874,-1.390133,5.284937,34.592260,-42.977833,26.621912,-48.099860,15.502866,-12.215275,4.925302
15.000000,-0.199573,1.311660,77.575679,0.336768,-2.812592,63.517030,-1.345505,17.036337,6.707997,19.985857,-6.377276,-11.342958,26.035261,-19.010813,-44.637010,-1.824940,0.920165,15.000033,3.796032,2.589976,5.260227,6.414957,17.481478,-38.378530,64.596340,-15.312574,-1.410046,5.430464,34.382317,-42.737667,26.401310,-48.228455,15.698209,-11.693514,5.608859
16.000000,-0.167570,1.328918,77.554936,0.335381,-2.912381,63.485721,-1.251838,17.078964,6.732473,20.110480,-6.482297,-11.334764,26.155205,-18.997192,-44.583813,-1.818674,0.896979,15.000033,3.731489,2.641902,5.221233,6.543826,17.483784,-38.253765,64.581406,-15.482980,-1.354897,5.404539,34.299423,-42.474870,26.192938,-48.285460,16.469639,-11.856476,5.639943
17.000000,-0.125032,1.363815,77.554813,0.358941,-2.917941,63.373399,-1.167086,17.108566,6.857571,20.156301,-6.443050,-11.458329,26.129906,-19.004913,-44.286930,-1.826961,0.954286,15.000033,3.690191,2.653785,5.095528,6.720024,17.497070,-38.069170,64.622345,-15.855725,-1.447809,5.534000,34.120350,-42.214466,26.050926,-48.337160,16.227673,-11.770485,5.739459
18.000000,-0.071160,1.419993,77.528740,0.403156,-2.929600,63.386101,-1.140135,17.113316,6.922694,20.275763,-6.537815,-11.445118,26.200075,-19.008030,-44.111027,-1.847810,0.888047,15.000033,3.592151,2.702618,5.017488,6.928901,17.507748,-37.836820,64.573410,-15.814805,-1.344447,5.392722,34.161823,-41.904686,25.707317,-48.578888,17.638270,-12.208460,5.660737
19.000000,-0.003508,1.498891,77.522762,0.397940,-2.825819,63.293098,-1.129859,17.129206,6.894811,20.271600,-6.598720,-11.496199,26.106747,-18.971620,-43.799137,-1.872714,0.892211,15.000033,3.490894,2.753038,4.916592,7.198616,17.516495,-37.634792,64.598190,-15.628215,-1.395515,5.307654,34.086960,-41.574040,25.320246,-48.832950,17.797092,-12.833823,5.284832
20.000000,0.077156,1.600717,77.518784,0.419645,-2.719250,63.130677,-1.051972,17.192907,7.110696,20.274454,-6.610230,-11.562635,26.000906,-18.997679,-43.487034,-1.863179,0.909570,15.000033,3.291005,2.844723,4.832479,7.547247,17.504435,-37.523600,64.733330,-15.167024,-1.382807,5.307592,33.960274,-41.152000,24.739370,-49.203710,18.060480,-13.803234,4.756292
21.000000,0.166740,1.723710,77.530034,0.423020,-2.607890,62.935826,-1.000349,17.176474,7.028623,20.317616,-6.617764,-11.640844,25.921005,-19.052658,-43.392490,-1.808545,0.999010,15.000033,2.957552,3.025043,4.798750,8.125855,17.479230,-37.148678,64.555115,-14.383224,-1.290587,5.025558,33.794100,-40.546185,23.419235,-49.723022,18.467424,-14.697731,3.448237
22.000000,0.263487,1.859755,77.480905,0.543869,-2.511139,62.859410,-0.879927,17.092098,7.184747,20.260998,-6.764225,-11.811024,25.909533,-19.202105,-43.201680,-1.750522,0.993470,15.000033,2.660474,3.166064,4.759159,8.607939,17.435951,-36.816060,64.532110,-13.643602,-1.249123,5.086751,33.488472,-39.847120,21.643728,-50.369507,19.840720,-15.313983,3.453061
23.000000,0.358417,1.997914,77.423093,0.619818,-2.296197,62.416952,-0.797712,17.154308,7.637486,20.363264,-7.017367,-12.037868,25.685179,-19.359211,-43.134083,-1.811495,0.980475,15.000033,2.337058,3.322863,4.723887,9.366117,17.368212,-36.396065,64.399370,-13.133407,-1.351203,5.027497,32.828648,-39.038380,18.626339,-50.864315,20.983715,-14.964026,2.051315
24.000000,0.442824,2.134266,77.443899,0.548322,-1.965259,61.761991,-1.101304,17.383877,7.880720,21.091698,-7.102615,-12.020516,25.173760,-19.402870,-42.696957,-1.843334,1.284963,15.000033,2.371401,3.387585,4.645469,9.992345,17.344227,-35.914623,64.161890,-12.817655,-1.777868,4.838341,31.909610,-38.326780,14.664981,-50.331257,22.191965,-15.904981,-0.112762
25.000000,0.509021,2.261346,77.388087,0.441043,-1.786715,61.379096,-1.439208,17.681310,8.079477,22.015942,-7.569722,-11.896642,24.908745,-19.377378,-42.346405,-1.808041,1.433934,15.000033,2.424261,3.468374,4.713533,10.381960,17.346119,-35.721874,64.094230,-12.584193,-2.277795,4.928896,31.181639,-37.917840,10.233048,-49.166218,23.774480,-16.828772,-1.779214
26.000000,0.555441,2.364057,77.323540,0.377799,-1.587006,61.015133,-1.727539,17.929104,8.370890,22.741188,-7.972586,-11.946931,24.599735,-19.400282,-41.939900,-1.777011,1.542809,15.000033,2.459438,3.577303,4.805920,10.740321,17.375902,-35.563150,63.742306,-12.627073,-2.368785,4.896069,31.238739,-37.716633,6.125587,-47.959293,24.664618,-16.848793,-3.010121
27.000000,0.575442,2.430275,77.232948,0.129713,-1.458453,60.799590,-2.249252,18.435608,8.531923,23.892109,-8.565988,-12.046914,24.240381,-19.340506,-41.817140,-1.301714,1.403008,15.000033,2.578378,3.864809,4.882591,11.018336,17.428600,-35.320663,63.190727,-12.750643,-2.353913,4.963777,32.113873,-37.704840,2.942890,-46.655320,24.739588,-16.450457,-4.280582
28.000000,0.568105,2.453481,77.072735,-0.026174,-1.513237,60.347939,-2.747947,18.991014,8.953660,25.577303,-9.392722,-11.955522,23.383202,-19.907938,-41.266376,0.654995,0.564425,15.000033,2.641976,4.273752,5.072672,11.495660,17.452633,-34.707886,62.320885,-12.870181,-2.385225,4.988039,33.180573,-37.671630,0.516461,-45.252230,24.909258,-16.439762,-6.293561
29.000000,0.528433,2.437311,76.890027,-0.149985,-1.443841,59.964244,-3.540830,19.600160,9.471416,27.473297,-10.158374,-11.876706,21.454330,-21.365877,-40.692400,5.187940,-1.679920,15.000033,2.722527,4.655580,5.179184,11.843944,17.492840,-33.993816,61.311980,-13.282509,-2.627630,5.102125,34.310684,-37.691020,-1.428381,-43.100790,24.613714,-15.773648,-8.466386
30.000000,0.442294,2.364495,76.601020,0.214407,-1.271307,59.482000,-4.378708,19.782380,10.499442,29.341908,-11.010303,-11.741274,18.613140,-24.013721,-39.650630,11.513648,-4.621907,15.000033,2.759985,4.559464,5.116658,12.083141,17.573385,-33.250730,60.384500,-12.299730,-2.684064,5.586887,35.655910,-37.734330,-3.756123,-39.385720,25.947660,-15.644811,-9.311507
31.000000,0.324278,2.244992,76.371840,0.558246,-1.056833,59.076304,-5.513888,20.001724,11.328847,31.534264,-11.404981,-11.557560,17.233866,-25.331928,-39.261600,13.801942,-5.319855,15.000033,2.945475,4.475757,5.154726,12.087493,17.703170,-32.769623,59.592390,-11.817907,-3.168459,6.173194,36.632990,-37.820790,-5.174342,-35.216230,25.143372,-15.734531,-12.156152
32.000000,0.157885,2.089845,76.056841,0.847293,-1.066667,58.515902,-6.436562,20.502897,12.509082,33.952760,-12.105960,-11.286740,16.078241,-26.496292,-38.708992,15.733837,-5.868016,15.000033,3.160120,4.436924,5.236942,12.306763,17.873999,-31.648014,58.339867,-12.119314,-3.174474,6.520721,37.383760,-37.987885,-6.711671,-29.951908,26.156166,-15.496450,-13.402281
33.000000,-0.058349,1.902411,75.829210,0.787130,-1.224757,57.804944,-7.530220,21.418830,13.264207,36.966034,-12.623968,-11.252038,15.115596,-27.323454,-38.490295,17.497284,-6.380642,15.000033,3.328335,4.469246,5.312031,12.841717,18.194874,-30.173756,56.135788,-12.599656,-3.208376,6.977315,37.365166,-38.131350,-7.497171,-23.313435,24.559471,-12.584397,-14.669693
34.000000,-0.307994,1.696324,75.644644,0.894946,-1.452411,57.440246,-8.698385,22.136786,13.894710,39.946426,-13.296969,-11.265011,13.999063,-28.548529,-38.144650,20.127918,-7.424214,15.000033,3.447077,4.393160,5.401144,13.367866,18.638939,-28.846634,53.689137,-12.269183,-3.635108,7.582404,36.685370,-38.173040,-7.065922,-15.749924,23.625788,-11.240792,-16.376446
35.000000,-0.576911,1.492275,75.335841,0.641944,-1.522636,56.947119,-10.005000,23.273748,14.310372,42.892040,-13.866452,-11.029954,12.710567,-29.470936,-38.042540,22.773930,-8.577989,15.000033,3.605274,4.450130,5.664615,13.939388,19.223057,-27.516937,50.575340,-13.424162,-4.007449,8.211315,34.864900,-38.147020,-6.223398,-6.887882,22.581408,-9.236097,-17.923458
36.000000,-0.846061,1.291155,74.824156,0.278780,-2.296677,56.654400,-10.944693,24.637915,14.451034,46.344124,-14.960123,-11.105500,11.719170,-30.452345,-37.326650,26.502275,-10.494205,15.000033,3.649005,4.516661,6.160516,14.548098,19.928255,-26.095505,46.602062,-13.600723,-3.998430,8.913555,31.666586,-38.051700,-4.738734,4.287548,22.579182,-6.673987,-18.116370
37.000000,-1.071193,1.112544,74.409242,0.184780,-2.577716,56.524298,-12.168453,25.328611,14.250025,49.055027,-15.733518,-11.504722,10.526339,-31.473780,-36.647340,29.602182,-11.944294,15.000033,3.731821,4.654853,6.521465,15.288498,20.558500,-24.023874,42.289356,-13.893213,-3.967923,9.699078,27.886265,-37.706870,-3.462908,15.952801,23.397814,-3.924729,-17.766390
38.000000,-1.245459,0.958286,74.000528,-0.284482,-2.641751,56.198343,-13.085064,26.226840,13.918849,50.793243,-16.379292,-11.918720,9.168514,-31.879790,-35.934784,32.265045,-13.044822,15.000033,3.921927,4.921791,7.028937,15.347321,21.253819,-23.176840,38.683450,-13.436475,-4.245443,10.700287,23.854315,-37.184174,-0.875027,26.637976,24.119541,-2.608891,-18.044687
39.000000,-1.350104,0.812767,73.599943,-0.335750,-2.763584,55.983440,-13.727069,26.603570,13.747833,52.186634,-16.789553,-12.134344,7.899573,-32.890900,-35.370150,35.225792,-14.086262,15.000033,4.080709,5.104694,7.698796,15.333335,21.786205,-22.026087,35.182674,-13.157306,-4.188470,11.695176,19.432740,-36.116734,2.145283,37.808582,25.576744,-1.123874,-18.338049
40.000000,-1.381319,0.647369,73.202340,-0.724234,-2.212358,55.296117,-15.105271,27.299960,13.149016,53.735764,-17.402765,-12.565982,5.779838,-33.286140,-34.557423,37.789993,-15.023522,15.000033,4.568427,5.462307,8.780599,14.841004,22.381170,-20.994770,31.405115,-11.989313,-3.992422,12.380845,15.364295,-34.677933,5.773995,46.324703,25.039770,-0.364865,-17.604542
41.000000,-1.338796,0.417811,72.909798,-0.681637,-1.552821,54.520274,-16.264252,27.764114,13.136138,54.957430,-17.716763,-12.876029,3.461344,-34.067800,-33.575820,40.361732,-15.687788,15.000033,5.018334,5.484518,9.946485,14.147513,22.987211,-20.492397,28.043800,-10.193228,-4.308128,13.473654,11.594888,-32.797660,9.105941,52.269580,25.564310,-0.279748,-16.513071
42.000000,-1.240978,0.083080,72.710470,-0.804492,-1.247676,53.635939,-17.063354,28.556137,13.097672,56.096740,-17.706905,-13.033010,1.316366,-34.171600,-31.968067,42.614292,-16.066235,15.000033,5.567553,5.361480,11.020461,13.303839,23.573048,-19.761986,24.708958,-8.687318,-3.609444,13.749368,8.507535,-30.759018,12.752303,55.274840,23.650608,0.446670,-14.570268
43.000000,-1.092120,-0.390617,72.669933,-0.747132,-1.028416,52.471405,-17.531246,29.379831,13.403256,57.014740,-17.882364,-13.472334,-0.753323,-34.260640,-30.458397,44.501907,-16.015451,15.000033,6.093678,4.960814,12.036872,11.940875,24.327873,-20.122223,22.338066,-7.005550,-4.212043,14.288104,5.223562,-28.636324,16.817308,56.182970,20.599533,0.889779,-12.543424
44.000000,-0.900721,-1.008568,72.748515,-0.842360,-0.809134,50.947781,-17.814865,31.045046,14.372540,57.966904,-18.019402,-13.465687,-3.155944,-33.610718,-28.278460,46.103520,-15.661666,15.000033,6.508280,4.535617,13.008155,9.906308,25.224700,-20.211916,20.491016,-4.368903,-3.488852,14.675776,1.598610,-26.599276,21.408688,54.893920,16.014122,1.501526,-10.655550
45.000000,-0.675992,-1.757146,72.886327,-0.573015,-0.801512,49.622390,-17.738071,32.118046,15.249361,58.461000,-18.136189,-13.864881,-5.060191,-33.162357,-26.231554,47.411250,-15.457318,15.000033,6.562477,3.737893,13.674836,8.205165,26.186878,-20.668821,19.450980,-1.818979,-2.718447,14.955876,-2.071454,-24.738426,26.120403,52.470448,11.202370,2.574434,-7.673665
46.000000,-0.421369,-2.601021,73.156301,0.127536,-0.693196,48.466078,-17.767675,32.319992,15.785328,58.600365,-17.756538,-14.442402,-7.197787,-33.036213,-23.753748,48.964005,-14.624868,15.000033,6.278613,2.632966,14.153503,6.211155,27.172466,-21.908138,19.271442,-0.231959,-1.737413,14.769379,-5.750367,-23.189974,30.671946,49.627686,6.951569,3.127771,-5.222972
47.000000,-0.147941,-3.527557,73.532562,0.936312,-1.012963,46.996618,-16.832891,32.853264,17.219260,58.436560,-16.979656,-15.000033,-8.751815,-32.962353,-21.563742,50.101894,-13.431029,15.000033,5.724367,1.413703,14.095389,4.073943,28.068571,-23.368350,20.489548,1.049497,-1.041198,14.452944,-9.060999,-22.114614,35.693645,44.489130,2.150814,3.262813,-3.121169
48.000000,0.139237,-4.502159,73.998670,2.180090,-1.551403,45.661491,-14.976796,33.065560,19.707872,57.425903,-16.500084,-15.000033,-10.322442,-32.796383,-18.382204,51.196700,-12.143957,15.000033,4.678134,-0.178530,13.616775,2.142925,28.923893,-24.864065,22.566868,2.111525,-0.601280,14.194970,-13.171360,-21.453297,40.573254,37.607880,-2.325156,4.225293,-0.271159
49.000000,0.462497,-5.488150,74.604393,3.036099,-1.451938,44.144549,-13.747093,33.124510,21.435003,55.857040,-15.620646,-15.000033,-12.319065,-31.889349,-15.375342,51.812855,-10.108129,15.000033,3.436269,-1.418770,13.057438,0.883547,29.556600,-25.731750,25.167269,0.978418,-0.123126,14.526376,-17.443930,-21.357613,44.304024,30.863523,-2.463985,3.152306,0.788212
50.000000,0.830540,-6.490873,75.064344,3.676322,-1.914463,42.086251,-11.448300,33.952583,23.935728,54.453610,-14.866314,-15.000033,-14.080107,-30.410538,-11.818165,52.818188,-8.202513,15.000033,1.877997,-2.412035,12.416961,-0.090619,30.114094,-26.839254,28.259811,-0.459720,-0.062963,15.823503,-22.797825,-21.705286,48.098820,23.798615,-1.957317,3.062401,1.837848
51.000000,1.248909,-7.495284,75.767411,4.564488,-2.176932,40.259574,-9.526373,34.341270,26.323442,53.030430,-13.779653,-15.000033,-14.738337,-29.053380,-8.924831,51.969200,-6.598676,15.000033,-0.026958,-3.105548,11.606184,-1.217640,30.688147,-27.044035,32.326973,-2.530062,-0.208536,15.695947,-29.681343,-22.459590,51.769775,16.106860,-2.187635,3.149809,3.414788
52.000000,1.756663,-8.501249,76.563183,5.274964,-1.818672,37.678860,-7.790724,35.074230,29.014414,51.657864,-12.000579,-15.000033,-15.937561,-27.371767,-6.205034,50.744800,-4.602498,15.000033,-1.893352,-3.563670,11.005760,-2.479071,31.307081,-27.375832,36.396713,-4.033820,-0.397612,15.952369,-37.445522,-23.496607,54.941640,9.171018,-0.562416,2.460953,4.174494
53.000000,2.349661,-9.512024,77.300716,6.265159,-1.407577,35.246001,-6.330239,34.894070,30.701221,49.910450,-10.874070,-15.000033,-16.728487,-25.825163,-3.014661,49.208683,-3.327520,15.000033,-3.916758,-3.788453,10.299778,-3.456663,32.058490,-27.136326,40.413166,-5.661964,-0.899096,15.697243,-46.916190,-24.755407,57.211020,3.152273,1.662384,2.046746,5.431253
54.000000,3.045295,-10.529078,77.835475,6.934265,-0.852054,32.927739,-5.088684,35.050774,31.981209,47.874090,-8.921473,-15.000033,-17.515190,-24.557152,-0.660884,48.185640,-2.317250,15.000033,-5.992185,-3.832751,9.668751,-4.198878,32.848976,-26.510088,44.623573,-7.129981,-1.215881,15.559776,-57.709446,-26.193691,58.418190,-1.895650,5.073613,0.911267,5.817456
55.000000,3.842928,-11.557639,78.234423,7.276326,-0.207448,30.130991,-3.828478,35.197395,32.439857,45.655247,-7.351457,-15.000033,-17.840330,-23.126417,1.411657,46.498196,-2.236286,15.000033,-7.358573,-3.602191,9.221372,-5.056927,33.810818,-25.705536,48.192802,-7.474507,-1.520043,14.425340,-69.801360,-27.665152,59.554500,-5.539108,8.949173,-0.772537,5.427172
56.000000,4.749772,-12.596695,78.597245,7.661538,0.603586,28.054736,-3.039743,35.743366,32.774113,43.667656,-5.283011,-15.000033,-17.963732,-22.287743,2.741078,44.949310,-2.340488,15.000033,-9.145143,-3.076062,9.015091,-5.070001,34.631172,-24.637938,51.241800,-8.659267,-1.464323,13.167702,-83.102420,-29.192364,59.047440,-6.858884,13.930581,-2.528023,4.929321
57.000000,5.746911,-13.632620,78.968606,8.893037,1.637924,26.147410,-2.284006,34.988075,32.278540,41.218230,-3.133520,-15.000033,-18.074463,-22.327635,4.545268,43.089070,-3.458250,15.000033,-10.413897,-2.411164,9.082711,-5.428691,35.432220,-23.412333,53.405960,-8.255201,-1.123249,11.186693,-97.661830,-30.798958,58.211857,-4.272706,19.939919,-3.475080,4.772246
58.000000,6.829950,-14.663200,79.521900,9.629301,2.977668,24.302262,-1.293792,34.315662,30.941374,38.466812,-0.796516,-15.000033,-18.371828,-21.465754,6.194702,41.118477,-3.542838,15.000033,-11.584978,-1.765697,9.412173,-4.337720,36.048077,-21.734493,55.221043,-9.191601,-1.565529,11.005619,-111.238170,-32.613503,58.763695,0.064063,24.418371,-5.232346,3.289884
59.000000,7.931971,-15.687041,79.933597,10.548096,3.685570,22.227072,0.364849,33.884750,30.578058,36.604140,0.870486,-15.000033,-18.524817,-21.209038,7.057754,39.952360,-4.026052,15.000033,-12.014135,-1.454690,9.886593,-3.649751,36.737360,-20.094152,56.267960,-8.090479,-1.624194,10.306411,-122.983090,-34.499287,60.466713,4.266386,27.650444,-6.349604,3.448417
60.000000,9.045196,-16.675331,80.373412,11.815948,4.511283,20.547109,1.691060,32.757164,29.744720,34.660190,3.123355,-15.000033,-19.035765,-21.557627,7.494569,39.118816,-4.232990,15.000033,-12.520886,-1.357873,10.291601,-1.791190,37.276260,-18.178055,56.342150,-8.738806,-1.775158,10.298974,-133.827880,-36.487854,64.416850,9.496818,30.071627,-6.968400,3.493950
61.000000,10.155986,-17.625551,80.980729,12.168370,5.767133,18.345253,3.071185,32.236687,28.878143,33.031506,5.260627,-15.000033,-19.323843,-20.575940,7.890133,37.090225,-3.474960,15.000033,-12.921448,-1.143522,10.511488,-0.075152,37.634010,-16.180185,57.036407,-9.639405,-1.927192,10.400800,-143.560750,-38.500830,68.845520,14.965104,31.769295,-7.911213,2.521673
62.000000,11.235735,-18.545065,81.649085,12.445164,7.006959,15.864405,4.848347,31.098164,27.456743,30.895823,7.697005,-15.000033,-19.709984,-18.890245,9.515113,35.259945,-2.076106,15.000033,-13.467055,-0.922750,10.269725,1.977175,37.581303,-14.958043,59.078415,-11.210526,-1.765519,11.081129,-150.641650,-40.612020,71.976616,19.826248,34.751263,-9.408397,2.262578
63.000000,12.258026,-19.437208,82.104771,12.232228,8.179545,12.545823,7.029481,30.763620,27.708300,28.979305,10.134712,-15.000033,-19.838804,-16.564604,11.697651,33.113950,-1.395876,15.000033,-14.287255,-0.941784,9.190282,4.570162,37.450240,-13.992079,60.739147,-12.720071,-1.763672,11.055953,-155.436340,-42.817863,74.950070,24.641546,36.672350,-10.126277,1.403832
64.000000,13.226008,-20.292875,82.624592,12.279849,9.640772,9.195994,8.447109,29.842440,26.267262,27.364727,12.089202,-15.000033,-20.041618,-14.932886,13.842814,30.338170,-0.079276,15.000033,-15.415620,-1.423681,7.860743,6.686936,37.355840,-13.604175,63.735107,-13.536400,-1.864436,11.051875,-158.192700,-44.691574,77.838420,29.568577,38.423775,-11.019193,0.975343
65.000000,14.108544,-21.136623,83.188963,12.206158,10.523367,6.481539,9.500719,28.860748,25.027178,25.800623,14.862409,-15.000033,-19.737642,-13.525214,15.363706,28.058107,2.000250,15.000033,-16.896929,-1.880137,6.573023,8.928721,37.109425,-13.149495,67.164590,-16.689140,-2.247108,11.147837,-159.578830,-45.400020,79.463240,35.392582,38.645496,-11.944677,1.613110
66.000000,14.925464,-21.936466,83.646585,12.907200,11.316274,4.745191,10.072664,27.939625,24.114107,25.101059,16.573946,-15.000033,-19.226818,-13.276321,17.016750,25.610598,3.089176,15.000033,-18.462835,-2.317369,5.780058,11.477969,36.759620,-12.689745,69.180440,-18.180788,-2.534933,10.634984,-160.592880,-46.107395,82.010290,40.403270,38.465504,-13.017076,0.050057
67.000000,15.686813,-22.693787,83.936074,12.926268,11.984227,2.411467,10.892306,27.286007,23.186085,24.945604,16.460123,-15.000033,-18.859812,-12.052950,19.047890,23.893717,3.968517,15.000033,-19.773912,-2.397375,5.333113,13.919212,36.385025,-12.149928,70.962906,-19.687849,-2.562361,9.932773,-161.301650,-46.703896,84.783960,45.275738,38.286810,-13.230766,-1.119351
68.000000,16.403898,-23.367542,84.114041,12.883395,12.811588,0.619721,11.543599,26.858612,23.259207,24.653100,16.606674,-15.000033,-18.862432,-10.971873,20.697735,22.758846,4.561472,15.000033,-20.889374,-2.432954,5.054883,16.532719,35.966785,-11.907186,71.731060,-20.509623,-2.507519,9.229456,-161.815640,-47.150845,86.923170,50.224236,38.827110,-14.065326,-2.063529
69.000000,17.098143,-23.954538,84.326112,13.024729,13.785587,-0.548310,11.880799,26.325869,23.459250,24.547417,16.820332,-15.000033,-18.896347,-10.289944,22.140457,21.539108,5.375764,15.000033,-22.054167,-2.530398,5.206881,19.087135,35.367596,-11.575368,72.345700,-21.935188,-2.644004,8.352769,-162.333440,-47.620304,90.346214,54.973076,40.824112,-14.727091,-2.708318
70.000000,17.767836,-24.445196,84.346473,12.998507,14.861416,-2.097291,12.224834,25.890425,23.434792,24.725971,16.914179,-15.000033,-19.348568,-9.502436,23.567589,20.871471,5.430553,15.000033,-23.110550,-2.632119,5.786117,22.051540,34.785152,-11.877299,72.076416,-21.531475,-2.169964,6.770424,-162.580030,-47.983944,92.958350,59.357723,41.223827,-13.610384,-4.650742
71.000000,18.413877,-24.831795,84.290142,12.931899,15.923316,-3.543690,12.486032,25.318336,23.084278,24.763653,17.129452,-15.000033,-19.871124,-8.671389,25.232958,20.522255,5.150322,15.000033,-24.011840,-2.550877,6.462905,24.095083,34.182125,-12.514860,71.989160,-22.339980,-1.879100,6.119442,-162.838850,-48.292973,95.536530,62.340347,42.316980,-12.982883,-5.308758
72.000000,19.022604,-25.122807,84.231993,13.186669,16.738844,-4.720889,12.968831,24.470322,23.034842,24.315853,16.765339,-15.000033,-20.543198,-8.367696,26.512136,20.903180,4.703373,15.000033,-24.504131,-2.490235,6.919889,25.363108,33.602043,-13.247345,72.041810,-23.067299,-1.477057,5.361284,-163.062040,-48.542120,97.365890,64.079670,43.268898,-12.155297,-5.997128
73.000000,19.599667,-25.343721,84.167569,13.219501,17.568929,-5.885100,13.069091,24.117958,23.014278,24.668589,17.315477,-15.000033,-20.978592,-7.914873,27.696050,20.826450,4.376531,15.000033,-25.317886,-2.361017,7.766840,26.439999,33.069770,-13.950048,72.027530,-22.774694,-1.266573,4.432172,-162.917360,-48.778904,98.300380,65.704124,43.315290,-11.497928,-7.037175
74.000000,20.143600,-25.471645,83.980373,13.193730,18.602592,-6.626502,13.145713,23.977304,23.452942,24.477371,17.055464,-15.000033,-21.644327,-7.497204,28.838730,20.814474,3.498614,15.000033,-26.050295,-2.023438,8.702466,27.113174,32.644924,-14.405076,71.710800,-23.045004,-1.265148,3.910227,-162.579090,-48.980965,99.001480,66.928880,43.764960,-11.135150,-7.663099
75.000000,20.642376,-25.524128,83.781192,13.260037,19.564890,-7.481177,13.120586,23.373330,22.818674,24.355860,16.578972,-15.000033,-22.791708,-7.467245,29.124830,21.494776,2.716138,15.000033,-26.282520,-1.705677,9.814465,27.631416,31.909618,-15.962605,71.468110,-22.911167,-1.222956,3.987024,-162.721400,-49.345600,100.453420,66.840416,43.807950,-10.521291,-8.196460
76.000000,21.085430,-25.505013,83.654864,13.185649,20.421347,-7.856884,12.793557,23.376017,22.386904,24.609623,16.069970,-15.000033,-23.435915,-7.322928,29.552994,21.524921,2.351101,15.000033,-26.849155,-1.280792,10.990552,27.757072,31.671637,-16.389725,71.283844,-22.966513,-1.057036,3.250777,-162.150760,-49.476917,100.722480,67.252620,43.460800,-10.206128,-9.210043
77.000000,21.465921,-25.392735,83.519918,13.294530,21.697154,-7.784493,12.132158,23.561434,22.382153,24.804302,15.394725,-15.000033,-24.479681,-7.440098,30.043121,21.265140,2.043906,15.000033,-26.658188,-0.184701,12.222324,25.335120,30.320540,-19.168468,72.449960,-22.560791,-1.300805,3.296877,-162.108830,-50.327385,102.052550,66.538780,42.748333,-9.398142,-10.241875
78.000000,21.732634,-25.182474,83.111097,12.021798,22.070439,-8.803616,12.317268,24.025549,21.446312,25.525057,13.709268,-15.000033,-25.730461,-6.119952,29.100218,23.459175,1.144063,15.000033,-27.090336,0.554526,14.053367,25.481497,30.048300,-19.710749,71.303260,-23.441248,-1.620192,2.781580,-161.201610,-50.550846,101.859200,67.342270,46.257267,-8.095369,-11.555368
79.000000,21.895237,-24.871191,83.153748,13.610620,23.610967,-6.867185,10.483919,23.655638,20.808224,26.218122,13.759213,-15.000033,-27.204850,-7.753344,30.107380,23.227573,1.005132,15.000033,-27.604755,0.882792,15.923201,25.145930,29.650208,-19.991463,69.487920,-21.744999,-1.445593,1.897722,-160.200130,-50.915340,102.055770,67.658260,43.923424,-8.325469,-10.640253
80.000000,21.894716,-24.460644,82.974820,13.458020,24.331263,-6.240128,9.149771,24.599634,20.362776,28.556350,12.345675,-15.000033,-28.386808,-7.162211,30.918192,24.538187,0.658034,15.000033,-28.069248,2.185521,17.976809,23.644096,28.750744,-20.835241,69.099850,-22.220154,-1.669873,2.534996,-159.458270,-52.026894,102.041260,65.783226,44.073120,-6.485287,-11.856779
81.000000,21.719353,-23.886417,82.672453,13.515659,24.913574,-5.223473,7.638518,24.983969,19.625864,30.147734,11.455669,-15.000033,-29.977200,-7.185848,30.991804,26.498710,-0.189080,15.000033,-28.527570,2.996294,20.231330,22.266376,27.825832,-21.085033,68.439700,-22.739372,-2.290615,2.963194,-157.886350,-53.758522,101.752430,64.860540,45.879585,-5.390100,-11.670223
82.000000,21.343870,-23.214935,82.024068,12.256416,24.162912,-4.912440,6.159520,26.422665,19.304314,33.299538,9.804104,-15.000033,-31.049595,-6.160540,29.297497,30.273746,-2.069105,15.000033,-29.151516,4.082650,22.590185,21.780685,27.000181,-22.081127,67.521500,-22.911766,-2.554917,3.656814,-155.707800,-56.415726,100.607420,64.074104,44.602108,-4.092397,-14.247987
83.000000,20.834906,-22.504436,81.649042,11.835079,24.159144,-3.252398,3.962129,27.956585,19.253096,36.316986,7.595774,-15.000033,-31.967083,-6.010951,28.450048,32.007946,-3.070392,15.000033,-29.287573,5.220545,25.156622,20.984613,26.652628,-22.260426,66.237750,-20.791758,-2.800185,4.325993,-152.948230,-59.318428,98.680960,63.277786,46.047337,-3.896299,-17.198372
84.000000,20.187542,-21.736271,81.135980,11.620982,24.256194,-1.796717,2.148636,28.313349,18.414682,38.901120,7.246583,-15.000033,-33.621662,-5.690516,28.623320,34.860878,-4.220743,15.000033,-29.760462,5.452736,26.995226,20.785030,26.456018,-21.737038,65.628280,-24.376892,-2.799795,4.088683,-145.825820,-62.575233,95.592960,63.634224,47.788563,-2.123717,-19.966093
85.000000,19.436884,-21.001575,80.581080,11.285890,24.394116,-0.450386,0.867593,30.290337,20.350489,40.972300,8.207600,-15.000033,-34.881508,-5.306099,28.878761,36.844574,-5.795636,15.000033,-29.613981,5.891187,28.534103,21.283308,26.467215,-21.415417,63.684760,-23.606977,-2.876515,4.007026,-141.334300,-65.878150,91.726715,64.105736,46.214890,-4.451257,-23.110828
86.000000,18.572121,-20.289223,79.879697,9.836553,22.726086,0.233489,-1.171419,32.274826,20.117542,44.396840,7.479185,-15.000033,-35.019794,-4.130887,27.618881,40.485367,-7.089184,15.000033,-29.123487,6.239690,29.793802,21.820293,26.783487,-20.330763,62.592094,-23.551104,-2.996738,4.448629,-133.702320,-69.166380,87.186990,63.818382,46.681282,-5.303495,-23.403381
87.000000,17.667665,-19.611273,79.185600,9.805954,22.230592,1.856619,-3.842170,32.817024,18.866726,47.091923,7.445560,-15.000033,-36.280365,-4.676574,26.904480,43.227940,-8.798714,15.000033,-28.409996,6.164905,29.793802,22.774231,27.281984,-20.014223,62.228928,-22.426640,-2.764941,4.617470,-122.950620,-72.411110,80.030560,60.935085,46.225285,-6.404764,-25.784103
88.000000,16.737328,-18.978718,78.574819,9.947375,21.869778,4.020251,-5.906174,33.698334,18.616396,49.383324,6.146193,-15.000033,-37.354300,-5.644548,26.062548,45.372578,-10.285999,15.000033,-27.364983,6.079944,29.793802,24.856031,27.953247,-19.286500,61.185276,-22.438025,-2.672687,5.569915,-111.858345,-75.553116,71.987900,57.025380,46.043896,-6.238982,-25.590893
89.000000,15.783875,-18.371624,78.099113,10.916534,21.005063,7.285854,-9.035155,33.681180,16.640358,52.193813,6.550017,-15.000033,-38.076560,-7.087486,25.842648,48.361830,-11.238838,15.000033,-26.397537,5.786397,29.793802,26.081360,28.593260,-18.855997,61.519505,-21.897795,-2.060540,6.354332,-93.376274,-78.308620,59.221508,50.364494,46.822353,-4.075116,-26.553041
90.000000,14.813809,-17.772871,77.241317,11.850472,20.121936,9.925610,-12.456013,34.435120,16.074364,55.553703,4.930029,-15.000033,-39.291250,-9.377426,24.886790,51.529316,-13.332641,15.000033,-24.579660,5.923545,29.793802,27.777811,29.432161,-19.317074,60.853962,-19.607456,-2.401017,7.392803,-77.138990,-80.563120,47.960213,44.637260,44.095036,-4.675396,-22.738697
91.000000,13.840905,-17.123720,76.184332,12.007806,19.475850,11.897956,-15.906246,35.211180,15.365348,59.121418,4.252055,-15.000033,-40.462090,-11.411606,23.551485,54.088080,-15.812528,15.000033,-22.442472,6.701006,29.793802,28.720968,30.331305,-21.382140,60.915237,-20.103878,-2.409685,7.472265,-60.803060,-81.977880,36.978252,40.193980,42.489960,-5.847550,-20.686203
92.000000,12.871240,-16.437448,75.286930,11.262832,18.289740,13.814679,-19.375162,36.715855,15.085348,62.388496,3.607985,-15.000033,-40.406800,-12.760677,21.543564,56.069893,-17.566416,15.000033,-19.699200,8.720570,29.793802,29.751270,30.973215,-23.803423,59.270794,-19.374512,-2.675172,7.351770,-45.332950,-82.056350,25.908117,35.515728,43.316170,-7.487919,-19.989710
93.000000,11.903390,-15.633820,74.462119,11.347732,17.695282,16.396859,-21.803343,37.664658,15.856587,63.875446,2.408044,-15.000033,-40.607323,-14.760125,20.699654,57.329655,-19.539871,15.000033,-17.609257,10.223001,29.793802,31.465840,31.475733,-24.578701,57.031200,-16.724806,-1.721580,5.741603,-32.014000,-81.168080,16.381163,30.953548,40.928474,-6.298587,-15.557563
94.000000,10.927258,-14.741720,73.338661,10.439133,16.613848,18.200780,-24.941017,39.337570,15.785458,66.500310,1.407417,-13.764160,-40.394215,-16.552889,18.628094,58.942036,-21.808987,15.000033,-15.131782,12.431498,29.793802,32.782920,31.708470,-27.598192,54.224323,-14.394512,-1.601980,5.776815,-19.070026,-78.464760,8.668921,25.600462,38.883430,-6.683510,-15.159828
95.000000,9.937454,-13.745844,72.264715,9.849094,15.847610,20.565863,-28.661829,39.631443,14.712609,68.839516,0.672137,-12.703100,-40.152180,-19.053448,16.584616,60.212200,-24.179619,15.000033,-13.522780,14.104061,29.793802,34.644123,31.732794,-29.232162,50.409977,-12.402191,-1.247051,6.524490,-8.896371,-74.743164,3.872001,19.132215,37.258340,-8.669480,-15.486324
96.000000,8.961537,-12.707925,71.378459,9.104745,15.488863,23.208509,-31.679470,39.657246,13.852757,70.192604,0.383319,-11.690353,-39.725315,-21.450950,14.317667,60.955597,-26.058638,15.000033,-11.619312,15.855115,29.793802,36.483000,31.410843,-30.844631,46.347828,-10.152780,-0.636853,6.861987,-2.419557,-70.271576,2.064223,12.819818,34.827076,-10.155777,-16.886587
97.000000,7.981280,-11.655140,70.485648,7.832320,14.874188,26.207868,-34.467747,39.492992,12.851465,71.114620,0.012335,-10.491318,-38.441593,-23.698376,11.227121,61.695150,-27.551165,15.000033,-9.757574,17.564056,29.793802,37.828026,30.964579,-32.601513,42.394028,-7.574306,-0.476198,7.195264,1.299201,-65.448570,2.621581,6.675485,32.741770,-13.215931,-17.331013
98.000000,7.016927,-10.659658,69.630598,6.891846,14.505549,29.725508,-36.582962,38.630030,12.147888,70.981470,-0.230109,-10.255257,-36.881725,-25.910370,8.479863,62.259075,-29.238153,15.000033,-7.717130,18.978285,29.793802,38.594753,30.463814,-33.798460,38.774998,-6.111627,-0.089710,7.567377,2.493596,-60.754284,4.858083,1.598648,30.512066,-13.950536,-16.667269
99.000000,6.056074,-9.774645,68.922597,6.096441,13.623638,33.884665,-38.554100,37.008785,10.957431,70.975890,-0.550891,-10.215802,-34.121080,-28.542112,4.951794,62.569378,-30.555372,15.000033,-5.541118,20.629864,29.793802,39.246758,29.883291,-34.854084,34.804886,-3.685036,-0.216770,7.715568,2.119263,-56.258293,7.461193,-2.200209,29.399328,-16.152254,-15.595427
100.000000,5.121867,-9.040637,68.231233,5.493897,12.993867,38.098692,-40.371567,34.514294,9.072271,70.937904,-1.320845,-10.537512,-31.252170,-31.057877,1.456656,62.880010,-31.791124,15.000033,-3.332172,21.775091,29.793802,39.442047,29.254507,-35.389730,31.388369,-2.352580,-0.315246,7.930829,0.543632,-52.073090,10.398225,-5.220318,28.383121,-17.567045,-15.365534
101.000000,4.227451,-8.493995,67.793262,5.231815,11.881599,42.619983,-41.554726,31.927202,7.651210,70.939760,-2.505673,-10.858273,-27.412169,-33.444153,-2.275736,62.770775,-32.768970,15.000033,-1.218554,22.577888,29.793802,39.856617,28.463268,-35.156710,27.961834,-1.006595,-0.147598,8.327621,-1.361316,-48.470870,12.880147,-7.949258,26.140938,-17.388052,-14.401842
102.000000,3.387929,-8.122581,68.002869,5.165821,10.345684,47.566392,-42.390015,28.807951,6.098895,70.511060,-3.454539,-11.210904,-22.832070,-35.704930,-6.356142,62.832790,-33.276962,15.000033,0.742284,23.282722,29.793802,39.735130,27.546402,-35.095930,25.094060,0.148037,-0.163654,8.674746,-3.821629,-45.263134,14.882428,-10.973754,24.892872,-17.343475,-13.826652
103.000000,2.637227,-7.890802,68.247148,5.414737,8.906196,53.130344,-42.833100,25.275755,4.987304,69.489740,-5.066455,-11.826599,-17.696907,-37.549576,-10.484187,62.662900,-33.838192,15.000033,2.559632,23.875864,29.793802,38.628970,26.677998,-35.034230,23.046333,1.376199,0.251927,8.762771,-6.398263,-42.290348,16.729040,-14.913574,23.001410,-16.024157,-14.085165
104.000000,1.993721,-7.757603,68.253747,5.863482,7.552542,58.405280,-43.490910,21.714693,3.700251,69.237730,-5.788118,-11.722256,-13.015292,-39.243530,-14.398660,62.942295,-34.434803,15.000033,4.425672,23.878775,29.324661,37.779570,25.875374,-34.651665,21.778446,2.263516,0.196621,8.719048,-9.405585,-39.760166,18.841980,-17.332767,20.868105,-16.068964,-13.396141
105.000000,1.455894,-7.667789,68.184795,6.157997,6.058822,62.924122,-43.847286,18.270390,2.278344,68.872154,-6.450406,-12.049393,-8.229665,-40.452230,-18.429056,62.766838,-34.756855,15.000033,6.778166,24.074830,28.013687,36.068787,25.201359,-34.982033,21.775248,2.943607,0.291446,7.972302,-13.138650,-37.576717,21.861734,-19.479197,18.617144,-15.808692,-10.859554
106.000000,1.039189,-7.564546,67.984255,7.059988,4.962234,67.635252,-44.341972,13.981586,0.952385,68.243200,-6.794570,-12.645895,-3.705799,-41.594055,-22.042309,62.259970,-34.711567,15.000033,8.877336,23.633350,26.554728,34.722560,24.543522,-34.975254,22.576288,2.762790,0.433529,7.677582,-16.913485,-35.552740,23.201262,-20.051453,18.335451,-16.193800,-11.169167
107.000000,0.722239,-7.410230,67.783288,7.436657,4.532495,72.170767,-45.213894,10.973949,0.019063,67.642010,-7.547137,-12.401860,0.733525,-41.805573,-26.314365,61.207077,-34.697536,15.000033,10.885512,23.227364,25.080480,33.684100,23.918560,-34.727154,23.558132,3.136359,0.759193,7.609914,-20.850208,-33.522503,23.198673,-20.888155,18.059126,-15.963408,-12.415896
108.000000,0.485181,-7.201056,67.381801,7.608228,4.155838,76.144779,-46.276210,8.486455,-0.932990,67.819824,-8.707188,-11.651958,4.724686,-41.585285,-30.250261,60.332924,-34.704880,15.000033,12.703378,22.565737,23.876635,32.778100,23.306917,-34.184715,24.107838,3.340836,1.444703,6.872587,-25.739538,-31.758434,22.674220,-21.127640,18.159588,-15.159327,-11.372993
109.000000,0.302691,-6.935965,67.237027,7.469913,3.549816,79.223509,-46.683517,5.841581,-2.626910,67.935810,-9.117845,-11.853915,8.852043,-40.930553,-34.218470,58.859535,-34.560623,15.000033,14.608232,21.740420,22.570217,32.181606,22.725836,-33.572834,24.324630,4.023298,1.933038,6.167345,-30.386902,-30.216516,21.894390,-20.365631,18.738525,-14.578640,-10.552417
110.000000,0.180886,-6.612365,67.109045,7.426308,2.852198,82.478703,-47.018173,3.217278,-4.102602,68.251656,-9.741484,-12.029725,12.565307,-39.652798,-37.102345,57.435420,-34.296560,15.000033,16.255442,20.834162,21.391210,31.430016,22.105173,-33.283900,25.709103,3.534643,1.964430,5.977058,-35.210724,-28.960270,21.104416,-19.863697,17.924011,-13.609653,-10.016260
111.000000,0.101592,-6.227700,66.986912,7.283256,2.133335,85.249761,-47.237774,0.766640,-5.723693,68.963080,-10.103951,-12.044004,16.241756,-38.446247,-40.078632,56.042797,-34.295350,15.000033,17.915570,20.003470,20.192097,31.088615,21.581427,-33.127922,26.721996,3.922569,2.491634,5.610920,-40.820160,-27.838460,20.426983,-18.049070,17.982166,-12.262285,-10.052330
112.000000,0.090702,-5.794288,67.238390,7.096835,1.594803,87.960433,-47.277200,-1.465275,-7.254789,69.248740,-11.005387,-12.435969,19.817930,-36.083530,-42.515423,52.852990,-33.543114,15.000033,19.768963,19.188528,18.622389,30.863420,21.141739,-32.859910,28.178259,3.810042,2.296166,5.427999,-46.123566,-26.831280,19.285854,-16.177430,18.520071,-10.770164,-9.814426
113.000000,0.135330,-5.306378,67.469236,7.014403,1.218247,90.762271,-46.972164,-3.210267,-8.211225,68.724630,-11.418894,-12.356047,22.861017,-33.738686,-44.778088,49.722670,-32.885708,15.000033,21.561846,18.429550,17.081076,31.032156,20.859050,-32.483047,29.659931,3.584597,2.027151,4.667219,-52.202106,-25.919147,18.567170,-12.970162,18.951017,-9.921746,-10.363930
114.000000,0.233170,-4.775526,67.678884,6.897585,0.969693,93.449367,-46.883427,-4.181589,-8.590988,68.443060,-11.496289,-11.569375,25.223870,-31.174372,-46.265907,46.590120,-32.262600,15.000033,22.908660,17.531410,15.801756,31.821160,20.759665,-31.589453,30.325895,3.593551,1.541250,4.399849,-59.132088,-25.316784,17.785315,-7.926317,20.257677,-9.438807,-11.730410
115.000000,0.371666,-4.215741,68.168013,6.502681,0.793123,96.159411,-45.927856,-5.386744,-9.808406,66.625565,-10.983066,-11.612210,27.905422,-27.857697,-48.510223,41.641670,-30.738886,15.000033,24.489800,16.809477,14.210062,32.289948,21.053140,-31.850943,31.612816,4.069302,1.213715,3.183933,-66.579130,-24.739500,17.936567,-1.609157,22.098090,-7.809763,-12.579374
116.000000,0.539841,-3.637892,68.490792,6.376466,0.336191,98.623501,-44.987663,-6.337146,-10.482927,65.561900,-10.783527,-11.441347,30.331581,-24.939337,-49.458748,37.303425,-29.080091,15.000033,25.804773,15.849714,12.885321,33.967700,21.438250,-31.026728,31.433464,2.680486,0.275863,3.618515,-74.230380,-24.549177,19.599955,6.513224,23.619991,-6.721075,-12.224497
117.000000,0.718930,-3.060858,68.835189,6.197981,-0.212523,100.496325,-43.694706,-6.611747,-10.823954,64.343950,-11.050590,-11.083605,32.596394,-22.243345,-50.000668,32.763640,-27.093792,15.000033,27.236103,14.628307,11.764254,34.698830,22.025192,-30.861183,32.671600,1.648826,-1.651718,4.444061,-81.966010,-24.406641,21.835670,15.105166,26.174591,-5.713633,-11.688666
118.000000,0.887753,-2.479444,69.202400,6.428444,-0.726046,103.207275,-41.900490,-8.503220,-12.182058,61.816390,-9.963557,-12.183020,34.678220,-19.922630,-50.892890,28.865683,-24.897463,15.000033,28.653751,13.464243,10.924390,34.676235,22.832367,-30.792015,34.853800,0.509573,-2.561142,4.592250,-89.341805,-24.202063,24.084791,24.231592,30.178215,-4.376047,-10.997850
119.000000,1.016929,-1.910529,69.487983,6.200526,-1.234214,105.283014,-39.826610,-10.025571,-14.322090,59.311930,-8.874829,-13.142999,36.450203,-17.763397,-51.714005,25.432774,-22.580257,15.000033,30.284931,12.185043,10.190043,34.326540,23.905285,-31.048584,38.031860,-0.588499,-3.257080,5.035960,-95.891335,-23.803303,27.782145,33.617550,33.357872,-2.920481,-9.762156
120.000000,1.099311,-1.347141,70.147658,6.210510,-1.737244,107.331793,-37.950825,-11.498247,-16.081686,57.130764,-7.717806,-13.593816,37.684425,-16.187656,-51.666730,23.317616,-20.433924,15.000033,31.670292,10.523914,9.585114,34.067757,25.148352,-30.774574,40.830532,-2.074744,-4.105179,6.332938,-100.529960,-23.198168,32.377690,42.697956,35.550415,-1.454671,-8.507514
121.000000,1.126372,-0.802118,70.965058,5.943592,-2.272789,108.700682,-36.093900,-12.432270,-17.877764,55.491367,-6.188841,-14.602571,38.984142,-14.833529,-52.268795,21.281752,-19.011389,15.000033,33.053974,8.728889,9.274855,33.637720,26.359167,-30.145372,45.347305,-3.402808,-5.710467,5.936959,-104.470566,-22.407566,37.471397,52.013720,37.768612,0.309902,-6.397980
122.000000,1.086821,-0.250185,71.577499,5.962968,-2.267035,110.754324,-34.783962,-14.277267,-20.273064,53.675920,-4.997773,-14.772166,39.686290,-13.526442,-52.683800,19.819815,-16.950190,15.000033,33.601220,7.001428,9.198857,33.470356,27.392923,-30.003984,47.675100,-4.441864,-4.351073,6.102348,-106.792710,-21.612960,42.588260,59.422370,37.490677,2.033009,-4.867737
123.000000,1.018353,0.256490,72.310802,5.093900,-2.070491,112.480564,-33.844826,-14.826185,-22.630663,52.352737,-3.600886,-15.000033,40.290690,-11.815440,-54.200867,18.278715,-14.689530,14.666318,34.378605,5.428193,8.931996,33.573810,28.113182,-28.058790,49.850220,-4.894501,-5.015120,6.105867,-109.218210,-20.870870,47.762856,65.549614,35.830220,3.848328,-1.167666
124.000000,0.937054,0.725916,72.820223,5.252962,-1.846946,113.156867,-32.288486,-16.167282,-24.862255,50.361520,-3.507046,-15.000033,40.435986,-11.266041,-53.782738,16.997110,-14.763134,14.274177,34.384240,4.303518,8.675572,32.953526,28.847261,-28.604640,51.526543,-5.784023,-4.942924,5.198685,-110.613540,-20.182848,49.963913,68.249760,34.214493,5.532314,0.965925
125.000000,0.854677,1.135646,73.039448,5.061699,-1.755063,113.760698,-31.616070,-16.980959,-26.516762,50.157654,-3.553850,-15.000033,40.760307,-10.651604,-54.085323,16.370441,-14.496676,13.876472,34.521137,3.313202,8.656042,32.364630,29.442211,-28.714613,52.775337,-5.841833,-4.798682,4.508100,-111.589455,-19.564950,52.359196,70.146910,32.643580,5.981263,3.489162
126.000000,0.796992,1.480161,73.426839,4.707881,-1.836349,114.148972,-30.690819,-16.621231,-27.167782,49.235916,-3.234077,-15.000033,40.794926,-10.190095,-53.961010,16.462624,-14.102756,13.258914,34.496014,2.643520,8.577570,32.054737,29.862877,-29.898840,54.071724,-5.491100,-4.783670,4.244943,-112.017400,-18.922163,52.723730,70.762520,32.821060,5.765705,2.749706
127.000000,0.771305,1.768486,73.632185,4.765857,-2.358025,114.758062,-29.637531,-16.372578,-27.049970,48.310110,-3.078714,-15.000033,41.648060,-9.893789,-54.978325,16.213293,-13.688462,12.704653,34.840890,2.150417,8.489010,31.868793,30.048487,-30.454716,54.974953,-6.148046,-4.881892,3.579879,-111.307970,-18.250126,53.479992,71.382835,32.409904,5.720200,2.567965
128.000000,0.732964,2.012540,73.843128,4.232836,-2.550269,115.219754,-28.930128,-16.557950,-28.449932,48.295300,-3.049937,-15.000033,41.664013,-9.568810,-55.316784,17.161167,-13.200371,11.824516,34.569134,1.858600,8.383149,31.736380,29.982534,-31.538340,55.470890,-5.173502,-4.565256,3.763211,-111.995100,-17.724092,53.279500,72.639240,32.078950,5.364992,2.409934
129.000000,0.727712,2.231380,73.818274,4.751159,-2.350947,115.242312,-28.675430,-17.295116,-28.981577,47.945366,-3.297977,-15.000033,41.614430,-9.755983,-55.128000,16.733788,-14.043889,11.331943,34.116848,1.495746,8.419749,30.613756,29.853594,-33.566800,56.594612,-5.314062,-3.797278,3.245436,-111.806960,-17.238583,53.261627,71.971190,31.088360,5.729186,2.416253
130.000000,0.714232,2.402429,74.008680,4.606570,-2.351025,115.189852,-28.045769,-17.428316,-29.914967,47.503800,-3.267333,-15.000033,41.787083,-9.496109,-55.463657,16.359985,-13.709349,10.973118,33.875600,1.253281,8.358043,29.826868,29.625772,-34.595993,57.624090,-4.984015,-3.529807,3.009798,-111.775880,-16.835865,53.127620,72.321670,30.813940,5.725683,2.275109
131.000000,0.710067,2.529434,74.043831,4.436508,-2.323032,114.885694,-28.014246,-17.079128,-29.855711,47.760290,-3.425162,-15.000033,41.889280,-9.358853,-55.515404,16.093231,-13.631953,10.781807,33.760498,1.079825,8.317245,29.218025,29.339203,-35.367023,58.466362,-4.965636,-3.694353,2.578568,-111.786670,-16.433740,52.879715,72.333480,31.043734,5.529097,2.478809
132.000000,0.718383,2.616644,74.195442,4.272012,-2.137718,114.693022,-27.942324,-16.462130,-29.779930,47.244164,-3.137586,-14.827367,41.785374,-9.183653,-55.814514,15.691771,-13.375282,10.514598,33.429203,0.841622,8.268862,28.004053,28.861055,-36.869537,60.438675,-3.884306,-2.264681,1.542322,-111.864650,-16.072851,52.410313,72.504440,29.480427,5.513843,1.608663
133.000000,0.724357,2.650823,74.038307,4.222245,-2.281539,114.233524,-28.080488,-16.439922,-29.603476,48.217487,-3.722043,-15.000033,41.959680,-9.244303,-55.316925,15.636186,-13.852550,10.512496,33.248440,0.758695,8.305024,27.767836,28.480390,-37.303750,60.274600,-3.961757,-2.957429,1.929485,-112.217870,-15.750730,51.821022,72.854400,31.251700,5.585363,1.556060
134.000000,0.732120,2.644997,74.024381,4.155072,-2.269924,113.830873,-28.049273,-16.483990,-29.800861,48.541584,-3.917114,-15.000033,41.965412,-9.496053,-55.454117,15.860642,-14.378649,10.620218,33.264830,0.781197,8.140170,27.576520,28.171135,-37.776310,60.161285,-4.352656,-3.176326,1.844446,-112.206960,-15.387515,51.656610,73.354020,31.606937,5.841293,1.816434
135.000000,0.764773,2.601793,73.778670,4.398988,-2.446146,113.706280,-28.253044,-16.590910,-29.352493,49.085320,-4.427241,-15.000033,42.116222,-9.826222,-55.308807,16.097311,-14.829409,10.554248,33.095463,0.717468,8.177754,27.141865,27.820925,-38.405940,60.702263,-4.270587,-2.938956,1.848938,-112.235960,-15.075041,51.336483,73.782390,32.047726,5.672759,1.462209
136.000000,0.787444,2.528692,73.856506,4.159984,-2.491237,113.370405,-28.071260,-16.387878,-29.643976,49.043690,-4.397139,-15.000033,42.131200,-9.915161,-55.674423,16.260506,-15.129264,10.509482,32.986076,0.721067,8.110118,26.886864,27.429438,-38.946342,60.986080,-4.413184,-2.944122,1.209593,-112.234180,-14.803131,51.086353,74.085260,31.872600,5.812632,1.640078
137.000000,0.826647,2.434939,73.921807,4.035456,-2.585073,113.067474,-27.881416,-15.993914,-29.564459,48.736120,-4.317563,-15.000033,42.092068,-10.023903,-55.728530,16.364030,-15.364740,10.602663,32.800873,0.728403,8.015897,26.624924,27.041693,-39.639770,61.205143,-4.271333,-2.944710,0.910553,-111.960950,-14.545515,51.133080,74.105736,31.050076,5.919939,1.558506
138.000000,0.876897,2.333618,73.964278,4.028461,-2.650751,112.815349,-27.716751,-15.659292,-29.370707,48.304990,-4.270178,-15.000033,42.052208,-10.128178,-55.703983,16.308150,-15.551747,10.780985,32.731525,0.700047,7.867672,26.301119,26.666914,-40.099926,61.492920,-4.037758,-2.920304,0.786428,-111.656906,-14.289493,51.297930,74.407700,30.531889,6.022728,1.844535
139.000000,0.940966,2.232512,73.827029,4.216959,-2.821444,112.815447,-27.697512,-15.707080,-29.118666,48.262836,-4.516656,-14.823926,42.224632,-10.164875,-55.591790,16.100286,-15.836329,10.858830,32.632230,0.659817,7.851443,25.805773,26.336872,-40.568100,61.923490,-3.760340,-2.791853,0.922035,-111.579750,-14.052603,51.408474,75.085010,30.376217,5.993923,1.799621
140.000000,1.010753,2.135664,73.829983,4.275720,-2.959666,112.766224,-27.554080,-15.611573,-29.016647,48.003098,-4.418040,-14.865684,42.135105,-10.434873,-55.552135,16.644562,-16.184443,10.890464,32.552284,0.577349,7.803905,25.412240,26.048372,-40.830574,62.179848,-3.384682,-2.705818,0.879285,-111.427600,-13.837183,51.411495,75.720790,29.999037,6.132870,1.961240
141.000000,1.086848,2.049645,73.796847,4.275805,-3.038634,112.683727,-27.557365,-15.567702,-29.026329,48.036550,-4.418889,-14.996960,42.161465,-10.474477,-55.616930,16.723705,-16.358364,10.849136,32.486145,0.533922,7.775044,25.093557,25.801332,-41.012040,62.343155,-3.034133,-2.633744,0.778629,-111.442300,-13.648924,51.483494,76.205460,29.825405,6.185195,2.274829
142.000000,1.169566,1.973693,73.659002,4.434627,-3.256822,112.686641,-27.502419,-15.728975,-28.955336,48.200870,-4.673196,-15.000033,42.342140,-10.717346,-55.780052,17.075224,-16.644629,10.761038,32.496580,0.458113,7.736004,24.773178,25.610447,-40.986824,62.485270,-2.744595,-2.661959,0.758176,-111.324210,-13.475998,51.393410,77.012054,29.914970,6.069551,2.525629
143.000000,1.242120,1.904992,73.729413,4.200961,-3.388058,112.630702,-27.308899,-15.579570,-29.296995,48.156296,-4.488525,-15.000033,42.262978,-10.618984,-55.747190,17.393661,-17.003368,10.761210,32.301820,0.408803,7.672596,24.550621,25.416230,-41.241573,62.738632,-2.755989,-2.601882,0.457261,-111.220474,-13.348762,51.346584,77.295280,29.846375,6.063805,2.822360
144.000000,1.315658,1.852516,73.581396,4.395129,-3.420257,112.779262,-27.409365,-15.885677,-29.356209,48.270920,-4.783841,-15.000033,42.228350,-10.773317,-55.715508,17.687222,-17.511969,10.697522,32.189460,0.341077,7.655902,24.171724,25.266333,-41.561146,62.975770,-2.407886,-2.309060,0.577706,-111.240630,-13.230712,51.261772,77.525630,29.795120,6.065193,2.737461
145.000000,1.379938,1.804536,73.449806,4.551211,-3.672951,112.977428,-27.312315,-16.254790,-29.518024,48.497784,-4.947751,-15.000033,42.438797,-10.855389,-55.743946,17.939917,-17.984943,10.624544,32.129536,0.297658,7.661899,23.823524,25.161478,-41.632034,63.180515,-1.792355,-1.938978,0.457409,-111.097374,-13.158932,51.409700,78.116360,29.147240,5.923717,2.925316
146.000000,1.423179,1.763757,73.419055,4.420381,-3.823629,112.960887,-27.161990,-16.353449,-29.907068,48.698030,-5.105648,-15.000033,42.451480,-10.804624,-55.623703,18.221449,-18.294594,10.528568,32.044823,0.180370,7.595164,23.812042,25.088015,-41.572765,63.044643,-1.579202,-1.753128,0.281120,-111.007195,-13.120743,51.368057,78.607834,29.371008,5.878951,3.004307
147.000000,1.453595,1.733759,73.421834,4.294414,-3.875678,112.958049,-27.060778,-16.323078,-30.164177,48.690517,-5.206921,-15.000033,42.461506,-10.714859,-55.707493,18.300830,-18.450006,10.462991,32.020820,0.176430,7.478141,23.796103,25.046352,-41.496357,62.781640,-1.324390,-1.595318,0.117438,-110.881280,-13.100682,51.236256,78.799225,29.372793,5.779464,2.958345
148.000000,1.470027,1.711503,73.488527,4.107527,-3.938579,113.063926,-26.831917,-16.307842,-30.588224,48.496487,-5.189332,-15.000033,42.480170,-10.566490,-55.915905,18.425707,-18.712254,10.572854,31.980020,0.258824,7.368767,23.773832,25.021183,-41.358322,62.356518,-1.104250,-1.539101,-0.051464,-110.746260,-13.107600,50.879982,78.837280,29.553349,5.540767,2.890904
149.000000,1.483094,1.704239,73.480809,4.172099,-3.961987,112.984006,-26.672747,-16.469206,-30.838440,48.381210,-5.313350,-15.000033,42.621094,-10.514225,-55.982890,18.057915,-18.780815,10.481735,32.070175,0.269651,7.240249,23.795588,25.014462,-41.233215,62.025677,-0.826452,-1.600439,0.023841,-110.524740,-13.106255,50.750710,78.725580,29.564066,5.355645,2.655175
150.000000,1.491088,1.705727,73.480728,4.253290,-3.920837,113.040845,-26.637724,-16.515903,-30.846996,48.165195,-5.350140,-15.000033,42.510647,-10.541083,-55.799526,18.089730,-18.866350,10.467469,32.082490,0.261591,7.144748,23.821869,25.023620,-40.951820,61.605537,-0.737565,-1.798329,0.152591,-110.375530,-13.110468,50.544914,78.474030,29.369340,5.334943,2.561718
151.000000,1.495186,1.711556,73.491729,4.269916,-3.993109,113.117401,-26.490736,-16.495490,-30.842216,47.977630,-5.404734,-15.000033,42.476658,-10.585831,-55.663166,18.320800,-18.952303,10.429893,32.076510,0.275085,7.016692,23.856590,25.058117,-40.800480,61.152850,-0.590126,-1.959624,0.113816,-110.114690,-13.114939,50.511370,78.446160,29.029358,5.228030,2.666854
152.000000,1.497092,1.720014,73.510600,4.246313,-4.166752,113.241829,-26.178272,-16.693615,-31.203571,47.886486,-5.460254,-15.000033,42.507374,-10.717061,-55.678932,18.865534,-19.289776,10.400804,32.067657,0.275157,6.916194,23.888092,25.143932,-40.705788,60.701950,-0.444266,-1.960678,-0.025693,-109.828255,-13.135976,50.392730,78.623220,28.698470,5.107774,2.827665
153.000000,1.501018,1.735231,73.576240,4.171001,-4.055609,113.329376,-26.070833,-16.699968,-31.539104,47.558628,-5.454015,-15.000033,42.372840,-10.536603,-55.606102,18.732191,-19.218824,10.373632,32.015663,0.241228,6.772513,23.895187,25.230467,-40.774857,60.335205,-0.221161,-2.045931,-0.020830,-109.707720,-13.148935,50.199520,78.422490,28.543290,5.163118,2.898970
154.000000,1.511312,1.748459,73.633973,4.180966,-4.066333,113.419640,-25.838036,-16.839281,-31.903696,47.246560,-5.386944,-15.000033,42.539387,-10.316898,-55.807873,18.253035,-18.976492,10.355687,32.054756,0.191560,6.699863,23.788330,25.346058,-40.925540,60.069496,-0.001852,-2.166428,-0.066970,-109.549904,-13.169924,50.161114,78.481290,28.553308,5.102860,2.875522
155.000000,1.534765,1.752485,73.524466,4.358236,-4.231213,113.693126,-25.764340,-17.240932,-32.073128,47.390790,-5.539007,-15.000033,42.660700,-10.413116,-55.761856,18.552986,-18.965422,10.190228,32.099650,0.186326,6.704949,23.513550,25.484888,-41.148360,59.854550,0.052168,-2.442997,0.228062,-109.453995,-13.215903,49.961784,78.796640,28.642971,4.878280,2.634422
156.000000,1.556479,1.748852,73.613081,4.333628,-4.108841,113.664813,-25.685158,-17.158234,-32.240246,47.004910,-5.360503,-15.000033,42.652084,-10.138092,-55.771004,17.912909,-18.804130,10.265942,32.097996,0.094719,6.626944,23.419416,25.556520,-41.496174,59.793100,0.066933,-2.694731,0.245449,-109.328530,-13.226108,49.860367,78.571740,28.879404,4.839643,2.887608
157.000000,1.583881,1.725796,73.631619,4.364517,-4.245645,113.774087,-25.471193,-17.295319,-32.461310,46.864113,-5.252669,-15.000033,42.693237,-10.208076,-55.795900,18.186369,-18.955517,10.247606,32.069370,0.002221,6.610160,23.167103,25.597918,-41.830788,59.891953,0.162609,-2.760196,0.068955,-109.140920,-13.248873,49.864273,78.799210,28.497965,4.815797,3.275933
158.000000,1.618036,1.687680,73.674681,4.433974,-4.416490,114.178214,-24.974900,-17.510855,-33.030080,46.102898,-5.206809,-15.000033,43.063187,-10.223937,-56.911972,18.263096,-19.126192,10.160074,32.209050,-0.024443,6.490012,22.495900,25.510458,-41.744260,60.786324,0.940716,-1.509588,-1.027145,-108.829950,-13.320166,50.187260,79.803450,26.664215,4.463292,3.769943
159.000000,1.642714,1.630165,73.639686,4.387668,-4.620585,114.175977,-24.858631,-17.624693,-33.175632,46.326220,-5.225127,-15.000033,43.080320,-10.199230,-56.554203,18.438585,-19.030027,10.068557,32.133263,-0.111947,6.543937,22.380430,25.479290,-41.927530,60.527725,0.628350,-2.152167,-0.783220,-108.709030,-13.368500,50.135284,79.987460,27.797174,4.391504,3.922253
160.000000,1.665410,1.564353,73.678591,4.323136,-4.530823,114.226800,-24.843203,-17.527262,-33.327812,45.968018,-5.156979,-15.000033,43.014336,-9.825506,-56.344788,17.785028,-18.718245,10.116848,32.106070,-0.168167,6.442089,22.195621,25.415298,-42.298138,60.570060,0.528824,-2.381095,-0.848933,-108.594940,-13.420600,50.018326,79.973206,27.637781,4.394405,4.039908
161.000000,1.685172,1.487126,73.682488,4.303582,-4.621164,114.025562,-24.871328,-17.278467,-32.922546,45.984703,-5.079433,-15.000033,42.990795,-9.850663,-56.061550,17.700250,-18.718428,10.149121,32.110990,-0.174635,6.455145,22.405113,25.400341,-42.318010,60.068560,-0.054028,-3.306072,-0.887301,-108.361190,-13.424107,49.980170,79.768620,28.541600,4.151422,4.153017
162.000000,1.706698,1.410220,73.628903,4.361902,-4.735334,114.251366,-24.772911,-17.440273,-33.051712,45.800230,-5.167537,-15.000033,43.039124,-9.757994,-55.997240,17.640490,-18.625238,10.121624,31.985897,-0.185069,6.455028,22.167257,25.283000,-42.468080,60.181380,-0.223735,-3.537304,-0.886924,-108.183090,-13.488375,49.890530,79.784280,28.540968,3.987156,4.119801
163.000000,1.724864,1.336445,73.632916,4.269386,-4.974581,114.426927,-24.478560,-17.493760,-33.370850,45.631590,-5.156125,-15.000033,43.175575,-9.713434,-56.166065,17.876530,-18.582390,10.004698,31.927557,-0.181294,6.308860,21.848728,25.140800,-42.557030,60.532030,-0.179380,-3.531338,-1.102527,-107.761820,-13.587777,49.899235,80.127190,27.447080,3.863159,4.163539
164.000000,1.737591,1.280010,73.617785,4.268443,-5.084797,114.556667,-24.417873,-17.543028,-33.394980,45.576120,-5.100791,-15.000033,43.202255,-9.668358,-56.133587,17.932219,-18.545061,9.930579,31.871641,-0.232401,6.276244,21.646318,24.991701,-42.603004,60.796630,-0.354979,-3.662925,-1.259180,-107.515680,-13.679570,49.978250,80.246820,26.775711,3.820246,4.379264
165.000000,1.742579,1.243399,73.655726,4.319589,-5.194998,114.675316,-24.203362,-17.672083,-33.553314,45.320942,-4.933101,-15.000033,43.194668,-9.797903,-56.158737,18.266684,-18.606876,9.810897,31.783663,-0.343222,6.304394,21.392828,24.838802,-42.852440,61.129950,-0.443084,-3.599138,-1.369325,-107.319220,-13.764335,50.032040,80.278310,26.808975,3.887666,4.594704
166.000000,1.736328,1.231624,73.720645,4.319829,-5.104058,114.991693,-24.007948,-17.906633,-34.107983,44.793240,-4.838841,-15.000033,43.122803,-9.656811,-56.392143,18.213818,-18.511503,9.739152,31.768862,-0.350702,6.215243,20.997430,24.667410,-42.821457,61.622005,-0.397471,-3.362459,-1.476292,-107.302340,-13.874081,49.930134,80.389520,25.740420,3.977762,4.570933
167.000000,1.719650,1.237116,73.734312,4.349615,-5.168343,115.163453,-23.804443,-17.900269,-34.095215,44.424168,-4.967526,-15.000033,43.163020,-9.562793,-56.251915,18.153780,-18.314950,9.668563,31.766668,-0.349117,6.154195,20.842330,24.551086,-42.793808,61.733017,-0.704168,-3.628420,-1.359392,-107.148930,-13.951732,49.890747,80.494130,25.953794,4.055489,4.364607
168.000000,1.701605,1.258382,73.744480,4.257023,-5.149486,115.271663,-23.716940,-17.874304,-34.331440,44.289060,-5.098372,-15.000033,43.089657,-9.456366,-56.210720,18.211876,-18.366041,9.640284,31.732815,-0.382403,6.078552,20.652570,24.430256,-42.877360,62.049890,-0.862821,-3.561266,-1.287618,-107.052630,-14.033083,49.859040,80.444390,25.948727,4.111474,4.150808
169.000000,1.677943,1.295677,73.773331,4.165915,-5.129717,115.440217,-23.588373,-17.694986,-34.381680,43.929516,-5.247644,-15.000033,43.053880,-9.234654,-56.145523,18.069650,-18.298475,9.566294,31.649776,-0.490641,5.980909,20.460997,24.325335,-43.003178,62.485150,-0.999003,-3.404491,-1.282207,-106.922860,-14.102139,50.052227,80.527840,25.772604,4.261278,4.037384
170.000000,1.648695,1.347723,73.830966,4.073480,-5.027353,115.472971,-23.511084,-17.568647,-34.491450,43.685932,-5.329957,-15.000033,42.950760,-9.012804,-55.900177,17.821669,-18.189972,9.528325,31.586136,-0.613759,5.928053,20.376577,24.203255,-43.250427,62.882100,-1.314152,-3.375892,-1.390329,-106.908130,-14.151150,50.291870,80.413170,25.783712,4.466967,4.061905
171.000000,1.619463,1.410259,73.867946,4.035880,-4.959090,115.428077,-23.546974,-17.377320,-34.232580,43.649693,-5.376776,-15.000033,42.833332,-9.033736,-55.696793,17.949825,-18.206566,9.390154,31.584826,-0.702335,5.889506,20.381702,24.100233,-43.205860,63.097470,-1.688648,-3.418173,-1.710637,-106.920930,-14.166018,50.575733,80.348470,26.013681,4.558726,4.159920
172.000000,1.600275,1.479756,73.920211,3.999275,-4.938705,115.576484,-23.355057,-17.375284,-34.449947,43.359818,-5.427722,-15.000033,42.877260,-8.812545,-55.671260,17.690983,-18.113554,9.342315,31.562170,-0.765601,5.807996,20.257225,24.048893,-43.188515,63.313488,-1.986752,-3.302053,-1.842802,-106.845690,-14.168318,50.694595,80.461470,25.903430,4.763223,4.042096
173.000000,1.588854,1.552728,73.964102,4.010848,-4.933267,115.627833,-23.275427,-17.183432,-34.211180,43.133137,-5.414526,-15.000033,42.871235,-8.755399,-55.569330,17.646180,-18.075062,9.297364,31.550070,-0.844612,5.760776,20.263823,24.015990,-42.998703,63.349617,-2.196867,-3.429061,-1.874106,-106.729350,-14.163286,50.824986,80.382774,26.182991,4.863661,4.008252
174.000000,1.581544,1.625677,73.965798,4.024432,-4.943932,115.770842,-23.209026,-17.090834,-34.065970,42.981888,-5.541192,-15.000033,42.932003,-8.645214,-55.599472,17.560093,-18.076502,9.316994,31.512796,-0.895620,5.719895,20.258577,23.990356,-42.699690,63.282764,-2.345626,-3.627684,-1.837538,-106.664460,-14.161542,50.936230,80.341010,26.333864,4.805283,3.966888
175.000000,1.578650,1.693688,73.963474,4.010177,-4.920863,115.853398,-23.188360,-16.972038,-33.974323,42.899162,-5.678440,-15.000033,42.957470,-8.489584,-55.552635,17.373522,-18.053564,9.293717,31.470000,-0.957936,5.645328,20.293777,23.989803,-42.528053,63.122215,-2.455008,-3.681283,-1.734066,-106.572290,-14.158106,51.016800,80.214100,26.633910,4.736351,3.837313
176.000000,1.573412,1.754253,73.963885,4.082862,-4.854927,115.903115,-23.184727,-16.846882,-33.723885,42.663210,-5.793993,-15.000033,42.935043,-8.414455,-55.435085,17.160666,-17.969154,9.273476,31.396769,-1.016732,5.561126,20.428322,24.006453,-42.105972,62.911716,-2.629776,-3.836682,-1.525942,-106.415460,-14.127151,51.330800,79.909860,26.425846,4.841448,4.132194
177.000000,1.565825,1.795924,73.982833,3.988085,-4.817763,115.920143,-23.148933,-16.723400,-33.803270,42.609720,-5.897549,-15.000033,42.859245,-8.287614,-55.292885,17.130997,-18.081982,9.338968,31.312151,-1.074793,5.445569,20.565248,24.028740,-42.029022,62.653137,-2.824084,-3.855165,-1.501295,-106.278680,-14.092075,51.352810,79.763180,26.351133,4.827778,4.063397
178.000000,1.552993,1.820782,74.004280,3.960446,-4.853975,115.935974,-23.036211,-16.612432,-33.729324,42.459343,-5.967319,-15.000033,42.880463,-8.238180,-55.201614,17.112467,-18.092640,9.306324,31.270765,-1.102176,5.382768,20.715485,24.047604,-41.738125,62.303726,-3.005671,-3.929041,-1.371908,-106.126366,-14.066107,51.519142,79.691570,26.450027,4.840052,4.075085
179.000000,1.540848,1.826254,74.018685,3.890119,-4.799828,115.841740,-23.079330,-16.362286,-33.539383,42.365467,-6.036744,-15.000033,42.841080,-8.114705,-55.064300,16.857346,-18.131485,9.321415,31.183586,-1.132041,5.312567,21.081095,24.087784,-41.265263,61.652870,-3.174245,-4.155349,-1.168175,-106.043840,-13.997780,51.477173,79.413910,26.454903,4.900392,3.940677
180.000000,1.525143,1.814716,73.977294,3.894197,-4.847423,115.952553,-23.051765,-16.440224,-33.574375,42.369244,-6.203640,-15.000033,42.932140,-8.058293,-55.173620,16.789772,-18.258738,9.242599,31.121130,-1.137292,5.338709,21.192230,24.108076,-40.974224,61.184017,-3.468055,-4.323595,-0.910405,-106.050930,-13.971929,51.430077,79.442370,26.390366,4.865188,3.701335
181.000000,1.506443,1.788475,74.023584,3.823797,-4.820076,116.017037,-23.017090,-16.350973,-33.613205,42.160084,-6.088194,-15.000033,42.919167,-7.914276,-55.220203,16.596802,-18.283226,9.259316,31.066616,-1.151990,5.309227,21.348293,24.116795,-40.558926,60.617940,-3.559874,-4.341253,-0.840972,-106.050960,-13.967260,51.321056,79.389190,26.527332,5.001010,3.524658
182.000000,1.487744,1.749211,74.004591,3.773893,-4.903683,115.980094,-23.056020,-16.258291,-33.414043,42.310510,-6.115063,-15.000033,42.923710,-7.949781,-55.093070,16.722843,-18.600548,9.254340,30.942307,-1.184446,5.325020,21.552710,24.123148,-40.474216,60.056053,-3.670583,-4.471967,-0.839005,-105.967980,-13.965343,51.222810,79.193610,26.561823,4.932729,3.540503
183.000000,1.469548,1.708779,73.971810,3.750357,-4.835445,116.152776,-23.217058,-16.251860,-33.318077,42.280550,-6.160597,-15.000033,42.851562,-7.869678,-55.198430,16.699884,-18.659563,9.331537,30.829348,-1.227431,5.302487,21.604061,24.088945,-40.109516,59.766747,-3.737871,-4.291932,-0.903189,-106.046906,-13.993296,51.055717,79.159840,26.925835,4.952245,3.582463
184.000000,1.454977,1.664516,73.912916,3.695316,-4.946043,116.318786,-23.259417,-16.310980,-33.306717,42.464027,-6.268746,-15.000033,42.835580,-7.866030,-55.103416,16.996334,-18.874777,9.301477,30.715073,-1.165670,5.319078,21.630238,24.047474,-39.996510,59.364914,-3.929257,-4.207255,-0.705399,-106.041250,-14.033501,50.762527,79.112890,26.865107,4.808335,3.032948
185.000000,1.445118,1.631117,73.829029,3.791715,-4.868246,116.568017,-23.414625,-16.557753,-33.373680,42.457367,-6.426541,-15.000033,42.770008,-7.855373,-55.181000,17.021847,-19.007858,9.291273,30.629100,-1.102441,5.314776,21.485418,23.969051,-39.935722,59.107456,-4.029236,-4.025803,-0.449264,-106.184720,-14.122677,50.405205,78.787605,27.334290,4.670641,2.457793
186.000000,1.439482,1.604819,73.822887,3.794830,-4.789172,116.400452,-23.584223,-16.433435,-33.132145,42.545105,-6.394737,-15.000033,42.645374,-8.015972,-55.154850,17.160420,-19.126753,9.342388,30.671660,-1.104640,5.297367,21.587784,23.893059,-39.697037,58.643040,-4.165723,-4.272866,-0.441997,-106.169310,-14.192011,50.046910,78.177900,27.380783,4.607188,2.212269
187.000000,1.433741,1.580362,73.770571,3.394773,-4.950388,116.320479,-23.882603,-16.176489,-32.996117,43.591064,-6.492039,-15.000033,42.574900,-7.945066,-54.946945,17.800673,-19.329811,9.292862,30.661724,-0.863718,5.293287,21.989485,23.841960,-38.825726,57.643223,-3.770908,-4.741178,0.078980,-106.268616,-14.271598,49.715015,78.200150,27.730642,4.152036,1.956576
188.000000,1.444521,1.588534,73.797492,3.970473,-4.848660,116.398245,-23.589048,-16.481447,-32.832584,42.451687,-6.297720,-15.000033,42.766724,-8.203920,-55.407130,17.137033,-19.341305,9.625363,30.747478,-1.135063,5.455827,21.555822,23.755964,-39.078250,58.050533,-4.476004,-4.604808,-0.257815,-106.186890,-14.300944,49.788387,77.650085,27.718206,4.537397,1.633534
189.000000,1.444579,1.598967,73.791316,3.980374,-4.764407,116.384278,-23.669218,-16.490190,-32.851643,42.451847,-6.322569,-15.000033,42.682053,-8.191712,-55.295727,17.104391,-19.408628,9.693783,30.775007,-1.114798,5.463684,21.453580,23.716536,-39.029870,57.909565,-4.549736,-4.511053,-0.014437,-106.326660,-14.312941,49.808113,77.310295,27.212528,4.575084,1.643619
190.000000,1.440910,1.617956,73.710181,4.055058,-4.638476,116.643780,-23.835758,-16.857248,-33.187090,42.588985,-6.498437,-15.000033,42.667297,-8.123265,-55.518090,17.048594,-19.666965,9.812952,30.744661,-1.145380,5.568776,21.133755,23.575218,-38.934020,57.988730,-4.549569,-4.367228,0.413577,-106.780960,-14.386600,49.663870,77.233160,27.319351,4.415141,1.374989
191.000000,1.429001,1.638352,73.710292,4.091081,-4.523263,116.537676,-24.020058,-16.806002,-32.983192,42.705822,-6.447514,-15.000033,42.518600,-8.198091,-55.310722,17.062311,-19.785940,9.969375,30.826435,-1.153760,5.579738,21.194635,23.453411,-38.485615,57.641180,-4.624545,-4.342950,0.611798,-106.898150,-14.426484,49.508625,76.715935,27.259409,4.508423,1.259940
192.000000,1.409343,1.659796,73.678735,4.183937,-4.483431,116.595180,-24.119583,-16.982231,-32.936670,42.836770,-6.470758,-15.000033,42.488910,-8.265152,-55.263030,17.089952,-19.925041,10.053171,30.894106,-1.133168,5.663959,21.300700,23.313387,-37.781868,56.971127,-4.695177,-4.254289,0.784845,-107.057850,-14.482481,49.291390,76.271736,27.324928,4.526833,0.964546
193.000000,1.386038,1.679590,73.548237,4.223557,-4.465385,116.815059,-24.312620,-17.275114,-33.058950,43.222890,-6.823719,-15.000033,42.497143,-8.204114,-55.249970,17.126116,-20.134493,10.144825,30.958755,-1.097168,5.728863,21.378204,23.188057,-37.069590,56.097965,-4.832655,-4.171711,1.176476,-107.313170,-14.582001,49.061170,76.037820,27.571500,4.384650,0.401722
194.000000,1.355707,1.702145,73.526744,4.230927,-4.360174,116.890540,-24.530434,-17.278051,-32.862225,43.367840,-6.843764,-15.000033,42.399140,-8.141049,-55.133892,17.034650,-20.196007,10.363028,30.990732,-1.078838,5.726371,21.708464,23.048218,-36.135986,54.995487,-5.077091,-4.152692,1.424077,-107.408424,-14.679562,48.766050,75.303100,27.626799,4.425200,0.233875
195.000000,1.327530,1.729695,73.469153,4.323232,-4.290867,116.872325,-24.840300,-17.209020,-32.310432,43.665220,-6.887115,-15.000033,42.379242,-8.187951,-55.006860,16.929604,-20.277998,10.519581,31.039404,-1.100963,5.734256,22.051338,22.894476,-35.348960,53.796494,-5.119147,-4.039092,1.713565,-107.432990,-14.741875,48.405010,74.464775,28.075170,4.403092,-0.058214
196.000000,1.303555,1.762363,73.417220,4.379057,-4.270968,116.813843,-25.047054,-17.117586,-31.866308,43.939030,-6.989315,-15.000033,42.355293,-8.260065,-54.847095,16.937340,-20.372904,10.712972,31.053638,-1.172169,5.679026,22.393255,22.698355,-34.517876,52.673035,-5.362463,-3.979672,1.980732,-107.280300,-14.769630,48.133500,73.611360,28.509613,4.414473,-0.317010
197.000000,1.288678,1.799747,73.298030,4.338408,-4.289341,116.898643,-25.264650,-16.999056,-31.551271,44.304165,-7.398117,-15.000033,42.504333,-8.051055,-54.868298,16.626665,-20.268343,10.825273,31.046810,-1.150644,5.587960,22.755940,22.487762,-33.560060,51.391804,-5.456023,-3.890730,2.246896,-107.136700,-14.812907,47.877980,72.792990,28.573364,4.206427,-1.089180
198.000000,1.281623,1.842651,73.269461,4.420151,-4.156464,116.716290,-25.601898,-16.703047,-30.826445,44.523006,-7.403798,-15.000033,42.447758,-8.168866,-54.793130,16.540268,-20.344038,11.116597,31.106031,-1.216432,5.513178,23.158846,22.317724,-32.632465,49.937897,-5.447552,-3.998070,2.636528,-107.041270,-14.795359,47.424496,71.626860,29.150150,4.254684,-1.663271
199.000000,1.286963,1.884251,73.173873,4.582035,-4.055018,116.530599,-26.001690,-16.528522,-30.048145,44.937470,-7.549471,-15.000033,42.382507,-8.427465,-54.675472,16.671724,-20.521564,11.287568,31.110680,-1.195474,5.495160,23.442190,22.241420,-31.692707,48.161186,-5.224889,-3.998398,2.997057,-106.987550,-14.716003,46.834858,70.384520,29.887558,4.332878,-2.290385
200.000000,1.307953,1.912626,72.973301,4.647181,-4.175411,116.278994,-26.386640,-16.350120,-29.292183,45.865120,-8.014037,-15.000033,42.484123,-8.670861,-54.522960,16.936460,-20.933899,11.367040,30.984865,-1.124133,5.514214,23.764898,22.247019,-30.599491,46.293427,-5.378674,-3.964202,3.489011,-106.763535,-14.621859,46.371220,69.239470,30.432951,4.185674,-2.930314
201.000000,1.345326,1.930263,72.820249,4.782079,-4.190599,116.133720,-26.794306,-15.930321,-28.210667,46.299095,-8.295320,-14.973146,42.501392,-8.776914,-54.307980,16.863604,-21.093512,11.716052,30.773867,-1.022997,5.513427,24.096148,22.315136,-29.182182,44.180183,-5.152874,-3.533839,3.664042,-106.529950,-14.550073,46.019790,68.052720,31.294020,4.257918,-3.520271
202.000000,1.398752,1.936042,72.684525,4.891015,-4.245594,116.067046,-27.139208,-15.522236,-27.210308,46.691900,-8.473337,-14.824557,42.555430,-8.851423,-54.155308,16.880203,-21.259851,11.967880,30.265106,-0.885835,5.433407,24.364094,22.395815,-28.061083,41.405098,-4.923719,-2.820888,4.196546,-106.155754,-14.514824,45.648384,66.826870,32.177708,4.458403,-4.429131
203.000000,1.473143,1.936211,72.520904,5.035232,-4.338851,115.974587,-27.478445,-15.140949,-26.200571,47.150772,-8.712654,-14.771621,42.626270,-8.907968,-53.873550,16.846950,-21.392815,12.236042,29.867039,-0.615709,5.311535,24.951689,22.446016,-26.613134,37.225945,-4.981202,-2.513171,4.771723,-105.803960,-14.588505,45.196480,65.906170,33.491154,4.515733,-5.509209
204.000000,1.566503,1.946293,72.405381,5.054185,-4.129086,115.629750,-28.065720,-14.321185,-24.999140,47.519363,-8.928237,-14.652701,42.543040,-8.818259,-53.672527,16.384178,-21.322742,12.497881,29.294724,-0.307277,5.214793,25.403046,22.544144,-25.023548,31.703943,-4.580897,-2.575299,5.173074,-105.949050,-14.789725,44.201656,64.664730,34.285580,4.353972,-6.677446
205.000000,1.683356,1.968242,72.500812,5.016898,-4.766821,115.192972,-27.318922,-13.664574,-24.433920,47.366486,-8.759476,-14.792256,42.786540,-9.223418,-53.336273,17.199087,-21.304384,12.343773,28.495077,0.157029,5.165951,25.591042,22.623360,-23.546410,24.706831,-4.165215,-2.987645,6.685939,-105.578064,-15.060626,42.933132,63.325180,34.184258,4.491839,-7.473548
206.000000,1.817263,2.039532,72.501117,5.265782,-5.024380,114.883130,-27.036722,-13.107987,-23.487272,47.157585,-8.632073,-14.627123,43.121140,-9.590475,-53.681274,17.324370,-21.004768,12.642871,27.877691,0.655191,5.200319,25.860123,22.495180,-21.158945,15.602382,-4.571847,-3.539930,7.748020,-106.278360,-15.572206,41.493740,62.365704,34.923454,4.102488,-8.938589
207.000000,1.952725,2.161944,72.404414,5.555489,-4.970866,114.547065,-27.379745,-12.302875,-21.938757,47.459500,-8.659021,-14.644963,43.295350,-9.667823,-53.607970,16.770300,-20.645882,12.831865,27.065317,1.110378,5.325443,25.855131,22.254189,-18.738447,3.742958,-3.705005,-4.775476,8.364976,-107.116516,-16.245262,39.984173,60.563522,37.543870,2.885060,-10.147122
208.000000,2.076179,2.336273,72.316112,6.104817,-4.623548,114.166193,-27.913628,-11.785176,-20.407100,47.663690,-8.527075,-14.704712,43.252438,-9.958562,-53.521120,16.103973,-20.550028,13.048849,26.185116,1.294139,5.592138,24.547981,21.799612,-16.492777,-7.939710,-2.878628,-5.721489,9.155832,-107.712420,-17.048190,38.400210,58.128820,38.983100,1.718016,-11.276350
209.000000,2.157853,2.537159,72.429438,6.170750,-4.136616,113.670287,-28.049252,-11.079680,-19.825544,47.269047,-8.485037,-14.728400,43.037445,-10.035028,-53.849224,15.513232,-20.187090,13.362458,25.048520,1.541401,6.173756,21.490808,21.204723,-14.155596,-18.796324,-2.154839,-6.806983,9.525085,-108.739630,-17.972546,36.334797,55.294857,39.715424,0.765090,-12.390059
210.000000,2.192659,2.748143,72.475536,6.433297,-3.626355,112.976739,-28.534624,-10.215094,-18.416016,47.441376,-8.194979,-14.586623,42.654663,-10.329477,-53.402725,14.911091,-19.824913,13.818247,23.809906,1.384003,6.903812,17.027681,20.164830,-11.025467,-29.260757,-2.421630,-8.004293,10.065441,-109.143150,-18.947367,33.952953,51.193882,40.130466,-0.389538,-12.777215
211.000000,2.156697,2.948507,72.621554,6.525810,-2.949537,112.237255,-29.082780,-9.121964,-16.951803,47.465115,-7.641676,-14.144228,41.841297,-10.802299,-52.878487,14.897292,-19.380236,14.081639,22.489748,1.353476,7.685510,10.064852,18.901375,-7.844740,-36.828472,-2.647102,-7.957436,9.944297,-109.271560,-19.915232,32.117157,46.443370,38.977330,-1.138736,-12.857946
212.000000,2.035822,3.119483,72.864166,6.213092,-2.099321,111.436626,-29.701923,-8.162040,-16.381855,47.550053,-7.113693,-13.856551,40.974503,-11.012627,-52.841553,14.671105,-19.039587,14.421821,21.148705,1.507178,8.447817,1.306546,17.731104,-4.548960,-41.455130,-3.395047,-8.114346,10.277944,-109.278270,-20.878773,30.043259,41.462574,36.960587,-1.907685,-13.546473
213.000000,1.833465,3.256983,72.994367,5.829724,-1.418923,110.067747,-30.275692,-7.030888,-15.625666,48.226986,-7.080372,-13.419557,40.015450,-11.681867,-52.191970,15.016897,-18.927280,14.557544,20.231520,1.718227,9.037396,-10.144210,16.880910,-1.895326,-43.153095,-4.154389,-8.539103,10.515849,-109.029360,-21.692710,27.660313,36.501590,35.560078,-2.723422,-13.537001
214.000000,1.546795,3.369968,73.195818,5.187180,-0.808816,108.957631,-30.869434,-5.470295,-14.506479,48.870460,-6.894281,-13.060781,38.938915,-12.428262,-52.024500,16.183302,-19.104774,14.542155,19.720177,1.899835,9.341541,-23.138515,16.671982,0.049827,-42.002080,-3.963485,-8.066908,10.704692,-108.672310,-22.439257,25.874796,32.026768,34.720196,-3.479168,-13.105541
215.000000,1.182821,3.477000,73.518108,4.326400,-0.170893,108.443717,-31.517980,-4.107710,-13.827741,49.288124,-6.322337,-12.877803,37.807617,-12.435239,-51.510117,16.836458,-19.175653,14.586131,19.502123,2.033603,9.679817,-37.257957,17.375175,0.689249,-38.055010,-2.710566,-6.346670,10.091183,-108.288950,-23.316694,23.740644,28.181189,33.890705,-4.337683,-13.410596
216.000000,0.759558,3.612353,73.842442,3.594636,0.915332,107.586392,-32.406082,-2.614942,-12.806626,49.388200,-5.833704,-12.287251,36.404785,-12.615997,-51.151493,16.964212,-18.942205,14.764971,19.575087,1.918586,10.250471,-50.095630,18.981995,1.001896,-33.837870,-1.577539,-6.021164,9.226421,-108.141770,-24.407830,21.824083,24.390285,32.442550,-5.194811,-13.741546
217.000000,0.288983,3.774185,74.162121,2.857527,1.657460,106.966162,-32.846390,-1.580274,-12.311994,49.377630,-5.687021,-12.130237,35.150980,-12.813579,-50.404602,17.646664,-18.711008,14.561953,19.744127,1.512504,11.043126,-63.237930,21.460812,-0.036854,-28.413025,-1.147740,-4.928164,8.938821,-107.807396,-25.595861,19.664412,20.429386,31.392862,-5.945417,-14.623004
218.000000,-0.216291,3.967954,74.539486,2.185974,2.358340,106.616931,-33.082320,-0.927114,-12.140275,48.996230,-5.500771,-12.216334,34.159958,-12.932489,-50.205612,18.109169,-18.685686,14.433496,19.936975,0.835602,12.198988,-76.772300,24.623999,-2.610678,-21.183916,-1.582582,-4.274572,9.916882,-107.687660,-26.983082,16.991210,16.591677,31.187130,-7.297148,-15.706111
219.000000,-0.747095,4.189246,75.002026,1.607492,3.707359,106.275755,-33.799442,-0.326091,-11.878328,48.186680,-4.970729,-12.391738,32.687420,-12.926395,-50.067574,17.974058,-18.172958,14.237760,19.885672,-0.118049,13.657684,-90.190540,28.287592,-6.251735,-13.014430,-1.648897,-3.329302,11.196070,-107.890260,-28.432114,14.237819,13.342054,31.762697,-8.350915,-16.927210
220.000000,-1.294227,4.382501,75.442228,0.986736,4.774368,105.822417,-34.298534,-0.375486,-12.585922,47.691364,-4.485383,-12.811870,31.662327,-12.721641,-49.828860,17.313162,-17.451645,14.327241,19.540804,-1.286603,15.408402,-103.318490,32.165250,-11.300950,-3.551852,-4.143154,-3.002043,11.999416,-108.497800,-29.850350,12.279875,11.844513,32.372230,-8.546856,-17.625391
221.000000,-1.854661,4.515714,75.870293,0.282853,6.479646,105.381244,-35.326027,-0.180170,-13.139689,46.702656,-4.134008,-13.002619,30.194065,-12.241801,-49.879536,16.038067,-16.682114,14.473814,18.664137,-2.352737,17.309258,-116.111130,35.599537,-17.333593,6.165173,-6.964392,-2.260567,13.729067,-110.183800,-30.929052,11.079077,11.737350,33.293160,-8.764797,-19.017012
222.000000,-2.416325,4.524886,76.220966,-0.327472,7.495235,104.658159,-35.690838,-0.138954,-13.721702,45.836170,-4.183140,-13.609260,29.100067,-12.072881,-49.224274,15.214393,-15.433134,14.427642,17.922754,-3.125454,19.089157,-127.106890,38.477226,-23.748716,16.002068,-11.560059,-1.885912,14.111078,-112.693980,-31.508760,11.097039,14.173840,34.713776,-8.170251,-19.572836
223.000000,-2.979022,4.378772,76.367419,-1.165551,8.225632,104.008838,-36.469860,0.340204,-13.863250,45.989350,-4.377218,-13.384246,28.226912,-11.990077,-49.229010,14.986575,-15.247809,14.482100,17.315117,-3.236418,20.523787,-134.426910,40.327880,-30.241493,25.568367,-16.482288,-2.037106,14.583423,-116.123085,-31.523880,13.427048,19.310759,35.463880,-7.726053,-21.238081
224.000000,-3.537618,4.077905,76.431121,-2.045540,8.282453,103.154926,-36.872440,-0.032654,-15.249537,46.882720,-4.727205,-13.811636,27.520920,-12.319559,-48.794530,15.807318,-15.250825,14.427054,17.405510,-3.275018,21.718155,-140.110570,41.520280,-38.062110,36.711190,-24.976210,-2.129536,13.096474,-119.339240,-30.991291,18.011719,26.218270,36.200000,-6.286011,-21.203000
225.000000,-4.088333,3.656734,76.558031,-3.242824,7.840560,102.164317,-36.684566,0.127371,-16.529175,47.474730,-5.270400,-14.523333,27.142275,-12.416432,-48.303246,16.691650,-14.807278,13.910075,17.630728,-2.835090,22.310102,-143.359790,41.729290,-46.500860,50.259650,-31.788700,-0.057685,12.551622,-122.871956,-29.757822,25.516570,36.282820,38.352516,-4.079531,-20.869265
226.000000,-4.615720,3.175362,76.572840,-4.426903,7.533120,100.852439,-36.806534,0.549881,-17.475090,48.295650,-5.909935,-14.607831,26.388363,-12.361760,-46.943140,17.133608,-13.703320,13.611308,17.933855,-2.773925,22.931553,-144.241530,41.035990,-55.199154,63.759136,-40.234356,1.185173,9.893440,-125.312640,-27.562342,34.015050,47.929070,41.392483,-2.121055,-17.872965
227.000000,-5.116065,2.686402,76.642308,-5.801160,7.328502,100.227454,-37.058407,1.400940,-18.070898,48.653904,-6.503645,-15.000033,26.279749,-11.221680,-46.270702,16.005560,-12.310410,13.577562,17.887950,-3.181079,23.156265,-144.174220,39.811670,-63.120075,73.198500,-45.717250,3.936728,5.783672,-126.106620,-24.684603,40.925392,58.554527,43.649193,1.564346,-13.423160
228.000000,-5.554728,2.247532,76.801568,-6.676117,7.240637,99.177375,-36.976570,2.560352,-17.686335,48.057377,-6.757568,-15.000033,25.781944,-10.845074,-45.438915,15.180907,-10.984510,14.242986,17.284890,-4.086891,23.427206,-144.224720,38.616867,-68.923805,78.796640,-48.677296,4.367388,3.920307,-126.640686,-21.923079,44.976920,64.869934,42.671760,2.863873,-12.067102
229.000000,-5.935391,1.895376,77.012885,-7.583981,7.572322,98.530351,-37.004460,3.667626,-17.661710,46.744530,-6.982083,-14.830806,24.763964,-10.462837,-44.997696,15.105318,-9.566706,14.449960,16.928473,-4.726638,23.916452,-144.507860,37.596764,-70.533936,81.300910,-49.158283,4.030940,4.460278,-127.544570,-19.477875,46.160046,68.855250,43.459858,2.801851,-11.623015
230.000000,-6.256317,1.627595,77.045360,-8.154159,7.686117,97.933629,-37.390743,4.071778,-17.777430,46.951355,-6.965992,-14.546041,24.367477,-10.791953,-46.070873,15.479501,-9.163692,14.520103,16.868433,-5.229605,24.214817,-144.634380,36.802574,-70.461280,82.249040,-50.137527,3.170717,5.358278,-128.129430,-17.362349,46.133224,71.197850,44.520310,2.407585,-11.684999
231.000000,-6.513320,1.445017,77.033708,-8.107426,7.970623,97.620030,-37.515150,3.798469,-17.824196,46.466780,-7.194661,-14.543331,24.095240,-11.194165,-46.712284,15.111391,-8.617453,14.656179,16.576912,-5.575676,24.495079,-145.157960,36.272984,-70.822740,83.499600,-50.870346,2.900375,6.042712,-129.433730,-15.711063,46.221370,72.733154,44.603570,2.316789,-11.653752
232.000000,-6.732098,1.314922,77.112461,-8.432132,8.457771,97.088576,-37.882950,4.260170,-17.631212,45.941097,-7.199323,-14.298630,23.626709,-11.234022,-47.592580,14.594927,-8.593077,15.000033,16.472218,-5.938767,24.762500,-145.660890,35.986195,-71.101910,84.079470,-51.359398,2.361461,6.153333,-130.586530,-14.420913,45.579994,73.429090,44.592780,2.114442,-12.429227
233.000000,-6.915245,1.210543,77.118032,-8.578155,8.595349,96.601869,-38.190575,4.402296,-17.496496,46.175472,-7.088049,-14.168932,23.241260,-11.699615,-48.141890,14.958240,-8.510454,15.000033,16.366707,-6.152012,25.052227,-145.888630,35.883167,-71.588980,84.669820,-51.068687,2.228193,6.145084,-131.335630,-13.428454,45.672860,73.702675,44.170826,1.451784,-12.263096
234.000000,-7.082062,1.116729,77.178092,-9.019453,8.648612,96.045176,-38.350964,4.973124,-17.393774,46.255184,-7.110623,-14.131011,23.017498,-11.884389,-48.990930,15.219184,-8.511389,15.000033,16.412863,-6.206461,25.317188,-146.090230,35.888447,-71.694730,84.761055,-51.369343,2.224756,6.162054,-132.209430,-12.629352,45.310776,74.406010,43.948532,1.220673,-12.006740
235.000000,-7.230790,1.038981,77.215647,-9.163122,9.214240,95.485656,-39.059708,4.965804,-17.517538,46.415590,-6.754940,-14.131304,22.377910,-12.192641,-49.710030,15.180858,-8.747409,15.000033,16.557962,-6.218452,25.515253,-146.337160,36.020126,-72.179940,85.394160,-52.481560,1.673684,6.939787,-133.213410,-12.075920,45.110924,74.202280,43.972430,0.649873,-12.333084
236.000000,-7.371691,0.954507,77.341185,-9.686569,9.424543,94.844743,-39.255630,5.409131,-17.831640,46.281242,-6.607585,-14.254896,21.940042,-12.384139,-50.624332,15.685694,-8.978654,15.000033,16.601318,-6.215230,25.742182,-146.473680,36.178600,-72.271194,85.740070,-52.577732,1.542070,7.377230,-133.956820,-11.667211,44.865580,74.343740,43.087517,0.475918,-12.224081
237.000000,-7.486345,0.865905,77.336618,-9.896554,9.602969,94.297197,-39.670593,5.731325,-17.635320,46.607376,-6.567615,-14.387814,21.487034,-12.610873,-50.746147,15.883775,-9.153859,15.000033,16.673964,-6.321726,26.001669,-146.684520,36.392963,-72.470146,85.990610,-52.537420,1.378774,7.031507,-134.657210,-11.342366,44.416680,74.510450,43.109960,0.336360,-12.336093
238.000000,-7.575768,0.769583,77.099882,-9.988064,9.566712,93.459689,-40.280340,6.055593,-17.203648,47.895027,-7.118519,-14.445176,21.252330,-13.184432,-51.077267,16.191906,-9.768394,15.000033,16.893423,-6.424697,26.160650,-146.864500,36.677270,-73.076840,86.453760,-53.350178,1.319862,6.496479,-135.010240,-11.040023,44.220345,74.157130,43.527504,0.093509,-12.099690
239.000000,-7.645754,0.670050,77.084348,-10.226725,9.946722,92.512549,-40.936405,6.521295,-17.018896,48.287678,-6.988132,-14.408437,20.602210,-13.505286,-51.595910,16.219440,-10.166270,15.000033,17.097086,-6.552348,26.277027,-147.598950,37.057163,-73.669720,86.883020,-53.461360,1.126551,6.721106,-135.661540,-10.813120,43.859375,73.307810,43.086070,-0.316094,-12.563941
240.000000,-7.698859,0.549174,76.948010,-10.443078,10.391812,91.897204,-41.731472,6.771731,-17.039833,48.749850,-7.332686,-14.496632,20.017645,-13.511371,-51.863580,15.937216,-10.241863,15.000033,17.284912,-6.555947,26.391645,-148.105940,37.504448,-74.240910,86.661610,-54.833572,0.690971,6.345689,-136.531480,-10.692152,43.217106,73.109290,43.227330,-0.630340,-13.156631
241.000000,-7.730513,0.372152,76.858088,-10.654244,10.453545,91.290885,-42.060707,7.160973,-16.951681,49.006954,-7.590660,-14.451045,19.633920,-13.592522,-51.888184,15.943383,-10.684452,15.000033,17.445745,-6.576590,26.461767,-147.988700,37.960550,-74.427690,86.236610,-53.628872,0.908982,6.552562,-136.654100,-10.600748,42.613415,72.913310,43.831486,-0.840957,-13.678353
242.000000,-7.742336,0.121437,76.724139,-10.796625,10.434799,90.676940,-42.491497,7.600300,-16.661894,49.479810,-7.777675,-14.465426,19.169956,-14.086576,-52.269657,16.675522,-11.261603,15.000033,17.568928,-6.630130,26.624863,-147.979970,38.415300,-74.665010,86.081215,-53.089664,1.011376,5.902551,-136.738710,-10.519803,42.100807,72.605660,43.548016,-0.914838,-13.716366
243.000000,-7.738169,-0.224869,76.561680,-11.102083,10.504208,90.127607,-43.345108,8.178214,-16.456501,50.276752,-7.708271,-14.503901,18.669497,-14.365909,-52.943264,17.337349,-11.991451,15.000033,17.545479,-6.645667,26.720007,-148.088600,38.862766,-75.074470,85.892410,-53.301117,0.816953,5.833807,-136.949550,-10.476551,41.845660,72.483560,42.785900,-1.153370,-14.184114
244.000000,-7.702852,-0.688296,76.260806,-11.107736,10.499225,89.309613,-43.823753,8.711982,-15.974128,50.474150,-8.431931,-14.155901,17.740105,-14.871602,-52.350803,17.985428,-12.984152,15.000033,17.688747,-6.813920,26.814125,-147.890610,39.333940,-75.269554,86.063000,-52.849834,0.950522,5.699289,-136.713290,-10.403206,41.407940,71.817290,42.287710,-0.875941,-14.965778
245.000000,-7.655595,-1.285615,75.892244,-11.459919,9.880807,88.391818,-44.343800,10.060781,-15.091309,51.574920,-9.014517,-13.811789,17.298935,-15.710543,-52.789570,19.844704,-13.544108,15.000033,17.693851,-6.912265,26.960836,-147.317730,39.808090,-75.682560,85.859924,-52.178146,0.995033,5.332510,-136.032960,-10.257486,40.917564,71.708970,40.783524,-0.885577,-15.566308
246.000000,-7.568810,-2.011434,75.497769,-11.345709,9.481134,87.436927,-44.944490,10.796977,-14.275761,52.393610,-9.378433,-13.875156,16.549229,-16.259531,-52.070545,20.362991,-14.547308,15.000033,17.858257,-7.090617,27.106596,-146.441860,40.306892,-76.116510,85.914375,-50.458330,1.355768,5.376630,-135.389880,-10.054758,40.343483,71.373060,40.499786,-0.839831,-16.910267
247.000000,-7.467206,-2.849262,74.903513,-11.414274,8.809573,86.562154,-45.530260,11.767587,-13.610492,53.486988,-10.442242,-13.674588,15.903567,-16.848104,-51.405186,21.570042,-15.516956,15.000033,17.853266,-7.082694,27.202065,-145.306100,40.791164,-75.745865,85.837140,-49.328007,1.721762,4.937504,-134.509160,-9.803139,39.904274,71.091484,39.601160,-0.600652,-16.793630
248.000000,-7.339785,-3.781138,74.167764,-10.960687,7.777672,85.943507,-45.947930,12.122266,-12.825016,55.064434,-11.385200,-13.823190,15.453756,-18.653780,-51.206560,24.392782,-17.493671,15.000033,17.780087,-7.114364,27.307623,-143.580380,41.276240,-74.675850,85.587470,-48.862230,1.921305,4.237665,-132.969100,-9.508991,39.310500,70.290990,38.111374,-0.233642,-16.951073
249.000000,-7.200310,-4.773598,73.472617,-10.992736,6.482364,85.229983,-46.328163,13.372146,-11.989884,56.716460,-12.024264,-13.263805,14.650808,-20.240177,-50.441948,28.315277,-19.293167,15.000033,17.551378,-7.020179,27.306993,-141.717930,41.829998,-73.929960,84.850624,-48.189766,2.098826,3.658899,-131.106690,-9.280304,38.882610,68.684030,35.975697,-0.066167,-16.920742
250.000000,-7.028512,-5.780685,72.819834,-10.671433,5.633154,84.591141,-46.842720,13.841810,-11.514218,57.846740,-12.394137,-13.125290,13.644791,-21.879831,-49.906036,31.580730,-21.173817,15.000033,17.364706,-6.993597,27.231041,-139.994080,42.446790,-72.748850,83.831060,-47.978573,1.866331,3.837606,-129.308350,-9.104054,38.698658,66.134320,35.274500,-0.243521,-17.341549
251.000000,-6.830876,-6.772821,72.115030,-10.521897,4.665060,83.527528,-47.243990,15.110956,-10.694358,59.017525,-13.107106,-12.772132,12.308402,-23.185707,-48.531853,34.777596,-22.694126,15.000033,17.267036,-6.946966,27.104527,-138.310710,43.165955,-71.694695,82.511200,-46.620327,1.630603,3.825700,-127.130730,-8.914530,38.634415,62.559060,33.604282,-0.126465,-17.535740
252.000000,-6.601322,-7.717483,71.445961,-9.889625,3.597136,82.724841,-47.438840,15.877938,-9.651970,60.298183,-13.259395,-12.719831,11.407910,-25.319098,-47.971027,38.500620,-24.201246,15.000033,16.955101,-6.912069,26.913300,-136.316040,43.939457,-70.690056,81.179090,-45.584910,1.827079,3.403207,-124.618910,-8.722457,38.375034,58.514110,32.091520,-0.099914,-18.153416
253.000000,-6.344630,-8.575961,70.686023,-9.226577,2.850385,82.211818,-47.728035,16.332174,-8.841734,61.195084,-14.096771,-12.719868,10.656631,-27.051450,-47.584023,41.418163,-25.529034,15.000033,16.600283,-6.786938,26.617035,-134.290050,44.717194,-69.246760,78.869550,-44.313515,1.874357,3.451621,-122.284900,-8.548459,38.253063,55.053085,30.067348,0.416643,-19.104479
254.000000,-6.070830,-9.342487,70.164464,-8.993208,1.921312,81.222673,-47.764580,17.683079,-8.044266,62.086758,-14.333677,-12.857755,9.751793,-28.029478,-46.652920,43.894230,-26.570757,15.000033,16.157341,-6.573533,26.260220,-131.806690,45.543370,-67.274530,76.712960,-43.480164,1.656149,4.061249,-119.318140,-8.412104,37.857502,51.337710,28.324358,0.569979,-19.880465
255.000000,-5.784551,-9.997794,69.588634,-8.579020,0.871295,80.721704,-47.434486,18.608555,-7.279110,62.793957,-14.979011,-12.743643,9.287829,-28.961859,-45.671978,46.208400,-27.734262,15.000033,15.724426,-6.334504,25.490433,-128.374440,46.425682,-65.252780,73.280820,-41.070072,1.560520,4.270937,-115.030520,-8.304222,38.046543,46.410280,26.039000,0.943961,-20.106125
256.000000,-5.503788,-10.522839,69.208004,-8.200983,0.190510,80.050239,-47.153248,19.597584,-6.468839,63.116524,-15.306329,-12.893606,8.731269,-29.696896,-44.999370,47.839020,-28.425995,15.000033,15.194263,-6.184733,24.854660,-125.134674,47.326485,-62.686325,70.163086,-39.587980,1.550418,4.685459,-110.680390,-8.209318,38.119747,42.008680,23.901579,1.421792,-20.440666
257.000000,-5.236956,-10.921016,68.930732,-7.857607,0.211950,79.837133,-47.464645,20.593400,-5.375826,63.129917,-15.339241,-12.475286,7.615817,-30.550543,-44.647450,49.970818,-28.998270,15.000033,14.586723,-5.939702,24.002546,-120.671190,48.326653,-59.857990,66.334200,-38.150540,1.875818,4.967305,-104.818054,-8.273730,38.437080,35.673748,21.091125,2.235017,-21.386770
258.000000,-4.997299,-11.213689,68.495649,-7.134831,-0.396115,79.001562,-47.154697,21.983099,-3.633386,64.091610,-15.676108,-12.363431,6.623697,-31.874704,-43.215565,52.293312,-29.424343,15.000033,14.114145,-5.774125,23.158710,-115.899490,49.385220,-56.821870,61.075590,-34.005680,2.124116,5.283262,-98.016250,-8.312840,39.070362,29.180746,18.500390,2.198079,-22.173280
259.000000,-4.802723,-11.385839,68.375481,-6.852444,-0.753602,78.360731,-46.627900,23.454239,-2.160335,64.170530,-15.906955,-12.319362,5.598578,-32.441160,-41.962124,53.999850,-29.628317,15.000033,13.559808,-5.581883,22.218449,-110.563805,50.469063,-53.629300,55.895760,-28.896254,2.364812,6.156784,-91.306770,-8.400568,39.879803,23.145113,16.115458,2.178193,-22.474133
260.000000,-4.642724,-11.463834,68.268112,-6.694367,-1.634295,77.309095,-45.597183,25.248713,-0.839105,64.796640,-16.101608,-12.477155,4.880929,-33.392265,-40.910442,56.355190,-30.002089,15.000033,12.806705,-5.113555,21.086758,-104.138050,51.535744,-49.721650,49.977448,-26.760267,2.648798,7.441578,-83.814835,-8.635702,41.402450,17.091007,13.671252,2.149077,-21.687302
261.000000,-4.498864,-11.420320,68.358476,-6.452992,-1.968956,76.286852,-44.567150,27.122831,1.038946,64.792270,-16.062576,-12.267386,3.955719,-34.214046,-40.135414,57.935165,-30.237202,15.000033,11.936069,-4.538783,19.822200,-96.486160,52.607850,-45.288760,43.020523,-22.875166,2.625601,7.939669,-75.788580,-9.134477,43.324276,10.381217,10.624693,1.495313,-19.324018
262.000000,-4.358196,-11.266425,68.468770,-6.055648,-2.452461,75.601075,-43.252310,28.073477,2.419567,64.763370,-16.137018,-12.602557,3.531911,-35.539400,-39.757427,59.848470,-30.580416,15.000033,10.943598,-3.826176,18.582645,-87.328000,53.539295,-39.759666,34.998360,-21.116621,3.045653,9.149676,-67.792360,-9.989970,45.526455,4.131672,8.197235,0.876252,-17.638165
263.000000,-4.189589,-11.006367,68.660684,-5.859387,-2.364559,74.424869,-42.374252,29.744032,4.087677,64.791020,-15.892631,-12.325280,2.271321,-36.463430,-39.082420,61.422760,-30.584509,15.000033,9.864692,-3.058766,17.483187,-77.144040,54.328720,-33.324130,26.313303,-19.126879,2.932054,10.682578,-60.111680,-11.265367,47.929226,-1.630079,5.723249,-0.773064,-15.307474
264.000000,-3.967957,-10.670957,68.960113,-5.585904,-2.134672,73.419414,-41.357910,31.325212,6.065036,64.581540,-15.490057,-12.491208,1.560051,-37.694607,-39.358807,62.701515,-30.685328,15.000033,8.169733,-2.367703,16.570090,-65.410805,54.735290,-26.260859,16.493498,-18.175787,2.648700,12.456570,-52.632310,-13.060319,50.188690,-7.077234,2.792238,-2.149478,-12.652328
265.000000,-3.668557,-10.287306,69.277630,-4.961783,-1.871825,72.187951,-39.964070,32.176920,7.849788,64.126976,-15.021541,-12.741364,0.886055,-39.327553,-39.572712,63.854780,-31.004744,15.000033,6.117577,-1.953472,15.865969,-53.147835,54.580112,-19.896988,5.866401,-17.232328,1.848332,14.841198,-46.798990,-15.407576,51.980390,-10.671581,1.675879,-3.364773,-10.652290
266.000000,-3.273053,-9.895769,69.372771,-3.867497,-1.668613,70.958741,-38.601753,32.763820,9.876098,64.330990,-14.561562,-13.137531,0.414805,-41.393295,-39.595070,64.983330,-31.428963,15.000033,3.906756,-1.813253,15.293174,-41.332745,53.614730,-14.453859,-3.963735,-15.749721,1.275387,16.987682,-41.680805,-18.307735,53.133984,-13.222799,0.946437,-5.250053,-9.817468
267.000000,-2.792161,-9.524350,69.470264,-2.999030,-1.484936,69.653129,-37.242714,33.437286,11.524421,64.443290,-14.066797,-13.445739,0.318281,-43.271076,-40.198440,65.927826,-32.068237,15.000033,1.641356,-1.699109,14.737773,-31.091354,51.736954,-9.684696,-13.005643,-13.535978,0.868314,17.312153,-37.807583,-21.975014,53.798020,-14.722267,0.553026,-8.535006,-7.666332
268.000000,-2.227454,-9.190821,69.184956,-1.582711,-1.302219,68.401408,-35.886640,33.746784,13.483033,64.980180,-14.275020,-13.303519,0.077314,-45.324840,-40.145690,66.552430,-32.846810,15.000033,0.064632,-1.533721,14.126190,-23.297180,49.354492,-7.269154,-20.507538,-13.831041,-0.182718,17.762945,-34.767773,-26.224950,54.329470,-16.425379,0.516255,-10.417816,-6.777475
269.000000,-1.616894,-8.905136,68.848647,-0.250509,-1.236332,67.018505,-34.360000,34.158676,15.374241,65.406815,-14.629836,-13.209189,-0.389876,-46.896164,-39.634300,66.886330,-33.089035,15.000033,-0.861198,-1.104910,13.702984,-18.803480,46.796177,-6.387291,-25.442036,-12.982924,-1.011323,17.471869,-32.380950,-30.819868,54.053370,-18.408890,0.966800,-11.737382,-5.136690
270.000000,-0.996169,-8.638997,68.449442,1.203948,-1.233437,65.609735,-33.105440,33.740810,16.357246,65.922270,-14.912409,-13.393812,-1.030088,-48.591644,-38.789590,67.268620,-33.370773,15.000033,-1.535828,-0.634339,13.377288,-16.006860,44.432865,-6.806696,-28.740973,-12.039519,-2.129207,16.991330,-29.705877,-35.657840,53.966300,-20.192926,1.018192,-13.791601,-4.907104
271.000000,-0.386778,-8.392404,68.208648,2.420836,-1.080662,64.675065,-31.819280,33.534250,17.645546,65.842750,-14.993967,-13.152748,-1.857218,-49.828180,-37.745250,67.750680,-33.341010,15.000033,-1.722382,-0.098745,13.342421,-14.554002,42.077950,-7.206112,-31.176926,-11.004945,-2.445805,15.226833,-25.986874,-40.490920,52.437150,-22.897512,0.974836,-15.262127,-5.818786
272.000000,0.182869,-8.147053,68.046437,3.399545,-0.794207,63.652211,-30.546425,33.507590,18.989483,65.499565,-15.263630,-13.232005,-2.476040,-50.689377,-37.134080,67.675310,-33.105920,15.000033,-1.683094,0.733992,13.426390,-13.718948,39.986034,-8.417970,-32.673683,-10.135413,-2.934085,14.044344,-21.919720,-45.188896,49.702150,-26.206770,1.071039,-15.858983,-5.887394
273.000000,0.696452,-7.894470,68.000670,4.137684,-0.650028,62.834485,-29.354380,33.552000,20.069798,65.241104,-15.174407,-13.375329,-2.862699,-51.320520,-36.546720,67.679400,-32.824165,15.000033,-1.509251,1.606498,13.602723,-13.195271,38.095110,-9.428886,-33.598125,-10.019178,-3.502995,13.586741,-16.801044,-49.645287,45.868126,-30.008460,1.829121,-16.308449,-7.318085
274.000000,1.154153,-7.632723,67.952958,4.667330,-0.273972,61.650472,-28.438559,33.696598,20.816969,65.107110,-15.356886,-13.513463,-3.644015,-51.763180,-35.892820,67.585785,-32.454212,15.000033,-0.974250,2.847318,13.927610,-13.340331,36.611588,-10.837182,-33.546820,-10.178279,-4.489108,13.668385,-11.603841,-53.750153,41.809135,-34.477356,2.836858,-16.760479,-8.352428
275.000000,1.556433,-7.365962,67.885616,5.163343,-0.274676,60.908694,-27.476225,33.566654,21.231850,64.979640,-15.561824,-13.583220,-3.821712,-51.964134,-35.198425,67.298355,-32.315460,15.000033,-0.192912,4.078727,14.169457,-13.334435,35.347187,-11.919993,-33.734516,-10.358576,-4.576994,13.998023,-5.472671,-57.405285,37.378475,-39.536064,2.922560,-16.710007,-9.493234
276.000000,1.906199,-7.093635,67.763461,5.657861,-0.453685,60.411384,-26.614716,33.425617,21.558170,65.102780,-15.624229,-13.929918,-3.640199,-52.284420,-34.742695,67.086830,-32.506640,15.000033,0.459918,5.386885,14.429318,-13.057491,34.308395,-12.401461,-34.210472,-11.380610,-5.068873,13.603322,-0.040929,-60.566166,32.824776,-44.381954,4.062983,-16.343737,-9.385043
277.000000,2.201701,-6.801474,67.767870,5.907001,-0.630953,60.161776,-25.897251,33.231445,21.554667,65.001240,-15.496881,-14.341460,-2.976999,-52.706540,-35.051030,67.132590,-32.636276,15.000033,0.969943,6.569994,14.725783,-12.812488,33.432938,-13.005569,-34.850360,-11.094184,-5.062450,13.658394,5.568556,-63.125300,28.368698,-48.764393,4.215586,-16.007656,-10.426270
278.000000,2.448735,-6.487397,67.813822,6.108955,-0.580369,59.667927,-25.270592,33.125343,21.676350,64.893080,-15.337741,-14.698648,-2.987432,-52.817140,-34.643944,66.983670,-32.589603,15.000033,1.322036,7.647920,14.891333,-12.601334,32.779026,-13.186702,-35.385470,-11.300353,-4.954445,14.046904,10.216265,-65.092390,24.530628,-52.635674,4.483797,-15.001174,-10.604334
279.000000,2.642959,-6.159083,67.960515,6.143304,-0.646350,59.326541,-24.487251,32.993416,21.724730,64.465355,-15.210764,-14.987766,-2.383773,-52.966606,-34.999060,66.755325,-32.630844,15.000033,1.659094,8.656339,15.017406,-12.203589,32.197464,-13.286883,-35.786137,-11.133927,-5.066725,14.251450,13.967307,-66.609160,21.412722,-55.499783,4.242555,-14.695210,-10.688388
280.000000,2.781639,-5.815750,68.137344,6.260300,-0.707567,59.215942,-24.038454,32.442924,21.382137,64.177480,-14.862993,-15.000033,-1.831108,-53.030556,-35.067677,66.371650,-32.626263,15.000033,1.767253,9.461925,14.983474,-11.755011,31.636517,-13.108260,-36.049614,-11.830835,-4.852939,14.200691,16.406380,-67.784996,19.092497,-57.242947,4.570109,-13.932841,-9.913276
281.000000,2.870577,-5.470614,68.268517,6.219683,-0.808837,59.139640,-23.660036,32.240402,21.139772,64.165970,-14.630387,-15.000033,-0.700337,-52.940170,-35.857273,65.535280,-32.617410,15.000033,1.849919,10.310323,14.785427,-11.273215,31.208185,-13.203946,-36.272090,-11.969210,-4.887251,14.618098,18.435978,-68.590590,17.240406,-58.409843,4.975573,-13.415832,-10.570722
282.000000,2.921259,-5.124398,68.435942,6.255848,-0.863829,59.342483,-23.324368,31.824900,20.936441,63.911190,-14.364727,-15.000033,0.218447,-52.687256,-36.220970,64.582010,-32.539497,15.000033,1.936377,10.931162,14.625791,-10.939483,30.924984,-13.553375,-36.467743,-12.331580,-5.201278,14.949082,20.175488,-69.227950,16.061520,-59.172104,5.468695,-13.900058,-11.371974
283.000000,2.921287,-4.788153,68.594742,6.055520,-0.855023,59.692509,-23.366950,31.346134,20.209291,63.698566,-14.395391,-15.000033,1.307482,-52.440716,-36.974747,63.947533,-32.594150,15.000033,1.829316,11.494255,14.458856,-10.933323,30.762033,-13.739849,-36.606210,-12.480166,-5.588170,15.080239,21.224615,-69.542175,14.844335,-59.774334,6.194084,-13.805091,-11.031914
284.000000,2.902057,-4.485337,68.601183,6.275189,-1.087228,59.951701,-23.169525,30.756975,19.965086,63.844080,-14.374916,-15.000033,2.165893,-52.543655,-37.189312,63.274548,-32.551270,15.000033,2.158676,11.857574,14.352754,-11.028932,30.625225,-14.025970,-36.200043,-12.851192,-5.673558,15.384769,22.145678,-69.840430,14.374033,-60.000134,5.632832,-13.686271,-11.788000
285.000000,2.859033,-4.209288,68.541265,6.113593,-1.125562,59.890896,-23.096743,30.926504,19.863422,64.241210,-14.794102,-14.990587,2.624180,-52.354195,-37.345630,62.822548,-32.420918,15.000033,2.177691,12.308750,14.146725,-10.928119,30.459831,-13.429418,-36.261620,-12.432112,-5.628720,14.924111,21.764542,-69.774650,14.354475,-60.000134,5.219247,-13.204804,-11.618688
286.000000,2.799168,-3.963224,68.598303,6.008053,-1.161426,60.171306,-23.241383,30.762955,19.525587,64.489270,-14.656408,-14.926356,3.211617,-52.260160,-37.652770,62.515290,-32.410686,15.000033,2.072138,12.590250,14.063043,-11.008063,30.425348,-13.201497,-36.408676,-12.014297,-5.713695,14.670088,21.767134,-69.579620,14.099749,-60.000134,5.669748,-13.473981,-12.177832
287.000000,2.735307,-3.749739,68.598052,6.049060,-1.261836,60.335600,-23.288050,30.519773,19.348764,64.791450,-14.664566,-14.686948,3.547060,-52.099438,-37.440950,62.016422,-32.222660,15.000033,2.003211,12.712189,14.083647,-11.002267,30.440775,-12.953300,-36.481663,-11.806692,-5.939269,14.299481,21.863990,-69.256546,13.836980,-60.000134,5.747714,-13.558204,-11.777567
288.000000,2.668662,-3.566769,68.722089,5.913487,-1.213130,60.277724,-23.248917,30.447042,19.207138,64.783394,-14.512483,-14.500557,3.759708,-51.901363,-37.495800,61.571220,-31.994797,15.000033,2.051455,12.848404,14.107356,-11.213217,30.581955,-12.897869,-36.679400,-11.583596,-5.975637,14.143992,21.838675,-68.858840,13.638146,-60.000134,5.600178,-13.349344,-11.517092
289.000000,2.607567,-3.417172,68.866719,5.887481,-1.228704,60.254697,-23.047958,30.223333,19.176453,64.568855,-14.353691,-14.261382,3.874239,-51.644444,-37.202328,61.032470,-31.834362,15.000033,2.181413,12.856523,14.168644,-11.252075,30.644165,-12.773762,-36.772503,-11.597897,-6.072799,14.115976,21.765257,-68.490680,13.798697,-60.000134,5.393296,-13.376350,-11.693166
290.000000,2.549257,-3.297832,68.954176,5.948106,-1.207507,60.287894,-23.212975,29.663435,18.696880,64.541115,-14.029380,-14.543817,4.007733,-51.802483,-37.326458,60.881590,-31.711098,15.000033,2.346540,12.773095,14.163199,-11.676108,30.728214,-12.740632,-36.591650,-11.781148,-5.857287,14.290936,21.693748,-68.155850,14.078738,-60.000134,4.998908,-12.563118,-12.036511
291.000000,2.496139,-3.202745,68.968369,5.987158,-1.126563,60.350894,-23.410995,29.273523,18.360296,64.546455,-14.090163,-14.592272,3.730278,-51.888027,-36.913147,61.034416,-31.615046,15.000033,2.419845,12.566489,14.270627,-12.012357,30.749731,-12.476353,-36.753220,-11.826417,-5.680766,14.081064,21.665232,-67.867130,14.358244,-60.000134,4.557329,-12.465476,-12.162559
292.000000,2.447127,-3.138345,69.002319,5.941741,-1.112791,60.566266,-23.576412,28.999933,18.039314,64.477530,-14.116620,-14.701768,4.061163,-51.998043,-37.345570,61.043022,-31.543455,15.000033,2.524744,12.502977,14.303159,-12.494546,30.744467,-12.486419,-36.666725,-11.842579,-5.460626,13.825607,21.671911,-67.633930,14.519812,-59.947090,4.074404,-12.068225,-12.254500
293.000000,2.400684,-3.095716,69.070832,5.833588,-1.189161,60.528437,-23.475538,28.877167,17.835709,64.318850,-14.143981,-14.787697,4.281233,-52.059580,-37.619180,61.065980,-31.521310,15.000033,2.564051,12.432114,14.465381,-12.674931,30.640090,-12.135407,-36.822600,-11.201303,-4.920238,13.196301,21.445908,-67.363945,14.793373,-59.940567,3.052103,-11.263756,-11.843768
294.000000,2.364121,-3.071231,69.221948,5.810228,-1.150999,60.711201,-23.408827,28.472092,17.609653,63.763577,-14.048070,-14.850487,4.383897,-52.026190,-37.698715,61.019337,-31.458744,15.000033,2.615463,12.317105,14.501982,-13.246265,30.605656,-12.242840,-36.675810,-11.188998,-4.689015,12.875377,21.203472,-67.056180,15.099102,-59.852036,3.078248,-10.944403,-10.935844
295.000000,2.338658,-3.067013,69.373382,5.741916,-1.020333,60.958537,-23.437351,28.291744,17.546888,63.223090,-13.932547,-14.642054,4.413016,-51.776695,-37.734768,60.805350,-31.348661,15.000033,2.670320,12.205743,14.560970,-13.653136,30.614180,-12.534517,-36.594960,-11.810163,-4.670006,12.843358,21.079905,-66.797340,15.286858,-59.833890,3.114306,-10.833893,-10.772614
296.000000,2.324166,-3.082183,69.439608,5.763234,-0.905970,61.143895,-23.522238,28.006866,17.422192,62.814766,-13.965878,-14.700699,4.343230,-51.647750,-37.659397,60.666630,-31.301964,15.000033,2.700305,12.070119,14.681357,-13.806639,30.591972,-12.671233,-36.518870,-12.041347,-4.700258,12.932078,20.929626,-66.532460,15.436007,-59.890347,3.344971,-10.832769,-10.744934
297.000000,2.317145,-3.118135,69.537418,5.738691,-0.971582,61.116902,-23.498200,27.776394,17.144470,62.592950,-13.681385,-14.696588,4.562668,-51.668667,-37.995550,60.529633,-31.200254,15.000033,2.824393,11.969184,14.837872,-14.083747,30.581880,-12.953784,-36.189735,-12.297568,-4.597886,12.847857,20.619707,-66.318085,15.691430,-59.632015,3.667437,-11.080559,-11.090797
298.000000,2.327405,-3.171825,69.602175,5.835416,-0.882124,61.174409,-23.614431,27.373743,16.901590,62.250760,-13.493748,-14.867581,4.417667,-51.562210,-37.866077,60.294163,-31.102392,15.000033,2.909307,11.851734,14.916036,-14.261454,30.586348,-13.073384,-35.909397,-12.239546,-4.470396,12.984363,20.310490,-66.143400,16.008661,-59.588596,3.768865,-11.081802,-10.939948
299.000000,2.348513,-3.241762,69.621864,5.886576,-0.836755,61.071003,-23.686071,27.221008,16.755373,62.128380,-13.370767,-14.873178,4.296129,-51.608040,-37.924560,60.255850,-31.065857,15.000033,3.054781,11.783215,14.990371,-14.541890,30.659817,-13.192330,-35.610397,-12.123614,-4.430042,12.942540,19.929600,-65.984220,16.306902,-59.566260,3.637294,-11.030857,-10.711880
300.000000,2.382889,-3.322468,69.655893,5.946701,-0.809555,61.042686,-23.659504,27.145681,16.785908,61.875294,-13.285349,-14.717698,4.281967,-51.574830,-38.044453,60.091350,-30.971110,15.000033,3.160818,11.671475,15.105673,-14.587345,30.689325,-13.172274,-35.357063,-12.266736,-4.488492,13.104674,19.750769,-65.872580,16.650875,-59.546482,3.695927,-10.995556,-10.901446
301.000000,2.429153,-3.411834,69.620403,6.068783,-0.815634,61.124178,-23.722797,27.073050,16.826330,61.796654,-13.243102,-14.644052,4.297918,-51.575615,-38.079384,60.020508,-30.959402,15.000033,3.167173,11.564155,15.168613,-14.670481,30.693249,-12.973655,-35.074852,-12.544654,-4.439043,13.283993,19.475092,-65.745400,16.881401,-59.650710,3.457940,-10.388368,-10.635619
302.000000,2.483890,-3.504068,69.626270,6.124603,-0.734298,61.275498,-23.948557,26.919823,16.647825,61.637466,-13.034899,-14.832701,4.539994,-51.607460,-38.681522,59.877410,-30.908463,15.000033,3.319695,11.540583,15.159600,-14.911822,30.717268,-13.128938,-34.728977,-12.897956,-4.676127,13.409061,19.595282,-65.713290,17.017546,-59.731796,3.426811,-10.585663,-11.241097
303.000000,2.533925,-3.591304,69.676420,6.045974,-0.839567,61.039924,-23.882666,26.854279,16.360888,61.490967,-12.855577,-15.000033,4.732162,-51.526913,-39.058180,59.716434,-30.814287,15.000033,3.404322,11.527781,15.193479,-15.081026,30.760275,-13.100815,-34.236847,-12.588319,-4.492595,13.730399,19.109783,-65.605934,17.367147,-59.365780,3.014899,-10.160251,-11.426414
304.000000,2.595581,-3.672721,69.732794,6.206671,-0.755748,61.151008,-23.784350,26.752703,16.652485,61.036255,-12.657022,-15.000033,4.716511,-51.553540,-39.148990,59.583160,-30.758936,15.000033,3.374183,11.404269,15.264430,-15.001361,30.774744,-12.938605,-34.170452,-12.728777,-4.541816,13.920942,19.002690,-65.474290,17.661423,-59.452470,3.321159,-10.264985,-11.317364
305.000000,2.656561,-3.748976,69.815729,6.267892,-0.615983,61.094479,-23.751910,26.659462,16.702430,60.617930,-12.412279,-15.000033,4.546875,-51.530170,-39.212154,59.510902,-30.646852,15.000033,3.447454,11.409252,15.297748,-15.002069,30.816029,-12.604864,-34.157580,-12.666500,-4.436428,13.852493,18.792742,-65.335930,17.856634,-59.618874,3.432338,-10.372598,-11.165472
306.000000,2.713104,-3.813747,69.892420,6.372543,-0.564267,61.254176,-23.586035,26.488878,16.850807,60.010830,-12.323704,-15.000033,4.349534,-51.517210,-39.010303,59.626354,-30.685669,15.000033,3.322951,11.252448,15.494787,-14.963128,30.878265,-12.618310,-34.260994,-12.797566,-4.519945,14.087249,18.877863,-65.229550,17.995676,-59.609634,3.900943,-10.868867,-10.802118
307.000000,2.762815,-3.880474,69.999398,6.317813,-0.392240,61.186349,-23.608000,26.508036,16.819304,59.619510,-12.040784,-15.000033,4.133121,-51.338165,-39.049725,59.526222,-30.565823,15.000033,3.441835,11.358571,15.520491,-15.099357,31.006584,-12.496799,-34.226345,-12.932289,-4.627590,14.294433,18.812084,-65.140434,18.069197,-59.852917,3.912929,-10.800778,-10.643832
308.000000,2.797678,-3.943013,70.088896,6.224994,-0.316355,60.925828,-23.666521,26.386633,16.427885,59.432774,-11.796523,-15.000033,3.789059,-51.246910,-38.903244,59.641940,-30.553247,15.000033,3.529206,11.365619,15.570214,-15.307960,31.214144,-12.413226,-34.130070,-12.966249,-4.622252,14.278420,18.375670,-65.091156,18.248820,-59.774780,3.909700,-10.759287,-10.108718
309.000000,2.829414,-4.007991,70.274367,6.126867,-0.237737,60.794504,-23.622574,26.226395,16.123106,58.966686,-11.285441,-15.000033,3.630274,-51.142240,-39.016240,59.659977,-30.378986,15.000033,3.577882,11.362610,15.697388,-15.450227,31.442770,-12.411141,-34.128143,-12.819922,-4.684571,14.632312,18.323767,-65.048680,18.408411,-59.743780,3.730582,-10.732617,-10.056139
310.000000,2.861712,-4.073890,70.392487,6.068542,-0.206658,60.609052,-23.515045,26.235554,16.022598,58.663925,-10.883052,-15.000033,3.302477,-51.040234,-38.800453,59.761482,-30.313221,15.000033,3.663983,11.326873,15.923400,-15.443254,31.643366,-12.370676,-34.168880,-13.261707,-4.752146,14.699813,18.067596,-65.082245,18.704077,-59.723312,3.856585,-11.045384,-9.892083
311.000000,2.890484,-4.140403,70.487211,6.085906,-0.078012,60.587779,-23.517538,26.125353,15.984607,58.264590,-10.614946,-15.000033,2.974150,-50.915240,-38.564730,59.749035,-30.228933,15.000033,3.612929,11.245461,16.085972,-15.401842,31.836374,-12.279667,-34.337677,-13.374346,-4.713860,14.964158,17.947662,-65.084980,18.824158,-59.849426,3.988336,-10.916865,-9.465170
312.000000,2.915475,-4.203530,70.593611,6.125776,0.020883,60.280091,-23.335460,26.004519,15.984939,57.836823,-10.370980,-15.000033,2.516082,-50.927830,-38.271225,59.760048,-30.048025,15.000033,3.668724,11.226028,16.271118,-15.259500,32.059566,-12.014676,-34.382755,-13.008157,-4.592933,14.965573,17.580534,-65.090680,19.093658,-59.951730,3.985369,-10.817825,-9.193937
313.000000,2.933445,-4.263729,70.577171,6.235686,-0.097290,60.513587,-23.472708,25.760323,15.779120,57.900967,-10.158343,-15.000033,2.743501,-51.093987,-38.488870,59.930153,-30.121204,15.000033,3.659104,11.104274,16.395850,-15.497014,32.159657,-12.083588,-34.025620,-13.517254,-4.577505,15.098776,17.473917,-65.183550,19.348019,-59.876686,3.670750,-10.777836,-9.470259
314.000000,2.949401,-4.304100,70.613497,6.221111,0.049778,60.263610,-23.473948,25.811850,15.831857,57.760517,-10.090647,-15.000033,2.281773,-51.047400,-38.196625,59.960520,-30.039682,15.000033,3.665397,11.162809,16.447296,-15.344690,32.318542,-11.798403,-34.084553,-13.322651,-4.668988,14.952803,16.960955,-65.265700,19.591963,-59.949646,3.786954,-11.058674,-9.379931
315.000000,2.964882,-4.331814,70.558901,6.240553,-0.043018,60.396900,-23.536440,25.795973,15.740700,57.876827,-10.160119,-15.000033,2.493119,-51.129860,-38.407658,60.083225,-30.083864,15.000033,3.588017,11.132219,16.582500,-15.424810,32.449276,-11.840348,-34.066410,-13.205823,-4.523016,14.946765,16.963757,-65.345440,19.613682,-59.938473,3.734529,-11.030556,-9.436460
316.000000,2.979700,-4.339715,70.558585,6.251507,0.075509,60.658223,-23.833723,25.681574,15.579792,57.894710,-10.056110,-15.000033,2.663046,-51.272205,-38.885166,60.218754,-30.161066,15.000033,3.540747,11.126961,16.544008,-15.571337,32.556830,-11.971336,-34.159668,-13.123617,-4.522882,14.865095,17.327488,-65.396030,19.506650,-60.000134,3.706595,-11.134902,-9.953012
317.000000,2.999632,-4.330453,70.553303,6.301333,0.192095,60.789184,-23.956991,25.640171,15.636678,57.850826,-10.038517,-15.000033,2.612963,-51.273030,-38.889977,60.195770,-30.167670,15.000033,3.497235,11.176830,16.497349,-15.501440,32.581635,-11.946576,-34.216050,-13.037112,-4.600680,14.761702,17.353893,-65.394710,19.533176,-60.000134,3.946791,-11.385143,-10.136936
318.000000,3.023615,-4.308041,70.550273,6.428003,0.267626,61.150064,-24.058740,25.407236,15.674884,57.656555,-10.066544,-15.000033,2.732914,-51.298690,-38.916190,60.157265,-30.220713,15.000033,3.268409,11.115339,16.455893,-15.351741,32.609390,-11.960441,-34.296818,-13.176632,-4.681019,14.702046,17.548480,-65.384600,19.521812,-60.000134,4.058873,-11.377232,-10.166704
319.000000,3.053387,-4.280314,70.582583,6.513871,0.374694,61.259480,-24.030952,25.224466,15.716213,57.378360,-10.084679,-15.000033,2.716889,-51.406467,-38.987904,60.191006,-30.197292,15.000033,3.237521,11.097867,16.413412,-15.207714,32.644894,-12.002234,-34.407230,-12.950250,-4.717333,14.742542,17.745210,-65.359210,19.583738,-60.000134,4.146238,-11.404257,-10.313896
320.000000,3.088175,-4.249807,70.594215,6.561745,0.444104,61.312473,-24.007631,25.103266,15.684596,57.211742,-10.138115,-15.000033,2.652607,-51.447304,-38.920753,60.258310,-30.196941,15.000033,3.155280,11.088410,16.399313,-14.979767,32.717922,-11.913723,-34.565483,-12.824770,-4.624300,14.764406,17.752663,-65.249016,19.712208,-60.000134,3.906482,-11.124473,-10.461600
321.000000,3.125503,-4.220155,70.600098,6.586930,0.421600,61.335980,-23.934084,25.014177,15.609260,57.131680,-10.167272,-15.000033,2.561521,-51.432293,-38.682034,60.385494,-30.223960,15.000033,3.074669,11.074239,16.459297,-14.771375,32.751427,-11.827068,-34.698708,-12.758052,-4.589121,14.852839,17.809597,-65.166330,19.784945,-60.000134,3.888143,-11.184368,-10.452200
322.000000,3.167449,-4.190221,70.580358,6.660920,0.392085,61.418742,-23.888632,24.969110,15.646805,57.157180,-10.152783,-15.000033,2.465673,-51.497833,-38.399560,60.607586,-30.238878,15.000033,2.920455,11.054036,16.547493,-14.474901,32.767790,-11.665328,-34.914010,-12.868352,-4.689401,14.924557,17.562134,-65.004684,19.969982,-60.000134,4.296033,-11.541904,-10.063621
323.000000,3.211690,-4.160961,70.627704,6.712533,0.638118,61.559755,-24.019220,24.773561,15.591636,56.835640,-10.136269,-15.000033,2.193709,-51.534790,-38.301754,60.751200,-30.222906,15.000033,2.804908,10.990964,16.473760,-14.297961,32.829586,-11.535512,-35.283610,-12.606097,-4.730419,15.064033,17.584957,-64.845510,20.148262,-60.000134,4.301084,-11.659207,-9.985036
324.000000,3.259595,-4.140083,70.552789,6.858882,0.714598,61.699067,-24.117350,24.729378,15.731759,56.929195,-10.234741,-15.000033,2.080881,-51.540010,-38.026558,60.748226,-30.265140,15.000033,2.721498,11.009099,16.410849,-14.148662,32.882420,-11.402289,-35.271114,-12.674004,-4.832640,15.042743,17.219807,-64.670616,20.503178,-60.000134,4.374266,-11.843262,-10.114291
325.000000,3.303926,-4.121015,70.500197,6.975010,0.747401,61.778199,-24.139100,24.648360,15.793565,56.958145,-10.341543,-15.000033,1.989480,-51.631540,-37.831673,60.875637,-30.337097,15.000033,2.649210,10.946953,16.419436,-14.065022,32.912600,-11.224087,-35.342808,-12.605951,-4.821651,14.989638,17.027117,-64.518555,20.723387,-60.000134,4.483236,-12.009968,-10.183226
326.000000,3.348536,-4.105745,70.384425,7.035862,0.627291,61.822883,-24.094290,24.823742,15.932339,57.262745,-10.513159,-15.000033,2.063045,-51.754818,-37.728020,61.119514,-30.460627,15.000033,2.573648,10.983918,16.579567,-14.064096,32.976997,-11.217487,-35.321167,-12.725950,-4.855748,14.916843,16.848751,-64.367905,20.846619,-60.000134,4.634913,-12.254237,-10.330331
327.000000,3.387048,-4.091194,70.347643,7.070815,0.803841,61.819516,-24.208223,24.926609,16.091139,57.276570,-10.602880,-15.000033,1.730647,-51.728977,-37.444980,61.216045,-30.467386,15.000033,2.528423,10.975279,16.571090,-13.990304,33.041023,-10.957241,-35.536674,-12.436138,-4.711479,14.963795,16.632433,-64.210590,21.056421,-60.000134,4.485017,-12.185469,-10.174846
328.000000,3.419286,-4.078502,70.326904,7.136973,0.880227,61.891747,-24.239376,24.969448,16.235613,57.266100,-10.580296,-15.000033,1.583175,-51.740963,-37.252266,61.290610,-30.479298,15.000033,2.410521,10.960135,16.621067,-13.900999,33.116480,-10.828020,-35.649130,-12.472509,-4.734444,15.098618,16.517916,-64.052230,21.133396,-60.000134,4.579415,-12.201485,-10.184254
329.000000,3.442095,-4.064896,70.317976,7.211353,0.901158,61.749916,-24.162140,25.070442,16.450617,57.360874,-10.495038,-14.825235,1.180745,-51.694145,-36.611187,61.374287,-30.404844,15.000033,2.313610,10.945256,16.776495,-13.750141,33.140520,-10.323924,-35.787235,-12.291164,-4.585705,15.155349,16.135645,-63.814117,21.239890,-60.000134,4.192991,-12.087034,-9.763433
330.000000,3.457931,-4.046527,70.383468,7.239366,1.078971,61.753244,-24.247380,24.907558,16.360516,57.132435,-10.348847,-14.801874,0.792241,-51.665874,-36.279823,61.474360,-30.331564,15.000033,2.237056,10.837196,16.877514,-13.785919,33.177536,-10.074696,-36.033348,-12.636846,-4.607433,15.392952,16.181950,-63.657333,21.201786,-60.000134,3.954569,-11.859044,-9.727146
331.000000,3.464817,-4.027306,70.414554,7.157394,1.098904,61.805602,-24.284073,24.996440,16.330355,57.117800,-10.273789,-14.745903,0.747912,-51.606045,-36.266880,61.602490,-30.229517,15.000033,2.099771,10.784459,17.024767,-13.992438,33.238660,-10.057103,-36.127277,-12.392468,-4.541838,15.592602,16.494638,-63.523624,20.736618,-60.000134,4.010014,-11.776415,-9.797399
332.000000,3.469694,-4.003042,70.457838,7.057051,1.356668,61.849821,-24.629843,24.945417,16.043630,57.106860,-10.166090,-14.723071,0.540176,-51.642300,-36.480637,61.771824,-30.130487,15.000033,2.207486,10.751452,17.011248,-14.538929,33.364970,-10.247026,-36.225327,-12.106204,-4.539349,15.508595,17.050802,-63.520313,20.488964,-60.000134,3.683416,-12.316856,-10.692899
333.000000,3.472654,-3.979940,70.359872,7.129460,1.253855,62.028848,-24.598642,25.017439,16.241380,57.270010,-10.450576,-14.652068,0.829032,-51.848312,-36.725560,61.907642,-30.239172,15.000033,2.101806,10.658949,17.119581,-14.976350,33.402172,-10.359917,-35.999542,-11.775678,-4.537695,15.574413,17.355309,-63.467480,20.083390,-60.000134,4.010660,-12.916070,-11.026188
334.000000,3.477619,-3.951628,70.274997,7.223943,1.281882,62.392069,-24.711979,24.999054,16.411669,57.307976,-10.748151,-14.483833,0.953326,-51.958630,-36.765640,62.074030,-30.380703,15.000033,2.002124,10.552292,17.132858,-15.582015,33.392200,-10.543480,-35.832250,-11.567274,-4.689512,15.578548,17.728480,-63.434370,19.725859,-60.000134,4.328210,-13.797405,-10.860209
335.000000,3.480351,-3.921126,70.225037,7.252683,1.328559,62.535328,-24.831810,24.886880,16.311672,57.332047,-10.938303,-14.651982,1.060555,-52.099728,-36.987324,62.195747,-30.394981,15.000033,1.970802,10.532977,17.085293,-16.161045,33.393833,-10.534604,-35.540512,-11.057287,-4.459415,15.506245,18.147627,-63.351456,19.180468,-60.000134,4.101772,-13.790809,-11.072220
336.000000,3.483839,-3.885614,70.209236,7.376903,1.434445,62.435308,-24.697477,24.827112,16.588667,57.170494,-11.159310,-14.551801,0.881136,-52.155014,-36.761463,62.015130,-30.338589,15.000033,1.971213,10.559806,17.044552,-16.348257,33.365025,-10.185802,-35.211120,-10.709497,-4.413228,15.560020,17.949366,-63.177990,19.055645,-60.000134,4.121247,-13.820657,-10.922951
337.000000,3.482114,-3.843812,70.146646,7.545695,1.366234,62.489635,-24.619482,24.648499,16.672200,57.258408,-11.327486,-14.510521,0.915156,-52.375744,-36.598640,62.083780,-30.452910,15.000033,1.910793,10.460416,17.133038,-16.780079,33.303950,-9.846400,-34.820415,-10.457288,-4.298543,15.846014,17.978670,-62.997726,18.845715,-60.000134,3.879645,-13.839805,-11.077309
338.000000,3.473511,-3.797017,70.166675,7.412808,1.405407,62.338043,-24.714397,24.560630,16.258673,57.338562,-11.400795,-14.622309,0.775509,-52.155620,-36.413868,61.974846,-30.346910,15.000033,1.974963,10.433272,17.122065,-17.294252,33.190680,-9.296008,-34.579308,-10.079738,-3.925727,15.349873,18.081738,-62.922062,18.327608,-60.000134,3.407363,-13.575480,-10.783102
339.000000,3.458653,-3.741178,70.117087,7.215245,1.328301,62.574066,-25.004072,24.459103,15.638124,57.599330,-11.593549,-15.000033,1.174745,-52.002235,-36.824280,62.024426,-30.503685,15.000033,1.968271,10.424593,17.080662,-18.284578,33.148804,-9.477656,-34.083027,-9.889429,-3.691851,15.601046,19.087430,-62.949417,17.195568,-60.000134,3.691774,-13.325623,-10.892032
340.000000,3.443191,-3.672034,70.160730,7.141750,1.443464,62.457826,-25.105478,24.324524,15.371850,57.612950,-11.612766,-15.000033,1.247995,-52.063583,-37.156433,61.912300,-30.396301,15.000033,2.174359,10.454365,16.956984,-19.171421,33.209570,-9.402228,-33.428400,-9.344417,-3.419059,15.593951,19.755695,-62.920135,16.426990,-60.000134,3.209550,-12.885744,-11.134890
341.000000,3.434422,-3.591766,70.201618,7.097931,1.518291,62.313092,-24.996603,24.240494,15.295045,57.465664,-11.764925,-15.000033,1.215563,-51.960068,-37.121574,61.642330,-30.208880,15.000033,2.338011,10.419474,16.918718,-19.782503,33.302418,-9.155526,-32.783710,-8.403811,-3.210546,15.602395,20.141968,-62.867886,15.784842,-60.000134,3.220503,-12.943393,-10.878563
342.000000,3.426312,-3.496167,70.242078,7.136789,1.569962,62.348572,-24.894375,23.798004,15.016648,57.089954,-12.095526,-15.000033,1.339347,-51.868046,-37.129345,61.266582,-30.100010,15.000033,2.439339,10.285950,16.887978,-20.456030,33.454056,-9.117351,-31.873240,-8.419977,-3.079492,15.322407,20.598562,-62.830803,15.023868,-60.000134,3.330077,-12.761290,-10.399334
343.000000,3.422294,-3.394265,70.330686,7.014557,1.316853,62.095542,-24.418686,23.429882,14.473066,56.719574,-12.409170,-15.000033,1.540454,-51.547123,-36.862423,60.878628,-29.841269,15.000033,2.831854,10.180203,16.926935,-21.331610,33.588080,-9.194674,-30.391810,-7.787960,-2.868337,15.115199,20.684134,-62.890057,14.561061,-59.899067,2.712785,-12.639333,-10.507972
344.000000,3.424313,-3.283518,70.416800,7.008692,1.462779,61.880262,-24.261374,23.035118,14.215798,56.251450,-12.687721,-15.000033,1.516128,-51.129158,-36.674210,59.972233,-29.555525,15.000033,3.212671,10.191022,16.711752,-21.620897,33.823753,-9.336388,-28.968863,-7.226439,-2.458597,15.272514,19.948109,-62.925335,14.661634,-59.821247,1.756972,-11.850316,-11.160215
345.000000,3.430135,-3.160613,70.640362,7.048002,1.820700,61.687284,-24.025187,22.332916,13.888933,55.158110,-12.805574,-15.000033,1.592050,-50.916027,-37.008790,58.932780,-29.140501,15.000033,3.379033,10.042436,16.543823,-21.280437,34.165394,-9.512108,-27.743700,-6.343542,-2.277908,15.888020,18.221138,-62.771103,14.955008,-59.992760,1.511172,-10.680139,-10.375305
346.000000,3.439186,-3.042150,70.769389,7.162341,1.735589,61.411700,-23.297016,21.731737,13.786375,54.161300,-13.221936,-15.000033,1.884402,-50.514565,-36.779617,57.671750,-28.591639,15.000033,3.574061,9.774432,16.503378,-20.329378,34.405556,-9.867587,-26.684095,-6.235963,-1.990248,15.841504,16.206040,-62.642060,15.870475,-59.988785,1.242490,-10.439732,-10.040262
347.000000,3.437044,-2.933496,70.975840,7.040644,1.700410,61.024248,-22.636946,21.427296,13.641905,53.173004,-13.408028,-15.000033,2.033894,-49.634087,-36.379307,56.154300,-27.859930,15.000033,3.690243,9.535577,16.339508,-18.839176,34.532430,-10.330186,-25.833946,-5.240608,-1.334830,15.748911,14.405655,-62.538403,17.010994,-59.969810,0.391053,-9.957645,-10.636859
348.000000,3.423754,-2.828731,71.315734,7.170232,1.739741,60.421228,-21.763216,20.354378,13.143548,51.591595,-13.310023,-15.000033,2.239960,-49.219097,-36.292130,54.424805,-26.876200,15.000033,3.837717,9.191449,16.119967,-17.457615,34.624027,-11.178864,-24.323368,-4.991314,-1.043402,15.828504,12.264528,-62.409170,18.382906,-60.000134,0.050650,-9.325062,-10.341239
349.000000,3.399589,-2.737718,71.421234,7.245994,1.717177,59.861085,-21.111181,19.923710,13.163813,50.757870,-13.695135,-15.000033,2.768155,-48.636936,-36.458150,52.334118,-25.769814,15.000033,3.971224,8.853939,15.776517,-16.062668,34.693565,-12.208478,-22.676947,-4.274939,-0.448658,14.699128,11.066052,-62.338356,19.472296,-59.912224,-0.357886,-9.040901,-10.626950
350.000000,3.350926,-2.651078,71.554955,7.465301,1.626047,59.297449,-20.346493,18.946602,12.828211,49.619633,-14.146690,-15.000033,3.108176,-48.016094,-36.026623,50.162933,-24.878760,15.000033,4.051568,8.500962,15.372742,-14.243661,34.685560,-13.581931,-20.731857,-4.013762,0.214237,14.283412,9.304297,-62.268830,20.250000,-59.645157,0.057967,-7.809455,-9.686986
351.000000,3.277849,-2.563024,71.832407,7.478985,1.421558,58.397940,-19.283540,18.129993,12.399549,48.306190,-14.238040,-15.000033,3.587495,-47.093360,-35.635773,47.565796,-23.683989,15.000033,4.116600,8.166303,14.977058,-12.228361,34.632000,-15.145015,-18.195967,-4.007700,0.770177,13.483537,7.688476,-62.169690,20.987858,-59.529835,0.646762,-6.678121,-8.860232
352.000000,3.185378,-2.466579,72.118366,7.617924,1.008510,57.477512,-17.892275,17.260092,12.234439,46.886020,-14.203231,-15.000033,4.081356,-46.509354,-35.037586,45.404240,-22.575554,15.000033,4.206551,7.683137,14.495761,-9.799762,34.559788,-16.754904,-14.673611,-2.596918,1.572058,14.173313,5.684564,-62.018715,22.646208,-60.000130,-0.538199,-5.007217,-8.114204
353.000000,3.094947,-2.348923,72.597384,7.383956,0.971415,56.536860,-16.605780,16.552563,11.645081,44.808193,-13.871451,-15.000033,4.434178,-45.429890,-34.739610,42.851530,-21.007484,15.000033,4.393619,7.192820,14.004271,-7.223457,34.486137,-18.051163,-11.207841,-1.219800,2.515824,13.451319,3.381743,-61.632860,24.525368,-60.000134,-1.277569,-3.625462,-8.132689
354.000000,3.011828,-2.220283,73.065299,7.388441,1.128245,55.918526,-15.481298,15.632049,11.247314,42.484070,-13.286913,-15.000033,4.923875,-44.778286,-34.927270,40.393097,-19.691816,15.000033,4.255656,6.458822,13.478484,-4.742522,34.440110,-20.222548,-6.633028,-0.312091,2.951274,13.656925,1.621860,-61.166780,25.257970,-60.000134,-0.043828,-2.197005,-8.214330
355.000000,2.945856,-2.103731,73.449056,7.369909,1.022746,54.923380,-13.960306,15.079213,11.277183,40.364513,-12.878033,-15.000033,5.338236,-43.903313,-34.460526,37.809513,-18.098248,15.000033,4.486810,5.809484,12.898603,-2.541055,34.287080,-22.019629,-1.769649,-1.098907,3.056166,13.643875,-0.338667,-60.735943,25.995190,-59.909397,0.080576,-0.853704,-8.152403
356.000000,2.892226,-2.000538,73.920065,7.479224,0.717908,54.038394,-11.875475,14.262380,11.447002,37.385006,-12.128007,-15.000033,6.298461,-43.026306,-34.284115,34.801834,-16.045784,15.000033,4.867399,5.014217,12.064357,0.148552,33.886190,-23.210323,2.839085,-2.238626,3.360173,14.224151,-1.917576,-60.374687,27.017738,-59.921635,-0.079195,0.390895,-7.906047
357.000000,2.860589,-1.914531,74.461630,7.638961,0.623184,52.918263,-9.625337,13.322009,11.625034,33.755380,-10.933753,-15.000033,6.935257,-42.231190,-34.097645,31.716148,-13.966207,15.000033,5.125285,4.164147,11.389552,2.224723,33.366135,-24.235643,7.711471,-2.881348,3.244992,14.471297,-2.950352,-60.038357,27.581383,-59.493732,1.197722,0.643400,-7.833673
358.000000,2.838875,-1.864477,74.810814,8.025863,0.236910,52.697225,-7.064631,12.327775,12.172410,29.509766,-9.953428,-15.000033,8.061110,-41.439360,-33.401220,29.032312,-12.313555,15.000033,5.362242,3.309093,10.410477,4.330713,32.659946,-25.369762,12.947506,-3.558984,3.423438,14.479285,-3.901896,-59.828335,28.255297,-59.149630,1.303663,1.456886,-7.876521
359.000000,2.796972,-1.848102,75.172486,8.126412,-0.143691,52.138474,-4.367365,11.709461,12.894665,25.151363,-8.770411,-15.000033,8.939160,-40.392030,-32.606210,26.456898,-10.303691,15.000033,5.382908,2.443195,9.330574,6.276721,31.836975,-26.187294,18.695276,-3.893092,3.352655,14.714862,-4.852089,-59.601560,28.522495,-58.694584,1.831360,2.544369,-7.518145
360.000000,2.730525,-1.877668,75.686170,8.237788,-0.473632,51.948850,-1.665382,10.879936,13.261481,20.169786,-7.431543,-15.000033,9.704621,-39.206870,-31.344946,24.070877,-8.533768,15.000033,5.343439,1.869479,8.264741,7.829051,30.929865,-26.498814,23.589437,-4.111319,3.914160,14.681182,-5.634506,-59.378704,28.746397,-58.267754,2.381877,3.299745,-7.351951
361.000000,2.616936,-1.960539,76.045924,8.154557,-0.886216,51.595396,0.520201,10.530557,13.744657,16.539486,-6.228498,-15.000033,10.251896,-38.417300,-30.797577,22.696419,-7.245230,15.000033,5.197542,1.271019,7.342214,8.809002,30.141342,-27.396803,29.415455,-5.082600,3.706620,14.942684,-6.672863,-59.308846,29.213879,-56.934605,3.888123,3.067415,-7.269984
362.000000,2.456947,-2.111978,76.433400,7.875764,-1.634165,50.514469,2.756874,10.535495,14.274891,14.020072,-5.584079,-15.000033,10.619118,-37.351230,-29.419395,21.268074,-5.717030,15.000033,5.172446,0.994884,6.451467,9.851910,29.453966,-27.336292,34.279835,-6.320625,3.813043,14.391623,-8.422081,-59.235040,29.492640,-55.858290,5.403688,3.570943,-6.533400
363.000000,2.263546,-2.317490,76.676982,7.697892,-2.104343,49.537770,4.338862,10.513100,14.851942,12.085702,-4.600783,-15.000033,10.758531,-36.710766,-28.787685,20.098885,-4.735132,15.000033,5.172070,0.733006,5.826015,10.301250,28.839624,-27.774178,39.107200,-7.762822,3.662885,13.960626,-10.561130,-59.063923,29.947512,-54.348190,8.282129,3.509168,-6.469436
364.000000,2.042058,-2.585807,76.901902,7.777911,-2.826037,48.674562,5.982914,10.067179,14.829387,10.237987,-4.190733,-15.000033,10.925041,-36.312393,-27.443493,19.284750,-4.020823,15.000033,5.158827,0.571745,5.084179,10.747877,28.376186,-27.807780,42.923035,-9.034888,3.717472,13.944372,-13.325781,-58.899532,30.937002,-53.242930,9.336984,4.406202,-6.116711
365.000000,1.816050,-2.892690,77.057117,7.702976,-3.181058,48.111973,6.716827,10.191798,15.482680,9.403604,-4.115352,-15.000033,10.844629,-35.867220,-26.702017,18.604635,-3.539763,15.000033,5.163895,0.536925,4.729172,10.943870,27.934458,-28.016691,46.078438,-10.060968,3.737215,13.753423,-15.868525,-58.470726,31.337685,-52.022280,11.833166,4.969536,-5.505558
366.000000,1.600724,-3.240676,77.255670,7.770301,-3.639666,47.392283,7.405430,10.210335,16.035414,8.967249,-4.319109,-15.000033,10.700753,-35.520966,-25.536573,17.999464,-2.939533,15.000033,5.420744,0.544493,4.195468,10.906651,27.580694,-27.962671,48.839687,-12.165126,3.615040,13.592431,-19.439606,-58.074158,32.753044,-50.083668,12.829229,6.009677,-4.869247
367.000000,1.420588,-3.628837,77.387270,7.675589,-4.243877,45.594157,7.995975,10.439287,15.888108,9.762997,-5.046823,-15.000033,10.610682,-34.597630,-23.784039,16.261803,-2.689957,15.000033,6.140799,0.741057,4.085884,10.738990,27.324438,-27.339668,50.488773,-14.605797,2.991399,13.440768,-23.363590,-57.511547,35.189682,-48.881336,14.726851,6.088275,-6.799243
368.000000,1.278317,-4.013098,77.515744,7.857417,-4.622188,44.989161,8.091259,10.464032,15.925750,10.252990,-5.516326,-15.000033,10.268443,-34.580925,-22.934723,16.317257,-2.477692,15.000033,5.987619,0.590611,3.861211,10.636303,27.139168,-26.757220,52.264996,-16.500656,2.589181,13.521048,-26.600441,-57.018887,37.262230,-47.414997,13.674246,5.831774,-6.969764
369.000000,1.184351,-4.391586,77.630865,8.120432,-4.490652,44.808031,7.831168,10.441549,16.392054,10.166008,-5.903052,-15.000033,9.522436,-34.738087,-22.374031,16.588577,-2.416796,15.000033,5.506701,0.439136,3.585606,10.618797,26.997997,-26.681858,53.731453,-16.810787,2.614178,13.885275,-28.733187,-56.449207,38.107613,-46.160576,15.070697,5.882167,-6.850382
370.000000,1.137909,-4.781208,77.818694,8.323012,-4.486765,44.358009,7.424690,10.618711,16.720762,10.927502,-6.544691,-15.000033,8.774377,-34.648003,-21.367727,16.791584,-2.089997,15.000033,5.150673,0.311675,3.424368,10.766517,26.927060,-26.403473,54.790863,-17.728550,2.433248,13.781415,-29.990768,-55.899350,38.391953,-45.306774,14.580281,5.916929,-6.079402
371.000000,1.137365,-5.185280,77.916554,8.623367,-4.469809,43.437892,6.867492,10.883839,17.108473,12.468392,-7.443298,-15.000033,7.895156,-34.792103,-20.697230,16.995821,-2.148462,15.000033,5.011781,-0.149092,3.517477,10.650893,26.990920,-25.921778,56.018684,-18.652319,2.151353,14.255646,-30.944195,-55.492878,39.617928,-44.624058,15.183156,5.352452,-7.286550
372.000000,1.153506,-5.582412,78.021173,9.015677,-4.294543,42.993624,5.823473,11.188479,17.627436,14.399807,-8.270016,-15.000033,6.630124,-35.104286,-19.657600,18.027370,-2.360519,15.000033,4.493311,-0.625969,3.749056,10.678584,27.056211,-25.487112,56.928640,-19.447412,1.950230,14.392277,-30.943500,-55.146324,39.878840,-44.565647,15.196714,4.666680,-7.400551
373.000000,1.169240,-5.972757,78.110396,9.374539,-3.969623,42.856710,4.361087,11.784055,18.501446,16.815197,-9.200178,-15.000033,5.181571,-35.412900,-18.618057,19.399036,-2.655456,15.000033,3.778473,-1.228696,4.158444,10.595769,27.069702,-24.782347,57.746082,-20.698696,1.861462,14.468535,-29.747510,-54.943610,38.968400,-44.797730,16.360052,4.290182,-7.272750
374.000000,1.158955,-6.347655,78.094483,9.536117,-3.233664,42.379727,1.985341,12.649377,18.770155,20.382793,-10.686900,-15.000033,2.954369,-35.447437,-17.248661,20.921295,-3.366552,15.000033,3.373731,-1.688434,5.121923,10.253573,27.086527,-23.575860,58.122562,-20.935320,1.237614,14.828280,-27.306046,-55.044450,38.302630,-46.906170,14.616232,2.955318,-6.833411
375.000000,1.090041,-6.697903,77.991595,9.575588,-2.674380,42.320278,-0.707155,13.857856,19.008944,24.727566,-11.658794,-15.000033,0.705273,-35.563830,-16.093435,23.401120,-4.299396,15.000033,2.627909,-2.224423,6.346539,9.530887,27.172628,-23.033222,58.661133,-20.841717,1.322157,15.122564,-23.992346,-55.320557,36.537197,-47.996770,14.796209,1.777524,-6.834158
376.000000,0.948900,-7.000336,77.731957,9.214074,-1.714392,41.902666,-4.017258,15.636575,19.128609,29.733000,-12.852819,-15.000033,-2.339531,-35.315330,-14.892995,26.214714,-5.469549,15.000033,2.266735,-2.619393,8.214642,8.338479,27.356777,-22.820671,59.187084,-19.400143,1.178477,16.395323,-19.185823,-55.588910,33.950990,-50.205208,13.245090,0.275007,-7.335419
377.000000,0.737669,-7.267888,77.345818,8.492982,-0.985171,41.772423,-7.715460,18.077360,18.755949,35.677895,-14.080883,-15.000033,-5.165712,-34.621593,-13.641100,29.401524,-6.860268,15.000033,1.857432,-3.023186,10.407586,6.720118,27.695398,-22.481192,60.519653,-22.541016,0.639080,17.111870,-14.733377,-56.111774,31.366060,-51.296280,12.125115,-2.013892,-8.425972
378.000000,0.438867,-7.473315,76.714369,8.096520,-0.115840,41.492370,-11.439971,20.019258,18.413078,41.299213,-15.289584,-14.649234,-8.867279,-34.540634,-11.898568,33.611267,-8.747864,15.000033,1.788887,-3.358382,13.354699,4.418599,28.190340,-22.402523,60.996105,-23.168850,0.177333,17.473593,-9.496437,-56.497326,28.590330,-53.758633,11.416539,-3.990725,-9.804229
379.000000,0.081853,-7.623216,75.934842,7.276161,1.142064,41.291572,-15.618341,22.386032,17.789550,46.721400,-16.779170,-13.777433,-12.914685,-34.051890,-10.479343,37.840717,-10.526419,15.000033,1.910225,-3.648525,16.539415,1.777255,28.802671,-22.332916,61.783490,-24.641161,-0.206377,18.443739,-5.305693,-56.731174,26.014517,-55.881943,10.519497,-5.881481,-11.674888
380.000000,-0.312986,-7.730175,74.998541,6.092652,2.429048,41.210865,-19.996557,24.757812,16.329754,51.758614,-17.797537,-12.908565,-17.113249,-33.063640,-8.942428,42.451020,-12.210654,15.000033,1.768999,-3.746189,19.737026,-0.656878,29.396278,-22.573530,62.450146,-25.262249,0.000452,18.942795,-3.688896,-56.802170,23.772831,-56.971207,7.897686,-7.134751,-12.458107
381.000000,-0.712792,-7.802175,73.881752,5.009466,3.824272,40.987330,-24.559837,26.941393,14.730560,56.784800,-18.692387,-12.374834,-21.554043,-32.156025,-7.239232,47.166626,-14.059111,15.000033,1.753095,-3.679038,23.438766,-3.453941,29.989252,-22.464481,62.319885,-25.134766,-0.031913,19.612928,-0.563995,-56.334286,21.699055,-59.372803,4.750177,-9.075930,-15.114406
382.000000,-1.085362,-7.859464,72.718678,4.069813,5.355961,41.279934,-29.303535,28.420185,12.644470,60.999950,-19.574015,-11.716126,-25.740140,-31.397514,-5.781794,51.607292,-16.023966,14.583616,1.571084,-3.706887,26.789272,-6.052756,30.408978,-22.672600,63.214115,-27.136095,-0.171195,20.076365,0.529206,-55.685450,20.999903,-60.000134,3.621629,-10.922425,-17.513464
383.000000,-1.403331,-7.920562,71.626174,3.398442,7.137194,40.961125,-33.620262,29.249270,10.706905,64.334000,-20.389710,-11.603811,-30.284107,-30.608180,-4.113168,55.501072,-17.661722,14.111625,1.351284,-3.667085,29.793802,-8.688700,30.762764,-22.876015,63.882280,-26.136969,0.265984,20.616547,-0.086926,-53.885260,20.501637,-60.000134,1.826677,-10.911551,-16.955100
384.000000,-1.653860,-7.985038,70.278765,2.601054,9.505331,41.320284,-39.744390,30.020530,7.845860,68.633580,-20.506683,-10.902250,-35.347057,-30.300510,-3.266030,60.080160,-19.416860,13.385466,1.681825,-4.034832,29.793802,-12.111937,30.952957,-24.252344,67.050360,-27.749203,0.210766,20.283852,0.985306,-52.716457,21.729113,-59.616455,0.578218,-12.423386,-20.439081
385.000000,-1.826533,-8.064033,69.149517,2.157267,12.174792,41.695978,-45.591570,29.996216,5.268022,71.880516,-20.360537,-10.333010,-40.378426,-30.067598,-2.320880,63.770370,-20.628675,12.900498,1.667738,-4.199253,29.793802,-15.054250,30.783610,-25.731728,69.799110,-28.104033,0.030463,19.907635,-0.087746,-50.892094,23.412563,-57.301980,-0.692346,-14.311045,-22.352650
386.000000,-1.932954,-8.157925,67.989229,1.299818,14.760688,41.544296,-51.279780,30.001076,2.133469,74.981910,-20.103880,-9.549979,-45.196470,-29.340158,-1.737587,67.229610,-21.589851,12.363933,1.481318,-4.388722,29.793802,-17.794287,30.495884,-27.189596,72.520200,-27.599785,-0.096711,19.567345,-2.294798,-48.646004,24.990376,-54.390133,-1.651357,-15.580832,-23.688600
387.000000,-1.971375,-8.273967,67.038078,0.778043,17.258672,41.301542,-56.430485,29.633764,-0.497086,77.690950,-20.335500,-8.938256,-49.497570,-28.985240,-1.367922,69.835120,-22.341124,11.999661,1.381994,-4.907475,29.793802,-20.175720,30.113480,-28.112694,74.782920,-27.372923,-0.530312,19.317980,-3.949890,-46.089100,26.939571,-51.642555,-2.089724,-16.132277,-24.387388
388.000000,-1.959007,-8.410523,66.110868,0.761315,19.671301,41.317072,-61.121120,29.146338,-2.292733,80.147700,-20.385506,-8.339171,-53.988426,-28.424744,0.069829,72.654910,-23.047440,11.781065,1.125994,-5.337046,29.793802,-22.594917,29.828518,-29.203682,76.967910,-28.084790,-1.290277,19.671461,-6.759278,-43.323685,28.254341,-47.476770,-2.380331,-17.245607,-26.093739
389.000000,-1.920019,-8.553251,65.263485,1.061737,22.168727,41.428025,-65.517780,28.154314,-3.861044,82.254456,-20.757652,-7.891950,-58.283210,-28.480509,1.144847,74.949104,-23.969390,11.110297,1.017711,-5.729109,29.793802,-25.095800,29.654950,-29.925130,79.154510,-29.531548,-2.397839,20.450443,-9.272614,-40.483765,29.573532,-43.922707,-2.944255,-17.800533,-27.400385
390.000000,-1.896316,-8.695545,64.296326,1.179297,24.316758,41.698257,-69.874440,27.122383,-5.744213,84.603790,-20.885477,-7.609490,-62.491364,-28.361347,2.284810,77.887215,-24.452305,10.364740,0.672699,-6.085404,29.793802,-26.858860,29.471462,-30.476719,80.358250,-30.129404,-2.880947,20.471807,-10.382207,-37.295307,30.113337,-41.069656,-3.218493,-18.513363,-28.514954
391.000000,-1.909994,-8.829190,63.371913,0.754183,26.313102,41.495456,-73.545580,26.085802,-8.019129,86.318670,-21.397282,-7.823170,-66.082630,-27.155077,3.343441,80.149590,-25.015703,10.519524,0.520308,-6.151543,29.793802,-28.263199,29.150427,-31.185713,81.150470,-32.759950,-3.056789,22.129063,-10.773110,-33.949318,31.190374,-38.602673,-5.861629,-17.704264,-30.469784
392.000000,-1.978690,-8.960117,62.398762,0.329617,28.179814,41.020957,-77.529370,24.939508,-10.465914,88.863430,-21.745523,-7.582859,-69.493370,-27.145466,3.446245,82.225390,-25.602169,10.020298,0.556952,-6.205936,29.793802,-29.807104,28.944290,-31.198051,81.794365,-34.258770,-3.797746,22.911804,-12.308428,-30.834518,31.904190,-35.473750,-7.110549,-17.591892,-29.857084
393.000000,-2.110160,-9.098643,61.311119,0.422934,29.784924,41.118258,-81.085900,23.897818,-11.992373,91.353580,-22.489672,-7.481804,-73.109955,-26.849470,4.806387,84.923920,-26.189465,10.005601,0.183730,-6.662680,29.793802,-30.475376,28.800062,-31.474627,82.835556,-36.541847,-4.069975,23.397444,-14.056236,-28.088703,32.423676,-31.118464,-6.545463,-17.716352,-31.784502
394.000000,-2.308743,-9.241559,60.246643,0.408545,31.178755,41.390478,-84.205450,22.825613,-13.394033,93.287860,-23.109920,-7.092810,-76.331490,-26.947144,5.651208,87.384186,-26.829004,9.512940,0.008973,-6.890754,29.793802,-31.614138,28.777676,-31.342848,83.577820,-38.102010,-4.643206,24.186060,-16.069748,-25.685608,32.480850,-26.526358,-5.904810,-17.744246,-33.158775
395.000000,-2.555666,-9.406878,59.433194,0.771697,31.767131,41.782291,-86.653275,22.145576,-14.055971,95.434910,-23.697947,-6.794547,-78.655460,-26.807100,7.072957,89.442400,-27.202940,9.626443,-0.274324,-7.224886,29.793802,-32.491825,29.119116,-31.207893,84.252720,-36.159866,-5.307691,23.753765,-18.763563,-23.710741,31.577750,-23.286718,-5.742804,-17.744337,-32.140630
396.000000,-2.833444,-9.572949,58.079418,-0.353992,32.175756,40.971227,-89.060394,20.611639,-17.111130,98.032684,-24.337545,-6.991580,-81.020874,-26.744093,6.845221,92.157104,-27.864685,9.049304,-0.205391,-7.507601,29.793802,-33.003690,29.468080,-30.521381,83.890990,-37.132656,-5.805052,24.319992,-21.670221,-21.877338,31.812320,-19.884226,-8.969129,-14.391847,-31.601800
397.000000,-3.084546,-9.763470,57.196954,-0.421959,32.511727,40.718860,-91.053430,20.035418,-18.151066,100.111800,-24.670542,-7.088065,-83.178215,-26.495886,7.785399,94.175804,-27.989311,8.992887,-0.513362,-7.913597,29.793802,-33.170837,29.936888,-30.223217,83.863594,-37.289433,-6.348444,25.375595,-23.337727,-20.473478,32.161910,-16.943712,-8.879459,-14.743834,-32.043232
398.000000,-3.287142,-9.965279,56.563485,-0.079717,33.233567,40.712520,-92.706850,19.090092,-18.706062,101.396310,-25.076561,-7.196998,-85.304960,-26.118454,8.927811,95.459810,-28.310192,9.381980,-0.930040,-8.448404,29.793802,-33.183372,30.541988,-29.952970,84.098370,-37.235165,-6.917096,25.645372,-25.219180,-19.484926,32.277023,-14.089030,-9.385815,-14.963536,-33.673817
399.000000,-3.437173,-10.178219,55.858019,0.407988,33.781772,41.055283,-94.253230,18.042797,-19.218353,102.684120,-25.417837,-7.322413,-87.416570,-26.006155,10.178331,97.175060,-28.578428,9.313937,-1.163577,-8.691229,29.793802,-33.188040,31.049543,-29.520704,83.715210,-37.100494,-7.118019,26.807924,-26.024263,-18.607973,32.544945,-12.448363,-9.780211,-14.683880,-34.766030
400.000000,-3.532347,-10.402749,55.358765,0.769236,34.134682,40.995210,-95.363040,17.531141,-19.574951,103.726890,-25.676908,-7.489230,-89.098330,-25.821333,11.027700,98.437830,-28.523386,9.363014,-1.515060,-9.150611,29.793802,-33.089800,31.621035,-29.333708,83.945045,-37.177074,-7.420246,26.868374,-26.628030,-17.985130,32.638130,-10.099780,-9.571601,-14.724799,-36.878773
401.000000,-3.581489,-10.630354,54.794373,1.064708,34.348026,41.169154,-96.498900,16.873104,-20.168620,104.869130,-25.808115,-7.868003,-90.532394,-25.634298,11.826196,99.920920,-28.640980,9.601823,-1.680349,-9.312151,29.793802,-32.862890,32.104850,-28.808073,83.432060,-37.265290,-7.392936,27.757524,-27.169012,-17.515957,32.619392,-8.276481,-10.296601,-13.842372,-37.243874
402.000000,-3.588996,-10.855663,54.497860,1.582058,34.568017,41.510843,-97.101494,16.184317,-20.357994,105.330290,-26.103450,-8.258624,-91.619644,-25.403065,12.629308,100.865310,-28.656822,9.950829,-2.039712,-9.728112,29.793802,-32.630043,32.574497,-28.584520,83.623710,-37.796684,-7.927854,28.172170,-28.011492,-17.353098,33.340980,-6.195317,-10.740679,-14.347773,-38.905110
403.000000,-3.565465,-11.077065,54.155883,2.263772,34.708553,41.487294,-97.761650,16.074348,-20.240618,106.161865,-26.275457,-8.285751,-92.852050,-25.239752,13.561959,101.788700,-28.902313,10.164447,-2.286408,-9.837993,29.793802,-32.295330,32.944290,-28.118303,83.372665,-37.617805,-8.138387,28.630426,-28.617212,-17.302847,33.686687,-5.205912,-10.845405,-14.388879,-39.818092
404.000000,-3.527962,-11.275928,53.874177,2.523334,34.675617,41.476466,-98.352135,16.073862,-20.474897,106.887910,-26.576717,-8.012252,-93.594770,-25.140244,13.965327,102.682594,-28.869661,10.231716,-2.446369,-9.987119,29.793802,-32.024450,33.222960,-27.801468,83.125450,-37.696610,-8.198465,29.277426,-29.176422,-17.344828,34.005978,-4.056599,-11.041682,-14.413942,-39.749500
405.000000,-3.477130,-11.445674,53.658765,2.960329,34.846282,41.648713,-98.695140,15.654715,-20.573364,107.210710,-26.711110,-8.438001,-94.363640,-25.257740,14.355421,103.293810,-29.078375,10.514246,-2.556868,-10.057110,29.793802,-31.823795,33.438156,-27.657692,82.798140,-37.069946,-8.236595,29.461730,-29.413033,-17.472742,34.354656,-3.511712,-12.054245,-13.704019,-40.787468
406.000000,-3.423413,-11.588523,53.502677,3.501862,34.880160,41.952867,-99.003560,15.511038,-20.374561,107.536940,-26.911043,-8.300605,-94.966255,-25.108341,15.055787,103.916670,-29.193733,10.513611,-2.693996,-10.113471,29.793802,-31.612670,33.550785,-27.589987,82.586230,-36.323685,-8.024421,29.872965,-29.600939,-17.632960,34.763850,-2.742737,-12.506629,-14.044619,-42.031322
407.000000,-3.378828,-11.690955,53.375274,3.765527,34.962369,42.169629,-98.999450,14.796588,-20.616026,107.621640,-26.671568,-8.523316,-95.313090,-25.221912,15.252877,104.282616,-29.468900,10.638876,-2.856974,-10.088870,29.793802,-31.438124,33.620293,-27.617226,82.657620,-36.567640,-7.601732,30.490107,-29.847864,-17.916044,35.293053,-2.196822,-14.246139,-14.199697,-43.884182
408.000000,-3.348191,-11.763503,53.248808,4.125404,34.832181,42.302103,-99.052250,14.644711,-20.502043,107.933870,-26.921032,-8.844364,-95.670525,-25.154837,15.769108,104.772354,-29.457638,10.703042,-2.754617,-9.945033,29.793802,-31.266647,33.542942,-27.263346,82.396614,-35.917686,-7.258490,30.018236,-29.771645,-18.180569,35.603268,-1.452403,-13.405539,-13.686557,-43.238056
409.000000,-3.332826,-11.794359,53.179502,4.365704,34.898984,42.345587,-99.159340,14.434699,-20.453909,108.142630,-26.844260,-8.939290,-95.976555,-25.111233,16.096027,104.978455,-29.541105,10.613809,-2.653505,-9.770816,29.793802,-31.152720,33.418835,-27.250093,82.150444,-35.690174,-7.355979,30.648201,-29.557905,-18.397230,35.749428,-0.931139,-13.017689,-13.426491,-43.387566
410.000000,-3.337239,-11.791013,53.114877,4.541907,34.807936,42.491132,-99.081700,14.167294,-20.406628,108.280450,-26.755598,-9.053671,-96.076035,-25.209450,16.357758,105.184180,-29.614400,10.569630,-2.609843,-9.565087,29.793802,-31.048119,33.219400,-27.248580,82.069570,-35.513570,-7.093679,30.781967,-29.479212,-18.644482,36.081673,-0.163304,-13.485725,-12.798595,-43.771503
411.000000,-3.359973,-11.760536,53.068667,4.145683,34.588848,41.804067,-99.018980,14.373608,-20.809200,108.805244,-26.792559,-8.901975,-95.897964,-24.832125,16.203093,105.238470,-29.449110,10.099565,-2.252802,-9.054801,29.793802,-30.750872,32.901154,-27.025180,82.157350,-36.246292,-7.034365,30.888586,-28.900797,-18.619770,35.411810,-0.011418,-10.950164,-12.088093,-41.111122
412.000000,-3.387058,-11.708935,53.045070,4.132840,34.384067,41.785959,-98.754160,14.018417,-20.914623,108.960075,-26.621689,-9.199802,-95.771410,-24.772211,16.394403,105.363410,-29.326834,9.955809,-2.076831,-8.746014,29.793802,-30.685131,32.548946,-26.965140,81.904050,-36.532555,-7.033157,30.677319,-28.496407,-18.578274,35.039200,0.783753,-10.205425,-11.655272,-40.518400
413.000000,-3.411399,-11.646022,52.985279,3.976424,34.347106,41.643045,-98.820854,13.947253,-21.109234,109.282880,-26.486849,-9.130886,-95.714530,-24.550112,16.494590,105.486140,-29.238106,9.939012,-1.941726,-8.477448,29.793802,-30.641870,32.241333,-27.009878,81.932830,-36.154940,-6.824816,30.801330,-28.210287,-18.513853,34.576470,1.240217,-9.828401,-11.298830,-40.314490
414.000000,-3.426791,-11.582586,53.008820,4.022248,34.381052,41.745843,-98.744550,13.734167,-21.039633,109.266730,-26.320507,-9.110222,-95.687210,-24.563320,16.641161,105.441490,-29.194956,9.769379,-1.887203,-8.289543,29.793802,-30.649280,31.930922,-27.093523,81.771450,-36.072124,-6.612528,30.544424,-28.036783,-18.471832,34.516440,1.896869,-9.488601,-10.962918,-40.382698
415.000000,-3.436665,-11.532175,52.873435,4.097339,34.161419,41.729824,-98.679780,13.851062,-20.941720,109.626465,-26.219175,-8.983521,-95.713410,-24.522263,16.980032,105.794010,-29.266243,9.774766,-1.853434,-8.055575,29.793802,-30.463636,31.561049,-26.959099,81.916405,-36.011505,-6.413747,30.779064,-27.798939,-18.450699,34.572945,2.257183,-8.844415,-11.168886,-40.226997
416.000000,-3.433561,-11.489342,52.970667,4.209205,34.221336,41.661421,-98.566860,13.855574,-20.726883,109.578440,-26.163683,-8.885551,-95.687550,-24.368069,17.152952,105.592790,-29.158192,9.703028,-1.821739,-7.918711,29.793802,-30.446327,31.212082,-27.140545,82.031700,-36.109142,-6.345149,30.756723,-27.670870,-18.375134,34.385770,2.831265,-8.336008,-11.079856,-39.927307
417.000000,-3.427527,-11.460372,52.961314,4.244809,34.108183,41.623777,-98.495370,13.869018,-20.690367,109.751305,-26.125074,-8.765510,-95.607610,-24.155304,17.380154,105.700270,-29.074043,9.710840,-1.718459,-7.719111,29.793802,-30.383070,30.862778,-27.208565,82.125610,-35.843807,-6.202577,30.860060,-27.317642,-18.250458,34.132675,3.355315,-7.714460,-11.116837,-39.575188
418.000000,-3.420452,-11.440998,52.937888,4.228061,33.910656,41.744412,-98.313416,13.790155,-20.724554,109.778206,-26.092083,-8.848314,-95.420880,-24.331182,17.358137,105.824715,-29.110493,9.673152,-1.696917,-7.613403,29.793802,-30.384466,30.565826,-27.513830,82.327710,-35.695140,-6.073821,30.719221,-27.279682,-18.200363,34.421646,4.321961,-7.399698,-10.839761,-39.695934
419.000000,-3.404514,-11.433668,53.031152,4.501215,33.949112,41.821182,-98.240550,13.636458,-20.471617,109.783670,-25.891804,-8.798676,-95.462650,-24.016544,17.793509,105.780770,-28.897604,9.730242,-1.723665,-7.542883,29.793802,-30.345330,30.280422,-27.656075,82.372840,-35.687943,-5.995660,30.551401,-27.054913,-18.082130,34.077473,4.839942,-7.256872,-10.680017,-39.393745
420.000000,-3.392370,-11.430026,52.951325,4.296174,33.976845,41.587656,-98.441630,13.735093,-20.762413,110.101270,-25.533490,-8.734799,-95.505950,-23.845112,17.678534,105.913994,-28.876860,9.824129,-1.649346,-7.263958,29.793802,-30.227102,30.027197,-28.041060,82.726570,-35.601180,-5.955691,30.845009,-26.979551,-17.996725,34.219230,5.064820,-7.211566,-10.500001,-39.585506
421.000000,-3.375849,-11.434356,52.978780,4.632698,34.001403,41.899743,-98.403000,13.565611,-20.460060,110.014470,-25.515430,-8.756571,-95.639400,-23.810270,18.101358,106.034450,-28.784079,9.789392,-1.641636,-7.260507,29.793802,-30.334316,29.782297,-28.040054,82.707180,-35.859490,-5.874031,30.689985,-26.651493,-17.906666,34.063180,5.767417,-6.786406,-9.924409,-39.356970
422.000000,-3.361880,-11.441029,52.883644,4.699225,33.885653,42.024654,-98.434040,13.462086,-20.519062,110.219590,-25.432684,-8.814499,-95.676910,-23.815342,18.277450,106.340640,-28.828568,9.864855,-1.579085,-7.072118,29.793802,-30.256586,29.538300,-28.164734,82.743614,-35.966965,-5.785559,30.634169,-26.479103,-17.880465,34.227220,6.252994,-6.591619,-9.787429,-39.730820
423.000000,-3.342050,-11.444165,52.782776,4.688356,33.880695,42.153097,-98.486930,13.199268,-20.706522,110.345770,-25.293373,-8.990213,-95.763910,-23.904327,18.323776,106.616250,-28.921011,9.681409,-1.560160,-6.978842,29.793802,-30.282814,29.344810,-28.617397,83.001200,-35.626570,-5.465283,30.500454,-26.260986,-17.844961,34.406914,6.805148,-6.863427,-9.452643,-40.151560
424.000000,-3.310930,-11.449056,52.720601,4.734390,33.825216,42.293003,-98.554740,13.061997,-20.794985,110.510400,-25.281507,-9.035452,-95.794370,-23.791542,18.511806,106.912704,-28.839144,9.660984,-1.461305,-6.785521,29.793802,-30.321130,29.138361,-28.666918,83.097940,-35.636955,-5.249269,30.274550,-25.828789,-17.766434,34.239017,7.206861,-6.878605,-9.153898,-40.134920
425.000000,-3.260167,-11.450111,52.727925,4.807409,33.922985,42.351393,-98.677890,13.180124,-20.727995,110.541700,-25.171177,-8.908586,-95.896140,-23.752481,18.579912,107.001050,-28.727388,9.704121,-1.439701,-6.662944,29.793802,-30.263798,28.927130,-28.985594,83.190130,-35.483162,-5.289146,30.357689,-25.620400,-17.657478,34.226270,7.594256,-6.513191,-9.005219,-40.596510
426.000000,-3.194180,-11.450449,52.600242,4.794914,33.756401,42.355303,-98.669136,13.179811,-20.892332,110.847690,-25.098263,-8.981338,-95.897310,-23.658340,18.709995,107.435770,-28.772250,9.618593,-1.372385,-6.481211,29.793802,-30.277514,28.714120,-29.012259,83.650730,-35.773740,-5.004485,30.344970,-25.372580,-17.553585,34.468414,8.104775,-5.975578,-8.677294,-40.316180
427.000000,-3.099713,-11.439618,52.633621,5.026141,34.039602,42.785940,-98.814690,12.794781,-20.827599,110.662950,-24.825987,-9.172878,-96.108765,-23.756657,18.885180,107.569460,-28.670094,9.412155,-1.430520,-6.533261,29.793802,-30.466722,28.577755,-29.419340,83.705605,-35.590508,-4.821600,30.221020,-25.095459,-17.440395,34.389970,8.732446,-5.900845,-8.423270,-40.758427
428.000000,-2.984601,-11.429643,52.742752,5.308172,34.319251,42.933379,-98.749930,12.558704,-20.651339,110.406395,-24.857582,-9.264020,-96.237366,-23.597479,19.095203,107.461580,-28.663338,9.384416,-1.496711,-6.575412,29.793802,-30.586203,28.424583,-29.561907,84.003600,-35.687386,-4.714029,30.049883,-24.961400,-17.311750,34.583600,9.180072,-5.307456,-8.304553,-40.681606
429.000000,-2.858229,-11.416498,52.767434,5.439989,34.528081,43.124688,-98.773636,12.387572,-20.676918,110.291980,-24.745485,-9.353738,-96.319565,-23.544157,19.166216,107.564810,-28.659971,9.417501,-1.438091,-6.466080,29.793802,-30.635784,28.246002,-29.752197,84.136730,-35.607887,-4.525765,29.785292,-24.625114,-17.201560,34.983010,9.641887,-5.048096,-8.302407,-41.367640
430.000000,-2.727043,-11.405599,52.833324,5.584562,34.640924,43.142125,-98.704920,12.323639,-20.640457,110.254680,-24.541843,-9.423012,-96.365770,-23.519249,19.207321,107.601690,-28.546500,9.357922,-1.437077,-6.406301,29.793802,-30.608770,28.061197,-29.922491,84.401596,-35.607500,-4.332681,29.557034,-24.372192,-17.015700,35.052490,10.152765,-4.714384,-8.231174,-40.943153
431.000000,-2.594881,-11.396951,52.954526,5.676707,34.744837,43.063310,-98.498764,12.245321,-20.648108,110.114170,-24.588425,-9.512941,-96.288620,-23.484245,19.107658,107.454690,-28.469940,9.512105,-1.311813,-6.249746,29.793802,-30.570883,27.825974,-30.032976,84.532770,-35.528637,-4.416735,29.582897,-24.137644,-16.814837,35.213820,10.744975,-4.483796,-8.064780,-41.215668
432.000000,-2.468594,-11.387225,52.990763,5.715343,34.955055,43.287996,-98.610374,12.066140,-20.771124,110.020010,-24.253387,-9.578254,-96.290870,-23.415445,19.085983,107.574150,-28.379200,9.445708,-1.240041,-6.080561,29.793802,-30.752645,27.665995,-30.211325,84.626590,-35.404377,-4.211216,29.560194,-23.807160,-16.646353,35.201443,11.389824,-4.450225,-8.023542,-41.266033
433.000000,-2.348251,-11.387691,53.063406,6.039857,35.097261,43.460103,-98.545364,11.876319,-20.594320,109.932175,-24.134014,-9.737460,-96.390620,-23.221766,19.406853,107.642440,-28.294107,9.452677,-1.259259,-6.116273,29.793802,-30.799110,27.507921,-30.323433,84.715300,-35.456990,-4.064017,29.454174,-23.575974,-16.440500,35.244290,12.044283,-4.269486,-7.907852,-40.697130
434.000000,-2.240762,-11.389862,53.073627,6.020439,35.190307,43.486368,-98.550800,11.691195,-20.809635,109.971080,-23.945131,-9.857448,-96.327600,-22.908333,19.429853,107.782300,-28.242031,9.541198,-1.221188,-6.006940,29.793802,-30.793514,27.373756,-30.548483,84.914710,-34.980633,-4.002305,29.395880,-23.427843,-16.234020,35.349743,12.748135,-4.274080,-7.905303,-40.829410
435.000000,-2.141683,-11.400302,53.067025,6.133537,35.175869,43.465865,-98.437970,11.601739,-20.854590,110.047970,-23.847200,-10.002215,-96.317490,-22.718681,19.564194,107.942930,-28.262830,9.661949,-1.170991,-5.901080,29.793802,-30.665949,27.212545,-30.640028,84.934700,-34.753616,-3.964571,29.376741,-23.269066,-16.024145,35.462177,13.410694,-3.841875,-7.718820,-40.957577
436.000000,-2.051730,-11.412210,53.049797,6.194120,35.174269,43.534869,-98.417390,11.463836,-20.964504,110.128430,-23.713701,-10.182482,-96.307820,-22.541952,19.678326,108.169700,-28.202785,9.576347,-1.133436,-5.805629,29.793802,-30.650282,27.077726,-30.731136,85.009445,-34.739620,-3.950706,29.427849,-23.008602,-15.801758,35.477215,14.114229,-3.365330,-7.573932,-40.477978
437.000000,-1.971124,-11.426562,53.038227,6.191069,35.150070,43.682636,-98.360390,11.198327,-21.171110,110.144150,-23.500563,-10.432582,-96.166260,-22.310621,19.739650,108.375700,-28.197453,9.624552,-1.075640,-5.711812,29.793802,-30.718970,26.987244,-30.808994,85.053870,-34.535520,-3.918615,29.545774,-22.876986,-15.606011,35.434650,15.020630,-2.896694,-7.543723,-40.492294
438.000000,-1.892768,-11.445596,53.021263,6.571218,35.405510,44.003215,-98.491370,10.842865,-21.051735,110.113670,-23.318514,-10.573052,-96.444130,-21.865269,20.315666,108.654870,-28.108692,9.719715,-1.151907,-5.782541,29.793802,-30.824957,26.933060,-30.774925,85.011475,-34.191353,-3.909215,29.647411,-22.672560,-15.454571,35.439760,15.424479,-2.395035,-7.316164,-40.809452
439.000000,-1.835121,-11.470813,53.021152,6.607649,35.363157,43.983954,-98.456024,10.706201,-21.167166,110.218925,-23.168377,-10.749530,-96.390350,-21.623978,20.407282,108.794740,-28.043797,9.797445,-1.130732,-5.742792,29.793802,-30.772852,26.885212,-30.841932,85.065094,-33.913433,-3.834020,29.912699,-22.661451,-15.299555,35.652763,16.165289,-2.341478,-7.191067,-40.544000
440.000000,-1.792659,-11.498481,53.041395,6.701008,35.555171,44.114438,-98.663700,10.604737,-21.180357,110.186165,-22.946623,-10.722644,-96.559395,-21.518776,20.479198,108.859886,-27.917107,9.635815,-1.122932,-5.706760,29.793802,-30.878918,26.874773,-30.907362,85.014755,-33.879982,-3.808019,30.128721,-22.690899,-15.155072,35.649800,16.791170,-2.215919,-6.809673,-40.229057
441.000000,-1.775464,-11.538983,53.014601,6.874318,35.363568,44.264857,-98.632750,10.577610,-21.090508,110.329130,-22.860909,-10.779983,-96.481420,-21.305157,20.797369,109.130640,-27.839880,9.714608,-1.161647,-5.681919,29.793802,-30.771145,26.811808,-30.817074,84.949005,-33.841545,-3.825253,30.263577,-22.730960,-15.027203,35.741524,17.635117,-1.130502,-6.983119,-40.273950
442.000000,-1.777634,-11.579382,53.031873,6.867167,35.475894,44.234728,-98.817850,10.609133,-21.152504,110.375656,-22.711683,-10.709063,-96.586365,-21.010689,20.871286,109.181050,-27.573800,9.823811,-1.142295,-5.547420,29.793802,-30.745508,26.768917,-30.926104,84.864060,-33.776543,-3.825635,30.697891,-22.711155,-14.906935,35.634620,18.084461,-0.656469,-6.743919,-40.724567
443.000000,-1.804743,-11.625630,53.012934,6.902997,35.299322,44.274615,-98.840490,10.675665,-21.115864,110.487600,-22.672718,-10.667274,-96.544540,-20.911585,20.984330,109.334920,-27.440930,9.834679,-1.175754,-5.507613,29.793802,-30.672760,26.707230,-30.981966,84.853455,-33.578170,-3.748029,30.783440,-22.805900,-14.765468,35.431800,18.934860,0.051809,-6.618702,-40.430588
444.000000,-1.845651,-11.669052,52.961708,7.000210,35.158554,44.471703,-98.972520,10.671884,-21.053316,110.632960,-22.634129,-10.733845,-96.546394,-20.821625,21.208479,109.558280,-27.375252,9.871327,-1.262336,-5.489186,29.793802,-30.589724,26.656773,-31.196136,84.669790,-33.192844,-3.728430,30.804596,-22.833683,-14.638565,35.300950,19.795006,-0.158097,-6.348967,-40.909030
445.000000,-1.894383,-11.709324,52.987428,7.160714,35.039052,44.555432,-98.989876,10.738537,-20.832193,110.654230,-22.567682,-10.665863,-96.548770,-20.645720,21.480495,109.591790,-27.225666,9.930971,-1.383208,-5.505548,29.793802,-30.504000,26.573608,-31.302496,84.603165,-32.884933,-3.679379,30.791437,-23.098969,-14.527603,35.240070,20.694637,0.892743,-6.395781,-41.126366
446.000000,-1.947063,-11.740563,52.935660,7.029428,34.923692,44.362900,-99.128555,10.992460,-20.904383,110.906870,-22.440062,-10.543976,-96.507140,-20.445618,21.475010,109.646690,-27.229647,10.051990,-1.425069,-5.389033,29.793802,-30.340830,26.471992,-31.410069,84.752140,-32.720320,-3.515123,30.670956,-23.341707,-14.416675,35.333435,21.474123,2.164305,-6.411584,-41.368618
447.000000,-1.991907,-11.761282,52.998634,7.053782,35.025485,44.432872,-99.349950,11.197745,-20.745335,110.826650,-22.332037,-10.410629,-96.526580,-20.349344,21.492659,109.483345,-27.112305,10.268026,-1.475317,-5.350144,29.793802,-30.412058,26.405480,-31.451630,84.730240,-32.844215,-3.612311,30.798372,-23.607512,-14.325713,35.039433,22.517849,3.627274,-6.229857,-41.448120
448.000000,-2.027716,-11.777999,53.069390,7.020667,35.029920,44.282641,-99.306690,11.365188,-20.658604,110.730620,-22.419756,-10.358574,-96.396860,-20.018457,21.525070,109.244620,-27.129715,10.613037,-1.547438,-5.306556,29.793802,-30.376957,26.299511,-31.446718,84.972435,-32.899420,-3.453883,30.553411,-23.889435,-14.253949,35.069850,23.512663,5.240219,-6.064513,-41.427155
449.000000,-2.046392,-11.787887,53.148340,7.202283,35.180106,44.498072,-99.493330,11.461954,-20.376696,110.576730,-22.368795,-10.284632,-96.472060,-19.970320,21.688194,109.102960,-27.022696,10.766714,-1.613098,-5.328908,29.793802,-30.486012,26.217365,-31.549734,84.917244,-32.974083,-3.457373,30.496847,-24.066477,-14.205090,34.973186,24.952362,6.501299,-5.584759,-41.610065
450.000000,-2.054565,-11.797820,53.137113,7.141176,35.014882,44.559077,-99.598470,11.520799,-20.441881,110.773320,-22.330736,-10.283092,-96.342420,-19.971601,21.663948,109.224270,-26.851917,10.936445,-1.537550,-5.155905,29.793802,-30.413826,26.103060,-31.693410,84.833950,-33.135365,-3.266342,30.262882,-24.037037,-14.135021,34.868150,26.643612,7.554251,-5.085935,-41.254456
451.000000,-2.040936,-11.805689,53.119545,7.128967,35.074557,44.560393,-99.807110,11.699986,-20.429914,110.876140,-22.353329,-10.231880,-96.356430,-19.853060,21.681894,109.236420,-26.936043,11.045213,-1.496593,-4.961871,29.793802,-30.357231,25.949470,-31.961435,84.876730,-32.958076,-3.139298,30.145899,-24.294533,-14.102606,35.402150,28.391638,8.587304,-4.165833,-40.369812
452.000000,-2.006201,-11.814072,53.159883,7.543629,35.252777,44.868682,-99.902880,11.572338,-20.098776,110.792460,-22.225412,-10.415382,-96.475650,-19.686277,22.142527,109.248580,-27.005730,11.435977,-1.605063,-4.976027,29.793802,-30.360410,25.804360,-31.981335,84.773660,-33.071724,-3.094136,29.877424,-24.226467,-14.116743,35.668034,30.026081,9.121764,-3.486199,-40.450680
453.000000,-1.959684,-11.821555,53.219040,7.640200,35.345746,44.891301,-100.046450,11.935784,-19.899313,110.781364,-22.370592,-10.071695,-96.403500,-19.476702,22.225960,109.142820,-27.071453,11.752337,-1.632838,-4.916136,29.793802,-30.273620,25.670527,-32.052876,84.838040,-32.778477,-2.977469,29.774275,-24.105524,-14.140904,35.699420,31.695509,10.084499,-3.077076,-40.868156
454.000000,-1.905739,-11.826321,53.231862,7.826471,35.290373,45.054743,-100.006775,11.976945,-19.742105,110.798630,-22.349907,-10.139507,-96.334656,-19.480580,22.404064,109.243870,-27.127660,11.796905,-1.683455,-4.855005,29.793802,-30.137543,25.516270,-32.131874,84.825930,-32.435010,-2.822502,29.483395,-23.852350,-14.183573,35.868040,33.531082,10.390470,-2.935957,-41.184196
455.000000,-1.844906,-11.825693,53.246759,7.965379,35.317448,45.170167,-100.015785,11.958549,-19.676765,110.822740,-22.446707,-10.208701,-96.298460,-19.459867,22.505396,109.289520,-27.202500,11.976159,-1.713834,-4.822197,29.793802,-30.047157,25.371391,-32.248060,84.915060,-32.375355,-2.741513,29.135792,-23.627861,-14.231545,36.023040,35.186240,10.774338,-2.588157,-41.264050
456.000000,-1.780086,-11.821094,53.287712,7.925169,35.355890,45.025728,-100.041070,12.274579,-19.647678,110.858180,-22.496162,-10.067054,-96.234230,-19.444384,22.371254,109.202870,-27.236298,12.013602,-1.645285,-4.650374,29.793802,-29.919144,25.201420,-32.313942,85.053130,-32.114563,-2.563901,28.939451,-23.491371,-14.279820,36.218853,36.865280,12.080254,-2.225266,-41.111393
457.000000,-1.711269,-11.812596,53.322647,8.029032,35.439998,45.058133,-100.122140,12.550189,-19.489004,110.861020,-22.560429,-9.887806,-96.235350,-19.406921,22.408398,109.175674,-27.276870,12.141002,-1.665013,-4.562436,29.793802,-29.831577,25.038534,-32.419150,85.152300,-32.036953,-2.459499,28.733719,-23.275150,-14.348025,36.345310,38.334698,12.158929,-1.993045,-41.205944
458.000000,-1.641609,-11.800275,53.371422,8.109032,35.611003,45.102352,-100.239296,12.742185,-19.373705,110.805510,-22.612990,-9.696253,-96.246770,-19.272541,22.446545,109.099140,-27.311073,12.260750,-1.672824,-4.467246,29.793802,-29.830826,24.895033,-32.515472,85.304756,-32.051780,-2.400260,28.704094,-23.060062,-14.433558,36.379284,39.708100,12.758477,-1.844826,-41.113018
459.000000,-1.575232,-11.787341,53.492788,8.232014,35.779112,45.149385,-100.177360,12.801168,-19.207571,110.580620,-22.633688,-9.605809,-96.210180,-19.257776,22.430958,108.862564,-27.301890,12.318828,-1.687975,-4.431314,29.793802,-29.874080,24.753930,-32.532364,85.458145,-31.915361,-2.401900,28.530580,-22.924349,-14.540693,36.497345,41.118465,13.152527,-1.764060,-41.182743
460.000000,-1.516739,-11.777502,53.564260,8.323772,35.870469,45.318106,-100.254860,12.917288,-19.074163,110.468740,-22.739550,-9.570390,-96.106680,-19.121386,22.488705,108.790670,-27.290857,12.485292,-1.681231,-4.375869,29.793802,-29.965193,24.643341,-32.596413,85.550230,-32.078457,-2.090042,28.283657,-22.709944,-14.647621,36.472103,42.465042,12.971594,-1.365898,-40.859226
461.000000,-1.470551,-11.771643,53.564265,8.313686,35.894837,45.373854,-100.295010,13.012085,-19.097645,110.487130,-22.695160,-9.572627,-96.011760,-19.103958,22.439528,108.808090,-27.414469,12.611610,-1.706398,-4.351347,29.793802,-29.903690,24.560547,-32.743977,85.708640,-31.794205,-2.257907,28.315363,-22.490507,-14.761423,36.627250,43.614136,13.022004,-1.463274,-41.131230
462.000000,-1.431870,-11.773667,53.677510,8.466703,36.087132,45.456397,-100.386550,13.140996,-18.876085,110.316574,-22.741598,-9.470850,-96.055466,-19.028666,22.498730,108.594870,-27.323185,12.687551,-1.723859,-4.340020,29.793802,-29.939833,24.489655,-32.814700,85.676834,-31.975498,-2.176872,28.073090,-22.379986,-14.870704,36.548965,44.614960,13.159487,-1.227227,-40.808376
463.000000,-1.411553,-11.784663,53.779327,8.353790,36.049937,45.349348,-100.281790,13.294685,-18.879644,110.167770,-22.798038,-9.456609,-95.851610,-19.019627,22.264023,108.345406,-27.318314,12.673282,-1.728380,-4.328593,29.793802,-29.907185,24.424660,-32.954840,85.845750,-31.617893,-2.135774,28.026896,-22.301788,-14.940837,36.600815,45.670788,13.221672,-1.280841,-40.183070
464.000000,-1.402478,-11.808993,53.738049,8.325912,35.921144,45.300846,-100.286780,13.512580,-18.889730,110.301330,-22.867224,-9.455006,-95.730720,-18.915180,22.280752,108.447770,-27.463640,12.845323,-1.741217,-4.289694,29.793802,-29.792143,24.376163,-32.883987,85.935110,-31.526096,-2.142149,27.900429,-22.130789,-15.019794,36.603516,46.468760,13.407629,-1.271362,-39.970510
465.000000,-1.399320,-11.843410,53.777826,8.430086,35.947983,45.269412,-100.245630,13.496190,-18.825003,110.263340,-23.025455,-9.475589,-95.733130,-18.837004,22.344600,108.353280,-27.521908,12.999734,-1.764349,-4.268584,29.793802,-29.706232,24.317654,-32.808987,85.914880,-31.380049,-2.297811,27.728493,-22.010640,-15.133257,36.746372,47.071100,13.806891,-1.356773,-40.166760
466.000000,-1.401173,-11.886541,53.780699,8.643099,36.082337,45.565390,-100.491005,13.526794,-18.645110,110.195500,-22.994196,-9.442890,-95.854550,-18.686277,22.586292,108.424550,-27.517010,13.201854,-1.854407,-4.323857,29.793802,-29.812210,24.305220,-33.081528,85.985260,-31.201084,-2.173921,27.757984,-21.895254,-15.254316,36.882797,47.776196,13.420625,-1.124807,-40.387450
467.000000,-1.413831,-11.941134,53.769806,8.617318,35.844762,45.557096,-100.360660,13.400723,-18.762170,110.276090,-23.011700,-9.634292,-95.654890,-18.561830,22.614954,108.529530,-27.539473,13.300529,-1.853163,-4.305780,29.793802,-29.738567,24.282633,-33.131980,86.078705,-31.025726,-2.155430,27.601332,-21.670732,-15.348972,36.969513,48.371720,13.492615,-1.164612,-40.123966
468.000000,-1.426960,-12.001632,53.728622,8.613744,35.638098,45.548891,-100.318960,13.431693,-18.825940,110.405070,-23.029057,-9.688912,-95.546710,-18.523165,22.624060,108.664696,-27.634989,13.410570,-1.852801,-4.268003,29.793802,-29.619797,24.247543,-33.153427,86.103220,-30.697344,-2.169476,27.384459,-21.503008,-15.434514,37.134655,48.893673,13.346277,-1.210943,-40.073887
469.000000,-1.433542,-12.064877,53.724974,8.799883,35.651316,45.597753,-100.428000,13.589999,-18.641033,110.428190,-23.066513,-9.530590,-95.655945,-18.425686,22.799604,108.699715,-27.717380,13.490026,-1.913952,-4.293230,29.793802,-29.560520,24.207840,-33.315468,86.145740,-30.583017,-2.223755,27.320204,-21.447338,-15.529836,37.384160,49.242733,13.690160,-1.211843,-40.003746
470.000000,-1.441856,-12.127350,53.715096,8.789597,35.549637,45.593522,-100.450530,13.648339,-18.690163,110.480560,-23.098774,-9.483443,-95.582790,-18.320116,22.781254,108.751230,-27.767294,13.638190,-1.921605,-4.186398,29.793802,-29.513983,24.156353,-33.384430,86.224470,-30.036995,-2.042497,27.019380,-21.363890,-15.627865,37.417118,49.617935,13.069793,-1.284216,-40.009224
471.000000,-1.446505,-12.191296,53.703488,8.998546,35.464843,45.750650,-100.451440,13.640556,-18.539396,110.484890,-23.086151,-9.516757,-95.613360,-18.175642,23.043041,108.904870,-27.743889,13.762390,-1.943120,-4.158296,29.793802,-29.522566,24.089100,-33.356483,86.245255,-30.083933,-1.978894,26.904127,-21.224140,-15.732656,37.392075,49.959470,13.505227,-1.189216,-40.071465
472.000000,-1.452476,-12.250155,53.712186,8.959776,35.583273,45.762028,-100.573586,13.651955,-18.604969,110.353424,-23.196892,-9.391898,-95.813380,-18.404018,22.807710,108.848220,-27.740477,13.379594,-1.869328,-4.008164,29.793802,-29.624022,24.010647,-33.452040,86.387710,-30.150097,-1.910981,26.598972,-21.177760,-15.837542,37.512794,50.260550,14.584463,-1.179501,-39.839370
473.000000,-1.461648,-12.313742,53.742572,8.997868,35.642836,45.820717,-100.657524,13.647581,-18.601389,110.251320,-23.172112,-9.391983,-95.830284,-18.315170,22.774641,108.763664,-27.800648,13.529109,-1.917081,-3.972222,29.793802,-29.655758,23.952822,-33.684530,86.563614,-29.987140,-1.979393,26.577310,-21.194712,-15.940614,37.552250,50.578312,14.574494,-1.192847,-40.140740
474.000000,-1.479497,-12.385786,53.733262,9.056692,35.496380,45.888174,-100.670980,13.786695,-18.533281,110.272644,-23.241905,-9.291429,-95.750250,-18.199574,22.853354,108.852350,-27.840120,13.639265,-1.899129,-3.911895,29.793802,-29.648726,23.890625,-33.627743,86.578320,-29.710820,-1.872037,26.498590,-21.064621,-16.034290,37.432560,50.837334,14.118853,-1.304369,-40.053610
475.000000,-1.507233,-12.460162,53.781119,9.071030,35.436314,46.000664,-100.657170,13.669689,-18.561666,110.147270,-23.195710,-9.315815,-95.678566,-18.213364,22.774788,108.792850,-27.804535,13.659047,-1.852957,-3.860874,29.793802,-29.764900,23.830065,-33.654465,86.699486,-29.825764,-1.950666,26.351547,-21.049524,-16.131952,37.385822,51.179573,14.584543,-1.261359,-40.494250
476.000000,-1.546443,-12.542635,53.775835,9.109551,35.220621,46.095593,-100.611900,13.641891,-18.559647,110.153020,-23.160830,-9.389595,-95.579940,-18.143661,22.834550,108.912926,-27.724466,13.747991,-1.859743,-3.839669,29.793802,-29.800247,23.781952,-33.646862,86.824860,-29.583720,-1.815980,26.366335,-20.959690,-16.223001,37.282047,51.383410,14.310861,-1.252347,-40.558075
477.000000,-1.590017,-12.628451,53.715862,9.310524,35.138550,46.288765,-100.666275,13.569194,-18.461731,110.188710,-23.152271,-9.472034,-95.648890,-17.974745,23.126476,109.117640,-27.806213,14.000350,-1.926465,-3.866964,29.793802,-29.741665,23.741573,-33.739190,86.810005,-29.412884,-1.960996,26.485487,-20.801607,-16.344784,37.293430,51.293090,14.103012,-1.341800,-41.681362
478.000000,-1.644225,-12.717130,53.658389,9.122514,34.858476,45.983635,-100.597330,13.757054,-18.668093,110.403600,-23.233229,-9.464561,-95.517730,-17.849182,22.979242,109.197110,-27.875391,14.084891,-1.943330,-3.787037,29.793802,-29.536707,23.695808,-33.741386,87.111120,-29.231604,-1.851976,26.389889,-20.742550,-16.442207,37.184320,51.124535,13.936605,-1.498911,-41.398434
479.000000,-1.693626,-12.805592,53.640872,9.175010,34.752561,46.013127,-100.794930,14.142429,-18.526657,110.512436,-23.224981,-9.180983,-95.498634,-17.589787,23.124697,109.300385,-27.799800,14.342726,-1.934317,-3.760881,29.793802,-29.582996,23.676884,-33.422318,87.216750,-29.074348,-1.724296,26.574482,-20.659561,-16.567198,36.768840,51.107475,14.899528,-1.573993,-41.471170
480.000000,-1.742338,-12.887363,53.656365,9.146724,34.618730,46.024079,-100.828780,14.150044,-18.569466,110.519150,-23.310034,-9.209692,-95.447350,-17.579231,23.065542,109.301770,-27.715574,14.322455,-1.980425,-3.789909,29.793802,-29.529812,23.676117,-33.469955,87.323230,-29.019651,-1.759946,26.621012,-20.604572,-16.673729,36.599810,51.153286,15.188407,-1.686459,-41.115467
481.000000,-1.783854,-12.964244,53.593376,9.343944,34.462205,46.307481,-100.821700,14.018213,-18.447802,110.493930,-23.312900,-9.410345,-95.486400,-17.645596,23.281395,109.507610,-27.859896,14.352189,-2.094239,-3.900227,29.793802,-29.478514,23.685953,-33.546750,87.320660,-28.536545,-1.799528,26.548512,-20.454617,-16.838573,36.736366,50.982180,14.060334,-1.933286,-41.628204
482.000000,-1.816466,-13.032765,53.654606,9.526556,34.450064,46.448018,-100.811714,14.054040,-18.228483,110.335236,-23.392738,-9.386150,-95.519240,-17.581882,23.431763,109.438470,-27.765265,14.445428,-2.161745,-4.002063,29.793802,-29.458899,23.706852,-33.411130,87.323380,-28.214657,-1.865273,26.545458,-20.385664,-17.012888,36.467342,50.747025,13.917754,-2.036708,-41.927500
483.000000,-1.847952,-13.090862,53.655864,9.572459,34.343513,46.483315,-100.752330,13.976191,-18.226515,110.311190,-23.516521,-9.469476,-95.455470,-17.489027,23.495745,109.443740,-27.836159,14.514214,-2.208376,-4.063725,29.793802,-29.313568,23.726068,-33.376810,87.372010,-27.995249,-1.890947,26.417389,-20.276370,-17.189161,36.327362,50.370583,13.147455,-2.287561,-42.232560
484.000000,-1.877755,-13.138898,53.653788,9.570704,34.328852,46.277536,-100.779236,14.255461,-18.180262,110.394070,-23.592964,-9.321512,-95.551670,-17.384678,23.496400,109.419990,-27.745690,14.623791,-2.291669,-4.129473,29.793802,-29.070940,23.754318,-33.152702,87.564100,-27.709953,-1.965133,26.440010,-20.217833,-17.380253,36.010280,49.740910,13.037480,-2.614911,-42.284310
485.000000,-1.915003,-13.174929,53.609772,9.469115,34.197562,46.181635,-100.776310,14.377040,-18.262703,110.487220,-23.665823,-9.319820,-95.441070,-17.253832,23.459658,109.453316,-27.880789,14.787343,-2.393964,-4.166920,29.793802,-28.830560,23.799960,-33.016438,87.737816,-27.618765,-1.905243,26.355473,-20.185339,-17.598633,35.764446,49.249928,12.953059,-2.965043,-41.715470
486.000000,-1.955096,-13.198477,53.682896,9.698018,34.230837,46.234780,-100.512310,14.096043,-18.059288,110.237900,-23.880210,-9.596528,-95.495960,-17.279182,23.645440,109.242140,-27.941166,14.884007,-2.519889,-4.336451,29.793802,-28.640846,23.842459,-32.845375,87.696400,-27.476303,-2.149953,26.056587,-20.233387,-17.888350,35.644580,48.661613,12.340814,-3.249938,-42.690350
487.000000,-2.005010,-13.216209,53.691204,9.787948,34.120673,46.178775,-100.431960,14.182607,-17.925160,110.314430,-24.064663,-9.575327,-95.417810,-17.133913,23.779108,109.190770,-28.092989,15.000033,-2.678145,-4.502888,29.793802,-28.346468,23.902338,-32.619602,87.884990,-27.237877,-2.150266,25.784103,-20.291088,-18.217907,35.264980,47.952473,11.867121,-3.428318,-43.049010
488.000000,-2.069355,-13.218379,53.661182,9.524287,33.911922,45.857842,-100.376030,14.611275,-18.002590,110.495285,-24.301760,-9.344224,-95.254930,-17.077670,23.573170,109.146330,-28.115648,15.000033,-2.700971,-4.496060,29.793802,-28.037020,23.978296,-32.329533,88.135994,-27.073973,-2.123064,25.752550,-20.312084,-18.575289,34.738457,47.231310,11.703008,-3.843810,-42.518880
489.000000,-2.135702,-13.209799,53.709780,9.488648,33.728071,45.766696,-100.124330,14.631433,-17.914541,110.434550,-24.447037,-9.524368,-95.047560,-17.113878,23.509102,108.945930,-28.265043,15.000033,-2.798393,-4.564990,29.793802,-27.822058,24.070730,-32.152325,88.276060,-26.818900,-2.028897,25.230864,-20.536594,-19.027641,34.421900,46.418213,10.273905,-4.129684,-43.043580
490.000000,-2.203170,-13.184036,53.624803,9.258552,33.522465,45.496391,-100.035340,14.951642,-18.020569,110.667340,-24.727543,-9.500001,-94.878980,-17.025360,23.375782,108.983490,-28.527824,15.000033,-2.843551,-4.561708,29.793802,-27.527643,24.222506,-31.919436,88.627050,-26.785349,-2.062666,24.944004,-20.696117,-19.591993,34.055230,45.236584,9.348314,-4.575538,-43.240830
491.000000,-2.258017,-13.133102,53.748143,9.090195,33.646730,45.339383,-99.963840,15.200542,-17.929186,110.461940,-24.772890,-9.312510,-94.769390,-17.034529,23.105658,108.552640,-28.494404,15.000033,-2.931218,-4.640557,29.793802,-27.402330,24.470959,-31.831644,89.040840,-26.464657,-2.311635,24.771725,-21.071283,-20.307930,33.698750,44.048946,8.781831,-5.191640,-44.005207
492.000000,-2.300323,-13.062085,53.743280,8.873954,33.441119,44.901944,-99.772156,15.719956,-17.889914,110.703910,-25.079367,-9.147552,-94.579210,-17.013897,22.968168,108.429380,-28.513254,15.000033,-3.042227,-4.713354,29.793802,-27.070608,24.790250,-31.678963,89.662230,-26.028173,-2.101853,24.521027,-21.412720,-21.146671,33.370490,42.739450,7.707383,-5.586338,-43.623222
493.000000,-2.309006,-12.944891,53.850525,8.832525,33.246650,44.788942,-99.287246,16.139359,-17.521892,110.540544,-25.272134,-8.931222,-94.227286,-17.251010,22.916651,108.134746,-28.512824,15.000033,-3.223474,-4.805631,29.793802,-26.876503,25.315083,-31.609649,90.480594,-25.360283,-1.826660,23.649517,-22.026944,-22.317871,32.990808,41.172522,5.964055,-6.129928,-43.729136
494.000000,-2.241472,-12.780621,53.950299,8.832127,33.005303,44.596066,-98.742458,16.673492,-17.169141,110.578854,-25.555146,-8.733156,-93.719791,-17.334330,22.935276,107.931264,-28.701135,15.000033,-3.344364,-4.907248,29.793802,-26.601897,26.247456,-31.450582,91.740448,-24.755654,-1.825959,23.281600,-22.705616,-23.978499,31.984008,38.758533,4.112523,-6.531218,-44.087071
495.000000,-2.041985,-12.546463,54.221353,8.600723,32.867482,43.666598,-97.999828,17.918775,-16.837631,110.689345,-26.174867,-8.250191,-93.095818,-17.407446,22.452051,107.274080,-28.678633,15.000033,-3.381349,-4.920288,29.793802,-26.054913,27.637420,-30.978136,93.346881,-24.827871,-1.753811,23.284763,-23.422558,-26.350323,30.650640,35.090529,1.983292,-7.207832,-44.115615
496.000000,-1.623705,-12.191495,54.591223,8.599340,33.094052,42.910588,-96.949694,19.209822,-16.157401,110.338898,-26.928209,-7.877938,-92.475240,-17.594623,22.091500,106.428917,-28.842574,15.000033,-3.553676,-5.024839,29.793802,-25.353391,29.681063,-30.125046,95.659371,-25.388289,-1.536798,22.939547,-24.408423,-29.818568,29.230190,30.465903,-0.629770,-8.155095,-44.324804
497.000000,-0.849636,-11.664559,55.101988,8.596151,33.404068,42.136638,-95.676856,21.026756,-15.337505,109.969344,-27.763755,-7.382120,-91.327980,-17.831601,21.452086,105.429961,-29.336613,15.000033,-4.071749,-5.191428,29.793802,-23.385879,32.631537,-28.970516,98.298609,-26.005864,-1.053976,22.730610,-26.919309,-34.808068,27.463651,26.956660,-2.185626,-8.702033,-44.514772
498.000000,0.358837,-10.841099,56.124214,10.152472,34.999472,43.106276,-94.744526,22.846728,-12.441929,108.462569,-28.540676,-6.079098,-90.240151,-18.142446,22.076882,103.438545,-30.402100,15.000033,-5.135067,-5.371227,29.793802,-19.455898,36.658409,-26.985388,100.000554,-26.036767,-0.762616,22.710375,-31.774101,-41.746742,25.522151,22.493145,-2.840511,-10.581830,-45.118376
499.000000,1.909804,-9.573279,56.532024,11.082834,37.870975,44.025969,-94.717856,24.495422,-10.813808,107.545394,-28.707739,-5.859368,-90.237963,-18.390306,22.215379,102.606747,-31.244305,15.000033,-6.401454,-5.469312,29.793802,-12.246385,41.335964,-22.882884,100.628499,-26.097383,0.696055,22.610927,-35.839225,-50.392247,21.861603,21.121515,-0.028195,-9.708356,-47.750184
500.000000,3.424899,-7.911016,56.257237,11.279530,40.473103,45.571364,-95.414931,25.393363,-10.491770,107.661370,-28.368858,-6.283248,-89.847867,-19.505173,21.886195,102.760480,-32.753310,15.000033,-8.127384,-5.486684,29.793802,-0.199674,45.487091,-15.390181,97.613854,-25.584703,3.264411,22.559768,-41.562846,-60.839988,19.253499,23.668623,4.625970,-9.078481,-50.467674
501.000000,4.655801,-6.078155,55.982703,12.773535,43.585796,49.687558,-97.431278,25.169588,-9.525615,107.624724,-26.952294,-6.504557,-89.754851,-21.796115,22.068984,102.801230,-33.704209,15.000033,-9.189434,-5.071586,29.793802,14.081228,47.206804,-6.852452,92.724090,-28.334879,6.730097,22.115875,-44.998978,-71.782481,15.755010,29.262888,12.676993,-7.180991,-50.541684
502.000000,5.464632,-4.256874,55.225694,13.909344,45.722227,54.325667,-99.289947,23.111901,-9.797799,108.005141,-25.561720,-8.175808,-89.155727,-24.604551,21.806363,103.609418,-34.884506,15.000033,-7.488560,-2.302064,29.793802,22.904004,46.226843,-3.498278,89.569436,-31.174064,9.868480,23.195697,-42.291568,-81.719131,10.290284,36.102910,22.663880,-6.144446,-51.194467
503.000000,5.899405,-2.531092,55.116960,15.693384,47.146325,59.049566,-99.716084,19.281681,-9.474672,107.089446,-23.103504,-9.992982,-87.785802,-27.724647,21.440866,102.533616,-35.924203,15.000033,-5.396771,1.175374,29.793802,30.703285,43.903766,-2.971569,86.908716,-30.044093,12.116589,23.505986,-39.061984,-90.018121,5.979420,44.039135,32.254022,-7.090229,-53.284765
504.000000,6.103301,-0.832693,55.442521,18.056738,47.645419,64.019925,-99.298836,14.767391,-8.612698,105.642491,-20.708637,-10.608718,-85.878072,-31.535262,21.083497,100.479271,-36.173948,15.000033,-3.279646,3.847717,29.793802,39.668369,41.035378,-2.952262,85.419952,-33.443064,13.278445,22.474435,-35.550958,-93.759720,5.357349,54.783805,44.135051,-10.688715,-55.540117
505.000000,6.248533,0.978685,55.974337,21.041667,47.497393,69.728528,-97.653924,8.678730,-7.624138,102.465754,-18.571135,-11.185786,-83.303219,-37.021884,19.712904,97.177023,-37.390018,15.000033,0.445314,8.811921,29.793802,46.222717,38.067839,-5.166274,85.674638,-36.200950,13.534697,21.459787,-27.026566,-94.050758,8.030075,71.840884,58.004034,-14.343043,-56.107203
506.000000,6.453290,2.942407,57.112477,23.830265,48.179619,76.195157,-95.793355,2.054858,-7.699893,96.498537,-16.453633,-13.083786,-79.230607,-41.200952,15.729391,92.053611,-38.948179,13.870044,5.569206,18.896328,29.793802,47.231102,35.813275,-13.923959,87.064087,-38.709138,13.361682,19.636437,-6.065740,-90.632540,10.291270,93.046600,73.015739,-11.258656,-44.140719
507.000000,6.619057,4.976744,58.232603,26.746281,48.956413,83.411558,-93.927433,-3.584151,-8.202386,89.309127,-13.678314,-14.254432,-74.470422,-44.907971,10.060640,87.261984,-39.693228,12.451870,10.047296,26.561149,29.793802,48.110195,32.574085,-21.853281,86.949490,-41.723591,13.110113,19.191757,22.340384,-81.588434,8.488385,97.468994,77.517146,-2.858465,-19.429091
508.000000,6.544923,6.888586,58.902822,28.671262,48.563348,90.907574,-91.584273,-9.080453,-9.767565,82.193637,-11.561975,-15.000033,-67.598144,-47.348945,3.089829,83.856813,-41.494336,13.202579,14.618314,29.793802,29.793802,53.184391,31.828783,-22.784173,84.458602,-40.491663,11.118754,18.516207,33.041924,-75.374614,8.709517,95.950779,72.780609,1.376245,-5.183249
509.000000,6.172549,8.424294,60.351418,29.894938,47.062835,98.079711,-89.071296,-13.674435,-11.433587,76.036406,-9.496474,-15.000033,-61.616072,-48.813898,-2.459833,83.729229,-42.329348,13.647198,17.847937,29.793802,29.793802,60.450830,31.854142,-21.060124,77.381221,-39.809715,10.867385,18.588974,27.217096,-73.132391,14.234843,95.300908,66.625199,4.060389,-1.827050
510.000000,5.603085,9.332176,62.350721,29.094646,44.803081,102.514243,-85.889421,-16.045533,-12.524207,70.487978,-6.744141,-15.000033,-53.474201,-47.564734,-7.471482,81.119572,-42.357453,14.215912,20.514279,29.793802,29.793802,66.386449,30.978938,-20.393446,67.639290,-36.686946,9.277452,19.735389,13.303792,-73.628152,23.100531,96.170251,57.522724,-1.307281,-0.255388
511.000000,4.945564,9.395246,64.044409,29.322024,42.423608,108.356217,-83.207013,-19.653902,-14.581593,64.355113,-3.387705,-15.000033,-43.753345,-48.482299,-15.430451,77.535997,-43.200029,15.000033,22.769857,29.793802,29.793802,66.856625,28.059386,-21.407466,62.041741,-36.716462,7.432886,20.150769,-5.617895,-74.300293,31.374091,96.116256,51.119539,-5.576210,-0.067977
512.000000,4.168389,8.431875,64.406991,28.581140,37.437845,112.582723,-80.187464,-23.806761,-16.095729,61.605247,-3.346146,-15.000033,-35.032045,-46.695375,-17.747135,76.688286,-43.660775,15.000033,25.994848,29.793802,29.793802,59.898095,24.936558,-24.658983,61.290244,-33.058378,4.716416,20.866819,-20.441559,-73.891909,40.142881,92.663761,44.763531,-8.386144,1.192536
513.000000,3.110048,6.558177,64.410709,26.769937,32.612872,115.152274,-77.837689,-27.041951,-17.532655,60.030766,-3.252479,-15.000033,-27.222339,-47.491127,-22.166816,76.850962,-42.624916,15.000033,28.850428,29.793802,29.793802,52.229461,22.492465,-28.300787,63.525348,-28.275968,3.585560,20.491205,-33.881885,-71.833001,47.427427,87.763721,42.154692,-9.338725,0.923096
514.000000,1.647500,4.181232,64.233599,23.011181,27.031503,114.793206,-75.009523,-29.224500,-18.530645,61.487318,-3.373550,-15.000033,-19.671893,-49.570614,-26.790236,78.677992,-40.976712,15.000033,31.880274,29.793802,29.793802,44.684185,20.917653,-30.694332,64.051147,-26.021294,2.658873,20.992772,-46.943646,-69.062288,53.460736,82.833266,36.090104,-8.043923,0.862497
515.000000,0.040942,1.885645,64.107172,18.594697,22.554636,114.680320,-72.688597,-30.000067,-19.838243,62.991783,-3.016150,-15.000033,-12.890943,-49.346185,-31.442417,78.640463,-39.716388,15.000033,34.721363,29.793802,29.793802,38.102044,19.809447,-32.715687,63.690070,-22.791706,0.904065,19.636743,-60.579675,-65.896337,57.482414,77.574913,30.688380,-7.146001,1.116726
516.000000,-1.488433,0.241347,64.372539,14.306652,18.197627,113.882005,-69.143015,-30.000067,-21.155911,64.412559,-2.760351,-15.000033,-5.741972,-46.888003,-35.304492,74.561440,-37.675364,15.000033,37.287693,29.793802,29.793802,31.951747,18.403377,-36.825126,63.407037,-20.350982,0.276983,16.499006,-73.386159,-62.309967,59.237359,69.946008,31.573516,-8.483818,1.116379
517.000000,-2.703537,-0.387191,64.951254,10.709520,14.312274,114.325853,-65.285696,-30.000067,-22.716327,65.966123,-4.092416,-15.000033,1.620789,-41.774262,-37.959095,67.213526,-34.716614,15.000033,38.857820,28.747984,29.793802,27.505691,17.336324,-38.799853,63.089053,-17.434867,-0.872614,14.590870,-88.126974,-57.983603,57.433099,60.361474,39.973724,-13.680324,-0.291239
518.000000,-3.559349,0.176551,66.228173,8.449747,12.422335,115.424140,-61.616248,-30.000067,-24.691466,65.852231,-4.485645,-15.000033,6.744076,-37.335621,-39.622195,59.909858,-31.522830,15.000033,38.930101,24.022905,29.793802,25.776472,17.230192,-35.548720,63.729269,-17.306653,-3.064474,14.916071,-101.520487,-52.883757,54.445318,53.698874,45.718059,-15.395422,-1.997909
519.000000,-4.029855,1.871032,67.320988,7.377018,10.522605,117.359914,-56.074434,-30.000067,-26.906732,63.888547,-4.837664,-15.000033,12.516504,-33.338029,-41.307312,52.635471,-27.481798,15.000033,37.812186,18.625772,29.793802,26.847291,18.226769,-31.797642,63.442910,-17.999153,-5.090990,15.872604,-114.755135,-47.882924,51.882289,50.753471,49.222298,-14.669392,-4.241375
520.000000,-4.149551,4.559506,68.994171,6.925234,8.470794,120.444156,-49.272145,-30.000067,-30.205556,61.160247,-5.456368,-15.000033,18.776749,-28.868489,-43.259340,44.873547,-22.584892,14.733188,35.705031,13.270250,28.901111,30.296761,19.708778,-26.465355,61.598718,-19.576487,-5.852200,15.535671,-127.916803,-44.086879,50.335173,50.662826,51.487960,-15.390947,-6.663503
521.000000,-4.090156,7.698677,70.746250,7.139345,7.790587,123.707912,-43.264697,-30.000067,-34.103173,57.578525,-5.917218,-15.000033,23.779052,-24.219512,-44.900069,37.350681,-16.335611,13.243483,34.428020,9.418004,24.914493,33.357025,20.998625,-22.941585,61.160879,-18.887463,-6.008221,14.967639,-137.611362,-42.231665,49.542288,52.185505,53.033124,-16.990543,-8.901095
522.000000,-4.024428,10.716793,72.433238,7.338190,7.486171,126.207380,-37.185472,-30.000067,-39.335382,53.853799,-6.025926,-15.000033,27.092108,-20.761725,-44.817507,32.682155,-10.783104,11.660321,33.373506,6.258501,21.353531,35.303178,22.004674,-20.325717,61.406720,-17.882313,-5.524574,13.445768,-145.017055,-42.165339,50.156905,53.675367,54.442431,-19.351795,-9.829026
523.000000,-4.021871,13.234917,73.776549,7.753962,6.306082,128.216489,-30.937447,-30.000067,-43.655285,50.086774,-6.278327,-15.000033,30.122187,-18.415407,-45.897799,29.609612,-5.892991,10.343071,33.091829,3.865326,17.454547,38.664744,22.769745,-17.254861,59.987869,-14.560415,-6.430187,13.418598,-149.819759,-43.178614,49.965165,52.472230,54.041479,-21.108728,-10.636300
524.000000,-4.028069,15.242152,74.883427,7.703203,5.124815,129.397667,-26.205009,-29.166121,-46.694799,47.551231,-5.459157,-15.000033,31.977278,-15.958120,-44.710528,26.612508,-1.577712,9.790955,32.428309,1.979812,14.369861,41.038974,23.387766,-15.559047,59.208455,-11.313873,-6.469886,12.690373,-152.448056,-44.611986,50.303659,51.132963,53.909909,-22.265398,-11.430847
525.000000,-4.051524,16.793397,75.831632,7.375260,4.261792,130.211729,-22.485654,-27.411753,-48.760313,44.587626,-4.779897,-15.000033,33.155196,-14.481996,-44.215975,25.235991,3.227861,9.127029,32.024785,0.640956,11.893398,42.891911,23.909329,-14.249230,58.037151,-8.085152,-5.731435,11.813320,-153.730522,-46.104519,50.015326,49.377670,52.702132,-23.034005,-12.256798
526.000000,-4.055305,17.963928,76.572336,7.457371,3.639892,130.699114,-19.821212,-25.946043,-49.889221,41.771246,-3.480595,-15.000033,33.780410,-13.275126,-43.291171,24.159061,6.451999,8.500147,31.194387,-0.561433,9.737998,44.398709,24.318578,-12.703239,57.322185,-7.014886,-5.946471,11.434480,-154.486473,-47.525509,49.649418,47.348887,51.531762,-23.640524,-12.993914
527.000000,-4.069743,18.869085,77.257859,7.495392,3.089352,131.285738,-17.728441,-24.451971,-50.343535,38.993627,-1.782785,-15.000033,34.068107,-12.093982,-41.780401,23.113307,9.610097,8.630384,30.682162,-1.723778,7.991270,46.113114,24.545729,-11.819345,56.667306,-6.105950,-6.280556,11.260078,-154.784160,-48.756231,49.025069,45.015691,50.272419,-24.154497,-13.431059
528.000000,-4.070799,19.619225,77.876371,7.229819,2.638179,131.963395,-16.193331,-22.730562,-50.461022,36.598057,0.006568,-15.000033,34.281253,-10.699970,-40.181587,21.808382,12.359649,9.143305,30.143949,-2.749281,6.223378,46.861189,24.530485,-11.432566,56.521315,-5.348809,-6.073177,10.773329,-155.094819,-49.988404,48.358236,41.994026,48.625601,-25.714338,-13.897975
529.000000,-4.070891,20.238456,78.347591,7.015767,2.173490,132.521563,-14.799714,-21.422028,-50.678560,34.664115,1.374938,-15.000033,35.033375,-9.452825,-39.348512,19.869634,13.576599,9.867500,30.003030,-3.675033,4.498635,47.443315,24.084595,-12.084804,56.955093,-4.359109,-5.992236,10.299993,-155.241944,-51.125646,47.171793,37.748657,46.262652,-26.900781,-14.676504
530.000000,-4.061994,20.745743,78.717951,7.263895,1.715661,132.648764,-13.055368,-20.877774,-51.652085,32.655131,2.487320,-15.000033,35.719199,-8.935345,-39.030489,18.684768,15.081483,10.529500,29.942601,-4.769871,3.181973,47.992868,23.466582,-12.435249,57.617586,-4.159390,-5.282655,9.614711,-155.258510,-52.088327,45.925127,33.786815,44.279795,-28.611968,-15.506943
531.000000,-4.048526,21.123881,79.076552,6.741494,0.739949,133.241943,-10.944829,-20.120327,-53.365347,31.414302,2.967785,-15.000033,36.832686,-8.361021,-39.954175,17.857155,15.532563,11.159074,29.738920,-5.754173,2.261602,47.729711,23.041937,-12.754421,57.482195,-4.601184,-5.651494,9.648998,-154.911668,-52.721464,45.206498,30.037901,41.585730,-30.387490,-17.711875
532.000000,-3.975321,21.427064,79.479456,6.761500,0.740390,133.455815,-11.433592,-17.972106,-49.862786,29.222735,5.785008,-15.000033,36.057317,-7.571377,-37.048944,17.140026,19.044558,11.618999,28.449313,-6.413087,0.533356,48.472949,22.306315,-11.939420,57.714712,-5.371589,-6.908426,10.190860,-155.051756,-53.276221,44.474546,25.852747,39.348075,-31.490419,-16.744475
533.000000,-3.891750,21.659340,79.520402,6.950527,0.247138,133.438029,-10.553735,-17.725515,-49.901289,28.548663,5.936956,-15.000033,36.514940,-7.701878,-37.170626,17.199934,19.021955,11.726763,28.293913,-7.095609,-0.222545,48.112612,21.589461,-12.353025,58.286969,-5.117174,-6.508169,9.848700,-154.803280,-53.633979,42.614577,21.793716,37.766869,-33.132578,-17.128186
534.000000,-3.793424,21.836278,79.555582,6.583494,-0.333125,133.333113,-8.902696,-17.958875,-52.776380,28.555865,4.807384,-15.000033,37.842993,-7.546266,-38.980154,16.410408,18.101309,11.821114,28.626381,-7.797316,-0.892630,48.182873,21.242638,-13.048381,58.320352,-5.414524,-5.875647,9.002727,-154.313247,-53.636579,41.170904,18.939383,36.250520,-35.051822,-18.123435
535.000000,-3.618087,21.965604,79.512613,7.310123,-0.477141,133.326324,-9.493857,-17.207784,-49.508424,27.489641,6.237061,-15.000033,37.173122,-7.683292,-36.795241,17.038375,18.393274,11.917451,27.907459,-8.099464,-1.769182,47.852588,20.494454,-13.316590,58.628677,-4.795628,-5.646553,9.214740,-154.448396,-53.862994,40.698687,16.057229,36.532575,-35.906401,-17.498557
536.000000,-3.449159,22.016858,79.289540,6.573548,-1.333478,133.028547,-8.619351,-16.789392,-50.233408,28.608060,3.865078,-15.000033,37.320655,-7.610513,-36.731813,18.851910,16.977044,11.827924,27.897748,-8.462246,-2.788172,49.489032,19.803843,-13.388360,57.073917,-4.989935,-5.515218,7.753404,-154.736758,-54.570608,40.520292,13.978183,34.872050,-38.770617,-21.391889
537.000000,-3.279009,22.084910,79.597741,7.655967,-1.224580,132.613656,-8.690698,-16.767175,-48.381247,27.008452,7.273599,-15.000033,36.340715,-8.425503,-34.581142,19.441438,19.648130,12.822749,27.320693,-9.657219,-2.585978,45.997099,19.234245,-14.362438,60.434663,-6.180831,-5.446529,8.262250,-153.697522,-54.300721,39.972797,10.719918,35.030244,-37.927593,-15.326125
538.000000,-3.130236,22.093056,79.656532,8.053800,-1.487620,131.987169,-7.960224,-16.728474,-48.341890,26.048186,7.789824,-15.000033,36.370111,-9.280028,-34.821397,20.213203,19.759220,12.612410,27.125336,-9.997271,-2.963831,45.003124,18.782192,-14.943137,61.512293,-7.148104,-5.076086,7.980683,-153.488488,-53.982187,40.087090,8.486960,34.729528,-38.417585,-14.063499
539.000000,-3.018689,22.044915,79.691299,8.108797,-1.733269,131.748672,-7.627000,-16.624488,-48.310529,25.777892,8.079206,-15.000033,36.266983,-9.378715,-34.455236,20.683661,20.075904,12.662760,27.092879,-10.197213,-3.210638,44.222995,18.561580,-15.841830,62.134671,-6.919150,-4.893265,8.011201,-153.214018,-53.547680,39.711625,7.498903,34.448792,-38.681009,-14.073075
540.000000,-2.965288,21.950824,79.726112,8.073748,-1.696050,131.313849,-7.503415,-16.501978,-48.407860,25.508373,8.097622,-15.000033,36.034292,-9.619723,-34.308246,20.962261,19.490158,12.546769,27.298668,-10.277060,-3.297942,43.511840,18.283304,-16.322198,62.663200,-6.898404,-4.515729,7.876951,-152.914042,-53.064867,39.706474,6.565977,34.650863,-38.843057,-13.358974
541.000000,-2.971708,21.802593,79.746740,8.068164,-1.941741,131.057463,-7.274788,-16.472398,-48.163254,25.424057,8.174088,-15.000033,36.073741,-9.807480,-34.081419,21.285824,18.956522,12.445674,27.330861,-10.298341,-3.298186,42.733988,17.981205,-17.142425,63.165204,-6.391190,-4.299963,7.747628,-152.677973,-52.596992,39.790414,6.266808,34.380843,-39.081660,-13.162377
542.000000,-3.044568,21.619021,79.873081,8.118713,-1.943103,130.710925,-7.009130,-16.515943,-48.241689,24.844164,8.703757,-15.000033,35.739502,-10.376661,-34.019961,22.006806,18.647820,12.189307,27.356367,-10.251790,-3.299297,41.902989,17.647928,-17.943171,63.858653,-5.894464,-4.109241,7.544364,-152.564696,-52.170457,40.248098,5.698192,33.931475,-39.560578,-13.176464
543.000000,-3.149781,21.398756,79.966537,7.880473,-2.041046,130.335803,-6.791366,-16.350879,-48.292852,24.617101,8.739481,-15.000033,35.614460,-10.505686,-33.780537,22.199653,18.210190,12.149220,27.350939,-10.240305,-3.408664,41.086704,17.315019,-18.616818,64.622355,-5.484391,-3.939353,7.451246,-152.389654,-51.751724,40.556481,5.054813,33.355195,-40.108836,-13.838614
544.000000,-3.283860,21.163263,80.031014,7.641356,-2.016165,129.934164,-6.817692,-16.273642,-48.207106,24.684394,8.645423,-15.000033,35.498405,-10.642541,-33.601470,22.189499,17.579862,12.179115,27.434617,-10.085281,-3.402993,40.589106,17.122380,-18.981764,64.761350,-5.119624,-4.101625,7.623232,-152.211417,-51.300596,40.698029,5.289235,33.741856,-39.874871,-13.830286
545.000000,-3.422411,20.925037,79.995073,7.445387,-2.007221,130.067088,-7.055135,-16.178896,-47.907017,24.682132,8.282623,-15.000033,35.817115,-10.506752,-34.095828,21.508328,16.070182,11.784952,27.537003,-9.692333,-3.316847,39.904579,17.067826,-19.643751,65.047112,-4.259192,-4.101212,7.201731,-152.059494,-50.791440,40.123425,5.488452,34.328216,-39.341275,-12.753071
546.000000,-3.545122,20.687559,79.912341,7.115142,-2.017997,130.215447,-7.464999,-16.113822,-47.686332,25.233980,7.628265,-15.000033,36.087985,-10.144157,-34.357970,20.778724,15.058462,11.539916,27.568132,-9.391151,-3.374715,39.389009,17.049930,-20.398618,65.172562,-3.616566,-3.980864,6.592863,-151.782565,-50.294369,39.525834,5.591599,34.318864,-39.226224,-12.031765
547.000000,-3.660740,20.466847,79.878901,7.043735,-1.919001,130.022290,-7.792638,-16.141090,-47.237536,25.422267,7.408886,-15.000033,36.066199,-10.222462,-34.200013,20.429535,14.279149,11.310924,27.644844,-9.113702,-3.341474,39.158937,16.967466,-21.145185,65.185236,-3.086055,-4.079761,6.303547,-151.612914,-49.807232,39.174514,5.547858,34.062626,-39.251207,-11.599250
548.000000,-3.754058,20.256971,79.846027,6.920586,-1.940946,130.101770,-8.002508,-16.103390,-46.941105,25.470311,7.217693,-15.000033,36.128071,-10.191948,-34.319294,20.253213,13.677802,11.142889,27.578668,-8.827988,-3.273503,38.891421,16.875803,-21.924354,65.090877,-2.262599,-4.043155,5.837768,-151.693720,-49.466095,38.864634,5.710764,33.832701,-39.201578,-11.548127
549.000000,-3.838142,20.068380,79.896876,6.843567,-1.891116,129.996336,-7.997198,-16.072581,-46.933225,25.154506,7.341185,-15.000033,35.915213,-10.401625,-34.268010,20.506363,13.490954,10.878003,27.677303,-8.635606,-3.161666,38.603653,16.789620,-22.512508,65.149215,-1.612052,-3.867412,5.447886,-151.664656,-49.157821,38.375358,5.709318,34.104000,-39.193563,-10.566096
550.000000,-3.912770,19.900463,79.984671,6.792167,-1.907840,129.723651,-7.799556,-16.166674,-47.183707,24.918098,7.577003,-15.000033,35.747788,-10.715389,-34.145318,20.812660,13.523277,10.942391,27.829174,-8.529892,-2.938924,38.440423,16.691660,-22.950427,65.117572,-1.139065,-3.735348,5.386336,-151.592704,-48.854659,37.607486,5.932606,34.738486,-38.882663,-9.841241
551.000000,-3.974325,19.755338,80.015967,6.902270,-1.998872,129.636738,-7.627135,-16.239174,-47.046690,24.504119,7.829003,-15.000033,35.624986,-11.099381,-34.012817,21.282444,13.376703,10.745062,27.841890,-8.429080,-2.841654,38.205628,16.593506,-23.777964,65.274829,-0.757233,-3.692324,4.996164,-151.449394,-48.570318,37.328614,6.176752,34.682355,-39.008233,-9.362251
552.000000,-4.036941,19.636114,80.047255,6.969534,-2.083787,129.529462,-7.447418,-16.319789,-47.022576,24.193251,8.004585,-15.000033,35.615498,-11.371992,-33.951420,21.467722,13.386558,10.693469,27.829230,-8.303925,-2.741577,38.012006,16.450600,-24.417513,65.539555,-0.447730,-3.627381,4.766085,-151.452337,-48.337227,37.153641,6.353744,34.903319,-38.906152,-9.336656
553.000000,-4.106289,19.544978,80.072166,6.952011,-1.968362,129.379912,-7.498938,-16.329380,-47.010578,24.023856,8.036834,-15.000033,35.485444,-11.608137,-34.057126,21.534775,12.957055,10.470827,27.781899,-8.138434,-2.722356,38.001777,16.251889,-24.620087,65.635336,-0.299957,-3.412142,4.497330,-151.586419,-48.162525,37.044522,6.347546,35.468724,-38.876474,-8.838593
554.000000,-4.179537,19.478497,80.080724,6.894218,-1.875525,129.216304,-7.529804,-16.288180,-46.991625,23.907340,7.906224,-15.000033,35.387971,-11.679759,-33.915321,21.445953,12.614605,10.380294,27.740415,-7.962427,-2.700794,37.778171,16.080024,-25.322765,65.976527,0.123585,-3.476645,4.475439,-151.535410,-47.966331,36.573938,6.308183,35.642831,-38.795853,-8.394646
555.000000,-4.256859,19.436019,80.120543,6.768449,-1.691664,128.939678,-7.620569,-16.202436,-47.033162,23.893759,7.816690,-15.000033,35.052805,-11.758058,-33.547694,21.564015,12.570573,10.381235,27.626377,-7.850476,-2.794437,37.788403,15.894919,-25.856935,66.106245,0.251746,-3.634700,4.405841,-151.548470,-47.809984,36.189314,6.321591,35.567887,-38.877770,-8.272434
556.000000,-4.329424,19.412091,80.126211,6.741128,-1.699766,128.792394,-7.640354,-16.170867,-46.745518,23.970618,7.737454,-15.000033,34.904810,-11.920372,-33.302271,21.877091,12.406196,10.240156,27.576770,-7.734936,-2.733278,37.729836,15.760610,-26.253306,66.218276,0.358128,-3.985907,4.442969,-151.563944,-47.697412,35.878867,6.417857,35.821668,-38.911350,-7.908561
557.000000,-4.395047,19.412731,80.122329,6.774685,-1.463473,128.571525,-7.771472,-16.196107,-46.737112,23.882063,7.598316,-15.000033,34.679255,-12.082136,-33.139420,21.804714,12.472279,10.318263,27.546639,-7.686351,-2.784428,37.632943,15.633514,-26.652373,66.456645,0.519917,-4.080972,4.230360,-151.620625,-47.592813,35.795372,6.333016,36.335992,-38.990517,-7.101909
558.000000,-4.451535,19.419529,80.107292,6.823820,-1.419712,128.239938,-7.737372,-16.346885,-46.780960,24.073139,7.377901,-15.000033,34.423775,-12.248771,-32.452051,22.066149,12.697646,10.459008,27.526987,-7.653526,-2.794933,37.570344,15.503148,-27.195378,66.697065,0.646323,-4.164559,3.935651,-151.609168,-47.555761,35.836383,6.566088,36.723324,-39.245030,-6.320873
559.000000,-4.506392,19.433632,80.014823,7.138881,-1.559985,127.610615,-7.415434,-17.036324,-47.193014,24.619753,6.834913,-15.000033,34.368362,-12.907271,-31.753317,22.634831,12.571674,10.591647,27.780531,-7.660020,-2.695121,37.483487,15.417736,-27.731894,66.889840,0.964576,-3.833005,3.236739,-151.631288,-47.637894,36.466748,7.107235,37.631766,-39.048883,-4.592860
560.000000,-4.558853,19.447175,79.956187,7.125940,-1.400037,127.475325,-7.647984,-17.154513,-47.164511,24.982932,6.425800,-15.000033,34.152698,-13.004183,-31.572750,22.778675,12.302609,10.656568,27.659310,-7.650901,-2.750304,37.586196,15.333982,-27.862073,66.896804,1.127872,-3.914879,3.219634,-151.859839,-47.764955,36.556331,7.158981,37.662089,-39.390293,-4.337135
561.000000,-4.616295,19.459464,79.947060,7.057505,-1.207447,127.292865,-7.804243,-17.119018,-47.184565,25.074564,6.187546,-15.000033,33.903882,-13.074448,-31.420303,22.849564,12.078572,10.654393,27.518235,-7.658970,-2.830861,37.610967,15.178112,-27.980163,67.117514,1.344799,-4.065416,3.208350,-151.943256,-47.981149,36.452667,7.002832,37.739566,-39.543095,-4.086868
562.000000,-4.678842,19.467963,79.920433,7.008290,-1.120319,127.169647,-7.953134,-17.184724,-47.126992,25.394887,5.923924,-15.000033,33.819860,-13.138936,-31.358621,22.875694,11.779307,10.647229,27.330386,-7.711857,-2.850130,37.653968,15.043034,-28.179677,67.191676,1.646241,-4.214452,3.150628,-151.931208,-48.186707,36.228763,7.005067,37.732542,-39.544331,-3.882270
563.000000,-4.750000,19.474018,79.977800,6.904501,-1.056923,127.005897,-7.971465,-17.059563,-46.959970,25.398265,6.015998,-15.000033,33.645827,-13.077149,-30.939032,22.892058,11.688001,10.680942,27.321705,-7.690535,-2.862817,37.669324,14.924190,-28.147711,67.251174,1.707177,-4.457232,3.074485,-151.871847,-48.378054,35.859481,6.761232,38.014834,-39.392744,-3.248060
564.000000,-4.819104,19.480226,80.042715,6.916207,-1.011628,126.685476,-7.925068,-16.975008,-46.656349,25.291933,6.250533,-15.000033,33.424693,-13.322267,-30.609881,23.163144,11.954413,10.720831,27.174637,-7.760032,-2.867121,37.871698,14.736718,-28.201755,67.346065,1.931467,-4.474768,2.882583,-151.725024,-48.520716,35.814003,6.645724,37.970544,-39.552241,-2.803158
565.000000,-4.885943,19.486224,80.081037,6.949055,-0.977196,126.426355,-7.775466,-16.983718,-46.663123,25.105564,6.298778,-15.000033,33.302809,-13.497167,-30.289995,23.257822,11.865276,10.834774,27.081209,-7.822201,-2.868496,37.866070,14.585076,-28.499878,67.469522,2.005772,-4.480814,2.800886,-151.582012,-48.614289,35.697123,6.540975,37.925358,-39.509859,-2.707292
566.000000,-4.950474,19.490549,80.101314,6.934202,-0.878379,126.113424,-7.852552,-17.004716,-46.470546,25.271183,6.265585,-15.000033,33.077591,-13.695881,-30.002360,23.434606,11.947574,10.869364,27.031095,-7.884942,-2.861386,37.917491,14.467144,-28.775904,67.608145,1.805124,-4.592746,2.603301,-151.466450,-48.650015,35.441996,6.409288,37.793094,-39.826165,-2.420391
567.000000,-5.015564,19.491366,80.125406,6.967480,-0.800703,125.849684,-7.884233,-17.080717,-46.324789,25.368000,6.313465,-15.000033,32.898089,-14.022764,-29.971599,23.743088,11.999697,10.926817,26.976300,-7.996087,-2.802363,37.952900,14.306650,-28.974206,67.763313,1.887023,-4.779491,2.629395,-151.319891,-48.648910,35.032189,6.297104,37.855495,-39.978785,-1.695649
568.000000,-5.082091,19.486628,80.163646,7.016670,-0.790886,125.578208,-7.759420,-17.172748,-46.326881,25.312700,6.416545,-15.000033,32.694509,-14.286276,-29.619981,24.068828,12.112267,10.872514,26.996564,-8.074453,-2.718244,37.823378,14.200764,-29.427539,68.067948,1.772955,-4.852840,2.510719,-151.123066,-48.611982,34.636026,6.126113,37.986931,-40.343974,-1.349269
569.000000,-5.156063,19.475795,80.218083,7.140709,-0.782591,125.276523,-7.554046,-17.198621,-46.188178,24.935489,6.672118,-15.000033,32.433846,-14.697988,-29.292041,24.543927,12.381666,10.799067,26.973588,-8.145688,-2.622875,37.762535,13.952842,-29.832353,68.401832,1.823352,-4.913759,2.343279,-150.971376,-48.531908,34.247986,5.901917,38.454517,-40.693801,-0.256179
570.000000,-5.234802,19.456764,80.317921,7.065866,-0.702687,124.872136,-7.369133,-17.083599,-46.331909,24.619948,6.923641,-15.000033,32.134850,-14.941484,-29.014360,24.795484,12.662773,10.844751,26.885898,-8.119426,-2.722519,38.007186,13.621597,-29.811597,68.464421,1.892295,-4.656796,2.296602,-150.896720,-48.508367,34.285117,5.768096,38.541372,-40.398046,-0.170940
571.000000,-5.323601,19.428105,80.327199,7.009967,-0.755487,124.785003,-7.432632,-17.163663,-46.120866,24.971158,6.896563,-15.000033,32.096458,-15.011849,-28.834986,24.951570,12.630183,10.772222,26.811602,-8.092326,-2.666053,37.814023,13.387245,-30.346345,68.805809,1.857963,-4.589671,1.956241,-150.653221,-48.412465,33.673413,5.642813,38.201983,-40.169463,-0.074993
572.000000,-5.416924,19.395986,80.332071,6.872408,-0.631017,124.577872,-7.476198,-17.125262,-46.255475,25.029010,6.607037,-15.000033,31.941562,-15.049783,-28.699636,24.911884,12.596521,10.834703,26.700666,-8.046253,-2.733265,37.853008,13.110818,-30.447108,69.058906,1.884964,-4.586900,2.056203,-150.607389,-48.303314,33.191317,5.590531,38.417233,-40.075113,0.100307
573.000000,-5.510921,19.357349,80.329380,6.777207,-0.551104,124.428657,-7.598456,-17.147639,-46.173247,25.248775,6.410012,-15.000033,31.879488,-15.097258,-28.612136,24.817431,12.383640,10.829369,26.582848,-7.981956,-2.746319,37.888672,12.830559,-30.590574,69.221863,1.912751,-4.573553,1.926750,-150.581372,-48.199737,32.755125,5.530783,38.528376,-39.861815,0.069695
574.000000,-5.592599,19.309440,80.318338,6.695129,-0.543667,124.245666,-7.641138,-17.174698,-46.150113,25.440754,6.198488,-15.000033,31.780337,-15.202899,-28.460319,24.920106,12.198197,10.780349,26.408413,-7.922028,-2.771432,37.989335,12.507425,-30.769525,69.372842,1.913023,-4.441916,1.811643,-150.534244,-48.148494,32.593055,5.610582,38.560449,-39.752464,0.055205
575.000000,-5.663843,19.259332,80.330980,6.732390,-0.397743,124.003401,-7.593127,-17.086212,-46.159278,24.954714,6.170520,-15.000033,31.585058,-15.428158,-28.303060,24.889003,11.920062,10.774021,26.214226,-7.914678,-2.828867,38.160362,12.127705,-30.670512,69.539180,2.054195,-4.660606,2.163491,-150.678290,-48.141388,32.737862,5.641035,39.135715,-39.722827,0.153987
576.000000,-5.727777,19.197925,80.312800,6.698786,-0.405911,123.816097,-7.722599,-17.233844,-46.011306,25.372605,6.028229,-15.000033,31.500297,-15.655455,-28.290474,25.106604,11.423385,10.541711,26.118091,-7.869425,-2.734769,38.025987,11.777119,-31.006054,69.872697,1.795956,-4.807497,1.916528,-150.711439,-48.170357,32.507165,5.683905,39.042450,-39.795226,0.405666
577.000000,-5.772691,19.132451,80.312236,6.727653,-0.258532,123.666729,-7.731438,-17.292423,-46.268476,25.110419,5.973386,-15.000033,31.308167,-15.789822,-28.124841,25.043336,11.456530,10.657754,26.029239,-7.914794,-2.752078,37.969916,11.434319,-30.638046,70.122334,1.874901,-4.373526,2.072140,-150.708698,-48.146032,32.435791,5.673022,39.751270,-39.324448,0.226705
578.000000,-5.805551,19.051580,80.281965,6.604731,-0.316899,123.716534,-7.951770,-17.275817,-45.970949,25.536767,5.808592,-15.000033,31.407760,-15.751314,-28.328066,24.989795,11.151899,10.508902,26.003289,-7.853848,-2.689666,37.558340,11.188734,-30.967601,70.612795,1.760258,-4.118844,1.573706,-150.492166,-48.088793,31.942858,5.675053,39.086233,-39.091955,-0.228560
579.000000,-5.825517,18.962180,80.269783,6.550026,-0.363125,123.545864,-8.010071,-17.390518,-45.998490,25.848492,5.708090,-15.000033,31.352576,-15.911647,-28.349305,25.146822,10.835362,10.523345,25.773958,-7.848758,-2.626778,37.404299,10.814950,-31.435363,71.018290,1.647538,-3.942819,1.405494,-150.431911,-48.159432,32.127966,5.814478,38.617075,-39.362350,-0.338358
580.000000,-5.827351,18.863440,80.216026,6.508772,-0.367737,123.284345,-8.098591,-17.371462,-45.880866,26.000139,5.379863,-15.000033,31.333739,-16.117912,-28.456617,25.136824,10.458341,10.466511,25.738135,-7.833120,-2.593928,37.234845,10.465972,-31.410544,71.284413,1.665130,-3.845846,1.399541,-150.373197,-48.194231,32.259104,6.031472,38.872930,-39.366202,-0.279689
581.000000,-5.825654,18.761523,80.203980,6.590352,-0.262945,123.054310,-8.131180,-17.394430,-45.872653,25.716296,5.371229,-15.000033,31.172659,-16.363178,-28.353905,25.095191,10.094956,10.481916,25.823396,-7.903678,-2.531883,36.939449,10.169558,-31.241453,71.649003,1.644410,-4.042494,1.624245,-150.293638,-48.113147,32.063198,6.074422,39.747525,-39.061494,0.276687
582.000000,-5.813254,18.641625,80.148312,6.451797,-0.533910,123.074941,-8.254308,-17.440386,-45.556879,26.405895,5.132102,-15.000033,31.372779,-16.421430,-28.682105,25.346073,9.675834,10.311550,25.757164,-7.831791,-2.355189,36.443883,9.910651,-32.238064,72.023368,1.649523,-3.632192,0.866055,-150.011408,-48.100695,31.704131,6.298578,39.038405,-39.032396,0.281178
583.000000,-5.794595,18.524507,80.048082,6.322367,-0.449352,123.273223,-8.799607,-17.439463,-45.236423,27.016725,4.755728,-15.000033,31.295260,-16.264664,-28.844616,25.312349,9.121167,10.118370,25.578053,-7.773110,-2.347546,36.040335,9.681939,-32.567991,72.427710,1.655805,-3.607538,0.911099,-150.010203,-48.121046,31.697489,6.377370,38.837792,-39.204368,0.662799
584.000000,-5.771361,18.405769,79.984440,6.300606,-0.503546,123.164276,-8.945288,-17.386446,-44.946954,27.158496,4.516419,-15.000033,31.356973,-16.362853,-28.952753,25.235559,8.619118,10.103705,25.707921,-7.789512,-2.229736,35.647570,9.585187,-32.876214,72.718769,1.800305,-3.624774,0.793566,-149.848041,-48.086355,31.441916,6.482509,39.233643,-39.184185,1.165471
585.000000,-5.748708,18.290642,79.922730,6.254348,-0.390841,123.128108,-9.290130,-17.216079,-44.523039,27.184624,4.304108,-15.000033,31.352418,-16.387339,-29.194878,24.942198,7.861330,9.916771,25.802806,-7.748806,-2.200455,35.208816,9.471761,-33.133133,72.997361,1.712983,-3.888484,0.950912,-149.801148,-48.015351,31.213147,6.389124,39.783358,-39.007521,1.570613
586.000000,-5.719689,18.168970,79.875072,6.090463,-0.497204,122.906995,-9.459258,-17.069526,-44.235933,27.607074,4.032548,-15.000033,31.378404,-16.433253,-29.313820,24.968543,7.673276,9.907649,25.697683,-7.642387,-2.185381,34.997273,9.200194,-33.536361,73.222838,1.752348,-3.732044,0.483958,-149.673565,-47.970687,31.294013,6.705388,39.665395,-39.159636,1.890278
587.000000,-5.690456,18.055603,79.837057,6.071242,-0.385089,122.495505,-9.607399,-16.861344,-43.920196,27.446578,3.806932,-15.000033,31.316270,-16.741267,-29.600562,24.761646,6.944305,9.797209,25.849886,-7.613691,-2.159712,34.793776,8.947201,-33.296115,73.369666,1.698473,-4.001339,0.737647,-149.576701,-47.811501,31.181009,6.720119,40.254020,-39.160141,2.182953
588.000000,-5.654500,17.941543,79.767781,6.018799,-0.479409,122.257461,-9.664231,-16.810190,-43.767276,27.640066,3.460310,-15.000033,31.768916,-17.046964,-30.639623,24.320012,5.913781,9.623800,26.105036,-7.546941,-2.061648,34.304810,8.760419,-33.546614,73.634487,1.408108,-3.687021,0.349161,-149.314024,-47.586713,30.909493,6.785386,40.262730,-39.114909,2.253529
589.000000,-5.598450,17.817916,79.580867,5.738690,-0.722277,122.328939,-10.155571,-16.643404,-43.145342,28.840022,2.626084,-15.000033,32.055220,-16.965205,-31.281620,24.485322,4.891216,9.147108,25.969878,-7.369378,-1.937141,33.965309,8.569964,-34.016345,73.689217,1.479819,-2.961702,-0.236566,-149.311301,-47.511048,30.752262,7.325887,39.851535,-39.192180,1.973153
590.000000,-5.544166,17.714358,79.528053,5.814921,-0.554099,121.921571,-10.447191,-16.613516,-42.770801,28.917112,2.487548,-15.000033,31.886944,-17.208978,-31.177175,24.257404,4.547018,9.250421,26.313737,-7.472776,-1.869604,33.487296,8.450219,-34.055095,74.087787,1.261601,-3.462772,0.090187,-149.001364,-47.188591,30.113001,7.219217,40.528981,-39.287591,2.329557
591.000000,-5.478447,17.614986,79.481761,5.893827,-0.439813,121.586892,-10.727915,-16.753748,-42.624805,29.240026,2.448244,-15.000033,31.699259,-17.549290,-31.262225,24.328134,4.426042,9.194757,26.321071,-7.516663,-1.804391,33.110030,8.297987,-34.532632,74.381243,1.105167,-3.502604,-0.104092,-148.891117,-46.831600,29.914144,7.356704,40.934824,-39.202166,3.241369
592.000000,-5.408325,17.518742,79.457282,5.885416,-0.504460,121.665404,-10.963249,-16.816746,-42.350831,29.627771,2.570093,-15.000033,31.735551,-17.381608,-31.083623,24.175820,4.352894,9.183639,26.370607,-7.434095,-1.687129,32.645020,8.231398,-34.797936,74.404874,0.742125,-3.788362,-0.053897,-148.858361,-46.528257,29.825755,7.510855,40.957614,-38.737136,3.131201
593.000000,-5.310904,17.417897,79.390182,5.785657,-0.786820,121.620077,-10.992660,-16.596518,-42.003290,29.907840,2.396985,-15.000033,31.714266,-17.318107,-30.859309,24.578511,4.425786,8.912836,26.239086,-7.287094,-1.605554,32.388088,8.104253,-35.286135,74.385512,0.698612,-3.334548,-0.646129,-148.761937,-46.388370,30.282843,7.878360,40.837749,-39.019699,3.275538
594.000000,-5.223018,17.335504,79.299003,5.982884,-0.667948,121.416779,-11.395350,-16.719966,-41.576318,30.191492,2.382071,-15.000033,31.468907,-17.552588,-30.568836,24.655041,4.152462,8.971595,26.459795,-7.443570,-1.563253,31.886760,8.064331,-35.582229,74.603721,0.744818,-3.468547,-0.379495,-148.584758,-46.114137,30.241401,7.949753,41.079779,-39.077619,2.876482
595.000000,-5.142384,17.257267,79.202770,6.166715,-0.715895,121.339321,-11.488718,-16.729419,-41.221354,30.106945,2.208064,-15.000033,31.605656,-17.675315,-30.541577,24.389958,3.437875,8.974029,26.553161,-7.465308,-1.452115,31.527282,8.087219,-35.558003,74.509243,0.986004,-3.367991,-0.403687,-148.494013,-45.767735,30.368899,8.128594,41.283656,-39.261294,3.650416
596.000000,-5.076718,17.177736,79.114206,6.164549,-0.910259,121.483431,-11.580861,-16.622181,-40.861767,30.266151,2.005312,-15.000033,31.906911,-17.559097,-30.740938,24.186784,2.600731,8.830174,26.491268,-7.302249,-1.330043,31.294949,8.117591,-35.653298,74.227093,1.031288,-3.168423,-0.515885,-148.453283,-45.501670,30.658367,8.259003,40.524443,-39.220867,3.472857
597.000000,-5.037149,17.107622,79.084503,6.242055,-0.798472,121.303588,-11.752878,-16.631425,-40.705904,30.225345,1.996367,-14.990484,31.803592,-17.829504,-30.987713,24.181698,2.469925,8.817948,26.595616,-7.299578,-1.337508,31.037922,8.143201,-35.569339,74.262830,0.886261,-3.196186,-0.374892,-148.455001,-45.189118,30.641557,8.242574,40.550734,-39.162702,3.672278
598.000000,-5.017890,17.032917,78.981959,6.205492,-0.869687,121.343129,-12.030354,-16.582193,-40.291595,30.657949,1.712656,-14.843098,31.873521,-17.784109,-31.010040,24.169286,2.107447,8.762110,26.544590,-7.192872,-1.302516,30.879279,8.143007,-35.665576,74.152761,0.895365,-3.066028,-0.428316,-148.549954,-44.960461,30.699728,8.498956,40.272776,-39.043875,3.385476
599.000000,-5.022778,16.957201,78.816027,6.253041,-1.000928,121.528872,-12.456270,-16.664871,-39.544403,31.393678,1.401426,-14.344143,31.866540,-17.738381,-30.688687,24.445400,1.698361,8.620845,26.453760,-7.139721,-1.193242,30.716939,8.119551,-35.596900,74.149182,0.794572,-2.985399,-0.375471,-148.685065,-44.821370,30.853455,8.849289,40.191736,-38.941237,3.015844
600.000000,-5.052276,16.888611,78.906902,6.225695,-0.832797,121.019750,-12.331936,-16.714129,-39.947967,31.120541,1.498313,-14.735642,31.617477,-18.015450,-30.549428,24.363841,2.033178,8.828155,26.638874,-7.089835,-1.250955,30.615655,8.076090,-35.659309,74.177525,0.736323,-3.195856,-0.461167,-148.746076,-44.677834,30.689379,8.627883,40.439514,-39.152350,3.285654
601.000000,-5.096596,16.816790,78.970144,6.274605,-0.709465,120.700379,-12.305867,-16.938796,-40.263459,31.065543,1.693310,-15.000033,31.201284,-18.281609,-30.063663,24.703616,2.783562,9.054321,26.734674,-7.117115,-1.298377,30.471546,8.008336,-35.691323,74.329139,0.668704,-3.380845,-0.512595,-148.796622,-44.487622,30.456831,8.602102,40.764797,-39.390738,3.602838
602.000000,-5.151716,16.739804,79.035231,6.114294,-0.655564,120.587378,-12.377539,-16.943597,-40.423322,31.209602,1.877549,-15.000033,30.830320,-18.415000,-30.004300,25.286751,3.780208,9.026722,26.634898,-7.045321,-1.386874,30.308521,7.963569,-35.840428,74.436898,0.358168,-3.377536,-0.847669,-148.997709,-44.460813,30.336358,8.614440,40.743028,-39.579998,3.216404
603.000000,-5.207135,16.663489,79.080169,6.114237,-0.683875,120.499717,-12.415774,-16.939059,-40.170367,31.206064,2.154375,-14.997428,30.674279,-18.720335,-30.131575,25.758078,4.137396,8.954830,26.572308,-7.039335,-1.291976,30.012103,7.914537,-36.049091,74.652022,0.194616,-3.496354,-0.922187,-149.151560,-44.451133,30.176788,8.508261,40.684391,-39.760167,3.004102
604.000000,-5.255277,16.593530,79.036045,6.123582,-0.677838,120.438729,-12.564976,-16.887873,-39.834777,31.271159,2.021006,-14.950971,30.935358,-18.984329,-30.841450,25.516801,3.769868,8.816628,26.548584,-6.956555,-1.309556,29.572418,7.837534,-36.058659,75.020612,0.323745,-3.348068,-0.870276,-149.154172,-44.430943,30.263304,8.410990,40.411292,-39.714801,2.804449
605.000000,-5.298131,16.525273,79.045924,5.972530,-0.788189,120.340595,-12.539888,-16.684344,-39.567591,31.315698,1.988600,-14.706193,31.082066,-19.067942,-31.256181,25.533306,3.779121,8.818162,26.367736,-6.807005,-1.280205,29.250881,7.758225,-36.108953,75.218494,0.359632,-3.209395,-0.893378,-149.388369,-44.523953,30.452313,8.481781,40.529068,-39.649267,2.825080
606.000000,-5.329077,16.474607,79.004523,5.972286,-0.697516,120.159831,-12.832389,-16.704978,-39.230487,31.647687,1.971923,-14.355073,31.027057,-19.240816,-31.405092,25.457826,3.889541,8.887774,26.302766,-6.803392,-1.299484,28.744850,7.734021,-36.154314,75.619633,0.318591,-3.002614,-0.911076,-149.417027,-44.560034,30.664990,8.270957,40.308480,-39.633534,2.705004
607.000000,-5.346067,16.439147,78.980744,6.045788,-0.686742,120.055254,-12.896216,-16.822244,-39.143351,31.746601,1.953895,-14.332332,30.905290,-19.490461,-31.397628,25.769542,3.915755,8.803274,26.256362,-6.871638,-1.242029,28.073107,7.789585,-36.106926,76.066008,0.146869,-2.945603,-0.845266,-149.573222,-44.589086,30.822505,8.301557,40.224470,-40.033934,2.528471
608.000000,-5.352437,16.429238,79.050075,6.142027,-0.639229,119.958647,-12.842350,-16.833796,-39.086217,31.464628,2.350809,-14.438763,30.767061,-19.656966,-31.319216,25.901046,4.374068,8.738350,26.225980,-6.935332,-1.230662,27.300520,7.973855,-35.936198,76.585121,0.083400,-3.002654,-0.657532,-149.626937,-44.549764,30.980378,8.110610,40.325336,-40.355529,2.484597
609.000000,-5.350574,16.445390,79.086615,6.162861,-0.678416,119.966622,-12.808595,-16.820062,-39.001417,31.444103,2.579200,-14.490693,30.847351,-19.706147,-31.508873,25.960024,4.614352,8.718162,26.120185,-6.925201,-1.198417,26.483467,8.293640,-35.827076,76.927286,0.123349,-3.056254,-0.408799,-149.829357,-44.529648,31.146555,8.088135,40.195394,-40.546066,2.091201
610.000000,-5.343625,16.500537,79.062439,6.324350,-0.468404,119.724997,-12.996914,-16.867316,-38.760362,31.426415,2.605413,-14.351539,30.713398,-19.985367,-31.602996,25.927186,4.651984,8.795288,26.140785,-7.004140,-1.220754,25.603162,8.754475,-35.690495,77.333164,0.039873,-3.302310,-0.221335,-149.949843,-44.417850,31.164255,7.914844,40.119340,-40.922212,2.198524
611.000000,-5.336595,16.585647,79.019181,6.400946,-0.526760,119.662160,-13.081085,-16.904313,-38.410777,31.788603,2.560047,-14.207538,30.864583,-20.177622,-31.918007,26.156437,4.407342,8.560024,26.019800,-6.939825,-1.223335,24.734055,9.349533,-35.648147,77.596357,0.024915,-3.497120,-0.000323,-150.185518,-44.369652,31.504037,8.257731,39.845665,-40.710518,1.872509
612.000000,-5.331972,16.712440,78.949003,6.666134,-0.345773,119.591141,-13.281073,-17.007545,-38.022416,31.806881,2.553448,-13.768426,30.698768,-20.370587,-31.684172,26.311714,4.645774,8.530954,25.974675,-6.945649,-1.328697,23.760415,10.083046,-35.473112,78.022523,0.168708,-3.855884,0.551779,-150.438292,-44.260512,31.981062,8.648665,40.153078,-40.516039,1.935718
613.000000,-5.338257,16.869567,78.894007,6.733948,-0.152772,119.671700,-13.604759,-16.992197,-37.661490,32.130038,2.442337,-13.562380,30.632331,-20.353222,-31.816602,26.441012,4.712563,8.273205,25.820959,-6.760151,-1.318928,22.713446,10.946065,-35.354092,78.308907,-0.008887,-4.384407,0.920471,-150.895568,-44.252321,31.808202,8.833974,39.874295,-40.535756,1.754269
614.000000,-5.353400,17.051552,78.819303,6.825953,0.068927,119.897877,-13.943949,-17.122097,-37.536342,32.534420,2.253887,-13.396028,30.857083,-20.243982,-32.373337,26.131218,4.640997,8.313402,25.774791,-6.581260,-1.329612,21.483163,11.962048,-34.819768,78.695659,-0.031818,-4.458332,1.071990,-151.182335,-44.272590,31.689505,9.427441,39.902650,-39.726199,1.626086
615.000000,-5.381670,17.240786,78.755405,6.918885,0.357127,119.763975,-14.303241,-17.563773,-37.831482,33.377665,1.988163,-13.609345,30.705554,-20.517447,-32.736317,26.542039,4.638715,8.092393,25.705913,-6.434232,-1.199486,20.501279,13.079757,-34.247136,78.789612,-0.369146,-4.949590,1.420584,-151.563413,-44.437509,31.397108,10.637989,40.215600,-39.642391,0.931198
616.000000,-5.422790,17.425558,78.698391,7.097180,0.545062,119.788499,-14.582785,-17.809766,-37.634958,33.850470,1.912608,-13.637272,30.955099,-20.644466,-33.307726,26.387395,4.496257,8.077092,25.699258,-6.174094,-1.027652,19.410284,14.356998,-33.561524,78.602540,-0.202337,-5.318243,1.785187,-151.730255,-44.671484,31.339005,11.847571,40.383891,-39.405116,0.814247
617.000000,-5.485043,17.593722,78.714190,7.273881,0.880775,119.794922,-14.858478,-17.998204,-37.536447,33.941843,2.113226,-13.687226,30.968061,-20.816838,-33.841219,26.303685,4.655589,7.972992,25.766917,-6.009024,-0.873014,18.431100,15.732851,-33.194234,78.188400,-0.146834,-5.516900,2.056441,-151.773512,-44.901770,31.120209,12.839165,40.704843,-38.811487,0.179891
618.000000,-5.568739,17.729374,78.764223,7.436284,1.041084,119.778672,-14.824531,-18.157561,-37.552435,33.770563,2.357017,-13.721789,31.210617,-20.834038,-34.210364,25.932415,5.041309,8.001321,25.878053,-5.757442,-0.699663,17.608024,17.181466,-32.596126,77.533288,0.138703,-5.501210,2.368934,-151.790805,-45.101172,31.317026,14.230455,41.411491,-38.427133,-0.921295
619.000000,-5.679320,17.825376,78.788500,7.355415,1.296043,119.682716,-14.999731,-18.159586,-37.594289,33.877445,2.311418,-13.538761,31.387244,-20.825941,-35.026982,25.654528,5.044947,7.970183,25.930005,-5.416838,-0.446474,16.993482,18.661382,-32.101236,76.480825,0.487619,-5.307425,2.671250,-151.878960,-45.376935,31.423432,15.823682,41.671005,-37.862394,-2.654048
620.000000,-5.808403,17.882894,78.717057,7.297767,1.435731,120.235399,-15.370450,-18.013564,-37.099456,33.966636,2.041144,-13.265037,31.974512,-20.441021,-36.215601,25.153670,5.142048,7.809478,25.882502,-4.994060,-0.092344,16.622315,20.210500,-30.878669,74.818564,1.634039,-4.974964,3.301366,-152.123835,-45.775859,32.214501,18.672502,41.914704,-37.870323,-5.140407
621.000000,-5.945434,17.903715,78.719900,7.231250,1.733218,120.058188,-15.678250,-18.125170,-37.115586,34.229254,2.010353,-12.938620,31.877441,-20.174463,-36.125457,24.903775,5.413463,7.995833,26.114638,-4.866435,0.349092,16.182521,21.718334,-30.659403,73.982340,1.804781,-5.008746,3.733038,-151.922121,-46.004233,32.180903,21.660537,43.694496,-36.490630,-6.278134
622.000000,-6.080365,17.892813,78.801504,6.743287,2.054517,119.325385,-15.944205,-18.165177,-37.759025,35.078992,1.822886,-13.028374,31.847938,-19.546069,-35.985780,24.209981,6.004192,8.619214,26.491567,-4.407280,0.927599,16.898938,23.154109,-29.458345,72.238315,1.504687,-6.044270,5.406671,-151.667919,-46.164526,32.468463,24.756648,45.195788,-35.741958,-6.186125
623.000000,-6.187956,17.859592,78.657366,6.485957,2.375691,119.853888,-16.781226,-18.482417,-38.026478,36.228698,1.311126,-12.951428,32.185465,-18.615142,-36.737237,23.817361,5.905276,8.752173,26.795860,-4.175275,1.598404,16.435340,24.599205,-29.146267,70.871011,1.419286,-5.405192,3.902756,-151.376236,-46.422724,33.160475,27.302699,46.146868,-34.838473,-7.599160
624.000000,-6.251907,17.790834,78.414105,6.103082,2.448840,119.837696,-17.705171,-18.295845,-37.246956,37.846453,0.420028,-12.565495,32.570870,-17.889147,-37.452923,23.978565,5.501503,8.778798,27.281873,-3.898977,2.536529,16.971403,25.832572,-28.049179,69.085518,0.963737,-5.692871,4.213422,-150.945985,-46.738415,33.474597,30.034730,47.164977,-33.514271,-8.682843
625.000000,-6.264859,17.691622,78.032942,6.032255,2.768316,119.862927,-18.952692,-18.425375,-36.452090,39.452362,-0.763091,-12.292959,32.560239,-17.308970,-37.647179,24.520594,4.928952,8.772767,27.836687,-3.685940,3.696266,17.255451,26.828669,-27.125402,67.788372,0.374443,-5.661467,4.763676,-150.367728,-47.056640,32.998599,32.462947,48.913426,-32.574302,-8.400384
626.000000,-6.224116,17.534379,77.834931,6.228873,2.896111,119.124168,-19.268225,-19.028865,-36.672733,40.275396,-1.555529,-13.045436,32.518448,-17.372393,-37.653497,25.439011,5.000095,8.974721,28.156239,-3.127740,4.929198,18.595615,27.515401,-26.119913,65.601249,-0.326462,-6.337322,6.319006,-149.785287,-47.526382,32.514721,35.121866,50.677812,-30.713902,-8.116901
627.000000,-6.142743,17.296129,77.402211,6.426140,3.532115,119.077029,-20.711519,-20.011299,-36.962490,42.020890,-2.685642,-13.558850,32.098761,-16.822115,-37.415024,26.006500,3.815648,9.198878,28.530409,-2.927559,6.267035,17.322951,28.112939,-26.916886,65.676314,-1.324718,-6.588978,5.015824,-148.612095,-48.015566,31.889736,36.823264,53.286160,-29.291716,-8.136405
628.000000,-6.021477,16.924026,76.845431,6.258982,3.671120,118.827052,-22.198420,-20.070566,-36.003991,44.118555,-4.268765,-13.486796,32.194563,-16.688164,-38.594492,27.126798,2.332042,9.276037,29.491007,-2.622375,7.695256,16.944916,28.420979,-27.040774,63.807789,-1.285720,-6.211594,5.966553,-146.660979,-48.378544,30.702782,38.079340,54.846595,-27.771209,-8.999015
629.000000,-5.861491,16.401830,76.023739,6.168087,3.401209,118.705589,-23.929995,-20.323195,-34.605934,47.121346,-6.149328,-13.056233,32.182618,-16.695592,-39.040625,28.826879,0.540693,9.299068,30.367226,-2.457051,9.308708,16.140327,28.587717,-27.068138,62.937170,-2.040571,-5.999929,6.031521,-144.392498,-48.581677,29.135894,38.464056,55.560309,-26.673208,-9.739131
630.000000,-5.678551,15.740594,75.283066,5.800603,3.569438,118.252302,-26.041831,-20.345437,-33.576361,50.008138,-7.765186,-13.167654,32.143066,-17.183647,-40.929706,30.095343,-1.378753,9.513067,31.128020,-2.067814,10.765511,15.136243,28.471072,-27.757275,61.447509,-2.510011,-5.653271,6.188980,-140.862162,-48.595536,26.531485,37.562419,56.131043,-25.566074,-10.070920
631.000000,-5.456298,14.931069,74.449964,5.796116,3.216546,117.805143,-27.738889,-20.974066,-32.734016,52.947762,-9.152766,-13.584050,31.956376,-18.295747,-42.228574,32.507495,-3.846407,9.457714,31.738045,-1.753384,12.414104,14.292817,28.074685,-28.114500,58.870127,-2.470058,-5.214283,6.904201,-136.228610,-48.373686,23.822509,36.509992,55.845936,-24.296473,-10.930418
632.000000,-5.211688,14.012721,73.658051,5.592582,3.557782,116.931558,-30.181526,-20.823986,-31.445494,55.429369,-10.273326,-13.468731,31.529847,-19.327156,-44.036275,33.924322,-6.902262,9.862731,31.949862,-1.563076,13.963052,12.355082,27.382420,-28.585226,57.475958,-2.371588,-5.257177,7.029882,-130.634296,-47.851944,20.572340,34.355028,56.682656,-23.836246,-11.156614
633.000000,-4.943931,12.986928,72.714652,5.315177,3.143411,116.022590,-32.239806,-20.789204,-30.214791,58.637203,-11.261758,-13.169262,31.272729,-20.349827,-45.037328,36.176537,-8.996460,10.079254,32.094146,-1.451958,15.619564,9.610270,26.592715,-29.367601,57.142189,-3.454739,-4.457993,6.437296,-124.157233,-46.855261,17.991816,32.020735,55.728100,-23.438184,-12.170815
634.000000,-4.667825,11.910979,71.777363,5.060637,3.301535,114.872971,-34.858642,-19.647917,-27.998932,60.943015,-12.476838,-12.586942,30.974123,-21.106320,-46.578464,37.032449,-11.575224,10.462945,32.302441,-1.270231,16.921083,6.720674,25.612645,-29.866407,56.847405,-4.052844,-3.296660,6.238807,-116.817361,-45.263145,15.749945,28.492628,54.553076,-22.593763,-12.779014
635.000000,-4.405780,10.796839,71.137182,4.606651,3.198515,112.949359,-36.619238,-17.971786,-26.128123,62.474004,-13.141804,-11.876814,30.457360,-22.330076,-48.260386,38.669651,-13.015678,10.907606,32.806791,-1.067040,18.026675,3.765778,24.585102,-30.341744,56.677255,-4.983885,-2.964720,6.691589,-109.266337,-42.789336,14.183319,25.152668,53.191557,-21.630015,-13.725016
636.000000,-4.183129,9.679685,70.337642,3.917079,3.031492,111.534245,-38.360094,-16.824404,-25.355923,64.600549,-14.095917,-10.903181,29.432370,-23.109993,-49.097468,40.614727,-15.656721,12.163737,32.569733,-1.570063,19.917328,-2.076938,23.310725,-33.313009,59.948170,-6.306902,-1.235498,7.482458,-100.386032,-39.138278,14.220471,19.208178,51.131966,-20.810507,-12.688417
637.000000,-4.015886,8.583955,69.512348,3.387676,2.507189,109.242713,-39.955209,-14.820958,-23.399989,67.080447,-15.223078,-10.266308,28.925091,-24.840448,-50.583237,42.896275,-17.771921,12.995842,32.433734,-1.461822,21.078790,-5.712471,22.037124,-34.699286,61.770675,-7.521783,-0.765064,7.651322,-91.594503,-34.925737,15.454661,15.004520,48.414494,-20.530447,-12.625728
638.000000,-3.925823,7.547874,68.784429,2.911645,2.414434,106.741037,-41.765617,-12.814626,-21.697944,69.396945,-16.122060,-9.413825,27.760597,-26.586586,-51.712997,45.177984,-20.166698,14.091161,31.780717,-1.549856,22.076116,-8.519207,20.877794,-35.679948,63.553807,-8.549954,-0.529772,8.080327,-82.566863,-30.384605,18.058481,10.752498,45.468676,-20.518702,-12.846316
639.000000,-3.918398,6.586595,68.353605,2.239414,2.640443,104.040745,-43.421223,-10.006586,-19.892454,70.864792,-16.808890,-7.927678,26.350699,-28.044617,-52.889646,46.922486,-21.517674,15.000033,30.790535,-1.532700,22.891468,-10.795249,19.869219,-35.600054,65.129078,-9.884269,-0.410461,8.086081,-73.233019,-25.917353,21.537630,6.778373,42.541078,-22.071537,-13.505374
640.000000,-3.974875,5.700267,67.937786,1.485924,2.816607,101.246882,-44.885978,-7.282158,-18.479154,72.464366,-17.697864,-6.776264,24.468045,-29.680858,-53.473073,49.690805,-23.028521,15.000033,29.463761,-1.628077,23.741632,-12.677164,19.056695,-35.177010,66.351681,-10.671392,-0.290882,8.370514,-64.522552,-21.709362,25.113975,4.141127,39.562624,-23.352743,-13.401887
641.000000,-4.089714,4.899504,67.796671,0.697423,2.671327,98.099441,-45.946814,-4.707231,-17.440374,74.451939,-18.430212,-5.440803,22.553249,-31.550751,-53.659191,52.765355,-24.300288,15.000033,27.720495,-1.805937,24.491987,-13.791034,18.486446,-34.571092,67.302100,-12.180971,-0.538534,9.044156,-56.101719,-18.124340,29.386426,2.931906,35.865428,-24.881355,-13.299210
642.000000,-4.218654,4.191145,67.835453,0.155472,2.988678,95.522838,-47.190971,-2.526859,-16.524067,75.734544,-19.081187,-4.571395,20.215686,-32.550800,-53.123014,54.393656,-25.477623,15.000033,26.091538,-1.922100,24.990362,-14.573579,18.176071,-33.728347,68.271099,-14.433324,-0.634014,8.898348,-48.541306,-15.285022,33.334795,2.249741,32.068699,-25.789215,-11.952935
643.000000,-4.358171,3.577605,67.663510,-0.244580,3.347168,92.992054,-48.230374,-0.702707,-15.795403,76.760427,-19.181060,-3.965446,18.063936,-34.105205,-53.068162,56.430882,-26.910795,15.000033,24.216049,-2.128774,25.524122,-14.820372,18.064832,-32.430338,68.722764,-16.710124,-0.658540,8.689691,-41.940434,-13.230603,36.305424,2.814621,29.311130,-26.572371,-10.603499
644.000000,-4.474472,3.039626,67.498723,-0.515311,3.632770,90.236241,-48.835369,1.100111,-15.060650,77.464552,-19.470182,-3.337284,15.815258,-35.931575,-52.887808,58.787791,-27.765169,15.000033,22.326370,-2.374137,25.965900,-14.863765,18.121516,-32.065319,69.405630,-18.336840,-0.783009,8.274260,-36.800858,-11.884116,37.969751,4.085851,27.251772,-27.299529,-9.521422
645.000000,-4.547458,2.571225,67.365163,-0.641406,3.868014,87.623497,-49.312328,3.065615,-14.032381,78.038461,-19.488890,-2.744842,13.929526,-37.573063,-52.788014,60.605860,-28.410775,15.000033,20.404640,-2.621293,26.175254,-14.601895,18.245055,-31.558803,69.842654,-19.383082,-0.815128,8.145574,-32.463403,-11.262732,38.882909,5.112622,24.210300,-27.416270,-8.764906
646.000000,-4.556620,2.153342,67.461651,-0.624599,4.005063,85.027268,-49.424970,5.068242,-12.884714,78.321917,-19.686268,-2.470700,12.112283,-38.516739,-52.034058,61.188057,-28.821080,15.000033,18.686824,-2.915756,26.043761,-14.198196,18.454646,-31.236344,70.556609,-19.823142,-0.884067,7.740185,-28.705156,-11.288789,40.029198,5.771783,22.534411,-26.902048,-7.483967
647.000000,-4.501957,1.788507,67.657327,-0.383825,4.153112,82.245901,-49.177781,7.305952,-11.307433,78.234584,-19.691610,-2.031407,10.399156,-39.519668,-51.256290,61.365572,-28.943797,15.000033,17.040455,-3.044684,25.668761,-13.547668,18.704330,-30.629173,70.873888,-19.667021,-0.995074,7.725933,-25.298005,-11.943836,40.710751,6.157706,20.822409,-26.884379,-6.798318
648.000000,-4.384507,1.470150,67.879063,-0.224020,4.455297,79.892953,-49.003214,9.653442,-9.727298,77.894110,-19.774042,-1.683279,8.721788,-40.108916,-50.546192,61.302014,-28.953835,15.000033,15.588405,-3.231783,25.178114,-12.652959,19.007607,-29.874592,70.943372,-19.652811,-1.100160,7.530874,-21.946042,-13.039786,40.672962,5.261215,19.502329,-26.878277,-6.362379
649.000000,-4.205189,1.191362,68.195795,0.129237,4.623493,77.563066,-48.268447,11.691272,-8.075238,77.141998,-19.825680,-1.930605,7.271839,-40.602056,-49.656115,60.821399,-28.824067,15.000033,14.253685,-3.348174,24.490173,-11.775175,19.343872,-28.954280,70.831344,-19.388750,-1.268437,7.716201,-18.521521,-14.632420,40.132538,3.727599,18.358955,-26.244939,-5.147980
650.000000,-3.973874,0.946442,68.617809,0.263735,4.763324,75.095751,-47.253276,13.953810,-6.506150,76.122409,-19.597608,-2.174806,5.672646,-40.559491,-48.505290,59.957309,-28.409896,15.000033,13.140913,-3.284077,23.710352,-11.047306,19.673672,-28.253510,70.763582,-18.960490,-1.299739,8.026852,-15.297332,-16.634714,39.819120,2.050008,17.679304,-26.513022,-5.052961
651.000000,-3.694613,0.736651,69.027409,0.528667,4.943629,72.884020,-46.108344,15.968270,-4.830087,74.938924,-19.542034,-2.488644,4.028768,-40.505550,-47.122757,59.199071,-27.974171,15.000033,12.163530,-3.228974,23.074776,-10.396746,20.010684,-27.535591,70.564569,-18.243510,-1.423995,8.226856,-12.260935,-18.987622,38.995282,-0.233748,18.231783,-26.896273,-5.201032
652.000000,-3.377078,0.552739,69.483859,0.761042,5.148920,70.671730,-44.874988,18.093438,-3.021610,73.739598,-19.321475,-2.775168,2.502562,-40.132951,-45.726130,58.039148,-27.582543,15.000033,11.340301,-3.015581,22.369324,-9.795038,20.352997,-27.119188,70.586133,-18.100839,-1.500047,8.430001,-9.434285,-21.548126,37.962484,-3.056797,19.516712,-27.107277,-5.324373
653.000000,-3.036643,0.400410,69.889174,1.100139,5.185035,68.850305,-43.434936,19.847651,-1.184643,72.507471,-18.871426,-3.177206,1.568679,-39.940107,-44.724918,56.982932,-27.212048,15.000033,10.535262,-2.697047,21.716292,-9.239233,20.660272,-26.962405,70.400420,-17.984250,-1.644119,8.814219,-6.395009,-24.279732,36.838026,-6.232018,19.417622,-27.357749,-5.415425
654.000000,-2.681974,0.267321,70.356559,1.493730,5.056219,67.212767,-41.775220,21.320337,0.635295,71.246514,-18.408080,-3.591453,1.173957,-39.726566,-44.092089,55.651184,-26.673185,15.000033,10.020738,-2.268654,21.137556,-8.804308,20.895603,-26.920224,70.090184,-17.694488,-1.783554,9.341966,-2.955423,-27.093321,35.499790,-9.735201,19.987416,-27.631485,-6.360350
655.000000,-2.326081,0.157811,70.839490,1.903486,4.927642,65.795573,-40.014286,22.481596,2.383336,69.765203,-17.796929,-3.982459,0.892484,-39.387242,-43.433827,54.162075,-26.150961,15.000033,9.616412,-1.709255,20.652566,-8.469852,21.054047,-26.959201,69.542055,-17.757979,-1.800854,9.582958,0.379361,-29.897125,34.383914,-13.459042,19.506349,-28.002718,-6.967910
656.000000,-1.983642,0.075218,71.348941,2.378581,4.677843,64.653458,-38.011576,23.226680,4.098604,67.985953,-17.137931,-4.431103,0.883108,-39.014985,-42.735302,52.549134,-25.521347,15.000033,9.207886,-1.160260,20.124794,-8.114508,21.087807,-27.012702,68.807991,-17.802744,-1.711854,10.172906,3.801038,-32.616969,33.126209,-17.178462,19.368052,-28.080659,-7.317177
657.000000,-1.669582,0.016325,71.778673,2.648776,4.348616,63.847460,-36.098536,23.876593,5.510763,66.214826,-16.386574,-4.980752,1.239099,-38.482250,-42.367489,51.036438,-24.947737,15.000033,8.739356,-0.559948,19.613355,-7.575347,21.017221,-27.227708,68.115530,-17.851659,-1.822403,10.390040,6.794670,-35.126533,31.490386,-20.632079,20.168485,-27.802131,-5.900995
658.000000,-1.384927,-0.022657,72.244918,2.987486,4.185094,63.045649,-34.352906,24.511298,7.115271,64.576941,-15.864565,-5.241558,1.740598,-38.035558,-42.384997,49.156226,-24.293349,15.000033,8.457986,0.206302,19.029384,-7.192700,20.860317,-27.606146,67.377579,-18.207467,-2.004197,10.817162,9.802026,-37.377665,30.139655,-23.986237,20.488966,-27.638396,-6.632060
659.000000,-1.144037,-0.040255,72.729146,3.259384,3.911061,62.471979,-32.474508,24.284513,7.900554,62.417498,-15.109330,-5.857266,2.410619,-37.293404,-42.132127,46.982879,-23.574243,15.000033,7.938323,0.889238,18.501390,-6.988218,20.668888,-28.565509,66.924195,-17.665697,-1.970835,10.961059,12.919555,-39.271722,28.676305,-27.246607,21.312557,-27.617582,-7.132738
660.000000,-0.947290,-0.045583,73.211853,3.677430,3.395413,62.322282,-30.441720,23.914608,8.945272,60.198334,-14.304702,-6.278137,3.623418,-36.888744,-42.323666,44.934994,-22.665504,15.000033,7.546830,1.560936,17.818341,-6.659066,20.376654,-29.112598,66.483314,-17.679264,-2.030839,10.842424,15.602082,-40.908696,27.240852,-30.109718,21.546540,-27.603696,-6.780319
661.000000,-0.793144,-0.049151,73.601847,3.902384,3.050786,62.222117,-28.719141,23.633935,9.731112,58.042827,-13.692259,-6.851919,4.522427,-36.130772,-42.109042,42.884363,-22.047382,15.000033,7.136444,2.256087,17.177386,-6.315110,20.031827,-29.725512,65.924390,-17.551548,-1.720250,10.926650,17.816663,-42.205025,26.320303,-32.652394,21.743698,-27.289988,-6.849903
662.000000,-0.683202,-0.053778,74.016490,4.213624,2.691771,62.056816,-26.753632,22.864091,10.281410,55.355847,-13.191043,-7.411221,5.557274,-35.550210,-42.088813,40.638745,-21.227525,15.000033,6.753929,2.870325,16.445251,-5.904033,19.645911,-30.453989,65.633809,-17.857441,-1.796314,10.837948,19.652540,-43.228679,25.798480,-34.866516,21.752293,-26.430915,-6.497642
663.000000,-0.615669,-0.071503,74.468670,4.441018,2.319681,62.082270,-25.039410,21.995421,10.490286,52.765149,-12.516721,-8.161454,6.668624,-34.688442,-41.989316,38.113128,-20.241314,15.000033,6.492549,3.501206,15.654922,-5.537496,19.226005,-31.202271,65.406736,-17.947003,-1.887479,10.821339,21.252054,-44.009036,25.536082,-36.856354,21.231776,-25.838655,-6.306807
664.000000,-0.592858,-0.097628,74.868992,4.809639,1.722245,62.282793,-23.218981,20.959367,10.750180,50.249598,-11.712567,-8.616590,8.019185,-34.145569,-41.948256,35.854487,-19.300572,15.000033,6.210162,3.918202,14.882794,-5.336425,18.801582,-32.379552,65.558163,-18.147187,-1.940095,10.733739,22.650550,-44.605782,25.794359,-38.281697,20.598520,-25.197253,-6.120027
665.000000,-0.608381,-0.136628,75.204848,5.228119,1.263499,62.294785,-21.721511,19.871632,10.850421,48.127082,-10.927284,-9.173478,9.186430,-33.809030,-42.093347,33.659233,-18.563102,15.000033,6.225384,4.310007,14.055627,-5.089827,18.347202,-33.290908,65.667860,-18.996250,-1.899241,10.695578,23.602508,-45.186883,26.421387,-39.284450,19.504372,-23.934609,-4.853840
666.000000,-0.671725,-0.174089,75.522264,5.432831,0.619974,62.505393,-20.056297,18.544061,10.248664,45.565682,-10.139070,-9.729723,10.531910,-33.182533,-42.085270,31.504129,-17.643476,15.000033,5.967317,4.587765,13.320364,-4.741387,17.921996,-33.804755,65.626768,-18.757788,-1.854588,10.643411,24.751818,-45.491019,26.208711,-40.801308,19.450994,-22.530662,-3.862138
667.000000,-0.768200,-0.207768,75.840165,5.627307,0.179304,62.676974,-18.713222,17.565553,10.037862,43.387693,-9.417623,-10.109793,11.879832,-32.629308,-42.595120,29.123505,-16.538320,15.000033,5.988621,4.898174,12.526809,-4.398702,17.484232,-34.563103,65.847409,-19.510355,-1.927485,10.426804,25.542353,-45.803527,26.571481,-41.556330,18.903689,-21.265253,-2.848771
668.000000,-0.897588,-0.229390,76.116213,5.487379,-0.183347,62.850040,-17.298929,17.057532,9.905688,40.936285,-9.040804,-10.047232,13.039553,-31.719051,-42.985817,26.877102,-15.280765,15.000033,5.853284,5.245997,11.731138,-3.914165,17.037340,-35.238149,66.060976,-19.255539,-1.829222,10.141209,25.989486,-45.989891,26.706911,-42.105038,19.143841,-20.559762,-2.725625
669.000000,-1.050970,-0.237702,76.346373,5.579737,-0.921945,63.323176,-15.506148,16.151047,9.742711,38.253992,-8.685997,-10.298733,14.676417,-31.141576,-43.467245,24.860332,-14.185632,15.000033,5.849867,5.580871,10.996429,-3.468621,16.598972,-35.407379,65.960886,-18.697121,-1.635621,9.877383,26.309917,-46.064239,26.548644,-42.832790,19.711108,-19.540445,-1.377613
670.000000,-1.216335,-0.230457,76.542496,5.382476,-1.323023,63.811016,-14.201663,15.627018,9.404696,35.797511,-8.250359,-10.382892,15.868621,-30.130476,-43.688271,22.769523,-13.070324,15.000033,5.819274,5.885347,10.300904,-3.165204,16.216580,-36.075510,65.904226,-17.907240,-1.459525,9.628191,26.512785,-46.078868,26.780854,-43.222812,19.297937,-19.072508,-0.943855
671.000000,-1.385522,-0.206835,76.727380,5.436221,-1.436328,63.996615,-13.115989,14.936933,9.282627,33.485462,-7.474310,-10.534233,16.647676,-29.559544,-43.881518,20.783253,-12.030160,15.000033,5.775689,6.070381,9.691226,-2.849364,15.861481,-36.651186,65.836407,-17.268798,-1.334367,9.316836,26.457044,-45.993808,26.844723,-43.453959,19.639476,-19.006221,-0.865494
672.000000,-1.565253,-0.166693,76.820662,5.478498,-1.955015,64.510355,-11.753034,14.196469,9.022030,31.218590,-6.824088,-10.538428,17.816717,-29.148550,-44.106025,19.426611,-11.303821,15.000033,5.630861,6.194912,9.181109,-2.520611,15.504127,-36.810797,65.762827,-16.930740,-1.317507,9.324901,26.631597,-45.780319,26.584493,-43.667856,19.691512,-18.227304,-0.605520
673.000000,-1.748751,-0.109259,76.848595,5.386383,-2.367013,65.183876,-10.411132,13.715560,8.988316,28.731801,-6.137887,-10.555084,18.920721,-28.701393,-44.640858,18.326107,-10.733224,15.000033,5.561415,6.219421,8.553726,-2.370488,15.166860,-37.172206,66.012504,-16.381223,-1.240762,9.504935,26.617107,-45.646120,26.782322,-43.514529,19.159483,-17.867670,-0.755278
674.000000,-1.933493,-0.042014,76.879938,5.110940,-2.772598,65.537844,-9.465731,13.612073,8.868800,27.303713,-5.704342,-10.409206,19.849516,-28.007250,-44.824433,17.121782,-10.033777,15.000033,5.623832,6.382332,8.142516,-2.194594,14.874092,-37.468517,65.997374,-15.642345,-0.951311,9.336682,26.474682,-45.485259,26.944266,-43.202847,19.235928,-18.522779,-0.914055
675.000000,-2.111658,0.035055,76.882486,4.715331,-3.034417,65.821469,-8.738509,13.548681,8.383900,26.006174,-5.495194,-10.392717,20.740498,-27.092419,-45.184297,15.590145,-9.306143,15.000033,5.592684,6.641177,7.745643,-1.876907,14.637544,-37.487025,65.810469,-14.935865,-0.829201,9.113727,26.430586,-45.226792,26.724763,-43.091878,19.381175,-18.901272,-1.700958
676.000000,-2.278193,0.120828,76.898819,4.424281,-3.345396,66.095914,-8.029384,13.490928,8.145331,24.962563,-5.301450,-10.396419,21.718882,-26.363332,-45.713247,14.159801,-8.461953,15.000033,5.513083,6.842691,7.398386,-1.575892,14.441492,-37.611669,65.723220,-14.439244,-0.682057,9.096398,26.162606,-44.976909,26.593087,-42.793930,19.119522,-18.806784,-1.747131
677.000000,-2.428661,0.210098,76.907637,4.211345,-3.560306,66.458546,-7.530375,13.291719,7.722557,24.052958,-4.942437,-10.366364,22.536518,-25.860109,-46.365688,13.116640,-7.713756,15.000033,5.309947,6.923417,7.221782,-1.320532,14.253486,-37.694262,65.687127,-13.625956,-0.709493,8.968523,26.300164,-44.619532,26.061940,-42.638023,19.321557,-19.339449,-2.250268
678.000000,-2.555372,0.292164,76.922461,4.012170,-3.649419,66.759352,-7.194356,13.200899,7.463827,23.300194,-4.748243,-10.225125,23.697467,-24.845484,-47.227552,10.628569,-6.335908,15.000033,5.160087,7.010001,7.041221,-1.151668,14.091884,-37.761620,65.686520,-12.830221,-0.816267,8.846866,26.514603,-44.199283,25.545222,-42.622769,19.489480,-20.178268,-2.955460
679.000000,-2.650202,0.359317,77.092377,3.885673,-3.868597,67.183229,-6.887245,13.201187,7.500511,22.902081,-4.820161,-10.110578,27.597667,-21.031266,-48.946914,0.499979,-0.936083,15.000033,5.039203,7.029328,6.834981,-1.123635,13.967226,-37.898702,65.749568,-13.049765,-0.614155,8.915779,26.538427,-43.857463,25.244228,-42.401781,19.938257,-20.124907,-2.606456
680.000000,-2.743284,0.401781,77.063361,4.004234,-4.023958,67.205389,-6.562130,12.905233,7.504680,22.574948,-4.564944,-10.127677,28.478760,-20.619840,-49.669561,-1.320468,0.157668,15.000033,5.240027,6.902183,6.620357,-0.984174,13.904449,-38.024636,65.683764,-12.903349,-0.719791,8.820492,26.394037,-43.669007,25.217962,-42.148319,19.522147,-20.233177,-2.896928
681.000000,-2.822729,0.429814,77.070975,3.962580,-4.111122,67.318779,-6.364433,12.851528,7.556512,22.269772,-4.407405,-10.100884,28.643406,-20.631198,-49.999067,-1.320386,0.407369,15.000033,5.436195,6.802478,6.485313,-1.101917,13.828806,-38.294565,65.842155,-12.580244,-0.656041,8.746456,26.401444,-43.395471,25.201672,-41.780018,18.754738,-20.470983,-2.560726
682.000000,-2.891038,0.443121,77.054596,3.945252,-4.238177,67.303133,-6.131495,12.731978,7.438703,22.027976,-4.223947,-10.136986,28.804186,-20.681090,-50.246936,-1.335213,0.489188,15.000033,5.552777,6.707908,6.339365,-1.032458,13.771317,-38.372449,65.907468,-12.592468,-0.707263,8.768728,26.268259,-43.117548,25.072644,-41.469580,18.862225,-20.574929,-2.689279
683.000000,-2.948919,0.449741,77.044329,3.951821,-4.346160,67.330260,-5.938667,12.656897,7.476631,21.823549,-4.096009,-10.134126,28.935993,-20.738179,-50.370813,-1.333477,0.532302,15.000033,5.640862,6.606429,6.232914,-1.033800,13.737995,-38.547721,65.978732,-12.551189,-0.692921,8.793100,26.133146,-42.881765,25.082629,-41.174330,18.705282,-20.757140,-2.844673
684.000000,-2.998385,0.452816,77.023081,3.901310,-4.410322,67.307039,-5.784678,12.691920,7.569363,21.645650,-3.994929,-10.099804,28.965730,-20.711301,-50.220820,-1.359830,0.494635,15.000033,5.680197,6.525364,6.110743,-0.984813,13.725922,-38.667278,66.004754,-12.259629,-0.666930,8.821201,26.000164,-42.652942,24.992956,-40.910498,18.930778,-21.179004,-3.051507
685.000000,-3.038117,0.453936,76.990299,3.796559,-4.358575,67.108896,-5.716755,12.899070,7.850210,21.564376,-4.025667,-10.080712,28.830953,-20.653926,-50.132741,-1.430279,0.453378,15.000033,5.762805,6.460802,5.949393,-0.897494,13.729109,-38.745127,66.106555,-12.043853,-0.825959,8.846355,25.747967,-42.401364,24.955464,-40.672002,18.487501,-21.427053,-3.739779
686.000000,-3.066933,0.454733,76.979956,3.770908,-4.406128,67.064717,-5.587904,12.919762,7.921913,21.436146,-4.069141,-10.088466,28.917199,-20.665375,-50.483049,-1.463577,0.547061,15.000033,5.881167,6.386464,5.789823,-0.843546,13.748767,-38.875736,66.109559,-11.809435,-0.954123,8.785734,25.642657,-42.175963,24.927846,-40.410664,18.490631,-21.652452,-3.793806
687.000000,-3.085705,0.457315,76.969197,3.834287,-4.563573,67.161346,-5.369223,12.766724,7.843098,21.244181,-4.132349,-10.068336,29.172538,-20.748527,-50.790905,-1.447706,0.560366,15.000033,5.947969,6.304472,5.673174,-0.770841,13.767651,-38.891291,66.015991,-11.792848,-1.027864,8.710851,25.606786,-42.050255,24.897419,-40.226707,18.944823,-21.751125,-3.758620
688.000000,-3.097391,0.459318,76.933684,3.814050,-4.607079,67.116733,-5.278958,12.746671,7.749398,21.165465,-4.248793,-10.082293,29.238335,-20.740793,-50.905071,-1.486704,0.468892,15.000033,5.971760,6.261212,5.558874,-0.629951,13.799817,-38.805322,65.910876,-11.788027,-1.133143,8.568197,25.550656,-41.897437,24.749459,-40.179627,19.250263,-21.626910,-3.934211
689.000000,-3.103293,0.460357,76.901332,3.760162,-4.590834,67.011580,-5.258794,12.866424,7.867920,21.192873,-4.340637,-10.049226,29.220222,-20.699127,-51.053736,-1.548628,0.414203,15.000033,6.071212,6.204430,5.446296,-0.589753,13.842152,-38.879553,65.970849,-11.726823,-1.156210,8.510229,25.441116,-41.762140,24.767652,-40.069922,19.534140,-21.751119,-3.714290
690.000000,-3.106817,0.466026,76.887592,3.798563,-4.764004,67.118942,-5.091776,12.698843,7.600771,21.113664,-4.284893,-10.109826,29.477712,-20.741971,-51.254603,-1.506749,0.384470,15.000033,6.061598,6.135768,5.449097,-0.513159,13.876309,-38.824256,65.925936,-11.727008,-1.091054,8.442301,25.440188,-41.630814,24.740577,-39.940638,19.440952,-21.548769,-3.402667
691.000000,-3.109963,0.472846,76.863458,3.775441,-4.738663,67.060223,-5.044295,12.712642,7.584169,21.004672,-4.296866,-10.135607,29.468343,-20.738256,-51.410258,-1.534356,0.344555,15.000033,6.060515,6.062988,5.386006,-0.432507,13.932259,-38.782379,65.956784,-11.681202,-1.034099,8.430508,25.452781,-41.407881,24.574106,-39.920060,19.507528,-21.099318,-3.210347
692.000000,-3.115618,0.482475,76.848293,3.715560,-4.772015,67.014198,-4.954538,12.774239,7.570402,20.934610,-4.222956,-10.133856,29.488635,-20.678566,-51.368460,-1.554773,0.332399,15.000033,6.103214,6.005996,5.301213,-0.362569,13.982653,-38.715396,65.965248,-11.840004,-1.090841,8.404785,25.340650,-41.256245,24.587564,-39.730241,19.498306,-21.101410,-3.009435
693.000000,-3.124117,0.495039,76.817291,3.679663,-4.798793,66.931711,-4.854235,12.804832,7.561500,20.859168,-4.189427,-10.184631,29.519477,-20.650030,-51.437795,-1.611364,0.241450,15.000033,6.111075,5.943548,5.220364,-0.234692,14.028404,-38.619826,65.913110,-12.027181,-1.088098,8.415959,25.303944,-41.128839,24.489124,-39.649922,19.571068,-20.552334,-2.886808
694.000000,-3.136169,0.513722,76.847930,3.567928,-4.783071,66.821011,-4.803948,12.977910,7.673397,20.847012,-4.160678,-10.182841,29.457253,-20.567459,-51.382000,-1.613361,0.308564,15.000033,6.092934,5.914870,5.182160,-0.171704,14.070771,-38.717089,65.975439,-12.113551,-1.019229,8.455647,25.206637,-41.030493,24.495977,-39.486148,19.671820,-20.620246,-2.621729
695.000000,-3.148944,0.532735,76.879899,3.470129,-4.724172,66.641398,-4.824986,13.159609,7.805516,20.944340,-4.140198,-10.180447,29.338686,-20.516612,-51.325588,-1.630551,0.325913,15.000033,6.140996,5.872978,5.140772,-0.145182,14.121980,-38.843952,66.052491,-12.470447,-0.973047,8.468933,25.069042,-40.936096,24.530007,-39.387890,19.476156,-20.471977,-2.589663
696.000000,-3.161529,0.547150,76.913497,3.353213,-4.683916,66.499859,-4.734859,13.324057,7.907560,20.793676,-4.106080,-10.192958,29.240151,-20.416963,-51.248879,-1.671891,0.357399,15.000033,6.077666,5.798195,5.093370,-0.026258,14.184128,-38.756931,66.095165,-12.529912,-1.009963,8.546607,25.033545,-40.762457,24.286051,-39.284525,19.610948,-20.295000,-2.744934
697.000000,-3.170265,0.554713,76.934996,3.329289,-4.690695,66.505680,-4.699049,13.306089,7.817038,20.708678,-4.034528,-10.188841,29.248821,-20.381589,-51.212735,-1.702497,0.329328,15.000033,6.109517,5.701991,5.065034,-0.009815,14.240884,-38.797557,66.100951,-12.513145,-1.073703,8.530507,25.035108,-40.612861,24.210461,-39.170323,19.781563,-20.557129,-2.942133
698.000000,-3.176500,0.552965,76.953841,3.288780,-4.631806,66.422623,-4.688043,13.328059,7.769119,20.579033,-3.976316,-10.253824,29.147704,-20.342002,-51.159724,-1.744834,0.295743,15.000033,6.066356,5.652748,5.030639,0.057035,14.273697,-38.772276,66.112140,-12.301855,-1.086532,8.537574,24.987164,-40.511726,24.104416,-39.141797,19.808784,-20.607135,-2.977776
699.000000,-3.178649,0.539645,76.967402,3.277446,-4.622159,66.407945,-4.660568,13.325322,7.738985,20.464934,-3.896731,-10.263382,29.111813,-20.313530,-51.096031,-1.773484,0.235097,15.000033,6.107309,5.586093,4.989366,0.056356,14.322821,-38.778052,66.121526,-12.202710,-1.155187,8.556107,24.891015,-40.384000,24.130602,-39.030910,19.702887,-20.623219,-3.110498
700.000000,-3.177894,0.516469,76.980295,3.272920,-4.583779,66.363877,-4.637105,13.334508,7.760407,20.310285,-3.789825,-10.319040,29.044750,-20.311198,-51.137610,-1.788955,0.162867,15.000033,6.137659,5.535531,4.972486,0.040760,14.360218,-38.702396,66.190112,-12.074861,-1.200263,8.612870,24.762497,-40.284059,24.201056,-38.962796,19.554826,-20.680841,-3.209228
701.000000,-3.175234,0.484226,76.969011,3.270875,-4.664330,66.394583,-4.522188,13.374617,7.865898,20.191407,-3.773757,-10.339425,29.107932,-20.292091,-51.115904,-1.767123,0.198655,15.000033,6.130914,5.490106,4.979974,0.004923,14.393861,-38.718568,66.245150,-11.909087,-1.195009,8.618990,24.566304,-40.206900,24.324543,-38.766898,19.500524,-20.838616,-3.239972
702.000000,-3.171632,0.445569,76.965132,3.224982,-4.728872,66.465920,-4.452890,13.440492,7.879590,20.064187,-3.755685,-10.298471,29.128022,-20.188966,-50.896871,-1.758889,0.220903,15.000033,6.064899,5.435318,4.973573,0.009160,14.442988,-38.594695,66.214148,-11.854690,-1.220293,8.546199,24.317896,-40.115118,24.380910,-38.539060,19.702902,-20.776868,-2.826583
703.000000,-3.166996,0.401186,76.959074,3.243577,-4.732581,66.453104,-4.446803,13.434401,7.889937,19.990374,-3.684753,-10.390131,29.094820,-20.170805,-50.855585,-1.802415,0.123860,15.000033,6.090274,5.380077,4.958329,-0.020314,14.480328,-38.524913,66.221195,-12.076041,-1.342270,8.504306,24.179585,-40.064771,24.488818,-38.481148,19.592567,-20.599691,-3.035186
704.000000,-3.164548,0.358419,76.959814,3.322345,-4.798636,66.541132,-4.418065,13.272787,7.712874,19.899750,-3.548360,-10.424438,29.184771,-20.237964,-50.988262,-1.776450,0.110844,15.000033,6.023270,5.328142,4.963460,-0.066708,14.507265,-38.596052,66.212044,-12.138570,-1.505098,8.474732,24.081779,-40.029450,24.541393,-38.451667,19.912620,-20.774315,-2.901752
705.000000,-3.166240,0.313991,76.940568,3.224941,-4.746353,66.408997,-4.432209,13.530330,8.014266,19.880906,-3.661552,-10.387126,29.025078,-20.117290,-50.847989,-1.823718,0.175538,15.000033,6.117707,5.358572,4.944461,-0.137739,14.536798,-38.595228,66.312671,-12.238697,-1.342789,8.439530,23.831703,-40.006555,24.654380,-38.370170,20.041922,-20.424527,-2.679408
706.000000,-3.171033,0.271471,76.926556,3.218920,-4.786389,66.505409,-4.438811,13.520918,7.964960,19.822205,-3.656403,-10.403758,29.051806,-20.052344,-50.757244,-1.853412,0.129708,15.000033,6.112026,5.321353,4.902738,-0.222447,14.545932,-38.589542,66.309389,-12.443827,-1.389868,8.400369,23.825740,-39.999246,24.669203,-38.292432,20.344695,-20.461736,-2.533365
707.000000,-3.179979,0.229399,76.917212,3.196848,-4.840792,66.518098,-4.385952,13.544372,7.959064,19.739820,-3.657239,-10.443904,29.086976,-20.000055,-50.822740,-1.883800,0.183645,15.000033,6.120554,5.315808,4.887499,-0.262572,14.569239,-38.626740,66.287639,-12.408486,-1.461016,8.311649,23.718872,-39.982476,24.707464,-38.169213,20.602669,-20.584181,-2.367260
708.000000,-3.192365,0.192092,76.930711,3.139757,-4.860902,66.416481,-4.372411,13.654230,8.024804,19.764474,-3.614783,-10.430301,29.027664,-19.961248,-50.771094,-1.872538,0.250175,15.000033,6.207569,5.302895,4.912207,-0.351409,14.614554,-38.741834,66.340932,-12.455763,-1.418743,8.380881,23.497994,-39.968232,24.867061,-37.992341,20.378813,-20.617741,-2.403554
709.000000,-3.204661,0.157836,76.946123,3.130798,-4.864232,66.510635,-4.392870,13.620780,7.946715,19.648500,-3.473683,-10.467424,29.032433,-19.925511,-50.843962,-1.876316,0.258610,15.000033,6.260771,5.230282,4.933626,-0.477961,14.638981,-38.736744,66.391659,-12.452910,-1.372672,8.382632,23.536371,-39.965126,24.955151,-37.897187,19.951647,-20.595945,-2.475656
710.000000,-3.219423,0.127662,76.978435,3.067025,-4.964365,66.435906,-4.336922,13.679515,7.854117,19.731280,-3.362856,-10.515063,29.082515,-19.866622,-50.796437,-1.893618,0.128756,15.000033,6.316138,5.227166,4.945425,-0.425209,14.675535,-38.645325,66.353120,-12.582526,-1.509717,8.452005,23.338300,-39.972737,25.143188,-37.671167,19.409001,-20.580521,-2.907995
711.000000,-3.230851,0.103462,76.975671,3.055195,-4.948524,66.430745,-4.310556,13.700668,7.915718,19.599617,-3.329459,-10.589695,29.025739,-19.839735,-50.718141,-1.910904,0.171647,15.000033,6.317869,5.197903,4.918417,-0.418308,14.699354,-38.617444,66.316887,-12.621496,-1.545368,8.441969,23.254946,-39.978031,25.213189,-37.590529,19.281642,-20.521109,-2.753548
712.000000,-3.240299,0.086328,76.967386,3.081203,-4.906510,66.457220,-4.283172,13.650793,7.939221,19.386037,-3.295081,-10.638798,28.976936,-19.853044,-50.747094,-1.933765,0.210036,15.000033,6.305569,5.147156,4.876497,-0.416674,14.715196,-38.637578,66.264964,-12.377535,-1.589961,8.379290,23.279891,-39.976385,25.223185,-37.579590,19.409368,-20.544270,-2.747709
713.000000,-3.251137,0.077830,76.964605,3.033685,-5.013459,66.441436,-4.136896,13.735797,8.035159,19.335982,-3.341532,-10.613399,29.053542,-19.795151,-50.597961,-1.932292,0.235534,15.000033,6.277963,5.178331,4.876182,-0.346424,14.727252,-38.650475,66.166989,-12.082085,-1.576288,8.292965,23.235325,-39.970099,25.198480,-37.470195,19.850467,-20.800645,-2.767001
714.000000,-3.260254,0.076829,76.971989,2.923903,-5.005277,66.447107,-4.121309,13.879334,8.086548,19.282289,-3.371944,-10.672185,29.022788,-19.644236,-50.485423,-1.988851,0.223673,15.000033,6.261462,5.146301,4.857630,-0.307172,14.764851,-38.715362,66.051919,-11.791452,-1.583499,8.254917,23.311295,-39.946412,25.135106,-37.352261,19.619935,-21.135456,-2.724348
715.000000,-3.266009,0.084605,76.954323,2.933819,-5.079786,66.495273,-3.985486,13.884536,8.213386,19.172492,-3.415605,-10.759458,29.140321,-19.652720,-50.595965,-1.985715,0.240430,15.000033,6.239122,5.114948,4.855226,-0.243468,14.822675,-38.807015,65.933286,-11.636627,-1.482829,8.323885,23.464570,-39.887799,24.998288,-37.346049,19.878485,-20.962539,-2.465543
716.000000,-3.267484,0.099345,76.967954,2.897438,-5.054281,66.467708,-3.949417,13.907684,8.183297,19.072289,-3.389968,-10.786785,29.124011,-19.630161,-50.692256,-1.982716,0.330506,15.000033,6.280946,5.063253,4.855709,-0.223592,14.876489,-38.880240,65.910863,-11.546301,-1.461391,8.317997,23.641679,-39.821310,24.928800,-37.306275,19.374347,-20.985875,-3.058045
717.000000,-3.263110,0.116507,76.986565,2.842639,-5.002320,66.394256,-3.951092,13.993726,8.217566,19.047037,-3.360086,-10.808695,29.054204,-19.558409,-50.599525,-2.041758,0.298275,15.000033,6.329822,5.004925,4.812323,-0.190131,14.917684,-38.988708,65.884728,-11.561919,-1.496947,8.267016,23.709577,-39.784403,24.909701,-37.296459,19.073828,-20.800918,-3.400700
718.000000,-3.251847,0.138697,77.003740,2.771958,-4.996753,66.316516,-3.942821,14.089476,8.180661,19.114713,-3.393548,-10.746276,29.018814,-19.486241,-50.441416,-2.049092,0.311061,15.000033,6.411209,4.964775,4.808306,-0.188141,14.931668,-39.031873,65.941706,-11.577685,-1.495440,8.211439,23.764376,-39.779091,24.961450,-37.258486,18.500468,-20.695421,-3.581965
719.000000,-3.230787,0.161805,76.982878,2.769770,-4.994054,66.370002,-3.965679,14.077901,8.096362,19.164943,-3.516470,-10.746119,29.073620,-19.458013,-50.500920,-2.065908,0.270097,15.000033,6.379804,4.935224,4.690136,-0.101345,14.978900,-39.136947,65.935048,-11.434453,-1.639277,8.153239,23.819573,-39.753383,25.066437,-37.263040,18.676227,-20.783681,-3.671980
720.000000,-3.201984,0.186879,76.961054,2.832957,-5.057968,66.417307,-3.914145,13.985604,7.996410,19.221945,-3.597133,-10.731999,29.206181,-19.520135,-50.568696,-2.032641,0.225700,15.000033,6.372342,4.903643,4.705338,-0.027681,15.017214,-39.161612,65.911840,-11.472740,-1.652676,8.066886,23.875562,-39.729426,25.137243,-37.349988,18.656250,-20.706121,-3.828755
721.000000,-3.166313,0.213319,76.906467,2.927733,-5.059807,66.676341,-3.896849,13.826977,7.911962,19.054548,-3.738014,-10.700889,29.361162,-19.577874,-50.835566,-1.974365,0.297729,15.000033,6.256014,4.845567,4.697201,0.006895,15.058711,-39.137473,65.888131,-11.091765,-1.589825,7.848814,24.121735,-39.679852,25.076584,-37.538339,19.135380,-20.705360,-3.435880
722.000000,-3.130696,0.236193,76.861611,2.980530,-5.047947,66.766006,-3.908000,13.782047,7.916386,19.058031,-3.893988,-10.722043,29.442597,-19.598272,-50.990863,-1.980857,0.259133,15.000033,6.191805,4.816283,4.678122,0.088303,15.111669,-39.142821,65.830161,-10.843393,-1.603247,7.766761,24.316208,-39.600726,24.927431,-37.768656,19.501842,-20.647534,-3.149778
723.000000,-3.097762,0.256833,76.821691,2.975690,-4.976762,66.826630,-3.988051,13.851177,8.018976,19.102276,-4.085765,-10.656714,29.429701,-19.549309,-51.088593,-2.006292,0.292035,15.000033,6.300639,4.731378,4.624109,0.049664,15.178892,-39.234112,65.876481,-10.803267,-1.583449,7.605103,24.492297,-39.537937,24.970809,-37.843673,19.262964,-20.504290,-3.033323
724.000000,-3.071711,0.277231,76.778787,3.098138,-5.043584,67.101043,-3.970579,13.631128,7.851750,19.043938,-4.206409,-10.610573,29.673409,-19.636194,-51.435703,-1.962888,0.258180,15.000033,6.281608,4.638661,4.583147,0.062493,15.225908,-39.206678,65.780599,-10.725830,-1.616896,7.470246,24.766739,-39.481041,24.942136,-37.969295,19.670769,-20.173267,-2.755103
725.000000,-3.055344,0.293103,76.776549,3.143870,-5.042721,67.190281,-4.009575,13.582561,7.849699,19.104811,-4.323821,-10.576229,29.761460,-19.678789,-51.674346,-1.946233,0.280638,15.000033,6.321628,4.569626,4.505810,0.048716,15.272783,-39.246543,65.841051,-10.809551,-1.691953,7.622077,24.872694,-39.445345,24.945226,-38.094123,19.598772,-19.661903,-2.328980
