Frame,root_translateX,root_translateY,root_translateZ,root_rotateX,root_rotateY,root_rotateZ,left_hip_pitch_joint_dof,left_hip_roll_joint_dof,left_hip_yaw_joint_dof,left_knee_joint_dof,left_ankle_pitch_joint_dof,left_ankle_roll_joint_dof,right_hip_pitch_joint_dof,right_hip_roll_joint_dof,right_hip_yaw_joint_dof,right_knee_joint_dof,right_ankle_pitch_joint_dof,right_ankle_roll_joint_dof,waist_yaw_joint_dof,waist_roll_joint_dof,waist_pitch_joint_dof,left_shoulder_pitch_joint_dof,left_shoulder_roll_joint_dof,left_shoulder_yaw_joint_dof,left_elbow_joint_dof,left_wrist_roll_joint_dof,left_wrist_pitch_joint_dof,left_wrist_yaw_joint_dof,right_shoulder_pitch_joint_dof,right_shoulder_roll_joint_dof,right_shoulder_yaw_joint_dof,right_elbow_joint_dof,right_wrist_roll_joint_dof,right_wrist_pitch_joint_dof,right_wrist_yaw_joint_dof
0,1.781241,-13.284475,78.931397,1.729902,-11.149151,101.867045,4.800733,16.869892,18.957224,5.901249,1.391566,-11.679177,16.569769,-25.416277,-37.341809,4.726993,-0.135260,15.000035,0.280935,4.760142,6.840189,4.405699,20.374214,-35.371986,65.241898,-4.163845,1.669433,9.614002,44.206538,-43.167545,35.768878,-26.074377,19.649561,-30.314796,-8.800110
1,1.789766,-13.252222,78.929210,1.723256,-11.125510,101.960791,4.777483,16.872068,18.933491,5.899677,1.374829,-11.670023,16.602495,-25.412539,-37.413031,4.736037,-0.176395,15.000035,0.259305,4.760358,6.831891,4.453094,20.403278,-35.319280,65.139670,-4.207445,1.664025,9.564614,44.383501,-43.281480,35.783714,-26.130289,20.034503,-30.027244,-8.723758
2,1.794951,-13.219731,78.926992,1.716650,-11.101860,102.054526,4.754234,16.874246,18.909759,5.898105,1.358092,-11.660870,16.635221,-25.408802,-37.484253,4.745080,-0.217529,15.000035,0.237674,4.760573,6.823593,4.500489,20.432344,-35.266573,65.037442,-4.251046,1.658617,9.515227,44.560463,-43.395417,35.798551,-26.186201,20.419447,-29.739692,-8.647407
3,1.799247,-13.187164,78.924736,1.710084,-11.078198,102.148252,4.730984,16.876422,18.886025,5.896533,1.341354,-11.651717,16.667946,-25.405064,-37.555475,4.754124,-0.258664,15.000035,0.216044,4.760789,6.815296,4.547883,20.461408,-35.213867,64.935214,-4.294647,1.653208,9.465840,44.737426,-43.509352,35.813387,-26.242113,20.804389,-29.452140,-8.571055
4,1.803491,-13.154580,78.922449,1.703559,-11.054526,102.241966,4.707734,16.878598,18.862292,5.894960,1.324617,-11.642563,16.700673,-25.401326,-37.626697,4.763168,-0.299799,15.000035,0.194413,4.761004,6.806999,4.595278,20.490472,-35.161161,64.832986,-4.338247,1.647800,9.416453,44.914389,-43.623287,35.828223,-26.298025,21.189331,-29.164588,-8.494704
5,1.807665,-13.121974,78.920122,1.697073,-11.030844,102.335671,4.684485,16.880774,18.838560,5.893388,1.307880,-11.633410,16.733398,-25.397588,-37.697920,4.772212,-0.340934,15.000035,0.172783,4.761220,6.798701,4.642673,20.519537,-35.108455,64.730758,-4.381847,1.642391,9.367065,45.091351,-43.737223,35.843060,-26.353937,21.574274,-28.877036,-8.418352
6,1.811786,-13.089352,78.917765,1.690627,-11.007151,102.429366,4.661235,16.882951,18.814827,5.891817,1.291142,-11.624256,16.766124,-25.393851,-37.769142,4.781255,-0.382068,15.000035,0.151152,4.761436,6.790403,4.690067,20.548602,-35.055748,64.628530,-4.425447,1.636982,9.317678,45.268313,-43.851159,35.857896,-26.409849,21.959217,-28.589485,-8.342001
7,1.815838,-13.056709,78.915369,1.684221,-10.983448,102.523050,4.637986,16.885128,18.791094,5.890245,1.274405,-11.615103,16.798850,-25.390113,-37.840364,4.790299,-0.423203,15.000035,0.129523,4.761651,6.782105,4.737463,20.577666,-35.003042,64.526302,-4.469048,1.631575,9.268290,45.445276,-43.965094,35.872732,-26.465760,22.344159,-28.301932,-8.265648
8,1.819837,-13.024049,78.912942,1.677855,-10.959734,102.616724,4.614737,16.887304,18.767361,5.888673,1.257668,-11.605950,16.831575,-25.386375,-37.911586,4.799343,-0.464338,15.000035,0.107892,4.761867,6.773808,4.784857,20.606731,-34.950337,64.424075,-4.512648,1.626166,9.218903,45.622238,-44.079030,35.887570,-26.521672,22.729102,-28.014381,-8.189296
9,1.823769,-12.991369,78.910476,1.671529,-10.936010,102.710388,4.591487,16.889480,18.743628,5.887100,1.240931,-11.596796,16.864302,-25.382638,-37.982808,4.808386,-0.505473,15.000035,0.086262,4.762083,6.765510,4.832252,20.635796,-34.897631,64.321846,-4.556249,1.620758,9.169516,45.799201,-44.192966,35.902406,-26.577585,23.114044,-27.726828,-8.112945
10,1.827645,-12.958671,78.907979,1.665244,-10.912277,102.804041,4.568237,16.891658,18.719895,5.885528,1.224193,-11.587642,16.897027,-25.378899,-38.054030,4.817430,-0.546607,15.000035,0.064631,4.762298,6.757213,4.879647,20.664860,-34.844924,64.219619,-4.599849,1.615350,9.120129,45.976164,-44.306901,35.917242,-26.633497,23.498987,-27.439277,-8.036593
11,1.831797,-12.925951,78.905443,1.658997,-10.888533,102.897684,4.544988,16.893834,18.696163,5.883956,1.207456,-11.578489,16.929753,-25.375162,-38.125252,4.826474,-0.587742,15.000035,0.043001,4.762514,6.748915,4.927042,20.693925,-34.792218,64.117391,-4.643450,1.609941,9.070741,46.153126,-44.420837,35.932079,-26.689409,23.883930,-27.151725,-7.960242
12,1.837187,-12.893376,78.902887,1.652768,-10.864904,102.991094,4.521792,16.896039,18.672597,5.882407,1.190828,-11.569352,16.962429,-25.371418,-38.196391,4.835429,-0.628581,15.000035,0.021647,4.762707,6.740806,4.973877,20.723007,-34.739558,64.015568,-4.687182,1.604601,9.021544,46.329108,-44.533936,35.947169,-26.744938,24.265977,-26.865675,-7.884420
13,1.834873,-12.885685,78.901820,1.643031,-10.859165,103.052380,4.506300,16.902400,18.673026,5.884180,1.189835,-11.562613,16.987908,-25.366862,-38.255621,4.831611,-0.627023,15.000035,0.040042,4.759686,6.759667,4.940544,20.754667,-34.693500,63.971842,-4.749847,1.609110,8.999662,46.364490,-44.527153,35.998694,-26.745660,24.233070,-26.795020,-7.884544
14,1.833878,-12.877973,78.900744,1.633301,-10.853416,103.113663,4.490808,16.908760,18.673454,5.885953,1.188841,-11.555874,17.013388,-25.362305,-38.314851,4.827793,-0.625465,15.000035,0.058438,4.756666,6.778527,4.907211,20.786327,-34.647443,63.928115,-4.812512,1.613619,8.977779,46.399871,-44.520369,36.050219,-26.746383,24.200163,-26.724365,-7.884668
15,1.833194,-12.870250,78.899654,1.623577,-10.847657,103.174946,4.475317,16.915120,18.673883,5.887727,1.187847,-11.549134,17.038867,-25.357749,-38.374080,4.823975,-0.623909,15.000035,0.076832,4.753645,6.797388,4.873878,20.817986,-34.601385,63.884388,-4.875177,1.618128,8.955895,46.435253,-44.513586,36.101745,-26.747106,24.167257,-26.653710,-7.884792
16,1.832493,-12.862520,78.898555,1.613860,-10.841888,103.236225,4.459825,16.921481,18.674311,5.889500,1.186854,-11.542394,17.064346,-25.353192,-38.433309,4.820158,-0.622351,15.000035,0.095227,4.750625,6.816248,4.840544,20.849646,-34.555328,63.840662,-4.937842,1.622637,8.934013,46.470635,-44.506802,36.153270,-26.747829,24.134349,-26.583054,-7.884916
17,1.831775,-12.854783,78.897443,1.604150,-10.836108,103.297503,4.444333,16.927841,18.674740,5.891273,1.185860,-11.535654,17.089826,-25.348635,-38.492539,4.816340,-0.620793,15.000035,0.113622,4.747604,6.835110,4.807211,20.881306,-34.509270,63.796935,-5.000507,1.627146,8.912130,46.506016,-44.500019,36.204796,-26.748551,24.101443,-26.512399,-7.885040
18,1.831043,-12.847039,78.896320,1.594446,-10.830319,103.358778,4.428841,16.934202,18.675168,5.893046,1.184867,-11.528915,17.115306,-25.344079,-38.551769,4.812521,-0.619235,15.000035,0.132017,4.744584,6.853970,4.773879,20.912965,-34.463212,63.753209,-5.063171,1.631655,8.890248,46.541398,-44.493236,36.256320,-26.749274,24.068536,-26.441744,-7.885164
19,1.830292,-12.839289,78.895185,1.584749,-10.824518,103.420051,4.413350,16.940562,18.675597,5.894819,1.183874,-11.522175,17.140785,-25.339521,-38.610998,4.808704,-0.617678,15.000035,0.150412,4.741563,6.872831,4.740545,20.944625,-34.417155,63.709482,-5.125836,1.636163,8.868364,46.576780,-44.486453,36.307846,-26.749996,24.035629,-26.371088,-7.885288
20,1.829527,-12.831534,78.894040,1.575058,-10.818708,103.481322,4.397858,16.946922,18.676025,5.896592,1.182881,-11.515435,17.166264,-25.334964,-38.670228,4.804886,-0.616120,15.000035,0.168807,4.738542,6.891692,4.707212,20.976285,-34.371097,63.665755,-5.188502,1.640673,8.846481,46.612162,-44.479669,36.359371,-26.750718,24.002722,-26.300433,-7.885412
21,1.828744,-12.823770,78.892881,1.565373,-10.812888,103.542590,4.382366,16.953283,18.676454,5.898366,1.181887,-11.508696,17.191744,-25.330408,-38.729458,4.801068,-0.614562,15.000035,0.187202,4.735521,6.910553,4.673879,21.007944,-34.325040,63.622029,-5.251166,1.645182,8.824599,46.647543,-44.472886,36.410897,-26.751441,23.969815,-26.229777,-7.885536
22,1.827946,-12.816001,78.891714,1.555696,-10.807057,103.603857,4.366874,16.959644,18.676882,5.900139,1.180893,-11.501956,17.217224,-25.325851,-38.788687,4.797251,-0.613004,15.000035,0.205597,4.732501,6.929414,4.640546,21.039604,-34.278982,63.578303,-5.313831,1.649690,8.802716,46.682924,-44.466103,36.462422,-26.752163,23.936908,-26.159122,-7.885660
23,1.827130,-12.808225,78.890532,1.546024,-10.801216,103.665121,4.351383,16.966003,18.677311,5.901912,1.179900,-11.495217,17.242703,-25.321294,-38.847917,4.793432,-0.611447,15.000035,0.223992,4.729480,6.948274,4.607213,21.071263,-34.232925,63.534576,-5.376496,1.654199,8.780832,46.718307,-44.459319,36.513947,-26.752886,23.904002,-26.088467,-7.885784
24,1.827858,-12.798830,78.889339,1.536359,-10.795366,103.726383,4.335891,16.972364,18.677739,5.903686,1.178906,-11.488477,17.268182,-25.316738,-38.907146,4.789615,-0.609889,15.000035,0.242387,4.726460,6.967134,4.573879,21.102924,-34.186867,63.490849,-5.439161,1.658708,8.758950,46.753688,-44.452536,36.565473,-26.753609,23.871094,-26.017811,-7.885908
25,1.826345,-12.797045,78.888690,1.527050,-10.790610,103.773888,4.317661,16.972265,18.659142,5.904801,1.176105,-11.485471,17.282472,-25.313753,-38.947161,4.787072,-0.600583,15.000035,0.255205,4.725226,6.988049,4.558561,21.124860,-34.129003,63.452652,-5.459799,1.669857,8.733385,46.806993,-44.433921,36.587527,-26.752120,23.815256,-25.997256,-7.877143
26,1.816703,-12.813639,78.889071,1.518398,-10.787923,103.795571,4.294290,16.960037,18.604831,5.904685,1.169908,-11.489474,17.275756,-25.313719,-38.951110,4.786924,-0.576732,15.000035,0.257557,4.727348,7.012817,4.577059,21.128547,-34.048979,63.424835,-5.401548,1.693470,8.700908,46.893941,-44.393097,36.554263,-26.746480,23.716374,-26.070744,-7.851694
27,1.809999,-12.827203,78.889452,1.509748,-10.785232,103.817255,4.270920,16.947811,18.550519,5.904568,1.163712,-11.493477,17.269041,-25.313685,-38.955060,4.786775,-0.552880,15.000035,0.259908,4.729469,7.037586,4.595556,21.132234,-33.968954,63.397019,-5.343297,1.717085,8.668431,46.980889,-44.352274,36.520997,-26.740841,23.617492,-26.144231,-7.826244
28,1.803306,-12.840773,78.889832,1.501099,-10.782538,103.838938,4.247549,16.935584,18.496208,5.904452,1.157516,-11.497481,17.262325,-25.313650,-38.959009,4.786627,-0.529028,15.000035,0.262260,4.731589,7.062353,4.614053,21.135921,-33.888929,63.369202,-5.285047,1.740698,8.635955,47.067838,-44.311449,36.487733,-26.735202,23.518609,-26.217719,-7.800794
29,1.796628,-12.854350,78.890210,1.492451,-10.779842,103.860619,4.224179,16.923358,18.441897,5.904335,1.151319,-11.501484,17.255610,-25.313617,-38.962958,4.786478,-0.505178,15.000035,0.264612,4.733711,7.087122,4.632551,21.139608,-33.808905,63.341385,-5.226796,1.764311,8.603478,47.154786,-44.270625,36.454469,-26.729562,23.419727,-26.291206,-7.775344
30,1.789963,-12.867933,78.890586,1.483803,-10.777142,103.882301,4.200808,16.911131,18.387586,5.904219,1.145123,-11.505486,17.248895,-25.313582,-38.966907,4.786329,-0.481326,15.000035,0.266963,4.735832,7.111890,4.651047,21.143295,-33.728880,63.313569,-5.168546,1.787925,8.571001,47.241734,-44.229802,36.421204,-26.723922,23.320845,-26.364694,-7.749894
31,1.783312,-12.881522,78.890961,1.475157,-10.774439,103.903982,4.177438,16.898905,18.333275,5.904102,1.138927,-11.509489,17.242179,-25.313548,-38.970856,4.786180,-0.457475,15.000035,0.269315,4.737953,7.136659,4.669545,21.146982,-33.648856,63.285752,-5.110295,1.811538,8.538524,47.328682,-44.188978,36.387939,-26.718283,23.221963,-26.438181,-7.724445
32,1.776673,-12.895117,78.891335,1.466512,-10.771732,103.925662,4.154067,16.886679,18.278964,5.903985,1.132731,-11.513492,17.235464,-25.313514,-38.974805,4.786031,-0.433623,15.000035,0.271666,4.740074,7.161428,4.688043,21.150668,-33.568831,63.257935,-5.052045,1.835151,8.506047,47.415630,-44.148155,36.354674,-26.712644,23.123080,-26.511669,-7.698995
33,1.770049,-12.908718,78.891708,1.457869,-10.769023,103.947342,4.130697,16.874452,18.224653,5.903869,1.126534,-11.517495,17.228749,-25.313480,-38.978755,4.785883,-0.409772,15.000035,0.274017,4.742195,7.186195,4.706539,21.154355,-33.488807,63.230119,-4.993795,1.858765,8.473571,47.502579,-44.107331,36.321410,-26.707004,23.024198,-26.585156,-7.673545
34,1.763437,-12.922325,78.892078,1.449226,-10.766310,103.969021,4.107326,16.862226,18.170342,5.903752,1.120337,-11.521498,17.222033,-25.313446,-38.982704,4.785734,-0.385921,15.000035,0.276369,4.744317,7.210964,4.725037,21.158042,-33.408782,63.202302,-4.935544,1.882379,8.441093,47.589527,-44.066508,36.288145,-26.701364,22.925316,-26.658644,-7.648095
35,1.756841,-12.935938,78.892447,1.440585,-10.763594,103.990699,4.083955,16.849999,18.116031,5.903636,1.114141,-11.525501,17.215317,-25.313412,-38.986652,4.785585,-0.362069,15.000035,0.278721,4.746437,7.235732,4.743534,21.161729,-33.328757,63.174485,-4.877293,1.905992,8.408617,47.676475,-44.025683,36.254881,-26.695725,22.826434,-26.732132,-7.622645
36,1.750237,-12.949591,78.892816,1.431944,-10.760874,104.012377,4.060585,16.837773,18.061719,5.903519,1.107945,-11.529504,17.208602,-25.313377,-38.990602,4.785437,-0.338217,15.000035,0.281072,4.748558,7.260501,4.762031,21.165416,-33.248733,63.146669,-4.819043,1.929606,8.376140,47.763423,-43.984859,36.221616,-26.690086,22.727552,-26.805618,-7.597195
37,1.742373,-12.965458,78.893182,1.423305,-10.758151,104.034054,4.037214,16.825546,18.007408,5.903402,1.101749,-11.533507,17.201887,-25.313344,-38.994551,4.785288,-0.314366,15.000035,0.283424,4.750680,7.285269,4.780529,21.169103,-33.168708,63.118852,-4.760792,1.953219,8.343664,47.850371,-43.944036,36.188351,-26.684446,22.628669,-26.879106,-7.571746
38,1.733120,-12.978028,78.889546,1.410686,-10.759910,104.041776,4.023307,16.817046,17.958625,5.903461,1.096894,-11.526848,17.195991,-25.310942,-38.995003,4.787395,-0.301619,15.000035,0.281118,4.735202,7.295973,4.805391,21.163834,-33.122950,63.131712,-4.744217,1.966667,8.292529,47.939083,-43.882032,36.106560,-26.653810,22.672295,-26.913847,-7.555328
39,1.722259,-12.990814,78.884095,1.396261,-10.763700,104.043177,4.013685,16.810233,17.912345,5.903599,1.092647,-11.515360,17.190466,-25.307467,-38.993873,4.790522,-0.293902,15.000035,0.276703,4.711752,7.300306,4.833135,21.154509,-33.092714,63.163001,-4.746519,1.975510,8.232941,48.028594,-43.810433,36.002785,-26.611850,22.780479,-26.931035,-7.543000
40,1.710783,-13.004672,78.878639,1.381837,-10.767488,104.044578,4.004064,16.803421,17.866066,5.903738,1.088401,-11.503871,17.184940,-25.303993,-38.992741,4.793650,-0.286186,15.000035,0.272286,4.688302,7.304639,4.860880,21.145184,-33.062479,63.194290,-4.748823,1.984353,8.173354,48.118105,-43.738833,35.899009,-26.569890,22.888662,-26.948223,-7.530673
41,1.699312,-13.018532,78.873180,1.367413,-10.771277,104.045982,3.994443,16.796607,17.819787,5.903876,1.084154,-11.492383,17.179416,-25.300518,-38.991610,4.796777,-0.278469,15.000035,0.267870,4.664852,7.308972,4.888624,21.135858,-33.032244,63.225578,-4.751126,1.993195,8.113767,48.207616,-43.667235,35.795234,-26.527930,22.996846,-26.965411,-7.518346
42,1.687843,-13.032398,78.867716,1.352988,-10.775065,104.047386,3.984822,16.789795,17.773508,5.904014,1.079907,-11.480893,17.173891,-25.297044,-38.990479,4.799905,-0.270752,15.000035,0.263455,4.641402,7.313305,4.916368,21.126533,-33.002009,63.256867,-4.753429,2.002038,8.054180,48.297127,-43.595636,35.691460,-26.485970,23.105030,-26.982599,-7.506019
43,1.676377,-13.046267,78.862249,1.338563,-10.778853,104.048791,3.975200,16.782982,17.727229,5.904152,1.075661,-11.469405,17.168366,-25.293569,-38.989347,4.803033,-0.263035,15.000035,0.259039,4.617952,7.317638,4.944113,21.117208,-32.971773,63.288155,-4.755733,2.010882,7.994593,48.386638,-43.524037,35.587685,-26.444010,23.213214,-26.999787,-7.493691
44,1.664912,-13.060140,78.856778,1.324138,-10.782640,104.050197,3.965579,16.776170,17.680950,5.904292,1.071414,-11.457916,17.162841,-25.290095,-38.988216,4.806160,-0.255318,15.000035,0.254623,4.594502,7.321971,4.971857,21.107882,-32.941538,63.319445,-4.758036,2.019725,7.935005,48.476149,-43.452437,35.483910,-26.402049,23.321399,-27.016976,-7.481365
45,1.653451,-13.074018,78.851303,1.309712,-10.786427,104.051604,3.955958,16.769358,17.634671,5.904430,1.067167,-11.446428,17.157316,-25.286620,-38.987085,4.809288,-0.247601,15.000035,0.250207,4.571052,7.326304,4.999602,21.098557,-32.911302,63.350733,-4.760339,2.028568,7.875418,48.565660,-43.380838,35.380134,-26.360089,23.429583,-27.034164,-7.469038
46,1.641992,-13.087899,78.845824,1.295287,-10.790215,104.053012,3.946336,16.762545,17.588392,5.904568,1.062920,-11.434939,17.151791,-25.283146,-38.985953,4.812416,-0.239884,15.000035,0.245792,4.547602,7.330637,5.027346,21.089232,-32.881067,63.382022,-4.762642,2.037411,7.815830,48.655170,-43.309239,35.276360,-26.318130,23.537767,-27.051351,-7.456711
47,1.630536,-13.101785,78.840341,1.280861,-10.794000,104.054421,3.936715,16.755732,17.542113,5.904706,1.058674,-11.423450,17.146267,-25.279671,-38.984822,4.815543,-0.232168,15.000035,0.241376,4.524152,7.334970,5.055090,21.079906,-32.850832,63.413311,-4.764945,2.046253,7.756244,48.744681,-43.237641,35.172584,-26.276169,23.645951,-27.068539,-7.444383
48,1.619083,-13.115673,78.834854,1.266434,-10.797787,104.055831,3.927093,16.748919,17.495833,5.904845,1.054427,-11.411962,17.140741,-25.276197,-38.983691,4.818671,-0.224451,15.000035,0.236960,4.500702,7.339303,5.082835,21.070582,-32.820597,63.444599,-4.767249,2.055096,7.696657,48.834193,-43.166041,35.068809,-26.234209,23.754135,-27.085727,-7.432056
49,1.606455,-13.125885,78.829363,1.252008,-10.801572,104.057242,3.917472,16.742107,17.449554,5.904983,1.050180,-11.400473,17.135216,-25.272722,-38.982560,4.821798,-0.216734,15.000035,0.232544,4.477252,7.343636,5.110579,21.061256,-32.790361,63.475888,-4.769552,2.063939,7.637069,48.923703,-43.094442,34.965034,-26.192249,23.862319,-27.102915,-7.419729
50,1.591730,-13.122569,78.824932,1.239280,-10.804133,104.056754,3.907559,16.736156,17.406525,5.905203,1.046767,-11.392142,17.128024,-25.268971,-38.978896,4.824967,-0.209256,15.000035,0.226415,4.451669,7.347022,5.149733,21.055559,-32.753273,63.502668,-4.769378,2.069099,7.581188,49.024282,-43.018646,34.825371,-26.144024,24.006161,-27.124839,-7.426091
51,1.649950,-13.115001,78.856113,1.283547,-10.765860,103.992424,3.887802,16.759176,17.472830,5.908169,1.071413,-11.490029,17.064746,-25.255905,-38.890030,4.829516,-0.209810,15.000035,0.162626,4.354345,7.318533,5.572704,21.171911,-32.485636,63.377808,-4.685847,1.950366,7.649985,49.497181,-42.801678,33.478442,-25.885046,25.349539,-27.306086,-8.061158
52,1.703770,-13.094250,78.887100,1.327662,-10.727776,103.928151,3.868046,16.782197,17.539135,5.911136,1.096058,-11.587916,17.001468,-25.242840,-38.801165,4.834065,-0.210365,15.000035,0.098838,4.257020,7.290044,5.995675,21.288262,-32.217999,63.252948,-4.602317,1.831633,7.718781,49.970079,-42.584710,32.131513,-25.626068,26.692915,-27.487334,-8.696226
53,1.756643,-13.070099,78.918079,1.371844,-10.689373,103.863895,3.848289,16.805218,17.605439,5.914103,1.120703,-11.685803,16.938190,-25.229774,-38.712299,4.838613,-0.210919,15.000035,0.035050,4.159695,7.261554,6.418645,21.404613,-31.950362,63.128088,-4.518787,1.712900,7.787578,50.442978,-42.367743,30.784584,-25.367090,28.036293,-27.668580,-9.331293
54,1.809516,-13.045913,78.948992,1.416011,-10.650834,103.799670,3.828532,16.828240,17.671743,5.917070,1.145348,-11.760293,16.874912,-25.216709,-38.623433,4.843162,-0.211473,15.000035,-0.028739,4.062371,7.233066,6.841615,21.520965,-31.682726,63.003228,-4.435258,1.594167,7.856375,50.915877,-42.150774,29.437655,-25.108112,29.379671,-27.849827,-9.966360
55,1.862390,-13.021679,78.979829,1.460172,-10.612146,103.735476,3.808776,16.851260,17.738049,5.920037,1.169993,-11.381577,16.811634,-25.203643,-38.534568,4.847710,-0.212028,15.000035,-0.092527,3.965045,7.204576,7.264587,21.637316,-31.415089,62.878368,-4.351727,1.475435,7.925172,51.388775,-41.933806,28.090725,-24.849134,30.723048,-28.031075,-10.601427
56,1.915265,-12.997407,79.010601,1.504319,-10.573323,103.671315,3.789019,16.874281,17.804353,5.923004,1.194639,-11.479464,16.748356,-25.190578,-38.445703,4.852259,-0.212582,15.000035,-0.156315,3.867720,7.176087,7.687557,21.753668,-31.147452,62.753508,-4.268197,1.356701,7.993968,51.861674,-41.716838,26.743796,-24.590157,32.066425,-28.212321,-11.236494
57,1.968139,-12.973089,79.041296,1.548458,-10.534350,103.607183,3.769263,16.897302,17.870658,5.925970,1.219284,-11.577351,16.685078,-25.177513,-38.356837,4.856807,-0.213136,15.000035,-0.220104,3.770396,7.147598,8.110527,21.870019,-30.879815,62.628647,-4.184667,1.237968,8.062764,52.334573,-41.499871,25.396867,-24.331178,33.409802,-28.393568,-11.871561
58,2.021015,-12.948731,79.071927,1.592582,-10.495243,103.543085,3.749506,16.920323,17.936962,5.928937,1.243929,-11.675238,16.621800,-25.164446,-38.267971,4.861356,-0.213691,15.000035,-0.283892,3.673071,7.119109,8.533498,21.986370,-30.612179,62.503787,-4.101137,1.119235,8.131561,52.807471,-41.282902,24.049938,-24.072201,34.753179,-28.574815,-12.506629
59,2.073891,-12.924327,79.102481,1.636699,-10.455985,103.479017,3.729750,16.943344,18.003267,5.931904,1.268574,-11.773125,16.558522,-25.151381,-38.179106,4.865904,-0.214244,15.000035,-0.347680,3.575746,7.090620,8.956469,22.102722,-30.344542,62.378927,-4.017607,1.000502,8.200358,53.280370,-41.065934,22.703008,-23.813222,36.096557,-28.756063,-13.141695
60,2.126769,-12.899886,79.132969,1.680800,-10.416595,103.414982,3.709994,16.966365,18.069572,5.934871,1.293219,-11.871013,16.495244,-25.138315,-38.090240,4.870453,-0.214799,15.000035,-0.411469,3.478421,7.062131,9.379440,22.219074,-30.076905,62.254067,-3.934076,0.881770,8.269154,53.753269,-40.848966,21.356079,-23.554244,37.439934,-28.937310,-13.776762
61,2.179645,-12.875401,79.163381,1.724893,-10.377053,103.350978,3.690237,16.989386,18.135876,5.937838,1.317865,-11.968900,16.431966,-25.125250,-38.001375,4.875002,-0.215353,15.000035,-0.475257,3.381096,7.033642,9.802410,22.335424,-29.809268,62.129207,-3.850547,0.763036,8.337951,54.226168,-40.631999,20.009150,-23.295267,38.783311,-29.118556,-14.411830
62,2.234041,-12.841731,79.193865,1.769116,-10.337024,103.286980,3.670480,17.012407,18.202181,5.940804,1.342509,-12.066787,16.368688,-25.112184,-37.912509,4.879550,-0.215908,15.000035,-0.539045,3.283772,7.005153,10.225380,22.451776,-29.541631,62.004346,-3.767017,0.644304,8.406748,54.699066,-40.415030,18.662220,-23.036288,40.126689,-29.299803,-15.046896
63,2.247492,-12.821736,79.206018,1.802318,-10.288239,103.017286,3.565982,17.107217,18.342222,6.234029,1.210502,-12.125610,16.221068,-25.129564,-37.781036,4.906648,-0.208406,15.000035,-0.432164,3.141017,7.123439,10.532277,22.741412,-29.046225,61.469655,-3.725285,0.520390,8.469265,53.651296,-40.036194,17.653943,-20.430923,40.658654,-28.569719,-15.306972
64,2.190067,-12.838510,79.187881,1.818299,-10.222722,102.396302,3.316893,17.324520,18.608076,7.022506,0.811208,-12.117782,15.929541,-25.198891,-37.576861,4.972218,-0.187158,15.000035,-0.034079,2.920749,7.492160,10.641120,23.326714,-28.162189,60.235686,-3.754873,0.387640,8.521066,50.008882,-39.381169,17.223490,-13.822034,39.806149,-26.284675,-14.927218
65,2.135847,-12.839290,79.170374,1.836679,-10.156325,101.774894,3.067804,17.541822,18.873930,7.810983,0.411913,-12.109953,15.638013,-25.268217,-37.372688,5.037789,-0.165911,15.000035,0.364007,2.700479,7.860880,10.749964,23.912016,-27.278153,59.001719,-3.784461,0.254888,8.572869,46.366469,-38.726144,16.793038,-7.213144,38.953644,-23.999631,-14.547464
66,2.081641,-12.839181,79.153407,1.856952,-10.089140,101.153163,2.818715,17.759124,19.139784,8.599460,0.012619,-12.102125,15.346485,-25.337543,-37.168515,5.103360,-0.144663,15.000035,0.762093,2.480210,8.229601,10.858808,24.497318,-26.394117,57.767751,-3.814048,0.122137,8.624671,42.724056,-38.071119,16.362585,-0.604254,38.101138,-21.714587,-14.167709
67,2.027469,-12.838023,79.137096,1.879603,-10.021039,100.531030,2.569627,17.976426,19.405638,9.387937,-0.386676,-12.094296,15.054958,-25.406869,-36.964340,5.168931,-0.123416,15.000035,1.160178,2.259942,8.598321,10.967651,25.082620,-25.510080,56.533783,-3.843637,-0.010614,8.676472,39.081643,-37.416095,15.932132,6.004635,37.248633,-19.429543,-13.787955
68,1.973339,-12.835998,79.121348,1.904130,-9.952113,99.908593,2.320538,18.193728,19.671492,10.176414,-0.785970,-12.086468,14.763429,-25.476196,-36.760167,5.234501,-0.102168,15.000035,1.558263,2.039672,8.967041,11.076494,25.667922,-24.626044,55.299815,-3.873225,-0.143365,8.728275,35.439229,-36.761070,15.501679,12.613524,36.396128,-17.144499,-13.408200
69,1.919273,-12.832952,79.106279,1.931011,-9.882238,99.285775,2.071449,18.411030,19.937346,10.964891,-1.185265,-12.078640,14.471902,-25.545522,-36.555993,5.300073,-0.080921,15.000035,1.956349,1.819403,9.335762,11.185338,26.253224,-23.742007,54.065847,-3.902812,-0.276117,8.780077,31.796816,-36.106045,15.071227,19.222414,35.543622,-14.859455,-13.028447
70,1.865278,-12.829059,79.091793,1.959749,-9.811501,98.662673,1.822361,18.628332,20.203200,11.753368,-1.584560,-12.070812,14.180375,-25.614849,-36.351819,5.365644,-0.059673,15.000035,2.354435,1.599135,9.704483,11.294182,26.838526,-22.857971,52.831879,-3.932400,-0.408868,8.831879,28.154403,-35.451020,14.640774,25.831304,34.691116,-12.574411,-12.648693
71,1.811380,-12.824173,79.078010,1.990819,-9.739782,98.039213,1.573272,18.845635,20.469054,12.541845,-1.983854,-12.062983,13.888846,-25.684175,-36.147646,5.431214,-0.038425,15.000035,2.752520,1.378865,10.073203,11.403025,27.423828,-21.973935,51.597912,-3.961988,-0.541619,8.883681,24.511990,-34.795995,14.210321,32.440193,33.838612,-10.289368,-12.268938
72,1.757578,-12.818462,79.064830,2.023726,-9.667164,97.415488,1.324183,19.062937,20.734908,13.330322,-2.383149,-12.055155,13.597319,-25.753502,-35.943471,5.496786,-0.017178,15.000035,3.150606,1.158596,10.441924,11.511869,28.009130,-21.089898,50.363943,-3.991576,-0.674370,8.935482,20.869576,-34.140970,13.779868,39.049082,32.986106,-8.004324,-11.889184
73,1.703905,-12.811785,79.052374,2.058937,-9.593530,96.791429,1.075094,19.280239,21.000761,14.118799,-2.782443,-12.047326,13.305791,-25.822827,-35.739298,5.562356,0.004069,15.000035,3.548691,0.938328,10.810645,11.620712,28.594432,-20.205862,49.129976,-4.021164,-0.807121,8.987285,17.227163,-33.485946,13.349415,45.657972,32.133600,-5.719279,-11.509430
74,1.652029,-12.804791,79.040540,2.095965,-9.518962,96.167125,0.826006,19.497541,21.266616,14.907276,-3.181738,-12.039498,13.014263,-25.892154,-35.535125,5.627927,0.025317,15.000035,3.946777,0.718058,11.179365,11.729556,29.179734,-19.321826,47.896008,-4.050751,-0.939873,9.039087,13.584750,-32.830921,12.918963,52.266862,31.281096,-3.434235,-11.129676
75,1.652367,-12.812224,79.029449,2.135274,-9.443344,95.542511,0.576916,19.714844,21.532469,15.695753,-3.581032,-12.031669,12.722736,-25.961481,-35.330950,5.693498,0.046565,15.000035,4.344863,0.497789,11.548086,11.838400,29.765036,-18.437789,46.662040,-4.080339,-1.072623,9.090889,9.942337,-32.175896,12.488510,58.875751,30.428590,-1.149191,-10.749921
76,1.452882,-12.974912,79.035442,2.027629,-9.568184,94.200118,0.863996,19.907883,21.975106,15.829834,-3.740156,-12.181591,12.243834,-25.743538,-34.197114,5.735080,0.326116,15.000035,4.144441,0.113204,11.486585,12.716141,30.392410,-17.849748,46.695010,-3.804989,-1.180870,9.177384,3.041063,-31.636169,14.596470,58.547111,29.700963,-0.573851,-9.985376
77,1.213740,-13.209577,79.046289,1.869952,-9.776746,92.563687,1.369902,20.091019,22.489893,15.696837,-3.801258,-12.112532,11.688460,-25.408352,-32.683855,5.766871,0.711088,15.000034,3.699752,-0.338446,11.249497,13.907694,31.036954,-17.382509,47.245056,-3.405183,-1.279115,9.278038,-5.190252,-31.143497,17.740433,55.387055,29.024305,-0.696292,-9.063785
78,0.998343,-13.448202,79.061319,1.723794,-9.987251,90.925927,1.875807,20.274156,23.004680,15.563839,-3.862362,-12.110198,11.133085,-25.073165,-31.170596,5.798663,1.096060,15.000033,3.255063,-0.790094,11.012411,15.099245,31.681498,-16.915271,47.795101,-3.005378,-1.377360,9.378691,-13.421565,-30.650826,20.884395,52.227000,28.347645,-0.818734,-8.142194
79,0.781953,-13.683405,79.073470,1.590380,-10.198912,89.286544,2.381713,20.457292,23.519467,15.430842,-3.923464,-12.040273,10.577710,-24.737979,-29.657338,5.830455,1.481031,15.000033,2.810373,-1.241743,10.775323,16.290798,32.326042,-16.448032,48.345146,-2.605574,-1.475606,9.479345,-21.652879,-30.158153,24.028358,49.066945,27.670986,-0.941175,-7.220604
80,0.564896,-13.915750,79.082143,1.468923,-10.411768,87.645563,2.887619,20.640429,24.034254,15.297844,-3.984566,-12.038806,10.022336,-24.402793,-28.144079,5.862246,1.866004,14.500033,2.365683,-1.693391,10.538236,17.482349,32.970586,-15.980794,48.895191,-2.205768,-1.573851,9.579999,-29.884193,-29.665482,27.172321,45.906890,26.994327,-1.063617,-6.299013
81,0.347244,-14.144801,79.075604,1.360668,-10.624998,86.002661,3.393525,20.823566,24.549041,15.164847,-4.045670,-11.968014,9.466961,-24.067607,-26.630819,5.894038,2.250976,14.500033,1.920994,-2.145040,10.301149,18.673901,33.615130,-15.513556,49.445237,-1.805963,-1.672096,9.680653,-38.115507,-29.172810,30.316283,42.746834,26.317667,-1.186058,-5.377423
82,0.129246,-14.371105,79.065505,1.264754,-10.838619,84.357879,3.899431,21.006702,25.063828,15.031849,-4.106772,-11.967413,8.911586,-23.732421,-25.117560,5.925829,2.635948,14.500033,1.476305,-2.596689,10.064062,19.865453,34.259675,-15.046317,49.995282,-1.406158,-1.770342,9.781306,-46.346821,-28.680139,33.460245,39.586779,25.641008,-1.308500,-4.455832
83,-0.088992,-14.594252,79.051290,1.182439,-11.051769,82.710870,4.405336,21.189839,25.578615,14.898852,-4.167875,-11.895755,8.356212,-23.397234,-23.604301,5.957620,3.020920,14.500033,1.031615,-3.048337,9.826975,21.057005,34.904220,-14.579079,50.545328,-1.006352,-1.868588,9.881960,-54.578135,-28.187467,36.604208,36.426723,24.964348,-1.430941,-3.534242
84,-0.307292,-14.814763,79.033618,1.112789,-11.264456,81.061693,4.911242,21.372976,26.093403,14.765855,-4.228977,-11.896021,7.800837,-23.062049,-22.091042,5.989412,3.405893,14.500033,0.586925,-3.499985,9.589888,22.248557,35.548764,-14.111841,51.095374,-0.606547,-1.966833,9.982615,-62.809448,-27.694796,39.748171,33.266668,24.287689,-1.553382,-2.612651
85,-0.525517,-15.032260,79.013448,1.057067,-11.475774,79.409975,5.417148,21.556112,26.608189,14.632857,-4.290080,-12.110325,7.245462,-22.726862,-20.577783,6.021204,3.790864,14.500033,0.142236,-3.951635,9.352800,23.440109,36.193308,-13.644602,51.645419,-0.206742,-2.065078,10.083269,-71.040763,-27.202124,42.892133,30.106613,23.611030,-1.675824,-1.691060
86,-0.743555,-15.247238,78.992070,1.014265,-11.685728,77.755803,5.923054,21.739248,27.122976,14.499859,-4.351183,-12.287367,6.690088,-22.391676,-19.064524,6.052996,4.175836,14.500033,-0.302453,-4.403283,9.115714,24.631661,36.837852,-13.177364,52.195464,0.193063,-2.163323,10.183922,-79.272076,-26.709452,46.036096,26.946558,22.934370,-1.798266,-0.769470
87,-0.923905,-15.465426,78.965672,0.985643,-11.893373,76.098783,6.428959,21.922385,27.637764,14.366862,-4.412286,-12.038933,6.134713,-22.056490,-17.551265,6.084787,4.560809,14.500033,-0.747143,-4.854932,8.878626,25.823213,37.482396,-12.710126,52.745510,0.592868,-2.261568,10.284576,-87.503390,-26.216781,49.180059,23.786502,22.257711,-1.920707,0.152121
88,-0.991855,-15.729957,78.930412,0.982153,-12.114827,74.443457,6.916744,22.083726,28.073287,14.204667,-4.415133,-12.243377,5.584412,-21.738446,-16.062610,6.115594,4.938099,14.500033,-1.223209,-5.269999,8.635384,26.991297,38.048396,-12.295380,53.339661,0.934885,-2.347058,10.367512,-95.582383,-25.859237,52.309951,20.915596,21.715394,-2.079124,0.985624
89,-1.305511,-16.522348,78.798562,1.216203,-12.633188,72.866765,7.065988,21.837876,27.028033,13.497009,-3.329660,-12.552198,5.128888,-21.740646,-15.033602,6.128006,5.171888,14.211471,-2.285438,-5.001667,8.277159,27.720963,37.147049,-12.861281,54.757799,0.197303,-2.194253,10.119443,-100.815746,-28.026130,55.176991,23.446526,23.682835,-2.909646,0.173486
90,-1.535768,-17.335266,78.633246,1.449850,-13.151165,71.287277,7.215232,21.592026,25.982779,12.789351,-2.244187,-12.783895,4.673365,-21.742846,-14.004594,6.140419,5.405677,14.000033,-3.347667,-4.733335,7.918935,28.450629,36.245702,-13.427182,56.175937,-0.540278,-2.041448,9.871374,-106.049109,-30.193021,58.044029,25.977455,25.650275,-3.740167,-0.638652
91,-1.798385,-18.147941,78.448164,1.680475,-13.669403,69.705658,7.364476,21.346176,24.937525,12.081693,-1.158714,-12.804152,4.217842,-21.745046,-12.975585,6.152832,5.639467,14.000033,-4.409896,-4.465001,7.560710,29.180293,35.344356,-13.993083,57.594075,-1.277859,-1.888643,9.623305,-111.282473,-32.359914,60.911068,28.508385,27.617716,-4.570689,-1.450790
92,-2.112946,-18.953264,78.253730,1.910612,-14.186685,68.121629,7.513720,21.100327,23.892270,11.374036,-0.073241,-13.324411,3.762319,-21.747246,-11.946577,6.165245,5.873256,14.000033,-5.472124,-4.196669,7.202485,29.909959,34.443009,-14.558983,59.012212,-2.015441,-1.735837,9.375236,-116.515836,-34.526807,63.778108,31.039314,29.585156,-5.401211,-2.262927
93,-2.487668,-19.746391,78.036830,2.137638,-14.703546,66.535959,7.662964,20.854477,22.847016,10.666377,1.012232,-13.344670,3.306795,-21.749446,-10.917569,6.177657,6.107045,14.000033,-6.534354,-3.928336,6.844260,30.639625,33.541663,-15.124885,60.430351,-2.753022,-1.583033,9.127167,-121.749199,-36.693699,66.645147,33.570244,31.552596,-6.231733,-3.075065
94,-2.913656,-20.525798,77.799306,2.364090,-15.218895,64.948275,7.812209,20.608627,21.801762,9.958720,2.097705,-13.864928,2.851272,-21.751646,-9.888561,6.190071,6.340834,13.500033,-7.596583,-3.660004,6.486035,31.369291,32.640316,-15.690786,61.848488,-3.490603,-1.430228,8.879098,-126.982562,-38.860591,69.512185,36.101173,33.520037,-7.062255,-3.887203
95,-3.398481,-21.285685,77.535904,2.587347,-15.733162,63.359444,7.961453,20.362778,20.756508,9.251062,3.183178,-13.885186,2.395748,-21.753847,-8.859553,6.202483,6.574624,13.500033,-8.658811,-3.391670,6.127810,32.098956,31.738969,-16.256687,63.266626,-4.228186,-1.277422,8.631028,-132.215925,-41.027483,72.379225,38.632102,35.487478,-7.892776,-4.699340
96,-3.933119,-22.025602,77.289288,2.809943,-16.245381,61.768999,8.110697,20.116927,19.711254,8.543403,4.268651,-14.405445,1.940225,-21.756047,-7.830545,6.214896,6.808413,13.500033,-9.721040,-3.123338,5.769586,32.828621,30.837622,-16.822587,64.684764,-4.965767,-1.124617,8.382959,-137.449288,-43.194375,75.246263,41.163031,37.454918,-8.723298,-5.511478
97,-4.524391,-22.738892,77.135242,3.029266,-16.755879,60.177898,8.259941,19.871078,18.666000,7.835745,5.354124,-14.425704,1.484701,-21.758247,-6.801536,6.227309,7.042202,13.500033,-10.783269,-2.855006,5.411360,33.558287,29.936275,-17.388489,66.102902,-5.703348,-0.971812,8.134890,-142.682651,-45.361267,78.113302,43.693961,39.422359,-9.553820,-6.323615
98,-5.163274,-23.426179,76.985335,3.247841,-17.263815,58.585580,8.409185,19.625228,17.620745,7.128087,6.439597,-14.945962,1.029179,-21.760446,-5.772528,6.239721,7.775991,13.542494,-11.845498,-2.586673,5.053136,34.287953,29.034929,-17.954390,67.521040,-6.440930,-0.819007,7.886822,-147.916015,-47.528160,80.980342,46.224891,41.389799,-10.384342,-7.135753
99,-5.855745,-24.080056,76.817343,3.463071,-17.769417,56.993086,8.558429,19.379378,16.575492,6.420430,7.525069,-14.982753,0.573655,-21.762647,-4.743520,6.252134,8.302675,14.000033,-12.907727,-2.318340,4.694911,35.017618,28.133582,-18.520291,68.939177,-7.178511,-0.666202,7.638753,-153.149378,-49.695052,83.847381,48.755820,43.357240,-11.214864,-7.947891
100,-6.560060,-24.672620,76.666170,3.677464,-18.271965,55.399765,8.707673,19.133528,15.530237,5.712772,8.610543,-15.000035,0.118132,-21.764847,-3.714511,6.264548,9.243570,14.000033,-13.969956,-2.050007,4.336686,35.747284,27.232235,-19.086191,70.357316,-7.916093,-0.513397,7.390683,-158.382741,-51.861944,86.714419,51.286750,45.324680,-12.045386,-8.760028
101,-6.915547,-24.863925,76.616052,3.794498,-18.340304,54.438203,8.725693,18.991048,14.817349,5.298327,9.100724,-15.000035,-0.385790,-21.790710,-3.008254,6.431319,9.423199,14.000033,-14.782596,-1.565733,4.789397,35.981298,26.675338,-19.210314,71.292460,-8.672267,-0.356305,7.296270,-160.953457,-53.703481,88.678239,53.819666,47.022252,-12.271230,-9.592573
102,-6.726283,-24.509443,76.724612,3.763718,-17.736990,54.458513,8.539717,19.009264,14.621147,5.339703,8.665481,-15.000035,-0.964950,-21.853357,-2.803736,6.838054,8.974437,14.044227,-15.207232,-0.745760,6.502767,35.444787,26.653911,-18.647660,71.476755,-9.457347,-0.192548,7.440724,-159.384895,-55.039231,89.237938,56.355672,48.300293,-11.557064,-10.456841
103,-6.490337,-24.102718,76.827943,3.734125,-17.132832,54.478112,8.353740,19.027478,14.424946,5.381079,8.230238,-15.000035,-1.544110,-21.916005,-2.599218,7.244788,8.319435,14.500033,-15.631868,0.074213,8.216136,34.908275,26.632485,-18.085006,71.661050,-10.242427,-0.028792,7.585180,-157.816333,-56.374980,89.797637,58.891679,49.578334,-10.842896,-11.321110
104,-6.253170,-23.695083,76.926716,3.705593,-16.527942,54.497074,8.167763,19.045694,14.228744,5.422454,7.794994,-15.000035,-2.123270,-21.978654,-2.394699,7.651523,8.164435,14.500033,-16.056504,0.894186,9.929505,34.371765,26.611058,-17.522352,71.845346,-11.027507,0.134965,7.729635,-156.247772,-57.710730,90.357337,61.427685,50.856375,-10.128729,-12.185378
105,-6.014603,-23.286438,77.020202,3.678224,-15.922211,54.515394,7.981786,19.063909,14.032543,5.463830,7.359751,-15.000035,-2.702430,-22.041301,-2.190181,8.058258,7.509434,14.795527,-16.481140,1.714159,11.642875,33.835253,26.589632,-16.959698,72.029642,-11.812587,0.298722,7.874089,-154.679210,-59.046479,90.917036,63.963691,52.134416,-9.414562,-13.049646
106,-5.774828,-22.876954,77.109074,3.651893,-15.315748,54.533141,7.795809,19.082124,13.836340,5.505206,6.924509,-15.000035,-3.281590,-22.103949,-1.985663,8.464992,6.854432,15.000033,-16.905776,2.534132,13.356245,33.298742,26.568206,-16.397043,72.213937,-12.597667,0.462478,8.018545,-153.110649,-60.382229,91.476735,66.499697,53.412458,-8.700395,-13.913914
107,-5.533673,-22.466541,77.192600,3.626704,-14.708449,54.550313,7.609832,19.100339,13.640139,5.546582,6.489265,-15.000035,-3.860750,-22.166597,-1.781145,8.871726,6.495792,15.000035,-17.330412,3.354105,15.069614,32.762230,26.546779,-15.834389,72.398233,-13.382747,0.626235,8.163000,-151.542086,-61.717978,92.036434,69.035704,54.690499,-7.986228,-14.778183
108,-5.291326,-22.055359,77.271456,3.602533,-14.100423,54.566974,7.423854,19.118554,13.443938,5.587957,6.054022,-15.000035,-4.439910,-22.229244,-1.576626,9.278461,6.044431,15.000035,-17.755048,4.174078,16.782983,32.225719,26.525353,-15.271735,72.582529,-14.167827,0.789992,8.307455,-149.973524,-63.053728,92.596133,71.571710,55.968540,-7.272061,-15.642451
109,-5.047621,-21.643333,77.344910,3.579487,-13.491564,54.583128,7.237877,19.136769,13.247735,5.629333,5.618779,-15.000035,-5.019070,-22.291892,-1.372109,9.685195,5.389429,15.000035,-18.179684,4.994051,18.496353,31.689208,26.503927,-14.709080,72.766824,-14.952906,0.953749,8.451910,-148.404963,-64.389477,93.155833,74.107716,57.246582,-6.557894,-16.506719
110,-4.802742,-21.230611,77.413636,3.557442,-12.881982,54.598832,7.051901,19.154984,13.051534,5.670709,5.183536,-15.000035,-5.598230,-22.354540,-1.167590,10.091930,5.234429,15.000035,-18.604321,5.814024,20.209723,31.152696,26.482500,-14.146427,72.951120,-15.737987,1.117505,8.596364,-146.836401,-65.725227,93.715532,76.643723,58.524623,-5.843727,-17.370987
111,-4.556530,-20.817134,77.476904,3.536505,-12.271573,54.614093,6.865924,19.173199,12.855332,5.712085,4.748293,-15.000035,-6.177390,-22.417188,-0.963071,10.498665,4.579428,15.000035,-19.028956,6.633997,21.923092,30.616185,26.461074,-13.583773,73.135416,-16.523067,1.281262,8.740820,-145.267839,-67.060976,94.275231,79.179728,59.802664,-5.129560,-18.235256
112,-4.318583,-20.401103,77.535387,3.516555,-11.660448,54.628966,6.679947,19.191414,12.659131,5.753461,4.313050,-15.000035,-6.756550,-22.479836,-0.758554,10.905399,3.972953,15.000035,-19.453592,7.453970,23.636461,30.079673,26.439647,-13.021118,73.319711,-17.308146,1.445018,8.885275,-143.699278,-68.396725,94.834930,81.715735,61.080706,-4.415392,-19.099524
113,-4.274871,-19.943927,77.588356,3.497699,-11.048503,54.643461,6.493970,19.209629,12.462929,5.794836,3.877807,-15.000035,-7.335710,-22.542484,-0.554035,11.312133,3.769426,15.000035,-19.878229,8.273943,25.349831,29.543163,26.418221,-12.458464,73.504006,-18.093227,1.608775,9.029730,-142.130716,-69.732475,95.394630,84.251741,62.358747,-3.701225,-19.963792
114,-3.536504,-19.883424,77.408382,3.725351,-10.870899,57.004562,5.425400,19.191576,12.551382,7.015103,3.299995,-15.000035,-7.293124,-23.310452,-1.506552,12.618080,2.343030,15.000035,-19.008053,9.509078,25.892901,30.775145,26.308884,-13.599362,70.411287,-17.069943,1.498929,9.578040,-133.026351,-69.064929,90.278966,81.196405,60.839128,-4.347144,-20.730978
115,-2.694535,-19.900146,77.133861,4.038414,-10.843055,60.226151,4.033863,19.160253,12.743998,8.666762,2.670013,-15.000035,-7.023023,-24.336517,-2.882463,14.253076,1.017497,15.000035,-17.664066,10.896135,26.007723,32.654274,26.167378,-15.363640,66.119408,-15.384924,1.288965,10.274132,-121.164405,-67.664315,83.086513,76.095025,58.295758,-5.490759,-21.462638
116,-1.940674,-19.857029,77.026728,4.346988,-10.806163,63.449435,2.642326,19.128928,12.936614,10.318420,2.040030,-15.000035,-6.752922,-25.362583,-4.258374,15.888071,-0.708382,15.000035,-16.320079,12.283192,26.122544,34.533403,26.025872,-17.127919,61.827528,-13.699905,1.079000,10.970225,-109.302458,-66.263701,75.894060,70.993645,55.752390,-6.634374,-22.194299
117,-1.193127,-19.765170,77.112757,4.650601,-10.756041,66.674502,1.250789,19.097604,13.129230,11.970080,1.410048,-15.000035,-6.482821,-26.388648,-5.634285,17.523067,-2.034782,15.000035,-14.976092,13.670248,26.237366,36.412532,25.884365,-18.892198,57.535649,-12.014886,0.869035,11.666317,-97.440512,-64.863087,68.701608,65.892266,53.209020,-7.777988,-22.925959
118,-0.453940,-19.630854,77.201626,4.950591,-10.696042,69.900926,-0.140749,19.066280,13.321846,13.621738,0.780067,-15.000035,-6.212719,-27.414714,-7.010197,19.158063,-3.310922,15.000035,-13.632105,15.057304,26.352188,38.291661,25.742859,-20.656477,53.243769,-10.329867,0.659070,12.362409,-85.578565,-63.462474,61.509155,60.790886,50.665651,-8.921604,-23.657620
119,0.272616,-19.448836,77.253988,5.246464,-10.622040,73.128748,-1.532286,19.034955,13.514463,15.273397,0.150084,-15.000035,-5.942618,-28.440780,-8.386108,20.793059,-4.785502,15.000035,-12.288118,16.444361,26.467009,40.170789,25.601353,-22.420755,48.951890,-8.644848,0.449105,13.058502,-73.716619,-62.061860,54.316702,55.689506,48.122283,-10.065219,-24.389280
120,0.985298,-19.225767,77.260876,5.539630,-10.537448,76.357569,-2.923822,19.003632,13.707078,16.925056,-0.479898,-15.000035,-5.672516,-29.466846,-9.762020,22.428054,-6.311208,15.000035,-10.944131,17.831418,26.581830,42.049919,25.459848,-24.185034,44.660010,-6.959829,0.239141,13.754594,-61.854672,-60.661247,47.124250,50.588127,45.578913,-11.208834,-25.120940
121,1.679205,-18.957014,77.281910,5.829561,-10.438204,79.587386,-4.315360,18.972307,13.899695,18.576714,-1.109880,-15.000035,-5.402415,-30.492912,-11.137931,24.063050,-7.639341,15.000035,-9.600144,19.218474,26.696652,43.929047,25.318342,-25.949313,40.368131,-5.274811,0.029176,14.450687,-49.992726,-59.260633,39.931797,45.486747,43.035545,-12.352450,-25.852601
122,1.750991,-17.429081,77.279397,6.117736,-10.327781,82.817833,-5.706897,18.940983,14.092311,20.228373,-1.739862,-15.000035,-5.132313,-31.518978,-12.513842,25.698046,-9.362621,15.000035,-8.256157,20.605531,26.811474,45.808176,25.176835,-27.713592,36.076251,-3.589791,-0.180790,15.146780,-38.130780,-57.860019,32.739344,40.385367,40.492175,-13.496065,-26.584261
123,1.578298,-15.673760,77.252947,6.403588,-10.202183,86.048871,-7.098435,18.909659,14.284927,21.880032,0.056499,-14.435230,-4.862212,-32.545043,-13.889753,27.333042,-10.388328,15.000035,-6.912170,21.992587,26.926295,47.687305,25.035329,-29.477871,31.784372,-1.904772,-0.390754,15.842872,-26.268833,-56.459406,25.546892,35.283988,37.948806,-14.639680,-27.315922
124,1.384729,-14.154392,77.289712,6.688664,-10.064939,89.280172,-8.489971,18.878334,14.477543,23.531691,1.000173,-14.000200,-4.592111,-33.571109,-15.265664,28.968037,-11.414034,15.000035,-5.568183,23.379644,27.041117,49.566433,24.893823,-31.242150,27.492492,-0.219754,-0.600719,16.538965,-14.406886,-55.058792,18.354439,30.182608,35.405437,-15.783294,-28.047582
125,1.525132,-13.628438,77.302602,6.972346,-9.912125,92.511670,-9.881509,18.847010,14.670159,25.183350,0.370191,-13.907077,-4.322010,-34.597175,-16.641576,30.603033,-12.439741,15.000035,-4.224196,24.766701,27.155938,51.445563,24.752317,-33.006428,23.200613,1.465265,-0.810684,17.235057,-2.544940,-53.658178,11.161986,25.081228,32.862068,-16.926910,-28.779243
126,2.180310,-14.328897,77.297495,7.228175,-9.799256,95.799697,-11.279500,18.727141,14.709124,26.770326,-0.230171,-13.794269,-3.967100,-35.586103,-18.028306,32.190358,-13.431926,15.000035,-2.783833,26.064322,27.189683,53.134981,24.627283,-34.637104,19.169062,2.986175,-0.986954,17.866581,8.132389,-52.131588,4.734487,20.080389,30.286307,-17.969268,-29.429297
127,2.582545,-15.122920,77.296973,7.101508,-10.321375,99.813691,-12.759757,17.478674,12.789640,27.532855,-0.452987,-13.430555,-2.531216,-36.101678,-19.552930,33.170065,-13.996842,15.000035,-0.115049,26.221997,26.190018,52.406346,24.712211,-34.564870,18.455672,2.415347,-0.733752,17.675118,3.710559,-48.999287,8.057107,16.361041,27.297678,-17.720995,-29.039203
128,3.017403,-16.028527,77.258209,6.933468,-10.811432,103.836168,-14.240013,16.230207,10.870155,28.295385,-0.675803,-13.066842,-1.095333,-36.617254,-21.077554,34.149771,-14.561759,15.000035,2.553735,26.379672,25.190354,51.677711,24.797139,-34.492636,17.742281,1.844518,-0.480550,17.483654,-0.711273,-45.866986,11.379728,12.641693,24.309049,-17.472722,-28.649109
129,3.411247,-16.934889,77.176221,6.724268,-11.263972,107.867762,-15.720269,14.981739,8.950672,29.057915,-0.898620,-12.703128,0.340551,-37.132829,-22.602178,35.129477,-15.126675,15.000035,5.222519,26.537347,24.190689,50.949075,24.882066,-34.420401,17.028891,1.273690,-0.227347,17.292190,-5.133103,-42.734685,14.702347,8.922345,21.320421,-17.224449,-28.259015
130,3.769630,-17.845304,77.055942,6.475888,-11.679292,111.908733,-17.200526,13.733272,7.031187,29.820444,-1.121436,-12.339414,1.776434,-37.648404,-24.126802,36.109184,-15.691592,15.000035,7.891303,26.695022,23.191023,50.220440,24.966995,-34.348167,16.315501,0.702861,0.025855,17.100727,-9.554934,-39.602384,18.024968,5.202997,18.331792,-16.976176,-27.868920
131,4.318179,-19.034767,76.892128,6.188643,-12.052122,115.959575,-18.680782,12.484805,5.111703,30.582973,-1.344252,-11.975700,3.212318,-38.163980,-25.651427,37.088891,-16.256509,15.000035,10.560087,26.852697,22.191359,49.491805,25.051923,-34.275933,15.602110,0.132033,0.279057,16.909263,-13.976765,-36.470083,21.347588,1.483650,15.343163,-16.727904,-27.478827
132,4.744136,-19.476736,77.167102,5.803354,-12.158796,119.480925,-18.989226,11.586060,3.545105,30.153788,-1.193406,-12.075078,5.143684,-37.368121,-27.269197,35.873725,-16.035585,15.000035,12.742786,25.955493,21.243704,48.368010,24.869335,-34.046319,16.444283,-0.128705,0.142430,16.591138,-19.734461,-36.218131,22.211125,3.425735,16.389318,-16.146887,-27.027972
133,5.328493,-19.867957,77.573816,5.411250,-12.187202,122.813436,-18.891270,10.808604,2.100891,29.311303,-0.912969,-12.335061,7.246890,-36.117440,-28.919273,33.897352,-15.542124,15.000035,14.756906,24.692446,20.314086,47.107169,24.593970,-33.762123,17.825943,-0.281899,-0.129395,16.229085,-25.955450,-36.965117,22.221823,7.331272,18.834784,-15.450472,-26.556045
134,5.995880,-20.313025,77.951276,5.042826,-12.221865,126.141842,-18.793314,10.031146,0.656676,28.468817,-0.632532,-12.595043,9.350096,-34.866760,-30.569349,31.920978,-15.048661,15.000035,16.771026,23.429397,19.384469,45.846327,24.318605,-33.477928,19.207603,-0.435093,-0.401220,15.867031,-32.176439,-37.712104,22.232520,11.236808,21.280250,-14.754057,-26.084117
135,6.621153,-20.667237,78.294405,4.703945,-12.267061,129.464807,-18.695359,9.253690,-0.787538,27.626331,-0.352095,-12.855026,11.453302,-33.616080,-32.219424,29.944604,-14.555200,15.000035,18.785146,22.166350,18.454853,44.585486,24.043239,-33.193733,20.589263,-0.588287,-0.673046,15.504978,-38.397428,-38.459091,22.243218,15.142345,23.725716,-14.057642,-25.612191
136,7.201275,-20.949655,78.605790,4.393341,-12.320249,132.782351,-18.597403,8.476234,-2.231752,26.783846,-0.071659,-13.115009,13.556508,-32.365400,-33.869500,27.968231,-14.061737,15.000035,20.799266,20.903302,17.525236,43.324644,23.767874,-32.909537,21.970924,-0.741482,-0.944871,15.142925,-44.617221,-39.206078,22.253915,19.047882,26.171182,-13.361226,-25.140263
137,7.723944,-21.161477,78.880154,4.117191,-12.385769,136.092996,-18.499448,7.698777,-3.675966,25.941360,0.208778,-13.374992,15.659713,-31.114720,-35.519575,25.991858,-13.568276,15.000035,22.813386,19.640254,16.595618,42.063803,23.492509,-32.625342,23.352584,-0.894675,-1.216696,14.780872,-50.711855,-39.953065,22.264613,22.953419,28.616648,-12.664811,-24.668336
138,8.190418,-21.320531,79.120394,3.873255,-12.461602,139.397003,-18.401492,6.921320,-5.120179,25.098875,0.489215,-13.634975,17.762919,-29.864040,-37.169651,24.015484,-13.074814,15.000035,24.827505,18.377207,15.666001,40.802962,23.217144,-32.341146,24.734245,-1.047870,-1.488521,14.418819,-56.265798,-40.700051,22.275310,26.858957,31.062114,-11.968396,-24.196409
139,8.589843,-21.431341,79.321078,3.667926,-12.552173,142.692782,-18.303537,6.143863,-6.564393,24.256389,0.769652,-13.894958,19.866125,-28.613359,-38.819726,22.039111,-12.581352,15.000035,26.841625,17.114158,14.736384,39.542121,22.941778,-32.056951,26.115905,-1.201064,-1.760346,14.056766,-60.819875,-41.447039,22.286008,30.764494,33.507580,-11.271980,-23.724482
140,8.927134,-21.509723,79.485408,3.498036,-12.655959,145.980827,-18.205581,5.366407,-8.008608,23.413904,1.050089,-14.154941,21.969331,-27.362680,-40.469802,20.062737,-12.087890,15.000035,28.855745,15.851111,13.806767,38.281279,22.666413,-31.772756,27.497566,-1.354258,-2.032171,13.694713,-64.143344,-42.194025,22.296706,34.670031,35.953046,-10.575565,-23.252556
141,9.193619,-21.562972,79.607831,3.370098,-12.777479,149.259448,-18.107626,4.588951,-9.452822,22.571418,1.330526,-14.414924,24.072536,-26.111999,-42.119877,18.086363,-11.594428,15.000035,30.869864,14.588063,12.877150,37.020438,22.391048,-31.488561,28.879226,-1.507453,-2.303997,13.332660,-65.767961,-42.941012,22.307403,38.575568,38.398512,-9.879150,-22.780628
142,9.412590,-21.582046,79.691841,3.280077,-12.915642,152.529351,-18.009670,3.811493,-10.897036,21.728933,1.610963,-14.674906,26.175743,-24.861319,-43.769953,16.109990,-11.100966,15.000035,32.883984,13.325015,11.947533,35.759598,22.115683,-31.204365,30.260886,-1.660647,-2.575822,12.970607,-66.782755,-43.687999,22.318101,42.481105,40.843977,-9.182735,-22.308701
143,9.820261,-21.231526,79.731812,3.234530,-13.075043,155.788755,-17.911714,3.034037,-12.341250,20.886447,1.891400,-14.934889,28.278948,-23.610639,-45.420029,14.133617,-10.607505,15.000035,34.898104,12.061967,11.017916,34.498756,21.840317,-30.920170,31.642546,-1.813841,-2.847647,12.608553,-68.426964,-44.434986,22.328798,46.386642,43.289444,-8.486319,-21.836774
144,9.770252,-21.790576,79.745998,2.951065,-13.216308,156.998193,-17.391250,2.917913,-12.987510,19.776614,2.270427,-14.954256,28.943535,-22.944941,-45.597831,13.176809,-10.008472,15.000035,35.798028,11.074974,10.600102,33.619031,21.844008,-31.230412,32.878576,-1.849047,-2.754107,12.214680,-66.926380,-44.458911,24.419620,49.955439,44.454615,-7.739784,-20.775099
145,9.759477,-22.371037,79.757099,2.586910,-13.348573,157.523372,-16.729515,3.022912,-13.366966,18.577391,2.682419,-14.893172,29.127104,-22.474837,-45.283362,12.560904,-9.374141,15.000035,36.325409,10.180281,10.353416,32.866736,21.941004,-31.739409,34.065913,-1.844803,-2.538405,11.810167,-65.691017,-44.241073,27.205954,53.411643,45.191707,-6.976492,-19.516235
146,9.861352,-22.792718,79.768301,2.226618,-13.480337,158.048589,-16.067780,3.127910,-13.746422,17.378168,3.094410,-14.832087,29.310673,-22.004734,-44.968895,11.944998,-8.739810,15.000035,36.852790,9.285589,10.106730,32.114441,22.037999,-32.248406,35.253250,-1.840558,-2.322702,11.405654,-66.189706,-44.023235,29.992288,56.867848,45.928799,-6.213200,-18.257371
147,9.975584,-23.206244,79.779692,1.870872,-13.611932,158.573647,-15.406045,3.232909,-14.125878,16.178944,3.506402,-14.771002,29.494243,-21.534631,-44.654427,11.329093,-8.105479,15.000035,37.380171,8.390896,9.860043,31.362145,22.134995,-32.757404,36.440586,-1.836314,-2.107000,11.001141,-67.420201,-43.805396,32.778622,60.324052,46.665891,-5.449907,-16.998507
148,10.100752,-23.612151,79.791321,1.519113,-13.743060,159.098616,-14.744310,3.337908,-14.505334,14.979721,3.918394,-14.709916,29.677811,-21.064528,-44.339959,10.713188,-7.471148,15.000035,37.907552,7.496204,9.613358,30.609850,22.231991,-33.266401,37.627923,-1.832069,-1.891297,10.596628,-68.721687,-43.587559,35.564955,63.780257,47.402982,-4.686615,-15.739644
149,10.237958,-24.009249,79.803285,1.172024,-13.874050,159.623287,-14.082574,3.442907,-14.884790,13.780497,4.330385,-14.648832,29.861381,-20.594425,-44.025491,10.097282,-6.836817,15.000035,38.434933,6.601512,9.366671,29.857555,22.328987,-33.775399,38.815260,-1.827825,-1.675594,10.192115,-69.867229,-43.369720,38.351289,67.236461,48.140074,-3.923323,-14.480780
150,10.385820,-24.398140,79.815612,0.829040,-14.004619,160.147744,-13.420840,3.547905,-15.264246,12.581274,4.742378,-14.587747,30.044950,-20.124321,-43.711023,9.481377,-6.202486,15.000035,38.962314,5.706820,9.119985,29.105259,22.425982,-34.284397,40.002597,-1.823579,-1.459892,9.787602,-70.854103,-43.151882,41.137623,70.692666,48.877166,-3.160030,-13.221917
151,10.545382,-24.777596,79.828404,0.490844,-14.135094,160.671768,-12.759105,3.652905,-15.643702,11.382051,5.154369,-14.526661,30.228519,-19.654218,-43.396555,8.865472,-5.568155,15.000035,39.489695,4.812128,8.873298,28.352964,22.522978,-34.793394,41.189934,-1.819335,-1.244189,9.383089,-71.644110,-42.934044,43.923957,74.148870,49.614257,-2.396738,-11.963053
152,10.715303,-25.148284,79.841672,0.156868,-14.265206,161.195452,-12.097370,3.757904,-16.023158,10.182827,5.566360,-14.465576,30.412088,-19.184114,-43.082086,8.249566,-4.933824,15.000035,40.017076,3.917436,8.626612,27.600669,22.619974,-35.302392,42.377271,-1.815091,-1.028487,8.978576,-72.237063,-42.716206,46.710290,77.605075,50.351349,-1.633446,-10.704189
153,10.896564,-25.508936,79.855521,-0.172204,-14.395278,161.718572,-11.435635,3.862903,-16.402614,8.983604,5.978352,-14.404492,30.595658,-18.714011,-42.767619,7.633661,-4.299493,15.000035,40.544457,3.022743,8.379926,26.848373,22.716970,-35.811389,43.564608,-1.810846,-0.812784,8.574063,-72.589018,-42.498367,49.496624,81.061279,51.088441,-0.870153,-9.445326
154,11.086528,-25.855788,79.869941,-0.496948,-14.525056,162.241231,-10.773900,3.967901,-16.782070,7.784381,6.390344,-14.343407,30.779226,-18.243908,-42.453151,7.017756,-3.665162,15.000035,41.071838,2.128051,8.133239,26.096078,22.813965,-36.320386,44.751945,-1.806602,-0.597081,8.169550,-72.809027,-42.280529,52.282958,84.517484,51.825532,-0.106861,-8.186462
155,11.267088,-26.124797,79.885040,-0.816679,-14.654862,162.763195,-10.112165,4.072900,-17.161526,6.585158,6.802335,-14.282321,30.962795,-17.773804,-42.138683,6.401851,-3.030831,15.000035,41.599219,1.233359,7.886553,25.343783,22.910961,-36.829384,45.939282,-1.802357,-0.381379,7.765037,-72.989320,-42.062691,55.069292,87.973688,52.562624,0.656432,-6.927598
156,11.329009,-26.262817,79.889331,-0.892170,-14.687390,162.828026,-9.920340,4.183062,-17.087950,6.296452,6.901738,-14.261761,30.984425,-17.668193,-42.013127,6.236385,-2.864621,15.000035,41.648393,0.978891,7.721237,25.152381,23.041026,-37.045044,46.214083,-1.701155,-0.256255,7.553984,-72.906708,-41.725804,55.655293,88.742082,52.666581,0.878222,-6.629670
157,11.335781,-26.302270,79.890004,-0.889510,-14.688655,162.745610,-9.879889,4.294888,-16.868435,6.301058,6.900445,-14.254256,30.953887,-17.679999,-41.948427,6.216023,-2.849210,15.000035,41.543519,0.930664,7.582134,25.141661,23.181744,-37.166208,46.194923,-1.568719,-0.160310,7.405250,-72.804678,-41.350566,55.532484,88.644630,52.566582,0.925573,-6.641295
158,11.333950,-26.312356,79.890617,-0.886907,-14.689754,162.663209,-9.839439,4.406713,-16.648921,6.305664,6.899151,-14.246751,30.923349,-17.691805,-41.883728,6.195660,-2.833799,15.000035,41.438646,0.882436,7.443029,25.130943,23.322461,-37.287373,46.175763,-1.436284,-0.064366,7.256517,-72.812106,-40.975328,55.409675,88.547179,52.466584,0.972925,-6.652920
159,11.331826,-26.322480,79.891165,-0.884368,-14.690671,162.580823,-9.798988,4.518538,-16.429406,6.310270,6.897856,-14.239245,30.892812,-17.703611,-41.819028,6.175298,-2.818388,15.000035,41.333771,0.834208,7.303926,25.120225,23.463179,-37.408537,46.156603,-1.303848,0.031579,7.107783,-72.841317,-40.600091,55.286867,88.449727,52.366584,1.020277,-6.664545
160,11.329438,-26.332640,79.891654,-0.881886,-14.691422,162.498454,-9.758538,4.630364,-16.209892,6.314877,6.896562,-14.231741,30.862274,-17.715417,-41.754328,6.154936,-2.802977,15.000035,41.228898,0.785981,7.164823,25.109506,23.603896,-37.529702,46.137443,-1.171412,0.127524,6.959050,-72.869483,-40.224853,55.164058,88.352276,52.266585,1.067628,-6.676170
161,11.326756,-26.342841,79.892076,-0.879471,-14.691991,162.416100,-9.718087,4.742189,-15.990377,6.319483,6.895269,-14.224235,30.831737,-17.727222,-41.689628,6.134574,-2.787567,15.000035,41.124024,0.737753,7.025719,25.098788,23.744615,-37.650867,46.118283,-1.038976,0.223469,6.810316,-72.896527,-39.849615,55.041249,88.254824,52.166585,1.114981,-6.687795
162,11.323808,-26.353077,79.892439,-0.877116,-14.692395,162.333761,-9.677637,4.854014,-15.770863,6.324088,6.893975,-14.216730,30.801199,-17.739029,-41.624928,6.114212,-2.772157,15.000035,41.019150,0.689526,6.886615,25.088069,23.885332,-37.772031,46.099122,-0.906540,0.319414,6.661583,-72.922586,-39.474378,54.918440,88.157373,52.066587,1.162332,-6.699420
163,11.320569,-26.363352,79.892737,-0.874828,-14.692618,162.251440,-9.637187,4.965840,-15.551349,6.328694,6.892681,-14.209225,30.770662,-17.750835,-41.560228,6.093850,-2.756746,15.000035,40.914276,0.641299,6.747512,25.077351,24.026049,-37.893196,46.079962,-0.774104,0.415358,6.512850,-72.947592,-39.099140,54.795632,88.059922,51.966588,1.209684,-6.711045
164,11.317063,-26.373664,79.892974,-0.872602,-14.692677,162.169134,-9.596737,5.077666,-15.331834,6.333300,6.891387,-14.201719,30.740124,-17.762641,-41.495529,6.073488,-2.741335,15.000035,40.809402,0.593071,6.608409,25.066632,24.166767,-38.014360,46.060802,-0.641669,0.511304,6.364117,-72.971670,-38.723902,54.672823,87.962470,51.866588,1.257036,-6.722670
165,11.313265,-26.384015,79.893146,-0.870444,-14.692556,162.086845,-9.556286,5.189491,-15.112320,6.337906,6.890093,-14.194214,30.709586,-17.774447,-41.430828,6.053126,-2.725924,15.000035,40.704528,0.544843,6.469305,25.055914,24.307485,-38.135525,46.041642,-0.509233,0.607248,6.215383,-72.994758,-38.348665,54.550014,87.865018,51.766589,1.304387,-6.734295
166,11.309462,-26.393881,79.893257,-0.868351,-14.692270,162.004573,-9.515836,5.301317,-14.892805,6.342512,6.888799,-14.186709,30.679048,-17.786253,-41.366129,6.032763,-2.710513,15.000035,40.599654,0.496616,6.330201,25.045196,24.448203,-38.256690,46.022482,-0.376797,0.703193,6.066650,-73.018834,-37.973427,54.427206,87.767567,51.666590,1.351739,-6.745920
167,11.309012,-26.396525,79.893302,-0.866328,-14.691806,161.922319,-9.475385,5.413142,-14.673291,6.347119,6.887505,-14.179204,30.648511,-17.798058,-41.301429,6.012401,-2.695102,15.000035,40.494780,0.448388,6.191098,25.034477,24.588920,-38.377854,46.003322,-0.244361,0.799138,5.917916,-73.045494,-37.598189,54.304397,87.670116,51.566591,1.399091,-6.757545
168,11.318174,-26.395432,79.892138,-0.874435,-14.702998,161.947957,-9.436968,5.455558,-14.607967,6.343117,6.879173,-14.184775,30.662281,-17.770603,-41.286999,6.006543,-2.709528,15.000035,40.424973,0.420639,6.117862,25.034726,24.682326,-38.365637,46.024322,-0.250808,0.791091,5.824175,-73.054937,-37.391099,54.302254,87.681653,51.513007,1.437286,-6.744076
169,11.333386,-26.387047,79.890580,-0.885692,-14.717816,162.007060,-9.399179,5.476448,-14.590463,6.336445,6.868658,-14.194401,30.689793,-17.730970,-41.288160,6.005182,-2.733208,15.000035,40.366041,0.399242,6.065053,25.038376,24.761057,-38.312054,46.057779,-0.300329,0.750793,5.747488,-73.061219,-37.236157,54.337532,87.726990,51.473818,1.472642,-6.722824
170,11.350100,-26.375561,79.888998,-0.896964,-14.732623,162.066171,-9.361391,5.497338,-14.572960,6.329773,6.858143,-14.204028,30.717304,-17.691338,-41.289320,6.003822,-2.756888,15.000035,40.307110,0.377845,6.012244,25.042025,24.839789,-38.258470,46.091235,-0.349848,0.710495,5.670802,-73.070166,-37.081215,54.372812,87.772328,51.434628,1.507998,-6.701573
171,11.366752,-26.364068,79.887386,-0.908254,-14.747418,162.125289,-9.323604,5.518228,-14.555456,6.323101,6.847629,-14.213654,30.744817,-17.651706,-41.290481,6.002462,-2.780567,15.000035,40.248179,0.356447,5.959435,25.045675,24.918521,-38.204887,46.124691,-0.399369,0.670197,5.594115,-73.079525,-36.926272,54.408090,87.817665,51.395439,1.543355,-6.680321
172,11.383347,-26.352569,79.885749,-0.919559,-14.762203,162.184414,-9.285815,5.539118,-14.537953,6.316429,6.837114,-14.223281,30.772328,-17.612073,-41.291641,6.001101,-2.804248,15.000035,40.189248,0.335049,5.906627,25.049324,24.997253,-38.151303,46.158146,-0.448889,0.629899,5.517429,-73.088814,-36.771330,54.443369,87.863003,51.356250,1.578711,-6.659069
173,11.399881,-26.341062,79.884083,-0.930882,-14.776976,162.243545,-9.248027,5.560008,-14.520450,6.309757,6.826599,-14.232908,30.799841,-17.572441,-41.292802,5.999741,-2.827927,15.000035,40.130316,0.313652,5.853818,25.052975,25.075984,-38.097720,46.191603,-0.498409,0.589601,5.440743,-73.098031,-36.616388,54.478648,87.908341,51.317061,1.614067,-6.637817
174,11.416358,-26.329551,79.882391,-0.942221,-14.791737,162.302684,-9.210240,5.580899,-14.502946,6.303086,6.816084,-14.242535,30.827352,-17.532810,-41.293963,5.998380,-2.851607,15.000035,40.071385,0.292254,5.801010,25.056625,25.154716,-38.044136,46.225059,-0.547929,0.549303,5.364056,-73.107178,-36.461446,54.513927,87.953679,51.277873,1.649423,-6.616566
175,11.432774,-26.318034,79.880671,-0.953577,-14.806488,162.361830,-9.172452,5.601788,-14.485442,6.296413,6.805569,-14.252162,30.854864,-17.493177,-41.295123,5.997020,-2.875287,15.000035,40.012453,0.270856,5.748201,25.060274,25.233448,-37.990553,46.258515,-0.597448,0.509004,5.287370,-73.116251,-36.306504,54.549206,87.999016,51.238684,1.684779,-6.595314
176,11.449133,-26.306512,79.878923,-0.964949,-14.821227,162.420983,-9.134664,5.622679,-14.467938,6.289742,6.795054,-14.261788,30.882376,-17.453545,-41.296284,5.995660,-2.898966,15.000035,39.953522,0.249459,5.695392,25.063924,25.312180,-37.936969,46.291971,-0.646969,0.468706,5.210683,-73.125260,-36.151562,54.584485,88.044354,51.199495,1.720135,-6.574062
177,11.465431,-26.294983,79.877149,-0.976338,-14.835955,162.480143,-9.096876,5.643568,-14.450435,6.283070,6.784539,-14.271415,30.909887,-17.413913,-41.297444,5.994299,-2.922646,15.000035,39.894591,0.228061,5.642583,25.067574,25.390911,-37.883386,46.325427,-0.696489,0.428409,5.133997,-73.134197,-35.996619,54.619763,88.089691,51.160306,1.755492,-6.552811
178,11.481341,-26.283157,79.875348,-0.987743,-14.850671,162.539310,-9.059088,5.664459,-14.432932,6.276398,6.774024,-14.281041,30.937399,-17.374280,-41.298604,5.992939,-2.946326,15.000035,39.835660,0.206664,5.589775,25.071223,25.469643,-37.829802,46.358883,-0.746008,0.388110,5.057311,-73.131967,-35.841677,54.655043,88.135029,51.121116,1.790848,-6.531559
179,11.492889,-26.267548,79.873519,-0.999164,-14.865376,162.598484,-9.021300,5.685349,-14.415428,6.269726,6.763509,-14.290668,30.964911,-17.334648,-41.299765,5.991578,-2.970006,15.000035,39.776728,0.185266,5.536966,25.074873,25.548375,-37.776219,46.392339,-0.795529,0.347812,4.980624,-73.109624,-35.686735,54.690321,88.180367,51.081927,1.826203,-6.510308
180,11.522570,-26.249919,79.881611,-0.998621,-14.860614,162.644243,-9.004477,5.716490,-14.350034,6.261863,6.761227,-14.319035,30.960375,-17.297798,-41.294332,5.984479,-2.975144,15.000035,39.752150,0.172939,5.492675,25.124540,25.599410,-37.670744,46.400750,-0.867484,0.318732,4.984012,-73.126035,-35.610351,54.759487,88.161201,51.087635,1.863022,-6.517257
181,11.554695,-26.228473,79.892736,-0.994351,-14.850566,162.685958,-8.993907,5.750691,-14.270352,6.253645,6.761401,-14.352993,30.946278,-17.261778,-41.286931,5.975668,-2.974751,15.000035,39.737822,0.163320,5.450926,25.187936,25.642181,-37.549787,46.401689,-0.946132,0.292998,5.011289,-73.139529,-35.557404,54.838763,88.122792,51.106739,1.900275,-6.532619
182,11.584507,-26.205375,79.903778,-0.990168,-14.840188,162.727696,-8.983339,5.784891,-14.190670,6.245427,6.761575,-14.386950,30.932181,-17.225758,-41.279529,5.966856,-2.974359,15.000035,39.723493,0.153699,5.409177,25.251332,25.684952,-37.428831,46.402628,-1.024781,0.267264,5.038567,-73.136022,-35.504456,54.918038,88.084382,51.125842,1.937529,-6.547982
183,11.614172,-26.182223,79.914779,-0.985999,-14.829730,162.769439,-8.972770,5.819091,-14.110987,6.237209,6.761749,-14.420908,30.918084,-17.189738,-41.272129,5.958044,-2.973965,15.000035,39.709165,0.144080,5.367427,25.314728,25.727724,-37.307873,46.403566,-1.103430,0.241531,5.065845,-73.129667,-35.451509,54.997314,88.045972,51.144946,1.974783,-6.563345
184,11.643700,-26.159021,79.925742,-0.981845,-14.819197,162.811186,-8.962201,5.853291,-14.031306,6.228990,6.761923,-14.454866,30.903986,-17.153717,-41.264728,5.949233,-2.973572,15.000035,39.694837,0.134459,5.325679,25.378124,25.770495,-37.186917,46.404505,-1.182078,0.215797,5.093123,-73.123464,-35.398562,55.076590,88.007561,51.164049,2.012037,-6.578708
185,11.673079,-26.135766,79.936664,-0.977707,-14.808583,162.852938,-8.951632,5.887492,-13.951623,6.220772,6.762098,-14.488824,30.889889,-17.117698,-41.257327,5.940421,-2.973180,15.000035,39.680508,0.124839,5.283929,25.441521,25.813267,-37.065960,46.405443,-1.260727,0.190063,5.120401,-73.117376,-35.345615,55.155866,87.969152,51.183153,2.049290,-6.594071
186,11.702321,-26.112462,79.947549,-0.973583,-14.797895,162.894695,-8.941063,5.921691,-13.871941,6.212554,6.762271,-14.522783,30.875792,-17.081677,-41.249925,5.931609,-2.972787,15.000035,39.666179,0.115219,5.242179,25.504916,25.856037,-36.945003,46.406382,-1.339376,0.164329,5.147678,-73.111397,-35.292668,55.235142,87.930742,51.202256,2.086545,-6.609434
187,11.731413,-26.089106,79.958392,-0.969475,-14.787126,162.936456,-8.930494,5.955891,-13.792259,6.204336,6.762445,-14.556740,30.861694,-17.045657,-41.242524,5.922797,-2.972394,15.000035,39.651851,0.105599,5.200431,25.568312,25.898809,-36.824046,46.407320,-1.418024,0.138596,5.174957,-73.105534,-35.239720,55.314418,87.892332,51.221360,2.123798,-6.624797
188,11.760367,-26.065703,79.969197,-0.965382,-14.776283,162.978222,-8.919925,5.990091,-13.712577,6.196117,6.762619,-14.590698,30.847598,-17.009637,-41.235124,5.913986,-2.972000,15.000035,39.637523,0.095979,5.158681,25.631708,25.941580,-36.703090,46.408259,-1.496673,0.112862,5.202234,-73.099786,-35.186774,55.393694,87.853922,51.240464,2.161052,-6.640160
189,11.789173,-26.042249,79.979960,-0.961306,-14.765359,163.019993,-8.909357,6.024292,-13.632894,6.187899,6.762793,-14.624656,30.833500,-16.973617,-41.227723,5.905174,-2.971608,15.000035,39.623194,0.086359,5.116932,25.695104,25.984351,-36.582132,46.409198,-1.575321,0.087129,5.229512,-73.094191,-35.133826,55.472970,87.815512,51.259567,2.198306,-6.655522
190,11.816973,-26.018545,79.990677,-0.957260,-14.754310,163.061772,-8.898788,6.058492,-13.553213,6.179681,6.762967,-14.658614,30.819403,-16.937597,-41.220321,5.896362,-2.971215,15.000035,39.608866,0.076739,5.075183,25.758500,26.027123,-36.461176,46.410136,-1.653971,0.061395,5.256790,-73.100017,-35.080879,55.552246,87.777102,51.278670,2.235560,-6.670885
191,11.834948,-25.992342,80.001352,-0.953230,-14.743180,163.103557,-8.888218,6.092692,-13.473530,6.171463,6.763141,-14.692572,30.805306,-16.901577,-41.212920,5.887551,-2.970822,15.000035,39.594537,0.067119,5.033433,25.821896,26.069894,-36.340219,46.411075,-1.732619,0.035661,5.284068,-73.125810,-35.027932,55.631521,87.738692,51.297774,2.272813,-6.686248
192,11.837031,-25.958154,80.003188,-0.926376,-14.741831,163.070612,-8.866666,6.129036,-13.379894,6.173972,6.772341,-14.708766,30.811527,-16.909774,-41.226890,5.890793,-3.007788,15.000035,39.565918,0.086852,4.991022,26.032620,26.224782,-35.873827,44.846266,-1.738172,0.018728,5.425799,-73.133402,-34.892477,55.668181,87.635141,51.272010,2.312866,-6.742148
193,11.826081,-25.919551,80.002456,-0.893017,-14.743122,163.016247,-8.841963,6.165995,-13.282258,6.179558,6.784128,-14.719866,30.823574,-16.930653,-41.246988,5.897492,-3.055468,15.000035,39.533201,0.115002,4.948421,26.285595,26.411823,-35.308373,42.832439,-1.722762,0.004318,5.600354,-73.150061,-34.733361,55.692620,87.512910,51.233380,2.353721,-6.809673
194,11.811121,-25.879904,80.001712,-0.859656,-14.744382,162.961882,-8.817261,6.202954,-13.184621,6.185145,6.795915,-14.730965,30.835622,-16.951532,-41.267086,5.904190,-3.103149,15.000035,39.500483,0.143152,4.905819,26.538570,26.598863,-34.742920,40.818612,-1.707352,-0.010092,5.774908,-73.183309,-34.574245,55.717059,87.390678,51.194749,2.394575,-6.877198
195,11.796185,-25.840232,80.000954,-0.826294,-14.745612,162.907514,-8.792558,6.239914,-13.086983,6.190732,6.807703,-14.742066,30.847670,-16.972411,-41.287184,5.910889,-3.150828,15.000035,39.467765,0.171303,4.863218,26.791544,26.785904,-34.177466,38.804784,-1.691943,-0.024501,5.949461,-73.218692,-34.415129,55.741498,87.268446,51.156119,2.435430,-6.944723
196,11.781272,-25.800538,80.000184,-0.792930,-14.746811,162.853146,-8.767856,6.276872,-12.989346,6.196318,6.819490,-14.753165,30.859717,-16.993290,-41.307282,5.917587,-3.198509,15.000035,39.435048,0.199454,4.820617,27.044520,26.972945,-33.612012,36.790957,-1.676532,-0.038911,6.124016,-73.253388,-34.256013,55.765937,87.146215,51.117488,2.476285,-7.012248
197,11.766383,-25.760819,79.999400,-0.759565,-14.747979,162.798778,-8.743153,6.313831,-12.891709,6.201904,6.831278,-14.764265,30.871765,-17.014168,-41.327380,5.924286,-3.246188,15.000035,39.402330,0.227604,4.778015,27.297494,27.159986,-33.046558,34.777130,-1.661123,-0.053320,6.298570,-73.287353,-34.096896,55.790375,87.023983,51.078858,2.517140,-7.079773
198,11.751516,-25.721077,79.998604,-0.726200,-14.749117,162.744407,-8.718451,6.350790,-12.794072,6.207491,6.843066,-14.775365,30.883812,-17.035047,-41.347479,5.930985,-3.293869,15.000035,39.369613,0.255754,4.735414,27.550469,27.347026,-32.481104,32.763303,-1.645713,-0.067730,6.473124,-73.320641,-33.937780,55.814814,86.901752,51.040228,2.557995,-7.147298
199,11.736674,-25.681311,79.997794,-0.692832,-14.750224,162.690036,-8.693748,6.387749,-12.696435,6.213077,6.854853,-14.786465,30.895860,-17.055925,-41.367577,5.937683,-3.341549,15.000035,39.336895,0.283904,4.692813,27.803443,27.534067,-31.915651,30.749475,-1.630303,-0.082140,6.647678,-73.353206,-33.778664,55.839252,86.779520,51.001597,2.598850,-7.214824
200,11.721854,-25.641521,79.996971,-0.659463,-14.751301,162.635664,-8.669045,6.424708,-12.598797,6.218663,6.866640,-14.797565,30.907907,-17.076804,-41.387675,5.944381,-3.389229,15.000035,39.304178,0.312055,4.650211,28.056418,27.721108,-31.350197,28.735648,-1.614894,-0.096550,6.822232,-73.385106,-33.619548,55.863691,86.657288,50.962967,2.639705,-7.282348
201,11.707057,-25.601709,79.996135,-0.626093,-14.752347,162.581291,-8.644343,6.461668,-12.501161,6.224250,6.878428,-14.808665,30.919956,-17.097683,-41.407773,5.951080,-3.436909,15.000035,39.271460,0.340206,4.607609,28.309393,27.908149,-30.784743,26.721821,-1.599484,-0.110959,6.996786,-73.416299,-33.460432,55.888131,86.535056,50.924336,2.680560,-7.349874
202,11.690291,-25.564845,79.995286,-0.592722,-14.753362,162.526917,-8.619641,6.498626,-12.403524,6.229837,6.890215,-14.819764,30.932003,-17.118562,-41.427871,5.957779,-3.484589,15.000035,39.238742,0.368356,4.565009,28.562367,28.095189,-30.219289,24.707994,-1.584074,-0.125369,7.171341,-73.410159,-33.301316,55.912569,86.412824,50.885706,2.721414,-7.417399
203,11.650548,-25.562005,79.994424,-0.559350,-14.754347,162.472543,-8.594938,6.535585,-12.305886,6.235423,6.902003,-14.830864,30.944051,-17.139441,-41.447969,5.964478,-3.532269,15.000035,39.206025,0.396506,4.522407,28.815342,28.282230,-29.653836,22.694166,-1.568664,-0.139778,7.345895,-73.339022,-33.142200,55.937008,86.290593,50.847076,2.762269,-7.484924
204,11.620766,-25.624427,80.001367,-0.538714,-14.700978,162.068146,-8.542636,6.882902,-11.374171,6.246214,6.994709,-14.705581,30.756975,-17.292004,-41.295799,5.908124,-3.385657,15.000035,38.637892,0.458285,4.563092,25.714279,28.305110,-27.761905,18.031206,-1.685021,0.207300,8.119699,-73.465218,-32.995158,55.597988,85.673484,50.731737,2.709651,-7.755352
205,11.570960,-25.733603,80.009184,-0.521639,-14.631525,161.567381,-8.482734,7.315694,-10.212745,6.258438,7.109700,-14.542738,30.515060,-17.480836,-41.096186,5.834407,-3.185535,15.000035,37.922302,0.529325,4.626713,21.689497,28.282779,-25.504655,12.638661,-1.837668,0.653934,9.058540,-73.594928,-32.851441,55.158871,84.920084,50.595272,2.631290,-8.081661
206,11.507321,-25.856340,80.015582,-0.504628,-14.560808,161.066650,-8.422831,7.748485,-9.051320,6.270663,7.224692,-14.379894,30.273144,-17.669666,-40.896572,5.760689,-2.985414,15.000035,37.206712,0.600364,4.690334,17.588683,28.260448,-23.247405,7.246116,-1.990313,1.100568,9.997382,-73.664305,-32.707724,54.719752,84.166683,50.458807,2.552930,-8.407969
207,11.438623,-25.978603,80.020480,-0.487647,-14.488737,160.565945,-8.362929,8.181277,-7.889895,6.282889,7.339684,-14.217051,30.031229,-17.858497,-40.696959,5.686972,-2.785292,15.000035,36.491122,0.671404,4.753956,12.697484,28.238117,-20.990156,1.853572,-2.142960,1.547201,10.936223,-73.717388,-32.564007,54.280635,83.413283,50.322342,2.474569,-8.734278
208,11.365153,-26.100326,80.023976,-0.470737,-14.415372,160.065279,-8.303026,8.614068,-6.728469,6.295113,7.454675,-14.054207,29.789314,-18.047327,-40.497346,5.613254,-2.585171,15.000035,35.775532,0.742444,4.817577,7.218328,28.215786,-18.732906,-3.538972,-2.295606,1.993835,11.875064,-73.763387,-32.420290,53.841517,82.659882,50.185878,2.396209,-9.060587
209,11.286582,-26.221374,80.025992,-0.453864,-14.340619,159.564642,-8.243124,9.046859,-5.567044,6.307338,7.569667,-13.891364,29.547399,-18.236159,-40.297732,5.539536,-2.385049,15.000035,35.059942,0.813484,4.881199,1.423516,28.193455,-16.475656,-8.931518,-2.448251,2.440469,12.813905,-73.801995,-32.276573,53.402400,81.906482,50.049414,2.317848,-9.386896
210,11.203190,-26.341689,80.026624,-0.437074,-14.264537,159.064047,-8.183222,9.479651,-4.405618,6.319562,7.684658,-13.728520,29.305483,-18.424989,-40.098119,5.465819,-2.184928,15.000035,34.344353,0.884524,4.944820,-4.354348,28.171124,-14.218407,-14.324062,-2.600898,2.887103,13.752747,-73.833795,-32.132855,52.963281,81.153081,49.912949,2.239487,-9.713205
211,11.114657,-26.461125,80.025793,-0.420334,-14.187033,158.563486,-8.123319,9.912442,-3.244193,6.331787,7.799650,-13.565677,29.063568,-18.613820,-39.898506,5.392101,-1.984807,15.000035,33.628763,0.955564,5.008442,-9.510907,28.148793,-11.961157,-19.716607,-2.753543,3.333737,14.691588,-73.858506,-31.989138,52.524164,80.399681,49.776484,2.161127,-10.039513
212,11.021261,-26.579637,80.023593,-0.403689,-14.108163,158.062971,-8.063417,10.345233,-2.082768,6.344011,7.914641,-13.402833,28.821653,-18.802651,-39.698893,5.318384,-1.784685,15.000035,32.913174,1.026603,5.072063,-13.250629,28.126463,-9.703908,-25.109151,-2.906190,3.780371,15.630429,-73.876683,-31.845421,52.085046,79.646280,49.640019,2.082766,-10.365822
213,10.922683,-26.697069,80.019947,-0.387111,-14.027832,157.562495,-8.003514,10.778025,-0.921342,6.356237,8.029633,-13.239990,28.579737,-18.991482,-39.499279,5.244666,-1.584564,15.000035,32.197584,1.097643,5.135685,-15.479994,28.104131,-7.446658,-30.501697,-3.058836,4.227005,16.569270,-73.888064,-31.701704,51.645929,78.892880,49.503555,2.004405,-10.692131
214,10.813059,-26.804331,80.014945,-0.370646,-13.946096,157.062072,-7.943612,11.210816,0.240083,6.368461,8.144624,-13.077146,28.337822,-19.180312,-39.299666,5.170948,-1.384443,15.000035,31.481994,1.168683,5.199306,-16.640788,28.081800,-5.189408,-35.894241,-3.211482,4.673639,17.508111,-73.722083,-31.557987,51.206810,78.139479,49.367090,1.926045,-11.018439
215,10.631574,-26.813048,80.008512,-0.354268,-13.862859,156.561695,-7.883709,11.643608,1.401508,6.380686,8.259616,-12.914303,28.095907,-19.369143,-39.100053,5.097231,-1.184321,15.000035,30.766404,1.239723,5.262928,-17.004453,28.059469,-2.932159,-41.286786,-3.364128,5.120272,18.446953,-73.258117,-31.414270,50.767693,77.386079,49.230625,1.847684,-11.344748
216,10.558184,-26.983882,79.987641,-0.406973,-13.657340,155.643951,-8.148032,12.071829,1.939711,6.805406,8.202485,-12.865373,27.560906,-19.567009,-39.003375,5.065817,-0.969201,15.000035,29.891871,0.977549,6.166410,-21.042983,29.599512,-5.110368,-37.196297,-4.847607,5.419737,18.644552,-74.119988,-31.688267,49.901234,75.818551,49.022977,1.779424,-11.905667
217,10.450801,-27.107655,79.960846,-0.474664,-13.419276,154.614735,-8.498027,12.498843,2.313238,7.339121,8.099873,-12.846544,26.948462,-19.767262,-38.933898,5.045582,-0.750119,15.000035,28.975341,0.627329,7.291813,-26.069016,31.552387,-8.460573,-30.600073,-6.682737,5.680315,18.646290,-75.103253,-32.072638,48.921858,74.035902,48.796522,1.713832,-12.528578
218,10.308948,-27.187789,79.931597,-0.538759,-13.180729,153.584266,-8.848020,12.925857,2.686765,7.872836,7.997262,-12.827715,26.336017,-19.967514,-38.864420,5.025347,-0.531036,15.000035,28.058810,0.277108,8.417214,-31.261553,33.505261,-11.810779,-24.003848,-8.517867,5.940894,18.648028,-75.819221,-32.457010,47.942482,72.253253,48.570066,1.648241,-13.151488
219,10.158792,-27.264066,79.899824,-0.598841,-12.941554,152.552502,-9.198015,13.352871,3.060292,8.406551,7.894649,-12.808886,25.723573,-20.167767,-38.794942,5.005111,-0.311954,15.000035,27.142280,-0.073112,9.542616,-36.428314,35.458135,-15.160985,-17.407623,-10.352997,6.201472,18.649766,-76.475216,-32.841382,46.963105,70.470605,48.343610,1.582649,-13.774399
220,10.000862,-27.336406,79.865727,-0.655377,-12.701792,151.519622,-9.548010,13.779885,3.433819,8.940267,7.792038,-12.790056,25.111129,-20.368020,-38.725464,4.984876,-0.092871,15.000035,26.225749,-0.423332,10.668018,-41.642200,37.411010,-18.511191,-10.811398,-12.188127,6.462050,18.651504,-77.111192,-33.225753,45.983729,68.687957,48.117153,1.517058,-14.397310
221,9.834836,-27.404317,79.829247,-0.707964,-12.461302,150.485594,-9.898004,14.206899,3.807345,9.473982,7.689426,-12.771227,24.498684,-20.568273,-38.655987,4.964641,0.126212,15.000035,25.309218,-0.773553,11.793421,-46.923780,39.363884,-21.861397,-4.215174,-14.023257,6.722628,18.653242,-77.726310,-33.610125,45.004353,66.905308,47.890697,1.451467,-15.020220
222,9.661234,-27.467745,79.790572,-0.757059,-12.220121,149.450587,-10.247998,14.633913,4.180872,10.007697,7.586815,-12.752398,23.886240,-20.768526,-38.586509,4.944405,0.345294,15.000035,24.392687,-1.123774,12.918822,-52.078193,41.316758,-25.211603,2.381050,-15.858387,6.983207,18.654981,-78.321905,-33.994496,44.024976,65.122659,47.664241,1.385875,-15.643131
223,9.479771,-27.526185,79.749654,-0.802272,-11.978109,148.414580,-10.597992,15.060927,4.554399,10.541412,7.484203,-12.733569,23.273795,-20.968779,-38.517031,4.924171,0.564377,15.000035,23.476157,-1.473994,14.044224,-57.134913,43.269632,-28.561809,8.977275,-17.693517,7.243785,18.656719,-78.897226,-34.378868,43.045600,63.340011,47.437785,1.320284,-16.266042
224,9.290964,-27.579609,79.706672,-0.844045,-11.735302,147.377729,-10.947987,15.487941,4.927925,11.075128,7.381591,-12.714740,22.661351,-21.169032,-38.447553,4.903935,0.783460,15.000035,22.559626,-1.824214,15.169627,-62.752023,45.222507,-31.912015,15.573499,-19.528647,7.504363,18.658457,-79.453574,-34.763240,42.066223,61.557363,47.211328,1.254692,-16.888952
225,9.094567,-27.627498,79.661586,-0.882006,-11.491562,146.340024,-11.297981,15.914955,5.301453,11.608843,7.278979,-12.695911,22.048907,-21.369285,-38.378075,4.883700,1.002542,15.000035,21.643095,-2.174435,16.295029,-69.299873,47.175381,-35.262221,22.169725,-21.363777,7.764941,18.660195,-79.990284,-35.147611,41.086847,59.774714,46.984873,1.189101,-17.511863
226,8.891088,-27.669853,79.614568,-0.916581,-11.246920,145.301612,-11.647975,16.341969,5.674980,12.142558,7.176368,-12.677082,21.436462,-21.569537,-38.308597,4.863465,1.221625,15.000035,20.726564,-2.524655,17.420430,-76.770555,49.128255,-38.612427,28.765949,-23.198907,8.025519,18.661933,-80.558662,-35.531983,40.107471,57.992065,46.758417,1.123509,-18.134773
227,8.702302,-27.678974,79.565585,-0.947415,-11.001246,144.262491,-11.997970,16.768983,6.048506,12.676273,7.073756,-12.658253,20.824018,-21.769790,-38.239120,4.843229,1.440707,15.000035,19.810034,-2.874876,18.545832,-85.250768,51.081129,-41.962632,35.362174,-25.034037,8.286098,18.663671,-81.619665,-35.916354,39.128095,56.209417,46.531961,1.057918,-18.757684
228,8.527832,-27.635055,79.515885,-1.018288,-10.778033,143.253138,-12.314083,17.191007,6.412387,13.173080,6.940379,-12.643185,20.261223,-21.934624,-38.196918,4.824129,1.710995,15.000035,18.971784,-3.261186,19.574251,-93.396536,52.601076,-45.143357,41.419840,-26.738420,8.492775,18.601445,-83.049758,-36.104863,38.436323,54.931235,46.376912,1.001846,-19.252644
229,8.089767,-27.754713,79.470754,-1.372498,-10.709416,142.443204,-12.406696,17.580113,6.712642,13.426427,6.604055,-12.652930,20.025938,-21.865819,-38.334645,4.812513,2.319054,15.000035,18.649915,-3.885562,19.962917,-94.168253,51.265221,-47.206103,43.924915,-27.580329,8.343902,18.117281,-83.892825,-35.001368,39.641735,56.980764,46.692903,1.008571,-18.903578
230,7.702919,-27.792300,79.421473,-1.729237,-10.639071,141.633096,-12.499310,17.969220,7.012896,13.679773,6.267731,-12.662675,19.790652,-21.797013,-38.472371,4.800897,2.927113,15.000035,18.328047,-4.509939,20.351584,-94.939971,49.929366,-49.268849,46.429989,-28.422238,8.195029,17.633117,-85.281516,-33.897872,40.847147,59.030293,47.008894,1.015295,-18.554511
231,7.316137,-27.812382,79.367815,-2.088566,-10.566705,140.822833,-12.591924,18.358327,7.313150,13.933119,5.931407,-12.672420,19.555367,-21.728207,-38.610098,4.789281,3.535172,15.000035,18.006178,-5.134315,20.740250,-95.711689,48.593510,-51.331595,48.935063,-29.264148,8.046156,17.148953,-87.062019,-32.794376,42.052559,61.079822,47.324885,1.022019,-18.205444
232,6.920774,-27.826522,79.309939,-2.450396,-10.492633,140.012431,-12.684537,18.747434,7.613405,14.186466,5.595084,-12.682165,19.320081,-21.659402,-38.747824,4.777664,4.143230,15.000035,17.684309,-5.758692,21.128915,-96.483406,47.257654,-53.394342,51.440138,-30.106057,7.897283,16.664789,-88.824635,-31.690880,43.257971,63.129351,47.640876,1.028744,-17.856378
233,6.516589,-27.834144,79.247621,-2.814782,-10.416572,139.201913,-12.777151,19.136540,7.913659,14.439812,5.258760,-12.691910,19.084795,-21.590596,-38.885551,4.766048,4.751289,15.000035,17.362440,-6.383068,21.517582,-97.255124,45.921799,-55.457088,53.945211,-30.947966,7.748409,16.180625,-90.567267,-30.587384,44.463383,65.178879,47.956867,1.035468,-17.507311
234,6.107897,-27.841391,79.181014,-3.181641,-10.338829,138.391293,-12.869764,19.525647,8.213914,14.693158,4.922436,-12.701656,18.849509,-21.521790,-39.023277,4.754433,5.359348,15.000035,17.040571,-7.007444,21.906248,-98.026842,44.585944,-57.519834,56.450286,-31.789875,7.599537,15.696461,-92.289365,-29.483888,45.668795,67.228408,48.272858,1.042192,-17.158245
235,5.725874,-27.907276,79.109900,-3.551023,-10.259130,137.580599,-12.962377,19.914753,8.514169,14.946504,4.586112,-12.711401,18.614224,-21.452984,-39.161004,4.742816,5.967407,15.000035,16.718702,-7.631821,22.294914,-98.798559,43.250088,-59.582580,58.955360,-32.631785,7.450664,15.212297,-93.988633,-28.380393,46.874207,69.277937,48.588849,1.048917,-16.809178
236,5.369653,-28.048575,79.034429,-3.922850,-10.177776,136.769843,-13.054990,20.303860,8.814423,15.199850,5.749789,-8.721146,18.378938,-21.384179,-39.298730,4.731200,6.575465,15.000035,16.396833,-8.256197,22.683580,-99.570277,41.914233,-61.645326,61.460435,-33.473694,7.301791,14.728133,-95.664503,-27.276897,48.079619,71.327466,48.904840,1.055641,-16.460112
237,5.039559,-28.268650,78.954385,-4.297167,-10.094503,135.959057,-13.147604,20.692966,9.114678,15.453196,5.413465,-8.730891,18.143653,-21.315373,-39.436458,4.719584,7.183524,15.000035,16.074964,-8.880573,23.072247,-100.341995,40.578378,-63.708072,63.965509,-34.315603,7.152917,14.243970,-97.314520,-26.173402,49.285031,73.376994,49.220830,1.062366,-16.111045
238,4.708056,-28.520218,78.869915,-4.673903,-10.009605,135.148253,-13.240217,21.082073,9.414932,15.706542,5.077141,-8.740636,17.908367,-21.246567,-39.574184,4.707968,7.791583,15.000035,15.753096,-9.504950,23.460913,-101.115933,39.242522,-65.770818,66.470583,-35.157513,7.004044,13.759805,-98.938164,-25.069905,50.490443,75.426524,49.536821,1.069090,-15.761979
239,4.364728,-28.767195,78.780808,-5.053096,-9.922826,134.337465,-13.332831,21.471180,9.715186,15.959888,4.740818,-8.750381,17.673082,-21.177761,-39.711911,4.696352,8.399642,15.000035,15.431227,-10.129326,23.849579,-101.937650,37.906666,-67.833565,68.975658,-35.999422,6.855171,13.275641,-100.532883,-23.966409,51.695855,77.476052,49.852812,1.075815,-15.412911
240,4.014294,-29.009248,78.687206,-5.434680,-9.834453,133.526705,-13.425445,21.860287,10.015441,16.213235,4.508480,-8.760126,17.437796,-21.108956,-39.849637,4.684736,9.007701,15.000035,15.109358,-10.753703,24.238246,-102.839681,36.570811,-69.896311,71.480732,-36.841331,6.706298,12.791477,-102.040656,-22.862914,52.901267,79.525581,50.168803,1.082539,-15.063845
241,3.685106,-29.260758,78.588905,-5.818691,-9.744242,132.716010,-13.518058,22.249393,10.315695,16.466581,4.568170,-8.769871,17.202510,-21.040150,-39.987364,4.673120,9.615760,15.000035,14.787489,-11.378079,24.626912,-103.810062,35.234956,-71.959057,73.985806,-37.683240,6.557425,12.307314,-103.428522,-21.759418,54.106679,81.575110,50.484794,1.089264,-14.714778
242,3.485257,-29.167136,78.552916,-5.846177,-9.552037,132.198049,-13.706198,22.476264,10.496535,16.853683,4.182619,-8.774580,17.013401,-21.085680,-40.075033,4.661717,9.621726,15.000035,14.755091,-11.752410,24.780766,-104.224242,34.780858,-72.340898,74.593045,-37.784994,6.459635,12.191323,-104.188822,-21.472278,54.353898,82.126903,50.366507,1.144751,-14.647268
243,3.346248,-29.004224,78.532434,-5.787306,-9.334925,131.750674,-13.917330,22.664087,10.648633,17.272979,3.520162,-8.778076,16.835405,-21.158728,-40.150653,4.650365,9.482776,15.000035,14.792365,-12.066558,24.878105,-104.548704,34.538989,-72.318166,74.743498,-37.708602,6.374140,12.163948,-104.717867,-21.381623,54.370491,82.318209,50.143694,1.211975,-14.647524
244,3.221674,-28.846597,78.512080,-5.728084,-9.117611,131.303424,-14.128463,22.851909,10.800732,17.692275,3.252853,-8.781572,16.657408,-21.231777,-40.226274,4.639014,9.343826,15.000035,14.829639,-12.380706,24.975443,-104.865224,34.297120,-72.295434,74.893951,-37.632208,6.288645,12.136573,-105.160011,-21.290969,54.387084,82.509516,49.920882,1.279198,-14.647780
245,3.099330,-28.687780,78.491858,-5.668437,-8.900100,130.856296,-14.339594,23.039732,10.952831,18.111571,2.985543,-8.785068,16.479413,-21.304826,-40.301894,4.627663,9.204877,15.000035,14.866913,-12.694854,25.072782,-105.174902,34.055252,-72.272701,75.044404,-37.555815,6.203150,12.109198,-105.590913,-21.200315,54.403677,82.700823,49.698068,1.346423,-14.648036
246,2.979156,-28.527844,78.471766,-5.608437,-8.682380,130.409314,-14.550726,23.227555,11.104930,18.530867,2.718234,-8.788564,16.301417,-21.377874,-40.377515,4.616311,9.065927,15.000035,14.904187,-13.009002,25.170120,-105.482968,33.813383,-72.249968,75.194857,-37.479423,6.117655,12.081823,-106.023035,-21.109661,54.420271,82.892130,49.475255,1.413647,-14.648292
247,2.861237,-28.366780,78.451803,-5.548016,-8.464459,129.962480,-14.761859,23.415378,11.257028,18.950163,2.450924,-8.792060,16.123421,-21.450923,-40.453136,4.604960,8.926977,15.000035,14.941461,-13.323150,25.267459,-105.789384,33.571514,-72.227236,75.345310,-37.403030,6.032161,12.054448,-106.456422,-21.019006,54.436864,83.083436,49.252443,1.480871,-14.648548
248,2.745514,-28.204656,78.431966,-5.487243,-8.246324,129.515814,-14.972990,23.603201,11.409127,19.369459,2.183615,-8.795557,15.945425,-21.523971,-40.528757,4.593608,8.788027,15.000035,14.978736,-13.637299,25.364797,-106.094218,33.329644,-72.204504,75.495763,-37.326637,5.946666,12.027072,-106.891042,-20.928353,54.453458,83.274743,49.029630,1.548095,-14.648805
249,2.632071,-28.041468,78.412257,-5.426051,-8.027979,129.069318,-15.184122,23.791023,11.561225,19.788754,1.916305,-8.799052,15.767429,-21.597019,-40.604377,4.582257,8.649078,15.000035,15.016010,-13.951447,25.462135,-106.397433,33.087775,-72.181772,75.646216,-37.250244,5.861171,11.999697,-107.326938,-20.837699,54.470051,83.466049,48.806817,1.615318,-14.649060
250,2.520850,-27.877278,78.392670,-5.364507,-7.809417,128.623016,-15.395254,23.978846,11.713324,20.208051,1.148995,-8.802549,15.589434,-21.670068,-40.679997,4.570905,8.510129,15.000035,15.053284,-14.265595,25.559474,-106.699096,32.845906,-72.159040,75.796669,-37.173851,5.775676,11.972322,-107.764075,-20.747044,54.486644,83.657356,48.584005,1.682542,-14.649316
251,2.411929,-27.712088,78.373209,-5.302547,-7.590639,128.176908,-15.606386,24.166669,11.865423,20.627346,0.881686,-8.806044,15.411438,-21.743117,-40.755618,4.559554,8.371178,15.000035,15.090558,-14.579743,25.656813,-106.999173,32.604037,-72.136308,75.947122,-37.097459,5.690181,11.944947,-108.202498,-20.656390,54.503238,83.848663,48.361192,1.749766,-14.649573
252,2.305257,-27.545957,78.353868,-5.240234,-7.371638,127.731014,-15.817518,24.354491,12.017521,21.046642,0.614376,-8.809541,15.233442,-21.816165,-40.831239,4.548202,8.232229,15.000035,15.127832,-14.893891,25.754151,-107.297725,32.362169,-72.113575,76.097575,-37.021066,5.604687,11.917571,-108.642169,-20.565736,54.519831,84.039969,48.138379,1.816991,-14.649828
253,2.200904,-27.378889,78.334648,-5.177508,-7.152417,127.285340,-16.028650,24.542314,12.169620,21.465938,0.347067,-8.813036,15.055446,-21.889214,-40.906860,4.536851,8.093279,15.000035,15.165106,-15.208039,25.851489,-107.666889,32.120300,-72.090842,76.248028,-36.944673,5.519191,11.890196,-109.265477,-20.475082,54.536424,84.231276,47.915566,1.884215,-14.650085
254,2.129678,-27.136963,78.315546,-5.114429,-6.932966,126.839903,-16.239783,24.730136,12.321718,21.885234,0.079757,-8.816533,14.877450,-21.962263,-40.982480,4.525499,7.954330,15.000035,15.202380,-15.522187,25.948828,-108.257322,31.878431,-72.068110,76.398481,-36.868280,5.433697,11.862821,-110.438499,-20.384427,54.553017,84.422582,47.692753,1.951438,-14.650341
255,2.037573,-27.009385,78.272520,-5.120053,-6.809040,126.314841,-16.510980,25.006983,12.523399,22.443958,-0.122757,-8.742372,14.670045,-22.113828,-41.165885,4.963166,7.573051,15.000035,15.179789,-15.589606,26.140336,-108.554617,32.042176,-71.919211,76.357560,-37.035405,5.273650,11.897347,-110.968289,-20.084945,53.764770,82.948766,46.828851,1.959862,-15.258922
256,1.918099,-27.016089,78.203626,-5.197831,-6.787752,125.703115,-16.847154,25.380130,12.778715,23.153505,-0.755180,-8.584209,14.430829,-22.350327,-41.465882,5.886548,6.929639,15.000035,15.092440,-15.390131,26.433710,-108.510065,32.644686,-71.633834,76.109623,-37.465951,5.032957,11.998832,-110.713926,-19.559564,52.105901,79.673734,45.271463,1.904680,-16.525546
257,1.837046,-26.939628,78.134901,-5.271891,-6.764855,125.090897,-17.183327,25.753277,13.034031,23.863053,-0.887603,-8.426046,14.191613,-22.586826,-41.765879,6.809930,6.286225,15.000035,15.005091,-15.190656,26.727085,-108.691648,33.247196,-71.348457,75.861687,-37.896498,4.792265,12.100317,-110.933534,-19.034183,50.447032,76.398702,43.714074,1.849498,-17.792171
258,1.761676,-26.860739,78.066346,-5.342322,-6.740350,124.478202,-17.519501,26.126425,13.289346,24.572600,-1.131811,-8.267883,13.952396,-22.823325,-42.065877,7.733313,5.642813,15.000035,14.917742,-14.991181,27.020459,-108.948329,33.849706,-71.063080,75.613750,-38.327044,4.551572,12.201802,-111.219753,-18.508803,48.788164,73.123670,42.156685,1.794316,-19.058794
259,1.692163,-26.779527,77.997971,-5.409024,-6.714121,123.865025,-17.855675,26.499572,13.544662,25.282147,-1.652448,-8.109719,13.713180,-23.059824,-42.365875,8.656694,4.999400,15.000035,14.830394,-14.791705,27.313834,-109.201857,34.452216,-70.777702,75.365814,-38.757591,4.310879,12.303287,-111.364888,-17.983422,47.129295,69.848639,40.599298,1.739134,-20.325419
260,1.628406,-26.696217,77.929766,-5.472082,-6.686163,123.251381,-18.191848,26.872719,13.799978,25.991695,-1.784871,-8.064208,13.473963,-23.296323,-42.665871,9.580077,4.355987,15.000035,14.743045,-14.592230,27.607208,-109.452282,35.054726,-70.492325,75.117877,-39.188137,4.070186,12.404773,-111.371781,-17.458041,45.470426,66.573607,39.041909,1.683951,-21.592043
261,1.570559,-26.610922,77.861728,-5.531405,-6.656364,122.637267,-18.528022,27.245866,14.055294,26.701242,-2.280379,-8.293393,13.234747,-23.532822,-42.965869,10.503460,3.712574,15.000035,14.655696,-14.392755,27.900582,-109.699503,35.657237,-70.206948,74.869941,-39.618683,3.829494,12.506258,-111.236821,-16.932662,43.811558,63.298575,37.484521,1.628770,-22.858668
262,1.518517,-26.523860,77.793836,-5.587074,-6.624718,122.022697,-18.864195,27.619013,14.310610,27.410789,-2.549717,-8.135230,12.995530,-23.769321,-43.265867,11.426841,3.069161,15.000035,14.568346,-14.193280,28.193956,-109.943560,36.259747,-69.921570,74.622004,-40.049230,3.588801,12.607743,-110.962548,-16.407281,42.152690,60.023543,35.927132,1.573588,-24.125292
263,1.472415,-26.435154,77.726077,-5.639008,-6.591113,121.407671,-19.200369,27.992160,14.565926,28.120337,-2.682140,-7.977067,12.756313,-24.005820,-43.565864,12.350224,2.425748,15.000035,14.480997,-13.993805,28.487330,-110.184360,36.862257,-69.636193,74.374067,-40.479776,3.348109,12.709228,-110.564375,-15.881900,40.493821,56.748511,34.369744,1.518405,-25.391916
264,1.432144,-26.345009,77.658421,-5.687286,-6.555541,120.792204,-19.536542,28.365307,14.821242,28.829884,-3.314563,-7.818903,12.517097,-24.242319,-43.865861,13.273606,1.782336,15.000035,14.393648,-13.794329,28.780705,-110.421928,37.464767,-69.350815,74.126131,-40.910322,3.107416,12.810714,-110.176264,-15.356520,38.834952,53.473480,32.812355,1.463223,-26.658540
265,1.397819,-26.253560,77.590839,-5.731834,-6.517894,120.176294,-19.872716,28.738455,15.076558,29.539431,-3.446985,-7.660740,12.277880,-24.478818,-44.165859,14.196988,1.138922,15.000035,14.306299,-13.594854,29.074079,-110.656168,38.067278,-69.065438,73.878194,-41.340868,2.866723,12.912199,-109.833101,-14.831139,37.176083,50.198449,31.254967,1.408040,-27.925164
266,1.369328,-26.161001,77.523297,-5.772728,-6.478160,119.559958,-20.208889,29.111602,15.331873,30.248979,-3.579407,-7.617829,12.038664,-24.715317,-44.465856,15.120371,0.495510,15.000035,14.218950,-13.395379,29.367453,-110.971105,38.669787,-68.780061,73.630258,-41.771415,2.626031,13.013684,-109.557706,-14.305758,35.517214,46.923417,29.697579,1.352859,-29.191789
267,1.370124,-26.121184,77.455752,-5.809903,-6.436235,118.943198,-20.545063,29.484749,15.587189,30.958526,-4.077515,-7.844414,11.799448,-24.951816,-44.765853,16.043753,-0.147903,15.000035,14.131601,-13.195904,29.660828,-111.996683,39.272298,-68.494684,73.382321,-42.201961,2.385338,13.115169,-109.641383,-13.780378,33.858346,43.648385,28.140189,1.297677,-30.458413
268,1.447336,-26.131503,77.400921,-5.761387,-6.454126,118.309832,-20.689022,29.813167,15.903843,31.542609,-4.308697,-7.732235,11.571736,-25.251155,-44.941721,16.993555,-0.847570,15.000035,13.897723,-12.897950,29.724260,-112.396268,39.888539,-67.548156,71.844442,-42.092380,2.168018,13.205904,-109.118393,-13.530537,32.695469,40.089538,26.469113,1.174461,-31.263141
269,1.594789,-25.699081,77.412203,-5.261162,-6.806827,117.585700,-19.782977,29.897247,16.555566,31.441320,-4.211330,-7.871254,11.406870,-25.893767,-44.439504,18.087684,-1.854532,15.000035,12.863404,-12.062043,28.531591,-106.070071,40.579787,-62.989974,63.260010,-39.032253,2.078377,13.237916,-104.110055,-14.785885,34.242046,34.980297,24.176989,0.679598,-29.544674
270,1.807910,-25.417846,77.412776,-4.761916,-7.157120,116.858263,-18.876931,29.981327,17.207289,31.340032,-4.230948,-8.510273,11.242004,-26.536379,-43.937287,19.181813,-2.861493,15.000035,11.829085,-11.226135,27.338922,-100.339065,41.271035,-58.431791,54.675577,-35.972126,1.988736,13.269927,-98.713721,-16.041232,35.788621,29.871057,21.884865,0.184735,-27.826207
271,2.032281,-25.157743,77.402617,-4.263721,-7.505071,116.127625,-17.970886,30.065407,17.859012,31.238743,-4.516597,-8.649292,11.077139,-27.178990,-43.435071,20.275941,-3.868455,15.000035,10.794766,-10.390227,26.146253,-94.881907,41.962282,-53.873608,46.091145,-32.911999,1.899094,13.301938,-92.811442,-17.296579,37.335197,24.761816,19.592741,-0.310128,-26.107740
272,2.259474,-24.898969,77.382012,-3.766483,-7.850636,115.393889,-17.064840,30.149488,18.510735,31.137454,-4.419231,-8.906162,10.912272,-27.821602,-42.932854,21.370069,-4.875417,15.000035,9.760447,-9.554321,24.953584,-89.115652,42.653530,-49.315424,37.506712,-29.851872,1.809453,13.333950,-86.243274,-18.551927,38.881772,19.652576,17.300617,-0.804991,-24.389272
273,2.489571,-24.641611,77.350953,-3.270268,-8.193880,114.657160,-16.158795,30.233568,19.162458,31.036166,-4.321865,-9.427329,10.747406,-28.464214,-42.430637,22.464198,-5.882379,15.000035,8.726127,-8.718413,23.760915,-83.046157,43.344778,-44.757242,28.922280,-26.791745,1.719812,13.365961,-79.220287,-19.807274,40.428349,14.543335,15.008493,-1.299854,-22.670806
274,2.722556,-24.385782,77.309695,-2.774999,-8.534774,113.917538,-15.252749,30.317648,19.814181,30.934877,-4.224498,-9.685066,10.582540,-29.106826,-41.928420,23.558326,-6.889341,15.000035,7.691808,-7.882506,22.568245,-76.687600,44.036026,-40.199059,20.337848,-23.731618,1.630170,13.397972,-72.059803,-21.062621,41.974924,9.434094,12.716369,-1.794717,-20.952339
275,2.958496,-24.131600,77.258237,-2.280738,-8.873384,113.175131,-14.346703,30.401728,20.465904,30.833588,-4.127131,-10.205367,10.417675,-29.749438,-41.426204,24.652454,-7.896302,15.000035,6.657489,-7.046598,21.375576,-70.045766,44.727274,-35.640876,11.753416,-20.671491,1.540529,13.429984,-64.892635,-22.317968,43.521501,4.324854,10.424245,-2.289580,-19.233872
276,3.197388,-23.879161,77.196808,-1.787422,-9.209692,112.430034,-13.440658,30.485808,21.117627,30.732300,-4.529764,-10.344386,10.252809,-30.392049,-40.923987,25.746583,-8.903265,15.000035,5.623170,-6.210690,20.182907,-63.131611,45.418522,-31.082693,3.168983,-17.611364,1.450887,13.461995,-57.725468,-23.573315,45.068076,-0.784387,8.132121,-2.784443,-17.515405
277,3.439283,-23.628591,77.125414,-1.295108,-9.543766,111.682355,-12.534612,30.569888,21.769350,30.631011,-4.432398,-10.853423,10.087943,-31.034661,-40.421770,26.840712,-9.910226,15.000035,4.588851,-5.374783,18.990238,-55.946896,46.109770,-26.524511,-5.415449,-14.551237,1.361246,13.494006,-50.558301,-24.828662,46.614652,-5.893628,5.839997,-3.279306,-15.796937
278,3.684180,-23.379993,77.044258,-0.803749,-9.875597,110.932190,-11.628567,30.653970,22.421073,30.529722,-4.335032,-11.122424,9.923077,-31.677273,-39.919553,27.934841,-10.917188,15.000035,3.554531,-4.538876,17.797569,-48.233041,46.801018,-21.966328,-13.999882,-11.491110,1.271605,13.526018,-43.391134,-26.084009,48.161228,-11.002867,3.547873,-3.774168,-14.078470
279,3.932122,-23.133501,76.953354,-0.313398,-10.205256,110.179646,-10.722521,30.738050,23.072796,30.428433,-4.237665,-11.632327,9.758211,-32.319885,-39.417337,29.028968,-11.924150,15.000035,2.520212,-3.702968,16.604900,-39.798092,47.492265,-17.408144,-22.584314,-8.430983,1.181963,13.558029,-36.223966,-27.339357,49.707803,-16.112108,1.255749,-4.269032,-12.360004
280,4.177971,-22.892150,76.852881,0.175980,-10.532747,109.424818,-9.816475,30.822130,23.724519,30.327145,-4.140299,-11.900461,9.593345,-32.962497,-38.915120,30.123097,-12.931111,15.000035,1.485893,-2.867061,15.412231,-30.492531,48.183513,-12.849961,-31.168746,-5.370856,1.092322,13.590041,-29.056799,-28.594704,51.254380,-21.221349,-1.036374,-4.763895,-10.641537
281,4.383644,-22.677460,76.742860,0.664334,-10.858141,108.667814,-8.910430,30.906210,24.376242,30.225856,-4.042932,-12.039481,9.428480,-33.605108,-38.412903,31.217226,-13.938074,15.000035,0.451574,-2.031153,14.219562,-20.283306,48.874761,-8.291779,-39.753178,-2.310729,1.002681,13.622052,-21.889632,-29.850051,52.800955,-26.330589,-3.328499,-5.258758,-8.923069
282,4.531396,-22.562904,76.787879,1.018156,-11.022072,108.282389,-7.966829,30.320551,24.542764,29.068566,-3.603772,-12.332448,9.485726,-33.849345,-38.106441,31.298101,-14.146630,15.000035,-0.026746,-0.888622,13.746656,-17.682862,47.723146,-8.547873,-41.135881,-1.688264,0.661893,13.544980,-16.758593,-32.400252,49.507933,-29.175279,-2.731238,-6.282922,-9.026207
283,4.634319,-22.487100,76.867737,1.348972,-11.152293,107.972299,-7.015488,29.596842,24.609271,27.693603,-3.094160,-12.887597,9.588755,-34.011466,-37.840330,31.170117,-14.190613,15.000035,-0.390459,0.317111,13.422114,-16.374713,46.191664,-9.796324,-41.034105,-1.568271,0.269336,13.445423,-12.047256,-35.217359,45.217335,-31.553181,-1.538395,-7.416189,-9.504830
284,4.723565,-22.417466,76.950034,1.685262,-11.281574,107.660424,-6.064145,28.873132,24.675778,26.318641,-2.584547,-13.064928,9.691785,-34.173587,-37.574218,31.042132,-14.234596,15.000035,-0.754172,1.522846,13.097572,-14.801286,44.660183,-11.044777,-40.932328,-1.448276,-0.123220,13.345865,-7.335921,-38.034467,40.926736,-33.931083,-0.345552,-8.549457,-9.983452
285,4.814151,-22.345136,77.034647,2.026904,-11.409911,107.346765,-5.112804,28.149422,24.742286,24.943679,-2.074933,-13.242259,9.794814,-34.335708,-37.308107,30.914148,-14.278579,15.000035,-1.117885,2.728580,12.773030,-13.150868,43.128701,-12.293228,-40.830552,-1.328283,-0.515777,13.246308,-2.624585,-40.851574,36.636137,-36.308985,0.847291,-9.682725,-10.462074
286,4.906028,-22.270154,77.121427,2.373730,-11.537293,107.031333,-4.161462,27.425712,24.808793,23.568716,-1.565320,-13.419591,9.897844,-34.497828,-37.041996,30.786163,-14.322562,15.000035,-1.481598,3.934314,12.448487,-11.438188,41.597220,-13.541680,-40.728776,-1.208289,-0.908334,13.146751,2.086751,-43.668681,32.345538,-38.686887,2.040135,-10.815992,-10.940696
287,4.999158,-22.192548,77.210244,2.725604,-11.663705,106.714135,-3.210120,26.702002,24.875301,22.193754,-1.055708,-13.596923,10.000874,-34.659949,-36.775885,30.658179,-14.366545,15.000035,-1.845311,5.140048,12.123945,-9.651574,40.065738,-14.790132,-40.626999,-1.088294,-1.300890,13.047194,6.798087,-46.485788,28.054940,-41.064788,3.232978,-11.949260,-11.419318
288,5.093486,-22.112355,77.300949,3.082357,-11.789121,106.395186,-2.258778,25.978291,24.941809,20.818791,-0.546095,-13.774255,10.103903,-34.822070,-36.509773,30.530195,-14.410528,15.000035,-2.209024,6.345783,11.799403,-8.120361,38.534257,-16.038584,-40.525223,-0.968301,-1.693447,12.947637,11.509423,-49.302896,23.764341,-43.442691,4.425821,-13.082528,-11.897940
289,5.188962,-22.029603,77.393411,3.443842,-11.913512,106.074499,-1.307437,25.254582,25.008316,19.443829,-0.036481,-13.951587,10.206933,-34.984190,-36.243661,30.402211,-14.454510,15.000035,-2.572737,7.551517,11.474861,-7.023231,37.002775,-17.287035,-40.423447,-0.848307,-2.086003,12.848080,16.220759,-52.120004,19.473742,-45.820592,5.618664,-14.215795,-12.376563
290,5.317876,-21.914891,77.519233,3.932482,-12.077504,105.645349,-0.042916,24.292628,25.096718,17.616233,0.640894,-14.187296,10.343880,-35.199681,-35.889947,30.232095,-14.512972,15.000035,-3.056183,9.154175,11.043480,-6.424019,34.967134,-18.946474,-40.288166,-0.688811,-2.607788,12.715749,22.483054,-55.864494,13.770690,-48.981292,7.204188,-15.722132,-13.012746
291,5.589501,-21.637423,77.807522,5.047409,-12.435462,104.677556,2.778861,22.146031,25.293986,13.537954,2.152458,-14.362693,10.649476,-35.680548,-35.100634,29.852480,-14.643430,15.000035,-4.134992,12.730505,10.080855,-6.859733,30.424604,-22.649509,-39.986287,-0.332897,-3.772151,12.420452,36.457355,-64.220321,1.044338,-56.034391,10.742282,-19.083518,-14.432389
292,5.698715,-21.558018,77.951446,5.475826,-12.604842,104.418679,4.182296,21.015977,25.139326,11.178002,3.032070,-14.423378,10.929242,-35.782852,-34.834365,29.453774,-14.560685,15.000035,-4.357090,14.479357,9.605192,-7.238634,28.615234,-23.961902,-39.501717,-0.525167,-4.044357,12.534981,41.246049,-67.118738,-3.227296,-58.702565,12.075378,-20.143418,-14.646939
293,5.648031,-21.602975,77.994753,5.425816,-12.648957,104.648008,4.620352,20.577823,24.745130,9.987610,3.481550,-14.418473,11.191424,-35.627491,-34.924102,29.042075,-14.332826,15.000035,-3.996075,14.984354,9.460974,-7.246053,28.666160,-23.647127,-38.892801,-1.090553,-3.709329,12.928453,39.782652,-66.302626,-1.744313,-58.386184,11.907664,-19.636833,-14.041258
294,5.595218,-21.645462,78.040394,5.380871,-12.689430,104.876263,5.058407,20.139669,24.350934,8.797218,3.931029,-14.413568,11.453607,-35.472131,-35.013838,28.630376,-14.104968,15.000035,-3.635059,15.489350,9.316757,-7.253470,28.717085,-23.332352,-38.283885,-1.655939,-3.374300,13.321926,38.319257,-65.486514,-0.261330,-58.069804,11.739951,-19.130248,-13.435576
295,5.542638,-21.686284,78.088377,5.341022,-12.726342,105.103427,5.496464,19.701515,23.956737,7.606827,4.380510,-14.408663,11.715790,-35.316770,-35.103575,28.218677,-13.877109,15.000035,-3.274044,15.994347,9.172538,-7.260887,28.768012,-23.017578,-37.674969,-2.221325,-3.039271,13.715400,36.855862,-64.670402,1.221652,-57.753423,11.572238,-18.623664,-12.829894
296,5.486654,-21.735460,78.125295,5.324568,-12.768699,105.292108,5.763328,19.355309,23.565559,6.824410,4.653079,-14.479830,11.938238,-35.235977,-35.223211,27.903941,-13.682353,15.000035,-2.905498,16.382643,9.070512,-7.176476,28.943776,-22.692048,-37.148947,-2.546519,-2.736272,13.981198,35.512384,-63.949074,2.550519,-57.477794,11.303729,-18.167081,-12.237535
297,5.496699,-21.828039,78.093388,5.405162,-12.855198,105.286264,5.141733,19.486299,23.190039,8.159331,4.007507,-14.795158,11.954465,-35.542178,-35.498026,28.092436,-13.659394,15.000035,-2.497869,16.165275,9.187454,-6.615482,29.767432,-22.310696,-37.053137,-1.625147,-2.599511,13.584387,34.791271,-63.719659,3.079546,-57.413662,10.512106,-17.970005,-11.714314
298,5.494289,-21.924225,78.054785,5.488508,-12.944691,105.268602,4.463246,19.647845,22.815522,9.629834,3.303142,-14.774618,11.957487,-35.873158,-35.782777,28.313155,-13.647435,15.000035,-2.087738,15.909126,9.318417,-6.023972,30.632574,-21.925769,-36.984875,-0.623953,-2.473395,13.145147,34.110009,-63.521743,3.557356,-57.363074,9.686986,-17.789548,-11.195521
299,4.716890,-18.201199,78.013874,5.568431,-13.034247,105.251582,3.784760,19.809391,22.441005,11.100338,3.595898,-14.712953,11.960509,-36.204141,-36.067528,28.533875,-13.635477,15.000035,-1.677606,15.652975,9.449380,-5.432461,31.497716,-21.540843,-36.916613,0.377241,-2.347278,12.705906,33.428747,-63.323827,4.035165,-57.312485,8.861866,-17.609090,-10.676728
300,3.429990,-12.135446,77.985095,5.628191,-13.108020,105.178166,3.155255,19.964959,22.096541,12.490508,4.409097,-14.650277,11.989920,-36.476048,-36.347567,28.614735,-13.543177,15.000035,-1.258961,15.327489,9.546621,-4.707201,32.344364,-21.186957,-36.434704,1.347717,-2.181694,12.278967,32.626692,-63.074593,4.506054,-57.268082,8.159903,-17.389566,-10.144885
301,2.968340,-11.832056,78.235065,5.331668,-12.852394,103.918154,3.545355,19.996093,22.377679,12.208485,4.025104,-14.566554,12.568663,-35.518300,-36.529514,25.784328,-11.778513,15.000035,-0.663108,13.558701,8.941888,-1.197834,32.806030,-21.479191,-27.342394,1.678749,-1.194552,12.108100,29.310220,-61.757114,4.832913,-57.352435,10.021541,-16.356858,-9.341407
302,2.230725,-11.285329,78.607184,4.748561,-12.350902,101.768983,4.699772,19.933948,23.127778,10.672953,3.216014,-14.467053,13.559193,-33.638776,-36.637932,20.771575,-8.760211,15.000035,0.065584,10.707985,7.810943,4.398555,32.979104,-22.255769,-11.795553,1.530443,0.408448,12.129190,24.108888,-59.638859,5.051803,-57.533306,13.804906,-14.714569,-8.334304
303,1.481595,-11.029835,78.855539,4.138849,-11.849427,99.620275,5.854190,19.871803,23.877878,9.137421,1.215416,-14.367552,14.549723,-31.759253,-36.746350,15.758821,-5.741908,15.000035,0.794276,7.857271,6.679996,9.994945,33.152179,-23.032348,3.751288,1.382136,2.011447,12.150280,18.907557,-57.520603,5.270692,-57.714177,17.588271,-13.072280,-7.327202
304,0.732504,-10.857924,78.977324,3.503877,-11.348288,97.471469,7.008606,19.809659,24.627978,7.601888,1.060572,-14.268052,15.540253,-29.879729,-36.854768,10.746067,-2.723606,15.000035,1.522968,5.006555,5.549050,15.591334,33.325254,-23.808927,19.298130,1.233829,3.614446,12.171370,13.706226,-55.402348,5.489582,-57.895048,21.371636,-11.429992,-6.320100
305,0.056445,-10.723302,78.965485,2.901531,-10.786129,95.392383,7.644986,19.836487,25.270074,6.784214,0.729711,-14.063752,15.907151,-28.286280,-36.597487,6.816689,-0.357102,15.000035,2.071520,2.356752,5.021940,19.703188,33.576967,-24.017989,32.764735,0.314645,4.908626,12.335283,9.151640,-53.472248,5.642442,-57.885816,24.377317,-10.125512,-5.549388
306,-0.422965,-10.947608,78.857144,2.485998,-10.015854,93.541991,6.555389,20.159752,25.552322,8.358272,-0.687592,-14.010287,14.196257,-27.645964,-35.121787,6.496860,-0.162237,15.000035,2.019895,0.376340,6.506668,18.868931,34.090681,-22.336227,39.300496,-3.172919,5.173897,12.975049,6.751855,-52.169040,5.575307,-57.243207,24.791940,-9.946533,-5.566270
307,-0.884274,-11.168508,78.727291,2.114506,-9.216261,91.713335,5.237249,20.522269,25.786923,10.249026,-2.065565,-13.410589,12.210237,-27.131855,-33.484754,6.654982,-0.254924,15.000035,1.888798,-1.515435,8.257791,17.379742,34.639087,-20.404093,44.918522,-7.000572,5.302926,13.677825,4.637394,-50.948842,5.479043,-56.516729,24.863473,-9.916584,-5.687438
308,-1.350144,-11.367406,78.582709,1.764169,-8.414781,89.876246,3.919109,20.884786,26.021524,12.139781,-3.310954,-13.310892,10.224216,-26.617747,-31.847720,6.813105,-0.347611,15.000035,1.757700,-3.407211,10.008912,15.890552,35.187495,-18.471959,50.536547,-10.828224,5.431956,14.380601,2.522932,-49.728643,5.382778,-55.790252,24.935006,-9.886634,-5.808607
309,-1.786197,-11.519642,78.423574,1.434006,-7.611389,88.032089,2.600969,21.247304,26.256123,14.030536,-4.672461,-12.711194,8.238195,-26.103639,-30.210687,6.971228,-0.440298,15.000035,1.626603,-5.298987,11.760034,14.401363,35.735901,-16.539825,56.154573,-14.655875,5.560986,15.083377,0.408471,-48.508444,5.286513,-55.063775,25.006538,-9.856685,-5.929777
310,-2.053133,-12.522848,78.295124,1.335987,-5.201920,87.048261,-3.558185,21.631244,24.602951,19.841304,-6.707492,-11.859463,1.586943,-26.429682,-27.684480,12.362612,-2.747405,14.748385,1.309835,-5.908367,14.846667,8.872807,36.376707,-16.771146,60.276163,-18.344341,4.900508,16.538345,-3.014765,-47.018480,7.856616,-52.269341,22.714233,-11.756122,-7.439789
311,-2.178078,-13.973299,77.871369,1.355868,-1.908040,86.586527,-12.628886,22.028070,21.814409,28.009697,-9.368058,-10.856151,-7.870132,-27.261019,-24.623496,20.901452,-6.386337,13.332348,0.881400,-5.746473,18.736521,0.914841,37.073084,-18.303639,63.497748,-21.949095,3.765193,18.445704,-7.225139,-45.366271,12.030359,-48.231168,19.000240,-14.815956,-9.785096
312,-2.342106,-15.337259,76.881695,1.354046,1.291409,86.126070,-21.699587,22.424894,19.025868,36.178091,-12.028623,-9.852839,-17.327206,-28.092358,-21.562512,29.440292,-9.525268,12.445747,0.452964,-5.584579,22.626374,-7.043124,37.769464,-19.836132,66.719333,-25.553849,2.629879,20.353064,-11.435513,-43.714062,16.204101,-44.192996,15.286246,-17.875791,-12.130403
313,-2.538257,-16.571911,75.393671,1.328060,4.415602,85.664493,-30.770289,22.821720,16.237328,44.346484,-14.689189,-8.849527,-26.784280,-28.923696,-18.501528,37.979132,-12.778584,11.707001,0.024529,-5.422684,26.516228,-15.001090,38.465841,-21.368625,69.940917,-29.158603,1.494564,22.260426,-15.645887,-42.061853,20.377844,-40.154824,11.572251,-20.935624,-14.475710
314,-2.753774,-17.833064,73.611507,1.303788,7.552178,85.336797,-39.485518,22.892542,13.449990,51.818423,-17.136293,-8.483906,-35.894965,-29.523748,-15.606230,45.861488,-15.481198,10.946542,-0.354099,-5.196154,29.749550,-21.729049,38.965702,-22.629993,72.911582,-32.673060,0.310810,23.991925,-19.504231,-40.429132,24.087755,-36.168492,8.381859,-23.502044,-16.285727
315,-2.608809,-18.252453,72.409628,1.384600,11.003113,85.663780,-46.514425,21.416849,10.668363,55.986460,-18.570761,-8.271481,-43.362419,-29.026604,-13.496930,50.629563,-17.270981,10.083071,-0.496449,-4.663002,29.868363,-22.621997,38.533310,-22.605169,74.691912,-35.759159,-1.102738,24.889164,-21.692581,-38.888861,25.597298,-32.428085,7.675370,-23.727763,-15.556387
316,-2.531408,-18.812818,71.044181,1.409878,14.484691,86.017205,-53.467023,19.871171,7.886995,60.004986,-19.959403,-8.088613,-50.755511,-28.479809,-11.423198,55.256709,-18.854740,9.303121,-0.628107,-4.115975,29.846237,-23.250895,38.058730,-22.522143,76.418375,-38.825875,-2.526684,25.748651,-23.805361,-37.352773,27.007271,-28.698805,7.081284,-23.847560,-14.712135
317,-2.471840,-19.283021,69.439917,1.373115,17.995255,86.355419,-60.419620,18.325494,5.105626,64.023513,-21.348045,-8.293094,-58.148604,-27.933014,-9.349466,59.883854,-20.212328,8.806709,-0.759764,-3.568946,29.824110,-23.879794,37.584149,-22.439116,78.144838,-41.892590,-3.950631,26.608137,-25.918140,-35.816685,28.417243,-24.969526,6.487199,-23.967356,-13.867883
318,-2.423459,-19.671630,67.700118,1.279256,21.481309,86.687171,-67.234163,16.774338,2.375998,67.954194,-22.711240,-8.587697,-65.389875,-27.374964,-7.311004,64.428254,-21.842291,8.641974,-0.881325,-3.015995,29.802725,-24.495666,37.123733,-22.377565,79.799455,-44.859055,-5.343690,27.444499,-27.979194,-34.353969,29.767451,-21.368371,5.904270,-24.059879,-13.053813
319,-2.278893,-19.833851,66.530221,1.277708,23.854737,87.374013,-71.696575,15.129863,0.527931,70.388177,-23.640861,-8.888427,-70.044433,-26.625159,-5.873457,67.562849,-23.075975,8.596381,-0.830867,-2.362105,29.793971,-24.889599,36.904630,-22.681918,80.229979,-46.117474,-6.210488,27.886885,-29.158950,-34.141330,30.099419,-19.950155,5.511421,-23.687741,-12.754001
320,-2.062464,-19.877325,65.835834,1.366780,25.443282,88.323872,-74.537122,13.421039,-0.712274,71.790144,-24.271518,-8.750679,-72.915375,-25.743131,-4.850258,69.725343,-24.334129,8.488378,-0.661796,-1.638615,29.793927,-25.130498,36.851919,-23.238574,79.816452,-46.198142,-6.714413,28.057612,-29.731025,-34.790656,29.729280,-20.037142,5.249640,-22.995202,-12.808784
321,-1.848888,-19.930671,65.085398,1.457144,27.037507,89.277010,-77.377669,11.712215,-1.952481,73.192109,-24.902177,-8.723850,-75.786318,-24.861103,-3.827060,71.887836,-25.579124,8.380375,-0.492725,-0.915126,29.793884,-25.371397,36.799208,-23.795231,79.402925,-46.278810,-7.218340,28.228339,-30.303101,-35.439983,29.359141,-20.124129,4.987859,-22.302664,-12.863567
322,-1.636907,-19.968220,64.272940,1.548737,28.640293,90.232653,-80.218216,10.003391,-3.192687,74.594075,-25.532835,-8.975184,-78.657260,-23.979076,-2.803861,74.050330,-26.817715,8.272373,-0.323654,-0.191636,29.793840,-25.612296,36.746497,-24.351886,78.989397,-46.359478,-7.722265,28.399065,-30.875176,-36.089309,28.989001,-20.211116,4.726077,-21.610126,-12.918349
323,-1.477806,-20.000441,63.595210,1.594501,29.949026,90.989486,-82.560368,8.524586,-4.259351,75.752873,-26.028860,-9.268653,-81.027895,-23.143806,-1.936422,75.847974,-27.951475,8.190623,-0.181249,0.411791,29.793806,-25.762560,36.698130,-24.818694,78.659912,-46.394797,-8.069053,28.548530,-31.290570,-36.684373,28.648334,-20.347294,4.386325,-21.104331,-13.086562
324,-1.466181,-20.149554,63.298056,1.491620,30.346508,91.137810,-83.400081,7.739180,-4.802862,76.178632,-26.119025,-9.354768,-81.890325,-22.449489,-1.538532,76.545766,-28.343965,8.188019,-0.119229,0.653282,29.793802,-25.639602,36.662855,-25.014651,78.583773,-46.293412,-7.942145,28.633898,-31.233644,-37.115862,28.396514,-20.631763,3.811529,-21.161478,-13.596713
325,-1.472781,-20.278703,63.050385,1.370252,30.637308,91.212712,-84.060774,7.036396,-5.284039,76.517047,-26.160831,-9.025363,-82.573049,-21.771967,-1.196589,77.112506,-28.571429,8.194843,-0.066788,0.851647,29.793802,-25.484088,36.629140,-25.178336,78.537821,-46.175737,-7.758795,28.711628,-31.120438,-37.527860,28.155279,-20.933901,3.208726,-21.285704,-14.147609
326,-1.479166,-20.405196,62.801487,1.248619,30.930829,91.286946,-84.721467,6.333612,-5.765216,76.855462,-26.202638,-8.977587,-83.255772,-21.094447,-0.854647,77.679248,-28.798893,7.701668,-0.014347,1.050011,29.793802,-25.328573,36.595425,-25.342020,78.491869,-46.058063,-7.575443,28.789357,-31.007233,-37.939857,27.914043,-21.236039,2.605923,-21.409928,-14.698504
327,-1.489486,-20.494936,62.549029,1.126786,31.227185,91.360542,-85.382160,5.630828,-6.246393,77.193877,-26.244444,-9.038996,-83.938496,-20.416925,-0.512705,78.245989,-29.026356,7.708492,0.038094,1.248376,29.793802,-25.173058,36.561711,-25.505705,78.445916,-45.940388,-7.392093,28.867087,-30.894028,-38.351855,27.672809,-21.538177,2.003121,-21.534152,-15.249399
328,-1.488133,-20.661066,62.488770,1.032807,30.440067,91.291246,-84.723442,6.211664,-6.213298,77.238737,-26.269925,-9.165903,-83.347237,-20.240374,0.004934,78.427781,-28.999283,8.391012,-0.205114,0.825340,29.793802,-21.676770,36.596898,-23.636952,78.434214,-45.225117,-6.784020,29.137325,-29.688860,-40.702823,26.245333,-19.486461,0.684210,-19.935820,-16.606376
329,-1.492270,-20.799818,62.543913,0.953538,29.076826,91.147710,-83.366285,7.471991,-5.907972,77.128203,-26.286767,-9.406653,-82.081587,-20.329017,0.615577,78.405799,-28.837467,9.059085,-0.604827,0.073360,29.793802,-16.412021,36.668561,-20.692317,78.440642,-44.193505,-5.951118,29.509469,-27.905656,-44.080196,24.189914,-16.188720,-1.013775,-17.425642,-18.390058
330,-1.495172,-20.860295,62.572050,0.919229,28.487186,91.086145,-82.779918,8.016524,-5.776054,77.080447,-26.294043,-9.509508,-81.534756,-20.367314,0.879408,78.396302,-28.767554,9.285580,-0.777525,-0.251537,29.793802,-14.137358,36.699523,-19.420071,78.443419,-43.747791,-5.591257,29.670256,-27.135213,-45.539408,23.301859,-14.763912,-1.747398,-16.341107,-19.160708
331,-1.498052,-20.907775,62.584222,0.892218,28.026720,91.038201,-82.322363,8.441434,-5.673116,77.043181,-26.299722,-9.835216,-81.108052,-20.397199,1.085283,78.388891,-28.713000,9.378471,-0.912285,-0.505062,29.793802,-12.362386,36.723683,-18.427308,78.445585,-43.399990,-5.310451,29.795721,-26.534017,-46.678065,22.608888,-13.652102,-2.319862,-15.494817,-19.762063
332,-1.501390,-20.955467,62.592222,0.865103,27.565978,90.990402,-81.864807,8.866344,-5.570176,77.005915,-26.305399,-9.803905,-80.681347,-20.427085,1.291157,78.381479,-28.658445,9.471362,-1.047045,-0.758587,29.793802,-10.587413,36.747844,-17.434545,78.447752,-43.052189,-5.029643,29.921187,-25.932822,-47.816722,21.915918,-12.540292,-2.892326,-14.648529,-20.363419
333,-1.505174,-21.003363,62.604885,0.837902,27.104966,90.942764,-81.407251,9.291255,-5.467238,76.968649,-26.311077,-9.772594,-80.254642,-20.456970,1.497031,78.374069,-28.603890,9.958534,-1.181805,-1.012111,29.793802,-8.812441,36.772004,-16.441782,78.449920,-42.704388,-4.748837,30.046653,-25.331628,-48.955379,21.222948,-11.428482,-3.464790,-13.802241,-20.964775
334,-1.509420,-21.051470,62.623450,0.810591,26.643669,90.895282,-80.949696,9.716166,-5.364299,76.931383,-26.316755,-9.741283,-79.827937,-20.486855,1.702905,78.366658,-28.694049,10.157145,-1.316565,-1.265636,29.793802,-7.037468,36.796165,-15.449020,78.452087,-42.356588,-4.468029,30.172118,-24.730433,-50.094036,20.529978,-10.316672,-4.037253,-12.955952,-21.566130
335,-1.514111,-21.099776,62.641102,0.783187,26.182093,90.847971,-80.492140,10.141076,-5.261360,76.894117,-26.322433,-9.709972,-79.401232,-20.516739,1.908779,78.359247,-28.994780,10.250037,-1.451325,-1.519161,29.793802,-5.262495,36.820325,-14.456257,78.454253,-42.008787,-4.187222,30.297583,-24.129239,-51.232693,19.837008,-9.204861,-4.609717,-12.109664,-22.167486
336,-1.520372,-21.115530,62.645599,0.755664,25.720224,90.800827,-80.034584,10.565987,-5.158421,76.856851,-26.328110,-10.178661,-78.974528,-20.546625,2.114653,78.351835,-28.940225,10.342928,-1.586086,-1.772685,29.793802,-3.487523,36.844486,-13.463494,78.456420,-41.660986,-3.906415,30.423049,-23.528044,-52.371350,19.144038,-8.093052,-5.182180,-11.263375,-22.768841
337,-1.534262,-20.906527,62.647861,0.728043,25.258069,90.753865,-79.577029,10.990898,-5.055483,76.819586,-26.333788,-10.147350,-78.547823,-20.576510,2.320527,78.344424,-28.885671,10.435819,-1.720846,-2.026210,29.793802,-1.712551,36.868646,-12.470731,78.458588,-41.313185,-3.625608,30.548515,-22.926849,-53.510008,18.451068,-6.981241,-5.754644,-10.417087,-23.370197
338,-1.486613,-21.087115,62.857632,0.903838,24.819175,90.919726,-78.680263,11.687836,-4.283935,76.150289,-26.163427,-9.965892,-77.842438,-20.846061,2.408147,77.937966,-28.650890,10.988966,-1.970638,-2.310246,29.793802,2.176260,36.440784,-11.351032,78.719537,-42.515341,-2.555184,29.542316,-21.137372,-56.305685,18.823367,1.324530,-0.145612,-8.208961,-23.152301
339,-1.441369,-21.121089,63.095946,1.100517,24.387383,91.113191,-77.712847,12.428530,-3.404836,75.379326,-25.964747,-9.760283,-77.092225,-21.154164,2.476745,77.467318,-28.387120,11.035718,-2.238934,-2.599190,29.793802,6.405098,35.940211,-10.210915,79.022114,-43.966820,-1.357744,28.354081,-19.156752,-59.367909,19.367023,10.787507,6.457762,-5.781774,-22.802622
340,-1.403563,-21.074161,63.329056,1.283525,23.959337,91.299365,-76.745431,13.169226,-2.525736,74.608362,-25.766068,-9.554674,-76.342013,-21.462267,2.545342,76.996669,-28.123349,11.082471,-2.507231,-2.888134,29.793802,10.633937,35.439637,-9.070797,79.324690,-45.418299,-0.160305,27.165845,-17.176130,-62.430132,19.910679,20.250484,13.061136,-3.354587,-22.452942
341,-1.370062,-21.026369,63.603068,1.453320,23.534627,91.478698,-75.778015,13.909921,-1.646638,73.837398,-25.567389,-9.349064,-75.591800,-21.770370,2.613940,76.526021,-27.859579,11.129224,-2.775527,-3.177079,29.793802,14.862775,34.939063,-7.930679,79.627267,-46.869778,1.037136,25.977609,-15.195510,-65.492355,20.454335,29.713462,19.664511,-0.927400,-22.103262
342,-1.341146,-20.977911,63.904009,1.609451,23.113116,91.651258,-74.810599,14.650616,-0.767538,73.066435,-24.868710,-9.143455,-74.841587,-22.078473,2.682538,76.055373,-27.595808,11.175977,-3.043824,-3.466023,29.793802,19.091613,34.438490,-6.790561,79.929844,-48.321256,2.234575,24.789373,-13.214888,-68.554578,20.997991,39.176440,26.267885,1.499787,-21.753582
343,-1.316710,-20.929030,64.153483,1.752411,22.694393,91.817498,-73.843184,15.391312,0.111560,72.295472,-24.670030,-8.937846,-74.091375,-22.386576,2.751136,75.584724,-27.332038,11.621343,-3.312121,-3.754968,29.793802,23.320451,33.937916,-5.650443,80.232421,-49.772735,3.432015,23.601138,-11.234267,-71.616802,21.541648,48.639417,32.871259,3.926974,-21.403903
344,-1.297028,-20.879950,64.463690,1.881733,22.278274,91.977492,-72.875768,16.132007,0.990660,71.524509,-23.971351,-8.732236,-73.341161,-22.694679,2.819734,75.114076,-27.068267,11.769482,-3.580418,-4.043912,29.793802,27.549290,33.437343,-4.510325,80.534997,-51.224215,4.629455,22.412902,-9.253645,-74.679025,22.085304,58.102394,39.474633,6.354162,-21.054224
345,-1.281963,-20.830903,64.697059,1.997947,21.864351,92.131694,-71.908352,16.872702,1.869759,70.753545,-23.772672,-8.526626,-72.590948,-23.002782,2.888331,74.643428,-26.804496,11.816235,-3.848714,-4.332856,29.793802,31.778128,32.936769,-3.370208,80.837574,-52.675694,5.826895,21.224667,-7.273025,-77.741248,22.628960,67.565371,46.078007,8.781349,-20.704544
346,-1.271773,-20.782135,64.984091,2.100577,21.452399,92.280186,-70.940936,17.613398,2.748858,69.982581,-23.424079,-8.321017,-71.840736,-23.310885,2.956930,74.172779,-26.540726,12.012901,-4.117010,-4.621800,29.793802,36.006966,32.436196,-2.230090,81.140150,-54.127173,7.024335,20.036431,-5.292403,-80.803471,23.172617,77.028348,52.681382,11.208536,-20.354865
347,-1.266289,-20.733863,65.231718,2.190190,21.042017,92.423424,-69.973520,18.354093,3.627957,69.211618,-22.875313,-8.115408,-71.090523,-23.618989,3.025527,73.702131,-26.276955,12.409741,-4.385307,-4.910745,29.793802,40.235805,31.935622,-1.089971,81.442727,-55.578652,8.221775,18.848195,-3.311783,-83.865695,23.716273,86.491326,59.284756,13.635723,-20.005185
348,-1.265756,-20.686357,65.525617,2.266302,20.632937,92.561500,-69.006104,19.094788,4.507056,68.440654,-22.176634,-7.909798,-70.340310,-23.927091,3.094125,73.231483,-26.013184,12.607273,-4.653603,-5.199689,29.793801,44.464643,31.435049,0.050146,81.745304,-57.030130,9.419215,17.659960,-1.331161,-86.927918,24.259928,95.954303,65.888130,16.062910,-19.655505
349,-1.269972,-20.639812,65.757431,2.329518,20.224776,92.694868,-68.038688,19.835483,5.386155,67.669691,-21.977955,-7.704188,-69.590098,-24.235194,3.162723,72.760835,-25.749414,13.003246,-4.921900,-5.488633,29.793801,48.693481,30.934475,1.190264,82.047880,-58.481609,10.616654,16.471724,0.649461,-89.990141,24.803585,105.417280,72.491505,18.490098,-19.305826
350,-1.346494,-20.711462,66.021461,2.379352,19.817222,92.823636,-67.071272,20.576179,6.265254,66.898728,-21.279275,-7.998580,-68.839885,-24.543297,3.231320,72.290186,-25.485643,13.049999,-5.190196,-5.777577,29.793801,52.922319,30.433902,2.330381,82.350457,-59.933088,11.814095,15.283489,2.630081,-93.052364,25.347241,114.880257,79.094878,20.917285,-18.956146
351,-1.193218,-20.689687,66.166467,2.576478,19.499570,93.830090,-66.479325,20.770304,6.836159,66.037442,-20.747503,-7.868046,-68.039041,-25.244232,3.169580,71.876127,-25.399994,13.173213,-5.141520,-5.140308,29.793804,56.448336,29.795462,2.601245,82.204355,-60.340510,12.392976,15.183618,7.783609,-93.548499,23.100215,118.714329,82.330075,21.636510,-18.969888
352,-0.842705,-20.609957,66.268220,2.913500,19.257410,95.600254,-66.212675,20.490892,7.140050,65.097901,-19.774634,-7.802557,-67.194330,-26.285508,2.994917,71.511097,-25.468664,13.362670,-4.818226,-3.700587,29.793809,59.365442,29.037577,2.119005,81.669526,-59.843381,12.435951,16.026684,15.686077,-91.821428,18.435400,117.671633,82.647153,20.875993,-19.298492
353,-0.539691,-20.623012,66.316990,3.257940,19.012536,97.371734,-65.946025,20.211480,7.443942,64.158362,-18.606790,-7.737069,-66.349620,-27.326785,2.820253,71.146066,-25.537335,13.552127,-4.494932,-2.260866,29.793814,62.282547,28.279691,1.636764,81.134698,-59.346254,12.478927,16.869750,23.588546,-90.094357,13.770586,116.628937,82.964231,20.115475,-19.627095
354,-0.228771,-20.626261,66.368543,3.610516,18.765177,99.144582,-65.679375,19.932069,7.747833,63.218822,-17.786434,-7.171580,-65.504909,-28.368061,2.645589,70.781035,-25.606005,13.741585,-4.171638,-0.821143,29.793820,65.199653,27.521807,1.154524,80.599870,-58.849126,12.521902,17.712816,31.491014,-88.367285,9.105771,115.586241,83.281309,19.354958,-19.955698
355,0.089317,-20.619739,66.492050,3.970333,18.514800,100.918320,-65.412725,19.652657,8.051725,62.279282,-16.562264,-7.106091,-64.660199,-29.409337,2.470926,70.416004,-25.674676,13.931042,-3.848343,0.618578,29.793825,68.116759,26.763922,0.672284,80.065042,-58.351998,12.564877,18.555882,39.393482,-86.640214,4.440956,114.543544,83.598386,18.594441,-20.284301
356,0.414518,-20.602452,66.705625,4.338129,18.261672,102.692980,-65.146075,19.373245,8.355616,61.339742,-15.645720,-7.040603,-63.815489,-30.450613,2.296262,70.050973,-25.743346,14.120500,-3.525049,2.058299,29.793830,71.033864,26.006037,0.190044,79.530214,-57.854870,12.607852,19.398948,47.295951,-84.913143,-0.223859,113.500849,83.915464,17.833923,-20.612904
357,0.825001,-20.648307,66.919927,4.712976,18.005257,104.468082,-64.879425,19.093833,8.659508,60.400202,-14.825363,-7.379794,-62.970779,-31.491889,2.121599,69.685942,-25.812016,14.309958,-3.201755,3.498021,29.793835,73.950970,25.248152,-0.292196,78.995385,-57.357742,12.650827,20.242014,55.198419,-83.186072,-4.888674,112.458152,84.232543,17.073406,-20.941507
358,1.528690,-20.833900,67.231817,5.002605,17.496726,106.564414,-64.423863,18.526393,8.735916,59.377469,-13.478133,-7.367021,-61.565398,-32.515167,1.594402,69.258571,-25.877165,14.527444,-2.563727,5.014879,29.794019,75.607722,24.452283,-0.998004,78.283068,-56.335738,12.507623,20.937714,60.035025,-81.464913,-7.809485,111.229393,83.670951,16.082565,-20.949385
359,2.786938,-21.042848,67.929254,4.940266,16.038723,109.900839,-63.243262,16.853502,7.939251,58.035440,-12.527763,-7.095411,-58.008168,-33.469369,-0.285815,68.591932,-25.928796,14.852505,-0.717753,6.827785,29.794889,72.427251,23.510630,-2.561859,76.889547,-53.299268,11.649863,21.067819,53.104886,-79.766446,-4.036834,109.286524,79.737038,14.207748,-19.726326
360,4.327673,-21.544892,68.603553,4.937465,14.594854,113.274087,-62.062660,15.180611,7.142585,56.693411,-11.577394,-5.479781,-54.450938,-34.423571,-2.166031,67.925295,-25.980427,15.000035,1.128221,8.640691,29.795760,69.246780,22.568976,-4.125715,75.496026,-50.262798,10.792103,21.197924,46.174746,-78.067980,-0.264182,107.343655,75.803126,12.332930,-18.503265
361,5.924566,-22.158473,69.254970,4.985926,13.162889,116.675292,-60.882058,13.507719,6.345919,55.351382,-10.627024,-5.958604,-50.893708,-35.377773,-4.046247,67.258656,-26.032058,15.000035,2.974195,10.453597,29.796630,66.066310,21.627324,-5.689570,74.102506,-47.226327,9.934342,21.328029,39.244608,-76.369514,3.508469,105.400786,71.869213,10.458113,-17.280206
362,6.750520,-22.548110,69.872280,5.093275,11.742343,120.100864,-59.701457,11.834829,5.549254,54.009353,-9.676655,-6.437429,-47.336478,-36.331975,-5.926463,66.592018,-26.083689,15.000035,4.820169,12.266503,29.797501,62.885838,20.685671,-7.253425,72.708985,-44.189857,9.076582,21.458135,32.314468,-74.671047,7.281120,103.457917,67.935300,8.583296,-16.057145
363,7.441005,-22.871899,70.457500,5.251324,10.330485,123.542472,-58.520855,10.161938,4.752588,52.667324,-8.726285,-6.916252,-43.779248,-37.286177,-7.806680,65.925381,-26.135320,15.000035,6.666143,14.079409,29.798371,59.705368,19.744017,-8.817280,71.315464,-41.153387,8.218822,21.588240,25.384329,-72.972581,11.053772,101.515048,64.001387,6.708479,-14.834085
364,8.101568,-23.165293,71.008931,5.468021,8.926833,126.995636,-57.340254,8.489046,3.955922,51.325295,-7.775916,-7.395076,-40.222019,-38.240379,-9.686896,65.258742,-26.186951,15.000035,8.512117,15.892315,29.799242,56.524897,18.802365,-10.381135,69.921943,-38.116916,7.361061,21.718345,18.454191,-71.274115,14.826424,99.572179,60.067474,4.833661,-13.611026
365,8.733311,-23.434695,71.528639,5.735175,7.528330,130.452669,-56.159652,6.816156,3.159256,49.983266,-6.825546,-7.873900,-36.664789,-39.194581,-11.567113,64.592105,-26.238581,15.000035,10.358091,17.705221,29.800112,53.344427,17.860711,-11.944990,68.528422,-35.080446,6.503300,21.848451,11.524051,-69.575648,18.599075,97.629310,56.133561,2.958844,-12.387965
366,9.334501,-23.683987,72.014932,6.060977,6.134681,133.908220,-54.979051,5.143265,2.362591,48.641236,-5.875176,-8.352723,-33.107559,-40.148782,-13.447329,63.925466,-26.290213,15.000035,12.204065,19.518128,29.800983,50.163956,16.919058,-13.508846,67.134902,-32.043975,5.645540,21.978556,4.593912,-67.877181,22.371726,95.686441,52.199649,1.084027,-11.164905
367,9.907446,-23.918938,72.469954,6.437185,4.742670,137.355374,-53.798449,3.470373,1.565925,47.299207,-4.924807,-8.831547,-29.550330,-41.102985,-15.327545,63.258829,-26.341844,15.000035,14.050039,21.331033,29.801853,46.983485,15.977406,-15.072701,65.741381,-29.007505,4.787780,22.108661,-2.336227,-66.178715,26.144378,93.743572,48.265736,-0.790791,-9.941845
368,10.440044,-24.134443,72.893079,6.872142,3.364517,140.787956,-52.617847,1.797483,0.769259,45.957178,-3.974437,-9.310371,-25.993099,-42.057186,-17.207762,62.592191,-26.393474,15.000035,15.896012,23.143939,29.802724,43.803014,15.035752,-16.636556,64.347860,-25.971035,3.930020,22.238767,-9.266366,-64.480248,29.917030,91.800703,44.331823,-2.665608,-8.718785
369,10.930227,-24.334495,73.286158,7.357595,2.000789,144.199981,-51.437245,0.124592,-0.027406,44.615149,-3.024067,-9.789195,-22.435870,-43.011388,-19.087978,61.925552,-26.445105,15.000035,17.741987,24.956846,29.803594,40.622543,14.094099,-18.200411,62.954339,-22.934564,3.072259,22.368872,-16.196505,-62.781782,33.689680,89.857834,40.397910,-4.540425,-7.495725
370,11.435932,-24.471478,73.646640,7.901818,0.653123,147.584539,-50.256644,-1.548300,-0.824071,43.273120,-2.073697,-10.268019,-18.878640,-43.965590,-20.968195,61.258915,-26.496736,15.000035,19.587961,26.769752,29.804465,37.442072,13.152446,-19.764267,61.560819,-19.898094,2.214499,22.498977,-23.126645,-61.083315,37.462332,87.914965,36.463997,-6.415242,-6.272665
371,12.272886,-24.248688,73.976022,8.496523,-0.682166,150.936712,-49.076042,-3.221190,-1.620737,41.931092,-1.123328,-10.746843,-15.321410,-44.919792,-22.848410,60.592276,-26.548367,15.000035,21.433934,28.582658,29.805335,34.261602,12.210793,-21.328122,60.167298,-16.861624,1.356739,22.629083,-30.056784,-59.384849,41.234984,85.972096,32.530084,-8.290060,-5.049605
372,11.960825,-24.866010,74.639893,7.973299,-1.542083,151.997271,-47.605944,-3.406127,-2.460777,41.187664,-0.991260,-10.853087,-12.308499,-43.810112,-24.450591,57.916642,-25.256314,15.000035,22.707074,27.584076,29.273280,34.087792,12.721705,-21.028487,59.445501,-16.086626,0.911992,22.327886,-37.724266,-58.475517,43.185685,84.693056,33.694058,-8.935446,-5.457742
373,11.824477,-25.307922,75.313064,7.300344,-2.333490,152.763634,-46.096766,-3.390198,-3.306672,40.525045,-0.969657,-10.909034,-9.369067,-42.421823,-26.015237,54.969806,-23.782873,15.000035,23.902884,26.205960,28.669283,34.319861,13.428704,-20.477294,58.814381,-15.616911,0.522998,21.968466,-45.491286,-57.672713,44.890436,83.503627,35.546212,-9.414866,-6.086080
374,11.774575,-25.601210,75.940541,6.632081,-3.118723,153.544104,-44.587588,-3.374269,-4.152566,39.862426,-0.948054,-10.964982,-6.429635,-41.033533,-27.579884,52.022970,-22.309432,15.000035,25.098694,24.827845,28.065287,34.551930,14.135703,-19.926101,58.183262,-15.147197,0.134005,21.609046,-53.258305,-56.869910,46.595187,82.314200,37.398367,-9.894287,-6.714417
375,11.677096,-25.850081,76.523640,5.969899,-3.894267,154.337760,-43.078410,-3.358341,-4.998462,39.199806,-0.926451,-11.020930,-3.490204,-39.645244,-29.144530,49.076134,-20.835990,15.000035,26.294504,23.449729,27.461291,34.783999,14.842701,-19.374907,57.552143,-14.677483,-0.254989,21.249626,-61.025324,-56.067107,48.299937,81.124772,39.250521,-10.373708,-7.342755
376,11.520332,-26.052408,77.057315,5.317670,-4.655546,155.143917,-41.569231,-3.342412,-5.844357,38.537187,-0.904848,-11.076879,-0.550771,-38.256954,-30.709177,46.129298,-19.362549,15.000035,27.490314,22.071614,26.857294,35.016069,15.549700,-18.823713,56.921024,-14.207769,-0.643983,20.890205,-68.792343,-55.264303,50.004687,79.935343,41.102675,-10.853128,-7.971093
377,11.300269,-26.212069,77.542775,4.676315,-5.398377,155.961373,-40.060053,-3.326483,-6.690252,37.874568,-0.883246,-11.132827,2.388661,-36.868664,-32.273824,43.182462,-17.889107,15.000035,28.686124,20.693499,26.253298,35.248138,16.256698,-18.272520,56.289904,-13.738055,-1.032976,20.530785,-76.559363,-54.461500,51.709438,78.745915,42.954829,-11.332550,-8.599431
378,11.017855,-26.333417,77.974199,4.050060,-6.128602,156.788938,-38.550875,-3.310555,-7.536146,37.211948,-0.861643,-11.188774,5.328092,-35.480374,-33.838470,40.235626,-16.415666,15.000035,29.881934,19.315384,25.649301,35.480208,16.963698,-17.721327,55.658786,-13.268341,-1.421970,20.171365,-84.326382,-53.658696,53.414188,77.556487,44.806984,-11.811970,-9.227768
379,10.674407,-26.421830,78.352929,3.439371,-6.845467,157.625207,-37.041696,-3.294626,-8.382041,36.549329,-0.840041,-11.244722,8.267524,-34.092084,-35.403117,37.288790,-14.942224,15.000035,31.077744,17.937268,25.045305,35.712277,17.670697,-17.170134,55.027667,-12.798627,-1.810963,19.811944,-92.093400,-52.855893,55.118939,76.367059,46.659139,-12.291390,-9.856106
380,10.256131,-26.475517,78.672203,2.848639,-7.542053,158.468484,-35.532518,-3.278697,-9.227936,35.886710,-0.818438,-11.300670,11.206956,-32.703795,-36.967764,34.341955,-13.468783,15.000035,32.273554,16.559153,24.441308,35.944346,18.377695,-16.618940,54.396547,-12.328913,-2.199957,19.452524,-99.860420,-52.053089,56.823689,75.177631,48.511293,-12.770812,-10.484444
381,9.747143,-26.493109,78.932401,2.277881,-8.203398,159.317224,-34.023340,-3.262769,-10.073831,35.224090,-0.796835,-11.356618,14.146387,-31.315505,-38.532410,31.395119,-11.995341,15.000035,33.469364,15.181038,23.837312,36.176416,19.084694,-16.067747,53.765428,-11.859199,-2.588950,19.093104,-107.627439,-51.250286,58.528440,73.988203,50.363448,-13.250232,-11.112782
382,9.108689,-26.465325,79.123095,1.731832,-8.802800,160.169210,-32.514162,-3.246841,-10.919726,34.561471,-0.775232,-11.412566,17.085819,-29.927215,-40.097057,28.448283,-10.521900,15.000035,34.665175,13.802923,23.233315,36.408485,19.791692,-15.516553,53.134309,-11.389485,-2.977944,18.733684,-115.394458,-50.447482,60.233190,72.798775,52.215602,-13.729653,-11.741120
383,8.340926,-26.397660,79.243155,1.210434,-9.337981,161.022705,-31.004984,-3.230912,-11.765621,33.898851,-0.753630,-11.468514,20.025251,-28.538925,-41.661703,25.501447,-9.048458,15.000035,35.860985,12.424808,22.629319,36.640554,20.498692,-14.965360,52.503190,-10.919770,-3.366937,18.374264,-123.161477,-49.644679,61.937941,71.609347,54.067757,-14.209073,-12.369457
384,7.477500,-26.295724,79.279150,0.718785,-9.798739,161.874983,-29.495806,-3.214983,-12.611516,33.236231,-0.732027,-11.524462,22.964683,-27.150636,-43.226350,22.554611,-7.575017,15.000035,37.056795,11.046692,22.025322,36.872624,21.205690,-14.414166,51.872070,-10.450056,-3.755931,18.014844,-130.928497,-48.841876,63.642691,70.419918,55.919911,-14.688494,-12.997795
385,6.787929,-26.188322,79.228800,0.256609,-10.185540,162.724197,-27.986627,-3.199055,-13.457411,32.573612,-0.710424,-11.580410,25.904115,-25.762346,-44.790997,19.607775,-6.101576,15.000035,38.252605,9.668577,21.421326,37.104693,21.912689,-13.862973,51.240951,-9.980342,-4.144924,17.655424,-138.695516,-48.039072,65.347442,69.230490,57.772065,-15.167915,-13.626133
386,6.103753,-26.704047,79.263479,-0.346351,-10.204908,163.400306,-26.499953,-2.665069,-13.790464,30.738358,0.155304,-11.800660,26.641779,-25.086214,-44.923385,18.354377,-4.376128,15.000035,38.124525,8.327486,20.138257,37.568750,22.513326,-13.659198,51.015729,-9.361233,-4.198275,17.170167,-140.446201,-47.541137,64.995211,67.001841,56.914783,-15.636325,-13.316462
387,5.593549,-27.312198,79.286212,-0.966910,-10.093112,164.062601,-25.016085,-2.066494,-14.059578,28.756906,1.126274,-12.041394,27.104937,-24.498870,-44.877206,17.312109,-2.619261,15.000035,37.831388,6.991010,18.770526,38.061730,23.100703,-13.498738,50.841111,-8.723497,-4.209778,16.669222,-141.446797,-47.081213,64.386526,64.643626,55.719700,-16.103362,-12.889845
388,5.114986,-27.916996,79.282765,-1.585471,-9.917740,164.733926,-23.532217,-1.467918,-14.328693,26.775453,2.097243,-12.282128,27.568095,-23.911526,-44.831027,16.269841,-0.862394,15.000035,37.538252,5.654534,17.402795,38.554711,23.688079,-13.338278,50.666494,-8.085762,-4.221282,16.168276,-142.447393,-46.621287,63.777841,62.285410,54.524618,-16.570399,-12.463227
389,4.600292,-28.514532,79.257319,-2.201049,-9.702680,165.413153,-22.048349,-0.869343,-14.597807,24.794001,3.068212,-12.522862,28.031253,-23.324181,-44.784848,15.227573,0.894472,15.000035,37.245115,4.318058,16.035063,39.047691,24.275455,-13.177818,50.491877,-7.448027,-4.232785,15.667330,-143.447989,-46.161362,63.169156,59.927195,53.329536,-17.037436,-12.036610
390,4.055546,-29.106637,79.208528,-2.812441,-9.451929,166.100772,-20.564481,-0.270768,-14.866921,22.812548,4.039182,-12.763597,28.494411,-22.736838,-44.738669,14.185304,2.651339,15.000035,36.951979,2.981582,14.667332,39.540671,24.862832,-13.017358,50.317260,-6.810292,-4.244289,15.166384,-144.448585,-45.701437,62.560470,57.568980,52.134454,-17.504473,-11.609992
391,3.504668,-29.699229,79.140937,-3.418996,-9.184109,166.795606,-19.080613,0.327807,-15.136036,20.831096,5.010151,-13.004330,28.957568,-22.149494,-44.692490,13.143036,4.408206,15.000035,36.658842,1.645106,13.299600,40.033652,25.450209,-12.856898,50.142642,-6.172557,-4.255793,14.665439,-145.449182,-45.241512,61.951785,55.210765,50.939371,-17.971511,-11.183375
392,2.981520,-30.300317,79.058661,-4.020430,-8.924673,167.498263,-17.596744,0.926382,-15.405150,18.849644,5.981120,-13.245065,29.420727,-21.562150,-44.646310,12.100768,6.165072,15.000035,36.365706,0.308631,11.931868,40.526631,26.037585,-12.696438,49.968024,-5.534821,-4.267297,14.164493,-146.449778,-44.781586,61.343099,52.852550,49.744289,-18.438548,-10.756758
393,2.495044,-30.910469,79.348226,-4.616517,-8.680626,168.207623,-16.112877,1.524957,-15.674264,16.868191,6.952090,-13.485799,29.883884,-20.974806,-44.600132,11.058500,7.921938,15.000035,36.072569,-1.027845,10.564137,41.019612,26.624961,-12.535978,49.793408,-4.897086,-4.278800,13.663548,-147.450373,-44.321661,60.734414,50.494335,48.549206,-18.905585,-10.330140
394,2.076736,-31.535243,80.038033,-5.207479,-8.475574,168.924203,-14.629008,2.123532,-15.943379,14.886739,7.923060,-13.726533,30.347043,-20.387462,-44.553953,10.016232,9.678806,15.000035,35.779432,-2.364321,9.196406,41.512593,27.212338,-12.375518,49.618790,-4.259350,-4.290304,13.162603,-148.450969,-43.861736,60.125729,48.136120,47.354124,-19.372623,-9.903523
395,1.809706,-32.192261,80.653858,-5.797002,-8.374294,169.647515,-13.145140,2.722107,-16.212493,12.905286,8.894029,-13.967267,30.810200,-19.800118,-44.507774,8.973964,11.435672,15.000035,35.486296,-3.700797,7.828674,42.005572,27.799714,-12.215057,49.444173,-3.621616,-4.301808,12.661657,-149.451566,-43.401811,59.517044,45.777905,46.159042,-19.839659,-9.476905
396,1.726935,-32.884114,81.166297,-6.387146,-8.401519,170.378099,-11.661272,3.320682,-16.481608,10.923834,9.864998,-14.208002,31.273358,-19.212773,-44.461595,7.931696,13.192538,15.000035,35.193159,-5.037273,6.460943,42.498553,28.387090,-12.054598,49.269555,-2.983880,-4.313311,12.160711,-150.452162,-42.941886,58.908359,43.419690,44.963960,-20.306697,-9.050288
397,1.824251,-33.606001,81.582774,-6.979972,-8.554274,171.115449,-10.177404,3.919257,-16.750722,8.942381,10.835968,-14.448736,31.736517,-18.625429,-44.415415,6.889428,14.949406,15.000035,34.900023,-6.373748,5.093211,42.991533,28.974467,-11.894137,49.094938,-2.346145,-4.324815,11.659765,-151.452758,-42.481961,58.299673,41.061474,43.768877,-20.773734,-8.623671
398,1.983725,-34.219019,81.917607,-7.574939,-8.808272,171.859522,-8.693536,4.517832,-17.019836,6.960929,11.806937,-14.689470,32.199674,-18.038086,-44.369237,5.847159,16.706272,15.000035,34.606886,-7.710224,3.725480,43.484513,29.561843,-11.733677,48.920320,-1.708410,-4.336319,11.158820,-152.453354,-42.022036,57.690988,38.703260,42.573795,-21.240771,-8.197053
399,1.903879,-34.594161,82.192133,-7.854814,-8.756642,172.275466,-7.960599,4.848441,-17.083307,6.087616,12.221586,-14.802808,32.463589,-17.782148,-44.385456,5.387928,17.505140,15.000035,34.377182,-8.343420,2.916908,43.495668,29.756045,-11.859581,48.858449,-1.414292,-4.457569,10.990755,-152.779962,-41.588189,57.248142,37.273862,42.001257,-21.523884,-7.896702
400,1.591922,-34.736034,82.414941,-7.893585,-8.493462,172.434766,-7.809325,4.971486,-16.987487,6.072660,12.205316,-14.817468,32.573171,-17.782915,-44.450008,5.380310,17.561953,15.000035,34.196613,-8.431861,2.541454,43.133606,29.645698,-12.207297,48.883909,-1.386338,-4.663830,11.080537,-152.584505,-41.174543,56.933754,36.563919,41.910935,-21.664530,-7.694156
401,1.304485,-34.799007,82.593408,-7.938092,-8.308287,172.595059,-7.658051,5.094531,-16.891666,6.057702,12.189045,-14.832128,32.682754,-17.783682,-44.514559,5.372692,17.618765,15.000035,34.016045,-8.520303,2.166001,42.771543,29.535350,-12.555014,48.909369,-1.358384,-4.870090,11.170318,-152.389048,-40.760897,56.619367,35.853974,41.820614,-21.805176,-7.491610
402,1.112316,-34.883084,82.725762,-7.989012,-8.207928,172.756408,-7.506777,5.217575,-16.795846,6.042745,12.172775,-14.846788,32.792336,-17.784449,-44.579112,5.365075,17.675577,15.000035,33.835476,-8.608744,1.790549,42.409481,29.425003,-12.902732,48.934828,-1.330429,-5.076350,11.260100,-152.193591,-40.347251,56.304979,35.144030,41.730292,-21.945822,-7.289064
403,1.007212,-34.985830,82.817319,-8.045909,-8.185078,172.918701,-7.355503,5.340620,-16.700026,6.027788,12.156505,-14.861447,32.901918,-17.785216,-44.643664,5.357457,17.732390,15.000035,33.654907,-8.697185,1.415096,42.047419,29.314656,-13.250449,48.960288,-1.302474,-5.282611,11.349881,-151.998134,-39.933605,55.990591,34.434086,41.639971,-22.086467,-7.086517
404,1.022054,-35.113337,82.871826,-8.108480,-8.234080,173.081898,-7.204229,5.463664,-16.604206,6.012830,12.140234,-14.876107,33.011501,-17.785983,-44.708215,5.349839,17.789202,15.000035,33.474338,-8.785627,1.039643,41.685356,29.204309,-13.598165,48.985749,-1.274520,-5.488870,11.439663,-151.802677,-39.519958,55.676204,33.724142,41.549649,-22.227114,-6.883972
405,1.044653,-35.242408,82.923198,-8.171586,-8.288694,173.245265,-7.052956,5.586709,-16.508387,5.997873,12.123964,-14.890767,33.121083,-17.786750,-44.772767,5.342222,17.846014,15.000035,33.293769,-8.874068,0.664190,41.323293,29.093961,-13.945882,49.011209,-1.246565,-5.695131,11.529445,-151.607219,-39.106312,55.361816,33.014199,41.459327,-22.367760,-6.681425
406,1.068149,-35.371629,82.974144,-8.234802,-8.343573,173.408742,-6.901681,5.709753,-16.412566,5.982916,12.107693,-14.905427,33.230665,-17.787518,-44.837320,5.334604,17.902826,15.000035,33.113201,-8.962510,0.288737,40.961231,28.983614,-14.293600,49.036668,-1.218611,-5.901391,11.619226,-151.411763,-38.692667,55.047428,32.304254,41.369006,-22.508406,-6.478879
407,1.092465,-35.500983,83.024699,-8.298130,-8.398683,173.572327,-6.750407,5.832798,-16.316746,5.967959,12.091423,-14.920086,33.340247,-17.788285,-44.901872,5.326987,17.959639,15.000035,32.932631,-9.050951,-0.086716,40.599169,28.873267,-14.641317,49.062128,-1.190657,-6.107651,11.709008,-151.216306,-38.279020,54.733040,31.594311,41.278684,-22.649052,-6.276332
408,1.117747,-35.630490,83.074804,-8.361574,-8.454110,173.736024,-6.599133,5.955842,-16.220926,5.953001,12.075152,-14.934746,33.449830,-17.789052,-44.966423,5.319369,18.016451,15.000035,32.752062,-9.139393,-0.462169,40.237106,28.762920,-14.989033,49.087588,-1.162702,-6.313911,11.798790,-151.020848,-37.865374,54.418653,30.884366,41.188363,-22.789698,-6.073787
409,1.144164,-35.760183,83.124403,-8.425154,-8.510009,173.899833,-6.447859,6.078887,-16.125106,5.938045,12.058882,-14.949406,33.559412,-17.789819,-45.030976,5.311751,18.073263,15.000035,32.571494,-9.227834,-0.837622,39.875044,28.652572,-15.336750,49.113048,-1.134747,-6.520171,11.888571,-150.825391,-37.451728,54.104265,30.174423,41.098041,-22.930344,-5.871241
410,1.171787,-35.890064,83.173463,-8.488868,-8.566413,174.063755,-6.296585,6.201931,-16.029286,5.923087,12.042611,-14.964065,33.668994,-17.790586,-45.095528,5.304134,18.130076,15.000035,32.390925,-9.316275,-1.213075,39.512982,28.542225,-15.684468,49.138508,-1.106793,-6.726431,11.978353,-150.629934,-37.038082,53.789877,29.464479,41.007719,-23.070990,-5.668694
411,1.200468,-36.020103,83.222051,-8.552717,-8.623229,174.227790,-6.145312,6.324976,-15.933466,5.908130,12.026340,-14.978725,33.778577,-17.791352,-45.160079,5.296516,18.186888,15.000035,32.210356,-9.404716,-1.588528,39.150919,28.431878,-16.032185,49.163968,-1.078838,-6.932691,12.068134,-150.434477,-36.624436,53.475490,28.754534,40.917398,-23.211636,-5.466149
412,1.192514,-36.095374,83.270150,-8.616696,-8.680461,174.391938,-5.994038,6.448021,-15.837646,5.893173,12.010071,-14.993385,33.888159,-17.792119,-45.224631,5.288898,18.243700,15.000035,32.029787,-9.493158,-1.963981,38.788857,28.321530,-16.379901,49.189428,-1.050884,-7.138952,12.157916,-150.239020,-36.210790,53.161102,28.044591,40.827077,-23.352282,-5.263602
413,1.223671,-36.165423,83.296482,-8.642740,-8.717075,174.487715,-5.908702,6.506798,-15.788835,5.884205,12.016910,-14.999681,33.956800,-17.788682,-45.280513,5.287527,18.258004,15.000035,31.923735,-9.539146,-2.149266,38.606157,28.277587,-16.524073,49.179733,-1.083422,-7.273094,12.171426,-150.145444,-36.040889,53.026160,27.779751,40.855299,-23.438533,-5.175801
414,1.267702,-36.207548,83.306492,-8.640335,-8.738497,174.532207,-5.872786,6.517405,-15.775256,5.879725,12.041070,-14.999709,33.994755,-17.782093,-45.329896,5.290836,18.240449,15.000035,31.873533,-9.553316,-2.192023,38.557891,28.283414,-16.515688,49.143690,-1.161298,-7.353186,12.127770,-150.128228,-36.053674,53.025712,27.848515,40.972370,-23.484015,-5.174002
415,1.284065,-36.208672,83.316276,-8.638000,-8.760374,174.576715,-5.836870,6.528013,-15.761677,5.875247,12.065231,-14.999736,34.032712,-17.775503,-45.379278,5.294145,18.222893,15.000035,31.823331,-9.567487,-2.234779,38.509624,28.289239,-16.507302,49.107646,-1.239175,-7.433277,12.084114,-150.111011,-36.066460,53.025265,27.917277,41.089441,-23.529497,-5.172201
416,1.300721,-36.210720,83.326074,-8.636317,-8.782452,174.621508,-5.800955,6.538621,-15.748099,5.870768,12.089391,-14.999764,34.070667,-17.768914,-45.428661,5.297455,18.205337,15.000035,31.773129,-9.581656,-2.277536,38.461356,28.295065,-16.498917,49.071604,-1.317051,-7.513369,12.040459,-150.093794,-36.079245,53.024817,27.986041,41.206513,-23.574978,-5.170402
417,1.318062,-36.212220,83.335495,-8.634200,-8.805088,174.666090,-5.765039,6.549228,-15.734520,5.866289,12.113552,-14.999792,34.108623,-17.762326,-45.478044,5.300764,18.187782,15.000035,31.722928,-9.595826,-2.320292,38.413089,28.300892,-16.490532,49.035561,-1.394928,-7.593459,11.996803,-150.076577,-36.092031,53.024369,28.054805,41.323583,-23.620460,-5.168602
418,1.335774,-36.213781,83.344760,-8.632106,-8.828022,174.710671,-5.729123,6.559836,-15.720941,5.861810,12.137713,-14.999820,34.146578,-17.755737,-45.527427,5.304074,18.170226,15.000035,31.672726,-9.609996,-2.363049,38.364821,28.306718,-16.482146,48.999517,-1.472804,-7.673551,11.953147,-150.059361,-36.104816,53.023922,28.123568,41.440655,-23.665942,-5.166803
419,1.353503,-36.215338,83.354003,-8.630012,-8.850974,174.755249,-5.693207,6.570443,-15.707363,5.857331,12.161873,-14.999848,34.184534,-17.749147,-45.576809,5.307383,18.152670,15.000035,31.622525,-9.624165,-2.405805,38.316554,28.312544,-16.473760,48.963474,-1.550681,-7.753643,11.909492,-150.042145,-36.117602,53.023474,28.192332,41.557726,-23.711424,-5.165003
420,1.371246,-36.216888,83.363228,-8.627915,-8.873942,174.799823,-5.657292,6.581051,-15.693784,5.852852,12.186034,-14.999876,34.222490,-17.742558,-45.626192,5.310692,18.135115,15.000035,31.572322,-9.638336,-2.448561,38.268287,28.318370,-16.465375,48.927431,-1.628557,-7.833734,11.865837,-150.024928,-36.130387,53.023027,28.261095,41.674797,-23.756905,-5.163203
421,1.388983,-36.218429,83.372441,-8.625817,-8.896911,174.844392,-5.621376,6.591660,-15.680205,5.848373,12.210194,-14.999903,34.260445,-17.735969,-45.675575,5.314001,18.117559,15.000035,31.522121,-9.652506,-2.491318,38.220019,28.324196,-16.456989,48.891387,-1.706434,-7.913825,11.822181,-150.007712,-36.143172,53.022579,28.329859,41.791868,-23.802387,-5.161403
422,1.414201,-36.221274,83.378815,-8.624212,-8.925694,174.889035,-5.585460,6.602267,-15.666627,5.843894,12.234355,-14.999931,34.298401,-17.729381,-45.724958,5.317310,18.100004,15.000035,31.471919,-9.666675,-2.534075,38.171753,28.330023,-16.448604,48.855344,-1.784310,-7.993916,11.778525,-149.990495,-36.155957,53.022132,28.398622,41.908939,-23.847869,-5.159604
423,1.448844,-36.225156,83.381527,-8.622809,-8.961822,174.933579,-5.549544,6.612875,-15.653048,5.839415,12.258515,-14.999959,34.336356,-17.722792,-45.774341,5.320620,18.082448,15.000035,31.421717,-9.680845,-2.576831,38.123485,28.335849,-16.440219,48.819302,-1.862187,-8.074008,11.734870,-149.973278,-36.168742,53.021684,28.467386,42.026011,-23.893350,-5.157804
424,1.493483,-36.231429,83.380567,-8.622566,-9.005680,174.978452,-5.513629,6.623483,-15.639470,5.834936,12.282676,-14.999987,34.374313,-17.716202,-45.823723,5.323929,18.064892,15.000035,31.371515,-9.695016,-2.619587,38.075218,28.341674,-16.431833,48.783258,-1.940064,-8.154099,11.691214,-149.956061,-36.181528,53.021236,28.536149,42.143081,-23.938832,-5.156003
425,1.544854,-36.232653,83.376165,-8.623045,-9.056631,175.023468,-5.477713,6.634090,-15.625891,5.830457,12.306836,-15.000014,34.412268,-17.709613,-45.873106,5.327239,18.047337,15.000035,31.321314,-9.709185,-2.662344,38.026951,28.347501,-16.423448,48.747215,-2.017940,-8.234190,11.647558,-149.938845,-36.194313,53.020788,28.604912,42.260153,-23.984314,-5.154204
426,1.566887,-36.211822,83.372292,-8.602184,-9.090364,175.020149,-5.442351,6.648645,-15.558571,5.827942,12.311359,-14.977593,34.439500,-17.728650,-45.924013,5.329284,18.011820,15.000035,31.270820,-9.725389,-2.708465,38.000722,28.319354,-16.413896,48.826086,-2.114592,-8.306940,11.600293,-149.939596,-36.230654,52.977400,28.594739,42.306992,-24.048679,-5.210575
427,1.491415,-36.159589,83.378255,-8.514441,-9.054162,174.868460,-5.408689,6.675299,-15.326495,5.831447,12.255678,-14.886348,34.433859,-17.826248,-45.979590,5.327453,17.921240,15.000035,31.219434,-9.747829,-2.764903,38.042056,28.187058,-16.400770,49.257253,-2.268802,-8.357182,11.541961,-149.995430,-36.339208,52.802367,28.342565,42.138520,-24.170937,-5.445283
428,1.420884,-36.093754,83.380002,-8.427591,-9.025896,174.717079,-5.375027,6.701952,-15.094419,5.834952,12.199999,-14.795104,34.428216,-17.923848,-46.035166,5.325621,17.830660,15.000035,31.168048,-9.770268,-2.821341,38.083391,28.054761,-16.387644,49.688419,-2.423013,-8.407425,11.483629,-150.051264,-36.447761,52.627333,28.090392,41.970049,-24.293194,-5.679991
429,1.359398,-36.028635,83.377997,-8.341534,-9.004734,174.565972,-5.341365,6.728605,-14.862343,5.838457,12.144318,-14.703860,34.422574,-18.021446,-46.090743,5.323789,17.740080,15.000035,31.116662,-9.792709,-2.877778,38.124726,27.922464,-16.374518,50.119586,-2.577224,-8.457667,11.425297,-150.107098,-36.556315,52.452299,27.838218,41.801577,-24.415452,-5.914698
430,1.308331,-35.965482,83.371870,-8.256329,-8.991476,174.415165,-5.307703,6.755259,-14.630268,5.841962,12.088638,-14.612616,34.416932,-18.119045,-46.146320,5.321958,17.649500,15.000035,31.065276,-9.815148,-2.934216,38.166060,27.790167,-16.361391,50.550752,-2.731434,-8.507910,11.366964,-150.162932,-36.664869,52.277266,27.586045,41.633105,-24.537710,-6.149406
431,1.266587,-35.904142,83.362075,-8.171876,-8.985272,174.264624,-5.274041,6.781912,-14.398192,5.845467,12.032958,-14.521372,34.411290,-18.216644,-46.201896,5.320127,17.558920,15.000035,31.013891,-9.837587,-2.990654,38.207395,27.657870,-16.348266,50.981918,-2.885645,-8.558152,11.308632,-150.218766,-36.773422,52.102232,27.333871,41.464633,-24.659967,-6.384113
432,1.227654,-35.843485,83.351038,-8.087766,-8.981077,174.114302,-5.240378,6.808566,-14.166116,5.848972,11.977277,-14.430128,34.405648,-18.314242,-46.257473,5.318296,17.468340,15.000035,30.962504,-9.860027,-3.047091,38.248730,27.525573,-16.335139,51.413085,-3.039855,-8.608395,11.250300,-150.274600,-36.881976,51.927199,27.081698,41.296162,-24.782225,-6.618821
433,1.188809,-35.783002,83.339795,-8.003809,-8.976768,173.964152,-5.206716,6.835220,-13.934040,5.852477,11.921597,-14.338883,34.400006,-18.411841,-46.313049,5.316464,17.377760,15.000035,30.911118,-9.882467,-3.103529,38.290064,27.393277,-16.322013,51.844251,-3.194066,-8.658637,11.191968,-150.330434,-36.990530,51.752164,26.829525,41.127690,-24.904483,-6.853529
434,1.109044,-35.714970,83.328324,-7.920024,-8.972360,173.814195,-5.173054,6.861874,-13.701964,5.855982,11.865917,-14.247639,34.394364,-18.509440,-46.368626,5.314633,17.287180,15.000035,30.859733,-9.904907,-3.159967,38.331399,27.260980,-16.308887,52.275417,-3.348276,-8.708880,11.133636,-150.386268,-37.099084,51.577131,26.577351,40.959219,-25.026741,-7.088237
435,1.002401,-35.641899,83.316649,-7.836393,-8.967839,173.664410,-5.139392,6.888527,-13.469888,5.859487,11.810236,-14.156395,34.388722,-18.607038,-46.424203,5.312802,17.196600,15.000035,30.808347,-9.927346,-3.216404,38.372733,27.128684,-16.295760,52.706584,-3.502487,-8.759122,11.075303,-150.442102,-37.207637,51.402097,26.325178,40.790746,-25.148999,-7.322944
436,0.995121,-35.587792,83.293335,-7.754799,-8.987261,173.515112,-5.105729,6.915181,-13.237812,5.862992,11.754556,-14.065151,34.383080,-18.704638,-46.479780,5.310971,17.106020,15.000035,30.756961,-9.949786,-3.272842,38.414068,26.996387,-16.282635,53.137750,-3.656697,-8.809365,11.016972,-150.497936,-37.316191,51.227064,26.073004,40.622275,-25.271256,-7.557652
437,1.025763,-35.541302,83.255984,-7.675562,-9.035768,173.366326,-5.072067,6.941835,-13.005737,5.866497,11.698876,-13.973906,34.377438,-18.802236,-46.535357,5.309140,17.015440,15.000035,30.705575,-9.972225,-3.329279,38.455403,26.864090,-16.269508,53.568917,-3.810908,-8.859607,10.958639,-150.553770,-37.424744,51.052030,25.820831,40.453803,-25.393514,-7.792359
438,1.099049,-35.503630,83.202798,-7.598922,-9.117034,173.218125,-5.038405,6.968488,-12.773661,5.870001,11.643195,-13.882663,34.371796,-18.899835,-46.590933,5.307308,16.924860,15.000035,30.654189,-9.994666,-3.385717,38.496737,26.731793,-16.256382,54.000083,-3.965119,-8.909850,10.900307,-150.609604,-37.533299,50.876996,25.568657,40.285332,-25.515771,-8.027067
439,1.194341,-35.448001,83.135348,-7.524518,-9.227593,173.070429,-5.004743,6.995141,-12.541585,5.873507,11.587515,-13.791418,34.366154,-18.997434,-46.646510,5.305477,16.834280,15.000035,30.602803,-10.017105,-3.442155,38.538072,26.599496,-16.243256,54.431250,-4.119329,-8.960092,10.841976,-150.665438,-37.641853,50.701963,25.316484,40.116860,-25.638029,-8.261775
440,1.274393,-35.346082,83.060665,-7.446452,-9.299303,172.854361,-5.020791,7.014293,-12.310769,5.890207,11.506208,-13.682021,34.296663,-19.095249,-46.704168,5.314316,16.705191,15.000035,30.575220,-9.984593,-3.239521,38.156072,26.481547,-16.368106,54.916756,-4.247395,-8.924361,10.787987,-150.659878,-37.891529,50.515883,25.559430,40.154597,-25.653468,-8.538767
441,1.311875,-35.233815,82.997891,-7.352895,-9.189368,172.436589,-5.182809,7.011416,-12.083653,5.945655,11.349652,-13.519321,34.039690,-19.193702,-46.767935,5.354487,16.463024,15.000035,30.617533,-9.790725,-2.276160,36.531005,26.405728,-16.898105,55.561824,-4.298690,-8.636181,10.746756,-150.474041,-38.555593,50.297365,27.256229,40.797838,-25.355251,-8.939921
442,1.357066,-35.072687,82.918709,-7.261898,-9.112801,172.019787,-5.344828,7.008539,-11.856537,6.001104,11.193097,-13.356619,33.782717,-19.292155,-46.831703,5.394657,16.220859,15.000035,30.659846,-9.596857,-1.312799,34.905939,26.329910,-17.428105,56.206891,-4.349986,-8.348001,10.705526,-150.288205,-39.219658,50.078846,28.953028,41.441081,-25.057033,-9.341075
443,1.439496,-34.917894,82.824796,-7.173072,-9.065892,171.603842,-5.506846,7.005663,-11.629421,6.056552,11.036541,-13.193919,33.525744,-19.390608,-46.895471,5.434828,15.978693,15.000035,30.702159,-9.402989,-0.349438,33.280873,26.254092,-17.958104,56.851959,-4.401281,-8.059821,10.664295,-150.102369,-39.883723,49.860329,30.649827,42.084322,-24.758815,-9.742229
444,1.566264,-34.774932,82.714039,-7.086470,-9.052530,171.188822,-5.668864,7.002785,-11.402305,6.112000,10.879985,-13.031217,33.268770,-19.489062,-46.959238,5.474999,15.736527,15.000035,30.744472,-9.209121,0.613924,31.655807,26.178273,-18.488104,57.497027,-4.452577,-7.771640,10.623064,-149.916532,-40.547788,49.641811,32.346626,42.727564,-24.460597,-10.143383
445,1.732342,-34.643120,82.588056,-7.001693,-9.068920,170.774605,-5.830882,6.999908,-11.175189,6.167448,10.723429,-12.868516,33.011797,-19.587515,-47.023006,5.515169,15.494361,15.000035,30.786785,-9.015252,1.577285,30.030740,26.102454,-19.018103,58.142094,-4.503872,-7.483460,10.581832,-149.730696,-41.211852,49.423293,34.043425,43.370806,-24.162379,-10.544537
446,1.911325,-34.517220,82.456545,-6.917242,-9.094681,170.361035,-5.992900,6.997032,-10.948073,6.222897,10.566874,-12.705815,32.754824,-19.685967,-47.086773,5.555341,15.252195,15.000035,30.829099,-8.821384,2.540646,28.405674,26.026636,-19.548103,58.787162,-4.555167,-7.195279,10.540601,-149.544859,-41.875916,49.204775,35.740224,44.014047,-23.864161,-10.945691
447,2.091952,-34.394394,82.323796,-6.832538,-9.121133,169.947959,-6.154918,6.994155,-10.720957,6.278345,10.410318,-12.543114,32.497851,-19.784421,-47.150542,5.595512,15.010029,15.000035,30.871411,-8.627516,3.504007,26.780607,25.950818,-20.078102,59.432230,-4.606463,-6.907099,10.499371,-149.359023,-42.539982,48.986257,37.437023,44.657289,-23.565944,-11.346845
448,2.274234,-34.275012,82.189700,-6.747549,-9.148315,169.535457,-6.316937,6.991278,-10.493841,6.333793,10.253762,-12.380414,32.240878,-19.882874,-47.214309,5.635683,14.767863,15.000035,30.913725,-8.433648,4.467369,25.155541,25.875000,-20.608102,60.077297,-4.657758,-6.618918,10.458139,-149.173187,-43.204046,48.767739,39.133822,45.300531,-23.267726,-11.747999
449,2.482790,-34.165000,82.044622,-6.663428,-9.195360,169.123647,-6.478954,6.988401,-10.266726,6.389241,10.097206,-12.217712,31.983905,-19.981327,-47.278076,5.675853,14.525697,15.000035,30.956038,-8.239779,5.430730,23.530474,25.799181,-21.138101,60.722365,-4.709053,-6.330738,10.416908,-148.987350,-43.868111,48.549221,40.830620,45.943773,-22.969508,-12.149153
450,2.705562,-34.062090,81.871555,-6.581946,-9.294715,168.712911,-6.640973,6.985523,-10.039609,6.444689,9.940651,-12.055012,31.726932,-20.079780,-47.341845,5.716024,14.283531,15.000035,30.998350,-8.045911,6.394091,21.905408,25.723362,-21.668101,61.367432,-4.760348,-6.042558,10.375677,-148.801514,-44.532175,48.330704,42.527419,46.587014,-22.671290,-12.550308
451,3.043417,-33.992823,81.673336,-6.502446,-9.439568,168.303072,-6.802991,6.982647,-9.812493,6.500138,9.784095,-11.892310,31.469959,-20.178233,-47.405612,5.756195,14.041365,15.000035,31.040664,-7.852043,7.357452,20.280342,25.647544,-22.198100,62.012500,-4.811644,-5.754378,10.334446,-148.615677,-45.196240,48.112186,44.224219,47.230255,-22.373072,-12.951462
452,3.429896,-33.896735,81.444293,-6.425234,-9.638360,167.894319,-6.965009,6.979770,-9.585377,6.555586,9.627539,-11.729609,31.212986,-20.276686,-47.469380,5.796365,13.799200,15.000035,31.082977,-7.658175,8.320813,18.655275,25.571725,-22.728100,62.657567,-4.862939,-5.466197,10.293215,-148.429841,-45.860305,47.893668,45.921018,47.873498,-22.074854,-13.352616
453,3.776808,-33.564436,81.184029,-6.349929,-9.890130,167.486505,-7.127028,6.976893,-9.358261,6.611034,9.470983,-11.566908,30.956013,-20.375139,-47.533148,5.836536,13.557034,15.000035,31.125290,-7.464307,9.284175,17.030209,25.495907,-23.258099,63.302635,-4.914235,-5.178017,10.251984,-148.244005,-46.524369,47.675150,47.617816,48.516739,-21.776636,-13.753770
454,3.732823,-33.269201,81.084994,-6.323968,-9.592997,165.886073,-8.013258,7.352775,-8.584640,7.621003,8.948827,-11.345501,30.277563,-20.555887,-48.244868,6.052448,12.951732,15.000035,31.018203,-7.242106,10.715500,15.110054,26.065916,-24.137441,63.318249,-5.500583,-5.493918,10.195960,-145.512768,-45.670592,46.715548,48.340129,48.392627,-21.273188,-13.805614
455,3.616885,-32.735387,80.966824,-6.292788,-9.294846,164.186648,-8.955336,7.757865,-7.768876,8.704580,8.398478,-11.119567,29.566611,-20.742981,-49.006555,6.281914,12.318427,15.000035,30.899596,-7.017721,12.182911,13.167142,26.685727,-25.043722,63.285322,-6.128192,-5.856402,10.138795,-142.585244,-44.699768,45.698798,48.987294,48.209341,-20.753914,-13.830522
456,3.604539,-32.280306,80.810445,-6.247785,-9.045908,162.479320,-9.897415,8.162955,-6.953112,9.788156,7.848129,-10.893633,28.855658,-20.930076,-49.768242,6.511378,11.685123,15.000035,30.780988,-6.793337,13.650323,11.224231,27.305539,-25.950002,63.252396,-6.755801,-6.218886,10.081630,-139.657721,-43.728943,44.682048,49.634460,48.026057,-20.234640,-13.855429
457,3.645441,-31.960110,81.278518,-6.190541,-8.839549,160.766090,-10.839493,8.568046,-6.137348,10.871732,10.881836,-7.083643,28.144706,-21.117170,-50.529929,6.740843,11.051818,15.000035,30.662381,-6.568952,15.117735,9.281320,27.925351,-26.856283,63.219470,-7.383411,-6.581370,10.024466,-136.730197,-42.758119,43.665298,50.281625,47.842771,-19.715365,-13.880337
458,3.908908,-31.864716,81.080692,-6.117497,-8.679347,159.047107,-11.781570,8.973136,-5.321584,11.955309,10.548991,-6.441765,27.433754,-21.304264,-51.291616,6.970308,10.418514,15.000035,30.543773,-6.344567,16.585147,7.338409,28.545162,-27.762564,63.186543,-8.011019,-6.943854,9.967301,-133.802674,-41.787294,42.648549,50.928790,47.659485,-19.196091,-13.905245
459,4.251134,-31.867537,80.759499,-6.029778,-8.539075,157.324077,-12.723649,9.378225,-4.505820,13.038886,9.697082,-6.215831,26.722802,-21.491358,-52.053303,7.199773,9.785209,15.000035,30.425166,-6.120182,18.052558,5.395497,29.164974,-28.668845,63.153617,-8.638628,-7.306338,9.910136,-130.875149,-40.816470,41.631798,51.575956,47.476199,-18.676817,-13.930152
460,4.586271,-31.874138,80.333120,-5.923422,-8.389434,155.597459,-13.665727,9.783315,-3.690056,14.122462,8.447426,-5.989897,26.011849,-21.678452,-52.814990,7.429237,9.151904,15.000035,30.306559,-5.895798,19.519970,3.452586,29.784785,-29.575125,63.120691,-9.266238,-7.668823,9.852971,-127.947626,-39.845645,40.615048,52.223121,47.292914,-18.157543,-13.955060
461,4.913775,-31.890336,79.994776,-5.801410,-8.230832,153.868962,-14.607805,10.188405,-2.874292,15.206038,7.596383,-5.763963,25.300897,-21.865546,-53.576677,7.658702,8.518600,15.000035,30.187952,-5.671413,20.987382,1.509675,30.404596,-30.481406,63.087764,-9.893847,-8.031307,9.795806,-125.020103,-38.874820,39.598298,52.870286,47.109628,-17.638269,-13.979968
462,5.217394,-31.908136,79.552370,-5.660968,-8.057107,152.139538,-15.549883,10.593495,-2.058528,16.289614,6.345861,-5.538028,24.589945,-22.052641,-54.338364,7.888167,7.885295,15.000035,30.069344,-5.447028,22.454793,-0.433237,31.024408,-31.387687,63.054838,-10.521456,-8.393791,9.738641,-122.092578,-37.903996,38.581548,53.517452,46.926343,-17.118995,-14.004875
463,5.488995,-31.918956,79.218923,-5.504885,-7.840601,150.410547,-16.491961,10.998585,-1.242765,17.373191,5.495685,-5.312095,23.878993,-22.239735,-55.100051,8.117632,7.251991,15.000035,29.950737,-5.222643,23.922205,-2.376148,31.644219,-32.293968,63.021911,-11.149065,-8.756275,9.681476,-119.165055,-36.933171,37.564798,54.164618,46.743057,-16.599721,-14.029783
464,5.679291,-31.890054,78.821113,-5.330303,-7.547801,148.683202,-17.434039,11.403676,-0.427000,18.456767,4.244296,-5.086161,23.168040,-22.426829,-55.861738,8.347096,6.618686,15.000035,29.832129,-4.998258,25.389617,-4.319059,32.264031,-33.200248,62.988985,-11.776674,-9.118759,9.624312,-116.237531,-35.962347,36.548049,54.811783,46.559771,-16.080446,-14.054691
465,5.796662,-31.817726,78.672663,-5.141650,-7.181565,146.958790,-18.376117,11.808766,0.388763,19.540343,3.394987,-4.860226,22.457088,-22.613923,-56.623425,8.576561,5.985382,15.000035,29.713522,-4.773874,26.857029,-6.261970,32.883843,-34.106529,62.956059,-12.404284,-9.481243,9.567147,-113.310008,-34.991522,35.531299,55.458948,46.376486,-15.561172,-14.079598
466,5.862518,-31.708711,78.674599,-4.936346,-6.733560,145.238758,-19.318195,12.213856,1.204528,20.623921,2.142732,-4.634293,21.746136,-22.801017,-57.385112,8.806026,5.352077,15.000035,29.594914,-4.549489,28.324440,-8.204882,33.503654,-35.012810,62.923132,-13.031892,-9.843727,9.509982,-110.382484,-34.020697,34.514549,56.106114,46.193200,-15.041898,-14.104506
467,6.006111,-31.646727,78.677411,-4.719242,-6.213564,143.524122,-20.260273,12.618946,2.020291,21.707497,1.294289,-4.408358,21.035184,-22.988112,-58.146799,9.035491,4.718772,15.000035,29.476307,-4.325104,29.791852,-10.147793,34.123466,-35.919091,62.890206,-13.659501,-10.206211,9.452817,-107.454960,-33.049872,33.497799,56.753279,46.009915,-14.522623,-14.129413
468,6.038378,-31.677050,78.593224,-4.696056,-6.586820,141.940412,-20.298657,13.307979,2.744306,22.548660,0.669198,-4.266872,20.511429,-23.458529,-57.675714,10.003172,3.934811,15.000035,28.435266,-4.786198,29.818723,-10.886328,33.925284,-35.513695,63.114920,-14.324588,-9.899513,9.676973,-101.668193,-31.512647,34.255704,53.670732,43.430536,-14.641073,-14.162898
469,6.117901,-31.768004,78.491566,-4.677496,-6.955248,140.364380,-20.275755,14.016269,3.462098,23.373384,-0.041664,-4.584320,20.000369,-23.948161,-57.121026,11.020918,3.140633,15.000035,27.331668,-5.293779,29.747899,-11.543184,33.671629,-35.019345,63.357105,-14.992217,-9.547433,9.920209,-95.687520,-29.937010,35.133962,50.335245,40.688660,-14.802772,-14.196964
470,6.150675,-31.829150,78.379198,-4.650561,-7.244473,138.787300,-20.252853,14.724559,4.179889,24.198107,-0.658939,-4.495354,19.489309,-24.437793,-56.566338,12.038664,2.346454,15.000035,26.228070,-5.801362,29.677075,-12.200040,33.417973,-34.524995,63.599291,-15.659845,-9.195352,10.163444,-89.706847,-28.361373,36.012218,46.999759,37.946785,-14.964470,-14.231030
471,6.112739,-31.833166,78.259966,-4.615432,-7.465258,137.209138,-20.229951,15.432849,4.897681,25.022830,-1.368935,-4.813667,18.978249,-24.927424,-56.011650,13.056410,1.552275,15.000035,25.124472,-6.308943,29.606252,-12.856897,33.164319,-34.030644,63.841477,-16.327473,-8.843273,10.406680,-83.726173,-26.785735,36.890476,43.664273,35.204910,-15.126169,-14.265096
472,6.002055,-31.767553,78.135209,-4.571844,-7.609961,135.629830,-20.207049,16.141138,5.615473,25.847554,-1.782570,-4.723836,18.467190,-25.417056,-55.456962,14.074156,0.758096,15.000035,24.020874,-6.816525,29.535429,-13.513754,32.910663,-33.536294,64.083663,-16.995101,-8.491192,10.649915,-77.745500,-25.210098,37.768733,40.328786,32.463035,-15.287868,-14.299163
473,5.855179,-31.659645,78.006805,-4.520742,-7.711890,134.049461,-20.184146,16.849429,6.333264,26.672278,-2.651145,-5.043016,17.956130,-25.906688,-54.902274,15.091901,-0.036082,15.000035,22.917276,-7.324107,29.464605,-14.170610,32.657008,-33.041943,64.325849,-17.662730,-8.139112,10.893151,-71.764826,-23.634461,38.646991,36.993299,29.721159,-15.449567,-14.333229
474,5.707021,-31.539781,77.874331,-4.461800,-7.804880,132.467957,-20.161244,17.557718,7.051056,27.497001,-3.109841,-4.952317,17.445070,-26.396320,-54.347586,16.109647,-0.830261,15.000035,21.813678,-7.831688,29.393781,-14.827466,32.403353,-32.547593,64.568034,-18.330358,-7.787031,11.136386,-65.784153,-22.058824,39.525248,33.657812,26.979284,-15.611265,-14.367295
475,5.564208,-31.415926,77.738351,-4.395839,-7.896300,130.885396,-20.138343,18.266008,7.768848,28.321724,-3.523475,-5.272364,16.934010,-26.885952,-53.792897,17.127393,-1.624440,15.000035,20.710079,-8.339270,29.322958,-15.484323,32.149697,-32.053243,64.810220,-18.997986,-7.434951,11.379622,-59.803480,-20.483187,40.403505,30.322326,24.237409,-15.772963,-14.401362
476,5.428054,-31.288105,77.598415,-4.322269,-7.986386,129.301670,-20.115440,18.974298,8.486640,29.146447,-3.937111,-5.387038,16.422950,-27.375583,-53.238210,18.145139,-2.418618,15.000035,19.606482,-8.846852,29.252134,-16.141180,31.896042,-31.558892,65.052406,-19.665614,-7.082871,11.622857,-53.822806,-18.907549,41.281763,26.986839,21.495533,-15.934662,-14.435427
477,5.297821,-31.157072,77.455128,-4.241862,-8.074905,127.716859,-20.092538,19.682588,9.204432,29.971171,-4.807419,-5.545040,15.911891,-27.865215,-52.683521,19.162885,-3.212797,15.000035,18.502883,-9.354433,29.181311,-16.798036,31.642386,-31.064542,65.294592,-20.333243,-6.730790,11.866092,-47.842132,-17.331912,42.160020,23.651352,18.753658,-16.096361,-14.469494
478,5.174587,-31.022625,77.308054,-4.154048,-8.161802,126.130856,-20.069636,20.390878,9.922223,30.795894,-5.264382,-5.616387,15.400831,-28.354846,-52.128833,20.180631,-4.006975,15.000035,17.399285,-9.862015,29.110487,-17.454892,31.388732,-30.570191,65.536778,-21.000871,-6.378710,12.109328,-41.861458,-15.756275,43.038278,20.315866,16.011783,-16.258060,-14.503560
479,5.057519,-30.885477,77.157769,-4.059600,-8.246834,124.543751,-20.046734,21.099168,10.640015,31.620618,-5.678017,-5.773522,14.889771,-28.844479,-51.574145,21.198377,-4.801154,15.000035,16.295688,-10.369597,29.039663,-18.111749,31.135076,-30.075841,65.778964,-21.668499,-6.026629,12.352563,-35.880785,-14.180638,43.916535,16.980379,13.269908,-16.419758,-14.537626
480,4.949244,-30.759131,77.003883,-3.957962,-8.329202,122.955436,-20.023832,21.807458,11.357807,32.445342,-6.091652,-5.845735,14.378712,-29.334110,-51.019457,22.216122,-5.595332,15.000035,15.192089,-10.877179,28.968840,-18.768606,30.881421,-29.581491,66.021149,-22.336128,-5.674549,12.595799,-29.900112,-12.605001,44.794792,13.644893,10.528032,-16.581457,-14.571693
481,4.853964,-30.692322,76.847275,-3.849879,-8.403131,121.366005,-20.000929,22.515747,12.075599,33.270065,-6.505287,-6.002004,13.867652,-29.823742,-50.464769,23.233868,-6.389511,15.000035,14.088491,-11.384760,28.898017,-19.425462,30.627765,-29.087141,66.263335,-23.003756,-5.322469,12.839034,-23.919438,-11.029363,45.673050,10.309406,7.786157,-16.743155,-14.605759
482,4.824779,-30.385386,76.957394,-3.500782,-8.469882,119.526318,-18.991482,22.631084,12.692445,32.651289,-6.783187,-6.234921,13.475813,-29.752032,-49.631715,22.852263,-6.481170,15.000035,13.209522,-10.744344,28.166435,-18.446821,30.235037,-29.066046,66.004714,-22.562711,-5.101459,12.694512,-19.760067,-13.072277,44.558715,6.800829,8.313197,-17.334395,-14.047849
483,4.808995,-30.126237,77.076042,-3.142708,-8.521008,117.672122,-17.924144,22.711626,13.303369,31.947809,-6.523782,-6.948745,13.090971,-29.647382,-48.782326,22.388544,-6.531604,15.000035,12.343734,-10.036564,27.396081,-17.372209,29.834148,-29.072721,65.716706,-22.056609,-4.888141,12.527236,-15.707568,-15.327526,43.327456,3.282095,9.032056,-17.950841,-13.455202
484,4.800317,-29.877061,77.186210,-2.791332,-8.555626,115.818361,-16.856807,22.792168,13.914292,31.244328,-6.764376,-7.244025,12.706129,-29.542731,-47.932937,21.924825,-6.582039,15.000035,11.477946,-9.328784,26.625727,-16.297596,29.433259,-29.079397,65.428698,-21.550508,-4.674823,12.359960,-11.655070,-17.582776,42.096196,-0.236640,9.750914,-18.567286,-12.862556
485,4.796666,-29.618489,77.289328,-2.445740,-8.574609,113.965043,-15.789469,22.872710,14.525214,30.540848,-6.504970,-7.498577,12.321286,-29.438081,-47.083549,21.461106,-6.632474,15.000035,10.612158,-8.621003,25.855373,-15.222984,29.032370,-29.086072,65.140690,-21.044406,-4.461505,12.192685,-7.602572,-19.838024,40.864937,-3.755374,10.469773,-19.183732,-12.269909
486,4.800465,-29.350328,77.384425,-2.107182,-8.578403,112.112401,-14.722131,22.953252,15.136137,29.837368,-6.745565,-7.963700,11.936444,-29.333431,-46.234159,20.997387,-6.682909,15.000035,9.746370,-7.913223,25.085018,-14.148372,28.631481,-29.092748,64.852682,-20.538304,-4.248187,12.025409,-3.550073,-22.093274,39.633677,-7.274108,11.188632,-19.800177,-11.677262
487,4.811741,-29.074791,77.472770,-1.774822,-8.568413,110.260441,-13.654794,23.033794,15.747061,29.133888,-6.486159,-8.507680,11.551601,-29.228781,-45.384771,20.533668,-6.733343,15.000035,8.880582,-7.205442,24.314664,-13.073760,28.230592,-29.099423,64.564674,-20.032203,-4.034869,11.858133,0.502426,-24.348523,38.402418,-10.792843,11.907491,-20.416623,-11.084616
488,4.833172,-28.792714,77.553303,-1.449826,-8.545675,108.409372,-12.587456,23.114336,16.357984,28.430408,-6.226754,-8.762232,11.166759,-29.124131,-44.535382,20.069950,-6.783778,15.000035,8.014794,-6.497662,23.544309,-11.999148,27.829703,-29.106099,64.276665,-19.526101,-3.821551,11.690858,4.554924,-26.603772,37.171158,-14.311576,12.626349,-21.033068,-10.491969
489,4.863400,-28.503696,77.627444,-1.131414,-8.509423,106.559194,-11.520119,23.194878,16.968907,27.726928,-5.967349,-9.478655,10.781916,-29.019481,-43.685993,19.606231,-6.834213,15.000035,7.149005,-5.789882,22.773954,-10.924536,27.428813,-29.112775,63.988657,-19.019999,-3.608233,11.523582,8.607422,-28.859022,35.939899,-17.830311,13.345209,-21.649513,-9.899322
490,4.905918,-28.211658,77.693839,-0.820691,-8.462876,104.710096,-10.452781,23.275420,17.579830,27.023447,-5.707944,-9.771335,10.397073,-28.914831,-42.836605,19.142512,-6.884648,15.000035,6.283218,-5.082102,22.003600,-9.849924,27.027925,-29.119450,63.700649,-18.513897,-3.394915,11.356306,12.659921,-31.114271,34.708639,-21.349045,14.064068,-22.265959,-9.306675
491,4.962003,-27.929413,77.865534,-0.516942,-8.415373,102.862071,-9.385443,23.355963,18.190753,26.319967,-5.448538,-10.025887,10.012232,-28.810180,-41.987215,18.678792,-6.472344,15.000034,5.417429,-4.374321,21.233246,-8.775311,26.627036,-29.126126,63.412642,-18.007796,-3.181597,11.189031,16.712419,-33.369520,33.477380,-24.867779,14.782926,-22.882404,-8.714029
492,5.033625,-27.662992,77.989784,-0.221240,-8.371096,101.015297,-8.318105,23.436504,18.801676,25.616487,-5.189132,-10.780439,9.627389,-28.705530,-41.137827,18.215074,-6.272346,14.786861,4.551641,-3.666541,20.462892,-7.700699,26.226147,-29.132801,63.124633,-17.501694,-2.968279,11.021755,20.764918,-35.624769,32.246121,-28.386513,15.501785,-23.498850,-8.121382
493,5.117140,-27.409388,78.119729,0.067242,-8.327306,99.169718,-7.250768,23.517047,19.412599,24.913007,-4.929727,-11.034991,9.242546,-28.600880,-40.288438,17.751355,-6.035952,14.500033,3.685854,-2.958761,19.692537,-6.626087,25.825258,-29.139476,62.836625,-16.995592,-2.754961,10.854480,24.817416,-37.880018,31.014861,-31.905247,16.220644,-24.115295,-7.528735
494,5.087815,-27.242630,78.203875,0.347366,-8.284310,97.325530,-6.183430,23.597588,20.023522,24.209527,-4.670322,-11.789542,8.857704,-28.496230,-39.439049,17.287636,-5.872349,14.500033,2.820065,-2.250980,18.922183,-5.551475,25.424369,-29.146152,62.548617,-16.489490,-2.541643,10.687204,28.869914,-40.135268,29.783602,-35.423982,16.939503,-24.731741,-6.936089
495,5.295227,-26.936499,78.371397,0.578147,-8.186535,96.727380,-5.356781,23.412800,20.242388,23.135823,-4.275577,-12.084873,8.982682,-28.305729,-39.128609,16.612552,-5.523054,14.500033,2.300689,-1.685324,18.028445,-4.639081,25.144818,-29.321520,62.014906,-15.796793,-2.348826,10.618392,31.450984,-41.272129,28.689484,-37.216386,17.727927,-25.139548,-6.902007
496,5.575590,-26.592371,78.508920,0.783595,-8.061075,96.895847,-4.678319,23.064653,20.219875,21.834183,-3.797508,-12.405310,9.421542,-28.062371,-39.149984,15.807337,-5.389675,14.500033,1.994590,-1.207169,17.058742,-3.826560,24.939973,-29.600747,61.329923,-14.989213,-2.168631,10.610202,33.126139,-41.720429,27.679799,-37.945938,18.559181,-25.418903,-7.211818
497,5.782237,-26.298691,78.642924,0.991714,-7.940576,97.064298,-3.999856,22.716507,20.197363,20.532542,-3.319440,-12.725748,9.860401,-27.819013,-39.171360,15.002121,-5.256297,14.500033,1.688491,-0.729014,16.089039,-3.014039,24.735128,-29.879975,60.644940,-14.181635,-1.988437,10.602011,34.801292,-42.168730,26.670115,-38.675489,19.390436,-25.698257,-7.521630
498,5.989417,-26.009844,78.720245,1.202866,-7.824813,97.232685,-3.321393,22.368361,20.174850,19.230902,-2.841371,-13.046185,10.299261,-27.575655,-39.192735,14.196906,-5.338690,14.500033,1.382390,-0.250859,15.119337,-2.201517,24.530282,-30.159201,59.959957,-13.374055,-1.808243,10.593821,36.476446,-42.617031,25.660430,-39.405040,20.221690,-25.977612,-7.831441
499,6.197211,-25.726604,78.777301,1.416597,-7.714362,97.401092,-2.642929,22.020215,20.152338,17.929262,-2.363302,-13.366623,10.738121,-27.332297,-39.214111,13.391692,-5.489541,14.500033,1.076291,0.227296,14.149634,-1.388996,24.325436,-30.438428,59.274974,-12.566476,-1.628048,10.585630,38.151599,-43.065332,24.650746,-40.134592,21.052944,-26.256966,-8.141253
500,6.405161,-25.445913,78.899960,1.633260,-7.607091,97.569480,-1.964467,21.672069,20.129825,16.627621,-1.885233,-13.470422,11.176981,-27.088939,-39.235487,12.586476,-5.356162,14.500033,0.770191,0.705452,13.179931,-0.576474,24.120591,-30.717655,58.589991,-11.758897,-1.447854,10.577440,39.826753,-43.513632,23.641061,-40.864144,21.884198,-26.536320,-8.451064
501,6.612582,-25.162837,78.989491,1.852413,-7.499099,97.737924,-1.286004,21.323923,20.107312,15.325981,-1.407164,-13.507498,11.615841,-26.845581,-39.256862,11.781261,-5.222784,14.967104,0.464092,1.183607,12.210228,0.236047,23.915746,-30.996883,57.905008,-10.951317,-1.267659,10.569249,41.501906,-43.961934,22.631377,-41.593695,22.715453,-26.815675,-8.760875
502,6.819039,-24.875336,79.103962,2.074394,-7.388977,97.906390,-0.607541,20.975777,20.084800,14.024341,-0.929095,-13.827935,12.054700,-26.602223,-39.278237,10.976046,-5.089406,15.000033,0.157992,1.661762,11.240526,1.048568,23.710900,-31.276110,57.220025,-10.143739,-1.087465,10.561059,43.177061,-44.410234,21.621693,-42.323246,23.546707,-27.095030,-9.070686
503,7.024782,-24.585595,79.217556,2.298765,-7.278236,98.074950,0.070923,20.627631,20.062287,12.722701,-0.451027,-14.148373,12.493561,-26.358865,-39.299613,10.170831,-4.956028,15.000033,-0.148108,2.139917,10.270824,1.861089,23.506054,-31.555337,56.535042,-9.336159,-0.907270,10.552869,44.852214,-44.858535,20.612008,-43.052798,24.377961,-27.374385,-9.380498
504,7.229809,-24.294903,79.327335,2.525845,-7.167863,98.243574,0.749385,20.279485,20.039774,11.421060,0.027043,-14.468810,12.932420,-26.115507,-39.320988,9.365615,-4.822649,15.000033,-0.454208,2.618072,9.301120,2.673610,23.301209,-31.834564,55.850059,-8.528580,-0.727076,10.544679,46.527368,-45.306836,19.602324,-43.782349,25.209215,-27.653738,-9.690309
505,7.433867,-24.001511,79.433977,2.755211,-7.056484,98.412329,1.427848,19.931339,20.017262,10.119420,0.505112,-14.789248,13.371280,-25.872148,-39.342364,8.560400,-4.689271,15.000033,-0.760307,3.096227,8.331418,3.486132,23.096364,-32.113790,55.165076,-7.721000,-0.546881,10.536488,48.202521,-45.755137,18.592639,-44.511901,26.040469,-27.933093,-10.000121
506,7.636648,-23.704899,79.483368,2.987167,-6.943602,98.581186,2.106311,19.583193,19.994749,8.817780,0.983181,-15.000035,13.810140,-25.628790,-39.363740,7.755185,-4.775130,15.000033,-1.066407,3.574382,7.361716,4.298653,22.891518,-32.393018,54.480093,-6.913422,-0.366687,10.528297,49.877675,-46.203437,17.582955,-45.241452,26.871723,-28.212448,-10.309932
507,7.838273,-23.405737,79.514421,3.221302,-6.830222,98.750211,2.784774,19.235047,19.972237,7.516139,1.461249,-15.000035,14.248999,-25.385432,-39.385115,6.949969,-4.922515,15.000033,-1.372507,4.052537,6.392012,5.111174,22.686673,-32.672245,53.795109,-6.105843,-0.186493,10.520107,51.552829,-46.651739,16.573271,-45.971004,27.702977,-28.491802,-10.619744
508,8.069682,-23.048631,79.609901,3.457900,-6.715664,98.919375,3.463237,18.886900,19.949724,6.214499,1.939318,-15.000035,14.687860,-25.142074,-39.406490,6.144754,-4.789136,15.000033,-1.678606,4.530692,5.422310,5.923696,22.481827,-32.951472,53.110127,-5.298263,-0.006298,10.511917,53.227983,-47.100039,15.563586,-46.700555,28.534232,-28.771156,-10.929555
509,8.047677,-22.968406,79.627701,3.535872,-6.659276,99.009860,3.706714,18.701539,19.976389,5.740606,2.030778,-15.000035,14.853485,-25.107073,-39.411693,5.793513,-4.665415,15.000033,-1.710976,4.688015,5.023459,6.186264,22.351154,-33.207064,52.664606,-5.041338,0.071197,10.530768,53.890907,-47.265675,15.129460,-46.894309,28.279560,-28.660009,-11.144101
510,7.894341,-23.017192,79.600286,3.519011,-6.637075,99.053412,3.691442,18.613009,20.032307,5.759093,1.892266,-15.000035,14.856577,-25.196012,-39.407275,5.712314,-4.547438,15.000035,-1.580519,4.654493,4.964176,6.121696,22.264602,-33.448598,52.361530,-5.111966,0.087600,10.565707,53.951713,-47.263171,15.037699,-46.769347,27.378934,-28.316574,-11.301977
511,7.759254,-23.032645,79.572672,3.502331,-6.614381,99.096935,3.676169,18.524479,20.088226,5.777581,1.753754,-15.000035,14.859669,-25.284950,-39.402857,5.631114,-4.429460,15.000035,-1.450062,4.620971,4.904893,6.057128,22.178050,-33.690132,52.058452,-5.182593,0.104005,10.600644,54.012520,-47.260667,14.945939,-46.644385,26.478307,-27.973138,-11.459854
512,7.624100,-23.049565,79.544446,3.485438,-6.592547,99.140479,3.660897,18.435948,20.144144,5.796068,1.615243,-15.000035,14.862762,-25.373888,-39.398440,5.549916,-4.311483,15.000035,-1.319605,4.587450,4.845610,5.992561,22.091497,-33.931665,51.755375,-5.253220,0.120409,10.635582,54.073326,-47.258163,14.854178,-46.519423,25.577681,-27.629703,-11.617732
513,7.488837,-23.066046,79.515908,3.468523,-6.570261,99.184021,3.645624,18.347418,20.200063,5.814555,1.476731,-15.000035,14.865855,-25.462827,-39.394022,5.468716,-4.193505,15.000035,-1.189149,4.553929,4.786327,5.927994,22.004945,-34.173199,51.452298,-5.323848,0.136813,10.670519,54.134133,-47.255659,14.762418,-46.394461,24.677055,-27.286267,-11.775608
514,7.353385,-23.081641,79.487028,3.451581,-6.547166,99.227560,3.630352,18.258888,20.255982,5.833042,1.338219,-15.000035,14.868948,-25.551765,-39.389605,5.387518,-4.075528,15.000035,-1.058692,4.520407,4.727043,5.863426,21.918393,-34.414732,51.149221,-5.394476,0.153217,10.705457,54.194939,-47.253155,14.670657,-46.269498,23.776428,-26.942832,-11.933485
515,7.217947,-23.097561,79.457778,3.434615,-6.524181,99.271097,3.615080,18.170357,20.311900,5.851529,1.199707,-14.791294,14.872040,-25.640704,-39.385187,5.306319,-3.957551,15.000035,-0.928236,4.486885,4.667760,5.798858,21.831841,-34.656266,50.846144,-5.465104,0.169621,10.740395,54.255745,-47.250650,14.578897,-46.144535,22.875802,-26.599397,-12.091362
516,7.082603,-23.114351,79.428051,3.417622,-6.501683,99.314631,3.599807,18.081827,20.367818,5.870016,1.061195,-14.621612,14.875133,-25.729643,-39.380770,5.225120,-3.839573,15.000035,-0.797779,4.453363,4.608477,5.734291,21.745289,-34.897799,50.543067,-5.535731,0.186025,10.775333,54.316552,-47.248146,14.487136,-46.019573,21.975176,-26.255962,-12.249240
517,6.947457,-23.132572,79.397852,3.400605,-6.480271,99.358162,3.584535,17.993297,20.423737,5.888504,0.922683,-14.457923,14.878226,-25.818581,-39.376352,5.143921,-3.721596,15.000035,-0.667322,4.419841,4.549194,5.669723,21.658737,-35.139333,50.239990,-5.606358,0.202430,10.810271,54.377359,-47.245642,14.395375,-45.894611,21.074550,-25.912526,-12.407117
518,6.812545,-23.152458,79.367116,3.383557,-6.459921,99.401691,3.569263,17.904767,20.479655,5.906991,0.784171,-14.518669,14.881318,-25.907519,-39.371934,5.062721,-3.603619,15.000035,-0.536865,4.386320,4.489911,5.605155,21.572185,-35.380867,49.936913,-5.676986,0.218833,10.845208,54.438166,-47.243137,14.303615,-45.769649,20.173923,-25.569091,-12.564993
519,6.677868,-23.173948,79.335909,3.366487,-6.440671,99.445217,3.553990,17.816237,20.535573,5.925478,0.645660,-14.630543,14.884411,-25.996458,-39.367517,4.981523,-3.485642,15.000035,-0.406409,4.352799,4.430627,5.540588,21.485632,-35.622400,49.633836,-5.747614,0.235238,10.880146,54.498972,-47.240633,14.211854,-45.644687,19.273297,-25.225656,-12.722871
520,6.543328,-23.197710,79.304045,3.349237,-6.422847,99.488759,3.538718,17.727707,20.591492,5.943966,0.507148,-14.466853,14.887504,-26.085396,-39.363099,4.900324,-3.367664,15.000035,-0.275952,4.319277,4.371344,5.476020,21.399080,-35.863934,49.330759,-5.818241,0.251642,10.915083,54.559778,-47.238129,14.120094,-45.519724,18.372670,-24.882220,-12.880748
521,6.399823,-23.218393,79.387134,3.332079,-6.405826,99.532285,3.523446,17.639176,20.647411,5.962452,0.368636,-14.303163,14.890596,-26.174334,-39.358681,4.819124,-2.773950,15.000035,-0.145495,4.285755,4.312061,5.411453,21.312528,-36.105468,49.027682,-5.888868,0.268046,10.950021,54.620585,-47.235625,14.028333,-45.394762,17.472044,-24.538785,-13.038624
522,6.299359,-23.237366,79.370818,3.322196,-6.390549,99.595735,3.491837,17.572151,20.667389,5.973873,0.286993,-14.184629,14.896254,-26.236956,-39.384712,4.757747,-2.665684,15.000035,-0.039648,4.263121,4.304213,5.285561,21.251448,-36.271159,48.838789,-5.917296,0.270920,10.958240,54.646131,-47.257599,14.019511,-45.312109,16.871882,-24.316176,-13.115895
523,6.333065,-23.267031,79.372517,3.328566,-6.378289,99.705462,3.422362,17.554976,20.604056,5.968914,0.337171,-14.170767,14.907858,-26.238576,-39.481321,4.742314,-2.660435,15.000035,0.009153,4.265727,4.415593,5.017520,21.249410,-36.261046,48.914575,-5.847902,0.242430,10.904524,54.589943,-47.336315,14.202940,-45.327530,16.968199,-24.373644,-13.006317
524,6.348692,-23.289904,79.374453,3.335684,-6.367641,99.815098,3.352887,17.537799,20.540723,5.963953,0.387348,-14.156904,14.919461,-26.240195,-39.577931,4.726881,-2.655186,15.000035,0.057954,4.268333,4.526973,4.749478,21.247371,-36.250934,48.990362,-5.778508,0.213941,10.850809,54.533756,-47.415031,14.386370,-45.342950,17.064517,-24.431113,-12.896741
525,6.363530,-23.313901,79.376024,3.342341,-6.357930,99.924793,3.283412,17.520623,20.477390,5.958994,0.437526,-14.143042,14.931065,-26.241814,-39.674540,4.711448,-2.649937,15.000035,0.106755,4.270939,4.638353,4.481436,21.245333,-36.240823,49.066149,-5.709114,0.185451,10.797093,54.477568,-47.493747,14.569799,-45.358370,17.160834,-24.488582,-12.787164
526,6.378614,-23.338909,79.377487,3.348974,-6.349000,100.034493,3.213937,17.503447,20.414058,5.954034,0.487704,-14.129180,14.942669,-26.243434,-39.771150,4.696015,-2.644687,15.000035,0.155557,4.273544,4.749733,4.213395,21.243295,-36.230711,49.141935,-5.639720,0.156961,10.743377,54.421380,-47.572462,14.753228,-45.373791,17.257152,-24.546050,-12.677586
527,6.393752,-23.363890,79.378926,3.355588,-6.340076,100.144197,3.144462,17.486271,20.350725,5.949074,0.537880,-14.115317,14.954272,-26.245053,-39.867759,4.680582,-2.639439,15.000035,0.204357,4.276150,4.861113,3.945353,21.241257,-36.220599,49.217721,-5.570327,0.128471,10.689662,54.365193,-47.651178,14.936658,-45.389211,17.353469,-24.603519,-12.568009
528,6.409015,-23.389186,79.380313,3.362177,-6.331392,100.253907,3.074987,17.469095,20.287393,5.944114,0.588058,-14.101455,14.965876,-26.246673,-39.964368,4.665149,-2.634189,15.000035,0.253159,4.278755,4.972493,3.677312,21.239219,-36.210487,49.293507,-5.500933,0.099982,10.635946,54.309005,-47.729894,15.120087,-45.404632,17.449788,-24.660987,-12.458432
529,6.424316,-23.414361,79.381677,3.368749,-6.322699,100.363619,3.005510,17.451918,20.224060,5.939154,0.638236,-14.087593,14.977479,-26.248291,-40.060979,4.649717,-2.628939,15.000035,0.301960,4.281362,5.083873,3.409269,21.237181,-36.200375,49.369295,-5.431539,0.071493,10.582230,54.252817,-47.808609,15.303516,-45.420052,17.546105,-24.718455,-12.348855
530,6.439676,-23.439483,79.383015,3.375295,-6.313998,100.473338,2.936035,17.434742,20.160728,5.934194,0.688414,-14.073731,14.989083,-26.249911,-40.157588,4.634283,-2.623690,15.000035,0.350761,4.283967,5.195253,3.141228,21.235143,-36.190263,49.445081,-5.362145,0.043003,10.528514,54.196629,-47.887325,15.486945,-45.435472,17.642423,-24.775924,-12.239278
531,6.455085,-23.464554,79.384329,3.381823,-6.305286,100.583060,2.866560,17.417566,20.097395,5.929235,0.738591,-14.059868,15.000687,-26.251530,-40.254197,4.618851,-2.618441,15.000035,0.399562,4.286573,5.306633,2.873187,21.233105,-36.180152,49.520867,-5.292752,0.014514,10.474799,54.140442,-47.966041,15.670374,-45.450892,17.738740,-24.833393,-12.129700
532,6.470517,-23.489368,79.385631,3.388325,-6.296415,100.692787,2.797085,17.400390,20.034063,5.924274,0.788769,-14.046006,15.012290,-26.253149,-40.350806,4.603417,-2.613192,15.000035,0.448363,4.289178,5.418013,2.605145,21.231067,-36.170039,49.596653,-5.223358,-0.013976,10.421083,54.084254,-48.044757,15.853804,-45.466313,17.835058,-24.890861,-12.020123
533,6.485961,-23.513931,79.386926,3.394810,-6.287384,100.802518,2.727610,17.383214,19.970730,5.919315,0.838946,-14.032144,15.023894,-26.254769,-40.447416,4.587985,-2.607943,15.000035,0.497164,4.291784,5.529393,2.337103,21.229029,-36.159928,49.672440,-5.153964,-0.042466,10.367367,54.028066,-48.123472,16.037233,-45.481733,17.931375,-24.948329,-11.910546
534,6.501141,-23.538279,79.388094,3.401061,-6.278186,100.912280,2.658135,17.366037,19.907398,5.914355,0.889124,-14.018282,15.035497,-26.256388,-40.544026,4.572552,-2.602694,15.000035,0.545965,4.294390,5.640773,2.069062,21.226991,-36.149816,49.748227,-5.084570,-0.070956,10.313651,53.971879,-48.202188,16.220662,-45.497153,18.027693,-25.005798,-11.800969
535,6.514940,-23.562688,79.389347,3.407466,-6.268860,101.022024,2.588660,17.348862,19.844065,5.909395,0.939302,-14.004419,15.047102,-26.258008,-40.640635,4.557119,-2.597444,15.000035,0.594767,4.296996,5.752153,1.801020,21.224952,-36.139703,49.824013,-5.015177,-0.099445,10.259936,53.915692,-48.280904,16.404091,-45.512574,18.124010,-25.063266,-11.691391
536,6.524303,-23.584553,79.390104,3.406343,-6.258314,101.131609,2.521893,17.338609,19.789854,5.904654,0.982141,-13.992221,15.057827,-26.253389,-40.731054,4.544189,-2.589559,15.000035,0.640899,4.287140,5.848142,1.566728,21.226778,-36.117542,49.878033,-4.976224,-0.113413,10.204167,53.877052,-48.343843,16.569542,-45.497481,18.211514,-25.111724,-11.554536
537,6.528427,-23.600127,79.389310,3.387619,-6.245178,101.240927,2.461171,17.343805,19.755998,5.900402,1.008605,-13.983735,15.066592,-26.234851,-40.807659,4.536845,-2.575790,15.000035,0.681080,4.249476,5.909788,1.407745,21.237226,-36.068495,49.883483,-5.005197,-0.094978,10.143816,53.877569,-48.371575,16.694874,-45.414301,18.279347,-25.140075,-11.356814
538,6.529552,-23.615738,79.388719,3.369204,-6.231645,101.350205,2.400448,17.349000,19.722142,5.896149,1.035068,-13.975250,15.075356,-26.216313,-40.884265,4.529500,-2.562021,15.000035,0.721260,4.211813,5.971435,1.248761,21.247672,-36.019447,49.888934,-5.034170,-0.076543,10.083466,53.878087,-48.399307,16.820206,-45.331122,18.347182,-25.168427,-11.159093
539,6.530819,-23.630956,79.388239,3.350964,-6.217841,101.459454,2.339726,17.354196,19.688286,5.891897,1.061531,-13.966764,15.084121,-26.197775,-40.960870,4.522156,-2.548253,15.000035,0.761440,4.174149,6.033081,1.089777,21.258120,-35.970399,49.894385,-5.063141,-0.058108,10.023115,53.878605,-48.427039,16.945539,-45.247943,18.415017,-25.196779,-10.961371
540,6.531808,-23.646212,79.387609,3.332473,-6.204019,101.568726,2.279003,17.359392,19.654429,5.887645,1.087996,-13.958279,15.092886,-26.179238,-41.037475,4.514811,-2.534484,15.000035,0.801621,4.136486,6.094727,0.930794,21.268567,-35.921352,49.899836,-5.092114,-0.039673,9.962765,53.879121,-48.454771,17.070871,-45.164763,18.482850,-25.225130,-10.763649
541,6.532802,-23.661267,79.386984,3.313985,-6.190046,101.677992,2.218281,17.364587,19.620574,5.883392,1.114459,-13.949793,15.101650,-26.160699,-41.114081,4.507467,-2.520715,15.000035,0.841801,4.098823,6.156374,0.771811,21.279014,-35.872304,49.905287,-5.121087,-0.021238,9.902414,53.879639,-48.482504,17.196204,-45.081584,18.550685,-25.253482,-10.565928
542,6.533841,-23.676264,79.386349,3.295492,-6.176035,101.787251,2.157559,17.369783,19.586717,5.879140,1.140923,-13.941307,15.110415,-26.142161,-41.190686,4.500122,-2.506946,15.000035,0.881982,4.061159,6.218020,0.612827,21.289461,-35.823256,49.910737,-5.150060,-0.002803,9.842065,53.880157,-48.510236,17.321536,-44.998405,18.618519,-25.281833,-10.368206
543,6.534919,-23.691246,79.385704,3.277002,-6.162006,101.896504,2.096836,17.374979,19.552861,5.874888,1.167387,-13.932823,15.119180,-26.123623,-41.267291,4.492777,-2.493177,15.000035,0.922161,4.023496,6.279667,0.453843,21.299908,-35.774209,49.916188,-5.179032,0.015632,9.781714,53.880674,-48.537969,17.446869,-44.915226,18.686353,-25.310184,-10.170484
544,6.536045,-23.706194,79.385046,3.258508,-6.147957,102.005750,2.036114,17.380175,19.519005,5.870636,1.193851,-13.924337,15.127945,-26.105086,-41.343897,4.485433,-2.479408,15.000035,0.962342,3.985833,6.341313,0.294859,21.310355,-35.725161,49.921638,-5.208005,0.034067,9.721363,53.881192,-48.565701,17.572201,-44.832046,18.754187,-25.338536,-9.972762
545,6.537093,-23.720569,79.384419,3.240016,-6.133478,102.114991,1.975391,17.385370,19.485149,5.866384,1.220314,-13.915852,15.136709,-26.086548,-41.420502,4.478089,-2.465639,15.000035,1.002523,3.948169,6.402960,0.135875,21.320803,-35.676113,49.927089,-5.236978,0.052502,9.661013,53.881709,-48.593433,17.697533,-44.748867,18.822022,-25.366887,-9.775040
546,6.537880,-23.733479,79.383883,3.221520,-6.117909,102.224224,1.914669,17.390566,19.451292,5.862132,1.246778,-13.907366,15.145474,-26.068009,-41.497107,4.470744,-2.451871,15.000035,1.042702,3.910506,6.464606,-0.023108,21.331250,-35.627066,49.932539,-5.265950,0.070937,9.600663,53.882226,-48.621165,17.822865,-44.665687,18.889855,-25.395239,-9.577319
547,6.537930,-23.745724,79.383140,3.202578,-6.101740,102.333504,1.853947,17.395762,19.417435,5.857880,1.273242,-13.898880,15.154239,-26.049472,-41.573713,4.463399,-2.438102,15.000035,1.082883,3.872842,6.526252,-0.182091,21.341697,-35.578019,49.937991,-5.294922,0.089372,9.540312,53.882744,-48.648897,17.948198,-44.582509,18.957690,-25.423591,-9.379597
548,6.539135,-23.756807,79.382889,3.184279,-6.084054,102.442701,1.793224,17.400957,19.383580,5.853627,1.299705,-13.890395,15.163003,-26.030934,-41.650318,4.456055,-2.424334,15.000035,1.123063,3.835179,6.587899,-0.341075,21.352144,-35.528971,49.943441,-5.323895,0.107807,9.479962,53.883261,-48.676629,18.073530,-44.499329,19.025524,-25.451942,-9.181875
549,6.543116,-23.771100,79.382741,3.166035,-6.065438,102.551886,1.732502,17.406153,19.349723,5.849375,1.326169,-13.881909,15.171768,-26.012396,-41.726924,4.448711,-2.410565,15.000035,1.163243,3.797516,6.649545,-0.500059,21.362591,-35.479923,49.948892,-5.352868,0.126242,9.419612,53.883779,-48.704362,18.198863,-44.416150,19.093358,-25.480294,-8.984153
550,6.544103,-23.768036,79.386029,3.157088,-6.064621,102.562242,1.727281,17.420910,19.360650,5.845758,1.340399,-13.895497,15.178397,-25.998505,-41.765481,4.438665,-2.387850,15.000035,1.117751,3.768838,6.639027,-0.488195,21.375345,-35.440527,49.973344,-5.298332,0.101056,9.367876,53.872699,-48.630126,18.101845,-44.408632,19.314119,-25.451413,-8.850301
551,6.547736,-23.767929,79.389454,3.148295,-6.063230,102.570973,1.722972,17.435825,19.372313,5.842151,1.354428,-13.909448,15.184991,-25.984690,-41.803413,4.428575,-2.364988,15.000035,1.070851,3.740309,6.627324,-0.473524,21.388137,-35.401289,49.998108,-5.242424,0.075154,9.316283,53.861429,-48.554216,18.001173,-44.402357,19.537393,-25.421592,-8.717498
552,6.551444,-23.765829,79.393099,3.139503,-6.059482,102.579704,1.718663,17.450740,19.383976,5.838545,1.368457,-13.923397,15.191584,-25.970875,-41.841344,4.418485,-2.342127,15.000035,1.023950,3.711779,6.615620,-0.458853,21.400929,-35.362052,50.022873,-5.186517,0.049251,9.264689,53.850160,-48.478305,17.900502,-44.396082,19.760667,-25.391770,-8.584694
553,6.554885,-23.762545,79.396825,3.130713,-6.054847,102.588435,1.714354,17.465654,19.395638,5.834938,1.382487,-13.937348,15.198178,-25.957061,-41.879276,4.408395,-2.319265,15.000035,0.977051,3.683249,6.603917,-0.444183,21.413720,-35.322815,50.047637,-5.130609,0.023349,9.213095,53.838890,-48.402394,17.799831,-44.389808,19.983941,-25.361949,-8.451890
554,6.557998,-23.757794,79.400651,3.121923,-6.049118,102.597166,1.710045,17.480569,19.407301,5.831331,1.396515,-13.951298,15.204772,-25.943246,-41.917208,4.398305,-2.296404,15.000035,0.930150,3.654720,6.592213,-0.429512,21.426512,-35.283577,50.072401,-5.074701,-0.002554,9.161501,53.827620,-48.326483,17.699159,-44.383533,20.207215,-25.332128,-8.319088
555,6.560969,-23.752429,79.404516,3.113135,-6.042930,102.605895,1.705736,17.495484,19.418964,5.827725,1.410545,-13.965249,15.211365,-25.929432,-41.955140,4.388215,-2.273541,15.000035,0.883251,3.626190,6.580510,-0.414841,21.439304,-35.244339,50.097165,-5.018793,-0.028456,9.109907,53.816350,-48.250572,17.598488,-44.377259,20.430489,-25.302307,-8.186284
556,6.563939,-23.747076,79.349839,3.104346,-6.036747,102.614625,1.701426,17.510399,19.430627,5.824118,1.424573,-13.979199,15.217959,-25.915617,-41.993072,4.378125,-2.491581,15.000035,0.836350,3.597661,6.568806,-0.400170,21.452095,-35.205102,50.121930,-4.962886,-0.054359,9.058313,53.805081,-48.174661,17.497816,-44.370984,20.653762,-25.272486,-8.053481
557,6.566983,-23.742069,79.290720,3.095556,-6.030822,102.623354,1.697117,17.525314,19.442289,5.820511,1.438602,-13.993149,15.224553,-25.901803,-42.031003,4.368036,-2.727819,15.000035,0.789450,3.569131,6.557102,-0.385499,21.464887,-35.165864,50.146694,-4.906979,-0.080262,9.006719,53.793811,-48.098751,17.397144,-44.364708,20.877036,-25.242664,-7.920678
558,6.570062,-23.737240,79.294544,3.086769,-6.025037,102.632084,1.692808,17.540228,19.453952,5.816904,1.452632,-14.007099,15.231146,-25.887989,-42.068935,4.357945,-2.704957,15.000035,0.742550,3.540601,6.545398,-0.370828,21.477679,-35.126627,50.171458,-4.851070,-0.106164,8.955125,53.782541,-48.022840,17.296473,-44.358434,21.100310,-25.212843,-7.787874
559,6.572899,-23.731335,79.298440,3.077981,-6.018449,102.640812,1.688499,17.555143,19.465615,5.813297,1.466660,-14.021050,15.237740,-25.874174,-42.106867,4.347856,-2.682096,15.000035,0.695649,3.512072,6.533695,-0.356157,21.490471,-35.087389,50.196223,-4.795163,-0.132067,8.903531,53.771271,-47.946929,17.195801,-44.352159,21.323584,-25.183022,-7.655071
560,6.575119,-23.722695,79.302525,3.069195,-6.009815,102.649542,1.684190,17.570057,19.477278,5.809691,1.480690,-14.035001,15.244334,-25.860360,-42.144799,4.337766,-2.659233,15.000035,0.648750,3.483543,6.521992,-0.341487,21.503262,-35.048152,50.220987,-4.739255,-0.157969,8.851937,53.760001,-47.871018,17.095130,-44.345885,21.546858,-25.153201,-7.522267
561,6.576838,-23.711838,79.306761,3.060411,-5.999523,102.658269,1.679881,17.584972,19.488940,5.806084,1.494718,-14.048950,15.250927,-25.846545,-42.182731,4.327675,-2.636372,15.000035,0.601849,3.455013,6.510288,-0.326817,21.516054,-35.008914,50.245751,-4.683347,-0.183872,8.800344,53.748732,-47.795107,16.994459,-44.339610,21.770131,-25.123379,-7.389464
562,6.579341,-23.699909,79.311061,3.051628,-5.988477,102.666998,1.675572,17.599887,19.500603,5.802478,1.508747,-13.562901,15.257521,-25.832730,-42.220662,4.317586,-2.613511,15.000035,0.554949,3.426484,6.498584,-0.312146,21.528846,-34.969676,50.270516,-4.627440,-0.209774,8.748750,53.737462,-47.719196,16.893787,-44.333335,21.993405,-25.093558,-7.256661
563,6.585520,-23.685512,79.315509,3.042847,-5.975786,102.675724,1.671263,17.614801,19.512266,5.798871,1.522777,-13.576851,15.264115,-25.818916,-42.258594,4.307496,-2.590649,15.000035,0.508049,3.397954,6.486881,-0.297475,21.541638,-34.930439,50.295280,-4.571532,-0.235677,8.697156,53.726192,-47.643286,16.793116,-44.327061,22.216679,-25.063737,-7.123857
564,6.574931,-23.696863,79.317643,3.038733,-5.983534,102.661082,1.673690,17.608799,19.492472,5.795339,1.545880,-13.574705,15.262806,-25.818117,-42.253684,4.297053,-2.559275,15.000035,0.529977,3.368606,6.469622,-0.327875,21.567049,-34.918232,50.394588,-4.616043,-0.240362,8.726451,53.640088,-47.556525,16.875421,-44.323218,22.114087,-25.146250,-7.188493
565,6.567873,-23.705964,79.319910,3.034665,-5.989811,102.646250,1.676172,17.602625,19.472422,5.791808,1.569056,-13.572428,15.261434,-25.817424,-42.248425,4.286607,-2.527831,15.000035,0.552467,3.339252,6.452318,-0.358642,21.592564,-34.906245,50.494504,-4.661373,-0.244875,8.756404,53.553374,-47.469677,16.959218,-44.319395,22.008839,-25.229679,-7.254738
566,6.561275,-23.712248,79.322370,3.030604,-5.994034,102.631417,1.678653,17.596452,19.452372,5.788277,1.592233,-13.570150,15.260061,-25.816731,-42.243166,4.276162,-2.496387,15.000035,0.574956,3.309898,6.435013,-0.389410,21.618080,-34.894259,50.594419,-4.706703,-0.249387,8.786358,53.466661,-47.382828,17.043015,-44.315573,21.903592,-25.313108,-7.320982
567,6.554112,-23.715975,79.325009,3.026550,-5.996347,102.616586,1.681135,17.590279,19.432323,5.784745,1.615410,-13.567872,15.258688,-25.816038,-42.237907,4.265716,-2.464944,15.000035,0.597445,3.280544,6.417709,-0.420177,21.643595,-34.882272,50.694334,-4.752032,-0.253899,8.816312,53.379947,-47.295978,17.126811,-44.311749,21.798345,-25.396537,-7.387227
568,6.546304,-23.716770,79.327855,3.022505,-5.996473,102.601755,1.683617,17.584105,19.412273,5.781215,1.638587,-13.565595,15.257316,-25.815346,-42.232648,4.255271,-2.433500,15.000035,0.619935,3.251191,6.400405,-0.450945,21.669109,-34.870285,50.794250,-4.797362,-0.258412,8.846266,53.293233,-47.209130,17.210608,-44.307926,21.693096,-25.479966,-7.453471
569,6.538253,-23.716440,79.330781,3.018465,-5.995760,102.586924,1.686099,17.577932,19.392223,5.777683,1.661764,-13.563318,15.255942,-25.814652,-42.227389,4.244825,-2.402056,15.000035,0.642424,3.221837,6.383101,-0.481712,21.694624,-34.858298,50.894165,-4.842692,-0.262924,8.876220,53.206519,-47.122281,17.294405,-44.304104,21.587849,-25.563395,-7.519716
570,6.530212,-23.716103,79.333708,3.014431,-5.995047,102.572095,1.688580,17.571758,19.372173,5.774152,1.684940,-13.561040,15.254570,-25.813960,-42.222131,4.234380,-2.370613,15.000035,0.664913,3.192482,6.365796,-0.512480,21.720139,-34.846312,50.994081,-4.888022,-0.267436,8.906173,53.119805,-47.035432,17.378201,-44.300281,21.482601,-25.646823,-7.585960
571,6.522177,-23.715760,79.336636,3.010403,-5.994332,102.557267,1.691062,17.565584,19.352122,5.770621,1.708117,-13.558763,15.253198,-25.813267,-42.216872,4.223934,-2.339169,15.000035,0.687402,3.163128,6.348492,-0.543247,21.745655,-34.834326,51.093997,-4.933352,-0.271948,8.936127,53.033091,-46.948583,17.461998,-44.296458,21.377354,-25.730252,-7.652205
572,6.514152,-23.715412,79.339565,3.006380,-5.993617,102.542440,1.693544,17.559411,19.332072,5.767090,1.731294,-13.556485,15.251824,-25.812574,-42.211613,4.213489,-2.307725,15.000035,0.709892,3.133774,6.331188,-0.574015,21.771169,-34.822339,51.193913,-4.978681,-0.276461,8.966081,52.946377,-46.861734,17.545795,-44.292636,21.272106,-25.813681,-7.718449
573,6.506424,-23.716362,79.342403,3.002362,-5.993877,102.527613,1.696026,17.553237,19.312022,5.763559,1.754470,-13.554208,15.250452,-25.811882,-42.206354,4.203043,-2.276282,15.000035,0.732381,3.104420,6.313884,-0.604782,21.796684,-34.810352,51.293828,-5.024011,-0.280974,8.996035,52.859663,-46.774886,17.629591,-44.288813,21.166858,-25.897109,-7.784694
574,6.499424,-23.720579,79.345011,2.998349,-5.996582,102.512787,1.698508,17.547064,19.291973,5.760028,1.777648,-13.551930,15.249079,-25.811188,-42.201095,4.192598,-2.244838,15.000035,0.754870,3.075066,6.296579,-0.635550,21.822199,-34.798365,51.393743,-5.069340,-0.285486,9.025989,52.772949,-46.688036,17.713388,-44.284989,21.061611,-25.980539,-7.850938
575,6.493010,-23.727416,79.347433,2.994339,-6.001249,102.497962,1.700989,17.540891,19.271923,5.756496,1.800824,-13.549653,15.247707,-25.810496,-42.195836,4.182152,-2.213394,15.000035,0.777359,3.045712,6.279275,-0.666317,21.847715,-34.786379,51.493659,-5.114671,-0.289998,9.055942,52.686236,-46.601187,17.797184,-44.281166,20.956364,-26.063968,-7.917183
576,6.486864,-23.737662,79.349624,2.990333,-6.008364,102.483139,1.703471,17.534717,19.251873,5.752966,1.824001,-13.547375,15.246334,-25.809803,-42.190577,4.171707,-2.181951,15.000035,0.799849,3.016358,6.261971,-0.697084,21.873229,-34.774392,51.593574,-5.160000,-0.294510,9.085896,52.599522,-46.514339,17.880982,-44.277344,20.851116,-26.147396,-7.983427
577,6.479453,-23.751073,79.351628,2.986330,-6.017440,102.468315,1.705953,17.528544,19.231823,5.749434,1.847178,-13.545098,15.244961,-25.809110,-42.185318,4.161261,-2.150507,15.000035,0.822338,2.987004,6.244667,-0.727852,21.898744,-34.762405,51.693490,-5.205330,-0.299023,9.115850,52.512808,-46.427490,17.964778,-44.273521,20.745868,-26.230825,-8.049672
