Frame,root_translateX,root_translateY,root_translateZ,root_rotateX,root_rotateY,root_rotateZ,left_hip_pitch_joint_dof,left_hip_roll_joint_dof,left_hip_yaw_joint_dof,left_knee_joint_dof,left_ankle_pitch_joint_dof,left_ankle_roll_joint_dof,right_hip_pitch_joint_dof,right_hip_roll_joint_dof,right_hip_yaw_joint_dof,right_knee_joint_dof,right_ankle_pitch_joint_dof,right_ankle_roll_joint_dof,waist_yaw_joint_dof,waist_roll_joint_dof,waist_pitch_joint_dof,left_shoulder_pitch_joint_dof,left_shoulder_roll_joint_dof,left_shoulder_yaw_joint_dof,left_elbow_joint_dof,left_wrist_roll_joint_dof,left_wrist_pitch_joint_dof,left_wrist_yaw_joint_dof,right_shoulder_pitch_joint_dof,right_shoulder_roll_joint_dof,right_shoulder_yaw_joint_dof,right_elbow_joint_dof,right_wrist_roll_joint_dof,right_wrist_pitch_joint_dof,right_wrist_yaw_joint_dof
0,1.781241,-13.284475,78.931397,1.729902,-11.149151,101.867045,4.800733,16.869892,18.957224,5.901249,1.391566,-11.679177,16.569769,-25.416277,-37.341809,4.726993,-0.135260,15.000035,0.280935,4.760142,6.840189,4.405699,20.374214,-35.371986,65.241898,-4.163845,1.669433,9.614002,44.206538,-43.167545,35.768878,-26.074377,19.649561,-30.314796,-8.800110
1,1.789830,-13.251823,78.929183,1.723175,-11.125220,101.961942,4.777197,16.872095,18.933200,5.899658,1.374623,-11.669911,16.602897,-25.412493,-37.413906,4.736148,-0.176900,15.000035,0.259039,4.760361,6.831789,4.453676,20.403635,-35.318633,65.138415,-4.207980,1.663959,9.564007,44.385674,-43.282879,35.783896,-26.130976,20.039230,-30.023713,-8.722820
2,1.795057,-13.218931,78.926937,1.716488,-11.101279,102.056828,4.753663,16.874299,18.909176,5.898066,1.357681,-11.660645,16.636025,-25.408710,-37.486002,4.745302,-0.218539,15.000035,0.237143,4.760578,6.823389,4.501653,20.433058,-35.265278,65.034931,-4.252117,1.658484,9.514014,44.564809,-43.398215,35.798915,-26.187574,20.428902,-29.732629,-8.645532
3,1.799403,-13.185964,78.924652,1.709843,-11.077326,102.151705,4.730127,16.876502,18.885151,5.896475,1.340737,-11.651380,16.669152,-25.404926,-37.558099,4.754457,-0.260180,15.000035,0.215247,4.760797,6.814990,4.549629,20.462479,-35.211925,64.931448,-4.296253,1.653009,9.464020,44.743946,-43.513550,35.813934,-26.244173,20.818571,-29.441546,-8.568242
4,1.803696,-13.152978,78.922335,1.703239,-11.053363,102.246569,4.706592,16.878705,18.861126,5.894883,1.323795,-11.642113,16.702281,-25.401142,-37.630196,4.763612,-0.301820,15.000035,0.193350,4.761015,6.806591,4.597606,20.491900,-35.158572,64.827964,-4.340389,1.647534,9.414027,44.923082,-43.628884,35.828952,-26.300772,21.208240,-29.150463,-8.490953
5,1.807918,-13.119971,78.919977,1.696676,-11.029389,102.341424,4.683057,16.880908,18.837103,5.893292,1.306852,-11.632848,16.735407,-25.397359,-37.702293,4.772767,-0.343460,15.000035,0.171455,4.761233,6.798191,4.645583,20.521322,-35.105219,64.724481,-4.384524,1.642059,9.364032,45.102217,-43.744219,35.843971,-26.357370,21.597911,-28.859379,-8.413664
6,1.812085,-13.086947,78.917588,1.690154,-11.005405,102.436269,4.659522,16.883111,18.813078,5.891701,1.289909,-11.623582,16.768535,-25.393576,-37.774390,4.781921,-0.385099,15.000035,0.149558,4.761452,6.789792,4.693559,20.550744,-35.051864,64.620997,-4.428660,1.636584,9.314039,45.281352,-43.859554,35.858989,-26.413969,21.987581,-28.568297,-8.336375
7,1.816182,-13.053901,78.915160,1.683672,-10.981410,102.531103,4.635987,16.885315,18.789054,5.890110,1.272966,-11.614316,16.801663,-25.389792,-37.846487,4.791076,-0.426739,15.000035,0.127663,4.761670,6.781392,4.741537,20.580165,-34.998511,64.517514,-4.472796,1.631110,9.264044,45.460489,-43.974888,35.874008,-26.470566,22.377251,-28.277213,-8.259084
8,1.820223,-13.020838,78.912700,1.677232,-10.957404,102.625927,4.612453,16.887518,18.765029,5.888518,1.256024,-11.605051,16.834790,-25.386008,-37.918583,4.800231,-0.468379,15.000035,0.105767,4.761888,6.772993,4.789513,20.609587,-34.945159,64.414031,-4.516932,1.625635,9.214051,45.639624,-44.090224,35.889028,-26.527165,22.766921,-27.986130,-8.181795
9,1.824197,-12.987755,78.910200,1.670832,-10.933387,102.720740,4.588917,16.889721,18.741005,5.886926,1.239081,-11.595784,16.867919,-25.382225,-37.990680,4.809386,-0.510019,15.000035,0.083871,4.762107,6.764593,4.837490,20.639008,-34.891805,64.310547,-4.561068,1.620160,9.164057,45.818760,-44.205559,35.904046,-26.583765,23.156590,-27.695046,-8.104506
10,1.828155,-12.954653,78.907668,1.664475,-10.909362,102.815542,4.565382,16.891925,18.716981,5.885335,1.222138,-11.586518,16.901046,-25.378440,-38.062777,4.818541,-0.551659,15.000035,0.061975,4.762325,6.756194,4.885467,20.668429,-34.838451,64.207065,-4.605204,1.614686,9.114064,45.997896,-44.320893,35.919064,-26.640363,23.546261,-27.403964,-8.027217
11,1.832525,-12.921551,78.905098,1.658153,-10.885342,102.910303,4.541855,16.894132,18.692980,5.883747,1.205210,-11.577255,16.934167,-25.374656,-38.134862,4.827684,-0.593259,15.000035,0.040116,4.762540,6.747820,4.933369,20.697854,-34.785104,64.103636,-4.649358,1.609220,9.064095,46.176899,-44.436115,35.934117,-26.696910,23.935540,-27.113083,-7.949999
12,1.836846,-12.892243,78.902730,1.651333,-10.864059,103.000126,4.519509,16.896976,18.672660,5.882668,1.190682,-11.568359,16.966184,-25.370747,-38.205120,4.834866,-0.628351,15.000035,0.024358,4.762262,6.743586,4.968965,20.727673,-34.732771,64.009124,-4.696417,1.605265,9.018319,46.334322,-44.532936,35.954762,-26.745044,24.261128,-26.855263,-7.884438
13,1.834714,-12.884454,78.901648,1.641477,-10.858248,103.062164,4.503827,16.903415,18.673094,5.884463,1.189676,-11.561537,16.991976,-25.366134,-38.265077,4.831001,-0.626774,15.000035,0.042979,4.759204,6.762678,4.935222,20.759721,-34.686147,63.964861,-4.759851,1.609830,8.996168,46.370139,-44.526070,36.006920,-26.745775,24.227816,-26.783740,-7.884564
14,1.833760,-12.876645,78.900557,1.631629,-10.852427,103.124200,4.488145,16.909853,18.673528,5.886258,1.188670,-11.554715,17.017769,-25.361522,-38.325034,4.827137,-0.625197,15.000035,0.061600,4.756147,6.781770,4.901480,20.791770,-34.639524,63.920597,-4.823286,1.614394,8.974016,46.405954,-44.519203,36.059078,-26.746507,24.194505,-26.712217,-7.884689
15,1.833065,-12.868826,78.899452,1.621787,-10.846595,103.186234,4.472463,16.916292,18.673962,5.888054,1.187664,-11.547892,17.043560,-25.356910,-38.384991,4.823272,-0.623622,15.000035,0.080221,4.753089,6.800862,4.867738,20.823818,-34.592901,63.876333,-4.886721,1.618959,8.951864,46.441771,-44.512336,36.111236,-26.747239,24.161195,-26.640694,-7.884815
16,1.832352,-12.861000,78.898337,1.611952,-10.840753,103.248266,4.456781,16.922731,18.674395,5.889848,1.186659,-11.541070,17.069353,-25.352297,-38.444947,4.819408,-0.622045,15.000035,0.098841,4.750031,6.819954,4.833994,20.855867,-34.546278,63.832070,-4.950155,1.623523,8.929713,46.477587,-44.505469,36.163394,-26.747971,24.127883,-26.569171,-7.884940
17,1.831622,-12.853166,78.897209,1.602124,-10.834900,103.310296,4.441099,16.929169,18.674829,5.891643,1.185653,-11.534247,17.095146,-25.347684,-38.504905,4.815543,-0.620468,15.000035,0.117462,4.746974,6.839047,4.800252,20.887916,-34.499654,63.787806,-5.013589,1.628087,8.907562,46.513403,-44.498603,36.215553,-26.748702,24.094573,-26.497648,-7.885066
18,1.830877,-12.845326,78.896069,1.592302,-10.829038,103.372323,4.425417,16.935608,18.675263,5.893438,1.184647,-11.527425,17.120938,-25.343071,-38.564862,4.811677,-0.618891,15.000035,0.136083,4.743916,6.858139,4.766510,20.919964,-34.453031,63.743543,-5.077023,1.632652,8.885410,46.549219,-44.491737,36.267710,-26.749434,24.061262,-26.426125,-7.885191
19,1.830113,-12.837480,78.894918,1.582487,-10.823163,103.434348,4.409735,16.942046,18.675697,5.895233,1.183642,-11.520602,17.146730,-25.338458,-38.624818,4.807813,-0.617314,15.000035,0.154704,4.740858,6.877232,4.732767,20.952012,-34.406408,63.699279,-5.140458,1.637215,8.863258,46.585036,-44.484870,36.319868,-26.750164,24.027951,-26.354602,-7.885317
20,1.829335,-12.829627,78.893755,1.572679,-10.817279,103.496370,4.394053,16.948484,18.676130,5.897028,1.182637,-11.513780,17.172522,-25.333845,-38.684776,4.803948,-0.615737,15.000035,0.173325,4.737800,6.896325,4.699025,20.984061,-34.359785,63.655015,-5.203893,1.641780,8.841106,46.620852,-44.478003,36.372027,-26.750896,23.994640,-26.283079,-7.885442
21,1.828538,-12.821766,78.892580,1.562877,-10.811385,103.558391,4.378371,16.954923,18.676564,5.898823,1.181631,-11.506958,17.198315,-25.329233,-38.744733,4.800084,-0.614160,15.000035,0.191946,4.734742,6.915417,4.665283,21.016109,-34.313162,63.610752,-5.267327,1.646345,8.818955,46.656668,-44.471137,36.424185,-26.751627,23.961328,-26.211555,-7.885568
22,1.827726,-12.813900,78.891395,1.553082,-10.805480,103.620409,4.362689,16.961362,18.676998,5.900618,1.180625,-11.500135,17.224108,-25.324620,-38.804689,4.796219,-0.612583,15.000035,0.210567,4.731685,6.934510,4.631540,21.048157,-34.266539,63.566489,-5.330762,1.650908,8.796803,46.692484,-44.464270,36.476343,-26.752358,23.928018,-26.140033,-7.885694
23,1.827336,-12.805571,78.890195,1.543293,-10.799565,103.682425,4.347007,16.967800,18.677432,5.902413,1.179619,-11.493313,17.249900,-25.320007,-38.864647,4.792354,-0.611007,15.000035,0.229188,4.728627,6.953601,4.597798,21.080206,-34.219916,63.522225,-5.394196,1.655473,8.774651,46.728301,-44.457403,36.528501,-26.753090,23.894707,-26.068510,-7.885819
24,1.827412,-12.798304,78.889148,1.533615,-10.793965,103.740385,4.330518,16.972335,18.672258,5.904015,1.178080,-11.487591,17.272394,-25.315858,-38.918940,4.788865,-0.607146,15.000035,0.246165,4.726096,6.973298,4.569364,21.109389,-34.169812,63.479591,-5.445244,1.661994,8.751415,46.769399,-44.447049,36.571973,-26.753170,23.854636,-26.011753,-7.883325
25,1.823385,-12.802140,78.888807,1.524394,-10.789785,103.780545,4.310486,16.968511,18.642468,5.904765,1.174202,-11.486700,17.280410,-25.313743,-38.948373,4.787027,-0.593260,15.000035,0.255927,4.725877,6.995653,4.564240,21.125992,-34.104434,63.444112,-5.441915,1.677107,8.723414,46.833688,-44.421387,36.577314,-26.750388,23.784897,-26.019818,-7.869330
26,1.814562,-12.817970,78.889193,1.515636,-10.787064,103.802495,4.286828,16.956133,18.587489,5.904648,1.167930,-11.490752,17.273612,-25.313708,-38.952371,4.786876,-0.569116,15.000035,0.258308,4.728025,7.020726,4.582965,21.129724,-34.023427,63.415953,-5.382949,1.701010,8.690538,46.921703,-44.380062,36.543641,-26.744679,23.684801,-26.094208,-7.843568
27,1.807780,-12.831703,78.889578,1.506880,-10.784339,103.824445,4.263171,16.943757,18.532511,5.904530,1.161658,-11.494805,17.266814,-25.313673,-38.956369,4.786726,-0.544971,15.000035,0.260688,4.730172,7.045798,4.601689,21.133457,-33.942419,63.387795,-5.323983,1.724915,8.657663,47.009719,-44.338737,36.509967,-26.738971,23.584704,-26.168598,-7.817805
28,1.801010,-12.845442,78.889962,1.498125,-10.781611,103.846393,4.239513,16.931380,18.477533,5.904412,1.155385,-11.498857,17.260016,-25.313639,-38.960367,4.786576,-0.520827,15.000035,0.263069,4.732319,7.070870,4.620414,21.137189,-33.861412,63.359637,-5.265017,1.748818,8.624787,47.097736,-44.297411,36.476295,-26.733263,23.484607,-26.242988,-7.792043
29,1.794254,-12.859187,78.890344,1.489371,-10.778881,103.868341,4.215856,16.919003,18.422555,5.904294,1.149112,-11.502909,17.253219,-25.313605,-38.964364,4.786425,-0.496683,15.000035,0.265449,4.734466,7.095943,4.639138,21.140921,-33.780405,63.331479,-5.206051,1.772721,8.591912,47.185752,-44.256086,36.442622,-26.727553,23.384511,-26.317378,-7.766280
30,1.787513,-12.872939,78.890724,1.480618,-10.776147,103.890289,4.192198,16.906627,18.367577,5.904176,1.142840,-11.506961,17.246421,-25.313569,-38.968362,4.786274,-0.472539,15.000035,0.267830,4.736613,7.121015,4.657862,21.144653,-33.699397,63.303321,-5.147085,1.796625,8.559036,47.273767,-44.214762,36.408948,-26.721844,23.284415,-26.391768,-7.740518
31,1.780785,-12.886698,78.891103,1.471866,-10.773409,103.912236,4.168541,16.894251,18.312599,5.904057,1.136568,-11.511013,17.239623,-25.313535,-38.972359,4.786123,-0.448395,15.000035,0.270210,4.738760,7.146089,4.676587,21.148385,-33.618390,63.275162,-5.088119,1.820528,8.526160,47.361783,-44.173437,36.375275,-26.716136,23.184318,-26.466158,-7.714756
32,1.774070,-12.900462,78.891482,1.463115,-10.770668,103.934182,4.144883,16.881874,18.257621,5.903939,1.130296,-11.515065,17.232825,-25.313501,-38.976357,4.785973,-0.424250,15.000035,0.272590,4.740908,7.171161,4.695312,21.152117,-33.537383,63.247004,-5.029154,1.844431,8.493285,47.449799,-44.132112,36.341602,-26.710428,23.084221,-26.540548,-7.688994
33,1.767369,-12.914232,78.891858,1.454366,-10.767924,103.956128,4.121226,16.869497,18.202643,5.903822,1.124023,-11.519117,17.226027,-25.313466,-38.980355,4.785823,-0.400106,15.000035,0.274970,4.743055,7.196233,4.714036,21.155849,-33.456376,63.218846,-4.970188,1.868335,8.460409,47.537816,-44.090787,36.307929,-26.704718,22.984125,-26.614938,-7.663231
34,1.760683,-12.928009,78.892232,1.445618,-10.765176,103.978073,4.097568,16.857121,18.147665,5.903704,1.117750,-11.523169,17.219229,-25.313432,-38.984352,4.785672,-0.375962,15.000035,0.277351,4.745202,7.221306,4.732760,21.159581,-33.375368,63.190687,-4.911222,1.892238,8.427533,47.625832,-44.049462,36.274256,-26.699009,22.884028,-26.689328,-7.637469
35,1.754002,-12.941806,78.892606,1.436871,-10.762425,104.000017,4.073910,16.844744,18.092686,5.903586,1.111478,-11.527222,17.212431,-25.313397,-38.988350,4.785521,-0.351817,15.000035,0.279732,4.747349,7.246378,4.751484,21.163314,-33.294361,63.162529,-4.852256,1.916142,8.394658,47.713847,-44.008136,36.240583,-26.693301,22.783932,-26.763718,-7.611706
36,1.746760,-12.956606,78.892978,1.428125,-10.759671,104.021961,4.050253,16.832367,18.037708,5.903467,1.105206,-11.531274,17.205633,-25.313362,-38.992348,4.785371,-0.327672,15.000035,0.282112,4.749496,7.271451,4.770209,21.167046,-33.213354,63.134371,-4.793290,1.940045,8.361782,47.801863,-43.966811,36.206909,-26.687593,22.683835,-26.838107,-7.585944
37,1.738169,-12.971170,78.891530,1.417571,-10.758950,104.037563,4.030895,16.821684,17.985242,5.903429,1.099543,-11.530481,17.199208,-25.312253,-38.994756,4.786245,-0.308574,15.000035,0.282376,4.743647,7.290133,4.791826,21.166709,-33.147916,63.124695,-4.753261,1.959330,8.320429,47.890680,-43.915862,36.151186,-26.670525,22.648492,-26.894892,-7.564286
38,1.728052,-12.983995,78.887002,1.403954,-10.761679,104.042430,4.018817,16.813867,17.937028,5.903525,1.094912,-11.521487,17.193413,-25.309320,-38.994476,4.788854,-0.298018,15.000035,0.279058,4.724259,7.297995,4.818338,21.159482,-33.108840,63.146314,-4.745291,1.970794,8.264721,47.980855,-43.848619,36.058132,-26.634229,22.722781,-26.921868,-7.549575
39,1.716763,-12.997451,78.881482,1.389353,-10.765514,104.043848,4.009077,16.806970,17.890180,5.903666,1.090613,-11.509857,17.187819,-25.305803,-38.993331,4.792020,-0.290206,15.000035,0.274587,4.700521,7.302381,4.846423,21.150043,-33.078233,63.177987,-4.747622,1.979745,8.204402,48.071465,-43.776140,35.953082,-26.591753,22.832293,-26.939267,-7.537096
40,1.705148,-13.011480,78.875957,1.374752,-10.769349,104.045268,3.999338,16.800074,17.843332,5.903806,1.086315,-11.498228,17.182226,-25.302286,-38.992185,4.795186,-0.282395,15.000035,0.270117,4.676783,7.306767,4.874509,21.140603,-33.047627,63.209660,-4.749954,1.988696,8.144083,48.162075,-43.703662,35.848032,-26.549278,22.941805,-26.956666,-7.524618
41,1.693537,-13.025514,78.870429,1.360150,-10.773184,104.046689,3.989599,16.793177,17.796485,5.903945,1.082016,-11.486598,17.176634,-25.298769,-38.991041,4.798352,-0.274583,15.000035,0.265647,4.653045,7.311154,4.902593,21.131163,-33.017020,63.241332,-4.752286,1.997648,8.083764,48.252686,-43.631184,35.742983,-26.506803,23.051318,-26.974065,-7.512139
42,1.681929,-13.039551,78.864896,1.345548,-10.777019,104.048111,3.979859,16.786281,17.749638,5.904085,1.077717,-11.474968,17.171041,-25.295252,-38.989895,4.801518,-0.266772,15.000035,0.261177,4.629307,7.315540,4.930679,21.121723,-32.986414,63.273005,-4.754617,2.006600,8.023446,48.343296,-43.558706,35.637934,-26.464327,23.160830,-26.991464,-7.499660
43,1.670323,-13.053593,78.859360,1.330946,-10.780853,104.049533,3.970119,16.779385,17.702790,5.904226,1.073418,-11.463338,17.165448,-25.291734,-38.988750,4.804684,-0.258960,15.000035,0.256707,4.605569,7.319926,4.958764,21.112283,-32.955807,63.304678,-4.756949,2.015552,7.963126,48.433906,-43.486227,35.532885,-26.421852,23.270343,-27.008864,-7.487182
44,1.658719,-13.067639,78.853820,1.316343,-10.784686,104.050957,3.960380,16.772489,17.655943,5.904367,1.069119,-11.451708,17.159856,-25.288217,-38.987605,4.807850,-0.251148,15.000035,0.252237,4.581831,7.324312,4.986849,21.102843,-32.925200,63.336351,-4.759280,2.024503,7.902807,48.524516,-43.413748,35.427835,-26.379376,23.379856,-27.026264,-7.474704
45,1.647118,-13.081689,78.848275,1.301740,-10.788520,104.052382,3.950641,16.765593,17.609096,5.904506,1.064820,-11.440079,17.154263,-25.284700,-38.986459,4.811017,-0.243336,15.000035,0.247767,4.558093,7.328699,5.014934,21.093404,-32.894593,63.368024,-4.761612,2.033455,7.842488,48.615126,-43.341270,35.322785,-26.336901,23.489369,-27.043662,-7.462226
46,1.635520,-13.095743,78.842727,1.287138,-10.792353,104.053808,3.940901,16.758696,17.562248,5.904646,1.060521,-11.428449,17.148670,-25.281183,-38.985314,4.814182,-0.235525,15.000035,0.243297,4.534355,7.333085,5.043019,21.083964,-32.863987,63.399698,-4.763943,2.042406,7.782169,48.705736,-43.268792,35.217736,-26.294426,23.598881,-27.061061,-7.449747
47,1.623925,-13.109801,78.837174,1.272534,-10.796186,104.055235,3.931161,16.751800,17.515401,5.904786,1.056223,-11.416819,17.143077,-25.277666,-38.984169,4.817348,-0.227714,15.000035,0.238827,4.510617,7.337471,5.071104,21.074524,-32.833381,63.431370,-4.766275,2.051357,7.721851,48.796347,-43.196314,35.112686,-26.251950,23.708394,-27.078460,-7.437268
48,1.611639,-13.121693,78.831617,1.257930,-10.800018,104.056663,3.921422,16.744904,17.468553,5.904926,1.051924,-11.405190,17.137484,-25.274149,-38.983024,4.820514,-0.219902,15.000035,0.234357,4.486879,7.341857,5.099189,21.065085,-32.802774,63.463043,-4.768607,2.060309,7.661531,48.886957,-43.123835,35.007636,-26.209475,23.817907,-27.095859,-7.424790
49,1.597594,-13.123890,78.826697,1.244349,-10.803113,104.056948,3.911507,16.738526,17.423661,5.905115,1.048126,-11.395460,17.130888,-25.270465,-38.980355,4.823705,-0.212234,15.000035,0.228856,4.461857,7.345674,5.134140,21.057828,-32.768043,63.492003,-4.769447,2.067044,7.603442,48.984227,-43.048831,34.880991,-26.163229,23.948877,-27.116108,-7.423557
50,1.627479,-13.117922,78.844078,1.266467,-10.780638,104.017249,3.895428,16.750291,17.447239,5.907024,1.061901,-11.452248,17.089169,-25.260948,-38.924329,4.827760,-0.209596,15.000035,0.187246,4.391909,7.329529,5.409452,21.127003,-32.588934,63.426000,-4.718087,1.996193,7.623432,49.314659,-42.885420,33.998309,-25.985002,24.831042,-27.236131,-7.816044
51,1.683658,-13.102004,78.875521,1.311183,-10.742013,103.952164,3.875429,16.773594,17.514358,5.910027,1.086849,-11.551337,17.025114,-25.247722,-38.834372,4.832365,-0.210158,15.000035,0.122675,4.293389,7.300690,5.837617,21.244783,-32.318011,63.299606,-4.633531,1.876002,7.693073,49.793364,-42.665788,32.634839,-25.722844,26.190917,-27.419604,-8.458911
52,1.737535,-13.078827,78.906883,1.355882,-10.703258,103.887113,3.855429,16.796898,17.581477,5.913031,1.111796,-11.650426,16.961059,-25.234496,-38.744415,4.836969,-0.210719,15.000035,0.058103,4.194869,7.271850,6.265782,21.362563,-32.047087,63.173213,-4.548975,1.755811,7.762715,50.272071,-42.446156,31.271369,-25.460686,27.550791,-27.603077,-9.101778
53,1.791057,-13.054357,78.938200,1.400597,-10.664294,103.822088,3.835430,16.820202,17.648595,5.916034,1.136744,-11.734287,16.897004,-25.221270,-38.654458,4.841574,-0.211280,15.000035,-0.006469,4.096349,7.243012,6.693947,21.480344,-31.776164,63.046819,-4.464420,1.635619,7.832356,50.750777,-42.226523,29.907899,-25.198527,28.910667,-27.786550,-9.744644
54,1.844580,-13.029842,78.969442,1.445302,-10.625183,103.757095,3.815431,16.843506,17.715714,5.919038,1.161692,-11.509144,16.832949,-25.208044,-38.564501,4.846178,-0.211841,15.000035,-0.071041,3.997828,7.214173,7.122112,21.598124,-31.505240,62.920426,-4.379864,1.515429,7.901998,51.229483,-42.006890,28.544428,-24.936369,30.270542,-27.970023,-10.387510
55,1.898104,-13.005285,79.000614,1.489996,-10.585929,103.692135,3.795431,16.866809,17.782833,5.922041,1.186640,-11.447694,16.768894,-25.194818,-38.474545,4.850783,-0.212402,15.000035,-0.135612,3.899308,7.185333,7.550277,21.715905,-31.234317,62.794033,-4.295308,1.395237,7.971639,51.708189,-41.787257,27.180957,-24.674211,31.630417,-28.153496,-11.030376
56,1.951627,-12.980683,79.031711,1.534680,-10.546526,103.627206,3.775432,16.890113,17.849952,5.925044,1.211588,-11.546783,16.704838,-25.181593,-38.384588,4.855387,-0.212963,15.000035,-0.200184,3.800788,7.156495,7.978442,21.833685,-30.963393,62.667639,-4.210752,1.275046,8.041280,52.186896,-41.567626,25.817487,-24.412052,32.990291,-28.336968,-11.673242
57,2.005152,-12.956038,79.062738,1.579350,-10.506980,103.562310,3.755433,16.913417,17.917071,5.928047,1.236536,-11.645872,16.640783,-25.168366,-38.294631,4.859991,-0.213525,15.000035,-0.264756,3.702268,7.127656,8.406607,21.951465,-30.692470,62.541245,-4.126196,1.154855,8.110922,52.665602,-41.347993,24.454017,-24.149894,34.350166,-28.520441,-12.316109
58,2.058678,-12.931349,79.093690,1.624011,-10.467285,103.497447,3.735434,16.936720,17.984190,5.931050,1.261483,-11.744961,16.576728,-25.155140,-38.204674,4.864595,-0.214085,15.000035,-0.329327,3.603748,7.098817,8.834772,22.069245,-30.421546,62.414852,-4.041640,1.034664,8.180564,53.144308,-41.128360,23.090546,-23.887735,35.710041,-28.703914,-12.958974
59,2.112204,-12.906618,79.124571,1.668658,-10.427449,103.432616,3.715436,16.960024,18.051309,5.934054,1.286431,-11.844051,16.512673,-25.141914,-38.114717,4.869200,-0.214646,15.000035,-0.393899,3.505228,7.069978,9.262937,22.187026,-30.150623,62.288458,-3.957084,0.914473,8.250205,53.623014,-40.908727,21.727075,-23.625577,37.069916,-28.887388,-13.601840
60,2.165730,-12.881844,79.155378,1.713294,-10.387463,103.367817,3.695436,16.983328,18.118428,5.937057,1.311379,-11.943140,16.448618,-25.128688,-38.024761,4.873805,-0.215207,15.000035,-0.458471,3.406708,7.041139,9.691102,22.304806,-29.879699,62.162065,-3.872528,0.794282,8.319847,54.101721,-40.689096,20.363605,-23.363419,38.429791,-29.070860,-14.244707
61,2.220394,-12.850178,79.186217,1.758026,-10.347071,103.303032,3.675437,17.006632,18.185547,5.940060,1.336326,-12.042229,16.384563,-25.115462,-37.934803,4.878409,-0.215769,15.000035,-0.523042,3.308188,7.012300,10.119266,22.422586,-29.608775,62.035671,-3.787973,0.674091,8.389488,54.580427,-40.469463,19.000134,-23.101260,39.789666,-29.254332,-14.887572
62,2.244283,-12.826507,79.203118,1.794418,-10.299893,103.081628,3.590915,17.084596,18.308809,6.164067,1.241998,-12.111575,16.256290,-25.125417,-37.812405,4.900183,-0.210196,15.000035,-0.457665,3.175078,7.095216,10.459052,22.672306,-29.164427,61.597230,-3.735242,0.549955,8.454349,53.901290,-40.126583,17.894514,-21.052554,40.531729,-28.743914,-15.244919
63,2.203063,-12.834714,79.191986,1.814746,-10.237564,102.536828,3.373266,17.275341,18.547909,6.844061,0.901575,-12.119554,15.995518,-25.183201,-37.623069,4.957378,-0.191967,15.000035,-0.124172,2.970599,7.408713,10.616487,23.194251,-28.362260,60.514953,-3.748177,0.417683,8.509343,50.833218,-39.529412,17.320908,-15.317730,39.999084,-26.801817,-15.013162
64,2.147452,-12.839123,79.174121,1.832807,-10.170553,101.907884,3.121118,17.495312,18.817028,7.642221,0.497376,-12.111629,15.700410,-25.253379,-37.416388,5.023755,-0.170459,15.000035,0.278803,2.747625,7.781961,10.726668,23.786741,-27.467368,59.265831,-3.778128,0.283302,8.561781,47.146073,-38.866342,16.885170,-8.627678,39.136110,-24.488711,-14.628745
65,2.092577,-12.839203,79.156830,1.852922,-10.102712,101.278588,2.868970,17.715282,19.086147,8.440381,0.093178,-12.103704,15.405302,-25.323556,-37.209708,5.090131,-0.148950,15.000035,0.681777,2.524650,8.155210,10.836848,24.379231,-26.572475,58.016709,-3.808079,0.148920,8.614220,43.458929,-38.203273,16.449431,-1.937627,38.273135,-22.175605,-14.244326
66,2.037733,-12.838242,79.140187,1.875369,-10.033961,100.648896,2.616823,17.935253,19.355266,9.238541,-0.311020,-12.095779,15.110195,-25.393734,-37.003026,5.156507,-0.127442,15.000035,1.084751,2.301677,8.528458,10.947028,24.971721,-25.677582,56.767587,-3.838031,0.014539,8.666657,39.771784,-37.540205,16.013692,4.752424,37.410160,-19.862499,-13.859908
67,1.982930,-12.836357,79.124138,1.899840,-9.964345,100.018873,2.364675,18.155224,19.624385,10.036701,-0.715218,-12.087855,14.815086,-25.463912,-36.796345,5.222882,-0.105933,15.000035,1.487725,2.078702,8.901706,11.057208,25.564211,-24.782689,55.518465,-3.867982,-0.119842,8.719096,36.084639,-36.877136,15.577952,11.442475,36.547186,-17.549393,-13.475490
68,1.928189,-12.833454,79.108764,1.926632,-9.893781,99.388474,2.112527,18.375194,19.893503,10.834861,-1.119416,-12.079931,14.519978,-25.534089,-36.589664,5.289259,-0.084425,15.000035,1.890700,1.855728,9.274955,11.167388,26.156701,-23.887796,54.269343,-3.897933,-0.254225,8.771534,32.397495,-36.214067,15.142214,18.132527,35.684211,-15.236287,-13.091073
69,1.873519,-12.829653,79.094004,1.955414,-9.822318,98.757767,1.860380,18.595165,20.162622,11.633022,-1.523615,-12.072007,14.224871,-25.604268,-36.382982,5.355636,-0.062916,15.000035,2.293675,1.632755,9.648205,11.277569,26.749190,-22.992903,53.020221,-3.927884,-0.388606,8.823972,28.710350,-35.550997,14.706475,24.822579,34.821235,-12.923181,-12.706655
70,1.818945,-12.824859,79.079944,1.986506,-9.749868,98.126706,1.608232,18.815136,20.431741,12.431182,-1.927813,-12.064082,13.929762,-25.674445,-36.176302,5.422011,-0.041407,15.000035,2.696648,1.409780,10.021453,11.387749,27.341680,-22.098010,51.771100,-3.957835,-0.522987,8.876411,25.023206,-34.887928,14.270735,31.512630,33.958262,-10.610076,-12.322237
71,1.764468,-12.819193,79.066518,2.019557,-9.676484,97.495359,1.356084,19.035107,20.700860,13.229342,-2.332011,-12.056158,13.634655,-25.744623,-35.969620,5.488388,-0.019899,15.000035,3.099623,1.186806,10.394702,11.497929,27.934170,-21.203117,50.521978,-3.987787,-0.657369,8.928848,21.336061,-34.224859,13.834996,38.202680,33.095287,-8.296970,-11.937819
72,1.710120,-12.812558,79.053816,2.054902,-9.602075,96.863679,1.103936,19.255078,20.969978,14.027502,-2.736209,-12.048233,13.339547,-25.814800,-35.762939,5.554764,0.001609,15.000035,3.502597,0.963833,10.767951,11.608109,28.526660,-20.308224,49.272856,-4.017738,-0.791750,8.981287,17.648916,-33.561791,13.399257,44.892732,32.232311,-5.983863,-11.553402
73,1.657399,-12.805515,79.041765,2.092171,-9.526699,96.231737,0.851789,19.475048,21.239098,14.825662,-3.140407,-12.040308,13.044439,-25.884978,-35.556259,5.621140,0.023118,15.000035,3.905572,0.740858,11.141199,11.718290,29.119150,-19.413331,48.023735,-4.047688,-0.926132,9.033725,13.961772,-32.898722,12.963519,51.582784,31.369338,-3.670757,-11.168984
74,1.652336,-12.811546,79.030461,2.131723,-9.450260,95.599485,0.599640,19.695020,21.508216,15.623822,-3.544605,-12.032383,12.749331,-25.955156,-35.349576,5.687516,0.044627,15.000035,4.308546,0.517884,11.514448,11.828470,29.711640,-18.518438,46.774613,-4.077640,-1.060512,9.086163,10.274627,-32.235653,12.527779,58.272835,30.506362,-1.357651,-10.784565
75,1.468631,-12.962068,79.034969,2.036021,-9.558238,94.306106,0.841332,19.892643,21.940161,15.819249,-3.727594,-12.169755,12.281642,-25.760744,-34.286627,5.731797,0.304046,15.000035,4.160264,0.143566,11.491440,12.646846,30.342880,-17.896172,46.692407,-3.826727,-1.172324,9.170555,3.585900,-31.678779,14.430052,58.573056,29.758407,-0.619273,-10.045735
76,1.229683,-13.193933,79.045566,1.880278,-9.762705,92.672796,1.336175,20.078810,22.455574,15.705703,-3.797185,-12.117136,11.725485,-25.430698,-32.784739,5.764752,0.685423,15.000034,3.729398,-0.308336,11.265303,13.828257,30.993984,-17.413658,47.208386,-3.431837,-1.272565,9.271328,-4.641498,-31.176342,17.530835,55.597725,29.069416,-0.688129,-9.125224
77,1.010058,-13.435224,79.060502,1.731588,-9.975697,91.015011,1.848293,20.264196,22.976683,15.571072,-3.859039,-12.110325,11.163290,-25.091394,-31.252896,5.796934,1.075123,15.000033,3.279248,-0.765531,11.025305,15.034441,31.646444,-16.940682,47.765186,-3.027122,-1.372017,9.373217,-12.973897,-30.677620,20.713408,52.398863,28.384446,-0.812075,-8.192316
78,0.791064,-13.673502,79.072958,1.595875,-10.189925,89.355582,2.360412,20.449581,23.497792,15.436442,-3.920891,-12.043217,10.601094,-24.752092,-29.721054,5.829116,1.464822,15.000033,2.829097,-1.222726,10.785306,16.240627,32.298903,-16.467705,48.321986,-2.622408,-1.471469,9.475107,-21.306297,-30.178897,23.895981,49.200000,27.699477,-0.936020,-7.259408
79,0.571370,-13.908820,79.081884,1.472457,-10.405371,87.694514,2.872531,20.634967,24.018901,15.301811,-3.982744,-12.038850,10.038900,-24.412790,-28.189211,5.861298,1.854522,14.514945,2.378946,-1.679921,10.545307,17.446812,32.951363,-15.994729,48.878786,-2.217692,-1.570921,9.576997,-29.638698,-29.680176,27.078554,46.001137,27.014508,-1.059965,-6.326499
80,0.351062,-14.140783,79.075719,1.362514,-10.621231,86.031490,3.384649,20.820353,24.540010,15.167180,-4.044598,-11.969256,9.476704,-24.073487,-26.657367,5.893480,2.244222,14.500033,1.928796,-2.137116,10.305308,18.652997,33.603822,-15.521753,49.435587,-1.812977,-1.670372,9.678887,-37.971098,-29.181453,30.261126,42.802274,26.329538,-1.183910,-5.393591
81,0.130393,-14.369914,79.065558,1.265243,-10.837488,84.366538,3.896768,21.005738,25.061119,15.032549,-4.106450,-11.967416,8.914509,-23.734185,-25.125525,5.925662,2.633922,14.500033,1.478645,-2.594312,10.065310,19.859182,34.256283,-15.048776,49.992387,-1.408262,-1.769825,9.780776,-46.303498,-28.682732,33.443698,39.603411,25.644569,-1.307856,-4.460682
82,-0.090524,-14.595799,79.051166,1.181929,-11.053255,82.699300,4.408886,21.191124,25.582228,14.897919,-4.168304,-11.895757,8.352315,-23.394882,-23.593682,5.957843,3.023622,14.500033,1.028494,-3.051506,9.825311,21.065367,34.908743,-14.575800,50.549188,-1.003546,-1.869277,9.882666,-54.635899,-28.184010,36.626271,36.404547,24.959600,-1.431800,-3.527775
83,-0.311503,-14.818960,79.033229,1.111655,-11.268519,81.029827,4.921005,21.376510,26.103337,14.763288,-4.230156,-11.900157,7.790119,-23.055580,-22.061839,5.990026,3.413322,14.500033,0.578343,-3.508701,9.585313,22.271552,35.561203,-14.102824,51.105989,-0.598831,-1.968729,9.984557,-62.968298,-27.685288,39.808844,33.205684,24.274631,-1.555745,-2.594866
84,-0.532402,-15.039049,79.012773,1.055621,-11.482385,79.357754,5.433124,21.561895,26.624445,14.628657,-4.292010,-12.115916,7.227924,-22.716277,-20.529996,6.022208,3.803021,14.500033,0.128193,-3.965898,9.345313,23.477737,36.213662,-13.629847,51.662789,-0.194117,-2.068180,10.086448,-71.300699,-27.186566,42.991416,30.006822,23.589662,-1.679691,-1.661957
85,-0.751465,-15.256808,78.990912,1.012882,-11.694818,77.683151,5.945243,21.747280,27.145554,14.494026,-4.353863,-12.276471,6.665729,-22.376975,-18.998153,6.054390,4.192721,14.500033,-0.321957,-4.423092,9.105315,24.683922,36.866121,-13.156871,52.219589,0.210598,-2.167632,10.188337,-79.633099,-26.687844,46.173989,26.807959,22.904692,-1.803636,-0.729049
86,-0.927720,-15.480277,78.963692,0.985274,-11.905802,76.005888,6.456343,21.931443,27.662214,14.357756,-4.412446,-12.050411,6.103819,-22.038635,-17.467691,6.086517,4.581990,14.500033,-0.773870,-4.878234,8.864970,25.888790,37.514171,-12.686842,52.778866,0.612069,-2.266367,10.289232,-87.956948,-26.196708,49.355772,23.625328,22.227265,-1.929601,0.198914
87,-1.013316,-15.784173,78.921391,0.997686,-12.150492,74.335746,6.926955,22.066905,28.001770,14.156248,-4.340864,-12.264507,5.553245,-21.738597,-15.992204,6.116443,4.954095,14.480289,-1.295888,-5.251639,8.610874,27.041222,37.986725,-12.334100,53.436691,0.884419,-2.336603,10.350539,-95.940455,-26.007498,52.506117,21.088765,21.850008,-2.135949,0.930057
88,-1.324093,-16.587952,78.785221,1.234497,-12.675220,72.739498,7.078032,21.818035,26.943679,13.439900,-3.242060,-12.570896,5.092126,-21.740824,-14.950559,6.129008,5.190755,14.194408,-2.371162,-4.980012,8.248250,27.779848,37.074309,-12.906950,54.872245,0.137779,-2.181921,10.099423,-101.238088,-28.201002,55.408366,23.650776,23.841611,-2.976671,0.107945
89,-1.560187,-17.410831,78.616037,1.470653,-13.199611,71.140447,7.229109,21.569166,25.885589,12.723551,-2.143257,-12.785779,4.631009,-21.743051,-13.908914,6.141573,5.427415,14.000033,-3.446436,-4.708385,7.885626,28.518475,36.161893,-13.479801,56.307799,-0.608860,-2.027240,9.848308,-106.535720,-30.394504,58.310613,26.212787,25.833212,-3.817391,-0.714167
90,-1.831497,-18.232712,78.427697,1.703982,-13.724142,69.539185,7.380186,21.320297,24.827498,12.007203,-1.044454,-12.858916,4.169892,-21.745278,-12.867268,6.154139,5.664076,14.000033,-4.521709,-4.436756,7.523002,29.257100,35.249477,-14.052651,57.743353,-1.355499,-1.872558,9.597192,-111.833353,-32.588008,61.212862,28.774799,27.824815,-4.658112,-1.536278
91,-2.156992,-19.046491,78.228235,1.936504,-14.247752,67.935542,7.531263,21.071429,23.769407,11.290855,0.054350,-13.326792,3.708775,-21.747505,-11.825623,6.166704,5.900736,14.000033,-5.596983,-4.165128,7.160378,29.995727,34.337061,-14.625501,59.178906,-2.102139,-1.717876,9.346077,-117.130986,-34.781512,64.115111,31.336809,29.816416,-5.498834,-2.358389
92,-2.542972,-19.847577,78.005994,2.166171,-14.770790,66.330172,7.682340,20.822560,22.711316,10.574506,1.153153,-13.412212,3.247657,-21.749732,-10.783978,6.179269,6.137397,13.935121,-6.672257,-3.893500,6.797754,30.734354,33.424646,-15.198353,60.614460,-2.848778,-1.563195,9.094962,-122.428618,-36.975015,67.017359,33.898821,31.808018,-6.339555,-3.180500
93,-2.982552,-20.633782,77.761875,2.394880,-15.292336,64.722859,7.833417,20.573691,21.653226,9.858158,2.251956,-13.867807,2.786540,-21.751959,-9.742334,6.191835,6.374057,13.500033,-7.747531,-3.621872,6.435129,31.472980,32.512230,-15.771204,62.050013,-3.595417,-1.408513,8.843846,-127.726250,-39.168518,69.919606,36.460831,33.799621,-7.180276,-4.002612
94,-3.481022,-21.399918,77.497830,2.620710,-15.812626,63.114301,7.984494,20.324822,20.595135,9.141809,3.350760,-13.965507,2.325422,-21.754187,-8.700689,6.204399,6.610718,13.500033,-8.822804,-3.350243,6.072505,32.211606,31.599814,-16.344054,63.485567,-4.342058,-1.253831,8.592730,-133.023883,-41.362021,72.821855,39.022842,35.791223,-8.020997,-4.824723
95,-4.031664,-22.144484,77.263614,2.845430,-16.330866,61.504247,8.135571,20.075952,19.537045,8.425460,4.449563,-14.408822,1.864304,-21.756414,-7.659044,6.216965,6.847378,13.500033,-9.898078,-3.078616,5.709882,32.950232,30.687398,-16.916904,64.921120,-5.088697,-1.099150,8.341614,-138.321515,-43.555524,75.724103,41.584853,37.782825,-8.861718,-5.646834
96,-4.638717,-22.861880,77.108417,3.067251,-16.847196,59.893421,8.286648,19.827084,18.478954,7.709111,5.548367,-14.518803,1.403187,-21.758641,-6.617398,6.229530,7.173512,13.507631,-10.973352,-2.806989,5.347257,33.688859,29.774982,-17.489755,66.356674,-5.835336,-0.944468,8.090499,-143.619148,-45.749027,78.626351,44.146864,39.774427,-9.702440,-6.468945
97,-5.295694,-23.551219,76.953210,3.287813,-17.360938,58.281546,8.437725,19.578215,17.420863,6.992763,6.647170,-14.952997,0.942070,-21.760867,-5.575753,6.242095,7.876708,13.629988,-12.048626,-2.535360,4.984633,34.427485,28.862566,-18.062606,67.792228,-6.581976,-0.789786,7.839384,-148.916781,-47.942531,81.528600,46.708876,41.766029,-10.543161,-7.291057
98,-5.999079,-24.200648,76.786578,3.505461,-17.872146,56.669358,8.588801,19.329345,16.362773,6.276415,7.745972,-14.986270,0.480952,-21.763095,-4.534108,6.254660,8.494155,14.000033,-13.123900,-2.263732,4.622009,35.166111,27.950150,-18.635457,69.227781,-7.328615,-0.635105,7.588269,-154.214413,-50.136034,84.430848,49.270886,43.757631,-11.383883,-8.113168
99,-6.636770,-24.713902,76.655355,3.702612,-18.286869,55.192315,8.711562,19.102782,15.376403,5.623339,8.716319,-15.000035,0.009391,-21.770428,-3.562108,6.300535,9.282332,14.000033,-14.145315,-1.945506,4.434376,35.797782,27.112062,-19.112975,70.559110,-8.079267,-0.479498,7.370310,-158.937474,-52.259328,87.138191,51.833327,45.690998,-12.094121,-8.939682
100,-6.872382,-24.783078,76.640811,3.787449,-18.202707,54.442871,8.683277,18.995203,14.772601,5.307764,9.001458,-15.000035,-0.517879,-21.804998,-2.961610,6.524083,9.320850,14.010112,-14.879443,-1.378722,5.180166,35.858936,26.670451,-19.081989,71.334492,-8.851320,-0.318957,7.329216,-160.595715,-54.008126,88.805890,54.398053,47.313735,-12.108350,-9.789687
101,-6.669573,-24.411686,76.749448,3.756576,-17.591781,54.463259,8.495017,19.013642,14.573990,5.349648,8.560870,-15.000035,-1.104152,-21.868415,-2.754580,6.935813,8.817007,14.153780,-15.309294,-0.548679,6.914577,35.315836,26.648761,-18.512426,71.521050,-9.646042,-0.153189,7.475444,-159.007890,-55.360279,89.372462,56.965204,48.607471,-11.385413,-10.664569
102,-6.430421,-23.999737,76.852896,3.726888,-16.980019,54.482938,8.306756,19.032080,14.375379,5.391532,8.120282,-15.000035,-1.690424,-21.931832,-2.547550,7.347542,8.280277,14.500033,-15.739144,0.281364,8.648987,34.772736,26.627072,-17.942862,71.707609,-10.440763,0.012578,7.621674,-157.420065,-56.712433,89.939035,59.532354,49.901208,-10.662475,-11.539451
103,-6.189971,-23.586828,76.951482,3.698315,-16.367477,54.501962,8.118495,19.050519,14.176768,5.433415,7.679693,-15.000035,-2.276697,-21.995250,-2.340520,7.759272,7.990917,14.578313,-16.168995,1.111407,10.383398,34.229636,26.605382,-17.373298,71.894168,-11.235484,0.178346,7.767903,-155.832241,-58.064586,90.505608,62.099504,51.194944,-9.939537,-12.414333
104,-5.948139,-23.172932,77.044837,3.670898,-15.754105,54.520348,7.930234,19.068958,13.978157,5.475299,7.239105,-15.000035,-2.862969,-22.058667,-2.133490,8.171002,7.327872,14.852215,-16.598846,1.941450,12.117809,33.686536,26.583693,-16.803734,72.080727,-12.030206,0.344114,7.914131,-154.244416,-59.416740,91.072181,64.666654,52.488680,-9.216600,-13.289215
105,-5.705020,-22.758150,77.133253,3.644575,-15.139952,54.538145,7.741974,19.087397,13.779545,5.517183,6.798517,-15.000035,-3.449242,-22.122084,-1.926460,8.582731,6.750615,15.000034,-17.028697,2.771493,13.852220,33.143436,26.562003,-16.234169,72.267286,-12.824927,0.509881,8.060361,-152.656591,-60.768893,91.638753,67.233804,53.782417,-8.493662,-14.164097
106,-5.460544,-22.342465,77.216395,3.619384,-14.524975,54.555373,7.553712,19.105835,13.580934,5.559067,6.357929,-15.000035,-4.035514,-22.185501,-1.719430,8.994460,6.359592,15.000035,-17.458548,3.601535,15.586631,32.600335,26.540314,-15.664606,72.453845,-13.619648,0.675649,8.206590,-151.068766,-62.121046,92.205326,69.800955,55.076153,-7.770725,-15.038980
107,-5.214794,-21.925968,77.294523,3.595270,-13.909221,54.572079,7.365451,19.124274,13.382323,5.600951,5.917340,-15.000035,-4.621787,-22.248918,-1.512400,9.406190,5.838737,15.000035,-17.888399,4.431578,17.321041,32.057236,26.518624,-15.095042,72.640404,-14.414369,0.841417,8.352819,-149.480941,-63.473200,92.771898,72.368105,56.369890,-7.047788,-15.913861
108,-4.967713,-21.508655,77.367336,3.572268,-13.292648,54.588283,7.177190,19.142713,13.183712,5.642835,5.476752,-15.000035,-5.208059,-22.312335,-1.305371,9.817919,5.338850,15.000035,-18.318250,5.261621,19.055453,31.514136,26.496935,-14.525477,72.826963,-15.209090,1.007185,8.499048,-147.893116,-64.825353,93.338472,74.935255,57.663627,-6.324850,-16.788743
109,-4.719375,-21.090609,77.435058,3.550329,-12.675300,54.604029,6.988930,19.161152,12.985101,5.684719,5.036164,-15.000035,-5.794332,-22.375752,-1.098341,10.229649,5.012648,15.000035,-18.748101,6.091664,20.789864,30.971035,26.475245,-13.955914,73.013522,-16.003812,1.172953,8.645276,-146.305291,-66.177507,93.905044,77.502405,58.957363,-5.601913,-17.663625
110,-4.473040,-20.671158,77.497424,3.529481,-12.057144,54.619340,6.800669,19.179590,12.786490,5.726603,4.595576,-15.000035,-6.380604,-22.439170,-0.891311,10.641379,4.366630,15.000035,-19.177951,6.921707,22.524274,30.427935,26.453556,-13.386350,73.200081,-16.798533,1.338720,8.791506,-144.717467,-67.529660,94.471617,80.069555,60.251100,-4.878975,-18.538508
111,-4.302709,-20.235076,77.554623,3.509684,-11.438216,54.634257,6.612408,19.198029,12.587879,5.768487,4.154988,-15.000035,-6.966877,-22.502587,-0.684281,11.053108,3.899041,15.000035,-19.607802,7.751750,24.258685,29.884835,26.431866,-12.816786,73.386639,-17.593254,1.504488,8.937735,-143.129642,-68.881813,95.038189,82.636706,61.544837,-4.156037,-19.413390
112,-3.997660,-19.921212,77.520787,3.582308,-10.980745,55.529992,6.092788,19.202851,12.496138,6.252971,3.660874,-15.000035,-7.319722,-22.830809,-0.911647,11.802436,3.233902,15.000035,-19.551531,8.737660,25.553720,30.005697,26.377172,-12.886801,72.342880,-17.709047,1.567535,9.235587,-138.712586,-69.481852,93.474012,83.104650,61.788223,-3.943728,-20.251823
113,-3.210056,-19.889907,77.301945,3.846541,-10.858052,58.253652,4.885874,19.179431,12.626063,7.655483,3.055739,-15.000035,-7.188401,-23.708277,-2.040019,13.252000,1.829095,15.000035,-18.486963,10.046867,25.937420,31.503720,26.254019,-14.283407,68.747243,-16.416629,1.417522,9.847928,-128.427246,-68.521884,87.490313,79.218502,59.853014,-4.790546,-21.014657
114,-2.392991,-19.882899,77.091008,4.161591,-10.826252,61.515488,3.477248,19.147723,12.821044,9.327425,2.418020,-15.000035,-6.914983,-24.746943,-3.432827,14.907074,0.327145,15.000035,-17.126471,11.450958,26.053651,33.405926,26.110776,-16.069352,64.402656,-14.710916,1.204979,10.552569,-116.419626,-67.104069,80.209532,74.054473,57.278411,-5.948205,-21.755302
115,-1.632475,-19.819157,77.062196,4.471817,-10.783465,64.779101,2.068622,19.116014,13.016026,10.999368,1.780301,-15.000035,-6.641565,-25.785610,-4.825636,16.562148,-1.255231,15.000035,-15.765979,12.855048,26.169883,35.308132,25.967531,-17.855297,60.058069,-13.005204,0.992435,11.257210,-104.412007,-65.686255,72.928751,68.890445,54.703808,-7.105864,-22.495948
116,-0.879297,-19.708145,77.150487,4.777549,-10.728541,68.044357,0.659996,19.084305,13.211007,12.671310,1.142582,-15.000035,-6.368146,-26.824276,-6.218444,18.217223,-2.576582,15.000035,-14.405487,14.259138,26.286115,37.210338,25.824287,-19.641243,55.713482,-11.299492,0.779892,11.961851,-92.404387,-64.268441,65.647970,63.726417,52.129204,-8.263523,-23.236594
117,-0.136550,-19.551341,77.224500,5.079325,-10.661700,71.311023,-0.748631,19.052596,13.405989,14.343252,0.504864,-15.000035,-6.094728,-27.862943,-7.611253,19.872298,-3.955081,15.000035,-13.044995,15.663229,26.402347,39.112543,25.681043,-21.427188,51.368896,-9.593780,0.567348,12.666492,-80.396768,-62.850627,58.367189,58.562388,49.554601,-9.421183,-23.977240
118,0.592698,-19.348651,77.257082,5.377540,-10.582039,74.578941,-2.157257,19.020887,13.600971,16.015195,-0.132855,-15.000035,-5.821309,-28.901610,-9.004061,21.527373,-5.470731,15.000035,-11.684503,17.067320,26.518578,41.014749,25.537800,-23.213133,47.024309,-7.888068,0.354805,13.371133,-68.389148,-61.432813,51.086408,53.398360,46.979998,-10.578843,-24.717885
119,1.305469,-19.101763,77.270581,5.672708,-10.489660,77.847883,-3.565883,18.989179,13.795952,17.687137,-0.770574,-15.000035,-5.547890,-29.940276,-10.396870,23.182447,-6.924013,15.000035,-10.324011,18.471411,26.634809,42.916955,25.394557,-24.999079,42.679722,-6.182356,0.142262,14.075774,-56.381528,-60.014999,43.805627,48.234332,44.405394,-11.736502,-25.458531
120,1.713209,-18.233256,77.280720,5.965288,-10.383906,81.117670,-4.974509,18.957469,13.990934,19.359079,-1.408293,-15.000035,-5.274472,-30.978943,-11.789678,24.837522,-8.455632,15.000035,-8.963519,19.875501,26.751041,44.819161,25.251312,-26.785024,38.335135,-4.476644,-0.070282,14.780415,-44.373909,-58.597184,36.524846,43.070304,41.830791,-12.894162,-26.199177
121,1.667068,-16.576057,77.266543,6.255765,-10.264764,84.388085,-6.383136,18.925761,14.185916,21.031021,-0.866894,-14.725560,-5.001053,-32.017610,-13.182486,26.492597,-9.861079,15.000035,-7.603026,21.279592,26.867273,46.721367,25.108068,-28.570970,33.990548,-2.770931,-0.282825,15.485056,-32.366290,-57.179370,29.244065,37.906276,39.256187,-14.051822,-26.939823
122,1.481853,-14.916742,77.271265,6.544658,-10.131823,87.658939,-7.791762,18.894051,14.380897,22.702964,0.526680,-14.218478,-4.727635,-33.056276,-14.575295,28.147671,-10.899382,15.000035,-6.242534,22.683682,26.983505,48.623572,24.964824,-30.356915,29.645962,-1.065219,-0.495368,16.189697,-20.358670,-55.761556,21.963284,32.742248,36.681584,-15.209481,-27.680468
123,1.456408,-13.885879,77.296293,6.832415,-9.984954,90.930030,-9.200388,18.862342,14.575879,24.374906,0.678551,-13.952658,-4.454217,-34.094943,-15.968103,29.802745,-11.937684,15.000035,-4.882042,24.087773,27.099736,50.525778,24.821580,-32.142860,25.301375,0.640493,-0.707912,16.894338,-8.351050,-54.343742,14.682502,27.578219,34.106980,-16.367140,-28.421114
124,1.867664,-13.994643,77.299932,7.105287,-9.851312,94.230750,-10.612389,18.784342,14.690530,26.013032,0.056318,-13.848100,-4.136461,-35.114193,-17.366568,31.432898,-12.958462,15.000035,-3.471164,25.445106,27.173580,52.328803,24.686948,-33.858957,21.092890,2.260407,-0.902839,17.565222,3.037243,-52.860066,7.801644,22.466754,31.515442,-17.471862,-29.119096
125,2.395541,-14.753769,77.297216,7.165043,-10.079726,97.946582,-12.071567,18.059102,13.682032,27.178346,-0.349397,-13.599650,-3.198776,-35.861981,-18.844114,32.714587,-13.734206,15.000035,-1.355799,26.148692,26.654775,52.745097,24.672727,-34.598452,18.787336,2.680732,-0.851469,17.764132,5.766322,-50.455532,6.512380,18.090212,28.687128,-17.836420,-29.220562
126,2.820573,-15.618621,77.275755,7.013896,-10.591058,102.014491,-13.570002,16.795303,11.738975,27.950240,-0.574949,-13.231470,-1.745259,-36.383888,-20.387461,33.706325,-14.306060,15.000035,1.345759,26.308303,25.642833,52.007514,24.758698,-34.525331,18.065184,2.102893,-0.595157,17.570317,1.290188,-47.284764,9.875805,14.325187,25.661797,-17.585098,-28.825678
127,3.237817,-16.535772,77.212324,6.820425,-11.066482,106.091472,-15.068437,15.531503,9.795918,28.722134,-0.800502,-12.863290,-0.291742,-36.905795,-21.930808,34.698063,-14.877914,15.000035,4.047318,26.467915,24.630892,51.269931,24.844668,-34.452210,17.343033,1.525055,-0.338845,17.376501,-3.185946,-44.113996,13.239229,10.560163,22.636466,-17.333776,-28.430793
128,3.616217,-17.455582,77.107430,6.585913,-11.503614,110.177961,-16.566872,14.267703,7.852861,29.494028,-1.026055,-12.495109,1.161775,-37.427702,-23.474156,35.689801,-15.449768,15.000035,6.748876,26.627526,23.618950,50.532347,24.930639,-34.379088,16.620882,0.947216,-0.082533,17.182687,-7.662080,-40.943229,16.602653,6.795139,19.611135,-17.082454,-28.035908
129,4.090098,-18.540201,76.960240,6.311391,-11.899524,114.274373,-18.065307,13.003904,5.909804,30.265921,-1.251607,-12.126928,2.615293,-37.949609,-25.017504,36.681539,-16.021622,15.000035,9.450435,26.787137,22.607009,49.794764,25.016611,-34.305967,15.898730,0.369377,0.173778,16.988872,-12.138214,-37.772461,19.966078,3.030115,16.585803,-16.831133,-27.641024
130,4.572259,-19.298398,77.056148,5.959641,-12.118540,118.059774,-18.864766,11.948711,4.177241,30.326968,-1.254274,-12.034978,4.364361,-37.689257,-26.616413,36.364055,-16.124730,15.000035,11.862048,26.317523,21.626091,48.821471,24.943011,-34.138970,16.104459,-0.023495,0.197560,16.719504,-17.411180,-36.319796,21.862680,2.642087,15.967185,-16.381332,-27.209896
131,5.099876,-19.714900,77.414698,5.564853,-12.178744,121.509600,-18.929593,11.112767,2.665908,29.640907,-1.022684,-12.233348,6.424057,-36.606742,-28.273717,34.670565,-15.735180,15.000035,13.968926,25.186585,20.677779,47.600445,24.701701,-33.873308,17.285399,-0.221965,-0.023049,16.370730,-23.521624,-36.672875,22.217638,5.803316,17.878049,-15.722929,-26.740676
132,5.742975,-20.144368,77.808239,5.182681,-12.211192,124.880475,-18.830434,10.325762,1.203957,28.788075,-0.738803,-12.496524,8.553092,-35.340702,-29.944057,32.669920,-15.235658,15.000035,16.007781,23.908026,19.736745,46.324120,24.422954,-33.585623,18.684027,-0.377041,-0.298213,16.004230,-29.819012,-37.429035,22.228466,9.756815,20.353547,-15.017962,-26.262953
133,6.391886,-20.537359,78.168591,4.828514,-12.252720,128.246291,-18.731276,9.538757,-0.257993,27.935243,-0.454922,-12.759699,10.682126,-34.074663,-31.614396,30.669274,-14.736136,15.000035,18.046635,22.629467,18.795712,45.047794,24.144207,-33.297938,20.082654,-0.532116,-0.573376,15.637731,-36.116399,-38.185196,22.239295,13.710315,22.829045,-14.312994,-25.785231
134,6.995688,-20.849570,78.495440,4.503777,-12.303411,131.606551,-18.632117,8.751753,-1.719943,27.082411,-0.171042,-13.022875,12.811161,-32.808623,-33.284736,28.668630,-14.236613,15.000035,20.085490,21.350908,17.854679,43.771469,23.865459,-33.010252,21.481283,-0.687192,-0.848540,15.271232,-42.413014,-38.941356,22.250124,17.663815,25.304543,-13.608026,-25.307508
135,7.545136,-21.089012,78.786293,4.212102,-12.365110,134.960279,-18.532959,7.964749,-3.181893,26.229579,0.112839,-13.286050,14.940196,-31.542584,-34.955076,26.667986,-13.737092,15.000035,22.124345,20.072349,16.913645,42.495143,23.586713,-32.722567,22.879911,-0.842267,-1.123703,14.904732,-48.626849,-39.697517,22.260953,21.617314,27.780041,-12.903058,-24.829785
136,8.036563,-21.268071,79.041157,3.954209,-12.438110,138.307119,-18.433800,7.177744,-4.643842,25.376747,0.396720,-13.549226,17.069230,-30.276545,-36.625415,24.667341,-13.237570,15.000035,24.163199,18.793791,15.972612,41.218818,23.307966,-32.434881,24.278539,-0.997343,-1.398866,14.538233,-54.433971,-40.453677,22.271782,25.570815,30.255539,-12.198091,-24.352062
137,8.463008,-21.396154,79.257352,3.733709,-12.524664,141.646067,-18.334642,6.390740,-6.105792,24.523915,0.680601,-13.812402,19.198265,-29.010505,-38.295755,22.666696,-12.738048,15.000035,26.202054,17.515231,15.031578,39.942493,23.029219,-32.147195,25.677167,-1.152418,-1.674030,14.171734,-59.373756,-41.209838,22.282611,29.524315,32.731037,-11.493123,-23.874340
138,8.824171,-21.485796,79.435244,3.550548,-12.625288,144.976934,-18.235483,5.603736,-7.567742,23.671084,0.964482,-14.075578,21.327300,-27.744466,-39.966095,20.666051,-12.238526,15.000035,28.240908,16.236673,14.090545,38.666168,22.750472,-31.859510,27.075796,-1.307494,-1.949193,13.805234,-63.128811,-41.965998,22.293440,33.477814,35.206535,-10.788155,-23.396618
139,9.115544,-21.547371,79.571963,3.408323,-12.742618,148.298679,-18.136325,4.816732,-9.029693,22.818252,1.248363,-14.338754,23.456334,-26.478427,-41.636434,18.665406,-11.739004,15.000035,30.279762,14.958114,13.149511,37.389842,22.471725,-31.571825,28.474424,-1.462570,-2.224357,13.438735,-65.291977,-42.722158,22.304269,37.431314,37.682033,-10.083187,-22.918895
140,9.351124,-21.576692,79.668259,3.306165,-12.877368,151.611280,-18.037166,4.029727,-10.491643,21.965420,1.532244,-14.601929,25.585369,-25.212387,-43.306774,16.664761,-11.239482,15.000035,32.318617,13.679555,12.208478,36.113518,22.192978,-31.284139,29.873052,-1.617645,-2.499520,13.072236,-66.497901,-43.478318,22.315098,41.384814,40.157531,-9.378220,-22.441172
141,9.710834,-21.325613,79.721083,3.247671,-13.032508,154.913644,-17.938007,3.242723,-11.953593,21.112588,1.816125,-14.865104,27.714403,-23.946348,-44.977114,14.664117,-10.739960,15.000035,34.357472,12.400996,11.267445,34.837193,21.914231,-30.996454,31.271679,-1.772721,-2.774683,12.705736,-67.985624,-44.234479,22.325927,45.338314,42.633029,-8.673252,-21.963449
142,9.783061,-21.647381,79.742364,3.023978,-13.180680,156.688273,-17.524562,2.947657,-12.821977,20.060887,2.173343,-14.949295,28.773307,-23.115453,-45.552289,13.421886,-10.161909,15.000035,35.567521,11.327783,10.707121,33.844364,21.843063,-31.150947,32.561979,-1.840029,-2.778066,12.315567,-67.310740,-44.452783,23.884076,49.041326,44.156168,-7.931002,-21.047037
143,9.762105,-22.229486,79.754392,2.675846,-13.316619,157.395196,-16.890885,2.997307,-13.274432,18.869833,2.581951,-14.908068,29.082339,-22.589476,-45.360048,12.711098,-9.528829,15.000035,36.196802,10.398461,10.413573,33.050190,21.917351,-31.615285,33.776369,-1.845838,-2.591006,11.908811,-65.992272,-44.294195,26.526480,52.568814,45.011960,-7.162628,-19.823221
144,9.837760,-22.695066,79.765707,2.310182,-13.450109,157.926859,-16.221024,3.103595,-13.658548,17.655883,2.999002,-14.846233,29.268162,-22.113600,-45.041719,12.087629,-8.886708,15.000035,36.730660,9.492781,10.163857,32.288657,22.015537,-32.130533,34.978288,-1.841541,-2.372654,11.499331,-66.074220,-44.073682,29.347032,56.067464,45.758104,-6.389962,-18.548897
145,9.950533,-23.115558,79.777194,1.949009,-13.583345,158.458406,-15.551162,3.209883,-14.042664,16.441932,3.416053,-14.784398,29.453986,-21.637724,-44.723389,11.464160,-8.244587,15.000035,37.264517,8.587101,9.914141,31.527122,22.113724,-32.645782,36.180205,-1.837245,-2.154303,11.089850,-67.150356,-43.853168,32.167584,59.566113,46.504248,-5.617296,-17.274574
146,10.074840,-23.528121,79.788914,1.592051,-13.716171,158.989846,-14.881301,3.316171,-14.426780,15.227981,3.833104,-14.722562,29.639809,-21.161848,-44.405059,10.840691,-7.602466,15.000035,37.798375,7.681421,9.664426,30.765588,22.211911,-33.161030,37.382123,-1.832948,-1.935951,10.680369,-68.452257,-43.632655,34.988135,63.064762,47.250391,-4.844630,-16.000251
147,10.211239,-23.931919,79.800955,1.239727,-13.848784,159.521027,-14.211438,3.422460,-14.810896,14.014030,4.250155,-14.660727,29.825633,-20.685971,-44.086730,10.217222,-6.960345,15.000035,38.332232,6.775741,9.414710,30.004055,22.310098,-33.676278,38.584042,-1.828651,-1.717599,10.270889,-69.644150,-43.412141,37.808687,66.563411,47.996535,-4.071964,-14.725927
148,10.358842,-24.327184,79.813363,0.891726,-13.981023,160.051972,-13.541577,3.528747,-15.195012,12.800080,4.667207,-14.598892,30.011457,-20.210094,-43.768400,9.593753,-6.318224,15.000035,38.866090,5.870062,9.164994,29.242520,22.408285,-34.191527,39.785960,-1.824354,-1.499248,9.861408,-70.674042,-43.191628,40.629239,70.062060,48.742679,-3.299297,-13.451604
149,10.518228,-24.713022,79.826227,0.548497,-14.113102,160.582515,-12.871716,3.635037,-15.579128,11.586129,5.084258,-14.537056,30.197280,-19.734218,-43.450070,8.970284,-5.676103,15.000035,39.399948,4.964383,8.915278,28.480986,22.506472,-34.706775,40.987878,-1.820057,-1.280896,9.451927,-71.509670,-42.971115,43.449791,73.560709,49.488822,-2.526632,-12.177281
150,10.688473,-25.089754,79.839577,0.209695,-14.244859,161.112693,-12.201854,3.741325,-15.963244,10.372178,5.501309,-14.475221,30.383103,-19.258341,-43.131739,8.346814,-5.033982,15.000035,39.933805,4.058703,8.665562,27.719452,22.604659,-35.222024,42.189797,-1.815761,-1.062545,9.042446,-72.143439,-42.750601,46.270343,77.059358,50.234966,-1.753966,-10.902957
151,10.870170,-25.456420,79.853504,-0.124199,-14.376519,161.642332,-11.531993,3.847614,-16.347360,9.158228,5.918360,-14.413387,30.568928,-18.782465,-42.813410,7.723345,-4.391860,15.000035,40.467663,3.153023,8.415847,26.957918,22.702846,-35.737272,43.391715,-1.811464,-0.844193,8.632966,-72.537768,-42.530087,49.090895,80.558007,50.981110,-0.981299,-9.628634
152,11.061199,-25.809541,79.868018,-0.453567,-14.507918,162.171482,-10.862131,3.953901,-16.731476,7.944277,6.335412,-14.351552,30.754750,-18.306588,-42.495080,7.099877,-3.749739,15.000035,41.001521,2.247343,8.166131,26.196384,22.801032,-36.252520,44.593633,-1.807168,-0.625841,8.223485,-72.779692,-42.309574,51.911447,84.056657,51.727253,-0.208633,-8.354311
153,11.245231,-26.092233,79.883212,-0.777900,-14.639299,162.699954,-10.192270,4.060190,-17.115592,6.730327,6.752462,-14.289716,30.940573,-17.830711,-42.176750,6.476408,-3.107618,15.000035,41.535378,1.341664,7.916415,25.434850,22.899219,-36.767768,45.795552,-1.802871,-0.407490,7.814004,-72.967495,-42.089061,54.731999,87.555305,52.473397,0.564033,-7.079987
154,11.322274,-26.247804,79.888864,-0.883956,-14.683856,162.820972,-9.941205,4.171079,-17.095953,6.327855,6.890926,-14.263997,30.982072,-17.679681,-42.026784,6.254383,-2.882700,15.000035,41.643044,1.006570,7.739219,25.173200,23.026879,-37.021586,46.184192,-1.712163,-0.269865,7.576941,-72.915694,-41.762448,55.591553,88.658502,52.655273,0.854097,-6.662076
155,11.335128,-26.298463,79.889939,-0.889767,-14.688533,162.753562,-9.883792,4.284098,-16.889616,6.300614,6.900570,-14.254980,30.956834,-17.678860,-41.954670,6.217988,-2.850697,15.000035,41.553638,0.935317,7.595556,25.142695,23.168166,-37.154517,46.196772,-1.581498,-0.169568,7.419602,-72.814523,-41.386773,55.544334,88.654033,52.576231,0.921004,-6.640173
156,11.334104,-26.311507,79.890565,-0.887126,-14.689662,162.670148,-9.842845,4.397296,-16.667406,6.305276,6.899260,-14.247383,30.925921,-17.690811,-41.889176,6.197375,-2.835097,15.000035,41.447477,0.886497,7.454743,25.131846,23.310611,-37.277170,46.177376,-1.447436,-0.072445,7.269042,-72.811480,-41.006927,55.420017,88.555385,52.475005,0.968937,-6.651941
157,11.331979,-26.321752,79.891126,-0.884551,-14.690605,162.586749,-9.801898,4.510494,-16.445196,6.309939,6.897949,-14.239785,30.895009,-17.702762,-41.823682,6.176763,-2.819497,15.000035,41.341315,0.837677,7.313932,25.120996,23.453057,-37.399822,46.157981,-1.313374,0.024678,7.118481,-72.839216,-40.627082,55.295701,88.456737,52.373777,1.016871,-6.663709
158,11.329580,-26.332034,79.891625,-0.882034,-14.691377,162.503367,-9.760951,4.623694,-16.222986,6.314602,6.896639,-14.232189,30.864096,-17.714713,-41.758187,6.156151,-2.803896,15.000035,41.235154,0.788858,7.173120,25.110145,23.595502,-37.522475,46.138586,-1.179312,0.121801,6.967922,-72.867803,-40.247236,55.171383,88.358089,52.272550,1.064804,-6.675477
159,11.326883,-26.342358,79.892056,-0.879585,-14.691964,162.420001,-9.720003,4.736892,-16.000775,6.319265,6.895330,-14.224591,30.833183,-17.726663,-41.692693,6.135539,-2.788297,15.000035,41.128992,0.740037,7.032308,25.099296,23.737949,-37.645128,46.119191,-1.045249,0.218924,6.817361,-72.895246,-39.867389,55.047066,88.259440,52.171322,1.112738,-6.687244
160,11.323911,-26.352718,79.892426,-0.877199,-14.692381,162.336650,-9.679056,4.850090,-15.778565,6.323926,6.894020,-14.216993,30.802271,-17.738615,-41.627198,6.114926,-2.772698,15.000035,41.022830,0.691218,6.891496,25.088445,23.880395,-37.767780,46.099794,-0.911187,0.316048,6.666802,-72.921672,-39.487544,54.922749,88.160792,52.070096,1.160671,-6.699012
161,11.320643,-26.363118,79.892730,-0.874880,-14.692613,162.253317,-9.638110,4.963290,-15.556355,6.328589,6.892711,-14.209396,30.771358,-17.750566,-41.561704,6.094314,-2.757097,15.000035,40.916668,0.642399,6.750685,25.077595,24.022840,-37.890433,46.080399,-0.777124,0.413170,6.516242,-72.947022,-39.107698,54.798433,88.062145,51.968869,1.208604,-6.710780
162,11.317100,-26.373555,79.892972,-0.872625,-14.692676,162.170000,-9.597163,5.076489,-15.334145,6.333252,6.891401,-14.201798,30.740445,-17.762517,-41.496210,6.073702,-2.741497,15.000035,40.810506,0.593579,6.609873,25.066745,24.165286,-38.013085,46.061004,-0.643063,0.510294,6.365683,-72.971417,-38.727852,54.674116,87.963496,51.867641,1.256538,-6.722548
163,11.313258,-26.384032,79.893146,-0.870440,-14.692556,162.086701,-9.556215,5.189687,-15.111935,6.337914,6.890091,-14.194201,30.709532,-17.774468,-41.430714,6.053090,-2.725897,15.000035,40.704344,0.544758,6.469061,25.055895,24.307732,-38.135738,46.041608,-0.509001,0.607416,6.215122,-72.994800,-38.348007,54.549799,87.864847,51.766414,1.304470,-6.734315
164,11.309456,-26.393918,79.893258,-0.868323,-14.692264,162.003419,-9.515268,5.302886,-14.889724,6.342577,6.888781,-14.186604,30.678619,-17.786419,-41.365221,6.032477,-2.710297,15.000035,40.598182,0.495939,6.328249,25.045046,24.450178,-38.258391,46.022213,-0.374938,0.704540,6.064563,-73.019208,-37.968161,54.425482,87.766199,51.665187,1.352404,-6.746083
165,11.309253,-26.396496,79.893271,-0.866541,-14.692101,161.922994,-9.474374,5.414258,-14.671572,6.347014,6.887286,-14.179351,30.648873,-17.797335,-41.301049,6.012247,-2.695482,15.000035,40.492943,0.447658,6.189171,25.034484,24.591378,-38.377533,46.003875,-0.244531,0.798926,5.915449,-73.045743,-37.592739,54.304341,87.670420,51.565181,1.400096,-6.757191
166,11.318761,-26.395108,79.892078,-0.874869,-14.703570,161.950238,-9.435509,5.456364,-14.607291,6.342859,6.878767,-14.185147,30.663343,-17.769073,-41.287044,6.006490,-2.710442,15.000035,40.422698,0.419813,6.115824,25.034867,24.685365,-38.363569,46.025613,-0.252719,0.789536,5.821215,-73.055179,-37.385119,54.303616,87.683403,51.511494,1.438651,-6.743256
167,11.334236,-26.386463,79.890500,-0.886265,-14.718570,162.010067,-9.397256,5.477511,-14.589572,6.336106,6.868123,-14.194891,30.691193,-17.728954,-41.288219,6.005113,-2.734413,15.000035,40.363043,0.398153,6.062366,25.038562,24.765063,-38.309328,46.059481,-0.302848,0.748743,5.743586,-73.061674,-37.228274,54.339327,87.729297,51.471824,1.474441,-6.721743
168,11.351152,-26.374835,79.888896,-0.897677,-14.733558,162.069905,-9.359004,5.498657,-14.571854,6.329352,6.857479,-14.204636,30.719042,-17.688835,-41.289393,6.003736,-2.758384,15.000035,40.303388,0.376494,6.008909,25.042256,24.844762,-38.255086,46.093348,-0.352976,0.707950,5.665959,-73.070757,-37.071429,54.375040,87.775191,51.432153,1.510231,-6.700231
169,11.368004,-26.363201,79.887263,-0.909106,-14.748534,162.129749,-9.320753,5.519804,-14.554136,6.322598,6.846836,-14.214380,30.746892,-17.648716,-41.290569,6.002359,-2.782353,15.000035,40.243733,0.354833,5.955451,25.045950,24.924460,-38.200845,46.127215,-0.403105,0.667157,5.588330,-73.080226,-36.914583,54.410751,87.821085,51.392483,1.546022,-6.678718
170,11.384797,-26.351560,79.885603,-0.920552,-14.763499,162.189601,-9.282500,5.540950,-14.536418,6.315844,6.836192,-14.224125,30.774741,-17.608597,-41.291743,6.000982,-2.806325,15.000035,40.184079,0.333172,5.901995,25.049644,25.004159,-38.146603,46.161081,-0.453233,0.626364,5.510702,-73.089623,-36.757739,54.446464,87.866980,51.352812,1.581812,-6.657205
171,11.401529,-26.339911,79.883914,-0.932015,-14.778453,162.249459,-9.244248,5.562097,-14.518700,6.309090,6.825547,-14.233871,30.802592,-17.568478,-41.292918,5.999605,-2.830295,15.000035,40.124423,0.311512,5.848537,25.053340,25.083857,-38.092362,46.194949,-0.503361,0.585571,5.433074,-73.098946,-36.600894,54.482176,87.912875,51.313142,1.617603,-6.635692
172,11.418201,-26.328258,79.882198,-0.943495,-14.793394,162.309325,-9.205997,5.583244,-14.500981,6.302337,6.814903,-14.243616,30.830441,-17.528360,-41.294093,5.998227,-2.854266,15.000035,40.064768,0.289851,5.795081,25.057035,25.163556,-38.038120,46.228815,-0.553489,0.544778,5.355446,-73.108197,-36.444049,54.517888,87.958769,51.273473,1.653393,-6.614180
173,11.434812,-26.316599,79.880453,-0.954993,-14.808325,162.369198,-9.167745,5.604390,-14.483262,6.295582,6.804259,-14.253361,30.858291,-17.488240,-41.295268,5.996851,-2.878236,15.000035,40.005112,0.268191,5.741623,25.060729,25.243255,-37.983879,46.262682,-0.603616,0.503984,5.277818,-73.117373,-36.287204,54.553600,88.004663,51.233803,1.689183,-6.592667
174,11.451363,-26.304934,79.878680,-0.966507,-14.823243,162.429078,-9.129493,5.625537,-14.465543,6.288829,6.793615,-14.263105,30.886141,-17.448122,-41.296443,5.995474,-2.902206,15.000035,39.945458,0.246531,5.688166,25.064423,25.322954,-37.929637,46.296549,-0.653745,0.463192,5.200189,-73.126483,-36.130359,54.589313,88.050558,51.194132,1.724973,-6.571154
175,11.467804,-26.293219,79.876880,-0.978038,-14.838150,162.488966,-9.091241,5.646683,-14.447825,6.282075,6.782971,-14.272850,30.913990,-17.408003,-41.297617,5.994096,-2.926177,15.000035,39.885803,0.224870,5.634708,25.068118,25.402652,-37.875395,46.330416,-0.703873,0.422399,5.122561,-73.133864,-35.973514,54.625024,88.096452,51.154462,1.760764,-6.549642
176,11.483205,-26.280638,79.875053,-0.989585,-14.853045,162.548860,-9.052989,5.667831,-14.430107,6.275321,6.772327,-14.282595,30.941840,-17.367883,-41.298791,5.992719,-2.950148,15.000035,39.826148,0.203210,5.581251,25.071812,25.482351,-37.821154,46.364283,-0.754001,0.381606,5.044933,-73.128361,-35.816669,54.660737,88.142347,51.114791,1.796554,-6.528129
177,11.498044,-26.264486,79.874924,-0.999070,-14.864549,162.606432,-9.018378,5.690758,-14.404070,6.268360,6.763113,-14.295595,30.964123,-17.328248,-41.298821,5.990345,-2.970898,15.000035,39.772459,0.183125,5.529273,25.083499,25.557239,-37.757900,46.393800,-0.808026,0.342761,4.981212,-73.112474,-35.673468,54.702334,88.177038,51.082918,1.832598,-6.511515
178,11.528544,-26.245931,79.883680,-0.997827,-14.858745,162.652001,-9.002511,5.722850,-14.335216,6.260335,6.761259,-14.325350,30.957753,-17.291100,-41.292956,5.982840,-2.975071,15.000035,39.749485,0.171150,5.484911,25.136329,25.607364,-37.648250,46.400925,-0.882110,0.313946,4.989085,-73.128544,-35.600505,54.774230,88.154058,51.091188,1.869950,-6.520114
179,11.560605,-26.223894,79.894925,-0.993522,-14.848508,162.694232,-8.991812,5.757471,-14.254555,6.252016,6.761435,-14.359725,30.943483,-17.254637,-41.285464,5.973921,-2.974673,15.000035,39.734981,0.161413,5.442649,25.200504,25.650660,-37.525808,46.401875,-0.961724,0.287896,5.016697,-73.138834,-35.546907,54.854479,88.115177,51.110526,1.907660,-6.535665
180,11.590752,-26.200501,79.906094,-0.989291,-14.837986,162.736484,-8.981114,5.792091,-14.173895,6.243697,6.761612,-14.394099,30.929213,-17.218175,-41.277971,5.965001,-2.974276,15.000035,39.720477,0.151674,5.400388,25.264679,25.693957,-37.403366,46.402825,-1.041339,0.261847,5.044310,-73.134684,-35.493309,54.934728,88.076296,51.129864,1.945372,-6.551216
181,11.620751,-26.177053,79.917222,-0.985074,-14.827383,162.778741,-8.970415,5.826711,-14.093234,6.235378,6.761788,-14.428474,30.914943,-17.181712,-41.270480,5.956081,-2.973877,15.000035,39.705973,0.141936,5.358125,25.328853,25.737254,-37.280923,46.403775,-1.120953,0.235797,5.071923,-73.128285,-35.439712,55.014977,88.037414,51.149202,1.983083,-6.566768
182,11.650607,-26.153554,79.928310,-0.980873,-14.816702,162.821001,-8.959716,5.861331,-14.012574,6.227058,6.761964,-14.462849,30.900672,-17.145249,-41.262988,5.947161,-2.973480,15.000035,39.691468,0.132197,5.315864,25.393028,25.780550,-37.158481,46.404726,-1.200567,0.209747,5.099536,-73.122033,-35.386115,55.095227,87.998532,51.168540,2.020795,-6.582320
183,11.680313,-26.130001,79.939357,-0.976688,-14.805939,162.863267,-8.949018,5.895952,-13.931912,6.218739,6.762141,-14.497224,30.886402,-17.108788,-41.255496,5.938241,-2.973083,15.000035,39.676963,0.122459,5.273601,25.457203,25.823847,-37.036039,46.405675,-1.280182,0.183697,5.127148,-73.115897,-35.332518,55.175476,87.959651,51.187878,2.058506,-6.597871
184,11.709875,-26.106398,79.950364,-0.972517,-14.795099,162.905538,-8.938319,5.930571,-13.851252,6.210420,6.762316,-14.531600,30.872131,-17.072324,-41.248003,5.929321,-2.972685,15.000035,39.662459,0.112721,5.231339,25.521377,25.867143,-36.913597,46.406626,-1.359797,0.157647,5.154761,-73.109875,-35.278920,55.255726,87.920769,51.207216,2.096218,-6.613423
185,11.739286,-26.082742,79.961330,-0.968363,-14.784177,162.947814,-8.927620,5.965191,-13.770591,6.202101,6.762492,-14.565974,30.857861,-17.035862,-41.240512,5.920401,-2.972287,15.000035,39.647955,0.102983,5.189078,25.585551,25.910440,-36.791154,46.407575,-1.439411,0.131598,5.182374,-73.103971,-35.225322,55.335976,87.881887,51.226555,2.133928,-6.628975
186,11.768554,-26.059037,79.972256,-0.964224,-14.773178,162.990094,-8.916921,5.999811,-13.689930,6.193781,6.762668,-14.600349,30.843591,-16.999400,-41.233021,5.911482,-2.971889,15.000035,39.633451,0.093245,5.146815,25.649726,25.953736,-36.668712,46.408526,-1.519026,0.105548,5.209987,-73.098196,-35.171726,55.416225,87.843005,51.245893,2.171640,-6.644526
187,11.797415,-26.035221,79.983137,-0.960107,-14.762083,163.032380,-8.906223,6.034432,-13.609269,6.185462,6.762845,-14.634724,30.829320,-16.962937,-41.225528,5.902561,-2.971491,15.000035,39.618946,0.083507,5.104554,25.713900,25.997033,-36.546270,46.409476,-1.598640,0.079499,5.237600,-73.095918,-35.118128,55.496475,87.804124,51.265231,2.209351,-6.660077
188,11.822523,-26.010454,79.993973,-0.956017,-14.750873,163.074674,-8.895524,6.069052,-13.528609,6.177144,6.763021,-14.669099,30.815050,-16.926475,-41.218036,5.893641,-2.971094,15.000035,39.604442,0.073769,5.062292,25.778075,26.040329,-36.423828,46.410426,-1.678255,0.053449,5.265213,-73.107981,-35.064530,55.576724,87.765242,51.284569,2.247063,-6.675629
189,11.835617,-25.981366,80.001941,-0.944608,-14.742749,163.092980,-8.881299,6.104360,-13.443468,6.172269,6.766095,-14.697771,30.807303,-16.904209,-41.217405,5.888592,-2.982690,15.000035,39.585349,0.073454,5.019817,25.889549,26.119621,-36.190483,45.908689,-1.734402,0.030225,5.329571,-73.128247,-34.984444,55.643291,87.705447,51.289502,2.285672,-6.704195
190,11.833381,-25.945286,80.002944,-0.915256,-14.742265,163.052490,-8.858432,6.141356,-13.347349,6.175834,6.776270,-14.712466,30.815543,-16.916734,-41.233589,5.893026,-3.023681,15.000035,39.555012,0.096235,4.976822,26.116945,26.287129,-35.685342,44.174990,-1.733035,0.013925,5.483984,-73.138955,-34.839438,55.676327,87.594397,51.259133,2.326484,-6.764656
191,11.820911,-25.905848,80.002199,-0.881487,-14.743561,162.997458,-8.833426,6.178769,-13.248513,6.181489,6.788202,-14.723702,30.827738,-16.937869,-41.253934,5.899807,-3.071947,15.000035,39.521893,0.124731,4.933697,26.373027,26.476467,-35.112945,42.136432,-1.717436,-0.000662,5.660682,-73.161552,-34.678368,55.701066,87.470665,51.220029,2.367841,-6.833011
192,11.805775,-25.865706,80.001441,-0.847716,-14.744826,162.942424,-8.808420,6.216182,-13.149677,6.187145,6.800134,-14.734938,30.839934,-16.959004,-41.274279,5.906588,-3.120213,15.000035,39.488773,0.153227,4.890572,26.629108,26.665804,-34.540547,40.097874,-1.701837,-0.015249,5.837380,-73.195972,-34.517298,55.725806,87.346932,51.180924,2.409197,-6.901365
193,11.790665,-25.825538,80.000669,-0.813944,-14.746059,162.887388,-8.783414,6.253595,-13.050840,6.192800,6.812066,-14.746175,30.852130,-16.980140,-41.294624,5.913368,-3.168478,15.000035,39.455654,0.181724,4.847448,26.885190,26.855142,-33.968149,38.059315,-1.686238,-0.029835,6.014077,-73.231536,-34.356228,55.750545,87.223199,51.141819,2.450554,-6.969719
194,11.775578,-25.785347,79.999884,-0.780170,-14.747261,162.832353,-8.758408,6.291007,-12.952004,6.198454,6.823998,-14.757410,30.864325,-17.001275,-41.314969,5.920149,-3.216744,15.000035,39.422535,0.210220,4.804324,27.141271,27.044480,-33.395751,36.020756,-1.670639,-0.044422,6.190775,-73.266378,-34.195158,55.775283,87.099467,51.102714,2.491910,-7.038073
195,11.760514,-25.745131,79.999086,-0.746395,-14.748432,162.777316,-8.733402,6.328420,-12.853168,6.204109,6.835931,-14.768647,30.876520,-17.022410,-41.335314,5.926930,-3.265009,15.000035,39.389415,0.238716,4.761199,27.397353,27.233818,-32.823352,33.982198,-1.655040,-0.059008,6.367473,-73.300493,-34.034087,55.800022,86.975734,51.063609,2.533267,-7.106428
196,11.745475,-25.704892,79.998274,-0.712619,-14.749571,162.722277,-8.708396,6.365833,-12.754332,6.209765,6.847864,-14.779883,30.888716,-17.043545,-41.355659,5.933711,-3.313276,15.000035,39.356296,0.267212,4.718075,27.653434,27.423155,-32.250955,31.943640,-1.639441,-0.073595,6.544171,-73.333896,-33.873017,55.824761,86.852001,51.024505,2.574624,-7.174782
197,11.730460,-25.664627,79.997449,-0.678841,-14.750679,162.667238,-8.683390,6.403246,-12.655496,6.215419,6.859795,-14.791119,30.900911,-17.064680,-41.376004,5.940491,-3.361541,15.000035,39.323177,0.295708,4.674950,27.909515,27.612493,-31.678557,29.905081,-1.623842,-0.088182,6.720868,-73.366582,-33.711947,55.849499,86.728268,50.985400,2.615980,-7.243137
198,11.715468,-25.624339,79.996610,-0.645061,-14.751756,162.612198,-8.658384,6.440659,-12.556659,6.221074,6.871727,-14.802356,30.913107,-17.085815,-41.396349,5.947272,-3.409807,15.000035,39.290058,0.324204,4.631825,28.165597,27.801831,-31.106159,27.866523,-1.608243,-0.102769,6.897566,-73.398568,-33.550877,55.874239,86.604535,50.946295,2.657337,-7.311491
199,11.699615,-25.585347,79.995758,-0.611281,-14.752801,162.557157,-8.633379,6.478072,-12.457824,6.226730,6.883660,-14.813591,30.925303,-17.106950,-41.416694,5.954053,-3.458072,15.000035,39.256938,0.352701,4.588701,28.421678,27.991169,-30.533761,25.827964,-1.592644,-0.117355,7.074264,-73.413574,-33.389807,55.898978,86.480802,50.907190,2.698693,-7.379846
200,11.672163,-25.563550,79.994893,-0.577500,-14.753815,162.502115,-8.608373,6.515484,-12.358987,6.232385,6.895592,-14.824827,30.937499,-17.128086,-41.437039,5.960835,-3.506338,15.000035,39.223818,0.381196,4.545577,28.677759,28.180506,-29.961363,23.789406,-1.577045,-0.131942,7.250962,-73.377711,-33.228737,55.923717,86.357070,50.868085,2.740050,-7.448200
201,11.636597,-25.591245,79.997676,-0.549635,-14.729365,162.283100,-8.570439,6.698276,-11.869451,6.240478,6.945428,-14.772179,30.856421,-17.210905,-41.376689,5.938081,-3.463593,15.000035,38.939900,0.425445,4.541465,27.362739,28.292947,-28.767616,20.509937,-1.623168,0.022801,7.708361,-73.398135,-33.073322,55.778204,86.001526,50.793049,2.737622,-7.611598
202,11.596824,-25.676908,80.005125,-0.530427,-14.667610,161.827405,-8.513841,7.090946,-10.815871,6.252090,7.049985,-14.627302,30.640686,-17.382776,-41.199845,5.872688,-3.289458,15.000035,38.293907,0.492434,4.593675,23.779559,28.294375,-26.676841,15.439000,-1.758399,0.421998,8.571002,-73.527570,-32.926073,55.386904,85.311323,50.666138,2.671983,-7.912209
203,11.539587,-25.794110,80.012338,-0.513172,-14.596681,161.320507,-8.453203,7.529052,-9.640183,6.264465,7.166389,-14.462459,30.395800,-17.573926,-40.997780,5.798065,-3.086879,15.000035,37.569529,0.564346,4.658077,19.667868,28.271770,-24.391870,9.980231,-1.912919,0.874117,9.521373,-73.629130,-32.780591,54.942393,84.548671,50.527997,2.592660,-8.242525
204,11.472610,-25.918115,80.018057,-0.495966,-14.524411,160.813639,-8.392565,7.967159,-8.464495,6.276840,7.282793,-14.297615,30.150913,-17.765075,-40.795715,5.723443,-2.884300,15.000035,36.845151,0.636258,4.722480,15.117340,28.249165,-22.106900,4.521462,-2.067440,1.326235,10.471744,-73.691126,-32.635109,54.497882,83.786018,50.389856,2.513337,-8.572841
205,11.400599,-26.041600,80.022289,-0.478812,-14.450785,160.306805,-8.331927,8.405265,-7.288806,6.289215,7.399197,-14.132772,29.906027,-17.956225,-40.593651,5.648820,-2.681721,15.000035,36.120773,0.708170,4.786883,9.861780,28.226560,-19.821930,-0.937306,-2.221961,1.778354,11.422114,-73.741194,-32.489627,54.053372,83.023365,50.251716,2.434014,-8.903157
206,11.323524,-26.164460,80.025044,-0.461713,-14.375784,159.800006,-8.271288,8.843371,-6.113118,6.301590,7.515601,-13.967929,29.661141,-18.147375,-40.391586,5.574196,-2.479141,15.000035,35.396395,0.780083,4.851285,4.148094,28.203954,-17.536960,-6.396075,-2.376481,2.230473,12.372485,-73.783842,-32.344145,53.608862,82.260712,50.113576,2.354691,-9.233474
207,11.241375,-26.286597,80.026335,-0.444676,-14.299392,159.293243,-8.210651,9.281478,-4.937429,6.313965,7.632004,-13.803085,29.416255,-18.338525,-40.189521,5.499574,-2.276562,15.000035,34.672017,0.851995,4.915688,-1.708694,28.181349,-15.251989,-11.854844,-2.531002,2.682592,13.322856,-73.819234,-32.198663,53.164351,81.498059,49.975436,2.275368,-9.563790
208,11.154109,-26.407903,80.026163,-0.427707,-14.221587,158.786519,-8.150013,9.719584,-3.761740,6.326339,7.748408,-13.638242,29.171369,-18.529674,-39.987456,5.424951,-2.073984,15.000035,33.947640,0.923908,4.980091,-7.213072,28.158744,-12.967019,-17.313613,-2.685522,3.134711,14.273227,-73.847494,-32.053180,52.719841,80.735407,49.837295,2.196045,-9.894106
209,11.061733,-26.528282,80.024546,-0.410814,-14.142357,158.279837,-8.089375,10.157690,-2.586052,6.338714,7.864812,-13.473399,28.926483,-18.720824,-39.785392,5.350328,-1.871405,15.000035,33.223263,0.995819,5.044494,-11.630083,28.136139,-10.682049,-22.772382,-2.840043,3.586830,15.223598,-73.868806,-31.907698,52.275330,79.972754,49.699154,2.116722,-10.224421
210,10.964190,-26.647624,80.021482,-0.394002,-14.061673,157.773197,-8.028736,10.595797,-1.410363,6.351089,7.981215,-13.308555,28.681596,-18.911974,-39.583327,5.275705,-1.668825,15.000035,32.498885,1.067731,5.108897,-14.541314,28.113534,-8.397079,-28.231151,-2.994564,4.038949,16.173969,-73.883272,-31.762216,51.830820,79.210101,49.561014,2.037399,-10.554738
211,10.857870,-26.760485,80.016990,-0.377287,-13.979524,157.266606,-7.968098,11.033903,-0.234675,6.363464,8.097619,-13.143712,28.436710,-19.103124,-39.381262,5.201082,-1.466247,15.000035,31.774507,1.139644,5.173300,-16.166288,28.090928,-6.112108,-33.689920,-3.149085,4.491068,17.124339,-73.789931,-31.616734,51.386310,78.447448,49.422873,1.958076,-10.885053
212,10.703531,-26.809592,80.011063,-0.360671,-13.895878,156.760066,-7.907460,11.472010,0.941013,6.375839,8.214023,-12.978869,28.191824,-19.294273,-39.179198,5.126459,-1.263668,15.000035,31.050129,1.211556,5.237702,-16.860263,28.068323,-3.827138,-39.148689,-3.303605,4.943186,18.074710,-73.442075,-31.471253,50.941799,77.684795,49.284732,1.878753,-11.215369
213,10.586381,-26.918246,79.995660,-0.386328,-13.736205,155.996486,-8.046476,11.907302,1.732928,6.642224,8.224435,-12.884172,27.766459,-19.490987,-39.040520,5.077887,-1.051852,15.000035,30.227876,1.078279,5.819283,-19.491337,29.007811,-4.273477,-38.767906,-4.277639,5.304679,18.568632,-73.788848,-31.582994,50.234137,76.420812,49.102758,1.805650,-11.690156
214,10.490740,-27.061620,79.970812,-0.448982,-13.507681,154.997445,-8.367853,12.340024,2.174312,7.140616,8.138037,-12.853547,27.176248,-19.692782,-38.959739,5.053108,-0.831602,15.000035,29.316226,0.757586,6.873242,-24.199684,30.826055,-7.214532,-33.053405,-6.000197,5.583398,18.645644,-74.737547,-31.929679,49.286117,74.698922,48.880747,1.738228,-12.296899
215,10.359965,-27.158969,79.942116,-0.515207,-13.266393,153.954788,-8.722145,12.772282,2.552426,7.680886,8.034166,-12.834487,26.556282,-19.895494,-38.889408,5.032624,-0.609829,15.000035,28.388440,0.403065,8.012465,-29.394062,32.802912,-10.605880,-26.376175,-7.857864,5.847177,18.647403,-75.561724,-32.318771,48.294714,72.894381,48.651511,1.671831,-12.927459
216,10.210951,-27.237570,79.910861,-0.577476,-13.024516,152.910820,-9.076438,13.204540,2.930541,8.221155,7.930294,-12.815427,25.936317,-20.098205,-38.819076,5.012140,-0.388056,15.000035,27.460654,0.048543,9.151687,-34.633544,34.779768,-13.997229,-19.698943,-9.715531,6.110955,18.649162,-76.247344,-32.707863,47.303310,71.089841,48.422274,1.605434,-13.558019
217,10.053782,-27.312166,79.877152,-0.635945,-12.782022,151.865645,-9.430731,13.636798,3.308655,8.761425,7.826422,-12.796366,25.316351,-20.300918,-38.748745,4.991656,-0.166283,15.000035,26.532867,-0.305978,10.290910,-39.895091,36.756626,-17.388578,-13.021712,-11.573197,6.374734,18.650922,-76.898084,-33.096955,46.311906,69.285300,48.193036,1.539037,-14.188580
218,9.888430,-27.382395,79.841023,-0.690508,-12.538832,150.819305,-9.785023,14.069056,3.686768,9.301695,7.722550,-12.777305,24.696386,-20.503630,-38.678415,4.971173,0.055490,15.000035,25.605081,-0.660499,11.430133,-45.218849,38.733483,-20.779927,-6.344481,-13.430864,6.638512,18.652681,-77.527746,-33.486047,45.320502,67.480760,47.963799,1.472640,-14.819140
219,9.715142,-27.448049,79.802582,-0.741341,-12.294921,149.771905,-10.139316,14.501314,4.064882,9.841964,7.618678,-12.758245,24.076420,-20.706342,-38.608084,4.950689,0.277263,15.000035,24.677294,-1.015021,12.569355,-50.477612,40.710339,-24.171276,0.332749,-15.288531,6.902290,18.654441,-78.136957,-33.875139,44.329098,65.676218,47.734562,1.406243,-15.449701
220,9.533892,-27.508756,79.761858,-0.788324,-12.050204,148.723487,-10.493608,14.933572,4.442996,10.382234,7.514807,-12.739185,23.456454,-20.909054,-38.537753,4.930206,0.499036,15.000035,23.749508,-1.369542,13.708578,-55.626768,42.687196,-27.562625,7.009980,-17.146198,7.166069,18.656201,-78.725639,-34.264231,43.337695,63.871678,47.505325,1.339846,-16.080262
221,9.344956,-27.564332,79.718963,-0.831645,-11.804660,147.674157,-10.847901,15.365830,4.821110,10.922504,7.410934,-12.720124,22.836488,-21.111767,-38.467421,4.909722,0.720810,15.000035,22.821722,-1.724063,14.847801,-61.145727,44.664053,-30.953974,13.687210,-19.003864,7.429847,18.657960,-79.294478,-34.653323,42.346290,62.067138,47.276087,1.273449,-16.710822
222,9.148318,-27.614392,79.673925,-0.871172,-11.558202,146.623954,-11.202193,15.798088,5.199224,11.462774,7.307062,-12.701064,22.216523,-21.314479,-38.397090,4.889238,0.942583,15.000035,21.893935,-2.078585,15.987024,-67.507830,46.640910,-34.345323,20.364442,-20.861531,7.693625,18.659719,-79.843395,-35.042415,41.354887,60.262597,47.046850,1.207052,-17.341382
223,8.944278,-27.658781,79.626859,-0.907109,-11.310810,145.572985,-11.556485,16.230346,5.577339,12.003043,7.203191,-12.682004,21.596557,-21.517190,-38.326759,4.868754,1.164356,15.000035,20.966148,-2.433106,17.126246,-74.817693,48.617767,-37.736671,27.041673,-22.719198,7.957403,18.661479,-80.410086,-35.431507,40.363483,58.458056,46.817613,1.140655,-17.971942
224,8.749333,-27.676702,79.577788,-0.939311,-11.062397,144.521291,-11.910778,16.662604,5.955452,12.543312,7.099319,-12.662944,20.976592,-21.719902,-38.256428,4.848270,1.386129,15.000035,20.038363,-2.787628,18.265469,-83.138154,50.594624,-41.128020,33.718904,-24.576864,8.221182,18.663238,-81.355345,-35.820598,39.372080,56.653515,46.588376,1.074258,-18.602503
225,8.569154,-27.645457,79.527656,-1.001145,-10.830788,143.492153,-12.239214,17.091054,6.326205,13.055415,6.971968,-12.646754,20.394517,-21.895584,-38.206913,4.828653,1.646979,15.000035,19.170317,-3.169692,19.330678,-91.467275,52.241089,-44.390027,39.985130,-26.334750,8.443825,18.616183,-82.711052,-36.060216,38.600164,55.233962,46.413634,1.015126,-19.135417
226,8.188139,-27.727842,79.480889,-1.292878,-10.724396,142.625105,-12.385899,17.492735,6.645216,13.369535,6.679580,-12.650742,20.078774,-21.881270,-38.303717,4.815122,2.182507,15.000035,18.722194,-3.745351,19.875638,-93.994955,51.565202,-46.742890,43.362372,-27.391269,8.377333,18.226006,-83.703505,-35.249170,39.371046,56.520519,46.621944,1.007061,-18.981965
227,7.785039,-27.784321,79.431934,-1.653431,-10.653589,141.805088,-12.479650,17.886620,6.949158,13.625993,6.339126,-12.660606,19.840599,-21.811619,-38.443134,4.803363,2.798034,15.000035,18.396373,-4.377396,20.269077,-94.776150,50.212942,-48.830968,45.898210,-28.243517,8.226632,17.735896,-84.986724,-34.132123,40.591261,58.595218,46.941815,1.013868,-18.628611
228,7.393493,-27.808366,79.378547,-2.016624,-10.580778,140.984907,-12.573401,18.280506,7.253099,13.882450,5.998672,-12.670471,19.602424,-21.741968,-38.582553,4.791604,3.413560,15.000035,18.070552,-5.009440,20.662517,-95.557345,48.860681,-50.919046,48.434048,-29.095766,8.075931,17.245786,-86.705918,-33.015075,41.811477,60.669916,47.261687,1.020674,-18.275257
229,6.994991,-27.823868,79.320803,-2.382399,-10.506154,140.164580,-12.667152,18.674391,7.557041,14.138908,5.658218,-12.680336,19.364249,-21.672318,-38.721970,4.779845,4.029086,15.000035,17.744730,-5.641484,21.055955,-96.338540,47.508420,-53.007125,50.969887,-29.948014,7.925229,16.755676,-88.493758,-31.898027,43.031692,62.744615,47.581558,1.027482,-17.921904
230,6.587499,-27.832807,79.258554,-2.750782,-10.429549,139.344130,-12.760903,19.068276,7.860983,14.395365,5.317764,-12.690200,19.126073,-21.602667,-38.861388,4.768086,4.644612,15.000035,17.418908,-6.273528,21.449395,-97.119735,46.156160,-55.095203,53.505725,-30.800263,7.774527,16.265566,-90.261542,-30.780980,44.251907,64.819313,47.901430,1.034288,-17.568551
231,6.174578,-27.840209,79.191881,-3.121715,-10.351165,138.523573,-12.854653,19.462161,8.164925,14.651823,4.977310,-12.700066,18.887898,-21.533016,-39.000806,4.756328,5.260138,15.000035,17.093086,-6.905572,21.842834,-97.900930,44.803899,-57.183281,56.041563,-31.652511,7.623827,15.775456,-92.008391,-29.663932,45.472123,66.894011,48.221302,1.041095,-17.215198
232,5.783513,-27.897335,79.120629,-3.495225,-10.270825,137.702934,-12.948404,19.856046,8.468867,14.908280,4.636856,-12.709931,18.649723,-21.463365,-39.140224,4.744569,5.875665,15.000035,16.767265,-7.537617,22.236273,-98.682125,43.451638,-59.271359,58.577401,-32.504760,7.473126,15.285346,-93.732252,-28.546885,46.692338,68.968710,48.541173,1.047902,-16.861844
233,5.419024,-28.028991,79.044889,-3.871252,-10.188742,136.882230,-13.042154,20.249931,8.772809,15.164737,5.588507,-9.274181,18.411548,-21.393715,-39.279642,4.732810,6.491190,15.000035,16.441443,-8.169661,22.629712,-99.463320,42.099378,-61.359437,61.113240,-33.357008,7.322424,14.795236,-95.432233,-27.429838,47.912553,71.043408,48.861045,1.054709,-16.508491
234,5.081255,-28.240851,78.964496,-4.249825,-10.104734,136.061491,-13.135905,20.643816,9.076751,15.421194,5.455948,-8.729660,18.173373,-21.324064,-39.419061,4.721051,7.106717,15.000035,16.115621,-8.801704,23.023152,-100.244515,40.747118,-63.447515,63.649079,-34.209257,7.171722,14.305127,-97.106097,-26.312791,49.132768,73.118106,49.180915,1.061517,-16.155138
235,4.745859,-28.491530,78.879548,-4.630886,-10.019021,135.240731,-13.229656,21.037701,9.380693,15.677652,5.115494,-8.739525,17.935198,-21.254413,-39.558478,4.709293,7.722243,15.000035,15.789800,-9.433749,23.416591,-101.027677,39.394856,-65.535593,66.184917,-35.061506,7.021021,13.815017,-98.753012,-25.195742,50.352984,75.192806,49.500787,1.068323,-15.801785
236,4.399663,-28.742064,78.789875,-5.014459,-9.931414,134.419983,-13.323407,21.431587,9.684634,15.934109,4.775040,-8.749389,17.697023,-21.184762,-39.697897,4.697534,8.337769,15.000035,15.463979,-10.065793,23.810031,-101.854037,38.042595,-67.623671,68.720756,-35.913754,6.870319,13.324907,-100.370613,-24.078695,51.573199,77.267504,49.820659,1.075131,-15.448430
237,4.045649,-28.987591,78.695581,-5.400491,-9.842143,133.599262,-13.417158,21.825472,9.988576,16.190567,4.529268,-8.759254,17.458848,-21.115112,-39.837314,4.685775,8.953296,15.000035,15.138157,-10.697838,24.203471,-102.758973,36.690335,-69.711750,71.256594,-36.766002,6.719618,12.834797,-101.905750,-22.961648,52.793414,79.342202,50.140530,1.081937,-15.095077
238,3.710517,-29.241343,78.596493,-5.789006,-9.751015,132.778604,-13.510909,22.219357,10.292517,16.447024,4.563562,-8.769119,17.220672,-21.045461,-39.976732,4.674017,9.568822,15.000035,14.812335,-11.329882,24.596910,-103.735155,35.338075,-71.799827,73.792432,-37.618251,6.568917,12.344688,-103.321388,-21.844600,54.013630,81.416901,50.460402,1.088745,-14.741724
239,3.498230,-29.173213,78.555252,-5.844340,-9.564506,132.231665,-13.693985,22.461537,10.484796,16.828555,4.207646,-8.774274,17.025676,-21.082725,-40.069342,4.662457,9.621339,15.000035,14.757194,-11.728111,24.770779,-104.197357,34.810335,-72.316112,74.553628,-37.778389,6.465983,12.198852,-104.139469,-21.490917,54.337850,82.091085,50.374185,1.141149,-14.651650
240,3.353564,-29.012798,78.533512,-5.790361,-9.346363,131.774207,-13.906218,22.654202,10.640628,17.250911,3.555028,-8.777892,16.844773,-21.154883,-40.146673,4.650962,9.490089,15.000035,14.790403,-12.050024,24.872982,-104.531627,34.551719,-72.319362,74.735579,-37.712623,6.378640,12.165389,-104.690023,-21.386394,54.369618,82.308140,50.155421,1.208437,-14.647511
241,3.226701,-28.852957,78.512901,-5.730440,-9.126389,131.321461,-14.119944,22.844330,10.794595,17.675356,3.263639,-8.781431,16.664590,-21.228829,-40.223223,4.639472,9.349433,15.000035,14.828135,-12.368030,24.971515,-104.852452,34.306880,-72.296351,74.887880,-37.635291,6.292095,12.137678,-105.142170,-21.294627,54.386414,82.501797,49.929873,1.276485,-14.647770
242,3.102764,-28.692238,78.492426,-5.670087,-8.906212,130.868840,-14.333668,23.034460,10.948562,18.099801,2.993046,-8.784970,16.484409,-21.302776,-40.299771,4.627982,9.208777,15.000035,14.865867,-12.686036,25.070050,-105.166209,34.062041,-72.273339,75.040181,-37.557959,6.205550,12.109966,-105.578818,-21.202860,54.403211,82.695453,49.704322,1.344536,-14.648029
243,2.981053,-28.530369,78.472083,-5.609371,-8.685821,130.416368,-14.547392,23.224589,11.102528,18.524247,2.722455,-8.788509,16.304227,-21.376721,-40.376321,4.616490,9.068121,15.000035,14.903598,-13.004042,25.168583,-105.478104,33.817202,-72.250327,75.192481,-37.480629,6.119005,12.082255,-106.016212,-21.111092,54.420009,82.889109,49.478773,1.412586,-14.648288
244,2.861651,-28.367345,78.451873,-5.548225,-8.465224,129.964047,-14.761118,23.414719,11.256494,18.948692,2.451862,-8.792048,16.124046,-21.450667,-40.452871,4.605000,8.927465,15.000035,14.941330,-13.322048,25.267117,-105.788309,33.572363,-72.227316,75.344782,-37.403298,6.032461,12.054544,-106.454901,-21.019324,54.436806,83.082765,49.253225,1.480635,-14.648547
245,2.744519,-28.203225,78.431793,-5.486699,-8.244411,129.511895,-14.974842,23.604849,11.410461,19.373137,2.181270,-8.795588,15.943864,-21.524612,-40.529420,4.593508,8.786808,15.000035,14.979063,-13.640055,25.365651,-106.096878,33.327522,-72.204305,75.497083,-37.325967,5.945916,12.026832,-106.894866,-20.927558,54.453604,83.276421,49.027675,1.548685,-14.648807
246,2.629730,-28.038011,78.411845,-5.424737,-8.023383,129.059917,-15.188567,23.794977,11.564427,19.797581,1.900151,-8.799126,15.763682,-21.598557,-40.605969,4.582018,8.646153,15.000035,15.016795,-13.958061,25.464184,-106.403784,33.082683,-72.181293,75.649383,-37.248636,5.859371,11.999121,-107.336141,-20.835790,54.470400,83.470077,48.802126,1.616733,-14.649065
247,2.517219,-27.871772,78.392021,-5.362413,-7.802132,128.608138,-15.402292,23.985107,11.718394,20.222027,1.140085,-8.802666,15.583501,-21.672503,-40.682518,4.570527,8.505497,15.000035,15.054526,-14.276067,25.562719,-106.709099,32.837844,-72.158282,75.801684,-37.171305,5.772826,11.971410,-107.778689,-20.744022,54.487197,83.663733,48.576578,1.684783,-14.649325
248,2.407063,-27.704510,78.372327,-5.299667,-7.580660,128.156559,-15.616017,24.175236,11.872361,20.646472,0.869493,-8.806204,15.403319,-21.746449,-40.759067,4.559036,8.364840,15.000035,15.092258,-14.594073,25.661253,-107.012791,32.593004,-72.135271,75.953985,-37.093974,5.686281,11.943698,-108.222553,-20.652255,54.503995,83.857389,48.351029,1.752832,-14.649585
249,2.299216,-27.536285,78.352755,-5.236555,-7.358960,127.705199,-15.829741,24.365365,12.026327,21.070917,0.598900,-8.809743,15.223137,-21.820394,-40.835617,4.547545,8.224185,15.000035,15.129990,-14.912079,25.759786,-107.319098,32.348166,-72.112259,76.106285,-37.016643,5.599737,11.915986,-108.678255,-20.560488,54.520792,84.051045,48.125479,1.820883,-14.649843
250,2.195906,-27.361912,78.333308,-5.173024,-7.137033,127.254066,-16.043466,24.555494,12.180294,21.495362,0.328308,-8.813281,15.042955,-21.894340,-40.912167,4.536054,8.083528,15.000035,15.167722,-15.230084,25.858320,-107.708323,32.103327,-72.089247,76.258586,-36.939312,5.513191,11.888275,-109.347794,-20.468720,54.537588,84.244701,47.899930,1.888932,-14.650103
251,2.122083,-27.126443,78.311998,-5.114850,-6.922746,126.796604,-16.262145,24.752964,12.338348,21.931304,0.063058,-8.810418,14.860348,-21.974760,-40.997603,4.561587,7.922891,15.000035,15.200517,-15.527746,25.964619,-108.281836,31.891933,-72.055832,76.395107,-36.882060,5.420500,11.865668,-110.482183,-20.359733,54.488021,84.301057,47.621519,1.952133,-14.700522
252,2.026254,-27.010020,78.265993,-5.127412,-6.806988,126.256888,-16.542828,25.042334,12.547587,22.511178,-0.182671,-8.727388,14.647382,-22.136233,-41.194306,5.050644,7.512096,15.000035,15.171514,-15.570708,26.168129,-108.550396,32.099256,-71.892175,76.334071,-37.076194,5.250848,11.906961,-110.944191,-20.035172,53.607614,82.638500,46.681309,1.954634,-15.378918
253,1.909425,-27.007906,78.196271,-5.205745,-6.785264,125.637597,-16.883130,25.420063,12.806038,23.229439,-0.769352,-8.567283,14.405229,-22.375637,-41.497987,5.985366,6.860782,15.000035,15.083092,-15.368784,26.465106,-108.529498,32.709165,-71.603294,76.083089,-37.512027,5.007199,12.009693,-110.737428,-19.503339,51.928373,79.323248,45.104795,1.898775,-16.661097
254,1.828054,-26.930217,78.126723,-5.280280,-6.761892,125.017804,-17.223432,25.797793,13.064490,23.947701,-0.916737,-8.407177,14.163075,-22.615040,-41.801668,6.920088,6.209467,15.000035,14.994670,-15.166859,26.762084,-108.722270,33.319074,-71.314412,75.832109,-37.947861,4.763551,12.112424,-110.967679,-18.971506,50.249132,76.007996,43.528280,1.842915,-17.943277
255,1.752530,-26.850053,78.057349,-5.351083,-6.736858,124.397521,-17.563734,26.175523,13.322940,24.665961,-1.200316,-8.247072,13.920920,-22.854443,-42.105350,7.854811,5.558153,15.000035,14.906249,-14.964934,27.059061,-108.981688,33.928984,-71.025530,75.581127,-38.383695,4.519902,12.215155,-111.238850,-18.439674,48.569892,72.692745,41.951766,1.787055,-19.225455
256,1.682991,-26.767542,77.988159,-5.418077,-6.710058,123.776746,-17.904037,26.553253,13.581392,25.384222,-1.671498,-8.103172,13.678766,-23.093847,-42.409032,8.789532,4.906839,15.000035,14.817828,-14.763009,27.356039,-109.237883,34.538893,-70.736648,75.330146,-38.819529,4.276253,12.317887,-111.365880,-17.907841,46.890651,69.377494,40.375253,1.731195,-20.507635
257,1.619374,-26.682899,77.919143,-5.481324,-6.681469,123.155493,-18.244338,26.930982,13.839843,26.102484,-1.862240,-8.099993,13.436612,-23.333250,-42.712713,9.724254,4.255524,15.000035,14.729406,-14.561084,27.653016,-109.490883,35.148802,-70.447766,75.079164,-39.255363,4.032604,12.420619,-111.350708,-17.376008,45.211410,66.062242,38.798738,1.675335,-21.789814
258,1.561794,-26.596259,77.850294,-5.540757,-6.650993,122.533760,-18.584641,27.308712,14.098295,26.820745,-2.325741,-8.266755,13.194458,-23.572653,-43.016395,10.658977,3.604210,15.000035,14.640984,-14.359159,27.949992,-109.740607,35.758712,-70.158884,74.828183,-39.691196,3.788956,12.523350,-111.190628,-16.844177,43.532170,62.746991,37.222224,1.619476,-23.071994
259,1.510186,-26.507831,77.781592,-5.596432,-6.618605,121.911560,-18.924942,27.686441,14.356746,27.539006,-2.573646,-8.106650,12.952303,-23.812057,-43.320077,11.593698,2.952895,15.000035,14.552562,-14.157235,28.246969,-109.987073,36.368622,-69.870002,74.577201,-40.127030,3.545308,12.626082,-110.890597,-16.312344,41.852929,59.431739,35.645709,1.563616,-24.354173
260,1.464643,-26.417758,77.713021,-5.648295,-6.584208,121.288896,-19.265244,28.064171,14.615198,28.257267,-2.804187,-7.946544,12.710149,-24.051460,-43.623758,12.528421,2.301581,15.000035,14.464140,-13.955310,28.543946,-110.230206,36.978531,-69.581120,74.326220,-40.562864,3.301659,12.728813,-110.489476,-15.780511,40.173688,56.116487,34.069195,1.507756,-25.636352
261,1.425098,-26.326238,77.644549,-5.696397,-6.547775,120.665779,-19.605546,28.441901,14.873649,28.975528,-3.341744,-7.786438,12.467995,-24.290864,-43.927440,13.463142,1.650267,15.000035,14.375718,-13.753384,28.840924,-110.470009,37.588440,-69.292238,74.075239,-40.998697,3.058011,12.831545,-110.105825,-15.248679,38.494447,52.801237,32.492681,1.451896,-26.918531
262,1.391621,-26.233424,77.576146,-5.740694,-6.509213,120.042212,-19.945848,28.819631,15.132100,29.693789,-3.475793,-7.651405,12.225840,-24.530267,-44.231122,14.397864,0.998952,15.000035,14.287297,-13.551459,29.137901,-110.724681,38.198350,-69.003356,73.824257,-41.434531,2.814362,12.934276,-109.773191,-14.716846,36.815206,49.485986,30.916167,1.396036,-28.200710
263,1.369511,-26.151850,77.507773,-5.781232,-6.468489,119.418209,-20.286150,29.197360,15.390551,30.412050,-3.693884,-7.669904,11.983686,-24.769670,-44.534803,15.332587,0.347638,15.000035,14.198875,-13.349535,29.434878,-111.206808,38.808259,-68.714474,73.573276,-41.870365,2.570714,13.037008,-109.576937,-14.185013,35.135965,46.170734,29.339653,1.340177,-29.482890
264,1.388817,-26.123682,77.442477,-5.798175,-6.440615,118.789860,-20.579916,29.564261,15.663853,31.099936,-4.133485,-7.817255,11.744318,-25.024288,-44.808432,16.273705,-0.317296,15.000035,14.074978,-13.123768,29.676185,-112.093425,39.421493,-68.265525,73.009992,-42.175431,2.332724,13.137136,-109.514764,-13.719890,33.576807,42.786769,27.735613,1.267846,-30.653242
265,1.484846,-26.021501,77.403791,-5.634597,-6.544443,118.125966,-20.458537,29.834556,16.069632,31.516842,-4.283928,-7.767599,11.529796,-25.414626,-44.813964,17.271886,-1.103727,15.000035,13.634607,-12.685307,29.420862,-110.786972,40.064383,-66.388618,69.660683,-41.313927,2.145215,13.214047,-107.844342,-13.849880,33.088896,38.789819,25.886029,1.048575,-30.825987
266,1.651621,-25.624085,77.412356,-5.128505,-6.900853,117.392071,-19.541365,29.919668,16.729359,31.414310,-4.216561,-8.041659,11.362906,-26.065130,-44.305579,18.379452,-2.123055,15.000035,12.587586,-11.839134,28.213546,-104.541803,40.764120,-61.774459,60.970828,-38.216219,2.054473,13.246452,-102.671033,-15.120644,34.654466,33.617833,23.565756,0.547635,-29.086416
267,1.870498,-25.345291,77.409942,-4.623435,-7.254813,116.654818,-18.624192,30.004781,17.389085,31.311778,-4.310629,-8.549052,11.196015,-26.715634,-43.797195,19.487017,-3.142382,15.000035,11.540564,-10.992961,27.006230,-98.816805,41.463857,-57.160298,52.280972,-35.118512,1.963731,13.278856,-97.067296,-16.391408,36.220034,28.445848,21.245483,0.046694,-27.346845
268,2.098446,-25.082381,77.396616,-4.119414,-7.606360,115.914314,-17.707020,30.089894,18.048812,31.209245,-4.488241,-8.724100,11.029125,-27.366137,-43.288811,20.594582,-4.161711,15.000035,10.493543,-10.146788,25.798914,-93.202612,42.163593,-52.546137,43.591117,-32.020804,1.872988,13.311261,-90.898607,-17.662172,37.785603,23.273862,18.925210,-0.454246,-25.607274
269,2.329310,-24.820859,77.372585,-3.616393,-7.955481,115.170668,-16.789847,30.175007,18.708539,31.106712,-4.389680,-9.064341,10.862234,-28.016640,-42.780427,21.702147,-5.181039,15.000035,9.446522,-9.300616,24.591598,-87.273507,42.863330,-47.931976,34.901262,-28.923097,1.782246,13.343666,-84.111736,-18.932936,39.351172,18.101877,16.604937,-0.955186,-23.867702
270,2.563145,-24.560823,77.337924,-3.114395,-8.302214,114.423987,-15.872675,30.260120,19.368265,31.004180,-4.291118,-9.508720,10.695343,-28.667144,-42.272042,22.809712,-6.200367,15.000035,8.399500,-8.454442,23.384282,-81.038192,43.563067,-43.317816,26.211407,-25.825389,1.691504,13.376070,-76.959082,-20.203699,40.916741,12.929890,14.284664,-1.456127,-22.128132
271,2.799961,-24.302392,77.292813,-2.613386,-8.646559,113.674376,-14.955502,30.345232,20.027992,30.901647,-4.192555,-9.855761,10.528453,-29.317648,-41.763658,23.917277,-7.219695,15.000035,7.352479,-7.608270,22.176966,-74.508612,44.262804,-38.703655,17.521552,-22.727682,1.600761,13.408474,-69.708469,-21.474463,42.482310,7.757905,11.964391,-1.957067,-20.388561
272,3.039803,-24.045682,77.237330,-2.113387,-8.988557,112.921944,-14.038330,30.430345,20.687718,30.799115,-4.264167,-10.252682,10.361563,-29.968151,-41.255274,25.024842,-8.239023,15.000035,6.305458,-6.762096,20.969650,-67.692527,44.962541,-34.089494,8.831697,-19.629974,1.510019,13.440879,-62.453283,-22.745226,44.047879,2.585919,9.644119,-2.458007,-18.648990
273,3.282688,-23.790802,77.171632,-1.614375,-9.328220,112.166793,-13.121158,30.515457,21.347445,30.696582,-4.495430,-10.523889,10.194672,-30.618654,-40.746889,26.132407,-9.258351,15.000035,5.258436,-5.915923,19.762334,-60.598054,45.662278,-29.475334,0.141841,-16.532267,1.419277,13.473283,-55.198099,-24.015990,45.613448,-2.586067,7.323846,-2.958947,-16.909419
274,3.528649,-23.537875,77.095799,-1.116372,-9.665590,111.409031,-12.203985,30.600571,22.007172,30.594049,-4.396868,-10.951585,10.027781,-31.269158,-40.238505,27.239973,-10.277679,15.000035,4.211415,-5.069750,18.555018,-53.132016,46.362015,-24.861174,-8.548014,-13.434559,1.328535,13.505688,-47.942914,-25.286754,47.179017,-7.758052,5.003573,-3.459887,-15.169847
275,3.777702,-23.287018,77.009970,-0.619367,-10.000687,110.648762,-11.286813,30.685684,22.666898,30.491516,-4.298306,-11.314756,9.860891,-31.919662,-39.730121,28.347538,-11.297007,15.000035,3.164393,-4.223577,17.347703,-45.051437,47.061752,-20.247013,-17.237870,-10.336852,1.237793,13.538092,-40.687729,-26.557517,48.744585,-12.930037,2.683300,-3.960827,-13.430277
276,4.027874,-23.039501,76.914222,-0.123381,-10.333559,109.886092,-10.369640,30.770797,23.326625,30.388984,-4.199744,-11.736758,9.694000,-32.570165,-39.221737,29.455102,-12.316335,15.000035,2.117372,-3.377404,16.140387,-36.173821,47.761488,-15.632852,-25.927724,-7.239144,1.147050,13.570497,-33.432543,-27.828282,50.310154,-18.102023,0.363027,-4.461768,-11.690706
277,4.260601,-22.805897,76.808680,0.371589,-10.664237,109.121125,-9.452467,30.855910,23.986352,30.286452,-4.101181,-11.956313,9.527110,-33.220669,-38.713352,30.562668,-13.335663,15.000035,1.070351,-2.531231,14.933071,-26.390930,48.461225,-11.018691,-34.617579,-4.141437,1.056308,13.602902,-26.177358,-29.099045,51.875723,-23.274009,-1.957245,-4.962708,-9.951135
278,4.444819,-22.630030,76.761499,0.810669,-10.926298,108.508385,-8.519746,30.663727,24.445188,29.746697,-3.861104,-12.160780,9.452182,-33.706231,-38.286017,31.250711,-14.024424,15.000035,0.253533,-1.558105,14.023762,-19.206631,48.397952,-8.397811,-40.325666,-2.053007,0.861583,13.590141,-19.765202,-30.905924,51.437528,-27.508390,-3.081212,-5.682798,-8.965772
279,4.575274,-22.530588,76.821924,1.159082,-11.077802,108.150303,-7.561257,30.012022,24.571117,28.482398,-3.386516,-12.569117,9.529649,-33.918460,-37.992994,31.243539,-14.165381,15.000035,-0.181803,-0.374599,13.608299,-17.125177,47.070251,-9.080107,-41.092492,-1.637109,0.494540,13.502537,-14.750076,-33.601229,47.678783,-30.189016,-2.222710,-6.766052,-9.230252
280,4.673462,-22.456559,76.903832,1.496361,-11.209216,107.835624,-6.598232,29.279425,24.638441,27.090549,-2.870646,-12.965374,9.633944,-34.082572,-37.723614,31.113983,-14.209904,15.000035,-0.549982,0.845942,13.279771,-15.684613,45.519962,-10.343891,-40.989466,-1.515642,0.097162,13.401757,-9.980881,-36.452933,43.335493,-32.596120,-1.015218,-7.913236,-9.714752
281,4.764408,-22.384854,76.988184,1.839193,-11.339665,107.519116,-5.635207,28.546828,24.705765,25.698702,-2.354774,-13.144883,9.738238,-34.246684,-37.454235,30.984427,-14.254427,15.000035,-0.918162,2.066484,12.951243,-14.057150,43.969673,-11.607675,-40.886440,-1.394174,-0.300215,13.300977,-5.211687,-39.304636,38.992203,-35.003225,0.192274,-9.060422,-10.199252
282,4.856705,-22.310407,77.074840,2.187431,-11.469142,107.200786,-4.672182,27.814230,24.773089,24.306854,-1.838902,-13.324392,9.842533,-34.410795,-37.184856,30.854871,-14.298950,15.000035,-1.286342,3.287025,12.622715,-12.357627,42.419383,-12.871458,-40.783414,-1.272707,-0.697593,13.200197,-0.442493,-42.156339,34.648912,-37.410329,1.399766,-10.207607,-10.683752
283,4.950306,-22.233257,77.163654,2.540916,-11.597632,106.880642,-3.709157,27.081632,24.840413,22.915006,-1.323031,-13.503901,9.946828,-34.574907,-36.915477,30.725314,-14.343473,15.000035,-1.654521,4.507566,12.294187,-10.588763,40.869094,-14.135242,-40.680387,-1.151239,-1.094970,13.099418,4.326702,-45.008042,30.305622,-39.817433,2.607259,-11.354791,-11.168251
284,5.045164,-22.153436,77.254483,2.899490,-11.725116,106.558695,-2.746132,26.349034,24.907738,21.523158,-0.807160,-13.683411,10.051123,-34.739019,-36.646097,30.595759,-14.387996,15.000035,-2.022701,5.728108,11.965660,-8.904772,39.318805,-15.399026,-40.577361,-1.029771,-1.492348,12.998638,9.095896,-47.859746,25.962332,-42.224537,3.814751,-12.501977,-11.652751
285,5.141224,-22.070979,77.347180,3.262990,-11.851564,106.234961,-1.783107,25.616436,24.975062,20.131310,-0.291288,-13.862921,10.155418,-34.903130,-36.376717,30.466203,-14.432519,15.000035,-2.390880,6.948650,11.637132,-7.571796,37.768516,-16.662810,-40.474335,-0.908304,-1.889725,12.897858,13.865091,-50.711450,21.619042,-44.631642,5.022242,-13.649161,-12.137252
286,5.255002,-21.970838,77.457867,3.693969,-11.997969,105.854865,-0.659647,24.761792,25.053603,18.507587,0.310525,-14.072336,10.277088,-35.094582,-36.062460,30.315064,-14.484459,15.000035,-2.820397,8.372528,11.253873,-6.716266,35.959955,-18.137134,-40.354145,-0.766600,-2.353303,12.780289,19.428812,-54.038234,16.552179,-47.439758,6.430897,-14.987462,-12.702467
287,5.456857,-21.772921,77.666740,4.501988,-12.262958,105.151218,1.400886,23.194291,25.197653,15.529524,1.414307,-14.277040,10.500243,-35.445723,-35.486084,30.037860,-14.579723,15.000035,-3.608171,10.984055,10.550939,-6.646958,32.642884,-20.841184,-40.133705,-0.506703,-3.203551,12.564656,29.633204,-60.139872,7.259071,-52.590110,9.014504,-17.442033,-13.739126
288,5.641351,-21.599725,77.875851,5.250670,-12.516112,104.554836,3.445150,21.609532,25.220560,12.417554,2.570059,-14.391504,10.782296,-35.729117,-34.974221,29.663192,-14.604146,15.000035,-4.240434,13.560782,9.855031,-7.039618,29.565596,-23.272575,-39.756235,-0.424178,-3.901382,12.474825,38.730814,-65.596361,-0.983644,-57.301121,11.375177,-19.586711,-14.534248
289,5.679366,-21.575181,77.967979,5.456757,-12.621706,104.506218,4.349528,20.848708,24.988838,10.723559,3.203663,-14.421505,11.029332,-35.723542,-34.868623,29.296604,-14.473698,15.000035,-4.219269,14.672144,9.550135,-7.241466,28.634675,-23.841734,-39.269258,-0.741008,-3.916457,12.685193,40.687384,-66.807180,-2.661154,-58.581784,12.011352,-19.950025,-14.415715
290,5.636598,-21.612173,78.004633,5.416101,-12.657733,104.697414,4.715181,20.482972,24.659795,9.729916,3.578852,-14.417411,11.248181,-35.593859,-34.943528,28.952951,-14.283500,15.000035,-3.917923,15.093675,9.429754,-7.247659,28.677184,-23.578985,-38.760984,-1.212947,-3.636803,13.013631,39.465859,-66.125956,-1.423279,-58.317695,11.871358,-19.527168,-13.910141
291,5.596997,-21.644031,78.038857,5.382388,-12.688070,104.868573,5.043651,20.154428,24.364212,8.837315,3.915889,-14.413733,11.444776,-35.477364,-35.010815,28.644244,-14.112643,15.000035,-3.647220,15.472340,9.321615,-7.253220,28.715370,-23.342955,-38.304396,-1.636894,-3.385585,13.308672,38.368550,-65.514004,-0.311283,-58.080461,11.745600,-19.147312,-13.455978
292,5.562499,-21.670864,78.070253,5.356092,-12.712417,105.017614,5.330998,19.867017,24.105636,8.056469,4.210729,-14.410516,11.616757,-35.375454,-35.069679,28.374187,-13.963177,15.000035,-3.410409,15.803596,9.227013,-7.258085,28.748776,-23.136476,-37.904973,-2.007764,-3.165820,13.566775,37.408625,-64.978669,0.661491,-57.872928,11.635588,-18.815014,-13.058676
293,5.532619,-21.695084,78.094984,5.338088,-12.733926,105.137189,5.544220,19.639560,23.886734,7.466811,4.429287,-14.421399,11.755598,-35.302312,-35.124984,28.162354,-13.842257,15.000035,-3.208092,16.063834,9.154280,-7.245781,28.799466,-22.959323,-37.580836,-2.279519,-2.985048,13.762965,36.615442,-64.541318,1.459457,-57.704098,11.524187,-18.541957,-12.723890
294,5.507113,-21.717489,78.111803,5.330598,-12.753226,105.223150,5.665804,19.481828,23.708513,7.110341,4.553470,-14.453822,11.856945,-35.265502,-35.179491,28.018960,-13.753526,15.000035,-3.040182,16.240742,9.107797,-7.207324,28.879544,-22.811012,-37.341179,-2.427678,-2.847002,13.884063,36.003352,-64.212680,2.064890,-57.578521,11.401854,-18.333937,-12.454010
295,5.487165,-21.735011,78.124958,5.324719,-12.768313,105.290387,5.760893,19.358467,23.569128,6.831548,4.650592,-14.479181,11.936209,-35.236714,-35.222120,27.906812,-13.684130,15.000035,-2.908860,16.379101,9.071443,-7.177246,28.942173,-22.695018,-37.153746,-2.543552,-2.739036,13.978773,35.524640,-63.955655,2.538396,-57.480309,11.306179,-18.171246,-12.242939
296,5.489199,-21.758912,78.117212,5.344981,-12.790612,105.290640,5.605865,19.388491,23.470432,7.162573,4.489542,-14.559709,11.942349,-35.313544,-35.292827,27.951691,-13.676537,15.000035,-2.802237,16.327579,9.100136,-7.034365,29.152425,-22.595444,-37.124676,-2.313117,-2.701628,13.880678,35.329711,-63.890959,2.684532,-57.461548,11.103195,-18.117158,-12.104992
297,5.490982,-21.775351,78.111547,5.359290,-12.805971,105.289605,5.495494,19.411750,23.403754,7.399603,4.374914,-14.615699,11.945230,-35.367913,-35.341624,27.985160,-13.672460,15.000035,-2.729858,16.288983,9.120900,-6.934754,29.298674,-22.527730,-37.107664,-2.149517,-2.677344,13.810219,35.201669,-63.850223,2.778467,-57.450161,10.962633,-18.082165,-12.012089
298,5.492040,-21.785097,78.108188,5.367775,-12.815077,105.288990,5.430054,19.425540,23.364221,7.540140,4.306950,-14.648896,11.946938,-35.400149,-35.370556,28.005004,-13.670043,15.000035,-2.686944,16.266099,9.133212,-6.875694,29.385387,-22.487583,-37.097578,-2.052517,-2.662946,13.768444,35.125753,-63.826071,2.834162,-57.443409,10.879293,-18.061417,-11.957005
299,5.492534,-21.789651,78.106618,5.371739,-12.819332,105.288703,5.399478,19.431984,23.345749,7.605804,4.275194,-14.664407,11.947736,-35.415211,-35.384074,28.014276,-13.668914,15.000035,-2.666893,16.255407,9.138964,-6.848099,29.425902,-22.468824,-37.092865,-2.007195,-2.656219,13.748925,35.090282,-63.814786,2.860184,-57.440254,10.840354,-18.051723,-11.931268
300,5.492663,-21.790845,78.106207,5.372779,-12.820448,105.288627,5.391462,19.433673,23.340906,7.623021,4.266868,-14.668474,11.947946,-35.419160,-35.387618,28.016707,-13.668618,15.000035,-2.661636,16.252604,9.140472,-6.840864,29.436525,-22.463906,-37.091629,-1.995312,-2.654455,13.743808,35.080981,-63.811827,2.867007,-57.439427,10.830144,-18.049181,-11.924520
301,5.492663,-21.790845,78.106207,5.372779,-12.820448,105.288627,5.391462,19.433673,23.340906,7.623021,4.266868,-14.668474,11.947946,-35.419160,-35.387618,28.016707,-13.668618,15.000035,-2.661636,16.252604,9.140472,-6.840864,29.436525,-22.463906,-37.091629,-1.995312,-2.654455,13.743808,35.080981,-63.811827,2.867007,-57.439427,10.830144,-18.049181,-11.924520
302,5.492663,-21.790845,78.106207,5.372779,-12.820448,105.288627,5.391462,19.433673,23.340906,7.623021,4.266868,-14.668474,11.947946,-35.419160,-35.387618,28.016707,-13.668618,15.000035,-2.661636,16.252604,9.140472,-6.840864,29.436525,-22.463906,-37.091629,-1.995312,-2.654455,13.743808,35.080981,-63.811827,2.867007,-57.439427,10.830144,-18.049181,-11.924520
303,5.492663,-21.790845,78.106207,5.372779,-12.820448,105.288627,5.391462,19.433673,23.340906,7.623021,4.266868,-14.668474,11.947946,-35.419160,-35.387618,28.016707,-13.668618,15.000035,-2.661636,16.252604,9.140472,-6.840864,29.436525,-22.463906,-37.091629,-1.995312,-2.654455,13.743808,35.080981,-63.811827,2.867007,-57.439427,10.830144,-18.049181,-11.924520
304,5.492663,-21.790845,78.106207,5.372779,-12.820448,105.288627,5.391462,19.433673,23.340906,7.623021,4.266868,-14.668474,11.947946,-35.419160,-35.387618,28.016707,-13.668618,15.000035,-2.661636,16.252604,9.140472,-6.840864,29.436525,-22.463906,-37.091629,-1.995312,-2.654455,13.743808,35.080981,-63.811827,2.867007,-57.439427,10.830144,-18.049181,-11.924520
305,5.492663,-21.790845,78.106207,5.372779,-12.820448,105.288627,5.391462,19.433673,23.340906,7.623021,4.266868,-14.668474,11.947946,-35.419160,-35.387618,28.016707,-13.668618,15.000035,-2.661636,16.252604,9.140472,-6.840864,29.436525,-22.463906,-37.091629,-1.995312,-2.654455,13.743808,35.080981,-63.811827,2.867007,-57.439427,10.830144,-18.049181,-11.924520
306,5.492663,-21.790845,78.106207,5.372779,-12.820448,105.288627,5.391462,19.433673,23.340906,7.623021,4.266868,-14.668474,11.947946,-35.419160,-35.387618,28.016707,-13.668618,15.000035,-2.661636,16.252604,9.140472,-6.840864,29.436525,-22.463906,-37.091629,-1.995312,-2.654455,13.743808,35.080981,-63.811827,2.867007,-57.439427,10.830144,-18.049181,-11.924520
307,5.492663,-21.790845,78.106207,5.372779,-12.820448,105.288627,5.391462,19.433673,23.340906,7.623021,4.266868,-14.668474,11.947946,-35.419160,-35.387618,28.016707,-13.668618,15.000035,-2.661636,16.252604,9.140472,-6.840864,29.436525,-22.463906,-37.091629,-1.995312,-2.654455,13.743808,35.080981,-63.811827,2.867007,-57.439427,10.830144,-18.049181,-11.924520
308,5.492663,-21.790845,78.106207,5.372779,-12.820448,105.288627,5.391462,19.433673,23.340906,7.623021,4.266868,-14.668474,11.947946,-35.419160,-35.387618,28.016707,-13.668618,15.000035,-2.661636,16.252604,9.140472,-6.840864,29.436525,-22.463906,-37.091629,-1.995312,-2.654455,13.743808,35.080981,-63.811827,2.867007,-57.439427,10.830144,-18.049181,-11.924520
309,5.492663,-21.790845,78.106207,5.372779,-12.820448,105.288627,5.391462,19.433673,23.340906,7.623021,4.266868,-14.668474,11.947946,-35.419160,-35.387618,28.016707,-13.668618,15.000035,-2.661636,16.252604,9.140472,-6.840864,29.436525,-22.463906,-37.091629,-1.995312,-2.654455,13.743808,35.080981,-63.811827,2.867007,-57.439427,10.830144,-18.049181,-11.924520
310,5.492663,-21.790845,78.106207,5.372779,-12.820448,105.288627,5.391462,19.433673,23.340906,7.623021,4.266868,-14.668474,11.947946,-35.419160,-35.387618,28.016707,-13.668618,15.000035,-2.661636,16.252604,9.140472,-6.840864,29.436525,-22.463906,-37.091629,-1.995312,-2.654455,13.743808,35.080981,-63.811827,2.867007,-57.439427,10.830144,-18.049181,-11.924520
311,5.492663,-21.790845,78.106207,5.372779,-12.820448,105.288627,5.391462,19.433673,23.340906,7.623021,4.266868,-14.668474,11.947946,-35.419160,-35.387618,28.016707,-13.668618,15.000035,-2.661636,16.252604,9.140472,-6.840864,29.436525,-22.463906,-37.091629,-1.995312,-2.654455,13.743808,35.080981,-63.811827,2.867007,-57.439427,10.830144,-18.049181,-11.924520
312,5.492663,-21.790845,78.106207,5.372779,-12.820448,105.288627,5.391462,19.433673,23.340906,7.623021,4.266868,-14.668474,11.947946,-35.419160,-35.387618,28.016707,-13.668618,15.000035,-2.661636,16.252604,9.140472,-6.840864,29.436525,-22.463906,-37.091629,-1.995312,-2.654455,13.743808,35.080981,-63.811827,2.867007,-57.439427,10.830144,-18.049181,-11.924520
313,5.492663,-21.790845,78.106207,5.372779,-12.820448,105.288627,5.391462,19.433673,23.340906,7.623021,4.266868,-14.668474,11.947946,-35.419160,-35.387618,28.016707,-13.668618,15.000035,-2.661636,16.252604,9.140472,-6.840864,29.436525,-22.463906,-37.091629,-1.995312,-2.654455,13.743808,35.080981,-63.811827,2.867007,-57.439427,10.830144,-18.049181,-11.924520
314,5.492663,-21.790845,78.106207,5.372779,-12.820448,105.288627,5.391462,19.433673,23.340906,7.623021,4.266868,-14.668474,11.947946,-35.419160,-35.387618,28.016707,-13.668618,15.000035,-2.661636,16.252604,9.140472,-6.840864,29.436525,-22.463906,-37.091629,-1.995312,-2.654455,13.743808,35.080981,-63.811827,2.867007,-57.439427,10.830144,-18.049181,-11.924520
315,5.492663,-21.790845,78.106207,5.372779,-12.820448,105.288627,5.391462,19.433673,23.340906,7.623021,4.266868,-14.668474,11.947946,-35.419160,-35.387618,28.016707,-13.668618,15.000035,-2.661636,16.252604,9.140472,-6.840864,29.436525,-22.463906,-37.091629,-1.995312,-2.654455,13.743808,35.080981,-63.811827,2.867007,-57.439427,10.830144,-18.049181,-11.924520
316,5.492663,-21.790845,78.106207,5.372779,-12.820448,105.288627,5.391462,19.433673,23.340906,7.623021,4.266868,-14.668474,11.947946,-35.419160,-35.387618,28.016707,-13.668618,15.000035,-2.661636,16.252604,9.140472,-6.840864,29.436525,-22.463906,-37.091629,-1.995312,-2.654455,13.743808,35.080981,-63.811827,2.867007,-57.439427,10.830144,-18.049181,-11.924520
317,5.492663,-21.790845,78.106207,5.372779,-12.820448,105.288627,5.391462,19.433673,23.340906,7.623021,4.266868,-14.668474,11.947946,-35.419160,-35.387618,28.016707,-13.668618,15.000035,-2.661636,16.252604,9.140472,-6.840864,29.436525,-22.463906,-37.091629,-1.995312,-2.654455,13.743808,35.080981,-63.811827,2.867007,-57.439427,10.830144,-18.049181,-11.924520
318,5.492663,-21.790845,78.106207,5.372779,-12.820448,105.288627,5.391462,19.433673,23.340906,7.623021,4.266868,-14.668474,11.947946,-35.419160,-35.387618,28.016707,-13.668618,15.000035,-2.661636,16.252604,9.140472,-6.840864,29.436525,-22.463906,-37.091629,-1.995312,-2.654455,13.743808,35.080981,-63.811827,2.867007,-57.439427,10.830144,-18.049181,-11.924520
319,5.492663,-21.790845,78.106207,5.372779,-12.820448,105.288627,5.391462,19.433673,23.340906,7.623021,4.266868,-14.668474,11.947946,-35.419160,-35.387618,28.016707,-13.668618,15.000035,-2.661636,16.252604,9.140472,-6.840864,29.436525,-22.463906,-37.091629,-1.995312,-2.654455,13.743808,35.080981,-63.811827,2.867007,-57.439427,10.830144,-18.049181,-11.924520
320,5.492663,-21.790845,78.106207,5.372779,-12.820448,105.288627,5.391462,19.433673,23.340906,7.623021,4.266868,-14.668474,11.947946,-35.419160,-35.387618,28.016707,-13.668618,15.000035,-2.661636,16.252604,9.140472,-6.840864,29.436525,-22.463906,-37.091629,-1.995312,-2.654455,13.743808,35.080981,-63.811827,2.867007,-57.439427,10.830144,-18.049181,-11.924520
321,5.492663,-21.790845,78.106207,5.372779,-12.820448,105.288627,5.391462,19.433673,23.340906,7.623021,4.266868,-14.668474,11.947946,-35.419160,-35.387618,28.016707,-13.668618,15.000035,-2.661636,16.252604,9.140472,-6.840864,29.436525,-22.463906,-37.091629,-1.995312,-2.654455,13.743808,35.080981,-63.811827,2.867007,-57.439427,10.830144,-18.049181,-11.924520
322,5.492663,-21.790845,78.106207,5.372779,-12.820448,105.288627,5.391462,19.433673,23.340906,7.623021,4.266868,-14.668474,11.947946,-35.419160,-35.387618,28.016707,-13.668618,15.000035,-2.661636,16.252604,9.140472,-6.840864,29.436525,-22.463906,-37.091629,-1.995312,-2.654455,13.743808,35.080981,-63.811827,2.867007,-57.439427,10.830144,-18.049181,-11.924520
323,5.492663,-21.790845,78.106207,5.372779,-12.820448,105.288627,5.391462,19.433673,23.340906,7.623021,4.266868,-14.668474,11.947946,-35.419160,-35.387618,28.016707,-13.668618,15.000035,-2.661636,16.252604,9.140472,-6.840864,29.436525,-22.463906,-37.091629,-1.995312,-2.654455,13.743808,35.080981,-63.811827,2.867007,-57.439427,10.830144,-18.049181,-11.924520
324,5.492663,-21.790845,78.106207,5.372779,-12.820448,105.288627,5.391462,19.433673,23.340906,7.623021,4.266868,-14.668474,11.947946,-35.419160,-35.387618,28.016707,-13.668618,15.000035,-2.661636,16.252604,9.140472,-6.840864,29.436525,-22.463906,-37.091629,-1.995312,-2.654455,13.743808,35.080981,-63.811827,2.867007,-57.439427,10.830144,-18.049181,-11.924520
325,5.492663,-21.790845,78.106207,5.372779,-12.820448,105.288627,5.391462,19.433673,23.340906,7.623021,4.266868,-14.668474,11.947946,-35.419160,-35.387618,28.016707,-13.668618,15.000035,-2.661636,16.252604,9.140472,-6.840864,29.436525,-22.463906,-37.091629,-1.995312,-2.654455,13.743808,35.080981,-63.811827,2.867007,-57.439427,10.830144,-18.049181,-11.924520
326,5.492663,-21.790845,78.106207,5.372779,-12.820448,105.288627,5.391462,19.433673,23.340906,7.623021,4.266868,-14.668474,11.947946,-35.419160,-35.387618,28.016707,-13.668618,15.000035,-2.661636,16.252604,9.140472,-6.840864,29.436525,-22.463906,-37.091629,-1.995312,-2.654455,13.743808,35.080981,-63.811827,2.867007,-57.439427,10.830144,-18.049181,-11.924520
327,5.492663,-21.790845,78.106207,5.372779,-12.820448,105.288627,5.391462,19.433673,23.340906,7.623021,4.266868,-14.668474,11.947946,-35.419160,-35.387618,28.016707,-13.668618,15.000035,-2.661636,16.252604,9.140472,-6.840864,29.436525,-22.463906,-37.091629,-1.995312,-2.654455,13.743808,35.080981,-63.811827,2.867007,-57.439427,10.830144,-18.049181,-11.924520
328,5.492663,-21.790845,78.106207,5.372779,-12.820448,105.288627,5.391462,19.433673,23.340906,7.623021,4.266868,-14.668474,11.947946,-35.419160,-35.387618,28.016707,-13.668618,15.000035,-2.661636,16.252604,9.140472,-6.840864,29.436525,-22.463906,-37.091629,-1.995312,-2.654455,13.743808,35.080981,-63.811827,2.867007,-57.439427,10.830144,-18.049181,-11.924520
329,5.492663,-21.790845,78.106207,5.372779,-12.820448,105.288627,5.391462,19.433673,23.340906,7.623021,4.266868,-14.668474,11.947946,-35.419160,-35.387618,28.016707,-13.668618,15.000035,-2.661636,16.252604,9.140472,-6.840864,29.436525,-22.463906,-37.091629,-1.995312,-2.654455,13.743808,35.080981,-63.811827,2.867007,-57.439427,10.830144,-18.049181,-11.924520
330,5.492663,-21.790845,78.106207,5.372779,-12.820448,105.288627,5.391462,19.433673,23.340906,7.623021,4.266868,-14.668474,11.947946,-35.419160,-35.387618,28.016707,-13.668618,15.000035,-2.661636,16.252604,9.140472,-6.840864,29.436525,-22.463906,-37.091629,-1.995312,-2.654455,13.743808,35.080981,-63.811827,2.867007,-57.439427,10.830144,-18.049181,-11.924520
331,5.495228,-21.886763,78.069820,5.456040,-12.909839,105.275498,4.727499,19.584927,22.961387,9.057112,3.577474,-14.782618,11.956310,-35.744250,-35.671874,28.227191,-13.652093,15.000035,-2.247473,16.008889,9.267410,-6.254350,30.295624,-22.075688,-37.011461,-1.013892,-2.522514,13.316219,34.375343,-63.598826,3.371262,-57.382777,10.008349,-17.859831,-11.397577
332,5.010119,-19.605498,78.029305,5.538278,-13.000470,105.258018,4.040680,19.748457,22.582270,10.545674,3.485472,-14.736213,11.959369,-36.079297,-35.960122,28.450621,-13.639987,15.000035,-1.832305,15.749593,9.399982,-5.655575,31.171391,-21.686034,-36.942361,-0.000402,-2.394848,12.871585,33.685714,-63.398480,3.854939,-57.331567,9.173095,-17.677157,-10.872413
333,3.899596,-14.348914,77.995597,5.606371,-13.081108,105.204968,3.384969,19.908190,22.222240,11.983218,4.112351,-14.673148,11.979188,-36.376826,-36.245377,28.585228,-13.576858,15.000035,-1.411730,15.446263,9.511137,-4.971857,32.035412,-21.316094,-36.610559,0.993578,-2.242118,12.434762,32.919372,-63.165542,4.334221,-57.284285,8.416058,-17.469673,-10.338961
334,3.131132,-11.939041,78.146918,5.436854,-12.941810,104.362481,3.407793,19.985114,22.278541,12.307935,4.160512,-14.596077,12.364580,-35.856032,-36.465354,26.782419,-12.400789,15.000035,-0.873225,14.182432,9.155136,-2.435348,32.643232,-21.376140,-30.548630,1.562017,-1.542649,12.168353,30.479713,-62.221699,4.717652,-57.322689,9.365069,-16.721023,-9.624739
335,2.481773,-11.471408,78.480533,4.949053,-12.519185,102.500572,4.306865,19.955099,22.872481,11.195573,3.491388,-14.500918,13.222065,-34.278474,-36.601032,22.477670,-9.787493,15.000035,-0.182427,11.678229,8.195861,2.493819,32.920198,-21.991460,-17.086934,1.580919,-0.137134,12.122012,25.879166,-60.359809,4.977304,-57.471746,12.517234,-15.273524,-8.677072
336,1.727362,-11.113655,78.774061,4.340866,-12.011477,100.325361,5.475460,19.892191,23.631793,9.641183,1.871753,-14.400195,14.224760,-32.375868,-36.710781,17.403356,-6.732123,15.000035,0.555214,8.792505,7.051026,8.158936,33.095398,-22.777576,-1.349167,1.430791,1.485551,12.143361,20.613959,-58.215540,5.198881,-57.654839,16.347062,-13.611066,-7.657602
337,0.969059,-10.912212,78.938866,3.706339,-11.504017,98.150237,6.644054,19.829283,24.391104,8.086793,1.109470,-14.299473,15.227454,-30.473263,-36.820531,12.329042,-3.676754,15.000035,1.292855,5.906781,5.906191,13.824053,33.270599,-23.563692,14.388601,1.280663,3.108236,12.164710,15.348752,-56.071271,5.420459,-57.837931,20.176889,-11.948609,-6.638132
338,0.261635,-10.764161,78.969078,3.086418,-10.954477,96.023621,7.451839,19.828344,25.075192,7.032385,0.830130,-14.125759,15.795794,-28.769906,-36.675574,8.009290,-1.075357,15.000035,1.905030,3.160990,5.181923,18.455204,33.500570,-23.954537,28.677502,0.593625,4.515831,12.285534,10.533997,-54.058050,5.596048,-57.888618,23.465066,-10.521433,-5.783306
339,-0.283347,-10.882284,78.888696,2.609514,-10.238812,94.080997,6.872710,20.065608,25.470123,7.899862,-0.274834,-14.025858,14.694517,-27.832442,-35.551552,6.590003,-0.218987,15.000035,2.034930,0.953092,6.074274,19.111890,33.941073,-22.826003,37.397099,-2.157242,5.096643,12.788731,7.450740,-52.548571,5.594859,-57.430353,24.671190,-9.998657,-5.561353
340,-0.755593,-11.106889,78.763513,2.220645,-9.438124,92.223533,5.604941,20.421146,25.721482,9.721605,-1.681183,-13.577873,12.764232,-27.275264,-33.941400,6.610874,-0.229069,15.000035,1.925367,-0.987729,7.769320,17.795147,34.486111,-20.943057,43.351388,-5.932858,5.266934,13.481787,5.227217,-51.289213,5.505896,-56.719378,24.843519,-9.924938,-5.653639
341,-1.225912,-11.314367,78.621264,1.860058,-8.627417,90.366237,4.270613,20.788115,25.958964,11.635580,-2.978850,-13.337478,10.753822,-26.754842,-32.284262,6.770939,-0.322894,15.000035,1.792659,-2.902737,9.541946,16.287669,35.041253,-18.987195,49.038407,-9.807517,5.397548,14.193194,3.086789,-50.054029,5.408449,-55.983979,24.915931,-9.894621,-5.776295
342,-1.675271,-11.480915,78.464056,1.520407,-7.814756,88.501320,2.936285,21.155085,26.196444,13.549554,-4.326113,-12.863749,8.743411,-26.234421,-30.627125,6.931004,-0.416720,15.000035,1.659952,-4.817746,11.314573,14.780192,35.596394,-17.031333,54.725426,-13.682174,5.528163,14.904601,0.946360,-48.818845,5.311001,-55.248581,24.988341,-9.864304,-5.898953
343,-1.988506,-12.279967,78.326222,1.363493,-5.785106,87.286433,-2.067021,21.538290,25.003193,18.434486,-6.214800,-12.065672,3.197246,-26.350745,-28.296088,11.057330,-2.188842,14.809311,1.386526,-5.760833,14.099377,10.211300,36.221564,-16.715142,59.278304,-17.451344,5.060413,16.186090,-2.185982,-47.379208,7.234381,-52.945888,23.269212,-11.296258,-7.074207
344,-2.149363,-13.639950,77.968758,1.353656,-2.665067,86.692422,-10.544216,21.936870,22.455284,26.132400,-8.756595,-11.086737,-5.696664,-27.069957,-25.326985,18.939017,-5.550021,13.657788,0.979865,-5.783680,17.842537,2.743777,36.913039,-17.951434,62.757349,-21.120634,4.026116,18.007346,-6.257492,-45.745989,11.071130,-49.159239,19.853807,-14.112731,-9.246087
345,-2.306423,-15.040538,77.096993,1.356631,0.595391,86.226259,-19.726312,22.338567,19.632498,34.401107,-11.449833,-10.071103,-15.269878,-27.911505,-22.228410,27.582720,-8.842413,12.638622,0.546168,-5.619798,21.780160,-5.311918,37.617971,-19.502748,66.018497,-24.769657,2.876860,19.938130,-10.519572,-44.073490,15.296129,-45.071476,16.094203,-17.210143,-11.620196
346,-2.497994,-16.318482,75.699108,1.335458,3.774339,85.759478,-28.908408,22.740266,16.809713,42.669814,-14.143073,-9.055470,-24.843091,-28.753053,-19.129835,36.226423,-12.110798,11.858638,0.112471,-5.455915,25.717784,-13.367613,38.322900,-21.054061,69.279644,-28.418680,1.727602,21.868915,-14.781652,-42.400991,19.521128,-40.983712,12.334597,-20.307553,-13.994305
347,-2.712183,-17.589684,73.955433,1.309891,6.946885,85.400303,-37.803632,22.878875,13.987897,50.376470,-16.664045,-8.554464,-34.136763,-29.407948,-16.164972,44.340332,-14.959641,11.093297,-0.281030,-5.239870,29.125576,-20.430671,38.869238,-22.386571,72.338296,-31.994831,0.539254,23.657776,-18.759638,-40.744219,23.371807,-36.937784,8.997549,-23.006770,-15.936425
348,-2.635004,-18.176669,72.626810,1.368451,10.379558,85.604070,-45.244289,21.683509,11.171008,55.233288,-18.311550,-8.309867,-42.013037,-29.116439,-13.878084,49.767963,-16.947564,10.239102,-0.470726,-4.759344,29.846893,-22.460640,38.611444,-22.609655,74.370203,-35.201495,-0.847307,24.727031,-21.297142,-39.167191,25.324521,-33.103983,7.803034,-23.686975,-15.688180
349,-2.544444,-18.718441,71.274151,1.404045,13.898332,85.957208,-52.296059,20.131496,8.355436,59.328182,-19.725526,-8.119412,-49.510359,-28.571901,-11.772458,54.477400,-18.588002,9.434481,-0.605933,-4.208106,29.849963,-23.144975,38.138659,-22.536126,76.127602,-38.309375,-2.286862,25.603895,-23.449524,-37.611483,26.769802,-29.326894,7.181341,-23.827384,-14.854325
350,-2.481141,-19.209603,69.690407,1.377470,17.447101,86.302346,-59.334039,18.566837,5.539910,63.396059,-21.131222,-8.261166,-56.994244,-28.018391,-9.673259,59.161370,-20.000354,8.884219,-0.739207,-3.654359,29.827565,-23.781597,37.658250,-22.452080,77.875267,-41.413752,-3.728295,26.473937,-25.588250,-36.056530,28.197089,-25.551817,6.579960,-23.948651,-13.999705
351,-2.430419,-19.615725,67.950405,1.291559,20.979776,86.639354,-66.253825,16.997487,2.768681,67.388728,-22.515131,-8.545316,-64.348148,-27.455245,-7.604256,63.774498,-21.607805,8.665673,-0.863837,-3.095542,29.805801,-24.407067,37.189968,-22.386420,79.561422,-44.432300,-5.143285,27.324180,-27.682691,-34.564395,29.573211,-21.886432,5.988130,-24.046569,-13.170925
352,-2.297915,-19.812506,66.684155,1.276140,23.542445,87.282943,-71.109416,15.346241,0.771098,70.067916,-23.518542,-8.848857,-69.431991,-26.723818,-6.062608,67.150402,-22.913648,8.602380,-0.837506,-2.448143,29.795123,-24.837766,36.933459,-22.641872,80.173331,-45.951893,-6.096436,27.828676,-29.003719,-34.169309,30.055739,-20.136762,5.563112,-23.736707,-12.793450
353,-2.088284,-19.872139,65.918673,1.354564,25.253845,88.209764,-74.198250,13.624899,-0.564320,71.622892,-24.196282,-8.767112,-72.572877,-25.848355,-4.972324,69.467361,-24.184033,8.501263,-0.681966,-1.724926,29.793932,-25.101759,36.858207,-23.172166,79.865785,-46.188518,-6.654296,28.037245,-29.662777,-34.713193,29.773437,-20.026765,5.280870,-23.077821,-12.802248
354,-1.871744,-19.924962,65.165708,1.445993,26.866964,89.174236,-77.073681,11.895089,-1.819757,73.042074,-24.834685,-8.726721,-75.479077,-24.955495,-3.936560,71.656411,-25.445888,8.391933,-0.510819,-0.992552,29.793889,-25.345617,36.804849,-23.735659,79.447180,-46.270177,-7.164411,28.210068,-30.241879,-35.370494,29.398752,-20.114820,5.015874,-22.376778,-12.857704
355,-1.656989,-19.964663,64.349910,1.538696,28.488511,90.141376,-79.949112,10.165280,-3.075194,74.461257,-25.473088,-8.951373,-78.385276,-24.062636,-2.900796,73.845462,-26.700375,8.282605,-0.339671,-0.260177,29.793844,-25.589474,36.751491,-24.299150,79.028573,-46.351836,-7.674525,28.382891,-30.820979,-36.027794,29.024067,-20.202875,4.750877,-21.675735,-12.913159
356,-1.490925,-19.997784,63.651093,1.589951,29.841134,90.926662,-82.367243,8.646523,-4.171398,75.657323,-25.987960,-9.244455,-80.832422,-23.212679,-2.007948,75.699747,-27.857990,8.197364,-0.192991,0.362035,29.793809,-25.750170,36.702118,-24.780203,78.687080,-46.391885,-8.040458,28.536206,-31.256318,-36.635306,28.676424,-20.336065,4.414340,-21.146037,-13.072692
357,-1.466997,-20.139090,63.318909,1.498814,30.318607,91.127409,-83.341154,7.794296,-4.764721,76.148754,-26.112698,-9.348725,-81.829804,-22.498213,-1.566454,76.496798,-28.316422,8.188202,-0.123581,0.636335,29.793802,-25.648231,36.665330,-25.000900,78.589116,-46.300527,-7.951051,28.627907,-31.237639,-37.085582,28.414186,-20.611800,3.851866,-21.157468,-13.560913
358,-1.472399,-20.271226,63.064724,1.377276,30.620468,91.208389,-84.022523,7.077083,-5.256181,76.497455,-26.158411,-9.044434,-82.533523,-21.811192,-1.216386,77.079695,-28.558260,8.194448,-0.069824,0.840163,29.793802,-25.493091,36.631092,-25.168859,78.540481,-46.182550,-7.769410,28.707128,-31.126992,-37.504007,28.169245,-20.916409,3.243625,-21.278512,-14.115715
359,-1.478875,-20.399426,62.812840,1.254166,30.917437,91.283571,-84.691330,6.365669,-5.743268,76.840026,-26.200731,-8.979766,-83.224630,-21.125351,-0.870244,77.653397,-28.788517,7.724164,-0.016739,1.040963,29.793802,-25.335667,36.596963,-25.334554,78.493965,-46.063431,-7.583806,28.785811,-31.012397,-37.921064,27.925047,-21.222257,2.633419,-21.404262,-14.673375
360,-1.489142,-20.491945,62.557444,1.130846,31.217304,91.358097,-85.360137,5.654254,-6.230354,77.182596,-26.243050,-9.036949,-83.915739,-20.439509,-0.524103,78.227098,-29.018774,7.708265,0.036346,1.241764,29.793802,-25.178242,36.562835,-25.500249,78.447448,-45.944311,-7.398205,28.864496,-30.897802,-38.338122,27.680850,-21.528106,2.023214,-21.530011,-15.231036
361,-1.488161,-20.657569,62.490039,1.034766,30.456639,91.292684,-84.737310,6.199436,-6.213995,77.237793,-26.269389,-9.163231,-83.359685,-20.244091,-0.005964,78.423954,-28.999853,8.376643,-0.199994,0.834246,29.793802,-21.750376,36.596157,-23.676294,78.434460,-45.240175,-6.796822,29.131636,-29.714232,-40.653329,26.275385,-19.529655,0.711977,-19.969469,-16.577808
362,-1.492234,-20.798601,62.543429,0.954212,29.088785,91.148951,-83.378190,7.460936,-5.910650,77.129173,-26.286619,-9.404541,-82.092689,-20.328239,0.610220,78.405992,-28.838886,9.053225,-0.601321,0.079956,29.793802,-16.458203,36.667932,-20.718147,78.440586,-44.202554,-5.958424,29.506205,-27.921298,-44.050570,24.207944,-16.217648,-0.998880,-17.447661,-18.374412
363,-1.495182,-20.860462,62.572093,0.919133,28.485570,91.085976,-82.778313,8.018015,-5.775693,77.080316,-26.294063,-9.510651,-81.533259,-20.367419,0.880130,78.396276,-28.767363,9.285906,-0.777998,-0.252427,29.793802,-14.131130,36.699608,-19.416588,78.443427,-43.746571,-5.590272,29.670696,-27.133104,-45.543403,23.299428,-14.760011,-1.749407,-16.338138,-19.162818
364,-1.498105,-20.908528,62.584348,0.891786,28.019445,91.037443,-82.315138,8.448143,-5.671491,77.042593,-26.299812,-9.834722,-81.101315,-20.397671,1.088534,78.388774,-28.712139,9.379938,-0.914413,-0.509065,29.793802,-12.334360,36.724064,-18.411633,78.445619,-43.394498,-5.306017,29.797702,-26.524524,-46.696044,22.597946,-13.634547,-2.328901,-15.481455,-19.771558
365,-1.501496,-20.956811,62.592577,0.864332,27.553038,90.989059,-81.851963,8.878271,-5.567287,77.004869,-26.305558,-9.803026,-80.669369,-20.427924,1.296936,78.381271,-28.656914,9.485037,-1.050828,-0.765703,29.793802,-10.537589,36.748522,-17.406678,78.447813,-43.042426,-5.021761,29.924709,-25.915946,-47.848684,21.896466,-12.509083,-2.908395,-14.624774,-20.380299
366,-1.505345,-21.005304,62.605634,0.836789,27.086353,90.940840,-81.388788,9.308401,-5.463084,76.967145,-26.311306,-9.771331,-80.237424,-20.458176,1.505338,78.373770,-28.607528,9.966548,-1.187243,-1.022341,29.793802,-8.740819,36.772979,-16.401723,78.450007,-42.690354,-4.737506,30.051716,-25.307369,-49.001325,21.194986,-11.383619,-3.487889,-13.768092,-20.989040
367,-1.509667,-21.054012,62.624379,0.809135,26.619376,90.892781,-80.925614,9.738530,-5.358881,76.929422,-26.317054,-9.739635,-79.805479,-20.488428,1.713740,78.366268,-28.709877,10.162034,-1.323658,-1.278979,29.793802,-6.944048,36.797437,-15.396769,78.452201,-42.338283,-4.453250,30.178721,-24.698791,-50.153965,20.493506,-10.258156,-4.067383,-12.911411,-21.597780
368,-1.514517,-21.100799,62.641394,0.781384,26.152113,90.844898,-80.462439,10.168658,-5.254678,76.891698,-26.322802,-9.740396,-79.373534,-20.518679,1.922143,78.358766,-28.991239,10.256067,-1.460073,-1.535618,29.793802,-5.147278,36.821893,-14.391814,78.454394,-41.986210,-4.168994,30.305727,-24.090214,-51.306606,19.792026,-9.132691,-4.646877,-12.054729,-22.206521
369,-1.521444,-21.099396,62.645774,0.753513,25.684550,90.797187,-79.999264,10.598787,-5.150475,76.853974,-26.328548,-10.176244,-78.941589,-20.548932,2.130545,78.351263,-28.936014,10.350099,-1.596489,-1.792255,29.793802,-3.350508,36.846351,-13.386860,78.456587,-41.634138,-3.884739,30.432734,-23.481636,-52.459246,19.090546,-8.007228,-5.226370,-11.198048,-22.815261
370,-1.529999,-20.922685,62.666630,0.743855,25.218818,90.768790,-79.496792,11.053256,-4.986450,76.759702,-26.318545,-10.131114,-78.484710,-20.600628,2.328367,78.308057,-28.864664,10.485311,-1.743196,-2.051624,29.793802,-1.364605,36.830364,-12.370547,78.481936,-41.420746,-3.529833,30.458487,-22.766738,-53.760148,18.484379,-6.238093,-5.252783,-10.219518,-23.350701
371,-1.482009,-21.090572,62.881881,0.923956,24.775266,90.939517,-78.581824,11.763205,-4.194483,76.071840,-26.143210,-9.944970,-77.766101,-20.877412,2.415127,77.890076,-28.624050,10.993723,-1.997938,-2.339647,29.793802,2.606563,36.389849,-11.235020,78.750326,-42.663035,-2.433339,29.421408,-20.935835,-56.617280,18.878686,2.287429,0.526310,-7.961984,-23.116720
372,-1.437058,-21.115738,63.122529,1.121495,24.338598,91.134529,-77.602528,12.512995,-3.304588,75.291409,-25.942091,-9.736836,-77.006675,-21.189299,2.484567,77.413647,-28.357041,11.041049,-2.269529,-2.632140,29.793802,6.887334,35.883128,-10.080902,79.056618,-44.132340,-1.221194,28.218580,-18.930892,-59.717110,19.429019,11.866618,7.210778,-5.504990,-22.762746
373,-1.399331,-21.068124,63.363668,1.305084,23.905716,91.322126,-76.623231,13.262787,-2.414692,74.510977,-25.740972,-9.528702,-76.247249,-21.501185,2.554007,76.937219,-28.090031,11.088377,-2.541121,-2.924632,29.793802,11.168106,35.376407,-8.926782,79.362910,-45.601644,-0.009049,27.015752,-16.925946,-62.816939,19.979351,21.445808,13.895247,-3.047995,-22.408772
374,-1.366054,-21.019653,63.644777,1.475072,23.476233,91.502722,-75.643935,14.012579,-1.524798,73.730545,-25.470555,-9.320567,-75.487823,-21.813072,2.623447,76.460791,-27.823021,11.135704,-2.812712,-3.217126,29.793802,15.448877,34.869685,-7.772663,79.669203,-47.070948,1.203097,25.812924,-14.921003,-65.916768,20.529684,31.024998,20.579715,-0.591000,-22.054798
375,-1.337459,-20.970536,63.941649,1.631133,23.049965,91.676446,-74.664638,14.762370,-0.634902,72.950114,-24.838734,-9.112433,-74.728397,-22.124959,2.692888,75.984363,-27.556011,11.243173,-3.084304,-3.509618,29.793802,19.729648,34.362965,-6.618543,79.975496,-48.540251,2.415241,24.610095,-12.916057,-69.016598,21.080016,40.604187,27.264184,1.865994,-21.700823
376,-1.313499,-20.921022,64.204096,1.773624,22.626523,91.843705,-73.685342,15.512162,0.254992,72.169683,-24.556035,-8.904299,-73.968972,-22.436845,2.762328,75.507934,-27.289002,11.645513,-3.355896,-3.802111,29.793802,24.010419,33.856244,-5.464424,80.281789,-50.009555,3.627387,23.407268,-10.911113,-72.116428,21.630350,50.183376,33.948652,4.322989,-21.346850
377,-1.294385,-20.871345,64.504632,1.902233,22.205677,92.004643,-72.706046,16.261953,1.144888,71.389252,-23.936495,-8.696164,-73.209545,-22.748732,2.831769,75.031506,-27.021991,11.777684,-3.627487,-4.094604,29.793802,28.291191,33.349523,-4.310304,80.588081,-51.478860,4.839532,22.204440,-8.906168,-75.216257,22.180682,59.762565,40.633120,6.779984,-20.992877
378,-1.280050,-20.821748,64.750940,2.017323,21.787039,92.159662,-71.726749,17.011745,2.034783,70.608820,-23.707234,-8.488029,-72.450119,-23.060619,2.901208,74.555078,-26.754981,11.853153,-3.899078,-4.387096,29.793802,32.571963,32.842802,-3.156186,80.894373,-52.948165,6.051678,21.001612,-6.901224,-78.316086,22.731015,69.341754,47.317588,9.236979,-20.638903
379,-1.270676,-20.772481,65.033616,2.118608,21.370339,92.308921,-70.747453,17.761537,2.924678,69.828388,-23.314326,-8.279895,-71.690693,-23.372506,2.970649,74.078649,-26.487972,12.092269,-4.170669,-4.679589,29.793802,36.852734,32.336081,-2.002066,81.200665,-54.417469,7.263823,19.798784,-4.896279,-81.415916,23.281348,78.920944,54.002057,11.693973,-20.284929
380,-1.266176,-20.723778,65.294107,2.206453,20.955192,92.452815,-69.768156,18.511328,3.814573,69.047957,-22.726997,-8.071761,-70.931267,-23.684393,3.040089,73.602222,-26.220962,12.451673,-4.442261,-4.972082,29.793802,41.133506,31.829360,-0.847946,81.506958,-55.886773,8.475968,18.595956,-2.891335,-84.515746,23.831680,88.500133,60.686525,14.150968,-19.930955
381,-1.266703,-20.675905,65.577673,2.280601,20.541292,92.591522,-68.788860,19.261120,4.704468,68.267525,-22.132018,-7.863626,-70.171841,-23.996279,3.109529,73.125794,-25.953951,12.696193,-4.713852,-5.264575,29.793801,45.414277,31.322639,0.306172,81.813251,-57.356076,9.688114,17.393128,-0.886390,-87.615575,24.382012,98.079322,67.370993,16.607963,-19.576981
382,-1.288096,-20.656782,65.819964,2.341421,20.128260,92.725430,-67.809563,20.010911,5.594363,67.487094,-21.812478,-7.773912,-69.412416,-24.308166,3.178970,72.649365,-25.686942,13.014319,-4.985444,-5.557067,29.793801,49.695048,30.815918,1.460292,82.119543,-58.825380,10.900258,16.190300,1.118555,-90.715404,24.932346,107.658511,74.055462,19.064958,-19.223007
383,-1.308309,-20.706037,66.057585,2.429051,19.738393,93.074662,-66.923805,20.624540,6.407479,66.684162,-21.146798,-7.966061,-68.640376,-24.717916,3.215939,72.187034,-25.464306,13.080694,-5.178070,-5.618819,29.793802,53.800730,30.274852,2.397859,82.314060,-60.034586,11.958307,15.258609,3.913942,-93.175963,24.787456,115.835412,79.900839,21.096460,-18.959569
384,-1.101593,-20.668845,66.193066,2.665388,19.437219,94.293216,-66.409622,20.697265,6.915597,65.791843,-20.493192,-7.850927,-67.818231,-25.516425,3.123922,71.780707,-25.417945,13.222738,-5.057010,-4.763960,29.793805,57.210878,29.597348,2.475186,82.064549,-60.210559,12.404210,15.403998,9.849342,-93.097037,21.880816,118.441765,82.412960,21.437708,-19.055786
385,-0.759775,-20.613530,66.281568,3.008613,19.191394,96.085495,-66.139697,20.414421,7.223220,64.840764,-19.455014,-7.784634,-66.963146,-26.570489,2.947114,71.411194,-25.487458,13.414521,-4.729746,-3.306558,29.793810,60.163808,28.830156,1.987023,81.523152,-59.707325,12.447713,16.257418,17.848858,-91.348756,17.158714,117.386264,82.733932,20.667851,-19.388425
386,-0.450779,-20.623941,66.331732,3.359641,18.942856,97.879137,-65.869772,20.131578,7.530844,63.889687,-18.372197,-7.575359,-66.108062,-27.624553,2.770305,71.041680,-25.556972,13.606305,-4.402481,-1.849156,29.793816,63.116737,28.062963,1.498860,80.981756,-59.204093,12.491216,17.110837,25.848375,-89.600475,12.436613,116.330763,83.054904,19.897994,-19.721064
387,-0.133903,-20.624316,66.405378,3.718739,18.691610,99.674038,-65.599848,19.848736,7.838467,62.938608,-17.421331,-7.152048,-65.252978,-28.678617,2.593497,70.672166,-25.626486,13.798090,-4.075217,-0.391753,29.793821,66.069667,27.295771,1.010698,80.440360,-58.700860,12.534719,17.964257,33.847890,-87.852194,7.714510,115.275261,83.375876,19.128137,-20.053702
388,0.190300,-20.614371,66.558371,4.085483,18.437356,101.469860,-65.329923,19.565892,8.146091,61.987530,-16.277653,-7.085755,-64.397894,-29.732681,2.416688,70.302652,-25.696000,13.989874,-3.747952,1.065649,29.793827,69.022597,26.528579,0.522536,79.898964,-58.197627,12.578222,18.817676,41.847407,-86.103913,2.992408,114.219760,83.696847,18.358280,-20.386341
389,0.547025,-20.617254,66.774803,4.460104,18.180108,103.266472,-65.059999,19.283049,8.453714,61.036452,-15.380903,-7.150096,-63.542811,-30.786744,2.239880,69.933138,-25.765513,14.181658,-3.420687,2.523051,29.793832,71.975526,25.761386,0.034374,79.357567,-57.694394,12.621725,19.671096,49.846923,-84.355632,-1.729694,113.164259,84.017819,17.588423,-20.718979
390,1.060799,-20.710497,67.024438,4.812294,17.835983,105.171503,-64.726772,18.903691,8.685111,60.057497,-14.373923,-7.375514,-62.499853,-31.834777,1.944942,69.542735,-25.833847,14.382835,-2.987960,4.006301,29.793897,74.506127,24.981466,-0.528704,78.756696,-57.015281,12.602841,20.475135,56.819106,-82.609333,-5.867402,112.046410,84.044360,16.741387,-20.944147
391,1.965766,-20.906482,67.474085,4.990961,16.989896,107.726123,-64.013759,17.945283,8.459180,58.911291,-13.148004,-7.272672,-60.329729,-32.846627,0.941274,69.027002,-25.895100,14.640360,-1.922494,5.644625,29.794321,74.502927,24.125182,-1.541238,77.799003,-55.280964,12.209664,20.982908,57.627714,-80.874919,-6.498985,110.554502,82.304434,15.431313,-20.524533
392,3.341062,-21.223408,68.171765,4.949416,15.519445,111.116723,-62.818660,16.251848,7.652731,57.552780,-12.185964,-6.514351,-56.728813,-33.812547,-0.962033,68.352177,-25.947365,14.905564,-0.053850,7.479795,29.795202,71.283397,23.171965,-3.124298,76.388368,-52.207204,11.341370,21.114611,50.612467,-79.155594,-2.680003,108.587773,78.322210,13.533471,-19.286453
393,4.921605,-21.773101,68.845834,4.965760,14.062615,114.541719,-61.623559,14.558413,6.846281,56.194270,-11.223923,-5.657870,-53.127898,-34.778467,-2.865339,67.677352,-25.999630,15.000035,1.814794,9.314965,29.796084,68.063868,22.218748,-4.707359,74.977734,-49.133444,10.473076,21.246314,43.597221,-77.436270,1.138979,106.621044,74.339986,11.635630,-18.048373
394,6.241906,-22.308176,69.492147,5.037536,12.617865,117.993995,-60.428459,12.864977,6.039832,54.835760,-10.261882,-6.142574,-49.526983,-35.744387,-4.768646,67.002527,-26.051895,15.000035,3.683438,11.150135,29.796965,64.844339,21.265531,-6.290420,73.567101,-46.059683,9.604782,21.378017,36.581975,-75.716945,4.957961,104.654315,70.357762,9.737789,-16.810293
395,7.024291,-22.676489,70.104315,5.166373,11.183690,121.467903,-59.233359,11.171542,5.233383,53.477250,-9.299842,-6.627278,-45.926068,-36.710308,-6.671953,66.327702,-26.104160,15.000035,5.552081,12.985304,29.797846,61.624810,20.312313,-7.873480,72.156466,-42.985923,8.736488,21.509720,29.566729,-73.997620,8.776943,102.687586,66.375538,7.839948,-15.572212
396,7.711025,-22.991830,70.682910,5.350384,9.758286,124.956429,-58.038258,9.478107,4.426933,52.118740,-8.337801,-7.111982,-42.325153,-37.676228,-8.575260,65.652878,-26.156425,15.000035,7.420725,14.820474,29.798727,58.405281,19.359096,-9.456540,70.745832,-39.912163,7.868193,21.641423,22.551483,-72.278296,12.595926,100.720858,62.393314,5.942106,-14.334133
397,8.367565,-23.278725,71.227755,5.591015,8.339951,128.453532,-56.843158,7.784671,3.620484,50.760230,-7.375760,-7.596686,-38.724238,-38.642148,-10.478566,64.978053,-26.208690,15.000035,9.289369,16.655644,29.799608,55.185752,18.405879,-11.039600,69.335197,-36.838402,6.999898,21.773126,15.536237,-70.558971,16.414909,98.754129,58.411090,4.044264,-13.096053
398,8.993827,-23.542722,71.739366,5.886867,6.926825,131.952302,-55.648058,6.091237,2.814034,49.401720,-6.413719,-8.081390,-35.123323,-39.608068,-12.381873,64.303228,-26.260955,15.000035,11.158013,18.490814,29.800489,51.966223,17.452661,-12.622661,67.924563,-33.764642,6.131604,21.904830,8.520991,-68.839646,20.233890,96.787400,54.428866,2.146423,-11.857972
399,9.589813,-23.788684,72.217696,6.239120,5.517176,135.446448,-54.452958,4.397801,2.007585,48.043209,-5.451678,-8.566094,-31.522408,-40.573988,-14.285180,63.628403,-26.313220,15.000035,13.026657,20.325984,29.801371,48.746693,16.499445,-14.205722,66.513929,-30.690881,5.263310,22.036533,1.505745,-67.120321,24.052873,94.820671,50.446642,0.248582,-10.619892
400,10.151320,-24.017617,72.663701,6.646714,4.114856,138.929170,-53.257858,2.704365,1.201136,46.684699,-4.489638,-9.050798,-27.921493,-41.539909,-16.188486,62.953579,-26.365485,15.000035,14.895300,22.161153,29.802252,45.527164,15.546228,-15.788782,65.103295,-27.617121,4.395016,22.168236,-5.509501,-65.400996,27.871855,92.853943,46.464418,-1.649260,-9.381812
401,10.670516,-24.228503,73.077895,7.110584,2.726929,142.394126,-52.062757,1.010931,0.394687,45.326189,-3.527596,-9.535502,-24.320577,-42.505828,-18.091793,62.278754,-26.417750,15.000035,16.763944,23.996323,29.803133,42.307635,14.593010,-17.371842,63.692661,-24.543361,3.526722,22.299939,-12.524747,-63.681671,31.690837,90.887214,42.482194,-3.547101,-8.143732
402,11.174207,-24.400583,73.460075,7.630137,1.354615,145.834713,-50.867657,-0.682505,-0.411762,43.967679,-2.565555,-10.020207,-20.719663,-43.471749,-19.995100,61.603929,-26.470015,15.000035,18.632588,25.831494,29.804014,39.088105,13.639793,-18.954903,62.282027,-21.469600,2.658427,22.431642,-19.539994,-61.962346,35.509819,88.920485,38.499970,-5.444942,-6.905652
403,11.850004,-24.361256,73.809597,8.205805,-0.003144,149.244713,-49.672557,-2.375940,-1.218211,42.609169,-1.603514,-10.504911,-17.118747,-44.437669,-21.898407,60.929104,-26.522280,15.000035,20.501232,27.666663,29.804895,35.868576,12.686576,-20.537964,60.871393,-18.395840,1.790134,22.563345,-26.555240,-60.243021,39.328802,86.953756,34.517745,-7.342784,-5.667572
404,12.114666,-24.561681,74.312616,8.233248,-1.119369,151.473414,-48.330677,-3.314956,-2.046652,41.554161,-1.056367,-10.800711,-13.793811,-44.357165,-23.660744,59.235683,-25.893273,15.000035,22.079438,28.076359,29.535574,34.173477,12.469834,-21.176202,59.801334,-16.468686,1.131244,22.476371,-33.944332,-58.923802,42.224024,85.323600,33.120239,-8.617282,-5.256538
405,11.890020,-25.095494,74.989470,7.625196,-1.954182,152.394036,-46.822231,-3.397855,-2.900049,40.843567,-0.980042,-10.882140,-10.782057,-43.089176,-25.263109,56.386355,-24.491159,15.000035,23.328056,26.868423,28.959625,34.208305,13.088848,-20.742253,59.117761,-15.842704,0.709988,22.141240,-41.757666,-58.058622,44.070959,84.075388,34.655878,-9.184408,-5.784037
406,11.797950,-25.463828,75.646618,6.946497,-2.752036,153.177310,-45.294519,-3.381730,-3.756331,40.172811,-0.958173,-10.938775,-7.806527,-41.683837,-26.846970,53.403330,-22.999623,15.000035,24.538551,25.473383,28.348211,34.443224,13.804530,-20.184291,58.478891,-15.367221,0.316218,21.777406,-49.620070,-57.245960,45.796646,82.871353,36.530779,-9.669716,-6.420091
407,11.721560,-25.736561,76.257665,6.273350,-3.541646,153.974546,-43.766807,-3.365606,-4.612615,39.502054,-0.936305,-10.995410,-4.830997,-40.278499,-28.430832,50.420305,-21.508086,15.000035,25.749047,24.078343,27.736798,34.678143,14.520211,-19.626329,57.840022,-14.891739,-0.077553,21.413572,-57.482473,-56.433298,47.522332,81.667318,38.405679,-10.155025,-7.056145
408,11.589913,-25.962603,76.820438,5.608574,-4.318775,154.784925,-42.239095,-3.349482,-5.468898,38.831297,-0.914437,-11.052045,-1.855467,-38.873160,-30.014693,47.437280,-20.016550,15.000035,26.959542,22.683304,27.125384,34.913062,15.235892,-19.068366,57.201152,-14.416256,-0.471324,21.049737,-65.344877,-55.620635,49.248017,80.463283,40.280579,-10.640333,-7.692199
409,11.395244,-26.143163,77.333261,4.954505,-5.078906,155.607437,-40.711382,-3.333358,-6.325182,38.160540,-0.892569,-11.108681,1.120064,-37.467821,-31.598555,44.454254,-18.525014,15.000035,28.170038,21.288264,26.513970,35.147982,15.951573,-18.510403,56.562282,-13.940774,-0.865095,20.685903,-73.207281,-54.807973,50.973703,79.259247,42.155478,-11.125642,-8.328254
410,11.136271,-26.282536,77.793304,4.314037,-5.823516,156.440835,-39.183671,-3.317234,-7.181464,37.489783,-0.870701,-11.165316,4.095594,-36.062482,-33.182417,41.471229,-17.033477,15.000035,29.380533,19.893225,25.902556,35.382901,16.667254,-17.952441,55.923413,-13.465291,-1.258865,20.322069,-81.069685,-53.995310,52.699389,78.055212,44.030379,-11.610950,-8.964307
411,10.814196,-26.385844,78.198779,3.689308,-6.554760,157.283759,-37.655958,-3.301109,-8.037747,36.819027,-0.848833,-11.221950,7.071124,-34.657142,-34.766278,38.488204,-15.541941,15.000035,30.591028,18.498185,25.291142,35.617821,17.382936,-17.394479,55.284544,-12.989809,-1.652636,19.958235,-88.932087,-53.182648,54.425075,76.851177,45.905279,-12.096258,-9.600361
412,10.421240,-26.454325,78.546174,3.083166,-7.268116,158.134591,-36.128246,-3.284985,-8.894030,36.148270,-0.826965,-11.278585,10.046654,-33.251804,-36.350140,35.505179,-14.050404,15.000035,31.801524,17.103146,24.679728,35.852740,18.098617,-16.836517,54.645673,-12.514326,-2.046407,19.594400,-96.794491,-52.369985,56.150761,75.647142,47.780180,-12.581566,-10.236416
413,9.941809,-26.486381,78.832887,2.497447,-7.951453,158.991672,-34.600534,-3.268861,-9.750313,35.477513,-0.805097,-11.335220,13.022184,-31.846465,-37.934002,32.522155,-12.558868,15.000035,33.012019,15.708107,24.068314,36.087659,18.814298,-16.278554,54.006803,-12.038844,-2.440177,19.230566,-104.656895,-51.557323,57.876448,74.443107,49.655080,-13.066875,-10.872470
414,9.345029,-26.475610,79.052505,1.935116,-8.581853,159.852996,-33.072823,-3.252737,-10.606596,34.806756,-0.783229,-11.391855,15.997713,-30.441126,-39.517863,29.539129,-11.067332,15.000035,34.222515,14.313067,23.456900,36.322579,19.529979,-15.720591,53.367934,-11.563362,-2.833948,18.866732,-112.519298,-50.744660,59.602133,73.239072,51.529980,-13.552183,-11.508525
415,8.615704,-26.421877,79.200186,1.398057,-9.147325,160.716530,-31.545111,-3.236613,-11.462880,34.135999,-0.761361,-11.448491,18.973244,-29.035787,-41.101724,26.556104,-9.575795,15.000035,35.433011,12.918028,22.845486,36.557498,20.245660,-15.162629,52.729064,-11.087879,-3.227718,18.502899,-120.381702,-49.931998,61.327820,72.035037,53.404880,-14.037491,-12.144578
416,7.775912,-26.330955,79.266710,0.889567,-9.640311,161.579839,-30.017399,-3.220488,-12.319163,33.465242,-0.739493,-11.505126,21.948774,-27.630448,-42.685586,23.573079,-8.084259,15.000035,36.643506,11.522988,22.234072,36.792417,20.961342,-14.604666,52.090194,-10.612396,-3.621489,18.139065,-128.244106,-49.119336,63.053505,70.831001,55.279781,-14.522799,-12.780633
417,7.017786,-26.224123,79.245583,0.411375,-10.057357,162.440661,-28.489687,-3.204364,-13.175446,32.794485,-0.717625,-11.561761,24.924304,-26.225109,-44.269448,20.590054,-6.592723,15.000035,37.854002,10.127949,21.622658,37.027337,21.677023,-14.046704,51.451324,-10.136913,-4.015260,17.775231,-136.106510,-48.306673,64.779192,69.626966,57.154680,-15.008108,-13.416687
418,6.323410,-26.538472,79.252345,-0.152740,-10.199453,163.183213,-26.977254,-2.836507,-13.683536,31.327571,-0.122640,-11.729948,26.404950,-25.303288,-44.880881,18.756784,-4.930088,15.000035,38.165645,8.758047,20.550190,37.419763,22.320490,-13.724621,51.088037,-9.560000,-4.181147,17.325960,-139.884139,-47.701000,65.108296,67.717355,57.190016,-15.485941,-13.415883
419,5.751086,-27.124418,79.279193,-0.775463,-10.128385,163.858259,-25.474262,-2.251317,-13.976483,29.368723,0.826466,-11.967062,26.961927,-24.680225,-44.891465,17.633932,-3.161732,15.000035,37.921900,7.403676,19.192843,37.909512,22.919337,-13.548284,50.895028,-8.920412,-4.206226,16.823900,-141.137841,-47.223225,64.574471,65.371777,56.088708,-15.959154,-13.021572
420,5.256876,-27.737679,79.283787,-1.402326,-9.970480,164.535123,-23.972171,-1.645391,-14.248903,27.362936,1.809359,-12.210752,27.430773,-24.085668,-44.844719,16.578864,-1.383290,15.000035,37.625164,6.050787,17.808315,38.408546,23.513927,-13.385853,50.718266,-8.274845,-4.217871,16.316802,-142.150725,-46.757651,63.958311,62.984600,54.878949,-16.431927,-12.589715
421,4.746573,-28.344706,79.264551,-2.026400,-9.764533,165.220393,-22.470080,-1.039464,-14.521322,25.357151,2.792252,-12.454443,27.899619,-23.491111,-44.797973,15.523797,0.395152,15.000035,37.328428,4.697899,16.423787,38.907581,24.108517,-13.223422,50.541505,-7.629278,-4.229516,15.809704,-143.163609,-46.292078,63.342151,60.597425,53.669191,-16.904699,-12.157859
422,4.203679,-28.945626,79.221796,-2.646533,-9.520831,165.914107,-20.967989,-0.433538,-14.793741,23.351364,3.775146,-12.698134,28.368465,-22.896554,-44.751226,14.468728,2.173594,15.000035,37.031691,3.345010,15.039259,39.406615,24.703107,-13.060992,50.364744,-6.983711,-4.241161,15.302606,-144.176493,-45.826504,62.725990,58.210249,52.459432,-17.377472,-11.726002
423,3.647703,-29.545363,79.158487,-3.261866,-9.254345,166.615521,-19.465898,0.172388,-15.066161,21.345578,4.758040,-12.941824,28.837310,-22.301997,-44.704480,13.413660,3.952037,15.000035,36.734955,1.992121,13.654730,39.905650,25.297697,-12.898561,50.187981,-6.338144,-4.252806,14.795509,-145.189378,-45.360931,62.109830,55.823073,51.249673,-17.850245,-11.294146
424,3.110930,-30.151627,79.079013,-3.871995,-8.989527,167.324752,-17.963806,0.778313,-15.338580,19.339793,5.740933,-13.185515,29.306156,-21.707440,-44.657733,12.358592,5.730479,15.000035,36.438219,0.639233,12.270202,40.404684,25.892287,-12.736131,50.011219,-5.692577,-4.264451,14.288411,-146.202262,-44.895357,61.493669,53.435898,50.039915,-18.323018,-10.862290
425,2.609409,-30.767030,79.280153,-4.476695,-8.738654,168.041135,-16.461716,1.384239,-15.610999,17.334006,6.723827,-13.429205,29.775001,-21.112883,-44.610988,11.303524,7.508920,15.000035,36.141482,-0.713656,10.885674,40.903718,26.486876,-12.573700,49.834458,-5.047010,-4.276096,13.781314,-147.215145,-44.429784,60.877508,51.048722,48.830155,-18.795790,-10.430433
426,2.169938,-31.396039,79.884339,-5.076061,-8.521893,168.764763,-14.959624,1.990165,-15.883418,15.328220,7.706721,-13.672896,30.243848,-20.518326,-44.564242,10.248457,9.287363,15.000035,35.844745,-2.066545,9.501146,41.402753,27.081466,-12.411270,49.657696,-4.401442,-4.287741,13.274217,-148.228029,-43.964211,60.261348,48.661547,47.620397,-19.268564,-9.998576
427,1.865923,-32.053941,80.524211,-5.673013,-8.396228,169.495343,-13.457533,2.596091,-16.155837,13.322434,8.689614,-13.916586,30.712693,-19.923769,-44.517496,9.193389,11.065805,15.000035,35.548009,-3.419434,8.116618,41.901787,27.676056,-12.248838,49.480934,-3.755876,-4.299386,12.767119,-149.240914,-43.498637,59.645188,46.274371,46.410638,-19.741336,-9.566719
428,1.743344,-32.746957,81.064708,-6.270122,-8.396713,170.233238,-11.955442,3.202017,-16.428257,11.316648,9.672508,-14.160277,31.181539,-19.329212,-44.470750,8.138321,12.844247,15.000035,35.251272,-4.772322,6.732090,42.400822,28.270645,-12.086408,49.304172,-3.110308,-4.311031,12.260021,-150.253798,-43.033064,59.029028,43.887196,45.200880,-20.214109,-9.134863
429,1.806154,-33.471755,81.505324,-6.869560,-8.526438,170.978185,-10.453351,3.807943,-16.700676,9.310862,10.655402,-14.403968,31.650386,-18.734654,-44.424003,7.083253,14.622690,15.000035,34.954536,-6.125211,5.347561,42.899856,28.865235,-11.923977,49.127411,-2.464741,-4.322676,11.752923,-151.266682,-42.567491,58.412867,41.500019,43.991121,-20.686882,-8.703007
430,1.956027,-34.112547,81.859452,-7.471335,-8.764705,171.730061,-8.951260,4.413869,-16.973095,7.305076,11.638295,-14.647658,32.119231,-18.140098,-44.377257,6.028185,16.401132,15.000035,34.657799,-7.478099,3.963033,43.398890,29.459825,-11.761546,48.950648,-1.819174,-4.334321,11.245826,-152.279566,-42.101918,57.796707,39.112845,42.781362,-21.159654,-8.271150
431,1.916766,-34.533612,82.147824,-7.809670,-8.765111,172.208352,-8.078898,4.795080,-17.073063,6.228572,12.154660,-14.784515,32.420992,-17.823457,-44.382838,5.462049,17.376200,15.000035,34.414257,-8.241220,3.047414,43.493868,29.724700,-11.839260,48.868435,-1.461764,-4.437999,11.017881,-152.727246,-41.658213,57.319619,37.504572,42.093667,-21.478189,-7.945180
432,1.638442,-34.714878,82.381715,-7.887852,-8.532715,172.411029,-7.831883,4.953137,-17.001776,6.074890,12.207742,-14.815282,32.556830,-17.782801,-44.440382,5.381446,17.553481,15.000035,34.223540,-8.418672,2.597443,43.187598,29.662153,-12.155445,48.880112,-1.390507,-4.633072,11.067148,-152.613652,-41.236227,56.980636,36.669788,41.924404,-21.643556,-7.724360
433,1.343818,-34.790390,82.568986,-7.932034,-8.333634,172.573137,-7.678752,5.077693,-16.904778,6.059749,12.191272,-14.830122,32.667758,-17.783577,-44.505726,5.373734,17.610991,15.000035,34.040754,-8.508200,2.217379,42.821088,29.550450,-12.507432,48.905885,-1.362209,-4.841865,11.158032,-152.415795,-40.817501,56.662388,35.951124,41.832974,-21.785930,-7.519327
434,1.136253,-34.872611,82.709276,-7.982686,-8.220437,172.736317,-7.525620,5.202248,-16.807781,6.044608,12.174802,-14.844962,32.778686,-17.784353,-44.571071,5.366024,17.668500,15.000035,33.857968,-8.597728,1.837316,42.454580,29.438748,-12.859420,48.931657,-1.333911,-5.050658,11.248917,-152.217937,-40.398775,56.344140,35.232462,41.741543,-21.928303,-7.314293
435,1.019013,-34.974294,82.807039,-8.039524,-8.187652,172.900480,-7.372488,5.326804,-16.710785,6.029467,12.158332,-14.859801,32.889614,-17.785130,-44.636416,5.358312,17.726011,15.000035,33.675181,-8.687255,1.457252,42.088072,29.327046,-13.211407,48.957429,-1.305613,-5.259452,11.339800,-152.020080,-39.980049,56.025891,34.513799,41.650112,-22.070675,-7.109259
436,1.020570,-35.100586,82.866375,-8.102216,-8.229188,173.065575,-7.219356,5.451360,-16.613788,6.014326,12.141861,-14.874641,33.000543,-17.785906,-44.701760,5.350601,17.783521,15.000035,33.492395,-8.776783,1.077188,41.721562,29.215344,-13.563393,48.983203,-1.277315,-5.468244,11.430685,-151.822223,-39.561323,55.707643,33.795136,41.558681,-22.213049,-6.904227
437,1.042671,-35.231086,82.918692,-8.166044,-8.283910,173.230931,-7.066226,5.575916,-16.516792,5.999185,12.125391,-14.889481,33.111471,-17.786683,-44.767105,5.342890,17.841030,15.000035,33.309608,-8.866310,0.697124,41.355053,29.103641,-13.915381,49.008976,-1.249017,-5.677038,11.521569,-151.624364,-39.142597,55.389394,33.076475,41.467250,-22.355423,-6.699192
438,1.066376,-35.361881,82.970301,-8.230027,-8.339439,173.396407,-6.913093,5.700471,-16.419795,5.984044,12.108920,-14.904321,33.222398,-17.787460,-44.832450,5.335179,17.898540,15.000035,33.126823,-8.955838,0.317061,40.988544,28.991938,-14.267369,49.034747,-1.220720,-5.885831,11.612453,-151.426508,-38.723872,55.071145,32.357811,41.375820,-22.497796,-6.494159
439,1.090929,-35.492813,83.021506,-8.294125,-8.395208,173.561993,-6.759961,5.825027,-16.322798,5.968904,12.092451,-14.919160,33.333326,-17.788237,-44.897795,5.327468,17.956051,15.000035,32.944035,-9.045365,-0.063003,40.622036,28.880236,-14.619356,49.060520,-1.192423,-6.094624,11.703338,-151.228651,-38.305145,54.752896,31.639150,41.284389,-22.640169,-6.289124
440,1.116461,-35.623901,83.072255,-8.358342,-8.451294,173.727693,-6.606829,5.949582,-16.225801,5.953762,12.075980,-14.934000,33.444255,-17.789013,-44.963139,5.319757,18.013561,15.000035,32.761249,-9.134893,-0.443067,40.255527,28.768534,-14.971342,49.086293,-1.164124,-6.303417,11.794222,-151.030792,-37.886419,54.434648,30.920486,41.192958,-22.782542,-6.084092
441,1.143144,-35.755177,83.122489,-8.422697,-8.507855,173.893509,-6.453698,6.074138,-16.128804,5.938622,12.059510,-14.948840,33.555183,-17.789789,-45.028484,5.312045,18.071070,15.000035,32.578463,-9.224420,-0.823131,39.889018,28.656831,-15.323329,49.112065,-1.135826,-6.512210,11.885106,-150.832935,-37.467693,54.116399,30.201824,41.101527,-22.924916,-5.879059
442,1.171060,-35.886646,83.172172,-8.487189,-8.564931,174.059440,-6.300566,6.198693,-16.031808,5.923481,12.043039,-14.963679,33.666110,-17.790566,-45.093829,5.304334,18.128581,15.000035,32.395677,-9.313948,-1.203195,39.522510,28.545129,-15.675318,49.137838,-1.107529,-6.721003,11.975990,-150.635078,-37.048967,53.798150,29.483162,41.010096,-23.067289,-5.674024
443,1.200065,-36.018278,83.221369,-8.551820,-8.622433,174.225487,-6.147435,6.323249,-15.934811,5.908340,12.026568,-14.978519,33.777039,-17.791341,-45.159173,5.296623,18.186091,15.000035,32.212890,-9.403475,-1.583258,39.156001,28.433427,-16.027305,49.163611,-1.079230,-6.929796,12.066874,-150.437220,-36.630242,53.479902,28.764498,40.918666,-23.209662,-5.468992
444,1.192528,-36.095242,83.270066,-8.616584,-8.680361,174.391650,-5.994303,6.447805,-15.837814,5.893199,12.010100,-14.993359,33.887967,-17.792118,-45.224518,5.288911,18.243600,15.000035,32.030104,-9.493003,-1.963322,38.789492,28.321724,-16.379291,49.189383,-1.050933,-7.138590,12.157758,-150.239363,-36.211516,53.161654,28.045837,40.827235,-23.352035,-5.263957
445,1.224134,-36.165866,83.296587,-8.642715,-8.717300,174.488183,-5.908324,6.506910,-15.788692,5.884158,12.017164,-14.999681,33.957200,-17.788613,-45.281033,5.287562,18.257819,15.000035,31.923207,-9.539295,-2.149716,38.605649,28.277648,-16.523985,49.179354,-1.084242,-7.273937,12.170966,-150.145263,-36.041024,53.026155,27.780475,40.856531,-23.439012,-5.175782
446,1.268075,-36.207574,83.306715,-8.640282,-8.738996,174.533222,-5.871967,6.517647,-15.774946,5.879623,12.041621,-14.999710,33.995621,-17.781943,-45.331022,5.290911,18.240049,15.000035,31.872388,-9.553639,-2.192998,38.556790,28.283547,-16.515497,49.142868,-1.163074,-7.355013,12.126774,-150.127835,-36.053966,53.025702,27.850083,40.975040,-23.485052,-5.173961
447,1.284649,-36.208744,83.316620,-8.637941,-8.761149,174.578287,-5.835610,6.528385,-15.761201,5.875090,12.066079,-14.999737,34.034044,-17.775272,-45.381011,5.294261,18.222277,15.000035,31.821570,-9.567984,-2.236279,38.507930,28.289443,-16.507008,49.106381,-1.241907,-7.436087,12.082582,-150.110407,-36.066909,53.025249,27.919690,41.093549,-23.531093,-5.172138
448,1.301542,-36.210791,83.326520,-8.636216,-8.783524,174.623620,-5.799254,6.539123,-15.747456,5.870556,12.090535,-14.999765,34.072465,-17.768602,-45.431000,5.297612,18.204505,15.000035,31.770751,-9.582327,-2.279561,38.459070,28.295341,-16.498520,49.069897,-1.320740,-7.517163,12.038391,-150.092978,-36.079851,53.024796,27.989298,41.212058,-23.577132,-5.170317
449,1.319119,-36.212313,83.336048,-8.634075,-8.806456,174.668749,-5.762897,6.549861,-15.733710,5.866022,12.114993,-14.999794,34.110887,-17.761933,-45.480990,5.300961,18.186735,15.000035,31.719933,-9.596671,-2.322842,38.410210,28.301240,-16.490032,49.033411,-1.399573,-7.598236,11.994199,-150.075550,-36.092794,53.024342,28.058907,41.330566,-23.623173,-5.168495
450,1.337049,-36.213893,83.345425,-8.631955,-8.829673,174.713877,-5.726540,6.560599,-15.719964,5.861488,12.139451,-14.999822,34.149308,-17.755263,-45.530979,5.304312,18.168963,15.000035,31.669115,-9.611015,-2.366124,38.361349,28.307137,-16.481543,48.996924,-1.478406,-7.679312,11.950007,-150.058123,-36.105736,53.023890,28.128514,41.449076,-23.669214,-5.166674
451,1.354997,-36.215469,83.354780,-8.629835,-8.852908,174.759003,-5.690183,6.571336,-15.706220,5.856954,12.163908,-14.999850,34.187730,-17.748592,-45.580968,5.307662,18.151192,15.000035,31.618297,-9.625358,-2.409406,38.312489,28.313035,-16.473054,48.960439,-1.557239,-7.760388,11.905816,-150.040695,-36.118679,53.023436,28.198123,41.567585,-23.715254,-5.164851
452,1.372957,-36.217037,83.364117,-8.627712,-8.876158,174.804123,-5.653826,6.582075,-15.692474,5.852420,12.188365,-14.999879,34.226152,-17.741922,-45.630957,5.311011,18.133421,15.000035,31.567478,-9.639703,-2.452687,38.263630,28.318932,-16.464566,48.923953,-1.636071,-7.841462,11.861625,-150.023267,-36.131621,53.022984,28.267730,41.686093,-23.761294,-5.163029
453,1.391726,-36.218738,83.373134,-8.625641,-8.900042,174.849248,-5.617469,6.592814,-15.678728,5.847886,12.212822,-14.999906,34.264574,-17.735252,-45.680946,5.314361,18.115650,15.000035,31.516660,-9.654047,-2.495969,38.214769,28.324830,-16.456077,48.887467,-1.714905,-7.922537,11.817432,-150.005839,-36.144563,53.022530,28.337338,41.804602,-23.807334,-5.161207
454,1.418395,-36.221744,83.379143,-8.624041,-8.930067,174.894427,-5.581112,6.603551,-15.664983,5.843352,12.237280,-14.999934,34.302996,-17.728583,-45.730936,5.317711,18.097879,15.000035,31.465842,-9.668390,-2.539251,38.165910,28.330728,-16.447589,48.850981,-1.793737,-8.003611,11.773240,-149.988411,-36.157505,53.022078,28.406946,41.923111,-23.853375,-5.159386
455,1.454796,-36.225992,83.381399,-8.622775,-8.967670,174.939562,-5.544755,6.614289,-15.651238,5.838818,12.261736,-14.999963,34.341417,-17.721913,-45.780925,5.321061,18.080107,15.000035,31.415023,-9.682734,-2.582532,38.117049,28.336626,-16.439101,48.814496,-1.872571,-8.084687,11.729049,-149.970982,-36.170447,53.021624,28.476554,42.041620,-23.899414,-5.157564
456,1.500963,-36.231607,83.379926,-8.622633,-9.013099,174.985007,-5.508399,6.625028,-15.637493,5.834284,12.286194,-14.999991,34.379840,-17.715243,-45.830914,5.324411,18.062336,15.000035,31.364205,-9.697079,-2.625813,38.068190,28.342522,-16.430612,48.778010,-1.951404,-8.165761,11.684857,-149.953554,-36.183390,53.021171,28.546162,42.160128,-23.945455,-5.155741
457,1.548333,-36.229364,83.375553,-8.619751,-9.061957,175.022945,-5.472130,6.636388,-15.615262,5.830060,12.307550,-14.996474,34.416568,-17.712619,-45.881144,5.327562,18.041729,15.000035,31.313341,-9.711744,-2.669626,38.022810,28.343057,-16.421940,48.759668,-2.033201,-8.245677,11.640095,-149.938964,-36.200051,53.013937,28.603306,42.267549,-23.994477,-5.163105
458,1.554044,-36.202933,83.373307,-8.587245,-9.084220,174.994330,-5.436623,6.653181,-15.519077,5.828538,12.301883,-14.962065,34.438540,-17.745259,-45.933471,5.328972,17.996406,15.000035,31.262075,-9.729208,-2.718069,38.007756,28.296840,-16.411662,48.899460,-2.140835,-8.315490,11.590366,-149.949098,-36.249127,52.947614,28.551825,42.278322,-24.069484,-5.250517
459,1.478546,-36.147577,83.378574,-8.498589,-9.049022,174.840835,-5.402547,6.680162,-15.284151,5.832087,12.245519,-14.869700,34.432829,-17.844056,-45.989730,5.327119,17.904713,15.000035,31.210058,-9.751923,-2.775200,38.049598,28.162920,-16.398375,49.335922,-2.296939,-8.366349,11.531318,-150.005617,-36.359014,52.770431,28.296554,42.107781,-24.193244,-5.488107
460,1.408910,-36.081073,83.379612,-8.410828,-9.021793,174.687650,-5.368472,6.707142,-15.049225,5.835635,12.189156,-14.777335,34.427117,-17.942854,-46.045989,5.325264,17.813021,15.000035,31.158041,-9.774638,-2.832331,38.091440,28.028998,-16.385088,49.772383,-2.453044,-8.417209,11.472270,-150.062137,-36.468900,52.593247,28.041284,41.937241,-24.317002,-5.725697
461,1.348826,-36.015561,83.376729,-8.323892,-9.002008,174.534750,-5.334396,6.734123,-14.814299,5.839183,12.132791,-14.684971,34.421406,-18.041651,-46.102248,5.323410,17.721328,15.000035,31.106024,-9.797354,-2.889462,38.133283,27.895076,-16.371800,50.208845,-2.609148,-8.468068,11.413221,-150.118657,-36.578788,52.416064,27.786014,41.766700,-24.440762,-5.963287
462,1.299177,-35.952030,83.369722,-8.237807,-8.990134,174.382151,-5.300321,6.761104,-14.579374,5.842731,12.076427,-14.592606,34.415695,-18.140448,-46.158508,5.321556,17.629636,15.000035,31.054007,-9.820069,-2.946593,38.175125,27.761154,-16.358513,50.645306,-2.765252,-8.518928,11.354172,-150.175176,-36.688674,52.238881,27.530744,41.596159,-24.564521,-6.200877
463,1.257571,-35.890095,83.359519,-8.152397,-8.984320,174.229812,-5.266245,6.788085,-14.344448,5.846279,12.020063,-14.500242,34.409983,-18.239246,-46.214766,5.319703,17.537944,15.000035,31.001991,-9.842784,-3.003724,38.216967,27.627233,-16.345226,51.081767,-2.921357,-8.569787,11.295124,-150.231696,-36.798561,52.061698,27.275473,41.425619,-24.688279,-6.438466
464,1.218181,-35.828736,83.348296,-8.067291,-8.980046,174.077686,-5.232169,6.815066,-14.109522,5.849827,11.963699,-14.407877,34.404272,-18.338042,-46.271026,5.317849,17.446251,15.000035,30.949973,-9.865499,-3.060854,38.258810,27.493311,-16.331938,51.518229,-3.077461,-8.620647,11.236075,-150.288216,-36.908448,51.884515,27.020203,41.255078,-24.812039,-6.676057
465,1.168378,-35.765576,83.336857,-7.982347,-8.975660,173.925741,-5.198094,6.842047,-13.874596,5.853375,11.907335,-14.315512,34.398561,-18.436840,-46.327285,5.315995,17.354559,15.000035,30.897956,-9.888215,-3.117985,38.300652,27.359390,-16.318651,51.954690,-3.233565,-8.671506,11.177027,-150.344735,-37.018335,51.707331,26.764933,41.084538,-24.935798,-6.913647
466,1.080419,-35.695356,83.325190,-7.897574,-8.971168,173.773989,-5.164018,6.869028,-13.639670,5.856923,11.850971,-14.223147,34.392850,-18.535637,-46.383544,5.314142,17.262866,15.000035,30.845940,-9.910930,-3.175116,38.342494,27.225469,-16.305363,52.391151,-3.389669,-8.722366,11.117978,-150.401255,-37.128222,51.530148,26.509662,40.913997,-25.059558,-7.151237
467,1.000357,-35.626711,83.310105,-7.813495,-8.973312,173.622505,-5.129943,6.896009,-13.404744,5.860471,11.794607,-14.130783,34.387138,-18.634434,-46.439804,5.312288,17.171174,15.000035,30.793923,-9.933645,-3.232246,38.384336,27.091548,-16.292076,52.827613,-3.545774,-8.773225,11.058929,-150.457775,-37.238108,51.352965,26.254392,40.743456,-25.183317,-7.388827
468,1.004099,-35.574171,83.282392,-7.731598,-9.001494,173.471529,-5.095867,6.922990,-13.169818,5.864019,11.738243,-14.038418,34.381427,-18.733233,-46.496063,5.310435,17.079482,15.000035,30.741906,-9.956360,-3.289377,38.426178,26.957626,-16.278789,53.264074,-3.701878,-8.824085,10.999881,-150.514294,-37.347995,51.175782,25.999122,40.572916,-25.307075,-7.626417
469,1.048135,-35.529802,83.239748,-7.652191,-9.060596,173.321101,-5.061791,6.949971,-12.934893,5.867567,11.681879,-13.946053,34.375716,-18.832029,-46.552322,5.308581,16.987789,15.000035,30.689889,-9.979075,-3.346507,38.468021,26.823705,-16.265501,53.700536,-3.857983,-8.874944,10.940832,-150.570814,-37.457882,50.998599,25.743852,40.402375,-25.430835,-7.864007
470,1.129308,-35.485965,83.181380,-7.575329,-9.152162,173.171246,-5.027716,6.976951,-12.699967,5.871114,11.625514,-13.853689,34.370004,-18.930827,-46.608581,5.306727,16.896097,15.000035,30.637872,-10.001791,-3.403639,38.509863,26.689783,-16.252214,54.136997,-4.014087,-8.925804,10.881784,-150.627334,-37.567770,50.821415,25.488581,40.231835,-25.554593,-8.101597
471,1.220744,-35.414386,83.110716,-7.498802,-9.251277,172.999180,-5.010036,7.001458,-12.465456,5.879015,11.560698,-13.755336,34.343234,-19.029696,-46.665527,5.308392,16.791703,15.000035,30.593705,-10.006382,-3.375321,38.412079,26.560594,-16.284435,54.591382,-4.161568,-8.948307,10.824169,-150.663604,-37.724202,50.640589,25.396614,40.129307,-25.643121,-8.353134
472,1.287216,-35.307675,83.039190,-7.414351,-9.261769,172.711404,-5.076218,7.013309,-12.233071,5.909176,11.452649,-13.626360,34.208751,-19.128930,-46.725983,5.328059,16.622344,15.000035,30.589696,-9.918270,-2.909950,37.600128,26.455609,-16.549421,55.137437,-4.264943,-8.825773,10.773882,-150.596302,-38.118709,50.441127,26.139914,40.374653,-25.551446,-8.676004
473,1.327890,-35.176713,82.969830,-7.320580,-9.162309,172.288856,-5.240226,7.010396,-12.003166,5.965305,11.294171,-13.461662,33.948622,-19.228592,-46.790533,5.368723,16.377204,15.000035,30.632528,-9.722021,-1.934758,35.955104,26.378859,-17.085930,55.790427,-4.316869,-8.534054,10.732145,-150.408183,-38.790928,50.219925,27.857551,41.025794,-25.249567,-9.082084
474,1.387290,-35.015930,82.884274,-7.229287,-9.095675,171.867259,-5.404235,7.007484,-11.773261,6.021435,11.135693,-13.296962,33.688494,-19.328254,-46.855085,5.409386,16.132065,15.000035,30.675361,-9.525772,-0.959567,34.310081,26.302110,-17.622438,56.443416,-4.368794,-8.242335,10.690408,-150.220065,-39.463149,49.998723,29.575188,41.676936,-24.947686,-9.488165
475,1.487534,-34.863719,82.782825,-7.140243,-9.060901,171.446567,-5.568242,7.004572,-11.543356,6.077564,10.977215,-13.132264,33.428364,-19.427917,-46.919635,5.450051,15.886925,15.000035,30.718193,-9.329523,0.015625,32.665059,26.225361,-18.158946,57.096406,-4.420719,-7.950616,10.648671,-150.031947,-40.135369,49.777522,31.292825,42.328077,-24.645806,-9.894245
476,1.631238,-34.723363,82.664751,-7.053318,-9.059014,171.026774,-5.732250,7.001659,-11.313451,6.133693,10.818736,-12.967564,33.168235,-19.527580,-46.984186,5.490715,15.641785,15.000035,30.761026,-9.133274,0.990818,31.020035,26.148610,-18.695454,57.749395,-4.472645,-7.658896,10.606933,-149.843828,-40.807588,49.556321,33.010461,42.979218,-24.343926,-10.300326
477,1.804563,-34.592318,82.534990,-6.967640,-9.079387,170.607734,-5.896258,6.998748,-11.083546,6.189822,10.660258,-12.802865,32.908106,-19.627241,-47.048737,5.531379,15.396645,15.000035,30.803859,-8.937025,1.966010,29.375012,26.071861,-19.231963,58.402385,-4.524570,-7.367176,10.565195,-149.655709,-41.479808,49.335119,34.728098,43.630359,-24.042045,-10.706406
478,1.986428,-34.466150,82.401349,-6.882047,-9.105753,170.189291,-6.060265,6.995836,-10.853641,6.245952,10.501780,-12.638166,32.647977,-19.726903,-47.113287,5.572044,15.151505,15.000035,30.846692,-8.740776,2.941201,27.729988,25.995112,-19.768471,59.055374,-4.576495,-7.075457,10.523458,-149.467590,-42.152028,49.113918,36.445735,44.281500,-23.740166,-11.112487
479,2.169981,-34.343290,82.266394,-6.796182,-9.132843,169.771388,-6.224274,6.992923,-10.623735,6.302081,10.343301,-12.473467,32.387849,-19.826566,-47.177839,5.612708,14.906365,15.000035,30.889524,-8.544527,3.916394,26.084965,25.918363,-20.304979,59.708364,-4.628421,-6.783737,10.481721,-149.279472,-42.824248,48.892716,38.163372,44.932642,-23.438286,-11.518567
480,2.366072,-34.226568,82.125815,-6.710550,-9.169105,169.354131,-6.388281,6.990011,-10.393831,6.358210,10.184822,-12.308768,32.127720,-19.926228,-47.242389,5.653372,14.661225,15.000035,30.932358,-8.348278,4.891586,24.439941,25.841613,-20.841488,60.361353,-4.680346,-6.492018,10.439983,-149.091354,-43.496468,48.671514,39.881008,45.583783,-23.136405,-11.924648
481,2.583624,-34.118420,81.966286,-6.626639,-9.240403,168.937767,-6.552289,6.987098,-10.163926,6.414339,10.026344,-12.144069,31.867591,-20.025890,-47.306940,5.694036,14.416085,15.000035,30.975190,-8.152028,5.866778,22.794918,25.764863,-21.377996,61.014343,-4.732271,-6.200299,10.398246,-148.903235,-44.168687,48.450313,41.598645,46.234924,-22.834525,-12.330728
482,2.862635,-34.029887,81.779401,-6.545120,-9.362129,168.522418,-6.716297,6.984186,-9.934020,6.470468,9.867866,-11.979370,31.607462,-20.125552,-47.371491,5.734700,14.170945,15.000035,31.018022,-7.955779,6.841969,21.149895,25.688113,-21.914504,61.667332,-4.784196,-5.908580,10.356508,-148.715116,-44.840907,48.229112,43.316282,46.886065,-22.532645,-12.736809
483,3.227842,-33.946970,81.564038,-6.465786,-9.534498,168.108082,-6.880305,6.981274,-9.704115,6.526597,9.709388,-11.814670,31.347333,-20.225214,-47.436042,5.775364,13.925806,15.000035,31.060855,-7.759531,7.817161,19.504871,25.611364,-22.451012,62.320321,-4.836122,-5.616860,10.314771,-148.526997,-45.513127,48.007911,45.033920,47.537206,-22.230764,-13.142890
484,3.599700,-33.734083,81.316901,-6.388608,-9.761661,167.694785,-7.044313,6.978362,-9.474210,6.582726,9.550909,-11.649971,31.087204,-20.324876,-47.500593,5.816028,13.680666,15.000035,31.103688,-7.563282,8.792353,17.859848,25.534614,-22.987521,62.973311,-4.888047,-5.325140,10.273034,-148.338879,-46.185347,47.786709,46.751556,48.188348,-21.928884,-13.548970
485,3.754738,-33.416301,81.134338,-6.335847,-9.741132,166.683286,-7.571698,7.165493,-8.970093,7.117790,9.208989,-11.455816,30.615598,-20.465830,-47.890257,5.944871,13.253321,15.000035,31.071559,-7.352817,10.002349,16.066763,25.781912,-23.699313,63.310469,-5.208438,-5.336522,10.223874,-146.873595,-46.095983,47.193665,47.980240,48.454465,-21.524029,-13.779783
486,3.673227,-32.994802,81.024250,-6.306817,-9.439851,165.012305,-8.497519,7.561005,-8.165309,8.178000,8.665928,-11.229363,29.912109,-20.652060,-48.636402,6.170402,12.626191,15.000035,30.957235,-7.126764,11.469801,14.111329,26.384521,-24.603301,63.301323,-5.823196,-5.680247,10.166575,-144.007918,-45.171554,46.192903,48.672795,48.298412,-21.006263,-13.818418
487,3.610387,-32.495871,80.884519,-6.268162,-9.163991,163.287880,-9.451167,7.971070,-7.339527,9.274883,8.108821,-11.000654,29.192425,-20.841452,-49.407443,6.402685,11.985109,15.000035,30.837171,-6.899624,12.955233,12.144557,27.011944,-25.520711,63.267993,-6.458513,-6.047183,10.108708,-141.044442,-44.188807,45.163666,49.327908,48.112876,-20.480612,-13.843631
488,3.626569,-32.107850,81.062547,-6.216173,-8.934974,161.556434,-10.404815,8.381136,-6.513744,10.371766,9.482073,-8.841586,28.472742,-21.030844,-50.178484,6.634967,11.344027,15.000035,30.717107,-6.672484,14.440666,10.177786,27.639368,-26.438122,63.234662,-7.093830,-6.414119,10.050842,-138.080967,-43.206061,44.134430,49.983021,47.927340,-19.954960,-13.868844
489,3.790579,-31.907560,81.169540,-6.149697,-8.751565,159.819024,-11.358462,8.791201,-5.687962,11.468650,10.698479,-6.730047,27.753059,-21.220236,-50.949525,6.867250,10.702945,15.000035,30.597043,-6.445343,15.926099,8.211015,28.266791,-27.355533,63.201331,-7.729146,-6.781054,9.992975,-135.117491,-42.223314,43.105194,50.638133,47.741803,-19.429309,-13.894058
490,4.101635,-31.866305,80.899810,-6.067568,-8.600672,158.076664,-12.312109,9.201265,-4.862180,12.565534,10.069232,-6.314528,27.033376,-21.409627,-51.720566,7.099533,10.061863,15.000035,30.476979,-6.218203,17.411531,6.244243,28.894214,-28.272943,63.168000,-8.364462,-7.147990,9.935108,-132.154015,-41.240567,42.075958,51.293247,47.556266,-18.903658,-13.919272
491,4.443985,-31.871335,80.514144,-5.968014,-8.453353,156.330398,-13.265757,9.611329,-4.036398,13.662417,8.977982,-6.085820,26.313692,-21.599019,-52.491607,7.331815,9.420781,15.000035,30.356915,-5.991063,18.896964,4.277471,29.521637,-29.190353,63.134670,-8.999779,-7.514926,9.877241,-129.190539,-40.257820,41.046721,51.948360,47.370730,-18.378007,-13.944485
492,4.778751,-31.883658,80.134269,-5.851121,-8.296661,154.581462,-14.219404,10.021394,-3.210616,14.759301,7.947252,-5.857111,25.594009,-21.788411,-53.262648,7.564098,8.779699,15.000035,30.236851,-5.763923,20.382396,2.310700,30.149060,-30.107764,63.101339,-9.635096,-7.881862,9.819374,-126.227064,-39.275072,40.017484,52.603472,47.185193,-17.852356,-13.969699
493,5.095946,-31.901016,79.729332,-5.716501,-8.127100,152.831166,-15.173052,10.431459,-2.384834,15.856184,6.846070,-5.628402,24.874326,-21.977803,-54.033689,7.796381,8.138617,15.000035,30.116787,-5.536782,21.867829,0.343928,30.776483,-31.025175,63.068008,-10.270412,-8.248797,9.761507,-123.263588,-38.292326,38.988248,53.258586,46.999657,-17.326705,-13.994912
494,5.383690,-31.914761,79.348207,-5.564608,-7.925097,151.080731,-16.126699,10.841524,-1.559052,16.953067,5.825315,-5.399694,24.154643,-22.167195,-54.804730,8.028664,7.497535,15.000035,29.996723,-5.309641,23.353261,-1.622844,31.403906,-31.942585,63.034677,-10.905729,-8.615733,9.703640,-120.300112,-37.309579,37.959012,53.913699,46.814121,-16.801054,-14.020126
495,5.607847,-31.900905,78.970466,-5.394789,-7.658340,149.331469,-17.080347,11.251589,-0.733270,18.049951,4.714116,-5.170985,23.434959,-22.356587,-55.575771,8.260946,6.856453,15.000035,29.876659,-5.082501,24.838694,-3.589615,32.031330,-32.859996,63.001347,-11.541045,-8.982669,9.645774,-117.336637,-36.326832,36.929776,54.568812,46.628584,-16.275402,-14.045340
496,5.754038,-31.843992,78.726574,-5.208857,-7.315216,147.584719,-18.033994,11.661654,0.092512,19.146834,3.703420,-4.942276,22.715276,-22.545978,-56.346812,8.493229,6.215371,15.000035,29.756595,-4.855361,26.324127,-5.556387,32.658753,-33.777406,62.968016,-12.176362,-9.349604,9.587907,-114.373161,-35.344085,35.900540,55.223925,46.443047,-15.749750,-14.070553
497,5.839411,-31.746962,78.673920,-5.006816,-6.891449,145.841908,-18.987641,12.071719,0.918295,20.243718,2.582120,-4.713568,21.995593,-22.735370,-57.117853,8.725512,5.574289,15.000035,29.636531,-4.628221,27.809559,-7.523158,33.286176,-34.694817,62.934685,-12.811679,-9.716540,9.530040,-111.409685,-34.361337,34.871303,55.879038,46.257511,-15.224099,-14.095766
498,5.957491,-31.667715,78.676459,-4.790973,-6.390353,144.104273,-19.941289,12.481784,1.744077,21.340602,1.581569,-4.484859,21.275910,-22.924762,-57.888894,8.957795,4.933207,15.000035,29.516467,-4.401080,29.294991,-9.489930,33.913600,-35.612227,62.901355,-13.446995,-10.083475,9.472173,-108.446209,-33.378590,33.842067,56.534151,46.071975,-14.698448,-14.120980
499,6.027849,-31.667155,78.620696,-4.704765,-6.465092,142.457346,-20.286132,13.083137,2.508048,22.274175,0.873175,-4.313041,20.682339,-23.305025,-57.829436,9.687402,4.190630,15.000035,28.774974,-4.635736,29.809955,-10.645332,33.989954,-35.645982,63.041592,-14.107560,-9.999593,9.603827,-103.556506,-32.014268,34.008388,54.676616,44.272228,-14.602421,-14.151971
500,6.092928,-31.739441,78.523490,-4.684425,-6.839605,140.859453,-20.282947,13.793841,3.236686,23.114392,0.181572,-4.484630,20.160860,-23.794399,-57.295217,10.701310,3.390033,15.000035,27.678236,-5.134381,29.770140,-11.336908,33.751286,-35.174588,63.281050,-14.782558,-9.657998,9.843824,-97.565661,-30.431815,34.858158,51.382705,41.549705,-14.751993,-14.186266
501,6.140785,-31.810699,78.413106,-4.659536,-7.157277,139.263310,-20.259764,14.510829,3.963292,23.949243,-0.472674,-4.522200,19.643524,-24.290044,-56.733718,11.731555,2.586101,15.000035,26.561086,-5.648197,29.698446,-12.001831,33.494515,-34.674167,63.526210,-15.458385,-9.301594,10.090047,-91.511541,-28.836828,35.747200,48.006257,38.774158,-14.915677,-14.220750
502,6.123720,-31.832003,78.294481,-4.626233,-7.401446,137.666069,-20.236581,15.227818,4.689899,24.784094,-1.163410,-4.721524,19.126187,-24.785689,-56.172218,12.761799,1.782169,15.000035,25.443935,-6.162012,29.626753,-12.666754,33.237745,-34.173746,63.771371,-16.134212,-8.945191,10.336270,-85.457421,-27.241841,36.636243,44.629808,35.998611,-15.079361,-14.255235
503,6.032736,-31.785740,78.169791,-4.584331,-7.569970,136.067667,-20.213397,15.944805,5.416506,25.618946,-1.667913,-4.748737,18.608852,-25.281333,-55.610718,13.792044,0.978237,15.000035,24.326784,-6.675827,29.555061,-13.331678,32.980975,-33.673324,64.016531,-16.810039,-8.588786,10.582492,-79.403301,-25.646854,37.525286,41.253360,33.223064,-15.243046,-14.289720
504,5.894088,-31.688231,78.040821,-4.534557,-7.685024,134.468166,-20.190213,16.661794,6.143112,26.453798,-2.421049,-4.958461,18.091516,-25.776978,-55.049218,14.822288,0.174306,15.000035,23.209633,-7.189642,29.483367,-13.996601,32.724204,-33.172903,64.261691,-17.485867,-8.232382,10.828715,-73.349180,-24.051867,38.414330,37.876910,30.447516,-15.406731,-14.324204
505,5.744450,-31.570062,77.907798,-4.476936,-7.781541,132.867537,-20.167030,17.378782,6.869719,27.288650,-2.993960,-4.975230,17.574180,-26.272623,-54.487718,15.852532,-0.629626,15.000035,22.092482,-7.703457,29.411673,-14.661523,32.467434,-32.672481,64.506850,-18.161694,-7.875978,11.074937,-67.295060,-22.456880,39.303373,34.500461,27.671968,-15.570415,-14.358689
506,5.598533,-31.445695,77.771034,-4.411926,-7.874492,131.265807,-20.143847,18.095770,7.596326,28.123501,-3.424058,-5.195440,17.056844,-26.768269,-53.926217,16.882777,-1.433558,15.000035,20.975330,-8.217272,29.339980,-15.326447,32.210663,-32.172060,64.752010,-18.837521,-7.519574,11.321160,-61.240940,-20.861893,40.192415,31.124013,24.896421,-15.734099,-14.393174
507,5.459107,-31.317257,77.630330,-4.339270,-7.966018,129.662912,-20.120663,18.812758,8.322933,28.958352,-3.842773,-5.360884,16.539508,-27.263913,-53.364718,17.913021,-2.237490,15.000035,19.858180,-8.731088,29.268287,-15.991371,31.953893,-31.671639,64.997171,-19.513348,-7.163170,11.567382,-55.186819,-19.266905,41.081459,27.747564,22.120873,-15.897783,-14.427658
508,5.325924,-31.185348,77.486048,-4.259423,-8.055990,128.058884,-20.097480,19.529746,9.049540,29.793204,-4.619616,-5.510945,16.022172,-27.759558,-52.803217,18.943266,-3.041422,15.000035,18.741028,-9.244902,29.196594,-16.656293,31.697122,-31.171218,65.242331,-20.189176,-6.806765,11.813604,-49.132698,-17.671918,41.970501,24.371115,19.345326,-16.061468,-14.462143
509,5.199666,-31.049986,77.337985,-4.172117,-8.144313,126.453660,-20.074297,20.246735,9.776146,30.628056,-5.171386,-5.601867,15.504836,-28.255202,-52.241717,19.973511,-3.845353,15.000035,17.623877,-9.758718,29.124900,-17.321216,31.440353,-30.670796,65.487491,-20.865003,-6.450361,12.059827,-43.078578,-16.076931,42.859545,20.994667,16.569779,-16.225153,-14.496627
510,5.079906,-30.911704,77.186508,-4.077846,-8.230774,124.847287,-20.051114,20.963723,10.502753,31.462908,-5.598918,-5.743473,14.987500,-28.750847,-51.680217,21.003755,-4.649285,15.000035,16.506727,-10.272533,29.053207,-17.986140,31.183582,-30.170375,65.732651,-21.540830,-6.093957,12.306050,-37.024458,-14.481944,43.748588,17.618218,13.794231,-16.388837,-14.531112
511,4.968620,-30.781740,77.031420,-3.976320,-8.314668,123.239696,-20.027930,21.680711,11.229360,32.297760,-6.017633,-5.832813,14.470165,-29.246492,-51.118717,22.033999,-5.453216,15.000035,15.389575,-10.786349,28.981514,-18.651063,30.926812,-29.669954,65.977811,-22.216658,-5.737553,12.552273,-30.970338,-12.886957,44.637630,14.241769,11.018683,-16.552521,-14.565597
512,4.869844,-30.703457,76.873376,-3.868038,-8.391016,121.630941,-20.004746,22.397699,11.955967,33.132611,-6.436348,-5.975959,13.952829,-29.742137,-50.557217,23.064244,-6.257148,15.000035,14.272424,-11.300163,28.909821,-19.315986,30.670041,-29.169533,66.222971,-22.892485,-5.381149,12.798495,-24.916217,-11.291969,45.526674,10.865320,8.243136,-16.716205,-14.600081
513,4.829285,-30.432773,76.940393,-3.554820,-8.460301,119.810387,-19.147326,22.613278,12.597213,32.746819,-6.740283,-6.198962,13.536307,-29.763103,-49.760327,22.911177,-6.467019,15.000035,13.345222,-10.843215,28.279381,-18.597909,30.295669,-29.069303,66.044641,-22.630802,-5.135580,12.716824,-20.402216,-12.756880,44.730753,7.342504,8.231829,-17.243116,-14.133982
514,4.811238,-30.163063,77.059181,-3.193694,-8.514442,117.935647,-18.075818,22.700181,13.216553,32.047777,-6.560645,-6.847307,13.145659,-29.662253,-48.903029,22.454441,-6.524437,15.000035,12.466767,-10.137143,27.505552,-17.524917,29.891116,-29.071772,65.757633,-22.128529,-4.918455,12.551007,-16.283449,-15.007043,43.502424,3.782126,8.929902,-17.863241,-13.539420
515,4.801444,-29.909410,77.171907,-2.837012,-8.551767,116.059045,-16.995374,22.781712,13.834979,31.335657,-6.733141,-7.205690,12.756091,-29.556317,-48.043209,21.985027,-6.575491,15.000035,11.590347,-9.420671,26.725738,-16.437107,29.485304,-29.078530,65.466089,-21.616212,-4.702517,12.381677,-12.181184,-17.289989,42.256044,0.220178,9.657589,-18.487256,-12.939496
516,4.797095,-29.648883,77.277207,-2.486393,-8.572951,114.182899,-15.914928,22.863243,14.453404,30.623538,-6.535462,-7.468656,12.366522,-29.450382,-47.183389,21.515613,-6.626546,15.000035,10.713926,-8.704198,25.945923,-15.349298,29.079492,-29.085287,65.174544,-21.103895,-4.486579,12.212347,-8.078918,-19.572933,41.009664,-3.341768,10.385276,-19.111273,-12.339571
517,4.800065,-29.378555,77.374415,-2.142823,-8.578513,112.307417,-14.834482,22.944774,15.071829,29.911419,-6.720239,-7.914740,11.976954,-29.344447,-46.323568,21.046200,-6.677600,15.000035,9.837506,-7.987726,25.166108,-14.261489,28.673680,-29.092045,64.882999,-20.591578,-4.270642,12.043017,-3.976652,-21.855879,39.763283,-6.903715,11.112963,-19.735288,-11.739646
518,4.810693,-29.100411,77.464555,-1.805709,-8.569790,110.432636,-13.754038,23.026305,15.690256,29.199299,-6.510279,-8.457099,11.587385,-29.238512,-45.463749,20.576786,-6.728654,15.000035,8.961085,-7.271253,24.386293,-13.173680,28.267868,-29.098802,64.591454,-20.079262,-4.054704,11.873687,0.125615,-24.138824,38.516903,-10.465662,11.840650,-20.359304,-11.139722
519,4.831442,-28.815478,77.546804,-1.476024,-8.547895,108.558747,-12.673592,23.107836,16.308681,28.487180,-6.247688,-8.741689,11.197816,-29.132576,-44.603929,20.107373,-6.779708,15.000035,8.084665,-6.554781,23.606478,-12.085871,27.862055,-29.105560,64.299908,-19.566944,-3.838766,11.704357,4.227880,-26.421769,37.270523,-14.027608,12.568336,-20.983320,-10.539797
520,4.861332,-28.523471,77.622371,-1.153160,-8.512227,106.685773,-11.593147,23.189367,16.927107,27.775061,-5.985098,-9.429637,10.808247,-29.026641,-43.744109,19.637959,-6.830762,15.000035,7.208243,-5.838309,22.826663,-10.998062,27.456242,-29.112318,64.008363,-19.054627,-3.622828,11.535027,8.330146,-28.704715,36.024143,-17.589555,13.296024,-21.607335,-9.939872
521,4.903531,-28.228053,77.690112,-0.838093,-8.465752,104.813892,-10.512702,23.270898,17.545533,27.062941,-5.722507,-9.754904,10.418678,-28.920706,-42.884290,19.168545,-6.881817,15.000035,6.331824,-5.121837,22.046848,-9.910253,27.050431,-29.119075,63.716818,-18.542310,-3.406891,11.365697,12.432412,-30.987661,34.777762,-21.151502,14.023711,-22.231352,-9.339946
522,4.959543,-27.941792,77.858004,-0.530230,-8.417660,102.943114,-9.432256,23.352430,18.163958,26.350821,-5.459915,-10.014722,10.029111,-28.814770,-42.024469,18.699131,-6.490428,15.000034,5.455402,-4.405364,21.267033,-8.822443,26.644619,-29.125833,63.425274,-18.029993,-3.190953,11.196368,16.534678,-33.270606,33.531383,-24.713449,14.751397,-22.855367,-8.740022
523,5.031363,-27.671405,77.985860,-0.230555,-8.372638,101.073609,-8.351810,23.433961,18.782384,25.638702,-5.197324,-10.756611,9.639542,-28.708835,-41.164650,18.229718,-6.278662,14.793593,4.578982,-3.688892,20.487219,-7.734634,26.238807,-29.132590,63.133728,-17.517676,-2.975015,11.027037,20.636944,-35.553551,32.285003,-28.275395,15.479084,-23.479383,-8.140097
524,5.115528,-27.414282,78.117221,0.061689,-8.328238,99.205330,-7.271366,23.515493,19.400809,24.926583,-4.934733,-11.030079,9.249973,-28.602900,-40.304830,17.760304,-6.040514,14.505568,3.702562,-2.972420,19.707404,-6.646825,25.832994,-29.139347,62.842183,-17.005359,-2.759078,10.857708,24.739210,-37.836496,31.038622,-31.837342,16.206771,-24.103399,-7.540172
525,5.088021,-27.243800,78.203285,0.345405,-8.284643,97.338470,-6.190920,23.597023,20.019235,24.214464,-4.672142,-11.784247,8.860405,-28.496964,-39.445010,17.290890,-5.873497,14.500033,2.826141,-2.255947,18.927589,-5.559016,25.427182,-29.146105,62.550638,-16.493042,-2.543140,10.688378,28.841475,-40.119442,29.792242,-35.399289,16.934458,-24.727415,-6.940248
526,5.296703,-26.934688,78.372121,0.579227,-8.185873,96.728266,-5.353210,23.410968,20.242270,23.128972,-4.273061,-12.086560,8.984992,-28.304448,-39.128721,16.608314,-5.522352,14.500033,2.299078,-1.682807,18.023341,-4.634805,25.143740,-29.322990,62.011301,-15.792543,-2.347878,10.618349,31.459801,-41.274488,28.684170,-37.220226,17.732302,-25.141018,-6.903638
527,5.579215,-26.587219,78.511271,0.787244,-8.058956,96.898799,-4.666416,23.058545,20.219480,21.811347,-3.789121,-12.410932,9.429241,-28.058102,-39.150359,15.793210,-5.387335,14.500033,1.989220,-1.198780,17.041730,-3.812305,24.936379,-29.605646,61.317906,-14.975045,-2.165470,10.610058,33.155528,-41.728294,27.662085,-37.958737,18.573764,-25.423804,-7.217253
528,5.788416,-26.290076,78.645230,0.998007,-7.937115,97.069315,-3.979621,22.706124,20.196692,20.493721,-3.305182,-12.735305,9.873490,-27.811755,-39.171998,14.978106,-5.258754,14.500033,1.679362,-0.714753,16.060118,-2.989806,24.729019,-29.888303,60.624511,-14.157549,-1.983063,10.601767,34.851253,-42.182100,26.640002,-38.697248,19.415228,-25.706589,-7.530870
529,5.998166,-25.997918,78.722647,1.211860,-7.820150,97.239768,-3.292826,22.353702,20.173902,19.176096,-2.821242,-13.059677,10.317739,-27.565408,-39.193635,14.163002,-5.345042,14.500033,1.369502,-0.230726,15.078507,-2.167306,24.521657,-30.170958,59.931116,-13.340052,-1.800656,10.593476,36.546979,-42.635907,25.617917,-39.435758,20.256690,-25.989374,-7.844486
530,6.208521,-25.711338,78.783972,1.428374,-7.708512,97.410241,-2.606030,22.001281,20.151114,17.858471,-2.337302,-13.372268,10.761989,-27.319062,-39.215274,13.347900,-5.482287,14.500033,1.059643,0.253301,14.096896,-1.344806,24.314295,-30.453614,59.237721,-12.522555,-1.618248,10.585185,38.242704,-43.089713,24.595833,-40.174269,21.098153,-26.272159,-8.158102
531,6.418989,-25.427041,78.905929,1.647862,-7.599872,97.580698,-1.919236,21.648859,20.128324,16.540845,-1.853362,-13.472894,11.206238,-27.072715,-39.236912,12.532795,-5.347270,14.531171,0.749784,0.737329,13.115284,-0.522306,24.106935,-30.736270,58.544325,-11.705058,-1.435841,10.576894,39.938430,-43.543519,23.573749,-40.912781,21.939615,-26.554944,-8.471718
532,6.628881,-25.140140,78.998528,1.869928,-7.490382,97.751210,-1.232441,21.296438,20.105535,15.223220,-1.369422,-13.532796,11.650488,-26.826369,-39.258550,11.717691,-5.212254,14.969704,0.439926,1.221356,12.133673,0.300193,23.899574,-31.018927,57.850930,-10.887561,-1.253433,10.568602,41.634155,-43.997326,22.551665,-41.651291,22.781078,-26.837729,-8.785334
533,6.837809,-24.848903,79.114325,2.094852,-7.378847,97.921751,-0.545646,20.944016,20.082746,13.905595,-0.885482,-13.857168,12.094736,-26.580022,-39.280187,10.902588,-5.077238,15.000033,0.130067,1.705383,11.152062,1.122693,23.692212,-31.301583,57.157535,-10.070065,-1.071026,10.560312,43.329882,-44.451132,21.529581,-42.389802,23.622541,-27.120515,-9.098950
534,7.046004,-24.555506,79.228919,2.322257,-7.266781,98.092386,0.141150,20.591595,20.059957,12.587970,-0.401543,-14.181541,12.538987,-26.333675,-39.301825,10.087484,-4.942222,15.000033,-0.179792,2.189410,10.170451,1.945192,23.484851,-31.584239,56.464140,-9.252567,-0.888618,10.552021,45.025607,-44.904938,20.507497,-43.128313,24.464003,-27.403300,-9.412566
535,7.253437,-24.260931,79.339683,2.552389,-7.154932,98.263093,0.827944,20.239173,20.037167,11.270344,0.082398,-14.505913,12.983235,-26.087329,-39.323463,9.272380,-4.807205,15.000033,-0.489651,2.673437,9.188839,2.767691,23.277490,-31.866895,55.770745,-8.435071,-0.706211,10.543731,46.721333,-45.358745,19.485413,-43.866823,25.305465,-27.686084,-9.726182
536,7.459837,-23.963524,79.440303,2.784902,-7.041989,98.433931,1.514739,19.886752,20.014379,9.952719,0.566338,-14.816244,13.427485,-25.840981,-39.345102,8.457276,-4.700267,15.000033,-0.799509,3.157464,8.207228,3.590192,23.070129,-32.149551,55.077350,-7.617573,-0.523804,10.535439,48.417058,-45.812551,18.463329,-44.605335,26.146928,-27.968870,-10.039799
537,7.664946,-23.662911,79.487726,3.020011,-6.927648,98.604883,2.201534,19.534330,19.991589,8.635094,1.050278,-15.000035,13.871734,-25.594634,-39.366740,7.642172,-4.795816,15.000033,-1.109368,3.641491,7.225617,4.412691,22.862768,-32.432208,54.383955,-6.800078,-0.341397,10.527148,50.112784,-46.266357,17.441245,-45.343845,26.988390,-28.251656,-10.353414
538,7.873593,-23.351231,79.528994,3.257396,-6.812692,98.776003,2.888329,19.181909,19.968801,7.317468,1.534217,-15.000035,14.315983,-25.348288,-39.388377,6.827068,-4.902157,15.000033,-1.419227,4.125519,6.244005,5.235191,22.655407,-32.714864,53.690559,-5.982581,-0.158990,10.518857,51.808510,-46.720164,16.419161,-46.082357,27.829853,-28.534440,-10.667031
539,8.066053,-23.035401,79.612836,3.470753,-6.706357,98.934292,3.503389,18.856332,19.954121,6.136348,1.954401,-15.000035,14.715174,-25.136302,-39.407348,6.086830,-4.768733,15.000033,-1.683944,4.556636,5.356535,5.966997,22.460277,-32.993622,53.036655,-5.255893,0.006482,10.515026,53.337307,-47.127354,15.491993,-46.732507,28.492233,-28.752826,-10.964936
540,8.020507,-22.977051,79.622843,3.532883,-6.655343,99.017578,3.704008,18.685852,19.986297,5.743882,2.006235,-15.000035,14.854033,-25.122832,-39.410910,5.779125,-4.644510,15.000033,-1.687860,4.682075,5.012954,6.174823,22.335818,-33.249862,52.610903,-5.053853,0.074103,10.536959,53.901681,-47.265231,15.113201,-46.872167,28.119975,-28.599155,-11.172076
541,7.868746,-23.020120,79.595054,3.515849,-6.632776,99.061659,3.688548,18.596235,20.042902,5.762596,1.866022,-15.000035,14.857163,-25.212863,-39.406438,5.696929,-4.525084,15.000035,-1.555801,4.648141,4.952943,6.109462,22.248203,-33.494362,52.304105,-5.125348,0.090708,10.572327,53.963234,-47.262697,15.020313,-46.745670,27.208289,-28.251502,-11.331891
542,7.731986,-23.036059,79.566977,3.498921,-6.609977,99.105721,3.673088,18.506617,20.099508,5.781311,1.725809,-15.000035,14.860293,-25.302894,-39.401966,5.614732,-4.405658,15.000035,-1.423742,4.614208,4.892932,6.044101,22.160588,-33.738862,51.997305,-5.196842,0.107315,10.607693,54.024788,-47.260162,14.927426,-46.619173,26.296602,-27.903848,-11.491707
543,7.595149,-23.053093,79.538338,3.481816,-6.587778,99.149799,3.657628,18.416999,20.156113,5.800025,1.585597,-15.000035,14.863424,-25.392924,-39.397494,5.532536,-4.286232,15.000035,-1.291683,4.580275,4.832921,5.978741,22.072972,-33.983362,51.690506,-5.268337,0.123920,10.643060,54.086341,-47.257627,14.834538,-46.492677,25.384915,-27.556196,-11.651523
544,7.458182,-23.069575,79.509372,3.464687,-6.565035,99.193875,3.642168,18.327382,20.212718,5.818739,1.445384,-15.000035,14.866555,-25.482955,-39.393022,5.450340,-4.166805,15.000035,-1.159625,4.546342,4.772910,5.913381,21.985357,-34.227862,51.383707,-5.339832,0.140525,10.678426,54.147894,-47.255092,14.741651,-46.366180,24.473229,-27.208542,-11.811338
545,7.321070,-23.085439,79.480049,3.447531,-6.541683,99.237949,3.626708,18.237765,20.269324,5.837453,1.305171,-14.950230,14.869686,-25.572986,-39.388551,5.368144,-4.047379,15.000035,-1.027566,4.512409,4.712898,5.848020,21.897742,-34.472361,51.076908,-5.411328,0.157131,10.713793,54.209447,-47.252557,14.648763,-46.239682,23.561542,-26.860890,-11.971154
546,7.183992,-23.101773,79.450320,3.430350,-6.518538,99.282020,3.611248,18.148147,20.325929,5.856167,1.164957,-14.748725,14.872816,-25.663017,-39.384079,5.285948,-3.927953,15.000035,-0.895507,4.478475,4.652887,5.782660,21.810127,-34.716861,50.770109,-5.482823,0.173736,10.749160,54.271000,-47.250022,14.555876,-46.113185,22.649855,-26.513237,-12.130970
547,7.047038,-23.119146,79.420104,3.413142,-6.496050,99.326087,3.595788,18.058530,20.382534,5.874881,1.024744,-14.578536,14.875947,-25.753048,-39.379607,5.203752,-3.808526,15.000035,-0.763448,4.444541,4.592876,5.717299,21.722512,-34.961361,50.463310,-5.554317,0.190342,10.784527,54.332554,-47.247487,14.462988,-45.986688,21.738169,-26.165584,-12.290787
548,6.910297,-23.138049,79.389386,3.395908,-6.474667,99.370152,3.580329,17.968912,20.439139,5.893596,0.884531,-14.474655,14.879078,-25.843078,-39.375135,5.121555,-3.689101,15.000035,-0.631389,4.410608,4.532865,5.651938,21.634897,-35.205861,50.156511,-5.625812,0.206948,10.819894,54.394108,-47.244952,14.370101,-45.860192,20.826483,-25.817931,-12.450602
549,6.773796,-23.158641,79.358137,3.378644,-6.454384,99.414215,3.564869,17.879295,20.495744,5.912310,0.744319,-14.550857,14.882208,-25.933108,-39.370663,5.039359,-3.569675,15.000035,-0.499330,4.376675,4.472854,5.586578,21.547282,-35.450361,49.849712,-5.697307,0.223553,10.855260,54.455661,-47.242417,14.277214,-45.733695,19.914796,-25.470278,-12.610418
550,6.637506,-23.181077,79.326350,3.361311,-6.435325,99.458280,3.549408,17.789678,20.552349,5.931024,0.604106,-14.581436,14.885339,-26.023139,-39.366192,4.957163,-3.450249,15.000035,-0.367272,4.342742,4.412842,5.521218,21.459666,-35.694860,49.542913,-5.768802,0.240159,10.890627,54.517214,-47.239882,14.184326,-45.607198,19.003109,-25.122625,-12.770234
551,6.498514,-23.204169,79.329992,3.343877,-6.417533,99.502352,3.533949,17.700060,20.608954,5.949739,0.463893,-14.415736,14.888470,-26.113170,-39.361719,4.874967,-3.182259,15.000035,-0.235213,4.308809,4.352831,5.455857,21.372051,-35.939360,49.236114,-5.840296,0.256765,10.925993,54.578767,-47.237347,14.091439,-45.480701,18.091422,-24.774972,-12.930050
552,6.367216,-23.224551,79.381838,3.328869,-6.400869,99.552879,3.513187,17.617422,20.653895,5.966159,0.342138,-14.264691,14.892432,-26.194659,-39.367130,4.799203,-2.738811,15.000035,-0.111141,4.278409,4.309514,5.370593,21.292704,-36.159245,48.966375,-5.898095,0.268979,10.952689,54.628876,-47.242757,14.025470,-45.367936,17.277255,-24.466535,-13.063703
553,6.310713,-23.247358,79.371390,3.324339,-6.386418,99.632696,3.468435,17.566366,20.646056,5.972203,0.303895,-14.179960,14.900163,-26.237502,-39.417254,4.752549,-2.663916,15.000035,-0.023210,4.263999,4.341730,5.195274,21.250762,-36.267753,48.864317,-5.893921,0.261323,10.940146,54.627205,-47.284114,14.081298,-45.317303,16.904326,-24.335534,-13.078985
554,6.338521,-23.275016,79.373193,3.331049,-6.374570,99.743739,3.398107,17.548979,20.581945,5.967182,0.354689,-14.165927,14.911909,-26.239141,-39.515050,4.736926,-2.658602,15.000035,0.026191,4.266637,4.454478,4.923940,21.248698,-36.257516,48.941034,-5.823675,0.232484,10.885771,54.570327,-47.363797,14.266980,-45.332913,17.001826,-24.393708,-12.968062
555,6.354055,-23.298577,79.375021,3.338088,-6.364130,99.854742,3.327778,17.531592,20.517834,5.962161,0.405483,-14.151894,14.923655,-26.240780,-39.612846,4.721303,-2.653289,15.000035,0.075591,4.269275,4.567226,4.652607,21.246634,-36.247280,49.017752,-5.753429,0.203645,10.831396,54.513449,-47.443479,14.452662,-45.348523,17.099326,-24.451882,-12.857139
556,6.369167,-23.323246,79.376571,3.344818,-6.354592,99.965786,3.257450,17.514205,20.453724,5.957141,0.456277,-14.137862,14.935401,-26.242419,-39.710642,4.705681,-2.647975,15.000035,0.124992,4.271912,4.679974,4.381273,21.244571,-36.237044,49.094469,-5.683183,0.174805,10.777020,54.456571,-47.523162,14.638344,-45.364133,17.196827,-24.510057,-12.746216
557,6.384457,-23.348551,79.378042,3.351525,-6.345554,100.076835,3.187122,17.496818,20.389614,5.952120,0.507070,-14.123829,14.947147,-26.244059,-39.808438,4.690058,-2.642661,15.000035,0.174392,4.274550,4.792722,4.109940,21.242508,-36.226808,49.171186,-5.612937,0.145965,10.722645,54.399694,-47.602844,14.824026,-45.379743,17.294327,-24.568231,-12.635293
558,6.399830,-23.373964,79.379478,3.358210,-6.336616,100.187889,3.116794,17.479431,20.325503,5.947099,0.557863,-14.109797,14.958893,-26.245698,-39.906233,4.674436,-2.637348,15.000035,0.223792,4.277187,4.905470,3.838607,21.240445,-36.216572,49.247902,-5.542691,0.117125,10.668270,54.342816,-47.682526,15.009708,-45.395352,17.391828,-24.626405,-12.524370
559,6.415296,-23.399521,79.380873,3.364873,-6.327822,100.298947,3.046465,17.462043,20.261393,5.942078,0.608657,-14.095764,14.970639,-26.247337,-40.004029,4.658814,-2.632034,15.000035,0.273193,4.279825,5.018217,3.567273,21.238382,-36.206336,49.324620,-5.472445,0.088287,10.613894,54.285938,-47.762209,15.195389,-45.410962,17.489329,-24.684579,-12.413448
560,6.430810,-23.424983,79.382243,3.371515,-6.319019,100.410009,2.976135,17.444656,20.197283,5.937057,0.659452,-14.081732,14.982385,-26.248976,-40.101826,4.643191,-2.626720,15.000035,0.322593,4.282463,5.130965,3.295939,21.236319,-36.196100,49.401338,-5.402199,0.059447,10.559518,54.229060,-47.841891,15.381071,-45.426572,17.586829,-24.742753,-12.302525
561,6.446380,-23.450391,79.383587,3.378133,-6.310206,100.521077,2.905807,17.427269,20.133173,5.932036,0.710245,-14.067699,14.994132,-26.250615,-40.199621,4.627569,-2.621406,15.000035,0.371994,4.285101,5.243713,3.024607,21.234256,-36.185864,49.478055,-5.331953,0.030608,10.505143,54.172183,-47.921573,15.566753,-45.442181,17.684329,-24.800928,-12.191602
562,6.461989,-23.475655,79.384911,3.384730,-6.301316,100.632149,2.835479,17.409882,20.069062,5.927016,0.761039,-14.053667,15.005878,-26.252254,-40.297417,4.611946,-2.616093,15.000035,0.421394,4.287738,5.356461,2.753273,21.232193,-36.175628,49.554771,-5.261707,0.001768,10.450768,54.115305,-48.001256,15.752435,-45.457791,17.781830,-24.859102,-12.080679
563,6.477616,-23.500658,79.386226,3.391304,-6.292262,100.743225,2.765151,17.392495,20.004952,5.921995,0.811833,-14.039634,15.017624,-26.253894,-40.395213,4.596324,-2.610779,15.000035,0.470794,4.290376,5.469209,2.481940,21.230130,-36.165391,49.631488,-5.191461,-0.027071,10.396392,54.058427,-48.080938,15.938117,-45.473401,17.879330,-24.917276,-11.969756
564,6.493125,-23.525422,79.387477,3.397758,-6.283042,100.854318,2.694823,17.375108,19.940842,5.916974,0.862626,-14.025602,15.029370,-26.255533,-40.493009,4.580702,-2.605466,15.000035,0.520195,4.293014,5.581957,2.210606,21.228067,-36.155156,49.708206,-5.121215,-0.055911,10.342017,54.001550,-48.160620,16.123799,-45.489010,17.976830,-24.975450,-11.858833
565,6.507823,-23.550098,79.388701,3.404160,-6.273669,100.965419,2.624494,17.357721,19.876731,5.911953,0.913421,-14.011569,15.041116,-26.257172,-40.590805,4.565079,-2.600152,15.000035,0.569595,4.295652,5.694704,1.939273,21.226004,-36.144919,49.784923,-5.050969,-0.084751,10.287642,53.944673,-48.240303,16.309480,-45.504620,18.074331,-25.033625,-11.747910
566,6.519589,-23.573544,79.389723,3.406906,-6.263624,101.076432,2.555511,17.343771,19.817150,5.907041,0.960571,-13.998363,15.052427,-26.255715,-40.685527,4.550699,-2.593529,15.000035,0.617671,4.292103,5.799811,1.684696,21.225859,-36.128700,49.850833,-4.995837,-0.106380,10.232247,53.896508,-48.312153,16.486236,-45.505080,18.167455,-25.087325,-11.623444
567,6.526401,-23.592477,79.389700,3.396814,-6.251635,101.187228,2.490999,17.341253,19.772629,5.902491,0.995605,-13.987904,15.062286,-26.243957,-40.770028,4.540453,-2.582554,15.000035,0.661342,4.267978,5.879506,1.485842,21.232094,-36.092588,49.880806,-4.990965,-0.104034,10.173462,53.877315,-48.357952,16.633307,-45.455161,18.246026,-25.126148,-11.453941
568,6.529013,-23.608261,79.389002,3.378021,-6.238131,101.297867,2.429531,17.346512,19.738357,5.898186,1.022394,-13.979314,15.071159,-26.225192,-40.847575,4.533018,-2.568616,15.000035,0.702016,4.229852,5.941909,1.324906,21.242669,-36.042938,49.886323,-5.020293,-0.085372,10.112370,53.877839,-48.386025,16.760179,-45.370960,18.314693,-25.154848,-11.253791
569,6.530228,-23.623854,79.388463,3.359473,-6.224287,101.408472,2.368063,17.351771,19.704085,5.893881,1.049182,-13.970724,15.080031,-26.206426,-40.925121,4.525583,-2.554678,15.000035,0.742689,4.191726,6.004313,1.163970,21.253244,-35.993288,49.891841,-5.049621,-0.066711,10.051279,53.878363,-48.414097,16.887050,-45.286760,18.383361,-25.183548,-11.053641
570,6.531359,-23.639280,79.387895,3.340872,-6.210304,101.519075,2.306595,17.357031,19.669813,5.889577,1.075971,-13.962134,15.088903,-26.187661,-41.002667,4.518148,-2.540740,15.000035,0.783363,4.153600,6.066716,1.003034,21.263820,-35.943638,49.897359,-5.078949,-0.048050,9.990187,53.878887,-48.442170,17.013922,-45.202559,18.452028,-25.212248,-10.853491
571,6.532363,-23.654611,79.387260,3.322155,-6.196228,101.629686,2.245127,17.362290,19.635541,5.885272,1.102760,-13.953545,15.097775,-26.168895,-41.080213,4.510714,-2.526802,15.000035,0.824037,4.115474,6.129120,0.842098,21.274395,-35.893988,49.902877,-5.108278,-0.029388,9.929095,53.879410,-48.470243,17.140794,-45.118358,18.520695,-25.240947,-10.653341
572,6.533394,-23.669818,79.386622,3.303437,-6.182062,101.740290,2.183659,17.367550,19.601270,5.880968,1.129548,-13.944954,15.106648,-26.150129,-41.157759,4.503279,-2.512864,15.000035,0.864711,4.077348,6.191523,0.681162,21.284971,-35.844338,49.908394,-5.137607,-0.010727,9.868004,53.879934,-48.498316,17.267665,-45.034157,18.589362,-25.269647,-10.453192
573,6.534469,-23.684990,79.385973,3.284719,-6.167868,101.850887,2.122191,17.372809,19.566997,5.876663,1.156337,-13.936365,15.115520,-26.131363,-41.235305,4.495844,-2.498926,15.000035,0.905385,4.039222,6.253927,0.520226,21.295546,-35.794688,49.913912,-5.166935,0.007935,9.806913,53.880458,-48.526389,17.394537,-44.949957,18.658029,-25.298346,-10.253042
574,6.535589,-23.700136,79.385313,3.266000,-6.153655,101.961478,2.060722,17.378069,19.532726,5.872359,1.183126,-13.927776,15.124393,-26.112598,-41.312851,4.488409,-2.484988,15.000035,0.946058,4.001096,6.316330,0.359289,21.306121,-35.745038,49.919429,-5.196263,0.026596,9.745821,53.880982,-48.554462,17.521409,-44.865756,18.726696,-25.327046,-10.052891
575,6.536681,-23.714920,79.384665,3.247280,-6.139172,102.072062,1.999254,17.383328,19.498454,5.868055,1.209915,-13.919186,15.133265,-26.093833,-41.390398,4.480975,-2.471050,15.000035,0.986733,3.962970,6.378734,0.198353,21.316697,-35.695388,49.924947,-5.225592,0.045257,9.684729,53.881506,-48.582535,17.648280,-44.781555,18.795364,-25.355746,-9.852741
576,6.537580,-23.728564,79.384087,3.228558,-6.123840,102.182640,1.937786,17.388588,19.464181,5.863751,1.236703,-13.910597,15.142137,-26.075067,-41.467943,4.473540,-2.457113,15.000035,1.027406,3.924844,6.441137,0.037417,21.327273,-35.645738,49.930464,-5.254920,0.063919,9.623638,53.882029,-48.610607,17.775151,-44.697354,18.864031,-25.384445,-9.652592
577,6.537912,-23.741213,79.383414,3.209553,-6.107701,102.293244,1.876318,17.393848,19.429909,5.859447,1.263492,-13.902006,15.151010,-26.056301,-41.545490,4.466105,-2.443175,15.000035,1.068079,3.886718,6.503540,-0.123518,21.337848,-35.596089,49.935982,-5.284248,0.082580,9.562547,53.882553,-48.638680,17.902023,-44.613154,18.932698,-25.413146,-9.452442
578,6.538706,-23.752860,79.382978,3.190792,-6.090357,102.403813,1.814850,17.399107,19.395637,5.855142,1.290280,-13.893417,15.159882,-26.037536,-41.623036,4.458670,-2.429237,15.000035,1.108753,3.848592,6.565944,-0.284454,21.348423,-35.546439,49.941500,-5.313577,0.101242,9.501455,53.883077,-48.666753,18.028894,-44.528953,19.001366,-25.441845,-9.252292
579,6.541747,-23.766185,79.382792,3.172304,-6.071843,102.514343,1.753382,17.404366,19.361365,5.850837,1.317069,-13.884827,15.168754,-26.018770,-41.700582,4.451236,-2.415300,15.000035,1.149427,3.810467,6.628347,-0.445391,21.358999,-35.496789,49.947018,-5.342905,0.119903,9.440364,53.883601,-48.694826,18.155766,-44.444752,19.070033,-25.470545,-9.052142
580,6.543776,-23.769052,79.384939,3.160055,-6.064892,102.558808,1.729012,17.416017,19.357027,5.846957,1.335681,-13.890992,15.176199,-26.003111,-41.752696,4.441996,-2.395382,15.000035,1.132835,3.778347,6.642515,-0.492129,21.371116,-35.453590,49.965236,-5.316415,0.109407,9.385031,53.876373,-48.654741,18.134014,-44.411125,19.240919,-25.460989,-8.894684
581,6.546576,-23.767963,79.388360,3.151103,-6.063674,102.568185,1.724348,17.431063,19.368589,5.843303,1.349949,-13.904993,15.182886,-25.989101,-41.791301,4.431797,-2.372288,15.000035,1.085826,3.749418,6.631061,-0.478208,21.384053,-35.413818,49.990201,-5.260275,0.083424,9.332757,53.865027,-48.578454,18.033317,-44.404361,19.466102,-25.431114,-8.759902
582,6.550306,-23.766474,79.391980,3.142202,-6.060633,102.577023,1.719986,17.446161,19.380395,5.839652,1.364150,-13.919114,15.189560,-25.975116,-41.829699,4.421583,-2.349146,15.000035,1.038349,3.720538,6.619213,-0.463357,21.397002,-35.374098,50.015270,-5.203681,0.057204,9.280529,53.853620,-48.501611,17.931410,-44.398009,19.692118,-25.400926,-8.625467
583,6.553871,-23.763513,79.395727,3.133304,-6.056213,102.585862,1.715624,17.461258,19.392201,5.836001,1.378352,-13.933236,15.196235,-25.961132,-41.868096,4.411369,-2.326003,15.000035,0.990874,3.691658,6.607366,-0.448507,21.409950,-35.334380,50.040338,-5.147087,0.030983,9.228302,53.842212,-48.424768,17.829502,-44.391657,19.918134,-25.370738,-8.491032
584,6.557119,-23.759136,79.399570,3.124406,-6.050736,102.594700,1.711262,17.476356,19.404007,5.832350,1.392553,-13.947358,15.202909,-25.947148,-41.906494,4.401155,-2.302861,15.000035,0.943397,3.662778,6.595519,-0.433656,21.422899,-35.294660,50.065406,-5.090493,0.004762,9.176074,53.830803,-48.347925,17.727594,-44.385305,20.144150,-25.340551,-8.356599
585,6.560166,-23.753878,79.403472,3.115509,-6.044602,102.603537,1.706900,17.491454,19.415813,5.828699,1.406754,-13.961480,15.209584,-25.933164,-41.944892,4.390941,-2.279718,15.000035,0.895922,3.633898,6.583672,-0.418805,21.435848,-35.254940,50.090474,-5.033898,-0.021458,9.123846,53.819395,-48.271081,17.625687,-44.378954,20.370166,-25.310364,-8.222164
586,6.563173,-23.748457,79.363940,3.106613,-6.038342,102.612374,1.702538,17.506553,19.427619,5.825048,1.420955,-13.975601,15.216258,-25.919180,-41.983290,4.380727,-2.435350,15.000035,0.848446,3.605018,6.571824,-0.403954,21.448796,-35.215221,50.115543,-4.977304,-0.047679,9.071619,53.807987,-48.194238,17.523779,-44.372602,20.596181,-25.280177,-8.087730
587,6.566235,-23.743299,79.305240,3.097715,-6.032277,102.621210,1.698175,17.521651,19.439425,5.821397,1.435156,-13.989723,15.222933,-25.905196,-42.021687,4.370514,-2.669796,15.000035,0.800969,3.576138,6.559977,-0.389102,21.461745,-35.175501,50.140612,-4.920711,-0.073900,9.019391,53.796579,-48.117396,17.421870,-44.366249,20.822197,-25.249989,-7.953296
588,6.569344,-23.738367,79.293652,3.088819,-6.026387,102.630047,1.693813,17.536748,19.451231,5.817746,1.449358,-14.003844,15.229608,-25.891212,-42.060084,4.360300,-2.710291,15.000035,0.753493,3.547258,6.548129,-0.374251,21.474694,-35.135782,50.165680,-4.864115,-0.100120,8.967164,53.785171,-48.040553,17.319963,-44.359898,21.048213,-25.219801,-7.818862
589,6.572272,-23.732640,79.297579,3.079924,-6.019905,102.638883,1.689452,17.551846,19.463037,5.814094,1.463559,-14.017966,15.236282,-25.877228,-42.098482,4.350086,-2.687149,15.000035,0.706017,3.518378,6.536282,-0.359400,21.487643,-35.096063,50.190749,-4.807521,-0.126341,8.914936,53.773762,-47.963709,17.218055,-44.353546,21.274229,-25.189614,-7.684427
590,6.574656,-23.724499,79.301672,3.071029,-6.011618,102.647720,1.685090,17.566943,19.474843,5.810444,1.477761,-14.032088,15.242957,-25.863244,-42.136880,4.339873,-2.664006,15.000035,0.658541,3.489499,6.524435,-0.344550,21.500592,-35.056344,50.215817,-4.750927,-0.152561,8.862708,53.762354,-47.886866,17.116147,-44.347195,21.500245,-25.159427,-7.549993
591,6.576500,-23.713971,79.305929,3.062137,-6.001545,102.656554,1.680728,17.582041,19.486649,5.806793,1.491962,-14.046209,15.249632,-25.849260,-42.175278,4.329658,-2.640864,15.000035,0.611065,3.460619,6.512588,-0.329700,21.513540,-35.016624,50.240885,-4.694332,-0.178782,8.810482,53.750946,-47.810023,17.014240,-44.340843,21.726260,-25.129239,-7.415559
592,6.578880,-23.702106,79.310269,3.053246,-5.990512,102.665390,1.676366,17.597140,19.498455,5.803142,1.506163,-13.652436,15.256306,-25.835275,-42.213675,4.319444,-2.617722,15.000035,0.563588,3.431739,6.500740,-0.314849,21.526490,-34.976904,50.265954,-4.637739,-0.205003,8.758254,53.739538,-47.733180,16.912332,-44.334491,21.952276,-25.099051,-7.281125
593,6.584458,-23.687987,79.314744,3.044357,-5.977968,102.674224,1.672004,17.612237,19.510261,5.799491,1.520365,-13.574453,15.262981,-25.821291,-42.252072,4.309231,-2.594580,15.000035,0.516113,3.402859,6.488893,-0.299997,21.539439,-34.937185,50.291022,-4.581144,-0.231224,8.706027,53.728130,-47.656337,16.810424,-44.328140,22.178292,-25.068864,-7.146690
594,6.576622,-23.695051,79.317302,3.039390,-5.982297,102.663420,1.673303,17.609757,19.495632,5.795903,1.542192,-13.575048,15.263015,-25.818245,-42.254468,4.298720,-2.564284,15.000035,0.526476,3.373291,6.472377,-0.323022,21.562992,-34.920181,50.378734,-4.608937,-0.239614,8.721774,53.653834,-47.570376,16.862281,-44.323832,22.130466,-25.133077,-7.178174
595,6.568913,-23.704623,79.319576,3.035264,-5.988886,102.648436,1.675806,17.603535,19.475377,5.792328,1.565641,-13.572764,15.261636,-25.817526,-42.249200,4.288146,-2.532465,15.000035,0.549153,3.343578,6.454868,-0.354108,21.588804,-34.908012,50.479780,-4.654693,-0.244210,8.751990,53.566153,-47.482476,16.946869,-44.319958,22.024349,-25.217384,-7.244976
596,6.562166,-23.711399,79.322038,3.031153,-5.993463,102.633421,1.678318,17.597286,19.455081,5.788754,1.589102,-13.570458,15.260246,-25.816825,-42.243876,4.277573,-2.500635,15.000035,0.571918,3.313863,6.437351,-0.385254,21.614633,-34.895878,50.580922,-4.700579,-0.248777,8.782312,53.478375,-47.394560,17.031695,-44.316089,21.917810,-25.301838,-7.312033
597,6.554992,-23.715517,79.324685,3.027048,-5.996063,102.618407,1.680830,17.591037,19.434785,5.785179,1.612564,-13.568152,15.258857,-25.816123,-42.238553,4.266999,-2.468805,15.000035,0.594683,3.284149,6.419834,-0.416399,21.640462,-34.883744,50.682064,-4.746465,-0.253345,8.812633,53.390596,-47.306644,17.116520,-44.312219,21.811270,-25.386291,-7.379092
598,6.547167,-23.716682,79.327540,3.022952,-5.996459,102.603394,1.683343,17.584787,19.414489,5.781605,1.636025,-13.565847,15.257468,-25.815422,-42.233229,4.256425,-2.436975,15.000035,0.617449,3.254435,6.402318,-0.447544,21.666289,-34.871610,50.783207,-4.792352,-0.257913,8.842955,53.302817,-47.218729,17.201346,-44.308349,21.704729,-25.470745,-7.446149
599,6.539044,-23.716472,79.330494,3.018862,-5.995830,102.588381,1.685855,17.578538,19.394193,5.778030,1.659487,-13.563542,15.256077,-25.814720,-42.227906,4.245851,-2.405145,15.000035,0.640215,3.224721,6.384801,-0.478689,21.692117,-34.859476,50.884349,-4.838239,-0.262481,8.873277,53.215038,-47.130814,17.286172,-44.304479,21.598189,-25.555198,-7.513208
600,6.530903,-23.716132,79.333456,3.014778,-5.995108,102.573370,1.688367,17.572289,19.373897,5.774456,1.682948,-13.561236,15.254688,-25.814019,-42.222583,4.235278,-2.373316,15.000035,0.662980,3.195006,6.367284,-0.509835,21.717946,-34.847342,50.985492,-4.884125,-0.267048,8.903598,53.127259,-47.042898,17.370997,-44.300610,21.491649,-25.639651,-7.580265
601,6.522769,-23.715785,79.336420,3.010700,-5.994385,102.558360,1.690879,17.566039,19.353599,5.770881,1.706409,-13.558931,15.253299,-25.813318,-42.217260,4.224704,-2.341486,15.000035,0.685745,3.165291,6.349767,-0.540980,21.743775,-34.835209,51.086635,-4.930012,-0.271616,8.933920,53.039480,-46.954982,17.455823,-44.296740,21.385109,-25.724105,-7.647324
602,6.514645,-23.715433,79.339385,3.006627,-5.993661,102.543350,1.693392,17.559790,19.333303,5.767307,1.729871,-13.556625,15.251908,-25.812617,-42.211936,4.214130,-2.309656,15.000035,0.708511,3.135576,6.332251,-0.572126,21.769602,-34.823075,51.187778,-4.975898,-0.276184,8.964242,52.951702,-46.867067,17.540650,-44.292871,21.278569,-25.808558,-7.714381
603,6.506804,-23.716315,79.342264,3.002559,-5.993864,102.528341,1.695904,17.553540,19.313007,5.763732,1.753332,-13.554320,15.250519,-25.811916,-42.206612,4.203556,-2.277827,15.000035,0.731276,3.105862,6.314734,-0.603271,21.795431,-34.810941,51.288920,-5.021784,-0.280752,8.994564,52.863923,-46.779152,17.625475,-44.289001,21.172028,-25.893011,-7.781440
604,6.499682,-23.720424,79.344915,2.998497,-5.996482,102.513333,1.698417,17.547291,19.292712,5.760158,1.776794,-13.552014,15.249130,-25.811214,-42.201289,4.192983,-2.245996,15.000035,0.754041,3.076147,6.297217,-0.634416,21.821259,-34.798807,51.390062,-5.067670,-0.285320,9.024885,52.776144,-46.691236,17.710301,-44.285130,21.065489,-25.977465,-7.848497
605,6.493168,-23.727248,79.347374,2.994437,-6.001134,102.498326,1.700928,17.541043,19.272415,5.756583,1.800255,-13.549709,15.247741,-25.810513,-42.195965,4.182409,-2.214166,15.000035,0.776807,3.046433,6.279700,-0.665561,21.847088,-34.786673,51.491205,-5.113558,-0.289887,9.055206,52.688366,-46.603320,17.795126,-44.281260,20.958949,-26.061919,-7.915556
606,6.486939,-23.737536,79.349597,2.990382,-6.008277,102.483321,1.703441,17.534793,19.252119,5.753009,1.823716,-13.547403,15.246351,-25.809812,-42.190642,4.171835,-2.182337,15.000035,0.799573,3.016718,6.262184,-0.696706,21.872916,-34.774539,51.592347,-5.159443,-0.294455,9.085528,52.600587,-46.515406,17.879953,-44.277391,20.852409,-26.146371,-7.982613
607,6.479453,-23.751073,79.351628,2.986330,-6.017440,102.468315,1.705953,17.528544,19.231823,5.749434,1.847178,-13.545098,15.244961,-25.809110,-42.185318,4.161261,-2.150507,15.000035,0.822338,2.987004,6.244667,-0.727852,21.898744,-34.762405,51.693490,-5.205330,-0.299023,9.115850,52.512808,-46.427490,17.964778,-44.273521,20.745868,-26.230825,-8.049672
