Frame,root_translateX,root_translateY,root_translateZ,root_rotateX,root_rotateY,root_rotateZ,left_hip_pitch_joint_dof,left_hip_roll_joint_dof,left_hip_yaw_joint_dof,left_knee_joint_dof,left_ankle_pitch_joint_dof,left_ankle_roll_joint_dof,right_hip_pitch_joint_dof,right_hip_roll_joint_dof,right_hip_yaw_joint_dof,right_knee_joint_dof,right_ankle_pitch_joint_dof,right_ankle_roll_joint_dof,waist_yaw_joint_dof,waist_roll_joint_dof,waist_pitch_joint_dof,left_shoulder_pitch_joint_dof,left_shoulder_roll_joint_dof,left_shoulder_yaw_joint_dof,left_elbow_joint_dof,left_wrist_roll_joint_dof,left_wrist_pitch_joint_dof,left_wrist_yaw_joint_dof,right_shoulder_pitch_joint_dof,right_shoulder_roll_joint_dof,right_shoulder_yaw_joint_dof,right_elbow_joint_dof,right_wrist_roll_joint_dof,right_wrist_pitch_joint_dof,right_wrist_yaw_joint_dof
0,1.786196,-13.284814,79.819950,1.729902,-11.149151,101.867045,0.508360,16.869892,18.957224,5.901249,5.391566,-10.033261,16.043728,-25.416277,-37.341809,4.726993,3.864740,15.000035,0.280935,4.760142,6.840189,4.405699,20.374214,-35.371986,65.241898,-4.163845,1.669433,9.614002,44.206538,-43.167545,35.768878,-26.074377,19.649561,-30.314796,-8.800110
1,1.797398,-13.263706,79.817822,1.725470,-11.133401,101.929507,0.498290,16.871342,18.941411,5.900202,5.380414,-10.027162,16.057901,-25.413787,-37.389263,4.733019,3.837333,15.000035,0.266523,4.760286,6.834660,4.437277,20.393579,-35.336869,65.173785,-4.192895,1.665830,9.581096,44.324445,-43.243458,35.778763,-26.111630,19.906041,-30.123205,-8.749238
2,1.808600,-13.242597,79.815687,1.721055,-11.117646,101.991965,0.488221,16.872792,18.925598,5.899154,5.369263,-10.021063,16.072074,-25.411296,-37.436717,4.739044,3.809925,15.000035,0.252111,4.760429,6.829132,4.468856,20.412944,-35.301752,65.105673,-4.221945,1.662226,9.548190,44.442352,-43.319371,35.788648,-26.148883,20.162521,-29.931615,-8.698367
3,1.819802,-13.221489,79.813547,1.716658,-11.101887,102.054418,0.478153,16.874243,18.909786,5.898107,5.358111,-10.014965,16.086247,-25.408806,-37.484171,4.745070,3.782518,15.000035,0.237699,4.760573,6.823603,4.500434,20.432310,-35.266634,65.037560,-4.250996,1.658623,9.515284,44.560259,-43.395285,35.798534,-26.186136,20.419002,-29.740024,-8.647495
4,1.831004,-13.200381,79.811399,1.712279,-11.086123,102.116867,0.468084,16.875693,18.893973,5.897059,5.346959,-10.008866,16.100419,-25.406315,-37.531625,4.751096,3.755111,15.000035,0.223287,4.760717,6.818075,4.532012,20.451675,-35.231517,64.969448,-4.280046,1.655019,9.482378,44.678166,-43.471198,35.808419,-26.223389,20.675482,-29.548434,-8.596623
5,1.842206,-13.179272,79.809246,1.707917,-11.070354,102.179311,0.458015,16.877143,18.878160,5.896012,5.335807,-10.002767,16.114593,-25.403825,-37.579079,4.757121,3.727703,15.000035,0.208875,4.760860,6.812546,4.563590,20.471040,-35.196400,64.901335,-4.309096,1.651416,9.449473,44.796073,-43.547111,35.818304,-26.260643,20.931962,-29.356843,-8.545751
6,1.853409,-13.158164,79.807087,1.703574,-11.054581,102.241750,0.447945,16.878593,18.862347,5.894964,5.324656,-9.996668,16.128766,-25.401335,-37.626533,4.763147,3.700296,15.000035,0.194463,4.761004,6.807018,4.595169,20.490405,-35.161283,64.833222,-4.338146,1.647812,9.416567,44.913980,-43.623024,35.828189,-26.297896,21.188442,-29.165252,-8.494880
7,1.864611,-13.137056,79.804920,1.699248,-11.038803,102.304185,0.437877,16.880043,18.846535,5.893917,5.313504,-9.990570,16.142939,-25.398844,-37.673987,4.769173,3.672889,15.000035,0.180051,4.761148,6.801489,4.626747,20.509771,-35.126166,64.765110,-4.367196,1.644209,9.383661,45.031887,-43.698938,35.838075,-26.335149,21.444923,-28.973662,-8.444008
8,1.875813,-13.115947,79.802748,1.694940,-11.023020,102.366615,0.427808,16.881493,18.830722,5.892869,5.302352,-9.984471,16.157112,-25.396354,-37.721441,4.775198,3.645481,15.000035,0.165639,4.761291,6.795961,4.658325,20.529136,-35.091049,64.696997,-4.396246,1.640605,9.350755,45.149794,-43.774851,35.847960,-26.372402,21.701403,-28.782071,-8.393136
9,1.887015,-13.094839,79.800570,1.690649,-11.007233,102.429041,0.417739,16.882943,18.814909,5.891822,5.291200,-9.978372,16.171285,-25.393864,-37.768895,4.781224,3.618074,15.000035,0.151227,4.761435,6.790432,4.689903,20.548501,-35.055931,64.628884,-4.425296,1.637001,9.317849,45.267700,-43.850764,35.857845,-26.409655,21.957883,-28.590481,-8.342265
10,1.898217,-13.073731,79.798385,1.686377,-10.991441,102.491462,0.407669,16.884394,18.799096,5.890775,5.280049,-9.972273,16.185458,-25.391373,-37.816349,4.787250,3.590667,15.000035,0.136816,4.761579,6.784903,4.721482,20.567866,-35.020814,64.560772,-4.454347,1.633398,9.284943,45.385607,-43.926677,35.867730,-26.446908,22.214363,-28.398890,-8.291393
11,1.909419,-13.052622,79.796194,1.682122,-10.975645,102.553879,0.397600,16.885844,18.783283,5.889727,5.268897,-9.966174,16.199631,-25.388883,-37.863803,4.793275,3.563259,15.000035,0.122404,4.761722,6.779375,4.753060,20.587231,-34.985697,64.492659,-4.483397,1.629795,9.252037,45.503514,-44.002590,35.877615,-26.484161,22.470843,-28.207299,-8.240521
12,1.920621,-13.031514,79.793997,1.677884,-10.959844,102.616291,0.387532,16.887294,18.767471,5.888680,5.257745,-9.960076,16.213803,-25.386392,-37.911257,4.799301,3.535852,15.000035,0.107992,4.761866,6.773846,4.784638,20.606597,-34.950580,64.424547,-4.512447,1.626191,9.219131,45.621421,-44.078504,35.887501,-26.521414,22.727324,-28.015709,-8.189649
13,1.931824,-13.010406,79.791793,1.673665,-10.944038,102.678699,0.377463,16.888744,18.751658,5.887632,5.246594,-9.953977,16.227977,-25.383902,-37.958711,4.805327,3.508445,15.000035,0.093580,4.762010,6.768318,4.816217,20.625962,-34.915463,64.356434,-4.541497,1.622588,9.186225,45.739328,-44.154417,35.897386,-26.558667,22.983804,-27.824118,-8.138778
14,1.943026,-12.989297,79.789583,1.669463,-10.928228,102.741102,0.367393,16.890194,18.735845,5.886585,5.235442,-9.947878,16.242150,-25.381412,-38.006165,4.811352,3.481037,15.000035,0.079168,4.762153,6.762789,4.847795,20.645327,-34.880346,64.288321,-4.570547,1.618984,9.153320,45.857235,-44.230330,35.907271,-26.595921,23.240284,-27.632527,-8.087906
15,1.954228,-12.968189,79.787366,1.665280,-10.912414,102.803500,0.357324,16.891645,18.720032,5.885537,5.224290,-9.941779,16.256323,-25.378921,-38.053619,4.817378,3.453630,15.000035,0.064756,4.762297,6.757261,4.879373,20.664692,-34.845228,64.220209,-4.599597,1.615381,9.120414,45.975142,-44.306243,35.917156,-26.633174,23.496764,-27.440937,-8.037034
16,1.965430,-12.947081,79.785143,1.661113,-10.896595,102.865894,0.347256,16.893095,18.704220,5.884490,5.213138,-9.935681,16.270496,-25.376431,-38.101073,4.823404,3.426223,15.000035,0.050344,4.762441,6.751732,4.910951,20.684058,-34.810111,64.152096,-4.628648,1.611777,9.087508,46.093049,-44.382157,35.927042,-26.670427,23.753245,-27.249346,-7.986162
17,1.976632,-12.925972,79.782914,1.656965,-10.880772,102.928284,0.337187,16.894545,18.688407,5.883442,5.201987,-9.929582,16.284668,-25.373940,-38.148527,4.829429,3.398815,15.000035,0.035932,4.762584,6.746204,4.942530,20.703423,-34.774994,64.083984,-4.657698,1.608174,9.054602,46.210956,-44.458070,35.936927,-26.707680,24.009725,-27.057756,-7.935291
18,1.987834,-12.904864,79.780679,1.652835,-10.864944,102.990669,0.327118,16.895995,18.672594,5.882395,5.190835,-9.923483,16.298842,-25.371450,-38.195981,4.835455,3.371408,15.000035,0.021520,4.762728,6.740675,4.974108,20.722788,-34.739877,64.015871,-4.686748,1.604570,9.021696,46.328863,-44.533983,35.946812,-26.744933,24.266205,-26.866165,-7.884419
19,1.992774,-12.900473,79.779415,1.646347,-10.861121,103.031503,0.320408,16.900233,18.672880,5.883576,5.190173,-9.918993,16.309877,-25.368414,-38.235445,4.832911,3.372446,15.000035,0.033776,4.760715,6.753242,4.951899,20.743882,-34.709190,63.986737,-4.728500,1.607574,9.007116,46.352437,-44.529463,35.981142,-26.745414,24.244280,-26.819089,-7.884502
20,1.997715,-12.896082,79.778149,1.639862,-10.857295,103.072336,0.313699,16.904471,18.673165,5.884758,5.189511,-9.914502,16.320911,-25.365378,-38.274908,4.830368,3.373484,15.000035,0.046032,4.758703,6.765808,4.929689,20.764977,-34.678502,63.957603,-4.770253,1.610578,8.992536,46.376011,-44.524944,36.015473,-26.745896,24.222354,-26.772012,-7.884584
21,2.002655,-12.891691,79.776881,1.633380,-10.853463,103.113168,0.306990,16.908709,18.673451,5.885939,5.188849,-9.910012,16.331946,-25.362342,-38.314372,4.827824,3.374522,15.000035,0.058289,4.756690,6.778375,4.907480,20.786071,-34.647815,63.928468,-4.812005,1.613583,8.977956,46.399585,-44.520424,36.049803,-26.746377,24.200429,-26.724936,-7.884667
22,2.007595,-12.887301,79.775611,1.626900,-10.849627,103.154000,0.300281,16.912946,18.673736,5.887121,5.188187,-9.905521,16.342981,-25.359306,-38.353835,4.825280,3.375559,15.000035,0.070545,4.754678,6.790941,4.885271,20.807165,-34.617128,63.899334,-4.853758,1.616587,8.963375,46.423160,-44.515904,36.084133,-26.746859,24.178504,-26.677860,-7.884750
23,2.012535,-12.882910,79.774339,1.620424,-10.845786,103.194830,0.293572,16.917184,18.674022,5.888302,5.187525,-9.901031,16.354016,-25.356270,-38.393299,4.822736,3.376597,15.000035,0.082801,4.752665,6.803508,4.863062,20.828259,-34.586440,63.870200,-4.895510,1.619591,8.948795,46.446734,-44.511385,36.118464,-26.747340,24.156579,-26.630783,-7.884832
24,2.017475,-12.878519,79.773067,1.613950,-10.841941,103.235659,0.286862,16.921422,18.674307,5.889484,5.186863,-9.896540,16.365050,-25.353234,-38.432762,4.820193,3.377635,15.000035,0.095057,4.750653,6.816074,4.840852,20.849354,-34.555753,63.841066,-4.937263,1.622595,8.934215,46.470308,-44.506865,36.152794,-26.747822,24.134653,-26.583707,-7.884915
25,2.022415,-12.874128,79.771791,1.607480,-10.838092,103.276487,0.280153,16.925660,18.674593,5.890665,5.186201,-9.892050,16.376085,-25.350198,-38.472226,4.817649,3.378673,15.000035,0.107313,4.748640,6.828641,4.818643,20.870448,-34.525066,63.811932,-4.979015,1.625599,8.919635,46.493882,-44.502346,36.187125,-26.748303,24.112728,-26.536630,-7.884997
26,2.027355,-12.869737,79.770515,1.601012,-10.834237,103.317315,0.273444,16.929898,18.674878,5.891846,5.185539,-9.887559,16.387120,-25.347162,-38.511690,4.815105,3.379711,15.000035,0.119570,4.746627,6.841208,4.796434,20.891542,-34.494378,63.782797,-5.020768,1.628604,8.905055,46.517456,-44.497826,36.221455,-26.748784,24.090803,-26.489554,-7.885080
27,2.032296,-12.865346,79.769236,1.594547,-10.830379,103.358141,0.266734,16.934136,18.675164,5.893028,5.184877,-9.883069,16.398155,-25.344126,-38.551153,4.812561,3.380749,15.000035,0.131826,4.744615,6.853774,4.774225,20.912636,-34.463691,63.753663,-5.062520,1.631608,8.890475,46.541030,-44.493306,36.255785,-26.749266,24.068878,-26.442478,-7.885163
28,2.037236,-12.860955,79.767956,1.588085,-10.826515,103.398966,0.260026,16.938373,18.675449,5.894209,5.184216,-9.878578,16.409189,-25.341089,-38.590617,4.810018,3.381786,15.000035,0.144082,4.742602,6.866341,4.752015,20.933731,-34.433004,63.724529,-5.104273,1.634612,8.875894,46.564605,-44.488787,36.290116,-26.749747,24.046952,-26.395401,-7.885245
29,2.042176,-12.856564,79.766674,1.581626,-10.822648,103.439791,0.253316,16.942611,18.675735,5.895391,5.183554,-9.874088,16.420224,-25.338053,-38.630080,4.807474,3.382824,15.000035,0.156338,4.740590,6.878907,4.729806,20.954825,-34.402317,63.695395,-5.146025,1.637616,8.861314,46.588179,-44.484267,36.324446,-26.750229,24.025027,-26.348325,-7.885328
30,2.047116,-12.852174,79.765390,1.575170,-10.818775,103.480614,0.246607,16.946849,18.676020,5.896572,5.182892,-9.869597,16.431258,-25.335017,-38.669544,4.804930,3.383862,15.000035,0.168595,4.738577,6.891474,4.707597,20.975919,-34.371629,63.666260,-5.187778,1.640621,8.846734,46.611753,-44.479747,36.358776,-26.750710,24.003102,-26.301249,-7.885411
31,2.052056,-12.847783,79.764105,1.568716,-10.814899,103.521437,0.239898,16.951087,18.676306,5.897753,5.182230,-9.865107,16.442293,-25.331981,-38.709008,4.802386,3.384900,15.000035,0.180851,4.736564,6.904041,4.685388,20.997013,-34.340942,63.637126,-5.229530,1.643625,8.832154,46.635327,-44.475228,36.393107,-26.751191,23.981177,-26.254172,-7.885493
32,2.056996,-12.843392,79.762818,1.562266,-10.811017,103.562258,0.233189,16.955325,18.676591,5.898935,5.181568,-9.860616,16.453328,-25.328945,-38.748471,4.799843,3.385938,15.000035,0.193107,4.734552,6.916607,4.663178,21.018108,-34.310255,63.607992,-5.271283,1.646629,8.817574,46.658901,-44.470708,36.427437,-26.751673,23.959251,-26.207096,-7.885576
33,2.061936,-12.839001,79.761529,1.555819,-10.807131,103.603079,0.226479,16.959563,18.676877,5.900116,5.180906,-9.856126,16.464363,-25.325909,-38.787935,4.797299,3.386976,15.000035,0.205363,4.732539,6.929174,4.640969,21.039202,-34.279567,63.578858,-5.313035,1.649633,8.802994,46.682475,-44.466189,36.461768,-26.752154,23.937326,-26.160019,-7.885658
34,2.066877,-12.834610,79.760237,1.549374,-10.803241,103.643898,0.219771,16.963800,18.677162,5.901298,5.180244,-9.851635,16.475397,-25.322873,-38.827398,4.794755,3.388013,15.000035,0.217619,4.730527,6.941740,4.618760,21.060296,-34.248880,63.549724,-5.354788,1.652637,8.788413,46.706050,-44.461669,36.496098,-26.752636,23.915401,-26.112943,-7.885741
35,2.071817,-12.830219,79.758944,1.542932,-10.799346,103.684717,0.213061,16.968038,18.677448,5.902479,5.179582,-9.847145,16.486432,-25.319837,-38.866862,4.792211,3.389051,15.000035,0.229876,4.728514,6.954307,4.596551,21.081390,-34.218193,63.520589,-5.396540,1.655642,8.773833,46.729624,-44.457149,36.530428,-26.753117,23.893476,-26.065867,-7.885824
36,2.076757,-12.825828,79.757651,1.536493,-10.795447,103.725534,0.206352,16.972276,18.677733,5.903661,5.178920,-9.842654,16.497467,-25.316801,-38.906325,4.789668,3.390089,15.000035,0.242132,4.726502,6.966873,4.574341,21.102485,-34.187505,63.491455,-5.438293,1.658646,8.759253,46.753198,-44.452630,36.564759,-26.753599,23.871550,-26.018790,-7.885906
37,2.081697,-12.821437,79.756354,1.530057,-10.791543,103.766351,0.199643,16.976514,18.678019,5.904842,5.178258,-9.838164,16.508502,-25.313765,-38.945789,4.787124,3.391127,15.000035,0.254388,4.724489,6.979440,4.552132,21.123579,-34.156818,63.462321,-5.480045,1.661650,8.744673,46.776772,-44.448110,36.599089,-26.754080,23.849625,-25.971714,-7.885989
38,2.075241,-12.839015,79.756706,1.524293,-10.789754,103.780799,0.189522,16.968368,18.641832,5.904764,5.174130,-9.840831,16.505594,-25.313742,-38.948420,4.787025,3.407019,15.000035,0.255955,4.725902,6.995943,4.564456,21.126035,-34.103499,63.443787,-5.441234,1.677383,8.723034,46.834704,-44.420910,36.576925,-26.750323,23.783742,-26.020677,-7.869032
39,2.068785,-12.856594,79.757057,1.518528,-10.787963,103.795246,0.179400,16.960221,18.605646,5.904687,5.170001,-9.843498,16.502685,-25.313720,-38.951051,4.786926,3.422910,15.000035,0.257522,4.727316,7.012445,4.576781,21.128492,-34.050180,63.425253,-5.402422,1.693116,8.701396,46.892636,-44.393710,36.554762,-26.746565,23.717858,-26.069641,-7.852076
40,2.062329,-12.874172,79.757408,1.512765,-10.786171,103.809693,0.169279,16.952075,18.569459,5.904609,5.165873,-9.846165,16.499777,-25.313697,-38.953683,4.786827,3.438802,15.000035,0.259088,4.728729,7.028948,4.589105,21.130948,-33.996861,63.406720,-5.363611,1.708850,8.679757,46.950568,-44.366510,36.532598,-26.742808,23.651975,-26.118604,-7.835119
41,2.055873,-12.891750,79.757756,1.507001,-10.784377,103.824140,0.159157,16.943929,18.533273,5.904531,5.161744,-9.848832,16.496869,-25.313674,-38.956314,4.786728,3.454694,15.000035,0.260655,4.730142,7.045451,4.601430,21.133405,-33.943542,63.388186,-5.324800,1.724583,8.658118,47.008500,-44.339310,36.510434,-26.739050,23.586091,-26.167567,-7.818162
42,2.049417,-12.909328,79.758106,1.501239,-10.782582,103.838587,0.149036,16.935782,18.497086,5.904454,5.157616,-9.851500,16.493960,-25.313651,-38.958945,4.786629,3.470586,15.000035,0.262222,4.731555,7.061953,4.613754,21.135861,-33.890223,63.369652,-5.285989,1.740316,8.636480,47.066432,-44.312109,36.488271,-26.735293,23.520208,-26.216531,-7.801205
43,2.042962,-12.926906,79.758454,1.495476,-10.780786,103.853033,0.138915,16.927636,18.460900,5.904376,5.153487,-9.854167,16.491052,-25.313629,-38.961576,4.786530,3.486477,15.000035,0.263789,4.732969,7.078456,4.626079,21.138318,-33.836904,63.351118,-5.247177,1.756049,8.614841,47.124364,-44.284909,36.466107,-26.731535,23.454324,-26.265494,-7.784249
44,2.036506,-12.944484,79.758802,1.489715,-10.778988,103.867479,0.128793,16.919490,18.424713,5.904298,5.149359,-9.856834,16.488143,-25.313606,-38.964207,4.786431,3.502369,15.000035,0.265356,4.734382,7.094959,4.638403,21.140774,-33.783585,63.332584,-5.208366,1.771782,8.593202,47.182296,-44.257709,36.443944,-26.727778,23.388441,-26.314458,-7.767292
45,2.030050,-12.962062,79.759150,1.483953,-10.777189,103.881925,0.118672,16.911343,18.388527,5.904221,5.145230,-9.859501,16.485235,-25.313583,-38.966839,4.786332,3.518261,15.000035,0.266922,4.735795,7.111461,4.650727,21.143231,-33.730266,63.314051,-5.169555,1.787516,8.571564,47.240228,-44.230509,36.421780,-26.724020,23.322558,-26.363421,-7.750335
46,2.023594,-12.979640,79.759496,1.478192,-10.775388,103.896371,0.108550,16.903197,18.352340,5.904143,5.141102,-9.862168,16.482327,-25.313560,-38.969470,4.786233,3.534153,15.000035,0.268489,4.737208,7.127964,4.663052,21.145687,-33.676947,63.295517,-5.130744,1.803249,8.549925,47.298160,-44.203309,36.399616,-26.720263,23.256674,-26.412384,-7.733378
47,2.017138,-12.997219,79.759842,1.472432,-10.773586,103.910816,0.098429,16.895051,18.316154,5.904065,5.136973,-9.864835,16.479418,-25.313538,-38.972101,4.786133,3.550044,15.000035,0.270056,4.738622,7.144467,4.675376,21.148144,-33.623629,63.276983,-5.091932,1.818982,8.528286,47.356092,-44.176109,36.377453,-26.716505,23.190791,-26.461348,-7.716422
48,2.010682,-13.014797,79.760188,1.466672,-10.771782,103.925261,0.088308,16.886905,18.279967,5.903987,5.132845,-9.867502,16.476510,-25.313515,-38.974732,4.786034,3.565936,15.000035,0.271623,4.740035,7.160970,4.687701,21.150600,-33.570310,63.258449,-5.053121,1.834715,8.506647,47.414024,-44.148909,36.355289,-26.712748,23.124907,-26.510311,-7.699465
49,2.004226,-13.032375,79.760533,1.460913,-10.769977,103.939706,0.078186,16.878758,18.243781,5.903910,5.128716,-9.870169,16.473602,-25.313492,-38.977364,4.785935,3.581828,15.000035,0.273189,4.741448,7.177472,4.700025,21.153057,-33.516991,63.239916,-5.014310,1.850449,8.485009,47.471956,-44.121709,36.333125,-26.708990,23.059024,-26.559274,-7.682508
50,1.997770,-13.049953,79.760877,1.455154,-10.768171,103.954151,0.068065,16.870612,18.207594,5.903832,5.124588,-9.872836,16.470693,-25.313469,-38.979995,4.785836,3.597720,15.000035,0.274756,4.742861,7.193975,4.712349,21.155513,-33.463672,63.221382,-4.975499,1.866182,8.463370,47.529888,-44.094509,36.310962,-26.705233,22.993141,-26.608238,-7.665551
51,1.991314,-13.067531,79.761220,1.449396,-10.766363,103.968595,0.057943,16.862466,18.171408,5.903754,5.120459,-9.875503,16.467785,-25.313447,-38.982626,4.785737,3.613611,15.000035,0.276323,4.744275,7.210478,4.724674,21.157970,-33.410353,63.202848,-4.936687,1.881915,8.441731,47.587820,-44.067309,36.288798,-26.701475,22.927257,-26.657201,-7.648595
52,1.984858,-13.085109,79.761563,1.443638,-10.764554,103.983039,0.047822,16.854319,18.135221,5.903677,5.116331,-9.878171,16.464876,-25.313424,-38.985257,4.785638,3.629503,15.000035,0.277890,4.745688,7.226980,4.736998,21.160426,-33.357034,63.184314,-4.897876,1.897648,8.420093,47.645752,-44.040108,36.266635,-26.697718,22.861374,-26.706165,-7.631638
53,1.978403,-13.102687,79.761905,1.437881,-10.762743,103.997482,0.037700,16.846173,18.099035,5.903599,5.112202,-9.880838,16.461968,-25.313401,-38.987888,4.785539,3.645395,15.000035,0.279457,4.747101,7.243483,4.749323,21.162883,-33.303715,63.165780,-4.859065,1.913381,8.398454,47.703684,-44.012908,36.244471,-26.693960,22.795490,-26.755128,-7.614681
54,1.971947,-13.120265,79.762248,1.432124,-10.760931,104.011926,0.027579,16.838027,18.062848,5.903521,5.108074,-9.883505,16.459060,-25.313378,-38.990520,4.785440,3.661287,15.000035,0.281023,4.748514,7.259986,4.761647,21.165339,-33.250396,63.147247,-4.820254,1.929115,8.376815,47.761616,-43.985708,36.222307,-26.690203,22.729607,-26.804091,-7.597724
55,1.965491,-13.137843,79.762588,1.426368,-10.759117,104.026369,0.017458,16.829880,18.026662,5.903444,5.103945,-9.886172,16.456151,-25.313356,-38.993151,4.785341,3.677178,15.000035,0.282590,4.749928,7.276488,4.773972,21.167796,-33.197077,63.128713,-4.781442,1.944848,8.355177,47.819548,-43.958508,36.200144,-26.686445,22.663723,-26.853055,-7.580768
56,1.959035,-13.155422,79.762929,1.420612,-10.757302,104.040812,0.007336,16.821734,17.990475,5.903366,5.099817,-9.888839,16.453243,-25.313333,-38.995782,4.785242,3.693070,15.000035,0.284157,4.751341,7.292991,4.786296,21.170252,-33.143758,63.110179,-4.742631,1.960581,8.333538,47.877480,-43.931308,36.177980,-26.682688,22.597840,-26.902018,-7.563811
57,1.952477,-13.167631,79.759393,1.411002,-10.759827,104.041745,0.003170,16.817195,17.959640,5.903458,5.096987,-9.881184,16.450851,-25.311018,-38.995028,4.787326,3.698212,15.000035,0.281215,4.735717,7.295878,4.804782,21.164039,-33.123613,63.131026,-4.744166,1.966473,8.293836,47.937119,-43.883603,36.108837,-26.654731,22.669921,-26.913470,-7.555598
58,1.945920,-13.179840,79.755856,1.401391,-10.762352,104.042678,-0.000997,16.812656,17.928805,5.903550,5.094158,-9.873530,16.448458,-25.308703,-38.994275,4.789410,3.703353,15.000035,0.278273,4.720092,7.298765,4.823267,21.157825,-33.103468,63.151873,-4.745700,1.972365,8.254134,47.996759,-43.835898,36.039693,-26.626773,22.742002,-26.924922,-7.547384
59,1.939362,-13.192049,79.752316,1.391781,-10.764877,104.043612,-0.005164,16.808117,17.897970,5.903642,5.091328,-9.865875,16.446065,-25.306388,-38.993521,4.791494,3.708495,15.000035,0.275331,4.704468,7.301652,4.841753,21.151612,-33.083322,63.172720,-4.747235,1.978257,8.214432,48.056398,-43.788193,35.970550,-26.598816,22.814083,-26.936374,-7.539171
60,1.932804,-13.204259,79.748775,1.382170,-10.767401,104.044546,-0.009331,16.803578,17.867135,5.903735,5.088499,-9.858220,16.443672,-25.304073,-38.992767,4.793578,3.713636,15.000035,0.272388,4.688844,7.304539,4.860239,21.145399,-33.063177,63.193567,-4.748770,1.984149,8.174730,48.116038,-43.740487,35.901406,-26.570859,22.886164,-26.947826,-7.530958
61,1.926247,-13.216468,79.745233,1.372560,-10.769925,104.045481,-0.013497,16.799038,17.836300,5.903827,5.085669,-9.850566,16.441279,-25.301758,-38.992013,4.795661,3.718778,15.000035,0.269446,4.673219,7.307426,4.878724,21.139186,-33.043032,63.214414,-4.750304,1.990040,8.135029,48.175677,-43.692782,35.832263,-26.542902,22.958245,-26.959278,-7.522744
62,1.919689,-13.228677,79.741690,1.362949,-10.772449,104.046416,-0.017665,16.794499,17.805465,5.903919,5.082840,-9.842911,16.438887,-25.299443,-38.991260,4.797745,3.723919,15.000035,0.266504,4.657595,7.310313,4.897210,21.132972,-33.022887,63.235261,-4.751839,1.995932,8.095327,48.235317,-43.645077,35.763119,-26.514944,23.030326,-26.970730,-7.514531
63,1.913131,-13.240887,79.738144,1.353338,-10.774973,104.047352,-0.021831,16.789960,17.774630,5.904011,5.080010,-9.835256,16.436494,-25.297128,-38.990506,4.799829,3.729061,15.000035,0.263562,4.641971,7.313200,4.915695,21.126759,-33.002742,63.256108,-4.753373,2.001824,8.055625,48.294956,-43.597372,35.693976,-26.486987,23.102407,-26.982182,-7.506318
64,1.906574,-13.253096,79.734598,1.343727,-10.777497,104.048288,-0.025998,16.785421,17.743795,5.904103,5.077181,-9.827602,16.434101,-25.294813,-38.989752,4.801913,3.734203,15.000035,0.260620,4.626346,7.316087,4.934181,21.120546,-32.982596,63.276955,-4.754908,2.007716,8.015923,48.354596,-43.549667,35.624833,-26.459030,23.174488,-26.993634,-7.498104
65,1.900016,-13.265305,79.731049,1.334116,-10.780021,104.049224,-0.030165,16.780882,17.712960,5.904195,5.074351,-9.819947,16.431709,-25.292498,-38.988998,4.803997,3.739344,15.000035,0.257678,4.610722,7.318974,4.952667,21.114333,-32.962451,63.297802,-4.756443,2.013608,7.976221,48.414235,-43.501962,35.555689,-26.431073,23.246569,-27.005086,-7.489891
66,1.893458,-13.277514,79.727499,1.324504,-10.782544,104.050161,-0.034332,16.776343,17.682126,5.904288,5.071522,-9.812292,16.429316,-25.290183,-38.988245,4.806081,3.744486,15.000035,0.254735,4.595098,7.321861,4.971152,21.108119,-32.942306,63.318650,-4.757977,2.019500,7.936519,48.473875,-43.454256,35.486546,-26.403115,23.318651,-27.016539,-7.481678
67,1.886901,-13.289724,79.723949,1.314893,-10.785067,104.051099,-0.038498,16.771804,17.651291,5.904380,5.068692,-9.804637,16.426923,-25.287868,-38.987491,4.808165,3.749627,15.000035,0.251793,4.579474,7.324748,4.989638,21.101906,-32.922161,63.339497,-4.759512,2.025392,7.896817,48.533514,-43.406551,35.417402,-26.375158,23.390732,-27.027991,-7.473465
68,1.880343,-13.301933,79.720395,1.305281,-10.787591,104.052036,-0.042666,16.767265,17.620456,5.904472,5.065863,-9.796983,16.424530,-25.285553,-38.986737,4.810249,3.754769,15.000035,0.248851,4.563849,7.327635,5.008124,21.095693,-32.902015,63.360344,-4.761047,2.031284,7.857115,48.593154,-43.358846,35.348259,-26.347201,23.462813,-27.039443,-7.465251
69,1.873785,-13.314142,79.716841,1.295670,-10.790114,104.052975,-0.046832,16.762726,17.589621,5.904564,5.063033,-9.789328,16.422138,-25.283238,-38.985983,4.812333,3.759911,15.000035,0.245909,4.548225,7.330522,5.026609,21.089480,-32.881870,63.381191,-4.762581,2.037176,7.817413,48.652793,-43.311141,35.279116,-26.319244,23.534894,-27.050895,-7.457038
70,1.867228,-13.326352,79.713285,1.286058,-10.792636,104.053913,-0.050999,16.758187,17.558786,5.904656,5.060204,-9.781673,16.419745,-25.280923,-38.985230,4.814417,3.765052,15.000035,0.242967,4.532601,7.333409,5.045095,21.083266,-32.861725,63.402038,-4.764116,2.043068,7.777711,48.712433,-43.263436,35.209972,-26.291286,23.606975,-27.062347,-7.448825
71,1.860670,-13.338561,79.709727,1.276446,-10.795159,104.054852,-0.055166,16.753647,17.527951,5.904748,5.057374,-9.774019,16.417352,-25.278608,-38.984476,4.816500,3.770194,15.000035,0.240025,4.516976,7.336296,5.063580,21.077053,-32.841580,63.422885,-4.765650,2.048959,7.738010,48.772072,-43.215731,35.140829,-26.263329,23.679056,-27.073799,-7.440611
72,1.854113,-13.350770,79.706168,1.266834,-10.797682,104.055792,-0.059333,16.749108,17.497116,5.904841,5.054545,-9.766364,16.414959,-25.276293,-38.983722,4.818584,3.775335,15.000035,0.237082,4.501352,7.339183,5.082066,21.070840,-32.821435,63.443732,-4.767185,2.054851,7.698308,48.831712,-43.168025,35.071685,-26.235372,23.751137,-27.085251,-7.432398
73,1.847555,-13.362979,79.702608,1.257222,-10.800204,104.056732,-0.063499,16.744569,17.466281,5.904933,5.051715,-9.758709,16.412566,-25.273978,-38.982968,4.820668,3.780477,15.000035,0.234140,4.485728,7.342070,5.100552,21.064627,-32.801289,63.464579,-4.768720,2.060743,7.658606,48.891351,-43.120320,35.002542,-26.207415,23.823218,-27.096703,-7.424185
74,1.840997,-13.375189,79.699046,1.247610,-10.802726,104.057672,-0.067666,16.740030,17.435446,5.905025,5.048886,-9.751055,16.410174,-25.271663,-38.982215,4.822752,3.785618,15.000035,0.231198,4.470103,7.344957,5.119037,21.058413,-32.781144,63.485426,-4.770254,2.066635,7.618904,48.950991,-43.072615,34.933398,-26.179457,23.895299,-27.108155,-7.415971
75,1.834440,-13.387398,79.695482,1.237997,-10.805248,104.058613,-0.071833,16.735491,17.404611,5.905117,5.046056,-9.743400,16.407781,-25.269348,-38.981461,4.824836,3.790760,15.000035,0.228256,4.454479,7.347844,5.137523,21.052200,-32.760999,63.506273,-4.771789,2.072527,7.579202,49.010630,-43.024910,34.864255,-26.151500,23.967380,-27.119607,-7.407758
76,1.881646,-13.407735,79.717901,1.267605,-10.779498,104.015726,-0.080389,16.750829,17.448789,5.907094,5.062477,-9.808620,16.380376,-25.260643,-38.922252,4.827867,3.790391,15.000035,0.185755,4.389633,7.328862,5.419341,21.129723,-32.582677,63.423081,-4.716134,1.993417,7.625040,49.325714,-42.880348,33.966821,-25.978948,24.862448,-27.240369,-7.830892
77,1.928698,-13.429110,79.739990,1.296894,-10.754432,103.972911,-0.088946,16.766168,17.492966,5.909070,5.078897,-9.873841,16.352972,-25.251937,-38.863042,4.830897,3.790021,15.000035,0.143254,4.324788,7.309881,5.701158,21.207246,-32.404356,63.339889,-4.660480,1.914308,7.670878,49.640798,-42.735786,33.069386,-25.806395,25.757516,-27.361130,-8.254025
78,1.975840,-13.449874,79.762200,1.326335,-10.728928,103.930081,-0.097501,16.781506,17.537144,5.911047,5.095318,-9.939061,16.325567,-25.243232,-38.803833,4.833928,3.789652,15.000035,0.100753,4.259942,7.290899,5.982976,21.284769,-32.226034,63.256697,-4.604825,1.835198,7.716716,49.955881,-42.591224,32.171952,-25.633843,26.652583,-27.481892,-8.677159
79,2.022991,-13.470577,79.784380,1.355773,-10.703362,103.887264,-0.106058,16.796845,17.581321,5.913024,5.111739,-10.004281,16.298162,-25.234527,-38.744623,4.836959,3.789283,15.000035,0.058252,4.195096,7.271917,6.264793,21.362291,-32.047713,63.173505,-4.549171,1.756088,7.762554,50.270965,-42.446663,31.274518,-25.461291,27.547651,-27.602653,-9.100293
80,2.070151,-13.491218,79.806532,1.385206,-10.677732,103.844461,-0.114614,16.812183,17.625499,5.915001,5.128159,-10.069502,16.270758,-25.225821,-38.685414,4.839989,3.788913,15.000035,0.015751,4.130250,7.252935,6.546611,21.439814,-31.869391,63.090313,-4.493516,1.676979,7.808392,50.586049,-42.302101,30.377083,-25.288739,28.442719,-27.723415,-9.523426
81,2.117321,-13.511799,79.828654,1.414634,-10.652039,103.801672,-0.123171,16.827522,17.669676,5.916977,5.144580,-10.134722,16.243353,-25.217116,-38.626204,4.843020,3.788544,15.000035,-0.026750,4.065405,7.233954,6.828428,21.517337,-31.691070,63.007121,-4.437862,1.597869,7.854230,50.901133,-42.157539,29.479649,-25.116186,29.337787,-27.844176,-9.946560
82,2.164499,-13.532319,79.850746,1.444058,-10.626283,103.758897,-0.131727,16.842860,17.713854,5.918954,5.161000,-10.199943,16.215948,-25.208411,-38.566995,4.846050,3.788175,15.000035,-0.069251,4.000559,7.214972,7.110246,21.594860,-31.512748,62.923929,-4.382207,1.518760,7.900068,51.216217,-42.012977,28.582214,-24.943634,30.232855,-27.964938,-10.369693
83,2.211686,-13.552777,79.872809,1.473477,-10.600464,103.716136,-0.140283,16.858198,17.758032,5.920931,5.177421,-10.265163,16.188544,-25.199705,-38.507785,4.849081,3.787805,15.000035,-0.111752,3.935713,7.195990,7.392064,21.672383,-31.334427,62.840737,-4.326552,1.439650,7.945906,51.531300,-41.868415,27.684780,-24.771082,31.127922,-28.085700,-10.792827
84,2.258883,-13.573175,79.894843,1.502891,-10.574582,103.673389,-0.148839,16.873537,17.802209,5.922908,5.193842,-10.330383,16.161139,-25.191000,-38.448576,4.852112,3.787436,15.000035,-0.154253,3.870867,7.177008,7.673881,21.749906,-31.156105,62.757545,-4.270898,1.360540,7.991744,51.846384,-41.723853,26.787346,-24.598530,32.022990,-28.206461,-11.215961
85,2.306088,-13.593511,79.916846,1.532300,-10.548636,103.630655,-0.157395,16.888875,17.846387,5.924884,5.210262,-10.395604,16.133735,-25.182295,-38.389366,4.855142,3.787067,15.000035,-0.196754,3.806022,7.158027,7.955699,21.827428,-30.977784,62.674352,-4.215243,1.281431,8.037581,52.161468,-41.579292,25.889911,-24.425977,32.918058,-28.327223,-11.639094
86,2.353303,-13.613787,79.938820,1.561705,-10.522628,103.587936,-0.165952,16.904214,17.890564,5.926861,5.226683,-10.460824,16.106330,-25.173590,-38.330157,4.858173,3.786698,15.000035,-0.239255,3.741176,7.139045,8.237516,21.904951,-30.799462,62.591160,-4.159589,1.202321,8.083419,52.476552,-41.434730,24.992477,-24.253425,33.813126,-28.447984,-12.062228
87,2.400527,-13.634002,79.960765,1.591104,-10.496556,103.545231,-0.174508,16.919552,17.934742,5.928838,5.243104,-9.953087,16.078925,-25.164884,-38.270947,4.861204,3.786328,15.000035,-0.281756,3.676330,7.120063,8.519334,21.982474,-30.621141,62.507968,-4.103934,1.123211,8.129257,52.791635,-41.290168,24.095043,-24.080873,34.708193,-28.568746,-12.485362
88,2.447761,-13.654155,79.982679,1.620499,-10.470421,103.502540,-0.183064,16.934890,17.978920,5.930815,5.259524,-10.018308,16.051521,-25.156179,-38.211738,4.864234,3.785959,15.000035,-0.324257,3.611484,7.101081,8.801152,22.059997,-30.442819,62.424776,-4.048279,1.044102,8.175095,53.106719,-41.145606,23.197608,-23.908321,35.603261,-28.689508,-12.908495
89,2.495003,-13.674248,80.004563,1.649888,-10.444223,103.459863,-0.191620,16.950229,18.023097,5.932791,5.275945,-10.083528,16.024116,-25.147474,-38.152528,4.867265,3.785590,15.000035,-0.366758,3.546639,7.082100,9.082969,22.137520,-30.264498,62.341584,-3.992625,0.964992,8.220933,53.421803,-41.001044,22.300174,-23.735768,36.498329,-28.810269,-13.331629
90,2.542256,-13.694281,80.026418,1.679272,-10.417963,103.417200,-0.200176,16.965567,18.067275,5.934768,5.292365,-10.148749,15.996711,-25.138768,-38.093319,4.870295,3.785220,15.000035,-0.409259,3.481793,7.063118,9.364787,22.215043,-30.086176,62.258392,-3.936970,0.885883,8.266771,53.736887,-40.856482,21.402739,-23.563216,37.393397,-28.931031,-13.754762
91,2.589517,-13.714252,80.048243,1.708651,-10.391639,103.374551,-0.208733,16.980906,18.111452,5.936745,5.308786,-10.213969,15.969307,-25.130063,-38.034109,4.873326,3.784851,15.000035,-0.451760,3.416947,7.044136,9.646604,22.292565,-29.907855,62.175200,-3.881316,0.806773,8.312609,54.051971,-40.711921,20.505305,-23.390664,38.288465,-29.051792,-14.177896
92,2.636789,-13.734162,80.070037,1.738024,-10.365252,103.331916,-0.217289,16.996244,18.155630,5.938722,5.325207,-10.279189,15.941902,-25.121358,-37.974900,4.876357,3.784482,15.000035,-0.494261,3.352101,7.025154,9.928422,22.370088,-29.729533,62.092008,-3.825661,0.727663,8.358447,54.367054,-40.567359,19.607871,-23.218112,39.183532,-29.172554,-14.601030
93,2.684153,-13.753464,80.091946,1.767546,-10.338428,103.289268,-0.225845,17.011583,18.199807,5.940698,5.341627,-10.344410,15.914497,-25.112652,-37.915690,4.879387,3.784112,15.000035,-0.536762,3.287256,7.006173,10.210239,22.447611,-29.551212,62.008816,-3.770007,0.648554,8.404285,54.682138,-40.422797,18.710436,-23.045559,40.078600,-29.293315,-15.024163
94,2.731360,-13.773801,80.113534,1.796755,-10.312289,103.246689,-0.234401,17.026921,18.243985,5.942675,5.358048,-10.409630,15.887093,-25.103947,-37.856481,4.882418,3.783743,15.000035,-0.579263,3.222410,6.987191,10.492057,22.525134,-29.372890,61.925624,-3.714352,0.569444,8.450123,54.997222,-40.278235,17.813002,-22.873007,40.973668,-29.414077,-15.447297
95,2.700743,-13.850453,80.109032,1.806715,-10.268908,102.833061,-0.342277,17.171705,18.421119,6.468023,5.092005,-10.404414,15.760837,-25.150138,-37.720444,4.926107,3.797900,15.000035,-0.314026,3.075649,7.232863,10.564578,22.915110,-28.783873,61.103454,-3.734066,0.480994,8.484638,52.570349,-39.841804,17.526199,-18.469624,40.405659,-27.891594,-15.194274
96,2.671681,-13.926238,80.105011,1.817632,-10.225166,102.419262,-0.450154,17.316490,18.598252,6.993371,4.825963,-10.399198,15.634581,-25.196329,-37.584406,4.969795,3.812057,15.000035,-0.048789,2.928888,7.478535,10.637098,23.305086,-28.194855,60.281283,-3.753780,0.392545,8.519152,50.143475,-39.405373,17.239396,-14.066242,39.837650,-26.369111,-14.941250
97,2.644187,-14.001180,80.101476,1.829504,-10.181059,102.005295,-0.558030,17.461274,18.775386,7.518719,4.559920,-10.393982,15.508325,-25.242520,-37.448369,5.013484,3.826214,15.000035,0.216448,2.782126,7.724206,10.709619,23.695062,-27.605838,59.459113,-3.773494,0.304095,8.553667,47.716602,-38.968942,16.952593,-9.662859,39.269642,-24.846628,-14.688227
98,2.618273,-14.075305,80.098427,1.842328,-10.136580,101.591162,-0.665906,17.606059,18.952520,8.044066,4.293877,-10.388766,15.382070,-25.288711,-37.312332,5.057173,3.840370,15.000035,0.481686,2.635365,7.969878,10.782139,24.085038,-27.016821,58.636943,-3.793207,0.215645,8.588182,45.289728,-38.532511,16.665791,-5.259477,38.701633,-23.324145,-14.435204
99,2.593951,-14.148637,80.095867,1.856101,-10.091724,101.176868,-0.773782,17.750843,19.129653,8.569414,4.027835,-10.383550,15.255814,-25.334901,-37.176295,5.100861,3.854527,15.000035,0.746923,2.488604,8.215550,10.854660,24.475014,-26.427804,57.814773,-3.812921,0.127196,8.622697,42.862855,-38.096080,16.378988,-0.856094,38.133624,-21.801661,-14.182180
100,2.571232,-14.221201,80.093795,1.870821,-10.046486,100.762415,-0.881658,17.895628,19.306787,9.094762,3.761792,-10.378334,15.129559,-25.381092,-37.040257,5.144550,3.868684,15.000035,1.012160,2.341843,8.461222,10.927180,24.864990,-25.838786,56.992602,-3.832635,0.038746,8.657211,40.435981,-37.659649,16.092185,3.547288,37.565615,-20.279178,-13.929157
101,2.550128,-14.293024,80.092214,1.886484,-10.000862,100.347806,-0.989534,18.040412,19.483920,9.620110,3.495749,-10.373118,15.003303,-25.427283,-36.904220,5.188239,3.882841,15.000035,1.277397,2.195082,8.706894,10.999701,25.254966,-25.249769,56.170432,-3.852349,-0.049704,8.691726,38.009108,-37.223218,15.805382,7.950671,36.997606,-18.756695,-13.676134
102,2.530649,-14.364131,80.091125,1.903087,-9.954845,99.933044,-1.097411,18.185197,19.661054,10.145458,3.229707,-10.367902,14.877047,-25.473474,-36.768183,5.231927,3.896998,15.000035,1.542634,2.048320,8.952565,11.072221,25.644942,-24.660752,55.348262,-3.872063,-0.138153,8.726241,35.582234,-36.786787,15.518579,12.354053,36.429598,-17.234212,-13.423110
103,2.512805,-14.434547,80.090528,1.920627,-9.908430,99.518131,-1.205287,18.329981,19.838188,10.670806,2.963664,-10.935643,14.750791,-25.519665,-36.632146,5.275616,3.911155,15.000035,1.807871,1.901559,9.198237,11.144742,26.034918,-24.071735,54.526092,-3.891777,-0.226603,8.760756,33.155361,-36.350356,15.231776,16.757436,35.861589,-15.711729,-13.170087
104,2.496605,-14.504298,80.090425,1.939101,-9.861613,99.103072,-1.313163,18.474766,20.015321,11.196153,2.697621,-10.930428,14.624535,-25.565856,-36.496108,5.319305,3.925311,15.000035,2.073109,1.754798,9.443909,11.217262,26.424895,-23.482717,53.703921,-3.911490,-0.315053,8.795270,30.728487,-35.913924,14.944974,21.160818,35.293580,-14.189246,-12.917064
105,2.482060,-14.573411,80.090817,1.958506,-9.814387,98.687869,-1.421039,18.619550,20.192455,11.721501,2.431578,-10.925212,14.498280,-25.612047,-36.360071,5.362994,3.939468,15.000035,2.338346,1.608037,9.689581,11.289783,26.814871,-22.893700,52.881751,-3.931204,-0.403503,8.829785,28.301614,-35.477493,14.658171,25.564201,34.725571,-12.666763,-12.664041
106,2.469178,-14.641911,80.091704,1.978839,-9.766749,98.272526,-1.528915,18.764335,20.369589,12.246849,2.165536,-10.919996,14.372024,-25.658238,-36.224034,5.406682,3.953625,15.000035,2.603583,1.461275,9.935252,11.362303,27.204847,-22.304683,52.059581,-3.950918,-0.491952,8.864300,25.874740,-35.041062,14.371368,29.967583,34.157563,-11.144280,-12.411017
107,2.457968,-14.709826,80.093088,2.000096,-9.718692,97.857045,-1.636791,18.909119,20.546722,12.772197,1.899493,-10.914780,14.245768,-25.704429,-36.087997,5.450371,3.967782,15.000035,2.868820,1.314514,10.180924,11.434824,27.594823,-21.715666,51.237411,-3.970632,-0.580402,8.898815,23.447867,-34.604631,14.084565,34.370966,33.589554,-9.621797,-12.157994
108,2.448438,-14.777181,80.094968,2.022274,-9.670211,97.441429,-1.744667,19.053904,20.723856,13.297545,1.633450,-10.909564,14.119513,-25.750620,-35.951959,5.494060,3.981939,15.000035,3.134057,1.167753,10.426596,11.507344,27.984799,-21.126648,50.415240,-3.990346,-0.668852,8.933329,21.020993,-34.168200,13.797762,38.774348,33.021545,-8.099314,-11.904971
109,2.440595,-14.844003,80.097346,2.045369,-9.621302,97.025683,-1.852544,19.198688,20.900989,13.822893,1.367408,-10.904348,13.993257,-25.796810,-35.815922,5.537748,3.996096,15.000035,3.399294,1.020992,10.672268,11.579865,28.374775,-20.537631,49.593070,-4.010060,-0.757301,8.967844,18.594120,-33.731769,13.510959,43.177731,32.453536,-6.576830,-11.651947
110,2.434447,-14.910318,80.100221,2.069378,-9.571959,96.609809,-1.960420,19.343473,21.078123,14.348240,1.101365,-10.899132,13.867001,-25.843001,-35.679885,5.581437,4.010252,15.000035,3.664532,0.874231,10.917940,11.652385,28.764751,-19.948614,48.770900,-4.029773,-0.845751,9.002359,16.167246,-33.295338,13.224157,47.581113,31.885527,-5.054347,-11.398924
111,2.430001,-14.976154,80.103596,2.094298,-9.522177,96.193811,-2.068296,19.488257,21.255257,14.873588,0.835322,-10.893916,13.740745,-25.889192,-35.543848,5.625126,4.024409,15.000035,3.929769,0.727469,11.163611,11.724906,29.154727,-19.359597,47.948730,-4.049487,-0.934201,9.036874,13.740373,-32.858907,12.937354,51.984496,31.317519,-3.531864,-11.145901
112,2.427263,-15.041538,80.107468,2.120125,-9.471951,95.777692,-2.176172,19.633042,21.432390,15.398936,0.569280,-10.888700,13.614490,-25.935383,-35.407810,5.668814,4.038566,15.000035,4.195006,0.580708,11.409283,11.797426,29.544703,-18.770579,47.126559,-4.069201,-1.022650,9.071388,11.313499,-32.422476,12.650551,56.387878,30.749510,-2.009381,-10.892877
113,2.426238,-15.106496,80.111840,2.146855,-9.421277,95.361455,-2.284048,19.777826,21.609524,15.924284,0.303237,-10.883484,13.488234,-25.981574,-35.271773,5.712503,4.052723,15.000035,4.460243,0.433947,11.654955,11.869947,29.934679,-18.181562,46.304389,-4.088915,-1.111100,9.105903,8.886626,-31.986045,12.363748,60.791261,30.181501,-0.486898,-10.639854
114,2.189836,-15.302219,80.144723,2.034749,-9.559107,94.271905,-2.064949,19.899847,21.952517,15.835670,0.262525,-11.026271,13.247711,-25.758246,-34.263516,5.733685,4.309223,15.000035,4.163954,0.133022,11.496988,12.663856,30.364127,-17.870250,46.670874,-3.822532,-1.176559,9.172967,3.402252,-31.657787,14.458513,58.685774,29.730655,-0.568478,-10.025815
115,1.956530,-15.495512,80.177530,1.927858,-9.697870,93.181795,-1.845849,20.021867,22.295510,15.747056,0.221814,-10.596100,13.007187,-25.534917,-33.255259,5.754867,4.565723,15.000035,3.867666,-0.167904,11.339021,13.457766,30.793575,-17.558937,47.037359,-3.556149,-1.242018,9.240031,-2.082123,-31.329529,16.553278,56.580287,29.279810,-0.650059,-9.411776
116,1.726474,-15.686487,80.210281,1.826256,-9.837462,92.091083,-1.626751,20.143888,22.638504,15.658443,0.181102,-10.738887,12.766664,-25.311589,-32.247002,5.776049,4.822223,15.000035,3.571377,-0.468829,11.181054,14.251675,31.223023,-17.247625,47.403845,-3.289766,-1.307477,9.307095,-7.566497,-31.001271,18.648043,54.474799,28.828964,-0.731639,-8.797737
117,1.499819,-15.875264,80.242993,1.730016,-9.977779,90.999731,-1.407651,20.265908,22.981497,15.569829,0.140390,-10.308716,12.526140,-25.088260,-31.238745,5.797231,5.078723,15.000035,3.275089,-0.769754,11.023088,15.045584,31.652471,-16.936313,47.770330,-3.023383,-1.372936,9.374158,-13.050871,-30.673013,20.742808,52.369312,28.378118,-0.813220,-8.183698
118,1.276708,-16.061964,80.275686,1.639207,-10.118710,89.907697,-1.188552,20.387929,23.324490,15.481215,0.099679,-10.451503,12.285617,-24.864932,-30.230489,5.818414,5.335222,15.000035,2.978800,-1.070679,10.865121,15.839494,32.081919,-16.625000,48.136815,-2.757001,-1.438395,9.441222,-18.535245,-30.344754,22.837573,50.263825,27.927272,-0.894800,-7.569659
119,1.057282,-16.246713,80.308376,1.553896,-10.260143,88.814940,-0.969452,20.509949,23.667483,15.392601,0.058967,-10.021331,12.045093,-24.641603,-29.222232,5.839596,5.591722,15.000035,2.682512,-1.371605,10.707154,16.633403,32.511367,-16.313688,48.503300,-2.490618,-1.503854,9.508286,-24.019620,-30.016496,24.932338,48.158338,27.476427,-0.976381,-6.955620
120,0.841676,-16.429641,80.341082,1.474149,-10.401963,87.721416,-0.750353,20.631970,24.010476,15.303987,0.018256,-10.164118,11.804570,-24.418275,-28.213975,5.860778,5.848222,15.000035,2.386223,-1.672530,10.549187,17.427312,32.940815,-16.002375,48.869785,-2.224235,-1.569313,9.575350,-29.503994,-29.688238,27.027103,46.052851,27.025581,-1.057961,-6.341581
121,0.630021,-16.610881,80.373823,1.400026,-10.544053,86.627084,-0.531254,20.753991,24.353470,15.215374,-0.022456,-10.306905,11.564047,-24.194947,-27.205718,5.881960,6.104722,15.000035,2.089935,-1.973455,10.391220,18.221222,33.370263,-15.691063,49.236271,-1.957852,-1.634772,9.642414,-34.988368,-29.359980,29.121868,43.947363,26.574735,-1.139542,-5.727542
122,0.422441,-16.790570,80.406614,1.331587,-10.686290,85.531899,-0.312155,20.876011,24.696463,15.126760,-0.063168,-9.876734,11.323523,-23.971618,-26.197461,5.903142,6.361222,15.000035,1.793646,-2.274380,10.233253,19.015131,33.799711,-15.379751,49.602756,-1.691469,-1.700231,9.709478,-40.472742,-29.031722,31.216633,41.841876,26.123889,-1.221122,-5.113503
123,0.219057,-16.968849,80.439473,1.268888,-10.828553,84.435818,-0.093056,20.998032,25.039456,15.038146,-0.103879,-10.019520,11.083000,-23.748290,-25.189204,5.924324,6.617722,15.000035,1.497358,-2.575306,10.075287,19.809040,34.229160,-15.068438,49.969241,-1.425086,-1.765691,9.776541,-45.957117,-28.703464,33.311397,39.736389,25.673044,-1.302703,-4.499464
124,0.019981,-17.145860,80.472416,1.211981,-10.970713,83.338797,0.126044,21.120052,25.382449,14.949532,-0.144591,-9.589349,10.842476,-23.524961,-24.180947,5.945506,6.874222,15.000035,1.201069,-2.876231,9.917320,20.602949,34.658608,-14.757126,50.335726,-1.158703,-1.831150,9.843605,-51.441491,-28.375206,35.406162,37.630902,25.222198,-1.384283,-3.885425
125,-0.174678,-17.321750,80.505462,1.160915,-11.112643,82.240790,0.345143,21.242073,25.725443,14.860919,-0.185303,-9.732136,10.601953,-23.301633,-23.172690,5.966688,7.130722,15.000035,0.904781,-3.177156,9.759353,21.396859,35.088056,-14.445814,50.702212,-0.892320,-1.896609,9.910669,-56.925865,-28.046948,37.500927,35.525414,24.771352,-1.465864,-3.271386
126,-0.364816,-17.496669,80.538623,1.115738,-11.254212,81.141755,0.564242,21.364094,26.068436,14.772305,-0.226014,-9.874923,10.361430,-23.078305,-22.164433,5.987870,7.387222,15.000035,0.608492,-3.478081,9.601386,22.190768,35.517504,-14.134501,51.068697,-0.625937,-1.962068,9.977733,-62.410239,-27.718690,39.595692,33.419927,24.320506,-1.547444,-2.657347
127,-0.550337,-17.670769,80.571919,1.076491,-11.395285,80.041645,0.783341,21.486114,26.411429,14.683691,-0.266726,-9.444752,10.120906,-22.854976,-21.156176,6.009052,7.643722,15.000035,0.312204,-3.779007,9.443419,22.984677,35.946952,-13.823189,51.435182,-0.359554,-2.027527,10.044797,-67.894614,-27.390432,41.690457,31.314440,23.869661,-1.629025,-2.043308
128,-0.731150,-17.844206,80.605363,1.043214,-11.535727,78.940418,1.002441,21.608135,26.754422,14.595077,-0.307437,-9.587539,9.880383,-22.631648,-20.147920,6.030235,7.900221,15.000035,0.015915,-4.079932,9.285452,23.778587,36.376400,-13.511876,51.801667,-0.093172,-2.092986,10.111861,-73.378988,-27.062173,43.785222,29.208953,23.418815,-1.710605,-1.429269
129,-0.907170,-18.017136,80.638970,1.015941,-11.675401,77.838029,1.221540,21.730155,27.097415,14.506463,-0.348149,-9.730326,9.639860,-22.408319,-19.139663,6.051417,8.156721,15.000035,-0.280373,-4.380857,9.127486,24.572496,36.805848,-13.200564,52.168152,0.173211,-2.158445,10.178924,-78.863362,-26.733915,45.879987,27.103466,22.967969,-1.792186,-0.815230
130,-1.078318,-18.189720,80.672755,0.994704,-11.814167,76.734435,1.440639,21.852176,27.440409,14.417850,-0.388861,-9.300155,9.399336,-22.184991,-18.131406,6.072599,8.413221,15.000035,-0.576662,-4.681782,8.969519,25.366405,37.235296,-12.889252,52.534638,0.439594,-2.223904,10.245988,-84.347736,-26.405657,47.974752,24.997978,22.517123,-1.873766,-0.201191
131,-1.244522,-18.362121,80.706733,0.979531,-11.951883,75.629592,1.659738,21.974196,27.783402,14.329236,-0.429572,-9.442941,9.158813,-21.961662,-17.123149,6.093781,8.669721,15.000035,-0.872950,-4.982708,8.811552,26.160315,37.664744,-12.577939,52.901123,0.705977,-2.289363,10.313052,-89.832111,-26.077399,50.069517,22.892491,22.066278,-1.955347,0.412848
132,-1.405716,-18.534502,80.740918,0.970445,-12.088407,74.523460,1.878838,22.096217,28.126395,14.240622,-0.470284,-9.585728,8.918289,-21.738334,-16.114892,6.114963,8.926221,15.000035,-1.169239,-5.283633,8.653585,26.954224,38.094192,-12.266627,53.267608,0.972360,-2.354822,10.380116,-95.316485,-25.749141,52.164282,20.787004,21.615432,-2.036927,1.026887
133,-1.832341,-19.061403,80.711353,1.127062,-12.433580,73.473255,1.943473,21.932412,27.429961,13.769122,0.252947,-9.599226,8.721010,-21.739800,-15.429283,6.123233,9.081990,15.000035,-1.876983,-5.104848,8.414906,27.440387,37.493641,-12.643677,54.212487,0.480923,-2.253011,10.214832,-98.803379,-27.192902,54.074538,22.473316,22.926302,-2.590288,0.485774
134,-2.269866,-19.590859,80.675488,1.282936,-12.778857,72.421866,2.008108,21.768607,26.733527,13.297623,0.976178,-9.612724,8.523730,-21.741266,-14.743673,6.131504,9.237760,15.000035,-2.584726,-4.926063,8.176228,27.926550,36.893090,-13.020726,55.157367,-0.010514,-2.151199,10.049548,-102.290274,-28.636663,55.984794,24.159628,24.237171,-3.143650,-0.055338
135,-2.718323,-20.122324,80.633345,1.438055,-13.124144,71.369356,2.072743,21.604801,26.037094,12.826123,1.699409,-10.199180,8.326451,-21.742732,-14.058064,6.139774,9.393529,15.000035,-3.292470,-4.747278,7.937549,28.412713,36.292539,-13.397776,56.102246,-0.501951,-2.049388,9.884264,-105.777168,-30.080423,57.895049,25.845940,25.548041,-3.697011,-0.596451
136,-3.177717,-20.655255,80.584954,1.592405,-13.469347,70.315791,2.137379,21.440996,25.340660,12.354624,2.422639,-10.212677,8.129171,-21.744198,-13.372455,6.148045,9.549299,15.000035,-4.000214,-4.568492,7.698870,28.898875,35.691988,-13.774825,57.047125,-0.993388,-1.947577,9.718980,-109.264062,-31.524184,59.805305,27.532252,26.858911,-4.250373,-1.137563
137,-3.648028,-21.189112,80.530346,1.745973,-13.814373,69.261233,2.202013,21.277191,24.644226,11.883124,3.145870,-10.226175,7.931892,-21.745663,-12.686845,6.156315,9.705068,15.000035,-4.707958,-4.389707,7.460192,29.385038,35.091438,-14.151875,57.992005,-1.484825,-1.845766,9.553697,-112.750957,-32.967945,61.715561,29.218565,28.169780,-4.803734,-1.678676
138,-4.129208,-21.723358,80.469554,1.898746,-14.159130,68.205750,2.266649,21.113386,23.947792,11.411625,3.869101,-10.812630,7.734613,-21.747129,-12.001236,6.164586,9.860838,15.000035,-5.415701,-4.210922,7.221513,29.871201,34.490887,-14.528924,58.936884,-1.976262,-1.743954,9.388413,-116.237851,-34.411706,63.625817,30.904877,29.480650,-5.357096,-2.219788
139,-4.621184,-22.257464,80.402620,2.050712,-14.503526,67.149406,2.331283,20.949581,23.251358,10.940125,4.592332,-10.826128,7.537333,-21.748595,-11.315626,6.172856,10.016607,15.000035,-6.123445,-4.032137,6.982834,30.357364,33.890336,-14.905974,59.881764,-2.467699,-1.642143,9.223129,-119.724746,-35.855467,65.536073,32.591189,30.791520,-5.910457,-2.760901
140,-5.123857,-22.790905,80.329585,2.201857,-14.847471,66.092267,2.395919,20.785775,22.554925,10.468625,5.315563,-10.839626,7.340054,-21.750061,-10.630017,6.181126,10.172377,15.000035,-6.831189,-3.853352,6.744156,30.843527,33.289785,-15.283023,60.826643,-2.959136,-1.540332,9.057845,-123.211640,-37.299227,67.446328,34.277501,32.102389,-6.463819,-3.302013
141,-5.637105,-23.323167,80.250494,2.352170,-15.190875,65.034399,2.460554,20.621970,21.858491,9.997126,6.038794,-11.426082,7.142774,-21.751527,-9.944408,6.189397,10.328146,15.000035,-7.538933,-3.674567,6.505477,31.329690,32.689234,-15.660073,61.771522,-3.450573,-1.438521,8.892561,-126.698534,-38.742988,69.356584,35.963813,33.413259,-7.017180,-3.843126
142,-6.160778,-23.853744,80.165399,2.501637,-15.533651,63.975869,2.525189,20.458165,21.162057,9.525626,6.762024,-11.439579,6.945494,-21.752993,-9.258798,6.197667,10.483916,15.000035,-8.246676,-3.495781,6.266798,31.815852,32.088683,-16.037122,62.716402,-3.942011,-1.336709,8.727277,-130.185429,-40.186749,71.266840,37.650125,34.724129,-7.570542,-4.384238
143,-6.694704,-24.382139,80.077023,2.650247,-15.875710,62.916742,2.589824,20.294360,20.465623,9.054127,7.485255,-11.453077,6.748215,-21.754459,-8.573189,6.205938,10.639685,15.000033,-8.954420,-3.316996,6.028119,32.302015,31.488132,-16.414172,63.661281,-4.433448,-1.234898,8.561993,-133.672323,-41.630510,73.177096,39.336437,36.034999,-8.123903,-4.925351
144,-7.238689,-24.907869,79.981854,2.797986,-16.216967,61.857084,2.654459,20.130554,19.769190,8.582627,8.208486,-12.039533,6.550935,-21.755925,-7.887580,6.214208,10.795455,15.000033,-9.662164,-3.138211,5.789441,32.788178,30.887581,-16.791221,64.606160,-4.924885,-1.133087,8.396709,-137.159217,-43.074270,75.087351,41.022749,37.345868,-8.677265,-5.466463
145,-7.792514,-25.430461,79.879584,2.944844,-16.557337,60.796962,2.719094,19.966749,19.072756,8.111127,8.931717,-12.053031,6.353656,-21.757391,-7.201970,6.222478,10.951224,15.000033,-10.369908,-2.959426,5.550762,33.274341,30.287030,-17.168271,65.551040,-5.416322,-1.031276,8.231425,-140.646112,-44.518031,76.997607,42.709061,38.656738,-9.230626,-6.007576
146,-8.355939,-25.949458,79.770266,3.090807,-16.896735,59.736440,2.783729,19.802944,18.376322,7.639628,9.654948,-12.066529,6.156376,-21.758857,-6.516361,6.230749,11.106994,15.000033,-11.077651,-2.780641,5.312083,33.760504,29.686479,-17.545320,66.495919,-5.907759,-0.929464,8.066141,-144.133006,-45.961792,78.907863,44.395373,39.967608,-9.783988,-6.548688
147,-8.928703,-26.464415,79.653962,3.235865,-17.235080,58.675583,2.848364,19.639139,17.679888,7.168128,10.378179,-12.652985,5.959097,-21.760322,-5.830751,6.239019,11.262763,15.000033,-11.785395,-2.601856,5.073405,34.246667,29.085929,-17.922370,67.440799,-6.399196,-0.827653,7.900858,-147.619901,-47.405553,80.818119,46.081686,41.278477,-10.337349,-7.089801
148,-9.510526,-26.974904,79.531891,3.380005,-17.572289,57.614455,2.912999,19.475334,16.983454,6.696629,11.101409,-12.666482,5.761818,-21.761788,-5.145142,6.247290,11.418533,15.000035,-12.493139,-2.423070,4.834726,34.732829,28.485378,-18.299419,68.385678,-6.890633,-0.725842,7.735574,-151.106795,-48.849314,82.728375,47.767998,42.589347,-10.890711,-7.630913
149,-10.101107,-27.480513,79.406408,3.523216,-17.908283,56.553120,2.977635,19.311528,16.287021,6.225129,11.824640,-12.679980,5.564538,-21.763254,-4.459533,6.255560,11.574302,15.000035,-13.200883,-2.244285,4.596047,35.218992,27.884827,-18.676469,69.330557,-7.382070,-0.624031,7.570290,-154.593689,-50.293074,84.638630,49.454310,43.900217,-11.444072,-8.172026
150,-10.700128,-27.980847,79.275430,3.665486,-18.242983,55.491640,3.042270,19.147723,15.590587,5.753630,12.547871,-13.266436,5.367259,-21.764720,-3.773923,6.263831,11.730072,15.000035,-13.908626,-2.065500,4.357369,35.705155,27.284276,-19.053518,70.275437,-7.873507,-0.522219,7.405006,-158.080584,-51.736835,86.548886,51.140622,45.211086,-11.997434,-8.713138
151,-11.307252,-28.475529,79.139026,3.806804,-18.576312,54.430078,3.106905,18.983918,14.894153,5.282130,13.271102,-13.279934,5.169979,-21.766186,-3.088314,6.272101,11.885841,15.000035,-14.616370,-1.886715,4.118690,36.191318,26.683725,-19.430568,71.220316,-8.364944,-0.420408,7.239722,-161.567478,-53.180596,88.459142,52.826934,46.521956,-12.550795,-9.254251
152,-11.368678,-28.443197,79.191332,3.785890,-18.174610,54.443869,3.026361,18.996054,14.763427,5.309698,12.981107,-13.852933,4.919155,-21.807927,-2.952047,6.543101,11.449426,15.000035,-14.899297,-1.340382,5.260277,35.833850,26.669449,-19.055682,71.343109,-8.888028,-0.311300,7.335970,-160.522374,-54.070581,88.832059,54.516629,47.373492,-12.074958,-9.830097
153,-11.429475,-28.410756,79.241342,3.765483,-17.772557,54.457342,2.945818,19.008191,14.632702,5.337266,12.691113,-13.852975,4.668331,-21.849668,-2.815780,6.814101,11.013011,15.000035,-15.182225,-0.794049,6.401864,35.476383,26.655173,-18.680796,71.465902,-9.411113,-0.202192,7.432217,-159.477270,-54.960567,89.204977,56.206323,48.225027,-11.599122,-10.405943
154,-11.489640,-28.378206,79.289041,3.745577,-17.370155,54.470508,2.865275,19.020327,14.501976,5.364834,12.401118,-13.853016,4.417506,-21.891409,-2.679514,7.085100,10.576595,15.000035,-15.465152,-0.247716,7.543451,35.118915,26.640897,-18.305909,71.588694,-9.934197,-0.093084,7.528465,-158.432166,-55.850552,89.577894,57.896018,49.076563,-11.123285,-10.981789
155,-11.549170,-28.345549,79.334423,3.726170,-16.967403,54.483377,2.784731,19.032463,14.371251,5.392402,12.111124,-14.426016,4.166681,-21.933150,-2.543247,7.356100,10.140180,15.000035,-15.748079,0.298617,8.685037,34.761447,26.626621,-17.931023,71.711487,-10.457282,0.016024,7.624713,-157.387062,-56.740538,89.950811,59.585713,49.928098,-10.647449,-11.557636
156,-11.608063,-28.312784,79.377481,3.707258,-16.564301,54.495959,2.704188,19.044600,14.240525,5.419970,11.821129,-14.426058,3.915857,-21.974892,-2.406980,7.627100,9.703765,15.000035,-16.031006,0.844950,9.826624,34.403980,26.612345,-17.556137,71.834280,-10.980366,0.125132,7.720961,-156.341958,-57.630523,90.323729,61.275407,50.779634,-10.171612,-12.133482
157,-11.666316,-28.279914,79.418203,3.688837,-16.160851,54.508263,2.623644,19.056736,14.109800,5.447538,11.531135,-14.426100,3.665033,-22.016633,-2.270713,7.898100,9.267350,15.000035,-16.313934,1.391283,10.968211,34.046512,26.598069,-17.181251,71.957073,-11.503451,0.234240,7.817208,-155.296854,-58.520509,90.696646,62.965102,51.631169,-9.695776,-12.709328
158,-11.723926,-28.246938,79.456583,3.670904,-15.757051,54.520298,2.543101,19.068873,13.979074,5.475106,11.241140,-14.426142,3.414208,-22.058374,-2.134446,8.169100,8.830935,15.000035,-16.596861,1.937616,12.109798,33.689044,26.583793,-16.806365,72.079866,-12.026535,0.343348,7.913456,-154.251750,-59.410494,91.069564,64.654797,52.482705,-9.219939,-13.285174
159,-11.780892,-28.213859,79.492610,3.653456,-15.352903,54.532076,2.462557,19.081009,13.848348,5.502674,10.951146,-14.999141,3.163384,-22.100115,-1.998180,8.440099,8.394519,15.000035,-16.879788,2.483949,13.251385,33.331577,26.569517,-16.431478,72.202658,-12.549619,0.452456,8.009704,-153.206646,-60.300480,91.442481,66.344491,53.334241,-8.744103,-13.861020
160,-11.837212,-28.180677,79.526278,3.636490,-14.948408,54.543605,2.382014,19.093145,13.717623,5.530242,10.661151,-15.000035,2.912559,-22.141856,-1.861913,8.711099,7.958104,15.000035,-17.162715,3.030282,14.392972,32.974109,26.555241,-16.056592,72.325451,-13.072704,0.561564,8.105952,-152.161542,-61.190465,91.815398,68.034186,54.185776,-8.268266,-14.436866
161,-11.892883,-28.147393,79.557578,3.620003,-14.543565,54.554894,2.301470,19.105282,13.586897,5.557809,10.371157,-15.000035,2.661735,-22.183597,-1.725646,8.982099,7.521689,15.000035,-17.445643,3.576615,15.534558,32.616641,26.540965,-15.681706,72.448244,-13.595788,0.670673,8.202199,-151.116437,-62.080451,92.188316,69.723881,55.037312,-7.792430,-15.012713
162,-11.947904,-28.114009,79.586500,3.603992,-14.138376,54.565954,2.220926,19.117418,13.456172,5.585377,10.081162,-15.000035,2.410910,-22.225338,-1.589379,9.253099,7.085274,15.000035,-17.728570,4.122948,16.676145,32.259173,26.526689,-15.306820,72.571037,-14.118873,0.779781,8.298447,-150.071333,-62.970436,92.561233,71.413576,55.888847,-7.316593,-15.588559
163,-12.002273,-28.080526,79.613037,3.588455,-13.732841,54.576794,2.140383,19.129554,13.325446,5.612945,9.791168,-15.000035,2.160086,-22.267079,-1.453113,9.524098,6.648858,15.000035,-18.011497,4.669281,17.817732,31.901706,26.512413,-14.931933,72.693829,-14.641957,0.888889,8.394695,-149.026229,-63.860422,92.934150,73.103270,56.740383,-6.840757,-16.164405
164,-12.055987,-28.046945,79.637183,3.573390,-13.326960,54.587423,2.059839,19.141691,13.194720,5.640513,9.501173,-15.000035,1.909261,-22.308820,-1.316846,9.795098,6.212443,15.000035,-18.294424,5.215614,18.959319,31.544238,26.498137,-14.557047,72.816622,-15.165041,0.997997,8.490943,-147.981125,-64.750407,93.307068,74.792965,57.591919,-6.364920,-16.740251
165,-12.109045,-28.013269,79.658928,3.558793,-12.920736,54.597851,1.979296,19.153827,13.063995,5.668081,9.211179,-15.000035,1.658437,-22.350561,-1.180579,10.066098,5.776028,15.000035,-18.577352,5.761947,20.100906,31.186770,26.483861,-14.182161,72.939415,-15.688126,1.107105,8.587190,-146.936021,-65.640393,93.679985,76.482660,58.443454,-5.889084,-17.316097
166,-12.161447,-27.979499,79.678265,3.544663,-12.514168,54.608086,1.898752,19.165964,12.933269,5.695649,8.921184,-15.000035,1.407613,-22.392303,-1.044312,10.337098,5.339613,15.000035,-18.860279,6.308280,21.242493,30.829303,26.469585,-13.807275,73.062208,-16.211210,1.216213,8.683438,-145.890917,-66.530378,94.052903,78.172354,59.294990,-5.413247,-17.891943
167,-12.213191,-27.945636,79.695186,3.530998,-12.107257,54.618139,1.818209,19.178100,12.802544,5.723217,8.631190,-15.000035,1.156788,-22.434044,-0.908045,10.608098,4.903198,15.000035,-19.143206,6.854613,22.384079,30.471835,26.455309,-13.432389,73.185001,-16.734295,1.325321,8.779686,-144.845813,-67.420364,94.425820,79.862049,60.146525,-4.937411,-18.467790
168,-12.264276,-27.911683,79.709684,3.517795,-11.700006,54.628018,1.737666,19.190236,12.671818,5.750785,8.341195,-15.000035,0.905964,-22.475785,-0.771779,10.879097,4.466782,15.000035,-19.426133,7.400946,23.525666,30.114367,26.441033,-13.057502,73.307793,-17.257379,1.434429,8.875934,-143.800709,-68.310349,94.798737,81.551744,60.998061,-4.461574,-19.043636
169,-12.314702,-27.877641,79.721754,3.505054,-11.292414,54.637733,1.657122,19.202373,12.541093,5.778353,8.051201,-15.000035,0.655140,-22.517526,-0.635512,11.150097,4.030367,15.000035,-19.709061,7.947279,24.667253,29.756900,26.426757,-12.682616,73.430586,-17.780464,1.543537,8.972181,-142.755605,-69.200335,95.171655,83.241438,61.849596,-3.985738,-19.619482
170,-12.364466,-27.843513,79.731384,3.492771,-10.884482,54.647293,1.576579,19.214509,12.410367,5.805921,7.761206,-15.000035,0.404315,-22.559267,-0.499245,11.421097,3.593952,15.000035,-19.991988,8.493612,25.808840,29.399432,26.412481,-12.307730,73.553379,-18.303548,1.652645,9.068429,-141.710501,-70.090320,95.544572,84.931133,62.701132,-3.509901,-20.195328
171,-11.591011,-28.213336,79.780763,3.704681,-10.872849,56.792548,0.973927,19.193638,12.538704,6.906391,7.341460,-15.000035,0.521292,-23.242916,-1.415990,12.510465,2.910542,15.000035,-19.096514,9.417782,25.885344,30.651461,26.318198,-13.483237,70.693778,-17.180851,1.512749,9.532223,-133.807103,-69.157117,90.752372,81.532177,61.006532,-4.271871,-20.682820
172,-10.806059,-28.568342,79.820127,3.914215,-10.856584,58.938694,0.371276,19.172768,12.667040,8.006861,6.921715,-15.000035,0.638268,-23.926565,-2.332734,13.599833,2.227133,15.000035,-18.201040,10.341953,25.961847,31.903491,26.223915,-14.658744,67.834177,-16.058153,1.372854,9.996016,-125.903704,-68.223913,85.960172,78.133221,59.311931,-5.033841,-21.170312
173,-10.010806,-28.907745,79.849656,4.121489,-10.835550,61.085681,-0.231375,19.151897,12.795377,9.107331,6.501969,-15.000035,0.755244,-24.610214,-3.249479,14.689201,1.543723,15.000035,-17.305566,11.266123,26.038351,33.155520,26.129632,-15.834250,64.974576,-14.935456,1.232958,10.459810,-118.000306,-67.290710,81.167972,74.734264,57.617331,-5.795811,-21.657804
174,-9.206505,-29.230843,79.869534,4.326625,-10.809614,63.233461,-0.834026,19.131026,12.923714,10.207801,6.082223,-15.000035,0.872220,-25.293863,-4.166223,15.778568,0.860314,15.000035,-16.410092,12.190294,26.114854,34.407549,26.035349,-17.009757,62.114975,-13.812759,1.093062,10.923604,-110.096907,-66.357507,76.375772,71.335308,55.922731,-6.557781,-22.145296
175,-8.394473,-29.537182,79.879950,4.529745,-10.778649,65.381982,-1.436678,19.110155,13.052050,11.308272,5.662478,-15.000035,0.989197,-25.977511,-5.082968,16.867936,0.176904,15.000035,-15.514618,13.114464,26.191358,35.659578,25.941066,-18.185264,59.255374,-12.690061,0.953166,11.387398,-102.193509,-65.424303,71.583572,67.936352,54.228130,-7.319750,-22.632788
176,-7.576023,-29.826074,79.881090,4.730975,-10.742535,67.531190,-2.039329,19.089285,13.180387,12.408742,5.242732,-15.000035,1.106173,-26.661160,-5.999712,17.957304,-0.506505,15.000035,-14.619144,14.038635,26.267861,36.911608,25.846783,-19.360771,56.395773,-11.567364,0.813271,11.851191,-94.290110,-64.491100,66.791372,64.537396,52.533530,-8.081720,-23.120280
177,-6.752536,-30.097122,79.873146,4.930444,-10.701157,69.681031,-2.641980,19.068414,13.308723,13.509212,4.822987,-15.000035,1.223149,-27.344809,-6.916457,19.046672,-1.189915,15.000035,-13.723670,14.962805,26.344365,38.163637,25.752500,-20.536278,53.536172,-10.444666,0.673375,12.314985,-86.386712,-63.557897,61.999172,61.138440,50.838929,-8.843690,-23.607772
178,-5.925418,-30.349986,79.856308,5.128282,-10.654406,71.831451,-3.244632,19.047543,13.437060,14.609682,4.403241,-15.000035,1.340126,-28.028458,-7.833202,20.136040,-1.873324,15.000035,-12.828196,15.886976,26.420868,39.415666,25.658217,-21.711784,50.676571,-9.321969,0.533479,12.778779,-78.483313,-62.624693,57.206972,57.739483,49.144329,-9.605660,-24.095264
179,-5.096097,-30.584425,79.830766,5.324621,-10.602179,73.982392,-3.847283,19.026672,13.565397,15.710152,3.983495,-15.000035,1.457102,-28.712107,-8.749946,21.225408,-2.556734,15.000035,-11.932722,16.811146,26.497372,40.667695,25.563934,-22.887291,47.816970,-8.199272,0.393583,13.242573,-70.579915,-61.691490,52.414772,54.340527,47.449729,-10.367630,-24.582756
180,-4.266022,-30.800297,79.796716,5.519596,-10.544380,76.133799,-4.449934,19.005802,13.693733,16.810622,3.563750,-15.000035,1.574078,-29.395756,-9.666691,22.314775,-3.240143,15.000035,-11.037248,17.735317,26.573875,41.919725,25.469652,-24.062798,44.957369,-7.076574,0.253688,13.706366,-62.676516,-60.758287,47.622572,50.941571,45.755128,-11.129600,-25.070248
181,-3.436651,-30.997561,79.754349,5.713342,-10.480917,78.285614,-5.052585,18.984931,13.822070,17.911092,3.144004,-15.000035,1.691054,-30.079405,-10.583435,23.404143,-3.923553,15.000035,-10.141774,18.659487,26.650379,43.171754,25.375369,-25.238305,42.097768,-5.953877,0.113792,14.170160,-54.773118,-59.825084,42.830372,47.542615,44.060528,-11.891570,-25.557740
182,-2.609448,-31.176276,79.703860,5.905998,-10.411707,80.437779,-5.655237,18.964060,13.950407,19.011562,2.724258,-15.000035,1.808031,-30.763054,-11.500180,24.493511,-4.606962,15.000035,-9.246300,19.583658,26.726882,44.423783,25.281086,-26.413811,39.238167,-4.831180,-0.026104,14.633954,-46.869719,-58.891880,38.038172,44.143658,42.365928,-12.653540,-26.045232
183,-1.785873,-31.336604,79.645441,6.097701,-10.336670,82.590238,-6.257888,18.943189,14.078743,20.112032,2.304513,-15.000035,1.925008,-31.446703,-12.416925,25.582879,-5.290372,15.000035,-8.350826,20.507828,26.803386,45.675812,25.186803,-27.589318,36.378566,-3.708482,-0.166000,15.097748,-38.966321,-57.958677,33.245972,40.744702,40.671327,-13.415510,-26.532724
184,-0.967379,-31.478806,79.579286,6.288592,-10.255735,84.742933,-6.860540,18.922319,14.207080,21.212502,1.884767,-15.000035,2.041983,-32.130352,-13.333669,26.672247,-5.973781,15.000035,-7.455352,21.431999,26.879889,46.927842,25.092520,-28.764825,33.518965,-2.585785,-0.305895,15.561541,-31.062922,-57.025474,28.453772,37.345746,38.976727,-14.177480,-27.020216
185,-0.155401,-31.603244,79.505589,6.478812,-10.168835,86.895807,-7.463191,18.901448,14.335416,22.312973,1.465022,-15.000035,2.158960,-32.814000,-14.250414,27.761615,-6.657191,15.000035,-6.559878,22.356169,26.956393,48.179871,24.998237,-29.940332,30.659364,-1.463087,-0.445791,16.025335,-23.159524,-56.092270,23.661572,33.946790,37.282126,-14.939449,-27.507708
186,0.648644,-31.710379,79.424541,6.668503,-10.075912,89.048804,-8.065842,18.880577,14.463753,23.413443,1.045276,-15.000035,2.275936,-33.497649,-15.167158,28.850982,-7.340600,15.000035,-5.664404,23.280340,27.032896,49.431900,24.903954,-31.115839,27.799763,-0.340390,-0.585687,16.489129,-15.256125,-55.159067,18.869372,30.547834,35.587526,-15.701419,-27.995200
187,1.443372,-31.800769,79.336333,6.857807,-9.976910,91.201870,-8.668493,18.859706,14.592090,24.513913,0.625530,-15.000035,2.392913,-34.181298,-16.083903,29.940350,-8.024010,15.000035,-4.768930,24.204510,27.109400,50.683929,24.809671,-32.291345,24.940162,0.782307,-0.725583,16.952923,-7.352727,-54.225864,14.077172,27.148877,33.892926,-16.463389,-28.482692
188,2.227431,-31.875068,79.241156,7.046867,-9.871784,93.354951,-9.271145,18.838836,14.720426,25.614383,0.205785,-15.000035,2.509889,-34.864947,-17.000647,31.029718,-8.707419,15.000035,-3.873456,25.128681,27.185903,51.935959,24.715388,-33.466852,22.080561,1.905005,-0.865478,17.416716,0.550672,-53.292660,9.284972,23.749921,32.198325,-17.225359,-28.970184
189,2.999509,-31.934023,79.139200,7.235824,-9.760491,95.507994,-9.873796,18.817965,14.848763,26.714853,-0.213961,-14.966645,2.626865,-35.548596,-17.917392,32.119086,-9.390829,15.000035,-2.977982,26.052851,27.262407,53.187988,24.621105,-34.642359,19.220960,3.027702,-1.005374,17.880510,8.454070,-52.359457,4.492772,20.350965,30.503725,-17.987329,-29.457676
190,3.542882,-31.949013,79.030817,7.158268,-10.113988,98.181116,-10.514870,17.986134,13.569846,27.222912,-0.362420,-14.724309,3.248722,-35.892114,-18.933221,32.771847,-9.767223,15.000035,-1.199820,26.157907,26.596349,52.702512,24.677691,-34.594231,18.745641,2.647369,-0.836670,17.752941,5.507885,-50.272462,6.706573,17.872831,28.512456,-17.821909,-29.197763
191,4.083231,-31.949770,78.910878,7.062069,-10.453070,100.857914,-11.155944,17.154303,12.290928,27.730972,-0.510878,-14.481973,3.870579,-36.235633,-19.949051,33.424607,-10.143616,15.000035,0.578342,26.262963,25.930290,52.217035,24.734277,-34.546102,18.270322,2.267037,-0.667966,17.625373,2.561700,-48.185467,8.920375,15.394698,26.521187,-17.656490,-28.937851
192,4.618810,-31.936962,78.779437,6.947459,-10.776976,103.538563,-11.797019,16.322472,11.012011,28.239032,-0.659336,-14.239637,4.492436,-36.579151,-20.964880,34.077368,-10.520010,15.000035,2.356504,26.368019,25.264232,51.731559,24.790863,-34.497974,17.795003,1.886704,-0.499262,17.497804,-0.384486,-46.098472,11.134176,12.916564,24.529918,-17.491070,-28.677938
193,5.147957,-31.911412,78.636537,6.814712,-11.084946,106.223216,-12.438093,15.490641,9.733094,28.747091,-0.807795,-13.997302,5.114293,-36.922670,-21.980709,34.730128,-10.896403,15.000035,4.134666,26.473075,24.598173,51.246082,24.847448,-34.449845,17.319684,1.506371,-0.330558,17.370235,-3.330671,-44.011477,13.347977,10.438430,22.538650,-17.325650,-28.418025
194,5.669102,-31.874093,78.482206,6.664143,-11.376225,108.912006,-13.079166,14.658810,8.454177,29.255151,-0.956254,-13.182008,5.736150,-37.266188,-22.996538,35.382889,-11.272797,15.000035,5.912828,26.578131,23.932115,50.760606,24.904034,-34.401717,16.844365,1.126039,-0.161854,17.242666,-6.276856,-41.924482,15.561778,7.960297,20.547381,-17.160231,-28.158113
195,6.180786,-31.826123,78.316463,6.496113,-11.650067,111.605039,-13.720241,13.826979,7.175259,29.763210,-1.104712,-12.939672,6.358007,-37.609706,-24.012367,36.035650,-11.649191,15.000035,7.690990,26.683187,23.266056,50.275130,24.960620,-34.353589,16.369046,0.745706,0.006850,17.115098,-9.223041,-39.837487,17.775580,5.482163,18.556112,-16.994811,-27.898200
196,6.681667,-31.768760,78.139306,6.311022,-11.905741,114.302395,-14.361315,12.995148,5.896342,30.271270,-1.253170,-12.697336,6.979864,-37.953225,-25.028197,36.688410,-12.025584,15.000035,9.469152,26.788243,22.599998,49.789653,25.017206,-34.305460,15.893727,0.365374,0.175554,16.987529,-12.169227,-37.750492,19.989381,3.004030,16.564843,-16.829392,-27.638288
197,7.170535,-31.703387,77.950724,6.109314,-12.142532,117.004129,-15.002389,12.163317,4.617425,30.779329,-1.401629,-13.027958,7.601721,-38.296743,-26.044026,37.341171,-12.401978,15.000035,11.247314,26.893299,21.933939,49.304177,25.073792,-34.257332,15.418408,-0.014959,0.344258,16.859960,-15.115412,-35.663497,22.203182,0.525896,14.573574,-16.663972,-27.378375
198,7.354831,-30.721296,78.204111,5.833707,-12.156332,119.226872,-14.959966,11.645312,3.655172,30.217996,-1.214779,-12.628222,8.512584,-37.463438,-27.143441,36.024349,-12.073193,15.000035,12.589285,26.051753,21.314552,48.464102,24.890321,-34.067978,16.338983,-0.117030,0.163146,16.618731,-19.260344,-36.161201,22.210310,3.128084,16.202943,-16.199963,-27.063939
199,7.558122,-29.755598,78.446773,5.568017,-12.173420,121.448019,-14.917543,11.127307,2.692918,29.656663,-1.027929,-12.801444,9.423447,-36.630132,-28.242856,34.707528,-11.744409,15.000035,13.931257,25.210208,20.695165,47.624026,24.706850,-33.878624,17.259558,-0.219100,-0.017966,16.377501,-23.405275,-36.658904,22.217437,5.730272,17.832313,-15.735954,-26.749502
200,7.782433,-28.803943,78.678908,5.313058,-12.193963,123.667352,-14.875120,10.609302,1.730665,29.095331,-0.841079,-12.401708,10.334310,-35.796827,-29.342272,33.390706,-11.415624,15.000035,15.273228,24.368662,20.075778,46.783951,24.523380,-33.689269,18.180133,-0.321171,-0.199078,16.136272,-27.550207,-37.156608,22.224565,8.332460,19.461682,-15.271945,-26.435066
201,8.029562,-27.863812,78.900702,5.069610,-12.218158,125.884653,-14.832697,10.091296,0.768411,28.533998,-0.654229,-12.574929,11.245173,-34.963522,-30.441687,32.073885,-11.086839,15.000035,16.615199,23.527116,19.456391,45.943875,24.339909,-33.499915,19.100708,-0.423241,-0.380190,15.895042,-31.695138,-37.654312,22.231692,10.934648,21.091051,-14.807937,-26.120629
202,8.301075,-26.932538,79.112326,4.838424,-12.246226,128.099710,-14.790274,9.573291,-0.193842,27.972665,-0.467379,-12.748151,12.156035,-34.130216,-31.541102,30.757063,-10.758055,15.000035,17.957170,22.685570,18.837005,45.103800,24.156438,-33.310561,20.021283,-0.525311,-0.561303,15.653813,-35.840070,-38.152016,22.238820,13.536836,22.720421,-14.343928,-25.806193
203,8.598158,-26.007349,79.313934,4.620216,-12.278417,130.312316,-14.747852,9.055286,-1.156096,27.411332,-0.280529,-12.348415,13.066899,-33.296911,-32.640517,29.440241,-10.429270,15.000035,19.299142,21.844025,18.217618,44.263724,23.972967,-33.121207,20.941858,-0.627382,-0.742415,15.412584,-39.985002,-38.649719,22.245948,16.139024,24.349790,-13.879919,-25.491757
204,8.921971,-25.085356,79.505668,4.415672,-12.315010,132.522268,-14.705429,8.537281,-2.118349,26.850000,-0.093679,-12.521637,13.977762,-32.463606,-33.739933,28.123420,-10.100485,15.000035,20.641113,21.002479,17.598231,43.423648,23.789496,-32.931853,21.862433,-0.729453,-0.923527,15.171354,-44.129933,-39.147423,22.253075,18.741212,25.979159,-13.415910,-25.177320
205,9.273322,-24.163600,79.687652,4.225439,-12.356314,134.729369,-14.663006,8.019276,-3.080603,26.288667,0.093171,-12.694859,14.888624,-31.630300,-34.839348,26.806598,-9.771701,15.000035,21.983084,20.160933,16.978844,42.583573,23.606025,-32.742499,22.783008,-0.831523,-1.104639,14.930125,-48.274865,-39.645127,22.260203,21.343400,27.608529,-12.951901,-24.862884
206,9.652756,-23.239068,79.859990,4.050131,-12.402665,136.933428,-14.620583,7.501270,-4.042856,25.727334,0.280021,-12.295123,15.799488,-30.796995,-35.938763,25.489777,-9.442916,15.000035,23.325056,19.319387,16.359457,41.743497,23.422555,-32.553145,23.703584,-0.933593,-1.285751,14.688895,-52.419796,-40.142831,22.267331,23.945588,29.237898,-12.487893,-24.548447
207,10.060550,-22.308718,80.022775,3.890325,-12.454433,139.134260,-14.578160,6.983265,-5.005109,25.166001,0.466871,-12.468344,16.710351,-29.963690,-37.038178,24.172955,-9.114131,15.000035,24.667027,18.477842,15.740070,40.903422,23.239084,-32.363790,24.624159,-1.035664,-1.466863,14.447666,-56.564728,-40.640534,22.274458,26.547777,30.867267,-12.023884,-24.234011
208,10.496717,-21.369502,80.176079,3.746562,-12.512015,141.331687,-14.535737,6.465260,-5.967363,24.604668,0.653721,-12.641566,17.621213,-29.130384,-38.137593,22.856133,-8.785347,15.000035,26.008998,17.636296,15.120683,40.063347,23.055613,-32.174436,25.544734,-1.137735,-1.647975,14.206437,-60.709660,-41.138238,22.281586,29.149965,32.496637,-11.559875,-23.919575
209,10.961005,-20.418388,80.319958,3.619342,-12.575836,143.525537,-14.493314,5.947255,-6.929616,24.043336,0.840571,-12.814788,18.532077,-28.297079,-39.237009,21.539312,-8.456562,15.000035,27.350969,16.794750,14.501296,39.223271,22.872142,-31.985082,26.465309,-1.239805,-1.829087,13.965207,-64.854591,-41.635942,22.288713,31.752153,34.126006,-11.095866,-23.605138
210,11.452901,-19.452383,80.454453,3.509128,-12.646351,145.715645,-14.450891,5.429250,-7.891870,23.482003,1.027421,-12.415053,19.442940,-27.463774,-40.336424,20.222490,-8.127777,15.000035,28.692941,15.953205,13.881909,38.383195,22.688671,-31.795728,27.385884,-1.341875,-2.010199,13.723978,-68.999523,-42.133645,22.295841,34.354341,35.755375,-10.631857,-23.290702
211,11.971635,-18.468551,80.579587,3.416346,-12.724038,147.901850,-14.408468,4.911245,-8.854123,22.920670,1.214271,-12.588275,20.353802,-26.630468,-41.435839,18.905668,-7.798993,15.000035,30.034912,15.111659,13.262523,37.543120,22.505200,-31.606374,28.306459,-1.443946,-2.191312,13.482749,-73.144455,-42.631349,22.302969,36.956529,37.384745,-10.167848,-22.976266
212,12.516186,-17.464039,80.695364,3.341381,-12.809404,150.083999,-14.366045,4.393240,-9.816377,22.359337,1.401121,-12.761497,21.264666,-25.797163,-42.535254,17.588847,-7.470208,15.000035,31.376883,14.270113,12.643136,36.703044,22.321730,-31.417020,29.227034,-1.546017,-2.372424,13.241519,-77.289386,-43.129053,22.310096,39.558717,39.014114,-9.703840,-22.661829
213,13.085286,-16.436093,80.801773,3.284578,-12.902975,152.261942,-14.323622,3.875234,-10.778630,21.798005,1.587971,-12.934718,22.175529,-24.963858,-43.634670,16.272025,-7.141423,15.000035,32.718854,13.428567,12.023749,35.862969,22.138259,-31.227665,30.147609,-1.648087,-2.553536,13.000290,-81.434318,-43.626757,22.317224,42.160905,40.643483,-9.239831,-22.347393
214,13.677433,-15.382076,80.915072,3.246245,-13.005300,154.435535,-14.281200,3.357229,-11.740884,21.236672,1.774821,-13.107940,23.086391,-24.130552,-44.734085,14.955204,-6.812639,15.000033,34.060826,12.587022,11.404362,35.022894,21.954788,-31.038311,31.068184,-1.750158,-2.734648,12.759060,-85.579249,-44.124460,22.324351,44.763093,42.272853,-8.775822,-22.032956
215,14.290897,-14.299492,81.024233,3.226651,-13.116945,156.604638,-14.238777,2.839224,-12.703137,20.675339,1.961671,-13.281162,23.997254,-23.297247,-45.833500,13.638382,-6.483854,14.427075,35.402797,11.745476,10.784975,34.182818,21.771317,-30.848957,31.988759,-1.852228,-2.915760,12.517831,-89.724181,-44.622164,22.331479,47.365281,43.902222,-8.311813,-21.718520
216,14.305152,-14.353549,81.026920,2.981405,-13.205232,156.954555,-13.952190,2.909183,-12.955962,19.876318,2.236174,-13.240462,24.076755,-22.984026,-45.623976,13.228016,-6.061211,14.427075,35.754181,11.149359,10.620612,33.681577,21.835944,-31.188093,32.779860,-1.849400,-2.772041,12.248311,-89.946985,-44.477022,24.187962,49.668087,44.393333,-7.803245,-20.879762
217,14.322300,-14.405497,81.029359,2.737981,-13.293362,157.304493,-13.665604,2.979142,-13.208786,19.077298,2.510676,-13.199762,24.156256,-22.670804,-45.414451,12.817649,-5.638568,14.427075,36.105566,10.553242,10.456250,33.180337,21.900570,-31.527229,33.570961,-1.846572,-2.628323,11.978792,-90.169790,-44.331881,26.044446,51.970893,44.884444,-7.294677,-20.041004
218,14.342323,-14.455272,81.031570,2.496398,-13.381339,157.654431,-13.379018,3.049101,-13.461611,18.278277,2.785179,-13.159063,24.235756,-22.357583,-45.204927,12.407283,-5.215924,14.427075,36.456950,9.957125,10.291887,32.679096,21.965197,-31.866364,34.362062,-1.843744,-2.484604,11.709272,-90.392594,-44.186739,27.900929,54.273699,45.375554,-6.786110,-19.202246
219,14.365203,-14.502811,81.046843,2.256674,-13.469166,158.004351,-13.092431,3.119059,-13.714435,17.479257,3.059681,-13.118363,24.315257,-22.044362,-44.995403,11.996916,-4.793281,15.000033,36.808334,9.361008,10.127525,32.177856,22.029823,-32.205500,35.153163,-1.840916,-2.340885,11.439753,-90.615399,-44.041598,29.757412,56.576505,45.866665,-6.277542,-18.363488
220,14.390919,-14.548053,81.049823,2.018829,-13.556847,158.354232,-12.805845,3.189018,-13.967260,16.680236,3.334184,-13.077663,24.394758,-21.731141,-44.785879,11.586550,-4.370638,15.000033,37.159719,8.764890,9.963162,31.676615,22.094450,-32.544636,35.944263,-1.838088,-2.197166,11.170233,-90.838203,-43.896456,31.613896,58.879311,46.357776,-5.768974,-17.524730
221,14.419451,-14.590936,81.052890,1.782879,-13.644387,158.704056,-12.519259,3.258977,-14.220085,15.881215,3.608686,-13.036963,24.474259,-21.417919,-44.576354,11.176183,-3.947995,15.000033,37.511103,8.168773,9.798799,31.175374,22.159076,-32.883772,36.735364,-1.835260,-2.053448,10.900713,-91.061008,-43.751314,33.470379,61.182117,46.848887,-5.260406,-16.685972
222,14.450778,-14.631400,81.056063,1.548845,-13.731790,159.053801,-12.232673,3.328936,-14.472909,15.082195,3.883189,-12.996263,24.553759,-21.104698,-44.366830,10.765817,-3.525352,15.000033,37.862487,7.572656,9.634437,30.674134,22.223703,-33.222907,37.526465,-1.832432,-1.909729,10.631194,-91.283812,-43.606173,35.326862,63.484923,47.339997,-4.751839,-15.847214
223,14.484878,-14.669386,81.059366,1.316742,-13.819064,159.403449,-11.946086,3.398895,-14.725734,14.283174,4.157691,-12.955563,24.633260,-20.791477,-44.157306,10.355450,-3.102709,15.000033,38.213872,6.976539,9.470074,30.172893,22.288329,-33.562043,38.317566,-1.829604,-1.766010,10.361674,-91.506617,-43.461031,37.183346,65.787729,47.831108,-4.243271,-15.008456
224,14.521729,-14.704836,81.062816,1.086590,-13.906213,159.752980,-11.659500,3.468854,-14.978559,13.484153,4.432194,-12.341906,24.712761,-20.478256,-43.947782,9.945084,-2.680065,15.000033,38.565256,6.380422,9.305712,29.671653,22.352956,-33.901179,39.108667,-1.826776,-1.622291,10.092154,-91.729421,-43.315889,39.039829,68.090535,48.322219,-3.734703,-14.169699
225,14.561307,-14.737691,81.066432,0.858406,-13.993245,160.102376,-11.372914,3.538812,-15.231383,12.685133,4.706697,-12.301206,24.792262,-20.165034,-43.738257,9.534718,-2.257422,15.000033,38.916640,5.784305,9.141349,29.170412,22.417582,-34.240315,39.899768,-1.823947,-1.478573,9.822635,-91.952225,-43.170748,40.896312,70.393341,48.813330,-3.226135,-13.330941
226,14.603589,-14.767895,81.070235,0.632206,-14.080168,160.451616,-11.086328,3.608771,-15.484208,11.886112,4.981199,-12.260506,24.871763,-19.851813,-43.528733,9.124351,-1.834779,15.000033,39.268025,5.188188,8.976986,28.669171,22.482209,-34.579451,40.690869,-1.821119,-1.334854,9.553115,-92.175030,-43.025606,42.752796,72.696147,49.304441,-2.717567,-12.492183
227,14.648550,-14.795392,81.044173,0.408008,-14.166990,160.800682,-10.799742,3.678730,-15.737032,11.087092,5.255702,-12.219806,24.951263,-19.538592,-43.319209,8.713985,-1.412136,14.427075,39.619409,4.592071,8.812624,28.167931,22.546835,-34.918586,41.481970,-1.818291,-1.191135,9.283596,-92.397834,-42.880465,44.609279,74.998953,49.795551,-2.209000,-11.653425
228,14.696164,-14.820129,81.045059,0.185829,-14.253719,161.149555,-10.513155,3.748689,-15.989857,10.288071,5.530204,-12.179106,25.030764,-19.225370,-43.109684,8.303618,-0.989493,14.427075,39.970793,3.995954,8.648261,27.666690,22.611462,-35.257722,42.273071,-1.815463,-1.047417,9.014076,-92.620639,-42.735323,46.465762,77.301759,50.286662,-1.700432,-10.814667
229,14.746407,-14.842050,81.045894,-0.034316,-14.340365,161.498217,-10.226569,3.818648,-16.242682,9.489050,5.804707,-12.138406,25.110264,-18.912149,-42.900160,7.893252,-0.566850,14.427075,40.322178,3.399836,8.483898,27.165449,22.676088,-35.596858,43.064171,-1.812635,-0.903698,8.744556,-92.843443,-42.590181,48.322246,79.604565,50.777773,-1.191864,-9.975909
230,14.799247,-14.861108,81.050259,-0.252408,-14.426937,161.846647,-9.939983,3.888607,-16.495506,8.690030,6.079209,-12.097707,25.189765,-18.598928,-42.690636,7.482885,-0.144206,14.427075,40.673562,2.803719,8.319536,26.664209,22.740715,-35.935994,43.855272,-1.809807,-0.759979,8.475037,-93.066248,-42.445040,50.178729,81.907371,51.268884,-0.683296,-9.137151
231,14.854665,-14.877245,81.055279,-0.468434,-14.513446,162.194829,-9.653397,3.958565,-16.748331,7.891009,6.353712,-12.057007,25.269266,-18.285707,-42.481112,7.072519,0.278437,14.427075,41.024946,2.207602,8.155173,26.162968,22.805341,-36.275129,44.646373,-1.806979,-0.616260,8.205517,-93.289052,-42.299898,52.035212,84.210177,51.759994,-0.174729,-8.298393
232,14.912635,-14.890407,81.060581,-0.682376,-14.599903,162.542743,-9.366810,4.028524,-17.001155,7.091989,6.628214,-12.016307,25.348766,-17.972485,-42.271587,6.662152,0.701080,14.427075,41.376331,1.611485,7.990811,25.661728,22.869968,-36.614265,45.437474,-1.804151,-0.472542,7.935998,-93.511857,-42.154757,53.891696,86.512983,52.251105,0.333839,-7.459635
233,14.973129,-14.900545,81.066178,-0.894220,-14.686318,162.890371,-9.080224,4.098483,-17.253980,6.292968,6.902717,-11.975607,25.428267,-17.659264,-42.062063,6.251786,1.123723,14.427075,41.727715,1.015368,7.826448,25.160487,22.934594,-36.953401,46.228575,-1.801323,-0.328823,7.666478,-93.734661,-42.009615,55.748179,88.815789,52.742216,0.842407,-6.620877
234,14.943531,-14.862918,81.063796,-0.892411,-14.687272,162.835450,-9.062706,4.172990,-17.107722,6.296037,6.901855,-11.970606,25.415042,-17.667130,-42.018955,6.238219,1.133991,14.427075,41.657839,0.983235,7.733766,25.153346,23.028352,-37.034131,46.215809,-1.713083,-0.264897,7.567380,-93.714909,-41.759601,55.666354,88.750859,52.675588,0.873957,-6.628623
235,14.913826,-14.825294,81.061388,-0.890627,-14.688147,162.780535,-9.045187,4.247497,-16.961463,6.299106,6.900993,-11.965606,25.401817,-17.674996,-41.975846,6.224652,1.144259,14.427075,41.587964,0.951102,7.641084,25.146204,23.122109,-37.114860,46.203043,-1.624844,-0.200970,7.468281,-93.695157,-41.509587,55.584529,88.685929,52.608961,0.905506,-6.636368
236,14.884013,-14.787675,81.058955,-0.888870,-14.688945,162.725626,-9.027669,4.322005,-16.815204,6.302175,6.900131,-11.960605,25.388591,-17.682862,-41.932738,6.211085,1.154527,14.427075,41.518088,0.918969,7.548402,25.139062,23.215867,-37.195590,46.190277,-1.536604,-0.137044,7.369183,-93.675406,-41.259573,55.502703,88.620999,52.542333,0.937056,-6.644114
237,14.854092,-14.750061,81.056496,-0.887140,-14.689666,162.670725,-9.010151,4.396512,-16.668946,6.305244,6.899269,-11.955605,25.375366,-17.690728,-41.889630,6.197518,1.164795,14.427075,41.448213,0.886836,7.455719,25.131921,23.309624,-37.276320,46.177511,-1.448365,-0.073118,7.270085,-93.655654,-41.009559,55.420878,88.556069,52.475706,0.968605,-6.651859
238,14.824063,-14.712451,81.054011,-0.885437,-14.690310,162.615830,-8.992632,4.471019,-16.522687,6.308313,6.898406,-11.950604,25.362141,-17.698594,-41.846521,6.183951,1.175063,14.427075,41.378337,0.854702,7.363037,25.124780,23.403382,-37.357050,46.164745,-1.360125,-0.009192,7.170986,-93.635902,-40.759545,55.339053,88.491138,52.409078,1.000155,-6.659605
239,14.793927,-14.674845,81.051501,-0.883760,-14.690876,162.560942,-8.975114,4.545526,-16.376429,6.311382,6.897544,-11.945603,25.348915,-17.706460,-41.803413,6.170384,1.185331,14.427075,41.308461,0.822569,7.270355,25.117638,23.497140,-37.437779,46.151979,-1.271886,0.054735,7.071888,-93.616150,-40.509531,55.257228,88.426208,52.342450,1.031705,-6.667350
240,14.763683,-14.637244,81.048964,-0.882111,-14.691365,162.506062,-8.957596,4.620034,-16.230171,6.314451,6.896682,-11.940603,25.335690,-17.714326,-41.760305,6.156817,1.195599,14.427075,41.238586,0.790436,7.177673,25.110496,23.590897,-37.518509,46.139213,-1.183646,0.118661,6.972790,-93.596399,-40.259517,55.175403,88.361278,52.275823,1.063254,-6.675096
241,14.733331,-14.599647,81.046400,-0.880490,-14.691777,162.451188,-8.940077,4.694541,-16.083912,6.317520,6.895820,-11.935602,25.322465,-17.722192,-41.717196,6.143250,1.205867,14.427075,41.168710,0.758303,7.084991,25.103355,23.684655,-37.599239,46.126447,-1.095407,0.182587,6.873691,-93.576647,-40.009503,55.093578,88.296348,52.209195,1.094804,-6.682841
242,14.702872,-14.562055,81.043811,-0.878897,-14.692112,162.396321,-8.922559,4.769048,-15.937653,6.320589,6.894958,-11.930602,25.309239,-17.730058,-41.674088,6.129684,1.216134,14.427075,41.098835,0.726170,6.992309,25.096214,23.778413,-37.679969,46.113681,-1.007167,0.246513,6.774593,-93.556895,-39.759489,55.011752,88.231418,52.142567,1.126354,-6.690587
243,14.672305,-14.524468,81.041196,-0.877332,-14.692370,162.341461,-8.905041,4.843555,-15.791395,6.323657,6.894096,-11.925601,25.296014,-17.737925,-41.630980,6.116117,1.226402,14.427075,41.028959,0.694037,6.899626,25.089072,23.872170,-37.760698,46.100914,-0.918927,0.310440,6.675495,-93.537143,-39.509475,54.929927,88.166488,52.075940,1.157903,-6.698333
244,14.641630,-14.486885,81.038555,-0.875795,-14.692551,162.286609,-8.887522,4.918062,-15.645137,6.326726,6.893234,-11.920600,25.282789,-17.745791,-41.587871,6.102550,1.236670,14.427075,40.959083,0.661904,6.806944,25.081930,23.965928,-37.841428,46.088148,-0.830688,0.374366,6.576396,-93.517391,-39.259461,54.848102,88.101558,52.009312,1.189453,-6.706078
245,14.610847,-14.449307,81.035887,-0.874287,-14.692656,162.231764,-8.870004,4.992570,-15.498878,6.329795,6.892372,-11.915600,25.269563,-17.753657,-41.544763,6.088983,1.246938,14.427075,40.889208,0.629771,6.714262,25.074789,24.059685,-37.922158,46.075382,-0.742448,0.438292,6.477298,-93.497640,-39.009447,54.766277,88.036628,51.942685,1.221002,-6.713824
246,14.579956,-14.411734,81.033193,-0.872808,-14.692684,162.176926,-8.852485,5.067077,-15.352620,6.332864,6.891510,-11.910599,25.256338,-17.761523,-41.501655,6.075416,1.257206,14.427075,40.819332,0.597638,6.621580,25.067647,24.153443,-38.002887,46.062616,-0.654209,0.502219,6.378200,-93.477888,-38.759433,54.684452,87.971698,51.876057,1.252552,-6.721569
247,14.548958,-14.374165,81.030472,-0.871358,-14.692636,162.122095,-8.834967,5.141584,-15.206361,6.335933,6.890647,-11.905598,25.243113,-17.769389,-41.458546,6.061849,1.267474,14.427075,40.749456,0.565504,6.528898,25.060506,24.247201,-38.083617,46.049850,-0.565969,0.566145,6.279101,-93.458136,-38.509419,54.602627,87.906767,51.809429,1.284102,-6.729315
248,14.517851,-14.336602,81.027724,-0.869937,-14.692511,162.067272,-8.817448,5.216091,-15.060103,6.339002,6.889785,-11.900598,25.229887,-17.777255,-41.415438,6.048282,1.277742,14.427075,40.679581,0.533371,6.436216,25.053365,24.340958,-38.164347,46.037084,-0.477730,0.630071,6.180003,-93.438384,-38.259405,54.520801,87.841837,51.742802,1.315651,-6.737060
249,14.486637,-14.299043,81.024951,-0.868547,-14.692310,162.012457,-8.799930,5.290599,-14.913844,6.342071,6.888923,-11.895597,25.216662,-17.785121,-41.372330,6.034715,1.288010,14.427075,40.609705,0.501238,6.343533,25.046223,24.434716,-38.245077,46.024318,-0.389490,0.693997,6.080905,-93.418633,-38.009391,54.438976,87.776907,51.676174,1.347201,-6.744806
250,14.455315,-14.261489,81.022150,-0.867186,-14.692033,161.957649,-8.782411,5.365106,-14.767586,6.345140,6.888061,-11.890597,25.203437,-17.792987,-41.329221,6.021148,1.298278,14.427075,40.539830,0.469105,6.250851,25.039081,24.528473,-38.325806,46.011552,-0.301251,0.757924,5.981806,-93.398881,-37.759377,54.357151,87.711977,51.609547,1.378750,-6.752551
251,14.423886,-14.223940,81.019322,-0.865855,-14.691680,161.902849,-8.764893,5.439613,-14.621327,6.348209,6.887199,-11.885596,25.190211,-17.800853,-41.286113,6.007581,1.308546,14.427075,40.469954,0.436972,6.158169,25.031940,24.622231,-38.406536,45.998786,-0.213011,0.821850,5.882708,-93.379129,-37.509363,54.275326,87.647047,51.542919,1.410300,-6.760297
252,14.397550,-14.189910,81.020664,-0.873344,-14.701560,161.942224,-8.748528,5.453532,-14.609665,6.343764,6.880193,-11.892010,25.202126,-17.774447,-41.286886,6.006675,1.292769,14.427075,40.430689,0.422715,6.122984,25.034372,24.674689,-38.370834,46.021077,-0.246005,0.795000,5.831613,-93.342134,-37.406128,54.298832,87.677255,51.516808,1.433857,-6.746137
253,14.371214,-14.155880,81.021995,-0.880841,-14.711435,161.981603,-8.732163,5.467450,-14.598002,6.339318,6.873187,-11.898424,25.214041,-17.748041,-41.287660,6.005768,1.276991,14.427075,40.391424,0.408458,6.087798,25.036804,24.727146,-38.335133,46.043368,-0.279000,0.768150,5.780518,-93.305139,-37.302893,54.322337,87.707462,51.490697,1.457414,-6.731978
254,14.344878,-14.121850,81.023313,-0.888346,-14.721305,162.020984,-8.715798,5.481369,-14.586340,6.334873,6.866181,-11.904838,25.225956,-17.721634,-41.288433,6.004862,1.261214,14.427075,40.352159,0.394202,6.052613,25.039235,24.779604,-38.299431,46.065660,-0.311994,0.741300,5.729424,-93.268143,-37.199658,54.345843,87.737670,51.464586,1.480971,-6.717818
255,14.318542,-14.087820,81.024620,-0.895857,-14.731170,162.060369,-8.699432,5.495288,-14.574678,6.330428,6.859175,-11.911252,25.237871,-17.695228,-41.289206,6.003955,1.245436,14.427075,40.312894,0.379945,6.017427,25.041667,24.832061,-38.263729,46.087951,-0.344988,0.714450,5.678329,-93.231148,-37.096423,54.369349,87.767878,51.438475,1.504528,-6.703659
256,14.292206,-14.053790,81.025915,-0.903376,-14.741030,162.099757,-8.683067,5.509206,-14.563016,6.325982,6.852170,-11.917666,25.249786,-17.668822,-41.289979,6.003049,1.229659,14.427075,40.273630,0.365688,5.982242,25.044099,24.884519,-38.228028,46.110242,-0.377982,0.687601,5.627234,-93.194153,-36.993187,54.392854,87.798085,51.412364,1.528086,-6.689499
257,14.265870,-14.019760,81.027199,-0.910903,-14.750885,162.139148,-8.666702,5.523125,-14.551353,6.321537,6.845164,-11.924080,25.261701,-17.642416,-41.290753,6.002143,1.213882,14.427075,40.234365,0.351431,5.947056,25.046531,24.936976,-38.192326,46.132533,-0.410977,0.660751,5.576139,-93.157158,-36.889952,54.416360,87.828293,51.386253,1.551643,-6.675339
258,14.239534,-13.985730,81.028471,-0.918436,-14.760735,162.178542,-8.650336,5.537044,-14.539691,6.317092,6.838158,-11.930494,25.273615,-17.616009,-41.291526,6.001236,1.198104,14.427075,40.195100,0.337174,5.911871,25.048962,24.989434,-38.156624,46.154824,-0.443971,0.633901,5.525045,-93.120162,-36.786717,54.439866,87.858501,51.360142,1.575200,-6.661180
259,14.213198,-13.951700,81.029731,-0.925977,-14.770580,162.217939,-8.633971,5.550962,-14.528029,6.312646,6.831152,-11.936908,25.285530,-17.589603,-41.292299,6.000330,1.182327,14.427075,40.155835,0.322917,5.876685,25.051394,25.041891,-38.120923,46.177115,-0.476965,0.607051,5.473950,-93.083167,-36.683482,54.463371,87.888708,51.334031,1.598757,-6.647020
260,14.186862,-13.917670,81.030980,-0.933526,-14.780420,162.257339,-8.617605,5.564881,-14.516367,6.308201,6.824146,-11.943323,25.297446,-17.563197,-41.293073,5.999423,1.166550,14.427075,40.116570,0.308661,5.841500,25.053826,25.094349,-38.085221,46.199407,-0.509960,0.580201,5.422855,-93.046172,-36.580247,54.486877,87.918916,51.307920,1.622314,-6.632860
261,14.160526,-13.883640,81.032217,-0.941081,-14.790255,162.296743,-8.601240,5.578800,-14.504704,6.303756,6.817140,-11.949737,25.309360,-17.536791,-41.293846,5.998517,1.150772,14.427075,40.077305,0.294404,5.806315,25.056258,25.146807,-38.049519,46.221698,-0.542954,0.553351,5.371760,-93.009177,-36.477012,54.510383,87.949124,51.281810,1.645871,-6.618701
262,14.134190,-13.849610,81.033443,-0.948644,-14.800085,162.336149,-8.584875,5.592718,-14.493042,6.299310,6.810134,-11.956151,25.321275,-17.510385,-41.294619,5.997611,1.134995,14.427075,40.038040,0.280147,5.771129,25.058690,25.199264,-38.013818,46.243989,-0.575948,0.526501,5.320665,-92.972182,-36.373777,54.533888,87.979331,51.255699,1.669428,-6.604541
263,14.107854,-13.815580,81.034656,-0.956215,-14.809910,162.375559,-8.568509,5.606637,-14.481380,6.294865,6.803128,-11.962565,25.333190,-17.483978,-41.295392,5.996704,1.119217,14.427075,39.998775,0.265890,5.735944,25.061121,25.251722,-37.978116,46.266280,-0.608942,0.499651,5.269571,-92.935186,-36.270542,54.557394,88.009539,51.229588,1.692985,-6.590382
264,14.081518,-13.781550,81.035859,-0.963793,-14.819730,162.414972,-8.552144,5.620556,-14.469717,6.290420,6.796122,-11.968979,25.345105,-17.457572,-41.296166,5.995798,1.103440,14.427075,39.959510,0.251633,5.700758,25.063553,25.304179,-37.942414,46.288571,-0.641937,0.472801,5.218476,-92.898191,-36.167307,54.580900,88.039747,51.203477,1.716542,-6.576222
265,14.055182,-13.747520,81.037049,-0.971378,-14.829545,162.454388,-8.535779,5.634474,-14.458055,6.285974,6.789117,-11.975393,25.357020,-17.431166,-41.296939,5.994892,1.087663,14.427075,39.920246,0.237376,5.665573,25.065985,25.356637,-37.906713,46.310862,-0.674931,0.445952,5.167381,-92.861196,-36.064071,54.604405,88.069954,51.177366,1.740100,-6.562062
266,14.028846,-13.713490,81.038228,-0.978970,-14.839355,162.493807,-8.519414,5.648393,-14.446393,6.281529,6.782111,-11.981807,25.368935,-17.404760,-41.297712,5.993985,1.071885,14.427075,39.880981,0.223120,5.630387,25.068417,25.409094,-37.871011,46.333154,-0.707925,0.419102,5.116286,-92.824201,-35.960836,54.627911,88.100162,51.151255,1.763657,-6.547903
267,14.002510,-13.679460,81.039395,-0.986570,-14.849159,162.533229,-8.503049,5.662312,-14.434731,6.277084,6.775105,-11.988221,25.380850,-17.378353,-41.298485,5.993079,1.056108,14.427075,39.841716,0.208863,5.595202,25.070848,25.461552,-37.835309,46.355445,-0.740919,0.392252,5.065192,-92.787205,-35.857601,54.651417,88.130370,51.125144,1.787214,-6.533743
268,13.976174,-13.645430,81.040551,-0.994177,-14.858959,162.572654,-8.486683,5.676230,-14.423068,6.272638,6.768099,-11.994635,25.392764,-17.351947,-41.299259,5.992172,1.040330,14.427075,39.802451,0.194606,5.560016,25.073280,25.514009,-37.799608,46.377736,-0.773914,0.365402,5.014097,-92.750210,-35.754366,54.674922,88.160577,51.099033,1.810771,-6.519584
269,13.949838,-13.611400,81.041695,-1.001791,-14.868754,162.612083,-8.470318,5.690149,-14.411406,6.268193,6.761093,-12.001049,25.404679,-17.325541,-41.300032,5.991266,1.024553,14.427075,39.763186,0.180349,5.524831,25.075712,25.566467,-37.763906,46.400027,-0.806908,0.338552,4.963002,-92.713215,-35.651131,54.698428,88.190785,51.072922,1.834328,-6.505424
270,13.943135,-13.579156,81.050941,-0.999071,-14.861635,162.639909,-8.465741,5.712936,-14.358315,6.262717,6.761209,-12.023675,25.398574,-17.301541,-41.295101,5.985395,1.024815,14.427075,39.753639,0.173939,5.497014,25.117952,25.594965,-37.683315,46.400652,-0.859310,0.321406,4.981177,-92.725659,-35.615853,54.751248,88.165193,51.085650,1.859150,-6.515660
271,13.937230,-13.546940,81.060282,-0.996185,-14.855088,162.667692,-8.461163,5.735723,-14.305224,6.257242,6.761325,-12.046300,25.392469,-17.277542,-41.290170,5.979524,1.025077,14.427075,39.744092,0.167530,5.469197,25.160191,25.623462,-37.602723,46.401278,-0.911712,0.304260,4.999351,-92.738103,-35.580576,54.804068,88.139601,51.098379,1.883971,-6.525896
272,13.930852,-13.514707,81.069550,-0.993392,-14.848204,162.695500,-8.456586,5.758510,-14.252134,6.251766,6.761441,-12.068926,25.386364,-17.253542,-41.285239,5.973653,1.025339,14.427075,39.734546,0.161120,5.441381,25.202431,25.651960,-37.522132,46.401903,-0.964114,0.287114,5.017526,-92.750547,-35.545298,54.856888,88.114010,51.111107,1.908793,-6.536132
273,13.924424,-13.482471,81.078802,-0.990606,-14.841285,162.723310,-8.452009,5.781297,-14.199043,6.246290,6.761557,-11.518593,25.380258,-17.229543,-41.280307,5.967782,1.025600,14.427075,39.724999,0.154710,5.413564,25.244670,25.680458,-37.441541,46.402529,-1.016517,0.269968,5.035701,-92.762991,-35.510020,54.909708,88.088418,51.123835,1.933614,-6.546368
274,13.917947,-13.450234,81.088036,-0.987825,-14.834332,162.751121,-8.447432,5.804084,-14.145952,6.240815,6.761673,-11.541219,25.374153,-17.205543,-41.275376,5.961911,1.025862,14.427075,39.715452,0.148301,5.385747,25.286910,25.708956,-37.360949,46.403154,-1.068919,0.252823,5.053876,-92.775436,-35.474742,54.962528,88.062826,51.136563,1.958436,-6.556604
275,13.911419,-13.417994,81.097254,-0.985052,-14.827344,162.778935,-8.442855,5.826871,-14.092861,6.235339,6.761789,-11.563844,25.368048,-17.181544,-41.270445,5.956040,1.026124,14.427075,39.705905,0.141891,5.357930,25.329150,25.737453,-37.280358,46.403779,-1.121321,0.235677,5.072050,-92.787880,-35.439465,55.015348,88.037234,51.149292,1.983257,-6.566840
276,13.904842,-13.385752,81.106456,-0.982285,-14.820322,162.806751,-8.438277,5.849658,-14.039771,6.229863,6.761905,-11.586470,25.361943,-17.157544,-41.265514,5.950169,1.026386,14.427075,39.696359,0.135481,5.330114,25.371389,25.765951,-37.199767,46.404405,-1.173723,0.218531,5.090225,-92.800324,-35.404187,55.068168,88.011642,51.162020,2.008079,-6.577076
277,13.898215,-13.353509,81.115639,-0.979525,-14.813265,162.834569,-8.433700,5.872445,-13.986680,6.224388,6.762021,-11.609095,25.355837,-17.133545,-41.260583,5.944298,1.026648,14.427075,39.686812,0.129072,5.302297,25.413629,25.794449,-37.119175,46.405030,-1.226125,0.201385,5.108400,-92.812768,-35.368909,55.120988,87.986050,51.174748,2.032900,-6.587312
278,13.891538,-13.321264,81.124807,-0.976771,-14.806174,162.862388,-8.429123,5.895232,-13.933589,6.218912,6.762137,-11.631721,25.349732,-17.109545,-41.255652,5.938427,1.026909,14.427075,39.677265,0.122662,5.274480,25.455869,25.822947,-37.038584,46.405655,-1.278528,0.184239,5.126575,-92.825212,-35.333631,55.173808,87.960459,51.187477,2.057722,-6.597548
279,13.884811,-13.289018,81.133957,-0.974024,-14.799049,162.890210,-8.424546,5.918018,-13.880498,6.213436,6.762252,-11.654347,25.343627,-17.085545,-41.250720,5.932555,1.027171,14.427075,39.667718,0.116252,5.246663,25.498108,25.851444,-36.957993,46.406281,-1.330930,0.167093,5.144749,-92.837656,-35.298354,55.226629,87.934867,51.200205,2.082544,-6.607784
280,13.878034,-13.256771,81.143090,-0.971284,-14.791889,162.918034,-8.419968,5.940805,-13.827407,6.207961,6.762368,-11.676972,25.337521,-17.061546,-41.245789,5.926684,1.027433,14.427075,39.658171,0.109843,5.218846,25.540348,25.879942,-36.877401,46.406906,-1.383332,0.149947,5.162924,-92.850100,-35.263076,55.279449,87.909275,51.212933,2.107365,-6.618020
281,13.871207,-13.224522,81.152207,-0.968551,-14.784695,162.945860,-8.415391,5.963592,-13.774317,6.202485,6.762484,-11.699598,25.331416,-17.037546,-41.240858,5.920813,1.027695,14.427075,39.648625,0.103433,5.191030,25.582587,25.908440,-36.796810,46.407532,-1.435734,0.132801,5.181099,-92.862544,-35.227798,55.332269,87.883683,51.225661,2.132187,-6.628256
282,13.864331,-13.192272,81.131315,-0.965825,-14.777466,162.973688,-8.410814,5.986379,-13.721226,6.197009,6.762600,-11.722223,25.325311,-17.013547,-41.235927,5.914942,1.027957,13.854117,39.639078,0.097023,5.163213,25.624827,25.936937,-36.716219,46.408157,-1.488136,0.115655,5.199273,-92.874988,-35.192521,55.385089,87.858091,51.238390,2.157008,-6.638492
283,13.857404,-13.160022,81.138108,-0.963106,-14.770203,163.001519,-8.406237,6.009166,-13.668135,6.191534,6.762716,-11.744849,25.319206,-16.989547,-41.230996,5.909071,1.028219,13.854117,39.629531,0.090614,5.135396,25.667067,25.965435,-36.635627,46.408782,-1.540538,0.098510,5.217448,-92.887433,-35.157243,55.437909,87.832499,51.251118,2.181830,-6.648728
284,13.850427,-13.127770,81.144888,-0.960394,-14.762905,163.029351,-8.401660,6.031953,-13.615044,6.186058,6.762832,-11.767474,25.313100,-16.965548,-41.226065,5.903200,1.028480,13.854117,39.619984,0.084204,5.107579,25.709306,25.993933,-36.555036,46.409408,-1.592940,0.081364,5.235623,-92.899877,-35.121965,55.490729,87.806908,51.263846,2.206651,-6.658964
285,13.843400,-13.095519,81.151653,-0.957689,-14.755573,163.057185,-8.397082,6.054740,-13.561954,6.180582,6.762948,-11.790100,25.306995,-16.941548,-41.221133,5.897329,1.028742,13.854117,39.610438,0.077794,5.079763,25.751546,26.022431,-36.474445,46.410033,-1.645343,0.064218,5.253798,-92.912321,-35.086687,55.543549,87.781316,51.276574,2.231473,-6.669200
286,13.835898,-13.063257,81.160109,-0.955079,-14.747903,163.085044,-8.392505,6.077527,-13.508863,6.175107,6.763064,-11.812725,25.300890,-16.917549,-41.216202,5.891458,1.029004,13.854117,39.600891,0.071385,5.051946,25.793785,26.050928,-36.393853,46.410659,-1.697745,0.047072,5.271972,-92.924765,-35.051410,55.596369,87.755724,51.289303,2.256294,-6.679436
287,13.829196,-13.031013,81.169200,-0.952300,-14.740806,163.112861,-8.387928,6.100314,-13.455772,6.169631,6.763180,-11.835351,25.294784,-16.893549,-41.211271,5.885587,1.029266,13.854117,39.591344,0.064975,5.024129,25.836025,26.079426,-36.313262,46.411284,-1.750147,0.029926,5.290147,-92.937209,-35.016132,55.649189,87.730132,51.302031,2.281116,-6.689672
288,13.817294,-12.994217,81.170115,-0.930074,-14.741686,163.076639,-8.377229,6.124939,-13.390718,6.173353,6.771034,-11.842747,25.300002,-16.907460,-41.224662,5.890050,0.997498,13.854117,39.569545,0.083731,4.995745,26.004577,26.204048,-35.936510,45.069508,-1.739880,0.020325,5.406449,-92.918326,-34.910116,55.665472,87.648691,51.276292,2.308337,-6.734663
289,13.805391,-12.957421,81.171025,-0.907848,-14.742551,163.040417,-8.366531,6.149564,-13.325664,6.177075,6.778888,-11.850142,25.305220,-16.921371,-41.238053,5.894513,0.965729,13.854117,39.547746,0.102487,4.967360,26.173130,26.328670,-35.559759,43.727731,-1.729613,0.010724,5.522751,-92.899443,-34.804100,55.681755,87.567251,51.250554,2.335558,-6.779653
290,13.793489,-12.920625,81.171929,-0.885621,-14.743404,163.004194,-8.355833,6.174189,-13.260611,6.180797,6.786741,-11.857538,25.310437,-16.935282,-41.251444,5.898977,0.933961,13.854117,39.525947,0.121243,4.938976,26.341682,26.453292,-35.183007,42.385955,-1.719345,0.001123,5.639054,-92.880561,-34.698084,55.698038,87.485810,51.224815,2.362779,-6.824644
291,13.781587,-12.883829,81.172827,-0.863393,-14.744242,162.967971,-8.345135,6.198814,-13.195557,6.184519,6.794595,-11.864933,25.315655,-16.949193,-41.264835,5.903440,0.902192,13.854117,39.504148,0.139999,4.910591,26.510235,26.577913,-34.806256,41.044179,-1.709078,-0.008478,5.755356,-92.861678,-34.592067,55.714321,87.404369,51.199076,2.389999,-6.869635
292,13.769685,-12.847033,81.173718,-0.841164,-14.745067,162.931748,-8.334437,6.223440,-13.130503,6.188242,6.802449,-11.872329,25.320873,-16.963105,-41.278226,5.907903,0.870424,13.854117,39.482348,0.158756,4.882207,26.678787,26.702535,-34.429504,39.702402,-1.698811,-0.018078,5.871658,-92.842795,-34.486051,55.730605,87.322928,51.173337,2.417220,-6.914626
293,13.757783,-12.810236,81.174604,-0.818936,-14.745879,162.895523,-8.323738,6.248065,-13.065449,6.191964,6.810303,-11.879725,25.326090,-16.977016,-41.291617,5.912366,0.838656,13.854117,39.460549,0.177512,4.853822,26.847339,26.827157,-34.052753,38.360626,-1.688544,-0.027679,5.987960,-92.823912,-34.380035,55.746888,87.241488,51.147599,2.444441,-6.959616
294,13.745881,-12.773440,81.175483,-0.796706,-14.746677,162.859299,-8.313040,6.272690,-13.000395,6.195686,6.818156,-11.887120,25.331308,-16.990927,-41.305008,5.916829,0.806887,13.854117,39.438750,0.196268,4.825438,27.015892,26.951779,-33.676001,37.018850,-1.678276,-0.037280,6.104263,-92.805029,-34.274019,55.763171,87.160047,51.121860,2.471662,-7.004607
295,13.733979,-12.736644,81.176357,-0.774476,-14.747461,162.823074,-8.302342,6.297315,-12.935341,6.199408,6.826010,-11.894516,25.336526,-17.004838,-41.318399,5.921292,0.775119,13.854117,39.416951,0.215024,4.797053,27.184444,27.076401,-33.299250,35.677073,-1.668009,-0.046881,6.220565,-92.786146,-34.168003,55.779454,87.078606,51.096121,2.498883,-7.049598
296,13.722077,-12.699848,81.177225,-0.752245,-14.748231,162.786849,-8.291643,6.321940,-12.870287,6.203130,6.833864,-11.901911,25.341743,-17.018749,-41.331790,5.925756,0.743351,13.854117,39.395152,0.233780,4.768668,27.352996,27.201023,-32.922498,34.335297,-1.657742,-0.056482,6.336867,-92.767264,-34.061986,55.795737,86.997166,51.070383,2.526104,-7.094588
297,13.710175,-12.663052,81.178086,-0.730014,-14.748989,162.750623,-8.280946,6.346565,-12.805234,6.206852,6.841718,-11.909307,25.346961,-17.032660,-41.345181,5.930219,0.711582,13.854117,39.373353,0.252536,4.740284,27.521549,27.325644,-32.545746,32.993521,-1.647475,-0.066083,6.453169,-92.748381,-33.955970,55.812020,86.915725,51.044644,2.553324,-7.139579
298,13.698273,-12.626256,81.178942,-0.707782,-14.749732,162.714397,-8.270247,6.371190,-12.740180,6.210574,6.849572,-11.916703,25.352178,-17.046571,-41.358572,5.934682,0.679814,13.854117,39.351554,0.271292,4.711900,27.690101,27.450266,-32.168995,31.651744,-1.637208,-0.075684,6.569471,-92.729498,-33.849954,55.828303,86.834284,51.018905,2.580545,-7.184570
299,13.686371,-12.589459,81.179791,-0.685549,-14.750462,162.678170,-8.259549,6.395815,-12.675126,6.214296,6.857425,-11.924098,25.357396,-17.060482,-41.371963,5.939145,0.648045,13.854117,39.329755,0.290048,4.683515,27.858654,27.574888,-31.792243,30.309968,-1.626940,-0.085285,6.685774,-92.710615,-33.743938,55.844586,86.752843,50.993166,2.607766,-7.229561
300,13.674469,-12.552663,81.180635,-0.663316,-14.751178,162.641943,-8.248851,6.420440,-12.610072,6.218018,6.865279,-11.931494,25.362613,-17.074393,-41.385354,5.943608,0.616277,13.854117,39.307956,0.308804,4.655130,28.027206,27.699510,-31.415492,28.968192,-1.616673,-0.094886,6.802076,-92.691732,-33.637922,55.860869,86.671403,50.967428,2.634987,-7.274551
301,13.662567,-12.515867,81.181472,-0.641083,-14.751881,162.605715,-8.238152,6.445066,-12.545018,6.221741,6.873133,-11.938890,25.367832,-17.088305,-41.398745,5.948071,0.584509,13.854117,39.286156,0.327561,4.626746,28.195758,27.824132,-31.038740,27.626415,-1.606406,-0.104486,6.918378,-92.672849,-33.531906,55.877153,86.589962,50.941689,2.662208,-7.319542
302,13.650665,-12.479071,81.182303,-0.618849,-14.752570,162.569487,-8.227454,6.469691,-12.479965,6.225463,6.880987,-11.946285,25.373049,-17.102216,-41.412136,5.952534,0.552740,13.854117,39.264357,0.346317,4.598361,28.364311,27.948753,-30.661989,26.284639,-1.596139,-0.114087,7.034680,-92.653967,-33.425890,55.893436,86.508521,50.915950,2.689429,-7.364533
303,13.638763,-12.442275,81.183129,-0.596614,-14.753245,162.533259,-8.216756,6.494316,-12.414911,6.229185,6.888840,-11.953681,25.378267,-17.116127,-41.425527,5.956998,0.520972,13.854117,39.242558,0.365073,4.569977,28.532863,28.073375,-30.285237,24.942863,-1.585871,-0.123688,7.150983,-92.635084,-33.319873,55.909719,86.427080,50.890211,2.716649,-7.409524
304,13.626861,-12.405478,81.183948,-0.574379,-14.753907,162.497030,-8.206058,6.518941,-12.349857,6.232907,6.896694,-11.961076,25.383484,-17.130038,-41.438918,5.961461,0.489203,13.854117,39.220759,0.383829,4.541593,28.701416,28.197997,-29.908486,23.601086,-1.575604,-0.133289,7.267285,-92.616201,-33.213857,55.926002,86.345640,50.864473,2.743870,-7.454514
305,13.614959,-12.368682,81.184761,-0.552143,-14.754556,162.460801,-8.195359,6.543566,-12.284803,6.236629,6.904548,-11.968472,25.388702,-17.143949,-41.452309,5.965924,0.457435,13.854117,39.198960,0.402585,4.513208,28.869968,28.322619,-29.531734,22.259310,-1.565337,-0.142890,7.383587,-92.597318,-33.107841,55.942285,86.264199,50.838734,2.771091,-7.499505
306,13.633668,-12.355750,81.169788,-0.540746,-14.709108,162.127134,-8.169417,6.831927,-11.510967,6.244774,6.981165,-11.859972,25.283932,-17.269763,-41.319310,5.916807,0.590772,13.854117,38.722176,0.449918,4.555598,26.188329,28.307740,-28.027770,18.666356,-1.667042,0.154694,8.009120,-92.799085,-33.012085,55.649709,85.762222,50.747810,2.718881,-7.716919
307,13.651807,-12.342316,81.155606,-0.529367,-14.663091,161.793479,-8.143474,7.120288,-10.737130,6.252919,7.057782,-11.178515,25.179163,-17.395578,-41.186312,5.867691,0.724110,13.854117,38.245391,0.497250,4.597988,23.506691,28.292862,-26.523806,15.073402,-1.768748,0.452278,8.634653,-93.000853,-32.916329,55.357133,85.260245,50.656886,2.666670,-7.934332
308,13.669377,-12.328368,81.175793,-0.518008,-14.616499,161.459838,-8.117531,7.408649,-9.963294,6.261064,7.134398,-11.070015,25.074394,-17.521393,-41.053313,5.818574,0.857447,14.427075,37.768607,0.544583,4.640378,20.825052,28.277983,-25.019841,11.480447,-1.870453,0.749862,9.260185,-93.202620,-32.820573,55.064557,84.758268,50.565962,2.614460,-8.151746
309,13.686379,-12.313894,81.159360,-0.506669,-14.569328,161.126209,-8.091588,7.697010,-9.189457,6.269209,7.211015,-10.961515,24.969624,-17.647207,-40.920314,5.769457,0.990784,14.427075,37.291822,0.591915,4.682767,18.143413,28.263104,-23.515877,7.887493,-1.972158,1.047446,9.885718,-93.404387,-32.724817,54.771980,84.256291,50.475038,2.562250,-8.369159
310,13.702815,-12.298880,81.142418,-0.495352,-14.521573,160.792595,-8.065645,7.985371,-8.415621,6.277355,7.287632,-10.853016,24.864854,-17.773021,-40.787315,5.720340,1.124121,14.427075,36.815038,0.639248,4.725157,15.461775,28.248225,-22.011913,4.294539,-2.073863,1.345030,10.511251,-93.606155,-32.629061,54.479404,83.754314,50.384114,2.510040,-8.586573
311,13.718684,-12.283316,81.124967,-0.484057,-14.473230,160.458994,-8.039703,8.273732,-7.641784,6.285500,7.364249,-10.744516,24.760085,-17.898836,-40.654317,5.671224,1.257459,14.427075,36.338254,0.686580,4.767547,12.780136,28.233347,-20.507949,0.701585,-2.175569,1.642614,11.136784,-93.807922,-32.533305,54.186828,83.252337,50.293190,2.457829,-8.803986
312,13.733989,-12.267189,81.107010,-0.472786,-14.424295,160.125409,-8.013760,8.562093,-6.867947,6.293645,7.440865,-10.636016,24.655316,-18.024650,-40.521318,5.622107,1.390796,14.427075,35.861469,0.733913,4.809937,10.098497,28.218468,-19.003984,-2.891369,-2.277274,1.940198,11.762316,-94.009689,-32.437549,53.894252,82.750360,50.202266,2.405619,-9.021400
313,13.748729,-12.250487,81.088546,-0.461539,-14.374761,159.791838,-7.987817,8.850454,-6.094111,6.301790,7.517482,-10.527517,24.550546,-18.150465,-40.388319,5.572990,1.524133,14.427075,35.384685,0.781245,4.852327,7.416859,28.203589,-17.500020,-6.484323,-2.378979,2.237782,12.387849,-94.211457,-32.341793,53.601676,82.248383,50.111342,2.353409,-9.238813
314,13.762906,-12.233199,81.069578,-0.450319,-14.324624,159.458284,-7.961874,9.138815,-5.320275,6.309935,7.594099,-10.419017,24.445777,-18.276280,-40.255320,5.523873,1.657471,14.427075,34.907900,0.828578,4.894716,4.735220,28.188710,-15.996056,-10.077278,-2.480684,2.535366,13.013382,-94.413224,-32.246037,53.309100,81.746406,50.020419,2.301199,-9.456227
315,13.776519,-12.215312,81.055517,-0.439128,-14.273879,159.124746,-7.935932,9.427176,-4.546438,6.318080,7.670716,-10.310517,24.341008,-18.402094,-40.122322,5.474757,1.790808,14.427075,34.431116,0.875911,4.937106,2.053581,28.173832,-14.492092,-13.670232,-2.582390,2.832950,13.638915,-94.614991,-32.150280,53.016523,81.244429,49.929495,2.248988,-9.673641
316,13.789569,-12.196815,81.067669,-0.427967,-14.222519,158.791225,-7.909989,9.715537,-3.772601,6.326225,7.747333,-10.202018,24.236238,-18.527909,-39.989323,5.425640,1.924145,15.000033,33.954332,0.923243,4.979496,-0.628057,28.158953,-12.988128,-17.263186,-2.684095,3.130534,14.264448,-94.816759,-32.054524,52.723947,80.742452,49.838571,2.196778,-9.891054
317,13.802056,-12.177696,81.047277,-0.416838,-14.170541,158.457722,-7.884047,10.003898,-2.998765,6.334370,7.823949,-10.093518,24.131468,-18.653723,-39.856324,5.376523,2.057482,15.000033,33.477547,0.970576,5.021886,-3.309696,28.144074,-11.484163,-20.856140,-2.785800,3.428118,14.889980,-95.018526,-31.958768,52.431371,80.240475,49.747647,2.144568,-10.108468
318,13.813982,-12.157945,81.026384,-0.405744,-14.117938,158.124238,-7.858104,10.292259,-2.224929,6.342515,7.900566,-9.985018,24.026700,-18.779538,-39.723326,5.327407,2.190820,15.000033,33.000763,1.017908,5.064276,-5.991335,28.129196,-9.980199,-24.449094,-2.887506,3.725702,15.515513,-95.220293,-31.863012,52.138795,79.738498,49.656723,2.092357,-10.325881
319,13.825345,-12.137550,81.004990,-0.394687,-14.064704,157.790773,-7.832161,10.580620,-1.451092,6.350661,7.977183,-9.303561,23.921930,-18.905352,-39.590327,5.278290,2.324157,15.000033,32.523979,1.065241,5.106666,-8.672973,28.114317,-8.476235,-28.042048,-2.989211,4.023286,16.141046,-95.422061,-31.767256,51.846219,79.236521,49.565799,2.040147,-10.543295
320,13.836147,-12.116499,80.983095,-0.383671,-14.010833,157.457328,-7.806218,10.868981,-0.677255,6.358806,8.053800,-9.195061,23.817160,-19.031167,-39.457328,5.229173,2.457494,15.000033,32.047194,1.112573,5.149056,-11.354612,28.099438,-6.972271,-31.635003,-3.090916,4.320870,16.766579,-95.623828,-31.671500,51.553643,78.734544,49.474875,1.987937,-10.760708
321,13.846387,-12.094782,80.960699,-0.372697,-13.956321,157.123905,-7.780275,11.157342,0.096581,6.366951,8.130416,-9.086561,23.712391,-19.156981,-39.324329,5.180056,2.590831,15.000033,31.570410,1.159906,5.191445,-14.036251,28.084559,-5.468306,-35.227957,-3.192621,4.618454,17.392111,-95.825595,-31.575744,51.261066,78.232567,49.383951,1.935727,-10.978122
322,13.856067,-12.072388,80.943274,-0.361770,-13.901159,156.790505,-7.754333,11.445703,0.870418,6.375096,8.207033,-8.978062,23.607622,-19.282796,-39.191331,5.130940,2.724169,15.000035,31.093625,1.207238,5.233835,-16.717889,28.069681,-3.964342,-38.820911,-3.294327,4.916038,18.017644,-96.027363,-31.479988,50.968490,77.730590,49.293027,1.883516,-11.195535
323,13.865185,-12.049306,80.931111,-0.350892,-13.845344,156.457127,-7.728390,11.734064,1.644254,6.383241,8.283650,-8.869562,23.502852,-19.408610,-39.058332,5.081823,2.857506,15.000035,30.616841,1.254571,5.276225,-19.399528,28.054802,-2.460378,-42.413865,-3.396032,5.213622,18.643177,-96.229130,-31.384232,50.675914,77.228613,49.202103,1.831306,-11.412949
324,14.031464,-12.251730,80.899555,-0.398524,-13.687049,155.772278,-7.879966,12.018576,1.893128,6.738846,8.215282,-8.857016,23.237613,-19.542035,-39.012040,5.068341,3.003477,15.000035,30.006173,1.021226,6.026060,-25.657181,29.355967,-4.692559,-38.018921,-4.618746,5.387240,18.644335,-97.787447,-31.640332,50.023373,76.040867,49.051219,1.787604,-11.827983
325,14.198283,-12.449264,80.867865,-0.444445,-13.528544,155.086811,-8.031543,12.303087,2.142002,7.094450,8.146913,-8.844471,22.972373,-19.675460,-38.965748,5.054858,3.149447,15.000035,29.395506,0.787880,6.775895,-31.914835,30.657131,-6.924740,-33.623977,-5.841459,5.560859,18.645493,-99.345764,-31.896431,49.370833,74.853121,48.900336,1.743901,-12.243017
326,14.365765,-12.641928,80.836062,-0.488665,-13.369814,154.400747,-8.183120,12.587599,2.390876,7.450055,8.078545,-9.404883,22.707134,-19.808885,-38.919457,5.041376,3.295418,15.000035,28.784838,0.554535,7.525730,-38.172488,31.958296,-9.156921,-29.229033,-7.064173,5.734477,18.646651,-100.904081,-32.152531,48.718292,73.665375,48.749452,1.700199,-12.658051
327,14.534028,-12.829747,80.804163,-0.531192,-13.210844,153.714108,-8.334696,12.872111,2.639750,7.805660,8.010177,-9.392338,22.441895,-19.942309,-38.873165,5.027894,3.441389,15.000035,28.174170,0.321189,8.275564,-44.430142,33.259460,-11.389102,-24.834089,-8.286887,5.908096,18.647809,-102.462397,-32.408631,48.065752,72.477628,48.598569,1.656497,-13.073085
328,14.703193,-13.012746,80.772186,-0.572033,-13.051619,153.026914,-8.486273,13.156622,2.888625,8.161264,7.941808,-9.379792,22.176656,-20.075734,-38.826873,5.014411,3.587360,15.000035,27.563503,0.087844,9.025399,-50.687795,34.560625,-13.621283,-20.439144,-9.509600,6.081714,18.648967,-104.020714,-32.664731,47.413211,71.289882,48.447685,1.612794,-13.488119
329,14.873379,-13.190954,80.740152,-0.611198,-12.892123,152.339187,-8.637850,13.441134,3.137499,8.516869,7.873440,-9.367247,21.911416,-20.209159,-38.780581,5.000929,3.733330,15.000035,26.952835,-0.145502,9.775234,-56.945449,35.861789,-15.853464,-16.044200,-10.732314,6.255333,18.650125,-105.579031,-32.920830,46.760671,70.102136,48.296802,1.569092,-13.903153
330,15.044705,-13.364404,80.708077,-0.648695,-12.732342,151.650948,-8.789426,13.725645,3.386373,8.872474,7.805072,-9.354701,21.646177,-20.342584,-38.734289,4.987446,3.879301,15.000035,26.342167,-0.378847,10.525069,-63.203102,37.162954,-18.085645,-11.649256,-11.955027,6.428951,18.651283,-107.137348,-33.176930,46.108130,68.914390,48.145918,1.525389,-14.318187
331,15.217287,-13.533128,80.675980,-0.684532,-12.572261,150.962217,-8.941003,14.010157,3.635247,9.228078,7.736703,-9.342156,21.380938,-20.476009,-38.687998,4.973964,4.025272,15.000035,25.731500,-0.612193,11.274904,-69.460756,38.464118,-20.317826,-7.254312,-13.177741,6.602570,18.652441,-108.695665,-33.433030,45.455589,67.726644,47.995034,1.481687,-14.733221
332,15.391243,-13.697166,80.643877,-0.718719,-12.411864,150.273016,-9.092580,14.294669,3.884121,9.583683,7.668335,-9.329610,21.115699,-20.609434,-38.641706,4.960482,4.171243,15.000035,25.120832,-0.845538,12.024739,-75.718409,39.765283,-22.550007,-2.859368,-14.400455,6.776188,18.653599,-110.253982,-33.689130,44.803049,66.538898,47.844151,1.437985,-15.148255
333,15.566688,-13.856555,80.611786,-0.751265,-12.251136,149.583366,-9.244156,14.579180,4.132995,9.939288,7.599967,-9.317065,20.850459,-20.742858,-38.595414,4.946999,4.317213,15.000035,24.510164,-1.078884,12.774573,-81.976063,41.066447,-24.782189,1.535576,-15.623168,6.949807,18.654758,-111.812298,-33.945229,44.150508,65.351151,47.693267,1.394282,-15.563289
334,15.743737,-14.011339,80.579726,-0.782177,-12.090061,148.893288,-9.395733,14.863692,4.381869,10.294893,7.531599,-9.877477,20.585220,-20.876283,-38.549122,4.933517,4.463184,15.000035,23.899496,-1.312229,13.524408,-88.233716,42.367612,-27.014370,5.930520,-16.845882,7.123425,18.655916,-113.370615,-34.201329,43.497968,64.163405,47.542384,1.350580,-15.978323
335,15.922503,-14.161562,80.547711,-0.811466,-11.928624,148.202802,-9.547309,15.148204,4.630743,10.650497,7.463230,-9.864932,20.319980,-21.009708,-38.502831,4.920035,4.609155,15.000035,23.288829,-1.545575,14.274243,-94.491370,43.668776,-29.246551,10.325464,-18.068596,7.297044,18.657074,-114.928932,-34.457429,42.845427,62.975659,47.391500,1.306878,-16.393357
336,16.103098,-14.307272,80.515759,-0.839140,-11.766811,147.511930,-9.698886,15.432715,4.879617,11.006102,7.394862,-9.852386,20.054741,-21.143133,-38.456539,4.906552,4.755126,15.000035,22.678161,-1.778920,15.024078,-100.749023,44.969941,-31.478732,14.720408,-19.291309,7.470662,18.658232,-116.487249,-34.713529,42.192886,61.787913,47.240616,1.263175,-16.808391
337,16.285633,-14.448519,80.483886,-0.865209,-11.604605,146.820691,-9.850463,15.717227,5.128491,11.361707,7.326494,-9.839841,19.789502,-21.276558,-38.410247,4.893070,4.901096,15.000035,22.067493,-2.012266,15.773913,-107.006677,46.271105,-33.710913,19.115352,-20.514023,7.644281,18.659390,-118.045566,-34.969628,41.540346,60.600167,47.089733,1.219473,-17.223425
338,16.470219,-14.585355,80.452107,-0.889681,-11.441992,146.129108,-10.002040,16.001738,5.377366,11.717311,7.258125,-9.827295,19.524263,-21.409983,-38.363955,4.879587,5.047067,15.000035,21.456826,-2.245611,16.523748,-113.264330,47.572270,-35.943094,23.510297,-21.736736,7.817899,18.660548,-119.603883,-35.225728,40.887805,59.412421,46.938849,1.175770,-17.638459
339,16.656964,-14.717835,80.420439,-0.912566,-11.278955,145.437201,-10.153616,16.286250,5.626240,12.072916,7.189757,-9.814750,19.259023,-21.543407,-38.317663,4.866105,5.193038,15.000035,20.846158,-2.478957,17.273582,-119.521984,48.873434,-38.175275,27.905241,-22.959450,7.991518,18.661706,-121.162199,-35.481828,40.235265,58.224674,46.787966,1.132068,-18.053493
340,16.845975,-14.846017,80.388898,-0.933874,-11.115481,144.744991,-10.305193,16.570762,5.875114,12.428521,7.121389,-10.375162,18.993784,-21.676832,-38.271372,4.852623,5.339009,15.000035,20.235490,-2.712302,18.023417,-125.779637,50.174599,-40.407456,32.300185,-24.182164,8.165136,18.662864,-122.720516,-35.737928,39.582724,57.036928,46.637082,1.088366,-18.468527
341,17.037358,-14.969960,80.357498,-0.953614,-10.951552,144.052497,-10.456769,16.855273,6.123988,12.784125,7.053020,-10.362617,18.728544,-21.810257,-38.225080,4.839140,5.484979,15.000035,19.624823,-2.945648,18.773252,-132.037291,51.475763,-42.639637,36.695129,-25.404877,8.338755,18.664022,-124.278833,-35.994027,38.930184,55.849182,46.486199,1.044663,-18.883561
342,17.231217,-15.089727,80.326254,-0.971795,-10.787154,143.359742,-10.608346,17.139785,6.372862,13.139730,6.984652,-10.350071,18.463305,-21.943682,-38.178788,4.825658,5.630950,15.000035,19.014155,-3.178993,19.523087,-138.294944,52.776928,-44.871818,41.090073,-26.627591,8.512373,18.665180,-125.837150,-36.250127,38.277643,54.661436,46.335315,1.000961,-19.298595
343,17.174166,-15.405031,80.296606,-1.207274,-10.741864,142.820133,-10.648456,17.399040,6.572916,13.308530,6.760566,-10.356564,18.361407,-21.897838,-38.270553,4.817918,6.036089,15.000035,18.799700,-3.595004,19.782048,-138.809125,51.886872,-46.246188,42.759158,-27.188540,8.413182,18.342590,-126.506702,-35.514888,39.080787,56.027000,46.545854,1.005441,-19.066018
344,17.113111,-15.719007,80.265216,-1.443896,-10.695736,142.280444,-10.688564,17.658294,6.772970,13.477330,6.536479,-9.790099,18.259509,-21.851994,-38.362317,4.810179,6.441227,15.000035,18.585244,-4.011014,20.041009,-139.323307,50.996816,-47.620558,44.428244,-27.749489,8.313990,18.020001,-127.176255,-34.779649,39.883931,57.392563,46.756393,1.009922,-18.833442
345,17.048078,-16.031558,80.232074,-1.681657,-10.648773,141.740679,-10.728674,17.917549,6.973024,13.646130,6.312393,-9.796592,18.157611,-21.806150,-38.454082,4.802439,6.846366,15.000035,18.370789,-4.427025,20.299971,-139.837488,50.106760,-48.994928,46.097329,-28.310437,8.214799,17.697411,-127.845807,-34.044410,40.687075,58.758127,46.966932,1.014402,-18.600865
346,16.979098,-16.342585,80.197165,-1.920552,-10.600980,141.200844,-10.768784,18.176804,7.173078,13.814930,6.088307,-9.803085,18.055712,-21.760306,-38.545847,4.794700,7.251504,15.000035,18.156334,-4.843035,20.558932,-140.351670,49.216704,-50.369298,47.766414,-28.871386,8.115607,17.374822,-128.515359,-33.309171,41.490219,60.123691,47.177471,1.018882,-18.368288
347,16.906201,-16.651994,80.160479,-2.160577,-10.552361,140.660944,-10.808893,18.436058,7.373132,13.983730,5.864220,-9.809578,17.953815,-21.714462,-38.637611,4.786960,7.656643,15.000035,17.941878,-5.259046,20.817893,-140.865851,48.326647,-51.743668,49.435499,-29.432335,8.016416,17.052232,-129.184911,-32.573931,42.293363,61.489254,47.388010,1.023363,-18.135711
348,16.829421,-16.959690,80.122001,-2.401726,-10.502918,140.120985,-10.849002,18.695313,7.573186,14.152530,5.640134,-9.816071,17.851916,-21.668618,-38.729376,4.779220,8.061781,15.000035,17.727423,-5.675057,21.076854,-141.380032,47.436591,-53.118039,51.104585,-29.993284,7.917224,16.729642,-129.854464,-31.838692,43.096507,62.854818,47.598549,1.027843,-17.903135
349,16.748794,-17.265577,80.081722,-2.643995,-10.452658,139.580972,-10.889112,18.954568,7.773240,14.321330,5.416048,-9.249606,17.750017,-21.622774,-38.821141,4.771481,8.466920,15.000035,17.512968,-6.091067,21.335815,-141.894214,46.546535,-54.492409,52.773670,-30.554233,7.818033,16.407053,-130.524016,-31.103453,43.899651,64.220382,47.809088,1.032323,-17.670558
350,16.664357,-17.569563,80.039627,-2.887381,-10.401583,139.040911,-10.929221,19.213822,7.973294,14.490130,5.191961,-9.256099,17.648119,-21.576930,-38.912906,4.763741,8.872058,15.000035,17.298512,-6.507078,21.594777,-142.408395,45.656479,-55.866779,54.442755,-31.115181,7.718841,16.084463,-131.193568,-30.368214,44.702795,65.585945,48.019627,1.036804,-17.437981
351,16.576151,-17.871555,79.995706,-3.131877,-10.349697,138.500807,-10.969330,19.473077,8.173348,14.658930,4.967875,-9.262592,17.546221,-21.531086,-39.004670,4.756002,9.277197,15.000035,17.084057,-6.923088,21.853738,-142.922577,44.766423,-57.241149,56.111841,-31.676130,7.619650,15.761874,-131.863121,-29.632975,45.505939,66.951509,48.230166,1.041284,-17.205405
352,16.484218,-18.171462,79.949945,-3.377480,-10.297007,137.960668,-11.009440,19.732332,8.373403,14.827730,4.743788,-9.269085,17.444323,-21.485242,-39.096435,4.748262,9.682335,15.000035,16.869601,-7.339099,22.112699,-143.436758,43.876367,-58.615519,57.780926,-32.237079,7.520459,15.439284,-132.532673,-28.897736,46.309083,68.317072,48.440705,1.045764,-16.972828
353,16.388600,-18.469193,79.902333,-3.624186,-10.243516,137.420499,-11.049549,19.991586,8.573457,14.996529,4.519702,-8.702620,17.342424,-21.439398,-39.188200,4.740522,10.087474,15.000035,16.655146,-7.755110,22.371660,-143.950939,42.986311,-59.989889,59.450011,-32.798028,7.421267,15.116694,-133.202225,-28.162497,47.112227,69.682636,48.651244,1.050245,-16.740251
354,16.289346,-18.764659,79.852858,-3.871989,-10.189228,136.880307,-11.089658,20.250841,8.773511,15.165329,4.295616,-8.709113,17.240527,-21.393554,-39.279964,4.732783,10.492612,15.000035,16.440691,-8.171120,22.630621,-144.465121,42.096255,-61.364259,61.119097,-33.358977,7.322076,14.794105,-133.871778,-27.427258,47.915371,71.048200,48.861783,1.054725,-16.507675
355,16.186502,-19.057771,79.801506,-4.120885,-10.134150,136.340097,-11.129768,20.510095,8.973565,15.334129,4.071529,-8.715606,17.138629,-21.347710,-39.371729,4.725043,10.897751,15.000035,16.226235,-8.587131,22.889583,-144.979302,41.206199,-62.738629,62.788182,-33.919925,7.222884,14.471515,-134.541330,-26.692019,48.718515,72.413763,49.072322,1.059206,-16.275098
356,16.080119,-19.348444,79.748265,-4.370871,-10.078285,135.799878,-11.169877,20.769350,9.173619,15.502929,3.847443,-8.722099,17.036730,-21.301866,-39.463494,4.717304,11.302889,15.000035,16.011780,-9.003141,23.148544,-145.493484,40.316143,-64.112999,64.457267,-34.480874,7.123693,14.148926,-135.210882,-25.956780,49.521659,73.779327,49.282861,1.063686,-16.042521
357,15.970248,-19.636590,79.693125,-4.621941,-10.021639,135.259654,-11.209986,21.028605,9.373673,15.671729,3.623357,-8.155635,16.934832,-21.256022,-39.555259,4.709564,11.708028,15.000035,15.797325,-9.419152,23.407505,-146.007665,39.426086,-65.487369,66.126352,-35.041823,7.024501,13.826336,-135.880435,-25.221540,50.324803,75.144891,49.493400,1.068166,-15.809945
358,15.856944,-19.922126,79.636074,-4.874091,-9.964218,134.719434,-11.250096,21.287859,9.573727,15.840529,3.399270,-8.162128,16.832934,-21.210178,-39.647023,4.701824,12.113166,15.000035,15.582869,-9.835163,23.666466,-146.521846,38.536030,-66.861740,67.795438,-35.602772,6.925310,13.503746,-136.549987,-24.486301,51.127947,76.510454,49.703939,1.072647,-15.577368
359,15.740262,-20.204969,79.577098,-5.127317,-9.906025,134.179224,-11.290205,21.547114,9.773781,16.009329,3.175184,-8.168621,16.731036,-21.164334,-39.738788,4.694085,12.518305,15.000035,15.368414,-10.251173,23.925427,-147.036028,37.645974,-68.236110,69.464523,-36.163721,6.826118,13.181157,-137.219539,-23.751062,51.931091,77.876018,49.914478,1.077127,-15.344791
360,15.620260,-20.485037,79.516185,-5.381615,-9.847068,133.639031,-11.330315,21.806369,9.973835,16.178129,2.951098,-8.175114,16.629137,-21.118490,-39.830553,4.686345,12.923443,15.000035,15.153959,-10.667184,24.184389,-147.550209,36.755918,-69.610480,71.133608,-36.724669,6.726927,12.858567,-137.889091,-23.015823,52.734235,79.241582,50.125017,1.081607,-15.112214
361,15.496998,-20.762250,79.453325,-5.636980,-9.787351,133.098862,-11.370424,22.065623,10.173889,16.346929,2.727011,-8.181607,16.527239,-21.072646,-39.922317,4.678606,13.328582,15.000035,14.939503,-11.083194,24.443350,-148.064391,35.865862,-70.984850,72.802694,-37.285618,6.627735,12.535978,-138.558644,-22.280584,53.537379,80.607145,50.335556,1.086088,-14.879638
362,15.370537,-21.036529,79.388504,-5.893407,-9.726881,132.558725,-11.410533,22.324878,10.373943,16.515729,2.502925,-7.615142,16.425341,-21.026802,-40.014082,4.670866,13.733720,15.000035,14.725048,-11.499205,24.702311,-148.578572,34.975806,-72.359220,74.471779,-37.846567,6.528544,12.213388,-139.228196,-21.545345,54.340523,81.972709,50.546095,1.090568,-14.647061
363,15.325670,-21.012598,79.379159,-5.854448,-9.582348,132.260581,-11.501971,22.450021,10.475283,16.795098,2.324821,-7.617471,16.348254,-21.075473,-40.064467,4.663303,13.641140,15.000035,14.749883,-11.708516,24.767166,-148.578820,34.814653,-72.344074,74.572023,-37.795668,6.471580,12.195148,-139.469113,-21.484944,54.351579,82.100173,50.397639,1.135358,-14.647232
364,15.281818,-20.987877,79.369818,-5.815316,-9.437729,131.962482,-11.593409,22.575164,10.576624,17.074467,2.146718,-8.192759,16.271167,-21.124144,-40.114851,4.655740,13.548561,15.000035,14.774718,-11.917827,24.832021,-148.579068,34.653500,-72.328928,74.672267,-37.744769,6.414617,12.176909,-139.710030,-21.424543,54.362635,82.227637,50.249183,1.180148,-14.647402
365,15.238987,-20.962375,79.360480,-5.776010,-9.293022,131.664434,-11.684846,22.700307,10.677964,17.353837,1.968614,-8.195088,16.194080,-21.172815,-40.165236,4.648176,13.455981,15.000035,14.799553,-12.127138,24.896876,-148.579316,34.492347,-72.313782,74.772511,-37.693870,6.357653,12.158669,-139.950946,-21.364141,54.373691,82.355101,50.100727,1.224938,-14.647573
366,15.197185,-20.936104,79.351146,-5.736533,-9.148228,131.366438,-11.776284,22.825449,10.779305,17.633206,1.790511,-8.197417,16.116992,-21.221486,-40.215621,4.640613,13.363401,15.000035,14.824388,-12.336450,24.961730,-148.579564,34.331194,-72.298636,74.872755,-37.642970,6.300689,12.140430,-140.191863,-21.303740,54.384746,82.482565,49.952271,1.269728,-14.647744
367,15.156419,-20.909075,79.341814,-5.696882,-9.003344,131.068499,-11.867722,22.950592,10.880645,17.912575,1.612407,-8.199747,16.039906,-21.270157,-40.266005,4.633050,13.270822,15.000035,14.849223,-12.545761,25.026585,-148.579812,34.170041,-72.283490,74.973000,-37.592071,6.243726,12.122190,-140.432780,-21.243339,54.395802,82.610030,49.803815,1.314518,-14.647914
368,15.116698,-20.881299,79.332484,-5.657060,-8.858371,130.770620,-11.959159,23.075735,10.981986,18.191944,1.434304,-8.202076,15.962819,-21.318828,-40.316390,4.625487,13.178242,15.000035,14.874058,-12.755072,25.091440,-148.580059,34.008889,-72.268343,75.073244,-37.541172,6.186762,12.103950,-140.673697,-21.182938,54.406858,82.737494,49.655358,1.359309,-14.648085
369,15.078029,-20.852787,79.323157,-5.617065,-8.713306,130.472804,-12.050597,23.200878,11.083327,18.471313,1.256200,-8.204405,15.885732,-21.367499,-40.366775,4.617923,13.085662,15.000035,14.898893,-12.964383,25.156295,-148.580307,33.847736,-72.253197,75.173488,-37.490273,6.129798,12.085711,-140.914614,-21.122537,54.417914,82.864958,49.506902,1.404099,-14.648256
370,15.040418,-20.823549,79.313829,-5.576898,-8.568151,130.175055,-12.142035,23.326021,11.184667,18.750683,1.078097,-8.779692,15.808645,-21.416170,-40.417159,4.610360,12.993083,15.000035,14.923728,-13.173694,25.221150,-148.580555,33.686583,-72.238051,75.273732,-37.439374,6.072835,12.067471,-141.155530,-21.062135,54.428970,82.992422,49.358446,1.448889,-14.648426
371,15.003873,-20.793598,79.304503,-5.536561,-8.422902,129.877377,-12.233473,23.451164,11.286008,19.030052,0.899993,-8.782021,15.731557,-21.464841,-40.467544,4.602797,12.900503,15.000035,14.948563,-13.383005,25.286005,-148.580803,33.525430,-72.222905,75.373976,-37.388475,6.015871,12.049232,-141.396447,-21.001734,54.440026,83.119886,49.209990,1.493679,-14.648597
372,14.968400,-20.762944,79.295177,-5.496051,-8.277561,129.579772,-12.324910,23.576307,11.387348,19.309421,0.721890,-8.784351,15.654471,-21.513512,-40.517929,4.595233,12.807923,15.000035,14.973399,-13.592317,25.350860,-148.581051,33.364277,-72.207759,75.474220,-37.337575,5.958908,12.030992,-141.637364,-20.941333,54.451082,83.247350,49.061534,1.538469,-14.648768
373,14.934007,-20.731599,79.285850,-5.455371,-8.132125,129.282244,-12.416348,23.701449,11.488689,19.588790,0.543786,-8.786680,15.577384,-21.562182,-40.568313,4.587670,12.715344,15.000035,14.998234,-13.801628,25.415714,-148.581299,33.203124,-72.192613,75.574464,-37.286676,5.901944,12.012752,-141.878281,-20.880932,54.462137,83.374814,48.913078,1.583259,-14.648938
374,14.900700,-20.699575,79.276522,-5.414519,-7.986594,128.984797,-12.507786,23.826592,11.590029,19.868159,0.365683,-8.789009,15.500297,-21.610853,-40.618698,4.580107,12.622764,15.000035,15.023069,-14.010939,25.480569,-148.581547,33.041971,-72.177467,75.674708,-37.235777,5.844980,11.994513,-142.119198,-20.820531,54.473193,83.502278,48.764622,1.628049,-14.649109
375,14.868486,-20.666882,79.267192,-5.373497,-7.840968,128.687435,-12.599223,23.951735,11.691370,20.147529,0.187579,-8.791339,15.423210,-21.659524,-40.669082,4.572544,12.530185,15.000035,15.047904,-14.220250,25.545424,-148.581795,32.880818,-72.162321,75.774952,-37.184878,5.788017,11.976273,-142.360114,-20.760129,54.484249,83.629742,48.616166,1.672839,-14.649279
376,14.837370,-20.633534,79.257859,-5.332304,-7.695245,128.390160,-12.690661,24.076878,11.792710,20.426898,0.009476,-9.366626,15.346122,-21.708195,-40.719467,4.564980,12.437605,15.000035,15.072739,-14.429561,25.610279,-148.582043,32.719665,-72.147175,75.875196,-37.133979,5.731053,11.958034,-142.601031,-20.699728,54.495305,83.757206,48.467710,1.717629,-14.649450
377,14.807360,-20.599540,79.248524,-5.290941,-7.549424,128.092976,-12.782099,24.202021,11.894051,20.706267,-0.168628,-9.368955,15.269036,-21.756866,-40.769852,4.557417,12.345025,15.000035,15.097574,-14.638872,25.675134,-148.582290,32.558512,-72.132029,75.975440,-37.083080,5.674089,11.939794,-142.841948,-20.639327,54.506361,83.884671,48.319254,1.762419,-14.649621
378,14.778462,-20.564914,79.239184,-5.249407,-7.403506,127.795886,-12.873536,24.327164,11.995391,20.985636,-0.346731,-9.371285,15.191949,-21.805537,-40.820236,4.549854,12.252446,15.000035,15.122409,-14.848183,25.739989,-148.582538,32.397360,-72.116882,76.075685,-37.032181,5.617126,11.921554,-143.082865,-20.578926,54.517417,84.012135,48.170797,1.807210,-14.649791
379,14.750681,-20.529667,79.229840,-5.207704,-7.257488,127.498895,-12.964974,24.452306,12.096732,21.265005,-0.524835,-9.373614,15.114861,-21.854208,-40.870621,4.542291,12.159866,15.000035,15.147244,-15.057495,25.804843,-148.582786,32.236207,-72.101736,76.175929,-36.981281,5.560162,11.903315,-143.323782,-20.518525,54.528472,84.139599,48.022341,1.852000,-14.649962
380,14.724023,-20.493811,79.220493,-5.165830,-7.111371,127.202005,-13.056412,24.577449,12.198072,21.544375,-0.702938,-9.375943,15.037775,-21.902879,-40.921006,4.534727,12.067286,15.000035,15.172079,-15.266806,25.869698,-148.583034,32.075054,-72.086590,76.276173,-36.930382,5.503198,11.885075,-143.564698,-20.458123,54.539528,84.267063,47.873885,1.896790,-14.650133
381,14.698494,-20.457358,79.211138,-5.123787,-6.965153,126.905220,-13.147850,24.702592,12.299413,21.823744,-0.881042,-9.951231,14.960687,-21.951550,-40.971390,4.527164,11.974707,15.000035,15.196914,-15.476117,25.934553,-148.583282,31.913901,-72.071444,76.376417,-36.879483,5.446235,11.866836,-143.805615,-20.397722,54.550584,84.394527,47.725429,1.941580,-14.650303
382,14.674100,-20.420320,79.201778,-5.081574,-6.818834,126.608544,-13.239287,24.827735,12.400753,22.103113,-1.059145,-9.953560,14.883601,-22.000221,-41.021775,4.519601,11.882127,15.000035,15.221749,-15.685428,25.999408,-148.583530,31.752748,-72.056298,76.476661,-36.828584,5.389271,11.848596,-144.046532,-20.337321,54.561640,84.521991,47.576973,1.986370,-14.650474
383,14.549651,-20.704351,79.160311,-5.134959,-6.805302,126.201172,-13.384878,25.076356,12.570865,22.575871,-1.147376,-9.848179,14.780000,-22.157796,-41.221658,5.134834,11.453433,15.000035,15.163550,-15.552521,26.194878,-147.862351,32.154190,-71.866156,76.311465,-37.115449,5.228902,11.916214,-142.652796,-19.987270,53.456366,82.339897,46.539313,1.949603,-15.494403
384,14.426072,-20.985777,79.118740,-5.186719,-6.791090,125.793582,-13.530470,25.324977,12.740978,23.048630,-1.235607,-9.742798,14.676399,-22.315371,-41.421541,5.750067,11.024739,15.000035,15.105351,-15.419615,26.390348,-147.141172,32.555631,-71.676015,76.146270,-37.402314,5.068533,11.983832,-141.259060,-19.637218,52.351092,80.157803,45.501654,1.912836,-16.338331
385,14.303401,-21.264603,79.077070,-5.236850,-6.776181,125.385775,-13.676061,25.573598,12.911090,23.521388,-1.323838,-9.637416,14.572799,-22.472946,-41.621423,6.365299,10.596044,15.000035,15.047152,-15.286708,26.585818,-146.419994,32.957073,-71.485873,75.981074,-37.689179,4.908164,12.051449,-139.865324,-19.287167,51.245818,77.975709,44.463994,1.876069,-17.182260
386,14.181677,-21.540835,79.035309,-5.285351,-6.760557,124.977754,-13.821652,25.822219,13.081202,23.994147,-1.412069,-9.532035,14.469198,-22.630521,-41.821306,6.980532,10.167350,15.000035,14.988953,-15.153801,26.781288,-145.698815,33.358514,-71.295731,75.815879,-37.976045,4.747795,12.119067,-138.471588,-18.937115,50.140544,75.793615,43.426335,1.839303,-18.026189
387,14.060940,-21.814477,78.993461,-5.332220,-6.744202,124.569519,-13.967242,26.070841,13.251314,24.466905,-1.500300,-9.999612,14.365597,-22.788096,-42.021189,7.595765,9.738656,15.000035,14.930754,-15.020895,26.976758,-144.977636,33.759956,-71.105590,75.650683,-38.262910,4.587426,12.186685,-137.077853,-18.587064,49.035270,73.611521,42.388675,1.802536,-18.870117
388,13.941228,-22.085536,78.951532,-5.377453,-6.727098,124.161072,-14.112834,26.319462,13.421427,24.939664,-1.588530,-9.894230,14.261997,-22.945671,-42.221072,8.210997,9.309962,15.000035,14.872555,-14.887988,27.172228,-144.256457,34.161397,-70.915448,75.485487,-38.549775,4.427056,12.254303,-135.684117,-18.237012,47.929996,71.429428,41.351016,1.765769,-19.714046
389,13.822580,-22.354018,78.909522,-5.421050,-6.709227,123.752414,-14.258425,26.568083,13.591539,25.412422,-1.676761,-9.788849,14.158396,-23.103246,-42.420955,8.826230,8.881267,15.000035,14.814356,-14.755081,27.367698,-143.535278,34.562839,-70.725306,75.320292,-38.836640,4.266687,12.321920,-134.290381,-17.886961,46.824722,69.247334,40.313357,1.729002,-20.557975
390,13.705033,-22.619933,78.867434,-5.463010,-6.690572,123.343547,-14.404016,26.816704,13.761651,25.885181,-1.764992,-9.683468,14.054795,-23.260821,-42.620837,9.441463,8.452573,15.000035,14.756157,-14.622174,27.563168,-142.814100,34.964280,-70.535164,75.155096,-39.123505,4.106318,12.389538,-132.896645,-17.536909,45.719448,67.065240,39.275697,1.692235,-21.401903
391,13.588626,-22.883287,78.825270,-5.503330,-6.671115,122.934474,-14.549607,27.065325,13.931764,26.357939,-1.853223,-9.578087,13.951195,-23.418396,-42.820720,10.056696,8.023879,15.000035,14.697958,-14.489268,27.758638,-142.092921,35.365722,-70.345023,74.989901,-39.410370,3.945949,12.457156,-131.502909,-17.186858,44.614174,64.883146,38.238038,1.655468,-22.245832
392,13.473397,-23.144090,78.783025,-5.542011,-6.650839,122.525194,-14.695198,27.313946,14.101876,26.830697,-1.941454,-10.045663,13.847594,-23.575971,-43.020603,10.671929,7.595185,15.000035,14.639759,-14.356361,27.954107,-141.371742,35.767164,-70.154881,74.824705,-39.697235,3.785580,12.524774,-130.109173,-16.836807,43.508901,62.701052,37.200378,1.618702,-23.089761
393,13.359383,-23.402352,78.740703,-5.579051,-6.629727,122.115711,-14.840789,27.562567,14.271988,27.303456,-2.029685,-9.940282,13.743993,-23.733546,-43.220486,11.287161,7.166490,15.000035,14.581559,-14.223454,28.149577,-140.650563,36.168605,-69.964739,74.659509,-39.984101,3.625211,12.592391,-128.715437,-16.486755,42.403627,60.518958,36.162719,1.581935,-23.933689
394,13.246621,-23.658084,78.698297,-5.614451,-6.607761,121.706027,-14.986381,27.811188,14.442101,27.776214,-2.117916,-9.834901,13.640393,-23.891121,-43.420369,11.902394,6.737796,15.000035,14.523360,-14.090548,28.345047,-139.929384,36.570047,-69.774598,74.494314,-40.270966,3.464842,12.660009,-127.321701,-16.136704,41.298353,58.336864,35.125059,1.545168,-24.777618
395,13.135149,-23.911297,78.655805,-5.648210,-6.584923,121.296144,-15.131972,28.059809,14.612213,28.248973,-2.206147,-9.729520,13.536792,-24.048696,-43.620251,12.517627,6.309102,15.000035,14.465161,-13.957641,28.540517,-139.208206,36.971488,-69.584456,74.329118,-40.557831,3.304473,12.727627,-125.927965,-15.786652,40.193079,56.154770,34.087400,1.508401,-25.621546
396,13.025003,-24.162002,78.654486,-5.680329,-6.561196,120.886063,-15.277563,28.308430,14.782325,28.721731,-2.294378,-9.624138,13.433192,-24.206271,-43.820134,13.132860,5.880408,15.000035,14.406962,-13.824734,28.735987,-138.487027,37.372930,-69.394314,74.163923,-40.844696,3.144104,12.795245,-124.534229,-15.436601,39.087805,53.972676,33.049740,1.471634,-26.465475
397,12.916221,-24.410213,78.646853,-5.710809,-6.536562,120.475787,-15.423153,28.557052,14.952438,29.194490,-2.382609,-10.091714,13.329591,-24.363846,-44.020017,13.748092,5.451713,15.000035,14.348763,-13.691828,28.931457,-137.765848,37.774371,-69.204172,73.998727,-41.131561,2.983735,12.862862,-123.140494,-15.086549,37.982531,51.790583,32.012081,1.434867,-27.309404
398,12.808838,-24.655943,78.632063,-5.739649,-6.511004,120.065319,-15.568745,28.805673,15.122550,29.667248,-2.470839,-9.986333,13.225990,-24.521421,-44.219900,14.363325,5.023019,15.000035,14.290564,-13.558921,29.126927,-137.044669,38.175813,-69.014031,73.833531,-41.418426,2.823365,12.930480,-121.746758,-14.736498,36.877257,49.608489,30.974421,1.398100,-28.153332
399,12.702891,-24.899205,78.616941,-5.766852,-6.484505,119.654660,-15.714336,29.054294,15.292662,30.140007,-2.559070,-9.880952,13.122390,-24.678996,-44.419783,14.978558,4.594325,15.000035,14.232365,-13.426014,29.322397,-136.323490,38.577254,-68.823889,73.668336,-41.705292,2.662996,12.998098,-120.353022,-14.386446,35.771983,47.426395,29.936762,1.361334,-28.997261
400,12.598414,-25.140016,78.614122,-5.792419,-6.457048,119.243814,-15.859927,29.302915,15.462774,30.612765,-2.647301,-9.775571,13.018789,-24.836571,-44.619665,15.593791,4.165631,15.000035,14.174166,-13.293107,29.517867,-135.602312,38.978696,-68.633747,73.503140,-41.992157,2.502627,13.065715,-118.959286,-14.036395,34.666709,45.244301,28.899102,1.324567,-29.841190
401,12.495445,-25.378390,78.609842,-5.816352,-6.428614,118.832783,-16.005518,29.551536,15.632887,31.085524,-2.735532,-9.670189,12.915189,-24.994146,-44.819548,16.209023,3.736936,15.000035,14.115967,-13.160201,29.713337,-134.881133,39.380137,-68.443606,73.337945,-42.279022,2.342258,13.133333,-117.565550,-13.686343,33.561435,43.062207,27.861442,1.287800,-30.685118
402,12.394017,-25.614343,78.595778,-5.838652,-6.399187,118.421570,-16.151109,29.800157,15.802999,31.558282,-2.823763,-10.137766,12.811588,-25.151721,-45.019431,16.824256,3.308242,15.000035,14.057768,-13.027294,29.908807,-134.159954,39.781579,-68.253464,73.172749,-42.565887,2.181889,13.200951,-116.171814,-13.336292,32.456161,40.880113,26.823783,1.251033,-31.529047
403,12.288050,-25.368702,78.464846,-5.505125,-6.634685,117.939813,-15.758716,29.856178,16.237230,31.490795,-2.758889,-10.230392,12.740187,-25.579881,-44.684813,17.553254,2.637322,15.000035,13.368620,-12.470344,29.114153,-127.605953,40.242145,-65.216430,67.453098,-40.526980,2.122163,13.222280,-111.396461,-14.172707,33.486616,37.475919,25.296583,0.921315,-30.384064
404,12.180355,-25.126881,78.378878,-5.172056,-6.869126,117.456565,-15.366323,29.912199,16.671461,31.423308,-2.694016,-10.323018,12.668787,-26.008042,-44.350195,18.282252,1.966401,15.000035,12.679472,-11.913394,28.319500,-121.051952,40.702711,-62.179396,61.733448,-38.488073,2.062436,13.243608,-106.621108,-15.009122,34.517072,34.071725,23.769382,0.591597,-29.239081
405,12.070878,-24.888856,78.383360,-4.839440,-7.102511,116.971859,-14.973930,29.968220,17.105692,31.355822,-2.629142,-10.415643,12.597386,-26.436203,-44.015577,19.011250,1.295481,15.000035,11.990324,-11.356444,27.524846,-114.497950,41.163277,-59.142362,56.013797,-36.449167,2.002710,13.264937,-101.845756,-15.845537,35.547527,30.667532,22.242182,0.261879,-28.094097
406,11.959565,-24.654601,78.383050,-4.507272,-7.334844,116.485724,-14.581537,30.024241,17.539924,31.288335,-2.564269,-10.508269,12.525986,-26.864363,-43.680960,19.740247,0.624561,15.000035,11.301176,-10.799494,26.730192,-107.943949,41.623842,-56.105328,50.294146,-34.410260,1.942983,13.286265,-97.070403,-16.681952,36.577982,27.263338,20.714982,-0.067840,-26.949114
407,11.846363,-24.424089,78.377978,-4.175550,-7.566126,115.998192,-14.189144,30.080262,17.974155,31.220848,-2.499395,-10.600895,12.454585,-27.292523,-43.346342,20.469245,-0.046359,15.000035,10.612028,-10.242544,25.935539,-101.389948,42.084408,-53.068294,44.574496,-32.371353,1.883257,13.307594,-92.295050,-17.518367,37.608437,23.859144,19.187781,-0.397558,-25.804131
408,11.731218,-24.197298,78.368176,-3.844268,-7.796362,115.509293,-13.796751,30.136284,18.408386,31.153361,-2.434522,-10.693521,12.383184,-27.720684,-43.011724,21.198243,-0.717280,15.000035,9.922880,-9.685595,25.140885,-94.835947,42.544974,-50.031259,38.854845,-30.332446,1.823531,13.328923,-87.519697,-18.354782,38.638892,20.454951,17.660581,-0.727276,-24.659147
409,11.614092,-23.974174,78.353674,-3.513425,-8.025555,115.019058,-13.404357,30.192305,18.842617,31.085874,-2.369648,-10.786146,12.311783,-28.148844,-42.677106,21.927241,-1.388200,15.000035,9.233732,-9.128645,24.346231,-88.281946,43.005540,-46.994225,33.135194,-28.293539,1.763804,13.350251,-82.744344,-19.191197,39.669348,17.050757,16.133381,-1.056994,-23.514164
410,11.494923,-23.754707,78.334500,-3.183019,-8.253711,114.527517,-13.011965,30.248326,19.276848,31.018388,-2.304775,-10.878772,12.240383,-28.577005,-42.342488,22.656239,-2.059120,15.000035,8.544584,-8.571695,23.551578,-81.727944,43.466106,-43.957191,27.415544,-26.254633,1.704078,13.371580,-77.968992,-20.027612,40.699803,13.646563,14.606180,-1.386712,-22.369181
411,11.373659,-23.538869,78.310684,-2.853047,-8.480836,114.034700,-12.619571,30.304347,19.711079,30.950901,-2.239901,-10.971398,12.168982,-29.005166,-42.007870,23.385237,-2.730041,15.000035,7.855436,-8.014745,22.756924,-75.173943,43.926672,-40.920157,21.695893,-24.215726,1.644351,13.392908,-73.193639,-20.864027,41.730258,10.242369,13.078980,-1.716430,-21.224198
412,11.250251,-23.326630,78.282253,-2.523508,-8.706935,113.540639,-12.227178,30.360368,20.145311,30.883414,-2.175028,-11.064023,12.097582,-29.433326,-41.673253,24.114234,-3.400961,15.000035,7.166288,-7.457795,21.962270,-68.619942,44.387238,-37.883123,15.976243,-22.176819,1.584625,13.414237,-68.418286,-21.700442,42.760714,6.838176,11.551779,-2.046149,-20.079215
413,11.124648,-23.117960,78.249233,-2.194402,-8.932016,113.045362,-11.834785,30.416389,20.579542,30.815927,-2.110154,-11.156649,12.026181,-29.861487,-41.338635,24.843232,-4.071881,15.000035,6.477140,-6.900845,21.167617,-62.065941,44.847803,-34.846089,10.256592,-20.137912,1.524899,13.435566,-63.642933,-22.536856,43.791169,3.433982,10.024579,-2.375867,-18.934231
414,10.996801,-22.912828,78.211652,-1.865729,-9.156086,112.548901,-11.442392,30.472410,21.013773,30.748440,-2.045280,-11.822233,11.954781,-30.289647,-41.004017,25.572230,-4.742802,15.000035,5.787992,-6.343895,20.372963,-55.511940,45.308369,-31.809055,4.536941,-18.099005,1.465172,13.456894,-58.867580,-23.373271,44.821624,0.029788,8.497379,-2.705585,-17.789248
415,10.866660,-22.711201,78.169534,-1.537488,-9.379153,112.051285,-11.050000,30.528431,21.448004,30.680954,-1.980407,-11.914859,11.883380,-30.717807,-40.669399,26.301228,-5.413722,15.000035,5.098844,-5.786945,19.578310,-48.957938,45.768935,-28.772021,-1.182709,-16.060099,1.405446,13.478223,-54.092228,-24.209686,45.852079,-3.374406,6.970178,-3.035303,-16.644265
416,10.734179,-22.513046,78.122904,-1.209681,-9.601226,111.552545,-10.657606,30.584452,21.882235,30.613467,-1.915533,-12.007485,11.811979,-31.145968,-40.334781,27.030226,-6.084642,15.000035,4.409696,-5.229995,18.783656,-42.403937,46.229501,-25.734987,-6.902360,-14.021192,1.345719,13.499551,-49.316875,-25.046101,46.882535,-6.778600,5.442978,-3.365021,-15.499281
417,10.599309,-22.318329,78.071787,-0.882309,-9.822314,111.052710,-10.265213,30.640474,22.316466,30.545980,-1.850660,-12.100110,11.740579,-31.574129,-40.000163,27.759224,-6.755562,15.000035,3.720548,-4.673046,17.989002,-35.849936,46.690067,-22.697953,-12.622011,-11.982285,1.285993,13.520880,-44.541522,-25.882516,47.912990,-10.182793,3.915778,-3.694739,-14.354298
418,10.462005,-22.127016,78.016206,-0.555374,-10.042428,110.551810,-9.872820,30.696495,22.750697,30.478493,-1.785786,-12.192736,11.669178,-32.002289,-39.665545,28.488222,-7.426483,15.000035,3.031400,-4.116096,17.194349,-29.295935,47.150633,-19.660918,-18.341661,-9.943378,1.226267,13.542209,-39.766169,-26.718931,48.943445,-13.586987,2.388577,-4.024457,-13.209315
419,10.322219,-21.939070,77.956184,-0.228878,-10.261578,110.049876,-9.480427,30.752516,23.184929,30.411006,-1.720913,-12.285362,11.597777,-32.430450,-39.330928,29.217219,-8.097403,15.000035,2.342252,-3.559146,16.399695,-22.741934,47.611198,-16.623884,-24.061312,-7.904471,1.166540,13.563537,-34.990816,-27.555346,49.973900,-16.991181,0.861377,-4.354176,-12.064332
420,10.179907,-21.754455,77.891744,0.097176,-10.479775,109.546937,-9.088034,30.808537,23.619160,30.343520,-1.656039,-12.377987,11.526377,-32.858610,-38.996310,29.946217,-8.768323,15.000035,1.653104,-3.002196,15.605041,-16.187932,48.071764,-13.586850,-29.780963,-5.865565,1.106814,13.584866,-30.215464,-28.391761,51.004356,-20.395375,-0.665823,-4.683894,-10.919349
421,10.035023,-21.573134,77.822906,0.422785,-10.697032,109.043023,-8.695641,30.864558,24.053391,30.276033,-1.591166,-12.470613,11.454976,-33.286771,-38.661692,30.675215,-9.439244,15.000035,0.963956,-2.445246,14.810388,-9.633931,48.532330,-10.549816,-35.500613,-3.826658,1.047087,13.606194,-25.440111,-29.228176,52.034811,-23.799568,-2.193024,-5.013612,-9.774365
422,9.887526,-21.395066,77.749692,0.747945,-10.913360,108.538165,-8.303248,30.920579,24.487622,30.208546,-1.526292,-12.563239,11.383575,-33.714931,-38.327074,31.404213,-10.110164,15.000035,0.274808,-1.888296,14.015734,-3.079930,48.992896,-7.512782,-41.220264,-1.787751,0.987361,13.627523,-20.664758,-30.064591,53.065266,-27.203762,-3.720224,-5.343330,-8.629382
423,9.729413,-21.276887,77.800905,0.964628,-11.000748,108.332744,-7.891237,30.438384,24.531935,29.292434,-1.186746,-12.681392,11.428196,-33.822949,-38.149769,31.318939,-10.139469,15.000035,0.032473,-1.084937,13.799497,-3.287645,47.972498,-8.344603,-41.152452,-1.707801,0.725808,13.561190,-17.525681,-31.941578,50.206518,-28.788115,-2.925454,-6.098406,-8.948279
424,9.574023,-21.158218,77.853246,1.183820,-11.087717,108.126530,-7.479228,29.956190,24.576248,28.376321,-0.847200,-12.799545,11.472817,-33.930967,-37.972464,31.233666,-10.168774,15.000035,-0.209863,-0.281579,13.583261,-3.495359,46.952100,-9.176423,-41.084640,-1.627852,0.464254,13.494857,-14.386604,-33.818565,47.347771,-30.372467,-2.130685,-6.853481,-9.267176
425,9.421319,-21.039112,77.906678,1.405480,-11.174269,107.919522,-7.067217,29.473995,24.620560,27.460209,-0.507655,-12.344740,11.517436,-34.038985,-37.795159,31.148392,-10.198079,15.000035,-0.452198,0.521780,13.367024,-3.703074,45.931701,-10.008244,-41.016829,-1.547902,0.202701,13.428524,-11.247526,-35.695552,44.489023,-31.956820,-1.335915,-7.608557,-9.586074
426,9.271261,-20.919616,77.961161,1.629564,-11.260404,107.711721,-6.655207,28.991800,24.664873,26.544097,-0.168109,-12.462893,11.562057,-34.147003,-37.617853,31.063118,-10.227384,15.000035,-0.694533,1.325139,13.150788,-3.910788,44.911303,-10.840065,-40.949017,-1.467952,-0.058852,13.362190,-8.108449,-37.572540,41.630275,-33.541173,-0.541145,-8.363632,-9.904971
427,9.123810,-20.799777,78.016654,1.856031,-11.346120,107.503128,-6.243197,28.509605,24.709186,25.627984,0.171437,-12.581045,11.606678,-34.255022,-37.440548,30.977845,-10.256689,15.000035,-0.936868,2.128497,12.934551,-4.118503,43.890905,-11.671886,-40.881205,-1.388002,-0.320405,13.295857,-4.969372,-39.449527,38.771528,-35.125525,0.253625,-9.118708,-10.223868
428,8.978921,-20.679641,78.073119,2.084836,-11.431416,107.293746,-5.831187,28.027411,24.753499,24.711872,0.510983,-12.699198,11.651298,-34.363040,-37.263243,30.892571,-10.285994,15.000035,-1.179204,2.931856,12.718315,-4.326217,42.870507,-12.503706,-40.813394,-1.308053,-0.581959,13.229524,-1.830295,-41.326514,35.912780,-36.709878,1.048394,-9.873784,-10.542765
429,8.836549,-20.559249,78.130513,2.315935,-11.516287,107.083576,-5.419177,27.545216,24.797811,23.795760,0.850529,-12.817351,11.695918,-34.471058,-37.085938,30.807297,-10.315299,15.000035,-1.421539,3.735215,12.502078,-4.533932,41.850109,-13.335527,-40.745582,-1.228103,-0.843512,13.163191,1.308782,-43.203501,33.054032,-38.294231,1.843164,-10.628859,-10.861663
430,8.696648,-20.438644,78.188798,2.549283,-11.600729,106.872622,-5.007167,27.063021,24.842124,22.879647,1.190074,-12.362546,11.740539,-34.579076,-36.908633,30.722024,-10.344604,15.000035,-1.663874,4.538574,12.285842,-4.741646,40.829710,-14.167348,-40.677770,-1.148153,-1.105065,13.096858,4.447860,-45.080488,30.195284,-39.878583,2.637934,-11.383935,-11.180560
431,8.559167,-20.317865,78.247932,2.784834,-11.684735,106.660887,-4.595157,26.580826,24.886437,21.963535,1.529620,-12.480699,11.785159,-34.687094,-36.731328,30.636750,-10.373909,15.000035,-1.906210,5.341932,12.069605,-4.949361,39.809312,-14.999168,-40.609958,-1.068203,-1.366618,13.030525,7.586937,-46.957475,27.336537,-41.462936,3.432703,-12.139010,-11.499457
432,8.424055,-20.196948,78.307873,3.022542,-11.768298,106.448375,-4.183147,26.098631,24.930750,21.047422,1.869166,-12.598852,11.829779,-34.795112,-36.554023,30.551476,-10.403214,15.000035,-2.148545,6.145291,11.853369,-5.157075,38.788914,-15.830989,-40.542147,-0.988254,-1.628172,12.964192,10.726014,-48.834462,24.477789,-43.047289,4.227473,-12.894086,-11.818354
433,8.291258,-20.075929,78.368583,3.262362,-11.851407,106.235091,-3.771136,25.616437,24.975062,20.131310,2.208712,-12.717005,11.874400,-34.903130,-36.376717,30.466203,-10.432519,15.000035,-2.390880,6.948650,11.637132,-5.364790,37.768516,-16.662810,-40.474335,-0.908304,-1.889725,12.897858,13.865091,-50.711450,21.619041,-44.631641,5.022243,-13.649162,-12.137252
434,8.160723,-19.954840,78.430017,3.504244,-11.934055,106.021039,-3.359127,25.134242,25.019375,19.215198,2.548258,-12.835158,11.919020,-35.011148,-36.199412,30.380929,-10.461824,15.000035,-2.633216,7.752008,11.420895,-5.572505,36.748118,-17.494630,-40.406523,-0.828354,-2.151278,12.831525,17.004168,-52.588437,18.760294,-46.215994,5.817012,-14.404237,-12.456149
435,8.032392,-19.833713,78.492136,3.748142,-12.016228,105.806226,-2.947116,24.652047,25.063688,18.299085,2.887803,-12.380354,11.963641,-35.119166,-36.022107,30.295656,-10.491129,15.000035,-2.875551,8.555367,11.204659,-5.780219,35.727719,-18.326451,-40.338711,-0.748404,-2.412831,12.765192,20.143246,-54.465424,15.901546,-47.800346,6.611782,-15.159313,-12.775046
436,7.906207,-19.712577,78.554898,3.994007,-12.097915,105.590656,-2.535106,24.169853,25.108001,17.382973,3.227349,-12.498507,12.008261,-35.227184,-35.844802,30.210382,-10.520434,15.000035,-3.117886,9.358726,10.988422,-5.987934,34.707321,-19.158272,-40.270899,-0.668454,-2.674385,12.698859,23.282323,-56.342411,13.042798,-49.384699,7.406552,-15.914388,-13.093944
437,7.782108,-19.591458,78.618264,4.241790,-12.179103,105.374338,-2.123096,23.687658,25.152313,16.466861,3.566895,-12.616660,12.052881,-35.335203,-35.667497,30.125108,-10.549739,15.000035,-3.360221,10.162084,10.772186,-6.195648,33.686923,-19.990092,-40.203088,-0.588505,-2.935938,12.632526,26.421400,-58.219398,10.184051,-50.969052,8.201321,-16.669464,-13.412841
438,7.660032,-19.470382,78.682190,4.491442,-12.259776,105.157278,-1.711086,23.205463,25.196626,15.550748,3.906441,-12.734812,12.097502,-35.443221,-35.490192,30.039835,-10.579044,15.000035,-3.602557,10.965443,10.555949,-6.403363,32.666525,-20.821913,-40.135276,-0.508555,-3.197491,12.566193,29.560477,-60.096385,7.325303,-52.553404,8.996091,-17.424540,-13.731738
439,7.539917,-19.349371,78.746638,4.742912,-12.339918,104.939483,-1.299076,22.723268,25.240939,14.634636,4.245987,-12.852965,12.142122,-35.551239,-35.312886,29.954561,-10.608349,15.000035,-3.844892,11.768802,10.339713,-6.611077,31.646127,-21.653734,-40.067464,-0.428605,-3.459044,12.499859,32.699554,-61.973373,4.466555,-54.137757,9.790861,-18.179615,-14.050635
440,7.421697,-19.228445,78.811565,4.996150,-12.419514,104.720962,-0.887066,22.241074,25.285252,13.718524,4.585532,-12.398160,12.186743,-35.659257,-35.135581,29.869287,-10.637654,15.000035,-4.087227,12.572161,10.123476,-6.818792,30.625728,-22.485555,-39.999653,-0.348656,-3.720598,12.433526,35.838632,-63.850360,1.607807,-55.722110,10.585631,-18.934691,-14.369533
441,7.305308,-19.107624,78.876932,5.251106,-12.498545,104.501723,-0.475056,21.758879,25.329564,12.802411,4.925078,-12.516313,12.231363,-35.767275,-34.958276,29.784014,-10.666959,15.000035,-4.329563,13.375519,9.907240,-7.026506,29.605330,-23.317375,-39.931841,-0.268706,-3.982151,12.367193,38.977709,-65.727347,-1.250940,-57.306462,11.380400,-19.689766,-14.688430
442,7.190681,-18.986924,78.942699,5.507727,-12.576993,104.281777,-0.063046,21.276684,25.373877,11.886299,5.264624,-12.634466,12.275983,-35.875293,-34.780971,29.698740,-10.696264,15.000035,-4.571898,14.178878,9.691003,-7.234221,28.584932,-24.149196,-39.864029,-0.188756,-4.243704,12.300860,42.116786,-67.604334,-4.109688,-58.890815,12.175170,-20.444842,-15.007327
443,7.151790,-18.995911,78.950944,5.495389,-12.587721,104.333523,0.000915,21.178261,25.285328,11.618899,5.365592,-12.633364,12.314265,-35.840394,-34.801129,29.606259,-10.645080,15.000035,-4.490802,14.292316,9.658607,-7.235887,28.596372,-24.078488,-39.727247,-0.315760,-4.168446,12.389247,41.788060,-67.421009,-3.776562,-58.819746,12.137496,-20.331047,-14.871271
444,7.113174,-19.004585,78.959294,5.483303,-12.598260,104.385217,0.064876,21.079837,25.196779,11.351498,5.466559,-12.632262,12.352547,-35.805495,-34.821286,29.513778,-10.593895,15.000035,-4.409707,14.405755,9.626211,-7.237553,28.607811,-24.007779,-39.590465,-0.442764,-4.093187,12.477633,41.459335,-67.237684,-3.443437,-58.748677,12.099822,-20.217252,-14.735216
445,7.074831,-19.012947,78.967751,5.471467,-12.608611,104.436858,0.128837,20.981414,25.108230,11.084098,5.567527,-12.631160,12.390828,-35.770596,-34.841444,29.421297,-10.542711,15.000035,-4.328611,14.519193,9.593815,-7.239220,28.619251,-23.937071,-39.453683,-0.569768,-4.017929,12.566020,41.130609,-67.054359,-3.110311,-58.677607,12.062148,-20.103456,-14.599160
446,7.036763,-19.020996,78.976315,5.459885,-12.618776,104.488447,0.192798,20.882990,25.019681,10.816698,5.668495,-12.630059,12.429110,-35.735697,-34.861602,29.328816,-10.491527,15.000035,-4.247515,14.632632,9.561419,-7.240886,28.630691,-23.866362,-39.316901,-0.696771,-3.942671,12.654407,40.801883,-66.871034,-2.777186,-58.606538,12.024474,-19.989661,-14.463105
447,6.998969,-19.028733,78.984986,5.448555,-12.628754,104.539982,0.256759,20.784567,24.931132,10.549298,5.769462,-12.628957,12.467391,-35.700798,-34.881760,29.236336,-10.440342,15.000035,-4.166420,14.746070,9.529023,-7.242552,28.642130,-23.795654,-39.180119,-0.823775,-3.867413,12.742793,40.473157,-66.687709,-2.444060,-58.535469,11.986800,-19.875866,-14.327049
448,6.961451,-19.036157,78.993764,5.437479,-12.638547,104.591464,0.320720,20.686143,24.842582,10.281897,5.870430,-12.627855,12.505672,-35.665899,-34.901917,29.143855,-10.389158,15.000035,-4.085324,14.859509,9.496627,-7.244219,28.653570,-23.724945,-39.043336,-0.950779,-3.792154,12.831180,40.144432,-66.504384,-2.110934,-58.464400,11.949127,-19.762071,-14.190994
449,6.924209,-19.043269,79.002651,5.426657,-12.648155,104.642891,0.384681,20.587720,24.754033,10.014497,5.971398,-12.626753,12.543954,-35.631000,-34.922075,29.051374,-10.337974,15.000035,-4.004228,14.972947,9.464231,-7.245885,28.665010,-23.654237,-38.906554,-1.077783,-3.716896,12.919567,39.815706,-66.321059,-1.777809,-58.393330,11.911453,-19.648275,-14.054938
450,6.887242,-19.050069,79.011648,5.416091,-12.657580,104.694265,0.448642,20.489296,24.665484,9.747097,6.072365,-12.625651,12.582236,-35.596101,-34.942233,28.958893,-10.286789,15.000035,-3.923133,15.086386,9.431835,-7.247551,28.676449,-23.583528,-38.769772,-1.204787,-3.641638,13.007953,39.486980,-66.137734,-1.444683,-58.322261,11.873779,-19.534480,-13.918883
451,6.850551,-19.056556,79.020753,5.405780,-12.666822,104.745584,0.512603,20.390873,24.576935,9.479697,6.173333,-12.624549,12.620518,-35.561202,-34.962390,28.866412,-10.235605,15.000035,-3.842037,15.199824,9.399439,-7.249217,28.687889,-23.512820,-38.632990,-1.331791,-3.566379,13.096340,39.158255,-65.954409,-1.111558,-58.251192,11.836105,-19.420685,-13.782827
452,6.814137,-19.062730,79.029968,5.395725,-12.675882,104.796849,0.576563,20.292450,24.488386,9.212296,6.274301,-12.623448,12.658799,-35.526304,-34.982548,28.773931,-10.184420,15.000035,-3.760941,15.313263,9.367044,-7.250884,28.699329,-23.442112,-38.496208,-1.458794,-3.491121,13.184727,38.829529,-65.771085,-0.778432,-58.180123,11.798431,-19.306890,-13.646772
453,6.778000,-19.068591,79.039292,5.385927,-12.684761,104.848059,0.640524,20.194026,24.399837,8.944896,6.375268,-12.622346,12.697081,-35.491405,-35.002706,28.681450,-10.133236,15.000035,-3.679846,15.426701,9.334648,-7.252550,28.710768,-23.371403,-38.359426,-1.585798,-3.415863,13.273113,38.500803,-65.587760,-0.445306,-58.109053,11.760757,-19.193094,-13.510716
454,6.742139,-19.074140,79.048728,5.376387,-12.693459,104.899214,0.704485,20.095603,24.311288,8.677496,6.476236,-12.621244,12.735362,-35.456506,-35.022863,28.588969,-10.082052,15.000035,-3.598750,15.540139,9.302252,-7.254216,28.722208,-23.300695,-38.222644,-1.712802,-3.340604,13.361500,38.172078,-65.404435,-0.112181,-58.037984,11.723083,-19.079299,-13.374660
455,6.706556,-19.079377,79.058275,5.367105,-12.701978,104.950314,0.768446,19.997179,24.222739,8.410096,6.577203,-12.620142,12.773644,-35.421607,-35.043021,28.496488,-10.030867,15.000035,-3.517655,15.653578,9.269856,-7.255882,28.733647,-23.229986,-38.085862,-1.839806,-3.265346,13.449886,37.843352,-65.221110,0.220945,-57.966915,11.685409,-18.965504,-13.238605
456,6.671251,-19.084300,79.067934,5.358081,-12.710318,105.001357,0.832407,19.898756,24.134190,8.142695,6.678171,-12.619040,12.811926,-35.386708,-35.063179,28.404007,-9.979683,15.000035,-3.436559,15.767016,9.237460,-7.257548,28.745087,-23.159278,-37.949080,-1.966810,-3.190088,13.538273,37.514626,-65.037785,0.554070,-57.895845,11.647735,-18.851709,-13.102549
457,6.636224,-19.088911,79.077703,5.349317,-12.718480,105.052346,0.896368,19.800332,24.045641,7.875295,6.779139,-12.617938,12.850207,-35.351809,-35.083337,28.311527,-9.928499,15.000035,-3.355463,15.880455,9.205064,-7.259215,28.756527,-23.088569,-37.812297,-2.093814,-3.114829,13.626660,37.185901,-64.854460,0.887196,-57.824776,11.610062,-18.737913,-12.966494
458,6.601475,-19.093210,79.087585,5.340812,-12.726464,105.103278,0.960329,19.701909,23.957091,7.607895,6.880106,-12.616836,12.888489,-35.316910,-35.103494,28.219046,-9.877314,15.000035,-3.274368,15.993893,9.172668,-7.260881,28.767966,-23.017861,-37.675515,-2.220818,-3.039571,13.715046,36.857175,-64.671135,1.220322,-57.753707,11.572388,-18.624118,-12.830438
459,6.567005,-19.097196,79.097581,5.332568,-12.734273,105.154153,1.024290,19.603485,23.868542,7.340495,6.981074,-12.615735,12.926770,-35.282011,-35.123652,28.126565,-9.826130,15.000035,-3.193272,16.107332,9.140272,-7.262547,28.779406,-22.947152,-37.538733,-2.347821,-2.964313,13.803433,36.528449,-64.487810,1.553447,-57.682638,11.534714,-18.510323,-12.694383
460,6.532813,-19.100870,79.107688,5.324584,-12.741906,105.204972,1.088251,19.505062,23.779993,7.073094,7.082042,-12.614633,12.965051,-35.247112,-35.143810,28.034084,-9.774946,15.000035,-3.112176,16.220770,9.107876,-7.264214,28.790846,-22.876444,-37.401951,-2.474825,-2.889055,13.891820,36.199723,-64.304485,1.886573,-57.611568,11.497040,-18.396528,-12.558327
461,6.498900,-19.104231,79.117909,5.316863,-12.749365,105.255735,1.152212,19.406638,23.691444,6.805694,7.183009,-12.613531,13.003333,-35.212213,-35.163967,27.941603,-9.723761,15.000035,-3.031081,16.334209,9.075480,-7.265880,28.802285,-22.805735,-37.265169,-2.601829,-2.813796,13.980206,35.870998,-64.121160,2.219698,-57.540499,11.459366,-18.282732,-12.422272
462,6.465267,-19.107280,79.128244,5.309403,-12.756650,105.306440,1.216173,19.308215,23.602895,6.538294,7.283977,-12.612429,13.041615,-35.177314,-35.184125,27.849122,-9.672577,15.000035,-2.949985,16.447647,9.043084,-7.267546,28.813725,-22.735027,-37.128387,-2.728833,-2.738538,14.068593,35.542272,-63.937835,2.552824,-57.469430,11.421692,-18.168937,-12.286216
463,6.477893,-19.120157,79.120650,5.329296,-12.776718,105.302259,1.117106,19.344503,23.518766,6.868616,7.125754,-12.598577,13.042056,-35.251663,-35.248089,27.898703,-9.669891,15.000035,-2.857856,16.390107,9.072503,-7.134674,29.008064,-22.648560,-37.113053,-2.503933,-2.710208,13.969925,35.389239,-63.893377,2.660155,-57.458066,11.236344,-18.128400,-12.169678
464,6.490293,-19.133107,79.112940,5.349012,-12.796793,105.298109,1.018040,19.380792,23.434638,7.198939,6.967531,-12.584725,13.042498,-35.326012,-35.312053,27.948283,-9.667204,15.000035,-2.765728,16.332568,9.101921,-7.001801,29.202403,-22.562093,-37.097719,-2.279032,-2.681878,13.871258,35.236205,-63.848919,2.767487,-57.446702,11.050995,-18.087864,-12.053141
465,6.502467,-19.146130,79.105115,5.368550,-12.816874,105.293992,0.918973,19.417080,23.350509,7.529261,6.809308,-12.570873,13.042938,-35.400361,-35.376018,27.997864,-9.664518,15.000035,-2.673599,16.275029,9.131340,-6.868929,29.396741,-22.475626,-37.082385,-2.054132,-2.653549,13.772590,35.083172,-63.804460,2.874818,-57.435338,10.865647,-18.047327,-11.936603
466,6.514416,-19.159224,79.097174,5.387911,-12.836960,105.289907,0.819907,19.453369,23.266381,7.859583,6.651085,-12.557021,13.043380,-35.474710,-35.439982,28.047445,-9.661832,15.000035,-2.581470,16.217489,9.160758,-6.736057,29.591080,-22.389160,-37.067052,-1.829231,-2.625219,13.673923,34.930139,-63.760002,2.982149,-57.423975,10.680298,-18.006790,-11.820065
467,6.526140,-19.172388,79.089116,5.407096,-12.857052,105.285854,0.720840,19.489657,23.182252,8.189906,6.492862,-12.543170,13.043821,-35.549059,-35.503946,28.097025,-9.659145,15.000035,-2.489341,16.159949,9.190177,-6.603184,29.785419,-22.302693,-37.051718,-1.604331,-2.596889,13.575255,34.777106,-63.715544,3.089481,-57.412611,10.494950,-17.966254,-11.703528
468,6.537640,-19.185622,79.080944,5.426104,-12.877149,105.281833,0.621774,19.525946,23.098123,8.520228,6.334639,-12.529318,13.044262,-35.623408,-35.567911,28.146606,-9.656459,15.000035,-2.397213,16.102410,9.219596,-6.470312,29.979758,-22.216226,-37.036384,-1.379430,-2.568559,13.476587,34.624072,-63.671086,3.196812,-57.401247,10.309602,-17.925717,-11.586990
469,6.548917,-19.198926,79.072657,5.444938,-12.897250,105.277844,0.522707,19.562234,23.013995,8.850550,6.176416,-12.515466,13.044704,-35.697757,-35.631875,28.196187,-9.653773,15.000035,-2.305084,16.044871,9.249014,-6.337440,30.174097,-22.129759,-37.021050,-1.154530,-2.540229,13.377920,34.471039,-63.626627,3.304143,-57.389883,10.124253,-17.885180,-11.470452
470,6.559971,-19.212297,79.064254,5.463597,-12.917355,105.273888,0.423641,19.598523,22.929866,9.180872,6.018193,-12.501614,13.045144,-35.772106,-35.695839,28.245767,-9.651087,15.000035,-2.212955,15.987331,9.278433,-6.204567,30.368435,-22.043292,-37.005716,-0.929629,-2.511900,13.279252,34.318006,-63.582169,3.411474,-57.378519,9.938905,-17.844644,-11.353915
471,6.570803,-19.225736,79.055735,5.482081,-12.937464,105.269965,0.324574,19.634811,22.845738,9.511195,5.859970,-12.487762,13.045586,-35.846455,-35.759803,28.295348,-9.648400,15.000035,-2.120827,15.929792,9.307851,-6.071695,30.562774,-21.956825,-36.990382,-0.704729,-2.483570,13.180585,34.164973,-63.537711,3.518806,-57.367155,9.753556,-17.804107,-11.237377
472,6.581414,-19.239242,79.047101,5.500392,-12.957576,105.266074,0.225508,19.671100,22.761609,9.841517,5.701747,-12.473910,13.046027,-35.920805,-35.823768,28.344929,-9.645714,15.000035,-2.028698,15.872252,9.337270,-5.938822,30.757113,-21.870358,-36.975049,-0.479828,-2.455240,13.081917,34.011939,-63.493253,3.626137,-57.355792,9.568208,-17.763571,-11.120840
473,6.591804,-19.252814,79.038353,5.518530,-12.977691,105.262216,0.126442,19.707388,22.677480,10.171839,5.543524,-12.460058,13.046469,-35.995154,-35.887732,28.394509,-9.643028,15.000035,-1.936569,15.814712,9.366689,-5.805950,30.951452,-21.783892,-36.959715,-0.254928,-2.426910,12.983249,33.858906,-63.448794,3.733468,-57.344428,9.382860,-17.723034,-11.004302
474,6.601975,-19.266451,79.029490,5.536496,-12.997809,105.258390,0.027375,19.743676,22.593352,10.502162,5.385301,-13.019164,13.046910,-36.069503,-35.951696,28.444090,-9.640341,15.000035,-1.844441,15.757173,9.396107,-5.673078,31.145791,-21.697425,-36.944381,-0.030028,-2.398580,12.884582,33.705873,-63.404336,3.840800,-57.333064,9.197511,-17.682497,-10.887764
475,6.611927,-19.280152,79.020512,5.554289,-13.017929,105.254597,-0.071691,19.779965,22.509223,10.832484,5.227078,-13.005312,13.047351,-36.143852,-36.015660,28.493670,-9.637655,15.000035,-1.752312,15.699633,9.425526,-5.540205,31.340129,-21.610958,-36.929047,0.194873,-2.370251,12.785914,33.552840,-63.359878,3.948131,-57.321700,9.012163,-17.641961,-10.771227
476,6.621660,-19.293917,79.011420,5.571912,-13.038050,105.250836,-0.170758,19.816253,22.425095,11.162806,5.068855,-12.991460,13.047792,-36.218201,-36.079625,28.543251,-9.634969,15.000035,-1.660183,15.642094,9.454944,-5.407333,31.534468,-21.524491,-36.913713,0.419773,-2.341921,12.687247,33.399806,-63.315420,4.055462,-57.310336,8.826814,-17.601424,-10.654689
477,6.631176,-19.307745,79.002213,5.589363,-13.058173,105.247109,-0.269824,19.852542,22.340966,11.493129,4.910632,-12.977609,13.048233,-36.292550,-36.143589,28.592832,-9.632283,15.000035,-1.568054,15.584554,9.484363,-5.274461,31.728807,-21.438024,-36.898379,0.644674,-2.313591,12.588579,33.246773,-63.270961,4.162794,-57.298972,8.641466,-17.560887,-10.538151
478,6.640476,-19.321635,78.992892,5.606645,-13.078298,105.243414,-0.368891,19.888830,22.256837,11.823451,4.752409,-12.963757,13.048675,-36.366899,-36.207553,28.642412,-9.629596,15.000035,-1.475926,15.527015,9.513782,-5.141588,31.923146,-21.351557,-36.883045,0.869574,-2.285261,12.489911,33.093740,-63.226503,4.270125,-57.287608,8.456118,-17.520351,-10.421614
479,6.649559,-19.335586,78.983456,5.623757,-13.098423,105.239752,-0.467957,19.925119,22.172709,12.153773,4.594186,-12.949905,13.049116,-36.441248,-36.271517,28.691993,-9.626910,15.000035,-1.383797,15.469475,9.543200,-5.008716,32.117485,-21.265091,-36.867712,1.094475,-2.256931,12.391244,32.940707,-63.182045,4.377456,-57.276245,8.270769,-17.479814,-10.305076
480,6.658428,-19.349597,78.973907,5.640700,-13.118548,105.236123,-0.567024,19.961407,22.088580,12.484095,4.435963,-12.936053,13.049557,-36.515597,-36.335482,28.741574,-9.624224,15.000035,-1.291668,15.411936,9.572619,-4.875844,32.311823,-21.178624,-36.852378,1.319375,-2.228602,12.292576,32.787673,-63.137587,4.484787,-57.264881,8.085421,-17.439277,-10.188538
481,6.667082,-19.363668,78.964243,5.657475,-13.138673,105.232527,-0.666090,19.997696,22.004452,12.814418,4.277740,-12.922201,13.049998,-36.589946,-36.399446,28.791154,-9.621537,15.000035,-1.199540,15.354396,9.602037,-4.742971,32.506162,-21.092157,-36.837044,1.544276,-2.200272,12.193909,32.634640,-63.093128,4.592119,-57.253517,7.900072,-17.398741,-10.072001
482,6.675523,-19.377798,78.954466,5.674082,-13.158797,105.228963,-0.765157,20.033984,21.920323,13.144740,4.119517,-12.908349,13.050439,-36.664295,-36.463410,28.840735,-9.618851,15.000035,-1.107411,15.296857,9.631456,-4.610099,32.700501,-21.005690,-36.821710,1.769176,-2.171942,12.095241,32.481607,-63.048670,4.699450,-57.242153,7.714724,-17.358204,-9.955463
483,6.537689,-19.290078,79.064275,5.549327,-13.046326,104.745951,-0.596599,20.020024,22.088820,12.799810,4.084734,-12.885998,13.195068,-36.242094,-36.487764,27.714709,-8.940843,15.000035,-0.943723,14.656495,9.377409,-3.352970,32.739379,-21.180135,-33.329390,1.735862,-1.811857,12.099978,31.313221,-62.572842,4.748620,-57.282782,8.564589,-16.989293,-9.729235
484,6.398749,-19.201228,79.167539,5.423140,-12.933803,104.263008,-0.428042,20.006065,22.257316,12.454880,4.049951,-12.863647,13.339696,-35.819892,-36.512118,26.588684,-8.262836,15.000035,-0.780036,14.016132,9.123362,-2.095841,32.778257,-21.354579,-29.837070,1.702547,-1.451772,12.104716,30.144835,-62.097014,4.797789,-57.323412,9.414455,-16.620382,-9.503008
485,6.258732,-19.111216,79.264229,5.295534,-12.821236,103.780125,-0.259485,19.992105,22.425813,12.109950,4.015168,-12.841296,13.484324,-35.397691,-36.536472,25.462658,-7.584828,15.000035,-0.616348,13.375770,8.869315,-0.838712,32.817136,-21.529024,-26.344750,1.669233,-1.091687,12.109453,28.976449,-61.621185,4.846959,-57.364041,10.264320,-16.251472,-9.276781
486,6.117672,-19.020006,79.354318,5.166523,-12.708633,103.297296,-0.090927,19.978145,22.594309,11.765020,3.980385,-12.818945,13.628952,-34.975489,-36.560826,24.336633,-6.906820,15.000035,-0.452660,12.735408,8.615269,0.418417,32.856014,-21.703468,-22.852429,1.635918,-0.731602,12.114191,27.808063,-61.145357,4.896129,-57.404671,11.114186,-15.882561,-9.050553
487,5.975602,-18.927567,79.437775,5.036122,-12.596002,102.814512,0.077631,19.964185,22.762806,11.420090,3.945602,-12.796594,13.773581,-34.553288,-36.585180,23.210607,-6.228812,15.000035,-0.288973,12.095046,8.361222,1.675545,32.894892,-21.877913,-19.360109,1.602604,-0.371517,12.118928,26.639676,-60.669529,4.945298,-57.445300,11.964051,-15.513650,-8.824326
488,5.832556,-18.833866,79.514578,4.904345,-12.483351,102.331768,0.246188,19.950226,22.931302,11.075160,3.910819,-12.774242,13.918209,-34.131086,-36.609534,22.084582,-5.550805,15.000035,-0.125285,11.454683,8.107175,2.932674,32.933770,-22.052357,-15.867789,1.569289,-0.011431,12.123666,25.471290,-60.193700,4.994468,-57.485930,12.813916,-15.144739,-8.598098
489,5.688571,-18.738871,79.584699,4.771207,-12.370686,101.849055,0.414745,19.936266,23.099799,10.730230,3.876036,-12.751891,14.062837,-33.708885,-36.633888,20.958556,-4.872797,15.000035,0.038403,10.814321,7.853128,4.189803,32.972648,-22.226802,-12.375469,1.535975,0.348654,12.128403,24.302904,-59.717872,5.043638,-57.526559,13.663782,-14.775828,-8.371870
490,5.543683,-18.642552,79.648114,4.636723,-12.258015,101.366366,0.583303,19.922306,23.268295,10.385300,3.841253,-12.156582,14.207465,-33.286683,-36.658242,19.832531,-4.194789,15.000035,0.202090,10.173959,7.599081,5.446932,33.011527,-22.401246,-8.883149,1.502660,0.708739,12.133141,23.134518,-59.242044,5.092807,-57.567189,14.513647,-14.406918,-8.145643
491,5.397930,-18.544880,79.704800,4.500909,-12.145344,100.883695,0.751860,19.908347,23.436792,10.040370,3.806470,-12.134231,14.352094,-32.864482,-36.682596,18.706505,-3.516782,15.000035,0.365778,9.533597,7.345034,6.704061,33.050405,-22.575691,-5.390829,1.469346,1.068824,12.137878,21.966132,-58.766216,5.141977,-57.607818,15.363513,-14.038007,-7.919415
492,5.251351,-18.445824,79.754732,4.363778,-12.032681,100.401035,0.920417,19.894387,23.605289,9.695441,3.771687,-12.111880,14.496722,-32.442281,-36.706951,17.580480,-2.838774,15.000035,0.529466,8.893234,7.090988,7.961190,33.089283,-22.750136,-1.898509,1.436032,1.428909,12.142615,20.797746,-58.290388,5.191146,-57.648448,16.213378,-13.669096,-7.693188
493,5.103987,-18.345358,79.797891,4.225348,-11.920031,99.918379,1.088975,19.880427,23.773785,9.350511,3.736904,-12.089529,14.641349,-32.020079,-36.731305,16.454454,-2.160766,15.000035,0.693153,8.252872,6.836941,9.218319,33.128161,-22.924580,1.593812,1.402717,1.788994,12.147353,19.629360,-57.814559,5.240316,-57.689077,17.063243,-13.300185,-7.466961
494,4.955877,-18.243453,79.834255,4.085634,-11.807402,99.435722,1.257533,19.866468,23.942282,9.005581,3.702121,-12.067178,14.785978,-31.597878,-36.755659,15.328428,-1.482759,15.000035,0.856841,7.612510,6.582894,10.475448,33.167039,-23.099025,5.086132,1.369403,2.149079,12.152090,18.460974,-57.338731,5.289486,-57.729706,17.913109,-12.931274,-7.240733
495,4.807064,-18.140086,79.863803,3.944651,-11.694799,98.953057,1.426090,19.852508,24.110778,8.660651,3.667338,-12.044827,14.930606,-31.175676,-36.780013,14.202403,-0.804751,15.000035,1.020528,6.972148,6.328847,11.732577,33.205918,-23.273469,8.578452,1.336088,2.509164,12.156828,17.292588,-56.862903,5.338655,-57.770336,18.762974,-12.562364,-7.014506
496,4.657591,-18.035229,79.886518,3.802415,-11.582228,98.470377,1.594647,19.838548,24.279275,8.315721,3.632555,-12.022476,15.075234,-30.753475,-36.804367,13.076377,-0.126743,15.000035,1.184216,6.331785,6.074800,12.989706,33.244796,-23.447914,12.070772,1.302774,2.869249,12.161565,16.124202,-56.387075,5.387825,-57.810965,19.612840,-12.193453,-6.788278
497,4.507502,-17.928860,79.902382,3.658942,-11.469695,97.987678,1.763205,19.824589,24.447771,7.970791,3.597772,-12.000125,15.219863,-30.331273,-36.828721,11.950352,0.551265,15.000035,1.347904,5.691423,5.820753,14.246835,33.283674,-23.622358,15.563092,1.269459,3.229334,12.166303,14.955815,-55.911246,5.436995,-57.851595,20.462705,-11.824542,-6.562050
498,4.356841,-17.820955,79.911377,3.514250,-11.357205,97.504953,1.931762,19.810629,24.616268,7.625861,3.562989,-11.977773,15.364491,-29.909072,-36.853075,10.824326,1.229272,15.000035,1.511591,5.051061,5.566706,15.503963,33.322552,-23.796803,19.055412,1.236145,3.589420,12.171040,13.787429,-55.435418,5.486164,-57.892224,21.312570,-11.455631,-6.335823
499,4.205655,-17.711494,79.913489,3.368354,-11.244765,97.022198,2.100320,19.796669,24.784764,7.280931,3.528206,-11.955422,15.509119,-29.486870,-36.877429,9.698301,1.907280,15.000035,1.675279,4.410699,5.312660,16.761092,33.361430,-23.971247,22.547733,1.202830,3.949505,12.175778,12.619043,-54.959590,5.535334,-57.932854,22.162436,-11.086720,-6.109595
500,4.053990,-17.600455,79.908701,3.221270,-11.132379,96.539405,2.268877,19.782709,24.953261,6.936001,3.493423,-11.933071,15.653747,-29.064669,-36.901783,8.572275,2.585288,15.000035,1.838967,3.770336,5.058613,18.018221,33.400309,-24.145692,26.040053,1.169516,4.309590,12.180515,11.450657,-54.483761,5.584504,-57.973483,23.012301,-10.717810,-5.883368
501,3.901892,-17.487819,79.897003,3.073016,-11.020053,96.056572,2.437435,19.768750,25.121757,6.591071,3.458640,-11.910720,15.798375,-28.642467,-36.926137,7.446250,3.263295,15.000035,2.002654,3.129974,4.804566,19.275350,33.439187,-24.320136,29.532373,1.136201,4.669675,12.185253,10.282271,-54.007933,5.633673,-58.014113,23.862167,-10.348899,-5.657140
502,3.749410,-17.373569,79.878379,2.923608,-10.907792,95.573691,2.605992,19.754790,25.290254,6.246141,3.423857,-11.888369,15.943004,-28.220266,-36.950491,6.320224,3.941303,15.000035,2.166342,2.489612,4.550519,20.532479,33.478065,-24.494581,33.024693,1.102887,5.029760,12.189990,9.113885,-53.532105,5.682843,-58.054742,24.712032,-9.979988,-5.430913
503,3.675382,-17.567738,79.871234,2.833035,-10.728723,95.166288,2.413530,19.836223,25.342953,6.670865,3.200358,-11.753658,15.653023,-28.104781,-36.582761,6.355743,3.920482,15.000035,2.136893,2.064658,4.943877,20.197959,33.601255,-24.060562,34.286682,0.243073,5.058744,12.347856,8.638909,-53.258009,5.661219,-57.891552,24.728101,-9.973260,-5.458132
504,3.604280,-17.760463,79.864253,2.743543,-10.549574,94.758333,2.221067,19.917656,25.395652,7.095589,2.976859,-11.618946,15.363043,-27.989295,-36.215030,6.391263,3.899662,15.000035,2.107445,1.639705,5.337236,19.863439,33.724444,-23.626542,35.548671,-0.616740,5.087728,12.505722,8.163933,-52.983913,5.639595,-57.728362,24.744169,-9.966533,-5.485350
505,3.536130,-17.951793,79.857438,2.655128,-10.370344,94.349842,2.028604,19.999089,25.448350,7.520314,2.753359,-11.484235,15.073062,-27.873810,-35.847300,6.426782,3.878841,15.000035,2.077996,1.214751,5.730594,19.528920,33.847634,-23.192523,36.810660,-1.476554,5.116713,12.663588,7.688957,-52.709817,5.617971,-57.565172,24.760238,-9.959805,-5.512569
506,3.470955,-18.141778,79.850787,2.567787,-10.191031,93.940831,1.836141,20.080522,25.501049,7.945038,2.529860,-11.349523,14.783081,-27.758325,-35.479569,6.462302,3.858021,15.000035,2.048547,0.789797,6.123952,19.194400,33.970824,-22.758504,38.072649,-2.336367,5.145697,12.821454,7.213981,-52.435721,5.596347,-57.401982,24.776306,-9.953078,-5.539787
507,3.408779,-18.330468,79.844302,2.481517,-10.011635,93.531313,1.643679,20.161955,25.553748,8.369762,2.306361,-11.214812,14.493100,-27.642840,-35.111839,6.497821,3.837200,15.000035,2.019099,0.364844,6.517310,18.859880,34.094014,-22.324485,39.334638,-3.196181,5.174681,12.979320,6.739005,-52.161625,5.574723,-57.238791,24.792375,-9.946350,-5.567006
508,3.349622,-18.517912,79.837981,2.396313,-9.832153,93.121306,1.451216,20.243388,25.606447,8.794486,2.082862,-11.653058,14.203119,-27.527354,-34.744109,6.533340,3.816380,15.000035,1.989650,-0.060110,6.910669,18.525360,34.217204,-21.890465,40.596627,-4.055995,5.203665,13.137186,6.264029,-51.887530,5.553098,-57.075601,24.808443,-9.939623,-5.594224
509,3.293506,-18.704161,79.831826,2.312172,-9.652586,92.710823,1.258753,20.324821,25.659146,9.219211,1.859363,-11.518347,13.913139,-27.411869,-34.376378,6.568860,3.795559,15.000035,1.960201,-0.485063,7.304027,18.190841,34.340393,-21.456446,41.858616,-4.915808,5.232649,13.295052,5.789053,-51.613434,5.531474,-56.912411,24.824512,-9.932895,-5.621443
510,3.240452,-18.889266,79.825836,2.229091,-9.472931,92.299880,1.066290,20.406254,25.711844,9.643935,1.635864,-11.383636,13.623158,-27.296384,-34.008648,6.604379,3.774739,15.000035,1.930752,-0.910017,7.697385,17.856321,34.463583,-21.022427,43.120605,-5.775622,5.261634,13.452918,5.314077,-51.339338,5.509850,-56.749221,24.840580,-9.926168,-5.648661
511,3.190478,-19.073277,79.820012,2.147066,-9.293188,91.888492,0.873828,20.487687,25.764543,10.068659,1.412364,-11.248924,13.333178,-27.180898,-33.640917,6.639899,3.753918,15.000035,1.901304,-1.334971,8.090743,17.521801,34.586773,-20.588407,44.382594,-6.635435,5.290618,13.610784,4.839101,-51.065242,5.488226,-56.586031,24.856649,-9.919440,-5.675880
512,3.143602,-19.256245,79.814353,2.066093,-9.113353,91.476674,0.681365,20.569120,25.817242,10.493383,1.188865,-11.114213,13.043197,-27.065413,-33.273187,6.675418,3.733097,15.000035,1.871855,-1.759924,8.484102,17.187282,34.709962,-20.154388,45.644583,-7.495249,5.319602,13.768650,4.364125,-50.791146,5.466602,-56.422841,24.872718,-9.912713,-5.703098
513,3.099842,-19.438223,79.808859,1.986169,-8.933426,91.064441,0.488903,20.650553,25.869941,10.918108,0.965366,-10.979501,12.753216,-26.949928,-32.905457,6.710937,3.712277,15.000035,1.842406,-2.184878,8.877460,16.852762,34.833152,-19.720369,46.906573,-8.355063,5.348586,13.926517,3.889149,-50.517050,5.444978,-56.259651,24.888786,-9.905985,-5.730316
514,3.059214,-19.619261,79.803530,1.907291,-8.753405,90.651807,0.296439,20.731986,25.922640,11.342832,0.741867,-11.417747,12.463235,-26.834443,-32.537726,6.746457,3.691456,15.000035,1.812958,-2.609832,9.270818,16.518242,34.956342,-19.286349,48.168562,-9.214876,5.377570,14.084383,3.414173,-50.242954,5.423354,-56.096461,24.904855,-9.899257,-5.757535
515,3.021733,-19.799412,79.798368,1.829455,-8.573288,90.238788,0.103977,20.813419,25.975339,11.767556,0.518368,-11.283036,12.173255,-26.718957,-32.169996,6.781976,3.670636,15.000035,1.783509,-3.034785,9.664176,16.183722,35.079532,-18.852330,49.430551,-10.074690,5.406555,14.242249,2.939197,-49.968858,5.401730,-55.933271,24.920923,-9.892530,-5.784753
516,2.987415,-19.978726,79.793369,1.752658,-8.393073,89.825398,-0.088486,20.894853,26.028037,12.192280,0.294869,-11.148324,11.883274,-26.603472,-31.802265,6.817496,3.649815,15.000035,1.754060,-3.459739,10.057535,15.849202,35.202721,-18.418311,50.692540,-10.934503,5.435539,14.400115,2.464221,-49.694762,5.380106,-55.770081,24.936992,-9.885802,-5.811972
517,2.956271,-20.157257,79.788535,1.676896,-8.212757,89.411653,-0.280948,20.976286,26.080736,12.617005,0.071369,-11.013613,11.593293,-26.487987,-31.434535,6.853015,3.628995,15.000035,1.724612,-3.884693,10.450893,15.514683,35.325911,-17.984291,51.954529,-11.794317,5.464523,14.557981,1.989245,-49.420667,5.358481,-55.606890,24.953060,-9.879075,-5.839190
518,2.928316,-20.335057,79.783866,1.602166,-8.032339,88.997566,-0.473411,21.057719,26.133435,13.041729,-0.152130,-10.878901,11.303313,-26.372501,-31.066805,6.888534,3.608174,15.000035,1.695163,-4.309646,10.844251,15.180163,35.449101,-17.550272,53.216518,-12.654131,5.493507,14.715847,1.514269,-49.146571,5.336857,-55.443700,24.969129,-9.872347,-5.866409
519,2.903560,-20.512178,79.779361,1.528465,-7.851815,88.583153,-0.665874,21.139152,26.186134,13.466453,-0.375629,-10.744190,11.013332,-26.257016,-30.699074,6.924054,3.587354,15.000035,1.665714,-4.734600,11.237609,14.845643,35.572291,-17.116253,54.478507,-13.513944,5.522491,14.873713,1.039293,-48.872475,5.315233,-55.280510,24.985197,-9.865620,-5.893628
520,2.882014,-20.688672,79.775021,1.455790,-7.671184,88.168428,-0.858336,21.220585,26.238833,13.891177,-0.599128,-11.182436,10.723351,-26.141531,-30.331344,6.959573,3.566533,15.000035,1.636266,-5.159553,11.630968,14.511124,35.695480,-16.682234,55.740496,-14.373758,5.551476,15.031579,0.564317,-48.598379,5.293609,-55.117320,25.001266,-9.858892,-5.920846
521,2.863687,-20.864592,79.770844,1.384136,-7.490444,87.753405,-1.050799,21.302018,26.291531,14.315902,-0.822627,-11.047725,10.433370,-26.026046,-29.963614,6.995093,3.545713,15.000035,1.606817,-5.584507,12.024326,14.176604,35.818670,-16.248214,57.002485,-15.233571,5.580460,15.189445,0.089341,-48.324283,5.271985,-54.954130,25.017334,-9.852165,-5.948065
522,2.848589,-21.039990,79.766832,1.313502,-7.309591,87.338099,-1.243262,21.383451,26.344230,14.740626,-1.046127,-10.913014,10.143390,-25.910560,-29.595883,7.030612,3.524892,15.000035,1.577368,-6.009461,12.417684,13.842084,35.941860,-15.814195,58.264474,-16.093385,5.609444,15.347311,-0.385635,-48.050187,5.250361,-54.790940,25.033403,-9.845437,-5.975283
523,2.716043,-21.672034,79.904489,1.322234,-6.544201,87.233697,-2.567683,21.472590,25.717834,16.575509,-1.643775,-11.260596,8.762554,-26.097305,-28.908288,8.948710,2.707471,15.000035,1.481128,-5.973094,13.291470,12.054469,36.098289,-16.158442,58.988145,-16.903129,5.354416,15.775765,-1.331420,-47.679048,6.187918,-53.883837,24.199121,-10.532774,-6.502114
524,2.583943,-22.312595,80.013538,1.330107,-5.784947,87.129471,-3.892104,21.561730,25.091438,18.410393,-2.241424,-11.035219,7.381718,-26.284051,-28.220692,10.866808,1.890050,15.000035,1.384887,-5.936727,14.165256,10.266855,36.254718,-16.502689,59.711817,-17.712872,5.099388,16.204220,-2.277206,-47.307909,7.125474,-52.976733,23.364838,-11.220111,-7.028946
525,2.452192,-22.961407,80.094219,1.337077,-5.031606,87.025409,-5.216525,21.650870,24.465042,20.245277,-2.839072,-11.382801,6.000883,-26.470796,-27.533097,12.784906,1.072629,15.000035,1.288647,-5.900361,15.039042,8.479240,36.411147,-16.846937,60.435488,-18.522616,4.844360,16.632674,-3.222991,-46.936769,8.063031,-52.069630,22.530556,-11.907448,-7.555777
526,2.320697,-23.618181,80.146775,1.343104,-4.283956,86.921499,-6.540946,21.740009,23.838646,22.080160,-3.436721,-11.157425,4.620047,-26.657541,-26.845502,14.703003,0.255208,15.000035,1.192407,-5.863994,15.912829,6.691625,36.567576,-17.191184,61.159160,-19.332359,4.589332,17.061129,-4.168776,-46.565630,9.000588,-51.162527,21.696273,-12.594785,-8.082608
527,2.189371,-24.282613,80.171457,1.348147,-3.541768,86.817723,-7.865367,21.829149,23.212250,23.915044,-4.034369,-11.505007,3.239211,-26.844287,-26.157906,16.621101,-0.562213,15.000035,1.096166,-5.827627,16.786615,4.904010,36.724004,-17.535431,61.882831,-20.142103,4.334303,17.489583,-5.114562,-46.194491,9.938144,-50.255424,20.861991,-13.282122,-8.609440
528,2.058133,-24.954384,80.168517,1.352170,-2.804817,86.714064,-9.189789,21.918289,22.585854,25.749928,-4.632018,-11.279631,1.858375,-27.031032,-25.470311,18.539199,-1.379634,15.000035,0.999926,-5.791261,17.660401,3.116395,36.880433,-17.879678,62.606503,-20.951847,4.079275,17.918037,-6.060347,-45.823352,10.875701,-49.348320,20.027709,-13.969459,-9.136271
529,1.926906,-25.633162,80.138214,1.355136,-2.072877,86.610502,-10.514210,22.007428,21.959458,27.584811,-5.229666,-11.627212,0.477539,-27.217777,-24.782715,20.457297,-2.197055,15.000035,0.903686,-5.754894,18.534187,1.328781,37.036862,-18.223925,63.330174,-21.761590,3.824247,18.346492,-7.006132,-45.452212,11.813258,-48.441217,19.193426,-14.656796,-9.663102
530,1.795623,-26.318608,80.080809,1.357012,-1.345725,86.507013,-11.838631,22.096568,21.333062,29.419695,-5.827315,-11.401836,-0.903297,-27.404522,-24.095120,22.375395,-3.014476,15.000035,0.807445,-5.718527,19.407973,-0.458834,37.193291,-18.568173,64.053846,-22.571334,3.569219,18.774946,-7.951918,-45.081073,12.750815,-47.534114,18.359144,-15.344133,-10.189934
531,1.664219,-27.010377,79.996565,1.357765,-0.623140,86.403575,-13.163052,22.185708,20.706666,31.254579,-6.424963,-11.749418,-2.284132,-27.591268,-23.407525,24.293493,-3.831896,15.000035,0.711205,-5.682160,20.281759,-2.246449,37.349720,-18.912420,64.777517,-23.381077,3.314191,19.203401,-8.897703,-44.709934,13.688371,-46.627011,17.524861,-16.031470,-10.716765
532,1.532638,-27.708118,79.885748,1.357365,0.095093,86.300159,-14.487473,22.274847,20.080270,33.089462,-7.022612,-12.097000,-3.664968,-27.778013,-22.719929,26.211590,-4.649317,15.000035,0.614964,-5.645794,21.155545,-4.034063,37.506149,-19.256667,65.501188,-24.190821,3.059163,19.631855,-9.843489,-44.338794,14.625928,-45.719907,16.690579,-16.718808,-11.243597
533,1.400830,-28.411484,79.748627,1.355782,0.809186,86.196740,-15.811894,22.363987,19.453874,34.924346,-7.620260,-12.444581,-5.045804,-27.964758,-22.032334,28.129688,-5.466738,15.000035,0.518724,-5.609427,22.029331,-5.821678,37.662578,-19.600914,66.224860,-25.000565,2.804135,20.060309,-10.789274,-43.967655,15.563485,-44.812804,15.856297,-17.406145,-11.770428
534,1.268749,-29.120124,79.585472,1.352991,1.519343,86.093288,-17.136316,22.453127,18.827478,36.759230,-8.217909,-12.219205,-6.426640,-28.151503,-21.344739,30.047786,-6.284159,15.000035,0.422484,-5.573060,22.903117,-7.609293,37.819007,-19.945161,66.948531,-25.810308,2.549107,20.488764,-11.735059,-43.596516,16.501041,-43.905701,15.022014,-18.093482,-12.297259
535,1.136359,-29.833697,79.396556,1.348965,2.225762,85.989773,-18.460737,22.542266,18.201082,38.594113,-8.815557,-12.566787,-7.807476,-28.338249,-20.657143,31.965884,-7.101580,15.000035,0.326243,-5.536694,23.776903,-9.396908,37.975436,-20.289409,67.672203,-26.620052,2.294079,20.917218,-12.680845,-43.225377,17.438598,-42.998598,14.187732,-18.780819,-12.824091
536,1.003626,-30.551863,79.182156,1.343681,2.928633,85.886163,-19.785158,22.631406,17.574686,40.428997,-9.413206,-12.341411,-9.188312,-28.524994,-19.969548,33.883982,-7.919001,15.000035,0.230003,-5.500327,24.650690,-11.184522,38.131865,-20.633656,68.395874,-27.429795,2.039051,21.345673,-13.626630,-42.854237,18.376155,-42.091494,13.353449,-19.468156,-13.350922
537,0.870524,-31.274291,78.942550,1.337118,3.628137,85.782426,-21.109579,22.720545,16.948290,42.263881,-10.010855,-12.688992,-10.569148,-28.711739,-19.281952,35.802080,-8.736422,15.000035,0.133762,-5.463960,25.524476,-12.972137,38.288294,-20.977903,69.119546,-28.239539,1.784022,21.774127,-14.572415,-42.483098,19.313711,-41.184391,12.519167,-20.155493,-13.877753
538,0.737032,-32.000662,78.678021,1.329255,4.324446,85.678529,-22.434000,22.809685,16.321894,44.098764,-10.608503,-13.036574,-11.949983,-28.898484,-18.594357,37.720178,-9.553843,15.000035,0.037522,-5.427594,26.398262,-14.759752,38.444722,-21.322150,69.843217,-29.049283,1.528994,22.202581,-15.518201,-42.111959,20.251268,-40.277288,11.684885,-20.842830,-14.404585
539,0.603134,-32.730663,78.388856,1.320072,5.017723,85.574438,-23.758421,22.898825,15.695499,45.933648,-11.206152,-13.384156,-13.330819,-29.085230,-17.906762,39.638275,-10.371264,15.000035,-0.058718,-5.391227,27.272048,-16.547367,38.601151,-21.666397,70.566889,-29.859026,1.273966,22.631036,-16.463986,-41.740820,21.188825,-39.370185,10.850602,-21.530167,-14.931416
540,0.468817,-33.463997,78.075346,1.309553,5.708119,85.470118,-25.082842,22.987964,15.069103,47.768532,-11.803800,-13.158780,-14.711655,-29.271975,-17.219166,41.556373,-11.188685,15.000035,-0.154959,-5.354860,28.145834,-18.334982,38.757580,-22.010645,71.290560,-30.668770,1.018938,23.059490,-17.409771,-41.369681,22.126382,-38.463081,10.016320,-22.217504,-15.458247
541,0.334076,-34.200377,77.737787,1.297682,6.395774,85.365534,-26.407264,23.077104,14.442707,49.603415,-12.401449,-13.506362,-16.092491,-29.458720,-16.531571,43.474471,-12.006106,15.000035,-0.251199,-5.318493,29.019620,-20.122596,38.914009,-22.354892,72.014232,-31.478513,0.763910,23.487945,-18.355557,-40.998541,23.063938,-37.555978,9.182037,-22.904841,-15.985079
542,0.198909,-34.939531,77.376484,1.284444,7.080820,85.260650,-27.731685,23.166244,13.816311,51.438299,-12.999097,-13.853943,-17.473327,-29.645465,-15.843976,45.392569,-12.823527,15.000035,-0.347439,-5.282127,29.893406,-21.910211,39.070438,-22.699139,72.737903,-32.288257,0.508882,23.916399,-19.301342,-40.627402,24.001495,-36.648875,8.347755,-23.592178,-16.511910
543,0.287815,-34.971005,77.246212,1.311331,7.858614,85.340172,-28.746840,22.819035,13.191526,52.340989,-13.311031,-13.812866,-18.552799,-29.522638,-15.378149,46.431974,-13.210045,15.000035,-0.377014,-5.159247,29.888436,-22.051482,38.963832,-22.680488,73.125722,-32.977140,0.189018,24.109467,-19.775940,-40.282347,24.318220,-35.811159,8.214304,-23.619088,-16.322264
544,0.371099,-35.001686,77.103244,1.335120,8.636515,85.420122,-29.761994,22.471826,12.566741,53.243679,-13.622965,-13.771788,-19.632271,-29.399810,-14.912322,47.471380,-13.596564,15.000035,-0.406588,-5.036367,29.883465,-22.192753,38.857226,-22.661838,73.513541,-33.666023,-0.130846,24.302536,-20.250538,-39.937293,24.634945,-34.973443,8.080853,-23.645998,-16.132618
545,0.448809,-35.031385,76.947732,1.355805,9.414687,85.500359,-30.777149,22.124617,11.941956,54.146370,-13.934898,-13.730710,-20.711743,-29.276982,-14.446495,48.510786,-13.983082,15.000035,-0.436163,-4.913487,29.878495,-22.334023,38.750620,-22.643187,73.901361,-34.354906,-0.450710,24.495604,-20.725136,-39.592238,24.951670,-34.135727,7.947403,-23.672908,-15.942972
546,0.521001,-35.059916,76.779818,1.373379,10.193298,85.580740,-31.792304,21.777408,11.317172,55.049060,-14.246832,-13.689632,-21.791215,-29.154154,-13.980668,49.550191,-14.369601,15.000035,-0.465737,-4.790607,29.873525,-22.475294,38.644014,-22.624537,74.289180,-35.043788,-0.770575,24.688672,-21.199735,-39.247183,25.268395,-33.298011,7.813952,-23.699818,-15.753325
547,0.587737,-35.087097,76.599643,1.387836,10.972512,85.661123,-32.807459,21.430199,10.692387,55.951750,-14.558766,-13.648554,-22.870687,-29.031327,-13.514842,50.589597,-14.756119,15.000035,-0.495312,-4.667727,29.868554,-22.616565,38.537409,-22.605887,74.676999,-35.732671,-1.090439,24.881740,-21.674333,-38.902129,25.585120,-32.460295,7.680501,-23.726729,-15.563679
548,0.649088,-35.112752,76.407338,1.399167,11.752496,85.741364,-33.822614,21.082991,10.067602,56.854440,-14.870700,-13.607476,-23.950159,-28.908499,-13.049015,51.629002,-15.142638,15.000035,-0.524886,-4.544847,29.863584,-22.757836,38.430803,-22.587236,75.064818,-36.421554,-1.410303,25.074808,-22.148931,-38.557074,25.901845,-31.622580,7.547051,-23.753639,-15.374033
549,0.705128,-35.136708,76.203033,1.407364,12.533414,85.821322,-34.837769,20.735782,9.442817,57.757131,-15.182633,-13.566398,-25.029631,-28.785671,-12.583188,52.668408,-15.529156,15.000035,-0.554461,-4.421967,29.858614,-22.899107,38.324197,-22.568586,75.452637,-37.110437,-1.730167,25.267877,-22.623529,-38.212019,26.218570,-30.784864,7.413600,-23.780549,-15.184387
550,0.755939,-35.158801,75.986848,1.412416,13.315432,85.900852,-35.852924,20.388573,8.818033,58.659821,-15.494567,-13.525320,-26.109103,-28.662844,-12.117361,53.707813,-15.915675,15.000035,-0.584035,-4.299087,29.853643,-23.040377,38.217591,-22.549935,75.840457,-37.799320,-2.050031,25.460945,-23.098127,-37.866965,26.535295,-29.947148,7.280149,-23.807459,-14.994741
551,0.801609,-35.178872,75.758898,1.414312,14.098709,85.979812,-36.868079,20.041364,8.193248,59.562511,-15.806501,-13.484242,-27.188575,-28.540016,-11.651534,54.747219,-16.302193,15.000035,-0.613610,-4.176207,29.848673,-23.181648,38.110985,-22.531285,76.228276,-38.488203,-2.369895,25.654013,-23.572725,-37.521910,26.852020,-29.109432,7.146698,-23.834369,-14.805095
552,0.842230,-35.196770,75.519297,1.413040,14.883406,86.058058,-37.883233,19.694155,7.568463,60.465201,-16.118434,-13.443164,-28.268048,-28.417188,-11.185708,55.786625,-16.688712,15.000035,-0.643184,-4.053327,29.843703,-23.322919,38.004379,-22.512634,76.616095,-39.177086,-2.689760,25.847082,-24.047324,-37.176856,27.168745,-28.271716,7.013248,-23.861279,-14.615449
553,0.877901,-35.212352,75.268148,1.408587,15.669680,86.135445,-38.898388,19.346946,6.943678,61.367891,-16.430368,-13.402086,-29.347519,-28.294360,-10.719881,56.826030,-17.075231,15.000035,-0.672759,-3.930447,29.838732,-23.464190,37.897773,-22.493984,77.003914,-39.865968,-3.009624,26.040150,-24.521922,-36.831801,27.485471,-27.434000,6.879797,-23.888189,-14.425802
554,0.908724,-35.225484,75.005551,1.400938,16.457685,86.211829,-39.913543,18.999737,6.318894,62.270582,-16.742302,-13.361008,-30.426991,-28.171533,-10.254054,57.865436,-17.461749,15.000035,-0.702333,-3.807567,29.833762,-23.605461,37.791167,-22.475333,77.391733,-40.554851,-3.329488,26.233218,-24.996520,-36.486746,27.802196,-26.596284,6.746346,-23.915099,-14.236156
555,0.934808,-35.236041,74.731603,1.390076,17.247571,86.287065,-40.928698,18.652529,5.694109,63.173272,-17.054236,-13.319930,-31.506463,-28.048705,-9.788227,58.904841,-17.848268,15.000035,-0.731908,-3.684687,29.828792,-23.746731,37.684561,-22.456683,77.779553,-41.243734,-3.649352,26.426286,-25.471118,-36.141692,28.118921,-25.758568,6.612895,-23.942009,-14.046510
556,0.956266,-35.243907,74.446392,1.375981,18.039486,86.361006,-41.943853,18.305320,5.069324,64.075962,-17.366169,-13.278853,-32.585935,-27.925877,-9.322400,59.944247,-18.234786,15.000035,-0.761482,-3.561807,29.823821,-23.888002,37.577955,-22.438032,78.167372,-41.932617,-3.969216,26.619355,-25.945716,-35.796637,28.435646,-24.920852,6.479445,-23.968919,-13.856864
557,0.973215,-35.248976,74.150005,1.358635,18.833570,86.433505,-42.959008,17.958111,4.444539,64.978652,-17.678103,-13.237775,-33.665408,-27.803050,-8.856574,60.983652,-18.621305,15.000035,-0.791057,-3.438927,29.818851,-24.029273,37.471349,-22.419382,78.555191,-42.621500,-4.289080,26.812423,-26.420314,-35.451582,28.752371,-24.083137,6.345994,-23.995829,-13.667218
558,0.985775,-35.251153,73.842522,1.338013,19.629963,86.504415,-43.974163,17.610902,3.819755,65.881343,-17.990037,-13.196697,-34.744880,-27.680222,-8.390747,62.023058,-19.007823,15.000035,-0.820631,-3.316047,29.813881,-24.170544,37.364744,-22.400731,78.943010,-43.310383,-4.608944,27.005491,-26.894912,-35.106528,29.069096,-23.245421,6.212543,-24.022740,-13.477572
559,0.994072,-35.250354,73.572713,1.314090,20.428797,86.573585,-44.989318,17.263693,3.194970,66.784033,-18.301971,-13.155619,-35.824352,-27.557394,-7.924920,63.062464,-19.394342,15.000035,-0.850206,-3.193167,29.808910,-24.311815,37.258138,-22.382081,79.330829,-43.999265,-4.928809,27.198559,-27.369511,-34.761473,29.385821,-22.407705,6.079092,-24.049650,-13.287925
560,0.998234,-35.246505,73.319274,1.286837,21.230199,86.640864,-46.004473,16.916484,2.570185,67.686723,-18.613904,-13.114541,-36.903823,-27.434567,-7.459093,64.101869,-19.780860,14.930926,-0.879780,-3.070287,29.803940,-24.453085,37.151532,-22.363430,79.718649,-44.688148,-5.248673,27.391628,-27.844109,-34.416418,29.702546,-21.569989,5.945642,-24.076560,-13.098279
561,0.998394,-35.239545,73.353023,1.256223,22.034291,86.706101,-47.019627,16.569275,1.945400,68.589413,-18.925838,-13.073463,-37.983295,-27.311739,-6.993266,65.141275,-20.167379,0.984928,-0.909355,-2.947407,29.798970,-24.594356,37.044926,-22.344780,80.106468,-45.377031,-5.568537,27.584696,-28.318707,-34.071364,30.019271,-20.732273,5.812191,-24.103470,-12.908633
562,0.994686,-35.229423,72.999517,1.222213,22.841190,86.769140,-48.034782,16.222067,1.320615,69.492104,-19.237772,-13.032385,-39.062768,-27.188911,-6.527440,66.180680,-20.553897,0.789917,-0.938929,-2.824527,29.793999,-24.735627,36.938320,-22.326129,80.494287,-46.065914,-5.888401,27.777764,-28.793305,-33.726309,30.335996,-19.894557,5.678740,-24.130380,-12.718987
563,1.054345,-34.933088,72.871120,1.242172,23.197225,86.981713,-48.449533,15.838210,1.042025,69.807030,-19.379438,-13.113759,-39.481957,-26.990779,-6.297596,66.666446,-20.755361,0.765657,-0.900950,-2.662008,29.793989,-24.789741,36.926479,-22.451172,80.401395,-46.084035,-6.001599,27.816115,-28.921812,-33.872169,30.252851,-19.914097,5.619936,-23.974814,-12.731293
564,1.112391,-34.636394,72.739751,1.262139,23.553370,87.194479,-48.864284,15.454353,0.763435,70.121957,-19.521104,-13.195132,-39.901146,-26.792648,-6.067753,67.152211,-20.956825,0.741396,-0.862972,-2.499489,29.793980,-24.843854,36.914639,-22.576215,80.308504,-46.102155,-6.114797,27.854466,-29.050318,-34.018028,30.169706,-19.933637,5.561131,-23.819247,-12.743599
565,1.168837,-34.339322,72.605439,1.282120,23.909655,87.407434,-49.279035,15.070496,0.484845,70.436883,-19.662770,-13.276506,-40.320335,-26.594516,-5.837910,67.637977,-21.158289,0.717135,-0.824993,-2.336970,29.793970,-24.897968,36.902798,-22.701257,80.215613,-46.120276,-6.227995,27.892816,-29.178825,-34.163888,30.086560,-19.953177,5.502327,-23.663681,-12.755905
566,1.223694,-34.041853,72.468213,1.302120,24.266107,87.620569,-49.693786,14.686640,0.206255,70.751810,-19.804436,-13.357879,-40.739523,-26.396384,-5.608066,68.123742,-21.359753,0.692874,-0.787014,-2.174451,29.793960,-24.952082,36.890958,-22.826300,80.122721,-46.138397,-6.341193,27.931167,-29.307331,-34.309747,30.003415,-19.972717,5.443522,-23.508115,-12.768211
567,1.276972,-33.743966,72.328098,1.322146,24.622757,87.833879,-50.108537,14.302783,-0.072335,71.066736,-19.946102,-13.439253,-41.158712,-26.198253,-5.378223,68.609508,-21.561217,0.668613,-0.749035,-2.011932,29.793950,-25.006195,36.879117,-22.951343,80.029829,-46.156517,-6.454390,27.969518,-29.435837,-34.455607,29.920270,-19.992257,5.384718,-23.352548,-12.780517
568,1.328685,-33.445642,72.213504,1.342203,24.979633,88.047358,-50.523287,13.918926,-0.350925,71.381663,-20.087768,-13.520626,-41.577901,-26.000121,-5.148380,69.095273,-21.762680,0.644352,-0.711057,-1.849413,29.793940,-25.060309,36.867277,-23.076386,79.936938,-46.174638,-6.567588,28.007869,-29.564344,-34.601467,29.837125,-20.011797,5.325913,-23.196982,-12.792822
569,1.378843,-33.146863,72.111044,1.362299,25.336764,88.261001,-50.938038,13.535069,-0.629515,71.696590,-20.229434,-13.602000,-41.997089,-25.801989,-4.918537,69.581039,-21.964144,0.620091,-0.673078,-1.686894,29.793930,-25.114423,36.855436,-23.201429,79.844046,-46.192759,-6.680786,28.046219,-29.692850,-34.747326,29.753980,-20.031337,5.267108,-23.041416,-12.805128
570,1.427458,-32.847608,72.006805,1.382439,25.694179,88.474802,-51.352789,13.151213,-0.908105,72.011516,-20.371100,-13.683373,-42.416278,-25.603857,-4.688693,70.066804,-22.165608,0.595830,-0.635099,-1.524375,29.793920,-25.168536,36.843596,-23.326471,79.751155,-46.210879,-6.793984,28.084570,-29.821357,-34.893186,29.670834,-20.050877,5.208304,-22.885850,-12.817434
571,1.474542,-32.547859,71.913243,1.402631,26.051908,88.688755,-51.767539,12.767356,-1.186696,72.326443,-20.512767,-13.764747,-42.835467,-25.405726,-4.458850,70.552570,-22.367072,0.571569,-0.597120,-1.361856,29.793911,-25.222650,36.831755,-23.451514,79.658264,-46.229000,-6.907182,28.122921,-29.949863,-35.039045,29.587689,-20.070417,5.149500,-22.730283,-12.829740
572,1.520106,-32.247597,71.830450,1.422882,26.409980,88.902857,-52.182291,12.383499,-1.465286,72.641369,-20.654433,-13.846120,-43.254656,-25.207594,-4.229007,71.038335,-22.568536,0.547308,-0.559142,-1.199337,29.793901,-25.276764,36.819915,-23.576557,79.565372,-46.247121,-7.020380,28.161272,-30.078370,-35.184905,29.504544,-20.089958,5.090695,-22.574717,-12.842046
573,1.564162,-31.946805,71.718085,1.443199,26.768424,89.117102,-52.597041,11.999642,-1.743876,72.956296,-20.796099,-13.354536,-43.673845,-25.009462,-3.999163,71.524101,-22.770000,0.523047,-0.521163,-1.036818,29.793891,-25.330877,36.808074,-23.701600,79.472480,-46.265241,-7.133578,28.199622,-30.206876,-35.330765,29.421399,-20.109498,5.031891,-22.419151,-12.854352
574,1.606723,-31.645462,71.625867,1.463590,27.127271,89.331485,-53.011792,11.615786,-2.022466,73.271223,-20.937765,-13.435909,-44.093034,-24.811330,-3.769320,72.009866,-22.971464,0.498787,-0.483184,-0.874299,29.793881,-25.384991,36.796234,-23.826643,79.379589,-46.283362,-7.246776,28.237973,-30.335383,-35.476624,29.338254,-20.129038,4.973086,-22.263584,-12.866658
575,1.647799,-31.343552,71.538133,1.484063,27.486548,89.546003,-53.426543,11.231929,-2.301056,73.586149,-21.079431,-13.517283,-44.512223,-24.613199,-3.539477,72.495632,-23.172928,0.474526,-0.445205,-0.711780,29.793871,-25.439104,36.784393,-23.951685,79.286698,-46.301482,-7.359974,28.276324,-30.463890,-35.622484,29.255108,-20.148578,4.914282,-22.108018,-12.878964
576,1.687403,-31.041057,71.414917,1.504626,27.846286,89.760651,-53.841294,10.848072,-2.579646,73.901076,-21.221097,-13.025699,-44.931412,-24.415067,-3.309633,72.981397,-23.374391,0.450265,-0.407227,-0.549261,29.793861,-25.493218,36.772553,-24.076728,79.193806,-46.319603,-7.473172,28.314675,-30.592396,-35.768343,29.171963,-20.168118,4.855477,-21.952452,-12.891270
577,1.725547,-30.737960,71.324074,1.525287,28.206513,89.975426,-54.256044,10.464215,-2.858236,74.216002,-21.362763,-13.107072,-45.350601,-24.216935,-3.079790,73.467163,-23.575855,0.426004,-0.369248,-0.386742,29.793852,-25.547332,36.760712,-24.201771,79.100914,-46.337724,-7.586370,28.353025,-30.720902,-35.914203,29.088818,-20.187658,4.796672,-21.796885,-12.903576
578,1.762242,-30.434243,71.231572,1.546056,28.567260,90.190324,-54.670795,10.080359,-3.136826,74.530929,-21.504429,-13.188446,-45.769790,-24.018804,-2.849947,73.952928,-23.777319,0.401743,-0.331269,-0.224223,29.793842,-25.601445,36.748872,-24.326814,79.008023,-46.355844,-7.699567,28.391376,-30.849409,-36.060063,29.005673,-20.207198,4.737868,-21.641319,-12.915881
579,1.797501,-30.129889,71.103872,1.566941,28.928555,90.405341,-55.085546,9.696502,-3.415416,74.845855,-21.646095,-12.696861,-46.188978,-23.820672,-2.620104,74.438693,-23.978783,0.377482,-0.293290,-0.061704,29.793832,-25.655559,36.737032,-24.451857,78.915131,-46.373965,-7.812765,28.429727,-30.977915,-36.205922,28.922528,-20.226738,4.679063,-21.485753,-12.928187
580,1.831336,-29.824882,71.008371,1.587952,29.290429,90.620476,-55.500297,9.312645,-3.694007,75.160782,-21.787761,-12.778235,-46.608167,-23.622540,-2.390260,74.924459,-24.180247,0.353221,-0.255312,0.100815,29.793822,-25.709673,36.725191,-24.576899,78.822240,-46.392086,-7.925963,28.468077,-31.106422,-36.351782,28.839382,-20.246278,4.620259,-21.330187,-12.940493
581,1.863758,-29.519207,70.911264,1.609100,29.652908,90.835726,-55.915048,8.928789,-3.972597,75.475709,-21.929427,-12.859608,-47.027356,-23.424408,-2.160417,75.410224,-24.381711,0.328960,-0.217333,0.263334,29.793812,-25.763786,36.713350,-24.701942,78.729349,-46.410206,-8.039161,28.506428,-31.234928,-36.497641,28.756237,-20.265818,4.561454,-21.174620,-12.952799
582,1.894780,-29.212847,70.779237,1.630393,30.016024,91.051088,-56.329798,8.544932,-4.251187,75.790635,-22.071094,-12.368024,-47.446545,-23.226277,-1.930574,75.895990,-24.583175,0.304699,-0.179354,0.425853,29.793802,-25.817900,36.701510,-24.826985,78.636457,-46.428327,-8.152359,28.544779,-31.363435,-36.643501,28.673092,-20.285358,4.502650,-21.019054,-12.965105
583,1.884150,-29.143320,70.779722,1.603245,30.080508,91.068155,-56.426267,8.387064,-4.359275,75.866654,-22.080485,-12.381818,-47.546231,-23.074084,-1.853762,76.023298,-24.634270,0.306232,-0.167574,0.470412,29.793802,-25.782967,36.693937,-24.863754,78.626135,-46.401894,-8.111173,28.562240,-31.338005,-36.736049,28.618903,-20.353228,4.367241,-21.046959,-13.088854
584,1.873495,-29.073669,70.779975,1.576078,30.145108,91.085185,-56.522735,8.229196,-4.467362,75.942673,-22.089876,-12.395613,-47.645915,-22.921890,-1.776951,76.150606,-24.685366,0.307765,-0.155794,0.514972,29.793802,-25.748033,36.686363,-24.900523,78.615812,-46.375460,-8.069986,28.579700,-31.312576,-36.828597,28.564714,-20.421098,4.231832,-21.074864,-13.212603
585,1.862817,-29.003895,70.779993,1.548893,30.209827,91.102180,-56.619204,8.071328,-4.575450,76.018692,-22.099267,-12.409407,-47.745600,-22.769697,-1.700140,76.277915,-24.736462,0.309299,-0.144014,0.559531,29.793802,-25.713100,36.678790,-24.937291,78.605490,-46.349027,-8.028800,28.597161,-31.287146,-36.921145,28.510525,-20.488968,4.096423,-21.102768,-13.336351
586,1.852115,-28.933993,70.749707,1.521690,30.274667,91.119139,-56.715672,7.913460,-4.683538,76.094711,-22.108658,-11.850245,-47.845286,-22.617504,-1.623328,76.405223,-24.787557,0.310832,-0.132234,0.604090,29.793802,-25.678166,36.671216,-24.974060,78.595168,-46.322593,-7.987613,28.614622,-31.261717,-37.013693,28.456336,-20.556838,3.961014,-21.130673,-13.460100
587,1.841391,-28.863962,70.746053,1.494470,30.339630,91.136062,-56.812141,7.755592,-4.791626,76.170729,-22.118049,-11.864039,-47.944970,-22.465311,-1.546517,76.532531,-24.838653,0.312365,-0.120454,0.648649,29.793802,-25.643233,36.663643,-25.010829,78.584846,-46.296160,-7.946427,28.632082,-31.236287,-37.106241,28.402147,-20.624707,3.825605,-21.158578,-13.583849
588,1.830645,-28.793801,70.745498,1.467233,30.404719,91.152950,-56.908609,7.597724,-4.899714,76.246748,-22.127440,-11.877834,-48.044656,-22.313118,-1.469706,76.659839,-24.889749,14.064886,-0.108674,0.693208,29.793802,-25.608299,36.656069,-25.047598,78.574523,-46.269726,-7.905240,28.649543,-31.210858,-37.198789,28.347958,-20.692577,3.690197,-21.186483,-13.707598
589,1.819878,-28.723506,70.744711,1.439981,30.469935,91.169804,-57.005078,7.439856,-5.007801,76.322767,-22.136831,-11.891628,-48.144341,-22.160925,-1.392895,76.787148,-24.940844,14.066419,-0.096894,0.737767,29.793802,-25.573366,36.648496,-25.084367,78.564201,-46.243293,-7.864054,28.667004,-31.185428,-37.291337,28.293769,-20.760447,3.554788,-21.214388,-13.831346
590,1.809091,-28.653075,70.743695,1.412714,30.535281,91.186622,-57.101546,7.281988,-5.115889,76.398786,-22.146222,-11.905423,-48.244026,-22.008732,-1.316083,76.914456,-24.991940,14.067952,-0.085114,0.782327,29.793802,-25.538432,36.640922,-25.121135,78.553879,-46.216859,-7.822867,28.684464,-31.159999,-37.383885,28.239580,-20.828317,3.419379,-21.242292,-13.955095
591,1.798283,-28.582507,70.742451,1.385432,30.600759,91.203407,-57.198014,7.124120,-5.223977,76.474805,-22.155613,-11.919217,-48.343711,-21.856538,-1.239272,77.041764,-25.043036,14.069485,-0.073334,0.826886,29.793802,-25.503499,36.633349,-25.157904,78.543556,-46.190426,-7.781681,28.701925,-31.134569,-37.476433,28.185391,-20.896187,3.283970,-21.270197,-14.078844
592,1.787456,-28.511799,70.707749,1.358137,30.666371,91.220158,-57.294483,6.966252,-5.332065,76.550824,-22.165004,-11.360054,-48.443396,-21.704345,-1.162461,77.169072,-25.094132,14.071018,-0.061554,0.871445,29.793802,-25.468566,36.625775,-25.194673,78.533234,-46.163992,-7.740495,28.719386,-31.109139,-37.568981,28.131202,-20.964057,3.148561,-21.298102,-14.202593
593,1.776611,-28.440949,70.706167,1.330829,30.732119,91.236875,-57.390951,6.808384,-5.440153,76.626843,-22.174395,-11.373848,-48.543081,-21.552152,-1.085649,77.296380,-25.145227,14.072551,-0.049774,0.916004,29.793802,-25.433632,36.618202,-25.231442,78.522912,-46.137559,-7.699308,28.736846,-31.083710,-37.661528,28.077012,-21.031927,3.013152,-21.326007,-14.326341
594,1.765747,-28.369956,70.704359,1.303509,30.798007,91.253559,-57.487419,6.650516,-5.548240,76.702861,-22.183786,-11.387643,-48.642766,-21.399959,-1.008838,77.423689,-25.196323,14.074084,-0.037994,0.960563,29.793802,-25.398699,36.610629,-25.268211,78.512589,-46.111126,-7.658122,28.754307,-31.058280,-37.754076,28.022823,-21.099797,2.877743,-21.353912,-14.450090
595,1.754865,-28.298816,70.702325,1.276177,30.864034,91.270211,-57.583888,6.492648,-5.656328,76.778880,-22.193177,-11.401437,-48.742451,-21.247766,-0.932027,77.550997,-25.247419,14.075617,-0.026214,1.005122,29.793802,-25.363765,36.603055,-25.304979,78.502267,-46.084692,-7.616935,28.771767,-31.032851,-37.846624,27.968634,-21.167667,2.742334,-21.381816,-14.573839
596,1.743967,-28.227527,70.700065,1.248834,30.930205,91.286829,-57.680356,6.334780,-5.764416,76.854899,-22.202568,-11.415232,-48.842136,-21.095573,-0.855215,77.678305,-25.298514,14.077150,-0.014434,1.049681,29.793802,-25.328832,36.595482,-25.341748,78.491945,-46.058259,-7.575749,28.789228,-31.007421,-37.939172,27.914445,-21.235537,2.606925,-21.409721,-14.697588
597,1.733052,-28.156089,70.665109,1.221481,30.996522,91.303416,-57.776825,6.176912,-5.872504,76.930918,-22.211959,-10.856068,-48.941821,-20.943379,-0.778404,77.805613,-25.349610,14.078683,-0.002654,1.094241,29.793802,-25.293898,36.587908,-25.378517,78.481623,-46.031825,-7.534562,28.806689,-30.981992,-38.031720,27.860256,-21.303407,2.471516,-21.437626,-14.821336
598,1.722122,-28.084498,70.661806,1.194119,31.062985,91.319970,-57.873293,6.019045,-5.980592,77.006937,-22.221350,-10.869862,-49.041506,-20.791186,-0.701593,77.932922,-25.400706,14.080216,0.009126,1.138800,29.793802,-25.258965,36.580335,-25.415286,78.471300,-46.005392,-7.493376,28.824149,-30.956562,-38.124268,27.806067,-21.371276,2.336108,-21.465531,-14.945085
599,1.711176,-28.012752,70.658993,1.166747,31.129598,91.336493,-57.969761,5.861177,-6.088679,77.082956,-22.230741,-10.883657,-49.141191,-20.638993,-0.624782,78.060230,-25.451801,14.081749,0.020906,1.183359,29.793802,-25.224031,36.572761,-25.452055,78.460978,-45.978958,-7.452189,28.841610,-30.931133,-38.216816,27.751878,-21.439146,2.200699,-21.493436,-15.068834
600,1.700216,-27.940850,70.655956,1.139368,31.196363,91.352985,-58.066230,5.703309,-6.196767,77.158975,-22.240132,-10.897451,-49.240877,-20.486800,-0.547970,78.187538,-25.502897,14.083282,0.032686,1.227918,29.793802,-25.189098,36.565188,-25.488823,78.450656,-45.952525,-7.411003,28.859071,-30.905703,-38.309364,27.697689,-21.507016,2.065290,-21.521340,-15.192583
601,1.689241,-27.868789,70.652697,1.111981,31.263282,91.369446,-58.162698,5.545441,-6.304855,77.234993,-22.249523,-10.911246,-49.340561,-20.334607,-0.471159,78.314846,-25.553993,14.084815,0.044465,1.272477,29.793802,-25.154164,36.557614,-25.525592,78.440333,-45.926091,-7.369816,28.876531,-30.880274,-38.401912,27.643500,-21.574886,1.929881,-21.549245,-15.316331
602,1.678253,-27.796568,70.622028,1.084587,31.330357,91.385876,-58.259167,5.387573,-6.412943,77.311012,-22.258914,-10.352082,-49.440247,-20.182414,-0.394348,78.442155,-25.605088,14.086348,0.056245,1.317036,29.793802,-25.119231,36.550041,-25.562361,78.430011,-45.899658,-7.328630,28.893992,-30.854844,-38.494460,27.589311,-21.642756,1.794472,-21.577150,-15.440080
603,1.690667,-27.908398,70.646227,1.066919,31.024641,91.353364,-58.061007,5.670683,-6.344357,77.286183,-22.262697,-10.904178,-49.255448,-20.202326,-0.257178,78.437217,-25.568740,14.148240,-0.033543,1.148118,29.793802,-23.936599,36.566139,-24.900901,78.431455,-45.667925,-7.141533,28.977587,-30.454279,-39.253126,27.127598,-20.901977,1.413050,-21.013283,-15.840752
604,1.702815,-28.020343,70.642395,1.049221,30.718817,91.320906,-57.862847,5.953793,-6.275770,77.261353,-22.266480,-10.883316,-49.070650,-20.222237,-0.120007,78.432279,-25.532391,14.210132,-0.123331,0.979199,29.793802,-22.753967,36.582236,-24.239442,78.432899,-45.436191,-6.954437,29.061183,-30.053714,-40.011793,26.665884,-20.161198,1.031628,-20.449417,-16.241425
605,1.714697,-28.132406,70.671049,1.031491,30.412882,91.288503,-57.664688,6.236903,-6.207184,77.236524,-22.270263,-11.435412,-48.885851,-20.242149,0.017163,78.427341,-25.496042,14.272024,-0.213119,0.810280,29.793802,-21.571336,36.598334,-23.577982,78.434343,-45.204458,-6.767340,29.144778,-29.653149,-40.770459,26.204171,-19.420420,0.650206,-19.885550,-16.642097
606,1.726311,-28.244587,70.665784,1.013729,30.106836,91.256156,-57.466528,6.520014,-6.138598,77.211694,-22.274046,-11.414550,-48.701052,-20.262061,0.154333,78.422403,-25.459693,14.333916,-0.302907,0.641361,29.793802,-20.388704,36.614432,-22.916522,78.435786,-44.972725,-6.580243,29.228374,-29.252584,-41.529126,25.742458,-18.679641,0.268784,-19.321684,-17.042769
607,1.737656,-28.356888,70.659682,0.995934,29.800678,91.223867,-57.268369,6.803124,-6.070012,77.186865,-22.277829,-11.393688,-48.516253,-20.281973,0.291503,78.417465,-25.423344,14.395808,-0.392696,0.472442,29.793802,-19.206072,36.630529,-22.255062,78.437230,-44.740991,-6.393147,29.311969,-28.852019,-42.287792,25.280744,-17.938862,-0.112638,-18.757817,-17.443442
608,1.748733,-28.469309,70.686242,0.978104,29.494407,91.191636,-57.070209,7.086234,-6.001426,77.162035,-22.281612,-11.945784,-48.331455,-20.301885,0.428673,78.412527,-25.386995,14.457699,-0.482484,0.303523,29.793802,-18.023440,36.646627,-21.593602,78.438674,-44.509258,-6.206050,29.395564,-28.451454,-43.046459,24.819031,-17.198083,-0.494060,-18.193950,-17.844114
609,1.759539,-28.581851,70.678713,0.960239,29.188021,91.159466,-56.872049,7.369344,-5.932839,77.137206,-22.285395,-11.924922,-48.146656,-20.321797,0.565843,78.407590,-25.350646,14.519591,-0.572272,0.134605,29.793802,-16.840809,36.662725,-20.932143,78.440118,-44.277525,-6.018953,29.479160,-28.050889,-43.805125,24.357318,-16.457304,-0.875482,-17.630084,-18.244786
610,1.770074,-28.694516,70.670354,0.942336,28.881519,91.127357,-56.673890,7.652454,-5.864253,77.112376,-22.289178,-11.904060,-47.961857,-20.341709,0.703013,78.402652,-25.314297,14.581483,-0.662060,-0.034314,29.793802,-15.658177,36.678822,-20.270683,78.441562,-44.045791,-5.831857,29.562755,-27.650324,-44.563792,23.895604,-15.716526,-1.256904,-17.066217,-18.645458
611,1.780338,-28.807305,70.694820,0.924396,28.574900,91.095311,-56.475730,7.935565,-5.795667,77.087547,-22.292961,-12.456155,-47.777059,-20.361620,0.840183,78.397714,-25.277948,14.643375,-0.751849,-0.203233,29.793802,-14.475545,36.694920,-19.609223,78.443006,-43.814058,-5.644760,29.646351,-27.249759,-45.322458,23.433891,-14.975747,-1.638326,-16.502351,-19.046131
612,1.790329,-28.920219,70.685041,0.906417,28.268163,91.063330,-56.277570,8.218675,-5.727081,77.062717,-22.296745,-12.435293,-47.592260,-20.381532,0.977353,78.392776,-25.241600,14.705267,-0.841637,-0.372152,29.793802,-13.292914,36.711017,-18.947764,78.444450,-43.582325,-5.457663,29.729946,-26.849194,-46.081125,22.972178,-14.234968,-2.019748,-15.938484,-19.446803
613,1.800047,-29.033258,70.674437,0.888397,27.961306,91.031414,-56.079411,8.501785,-5.658495,77.037888,-22.300528,-12.414431,-47.407462,-20.401444,1.114524,78.387838,-25.205251,14.767159,-0.931425,-0.541071,29.793802,-12.110282,36.727115,-18.286304,78.445893,-43.350591,-5.270567,29.813541,-26.448628,-46.839791,22.510464,-13.494189,-2.401171,-15.374617,-19.847475
614,1.809492,-29.146425,70.696808,0.870336,27.654328,90.999565,-55.881251,8.784895,-5.589908,77.013058,-22.304311,-12.966527,-47.222663,-20.421356,1.251694,78.382900,-25.168902,14.829050,-1.021213,-0.709990,29.793802,-10.927650,36.743213,-17.624844,78.447337,-43.118858,-5.083470,29.897137,-26.048063,-47.598457,22.048751,-12.753410,-2.782593,-14.810751,-20.248148
615,1.818661,-29.259720,70.684792,0.852232,27.347229,90.967785,-55.683091,9.068005,-5.521322,76.988228,-22.308094,-12.945665,-47.037864,-20.441268,1.388864,78.377962,-25.132553,14.890942,-1.111002,-0.878908,29.793802,-9.745018,36.759310,-16.963384,78.448781,-42.887124,-4.896374,29.980732,-25.647498,-48.357124,21.587037,-12.012632,-3.164015,-14.246884,-20.648820
616,1.827556,-29.373144,70.671959,0.834085,27.040006,90.936076,-55.484932,9.351116,-5.452736,76.963399,-22.311877,-12.924803,-46.853066,-20.461180,1.526034,78.373025,-25.096204,14.952834,-1.200790,-1.047827,29.793802,-8.562387,36.775408,-16.301924,78.450225,-42.655391,-4.709277,30.064328,-25.246933,-49.115790,21.125324,-11.271853,-3.545437,-13.683018,-21.049492
617,1.836174,-29.486699,70.692231,0.815894,26.732659,90.904438,-55.286772,9.634226,-5.384150,76.938569,-22.315660,-13.476899,-46.668267,-20.481092,1.663204,78.368087,-25.059855,15.000035,-1.290578,-1.216746,29.793802,-7.379755,36.791506,-15.640465,78.451669,-42.423658,-4.522180,30.147923,-24.846368,-49.874457,20.663611,-10.531074,-3.926859,-13.119151,-21.450164
618,1.844516,-29.600385,70.677993,0.797656,26.425186,90.872873,-55.088612,9.917336,-5.315564,76.913740,-22.319443,-13.456037,-46.483469,-20.501003,1.800374,78.363149,-25.023506,15.000035,-1.380366,-1.385665,29.793802,-6.197123,36.807603,-14.979005,78.453113,-42.191924,-4.335084,30.231518,-24.445803,-50.633123,20.201897,-9.790295,-4.308281,-12.555284,-21.850837
619,1.852581,-29.714204,70.662942,0.779372,26.117587,90.841384,-54.890453,10.200446,-5.246977,76.888910,-22.323226,-13.435175,-46.298670,-20.520915,1.937544,78.358211,-24.987157,15.000035,-1.470154,-1.554584,29.793802,-5.014491,36.823701,-14.317545,78.454556,-41.960191,-4.147987,30.315114,-24.045238,-51.391790,19.740184,-9.049516,-4.689703,-11.991418,-22.251509
620,1.860368,-29.828156,70.681115,0.761040,25.809859,90.809971,-54.692293,10.483556,-5.178391,76.864081,-22.327009,-13.987271,-46.113872,-20.540827,2.074714,78.353273,-24.950808,15.000035,-1.559943,-1.723503,29.793802,-3.831859,36.839799,-13.656085,78.456000,-41.728458,-3.960890,30.398709,-23.644673,-52.150456,19.278471,-8.308738,-5.071125,-11.427551,-22.652181
621,1.867877,-29.942243,70.664667,0.742659,25.502003,90.778635,-54.494133,10.766667,-5.109805,76.839251,-22.330792,-13.966409,-45.929073,-20.560739,2.211884,78.348335,-24.914460,15.000035,-1.649731,-1.892421,29.793802,-2.649228,36.855896,-12.994626,78.457444,-41.496724,-3.773794,30.482305,-23.244108,-52.909123,18.816757,-7.567959,-5.452547,-10.863685,-23.052854
622,1.875107,-30.056466,70.647413,0.724229,25.194015,90.747380,-54.295974,11.049777,-5.041219,76.814422,-22.334575,-13.945547,-45.744274,-20.580651,2.349055,78.343397,-24.878111,15.000035,-1.739519,-2.061340,29.793802,-1.466596,36.871994,-12.333166,78.458888,-41.264991,-3.586697,30.565900,-22.843543,-53.667789,18.355044,-6.827180,-5.833969,-10.299818,-23.453526
623,1.935971,-30.671171,70.771040,0.864419,24.903671,90.881353,-53.877002,11.543289,-4.455491,76.300743,-22.202199,-14.381511,-45.419369,-20.785934,2.394760,78.029813,-24.702365,15.000035,-1.918280,-2.253859,29.793802,1.351002,36.538471,-11.573526,78.660489,-42.232085,-2.788865,29.774200,-21.523891,-55.708092,18.717272,-0.522171,-1.434261,-8.682627,-23.220541
624,1.992192,-31.283715,70.859300,0.998638,24.615087,91.011995,-53.458031,12.036800,-3.869763,75.787064,-22.069823,-14.244517,-45.094465,-20.991218,2.440466,77.716229,-24.526620,15.000035,-2.097041,-2.446377,29.793802,4.168600,36.204948,-10.813887,78.862091,-43.199179,-1.991032,28.982501,-20.204239,-57.748396,19.079500,5.782838,2.965447,-7.065437,-22.987556
625,2.043661,-31.894199,70.950446,1.126885,24.328193,91.139382,-53.039059,12.530312,-3.284036,75.273385,-21.937446,-14.107524,-44.769561,-21.196501,2.486171,77.402644,-24.350874,15.000035,-2.275802,-2.638895,29.793802,6.986197,35.871425,-10.054247,79.063692,-44.166273,-1.193200,28.190801,-18.884588,-59.788699,19.441729,12.087847,7.365154,-5.448246,-22.754571
626,2.090276,-32.502724,71.065724,1.249162,24.042912,91.263591,-52.620088,13.023824,-2.698308,74.759706,-21.805070,-13.970530,-44.444656,-21.401785,2.531876,77.089060,-24.175129,15.000035,-2.454563,-2.831413,29.793802,9.803795,35.537902,-9.294607,79.265293,-45.133367,-0.395368,27.399101,-17.564936,-61.829003,19.803957,18.392856,11.764862,-3.831056,-22.521586
627,2.131938,-33.109400,71.179158,1.365471,23.759168,91.384697,-52.201116,13.517336,-2.112580,74.246027,-21.672694,-13.833536,-44.119752,-21.607068,2.577582,76.775475,-23.999383,15.000035,-2.633324,-3.023932,29.793802,12.621393,35.204379,-8.534968,79.466895,-46.100461,0.402465,26.607401,-16.245284,-63.869306,20.166185,24.697865,16.164570,-2.213865,-22.288601
628,2.168550,-33.714335,71.290713,1.475815,23.476881,91.502777,-51.782144,14.010847,-1.526853,73.732348,-21.540317,-13.696542,-43.794847,-21.812352,2.623287,76.461891,-23.823638,15.000035,-2.812085,-3.216450,29.793802,15.438991,34.870856,-7.775328,79.668496,-47.067554,1.200297,25.815702,-14.925633,-65.909610,20.528413,31.002875,20.564278,-0.596675,-22.055615
629,2.200020,-34.317643,71.400353,1.580198,23.195967,91.617909,-51.363173,14.504359,-0.941125,73.218669,-21.407941,-13.559548,-43.469943,-22.017635,2.668993,76.148307,-23.647892,15.000035,-2.990846,-3.408968,29.793802,18.256589,34.537333,-7.015688,79.870097,-48.034648,1.998129,25.024002,-13.605981,-67.949913,20.890641,37.307884,24.963985,1.020516,-21.822630
630,2.226260,-34.919444,71.508040,1.678624,22.916344,91.730170,-50.944201,14.997871,-0.355397,72.704991,-21.275565,-13.422555,-43.145038,-22.222918,2.714698,75.834722,-23.472147,1.822401,-3.169608,-3.601487,29.793802,21.074186,34.203810,-6.256048,80.071698,-49.001742,2.795962,24.232302,-12.286329,-69.990217,21.252870,43.612893,29.363693,2.637706,-21.589645
631,2.247188,-35.519856,71.613735,1.771101,22.637924,91.839638,-50.525230,15.491383,0.230330,72.191312,-21.143188,-13.285561,-42.820134,-22.428202,2.760404,75.521138,-23.296401,1.853552,-3.348369,-3.794005,29.793802,23.891784,33.870287,-5.496409,80.273300,-49.968836,3.593794,23.440603,-10.966677,-72.030520,21.615098,49.917902,33.763401,4.254897,-21.356660
632,2.262722,-36.119004,71.717398,1.857634,22.360618,91.946390,-50.106258,15.984894,0.816058,71.677633,-21.010812,-13.148567,-42.495229,-22.633485,2.806109,75.207554,-23.120655,1.884702,-3.527130,-3.986523,29.793802,26.709382,33.536764,-4.736769,80.474901,-50.935930,4.391626,22.648903,-9.647025,-74.070824,21.977326,56.222911,38.163109,5.872088,-21.123675
633,2.272788,-36.717015,71.818987,1.938232,22.084336,92.050506,-49.687287,16.478406,1.401786,71.163954,-20.878435,-13.011573,-42.170324,-22.838769,2.851815,74.893969,-22.944910,1.915853,-3.705891,-4.179042,29.793802,29.526980,33.203241,-3.977129,80.676502,-51.903024,5.189459,21.857203,-8.327374,-76.111127,22.339554,62.527920,42.562816,7.489278,-20.890690
634,2.277316,-37.314018,71.918458,2.012906,21.808985,92.152064,-49.268315,16.971918,1.987513,70.650275,-20.746059,-12.874579,-41.845420,-23.044052,2.897520,74.580385,-22.769164,1.947004,-3.884652,-4.371560,29.793802,32.344578,32.869718,-3.217490,80.878104,-52.870118,5.987291,21.065504,-7.007722,-78.151430,22.701782,68.832929,46.962524,9.106469,-20.657705
635,2.276240,-37.910144,72.015769,2.081666,21.534472,92.251145,-48.849344,17.465430,2.573241,70.136596,-20.613683,-12.737585,-41.520515,-23.249336,2.943226,74.266800,-22.593419,1.978154,-4.063413,-4.564078,29.793802,35.162175,32.536195,-2.457850,81.079705,-53.837212,6.785124,20.273804,-5.688070,-80.191734,23.064011,75.137938,51.362232,10.723659,-20.424720
636,2.269498,-38.505528,72.110872,2.144525,21.260701,92.347828,-48.430372,17.958941,3.158969,69.622917,-20.481306,-12.600592,-41.195611,-23.454619,2.988931,73.953216,-22.417673,2.009305,-4.242174,-4.756596,29.793802,37.979773,32.202672,-1.698210,81.281306,-54.804306,7.582956,19.482104,-4.368419,-82.232037,23.426239,81.442947,55.761940,12.340850,-20.191735
637,2.257035,-39.100308,72.203721,2.201498,20.987574,92.442195,-48.011401,18.452453,3.744696,69.109238,-20.348930,-12.463598,-40.870706,-23.659903,3.034637,73.639632,-22.241928,2.040455,-4.420935,-4.949115,29.793802,40.797371,31.869149,-0.938570,81.482908,-55.771400,8.380788,18.690404,-3.048767,-84.272341,23.788467,87.747957,60.161647,13.958040,-19.958749
638,2.238799,-39.694621,72.294268,2.252600,20.714994,92.534325,-47.592430,18.945965,4.330424,68.595559,-20.216554,-12.326604,-40.545802,-23.865186,3.080342,73.326047,-22.066182,2.071606,-4.599696,-5.141633,29.793801,43.614969,31.535626,-0.178931,81.684509,-56.738493,9.178621,17.898705,-1.729115,-86.312644,24.150695,94.052966,64.561355,15.575231,-19.725764
639,2.214743,-40.288608,72.382461,2.297849,20.442861,92.624303,-47.173458,19.439477,4.916152,68.081881,-20.084177,-12.189610,-40.220898,-24.070469,3.126048,73.012463,-21.890437,2.102756,-4.778457,-5.334151,29.793801,46.432567,31.202103,0.580709,81.886110,-57.705587,9.976453,17.107005,-0.409463,-88.352948,24.512923,100.357975,68.961063,17.192421,-19.492779
640,2.184827,-40.882411,72.468253,2.337265,20.171074,92.712208,-46.754487,19.932988,5.501879,67.568202,-19.951801,-12.052616,-39.895993,-24.275753,3.171753,72.698879,-21.714691,2.133907,-4.957218,-5.526670,29.793801,49.250164,30.868580,1.340349,82.087711,-58.672681,10.774285,16.315305,0.910189,-90.393251,24.875152,106.662984,73.360771,18.809612,-19.259794
641,2.149015,-41.476175,72.551587,2.370867,19.899532,92.798126,-46.335515,20.426500,6.087607,67.054523,-19.819424,-11.915623,-39.571089,-24.481036,3.217458,72.385294,-21.538946,2.165057,-5.135979,-5.719188,29.793801,52.067762,30.535057,2.099988,82.289313,-59.639775,11.572118,15.523606,2.229840,-92.433555,25.237380,112.967993,77.760478,20.426802,-19.026809
642,2.107276,-42.070044,72.632413,2.398681,19.628132,92.882139,-45.916544,20.920012,6.673335,66.540844,-19.687048,-11.778629,-39.246184,-24.686320,3.263164,72.071710,-21.363200,2.196208,-5.314740,-5.911706,29.793801,54.885360,30.201534,2.859628,82.490914,-60.606869,12.369950,14.731906,3.549492,-94.473858,25.599608,119.273002,82.160186,22.043993,-18.793824
643,2.470610,-42.347464,72.773297,2.619413,19.467843,94.060770,-45.801062,20.733845,6.875812,65.914846,-19.140459,-11.734995,-38.880354,-25.380103,3.146789,71.828496,-21.408954,2.322440,-5.099335,-4.952446,29.793805,56.828974,29.696569,2.538320,82.134568,-60.275642,12.398584,15.293626,8.814762,-93.323142,22.491527,118.578273,82.371449,21.537274,-19.012766
644,2.841801,-42.621301,72.908451,2.843644,19.306493,95.240123,-45.685580,20.547678,7.078289,65.288847,-18.593871,-11.691361,-38.514525,-26.073886,3.030414,71.585283,-21.454708,2.448672,-4.883930,-3.993186,29.793808,58.772589,29.191604,2.217012,81.778221,-59.944414,12.427217,15.855345,14.080033,-92.172426,19.383446,117.883543,82.582712,21.030555,-19.231709
645,3.220734,-42.891197,73.037808,3.071352,19.144037,96.420138,-45.570099,20.361511,7.280767,64.662849,-18.047282,-11.647727,-38.148694,-26.767670,2.914039,71.342070,-21.500462,2.574904,-4.668525,-3.033926,29.793812,60.716203,28.686639,1.895704,81.421875,-59.613187,12.455851,16.417065,19.345303,-91.021710,16.275365,117.188814,82.793976,20.523836,-19.450651
646,3.607280,-43.156794,73.161306,3.302512,18.980427,97.600754,-45.454617,20.175344,7.483244,64.036851,-17.500693,-11.604093,-37.782865,-27.461453,2.797664,71.098856,-21.546216,2.701136,-4.453120,-2.074666,29.793815,62.659817,28.181674,1.574396,81.065529,-59.281960,12.484485,16.978784,24.610574,-89.870994,13.167284,116.494085,83.005239,20.017117,-19.669593
647,4.001295,-43.417739,73.278876,3.537101,18.815619,98.781907,-45.339136,19.989177,7.685721,63.410853,-16.954105,-11.560459,-37.417035,-28.155236,2.681288,70.855643,-21.591970,2.827368,-4.237715,-1.115405,29.793819,64.603431,27.676709,1.253088,80.709183,-58.950733,12.513118,17.540504,29.875844,-88.720278,10.059203,115.799355,83.216502,19.510398,-19.888535
648,4.402618,-43.673683,73.390455,3.775093,18.649572,99.963533,-45.223654,19.803010,7.888199,62.784854,-16.407516,-11.516825,-37.051205,-28.849020,2.564913,70.612430,-21.637724,2.953600,-4.022310,-0.156145,29.793822,66.547046,27.171745,0.931781,80.352836,-58.619505,12.541752,18.102223,35.141115,-87.569562,6.951122,115.104626,83.427765,19.003680,-20.107478
649,4.811073,-43.924281,73.495969,4.016465,18.482244,101.145565,-45.108172,19.616843,8.090676,62.158856,-15.860927,-11.473191,-36.685375,-29.542803,2.448538,70.369216,-21.683478,3.079832,-3.806905,0.803115,29.793826,68.490660,26.666780,0.610473,79.996490,-58.288278,12.570385,18.663943,40.406385,-86.418846,3.843041,114.409896,83.639028,18.496961,-20.326420
650,5.226471,-44.169193,73.595355,4.261188,18.313597,102.327938,-44.992691,19.430676,8.293153,61.532858,-15.314338,-11.429557,-36.319546,-30.236586,2.332163,70.126003,-21.729231,3.206064,-3.591500,1.762375,29.793829,70.434274,26.161815,0.289165,79.640144,-57.957051,12.599019,19.225662,45.671656,-85.268130,0.734960,113.715167,83.850291,17.990242,-20.545362
651,5.648606,-44.408086,73.688541,4.509238,18.143595,103.510583,-44.877209,19.244509,8.495631,60.906860,-14.767750,-11.385924,-35.953716,-30.930370,2.215788,69.882789,-21.774985,3.332296,-3.376095,2.721635,29.793832,72.377888,25.656850,-0.032143,79.283798,-57.625824,12.627653,19.787382,50.936926,-84.117414,-2.373121,113.020438,84.061555,17.483523,-20.764304
652,6.077257,-44.640633,73.775457,4.760587,17.972203,104.693431,-44.761728,19.058342,8.698108,60.280861,-14.221161,-11.342290,-35.587886,-31.624153,2.099413,69.639576,-21.820739,3.458529,-3.160690,3.680896,29.793836,74.321503,25.151885,-0.353451,78.927451,-57.294596,12.656286,20.349101,56.202197,-82.966698,-5.481202,112.325708,84.272818,16.976804,-20.983247
653,6.512189,-44.866514,73.856036,5.015208,17.799387,105.876412,-44.646246,18.872175,8.900585,59.654863,-13.674572,-11.298656,-35.222056,-32.317936,1.983038,69.396363,-21.866493,3.584761,-2.945285,4.640156,29.793839,76.265117,24.646920,-0.674759,78.571105,-56.963369,12.684920,20.910821,61.467467,-81.815982,-8.589283,111.630979,84.484081,16.470085,-21.202189
654,6.628539,-44.680909,74.146397,4.961058,16.824428,108.090412,-44.134947,17.757559,8.369781,58.760694,-13.041358,-11.617687,-33.681480,-32.953704,0.730284,68.952194,-21.900894,3.801343,-1.715346,5.848062,29.794419,74.146027,24.019514,-1.716727,77.642628,-54.940224,12.113410,20.997508,56.850042,-80.684325,-6.075634,110.336481,81.862987,15.220928,-20.387286
655,6.820553,-44.492295,74.403638,4.931731,15.855845,110.321517,-43.623648,16.642942,7.838978,57.866524,-12.408144,-11.936719,-32.140904,-33.589471,-0.522470,68.508025,-21.935295,4.017925,-0.485408,7.055968,29.794999,72.026938,23.392108,-2.758695,76.714150,-52.917079,11.541900,21.084195,52.232617,-79.552667,-3.561985,109.041983,79.241892,13.971772,-19.572384
656,7.088662,-44.293638,74.628149,4.927069,14.893285,112.567967,-43.112350,15.528325,7.308174,56.972355,-11.774930,-12.255750,-30.600328,-34.225238,-1.775224,68.063857,-21.969695,4.234507,0.744531,8.263875,29.795579,69.907848,22.764701,-3.800664,75.785673,-50.893935,10.970390,21.170881,47.615191,-78.421010,-1.048336,107.747485,76.620798,12.722615,-18.757481
657,7.430643,-44.079418,74.868174,4.946945,13.936356,114.827987,-42.601051,14.413708,6.777370,56.078185,-11.141716,-12.001824,-29.059751,-34.861006,-3.027978,67.619688,-22.004096,4.451089,1.974470,9.471781,29.796159,67.788758,22.137295,-4.842632,74.857195,-48.870790,10.398880,21.257568,42.997766,-77.289353,1.465312,106.452986,73.999704,11.473459,-17.942579
658,7.846331,-43.842343,75.105271,4.991259,12.984632,117.099781,-42.089752,13.299091,6.246566,55.184016,-10.508502,-11.747897,-27.519175,-35.496773,-4.280731,67.175519,-22.038497,4.667672,3.204409,10.679687,29.796739,65.669669,21.509889,-5.884600,73.928718,-46.847645,9.827370,21.344255,38.380341,-76.157696,3.978961,105.158488,71.378609,10.224302,-17.127676
659,8.334072,-43.575836,75.271048,5.059933,12.037659,119.381538,-41.578454,12.184475,5.715762,54.289846,-9.875289,-10.921013,-25.978599,-36.132540,-5.533485,66.731350,-22.072898,4.884254,4.434348,11.887593,29.797319,63.550579,20.882483,-6.926568,73.000240,-44.824500,9.255860,21.430942,33.762915,-75.026038,6.492610,103.863990,68.757515,8.975146,-16.312773
660,8.891614,-43.273492,75.439066,5.152911,11.094957,121.671428,-41.067155,11.069858,5.184959,53.395677,-9.242075,-10.667088,-24.438023,-36.768308,-6.786239,66.287182,-22.107298,5.100836,5.664286,13.095499,29.797899,61.431489,20.255076,-7.968536,72.071763,-42.801355,8.684350,21.517629,29.145490,-73.894381,9.006259,102.569492,66.136421,7.725989,-15.497871
661,9.516129,-42.929123,75.572691,5.270148,10.156032,123.967610,-40.555856,9.955241,4.654155,52.501507,-8.608861,-10.413161,-22.897446,-37.404075,-8.038993,65.843013,-22.141699,5.317418,6.894225,14.303406,29.798479,59.312400,19.627670,-9.010505,71.143285,-40.778211,8.112840,21.604315,24.528065,-72.762724,11.519908,101.274994,63.515326,6.476833,-14.682968
662,10.204236,-42.536809,75.635360,5.411618,9.220373,126.268227,-40.044558,8.840624,4.123351,51.607338,-7.975647,-9.586277,-21.356870,-38.039842,-9.291747,65.398844,-22.176100,5.534001,8.124164,15.511312,29.799059,57.193310,19.000264,-10.052473,70.214808,-38.755066,7.541330,21.691002,19.910640,-71.631067,14.033557,99.980496,60.894232,5.227676,-13.868066
663,10.952029,-42.090933,75.700846,5.577303,8.287469,128.571416,-39.533259,7.726007,3.592547,50.713168,-7.342433,-9.332350,-19.816294,-38.675609,-10.544501,64.954675,-22.210501,5.750583,9.354103,16.719218,29.799639,55.074221,18.372858,-11.094441,69.286330,-36.731921,6.969819,21.777689,15.293215,-70.499410,16.547206,98.685998,58.273138,3.978520,-13.053163
664,11.755111,-41.586230,75.732480,5.767196,7.356803,130.875304,-39.021960,6.611391,3.061743,49.818999,-6.709219,-9.078425,-18.275718,-39.311377,-11.797255,64.510507,-22.244901,5.967165,10.584041,17.927124,29.800219,52.955131,17.745451,-12.136409,68.357853,-34.708776,6.398309,21.864376,10.675789,-69.367752,19.060854,97.391499,55.652043,2.729363,-12.238260
665,12.608623,-41.017823,75.730465,5.981296,6.427868,133.178016,-38.510662,5.496774,2.530940,48.924829,-6.076005,-8.824498,-16.735141,-39.947144,-13.050008,64.066338,-22.279302,6.183747,11.813980,19.135031,29.800799,50.836041,17.118045,-13.178377,67.429376,-32.685631,5.826799,21.951063,6.058364,-68.236095,21.574503,96.097001,53.030949,1.480206,-11.423358
666,13.507279,-40.381258,75.695010,6.219613,5.500167,135.477675,-37.999364,4.382157,2.000136,48.030660,-5.442791,-8.570572,-15.194565,-40.582911,-14.302762,63.622169,-22.313703,6.400329,13.043919,20.342937,29.801379,48.716952,16.490639,-14.220346,66.500898,-30.662487,5.255289,22.037749,1.440939,-67.104438,24.088152,94.802503,50.409854,0.231050,-10.608455
667,14.445410,-39.672543,75.626333,6.482159,4.573221,137.772408,-37.488064,3.267540,1.469332,47.136490,-4.809577,-8.316645,-13.653989,-41.218679,-15.555516,63.178001,-22.348104,6.616912,14.273858,21.550843,29.801959,46.597862,15.863233,-15.262314,65.572421,-28.639342,4.683779,22.124436,-3.176486,-65.972781,26.601801,93.508005,47.788760,-1.018107,-9.793553
668,15.416999,-38.888174,75.524664,6.768955,3.646577,140.060346,-36.976766,2.152924,0.938528,46.242321,-4.176363,-8.062719,-12.113412,-41.854446,-16.808270,62.733832,-22.382504,6.833494,15.503796,22.758749,29.802539,44.478772,15.235826,-16.304282,64.643943,-26.616197,4.112269,22.211123,-7.793912,-64.841123,29.115450,92.213507,45.167666,-2.267263,-8.978650
669,16.415726,-38.025170,75.390252,7.080028,2.719811,142.339632,-36.465468,1.038307,0.407724,45.348151,-3.543149,-7.808794,-10.572836,-42.490213,-18.061024,62.289663,-22.416905,7.050076,16.733735,23.966656,29.803119,42.359683,14.608420,-17.346250,63.715466,-24.593052,3.540759,22.297810,-12.411337,-63.709466,31.629099,90.919009,42.546571,-3.516420,-8.163747
670,17.435009,-37.081095,75.230238,7.415412,1.792533,144.608425,-35.954168,-0.076310,-0.123079,44.453982,-2.909935,-7.554867,-9.032260,-43.125980,-19.313778,61.845494,-22.451306,7.266658,17.963674,25.174562,29.803699,40.240593,13.981014,-18.388218,62.786988,-22.569907,2.969249,22.384497,-17.028762,-62.577809,34.142747,89.624510,39.925477,-4.765576,-7.348845
671,18.468055,-36.054082,75.061823,7.775145,0.864398,146.864899,-35.442870,-1.190927,-0.653883,43.559812,-2.276721,-7.873899,-7.491684,-43.761748,-20.566532,61.401326,-22.485707,7.483241,19.193613,26.382468,29.804279,38.121503,13.353608,-19.430187,61.858511,-20.546763,2.397739,22.471183,-21.646188,-61.446152,36.656396,88.330012,37.304383,-6.014733,-6.533942
672,19.507903,-34.942853,74.831165,8.159278,-0.064894,149.107251,-34.931572,-2.305544,-1.184687,42.665643,-1.643507,-7.619972,-5.951107,-44.397515,-21.819285,60.957157,-22.520107,7.699823,20.423551,27.590374,29.804859,36.002414,12.726201,-20.472155,60.930033,-18.523618,1.826229,22.557870,-26.263613,-60.314494,39.170045,87.035514,34.683288,-7.263889,-5.719040
673,20.547473,-33.746736,74.606556,8.567866,-0.995592,151.333704,-34.420272,-3.420160,-1.715491,41.771474,-1.010293,-7.939004,-4.410531,-45.033282,-23.072039,60.512988,-22.554508,7.916405,21.653490,28.798281,29.805439,33.883324,12.098795,-21.514123,60.001556,-16.500473,1.254719,22.644557,-30.881038,-59.182837,41.683694,85.741016,32.062194,-8.513046,-4.904137
674,20.423037,-33.453155,74.872212,8.118946,-1.577374,151.834255,-33.766673,-3.409548,-2.279095,41.329982,-0.995900,-7.403323,-3.137513,-44.108290,-24.114535,58.549565,-21.572781,7.926316,22.450237,27.880068,29.403007,34.037948,12.569855,-21.146873,59.581053,-16.187511,0.995540,22.405082,-36.056061,-58.647944,42.819538,84.948522,33.296251,-8.832475,-5.322787
675,20.312742,-33.161867,75.147816,7.670529,-2.166321,152.341256,-33.113073,-3.398935,-2.842699,40.888491,-0.981506,-7.440600,-1.864494,-43.183298,-25.157030,56.586142,-20.591054,15.000035,23.246983,26.961855,29.000575,34.192571,13.040916,-20.779623,59.160550,-15.874549,0.736360,22.165607,-41.231084,-58.113050,43.955382,84.156028,34.530307,-9.151905,-5.741437
676,20.217340,-32.871480,75.658085,7.223394,-2.762272,152.854584,-32.459474,-3.388322,-3.406304,40.447000,-0.967112,-7.477877,-0.591476,-42.258306,-26.199526,54.622719,-19.609327,15.000035,24.043730,26.043642,28.598143,34.347195,13.511976,-20.412373,58.740046,-15.561587,0.477181,21.926132,-46.406108,-57.578157,45.091226,83.363533,35.764364,-9.471334,-6.160087
677,20.137514,-32.580572,76.143935,6.778301,-3.365058,153.374077,-31.805874,-3.377709,-3.969908,40.005509,-0.952719,-7.515154,0.681543,-41.333314,-27.242021,52.659296,-18.627600,15.000035,24.840476,25.125429,28.195711,34.501818,13.983037,-20.045123,58.319543,-15.248625,0.218002,21.686657,-51.581131,-57.043264,46.227071,82.571039,36.998421,-9.790763,-6.578737
678,20.073889,-32.287697,76.605296,6.335993,-3.974511,153.899536,-31.152275,-3.367096,-4.533512,39.564017,-0.938325,-7.552431,1.954560,-40.408322,-28.284517,50.695873,-17.645872,15.000035,25.637222,24.207215,27.793280,34.656442,14.454097,-19.677873,57.899040,-14.935663,-0.041177,21.447182,-56.756154,-56.508371,47.362915,81.778545,38.232478,-10.110192,-6.997387
679,20.027025,-31.991397,77.042132,5.897194,-4.590469,154.430722,-30.498675,-3.356483,-5.097117,39.122526,-0.923932,-7.589708,3.227579,-39.483330,-29.327012,48.732450,-16.664145,15.000035,26.433969,23.289002,27.390848,34.811065,14.925157,-19.310622,57.478537,-14.622701,-0.300357,21.207707,-61.931177,-55.973477,48.498759,80.986051,39.466534,-10.429622,-7.416037
680,19.997424,-31.690206,77.454440,5.462608,-5.212778,154.967363,-29.845075,-3.345870,-5.660721,38.681035,-0.909538,-7.054028,4.500597,-38.558338,-30.369508,46.769027,-15.682418,15.000035,27.230715,22.370789,26.988416,34.965689,15.396218,-18.943372,57.058034,-14.309739,-0.559536,20.968232,-67.106200,-55.438584,49.634603,80.193556,40.700591,-10.749051,-7.834687
681,19.985531,-31.382658,77.842247,5.032922,-5.841298,155.509151,-29.191475,-3.335257,-6.224326,38.239544,-0.895145,-7.091305,5.773616,-37.633345,-31.412003,44.805604,-14.700691,15.000035,28.027462,21.452576,26.585984,35.120313,15.867278,-18.576122,56.637530,-13.996777,-0.818715,20.728757,-72.281224,-54.903691,50.770447,79.401062,41.934648,-11.068480,-8.253337
682,19.991736,-31.067299,78.205607,4.608803,-6.475907,156.055745,-28.537876,-3.324644,-6.787930,37.798053,-0.880751,-7.128582,7.046634,-36.708353,-32.454499,42.842181,-13.718964,15.000035,28.824208,20.534363,26.183552,35.274936,16.338338,-18.208872,56.217027,-13.683815,-1.077895,20.489282,-77.456247,-54.368797,51.906291,78.608568,43.168704,-11.387910,-8.671987
683,20.016377,-30.742690,78.544607,4.190897,-7.116504,156.606773,-27.884276,-3.314031,-7.351534,37.356561,-0.866358,-7.165859,8.319652,-35.783361,-33.496994,40.878758,-12.737237,15.000035,29.620955,19.616150,25.781120,35.429560,16.809399,-17.841622,55.796524,-13.370853,-1.337074,20.249807,-82.631270,-53.833904,53.042135,77.816074,44.402761,-11.707339,-9.090637
684,20.059742,-30.407416,78.859356,3.779833,-7.763015,157.161831,-27.230676,-3.303418,-7.915139,36.915070,-0.851964,-7.203136,9.592671,-34.858369,-34.539490,38.915335,-11.755510,15.000035,30.417701,18.697937,25.378688,35.584183,17.280459,-17.474372,55.376021,-13.057892,-1.596253,20.010331,-87.806293,-53.299011,54.177980,77.023579,45.636818,-12.026768,-9.509287
685,20.122075,-30.060093,79.149989,3.376217,-8.415394,157.720487,-26.577077,-3.292805,-8.478743,36.473579,-0.837571,-7.240413,10.865689,-33.933377,-35.581985,36.951912,-10.773782,15.000035,31.214448,17.779724,24.976257,35.738807,17.751520,-17.107122,54.955518,-12.744930,-1.855432,19.770856,-92.981316,-52.764118,55.313824,76.231085,46.870875,-12.346197,-9.927937
686,20.203672,-29.699315,79.416663,2.980636,-9.073626,158.282280,-25.923477,-3.282192,-9.042347,36.032088,-0.823177,-7.277690,12.138708,-33.008385,-36.624481,34.988489,-9.792055,15.000035,32.011194,16.861511,24.573825,35.893430,18.222580,-16.739872,54.535015,-12.431968,-2.114612,19.531381,-98.156339,-52.229224,56.449668,75.438591,48.104931,-12.665627,-10.346587
687,20.304457,-29.323933,79.659554,2.593654,-9.737731,158.846724,-25.269877,-3.271579,-9.605952,35.590597,-0.808784,-7.314967,13.411726,-32.083393,-37.666976,33.025066,-8.810328,15.000035,32.807941,15.943298,24.171393,36.048054,18.693640,-16.372622,54.114511,-12.119006,-2.373791,19.291906,-103.331363,-51.694331,57.585512,74.646097,49.338988,-12.985056,-10.765237
688,20.424699,-28.932609,79.878859,2.215816,-10.407765,159.413309,-24.616278,-3.260967,-10.169556,35.149105,-0.794390,-7.352244,14.684744,-31.158401,-38.709472,31.061643,-7.828601,15.000035,33.604687,15.025085,23.768961,36.202678,19.164701,-16.005372,53.694008,-11.806044,-2.632970,19.052431,-108.506386,-51.159438,58.721356,73.853602,50.573045,-13.304485,-11.183887
689,20.564489,-28.524152,80.074786,1.847640,-11.083822,159.981501,-23.962679,-3.250354,-10.733160,34.707614,-0.779997,-7.389521,15.957763,-30.233409,-39.751967,29.098220,-6.846874,15.000035,34.401434,14.106872,23.366529,36.357301,19.635761,-15.638121,53.273505,-11.493082,-2.892150,18.812956,-113.681409,-50.624544,59.857200,73.061108,51.807101,-13.623915,-11.602537
690,20.723889,-28.097433,80.247559,1.489625,-11.766035,160.550744,-23.309079,-3.239741,-11.296765,34.266123,-0.765603,-7.426799,17.230781,-29.308416,-40.794463,27.134797,-5.865147,15.000035,35.198180,13.188659,22.964097,36.511925,20.106821,-15.270871,52.853002,-11.180120,-3.151329,18.573481,-118.856432,-50.089651,60.993044,72.268614,53.041158,-13.943344,-12.021187
691,20.902932,-27.651396,80.397413,1.142242,-12.454577,161.120464,-22.655479,-3.229128,-11.860369,33.824632,-0.751210,-7.464076,18.503800,-28.383424,-41.836958,25.171374,-4.883419,15.000035,35.994927,12.270446,22.561666,36.666548,20.577882,-14.903621,52.432499,-10.867158,-3.410508,18.334006,-124.031455,-49.554758,62.128889,71.476120,54.275215,-14.262773,-12.439837
692,21.101623,-27.185057,80.524587,0.805940,-13.149662,161.690067,-22.001879,-3.218515,-12.423973,33.383140,-0.736816,-7.501353,19.776818,-27.458432,-42.879454,23.207951,-3.901692,15.000035,36.791673,11.352233,22.159234,36.821172,21.048942,-14.536371,52.011995,-10.554196,-3.669687,18.094531,-129.206479,-49.019865,63.264733,70.683625,55.509272,-14.582202,-12.858487
693,21.319945,-26.697517,80.629332,0.481140,-13.851544,162.258942,-21.348280,-3.207902,-12.987578,32.941649,-0.722423,-7.538630,21.049836,-26.533440,-43.921949,21.244528,-2.919965,15.000035,37.588420,10.434020,21.756802,36.975795,21.520003,-14.169121,51.591492,-10.241234,-3.928867,17.855056,-134.381502,-48.484971,64.400577,69.891131,56.743328,-14.901632,-13.277137
694,21.557855,-26.187960,80.711896,0.168235,-14.560517,162.826463,-20.694680,-3.197289,-13.551182,32.500158,-0.708029,-7.575907,22.322855,-25.608448,-44.964445,19.281105,-1.938238,15.000035,38.385166,9.515807,21.354370,37.130419,21.991063,-13.801871,51.170989,-9.928272,-4.188046,17.615581,-139.556525,-47.950078,65.536421,69.098637,57.977385,-15.221061,-13.695787
695,21.650169,-26.146470,80.756437,-0.261471,-15.065702,163.265128,-20.052042,-2.798469,-13.730488,31.179952,-0.061090,-7.736304,22.523441,-25.217111,-44.933677,18.586661,-0.767670,15.000035,38.189854,8.625338,20.443075,37.458883,22.382421,-13.694959,51.054645,-9.503361,-4.195711,17.281810,-140.223204,-47.643638,65.130865,67.527401,57.181123,-15.532239,-13.411540
696,21.747024,-26.104502,80.790196,-0.694583,-15.570906,163.708731,-19.409403,-2.399650,-13.909794,29.859747,0.585849,-7.323744,22.724026,-24.825775,-44.902909,17.892217,0.402898,15.000035,37.994543,7.734868,19.531781,37.787346,22.773779,-13.588048,50.938300,-9.078449,-4.203375,16.948039,-140.889883,-47.337198,64.725309,65.956166,56.384862,-15.843418,-13.127292
697,21.848497,-26.061912,80.813126,-1.131131,-16.076094,164.157291,-18.766765,-2.000830,-14.089100,28.539541,1.232789,-7.484140,22.924612,-24.434438,-44.872140,17.197772,1.573467,15.000035,37.799231,6.844399,18.620486,38.115810,23.165138,-13.481136,50.821956,-8.653538,-4.211040,16.614268,-141.556562,-47.030759,64.319753,64.384930,55.588600,-16.154596,-12.843045
698,21.954659,-26.018554,80.825186,-1.571145,-16.581228,164.610827,-18.124127,-1.602010,-14.268406,27.219335,1.879728,-7.644537,23.125198,-24.043102,-44.841372,16.503328,2.744035,15.000035,37.603920,5.953929,17.709192,38.444274,23.556496,-13.374224,50.705612,-8.228627,-4.218705,16.280497,-142.223241,-46.724319,63.914197,62.813694,54.792339,-16.465774,-12.558797
699,22.065572,-25.974283,80.826340,-2.014655,-17.086272,165.069359,-17.481489,-1.203191,-14.447712,25.899130,2.526667,-7.231976,23.325784,-23.651765,-44.810604,15.808884,3.914603,15.000035,37.408608,5.063460,16.797897,38.772738,23.947854,-13.267313,50.589267,-7.803715,-4.226369,15.946726,-142.889920,-46.417879,63.508642,61.242458,53.996077,-16.776953,-12.274550
700,22.181295,-25.928950,80.816553,-2.461695,-17.591186,165.532905,-16.838850,-0.804371,-14.627018,24.578924,3.173606,-7.392373,23.526370,-23.260428,-44.779835,15.114440,5.085171,15.000035,37.213297,4.172990,15.886603,39.101202,24.339212,-13.160401,50.472923,-7.378804,-4.234034,15.612955,-143.556599,-46.111439,63.103086,59.671223,53.199816,-17.088131,-11.990303
701,22.301876,-25.882411,80.810244,-2.912301,-18.095931,166.001483,-16.196212,-0.405551,-14.806324,23.258718,3.820545,-7.552770,23.726956,-22.869092,-44.749067,14.419995,6.255739,15.000035,37.017985,3.282521,14.975308,39.429665,24.730570,-13.053489,50.356579,-6.953893,-4.241699,15.279184,-144.223278,-45.805000,62.697530,58.099987,52.403554,-17.399309,-11.706055
702,22.427357,-25.834516,80.803452,-3.366509,-18.600465,166.475109,-15.553574,-0.006732,-14.985630,21.938513,4.467485,-7.140208,23.927542,-22.477755,-44.718299,13.725551,7.426308,15.000035,36.822674,2.392051,14.064014,39.758129,25.121929,-12.946578,50.240234,-6.528981,-4.249364,14.945413,-144.889957,-45.498560,62.291974,56.528751,51.607293,-17.710488,-11.421808
703,22.557775,-25.785121,80.753966,-3.824357,-19.104747,166.953803,-14.910936,0.392088,-15.164936,20.618307,5.114424,-7.300605,24.128127,-22.086419,-44.687531,13.031107,8.596876,14.511608,36.627362,1.501582,13.152719,40.086593,25.513287,-12.839666,50.123890,-6.104070,-4.257028,14.611642,-145.556636,-45.192120,61.886418,54.957516,50.811031,-18.021666,-11.137560
704,22.693158,-25.734078,80.721704,-4.285886,-19.608733,167.437580,-14.268297,0.790908,-15.344242,19.298102,5.761363,-7.461002,24.328714,-21.695082,-44.656762,12.336663,9.767444,14.457339,36.432051,0.611113,12.241424,40.415056,25.904645,-12.732755,50.007545,-5.679158,-4.264693,14.277871,-146.223315,-44.885680,61.480862,53.386280,50.014769,-18.332845,-10.853313
705,22.833529,-25.681243,80.678393,-4.751137,-20.112380,167.926458,-13.625659,1.189727,-15.523548,17.977896,6.408302,-7.048441,24.529300,-21.303745,-44.625994,11.642218,10.938012,14.403069,36.236739,-0.279357,11.330130,40.743520,26.296003,-12.625843,49.891201,-5.254247,-4.272358,13.944101,-146.889993,-44.579241,61.075306,51.815044,49.218508,-18.644023,-10.569066
706,22.978903,-25.626474,80.624024,-5.220155,-20.615643,168.420453,-12.983021,1.588547,-15.702854,16.657690,7.055241,-7.208838,24.729885,-20.912409,-44.595226,10.947774,12.108580,14.348799,36.041427,-1.169826,10.418835,41.071984,26.687361,-12.518931,49.774857,-4.829336,-4.280022,13.610330,-147.556672,-44.272801,60.669750,50.243809,48.422246,-18.955201,-10.284818
707,23.129289,-25.569627,80.524216,-5.692984,-21.118479,168.919583,-12.340383,1.987366,-15.882160,15.337485,7.702181,-7.369234,24.930471,-20.521072,-44.564458,10.253330,13.279149,13.721572,35.846116,-2.060296,9.507541,41.400448,27.078720,-12.412020,49.658512,-4.404424,-4.287687,13.276559,-148.223351,-43.966361,60.264194,48.672573,47.625985,-19.266380,-10.000571
708,23.284689,-25.510564,80.445318,-6.169674,-21.620842,169.423865,-11.697744,2.386186,-16.061466,14.017279,8.349120,-7.529631,25.131057,-20.129736,-44.533690,9.558886,14.449717,13.667302,35.650804,-2.950765,8.596246,41.728912,27.470078,-12.305108,49.542168,-3.979513,-4.295352,12.942788,-148.890030,-43.659922,59.858638,47.101337,46.829723,-19.577558,-9.716323
709,23.445099,-25.449146,80.357961,-6.650274,-22.122686,169.933316,-11.055106,2.785006,-16.240772,12.697073,8.996059,-7.690028,25.331643,-19.738399,-44.502921,8.864441,15.620285,13.613032,35.455493,-3.841235,7.684952,42.057375,27.861436,-12.198196,49.425824,-3.554602,-4.303017,12.609017,-149.556709,-43.353482,59.453083,45.530102,46.033462,-19.888736,-9.432076
710,23.610510,-25.385239,80.259563,-7.134835,-22.623965,170.447953,-10.412468,3.183825,-16.420078,11.376868,9.642998,-7.277467,25.532229,-19.347062,-44.472153,8.169997,16.790853,13.558763,35.260181,-4.731704,6.773657,42.385839,28.252794,-12.091285,49.309479,-3.129690,-4.310681,12.275246,-150.223388,-43.047042,59.047527,43.958866,45.237200,-20.199915,-9.147829
711,23.780905,-25.318711,80.118721,-7.623411,-23.124634,170.967794,-9.769830,3.582645,-16.599384,10.056662,10.289937,-7.437864,25.732815,-18.955726,-44.441385,7.475553,17.961421,12.931535,35.064870,-5.622174,5.862363,42.714303,28.644152,-11.984373,49.193135,-2.704779,-4.318346,11.941475,-150.890067,-42.740602,58.641971,42.387630,44.440939,-20.511093,-8.863581
712,23.956263,-25.249432,79.992990,-8.116059,-23.624646,171.492859,-9.127191,3.981465,-16.778690,8.736456,10.936877,-7.598260,25.933401,-18.564389,-44.410616,6.781109,19.131990,12.877265,34.869558,-6.512643,4.951068,43.042767,29.035511,-11.877461,49.076791,-2.279868,-4.326011,11.607704,-151.556746,-42.434163,58.236415,40.816394,43.644677,-20.822271,-8.579334
713,24.136555,-25.177278,79.861733,-8.612837,-24.123955,172.023165,-8.484553,4.380284,-16.957996,7.416251,11.583816,-7.758657,26.133986,-18.173053,-44.379848,6.086664,20.302558,12.822996,34.674247,-7.403113,4.039774,43.371230,29.426869,-11.770550,48.960446,-1.854956,-4.333675,11.273933,-152.223425,-42.127723,57.830859,39.245159,42.848416,-21.133450,-8.295086
714,24.321748,-25.102126,79.719505,-9.113806,-24.622516,172.558732,-7.841915,4.779104,-17.137302,6.096045,12.230755,-7.919054,26.334573,-17.781716,-44.349080,5.392220,21.473126,12.768726,34.478935,-8.293582,3.128479,43.699694,29.818227,-11.663638,48.844102,-1.430045,-4.341340,10.940162,-152.890104,-41.821283,57.425303,37.673923,42.052154,-21.444628,-8.010839
715,24.212080,-24.976162,79.695000,-9.164554,-24.672534,172.670739,-7.776401,4.861086,-17.073459,6.086079,12.219914,-7.928821,26.382031,-17.782227,-44.392090,5.387145,21.510979,12.809417,34.358625,-8.352509,2.878322,43.458458,29.744705,-11.895316,48.861065,-1.411419,-4.478767,10.999982,-152.759875,-41.545678,57.215832,37.200900,41.991974,-21.538338,-7.875886
716,24.102392,-24.850108,79.670451,-9.215358,-24.722437,172.782811,-7.710887,4.943069,-17.009616,6.076114,12.209074,-7.938589,26.429489,-17.782738,-44.435100,5.382069,21.548832,12.850107,34.238315,-8.411436,2.628164,43.217223,29.671182,-12.126993,48.878029,-1.392794,-4.616195,11.059802,-152.629645,-41.270073,57.006361,36.727878,41.931795,-21.632048,-7.740933
717,23.992682,-24.723965,79.645858,-9.266219,-24.772224,172.894947,-7.645372,5.025051,-16.945773,6.066148,12.198233,-7.948356,26.476947,-17.783249,-44.478109,5.376994,21.586685,12.890798,34.118006,-8.470363,2.378007,42.975987,29.597660,-12.358671,48.894992,-1.374168,-4.753622,11.119622,-152.499416,-40.994468,56.796891,36.254855,41.871615,-21.725758,-7.605981
718,23.882951,-24.597732,79.621222,-9.317136,-24.821896,173.007147,-7.579858,5.107034,-16.881929,6.056182,12.187392,-7.958124,26.524406,-17.783760,-44.521119,5.371918,21.624538,12.931488,33.997696,-8.529290,2.127849,42.734752,29.524137,-12.590348,48.911956,-1.355543,-4.891050,11.179441,-152.369186,-40.718864,56.587420,35.781832,41.811436,-21.819468,-7.471028
719,23.773199,-24.471410,79.563067,-9.368109,-24.871452,173.119411,-7.514344,5.189016,-16.818086,6.046216,12.176551,-7.967891,26.571864,-17.784271,-44.564129,5.366843,21.662391,12.399222,33.877386,-8.588217,1.877692,42.493516,29.450615,-12.822026,48.928919,-1.336917,-5.028477,11.239261,-152.238957,-40.443259,56.377949,35.308809,41.751256,-21.913178,-7.336075
720,23.663425,-24.345000,79.535075,-9.419139,-24.920892,173.231738,-7.448830,5.270998,-16.754243,6.036251,12.165711,-7.977659,26.619322,-17.784782,-44.607139,5.361767,21.700244,12.439913,33.757076,-8.647143,1.627534,42.252281,29.377093,-13.053703,48.945883,-1.318292,-5.165904,11.299081,-152.108727,-40.167654,56.168478,34.835787,41.691076,-22.006887,-7.201122
721,23.553628,-24.218502,79.510344,-9.470225,-24.970217,173.344130,-7.383316,5.352981,-16.690400,6.026285,12.154870,-7.987426,26.666780,-17.785293,-44.650149,5.356692,21.738097,12.480603,33.636767,-8.706070,1.377377,42.011045,29.303570,-13.285381,48.962846,-1.299666,-5.303332,11.358901,-151.978498,-39.892049,55.959007,34.362764,41.630897,-22.100597,-7.066169
722,23.443810,-24.091916,79.485570,-9.521368,-25.019426,173.456585,-7.317802,5.434963,-16.626557,6.016319,12.144029,-7.997194,26.714239,-17.785804,-44.693158,5.351616,21.775950,12.521294,33.516457,-8.764997,1.127220,41.769809,29.230048,-13.517058,48.979810,-1.281040,-5.440759,11.418721,-151.848268,-39.616444,55.749537,33.889741,41.570717,-22.194307,-6.931217
723,23.333969,-23.965242,79.460753,-9.572567,-25.068520,173.569104,-7.252287,5.516945,-16.562714,6.006354,12.133189,-8.006961,26.761697,-17.786315,-44.736168,5.346541,21.813803,12.561985,33.396147,-8.823924,0.877062,41.528574,29.156526,-13.748736,48.996773,-1.262415,-5.578186,11.478541,-151.718039,-39.340839,55.540066,33.416719,41.510537,-22.288017,-6.796264
724,23.224106,-23.838481,79.435891,-9.623822,-25.117497,173.681687,-7.186773,5.598928,-16.498871,5.996388,12.122348,-8.016729,26.809155,-17.786826,-44.779178,5.341465,21.851656,12.602675,33.275837,-8.882851,0.626905,41.287338,29.083003,-13.980413,49.013737,-1.243789,-5.715614,11.538361,-151.587809,-39.065234,55.330595,32.943696,41.450358,-22.381727,-6.661311
725,23.114220,-23.711633,79.410988,-9.675135,-25.166359,173.794333,-7.121258,5.680910,-16.435027,5.986422,12.111507,-8.026496,26.856614,-17.787338,-44.822188,5.336390,21.889509,12.643366,33.155528,-8.941778,0.376747,41.046103,29.009481,-14.212091,49.030700,-1.225164,-5.853041,11.598180,-151.457580,-38.789630,55.121124,32.470673,41.390178,-22.475437,-6.526358
726,23.004311,-23.584699,79.386040,-9.726504,-25.215106,173.907043,-7.055744,5.762893,-16.371184,5.976456,12.100666,-8.036264,26.904072,-17.787849,-44.865198,5.331314,21.927362,12.684056,33.035218,-9.000705,0.126590,40.804867,28.935958,-14.443768,49.047664,-1.206538,-5.990469,11.658000,-151.327350,-38.514025,54.911653,31.997650,41.329999,-22.569147,-6.391405
727,22.894378,-23.457677,79.361051,-9.777929,-25.263736,174.019817,-6.990230,5.844875,-16.307341,5.966491,12.089826,-8.046031,26.951530,-17.788360,-44.908208,5.326239,21.965215,12.724747,32.914908,-9.059632,-0.123568,40.563632,28.862436,-14.675446,49.064627,-1.187913,-6.127896,11.717820,-151.197121,-38.238420,54.702182,31.524628,41.269819,-22.662857,-6.256452
728,22.784422,-23.330570,79.336018,-9.829411,-25.312251,174.132654,-6.924716,5.926857,-16.243498,5.956525,12.078985,-8.055799,26.998988,-17.788871,-44.951217,5.321163,22.003068,12.765438,32.794598,-9.118559,-0.373725,40.322396,28.788914,-14.907123,49.081591,-1.169287,-6.265323,11.777640,-151.066891,-37.962815,54.492712,31.051605,41.209639,-22.756567,-6.121500
729,22.674443,-23.203377,79.310941,-9.880950,-25.360650,174.245554,-6.859202,6.008840,-16.179655,5.946559,12.068144,-8.065566,27.046447,-17.789382,-44.994227,5.316088,22.040921,12.806128,32.674289,-9.177486,-0.623882,40.081160,28.715391,-15.138801,49.098554,-1.150661,-6.402751,11.837460,-150.936662,-37.687210,54.283241,30.578582,41.149460,-22.850277,-5.986547
730,22.564440,-23.076099,79.285821,-9.932545,-25.408933,174.358518,-6.793688,6.090822,-16.115812,5.936594,12.057304,-8.075334,27.093905,-17.789893,-45.037237,5.311012,22.078774,12.846819,32.553979,-9.236412,-0.874040,39.839925,28.641869,-15.370478,49.115518,-1.132036,-6.540178,11.897280,-150.806432,-37.411605,54.073770,30.105560,41.089280,-22.943986,-5.851594
731,22.454413,-22.948735,79.260658,-9.984197,-25.457100,174.471546,-6.728174,6.172804,-16.051969,5.926628,12.046463,-8.085101,27.141363,-17.790404,-45.080247,5.305937,22.116627,12.887510,32.433669,-9.295339,-1.124197,39.598689,28.568347,-15.602156,49.132481,-1.113410,-6.677605,11.957100,-150.676203,-37.136000,53.864299,29.632537,41.029100,-23.037696,-5.716641
732,22.344361,-22.821287,79.235453,-10.035906,-25.505152,174.584637,-6.662659,6.254787,-15.988125,5.916662,12.035622,-8.094869,27.188821,-17.790915,-45.123257,5.300861,22.154480,12.928200,32.313359,-9.354266,-1.374355,39.357454,28.494824,-15.833833,49.149445,-1.094785,-6.815033,12.016919,-150.545973,-36.860396,53.654828,29.159514,40.968921,-23.131406,-5.581688
733,22.234285,-22.693754,79.210204,-10.087672,-25.553087,174.697791,-6.597145,6.336769,-15.924282,5.906696,12.024781,-8.104636,27.236280,-17.791426,-45.166266,5.295786,22.192333,12.968891,32.193050,-9.413193,-1.624512,39.116218,28.421302,-16.065511,49.166408,-1.076159,-6.952460,12.076739,-150.415744,-36.584791,53.445358,28.686491,40.908741,-23.225116,-5.446736
734,22.124185,-22.566137,79.184913,-10.139494,-25.600907,174.811008,-6.531631,6.418752,-15.860439,5.896731,12.013941,-8.114404,27.283738,-17.791937,-45.209276,5.290710,22.230186,13.009581,32.072740,-9.472120,-1.874670,38.874983,28.347779,-16.297188,49.183372,-1.057534,-7.089888,12.136559,-150.285514,-36.309186,53.235887,28.213469,40.848562,-23.318826,-5.311783
735,22.014060,-22.438436,79.128905,-10.191373,-25.648611,174.924288,-6.466117,6.500734,-15.796596,5.886765,12.003100,-8.124171,27.331196,-17.792448,-45.252286,5.285635,22.268039,12.477314,31.952430,-9.531047,-2.124827,38.633747,28.274257,-16.528866,49.200335,-1.038908,-7.227315,12.196379,-150.155285,-36.033581,53.026416,27.740446,40.788382,-23.412536,-5.176830
736,22.007792,-22.409045,79.127578,-10.191937,-25.672376,174.955080,-6.450563,6.507802,-15.787549,5.883781,12.019198,-8.124190,27.347634,-17.788058,-45.285189,5.287840,22.256342,12.461009,31.918981,-9.540488,-2.153315,38.601587,28.278139,-16.523279,49.176320,-1.090796,-7.280678,12.167292,-150.143814,-36.042100,53.026118,27.786262,40.866384,-23.442840,-5.175631
737,22.001525,-22.379654,79.126237,-10.192515,-25.696140,174.985879,-6.435008,6.514869,-15.778502,5.880796,12.035295,-8.124208,27.364072,-17.783668,-45.318092,5.290045,22.244645,12.444705,31.885533,-9.549929,-2.181803,38.569428,28.282021,-16.517692,49.152305,-1.142683,-7.334042,12.138205,-150.132343,-36.050618,53.025819,27.832078,40.944387,-23.473143,-5.174432
738,21.995257,-22.350264,79.124882,-10.193108,-25.719903,175.016684,-6.419454,6.521937,-15.769454,5.877812,12.051393,-8.124227,27.380510,-17.779278,-45.350995,5.292250,22.232948,12.428400,31.852084,-9.559370,-2.210291,38.537268,28.285903,-16.512105,49.128290,-1.194571,-7.387405,12.109118,-150.120872,-36.059137,53.025521,27.877894,41.022389,-23.503447,-5.173233
739,21.988990,-22.320873,79.123513,-10.193715,-25.743667,175.047496,-6.403899,6.529005,-15.760407,5.874828,12.067491,-8.124245,27.396948,-17.774887,-45.383897,5.294455,22.221251,12.412095,31.818636,-9.568812,-2.238778,38.505109,28.289784,-16.506518,49.104275,-1.246459,-7.440768,12.080031,-150.109401,-36.067656,53.025223,27.923709,41.100391,-23.533751,-5.172033
740,21.982349,-22.292183,79.121804,-10.194950,-25.767194,175.078581,-6.388344,6.536073,-15.751360,5.871844,12.083588,-8.124264,27.413386,-17.770497,-45.416800,5.296660,22.209554,12.395791,31.785187,-9.578253,-2.267266,38.472949,28.293666,-16.500931,49.080261,-1.298346,-7.494132,12.050944,-150.097929,-36.076174,53.024925,27.969525,41.178394,-23.564054,-5.170834
741,21.976037,-22.262877,79.120709,-10.195659,-25.790928,175.109437,-6.372790,6.543140,-15.742313,5.868859,12.099686,-8.124282,27.429824,-17.766107,-45.449703,5.298865,22.197857,12.379486,31.751739,-9.587694,-2.295754,38.440789,28.297548,-16.495344,49.056246,-1.350234,-7.547495,12.021857,-150.086458,-36.084693,53.024626,28.015341,41.256396,-23.594358,-5.169635
742,21.969735,-22.233552,79.120353,-10.196366,-25.814669,175.140293,-6.357235,6.550208,-15.733266,5.865875,12.115784,-8.124301,27.446262,-17.761717,-45.482606,5.301070,22.186160,12.363181,31.718290,-9.597135,-2.324242,38.408630,28.301430,-16.489757,49.032231,-1.402122,-7.600858,11.992770,-150.074987,-36.093212,53.024328,28.061157,41.334398,-23.624662,-5.168436
743,21.963443,-22.204208,79.119994,-10.197071,-25.838415,175.171149,-6.341681,6.557276,-15.724218,5.862891,12.131882,-8.124319,27.462700,-17.757327,-45.515509,5.303275,22.174463,12.346877,31.684842,-9.606576,-2.352730,38.376470,28.305312,-16.484170,49.008216,-1.454010,-7.654222,11.963683,-150.063516,-36.101730,53.024030,28.106973,41.412401,-23.654965,-5.167237
744,21.957161,-22.174845,79.119630,-10.197775,-25.862167,175.202004,-6.326126,6.564344,-15.715171,5.859907,12.147979,-8.124338,27.479137,-17.752937,-45.548412,5.305480,22.162766,12.330572,31.651393,-9.616017,-2.381218,38.344311,28.309194,-16.478583,48.984201,-1.505897,-7.707585,11.934596,-150.052045,-36.110249,53.023732,28.152789,41.490403,-23.685269,-5.166038
745,21.950889,-22.145464,79.119262,-10.198476,-25.885926,175.232858,-6.310572,6.571411,-15.706124,5.856922,12.164077,-8.124356,27.495576,-17.748546,-45.581314,5.307685,22.151069,12.314267,31.617945,-9.625458,-2.409705,38.312151,28.313076,-16.472995,48.960186,-1.557785,-7.760949,11.905510,-150.040574,-36.118768,53.023433,28.198605,41.568406,-23.715573,-5.164839
746,21.944627,-22.116064,79.118890,-10.199175,-25.909690,175.263712,-6.295017,6.578479,-15.697077,5.853938,12.180175,-8.124375,27.512014,-17.744156,-45.614217,5.309889,22.139372,12.297963,31.584496,-9.634900,-2.438193,38.279991,28.316957,-16.467408,48.936171,-1.609673,-7.814312,11.876423,-150.029103,-36.127286,53.023135,28.244420,41.646408,-23.745876,-5.163639
747,21.938374,-22.086646,79.118513,-10.199872,-25.933460,175.294565,-6.279463,6.585547,-15.688030,5.850954,12.196272,-8.124393,27.528452,-17.739766,-45.647120,5.312094,22.127675,12.281658,31.551047,-9.644341,-2.466681,38.247832,28.320839,-16.461821,48.912156,-1.661560,-7.867675,11.847336,-150.017632,-36.135805,53.022837,28.290236,41.724410,-23.776180,-5.162440
748,21.932132,-22.057209,79.118132,-10.200567,-25.957236,175.325417,-6.263909,6.592615,-15.678982,5.847970,12.212370,-8.124412,27.544890,-17.735376,-45.680023,5.314299,22.115978,12.265354,31.517599,-9.653782,-2.495169,38.215672,28.324721,-16.456234,48.888141,-1.713448,-7.921039,11.818249,-150.006161,-36.144323,53.022539,28.336052,41.802413,-23.806483,-5.161241
749,21.925899,-22.027753,79.117746,-10.201260,-25.981018,175.356269,-6.248354,6.599683,-15.669935,5.844985,12.228468,-8.124430,27.561327,-17.730986,-45.712926,5.316504,22.104281,12.249049,31.484150,-9.663223,-2.523657,38.183513,28.328603,-16.450647,48.864126,-1.765336,-7.974402,11.789162,-149.994690,-36.152842,53.022241,28.381868,41.880415,-23.836787,-5.160042
750,21.919677,-21.998278,79.117356,-10.201952,-26.004807,175.387120,-6.232799,6.606750,-15.660888,5.842001,12.244566,-8.124449,27.577765,-17.726596,-45.745829,5.318709,22.092584,12.232744,31.450702,-9.672664,-2.552145,38.151353,28.332485,-16.445060,48.840111,-1.817223,-8.027765,11.760075,-149.983218,-36.161361,53.021942,28.427684,41.958417,-23.867091,-5.158843
751,21.913780,-21.968186,79.117294,-10.202117,-26.028803,175.417741,-6.217245,6.613818,-15.651841,5.839017,12.260663,-8.124467,27.594203,-17.722206,-45.778732,5.320914,22.080887,12.216440,31.417253,-9.682105,-2.580633,38.119193,28.336367,-16.439473,48.816097,-1.869111,-8.081129,11.730988,-149.971747,-36.169879,53.021644,28.473500,42.036420,-23.897394,-5.157644
752,21.907512,-21.938795,79.116827,-10.202910,-26.052562,175.448637,-6.201690,6.620886,-15.642794,5.836033,12.276761,-8.124486,27.610642,-17.717815,-45.811634,5.323119,22.069190,12.200135,31.383805,-9.691547,-2.609120,38.087034,28.340248,-16.433886,48.792082,-1.920999,-8.134492,11.701901,-149.960276,-36.178398,53.021346,28.519315,42.114422,-23.927698,-5.156444
753,21.901245,-21.909405,79.116346,-10.203719,-26.076321,175.479540,-6.186136,6.627954,-15.633746,5.833048,12.292859,-8.124504,27.627079,-17.713425,-45.844537,5.325324,22.057493,12.183830,31.350356,-9.700988,-2.637608,38.054874,28.344130,-16.428299,48.768067,-1.972887,-8.187855,11.672814,-149.948805,-36.186917,53.021047,28.565131,42.192424,-23.958002,-5.155245
754,21.894977,-21.880014,79.115850,-10.204541,-26.100079,175.510450,-6.170581,6.635021,-15.624699,5.830064,12.308956,-8.124523,27.643517,-17.709035,-45.877440,5.327529,22.045796,12.167526,31.316908,-9.710429,-2.666096,38.022715,28.348012,-16.422712,48.744052,-2.024774,-8.241219,11.643727,-149.937334,-36.195435,53.020749,28.610947,42.270427,-23.988305,-5.154046
755,21.888709,-21.850623,79.115338,-10.205378,-26.123837,175.541367,-6.155027,6.642089,-15.615652,5.827080,12.325054,-8.124541,27.659955,-17.704645,-45.910343,5.329734,22.034099,12.151221,31.283459,-9.719870,-2.694584,37.990555,28.351894,-16.417125,48.720037,-2.076662,-8.294582,11.614640,-149.925863,-36.203954,53.020451,28.656763,42.348429,-24.018609,-5.152847
756,21.786120,-21.844310,79.123476,-10.134377,-26.080496,175.435527,-6.140448,6.659848,-15.461024,5.829415,12.287955,-8.063747,27.657512,-17.769673,-45.947373,5.328514,21.973747,12.139120,31.249221,-9.734821,-2.732187,38.018096,28.263747,-16.408379,49.007315,-2.179410,-8.328058,11.575774,-149.963064,-36.276281,52.903829,28.488744,42.236179,-24.100067,-5.309228
757,21.683693,-21.838079,79.131461,-10.063552,-26.037165,175.329811,-6.125870,6.677607,-15.306396,5.831751,12.250856,-8.002952,27.655068,-17.834701,-45.984403,5.327294,21.913395,12.127019,31.214984,-9.749772,-2.769791,38.045636,28.175600,-16.399633,49.294594,-2.282157,-8.361533,11.536909,-150.000265,-36.348609,52.787208,28.320726,42.123930,-24.181525,-5.465610
758,21.581429,-21.831929,79.139294,-9.992900,-25.993844,175.224219,-6.111291,6.695365,-15.151768,5.834086,12.213758,-7.942158,27.652624,-17.899730,-46.021432,5.326074,21.853044,12.114919,31.180746,-9.764723,-2.807394,38.073177,28.087453,-16.390888,49.581872,-2.384905,-8.395009,11.498043,-150.037467,-36.420936,52.670586,28.152707,42.011680,-24.262983,-5.621991
759,21.479329,-21.825861,79.147347,-9.922423,-25.950535,175.118751,-6.096713,6.713124,-14.997140,5.836421,12.176659,-7.881364,27.650181,-17.964758,-46.058462,5.324853,21.792692,12.102818,31.146509,-9.779675,-2.844998,38.100717,27.999306,-16.382142,49.869150,-2.487653,-8.428485,11.459178,-150.074668,-36.493264,52.553964,27.984689,41.899431,-24.344441,-5.778373
760,21.377392,-21.819877,79.158902,-9.852119,-25.907238,175.013405,-6.082134,6.730883,-14.842512,5.838756,12.139560,-7.820569,27.647738,-18.029786,-46.095492,5.323633,21.732340,12.090717,31.112271,-9.794626,-2.882601,38.128258,27.911159,-16.373396,50.156429,-2.590401,-8.461960,11.420312,-150.111869,-36.565591,52.437342,27.816670,41.787181,-24.425899,-5.934754
761,21.275619,-21.813975,79.198797,-9.781988,-25.863955,174.908183,-6.067556,6.748642,-14.687885,5.841092,12.102461,-7.759775,27.645294,-18.094814,-46.132522,5.322413,21.671988,12.651574,31.078034,-9.809577,-2.920204,38.155798,27.823012,-16.364650,50.443707,-2.693148,-8.495436,11.381446,-150.149070,-36.637918,52.320721,27.648652,41.674931,-24.507357,-6.091136
762,21.174010,-21.808158,79.206059,-9.712030,-25.820684,174.803083,-6.052977,6.766401,-14.533257,5.843427,12.065363,-7.698981,27.642851,-18.159843,-46.169551,5.321193,21.611636,12.639474,31.043796,-9.824528,-2.957808,38.183339,27.734865,-16.355905,50.730985,-2.795896,-8.528912,11.342581,-150.186271,-36.710246,52.204099,27.480633,41.562682,-24.588815,-6.247517
763,21.072566,-21.802425,79.213170,-9.642245,-25.777428,174.698105,-6.038399,6.784159,-14.378629,5.845762,12.028264,-7.638186,27.640407,-18.224871,-46.206581,5.319973,21.551285,12.627373,31.009559,-9.839479,-2.995411,38.210879,27.646718,-16.347159,51.018264,-2.898644,-8.562387,11.303715,-150.223473,-36.782573,52.087477,27.312614,41.450432,-24.670273,-6.403898
764,20.971287,-21.796777,79.220130,-9.572632,-25.734187,174.593250,-6.023820,6.801918,-14.224001,5.848098,11.991165,-7.577392,27.637964,-18.289899,-46.243611,5.318753,21.490933,12.615272,30.975321,-9.854430,-3.033014,38.238420,27.558571,-16.338413,51.305542,-3.001391,-8.595863,11.264849,-150.260674,-36.854900,51.970856,27.144596,41.338182,-24.751731,-6.560280
765,20.870172,-21.791215,79.226937,-9.503191,-25.690962,174.488516,-6.009242,6.819677,-14.069373,5.850433,11.954066,-7.516598,27.635520,-18.354927,-46.280641,5.317533,21.430581,12.603171,30.941084,-9.869381,-3.070618,38.265960,27.470424,-16.329667,51.592820,-3.104139,-8.629339,11.225984,-150.297875,-36.927228,51.854234,26.976577,41.225933,-24.833189,-6.716661
766,20.769223,-21.785739,79.233593,-9.433921,-25.647752,174.383903,-5.994663,6.837436,-13.914745,5.852768,11.916968,-7.455803,27.633077,-18.419956,-46.317670,5.316312,21.370229,12.591071,30.906846,-9.884333,-3.108221,38.293501,27.382278,-16.320922,51.880099,-3.206887,-8.662814,11.187118,-150.335076,-36.999555,51.737612,26.808559,41.113683,-24.914648,-6.873043
767,20.668440,-21.780350,79.240098,-9.364823,-25.604560,174.279412,-5.980085,6.855195,-13.760117,5.855103,11.879869,-7.395009,27.630634,-18.484984,-46.354700,5.315092,21.309877,12.578970,30.872609,-9.899284,-3.145825,38.321041,27.294131,-16.312176,52.167377,-3.309635,-8.696290,11.148253,-150.372277,-37.071883,51.620990,26.640540,41.001434,-24.996106,-7.029424
768,20.567822,-21.775048,79.246451,-9.295895,-25.561386,174.175041,-5.965506,6.872954,-13.605489,5.857439,11.842770,-7.334215,27.628190,-18.550012,-46.391730,5.313872,21.249525,12.566869,30.838371,-9.914235,-3.183428,38.348582,27.205984,-16.303430,52.454655,-3.412382,-8.729766,11.109387,-150.409478,-37.144210,51.504369,26.472522,40.889184,-25.077564,-7.185806
769,20.467371,-21.769834,79.252653,-9.227138,-25.518230,174.070791,-5.950928,6.890712,-13.450861,5.859774,11.805671,-7.273420,27.625746,-18.615040,-46.428760,5.312652,21.189174,12.554768,30.804134,-9.929186,-3.221031,38.376122,27.117837,-16.294684,52.741934,-3.515130,-8.763241,11.070521,-150.446680,-37.216537,51.387747,26.304503,40.776934,-25.159022,-7.342187
770,20.367086,-21.764708,79.258706,-9.158550,-25.475094,173.966662,-5.936349,6.908471,-13.296233,5.862109,11.768573,-7.212626,27.623303,-18.680069,-46.465789,5.311432,21.128822,12.542668,30.769896,-9.944137,-3.258635,38.403663,27.029690,-16.285939,53.029212,-3.617878,-8.796717,11.031656,-150.483881,-37.288865,51.271125,26.136484,40.664685,-25.240480,-7.498568
771,20.266968,-21.759671,79.264606,-9.090132,-25.431977,173.862652,-5.921771,6.926230,-13.141606,5.864445,11.731474,-7.151832,27.620860,-18.745097,-46.502819,5.310212,21.068470,12.530567,30.735659,-9.959088,-3.296238,38.431203,26.941543,-16.277193,53.316490,-3.720625,-8.830193,10.992790,-150.521082,-37.361192,51.154504,25.968466,40.552435,-25.321938,-7.654950
772,20.167016,-21.754723,79.270356,-9.021884,-25.388881,173.758762,-5.907192,6.943989,-12.986978,5.866780,11.694375,-7.091037,27.618416,-18.810125,-46.539849,5.308992,21.008118,12.518466,30.701421,-9.974039,-3.333841,38.458744,26.853396,-16.268447,53.603769,-3.823373,-8.863668,10.953924,-150.558283,-37.433519,51.037882,25.800447,40.440185,-25.403396,-7.811331
773,20.067232,-21.749865,79.275955,-8.953804,-25.345805,173.654991,-5.892614,6.961748,-12.832350,5.869115,11.657276,-7.030243,27.615973,-18.875153,-46.576879,5.307771,20.947766,12.506365,30.667184,-9.988991,-3.371445,38.486284,26.765249,-16.259701,53.891047,-3.926121,-8.897144,10.915059,-150.595484,-37.505847,50.921260,25.632429,40.327936,-25.484854,-7.967713
774,19.967615,-21.745098,79.281405,-8.885892,-25.302752,173.551340,-5.878035,6.979506,-12.677722,5.871450,11.620178,-6.969449,27.613529,-18.940182,-46.613908,5.306551,20.887415,12.494265,30.632946,-10.003942,-3.409048,38.513825,26.677102,-16.250956,54.178325,-4.028869,-8.930620,10.876193,-150.632686,-37.578174,50.804638,25.464410,40.215686,-25.566312,-8.124094
775,19.868166,-21.740422,79.286703,-8.818149,-25.259721,173.447807,-5.863457,6.997265,-12.523094,5.873786,11.583079,-6.908654,27.611086,-19.005210,-46.650938,5.305331,20.827063,12.482164,30.598709,-10.018893,-3.446652,38.541365,26.588955,-16.242210,54.465604,-4.131616,-8.964095,10.837328,-150.669887,-37.650502,50.688017,25.296392,40.103437,-25.647770,-8.280476
776,19.768885,-21.735837,79.291852,-8.750573,-25.216714,173.344392,-5.848878,7.015024,-12.368466,5.876121,11.545980,-6.847860,27.608642,-19.070238,-46.687968,5.304111,20.766711,12.470063,30.564471,-10.033844,-3.484255,38.568906,26.500808,-16.233464,54.752882,-4.234364,-8.997571,10.798462,-150.707088,-37.722829,50.571395,25.128373,39.991187,-25.729228,-8.436857
777,19.622850,-21.822725,79.320728,-8.654343,-24.986014,173.052483,-5.919045,7.013107,-12.217143,5.913065,11.441670,-6.739455,27.497352,-19.135835,-46.730455,5.330876,20.605360,12.460267,30.592663,-9.904673,-2.842385,37.486154,26.450292,-16.586593,55.182679,-4.268541,-8.805562,10.770990,-150.583269,-38.165283,50.425801,26.258919,40.419767,-25.530531,-8.704139
778,19.477512,-21.908694,79.373622,-8.558773,-24.755344,172.761170,-5.989212,7.011190,-12.065819,5.950009,11.337359,-6.631051,27.386061,-19.201433,-46.772942,5.357641,20.444009,13.023428,30.620856,-9.775502,-2.200515,36.403402,26.399775,-16.939722,55.612476,-4.302718,-8.613552,10.743519,-150.459449,-38.607737,50.280206,27.389465,40.848347,-25.331834,-8.971420
779,19.332882,-21.993749,79.395047,-8.463856,-24.524707,172.470448,-6.059379,7.009273,-11.914496,5.986953,11.233049,-6.522646,27.274770,-19.267030,-46.815430,5.384406,20.282659,13.013633,30.649048,-9.646331,-1.558645,35.320650,26.349259,-17.292851,56.042272,-4.336895,-8.421543,10.716048,-150.335630,-39.050191,50.134611,28.520011,41.276928,-25.133137,-9.238702
780,19.188970,-22.077891,79.415799,-8.369582,-24.294104,172.180315,-6.129547,7.007357,-11.763173,6.023898,11.128739,-6.414241,27.163479,-19.332628,-46.857917,5.411171,20.121308,13.003837,30.677241,-9.517161,-0.916775,34.237898,26.298742,-17.645980,56.472069,-4.371073,-8.229534,10.688576,-150.211810,-39.492646,49.989017,29.650558,41.705508,-24.934440,-9.505984
781,19.045785,-22.161127,79.435879,-8.275944,-24.063540,171.890765,-6.199714,7.005440,-11.611850,6.060842,11.024429,-6.305837,27.052189,-19.398225,-46.900404,5.437936,19.959957,12.994041,30.705433,-9.387990,-0.274905,33.155146,26.248226,-17.999109,56.901866,-4.405250,-8.037525,10.661105,-150.087991,-39.935100,49.843423,30.781104,42.134088,-24.735743,-9.773265
782,18.903337,-22.243458,79.455289,-8.182934,-23.833017,171.601796,-6.269882,7.003523,-11.460527,6.097786,10.920119,-6.197432,26.940898,-19.463823,-46.942891,5.464701,19.798607,12.984245,30.733625,-9.258819,0.366965,32.072394,26.197709,-18.352238,57.331663,-4.439427,-7.845515,10.633633,-149.964172,-40.377554,49.697828,31.911650,42.562668,-24.537045,-10.040547
783,18.761635,-22.324890,79.474031,-8.090545,-23.602538,171.313404,-6.340049,7.001606,-11.309203,6.134730,10.815808,-6.089027,26.829607,-19.529421,-46.985379,5.491466,19.637256,12.974449,30.761818,-9.129648,1.008835,30.989642,26.147193,-18.705367,57.761460,-4.473604,-7.653506,10.606162,-149.840352,-40.820008,49.552234,33.042196,42.991248,-24.338348,-10.307829
784,18.620690,-22.405427,79.498444,-7.998769,-23.372105,171.025586,-6.410216,6.999689,-11.157880,6.171674,10.711498,-5.980622,26.718316,-19.595018,-47.027866,5.518231,19.475905,12.964654,30.790010,-9.000477,1.650705,29.906890,26.096676,-19.058496,58.191256,-4.507781,-7.461497,10.578690,-149.716533,-41.262462,49.406639,34.172742,43.419829,-24.139651,-10.575110
785,18.480511,-22.485073,79.546645,-7.907598,-23.141721,170.738338,-6.480384,6.997772,-11.006557,6.208618,10.607188,-5.872218,26.607025,-19.660615,-47.070353,5.544996,19.314554,13.527816,30.818203,-8.871306,2.292575,28.824138,26.046160,-19.411625,58.621053,-4.541958,-7.269487,10.551218,-149.592713,-41.704916,49.261045,35.303288,43.848409,-23.940954,-10.842392
786,18.341107,-22.563833,79.563485,-7.817025,-22.911389,170.451657,-6.550551,6.995856,-10.855234,6.245563,10.502878,-5.763813,26.495735,-19.726213,-47.112840,5.571762,19.153204,13.518020,30.846395,-8.742135,2.934445,27.741385,25.995643,-19.764754,59.050850,-4.576135,-7.077478,10.523747,-149.468894,-42.147370,49.115450,36.433835,44.276989,-23.742257,-11.109673
787,18.202488,-22.641710,79.579662,-7.727043,-22.681112,170.165541,-6.620718,6.993939,-10.703910,6.282507,10.398567,-5.655408,26.384444,-19.791811,-47.155328,5.598527,18.991853,13.508224,30.874587,-8.612965,3.576315,26.658633,25.945127,-20.117883,59.480647,-4.610313,-6.885469,10.496276,-149.345075,-42.589825,48.969856,37.564381,44.705569,-23.543560,-11.376955
788,18.064662,-22.718711,79.595179,-7.637643,-22.450891,169.879986,-6.690886,6.992022,-10.552587,6.319451,10.294257,-5.547004,26.273153,-19.857408,-47.197815,5.625292,18.830502,13.498428,30.902780,-8.483794,4.218185,25.575881,25.894611,-20.471012,59.910444,-4.644490,-6.693459,10.468804,-149.221255,-43.032279,48.824261,38.694927,45.134149,-23.344863,-11.644237
789,17.927641,-22.794839,79.610037,-7.548820,-22.220731,169.594989,-6.761053,6.990105,-10.401264,6.356395,10.189947,-5.438599,26.161863,-19.923005,-47.240302,5.652057,18.669151,13.488633,30.930972,-8.354623,4.860055,24.493129,25.844094,-20.824141,60.340240,-4.678667,-6.501450,10.441333,-149.097436,-43.474733,48.678666,39.825473,45.562730,-23.146166,-11.911518
790,17.791431,-22.870101,79.624237,-7.460566,-21.990632,169.310548,-6.831220,6.988188,-10.249941,6.393339,10.085636,-5.330194,26.050572,-19.988603,-47.282789,5.678822,18.507800,13.478837,30.959165,-8.225452,5.501925,23.410377,25.793578,-21.177270,60.770037,-4.712844,-6.309441,10.413861,-148.973616,-43.917187,48.533072,40.956019,45.991310,-22.947469,-12.178800
791,17.656044,-22.944500,79.644762,-7.372873,-21.760599,169.026659,-6.901388,6.986271,-10.098617,6.430283,9.981326,-5.221790,25.939281,-20.054201,-47.325277,5.705587,18.346450,13.469041,30.987357,-8.096281,6.143795,22.327625,25.743061,-21.530399,61.199834,-4.747021,-6.117432,10.386390,-148.849797,-44.359641,48.387478,42.086565,46.419890,-22.748772,-12.446082
792,17.521488,-23.018043,79.687857,-7.285735,-21.530632,168.743321,-6.971555,6.984354,-9.947294,6.467227,9.877016,-5.113385,25.827991,-20.119798,-47.367764,5.732352,18.185099,14.032203,31.015549,-7.967110,6.785665,21.244873,25.692545,-21.883528,61.629631,-4.781198,-5.925422,10.358918,-148.725978,-44.802095,48.241883,43.217111,46.848470,-22.550074,-12.713363
793,17.387771,-23.090734,79.700191,-7.199146,-21.300736,168.460530,-7.041723,6.982438,-9.795971,6.504172,9.772706,-5.004980,25.716700,-20.185395,-47.410251,5.759117,18.023748,14.022407,31.043742,-7.837940,7.427535,20.162121,25.642028,-22.236657,62.059428,-4.815376,-5.733413,10.331447,-148.602158,-45.244550,48.096289,44.347658,47.277050,-22.351377,-12.980645
794,17.254904,-23.162580,79.711876,-7.113097,-21.070911,168.178284,-7.111889,6.980521,-9.644648,6.541116,9.668396,-5.469533,25.605409,-20.250993,-47.452738,5.785882,17.862398,14.012612,31.071934,-7.708769,8.069405,19.079369,25.591512,-22.589786,62.489224,-4.849553,-5.541404,10.303975,-148.478339,-45.687004,47.950694,45.478204,47.705631,-22.152680,-13.247927
795,17.122894,-23.233585,79.722910,-7.027584,-20.841161,167.896581,-7.182057,6.978604,-9.493324,6.578060,9.564085,-5.361129,25.494118,-20.316591,-47.495226,5.812647,17.701047,14.002816,31.100127,-7.579598,8.711275,17.996617,25.540995,-22.942915,62.919021,-4.883730,-5.349394,10.276504,-148.354519,-46.129458,47.805100,46.608750,48.134211,-21.953983,-13.515208
796,16.991751,-23.303757,79.733298,-6.942598,-20.611488,167.615418,-7.252224,6.976687,-9.342001,6.615004,9.459775,-5.252724,25.382828,-20.382188,-47.537713,5.839412,17.539696,13.993020,31.128319,-7.450427,9.353145,16.913865,25.490479,-23.296044,63.348818,-4.917907,-5.157385,10.249032,-148.230700,-46.571912,47.659505,47.739296,48.562791,-21.755286,-13.782490
797,16.565553,-23.792858,79.722129,-6.883386,-19.953808,166.472506,-7.660222,7.246591,-8.798472,7.336971,9.093087,-5.102188,25.074927,-20.506845,-48.045211,5.992300,17.117737,14.040973,31.049293,-7.300923,10.330855,15.619339,25.903448,-23.899882,63.326880,-5.336071,-5.398902,10.210944,-146.280144,-45.925069,46.982063,48.170491,48.440671,-21.409303,-13.799085
798,16.145095,-24.257676,79.716166,-6.819252,-19.298227,165.326622,-8.068221,7.516495,-8.254944,8.058938,8.726400,-4.951652,24.767025,-20.631503,-48.552709,6.145188,16.695777,14.088926,30.970267,-7.151420,11.308564,14.324812,26.316417,-24.503721,63.304942,-5.754236,-5.640418,10.172856,-144.329589,-45.278227,46.304621,48.601685,48.318551,-21.063320,-13.815681
799,15.731356,-24.698484,79.737375,-6.750249,-18.644670,164.178097,-8.476219,7.786399,-7.711415,8.780906,8.359712,-4.801117,24.459124,-20.756160,-49.060207,6.298077,16.273818,14.709837,30.891241,-7.001916,12.286274,13.030286,26.729386,-25.107559,63.283003,-6.172400,-5.881935,10.134768,-142.379033,-44.631384,45.627179,49.032880,48.196431,-20.717337,-13.832276
800,15.325307,-25.115596,79.726737,-6.676426,-17.993062,163.027258,-8.884217,8.056303,-7.167886,9.502873,7.993025,-4.650581,24.151222,-20.880818,-49.567706,6.450965,15.851859,14.757790,30.812215,-6.852413,13.263984,11.735760,27.142355,-25.711397,63.261065,-6.590565,-6.123451,10.096680,-140.428478,-43.984541,44.949737,49.464074,48.074312,-20.371354,-13.848872
801,14.927837,-25.509477,79.716340,-6.597828,-17.343328,161.874429,-9.292215,8.326207,-6.624358,10.224840,7.626337,-4.500045,23.843321,-21.005475,-50.075204,6.603853,15.429900,14.805743,30.733189,-6.702909,14.241693,10.441233,27.555324,-26.315236,63.239127,-7.008729,-6.364968,10.058592,-138.477922,-43.337698,44.272295,49.895269,47.952192,-20.025371,-13.865467
802,14.539901,-25.880498,79.706220,-6.514495,-16.695396,160.719935,-9.700213,8.596112,-6.080829,10.946807,7.259650,-4.349509,23.535419,-21.130133,-50.582702,6.756741,15.007940,14.853697,30.654163,-6.553406,15.219403,9.146707,27.968294,-26.919074,63.217189,-7.426894,-6.606484,10.020505,-136.527366,-42.690856,43.594854,50.326463,47.830072,-19.679388,-13.882063
803,14.162459,-26.229033,79.696415,-6.426465,-16.049194,159.564097,-10.108211,8.866016,-5.537300,11.668774,6.892962,-4.198974,23.227518,-21.254790,-51.090200,6.909629,14.585981,14.901650,30.575137,-6.403902,16.197113,7.852181,28.381263,-27.522912,63.195250,-7.845058,-6.848001,9.982417,-134.576811,-42.044013,42.917412,50.757658,47.707952,-19.333405,-13.898658
804,13.796428,-26.555547,79.686953,-6.333772,-15.404648,158.407234,-10.516209,9.135920,-4.993772,12.390742,6.526274,-4.621396,22.919616,-21.379447,-51.597698,7.062518,14.164022,14.949603,30.496111,-6.254399,17.174822,6.557654,28.794232,-28.126751,63.173312,-8.263223,-7.089518,9.944329,-132.626255,-41.397170,42.239970,51.188852,47.585832,-18.987422,-13.915254
805,13.442703,-26.860539,79.677859,-6.236446,-14.761689,157.249664,-10.924208,9.405824,-4.450243,13.112709,6.159587,-4.470860,22.611715,-21.504105,-52.105196,7.215406,13.742062,14.997556,30.417085,-6.104895,18.152532,5.263128,29.207201,-28.730589,63.151374,-8.681387,-7.331034,9.906241,-130.675699,-40.750328,41.562528,51.620047,47.463712,-18.641439,-13.931849
806,13.102162,-27.144548,79.666178,-6.134514,-14.120246,156.091701,-11.332206,9.675728,-3.906714,13.834676,5.792899,-4.320324,22.303813,-21.628762,-52.612694,7.368294,13.320103,15.000035,30.338059,-5.955392,19.130242,3.968602,29.620170,-29.334427,63.129436,-9.099552,-7.572551,9.868153,-128.725144,-40.103485,40.885086,52.051241,47.341592,-18.295456,-13.948445
807,12.775520,-27.408338,79.660613,-6.027999,-13.480252,154.933660,-11.740204,9.945632,-3.363186,14.556643,5.426212,-4.169789,21.995912,-21.753420,-53.120193,7.521182,12.898144,15.000035,30.259034,-5.805888,20.107951,2.674075,30.033139,-29.938266,63.107497,-9.517716,-7.814067,9.830065,-126.774588,-39.456642,40.207644,52.482436,47.219473,-17.949474,-13.965040
808,12.463718,-27.652356,79.661074,-5.916923,-12.841639,153.775851,-12.148202,10.215536,-2.819657,15.278610,5.059524,-4.592211,21.688011,-21.878077,-53.627691,7.674070,12.476185,15.000035,30.180008,-5.656385,21.085661,1.379549,30.446108,-30.542104,63.085559,-9.935881,-8.055584,9.791977,-124.824033,-38.809799,39.530202,52.913630,47.097353,-17.603491,-13.981636
809,12.167596,-27.877195,79.661637,-5.801302,-12.204340,152.618585,-12.556200,10.485440,-2.276128,16.000577,4.692837,-4.441675,21.380109,-22.002735,-54.135189,7.826958,12.054225,15.000035,30.100982,-5.506881,22.063371,0.085023,30.859077,-31.145942,63.063621,-10.354045,-8.297100,9.753889,-122.873477,-38.162957,38.852760,53.344825,46.975233,-17.257508,-13.998231
810,11.887941,-28.083523,79.662317,-5.681153,-11.568291,151.462168,-12.964198,10.755344,-1.732600,16.722545,4.326149,-4.291139,21.072208,-22.127392,-54.642687,7.979847,11.632266,15.000035,30.021956,-5.357378,23.041080,-1.209504,31.272046,-31.749781,63.041683,-10.772210,-8.538617,9.715801,-120.922921,-37.516114,38.175318,53.776019,46.853113,-16.911525,-14.014827
811,11.625509,-28.272039,79.663131,-5.556486,-10.933428,150.306905,-13.372196,11.025248,-1.189071,17.444512,3.959461,-4.713562,20.764307,-22.252049,-55.150185,8.132735,11.210307,15.000035,29.942930,-5.207874,24.018790,-2.504030,31.685015,-32.353619,63.019744,-11.190374,-8.780134,9.677713,-118.972366,-36.869271,37.497876,54.207214,46.730993,-16.565542,-14.031422
812,11.381028,-28.443475,79.664084,-5.427312,-10.299690,149.153100,-13.780195,11.295153,-0.645542,18.166479,3.592774,-4.563026,20.456405,-22.376707,-55.657683,8.285623,10.788347,15.000035,29.863904,-5.058371,24.996500,-3.798556,32.097985,-32.957457,62.997806,-11.608539,-9.021650,9.639626,-117.021810,-36.222429,36.820435,54.638408,46.608873,-16.219559,-14.048018
813,11.155193,-28.598591,79.665183,-5.293637,-9.667016,148.001053,-14.188192,11.565057,-0.102014,18.888446,3.226086,-4.412490,20.148504,-22.501364,-56.165181,8.438511,10.366388,15.000035,29.784878,-4.908867,25.974209,-5.093083,32.510954,-33.561296,62.975868,-12.026703,-9.263167,9.601538,-115.071254,-35.575586,36.142993,55.069603,46.486753,-15.873576,-14.064613
814,10.948668,-28.738175,79.666430,-5.155465,-9.035347,146.851062,-14.596191,11.834961,0.441515,19.610413,2.859399,-4.834911,19.840602,-22.626022,-56.672680,8.591399,9.944429,15.000035,29.705852,-4.759364,26.951919,-6.387609,32.923923,-34.165134,62.953930,-12.444868,-9.504683,9.563450,-113.120699,-34.928743,35.465551,55.500797,46.364634,-15.527593,-14.081209
815,10.762082,-28.863042,79.667821,-5.012798,-8.404627,145.703424,-15.004189,12.104865,0.985044,20.332381,2.492711,-4.684376,19.532701,-22.750679,-57.180178,8.744288,9.522470,15.000035,29.626826,-4.609860,27.929629,-7.682135,33.336892,-34.768972,62.931991,-12.863032,-9.746200,9.525362,-111.170143,-34.281900,34.788109,55.931992,46.242514,-15.181610,-14.097804
816,10.596028,-28.974032,79.714460,-4.865635,-7.774799,144.558431,-15.412187,12.374769,1.528572,21.054348,2.126024,-4.533840,19.224799,-22.875337,-57.687676,8.897176,9.100510,15.000035,29.547800,-4.460357,28.907338,-8.976662,33.749861,-35.372811,62.910053,-13.281197,-9.987716,9.487274,-109.219588,-33.635058,34.110667,56.363186,46.120394,-14.835627,-14.114400
817,10.451063,-29.072008,79.852762,-4.713973,-7.145811,143.416375,-15.820185,12.644673,2.072101,21.776315,1.759336,-4.956262,18.916898,-22.999994,-58.195174,9.050064,8.678551,15.000035,29.468774,-4.310853,29.885048,-10.271188,34.162830,-35.976649,62.888115,-13.699361,-10.229233,9.449186,-107.269032,-32.988215,33.433225,56.794381,45.998274,-14.489644,-14.130995
818,10.177434,-29.182464,79.858923,-4.705825,-7.210162,142.366829,-15.810267,13.116594,2.550353,22.325813,1.483738,-4.865808,18.695567,-23.326227,-57.825595,9.728169,8.149404,15.000035,28.733467,-4.649045,29.837860,-10.708840,33.993824,-35.647272,63.049479,-14.144190,-9.994648,9.611249,-103.284218,-31.938397,34.018392,54.572007,44.171412,-14.597381,-14.153693
819,9.905444,-29.290195,79.852298,-4.694216,-7.274431,141.316858,-15.800348,13.588514,3.028604,22.875311,1.208141,-5.348312,18.474235,-23.652459,-57.456017,10.406275,7.620258,15.000035,27.998160,-4.987238,29.790671,-11.146491,33.824818,-35.317896,63.210843,-14.589018,-9.760064,9.773313,-99.299405,-30.888578,34.603559,52.349633,42.344551,-14.705118,-14.176390
820,9.635184,-29.395298,79.831024,-4.679161,-7.338567,140.266456,-15.790429,14.060435,3.506856,23.424810,0.932543,-5.257859,18.252904,-23.978692,-57.086438,11.084380,7.091111,15.000035,27.262852,-5.325430,29.743483,-11.584143,33.655812,-34.988519,63.372207,-15.033847,-9.525479,9.935376,-95.314591,-29.838760,35.188726,50.127259,40.517689,-14.812855,-14.199088
821,9.366739,-29.497871,79.828021,-4.660678,-7.402520,139.215614,-15.780511,14.532355,3.985107,23.974308,0.656946,-5.167405,18.031573,-24.304925,-56.716860,11.762486,6.561964,15.000035,26.527545,-5.663623,29.696294,-12.021794,33.486806,-34.659143,63.533571,-15.478675,-9.290894,10.097439,-91.329778,-28.788942,35.773892,47.904885,38.690828,-14.920591,-14.221786
822,9.100193,-29.598013,79.792269,-4.638784,-7.466238,138.164324,-15.770593,15.004276,4.463359,24.523806,0.381348,-5.649909,17.810241,-24.631158,-56.347281,12.440591,6.032817,15.000035,25.792238,-6.001815,29.649106,-12.459446,33.317800,-34.329766,63.694935,-15.923504,-9.056309,10.259503,-87.344964,-27.739123,36.359059,45.682511,36.863966,-15.028328,-14.244484
823,8.835625,-29.695829,79.768832,-4.613500,-7.529674,137.112579,-15.760674,15.476197,4.941610,25.073304,0.105750,-5.559455,17.588910,-24.957390,-55.977703,13.118697,5.503671,15.000035,25.056931,-6.340008,29.601917,-12.897097,33.148795,-34.000389,63.856299,-16.368332,-8.821725,10.421566,-83.360150,-26.689305,36.944226,43.460138,35.037105,-15.136065,-14.267181
824,8.573107,-29.791426,79.738539,-4.584845,-7.592777,136.060371,-15.750755,15.948117,5.419862,25.622802,-0.169847,-6.041959,17.367578,-25.283623,-55.608124,13.796802,4.974524,15.000035,24.321623,-6.678200,29.554729,-13.334749,32.979789,-33.671013,64.017663,-16.813161,-8.587140,10.583629,-79.375337,-25.639487,37.529393,41.237764,33.210243,-15.243802,-14.289879
825,8.312712,-29.884913,79.689192,-4.552840,-7.655499,135.007694,-15.740837,16.420038,5.898114,26.172301,-0.445445,-5.951506,17.146247,-25.609856,-55.238545,14.474908,4.445377,15.000035,23.586316,-7.016392,29.507541,-13.772400,32.810783,-33.341636,64.179027,-17.257990,-8.352555,10.745693,-75.390523,-24.589668,38.114560,39.015390,31.383382,-15.351539,-14.312577
826,8.054497,-29.976408,79.660662,-4.517510,-7.717793,133.954542,-15.730918,16.891959,6.376365,26.721799,-0.721043,-5.861052,16.924916,-25.936088,-54.868967,15.153013,3.916231,15.000035,22.851009,-7.354585,29.460352,-14.210052,32.641777,-33.012259,64.340391,-17.702818,-8.117971,10.907756,-71.405709,-23.539850,38.699727,36.793016,29.556520,-15.459276,-14.335274
827,7.798520,-30.066027,79.600909,-4.478876,-7.779611,132.900908,-15.721000,17.363879,6.854617,27.271297,-0.996640,-6.343555,16.703584,-26.262321,-54.499388,15.831119,3.387084,15.000035,22.115702,-7.692777,29.413164,-14.647703,32.472771,-32.682883,64.501755,-18.147647,-7.883386,11.069819,-67.420896,-22.490032,39.284894,34.570642,27.729659,-15.567013,-14.357972
828,7.544849,-30.153879,79.551094,-4.436965,-7.840907,131.846786,-15.711081,17.835800,7.332868,27.820795,-1.272238,-6.253101,16.482253,-26.588554,-54.129810,16.509224,2.857937,15.000035,21.380394,-8.030970,29.365975,-15.085355,32.303765,-32.353506,64.663119,-18.592475,-7.648801,11.231883,-63.436082,-21.440213,39.870060,32.348268,25.902797,-15.674749,-14.380670
829,7.293535,-30.240081,79.496987,-4.391801,-7.901634,130.792172,-15.701163,18.307720,7.811120,28.370293,-1.547835,-6.735605,16.260921,-26.914787,-53.760231,17.187330,2.328790,15.000035,20.645087,-8.369162,29.318787,-15.523006,32.134759,-32.024130,64.824483,-19.037304,-7.414216,11.393946,-59.451269,-20.390395,40.455227,30.125894,24.075936,-15.782486,-14.403368
830,7.044611,-30.324765,79.421993,-4.343412,-7.961748,129.737062,-15.691244,18.779641,8.289371,28.919791,-1.823433,-6.645151,16.039590,-27.241019,-53.390653,17.865435,1.799644,15.000035,19.909780,-8.707355,29.271598,-15.960658,31.965753,-31.694753,64.985847,-19.482132,-7.179632,11.556009,-55.466455,-19.340577,41.040394,27.903520,22.249074,-15.890223,-14.426065
831,6.798138,-30.408038,79.369080,-4.291827,-8.021204,128.681450,-15.681326,19.251562,8.767623,29.469290,-2.099031,-6.554698,15.818259,-27.567252,-53.021074,18.543541,1.270497,15.000035,19.174473,-9.045547,29.224410,-16.398309,31.796747,-31.365376,65.147211,-19.926961,-6.945047,11.718073,-51.481641,-18.290758,41.625561,25.681146,20.422213,-15.997960,-14.448763
832,6.554155,-30.490024,79.286430,-4.237074,-8.079957,127.625333,-15.671407,19.723482,9.245875,30.018788,-2.374628,-7.037202,15.596928,-27.893485,-52.651495,19.221646,0.741350,15.000035,18.439165,-9.383739,29.177222,-16.835961,31.627741,-31.036000,65.308575,-20.371790,-6.710462,11.880136,-47.496828,-17.240940,42.210728,23.458772,18.595351,-16.105697,-14.471461
833,6.312697,-30.570847,79.211441,-4.179183,-8.137966,126.568708,-15.661488,20.195403,9.724126,30.568286,-2.650226,-6.946748,15.375596,-28.219717,-52.281917,19.899752,0.212204,15.000035,17.703858,-9.721932,29.130033,-17.273612,31.458736,-30.706623,65.469939,-20.816618,-6.475878,12.042199,-43.512014,-16.191122,42.795895,21.236399,16.768490,-16.213434,-14.494158
834,6.073794,-30.650631,79.135464,-4.118187,-8.195186,125.511573,-15.651570,20.667324,10.202378,31.117784,-2.925824,-7.429252,15.154265,-28.545950,-51.912338,20.577857,-0.316943,15.000035,16.968551,-10.060124,29.082845,-17.711264,31.289730,-30.377246,65.631303,-21.261447,-6.241293,12.204263,-39.527200,-15.141303,43.381062,19.014025,14.941628,-16.321171,-14.516856
835,5.837469,-30.729504,79.035203,-4.054118,-8.251577,124.453925,-15.641652,21.139244,10.680629,31.667282,-3.201421,-7.338798,14.932933,-28.872183,-51.542760,21.255963,-0.846090,15.000035,16.233244,-10.398317,29.035656,-18.148915,31.120724,-30.047870,65.792667,-21.706275,-6.006708,12.366326,-35.542387,-14.091485,43.966228,16.791651,13.114767,-16.428907,-14.539554
836,5.603743,-30.807592,78.959077,-3.987009,-8.307097,123.395763,-15.631733,21.611165,11.158881,32.216781,-3.477019,-7.248345,14.711602,-29.198416,-51.173181,21.934068,-1.375237,15.000035,15.497936,-10.736509,28.988468,-18.586567,30.951718,-29.718493,65.954031,-22.151104,-5.772123,12.528389,-31.557573,-13.041667,44.551395,14.569277,11.287905,-16.536644,-14.562252
837,5.372629,-30.885023,78.856741,-3.916897,-8.361706,122.337085,-15.621814,22.083085,11.637132,32.766279,-3.752616,-7.730849,14.490271,-29.524648,-50.803603,22.612174,-1.904383,15.000035,14.762629,-11.074702,28.941279,-19.024218,30.782712,-29.389117,66.115395,-22.595932,-5.537539,12.690453,-27.572760,-11.991848,45.136562,12.346903,9.461044,-16.644381,-14.584949
838,5.144137,-30.961925,78.755707,-3.843816,-8.415365,121.277892,-15.611896,22.555006,12.115384,33.315777,-4.028214,-7.640395,14.268939,-29.850881,-50.434024,23.290279,-2.433530,15.000035,14.027322,-11.412894,28.894091,-19.461870,30.613706,-29.059740,66.276759,-23.040761,-5.302954,12.852516,-23.587946,-10.942030,45.721729,10.124529,7.634182,-16.752118,-14.607647
839,4.953214,-30.820691,78.749196,-3.601103,-8.471901,120.042332,-15.149650,22.608670,12.522431,32.847061,-3.855377,-7.809998,14.102270,-29.781155,-49.868092,22.981312,-2.467134,15.000035,13.450463,-10.941313,28.380818,-18.745876,30.346601,-29.064188,66.084864,-22.703555,-5.160824,12.741063,-20.887840,-12.444661,44.901363,7.780061,8.113145,-17.162844,-14.212777
840,4.759606,-30.684317,78.741864,-3.361023,-8.524751,118.806864,-14.687404,22.662333,12.929478,32.378345,-3.682540,-7.979601,13.935602,-29.711428,-49.302160,22.672344,-2.500738,15.000035,12.873604,-10.469732,27.867545,-18.029881,30.079496,-29.068636,65.892970,-22.366348,-5.018694,12.629611,-18.187735,-13.947293,44.080998,5.435592,8.592107,-17.573571,-13.817908
841,4.563113,-30.552621,78.733701,-3.123629,-8.573928,117.571530,-14.225158,22.715997,13.336525,31.909629,-3.509703,-8.149204,13.768933,-29.641702,-48.736227,22.363377,-2.534341,15.000035,12.296746,-9.998151,27.354272,-17.313887,29.812391,-29.073083,65.701075,-22.029142,-4.876564,12.518158,-15.487629,-15.449924,43.260632,3.091124,9.071070,-17.984297,-13.423038
842,4.363547,-30.425413,78.724692,-2.888974,-8.619452,116.336366,-13.762912,22.769661,13.743572,31.440913,-3.336866,-8.318808,13.602264,-29.571975,-48.170295,22.054409,-2.567945,15.000035,11.719887,-9.526570,26.840999,-16.597892,29.545286,-29.077531,65.509181,-21.691936,-4.734434,12.406705,-12.787523,-16.952556,42.440266,0.746655,9.550032,-18.395023,-13.028168
843,4.160727,-30.302501,78.714828,-2.657111,-8.661343,115.101410,-13.300666,22.823324,14.150619,30.972197,-3.164029,-8.488411,13.435596,-29.502249,-47.604363,21.745442,-2.601549,15.000035,11.143028,-9.054989,26.327726,-15.881898,29.278181,-29.081979,65.317286,-21.354729,-4.592304,12.295252,-10.087417,-18.455187,41.619900,-1.597813,10.028995,-18.805750,-12.633299
844,3.954481,-30.183682,78.704092,-2.428091,-8.699621,113.866699,-12.838420,22.876988,14.557665,30.503481,-2.991191,-8.658014,13.268926,-29.432522,-47.038431,21.436474,-2.635153,15.000035,10.566169,-8.583407,25.814453,-15.165903,29.011076,-29.086427,65.125392,-21.017523,-4.450174,12.183800,-7.387312,-19.957818,40.799535,-3.942281,10.507957,-19.216476,-12.238429
845,3.744647,-30.068751,78.692473,-2.201967,-8.734309,112.632265,-12.376174,22.930652,14.964712,30.034765,-2.818354,-8.827617,13.102258,-29.362796,-46.472498,21.127507,-2.668757,15.000035,9.989310,-8.111826,25.301180,-14.449909,28.743971,-29.090875,64.933497,-20.680317,-4.308044,12.072347,-4.687206,-21.460450,39.979169,-6.286750,10.986920,-19.627202,-11.843559
846,3.531074,-29.957497,78.679956,-1.978790,-8.765434,111.398143,-11.913928,22.984316,15.371759,29.566049,-2.645517,-8.997220,12.935589,-29.293069,-45.906566,20.818539,-2.702360,15.000035,9.412452,-7.640245,24.787907,-13.733914,28.476866,-29.095322,64.741603,-20.343110,-4.165914,11.960894,-1.987100,-22.963081,39.158803,-8.631218,11.465882,-20.037929,-11.448689
847,3.313619,-29.849704,78.666523,-1.758610,-8.793020,110.164365,-11.451683,23.037979,15.778806,29.097333,-2.472680,-9.166823,12.768920,-29.223343,-45.340634,20.509572,-2.735964,15.000035,8.835593,-7.168664,24.274634,-13.017920,28.209761,-29.099770,64.549708,-20.005904,-4.023784,11.849441,0.713006,-24.465713,38.338438,-10.975687,11.944845,-20.448655,-11.053820
848,3.092148,-29.745151,78.652163,-1.541478,-8.817095,108.930961,-10.989436,23.091643,16.185853,28.628617,-2.299843,-9.336427,12.602251,-29.153617,-44.774702,20.200605,-2.769568,15.000035,8.258734,-6.697083,23.761361,-12.301926,27.942656,-29.104218,64.357813,-19.668698,-3.881654,11.737989,3.413112,-25.968344,37.518072,-13.320155,12.423807,-20.859381,-10.658950
849,2.866539,-29.643614,78.636856,-1.327443,-8.837691,107.697960,-10.527190,23.145307,16.592900,28.159901,-2.127006,-9.506030,12.435583,-29.083890,-44.208769,19.891637,-2.803172,15.000035,7.681875,-6.225502,23.248087,-11.585931,27.675550,-29.108666,64.165919,-19.331491,-3.739525,11.626536,6.113217,-27.470975,36.697706,-15.664623,12.902770,-21.270108,-10.264080
850,2.636679,-29.544864,78.675753,-1.116553,-8.854836,106.465390,-10.064945,23.198970,16.999947,27.691185,-1.954169,-10.248590,12.268914,-29.014164,-43.642837,19.582670,-2.836776,15.000035,7.105016,-5.753921,22.734814,-10.869937,27.408445,-29.113114,63.974024,-18.994285,-3.597395,11.515083,8.813323,-28.973607,35.877341,-18.009092,13.381733,-21.680834,-9.869211
851,2.402465,-29.448671,78.730242,-0.908858,-8.868565,105.233277,-9.602699,23.252634,17.406994,27.222469,-1.781332,-10.418193,12.102245,-28.944437,-43.076905,19.273702,-2.870379,15.000035,6.528158,-5.282340,22.221541,-10.153942,27.141340,-29.117561,63.782130,-18.657078,-3.455265,11.403630,11.513429,-30.476238,35.056975,-20.353560,13.860695,-22.091561,-9.474341
852,2.163806,-29.354799,78.781836,-0.704405,-8.878910,104.001647,-9.140453,23.306298,17.814041,26.753753,-1.608495,-10.587796,11.935576,-28.874711,-42.510973,18.964735,-2.903983,15.000035,5.951299,-4.810759,21.708268,-9.437948,26.874235,-29.122009,63.590235,-18.319872,-3.313135,11.292178,14.213535,-31.978870,34.236609,-22.698029,14.339658,-22.502287,-9.079471
853,1.920618,-29.263013,78.830553,-0.503241,-8.885908,102.770521,-8.678207,23.359962,18.221088,26.285037,-1.435658,-10.757399,11.768908,-28.804984,-41.945040,18.655767,-2.937587,15.000035,5.374440,-4.339177,21.194995,-8.721953,26.607130,-29.126457,63.398341,-17.982666,-3.171005,11.180725,16.913640,-33.481501,33.416244,-25.042497,14.818620,-22.913013,-8.684602
854,1.672829,-29.173073,78.876405,-0.305412,-8.889594,101.539923,-8.215961,23.413625,18.628134,25.816321,-1.262820,-10.927002,11.602239,-28.735258,-41.379108,18.346800,-2.971191,15.000035,4.797581,-3.867596,20.681722,-8.005959,26.340025,-29.130905,63.206446,-17.645459,-3.028875,11.069272,19.613746,-34.984132,32.595878,-27.386965,15.297583,-23.323740,-8.289732
855,1.420377,-29.084737,78.919407,-0.110964,-8.890007,100.309873,-7.753715,23.467289,19.035181,25.347605,-1.089983,-11.096606,11.435570,-28.665531,-40.813176,18.037832,-3.004795,15.000035,4.220722,-3.396015,20.168449,-7.289964,26.072920,-29.135353,63.014552,-17.308253,-2.886745,10.957819,22.313852,-36.486764,31.775512,-29.731434,15.776545,-23.734466,-7.894862
856,1.163212,-28.997765,78.959572,0.080058,-8.887185,99.080390,-7.291469,23.520953,19.442228,24.878889,-0.917146,-11.266209,11.268901,-28.595805,-40.247244,17.728865,-3.038398,15.000035,3.643864,-2.924434,19.655176,-6.573970,25.805815,-29.139800,62.822657,-16.971047,-2.744615,10.846367,25.013958,-37.989395,30.955146,-32.075902,16.255508,-24.145192,-7.499992
857,0.901292,-28.911912,78.996913,0.267610,-8.881170,97.851491,-6.829223,23.574616,19.849275,24.410173,-0.744309,-11.435812,11.102233,-28.526078,-39.681311,17.419897,-3.072002,15.000035,3.067005,-2.452853,19.141903,-5.857975,25.538710,-29.144248,62.630763,-16.633840,-2.602485,10.734914,27.714063,-39.492027,30.134781,-34.420371,16.734470,-24.555919,-7.105123
858,0.634585,-28.826935,79.031441,0.451648,-8.872002,96.623193,-6.366977,23.628280,20.256322,23.941457,-0.571472,-11.605415,10.935564,-28.456352,-39.115379,17.110930,-3.105606,15.000035,2.490146,-1.981272,18.628630,-5.141981,25.271605,-29.148696,62.438868,-16.296634,-2.460355,10.623461,30.414169,-40.994658,29.314415,-36.764839,17.213433,-24.966645,-6.710253
859,0.782344,-28.489237,79.107583,0.586923,-8.800494,96.735489,-6.073146,23.396317,20.241322,23.074198,-0.252943,-11.818917,11.125626,-28.294207,-39.129621,16.574430,-3.016739,15.000035,2.286197,-1.662686,17.982535,-4.600613,25.135120,-29.334740,61.982476,-15.758559,-2.340295,10.618004,31.530293,-41.293353,28.641681,-37.250926,17.767282,-25.152774,-6.916675
860,0.931599,-28.150683,79.182926,0.723500,-8.728723,96.847753,-5.779315,23.164353,20.226322,22.206939,0.065585,-12.032418,11.315689,-28.132062,-39.143863,16.037930,-2.927871,15.000035,2.082249,-1.344100,17.336440,-4.059245,24.998635,-29.520784,61.526085,-15.220483,-2.220234,10.612547,32.646418,-41.592047,27.968946,-37.737013,18.321132,-25.338903,-7.123096
861,1.082335,-27.811275,79.257441,0.861365,-8.656696,96.959990,-5.485484,22.932390,20.211323,21.339679,0.384114,-11.672963,11.505752,-27.969917,-39.158105,15.501429,-2.839004,15.000035,1.878300,-1.025514,16.690344,-3.517877,24.862151,-29.706828,61.069693,-14.682408,-2.100174,10.607090,33.762542,-41.890742,27.296212,-38.223100,18.874981,-25.525031,-7.329518
862,1.234533,-27.471013,79.331104,1.000504,-8.584421,97.072207,-5.191654,22.700426,20.196323,20.472420,0.702642,-11.886465,11.695815,-27.807772,-39.172347,14.964929,-2.750136,15.000035,1.674352,-0.706928,16.044249,-2.976509,24.725666,-29.892872,60.613301,-14.144333,-1.980114,10.601633,34.878666,-42.189437,26.623478,-38.709186,19.428831,-25.711160,-7.535940
863,1.388177,-27.129898,79.403885,1.140902,-8.511907,97.184410,-4.897822,22.468463,20.181323,19.605161,1.021171,-12.099966,11.885877,-27.645627,-39.186589,14.428429,-2.661269,15.000035,1.470403,-0.388342,15.398154,-2.435141,24.589181,-30.078916,60.156909,-13.606258,-1.860054,10.596176,35.994791,-42.488131,25.950744,-39.195273,19.982680,-25.897289,-7.742361
864,1.543248,-26.787930,79.475756,1.282546,-8.439161,97.296605,-4.603992,22.236500,20.166323,18.737902,1.339699,-12.313468,12.075941,-27.483482,-39.200832,13.891929,-2.572401,15.000035,1.266454,-0.069756,14.752059,-1.893772,24.452696,-30.264959,59.700518,-13.068182,-1.739993,10.590718,37.110915,-42.786826,25.278009,-39.681360,20.536530,-26.083418,-7.948783
865,1.699726,-26.445110,79.546690,1.425421,-8.366189,97.408798,-4.310161,22.004536,20.151324,17.870643,1.658228,-12.526970,12.266003,-27.321337,-39.215074,13.355429,-2.483534,15.000035,1.062506,0.248830,14.105964,-1.352404,24.316211,-30.451003,59.244126,-12.530107,-1.619933,10.585261,38.227039,-43.085521,24.605275,-40.167447,21.090379,-26.269547,-8.155205
866,1.857591,-26.101439,79.616659,1.569511,-8.292999,97.520996,-4.016330,21.772573,20.136324,17.003383,1.976757,-12.740471,12.456066,-27.159192,-39.229316,12.818928,-2.394666,15.000035,0.858557,0.567416,13.459868,-0.811036,24.179727,-30.637047,58.787734,-11.992032,-1.499873,10.579804,39.343164,-43.384215,23.932541,-40.653534,21.644229,-26.455675,-8.361626
867,2.016823,-25.756917,79.685632,1.714801,-8.219597,97.633203,-3.722499,21.540610,20.121324,16.136124,2.295285,-12.381015,12.646129,-26.997047,-39.243558,12.282428,-2.305799,15.000035,0.654608,0.886002,12.813773,-0.269668,24.043242,-30.823091,58.331343,-11.453956,-1.379812,10.574347,40.459288,-43.682910,23.259806,-41.139621,22.198078,-26.641804,-8.568048
868,2.177400,-25.411544,79.753585,1.861277,-8.145989,97.745427,-3.428668,21.308646,20.106324,15.268865,2.613814,-12.594517,12.836192,-26.834902,-39.257800,11.745928,-2.216931,15.000035,0.450660,1.204588,12.167678,0.271700,23.906757,-31.009135,57.874951,-10.915881,-1.259752,10.568890,41.575412,-43.981605,22.587072,-41.625708,22.751928,-26.827933,-8.774470
869,2.339299,-25.065323,79.820488,2.008922,-8.072182,97.857673,-3.134837,21.076683,20.091325,14.401606,2.932342,-12.808018,13.026254,-26.672757,-39.272042,11.209428,-2.128064,15.000035,0.246711,1.523174,11.521583,0.813068,23.770272,-31.195179,57.418559,-10.377806,-1.139692,10.563433,42.691537,-44.280299,21.914338,-42.111794,23.305777,-27.014062,-8.980891
870,2.502499,-24.718251,79.886311,2.157720,-7.998180,97.969946,-2.841007,20.844719,20.076325,13.534347,3.250871,-13.021520,13.216317,-26.510612,-39.286284,10.672928,-2.039196,15.000035,0.042763,1.841760,10.875488,1.354436,23.633787,-31.381223,56.962167,-9.839731,-1.019632,10.557976,43.807661,-44.578994,21.241604,-42.597881,23.859627,-27.200191,-9.187313
871,2.666975,-24.370331,79.951028,2.307655,-7.923989,98.082253,-2.547175,20.612756,20.061325,12.667088,3.569399,-13.235022,13.406380,-26.348467,-39.300526,10.136428,-1.950329,15.000035,-0.161186,2.160346,10.229393,1.895804,23.497302,-31.567267,56.505776,-9.301655,-0.899571,10.552519,44.923785,-44.877689,20.568869,-43.083968,24.413476,-27.386320,-9.393735
872,2.832704,-24.021563,80.014610,2.458711,-7.849613,98.194600,-2.253345,20.380793,20.046325,11.799828,3.887928,-13.448523,13.596443,-26.186322,-39.314768,9.599927,-1.861461,15.000035,-0.365135,2.478932,9.583297,2.437172,23.360818,-31.753311,56.049384,-8.763580,-0.779511,10.547062,46.039910,-45.176383,19.896135,-43.570055,24.967326,-27.572448,-9.600156
873,2.999660,-23.671946,80.077029,2.610872,-7.775058,98.306991,-1.959514,20.148829,20.031326,10.932569,4.206457,-13.089067,13.786505,-26.024177,-39.329010,9.063427,-1.772594,15.000035,-0.569083,2.797518,8.937202,2.978540,23.224333,-31.939355,55.592992,-8.225505,-0.659451,10.541605,47.156034,-45.475078,19.223401,-44.056142,25.521175,-27.758577,-9.806578
874,3.167818,-23.321482,80.138257,2.764120,-7.700326,98.419434,-1.665683,19.916866,20.016326,10.065310,4.524985,-13.302569,13.976568,-25.862032,-39.343253,8.526927,-1.683726,15.000035,-0.773032,3.116104,8.291107,3.519909,23.087848,-32.125398,55.136601,-7.687429,-0.539390,10.536147,48.272158,-45.773773,18.550666,-44.542229,26.075025,-27.944706,-10.013000
875,3.337151,-22.970169,80.198265,2.918439,-7.625424,98.531932,-1.371852,19.684903,20.001326,9.198051,4.843514,-13.516070,14.166631,-25.699887,-39.357495,7.990427,-1.594859,15.000035,-0.976981,3.434690,7.645012,4.061277,22.951363,-32.311442,54.680209,-7.149354,-0.419330,10.530690,49.388283,-46.072467,17.877932,-45.028316,26.628874,-28.130835,-10.219421
876,3.507634,-22.618010,80.257026,3.073812,-7.550353,98.644492,-1.078021,19.452939,19.986326,8.330792,5.162042,-13.729572,14.356694,-25.537742,-39.371737,7.453927,-1.505991,15.000035,-1.180929,3.753276,6.998917,4.602645,22.814878,-32.497486,54.223817,-6.611279,-0.299270,10.525233,50.504407,-46.371162,17.205198,-45.514402,27.182724,-28.316964,-10.425843
877,3.679239,-22.265002,80.314512,3.230220,-7.475116,98.757119,-0.784190,19.220976,19.971327,7.463532,5.480571,-13.943074,14.546756,-25.375597,-39.385979,6.917426,-1.417124,15.000035,-1.384878,4.071862,6.352821,5.144013,22.678394,-32.683530,53.767425,-6.073204,-0.179210,10.519776,51.620531,-46.669857,16.532464,-46.000489,27.736573,-28.503092,-10.632265
878,3.851938,-21.911148,80.370695,3.387648,-7.399718,98.869818,-0.490360,18.989012,19.956327,6.596273,5.799099,-14.156575,14.736820,-25.213452,-39.400221,6.380926,-1.328256,15.000035,-1.588826,4.390448,5.706726,5.685381,22.541909,-32.869574,53.311034,-5.535128,-0.059149,10.514319,52.736656,-46.968551,15.859729,-46.486576,28.290423,-28.689221,-10.838686
879,4.025703,-21.556446,80.430610,3.546077,-7.324160,98.982594,-0.196528,18.757049,19.941327,5.729014,6.117628,-13.797119,14.926882,-25.051307,-39.414463,5.844426,-1.239389,15.000033,-1.792775,4.709034,5.060631,6.226749,22.405424,-33.055618,52.854642,-4.997053,0.060911,10.508862,53.852780,-47.267246,15.186995,-46.972663,28.844272,-28.875350,-11.045108
880,3.893891,-21.561274,80.407034,3.534694,-7.311137,99.011633,-0.203143,18.698063,19.978584,5.741332,6.025340,-13.688055,14.928222,-25.110565,-39.411520,5.790325,-1.160783,15.000035,-1.705854,4.686699,5.021132,6.183729,22.347756,-33.216547,52.652707,-5.044111,0.071841,10.532140,53.893294,-47.265577,15.125857,-46.889403,28.244201,-28.646525,-11.150299
881,3.762079,-21.566102,80.388355,3.523319,-7.298108,99.040669,-0.209756,18.639077,20.015842,5.753649,5.933052,-13.578992,14.929561,-25.169823,-39.408576,5.736223,-1.082177,15.000035,-1.618933,4.664364,4.981632,6.140709,22.290088,-33.377477,52.450773,-5.091169,0.082770,10.555419,53.933808,-47.263909,15.064718,-46.806143,27.644130,-28.417701,-11.255489
882,3.630799,-21.570229,80.369807,3.512418,-7.284630,99.069642,-0.216371,18.580091,20.053099,5.765967,5.840764,-14.042886,14.930900,-25.229081,-39.405633,5.682122,-1.003571,15.000035,-1.532012,4.642029,4.942133,6.097688,22.232420,-33.538406,52.248838,-5.138227,0.093700,10.578697,53.974323,-47.262240,15.003580,-46.722883,27.044059,-28.188876,-11.360680
883,3.499121,-21.574871,80.350874,3.501176,-7.271471,99.098656,-0.222985,18.521105,20.090357,5.778285,5.748476,-13.933823,14.932239,-25.288339,-39.402689,5.628020,-0.924964,15.000035,-1.445091,4.619694,4.902634,6.054668,22.174752,-33.699336,52.046903,-5.185284,0.104630,10.601975,54.014837,-47.260572,14.942442,-46.639623,26.443988,-27.960051,-11.465870
884,3.367423,-21.579539,80.331766,3.489923,-7.258323,99.127669,-0.229599,18.462119,20.127614,5.790603,5.656188,-13.824759,14.933579,-25.347597,-39.399746,5.573919,-0.846358,15.000035,-1.358170,4.597359,4.863135,6.011648,22.117083,-33.860265,51.844968,-5.232342,0.115560,10.625254,54.055351,-47.258903,14.881303,-46.556363,25.843917,-27.731227,-11.571061
885,3.235703,-21.584233,80.312482,3.478658,-7.245186,99.156681,-0.236213,18.403133,20.164872,5.802920,5.563901,-13.715696,14.934919,-25.406855,-39.396803,5.519818,-0.767752,15.000035,-1.271249,4.575025,4.823635,5.968628,22.059415,-34.021194,51.643034,-5.279400,0.126489,10.648532,54.095866,-47.257235,14.820165,-46.473103,25.243846,-27.502402,-11.676252
886,3.103962,-21.588953,80.293022,3.467382,-7.232059,99.185692,-0.242828,18.344147,20.202129,5.815238,5.471613,-13.606632,14.936258,-25.466113,-39.393859,5.465716,-0.689146,15.000035,-1.184328,4.552690,4.784136,5.925608,22.001747,-34.182124,51.441099,-5.326458,0.137419,10.671810,54.136380,-47.255566,14.759027,-46.389843,24.643775,-27.273577,-11.781442
887,2.972201,-21.593700,80.273386,3.456095,-7.218944,99.214701,-0.249442,18.285161,20.239387,5.827556,5.379325,-13.497569,14.937597,-25.525371,-39.390916,5.411615,-0.610540,15.000035,-1.097407,4.530355,4.744637,5.882587,21.944079,-34.343053,51.239164,-5.373516,0.148349,10.695089,54.176894,-47.253898,14.697888,-46.306583,24.043704,-27.044752,-11.886633
888,2.840418,-21.598475,80.253574,3.444797,-7.205841,99.243710,-0.256056,18.226175,20.276644,5.839873,5.287037,-13.388506,14.938936,-25.584629,-39.387972,5.357513,-0.531934,15.000035,-1.010486,4.508020,4.705137,5.839567,21.886411,-34.503983,51.037230,-5.420574,0.159279,10.718367,54.217408,-47.252229,14.636750,-46.223323,23.443633,-26.815928,-11.991823
889,2.708615,-21.603279,80.233584,3.433487,-7.192750,99.272717,-0.262670,18.167188,20.313902,5.852191,5.194749,-13.279442,14.940276,-25.643888,-39.385029,5.303412,-0.453328,15.000035,-0.923566,4.485685,4.665638,5.796547,21.828743,-34.664912,50.835295,-5.467632,0.170208,10.741646,54.257922,-47.250560,14.575612,-46.140062,22.843563,-26.587103,-12.097014
890,2.576791,-21.608111,80.213419,3.422166,-7.179671,99.301723,-0.269285,18.108202,20.351159,5.864509,5.102461,-13.170378,14.941616,-25.703146,-39.382086,5.249311,-0.374721,15.000035,-0.836645,4.463350,4.626139,5.753527,21.771075,-34.825841,50.633360,-5.514689,0.181138,10.764924,54.298437,-47.248892,14.514473,-46.056802,22.243492,-26.358278,-12.202205
891,2.444947,-21.612973,80.193077,3.410834,-7.166606,99.330728,-0.275899,18.049216,20.388416,5.876826,5.010173,-13.061315,14.942955,-25.762404,-39.379142,5.195209,-0.296115,15.000035,-0.749724,4.441015,4.586639,5.710507,21.713407,-34.986771,50.431426,-5.561747,0.192068,10.788202,54.338951,-47.247223,14.453335,-45.973542,21.643421,-26.129454,-12.307395
892,2.313082,-21.617865,80.172559,3.399490,-7.153555,99.359732,-0.282513,17.990230,20.425674,5.889144,4.917885,-12.952252,14.944294,-25.821662,-39.376199,5.141108,-0.217509,15.000035,-0.662803,4.418680,4.547140,5.667486,21.655739,-35.147700,50.229491,-5.608805,0.202998,10.811481,54.379465,-47.245555,14.392196,-45.890282,21.043350,-25.900629,-12.412586
893,2.181198,-21.622788,80.151864,3.388135,-7.140518,99.388735,-0.289127,17.931244,20.462931,5.901462,4.825597,-12.843188,14.945633,-25.880920,-39.373255,5.087006,-0.138903,15.000035,-0.575882,4.396345,4.507641,5.624466,21.598071,-35.308630,50.027556,-5.655863,0.213927,10.834759,54.419980,-47.243886,14.331058,-45.807022,20.443279,-25.671804,-12.517776
894,2.049293,-21.627743,80.130992,3.376768,-7.127495,99.417736,-0.295741,17.872258,20.500189,5.913780,4.733309,-12.734125,14.946973,-25.940178,-39.370312,5.032905,-0.060297,15.000035,-0.488961,4.374011,4.468142,5.581446,21.540402,-35.469559,49.825622,-5.702921,0.224857,10.858037,54.460494,-47.242218,14.269920,-45.723762,19.843208,-25.442980,-12.622967
895,1.917368,-21.632730,80.109944,3.365390,-7.114487,99.446736,-0.302355,17.813272,20.537446,5.926097,4.641022,-12.625061,14.948313,-25.999436,-39.367369,4.978804,0.018309,15.000035,-0.402040,4.351676,4.428642,5.538426,21.482734,-35.630488,49.623687,-5.749979,0.235787,10.881316,54.501008,-47.240549,14.208781,-45.640502,19.243137,-25.214155,-12.728158
896,1.785423,-21.637750,80.088718,3.354000,-7.101495,99.475736,-0.308970,17.754286,20.574704,5.938415,4.548734,-12.515998,14.949652,-26.058694,-39.364425,4.924702,0.096916,15.000035,-0.315119,4.329341,4.389143,5.495406,21.425066,-35.791418,49.421752,-5.797036,0.246717,10.904594,54.541522,-47.238881,14.147643,-45.557242,18.643066,-24.985330,-12.833348
897,1.653093,-21.643355,80.067095,3.342267,-7.088872,99.504774,-0.315584,17.695300,20.611961,5.950733,4.456446,-12.406934,14.950991,-26.117952,-39.361482,4.870601,0.175522,15.000035,-0.228198,4.307006,4.349644,5.452385,21.367398,-35.952347,49.219817,-5.844094,0.257646,10.927872,54.582037,-47.237212,14.086505,-45.473982,18.042995,-24.756505,-12.938539
898,1.521281,-21.648183,80.045619,3.331011,-7.075746,99.533752,-0.322198,17.636314,20.649219,5.963050,4.364158,-12.870829,14.952330,-26.177210,-39.358538,4.816499,0.254128,15.000035,-0.141277,4.284671,4.310144,5.409365,21.309730,-36.113277,49.017883,-5.891152,0.268576,10.951151,54.622551,-47.235544,14.025366,-45.390722,17.442924,-24.527681,-13.043729
899,1.389469,-21.653011,80.023981,3.319762,-7.062615,99.562726,-0.328812,17.577328,20.686476,5.975368,4.271870,-12.761765,14.953670,-26.236468,-39.355595,4.762398,0.332734,15.000035,-0.054356,4.262336,4.270645,5.366345,21.252062,-36.274206,48.815948,-5.938210,0.279506,10.974429,54.663065,-47.233875,13.964228,-45.307462,16.842853,-24.298856,-13.148920
900,1.405113,-21.675227,80.025400,3.323999,-7.051443,99.635835,-0.358901,17.565884,20.644279,5.972063,4.305302,-12.752529,14.958695,-26.237547,-39.419964,4.752115,0.336231,15.000035,-0.021841,4.264072,4.344855,5.187754,21.250704,-36.267469,48.866443,-5.891974,0.260524,10.938639,54.625628,-47.286322,14.086444,-45.317736,16.907028,-24.337146,-13.075911
901,1.420757,-21.697443,80.026819,3.328250,-7.040276,99.708943,-0.388989,17.554440,20.602081,5.968759,4.338735,-12.743293,14.963721,-26.238626,-39.484333,4.741833,0.339729,15.000035,0.010675,4.265808,4.419066,5.009163,21.249346,-36.260731,48.916938,-5.845738,0.241542,10.902849,54.588191,-47.338769,14.208659,-45.328011,16.971202,-24.375436,-13.002901
902,1.437274,-21.719590,80.028589,3.333156,-7.029173,99.781971,-0.419078,17.542996,20.559884,5.965454,4.372167,-12.734056,14.968746,-26.239705,-39.548702,4.731550,0.343226,15.000035,0.043190,4.267544,4.493276,4.830571,21.247988,-36.253994,48.967433,-5.799503,0.222560,10.867060,54.550755,-47.391216,14.330875,-45.338285,17.035377,-24.413727,-12.929892
903,1.453145,-21.741787,80.030100,3.337602,-7.018033,99.855057,-0.449166,17.531551,20.517687,5.962149,4.405600,-12.724820,14.973771,-26.240784,-39.613072,4.721267,0.346724,15.000035,0.075705,4.269281,4.567487,4.651980,21.246630,-36.247256,49.017929,-5.753267,0.203578,10.831270,54.513318,-47.443663,14.453090,-45.348559,17.099552,-24.452017,-12.856883
904,1.468983,-21.763986,80.031598,3.342038,-7.006895,99.928145,-0.479255,17.520107,20.475489,5.958845,4.439032,-12.715584,14.978796,-26.241863,-39.677441,4.710985,0.350221,15.000035,0.108220,4.271017,4.641697,4.473389,21.245272,-36.240519,49.068424,-5.707031,0.184596,10.795480,54.475881,-47.496110,14.575306,-45.358833,17.163726,-24.490307,-12.783874
905,1.484788,-21.786187,80.033084,3.346465,-6.995761,100.001235,-0.509343,17.508663,20.433292,5.955540,4.472465,-12.706348,14.983822,-26.242942,-39.741810,4.700702,0.353719,15.000035,0.140736,4.272753,4.715908,4.294798,21.243914,-36.233782,49.118919,-5.660795,0.165613,10.759690,54.438444,-47.548556,14.697521,-45.369108,17.227901,-24.528597,-12.710864
906,1.500562,-21.808391,80.034556,3.350882,-6.984631,100.074327,-0.539432,17.497219,20.391095,5.952235,4.505897,-12.697112,14.988847,-26.244021,-39.806179,4.690419,0.357216,15.000035,0.173251,4.274489,4.790118,4.116206,21.242556,-36.227044,49.169414,-5.614559,0.146631,10.723900,54.401007,-47.601003,14.819737,-45.379382,17.292076,-24.566887,-12.637855
907,1.516303,-21.830597,80.036017,3.355290,-6.973503,100.147421,-0.569520,17.485775,20.348897,5.948931,4.539329,-12.687875,14.993872,-26.245100,-39.870548,4.680137,0.360713,15.000035,0.205766,4.276225,4.864328,3.937615,21.241198,-36.220307,49.219909,-5.568324,0.127649,10.688111,54.363571,-47.653450,14.941953,-45.389656,17.356250,-24.605178,-12.564846
908,1.532011,-21.852806,80.037465,3.359688,-6.962379,100.220517,-0.599609,17.474331,20.306700,5.945626,4.572762,-12.678639,14.998898,-26.246179,-39.934917,4.669854,0.364211,15.000035,0.238282,4.277961,4.938539,3.759024,21.239840,-36.213570,49.270404,-5.522088,0.108667,10.652321,54.326134,-47.705897,15.064168,-45.399931,17.420425,-24.643468,-12.491836
909,1.547688,-21.875017,80.038901,3.364077,-6.951259,100.293615,-0.629697,17.462887,20.264503,5.942321,4.606194,-12.669403,15.003923,-26.247258,-39.999286,4.659571,0.367708,15.000035,0.270797,4.279697,5.012749,3.580433,21.238482,-36.206832,49.320899,-5.475852,0.089685,10.616531,54.288697,-47.758344,15.186384,-45.410205,17.484600,-24.681758,-12.418827
910,1.563332,-21.897231,80.040324,3.368456,-6.940141,100.366715,-0.659787,17.451442,20.222305,5.939017,4.639627,-12.660167,15.008949,-26.248336,-40.063656,4.649289,0.371206,15.000035,0.303312,4.281434,5.086960,3.401841,21.237125,-36.200095,49.371395,-5.429616,0.070703,10.580741,54.251260,-47.810791,15.308599,-45.420479,17.548774,-24.720048,-12.345818
911,1.578943,-21.919448,80.041733,3.372826,-6.929027,100.439817,-0.689875,17.439998,20.180108,5.935712,4.673059,-12.650931,15.013974,-26.249415,-40.128025,4.639006,0.374703,15.000035,0.335827,4.283170,5.161170,3.223250,21.235767,-36.193357,49.421890,-5.383380,0.051721,10.544951,54.213823,-47.863238,15.430815,-45.430753,17.612949,-24.758338,-12.272809
912,1.594522,-21.941667,80.043131,3.377186,-6.917916,100.512921,-0.719964,17.428554,20.137911,5.932407,4.706492,-12.641695,15.018999,-26.250494,-40.192394,4.628723,0.378201,15.000035,0.368343,4.284906,5.235381,3.044659,21.234409,-36.186620,49.472385,-5.337144,0.032739,10.509161,54.176386,-47.915685,15.553030,-45.441028,17.677124,-24.796628,-12.199799
913,1.610069,-21.963890,80.044517,3.381536,-6.906809,100.586027,-0.750052,17.417110,20.095713,5.929103,4.739924,-12.632458,15.024025,-26.251573,-40.256763,4.618441,0.381698,15.000035,0.400858,4.286642,5.309591,2.866068,21.233051,-36.179883,49.522880,-5.290909,0.013757,10.473372,54.138950,-47.968132,15.675246,-45.451302,17.741298,-24.834919,-12.126790
914,1.625584,-21.986115,80.045889,3.385877,-6.895704,100.659135,-0.780141,17.405666,20.053516,5.925798,4.773356,-12.623222,15.029050,-26.252652,-40.321132,4.608158,0.385195,15.000035,0.433373,4.288378,5.383801,2.687476,21.231693,-36.173145,49.573375,-5.244673,-0.005225,10.437582,54.101513,-48.020579,15.797462,-45.461576,17.805473,-24.873209,-12.053781
915,1.641066,-22.008344,80.047249,3.390208,-6.884603,100.732245,-0.810229,17.394222,20.011319,5.922493,4.806789,-12.613986,15.034076,-26.253731,-40.385501,4.597875,0.388693,15.000035,0.465889,4.290114,5.458012,2.508885,21.230335,-36.166408,49.623870,-5.198437,-0.024208,10.401792,54.064076,-48.073025,15.919677,-45.471851,17.869648,-24.911499,-11.980771
916,1.656515,-22.030576,80.048596,3.394530,-6.873505,100.805357,-0.840318,17.382778,19.969121,5.919189,4.840221,-12.604750,15.039101,-26.254810,-40.449870,4.587593,0.392190,15.000035,0.498404,4.291850,5.532222,2.330294,21.228977,-36.159671,49.674365,-5.152201,-0.043190,10.366002,54.026639,-48.125472,16.041893,-45.482125,17.933822,-24.949789,-11.907762
917,1.671933,-22.052812,80.049931,3.398842,-6.862411,100.878471,-0.870406,17.371333,19.926924,5.915884,4.873654,-12.595514,15.044126,-26.255889,-40.514240,4.577310,0.395688,15.000035,0.530919,4.293587,5.606433,2.151703,21.227619,-36.152933,49.724861,-5.105965,-0.062172,10.330212,53.989202,-48.177919,16.164108,-45.492399,17.997997,-24.988079,-11.834753
918,1.686703,-22.075108,80.051007,3.402693,-6.851275,100.951641,-0.900495,17.359889,19.884727,5.912579,4.907086,-12.586277,15.049151,-26.256968,-40.578609,4.567027,0.399185,15.000035,0.563434,4.295323,5.680643,1.973111,21.226261,-36.146196,49.775356,-5.059730,-0.081154,10.294423,53.951766,-48.230366,16.286324,-45.502673,18.062172,-25.026370,-11.761744
919,1.702347,-22.097323,80.052434,3.407200,-6.840208,101.024733,-0.930583,17.348445,19.842529,5.909275,4.940519,-12.577041,15.054177,-26.258047,-40.642978,4.556745,0.402683,15.000035,0.595950,4.297059,5.754854,1.794520,21.224903,-36.139458,49.825851,-5.013494,-0.100136,10.258633,53.914329,-48.282813,16.408539,-45.512948,18.126346,-25.064660,-11.688734
920,1.717991,-22.119539,80.053860,3.411720,-6.829147,101.097824,-0.960672,17.337001,19.800332,5.905970,4.973951,-12.567805,15.059202,-26.259126,-40.707347,4.546462,0.406180,15.000035,0.628465,4.298795,5.829064,1.615929,21.223545,-36.132721,49.876346,-4.967258,-0.119118,10.222843,53.876892,-48.335260,16.530755,-45.523222,18.190521,-25.102950,-11.615725
921,1.731830,-22.135248,80.053798,3.399235,-6.815747,101.170665,-0.986969,17.340463,19.777774,5.903137,4.991583,-12.562151,15.062998,-26.246775,-40.758388,4.541569,0.415354,15.000035,0.655236,4.273701,5.870138,1.510001,21.230506,-36.100041,49.879978,-4.986562,-0.106835,10.182633,53.877237,-48.353738,16.614262,-45.467801,18.235718,-25.121840,-11.483987
922,1.745669,-22.150957,80.053741,3.386767,-6.802332,101.243500,-1.013267,17.343925,19.755216,5.900304,5.009216,-12.556497,15.066794,-26.234423,-40.809428,4.536675,0.424528,15.000035,0.682008,4.248606,5.911212,1.404073,21.237467,-36.067362,49.883609,-5.005866,-0.094552,10.142422,53.877581,-48.372215,16.697768,-45.412380,18.280914,-25.140730,-11.352248
923,1.759509,-22.166665,80.053689,3.374317,-6.788901,101.316331,-1.039565,17.347386,19.732659,5.897470,5.026848,-12.550844,15.070589,-26.222071,-40.860469,4.531782,0.433702,15.000035,0.708779,4.223512,5.952286,1.298145,21.244427,-36.034682,49.887241,-5.025170,-0.082269,10.102212,53.877926,-48.390693,16.781275,-45.356959,18.326111,-25.159620,-11.220510
924,1.774015,-22.181696,80.054004,3.362462,-6.775066,101.389089,-1.065863,17.350848,19.710101,5.894637,5.044480,-12.545190,15.074385,-26.209720,-40.911510,4.526888,0.442876,15.000035,0.735551,4.198417,5.993360,1.192217,21.251388,-36.002003,49.890873,-5.044474,-0.069986,10.062002,53.878271,-48.409170,16.864782,-45.301539,18.371308,-25.178510,-11.088771
925,1.787968,-22.197288,80.054024,3.350147,-6.761537,101.461898,-1.092161,17.354310,19.687543,5.891804,5.062112,-12.539536,15.078181,-26.197368,-40.962551,4.521995,0.452049,15.000035,0.762322,4.173323,6.034433,1.086289,21.258349,-35.969323,49.894505,-5.063777,-0.057704,10.021791,53.878616,-48.427647,16.948289,-45.246118,18.416505,-25.197401,-10.957033
926,1.801901,-22.212901,80.054036,3.337830,-6.748005,101.534704,-1.118459,17.357772,19.664985,5.888971,5.079745,-12.533883,15.081977,-26.185017,-41.013591,4.517101,0.461223,15.000035,0.789093,4.148229,6.075507,0.980362,21.265310,-35.936644,49.898136,-5.083081,-0.045421,9.981581,53.878960,-48.446125,17.031795,-45.190697,18.461701,-25.216291,-10.825295
927,1.815812,-22.228534,80.054043,3.325514,-6.734469,101.607507,-1.144757,17.361234,19.642427,5.886138,5.097377,-12.528229,15.085773,-26.172666,-41.064632,4.512208,0.470397,15.000035,0.815865,4.123134,6.116581,0.874434,21.272270,-35.903964,49.901768,-5.102385,-0.033138,9.941371,53.879305,-48.464602,17.115302,-45.135276,18.506898,-25.235181,-10.693556
928,1.829702,-22.244189,80.054043,3.313197,-6.720930,101.680308,-1.171054,17.364695,19.619870,5.883304,5.115009,-12.522575,15.089569,-26.160314,-41.115673,4.507314,0.479571,15.000035,0.842636,4.098040,6.157655,0.768506,21.279231,-35.871285,49.905400,-5.121689,-0.020855,9.901160,53.879650,-48.483080,17.198809,-45.079855,18.552095,-25.254071,-10.561818
929,1.843572,-22.259865,80.054036,3.300879,-6.707387,101.753106,-1.197352,17.368157,19.597312,5.880471,5.132642,-12.516921,15.093365,-26.147962,-41.166714,4.502421,0.488745,15.000035,0.869408,4.072945,6.198729,0.662578,21.286192,-35.838605,49.909031,-5.140993,-0.008572,9.860950,53.879995,-48.501557,17.282315,-45.024434,18.597291,-25.272961,-10.430079
930,1.857420,-22.275563,80.054023,3.288561,-6.693841,101.825901,-1.223651,17.371619,19.574754,5.877638,5.150274,-12.511267,15.097161,-26.135611,-41.217754,4.497527,0.497919,15.000035,0.896179,4.047851,6.239803,0.556650,21.293153,-35.805925,49.912663,-5.160297,0.003711,9.820740,53.880339,-48.520035,17.365822,-44.969014,18.642488,-25.291851,-10.298341
931,1.871248,-22.291281,80.054002,3.276243,-6.680291,101.898693,-1.249948,17.375081,19.552196,5.874805,5.167906,-12.505614,15.100957,-26.123259,-41.268795,4.492633,0.507093,15.000035,0.922950,4.022757,6.280877,0.450722,21.300113,-35.773246,49.916295,-5.179601,0.015994,9.780529,53.880684,-48.538513,17.449329,-44.913593,18.687685,-25.310741,-10.166603
932,1.885056,-22.307021,80.053976,3.263924,-6.666738,101.971482,-1.276246,17.378543,19.529638,5.871972,5.185539,-12.499960,15.104753,-26.110908,-41.319836,4.487740,0.516267,15.000035,0.949722,3.997662,6.321951,0.344794,21.307074,-35.740566,49.919926,-5.198905,0.028277,9.740319,53.881029,-48.556990,17.532835,-44.858172,18.732881,-25.329631,-10.034864
933,1.898842,-22.322783,80.053942,3.251605,-6.653182,102.044269,-1.302544,17.382004,19.507081,5.869138,5.203171,-12.494306,15.108548,-26.098557,-41.370877,4.482846,0.525441,15.000035,0.976493,3.972568,6.363025,0.238866,21.314035,-35.707887,49.923558,-5.218209,0.040560,9.700108,53.881374,-48.575468,17.616342,-44.802751,18.778078,-25.348521,-9.903126
934,1.912608,-22.338565,80.053903,3.239285,-6.639622,102.117052,-1.328842,17.385466,19.484523,5.866305,5.220803,-12.488653,15.112344,-26.086205,-41.421917,4.477953,0.534615,15.000035,1.003265,3.947473,6.404099,0.132938,21.320996,-35.675207,49.927190,-5.237513,0.052843,9.659898,53.881719,-48.593945,17.699849,-44.747330,18.823275,-25.367411,-9.771387
935,1.926354,-22.354370,80.053857,3.226965,-6.626058,102.189833,-1.355140,17.388928,19.461965,5.863472,5.238436,-12.482999,15.116140,-26.073853,-41.472958,4.473059,0.543789,15.000035,1.030036,3.922379,6.445172,0.027010,21.327956,-35.642528,49.930821,-5.256817,0.065125,9.619688,53.882063,-48.612423,17.783355,-44.691909,18.868471,-25.386301,-9.639649
936,1.940079,-22.370196,80.053804,3.214645,-6.612492,102.262611,-1.381437,17.392390,19.439407,5.860639,5.256068,-12.477345,15.119936,-26.061502,-41.523999,4.468166,0.552962,15.000035,1.056807,3.897285,6.486246,-0.078917,21.334917,-35.609848,49.934453,-5.276120,0.077408,9.579477,53.882408,-48.630900,17.866862,-44.636488,18.913668,-25.405192,-9.507911
937,1.953258,-22.386589,80.053454,3.201862,-6.599228,102.335439,-1.407735,17.395852,19.416849,5.857806,5.273700,-12.471691,15.123732,-26.049151,-41.575040,4.463272,0.562136,15.000035,1.083579,3.872190,6.527320,-0.184845,21.341878,-35.577169,49.938085,-5.295424,0.089691,9.539267,53.882753,-48.649377,17.950369,-44.581068,18.958865,-25.424082,-9.376172
938,1.967097,-22.402298,80.053473,3.189677,-6.585564,102.408195,-1.434033,17.399313,19.394292,5.854972,5.291332,-12.466037,15.127527,-26.036799,-41.626081,4.458379,0.571310,15.000035,1.110350,3.847096,6.568394,-0.290773,21.348839,-35.544489,49.941717,-5.314728,0.101974,9.499057,53.883098,-48.667855,18.033876,-44.525647,19.004062,-25.442972,-9.244434
939,1.980936,-22.418007,80.053497,3.177509,-6.571885,102.480947,-1.460331,17.402775,19.371734,5.852139,5.308965,-12.460384,15.131323,-26.024448,-41.677121,4.453485,0.580484,15.000035,1.137122,3.822001,6.609468,-0.396701,21.355799,-35.511810,49.945348,-5.334032,0.114257,9.458846,53.883442,-48.686332,18.117382,-44.470226,19.049258,-25.461862,-9.112695
940,1.994775,-22.433716,80.053525,3.165359,-6.558190,102.553693,-1.486629,17.406237,19.349176,5.849306,5.326597,-12.454730,15.135119,-26.012096,-41.728162,4.448592,0.589658,15.000035,1.163893,3.796907,6.650542,-0.502629,21.362760,-35.479130,49.948980,-5.353336,0.126540,9.418636,53.883787,-48.704810,18.200889,-44.414805,19.094455,-25.480752,-8.980957
941,2.003522,-22.435120,80.055692,3.159499,-6.557286,102.559511,-1.488495,17.416174,19.356947,5.846903,5.335944,-12.464025,15.137975,-26.002892,-41.753435,4.441869,0.604890,15.000035,1.132644,3.777898,6.642744,-0.492854,21.371283,-35.452987,49.965480,-5.316086,0.109282,9.384260,53.876278,-48.654232,18.133813,-44.410624,19.243218,-25.460883,-8.892473
942,2.012269,-22.436525,80.057857,3.153639,-6.556382,102.565329,-1.490361,17.426112,19.364717,5.844500,5.345292,-12.473320,15.140830,-25.993687,-41.778709,4.435146,0.620123,15.000035,1.101396,3.758889,6.634946,-0.483079,21.379806,-35.426844,49.981980,-5.278835,0.092023,9.349884,53.868769,-48.603654,18.066738,-44.406444,19.391982,-25.441013,-8.803988
943,2.021015,-22.437930,80.060021,3.147780,-6.555477,102.571146,-1.492227,17.436049,19.372488,5.842097,5.354639,-12.482615,15.143686,-25.984483,-41.803982,4.428424,0.635355,15.000035,1.070147,3.739881,6.627148,-0.473304,21.388329,-35.400700,49.998480,-5.241585,0.074765,9.315508,53.861260,-48.553076,17.999662,-44.402263,19.540745,-25.421144,-8.715504
944,2.029762,-22.439335,80.062185,3.141920,-6.554572,102.576964,-1.494093,17.445987,19.380259,5.839694,5.363986,-12.491909,15.146542,-25.975278,-41.829255,4.421701,0.650587,15.000035,1.038898,3.720872,6.619350,-0.463529,21.396852,-35.374557,50.014980,-5.204335,0.057506,9.281132,53.853752,-48.502498,17.932587,-44.398082,19.689508,-25.401275,-8.627019
945,2.038508,-22.440739,80.064347,3.136060,-6.553666,102.582781,-1.495960,17.455924,19.388029,5.837291,5.373333,-12.501204,15.149397,-25.966074,-41.854528,4.414978,0.665819,15.000035,1.007649,3.701863,6.611552,-0.453754,21.405375,-35.348414,50.031480,-5.167085,0.040248,9.246756,53.846243,-48.451920,17.865511,-44.393901,19.838271,-25.381405,-8.538535
946,2.047255,-22.442144,80.066507,3.130201,-6.552759,102.588599,-1.497826,17.465861,19.395800,5.834888,5.382681,-12.510499,15.152253,-25.956870,-41.879802,4.408255,0.681052,15.000035,0.976401,3.682854,6.603755,-0.443980,21.413897,-35.322271,50.047980,-5.129834,0.022990,9.212380,53.838734,-48.401342,17.798436,-44.389721,19.987035,-25.361536,-8.450050
947,2.056002,-22.443549,80.068667,3.124342,-6.551852,102.594416,-1.499692,17.475799,19.403571,5.832485,5.392028,-12.519794,15.155109,-25.947665,-41.905075,4.401533,0.696284,15.000035,0.945152,3.663846,6.595957,-0.434205,21.422420,-35.296127,50.064480,-5.092584,0.005731,9.178004,53.831225,-48.350764,17.731360,-44.385540,20.135798,-25.341667,-8.361566
948,2.064748,-22.444954,80.070825,3.118482,-6.550944,102.600233,-1.501558,17.485736,19.411341,5.830082,5.401375,-12.529089,15.157964,-25.938461,-41.930348,4.394810,0.711516,15.000035,0.913903,3.644837,6.588159,-0.424430,21.430943,-35.269984,50.080980,-5.055334,-0.011527,9.143628,53.823716,-48.300186,17.664284,-44.381359,20.284561,-25.321797,-8.273082
949,2.073495,-22.446359,80.072983,3.112623,-6.550036,102.606050,-1.503424,17.495673,19.419112,5.827679,5.410723,-12.538384,15.160820,-25.929257,-41.955622,4.388087,0.726749,15.000035,0.882655,3.625828,6.580361,-0.414655,21.439466,-35.243841,50.097480,-5.018083,-0.028785,9.109252,53.816207,-48.249608,17.597209,-44.377179,20.433325,-25.301928,-8.184597
950,2.082241,-22.447763,80.075139,3.106764,-6.549127,102.611867,-1.505290,17.505611,19.426883,5.825276,5.420070,-12.547679,15.163675,-25.920052,-41.980895,4.381364,0.741981,15.000035,0.851406,3.606819,6.572563,-0.404880,21.447989,-35.217698,50.113980,-4.980833,-0.046044,9.074876,53.808698,-48.199030,17.530133,-44.372998,20.582088,-25.282059,-8.096113
951,2.090988,-22.449168,80.077294,3.100905,-6.548218,102.617683,-1.507157,17.515548,19.434653,5.822872,5.429417,-12.556973,15.166531,-25.910848,-42.006168,4.374642,0.757213,15.000035,0.820157,3.587811,6.564765,-0.395105,21.456512,-35.191554,50.130480,-4.943583,-0.063302,9.040499,53.801190,-48.148452,17.463058,-44.368817,20.730851,-25.262189,-8.007628
952,2.099735,-22.450573,80.079447,3.095046,-6.547307,102.623500,-1.509023,17.525486,19.442424,5.820469,5.438764,-12.566268,15.169387,-25.901643,-42.031441,4.367919,0.772445,15.000035,0.788908,3.568802,6.556967,-0.385330,21.465035,-35.165411,50.146980,-4.906333,-0.080561,9.006123,53.793681,-48.097874,17.395982,-44.364636,20.879614,-25.242320,-7.919144
953,2.108481,-22.451978,80.081600,3.089187,-6.546397,102.629317,-1.510889,17.535423,19.450195,5.818066,5.448112,-12.575563,15.172242,-25.892439,-42.056715,4.361196,0.787678,15.000035,0.757660,3.549793,6.549169,-0.375555,21.473558,-35.139268,50.163480,-4.869082,-0.097819,8.971747,53.786172,-48.047296,17.328907,-44.360456,21.028378,-25.222451,-7.830659
954,2.117228,-22.453382,80.083752,3.083329,-6.545485,102.635133,-1.512756,17.545360,19.457965,5.815663,5.457459,-12.584858,15.175098,-25.883235,-42.081988,4.354473,0.802910,15.000035,0.726411,3.530784,6.541371,-0.365780,21.482081,-35.113125,50.179980,-4.831832,-0.115077,8.937371,53.778663,-47.996718,17.261831,-44.356275,21.177141,-25.202581,-7.742175
955,2.125974,-22.454787,80.085902,3.077470,-6.544574,102.640949,-1.514622,17.555298,19.465736,5.813260,5.466806,-12.594153,15.177954,-25.874030,-42.107261,4.347751,0.818142,15.000035,0.695162,3.511776,6.533573,-0.356005,21.490604,-35.086981,50.196480,-4.794582,-0.132336,8.902995,53.771154,-47.946140,17.194755,-44.352094,21.325904,-25.182712,-7.653691
956,2.134721,-22.456192,80.088051,3.071612,-6.543661,102.646766,-1.516488,17.565235,19.473507,5.810857,5.476154,-12.603448,15.180809,-25.864826,-42.132535,4.341028,0.833375,15.000035,0.663914,3.492767,6.525776,-0.346231,21.499126,-35.060838,50.212980,-4.757331,-0.149594,8.868619,53.763645,-47.895562,17.127680,-44.347914,21.474668,-25.162843,-7.565206
957,2.143468,-22.457597,80.090199,3.065753,-6.542748,102.652582,-1.518354,17.575172,19.481277,5.808454,5.485501,-12.612743,15.183665,-25.855622,-42.157808,4.334305,0.848607,15.000035,0.632665,3.473758,6.517978,-0.336456,21.507649,-35.034695,50.229480,-4.720081,-0.166852,8.834243,53.756136,-47.844984,17.060604,-44.343733,21.623431,-25.142973,-7.476722
958,2.152214,-22.459001,80.092345,3.059895,-6.541834,102.658398,-1.520220,17.585110,19.489048,5.806051,5.494848,-12.622037,15.186520,-25.846417,-42.183081,4.327582,0.863839,15.000035,0.601416,3.454749,6.510180,-0.326681,21.516172,-35.008552,50.245980,-4.682831,-0.184111,8.799867,53.748628,-47.794406,16.993529,-44.339552,21.772194,-25.123104,-7.388237
959,2.160961,-22.460406,80.094491,3.054037,-6.540920,102.664214,-1.522086,17.595047,19.496819,5.803648,5.504195,-12.631332,15.189376,-25.837213,-42.208354,4.320860,0.879071,15.000035,0.570167,3.435741,6.502382,-0.316906,21.524695,-34.982408,50.262480,-4.645581,-0.201369,8.765491,53.741119,-47.743828,16.926453,-44.335371,21.920957,-25.103235,-7.299753
960,2.169707,-22.461811,80.096636,3.048179,-6.540005,102.670030,-1.523952,17.604985,19.504589,5.801245,5.513543,-12.640627,15.192232,-25.828008,-42.233628,4.314137,0.894304,15.000035,0.538919,3.416732,6.494584,-0.307131,21.533218,-34.956265,50.278980,-4.608330,-0.218628,8.731115,53.733610,-47.693250,16.859378,-44.331191,22.069721,-25.083365,-7.211268
961,2.178454,-22.463216,80.098779,3.042321,-6.539090,102.675845,-1.525819,17.614922,19.512360,5.798842,5.522890,-12.649922,15.195087,-25.818804,-42.258901,4.307414,0.909536,15.000035,0.507670,3.397723,6.486786,-0.297356,21.541741,-34.930122,50.295480,-4.571080,-0.235886,8.696739,53.726101,-47.642672,16.792302,-44.327010,22.218484,-25.063496,-7.122784
962,2.172651,-22.484028,80.099166,3.039594,-6.553281,102.665963,-1.524744,17.610809,19.499001,5.796489,5.538332,-12.648405,15.194492,-25.818342,-42.255397,4.300454,0.930486,15.000035,0.522654,3.378165,6.475257,-0.317856,21.558741,-34.922135,50.362052,-4.601282,-0.238893,8.716697,53.668325,-47.584806,16.848134,-44.324463,22.148359,-25.119083,-7.166922
963,2.166848,-22.504841,80.099546,3.036870,-6.567473,102.656081,-1.523669,17.606696,19.485642,5.794136,5.553775,-12.646887,15.193898,-25.817881,-42.251893,4.293495,0.951437,15.000035,0.537638,3.358607,6.463727,-0.338356,21.575741,-34.914149,50.428624,-4.631485,-0.241899,8.736654,53.610549,-47.526940,16.903966,-44.321916,22.078235,-25.174670,-7.211059
964,2.161044,-22.525654,80.099923,3.034149,-6.581666,102.646200,-1.522594,17.602582,19.472283,5.791784,5.569217,-12.645370,15.193303,-25.817419,-42.248389,4.286535,0.972387,15.000035,0.552623,3.339049,6.452198,-0.358855,21.592741,-34.906162,50.495196,-4.661687,-0.244906,8.756612,53.552773,-47.469075,16.959799,-44.319369,22.008110,-25.230257,-7.255197
965,2.155241,-22.546466,80.100293,3.031429,-6.595859,102.636319,-1.521520,17.598469,19.458924,5.789431,5.584659,-12.643852,15.192709,-25.816958,-42.244885,4.279575,0.993337,15.000035,0.567607,3.319491,6.440668,-0.379355,21.609742,-34.898176,50.561768,-4.691890,-0.247912,8.776570,53.494998,-47.411209,17.015631,-44.316822,21.937986,-25.285844,-7.299334
966,2.149438,-22.567279,80.100660,3.028712,-6.610052,102.626438,-1.520444,17.594356,19.445565,5.787078,5.600101,-12.642335,15.192115,-25.816496,-42.241381,4.272616,1.014288,15.000035,0.582591,3.299933,6.429139,-0.399855,21.626742,-34.890189,50.628340,-4.722092,-0.250919,8.796527,53.437222,-47.353343,17.071463,-44.314275,21.867861,-25.341431,-7.343472
967,2.143635,-22.588092,80.101020,3.025998,-6.624246,102.616558,-1.519370,17.590243,19.432207,5.784725,5.615544,-12.640817,15.191520,-25.816034,-42.237877,4.265656,1.035238,15.000035,0.597575,3.280375,6.417609,-0.420355,21.643742,-34.882203,50.694911,-4.752294,-0.253925,8.816485,53.379446,-47.295477,17.127295,-44.311727,21.797737,-25.397019,-7.387609
968,2.137831,-22.608904,80.101375,3.023286,-6.638441,102.606678,-1.518295,17.586129,19.418848,5.782373,5.630986,-12.639300,15.190926,-25.815573,-42.234373,4.258696,1.056188,15.000035,0.612559,3.260817,6.406080,-0.440855,21.660742,-34.874216,50.761483,-4.782497,-0.256932,8.836443,53.321670,-47.237611,17.183127,-44.309180,21.727612,-25.452606,-7.431747
969,2.132028,-22.629717,80.101725,3.020576,-6.652635,102.596799,-1.517220,17.582016,19.405489,5.780020,5.646428,-12.637783,15.190331,-25.815111,-42.230869,4.251737,1.077139,15.000035,0.627544,3.241259,6.394550,-0.461354,21.677742,-34.866230,50.828055,-4.812699,-0.259938,8.856400,53.263894,-47.179746,17.238960,-44.306633,21.657487,-25.508193,-7.475884
970,2.126225,-22.650530,80.102070,3.017869,-6.666831,102.586920,-1.516145,17.577903,19.392130,5.777667,5.661871,-12.636265,15.189736,-25.814649,-42.227365,4.244777,1.098089,15.000035,0.642528,3.221701,6.383021,-0.481854,21.694742,-34.858243,50.894627,-4.842901,-0.262945,8.876358,53.206118,-47.121880,17.294792,-44.304086,21.587363,-25.563780,-7.520022
971,2.120422,-22.671342,80.102410,3.015164,-6.681026,102.577041,-1.515070,17.573790,19.378771,5.775314,5.677313,-12.634748,15.189142,-25.814188,-42.223861,4.237817,1.119039,15.000035,0.657512,3.202143,6.371491,-0.502354,21.711742,-34.850257,50.961199,-4.873104,-0.265951,8.896316,53.148342,-47.064014,17.350624,-44.301539,21.517238,-25.619367,-7.564159
972,2.114619,-22.692155,80.102743,3.012461,-6.695223,102.567163,-1.513996,17.569676,19.365412,5.772962,5.692755,-12.633230,15.188547,-25.813726,-42.220358,4.230858,1.139990,15.000035,0.672496,3.182584,6.359962,-0.522854,21.728743,-34.842270,51.027771,-4.903306,-0.268958,8.916273,53.090567,-47.006148,17.406456,-44.298992,21.447114,-25.674954,-7.608297
973,2.108815,-22.712967,80.103073,3.009761,-6.709419,102.557285,-1.512921,17.565563,19.352053,5.770609,5.708197,-12.631713,15.187953,-25.813265,-42.216854,4.223898,1.160940,15.000035,0.687480,3.163026,6.348432,-0.543354,21.745743,-34.834284,51.094343,-4.933509,-0.271964,8.936231,53.032791,-46.948282,17.462288,-44.296445,21.376989,-25.730541,-7.652434
974,2.103012,-22.733780,80.103397,3.007063,-6.723616,102.547408,-1.511846,17.561450,19.338694,5.768256,5.723640,-12.630195,15.187359,-25.812803,-42.213350,4.216938,1.181890,15.000035,0.702464,3.143468,6.336903,-0.563854,21.762743,-34.826297,51.160915,-4.963711,-0.274971,8.956189,52.975015,-46.890416,17.518120,-44.293898,21.306865,-25.786128,-7.696572
975,2.097209,-22.754593,80.103716,3.004367,-6.737814,102.537531,-1.510771,17.557337,19.325335,5.765903,5.739082,-12.628678,15.186764,-25.812341,-42.209846,4.209979,1.202841,15.000035,0.717449,3.123910,6.325373,-0.584353,21.779743,-34.818311,51.227487,-4.993913,-0.277977,8.976146,52.917239,-46.832551,17.573953,-44.291351,21.236740,-25.841715,-7.740709
976,2.091406,-22.775405,80.104029,3.001674,-6.752012,102.527654,-1.509696,17.553223,19.311976,5.763551,5.754524,-12.627161,15.186170,-25.811880,-42.206342,4.203019,1.223791,15.000035,0.732433,3.104352,6.313844,-0.604853,21.796743,-34.810324,51.294059,-5.024116,-0.280984,8.996104,52.859463,-46.774685,17.629785,-44.288804,21.166615,-25.897302,-7.784847
977,2.085602,-22.796218,80.104337,2.998984,-6.766210,102.517777,-1.508622,17.549110,19.298618,5.761198,5.769967,-12.625643,15.185575,-25.811418,-42.202838,4.196059,1.244741,15.000035,0.747417,3.084794,6.302314,-0.625353,21.813743,-34.802338,51.360630,-5.054318,-0.283990,9.016062,52.801687,-46.716819,17.685617,-44.286256,21.096491,-25.952890,-7.828984
978,2.079799,-22.817031,80.104640,2.996295,-6.780409,102.507902,-1.507547,17.544997,19.285259,5.758845,5.785409,-12.624126,15.184980,-25.810956,-42.199334,4.189100,1.265692,15.000035,0.762401,3.065236,6.290785,-0.645853,21.830743,-34.794351,51.427202,-5.084520,-0.286997,9.036019,52.743911,-46.658953,17.741449,-44.283709,21.026366,-26.008477,-7.873122
979,2.073996,-22.837843,80.104938,2.993609,-6.794609,102.498026,-1.506472,17.540884,19.271900,5.756492,5.800851,-12.622608,15.184386,-25.810495,-42.195830,4.182140,1.286642,15.000035,0.777385,3.045678,6.279255,-0.666353,21.847744,-34.786365,51.493774,-5.114723,-0.290003,9.055977,52.686136,-46.601087,17.797281,-44.281162,20.956242,-26.064064,-7.917259
980,2.068193,-22.858656,80.105231,2.990926,-6.808809,102.488151,-1.505397,17.536770,19.258541,5.754140,5.816293,-12.621091,15.183791,-25.810033,-42.192326,4.175180,1.307592,15.000035,0.792370,3.026120,6.267726,-0.686852,21.864744,-34.778378,51.560346,-5.144925,-0.293010,9.075935,52.628360,-46.543222,17.853114,-44.278615,20.886117,-26.119651,-7.961397
981,2.062390,-22.879469,80.105518,2.988245,-6.823009,102.478276,-1.504322,17.532657,19.245182,5.751787,5.831736,-12.619573,15.183197,-25.809572,-42.188822,4.168221,1.328543,15.000035,0.807354,3.006562,6.256196,-0.707352,21.881744,-34.770392,51.626918,-5.175128,-0.296016,9.095892,52.570584,-46.485356,17.908946,-44.276068,20.815993,-26.175238,-8.005534
982,2.056586,-22.900281,80.105801,2.985566,-6.837210,102.468401,-1.503247,17.528544,19.231823,5.749434,5.847178,-12.618056,15.182603,-25.809110,-42.185318,4.161261,1.349493,15.000035,0.822338,2.987004,6.244667,-0.727852,21.898744,-34.762405,51.693490,-5.205330,-0.299023,9.115850,52.512808,-46.427490,17.964778,-44.273521,20.745868,-26.230825,-8.049672
