Frame,root_translateX,root_translateY,root_translateZ,root_rotateX,root_rotateY,root_rotateZ,left_hip_pitch_joint_dof,left_hip_roll_joint_dof,left_hip_yaw_joint_dof,left_knee_joint_dof,left_ankle_pitch_joint_dof,left_ankle_roll_joint_dof,right_hip_pitch_joint_dof,right_hip_roll_joint_dof,right_hip_yaw_joint_dof,right_knee_joint_dof,right_ankle_pitch_joint_dof,right_ankle_roll_joint_dof,waist_yaw_joint_dof,waist_roll_joint_dof,waist_pitch_joint_dof,left_shoulder_pitch_joint_dof,left_shoulder_roll_joint_dof,left_shoulder_yaw_joint_dof,left_elbow_joint_dof,left_wrist_roll_joint_dof,left_wrist_pitch_joint_dof,left_wrist_yaw_joint_dof,right_shoulder_pitch_joint_dof,right_shoulder_roll_joint_dof,right_shoulder_yaw_joint_dof,right_elbow_joint_dof,right_wrist_roll_joint_dof,right_wrist_pitch_joint_dof,right_wrist_yaw_joint_dof
0,-0.04696409031748772,0.05040525645017624,89.8807144165039,0.44543226723023727,-2.6801314980869826,61.014327536404245,-1.6380267,17.2859,6.2601814,20.015446,-4.912492,-12.796804,23.598333,-19.232912,-41.857746,-1.2931541,0.6487826,15.000033,3.9152007,3.0171416,6.6754575,5.4810824,17.978266,-37.500675,65.32941,-15.488478,-0.12721309,5.6078157,30.154366,-40.967808,28.474113,-46.523655,19.479612,-12.041097,4.582692
1,-0.08850007504224777,0.11902815848588943,89.91622161865234,0.380629629685346,-2.6744286420825314,61.39642470918608,-1.6548102,17.30963,6.307811,19.827684,-4.8777795,-12.702035,23.789614,-19.094065,-42.016785,-1.3783449,0.69293594,15.000033,3.9052334,2.9230492,6.588521,5.4065323,17.98138,-37.602253,65.22775,-15.095229,-0.05538891,5.315975,30.505215,-41.115128,28.382994,-46.340042,19.208368,-11.928389,4.705882
2,-0.13690045475959778,0.2007594108581543,89.92801666259766,0.2636133135822105,-2.7099657453352153,61.910858980245145,-1.7149708,17.372387,6.252,19.72364,-5.1356754,-12.587795,24.100748,-18.899933,-42.378872,-1.4421198,0.66819906,15.000033,3.9250836,2.8915415,6.494872,5.308967,17.974743,-37.650993,65.03756,-14.792019,0.060447358,5.10755,31.077223,-41.371212,28.09231,-46.3569,18.886858,-11.347256,5.312559
3,-0.18761609494686127,0.2935413718223572,89.94965362548828,0.13957062959661545,-2.724509294171348,62.071967680914724,-1.7577322,17.478184,6.2911105,19.840807,-5.1505823,-12.454311,24.213684,-18.77055,-42.400337,-1.4748367,0.73878,15.000033,4.0541124,2.878007,6.4808936,5.3098793,17.95335,-37.747166,64.87461,-14.518993,0.113687105,4.9213014,31.459013,-41.60358,28.068937,-46.220203,18.616072,-11.801336,4.954854
4,-0.2357037216424942,0.3930301070213318,89.95059204101562,0.12313922714199696,-2.672896896910797,62.198564588158526,-1.7726529,17.438248,6.357016,19.80129,-5.193927,-12.37505,24.293192,-18.790915,-42.58296,-1.5272048,0.63419414,15.000033,4.132422,2.792505,6.3801923,5.3818383,17.944118,-37.847736,64.689514,-14.48609,0.063240245,4.986789,31.734976,-41.69808,28.113708,-46.12952,18.149668,-11.616301,4.700484
5,-0.2799738347530365,0.49464279413223267,89.95035552978516,0.0965062728980303,-2.6021525317510483,62.324552255787054,-1.8213123,17.416906,6.4176373,19.793688,-5.2570295,-12.265665,24.345203,-18.781736,-42.694344,-1.5875787,0.5848769,15.000033,4.2251,2.7562244,6.272958,5.457494,17.90708,-37.933605,64.521614,-14.569216,-0.005719641,5.016496,32.1365,-41.99107,28.089302,-46.19396,17.94934,-11.507852,4.397789
6,-0.32029852271080017,0.5966455340385437,89.9556655883789,0.03605478938305474,-2.6344874897326838,62.48139343192054,-1.7951986,17.438848,6.4445786,19.83845,-5.438408,-12.104771,24.50397,-18.73268,-42.75505,-1.6099876,0.6123651,15.000033,4.29202,2.7424264,6.221351,5.526473,17.862871,-37.899746,64.352104,-14.670902,0.028752875,4.9503202,32.524323,-42.269936,28.010183,-46.215633,17.468061,-11.404214,4.4294634
7,-0.3521968722343445,0.6931014657020569,89.94387817382812,0.0338949062192575,-2.5379639637400713,62.700061659860474,-1.9124578,17.377342,6.429325,19.836126,-5.544538,-11.99034,24.620617,-18.729021,-43.174953,-1.7121909,0.51257324,15.000033,4.367788,2.6715026,6.096943,5.5431075,17.826336,-38.05646,64.222115,-14.429455,-0.14207324,4.9440246,33.023216,-42.54175,27.953323,-46.31149,17.22318,-11.277431,4.0913625
8,-0.3799223005771637,0.7867981791496277,89.94256591796875,0.02381689641930452,-2.5842532207151545,62.90853326460796,-1.9132328,17.332806,6.3895073,19.915909,-5.653942,-11.895262,24.861395,-18.745468,-43.572712,-1.7142149,0.5650078,15.000033,4.404491,2.6730418,6.084292,5.6101804,17.76931,-38.04052,64.09513,-14.269905,-0.19206654,4.802678,33.496193,-42.78113,27.786943,-46.463005,16.996645,-11.142723,3.8357022
9,-0.40050578117370605,0.875297486782074,89.93122100830078,0.024358738305076014,-2.541959992833927,63.10361957517347,-1.992396,17.267048,6.316344,19.95722,-5.7853837,-11.813227,24.98689,-18.758205,-43.832977,-1.7327799,0.55036336,15.000033,4.427517,2.6316278,6.0111904,5.6350865,17.730618,-38.110546,64.00496,-14.17774,-0.13315757,4.706982,33.919323,-42.93969,27.684517,-46.569447,16.952314,-11.042937,3.941293
10,-0.41469553112983704,0.9555727243423462,89.9163818359375,0.014694987376793648,-2.535485399565074,63.18793116106377,-1.9455267,17.246264,6.3490934,19.916565,-5.9328313,-11.80227,25.11348,-18.782503,-44.13668,-1.7461207,0.63064563,15.000033,4.403208,2.6391711,5.934204,5.7748075,17.68224,-37.999866,63.898384,-13.942891,-0.12585832,4.7332067,34.34948,-43.074116,27.383984,-46.801224,16.72248,-10.6611,4.4625955
11,-0.42157191038131714,1.028596043586731,89.91376495361328,-0.06074703855271662,-2.4621818121150185,63.15916676261205,-1.9941835,17.345043,6.4377794,20.005121,-5.9328413,-11.710008,25.06111,-18.7068,-44.013783,-1.7900925,0.65889335,15.000033,4.4614406,2.6587813,5.8826385,5.8178,17.6395,-38.193977,63.901913,-13.830001,-0.1739763,4.745586,34.610012,-43.23634,27.39638,-46.802246,16.442163,-11.306092,4.2731857
12,-0.42062270641326904,1.0937843322753906,89.90728759765625,-0.07983982135072923,-2.4531329803690154,63.17121554947803,-1.9568832,17.353065,6.46092,20.015564,-5.970428,-11.683211,25.112648,-18.70076,-44.046185,-1.8016971,0.73863846,15.000033,4.4312797,2.6676161,5.842443,5.917975,17.60769,-38.285736,63.88602,-13.760714,-0.1466591,4.7512107,34.830242,-43.328094,27.308502,-46.888947,16.343632,-11.386281,4.1517963
13,-0.4116382598876953,1.1498692035675049,89.89681243896484,-0.07717021141034451,-2.4555945438947813,63.229435474823596,-1.9394087,17.356586,6.5041757,20.053741,-5.971993,-11.700928,25.209204,-18.692385,-44.14947,-1.839073,0.6778893,15.000033,4.39248,2.6808639,5.7954154,6.0360885,17.58328,-38.291897,63.82814,-13.722431,-0.26816604,4.7133965,35.074196,-43.372417,27.178188,-47.043484,16.169987,-11.296379,3.920963
14,-0.3959091901779175,1.1999588012695312,89.8835678100586,-0.04921133620850992,-2.4396565931852816,63.323809198155146,-1.9203507,17.280796,6.412711,19.990505,-6.0610237,-11.708973,25.292942,-18.717999,-44.264603,-1.8360915,0.67192656,15.000033,4.2948165,2.69856,5.7411556,6.146702,17.563038,-38.23998,63.773064,-13.424747,-0.2713604,4.726428,35.389668,-43.376213,26.957375,-47.274097,16.495275,-11.459435,4.3254285
15,-0.3748786747455597,1.240817666053772,89.87163543701172,-0.031049606020114,-2.4306904659842568,63.40986504527967,-1.9102463,17.24656,6.3684783,19.964037,-6.130158,-11.704235,25.372648,-18.72289,-44.366825,-1.8376064,0.6364206,15.000033,4.24262,2.6937025,5.6990485,6.2045026,17.558916,-38.23966,63.759567,-13.4087305,-0.34209257,4.7048106,35.518192,-43.37469,26.923794,-47.366196,16.448011,-11.455029,4.3293495
16,-0.3511315584182739,1.2745572328567505,89.86175537109375,0.021572527699961232,-2.3643319080807843,63.324855902282415,-1.9007596,17.173046,6.3493576,19.932972,-6.088947,-11.698204,25.329807,-18.814447,-44.476013,-1.8237255,0.6512575,15.000033,4.1644015,2.7029564,5.662371,6.3769045,17.54783,-38.2463,63.738693,-13.267228,-0.5317369,4.8490176,35.648148,-43.347153,26.808964,-47.608295,16.631485,-11.5654125,4.210048
17,-0.328241765499115,1.2973682880401611,89.85416412353516,0.00025076277550487226,-2.4187068320426337,63.46908966341808,-1.9288647,17.180578,6.207182,20.034697,-6.226213,-11.652545,25.515015,-18.740698,-44.747635,-1.8689715,0.65553844,15.000033,4.290667,2.7254658,5.64898,6.266637,17.5453,-38.307354,63.77089,-13.3998,-0.4513337,4.69397,35.835026,-43.34373,26.772049,-47.677017,16.400122,-11.066922,3.9989533
18,-0.3068484663963318,1.3160381317138672,89.85318756103516,0.06980786012805322,-2.4919012690732294,63.616674142096514,-1.8781062,17.051962,6.0490937,20.009295,-6.2300878,-11.627685,25.684027,-18.780642,-44.833157,-1.8529781,0.6275833,15.000033,4.4159555,2.7277641,5.6697297,6.147806,17.545782,-38.44271,63.77005,-13.417407,-0.49747926,4.695713,36.006496,-43.355373,26.865557,-47.76464,16.272556,-11.279875,3.9467754
19,-0.29005393385887146,1.3315160274505615,89.8365707397461,0.1272959766315039,-2.437683351189176,63.49230245553483,-1.8370004,17.020185,6.167164,19.962389,-6.2263412,-11.631563,25.617146,-18.878166,-44.860256,-1.8556353,0.59017015,15.000033,4.369097,2.7065194,5.598939,6.270083,17.543974,-38.40838,63.787647,-13.499545,-0.56314147,4.737667,36.000175,-43.34282,26.816858,-47.9452,16.322947,-11.143764,3.9932456
20,-0.28025001287460327,1.343188762664795,89.83594512939453,0.13253042733214754,-2.5266256664915145,63.69382802047782,-1.84158,16.950071,5.931815,20.009577,-6.367706,-11.570711,25.81834,-18.829556,-44.984314,-1.863126,0.57608795,15.000033,4.498857,2.697407,5.658139,6.1188965,17.549583,-38.46066,63.743652,-13.492248,-0.5646845,4.64331,36.150097,-43.35611,26.93579,-47.90945,15.994082,-11.213408,4.017529
21,-0.27727580070495605,1.353781819343567,89.8314208984375,0.1542195261275909,-2.557313739773233,63.70808630463449,-1.79731,16.926645,5.9442644,20.005384,-6.449084,-11.529059,25.874533,-18.852715,-45.014694,-1.8650903,0.55857766,15.000033,4.469851,2.6720195,5.6636333,6.1271577,17.551867,-38.486122,63.772892,-13.5963955,-0.6002416,4.676599,36.095856,-43.362835,26.96206,-47.947277,15.890637,-11.007123,4.161059
22,-0.280490905046463,1.3634190559387207,89.82083892822266,0.2280241869176395,-2.5437246235000113,63.707489730459244,-1.7937632,16.833126,5.9642673,19.993206,-6.4489512,-11.512923,25.90644,-18.954767,-45.21106,-1.8765229,0.51634043,15.000033,4.4828725,2.62121,5.6164966,6.173204,17.553772,-38.472393,63.73317,-13.739331,-0.7877572,4.704216,36.093033,-43.36802,26.994732,-48.00484,16.034994,-10.970536,3.9725933
23,-0.2915983200073242,1.3736282587051392,89.82376098632812,0.23267086502430753,-2.588003923664181,63.757622833179084,-1.7601569,16.819159,5.968512,20.00153,-6.4835052,-11.455754,25.983925,-18.9696,-45.28689,-1.8634813,0.52711326,15.000033,4.474898,2.5974348,5.6277857,6.156828,17.554607,-38.47847,63.731884,-13.774322,-0.8460418,4.713916,36.071526,-43.371475,27.005754,-47.95702,15.78757,-11.006652,3.9883842
24,-0.30679911375045776,1.3827203512191772,89.8243637084961,0.22142073044951824,-2.625634063307646,63.82991809872915,-1.713379,16.801662,5.9336047,19.939096,-6.571586,-11.423349,26.050816,-18.957209,-45.31266,-1.8554163,0.59221965,15.000033,4.4385815,2.5624142,5.5993724,6.165013,17.554482,-38.457363,63.728603,-13.853424,-0.87887686,4.7310505,36.02962,-43.377186,26.992788,-47.870686,15.333465,-10.8687315,4.170912
25,-0.3249257504940033,1.391462802886963,89.84504699707031,0.06480392444839504,-2.594349914499404,63.76358959912477,-1.7938836,16.955278,5.839991,20.060432,-6.512203,-11.325725,25.93478,-18.788773,-45.03968,-1.8634762,0.66440606,15.000033,4.3934307,2.57013,5.638484,6.1371455,17.559166,-38.636715,63.769817,-13.656523,-0.8525382,4.6907005,35.866005,-43.396088,27.038082,-47.599155,14.775761,-11.6001,4.1172876
26,-0.33715617656707764,1.3943791389465332,89.84283447265625,0.14580538797201756,-2.6902409444024125,63.90791025076317,-1.7718523,16.845541,5.8044567,20.124546,-6.537405,-11.239226,26.098484,-18.84978,-45.059437,-1.8655018,0.6295255,15.000033,4.4861565,2.5341527,5.639585,6.0131536,17.559797,-38.73338,63.788944,-13.8327465,-0.7886874,4.6624775,35.851704,-43.42992,27.116638,-47.583145,14.757559,-11.619677,4.0396843
27,-0.34597349166870117,1.3966732025146484,89.84952545166016,0.08835359381518454,-2.6988914933364105,63.8223477211527,-1.7668784,16.924263,5.836556,20.20042,-6.5286417,-11.193112,26.03346,-18.800346,-44.814842,-1.8602004,0.6332265,15.000033,4.482025,2.555239,5.6233897,6.0035815,17.558569,-38.834236,63.875816,-13.915597,-0.743705,4.7378964,35.662636,-43.462597,27.184801,-47.483814,14.172327,-11.758729,4.029779
28,-0.3457149863243103,1.3927333354949951,89.84239959716797,0.11584560323718822,-2.678397442821742,63.8439443144607,-1.8007076,16.943039,5.961941,20.234459,-6.535304,-11.154628,26.024532,-18.81149,-44.833088,-1.8832943,0.70622975,15.000033,4.427092,2.538609,5.5542684,6.013033,17.552355,-38.868076,63.9593,-13.876946,-0.8560353,4.7570863,35.532543,-43.486156,27.186413,-47.531834,14.269286,-11.910293,4.0554585
29,-0.33822065591812134,1.3865607976913452,89.83646392822266,0.23970465435511104,-2.661853895499469,63.94468206113495,-1.8102664,16.792974,5.9653287,20.147076,-6.51109,-11.129556,26.107292,-18.951422,-45.225967,-1.876278,0.66964304,15.000033,4.337748,2.4827976,5.532923,6.030763,17.547167,-38.83998,64.03116,-14.138161,-1.0416605,4.7841167,35.579185,-43.483997,27.163042,-47.72013,14.59794,-11.870346,3.5664833
30,-0.3280223309993744,1.3769015073776245,89.8490219116211,0.20290909566819848,-2.7108570741493794,63.94988601947725,-1.7546117,16.88199,6.0533156,20.148083,-6.49565,-11.130129,26.1432,-18.8948,-45.185562,-1.8671789,0.7215097,15.000033,4.160961,2.5076394,5.5500126,6.0857916,17.542135,-38.8577,64.076256,-14.2077875,-1.0429293,4.867295,35.446655,-43.475143,27.106728,-47.7274,14.728831,-12.026466,3.7354848
31,-0.31383123993873596,1.363024115562439,89.86202239990234,0.17515858587828934,-2.7763099424606437,63.77530833860161,-1.6476828,16.979883,6.1897244,20.214846,-6.4368525,-11.14026,26.114603,-18.888187,-45.016174,-1.8381304,0.8391736,15.000033,4.182769,2.5717468,5.574598,6.064419,17.532125,-39.066814,64.21828,-14.463919,-1.0740443,4.795649,35.10759,-43.46165,27.122993,-47.73194,14.817347,-12.066001,3.9129076
32,-0.29550111293792725,1.349008321762085,89.85132598876953,0.16273502637315615,-2.6399778923937345,63.5581761058999,-1.6208102,17.109425,6.52342,20.069197,-6.3927855,-11.225545,25.880743,-18.913288,-44.964027,-1.8429582,0.88225645,15.000033,3.9750755,2.573543,5.5030704,6.262812,17.503727,-38.919865,64.32418,-14.410063,-1.2897017,5.07093,35.07109,-43.271297,26.718813,-47.953667,14.990304,-12.0863695,4.073032
33,-0.27414843440055847,1.330825924873352,89.86181640625,0.21613916319539228,-2.738074425532009,63.68489579503461,-1.5679632,17.085777,6.558162,20.082626,-6.34809,-11.176907,26.009048,-18.899757,-44.837013,-1.8448796,0.8803305,15.000033,4.0384517,2.5569298,5.466606,6.118322,17.49663,-38.910515,64.468864,-14.578873,-1.2870213,5.1684027,34.966946,-43.20856,26.770634,-47.92681,15.063216,-12.225075,4.560995
34,-0.2514553368091583,1.3170431852340698,89.85425567626953,0.26798488972005413,-2.7237520275670355,63.61672333619227,-1.5425789,17.065678,6.6292315,20.058485,-6.3070416,-11.201803,25.968275,-18.951279,-44.77859,-1.8461875,0.87405723,15.000033,3.9629533,2.549545,5.411063,6.190425,17.487543,-38.791325,64.52532,-14.761003,-1.399693,5.248254,34.760586,-43.08928,26.710112,-48.02566,15.291449,-12.269572,4.69103
35,-0.2276211529970169,1.3091881275177002,89.85313415527344,0.28934208915594856,-2.7745602413163386,63.56236330307821,-1.4941741,17.058558,6.611604,20.118155,-6.3051476,-11.23996,26.00545,-18.969835,-44.749645,-1.8349874,0.89045084,15.000033,3.9200563,2.5786636,5.365486,6.2699723,17.482622,-38.64183,64.545555,-14.982745,-1.3910855,5.286455,34.597057,-42.98414,26.621958,-48.10235,15.502946,-12.216661,4.920139
36,-0.19967064261436462,1.311774492263794,89.84092712402344,0.3361061886375163,-2.812236795243173,63.517039839575155,-1.3469157,17.037128,6.707544,19.987976,-6.3784037,-11.342993,26.035378,-19.009624,-44.637005,-1.8263694,0.92084116,15.000033,3.7707005,2.6073024,5.264659,6.4369674,17.476488,-38.36116,64.57267,-15.317374,-1.4109834,5.4308167,34.413475,-42.81967,26.394932,-48.286377,15.709052,-11.70175,5.583161
37,-0.16765739023685455,1.328993558883667,89.83700561523438,0.3349300472127148,-2.912139971658788,63.48567135062206,-1.2527894,17.079508,6.732237,20.111994,-6.4831357,-11.334776,26.154985,-18.996649,-44.583652,-1.818894,0.89705044,15.000033,3.714696,2.6556468,5.2275467,6.5573964,17.47861,-38.237328,64.563934,-15.481825,-1.3554411,5.4037437,34.33213,-42.53509,26.176533,-48.33679,16.479301,-11.861415,5.626473
38,-0.12509533762931824,1.3638674020767212,89.82684326171875,0.3586101041462801,-2.9177401328134285,63.373339586276984,-1.1677893,17.108961,6.8574247,20.15741,-6.4436827,-11.4583235,26.13084,-19.00347,-44.287212,-1.8302795,0.9560848,15.000033,3.6785748,2.6642992,5.100133,6.728778,17.492125,-38.057953,64.610916,-15.854946,-1.4482976,5.5334625,34.14608,-42.258995,26.037436,-48.376003,16.234982,-11.774034,5.7297235
39,-0.07121020555496216,1.4200321435928345,89.81039428710938,0.402889133099209,-2.929480076508447,63.38609190329971,-1.1409222,17.113684,6.9224396,20.277048,-6.538467,-11.445137,26.199978,-19.007719,-44.110966,-1.8480079,0.8881788,15.000033,3.5836084,2.7106178,5.020803,6.934773,17.503222,-37.828747,64.56602,-15.814209,-1.3449168,5.3923726,34.180923,-41.937546,25.69732,-48.60743,17.643656,-12.211241,5.65354
40,-0.003548117121681571,1.498923420906067,89.78665161132812,0.3977538303054361,-2.8257120852264928,63.29305757204829,-1.130326,17.129421,6.8947134,20.272318,-6.5990896,-11.496189,26.106607,-18.971424,-43.799034,-1.8727403,0.8921902,15.000033,3.4846432,2.7590334,4.918938,7.2024817,17.512478,-37.628925,64.59358,-15.627757,-1.3959427,5.3074555,34.10095,-41.598248,25.313017,-48.853786,17.801006,-12.835904,5.2794576
41,0.0771312490105629,1.600741982460022,89.76933288574219,0.41950749446412855,-2.71916125209645,63.13065997160618,-1.0524697,17.1931,7.1105795,20.275358,-6.6107297,-11.562639,26.002146,-18.996294,-43.48744,-1.866674,0.9113456,15.000033,3.286376,2.849256,4.8341184,7.5497627,17.500952,-37.51934,64.73052,-15.1666565,-1.3831633,5.307493,33.97039,-41.169765,24.73425,-49.21875,18.063284,-13.804795,4.7522025
42,0.16671399772167206,1.7237298488616943,89.74976348876953,0.4229096113543517,-2.6078348632787476,62.93581529726191,-1.0007927,17.176632,7.0285,20.318295,-6.6180696,-11.640835,25.919754,-19.053621,-43.392014,-1.8053759,0.9972782,15.000033,2.9540358,3.0284977,4.7999086,8.127527,17.47624,-37.14554,64.553505,-14.382932,-1.2908925,5.025505,33.801147,-40.559105,23.41583,-49.733566,18.469439,-14.698918,3.44506
43,0.2634693682193756,1.8597660064697266,89.70621490478516,0.5437395385504802,-2.5111336647519056,62.859428355583304,-0.8799642,17.092228,7.1846933,20.26098,-6.7641873,-11.811025,25.90942,-19.202066,-43.201622,-1.7504076,0.99347484,15.000033,2.6578007,3.168731,4.7599607,8.609022,17.433414,-36.81375,64.531296,-13.643363,-1.2493801,5.086726,33.49319,-39.856407,21.64157,-50.37666,19.842157,-15.314928,3.4506266
44,0.35840389132499695,1.9979277849197388,89.65057373046875,0.6197510464352406,-2.296189178538558,62.416962447202245,-0.79769087,17.154366,7.6374726,20.363268,-7.017408,-12.037853,25.685524,-19.358856,-43.134212,-1.8124075,0.98094445,15.000033,2.3350408,3.324853,4.7243733,9.36678,17.36608,-36.394394,64.3991,-13.13322,-1.3514001,5.0274787,32.831573,-39.044907,18.625128,-50.868866,20.984772,-14.964763,2.0494485
45,0.44281691312789917,2.1342742443084717,89.60394287109375,0.5483448397225871,-1.9651959315702554,61.76194124752838,-1.1014675,17.383852,7.8807564,21.092045,-7.1028476,-12.02048,25.173822,-19.402798,-42.696957,-1.8436942,1.2851433,15.000033,2.3699777,3.3889868,4.6456575,9.992731,17.342438,-35.91344,64.16199,-12.817515,-1.7780471,4.838337,31.91114,-38.33125,14.664485,-50.333824,22.192734,-15.905522,-0.11420118
46,0.5090150237083435,2.2613539695739746,89.55435180664062,0.4410171002016441,-1.7867135888627999,61.37910539631843,-1.4393549,17.681341,8.07941,22.016216,-7.569857,-11.896642,24.90899,-19.377157,-42.34648,-1.8087213,1.4343058,15.000033,2.4231613,3.4694283,4.7135963,10.382123,17.344637,-35.721043,64.094604,-12.584071,-2.2779224,4.928911,31.182148,-37.92084,10.233033,-49.16734,23.775023,-16.82914,-1.7802671
47,0.5554367899894714,2.3640518188476562,89.48955535888672,0.37785562381206833,-1.5869620547981205,61.015095829899806,-1.7274945,17.929035,8.37099,22.741022,-7.9724874,-11.946906,24.599222,-19.40075,-41.93972,-1.7760178,1.5424154,15.000033,2.4586778,3.5779426,4.8058143,10.740366,17.374708,-35.562576,63.74286,-12.626976,-2.3688946,4.8961034,31.238688,-37.718628,6.1258526,-47.95958,24.664993,-16.84904,-3.010841
48,0.5754379630088806,2.4302849769592285,89.41365814208984,0.12967306035053824,-1.458473067375729,60.79960544646239,-2.2492182,18.435621,8.531906,23.892044,-8.5659485,-12.046913,24.240782,-19.340126,-41.817276,-1.3025237,1.403324,15.000033,2.5777974,3.8652828,4.882499,11.018263,17.427637,-35.32026,63.191315,-12.750572,-2.3539827,4.9638147,32.113567,-37.706184,2.9432418,-46.6552,24.739822,-16.450607,-4.2810693
49,0.5681031346321106,2.453486919403076,89.33157348632812,-0.02622913230345217,-1.5132628761036138,60.347976705359144,-2.7479112,18.991062,8.953618,25.577272,-9.3927145,-11.955531,23.383528,-19.907612,-41.266506,0.6541955,0.56484514,15.000033,2.641529,4.2741265,5.072591,11.495554,17.45188,-34.707603,62.321438,-12.870109,-2.385298,4.9880795,33.18025,-37.672558,0.51677275,-45.252014,24.90943,-16.439861,-6.2939024
50,0.5284242630004883,2.437312602996826,89.23145294189453,-0.15002672900315583,-1.4438474190443333,59.964247984933294,-3.540591,19.60015,9.471458,27.472786,-10.158104,-11.876696,21.453686,-21.366339,-40.69216,5.189777,-1.6810185,15.000033,2.7222042,4.655852,5.1791143,11.843825,17.492256,-33.993618,61.312454,-13.28245,-2.6276782,5.1021724,34.3104,-37.69167,-1.4281174,-43.10056,24.61383,-15.7737,-8.466605
51,0.4422942101955414,2.3644962310791016,89.09978485107422,0.2143719346338352,-1.2713310569925178,59.48201184096497,-4.3786073,19.782393,10.499447,29.341717,-11.010187,-11.741269,18.61346,-24.013468,-39.65078,11.512743,-4.6213183,15.000033,2.7597535,4.5596447,5.1166186,12.082992,17.572935,-33.250603,60.384922,-12.299679,-2.6841185,5.586922,35.65566,-37.734783,-3.755923,-39.38552,25.947742,-15.644858,-9.311639
52,0.32428178191185,2.244976043701172,88.98595428466797,0.5582904825912334,-1.056879324023675,59.07630968776451,-5.513601,20.001623,11.32895,31.533749,-11.40471,-11.5575485,17.234129,-25.33181,-39.261707,13.801341,-5.3195066,15.000033,2.9425843,4.472897,5.152159,12.084399,17.698675,-32.766922,59.602146,-11.8167095,-3.1692011,6.1745486,36.618816,-37.81949,-5.1614027,-35.203403,25.139431,-15.734808,-12.156875
53,0.15788185596466064,2.089864492416382,88.88336181640625,0.8472165708140226,-1.0666470228573828,58.515908391566995,-6.436618,20.502974,12.509037,33.952812,-12.105976,-11.286726,16.079235,-26.495491,-38.709457,15.731369,-5.866626,15.000033,3.159491,4.439938,5.23925,12.312073,17.876991,-31.646727,58.32995,-12.119458,-3.1738205,6.5193057,37.392086,-37.992756,-6.7197776,-29.960735,26.16044,-15.496209,-13.402277
54,-0.05834920331835747,1.9024124145507812,88.6661605834961,0.7871058499583691,-1.224751655463309,57.8049473534104,-7.5300417,21.418798,13.264252,36.965736,-12.623858,-11.25203,15.115698,-27.323332,-38.490353,17.49714,-6.380613,15.000033,3.326963,4.4695387,5.312158,12.844808,18.19652,-30.17253,56.132057,-12.6000595,-3.2080958,6.9768887,37.3636,-38.134056,-7.496033,-23.31253,24.560745,-12.584533,-14.670271
55,-0.30799227952957153,1.696325421333313,88.42179107666016,0.894952346119165,-1.4524061411248204,57.44024264766474,-8.698271,22.136732,13.894767,39.946213,-13.2968645,-11.26498,13.99917,-28.548449,-38.144707,20.12767,-7.424088,15.000033,3.445969,4.3931313,5.401137,13.369885,18.639881,-28.84556,53.68701,-12.269388,-3.6349146,7.5821714,36.683502,-38.174763,-7.064407,-15.748641,23.626503,-11.240897,-16.376804
56,-0.5769126415252686,1.492274522781372,88.06858825683594,0.6419458336604275,-1.522627963421221,56.94713070142326,-10.005333,23.273832,14.310227,42.892605,-13.866715,-11.029966,12.710342,-29.471155,-38.042492,22.774569,-8.57827,15.000033,3.6045058,4.450131,5.6646047,13.940692,19.223577,-27.516205,50.574036,-13.424292,-4.0073376,8.211176,34.86364,-38.14813,-6.222339,-6.8870487,22.581896,-9.23614,-17.923645
57,-0.8460614085197449,1.2911553382873535,87.65057373046875,0.27875817471037967,-2.296687343053064,56.65439686574738,-10.9447775,24.637934,14.451027,46.344254,-14.960186,-11.10547,11.719025,-30.452435,-37.326565,26.502657,-10.494418,15.000033,3.6485238,4.516696,6.1605096,14.548945,19.928524,-26.095037,46.601265,-13.600807,-3.998385,8.913449,31.665827,-38.052395,-4.7380424,4.2880554,22.579517,-6.673984,-18.116436
58,-1.0711948871612549,1.1125472784042358,87.2109375,0.18476701978610574,-2.5777244461701447,56.524288574606764,-12.168733,25.328705,14.249895,49.05556,-15.73379,-11.504741,10.526017,-31.473995,-36.647156,29.602953,-11.944703,15.000033,3.7315464,4.654879,6.521452,15.288947,20.558609,-24.023605,42.288956,-13.89327,-3.9678884,9.699019,27.88581,-37.70729,-3.4624934,15.953106,23.398037,-3.9247196,-17.7664
59,-1.2454583644866943,0.958285927772522,86.7909927368164,-0.2844926373627037,-2.641753663086784,56.19834386925078,-13.085046,26.226833,13.918854,50.7932,-16.379276,-11.918721,9.168894,-31.87953,-35.935,32.26425,-13.044441,15.000033,3.9217715,4.9218326,7.0289383,15.347525,21.253838,-23.176695,38.683254,-13.436495,-4.2454314,10.700268,23.85411,-37.184418,-0.87481487,26.638083,24.119684,-2.6088612,-18.04467
60,-1.3501046895980835,0.8127684593200684,86.46604919433594,-0.3357527475958545,-2.7635902429699035,55.983455184701164,-13.726836,26.6035,13.747938,52.186245,-16.789366,-12.134336,7.899565,-32.890934,-35.370144,35.22582,-14.086261,15.000033,4.080628,5.1047215,7.6988034,15.333413,21.786194,-22.026024,35.18261,-13.157321,-4.1884604,11.695158,19.432663,-36.116867,2.1453872,37.808617,25.576813,-1.1238692,-18.338041
61,-1.3813185691833496,0.647369921207428,86.0531234741211,-0.7242293810036907,-2.2123547454102246,55.296110238447746,-15.105135,27.29992,13.149091,53.735523,-17.40265,-12.565968,5.7799935,-33.286026,-34.557518,37.78965,-15.023352,15.000033,4.5683856,5.462346,8.7806,14.841022,22.381138,-20.99474,31.405088,-11.989314,-3.992408,12.380832,15.3643,-34.678,5.774033,46.32468,25.039818,-0.36484674,-17.604527
62,-1.3387941122055054,0.41780149936676025,85.66386413574219,-0.6816275447935803,-1.5528155895690057,54.520246646814556,-16.264135,27.764105,13.136233,54.957256,-17.71666,-12.876034,3.4607859,-34.067913,-33.575256,40.36267,-15.688633,15.000033,5.0183153,5.4845386,9.946484,14.1475315,22.987171,-20.4924,28.043787,-10.193224,-4.308137,13.473637,11.594886,-32.79769,9.10596,52.26958,25.564306,-0.27975452,-16.513067
63,-1.2409783601760864,0.08308000862598419,85.38081359863281,-0.8044906873203165,-1.2476772843589914,53.635945420248945,-17.063234,28.556107,13.097725,56.096558,-17.706837,-13.03301,1.316191,-34.171684,-31.96792,42.614685,-16.066488,15.000033,5.5675426,5.3614945,11.020464,13.303811,23.573011,-19.761992,24.708998,-8.687313,-3.6094422,13.749381,8.507532,-30.759035,12.752307,55.27486,23.65061,0.44665375,-14.570278
64,-1.0921297073364258,-0.3906005918979645,85.0650405883789,-0.7471351099931722,-1.0284227108575912,52.47147232204437,-17.531548,29.379835,13.403086,57.015266,-17.882727,-13.472269,-0.75206214,-34.260563,-30.459743,44.499783,-16.013208,15.000033,6.093669,4.960828,12.03688,11.940799,24.327827,-20.122234,22.338142,-7.0055494,-4.212046,14.288107,5.2235665,-28.636332,16.81731,56.182934,20.599537,0.8897785,-12.543424
65,-0.900722086429596,-1.0085670948028564,84.76602935791016,-0.8423588027105405,-0.8091376855801111,50.94778464184941,-17.814682,31.045012,14.372642,57.966595,-18.019258,-13.465672,-3.1559684,-33.610725,-28.278442,46.103584,-15.661703,15.000033,6.5082784,4.535631,13.00816,9.906278,25.224669,-20.211918,20.49105,-4.3688917,-3.4888418,14.675784,1.5986118,-26.59928,21.40869,54.89391,16.01412,1.5015357,-10.655562
66,-0.6759934425354004,-1.757148265838623,84.4323501586914,-0.5730162100106208,-0.8015135034253744,49.622401994035854,-17.738234,32.118088,15.2492485,58.461224,-18.136263,-13.864896,-5.060445,-33.162445,-26.231373,47.411716,-15.457593,15.000033,6.562456,3.7379007,13.674847,8.205077,26.18684,-20.668839,19.451069,-1.818958,-2.7184446,14.9558935,-2.071458,-24.73843,26.120409,52.470436,11.202368,2.5744493,-7.673678
67,-0.4213674068450928,-2.601022243499756,84.12155151367188,0.12753946457402973,-0.6931986004907282,48.466077785197626,-17.767834,32.32004,15.78525,58.60066,-17.756678,-14.442395,-7.1979218,-33.036205,-23.753616,48.96429,-14.625123,15.000033,6.2786026,2.6329925,14.153521,6.2110963,27.172424,-21.908146,19.271494,-0.23196223,-1.7373964,14.769373,-5.7503934,-23.189972,30.67194,49.627697,6.9515624,3.1277752,-5.222983
68,-0.14793528616428375,-3.5275626182556152,83.95579528808594,0.9363065094249311,-1.0129600297221564,46.99660321272363,-16.83251,32.85315,17.219429,58.435837,-16.979246,-15.000033,-8.751985,-32.96213,-21.563364,50.10213,-13.431754,15.000033,5.7243614,1.4137194,14.095389,4.0738974,28.068537,-23.368351,20.489613,1.049508,-1.0412037,14.452943,-9.060974,-22.114605,35.693653,44.489117,2.1507995,3.26281,-3.1211815
69,0.1392374038696289,-4.502157688140869,83.84842681884766,2.180089802130592,-1.5513950334326803,45.661499628449874,-14.976765,33.065533,19.707928,57.425808,-16.500011,-15.000033,-10.322429,-32.79641,-18.382242,51.196762,-12.14402,15.000033,4.678123,-0.17851621,13.616778,2.142851,28.923859,-24.864069,22.56694,2.1115205,-0.60128987,14.19497,-13.171388,-21.453289,40.573265,37.607883,-2.3251665,4.2253017,-0.27115238
70,0.4624970853328705,-5.488147735595703,83.8973617553711,3.036099351146337,-1.4519403161332662,44.14455820997648,-13.746871,33.124466,21.43515,55.85667,-15.620443,-15.000033,-12.3188305,-31.889345,-15.375535,51.812374,-10.107738,15.000033,3.4362638,-1.4187654,13.057429,0.883509,29.55657,-25.73177,25.167309,0.97841865,-0.12312513,14.526379,-17.443937,-21.357607,44.304035,30.863537,-2.4639885,3.152309,0.7882147
71,0.8305402398109436,-6.490871906280518,84.01740264892578,3.6763125742664537,-1.91446571419165,42.08623549389377,-11.448263,33.95258,23.935757,54.453575,-14.866309,-15.000033,-14.080222,-30.410528,-11.818085,52.818413,-8.202657,15.000033,1.8780104,-2.4120264,12.416961,-0.090637185,30.114077,-26.83926,28.259844,-0.459723,-0.06295793,15.8235,-22.797817,-21.70528,48.098835,23.798624,-1.9573203,3.0623946,1.8378509
72,1.2489088773727417,-7.495283126831055,84.09646606445312,4.564478017296005,-2.1769449523576174,40.25957702923663,-9.52641,34.341267,26.323402,53.030537,-13.779743,-15.000033,-14.738397,-29.053387,-8.924791,51.969425,-6.598849,15.000033,-0.026976231,-3.1055562,11.606199,-1.2177044,30.68812,-27.044024,32.32708,-2.530079,-0.20855016,15.695932,-29.681385,-22.459581,51.769764,16.106886,-2.1876254,3.149803,3.414801
73,1.756658911705017,-8.501236915588379,84.25204467773438,5.2749615108984855,-1.818676687546849,37.67890432241143,-7.7914586,35.074078,29.013437,51.659016,-12.00212,-15.000033,-15.937293,-27.371634,-6.205025,50.74444,-4.6025524,15.000033,-1.8933507,-3.563649,11.005761,-2.4791267,31.30705,-27.375854,36.396763,-4.033823,-0.39760223,15.952367,-37.445534,-23.496593,54.941654,9.171039,-0.562413,2.4609513,4.1744804
74,2.3496623039245605,-9.512022018432617,84.24468994140625,6.265158794134251,-1.4075824409390558,35.24600971898112,-6.330234,34.894047,30.701231,49.910477,-10.87412,-15.000033,-16.728409,-25.825155,-3.0147011,49.20853,-3.327446,15.000033,-3.9167483,-3.7884355,10.299776,-3.4567192,32.05847,-27.13634,40.41321,-5.661977,-0.8990837,15.697232,-46.916214,-24.755394,57.21103,3.1522908,1.662391,2.0467622,5.4312654
75,3.0452961921691895,-10.529078483581543,84.25871276855469,6.934267836348213,-0.8520563787797866,32.92774051143972,-5.0886736,35.050774,31.981215,47.87402,-8.9214,-15.000033,-17.515024,-24.557142,-0.66096777,48.185364,-2.3171234,15.000033,-5.992195,-3.83276,9.668767,-4.198975,32.84895,-26.510094,44.62366,-7.1299863,-1.2158904,15.559763,-57.709488,-26.193676,58.418175,-1.8956258,5.0736156,0.91127014,5.8174634
76,3.842930793762207,-11.557641983032227,84.24617004394531,7.276321382370698,-0.20745765290789875,30.13097415449465,-3.828151,35.197342,32.440224,45.654736,-7.3512154,-15.000033,-17.840298,-23.126348,1.4117233,46.498188,-2.2362995,15.000033,-7.3585706,-3.602181,9.221387,-5.0570083,33.81079,-25.705563,48.192905,-7.474499,-1.5200568,14.425342,-69.801384,-27.665138,59.554493,-5.539095,8.949168,-0.7725242,5.427169
77,4.749772548675537,-12.596691131591797,84.15555572509766,7.661540236977647,0.6035873127757841,28.05473795072534,-3.0396228,35.743275,32.77417,43.66746,-5.282959,-15.000033,-17.963526,-22.287758,2.7409813,44.948933,-2.3402805,15.000033,-9.145137,-3.076071,9.015094,-5.070078,34.631145,-24.637957,51.241856,-8.659271,-1.4643131,13.1677,-83.102425,-29.19235,59.047432,-6.8588805,13.930573,-2.5280335,4.9293275
78,5.746910572052002,-13.632619857788086,84.02188110351562,8.893045347923207,1.6379211672210445,26.147411987967715,-2.2840292,34.988056,32.278515,41.21826,-3.133521,-15.000033,-18.074694,-22.327623,4.5453534,43.089508,-3.4584885,15.000033,-10.413884,-2.411167,9.082717,-5.428721,35.432198,-23.412338,53.405987,-8.255198,-1.123253,11.186689,-97.66184,-30.798943,58.21186,-4.2726717,19.939932,-3.47509,4.772239
79,6.829951763153076,-14.663198471069336,84.21403503417969,9.62929731500252,2.9776652081565884,24.30227035130276,-1.2935151,34.315525,30.941534,38.46632,-0.79626805,-15.000033,-18.371443,-21.46579,6.1945605,41.11779,-3.5425339,15.000033,-11.584977,-1.7656914,9.412185,-4.3378153,36.04806,-21.734499,55.22113,-9.1916,-1.5655451,11.005613,-111.2382,-32.613487,58.763687,0.06407323,24.41836,-5.2323356,3.2898898
80,7.931967735290527,-15.687039375305176,84.39384460449219,10.548096591637542,3.685572566427639,22.227074268127666,0.36457887,33.88482,30.577826,36.604576,0.8701666,-15.000033,-18.52491,-21.20906,7.0577483,39.95259,-4.026102,15.000033,-12.014145,-1.4546924,9.8866005,-3.6498134,36.737347,-20.09416,56.26803,-8.090491,-1.6242018,10.30641,-122.98309,-34.499275,60.466713,4.2663813,27.650444,-6.3496175,3.448414
81,9.045193672180176,-16.675331115722656,84.73512268066406,11.81592887085186,4.511287351065961,20.547118748860072,1.6910617,32.757187,29.744732,34.660194,3.1233492,-15.000033,-19.035856,-21.557606,7.4945946,39.118973,-4.2330556,15.000033,-12.520892,-1.3578582,10.291604,-1.7912239,37.27626,-18.178062,56.34221,-8.738819,-1.7751635,10.298967,-133.8279,-36.487846,64.41684,9.496822,30.071627,-6.9684067,3.4939468
82,10.155986785888672,-17.625551223754883,85.1257095336914,12.16836669796435,5.767141705763789,18.34525004191237,3.0711439,32.23669,28.878117,33.03156,5.2606006,-15.000033,-19.32378,-20.575941,7.8901024,37.0901,-3.474903,15.000033,-12.921448,-1.1435318,10.51149,-0.075237736,37.634007,-16.180202,57.036465,-9.639393,-1.9271836,10.4008045,-143.56078,-38.50082,68.84552,14.965133,31.769302,-7.9111996,2.5216703
83,11.235734939575195,-18.54506492614746,85.55587768554688,12.445164206922568,7.006964894865855,15.864416422127924,4.848547,31.098078,27.456856,30.895382,7.6972523,-15.000033,-19.709677,-18.890295,9.51501,35.259335,-2.0758119,15.000033,-13.467068,-0.92274946,10.269728,1.9771295,37.5813,-14.958054,59.078457,-11.210542,-1.7655214,11.081118,-150.64168,-40.612015,71.976616,19.826262,34.751255,-9.408398,2.2625878
84,12.258028030395508,-19.437211990356445,85.74403381347656,12.232218579125812,8.179541457815509,12.545836936808735,7.029171,30.763775,27.70811,28.979952,10.134378,-15.000033,-19.838923,-16.56457,11.697676,33.11418,-1.3959779,15.000033,-14.287278,-0.9417845,9.190284,4.570039,37.450256,-13.992088,60.739265,-12.720091,-1.7636464,11.055919,-155.43634,-42.81786,74.95004,24.641558,36.672344,-10.126275,1.4038482
85,13.226005554199219,-20.292871475219727,86.10961151123047,12.279842936410803,9.640789403020463,9.195999980118529,8.447218,29.84227,26.267097,27.364544,12.088804,-15.000033,-20.041668,-14.933011,13.842572,30.337893,-0.07844828,15.000033,-15.41563,-1.4236765,7.8607473,6.686822,37.35585,-13.604187,63.735218,-13.536406,-1.864415,11.051863,-158.19272,-44.691574,77.83837,29.56859,38.42377,-11.019205,0.97534037
86,14.108543395996094,-21.136627197265625,86.54470825195312,12.206152645062806,10.523349681284232,6.4815234390108385,9.500632,28.860788,25.027086,25.800781,14.862346,-15.000033,-19.737644,-13.52525,15.3636265,28.058054,2.0003471,15.000033,-16.896921,-1.8801459,6.573047,8.928673,37.10943,-13.149509,67.164635,-16.689138,-2.2470882,11.147821,-159.57881,-45.40002,79.46322,35.392582,38.645477,-11.944671,1.6131113
87,14.925458908081055,-21.93647003173828,87.0228500366211,12.907202859525967,11.316280545224659,4.7451642267841025,10.072763,27.93947,24.113968,25.100939,16.57361,-15.000033,-19.2266,-13.276624,17.016321,25.609642,3.0906339,15.000033,-18.462845,-2.3173892,5.7800493,11.477941,36.75963,-12.689765,69.18051,-18.18079,-2.5349524,10.634966,-160.59286,-46.1074,82.01026,40.40328,38.465508,-13.01709,0.050065804
88,15.686808586120605,-22.69378089904785,87.23342895507812,12.926257733095714,11.984239841803042,2.411473570176822,10.892441,27.285955,23.186161,24.945286,16.460281,-15.000033,-18.860083,-12.0528345,19.04799,23.894302,3.9681923,15.000033,-19.773935,-2.3973687,5.333112,13.9191265,36.385033,-12.149938,70.96298,-19.687855,-2.5623655,9.932772,-161.30164,-46.703903,84.78394,45.27574,38.286804,-13.230764,-1.1193434
89,16.403888702392578,-23.367551803588867,87.32636260986328,12.883402260434995,12.811590931030853,0.6196976803355837,11.543889,26.85846,23.259285,24.65258,16.60681,-15.000033,-18.862375,-10.972114,20.69729,22.758106,4.563015,15.000033,-20.889383,-2.4329736,5.0548925,16.532648,35.966793,-11.907188,71.73112,-20.509634,-2.507528,9.229447,-161.81564,-47.150852,86.92317,50.224236,38.827103,-14.065328,-2.0635204
90,17.098140716552734,-23.954538345336914,87.43937683105469,13.024719455191454,13.785587221362892,-0.5483238615473264,11.880808,26.325895,23.459263,24.54744,16.820318,-15.000033,-18.896679,-10.289797,22.140512,21.539703,5.3755517,15.000033,-22.05418,-2.5304034,5.206885,19.087076,35.367603,-11.57537,72.34576,-21.935198,-2.6440015,8.352744,-162.33344,-47.62031,90.34619,54.97308,40.82412,-14.727089,-2.7083032
91,17.767833709716797,-24.4451904296875,87.3836669921875,12.998500834644535,14.8613959555259,-2.0972996257047467,12.224891,25.890394,23.434816,24.725742,16.91437,-15.000033,-19.348541,-9.50245,23.567587,20.871399,5.430615,15.000033,-23.110577,-2.6321502,5.78613,22.051468,34.785156,-11.87729,72.0765,-21.53148,-2.1699584,6.7703857,-162.58002,-47.98396,92.95831,59.357735,41.22383,-13.610389,-4.6507335
92,18.413867950439453,-24.831789016723633,87.2571792602539,12.931887769494423,15.92330341129111,-3.5436859998062347,12.486359,25.318184,23.084433,24.762949,17.129793,-15.000033,-19.871082,-8.671373,25.233036,20.522274,5.15028,15.000033,-24.011847,-2.5508916,6.462928,24.095043,34.182133,-12.514849,71.98922,-22.339977,-1.8791096,6.119419,-162.83884,-48.292988,95.5365,62.340355,42.316967,-12.98289,-5.3087554
93,19.022611618041992,-25.122817993164062,87.18460083007812,13.1866824713574,16.738862052136575,-4.720883145973597,12.968837,24.470327,23.03485,24.315815,16.765417,-15.000033,-20.542746,-8.367978,26.511957,20.901905,4.704578,15.000033,-24.504148,-2.4902544,6.919872,25.363096,33.602055,-13.247334,72.041855,-23.067297,-1.4770541,5.3612704,-163.06204,-48.542133,97.36588,64.07967,43.2689,-12.155281,-5.997123
94,19.599658966064453,-25.343713760375977,87.0549087524414,13.21950314974537,17.568936208804846,-5.885092285385571,13.069241,24.117872,23.014353,24.668186,17.315712,-15.000033,-20.97849,-7.9149346,27.696045,20.826189,4.3766785,15.000033,-25.317883,-2.3610291,7.7668247,26.439995,33.06978,-13.950042,72.02753,-22.77469,-1.2665613,4.4321523,-162.91736,-48.77892,98.30037,65.70411,43.315277,-11.497935,-7.037183
95,20.143583297729492,-25.471643447875977,86.83868408203125,13.19370277025911,18.60261662323759,-6.626487462605232,13.146333,23.977045,23.453238,24.476019,17.056156,-15.000033,-21.64389,-7.4977374,28.838024,20.812643,3.501146,15.000033,-26.050323,-2.0234501,8.70249,27.11316,32.64494,-14.405071,71.71081,-23.044998,-1.2651511,3.9102085,-162.57907,-48.980984,99.00147,66.92888,43.764965,-11.135163,-7.663109
96,20.642372131347656,-25.52412223815918,86.67204284667969,13.260065800270578,19.56486874664056,-7.481129269774924,13.120385,23.373404,22.818552,24.356192,16.578798,-15.000033,-22.791595,-7.467199,29.125072,21.494995,2.7152212,15.000033,-26.28255,-1.7056838,9.814461,27.631403,31.909636,-15.962601,71.468124,-22.91117,-1.2229496,3.9870045,-162.72142,-49.345623,100.45341,66.84041,43.80795,-10.521291,-8.196455
97,21.08544158935547,-25.50501823425293,86.54334259033203,13.18566923516022,20.42129408677303,-7.856901037737659,12.79368,23.375965,22.386923,24.609575,16.069952,-15.000033,-23.435598,-7.323092,29.55297,21.52441,2.3513434,15.000033,-26.849173,-1.2808509,10.990579,27.757065,31.67165,-16.389723,71.28387,-22.9665,-1.0570372,3.2507658,-162.15073,-49.476936,100.722466,67.25262,43.460793,-10.206145,-9.210045
98,21.465923309326172,-25.39273452758789,86.40463256835938,13.294545234912556,21.697149855624332,-7.784480346014292,12.132106,23.56146,22.382114,24.804464,15.3946085,-15.000033,-24.479733,-7.440069,30.043133,21.265337,2.043788,15.000033,-26.65821,-0.18471074,12.222332,25.33507,30.320547,-19.16845,72.45003,-22.560791,-1.3008033,3.2968557,-162.10878,-50.327408,102.05253,66.53879,42.748356,-9.398158,-10.241905
99,21.732633590698242,-25.18246841430664,86.02530670166016,12.021763290051645,22.070428245396002,-8.80361159796681,12.317195,24.025618,21.446264,25.525288,13.709133,-15.000033,-25.730543,-6.1198583,29.100193,23.45955,1.1438814,15.000033,-27.090347,0.55452913,14.053419,25.481466,30.048302,-19.71073,71.30328,-23.441254,-1.6201872,2.7815776,-161.20161,-50.550865,101.85918,67.34226,46.257267,-8.095375,-11.555356
100,21.895233154296875,-24.87118911743164,86.06015014648438,13.61055760223474,23.610905013299934,-6.867172245980216,10.483749,23.655827,20.808079,26.218674,13.758888,-15.000033,-27.204802,-7.753294,30.107307,23.227663,1.0050493,15.000033,-27.604801,0.88283086,15.923315,25.145903,29.650211,-19.991444,69.48795,-21.744999,-1.4455762,1.8977065,-160.20015,-50.915363,102.05575,67.65824,43.923412,-8.3254795,-10.640238
101,21.894718170166016,-24.460643768310547,85.88333892822266,13.458025590429227,24.33125255715979,-6.240137029314216,9.149774,24.599628,20.362783,28.55641,12.345621,-15.000033,-28.38669,-7.1622744,30.91823,24.538065,0.658037,15.000033,-28.069277,2.1854877,17.976833,23.644083,28.750751,-20.835217,69.09988,-22.220156,-1.6698848,2.534969,-159.45827,-52.026913,102.04122,65.78321,44.073112,-6.4852786,-11.856782
102,21.719350814819336,-23.886417388916016,85.64421081542969,13.515659474456875,24.913594512224886,-5.223448721338215,7.638494,24.984,19.625858,30.147654,11.455772,-15.000033,-29.976818,-7.186138,30.99167,26.497646,-0.18827969,15.000033,-28.5276,2.9962769,20.231348,22.266376,27.825855,-21.084976,68.43969,-22.739376,-2.2905931,2.9631681,-157.88637,-53.75855,101.7524,64.860504,45.879585,-5.390107,-11.670215
103,21.343870162963867,-23.214933395385742,85.11170959472656,12.256425449312328,24.162903735748262,-4.912436373195041,6.1596074,26.422619,19.304354,33.29933,9.804218,-15.000033,-31.049358,-6.160675,29.297483,30.273315,-2.068915,15.000033,-29.151522,4.082632,22.590178,21.780706,27.000196,-22.081102,67.5215,-22.911764,-2.5549383,3.656804,-155.7078,-56.415756,100.607414,64.074066,44.602108,-4.0923862,-14.247989
104,20.83490562438965,-22.504436492919922,84.73018646240234,11.835081191653588,24.15915700030518,-3.2523965356806923,3.9620624,27.956596,19.253078,36.317024,7.595791,-15.000033,-31.967419,-6.0107617,28.45009,32.00867,-3.0707626,15.000033,-29.28758,5.22053,25.156618,20.984629,26.652641,-22.260416,66.23773,-20.791758,-2.8002028,4.325973,-152.94823,-59.318462,98.68094,63.277737,46.047333,-3.8962965,-17.19837
105,20.187559127807617,-21.736265182495117,84.32560729980469,11.620991541240155,24.256171233036778,-1.7967070536409127,2.148764,28.313324,18.414747,38.900932,7.2466846,-15.000033,-33.621536,-5.690264,28.623816,34.8614,-4.222163,15.000033,-29.76045,5.452726,26.995226,20.78504,26.45603,-21.737032,65.62828,-24.376892,-2.7997885,4.0886784,-145.82582,-62.575268,95.59295,63.63422,47.788548,-2.1237235,-19.966084
106,19.436874389648438,-21.001575469970703,83.80961608886719,11.285879767874995,24.394145169523615,-0.45037640634083786,0.86781156,30.290228,20.35063,40.971794,8.207849,-15.000033,-34.881306,-5.30638,28.878502,36.84372,-5.794551,15.000033,-29.613974,5.891182,28.534107,21.283304,26.467226,-21.415411,63.68475,-23.606974,-2.8764951,4.0070148,-141.33432,-65.87819,91.7267,64.10569,46.21489,-4.4512677,-23.110836
107,18.57212257385254,-20.289222717285156,83.15959930419922,9.836552540811354,22.72610445331615,0.233489919936886,-1.1714723,32.274834,20.117523,44.39688,7.4791636,-15.000033,-35.019608,-4.130989,27.618874,40.484856,-7.0887876,15.000033,-29.123499,6.239681,29.793802,21.820276,26.783512,-20.330744,62.592117,-23.551107,-2.9967332,4.448601,-133.70233,-69.16642,87.18698,63.818356,46.681282,-5.3035035,-23.403383
108,17.667659759521484,-19.61127281188965,82.61761474609375,9.80595998831747,22.230589301449555,1.856611962680172,-3.8421535,32.81702,18.86674,47.09185,7.4456263,-15.000033,-36.2804,-4.6765447,26.904463,43.22804,-8.798768,15.000033,-28.409979,6.1648955,29.793802,22.77426,27.282013,-20.01421,62.22888,-22.426641,-2.7649348,4.617441,-122.95061,-72.41114,80.03055,60.935085,46.225285,-6.4047675,-25.784094
109,16.73732566833496,-18.978717803955078,82.12014770507812,9.947375289733861,21.869773708727028,4.02025023429148,-5.9060535,33.698288,18.616482,49.38321,6.1462035,-15.000033,-37.354206,-5.6445947,26.06256,45.372364,-10.285935,15.000033,-27.36497,6.0799456,29.793802,24.855988,27.95327,-19.28651,61.185295,-22.438032,-2.6727026,5.5698986,-111.858315,-75.55315,71.987885,57.025368,46.043896,-6.238993,-25.590897
110,15.78387451171875,-18.371623992919922,81.78655242919922,10.916538625692771,21.005071317401715,7.285854603351372,-9.034954,33.681084,16.640474,52.193493,6.550134,-15.000033,-38.07649,-7.087595,25.842533,48.36152,-11.238388,15.000033,-26.397532,5.7863855,29.793802,26.081326,28.593275,-18.855999,61.519516,-21.897808,-2.060522,6.3543234,-93.376236,-78.30865,59.22146,50.364483,46.822357,-4.075121,-26.55304
111,14.813810348510742,-17.772871017456055,81.249755859375,11.85048163315273,20.121930972310548,9.925619086938685,-12.455987,34.435104,16.074379,55.553703,4.930034,-15.000033,-39.291252,-9.377396,24.886827,51.529396,-13.332801,15.000033,-24.579653,5.9235477,29.793802,27.777817,29.432178,-19.317064,60.853943,-19.607458,-2.4010074,7.392793,-77.13894,-80.56315,47.96017,44.63722,44.09505,-4.6754084,-22.7387
112,13.84090518951416,-17.123720169067383,80.46745300292969,12.007804334331965,19.475847656286227,11.897961511925173,-15.906058,35.211098,15.36549,59.121105,4.2521725,-15.000033,-40.462234,-11.41154,23.551508,54.08832,-15.812623,15.000033,-22.442465,6.7010126,29.793802,28.720938,30.331314,-21.382166,60.915245,-20.103882,-2.4096696,7.4722624,-60.803,-81.97791,36.978203,40.193943,42.489964,-5.8475475,-20.6862
113,12.87123966217041,-16.437448501586914,79.71046447753906,11.262832366772857,18.289737786658673,13.814682558322085,-19.375204,36.71586,15.085338,62.3885,3.6080067,-15.000033,-40.406776,-12.760693,21.543564,56.069893,-17.56643,15.000033,-19.699192,8.720573,29.793802,29.75126,30.973236,-23.80344,59.27078,-19.374521,-2.6751497,7.3517575,-45.332882,-82.05639,25.908066,35.515694,43.31618,-7.4879103,-19.989706
114,11.903363227844238,-15.633827209472656,79.2095947265625,11.347725826964462,17.695327092019735,16.39691534061155,-21.803862,37.664383,15.855901,63.875713,2.4080513,-15.000033,-40.6076,-14.760685,20.699,57.329285,-19.538635,15.000033,-17.609241,10.223019,29.793802,31.465813,31.47575,-24.57872,57.03122,-16.724806,-1.7215974,5.741594,-32.01395,-81.1681,16.38112,30.953527,40.928486,-6.2985845,-15.557562
115,10.92725658416748,-14.741720199584961,78.4234848022461,10.439141833714924,16.613850985641253,18.200785064214223,-24.94111,39.337627,15.78543,66.50049,1.4072956,-13.764125,-40.39452,-16.552795,18.62819,58.942596,-21.80927,15.000033,-15.131778,12.431498,29.793802,32.782917,31.708488,-27.598215,54.224297,-14.394512,-1.6019669,5.77682,-19.070013,-78.46477,8.668906,25.600449,38.883427,-6.6835065,-15.159828
116,9.937453269958496,-13.745845794677734,77.57461547851562,9.84909295977798,15.84760983516602,20.5658624587145,-28.661938,39.63148,14.712521,68.83972,0.6720542,-12.703115,-40.152267,-19.053417,16.584642,60.21241,-24.179735,15.000033,-13.522789,14.104072,29.793802,34.644146,31.732815,-29.232159,50.409943,-12.402207,-1.2470307,6.524478,-8.896352,-74.74318,3.871984,19.132208,37.25835,-8.669478,-15.486329
117,8.961536407470703,-12.707924842834473,76.73002624511719,9.104743731881708,15.488862880454436,23.20851226257841,-31.67942,39.657223,13.8528,70.19247,0.38340098,-11.690358,-39.725384,-21.450947,14.3176985,60.955666,-26.058653,15.000033,-11.619319,15.855117,29.793802,36.483,31.41085,-30.844637,46.34782,-10.152789,-0.6368518,6.8619695,-2.4195287,-70.271576,2.064204,12.819805,34.827072,-10.155771,-16.88659
118,7.98128080368042,-11.65513801574707,75.86256408691406,7.8323192159333175,14.874198407391969,26.20786363265518,-34.46766,39.492996,12.851571,71.11451,0.012333934,-10.491253,-38.441536,-23.698383,11.227102,61.69508,-27.551147,15.000033,-9.757573,17.564056,29.793802,37.82804,30.964596,-32.601517,42.394005,-7.5743184,-0.47619691,7.1952677,1.2991991,-65.44857,2.6215768,6.6754756,32.74177,-13.215945,-17.331017
119,7.0169267654418945,-10.659658432006836,74.9850845336914,6.891846792800938,14.505545357707526,29.725513332655513,-36.582844,38.630005,12.147958,70.9813,-0.23004474,-10.255264,-36.881466,-25.91041,8.479753,62.25866,-29.237968,15.000033,-7.7171245,18.97829,29.793802,38.594776,30.46383,-33.798447,38.774963,-6.1116347,-0.08969374,7.5673666,2.4936156,-60.75429,4.85808,1.5986412,30.512054,-13.950528,-16.667274
120,6.056067943572998,-9.774605751037598,74.29219055175781,6.0965293144144175,13.623611914355397,33.88456724511532,-38.55292,37.010033,10.959928,70.97564,-0.5523872,-10.213489,-34.121098,-28.542225,4.951873,62.56925,-30.555048,15.000033,-5.5411215,20.629868,29.793802,39.246754,29.883305,-34.854103,34.80488,-3.6850393,-0.21678929,7.715583,2.1192791,-56.258297,7.4611907,-2.2002225,29.399332,-16.152248,-15.595437
121,5.121867656707764,-9.040637016296387,73.50746154785156,5.493896595417218,12.993861884691926,38.09870171761247,-40.37148,34.51427,9.072323,70.93777,-1.3207974,-10.53752,-31.252089,-31.057869,1.456614,62.87986,-31.79106,15.000033,-3.3321831,21.7751,29.793802,39.44207,29.254522,-35.389732,31.388338,-2.3525755,-0.31524563,7.930832,0.5436218,-52.073097,10.398226,-5.2203116,28.383102,-17.567043,-15.365546
122,4.227449893951416,-8.49399185180664,73.10430145263672,5.231818334160489,11.88160014286894,42.619990235911736,-41.554867,31.92728,7.6511827,70.939995,-2.505815,-10.8582,-27.412172,-33.444145,-2.275764,62.770752,-32.76893,15.000033,-1.2185518,22.577904,29.793802,39.85663,28.463276,-35.156708,27.961803,-1.0065913,-0.14758179,8.327618,-1.3612984,-48.47087,12.880143,-7.9492664,26.140942,-17.388046,-14.401841
123,3.3879241943359375,-8.12257194519043,72.88318634033203,5.165836728304044,10.345686453520669,47.56640862378661,-42.389805,28.808035,6.0991817,70.51081,-3.4545417,-11.210615,-22.831656,-35.705,-6.3565035,62.83206,-33.276276,15.000033,0.7422812,23.282738,29.793802,39.73513,27.546408,-35.095947,25.094034,0.14803354,-0.16365466,8.674742,-3.8216524,-45.26314,14.882447,-10.97373,24.892866,-17.34348,-13.826644
124,2.6372568607330322,-7.890819072723389,72.65879821777344,5.414732044067173,8.906214952199662,53.13029842223699,-42.83308,25.275503,4.9869432,69.489586,-5.0661583,-11.827201,-17.69749,-37.54865,-10.4828615,62.664196,-33.841072,15.000033,2.5596318,23.875875,29.793802,38.628986,26.678,-35.03422,23.046322,1.3761938,0.25191805,8.762764,-6.3982725,-42.290356,16.729034,-14.91357,23.00141,-16.024157,-14.085169
125,1.9936898946762085,-7.757577419281006,72.46479797363281,5.863482926048298,7.5525055654193505,58.40538470628804,-43.49086,21.71472,3.700469,69.23773,-5.7882433,-11.721851,-13.014037,-39.244667,-14.400811,62.940292,-34.430862,15.000033,4.425676,23.878777,29.324657,37.77957,25.875372,-34.651665,21.778452,2.2635205,0.1966102,8.719041,-9.405609,-39.760174,18.841988,-17.332754,20.86811,-16.068966,-13.39615
126,1.4558954238891602,-7.667781352996826,72.45480346679688,6.157994748374077,6.05880944067467,62.92413674464447,-43.847263,18.27037,2.2783406,68.8721,-6.450359,-12.049373,-8.229239,-40.452213,-18.429443,62.766308,-34.756454,15.000033,6.7781663,24.07484,28.013685,36.068794,25.201357,-34.98204,21.775248,2.943602,0.29143894,7.9723067,-13.138664,-37.57673,21.861748,-19.47918,18.61714,-15.808692,-10.859563
127,1.039189338684082,-7.564547061920166,72.50078582763672,7.059990671162727,4.962240020193773,67.63525453959605,-44.342094,13.981572,0.95235157,68.24337,-6.794619,-12.6459055,-3.7057087,-41.59402,-22.042395,62.2598,-34.711475,15.000033,8.877328,23.63336,26.554728,34.722584,24.54352,-34.975266,22.57626,2.7627933,0.4335398,7.677576,-16.913498,-35.55274,23.20127,-20.051445,18.335436,-16.193808,-11.169176
128,0.7222392559051514,-7.410229206085205,72.35346984863281,7.436659120326678,4.532489897722887,72.17075736553818,-45.21394,10.973945,0.019078365,67.64209,-7.5471683,-12.401842,0.73352325,-41.80557,-26.31436,61.207058,-34.69752,15.000033,10.885508,23.227394,25.080494,33.684113,23.91855,-34.72718,23.558117,3.136357,0.75919145,7.609928,-20.850275,-33.522507,23.1987,-20.888092,18.059126,-15.963411,-12.415892
129,0.48517948389053345,-7.201055526733398,72.13233947753906,7.608222728466244,4.155842096545182,76.14478483991836,-46.27631,8.486435,-0.9330007,67.82005,-8.707312,-11.651942,4.724719,-41.58525,-30.250275,60.332935,-34.704926,15.000033,12.703372,22.56573,23.876629,32.778107,23.30691,-34.18474,24.107834,3.340843,1.4447035,6.872598,-25.739534,-31.758438,22.674238,-21.127644,18.159592,-15.159312,-11.372985
130,0.3026904761791229,-6.935961723327637,72.05593872070312,7.469921781373515,3.549804389100227,79.2235230945154,-46.68349,5.841586,-2.6269064,67.93575,-9.117824,-11.853898,8.852232,-40.93056,-34.21867,58.859287,-34.56038,15.000033,14.608227,21.740425,22.570217,32.181606,22.725828,-33.572834,24.324648,4.023293,1.9330326,6.1673393,-30.386929,-30.216503,21.8944,-20.365608,18.738527,-14.578621,-10.552404
131,0.1808880716562271,-6.612368583679199,71.89550018310547,7.426314072731991,2.8521988346411367,82.47868931925069,-47.01815,3.2172914,-4.102604,68.2516,-9.741456,-12.029727,12.565073,-39.652737,-37.102028,57.435665,-34.29691,15.000033,16.255434,20.83416,21.39121,31.429998,22.105165,-33.283905,25.70912,3.5346465,1.96444,5.9770603,-35.21073,-28.96026,21.104425,-19.863663,17.924,-13.609661,-10.016287
132,0.1015968844294548,-6.227704048156738,71.68766021728516,7.283248663788522,2.1333460912702975,85.24975143093275,-47.237846,0.7666377,-5.723702,68.963196,-10.104009,-12.044006,16.241796,-38.445972,-40.078495,56.04247,-34.295444,15.000033,17.915556,20.003458,20.192095,31.088615,21.581417,-33.12791,26.722017,3.9225621,2.4916239,5.610921,-40.820164,-27.838455,20.426975,-18.049059,17.982164,-12.262284,-10.052328
133,0.09070142358541489,-5.794286727905273,71.5237045288086,7.096840744642151,1.594799361889793,87.96042775162307,-47.277374,-1.465291,-7.254802,69.24904,-11.005495,-12.43598,19.817858,-36.083595,-42.51538,52.853218,-33.54323,15.000033,19.768963,19.188532,18.622393,30.863417,21.141737,-32.85991,28.178276,3.810044,2.2961652,5.4279995,-46.123585,-26.831272,19.285852,-16.17741,18.52007,-10.770165,-9.814436
134,0.1353304237127304,-5.30637788772583,71.59942626953125,7.014403217205819,1.2182423196899508,90.76228485367317,-46.972214,-3.2102714,-8.211208,68.724686,-11.418895,-12.356034,22.861013,-33.738678,-44.778088,49.722767,-32.885807,15.000033,21.561848,18.429562,17.081072,31.032188,20.859041,-32.48308,29.65991,3.5846057,2.0271614,4.6672325,-52.202175,-25.919142,18.567186,-12.9701,18.95102,-9.921751,-10.363919
135,0.23316971957683563,-4.775526523590088,71.70455932617188,6.897599216612555,0.9696975485145176,93.44937755727567,-46.88348,-4.181606,-8.590979,68.44315,-11.496324,-11.569369,25.223907,-31.174341,-46.26594,46.590046,-32.262573,15.000033,22.90866,17.531414,15.801756,31.821146,20.759644,-31.589445,30.325909,3.5935626,1.5412582,4.3998437,-59.132107,-25.316782,17.785324,-7.926285,20.257652,-9.438836,-11.730427
136,0.3716728091239929,-4.215742111206055,72.3082275390625,6.5026746264786235,0.7931298224540706,96.15941101053512,-45.927837,-5.3867326,-9.808409,66.62556,-10.983053,-11.612202,27.905268,-27.857496,-48.509823,41.641724,-30.739353,15.000033,24.489801,16.809486,14.210067,32.28995,21.053122,-31.850964,31.612825,4.0693173,1.2137178,3.1839485,-66.579155,-24.739504,17.936583,-1.6091197,22.09807,-7.8097625,-12.579382
137,0.5398426651954651,-3.637894630432129,72.65583801269531,6.376483777698369,0.33619217220555875,98.62350216746692,-44.98775,-6.3371615,-10.482884,65.56205,-10.7836075,-11.44133,30.331673,-24.93924,-49.458767,37.3032,-29.08001,15.000033,25.804775,15.849708,12.88532,33.9677,21.438236,-31.026728,31.433477,2.6805012,0.27586636,3.6185286,-74.23037,-24.549183,19.599943,6.5132203,23.619986,-6.721061,-12.224502
138,0.7189300656318665,-3.060861110687256,73.0467758178711,6.197977383435789,-0.2125174742395986,100.49633450378413,-43.694767,-6.611753,-10.823954,64.34404,-11.050616,-11.083616,32.596527,-22.243155,-50.00073,32.76317,-27.093554,15.000033,27.236122,14.628309,11.76425,34.698826,22.02518,-30.861217,32.671616,1.6488353,-1.6517236,4.444073,-81.966064,-24.406645,21.835688,15.105226,26.174597,-5.71364,-11.688654
139,0.8877495527267456,-2.4794461727142334,73.61471557617188,6.428446850084299,-0.7260493374319859,103.20728302860208,-41.90051,-8.503254,-12.182062,61.81644,-9.963586,-12.183016,34.678413,-19.922558,-50.89318,28.865229,-24.896944,15.000033,28.653759,13.46427,10.92438,34.67626,22.832373,-30.792042,34.853794,0.50957483,-2.5611675,4.592257,-89.34183,-24.202065,24.084803,24.231646,30.178196,-4.3760657,-10.997852
140,1.0169299840927124,-1.9105294942855835,74.32603454589844,6.200533366440965,-1.234210707852373,105.28300876892564,-39.826485,-10.025528,-14.322088,59.311596,-8.87464,-13.142993,36.450253,-17.763266,-51.713985,25.432508,-22.580223,15.000033,30.284962,12.185046,10.190044,34.32655,23.905294,-31.048603,38.03184,-0.5884904,-3.2570722,5.035966,-95.89137,-23.803308,27.782158,33.617603,33.357853,-2.920492,-9.762157
141,1.0993127822875977,-1.3471072912216187,74.93666076660156,6.210443313072395,-1.7372900367772022,107.33184937647253,-37.95058,-11.498144,-16.081758,57.13044,-7.717636,-13.593736,37.686028,-16.185555,-51.667175,23.31254,-20.431217,15.000033,31.670294,10.523924,9.585097,34.067783,25.148354,-30.774597,40.83051,-2.0747294,-4.1051636,6.332952,-100.52995,-23.198177,32.377686,42.697983,35.55041,-1.4546714,-8.507514
142,1.1263713836669922,-0.8021253347396851,75.50595092773438,5.943604676436656,-2.272797050874094,108.70070008215629,-36.09407,-12.432342,-17.877726,55.491695,-6.189017,-14.602576,38.98384,-14.833917,-52.268784,21.282799,-19.01194,15.000033,33.05397,8.728914,9.274863,33.637722,26.359177,-30.145401,45.34727,-3.402808,-5.7104454,5.9369593,-104.47058,-22.407574,37.4714,52.01374,37.76862,0.3099106,-6.397976
143,1.0868226289749146,-0.2501918375492096,76.10223388671875,5.9629998531929775,-2.2670134795946897,110.75429546736865,-34.783867,-14.277223,-20.273054,53.675674,-4.9976664,-14.772163,39.686405,-13.526256,-52.683838,19.81922,-16.949867,15.000033,33.60128,7.001407,9.198841,33.47038,27.392931,-30.004002,47.675076,-4.44185,-4.351064,6.1023517,-106.7927,-21.612976,42.588276,59.42241,37.490685,2.0330117,-4.8677506
144,1.0183550119400024,0.25647425651550293,76.76934814453125,5.093955985421967,-2.070448373296806,112.48052688239723,-33.84484,-14.8261795,-22.63053,52.352535,-3.6003292,-15.000033,40.290447,-11.81578,-54.200825,18.279253,-14.689728,14.666312,34.378666,5.428144,8.931989,33.573807,28.113188,-28.05881,49.85021,-4.8944964,-5.015104,6.1058807,-109.21821,-20.870888,47.762856,65.54962,35.830223,3.8483205,-1.1676614
145,0.9370530247688293,0.7259187698364258,77.18284606933594,5.252953763067008,-1.8469429657886542,113.15686546043446,-32.28831,-16.16721,-24.862295,50.36115,-3.5068743,-15.000033,40.436058,-11.265922,-53.78274,16.996906,-14.763067,14.274177,34.38429,4.303516,8.675571,32.953526,28.847275,-28.604668,51.526527,-5.7840204,-4.942921,5.1986947,-110.61358,-20.182867,49.963924,68.24981,34.21449,5.5323157,0.9659365
146,0.8546794056892395,1.1356415748596191,77.35028839111328,5.061724790933545,-1.7550299813934847,113.76067252387982,-31.615915,-16.980879,-26.516758,50.15731,-3.5537038,-15.000033,40.76034,-10.651532,-54.08532,16.370144,-14.496506,13.876463,34.521202,3.3131735,8.656034,32.364647,29.442236,-28.71464,52.775307,-5.8418183,-4.7986856,4.508114,-111.58945,-19.564974,52.35922,70.146935,32.64359,5.9812574,3.4891524
147,0.796996533870697,1.4801263809204102,77.71367645263672,4.707962367709258,-1.8362930339394177,114.14891443456489,-30.690573,-16.62112,-27.167784,49.235237,-3.23381,-15.000033,40.793488,-10.192069,-53.96077,16.46719,-14.105118,13.258928,34.496067,2.6434784,8.577573,32.054752,29.862894,-29.898848,54.071686,-5.491096,-4.783652,4.2449474,-112.017395,-18.922188,52.72373,70.7625,32.821064,5.7657194,2.749692
148,0.7713039517402649,1.7684983015060425,77.90840911865234,4.76582941006731,-2.358050958315825,114.75808231528845,-29.637268,-16.372463,-27.05008,48.30966,-3.0785263,-15.000033,41.648636,-9.892909,-54.97841,16.211327,-13.687456,12.70462,34.840893,2.150415,8.489021,31.868797,30.048508,-30.454723,54.974934,-6.148049,-4.8818955,3.5798879,-111.30793,-18.25015,53.480007,71.38282,32.409904,5.7202034,2.5679624
149,0.7329627871513367,2.012545347213745,78.08625030517578,4.232807501696856,-2.550282231372951,115.21976757832367,-28.930126,-16.557955,-28.449959,48.295383,-3.0499861,-15.000033,41.664112,-9.568653,-55.3168,17.160933,-13.200288,11.8245125,34.569145,1.8586273,8.383153,31.736391,29.982561,-31.538366,55.47085,-5.173502,-4.5652566,3.7632372,-111.995094,-17.724115,53.27952,72.63925,32.078938,5.3649716,2.4099286
150,0.7277123332023621,2.231414318084717,78.07939910888672,4.751119883678132,-2.3509887598118877,115.2423563924284,-28.675373,-17.29518,-28.981728,47.94557,-3.2982192,-15.000033,41.61619,-9.753347,-55.128296,16.727587,-14.040627,11.331851,34.11689,1.4957412,8.419749,30.61377,29.85362,-33.566826,56.594585,-5.314057,-3.7972686,3.2454479,-111.806946,-17.238605,53.261616,71.97119,31.088343,5.729193,2.4162521
151,0.7142326235771179,2.40242862701416,78.25479125976562,4.606586909824452,-2.351005003273934,115.18982018176978,-28.04581,-17.428354,-29.91491,47.503914,-3.2674286,-15.000033,41.787045,-9.496162,-55.463646,16.359976,-13.709308,10.973116,33.875675,1.2532396,8.358037,29.826878,29.625797,-34.596027,57.624077,-4.984011,-3.5298116,3.009828,-111.77589,-16.835894,53.127617,72.3217,30.813953,5.7256846,2.2751224
152,0.7100651860237122,2.529446601867676,78.29066467285156,4.436468150190284,-2.3230522640307343,114.88571310407775,-28.014154,-17.079098,-29.855766,47.76015,-3.4251041,-15.000033,41.889698,-9.358196,-55.515472,16.09191,-13.631329,10.781782,33.76053,1.0798373,8.317255,29.218056,29.339222,-35.36705,58.466328,-4.9656253,-3.694359,2.5786068,-111.78667,-16.433771,52.87973,72.3335,31.043737,5.529093,2.4788108
153,0.7183784246444702,2.6166348457336426,78.54495239257812,4.272023702817414,-2.1377135613929483,114.6930202063618,-27.942715,-16.46236,-29.779812,47.244965,-3.1379583,-14.827363,41.78435,-9.185265,-55.814346,15.6957445,-13.377481,10.514667,33.429237,0.841635,8.26886,28.004086,28.861082,-36.869576,60.43864,-3.8843029,-2.26468,1.5423441,-111.86461,-16.072884,52.410324,72.50446,29.480427,5.513832,1.6086507
154,0.7243564128875732,2.650820016860962,78.33448791503906,4.222218406189773,-2.281555584630467,114.23352716137843,-28.08052,-16.439938,-29.603472,48.217583,-3.7220733,-15.000033,41.959473,-9.244597,-55.31689,15.636845,-13.852877,10.512496,33.248463,0.75872636,8.305023,27.767824,28.48042,-37.303783,60.274586,-3.961767,-2.9574153,1.92949,-112.21786,-15.75076,51.821022,72.85438,31.251703,5.5853724,1.5560528
155,0.7321212291717529,2.644995927810669,78.2603988647461,4.155073435017521,-2.2699263602455755,113.83088826151275,-28.04944,-16.484104,-29.800814,48.541958,-3.9172916,-15.000033,41.965622,-9.495698,-55.454174,15.859799,-14.378208,10.620194,33.26486,0.7811903,8.140178,27.57653,28.171164,-37.776318,60.161274,-4.352655,-3.176337,1.8444432,-112.20693,-15.387543,51.656597,73.35401,31.606928,5.841297,1.8164302
156,0.7647721171379089,2.6017966270446777,78.08951568603516,4.398967910089514,-2.446174270265623,113.70629419363077,-28.252909,-16.590847,-29.35257,49.08512,-4.4271536,-15.000033,42.11628,-9.826126,-55.308804,16.097061,-14.829242,10.554263,33.095497,0.71750015,8.17776,27.141886,27.820957,-38.405968,60.702236,-4.270578,-2.9389746,1.8489622,-112.23596,-15.07507,51.33647,73.78241,32.047726,5.672749,1.4622207
157,0.7874454259872437,2.5287258625030518,78.1519775390625,4.159956770069443,-2.4912648510408206,113.37042177539988,-28.071108,-16.387821,-29.644037,49.04351,-4.397099,-15.000033,42.133247,-9.912072,-55.67475,16.253088,-15.12536,10.509391,32.986126,0.7210367,8.110111,26.886902,27.429464,-38.946373,60.986065,-4.4131827,-2.944119,1.2096107,-112.23417,-14.803161,51.08636,74.08526,31.872608,5.8126493,1.6400683
158,0.8266494870185852,2.4349405765533447,78.24628448486328,4.035462886162638,-2.5850659539355543,113.06746120151486,-27.88138,-15.993867,-29.564465,48.736004,-4.3175125,-15.000033,42.092567,-10.023102,-55.728615,16.362095,-15.363724,10.602613,32.80091,0.72839385,8.015897,26.624918,27.041714,-39.639782,61.205143,-4.27134,-2.944733,0.91055506,-111.96096,-14.545545,51.13308,74.105736,31.050066,5.9199457,1.5585032
159,0.8768959045410156,2.3335981369018555,78.31658935546875,4.028479576034725,-2.65072971914337,112.81533034375222,-27.717087,-15.6594305,-29.370598,48.305504,-4.270383,-15.000033,42.051228,-10.12966,-55.703808,16.311659,-15.553626,10.781024,32.73155,0.70004725,7.8676653,26.301123,26.666933,-40.09995,61.49292,-4.0377536,-2.9203014,0.78643304,-111.65688,-14.289517,51.297928,74.407684,30.5319,6.022733,1.8445364
160,0.940963089466095,2.2325234413146973,78.23954010009766,4.216942259770945,-2.8214638765368494,112.8154652613656,-27.697502,-15.707085,-29.11869,48.26287,-4.5167003,-14.823919,42.224712,-10.164769,-55.591785,16.100227,-15.836363,10.858834,32.632256,0.6598458,7.8514256,25.805807,26.336885,-40.56812,61.923447,-3.760339,-2.7918503,0.9220472,-111.57971,-14.05263,51.408497,75.08501,30.3762,5.9939127,1.7996209
161,1.0107520818710327,2.1356661319732666,78.2511978149414,4.275722113341509,-2.9596770626236606,112.76623677033598,-27.553946,-15.611515,-29.016684,48.00285,-4.4179235,-14.865665,42.13494,-10.435117,-55.552113,16.64526,-16.184847,10.890467,32.552315,0.57733935,7.8039293,25.41223,26.04839,-40.830624,62.17984,-3.3846755,-2.705829,0.87933075,-111.42761,-13.837212,51.411514,75.72082,29.99905,6.132869,1.9612417
162,1.0868479013442993,2.0496416091918945,78.22405242919922,4.275855049493691,-3.0385951838941945,112.68369087473604,-27.557499,-15.567766,-29.026222,48.036633,-4.418888,-14.996948,42.161312,-10.47467,-55.616905,16.723972,-16.358479,10.849115,32.486206,0.53385174,7.7750363,25.09356,25.801338,-41.01206,62.343155,-3.0341349,-2.633738,0.77863085,-111.44229,-13.648951,51.48349,76.205444,29.8254,6.1851892,2.2748344
163,1.1695637702941895,1.9736859798431396,78.1264877319336,4.434630520775943,-3.256825369465716,112.68664664283224,-27.502798,-15.729193,-28.955223,48.201637,-4.673528,-15.000033,42.341537,-10.718278,-55.779938,17.077614,-16.645983,10.76107,32.49659,0.4581244,7.735998,24.7732,25.610455,-40.98686,62.48526,-2.744603,-2.6619747,0.7581917,-111.324165,-13.476022,51.393414,77.012024,29.914976,6.069543,2.5256143
164,1.2421213388442993,1.9049875736236572,78.19501495361328,4.200954967040959,-3.388067980861864,112.63072606454425,-27.308838,-15.579555,-29.297003,48.15613,-4.4884276,-15.000033,42.263065,-10.618797,-55.74722,17.393055,-17.00296,10.761189,32.301815,0.40881816,7.672596,24.550621,25.416243,-41.241592,62.738644,-2.7560024,-2.6018813,0.45727277,-111.22044,-13.348787,51.34659,77.29528,29.846365,6.063796,2.8223662
165,1.3156607151031494,1.8525078296661377,78.07554626464844,4.395179144998443,-3.4202168900221026,112.77922208269263,-27.40907,-15.885492,-29.356224,48.270138,-4.783454,-15.000033,42.22854,-10.772958,-55.715553,17.686218,-17.511433,10.697454,32.189545,0.34103182,7.6558948,24.171757,25.26635,-41.561188,62.975735,-2.407874,-2.3090534,0.57774776,-111.24062,-13.230739,51.26179,77.525665,29.795118,6.0651813,2.7374642
166,1.379929542541504,1.804526925086975,77.97994995117188,4.551120981475485,-3.6730254640048656,112.97745285590536,-27.31238,-16.254826,-29.51806,48.498127,-4.947928,-15.000033,42.439205,-10.854743,-55.74399,17.938663,-17.984303,10.624503,32.12868,0.300019,7.66131,23.81777,25.152718,-41.63448,63.19046,-1.7926983,-1.939743,0.45832753,-111.09986,-13.152978,51.41175,78.12201,29.14742,5.923306,2.925027
167,1.4231810569763184,1.7637619972229004,77.96382141113281,4.420418181076017,-3.8235867821560765,112.96087566738868,-27.161932,-16.353405,-29.907055,48.697746,-5.1055036,-15.000033,42.45137,-10.804696,-55.623714,18.221546,-18.294636,10.528535,32.048183,0.18081419,7.594847,23.813652,25.09431,-41.57697,63.038628,-1.5814675,-1.752574,0.2801365,-111.00627,-13.123389,51.370125,78.60825,29.37192,5.878909,3.0042012
168,1.453597903251648,1.733746886253357,77.98258972167969,4.29445990421186,-3.8756715136446145,112.95804805095298,-27.060843,-16.323141,-30.164116,48.690563,-5.206901,-15.000033,42.460796,-10.716006,-55.70738,18.303429,-18.451384,10.46304,32.016766,0.17436826,7.478787,23.797907,25.043947,-41.48973,62.782898,-1.321767,-1.595536,0.11818637,-110.88196,-13.098882,51.23128,78.79748,29.370546,5.779571,2.9586759
169,1.4700210094451904,1.7114946842193604,78.03451538085938,4.107488677201205,-3.9385841513421482,113.06393845508744,-26.832113,-16.307943,-30.588202,48.496914,-5.189517,-15.000033,42.480213,-10.566371,-55.91592,18.425432,-18.712053,10.572839,31.982069,0.2614191,7.368276,23.771955,25.02052,-41.362854,62.35715,-1.1058283,-1.5391514,-0.051884472,-110.74741,-13.105455,50.88508,78.84147,29.55565,5.5403514,2.8903573
170,1.4830859899520874,1.7042295932769775,78.03179931640625,4.171980404949106,-3.9619762837316825,112.98379281652895,-26.67258,-16.468866,-30.83838,48.3809,-5.313257,-15.000033,42.621048,-10.514124,-55.98266,18.057615,-18.78061,10.481671,32.07681,0.27436087,7.2392106,23.789274,25.014175,-41.244923,62.02855,-0.83106077,-1.6004652,0.022697804,-110.52692,-13.104376,50.75972,78.73475,29.567924,5.354635,2.6547256
171,1.4911001920700073,1.7057416439056396,78.03992462158203,4.253371309824598,-3.9208317739695357,113.04083675142556,-26.63767,-16.515932,-30.846966,48.165066,-5.350092,-15.000033,42.510628,-10.541228,-55.799557,18.089783,-18.866325,10.467484,32.076008,0.25771552,7.146791,23.829237,25.02513,-40.938805,61.599514,-0.73259485,-1.798042,0.15295349,-110.37696,-13.10919,50.53755,78.46979,29.36677,5.3352447,2.5623395
172,1.4951720237731934,1.71152925491333,78.05908203125,4.269934775621364,-3.9931123687123367,113.11747042992268,-26.490671,-16.495493,-30.842257,47.97741,-5.4045687,-15.000033,42.475636,-10.58738,-55.66303,18.324602,-18.954342,10.42995,32.078407,0.27756625,7.015453,23.852146,25.053831,-40.807617,61.158226,-0.5928437,-1.9594258,0.11490827,-110.11477,-13.112847,50.513985,78.44963,29.029282,5.228,2.6664467
173,1.497105360031128,1.7200449705123901,78.07363891601562,4.246427983008097,-4.166658873997813,113.24184965231518,-26.178679,-16.6939,-31.203424,47.88715,-5.4605756,-15.000033,42.50725,-10.717217,-55.678997,18.865698,-19.28984,10.400809,32.066578,0.27183992,6.9174657,23.899317,25.15697,-40.69949,60.68466,-0.4433338,-1.9595517,-0.027231783,-109.82802,-13.138566,50.388714,78.620026,28.697548,5.1078634,2.8278894
174,1.5010359287261963,1.7352927923202515,78.1259765625,4.171171089876662,-4.05543141195309,113.32940272547803,-26.070791,-16.699965,-31.539083,47.558052,-5.4537125,-15.000033,42.372833,-10.536561,-55.60624,18.73173,-19.218588,10.373655,32.017113,0.23665665,6.773841,23.91235,25.254688,-40.770084,60.305702,-0.22243977,-2.0438793,-0.023785258,-109.70677,-13.1542845,50.194546,78.41923,28.541954,5.163121,2.8992953
175,1.5113160610198975,1.7484556436538696,78.18035888671875,4.180977371263505,-4.0663580995835895,113.41962927849482,-25.837988,-16.83927,-31.903658,47.24652,-5.38692,-15.000033,42.539692,-10.3164835,-55.80791,18.251875,-18.975864,10.355673,32.050385,0.18996622,6.7009573,23.790493,25.343027,-40.917473,60.07031,0.002054997,-2.166666,-0.06647048,-109.550125,-13.169408,50.15833,78.47746,28.552835,5.103157,2.8757524
176,1.534764051437378,1.7524579763412476,78.11970520019531,4.358263776898696,-4.231198018109769,113.69309093338796,-25.7646,-17.241037,-32.072952,47.39119,-5.53911,-15.000033,42.65984,-10.414456,-55.761707,18.556116,-18.96707,10.190265,32.09927,0.18656808,6.704885,23.512339,25.482763,-41.14833,59.85698,0.052431397,-2.44318,0.22836857,-109.45421,-13.215213,49.961834,78.79696,28.6429,4.878281,2.634425
177,1.556489109992981,1.7488164901733398,78.17970275878906,4.33352419076579,-4.109190986240278,113.66478248928202,-25.6848,-17.158197,-32.24039,47.00502,-5.360682,-15.000033,42.65379,-10.135845,-55.771175,17.907848,-18.801529,10.265839,32.07163,0.0905016,6.633502,23.42648,25.528349,-41.450237,59.806965,0.09149696,-2.696727,0.24837546,-109.3326,-13.218176,49.85452,78.55328,28.88258,4.8411098,2.887946
178,1.583878755569458,1.7257471084594727,78.20248413085938,4.364409901318053,-4.245874150785414,113.7740807980998,-25.471033,-17.295284,-32.461346,46.864273,-5.252729,-15.000033,42.693592,-10.207728,-55.795876,18.185696,-18.955112,10.247574,32.051815,0.0012324695,6.6126003,23.162539,25.568386,-41.807224,59.916794,0.17567956,-2.762506,0.07283073,-109.14726,-13.234191,49.85751,78.7979,28.495716,4.8159842,3.2762315
179,1.618022084236145,1.6876376867294312,78.3195571899414,4.4338404294482165,-4.416611650273553,114.17818573335902,-24.974674,-17.51069,-33.030155,46.102726,-5.2067266,-15.000033,43.063423,-10.223551,-56.91191,18.262264,-19.125656,10.160013,32.204365,-0.020321267,6.4890976,22.483515,25.487612,-41.74482,60.81112,0.9423916,-1.5113986,-1.0243028,-108.835815,-13.30636,50.189236,79.81399,26.663525,4.462581,3.769481
180,1.6426775455474854,1.630050539970398,78.32757568359375,4.387372288321331,-4.620849010218363,114.17589358071821,-24.85836,-17.624393,-33.175697,46.326115,-5.224972,-15.000033,43.079666,-10.200243,-56.553864,18.441488,-19.03151,10.068527,32.145786,-0.10525108,6.5385714,22.341078,25.444843,-41.956894,60.583427,0.62205285,-2.155092,-0.7784578,-108.697014,-13.382919,50.144676,79.98021,27.798504,4.392943,3.9226508
181,1.6653800010681152,1.5642372369766235,78.3704605102539,4.32282584131711,-4.531150242278438,114.22671290061758,-24.842964,-17.527058,-33.32789,45.968235,-5.157022,-15.000033,43.01449,-9.82534,-56.344563,17.785154,-18.718287,10.116763,32.116425,-0.16360623,6.437571,22.157244,25.37876,-42.321392,60.627495,0.52611935,-2.3841982,-0.8437634,-108.57959,-13.440723,50.02555,79.95682,27.639317,4.3966384,4.040762
182,1.6850568056106567,1.4869921207427979,78.38666534423828,4.302610960337878,-4.6213136447138465,114.02559518767954,-24.871248,-17.27782,-32.923126,45.9852,-5.07965,-15.000033,42.991512,-9.848459,-56.061214,17.697039,-18.71671,10.148881,32.113987,-0.17280276,6.4385486,22.36625,25.336166,-42.339252,60.156765,-0.05088024,-3.3101575,-0.8720628,-108.3152,-13.454607,49.97587,79.72132,28.535944,4.1534944,4.1502194
183,1.7066830396652222,1.4101368188858032,78.40092468261719,4.361718215741797,-4.735577063444766,114.25131548091481,-24.772686,-17.440113,-33.051773,45.800255,-5.1675076,-15.000033,43.038643,-9.75887,-55.997013,17.642855,-18.626444,10.121617,31.986553,-0.1835046,6.453814,22.14831,25.258703,-42.471798,60.214363,-0.22057605,-3.5393867,-0.88371277,-108.175514,-13.4978485,49.89304,79.77191,28.542217,3.9886472,4.1203513
184,1.724852442741394,1.3363832235336304,78.47746276855469,4.26926258334765,-4.97473641753268,114.42688062815459,-24.478165,-17.493498,-33.370968,45.631046,-5.1558585,-15.000033,43.17549,-9.713587,-56.165947,17.8772,-18.582787,10.004658,31.929716,-0.17968746,6.3073764,21.832773,25.122524,-42.563236,60.558216,-0.17863627,-3.532902,-1.100039,-107.75596,-13.59493,49.901356,80.11955,27.447548,3.8641515,4.163953
185,1.737580418586731,1.279943585395813,78.5085678100586,4.268405399774444,-5.084876983980423,114.5565803663651,-24.418,-17.543026,-33.39484,45.576378,-5.100804,-15.000033,43.201046,-9.670242,-56.1333,17.936747,-18.547411,9.930606,31.873428,-0.23117383,6.275089,21.634064,24.977728,-42.607864,60.816696,-0.35446557,-3.664147,-1.2572811,-107.51118,-13.685118,49.979935,80.241,26.776087,3.8209968,4.379596
186,1.7425718307495117,1.243403673171997,78.54582977294922,4.319436613238417,-5.195146098864832,114.675351184595,-24.203255,-17.672047,-33.553448,45.32114,-4.93325,-15.000033,43.195965,-9.795937,-56.158882,18.26241,-18.604647,9.810832,31.785038,-0.3422559,6.303498,21.383583,24.828217,-42.856155,61.14514,-0.44271934,-3.600041,-1.3678904,-107.31577,-13.768608,50.033318,80.2739,26.809258,3.888228,4.5949535
187,1.7363231182098389,1.2316007614135742,78.60485076904297,4.319744528017824,-5.104144948946326,114.99169338980842,-24.007755,-17.906511,-34.108055,44.793068,-4.838766,-15.000033,43.122932,-9.656596,-56.392105,18.213682,-18.511536,9.739116,31.769957,-0.34995928,6.214547,20.990414,24.659395,-42.824306,61.63355,-0.39722297,-3.3631747,-1.4752159,-107.29967,-13.877383,49.931107,80.38616,25.740618,3.9781823,4.5711393
188,1.7196379899978638,1.2370401620864868,78.62244415283203,4.349503033149627,-5.168495906117409,115.16336336762419,-23.80414,-17.900064,-34.09525,44.42379,-4.9673185,-15.000033,43.162434,-9.563778,-56.251675,18.15631,-18.316319,9.668544,31.769821,-0.34828284,6.1525507,20.82401,24.530874,-42.800365,61.76314,-0.702877,-3.6302009,-1.3565627,-107.13989,-13.964085,49.892242,80.48111,25.954235,4.057,4.365369
189,1.7016032934188843,1.2583818435668945,78.66670227050781,4.25698990745815,-5.1495088797975415,115.27167291463184,-23.717052,-17.874393,-34.3314,44.28942,-5.098539,-15.000033,43.089844,-9.456065,-56.210724,18.21128,-18.365744,9.64027,31.732887,-0.3822194,6.0784664,20.650904,24.427967,-42.87777,62.05287,-0.86259794,-3.5615077,-1.2872065,-107.05215,-14.033801,49.859367,80.44352,25.948906,4.111606,4.1508985
190,1.6779512166976929,1.2957085371017456,78.73927307128906,4.165993123956187,-5.1296393000626725,115.44022824078112,-23.588675,-17.695198,-34.38159,43.929985,-5.24787,-15.000033,43.054134,-9.234231,-56.14564,18.068495,-18.297852,9.566276,31.646544,-0.4920039,5.9819794,20.469492,24.332825,-42.997025,62.473072,-0.99800456,-3.4038508,-1.2830533,-106.92676,-14.0965185,50.049427,80.531876,25.771482,4.260749,4.037234
191,1.6486949920654297,1.3477275371551514,78.7722396850586,4.073501390078692,-5.027323044858867,115.47295576907898,-23.511053,-17.568607,-34.491432,43.685783,-5.329886,-15.000033,42.95082,-9.012672,-55.900177,17.821278,-18.189758,9.528309,31.586143,-0.6131801,5.9280086,20.37742,24.20408,-43.251,62.88046,-1.3147341,-3.3758254,-1.3905323,-106.909706,-14.148594,50.292652,80.41627,25.783901,4.4666867,4.0617223
192,1.6194525957107544,1.410230278968811,78.7765121459961,4.03575937747589,-4.959191564018452,115.42807165333838,-23.546816,-17.377214,-34.232662,43.649654,-5.37676,-15.000033,42.83348,-9.033555,-55.69674,17.949497,-18.206333,9.390153,31.585365,-0.6999959,5.8885894,20.372417,24.087791,-43.209454,63.113224,-1.6884689,-3.419266,-1.7093014,-106.92032,-14.165379,50.5788,80.34902,26.014618,4.558863,4.1598306
193,1.6002740859985352,1.4797481298446655,78.82421875,3.9992589696124288,-4.938724218114136,115.57650264288002,-23.354942,-17.37523,-34.45,43.3596,-5.427607,-15.000033,42.877266,-8.812506,-55.671276,17.69094,-18.113512,9.342307,31.561506,-0.7659809,5.8075576,20.255041,24.045284,-43.189102,63.31825,-1.9870765,-3.302114,-1.8417631,-106.84554,-14.1673155,50.691895,80.46188,25.90118,4.7632384,4.042318
194,1.588850975036621,1.552687644958496,78.86346435546875,4.010767827486607,-4.933433161578473,115.62783289154527,-23.275585,-17.183607,-34.21114,43.133835,-5.414831,-15.000033,42.871437,-8.755233,-55.5693,17.646133,-18.075132,9.297349,31.5416,-0.84331435,5.7631245,20.26437,24.004091,-42.98347,63.35595,-2.187663,-3.429965,-1.8733526,-106.73139,-14.160214,50.829735,80.37691,26.188007,4.86425,4.0079756
195,1.5815331935882568,1.62567138671875,78.88174438476562,4.024399412569169,-4.943890653771002,115.77081446979,-23.20906,-17.09081,-34.065937,42.981873,-5.541177,-15.000033,42.932,-8.645058,-55.599453,17.559702,-18.076252,9.31695,31.519716,-0.8928693,5.7168493,20.247375,23.984348,-42.716316,63.296173,-2.3529997,-3.6283345,-1.8366185,-106.66421,-14.159412,50.937508,80.350296,26.331497,4.8046446,3.9667456
196,1.5786651372909546,1.693648338317871,78.90443420410156,4.010178749567565,-4.921105244575029,115.8533759437717,-23.187838,-16.971872,-33.974392,42.898514,-5.678117,-15.000033,42.957733,-8.489523,-55.552635,17.373402,-18.053513,9.293695,31.443953,-0.9594892,5.6545577,20.319061,23.98582,-42.47442,63.100616,-2.4282548,-3.6810973,-1.7353032,-106.57951,-14.151404,51.024323,80.194725,26.646997,4.737741,3.8365777
197,1.5734093189239502,1.7542245388031006,78.91828155517578,4.082879138225982,-4.8549046024149245,115.90309762313977,-23.18489,-16.846994,-33.72383,42.663567,-5.794189,-15.000033,42.933746,-8.416418,-55.4349,17.165302,-17.971619,9.273532,31.394812,-1.0165149,5.56088,20.427359,24.00285,-42.10472,62.915382,-2.629474,-3.8371208,-1.5253454,-106.417694,-14.122069,51.32915,79.91387,26.424377,4.8410645,4.1321635
198,1.5658185482025146,1.795910358428955,78.94373321533203,3.9879428803248325,-4.817850410398716,115.91997500351049,-23.148735,-16.723133,-33.803246,42.60961,-5.8975577,-15.000033,42.859283,-8.2875185,-55.29266,17.130836,-18.08186,9.338918,31.318218,-1.073629,5.4428396,20.550207,24.018847,-42.041367,62.674313,-2.828362,-3.856719,-1.5001583,-106.2734,-14.097114,51.353535,79.76161,26.349758,4.8282795,4.0633793
199,1.5529931783676147,1.8207550048828125,78.96430206298828,3.9605835686852995,-4.854190445410113,115.93637124180515,-23.035824,-16.612755,-33.729603,42.45889,-5.966975,-15.000033,42.880974,-8.237885,-55.202095,17.111908,-18.092402,9.306405,31.252895,-1.1022931,5.3892856,20.737722,24.047241,-41.705322,62.280407,-2.9886808,-3.9270396,-1.3710632,-106.13309,-14.060142,51.523422,79.68044,26.458082,4.841303,4.0747433
200,1.5408343076705933,1.8262269496917725,78.9903793334961,3.890020870078209,-4.799886891138652,115.84170227757411,-23.079308,-16.362225,-33.539406,42.36557,-6.036785,-15.000033,42.84124,-8.114383,-55.064236,16.85688,-18.131273,9.321381,31.1918,-1.128779,5.310001,21.067524,24.080038,-41.28132,61.668934,-3.1794374,-4.156191,-1.1672833,-106.039185,-14.004252,51.48298,79.4138,26.45647,4.9006824,3.9405985
201,1.525133728981018,1.8146823644638062,78.98468780517578,3.8941065604841345,-4.847494871101886,115.9525145568086,-23.051605,-16.440105,-33.574406,42.3691,-6.203562,-15.000033,42.932285,-8.058043,-55.173584,16.789133,-18.25829,9.242558,31.127623,-1.135061,5.336927,21.179457,24.099722,-40.98628,61.199955,-3.4711869,-4.3243804,-0.9093203,-106.045784,-13.979829,51.434204,79.438896,26.391489,4.8657393,3.7015016
202,1.506447196006775,1.7884472608566284,79.03070831298828,3.823774812065274,-4.8201678681805324,116.01701044212129,-23.01698,-16.350946,-33.613186,42.160046,-6.088167,-15.000033,42.919186,-7.914325,-55.220177,16.596804,-18.283144,9.259288,31.065165,-1.1533312,5.3100195,21.344809,24.111004,-40.554916,60.625214,-3.556446,-4.341687,-0.839925,-106.047745,-13.973514,51.319283,79.38019,26.527134,5.001936,3.5253167
203,1.4877283573150635,1.7491730451583862,79.01715850830078,3.7738330720192885,-4.903746942768776,115.9801211364083,-23.056019,-16.25831,-33.41407,42.310673,-6.1151304,-15.000033,42.92383,-7.9495783,-55.093082,16.722742,-18.600613,9.254315,30.94919,-1.1803429,5.32329,21.541517,24.115637,-40.487614,60.068623,-3.6740983,-4.4723873,-0.83793753,-105.96393,-13.971695,51.23124,79.19202,26.565258,4.933249,3.5401723
204,1.4695121049880981,1.70876145362854,79.01432800292969,3.7502064949309446,-4.835316064036163,116.15268954143923,-23.217445,-16.251842,-33.31801,42.281178,-6.160907,-15.000033,42.85094,-7.870237,-55.19821,16.70122,-18.660154,9.331515,30.854763,-1.2142632,5.296185,21.583141,24.091324,-40.15937,59.777035,-3.7597303,-4.2917004,-0.9043542,-106.04838,-13.991569,51.07905,79.18765,26.932762,4.950061,3.5807388
205,1.4549850225448608,1.664494514465332,78.99724578857422,3.695321446591946,-4.946108842721081,116.31875489544456,-23.259335,-16.310982,-33.306686,42.46397,-6.2687078,-15.000033,42.83575,-7.865868,-55.103424,16.996069,-18.874735,9.3014555,30.711868,-1.1704394,5.3191023,21.625214,24.039526,-39.98985,59.377934,-3.9247634,-4.2082076,-0.7033299,-106.03409,-14.042933,50.75268,79.09782,26.860373,4.809766,3.0341454
206,1.445116639137268,1.631110668182373,78.94158935546875,3.791676370316929,-4.8682654907337355,116.56804797077889,-23.414875,-16.557926,-33.373623,42.45795,-6.426793,-15.000033,42.769917,-7.8555307,-55.18098,17.02206,-19.007854,9.291299,30.630596,-1.1015445,5.3144383,21.483978,23.968754,-39.93842,59.108494,-4.030145,-4.025836,-0.44932765,-106.184235,-14.123493,50.407173,78.78805,27.335203,4.670607,2.457637
207,1.4394826889038086,1.6048160791397095,78.92692565917969,3.7948580695923533,-4.7891441134558,116.40042746540068,-23.58444,-16.433573,-33.132046,42.545444,-6.394837,-15.000033,42.64536,-8.015987,-55.154842,17.160503,-19.126877,9.3423815,30.671993,-1.1047004,5.297271,21.587313,23.89278,-39.697464,58.6437,-4.165757,-4.272894,-0.4419484,-106.16876,-14.192775,50.047,78.17723,27.380842,4.6072397,2.212266
208,1.4337490797042847,1.5803565979003906,78.89722442626953,3.3948136237807183,-4.950423099567344,116.32045486062894,-23.882692,-16.176594,-32.996025,43.591385,-6.492212,-15.000033,42.57503,-7.94499,-54.94695,17.80047,-19.329765,9.292877,30.657747,-0.8664987,5.294598,21.991879,23.840626,-38.816868,57.64314,-3.766485,-4.7413025,0.0792492,-106.26666,-14.2751,49.710663,78.19195,27.729612,4.1527977,1.9571917
209,1.4445430040359497,1.5885916948318481,78.92262268066406,3.970669819879595,-4.848518869599892,116.39827782465251,-23.58938,-16.481752,-32.83244,42.45215,-6.297999,-15.000033,42.76645,-8.2043705,-55.407223,17.137684,-19.341623,9.625409,30.738989,-1.1408271,5.4592237,21.57838,23.774141,-39.058826,58.020603,-4.4712095,-4.6029754,-0.26041865,-106.1913,-14.29627,49.77997,77.6484,27.716286,4.537076,1.6337355
210,1.4445877075195312,1.5988271236419678,78.88424682617188,3.9802490377881945,-4.7650285533847905,116.38434214783311,-23.668766,-16.490278,-32.851738,42.452187,-6.322672,-15.000033,42.681976,-8.192587,-55.295662,17.10682,-19.409935,9.693808,30.762886,-1.1174734,5.4647255,21.42673,23.675467,-39.01093,57.965816,-4.531734,-4.5177608,-0.010501879,-106.31434,-14.325059,49.80561,77.277306,27.215132,4.579706,1.643661
211,1.4408899545669556,1.6178247928619385,78.79495239257812,4.054870107392628,-4.638738005460759,116.6436380883139,-23.835346,-16.856918,-33.18712,42.58851,-6.4981,-15.000033,42.666264,-8.124976,-55.51775,17.052626,-19.66887,9.812946,30.747297,-1.1418887,5.56607,21.103333,23.540575,-38.94291,58.038,-4.5463023,-4.3707085,0.41856205,-106.77117,-14.397505,49.66759,77.22018,27.319935,4.4169526,1.3757534
212,1.4289859533309937,1.638237714767456,78.75857543945312,4.090810477822245,-4.52366593734342,116.53761712480195,-24.019754,-16.805832,-32.98328,42.7061,-6.4476447,-15.000033,42.51927,-8.197311,-55.310604,17.060951,-19.785206,9.969285,30.823523,-1.1524107,5.5781317,21.163944,23.412647,-38.48443,57.69574,-4.6156507,-4.347024,0.6176875,-106.88686,-14.438727,49.507904,76.695366,27.258644,4.510955,1.261289
213,1.4093234539031982,1.6596847772598267,78.71797943115234,4.183676768648658,-4.483747684083887,116.59512006870885,-24.119013,-16.981865,-32.936848,42.83628,-6.470507,-15.000033,42.488678,-8.265631,-55.26281,17.091537,-19.925854,10.053127,30.894985,-1.130164,5.661697,21.271996,23.27971,-37.787487,57.018284,-4.690444,-4.2576766,0.78981954,-107.04847,-14.492592,49.29395,76.25796,27.325188,4.5286984,0.96540207
214,1.3860204219818115,1.6795274019241333,78.63904571533203,4.223348632633476,-4.465605785611029,116.81499655225117,-24.312449,-17.275011,-33.059013,43.223053,-6.8237734,-15.000033,42.49763,-8.203445,-55.24985,17.12478,-20.133747,10.144762,30.96127,-1.093976,5.7267356,21.355713,23.163898,-37.077263,56.13295,-4.830606,-4.1741834,1.180165,-107.30646,-14.589225,49.064842,76.029755,27.5722,4.385894,0.40218592
215,1.3556957244873047,1.7020947933197021,78.60460662841797,4.2307944478734285,-4.360323929665613,116.89048076573489,-24.530378,-17.277994,-32.862213,43.368095,-6.8438845,-15.000033,42.399357,-8.140794,-55.133785,17.0341,-20.195644,10.362999,30.992579,-1.0764246,5.724813,21.692095,23.030975,-36.141586,55.02065,-5.075537,-4.1545024,1.4267879,-107.40359,-14.68474,48.768864,75.29732,27.627363,4.426089,0.23421139
216,1.3275220394134521,1.729684829711914,78.53636169433594,4.323133462184792,-4.290992996407355,116.8722933615572,-24.84032,-17.209034,-32.310455,43.665543,-6.887275,-15.000033,42.380707,-8.185819,-55.006958,16.924896,-20.275675,10.51949,31.040726,-1.0992326,5.7331767,22.039656,22.882275,-35.35291,53.814297,-5.1179132,-4.040358,1.715537,-107.42955,-14.745562,48.407066,74.460625,28.075592,4.4037423,-0.05797567
217,1.3035482168197632,1.7623404264450073,78.49624633789062,4.379011741848168,-4.271033090388924,116.81378758827316,-25.046892,-17.117502,-31.866308,43.938828,-6.989192,-15.000033,42.355366,-8.259991,-54.847023,16.93732,-20.37295,10.71294,31.054525,-1.1709174,5.678264,22.384993,22.689802,-34.520565,52.68553,-5.3614926,-3.9805481,1.9821445,-107.27785,-14.772226,48.13497,73.60836,28.509914,4.4149375,-0.31682587
218,1.288675308227539,1.7997214794158936,78.44868469238281,4.338416555658055,-4.289361991997874,116.89857600250109,-25.26444,-16.998901,-31.551268,44.303654,-7.3978586,-15.000033,42.504246,-8.051175,-54.86824,16.626818,-20.26835,10.825238,31.04745,-1.1497724,5.5874453,22.750118,22.481834,-33.561913,51.400513,-5.455269,-3.8913326,2.2478955,-107.13499,-14.814717,47.879044,72.79089,28.573582,4.2067485,-1.08906
219,1.2816200256347656,1.8426580429077148,78.36357116699219,4.420077727322131,-4.156534058382026,116.71631145785454,-25.601719,-16.702944,-30.826527,44.522793,-7.4037266,-15.000033,42.448956,-8.167071,-54.79327,16.536192,-20.341925,11.116527,31.106436,-1.2157596,5.5128427,23.15483,22.313662,-32.63373,49.943855,-5.446965,-3.9984984,2.63723,-107.04009,-14.79661,47.42526,71.625404,29.150324,4.2549095,-1.6631948
220,1.2869590520858765,1.884237289428711,78.23792266845703,4.582035486832506,-4.055009365727454,116.53054442252946,-26.001535,-16.528429,-30.04815,44.937096,-7.549289,-15.000033,42.382637,-8.427215,-54.675457,16.671028,-20.521154,11.287515,31.115557,-1.1938114,5.4940147,23.435959,22.240276,-31.700901,48.167107,-5.2273564,-3.9986227,2.9978259,-106.98479,-14.72064,46.838615,70.38359,29.888954,4.3330336,-2.2905898
221,1.3079367876052856,1.9126074314117432,78.12147521972656,4.6470320212297676,-4.175508499795041,116.27899930827094,-26.386646,-16.35008,-29.29226,45.86537,-8.014165,-15.000033,42.484333,-8.670493,-54.52291,16.93607,-20.933758,11.367006,30.996622,-1.1203398,5.5113997,23.748825,22.24401,-30.619148,46.309074,-5.384212,-3.964835,3.491219,-106.75579,-14.634482,46.379593,69.235504,30.43607,4.18623,-2.9307175
222,1.3453234434127808,1.9302630424499512,78.03557586669922,4.78203297314484,-4.190665907756402,116.13371271962352,-26.794136,-15.930227,-28.2107,46.298923,-8.295251,-14.97312,42.502335,-8.775621,-54.30806,16.860397,-21.091812,11.716003,30.777573,-1.0234177,5.5128593,24.090023,22.313437,-29.186302,44.18703,-5.152584,-3.534088,3.664918,-106.5231,-14.560707,46.020683,68.04305,31.29502,4.258984,-3.5198822
223,1.3987354040145874,1.9360190629959106,77.93111419677734,4.890861265769728,-4.245730970461774,116.06700586525605,-27.138916,-15.522043,-27.210394,46.69166,-8.473236,-14.824513,42.55673,-8.849551,-54.155365,16.875896,-21.25758,11.967784,30.276995,-0.88090163,5.430246,24.342066,22.387667,-28.081926,41.42857,-4.9276547,-2.8218834,4.200116,-106.14747,-14.527683,45.657513,66.82239,32.18066,4.459133,-4.4294634
224,1.4731388092041016,1.9361826181411743,77.81120300292969,5.035149970257653,-4.338952019431625,115.97456506557003,-27.478168,-15.140826,-26.200638,47.1505,-8.712538,-14.7716,42.62652,-8.907635,-53.873543,16.846363,-21.392527,12.235997,29.870615,-0.6152394,5.3107376,24.94249,22.441107,-26.617863,37.237022,-4.979854,-2.5136893,4.773159,-105.796745,-14.59899,45.198166,65.89619,33.492317,4.5169578,-5.508882
225,1.5665011405944824,1.9462813138961792,77.66963958740234,5.05415856798733,-4.129133014675885,115.62972445623272,-28.065807,-14.321215,-24.999083,47.519657,-8.928383,-14.652676,42.543568,-8.817515,-53.672585,16.38252,-21.321917,12.497822,29.297327,-0.30740994,5.2143245,25.397234,22.541586,-25.026443,31.710648,-4.579746,-2.575532,5.1738706,-105.943306,-14.798079,44.202415,64.6565,34.286423,4.3549604,-6.677149
226,1.6833540201187134,1.9682317972183228,77.84026336669922,5.0169047442759105,-4.7668337033039885,115.19292541774034,-27.319075,-13.664632,-24.433832,47.366806,-8.759632,-14.792246,42.78636,-9.22369,-53.33621,17.199741,-21.304754,12.343774,28.497238,0.1566893,5.1656303,25.587204,22.622269,-23.548555,24.71093,-4.1643915,-2.9877028,6.686382,-105.573494,-15.067307,42.93348,63.318726,34.184914,4.492625,-7.4732647
227,1.8172624111175537,2.0395283699035645,77.85466003417969,5.2657706621615565,-5.024394321997894,114.88311461372535,-27.036648,-13.107958,-23.487257,47.157486,-8.632023,-14.6271105,43.12113,-9.5905,-53.681255,17.324444,-21.00482,12.642874,27.879446,0.65478796,5.2000914,25.857628,22.49498,-21.160532,15.604802,-4.5712624,-3.5399175,7.748263,-106.27468,-15.577564,41.49386,62.360565,34.923977,4.1031294,-8.938353
228,1.9527230262756348,2.161942720413208,77.74866485595703,5.555459586287865,-4.9708972757550764,114.54710465581793,-27.38007,-12.303016,-21.93873,47.46022,-8.659348,-14.644975,43.295425,-9.667731,-53.60799,16.770144,-20.645803,12.831854,27.066746,1.1099528,5.3252873,25.853426,22.254482,-18.739672,3.744414,-3.704639,-4.775427,8.365089,-107.11353,-16.249575,39.984108,60.559437,37.544285,2.8855765,-10.146951
229,2.076178550720215,2.336273431777954,77.60038757324219,6.1047849556296825,-4.62357581477607,114.1662152614847,-27.913805,-11.785255,-20.407087,47.664146,-8.527307,-14.704705,43.25233,-9.958752,-53.521103,16.104464,-20.550282,13.048885,26.18629,1.2937269,5.5920024,24.546812,21.800148,-16.493761,-7.938819,-2.878429,-5.721439,9.155892,-107.70994,-17.05167,38.400063,58.125526,38.98345,1.7184393,-11.276211
230,2.1578550338745117,2.5371522903442383,77.64942169189453,6.17076193664832,-4.13660634506704,113.67027224872547,-28.049244,-11.079683,-19.825504,47.269024,-8.48504,-14.728391,43.037464,-10.035015,-53.84922,15.512962,-20.186872,13.362446,25.049551,1.5409793,6.1736403,21.489931,21.205338,-14.156427,-18.79571,-2.1547496,-6.8069277,9.525138,-108.737564,-17.975351,36.334595,55.292213,39.71572,0.76545966,-12.389934
231,2.1926612854003906,2.7481396198272705,77.63671875,6.433335977401426,-3.6263256279258815,112.97671121761442,-28.53444,-10.215042,-18.416008,47.44098,-8.194791,-14.586626,42.654713,-10.329374,-53.40274,14.91079,-19.82478,13.818213,23.810781,1.3835831,6.9037027,17.026978,20.165419,-11.026202,-29.26029,-2.4216022,-8.004243,10.065524,-109.141464,-18.949633,33.95272,51.1918,40.130737,-0.38925397,-12.777098
232,2.156697988510132,2.9484755992889404,77.7626724243164,6.525863657665852,-2.9494898805698164,112.23722578152645,-29.082783,-9.121987,-16.95175,47.464943,-7.641567,-14.1442375,41.83964,-10.804527,-52.878216,14.902703,-19.38306,14.081668,22.490467,1.3531414,7.6854234,10.064257,18.901884,-7.8454075,-36.82807,-2.6471028,-7.957413,9.944395,-109.27015,-19.917065,32.11693,46.4417,38.977573,-1.1385307,-12.857856
233,2.035822629928589,3.119481086730957,77.94752502441406,6.2130929455718285,-2.099328842758646,111.43662738966286,-29.701876,-8.1620455,-16.381857,47.549942,-7.1136155,-13.856544,40.974472,-11.012643,-52.841553,14.671179,-19.039629,14.421812,21.149288,1.5069082,8.447741,1.3060169,17.731512,-4.549576,-41.45473,-3.3950486,-8.114333,10.27806,-109.2771,-20.880241,30.043018,41.461216,36.96082,-1.9074972,-13.546384
234,1.8334647417068481,3.2569639682769775,78.06636810302734,5.829779459638042,-1.418884737408921,110.06770269934171,-30.275867,-7.0309258,-15.625571,48.22717,-7.0804305,-13.419557,40.01362,-11.684347,-52.191593,15.022759,-18.930254,14.557652,20.232027,1.7179742,9.037302,-10.144799,16.88122,-1.8958602,-43.152596,-4.1543994,-8.539098,10.515938,-109.02839,-21.693876,27.660078,36.500515,35.560276,-2.7232952,-13.536931
235,1.546796441078186,3.369962692260742,78.24703216552734,5.1872180679472075,-0.8087956703667383,108.95762594132074,-30.869215,-5.4702644,-14.506445,48.869896,-6.8939495,-13.060747,38.93878,-12.428402,-52.024494,16.183514,-19.10485,14.5421295,19.720573,1.8995996,9.341486,-23.139032,16.672184,0.049357913,-42.001637,-3.9634972,-8.066894,10.704791,-108.67156,-22.440176,25.874565,32.02594,34.720387,-3.4790542,-13.105457
236,1.1828221082687378,3.476999044418335,78.4991683959961,4.3263960204924885,-0.1709008041579968,108.44373017688324,-31.517923,-4.1077056,-13.827765,49.28803,-6.3222876,-12.877817,37.80763,-12.435178,-51.510128,16.836515,-19.175768,14.586116,19.502388,2.033433,9.679796,-37.258392,17.375278,0.688852,-38.054646,-2.7105727,-6.346671,10.091271,-108.28833,-23.317415,23.74044,28.180508,33.890877,-4.337602,-13.4105425
237,0.7595580816268921,3.6123547554016113,78.78666687011719,3.5946243751868057,0.915314504647837,107.5864116025047,-32.406147,-2.6149838,-12.806644,49.38831,-5.833748,-12.287242,36.404785,-12.616019,-51.15151,16.964277,-18.942225,14.764988,19.575287,1.9184455,10.250483,-50.096043,18.982016,1.0015545,-33.83753,-1.5775341,-6.0211596,9.226481,-108.14129,-24.40838,21.82389,24.389746,32.442684,-5.1947584,-13.741503
238,0.2889825999736786,3.77419114112854,79.04293823242188,2.857528036640311,1.6574455688789822,106.96616542014742,-32.846523,-1.5803037,-12.311999,49.37787,-5.687099,-12.130234,35.151028,-12.81353,-50.404606,17.646585,-18.710983,14.561957,19.74429,1.5124067,11.043149,-63.238213,21.460781,-0.037111107,-28.412823,-1.1477319,-4.9281673,8.93889,-107.80706,-25.59628,19.664284,20.429003,31.392982,-5.945373,-14.622973
239,-0.21629014611244202,3.967952251434326,79.31732177734375,2.1860070285882602,2.3583522906688983,106.61688779869414,-33.08226,-0.92710733,-12.140197,48.996124,-5.500741,-12.21631,34.15994,-12.932528,-50.205605,18.109043,-18.685575,14.4334955,19.937147,0.8354787,12.199016,-76.772644,24.62392,-2.6108904,-21.183678,-1.5825793,-4.274539,9.916926,-107.68748,-26.98338,16.991121,16.591475,31.187233,-7.29712,-15.706079
240,-0.7470924258232117,4.189241409301758,79.62263488769531,1.6075164489318343,3.7073640139122626,106.27575042390467,-33.799206,-0.3260274,-11.878291,48.18613,-4.970449,-12.391736,32.6877,-12.92604,-50.06764,17.97302,-18.17237,14.237734,19.88579,-0.118111655,13.657694,-90.19077,28.287497,-6.2518873,-13.014237,-1.6488858,-3.3293152,11.196105,-107.89011,-28.432337,14.237736,13.341875,31.762785,-8.350883,-16.927198
241,-1.2942293882369995,4.38252592086792,79.85549926757812,0.986680141986657,4.774329064876866,105.82245859493291,-34.298637,-0.37549248,-12.585998,47.691597,-4.4854627,-12.811873,31.66357,-12.720141,-49.82913,17.309381,-17.449629,14.327212,19.540865,-1.2866133,15.408428,-103.31866,32.165146,-11.3010435,-3.5517294,-4.1431437,-3.0020428,11.999438,-108.4977,-29.850523,12.279817,11.844399,32.37228,-8.5468235,-17.62537
242,-1.8546605110168457,4.515724182128906,80.05258178710938,0.28282196062014914,6.479624050399126,105.38124240584244,-35.32593,-0.18014072,-13.139699,46.702496,-4.133936,-13.002595,30.194847,-12.240847,-49.879696,16.035599,-16.68077,14.4737835,18.664219,-2.3527458,17.309277,-116.111244,35.59943,-17.33366,6.165256,-6.964384,-2.2605774,13.729078,-110.1837,-30.929174,11.079041,11.737261,33.29319,-8.764802,-19.017006
243,-2.4163248538970947,4.5248870849609375,80.18756866455078,-0.3274462141446045,7.495254370744324,104.6581172320586,-35.69075,-0.13893473,-13.7216625,45.835907,-4.1830006,-13.609263,29.099985,-12.073038,-49.22423,15.2145405,-15.43316,14.4276705,17.922842,-3.1254985,19.089182,-127.10709,38.477104,-23.748798,16.002218,-11.56006,-1.8858951,14.111104,-112.69401,-31.508856,11.097048,14.17386,34.713814,-8.170259,-19.57283
244,-2.979022741317749,4.378744602203369,80.21818542480469,-1.1655144828109494,8.22565911243203,104.00882679275914,-36.47005,0.34014586,-13.863209,45.989647,-4.377366,-13.384234,28.225122,-11.992213,-49.22865,14.991848,-15.250495,14.482162,17.315178,-3.2364273,20.523817,-134.42706,40.32776,-30.241549,25.568514,-16.482275,-2.0371144,14.583426,-116.12312,-31.523958,13.427056,19.310791,35.463913,-7.726053,-21.238077
245,-3.537616491317749,4.077922344207764,80.21419525146484,-2.0455156927888223,8.282455530700402,103.15492897197626,-36.872227,-0.03261607,-15.249522,46.882355,-4.7270374,-13.811617,27.522457,-12.317755,-48.794857,15.80252,-15.248274,14.426986,17.405565,-3.2750823,21.718157,-140.11067,41.52017,-38.062145,36.711323,-24.976204,-2.1295598,13.096477,-119.33927,-30.99135,18.011707,26.21831,36.200027,-6.285996,-21.202988
246,-4.088331699371338,3.6567325592041016,80.3077163696289,-3.2427592193255186,7.840583427968554,102.16429566378486,-36.684715,0.12728989,-16.529099,47.47503,-5.2705584,-14.523317,27.142145,-12.416617,-48.303215,16.692005,-14.807482,13.910071,17.630793,-2.8351684,22.310106,-143.35986,41.729187,-46.500866,50.259754,-31.7887,-0.057691805,12.551624,-122.87194,-29.75787,25.516579,36.282784,38.35252,-4.0795054,-20.869257
247,-4.615719795227051,3.1753640174865723,80.39926147460938,-4.42690152220644,7.533123222783617,100.85244342537064,-36.806473,0.5499085,-17.475113,48.295517,-5.9098682,-14.607856,26.38839,-12.361677,-46.94315,17.13349,-13.703284,13.611277,17.933882,-2.7739334,22.93156,-144.24158,41.035892,-55.19917,63.75919,-40.234344,1.1851437,9.893431,-125.31263,-27.562384,34.015057,47.929066,41.392475,-2.121079,-17.872967
248,-5.116062641143799,2.686401605606079,80.42929077148438,-5.801154244548445,7.328502903879985,100.2274444935214,-37.05834,1.4009626,-18.070883,48.65379,-6.5035977,-15.000033,26.279976,-11.221416,-46.270744,16.004826,-12.310007,13.577542,17.887993,-3.1810768,23.156273,-144.17426,39.811573,-63.12007,73.19856,-45.717243,3.9367108,5.783685,-126.106606,-24.684643,40.9254,58.554504,43.649197,1.5643425,-13.423158
249,-5.5547261238098145,2.247525453567505,80.58023834228516,-6.67611693357778,7.240635184747836,99.17737554116572,-36.976456,2.5603766,-17.68632,48.057114,-6.7574253,-15.000033,25.78184,-10.845159,-45.43891,15.181173,-10.98466,14.242969,17.284908,-4.086882,23.427223,-144.22478,38.61677,-68.923805,78.79671,-48.67729,4.3674154,3.9202995,-126.64072,-21.923107,44.97695,64.86993,42.671783,2.8638854,-12.067111
250,-5.935391426086426,1.895377278327942,80.84605407714844,-7.583980415687077,7.572324146804548,98.53034658010172,-37.00457,3.6675901,-17.661718,46.744762,-6.9821897,-14.830804,24.763994,-10.462796,-44.997707,15.105148,-9.566571,14.449944,16.9285,-4.7266383,23.916466,-144.50789,37.596672,-70.533936,81.30099,-49.158295,4.030923,4.460271,-127.54458,-19.4779,46.160046,68.85528,43.45986,2.8018498,-11.623
251,-6.256313800811768,1.6275882720947266,80.91795349121094,-8.15412733587112,7.686138978395515,97.93359428613894,-37.39068,4.0717754,-17.777338,46.951138,-6.9658623,-14.545996,24.367645,-10.791739,-46.07091,15.478705,-9.163227,14.520047,16.868479,-5.229651,24.214828,-144.63445,36.802483,-70.46129,82.24912,-50.13752,3.1707418,5.358282,-128.12943,-17.36237,46.133224,71.19785,44.520313,2.4075909,-11.684995
252,-6.51331901550293,1.4450119733810425,80.93974304199219,-8.107389933675794,7.970633603364986,97.6200170396442,-37.514988,3.798529,-17.824125,46.466427,-7.1944957,-14.543323,24.095053,-11.194379,-46.712254,15.111837,-8.617679,14.656171,16.576958,-5.575714,24.49508,-145.15799,36.272907,-70.82275,83.49967,-50.87035,2.9003751,6.0427055,-129.43373,-15.711087,46.22137,72.73316,44.603565,2.31679,-11.653744
253,-6.732100963592529,1.3149269819259644,81.02548217773438,-8.432151165532042,8.457767276256906,97.0885943624593,-37.882965,4.2601743,-17.631235,45.941128,-7.1993246,-14.298636,23.626764,-11.233936,-47.592587,14.594872,-8.593118,15.000033,16.472235,-5.938751,24.762497,-145.66089,35.986122,-71.1019,84.07952,-51.359406,2.3614547,6.1533422,-130.5865,-14.420937,45.57999,73.42908,44.592773,2.1144397,-12.429218
254,-6.9152445793151855,1.2105408906936646,81.03511810302734,-8.57816184999523,8.595352795736492,96.60187368941853,-38.190678,4.4022675,-17.496502,46.175686,-7.0881667,-14.168923,23.241297,-11.699551,-48.141903,14.958077,-8.510366,15.000033,16.366728,-6.152,25.052244,-145.88867,35.8831,-71.588974,84.66986,-51.06868,2.2281892,6.145094,-131.33566,-13.428473,45.672863,73.7027,44.170826,1.4517868,-12.263095
255,-7.082065105438232,1.116718053817749,81.08345031738281,-9.019411126786366,8.64863268592254,96.04516818933054,-38.351196,4.9730077,-17.393719,46.255623,-7.1108594,-14.130977,23.016113,-11.886096,-48.99063,15.223468,-8.513664,15.000033,16.412868,-6.206497,25.317205,-146.09027,35.888374,-71.69473,84.76114,-51.369335,2.224753,6.1620426,-132.20944,-12.629366,45.310776,74.40601,43.948544,1.2206682,-12.006732
256,-7.2307915687561035,1.0389766693115234,81.0739517211914,-9.16314983441824,9.214239310662197,95.48565421153333,-39.059605,4.965845,-17.517542,46.415356,-6.7548137,-14.131299,22.377592,-12.192975,-49.70996,15.181858,-8.747952,15.000033,16.55796,-6.2184267,25.515257,-146.33717,36.02007,-72.17994,85.39422,-52.481552,1.6736721,6.9397893,-133.2134,-12.075932,45.11093,74.202255,43.972424,0.64987195,-12.333099
257,-7.37169075012207,0.9545278549194336,81.15678405761719,-9.686588849922627,9.424528296971141,94.84474769217945,-39.2557,5.4091234,-17.831667,46.281395,-6.607646,-14.254891,21.94151,-12.382322,-50.624653,15.681075,-8.976178,15.000033,16.601345,-6.2152486,25.742182,-146.47371,36.178543,-72.2712,85.740105,-52.57774,1.5420752,7.377236,-133.95683,-11.667218,44.86558,74.34375,43.087505,0.47591826,-12.224087
258,-7.4863433837890625,0.8659154176712036,81.1151351928711,-9.896557600136758,9.602959061758632,94.29720244495672,-39.670643,5.731296,-17.6353,46.607525,-6.56769,-14.38779,21.488167,-12.609449,-50.74641,15.880223,-9.152008,15.000033,16.673983,-6.3217306,26.001688,-146.68456,36.392906,-72.47014,85.99068,-52.537434,1.3787655,7.0314937,-134.65723,-11.34237,44.416683,74.51047,43.10995,0.3363709,-12.336082
259,-7.57576847076416,0.7695686221122742,80.8971176147461,-9.988036515112334,9.566727427393282,93.45967567176434,-40.28007,6.0556602,-17.203571,47.894524,-7.11829,-14.445163,21.25119,-13.185849,-51.077003,16.195717,-9.770569,15.000033,16.893423,-6.4247036,26.160666,-146.86452,36.677223,-73.07684,86.4538,-53.350174,1.3198696,6.496484,-135.01025,-11.040029,44.220356,74.15712,43.52751,0.093506515,-12.09968
260,-7.645754337310791,0.6700511574745178,80.843017578125,-10.226727159756274,9.946715104049892,92.5125296517556,-40.936268,6.5213265,-17.018847,48.28743,-6.9880333,-14.4084,20.602243,-13.505261,-51.595894,16.219341,-10.166213,15.000033,17.09712,-6.552357,26.277039,-147.59898,37.05711,-73.66972,86.883064,-53.461353,1.1265687,6.7211175,-135.66158,-10.813123,43.85939,73.307816,43.08608,-0.31609482,-12.563948
261,-7.698861598968506,0.5491886138916016,80.72965240478516,-10.443127770416993,10.391794775366392,91.89721090821911,-41.731503,6.7717423,-17.039871,48.749996,-7.3327746,-14.49661,20.018356,-13.510452,-51.86372,15.935037,-10.240736,15.000033,17.28493,-6.555918,26.391668,-148.10597,37.504402,-74.240906,86.661644,-54.83358,0.6909711,6.34568,-136.53152,-10.69216,43.21711,73.109314,43.22732,-0.63032657,-13.1566305
262,-7.7305121421813965,0.3721677362918854,80.6553955078125,-10.654241607119246,10.453542635100586,91.29088520869645,-42.06073,7.1609383,-16.951643,49.007072,-7.590732,-14.451008,19.63509,-13.590992,-51.888435,15.939652,-10.682552,15.000033,17.445778,-6.5766373,26.461784,-147.98871,37.960506,-74.4277,86.23665,-53.628872,0.9089768,6.552572,-136.65411,-10.600753,42.613426,72.913315,43.831474,-0.840948,-13.678352
263,-7.742336273193359,0.12143673002719879,80.55432891845703,-10.796602719159674,10.434796867308707,90.67693212751414,-42.491665,7.600229,-16.661879,49.480133,-7.77782,-14.465397,19.169939,-14.086603,-52.269657,16.675552,-11.261627,15.000033,17.568947,-6.6301546,26.62487,-147.97998,38.415264,-74.66501,86.08122,-53.08967,1.0113821,5.902564,-136.73871,-10.51981,42.100803,72.605675,43.54801,-0.914842,-13.716364
264,-7.738165378570557,-0.22486811876296997,80.41017150878906,-11.102073990300438,10.504211699217676,90.12759794407563,-43.345043,8.178228,-16.456465,50.276585,-7.7081814,-14.503891,18.66989,-14.365366,-52.94337,17.335915,-11.990669,15.000033,17.545502,-6.6456842,26.72003,-148.08861,38.86273,-75.074455,85.892456,-53.30113,0.81695265,5.8337975,-136.94955,-10.476555,41.845688,72.483574,42.785892,-1.1533738,-14.184119
265,-7.702850341796875,-0.6882971525192261,80.2568588256836,-11.107712818088944,10.499226310147657,89.30962441700515,-43.823753,8.711965,-15.974104,50.47413,-8.431899,-14.155881,17.74012,-14.871584,-52.350815,17.9853,-12.984044,15.000033,17.688745,-6.813934,26.814144,-147.89062,39.3339,-75.269554,86.063034,-52.84983,0.95051694,5.699289,-136.71329,-10.403209,41.407944,71.81728,42.2877,-0.87594485,-14.965789
266,-7.655594348907471,-1.2856158018112183,80.07301330566406,-11.459920403264642,9.880803009244909,88.3918131388428,-44.34397,10.06074,-15.09133,51.575268,-9.014684,-13.811785,17.29894,-15.71056,-52.78957,19.844748,-13.544143,15.000033,17.693855,-6.9122696,26.960854,-147.31775,39.808052,-75.68258,85.859955,-52.178143,0.9950408,5.332532,-136.03296,-10.257491,40.91756,71.708954,40.783524,-0.8855695,-15.566302
267,-7.568810939788818,-2.011432409286499,79.79963684082031,-11.345717931503119,9.48112465723164,87.43692731660862,-44.944572,10.796942,-14.275761,52.393803,-9.378523,-13.875129,16.549269,-16.259468,-52.07055,20.36291,-14.547291,15.000033,17.85826,-7.0906105,27.106607,-146.44188,40.306858,-76.11653,85.9144,-50.458324,1.3557683,5.3766413,-135.38991,-10.05476,40.34349,71.373085,40.49979,-0.8398224,-16.910252
268,-7.4672064781188965,-2.8492727279663086,79.43984985351562,-11.414212459374081,8.8095826291457,86.56213834753453,-45.530197,11.767535,-13.610399,53.486904,-10.442223,-13.674566,15.90278,-16.849215,-51.405052,21.572716,-15.518404,15.000033,17.853283,-7.08273,27.202072,-145.30614,40.79113,-75.745865,85.83716,-49.327995,1.7217839,4.937488,-134.50916,-9.803136,39.90428,71.09149,39.601162,-0.60066146,-16.79361
269,-7.339783191680908,-3.7811405658721924,78.90493774414062,-10.960665458806217,7.777669840625786,85.94350380309889,-45.947906,12.122256,-12.824993,55.06437,-11.385172,-13.823187,15.453877,-18.653635,-51.20661,24.392471,-17.493538,15.000033,17.780096,-7.1143723,27.307632,-143.58038,41.276207,-74.67586,85.58751,-48.862236,1.9213018,4.2376633,-132.9691,-9.508991,39.31049,70.291,38.111374,-0.2336475,-16.951075
270,-7.200310230255127,-4.773599147796631,78.4531021118164,-10.992730287260686,6.482366560808781,85.2299727490056,-46.328213,13.372133,-11.98988,56.7166,-12.024363,-13.263808,14.650735,-20.24032,-50.441986,28.315498,-19.293198,15.000033,17.551388,-7.0201893,27.307005,-141.71794,41.829964,-73.92997,84.85063,-48.18976,2.0988307,3.6589134,-131.1067,-9.280305,38.882618,68.68405,35.975697,-0.06615537,-16.920742
271,-7.028509616851807,-5.780686378479004,77.99125671386719,-10.671432595013805,5.633148602526999,84.5911220205925,-46.84269,13.841808,-11.514222,57.846664,-12.394094,-13.125309,13.644868,-21.879711,-49.906044,31.580444,-21.173704,15.000033,17.364727,-6.9935856,27.231052,-139.9941,42.44675,-72.74883,83.83107,-47.97857,1.8663318,3.837615,-129.30836,-9.104053,38.698673,66.13435,35.274498,-0.24352704,-17.341553
272,-6.830874919891357,-6.772820472717285,77.51263427734375,-10.521895987667321,4.665052640648524,83.52751867768333,-47.244038,15.11092,-10.69435,59.017654,-13.107177,-12.772117,12.308466,-23.185602,-48.53183,34.777508,-22.694199,15.000033,17.267038,-6.9469852,27.104544,-138.31073,43.165916,-71.69469,82.51123,-46.620316,1.6306089,3.8257058,-127.13075,-8.914526,38.634415,62.55908,33.60427,-0.12646733,-17.535732
273,-6.601322650909424,-7.717482089996338,76.9702377319336,-9.889627098106851,3.5971397005250973,82.72483587504708,-47.438866,15.877942,-9.651975,60.29826,-13.259456,-12.7198305,11.407779,-25.319237,-47.970947,38.500946,-24.20141,15.000033,16.955103,-6.9120684,26.91331,-136.31606,43.93942,-70.69006,81.17915,-45.584908,1.827109,3.4032063,-124.61895,-8.722449,38.375042,58.514153,32.09152,-0.09990732,-18.153402
274,-6.34462833404541,-8.57596206665039,76.4317398071289,-9.226574271705005,2.85038387957535,82.21181822430147,-47.728107,16.332146,-8.841735,61.195274,-14.096864,-12.719841,10.656732,-27.05135,-47.584072,41.41788,-25.528898,15.000033,16.600288,-6.786946,26.617054,-134.29008,44.71715,-69.24678,78.86958,-44.31353,1.8743464,3.4516358,-122.28494,-8.548447,38.253048,55.05312,30.06734,0.41664428,-19.104465
275,-6.070829391479492,-9.342486381530762,75.99897766113281,-8.99321022014027,1.921310257983209,81.22267260817213,-47.764503,17.683084,-8.04426,62.086628,-14.333614,-12.857761,9.751928,-28.029385,-46.653015,43.893894,-26.570591,15.000033,16.157347,-6.573537,26.260231,-131.80673,45.543324,-67.274536,76.71298,-43.480167,1.6561449,4.061245,-119.31818,-8.412088,37.85749,51.337757,28.324364,0.5699817,-19.880463
276,-5.784549236297607,-9.997794151306152,75.59185028076172,-8.579031653338262,0.8712937117642156,80.7217087349194,-47.43467,18.608507,-7.279162,62.79429,-14.979168,-12.743619,9.2876,-28.96195,-45.671753,46.208874,-27.73467,15.000033,15.724432,-6.3344913,25.49046,-128.3745,46.425636,-65.252785,73.28086,-41.070076,1.5605478,4.2709384,-115.03061,-8.304203,38.04655,46.410355,26.039015,0.94396466,-20.106121
277,-5.503787040710449,-10.52283763885498,75.31729125976562,-8.200983558901749,0.19050531008620702,80.05022038934487,-47.153145,19.597609,-6.4687886,63.116375,-15.306281,-12.893595,8.731335,-29.696808,-44.999405,47.838776,-28.425856,15.000033,15.194287,-6.184744,24.854675,-125.13473,47.326435,-62.68635,70.163155,-39.58798,1.5504043,4.6854815,-110.680435,-8.2093,38.119747,42.00871,23.901575,1.4217954,-20.440664
278,-5.236955642700195,-10.921015739440918,75.15929412841797,-7.857602743267402,0.21195164173314346,79.83713281001825,-47.464436,20.59342,-5.3757577,63.12963,-15.339148,-12.475296,7.6158814,-30.550482,-44.64748,49.97065,-28.998192,15.000033,14.586734,-5.9397,24.002567,-120.67123,48.326603,-59.857998,66.33424,-38.15053,1.8758435,4.967321,-104.818115,-8.273712,38.43707,35.673798,21.091106,2.235007,-21.386778
279,-4.9972968101501465,-11.213690757751465,74.78247833251953,-7.134837065675527,-0.396106057932796,79.0015465871609,-47.154736,21.983126,-3.6334026,64.09167,-15.676149,-12.36344,6.6234965,-31.874668,-43.21528,52.293552,-29.424475,15.000033,14.114138,-5.774116,23.158722,-115.89954,49.385174,-56.82188,61.075672,-34.005676,2.124097,5.2832556,-98.016304,-8.312823,39.070362,29.180786,18.500399,2.1980743,-22.173267
280,-4.802723407745361,-11.385839462280273,74.6881332397461,-6.852434142000354,-0.7536049570203981,78.36071609214065,-46.62794,23.45424,-2.1603372,64.170586,-15.906977,-12.31936,5.5986977,-32.44106,-41.962204,53.999527,-29.628143,15.000033,13.559814,-5.5818863,22.21847,-110.563866,50.46902,-53.629333,55.895824,-28.89624,2.3648047,6.1567864,-91.30684,-8.400543,39.8798,23.14517,16.115452,2.1781876,-22.474117
281,-4.642719268798828,-11.46383285522461,74.49504089355469,-6.694368256971456,-1.634297007257307,77.30909484398438,-45.597336,25.248703,-0.83917326,64.7969,-16.101719,-12.477156,4.881008,-33.392048,-40.910362,56.35496,-30.00223,15.000033,12.806692,-5.1135535,21.08677,-104.13812,51.5357,-49.72167,49.97752,-26.76026,2.6488051,7.4415746,-83.81491,-8.635672,41.40245,17.091085,13.671275,2.1490932,-21.687286
282,-4.498863220214844,-11.420320510864258,74.5169677734375,-6.45299520743917,-1.9689566331568105,76.28684145780906,-44.567066,27.122831,1.0390054,64.79213,-16.062511,-12.267367,3.9557383,-34.213993,-40.135445,57.935123,-30.237228,15.000033,11.936069,-4.5387783,19.822218,-96.48622,52.607803,-45.28878,43.02061,-22.87516,2.6255834,7.93967,-75.78865,-9.134442,43.324276,10.381263,10.624706,1.4953128,-19.32401
283,-4.3581953048706055,-11.266424179077148,74.50440216064453,-6.055651440196404,-2.4524712775748823,75.60106982508418,-43.252197,28.073471,2.4196339,64.76324,-16.137007,-12.602548,3.5319762,-35.539272,-39.757385,59.848335,-30.580507,15.000033,10.943611,-3.8261752,18.582668,-87.32805,53.539257,-39.75969,34.998398,-21.11662,3.0456586,9.149691,-67.792404,-9.989935,45.52645,4.1317325,8.197236,0.87625515,-17.63818
284,-4.189643859863281,-11.006366729736328,74.61339569091797,-5.859354111607427,-2.364549869919112,74.4249818499315,-42.374393,29.743816,4.087553,64.79123,-15.892765,-12.325241,2.2729313,-36.465393,-39.085857,61.42179,-30.579899,15.000033,9.864679,-3.0587611,17.4832,-77.144104,54.328682,-33.324158,26.31336,-19.12688,2.9320686,10.6825905,-60.111748,-11.265329,47.92924,-1.6300281,5.7232566,-0.7730562,-15.307478
285,-3.9679601192474365,-10.670955657958984,74.77826690673828,-5.585894788501267,-2.1346722994521063,73.41941012608714,-41.35778,31.325186,6.065131,64.58136,-15.489982,-12.491177,1.5602572,-37.69465,-39.359093,62.701305,-30.685026,15.000033,8.169725,-2.3676858,16.570091,-65.410866,54.73526,-26.26089,16.493568,-18.175774,2.6486917,12.456579,-52.63233,-13.060284,50.1887,-7.077198,2.7922325,-2.14948,-12.652334
286,-3.668555736541748,-10.287310600280762,74.94377136230469,-4.9617795003236,-1.8718163825194627,72.18794086342092,-39.96412,32.17694,7.8497815,64.12703,-15.02153,-12.741366,0.88570696,-39.32759,-39.57235,63.855263,-31.005163,15.000033,6.1175766,-1.9534675,15.865963,-53.147873,54.580086,-19.897007,5.8664603,-17.23231,1.8483231,14.841201,-46.799,-15.407541,51.980392,-10.671522,1.6758842,-3.364788,-10.652298
287,-3.2730507850646973,-9.895769119262695,74.89741516113281,-3.8675031831914004,-1.668612638616354,70.95874146950875,-38.601757,32.763813,9.876092,64.33096,-14.561538,-13.137531,0.41488665,-41.393124,-39.595093,64.98306,-31.428974,15.000033,3.9067383,-1.8132554,15.293182,-41.332794,53.6147,-14.453872,-3.96369,-15.749705,1.275384,16.987682,-41.68085,-18.307693,53.133984,-13.22277,0.94643664,-5.250047,-9.817451
288,-2.792158603668213,-9.524361610412598,74.85015106201172,-2.9990220119525612,-1.4849211287106638,69.65308325958038,-37.24294,33.43737,11.524357,64.44364,-14.066951,-13.44575,0.3174875,-43.271095,-40.197544,65.928696,-32.069046,15.000033,1.6413457,-1.699105,14.737775,-31.091398,51.736942,-9.684716,-13.005589,-13.535954,0.86830354,17.312159,-37.807606,-21.974976,53.79803,-14.722233,0.5530204,-8.535011,-7.666338
289,-2.2274553775787354,-9.19082260131836,74.75634002685547,-1.582712066585156,-1.302214476397802,68.40138849663498,-35.886696,33.746815,13.483012,64.98027,-14.275063,-13.303526,0.07715902,-45.324886,-40.145542,66.55262,-32.846893,15.000033,0.06461436,-1.5337054,14.126189,-23.297234,49.354473,-7.269171,-20.507492,-13.831038,-0.1826987,17.762949,-34.767803,-26.224913,54.32949,-16.425316,0.5162551,-10.417817,-6.7774796
290,-1.6168938875198364,-8.905133247375488,74.79147338867188,-0.25051559998994083,-1.2363380787009912,67.01848942158723,-34.35952,34.158558,15.374533,65.40608,-14.629515,-13.209161,-0.38973495,-46.89605,-39.634407,66.886024,-33.088886,15.000033,-0.86120194,-1.1049043,13.702989,-18.80352,46.796158,-6.3873014,-25.44199,-12.982912,-1.0113251,17.47186,-32.380985,-30.819834,54.05339,-18.408852,0.9668066,-11.737385,-5.1366787
291,-0.9961714148521423,-8.638993263244629,74.93775939941406,1.2039432646341224,-1.2334530363332847,65.60973714848421,-33.10529,33.740765,16.35733,65.92201,-14.912281,-13.393804,-1.0298545,-48.591686,-38.78988,67.268394,-33.37049,15.000033,-1.5358465,-0.6343392,13.37729,-16.006926,44.432854,-6.806712,-28.740915,-12.039515,-2.1291983,16.991322,-29.705933,-35.6578,53.966335,-20.192863,1.0181985,-13.791602,-4.9070983
292,-0.3867776393890381,-8.392403602600098,75.06605529785156,2.420827828384547,-1.0806693589277032,64.6750589830173,-31.819244,33.534233,17.645582,65.842674,-14.993909,-13.152731,-1.8570344,-49.82809,-37.745403,67.7504,-33.340874,15.000033,-1.7223961,-0.09874553,13.342414,-14.554031,42.077938,-7.2061214,-31.176891,-11.004951,-2.4458017,15.226827,-25.986914,-40.490883,52.437183,-22.897467,0.9748372,-15.262122,-5.8188
293,0.1828705370426178,-8.147053718566895,75.24238586425781,3.3995455299762205,-0.7942042571303112,63.65221131190406,-30.546528,33.507614,18.98945,65.49969,-15.263662,-13.231994,-2.4759586,-50.68934,-37.13415,67.67524,-33.10592,15.000033,-1.6831012,0.73400134,13.426379,-13.718981,39.98602,-8.4179735,-32.67364,-10.13541,-2.9340901,14.044342,-21.919762,-45.18886,49.702187,-26.206705,1.0710391,-15.858985,-5.8873954
294,0.6964526176452637,-7.894468307495117,75.39147186279297,4.137692153431114,-0.6500270540483388,62.83448179084224,-29.35435,33.551975,20.06983,65.24104,-15.174381,-13.375308,-2.8626382,-51.32057,-36.546787,67.67937,-32.82407,15.000033,-1.509264,1.6065006,13.602712,-13.195297,38.095097,-9.428881,-33.598072,-10.019175,-3.5029879,13.586736,-16.801102,-49.645256,45.868176,-30.008394,1.8291278,-16.308435,-7.318071
295,1.1541528701782227,-7.632722854614258,75.42401885986328,4.667337502050025,-0.27397460107904476,61.65048472477848,-28.438597,33.69661,20.816957,65.10717,-15.356902,-13.513456,-3.6440659,-51.76321,-35.8928,67.585884,-32.45425,15.000033,-0.9742804,2.8473203,13.927613,-13.340454,36.61157,-10.837193,-33.546696,-10.1782875,-4.4891005,13.668388,-11.603933,-53.750122,41.809208,-34.4773,2.836868,-16.760466,-8.352428
296,1.5564346313476562,-7.365964412689209,75.5429916381836,5.163352027020985,-0.27467153437032776,60.908675592411775,-27.47611,33.566635,21.231945,64.979454,-15.561738,-13.583216,-3.821754,-51.964024,-35.1983,67.2983,-32.31558,15.000033,-0.19292869,4.078729,14.169446,-13.334517,35.347168,-11.920014,-33.734413,-10.358555,-4.577012,13.998031,-5.4727416,-57.40525,37.37853,-39.536026,2.9225647,-16.710007,-9.493224
297,1.9061989784240723,-7.0936360359191895,75.65491485595703,5.6578680312712955,-0.45369144018752045,60.41138693618723,-26.614862,33.42567,21.558075,65.103035,-15.624349,-13.929922,-3.6402383,-52.28446,-34.742657,67.086876,-32.506653,15.000033,0.45989615,5.386879,14.429318,-13.057647,34.308365,-12.401494,-34.210327,-11.380625,-5.068851,13.603327,-0.04101076,-60.56613,32.82484,-44.3819,4.062969,-16.343735,-9.385038
298,2.2017014026641846,-6.801474094390869,75.66317749023438,5.9069906853766865,-0.6309555165884486,60.16177296295103,-25.897291,33.231464,21.554657,65.00128,-15.496891,-14.341456,-2.9768353,-52.706455,-35.05117,67.132324,-32.63616,15.000033,0.9699421,6.569999,14.725771,-12.812544,33.432915,-13.005584,-34.850292,-11.094167,-5.0624585,13.658391,5.568478,-63.125275,28.368757,-48.764328,4.2155895,-16.00766,-10.426259
299,2.4487359523773193,-6.48739767074585,75.64851379394531,6.108962359481948,-0.5803688106537791,59.6679268317349,-25.270458,33.125275,21.676422,64.89289,-15.337683,-14.698629,-2.9873128,-52.817078,-34.644054,66.983475,-32.589516,15.000033,1.3220305,7.6479263,14.891321,-12.601381,32.779003,-13.186717,-35.385414,-11.300338,-4.9544444,14.046903,10.216197,-65.09236,24.530685,-52.63562,4.483784,-15.001183,-10.604343
300,2.6429598331451416,-6.159082412719727,75.61502838134766,6.143296768315823,-0.6463534583251858,59.326543983783445,-24.487207,32.9934,21.724762,64.46528,-15.210751,-14.987742,-2.38338,-52.966427,-34.99941,66.754845,-32.630623,15.000033,1.6590887,8.6563425,15.017401,-12.203653,32.197433,-13.28691,-35.786068,-11.133929,-5.066723,14.251451,13.9672575,-66.609146,21.412773,-55.49974,4.242558,-14.695218,-10.688388
301,2.7816410064697266,-5.815749168395996,75.62100982666016,6.260297788021724,-0.7075707411984387,59.215932134972746,-24.03831,32.44286,21.382244,64.17729,-14.862945,-15.000033,-1.8309625,-53.0305,-35.06779,66.3714,-32.626133,15.000033,1.767251,9.461922,14.983465,-11.755087,31.636488,-13.108291,-36.049545,-11.830829,-4.8529377,14.200689,16.406376,-67.78498,19.092508,-57.242924,4.5701017,-13.932845,-9.913274
302,2.870576858520508,-5.470608711242676,75.63318634033203,6.219672748524708,-0.8088531972822316,59.13965143285667,-23.659893,32.24032,21.13985,64.165726,-14.63029,-15.000033,-0.6996174,-52.940014,-35.85803,65.53444,-32.61681,15.000033,1.849921,10.310329,14.785427,-11.273295,31.208157,-13.203971,-36.27202,-11.969192,-4.887249,14.618093,18.435965,-68.59058,17.240408,-58.409843,4.975574,-13.415832,-10.570716
303,2.9212608337402344,-5.124399662017822,75.75395965576172,6.25583998699218,-0.8638295823621045,59.34247080024534,-23.324326,31.824896,20.93645,63.911106,-14.364659,-15.000033,0.21868156,-52.687134,-36.221153,64.58168,-32.53938,15.000033,1.936391,10.931156,14.625784,-10.939537,30.924957,-13.553391,-36.46768,-12.331563,-5.201282,14.949085,20.175465,-69.227936,16.061533,-59.172085,5.46869,-13.900066,-11.371964
304,2.9212863445281982,-4.788150310516357,75.68701934814453,6.055519189430691,-0.8550341010265204,59.69251750657134,-23.366743,31.346052,20.209404,63.698223,-14.395232,-15.000033,1.3077905,-52.440666,-36.975067,63.94716,-32.593845,15.000033,1.829319,11.494272,14.458864,-10.933409,30.762003,-13.739875,-36.60613,-12.480168,-5.5881653,15.080242,21.224573,-69.54216,14.844369,-59.77429,6.1940813,-13.805098,-11.031893
305,2.9020586013793945,-4.485337257385254,75.84221649169922,6.275186740614242,-1.087222696928743,59.95169848499388,-23.169413,30.756927,19.965137,63.843884,-14.374824,-15.000033,2.1660736,-52.543575,-37.18947,63.27433,-32.551197,15.000033,2.1586683,11.857569,14.352752,-11.029061,30.62519,-14.0260105,-36.199917,-12.851181,-5.6735516,15.384769,22.145664,-69.84042,14.374037,-60.000134,5.63282,-13.686264,-11.787998
306,2.8590385913848877,-4.209288120269775,75.80403137207031,6.113626733442634,-1.125564422715345,59.89090808825909,-23.096703,30.926474,19.863462,64.24118,-14.794083,-14.990576,2.6242158,-52.354244,-37.34568,62.82261,-32.42097,15.000033,2.178617,12.308045,14.14672,-10.928057,30.46438,-13.431498,-36.26308,-12.433838,-5.6294355,14.927294,21.766342,-69.775566,14.352445,-60.000134,5.2201695,-13.206125,-11.619932
307,2.7991738319396973,-3.9632246494293213,75.77782440185547,6.008082291437991,-1.161417173070414,60.17129907590068,-23.24128,30.76291,19.525677,64.4891,-14.65631,-14.926341,3.211575,-52.26017,-37.652718,62.515244,-32.41067,15.000033,2.0715616,12.589613,14.063679,-11.0055485,30.428022,-13.200271,-36.411606,-12.015253,-5.713908,14.671044,21.765985,-69.57978,14.100392,-60.000134,5.6699705,-13.474329,-12.178017
308,2.7353122234344482,-3.7497429847717285,75.85616302490234,6.049079397260585,-1.2618162821342993,60.335579462484446,-23.287992,30.51974,19.348845,64.791374,-14.664523,-14.686922,3.5468984,-52.099247,-37.440655,62.0164,-32.222946,15.000033,2.002661,12.711674,14.084089,-11.000443,30.442497,-12.952254,-36.48363,-11.807276,-5.939384,14.300012,21.862703,-69.25653,13.838005,-60.000134,5.74773,-13.558251,-11.777658
309,2.6686606407165527,-3.5667662620544434,75.8462142944336,5.91348808966362,-1.2131277588511233,60.27770273916839,-23.24859,30.446913,19.207361,64.782845,-14.512264,-14.50052,3.7600403,-51.901306,-37.496143,61.570858,-31.994534,15.000033,2.0510552,12.848052,14.107654,-11.212021,30.583082,-12.897132,-36.68067,-11.583976,-5.975704,14.144318,21.83774,-68.8588,13.638939,-60.000134,5.600175,-13.349342,-11.5171175
310,2.6075692176818848,-3.41717267036438,75.88150787353516,5.887497414226019,-1.2287006981668653,60.25468461856619,-23.048004,30.223347,19.176458,64.568954,-14.35371,-14.261369,3.8741753,-51.64446,-37.202255,61.03255,-31.83443,15.000033,2.1811564,12.856271,14.168844,-11.251362,30.644905,-12.773312,-36.773273,-11.598146,-6.072836,14.1162,21.764599,-68.490616,13.7992525,-60.000134,5.393262,-13.3763275,-11.693177
311,2.5492587089538574,-3.2978343963623047,75.92762756347656,5.9481089495298285,-1.207505456163163,60.28788706703179,-23.213158,29.66349,18.696787,64.54145,-14.029524,-14.543823,4.0075903,-51.80251,-37.326286,60.881775,-31.711266,15.000033,2.3463728,12.77293,14.163335,-11.675654,30.728704,-12.74034,-36.592144,-11.781309,-5.857318,14.291078,21.693317,-68.1558,14.079096,-60.000134,4.9988837,-12.56311,-12.036522
312,2.496140241622925,-3.202744483947754,75.90486145019531,5.987166964671496,-1.1265707935557394,60.35090203524706,-23.410887,29.273472,18.360361,64.5463,-14.090095,-14.592244,3.7305489,-51.887897,-36.913372,61.034,-31.61486,15.000033,2.4197445,12.566376,14.270713,-12.012056,30.75005,-12.47617,-36.753525,-11.826522,-5.680789,14.081147,21.664982,-67.86707,14.358462,-60.000134,4.5573177,-12.465465,-12.162559
313,2.4471287727355957,-3.138345956802368,75.8804931640625,5.94175233174315,-1.1127819942162402,60.56625747585348,-23.576544,28.999964,18.039263,64.4778,-14.116773,-14.701764,4.061072,-51.998108,-37.345493,61.043194,-31.54354,15.000033,2.5246837,12.5029125,14.303212,-12.494314,30.74468,-12.486293,-36.66697,-11.842647,-5.460636,13.825671,21.671732,-67.63389,14.519963,-59.947044,4.0743985,-12.068232,-12.254501
314,2.400683641433716,-3.095715045928955,75.87340545654297,5.83359009898881,-1.1891683991710194,60.528446121847665,-23.475626,28.877178,17.83566,64.319046,-14.1441,-14.787702,4.2810473,-52.05972,-37.61902,61.066387,-31.521536,15.000033,2.5640113,12.432054,14.465425,-12.674794,30.640238,-12.135325,-36.822758,-11.201356,-4.920247,13.196347,21.445759,-67.363914,14.793482,-59.94053,3.0520973,-11.263752,-11.843762
315,2.3641209602355957,-3.0712311267852783,75.88909149169922,5.81023228907245,-1.1510047264387964,60.71120966084767,-23.408909,28.472128,17.609613,63.76375,-14.048159,-14.850493,4.3839145,-52.026196,-37.698734,61.01931,-31.45872,15.000033,2.615434,12.317073,14.502002,-13.246277,30.605745,-12.2428055,-36.675823,-11.18904,-4.6890063,12.875411,21.203335,-67.05616,15.099201,-59.85199,3.0782459,-10.944401,-10.935841
316,2.3386592864990234,-3.0670132637023926,75.93019104003906,5.741911682475572,-1.0203349073706467,60.958534992401475,-23.437414,28.29176,17.546879,63.223152,-13.932554,-14.642022,4.4131765,-51.776615,-37.734898,60.8051,-31.348532,15.000033,2.6703038,12.205734,14.560974,-13.653157,30.614214,-12.534507,-36.594944,-11.81019,-4.670003,12.843371,21.079817,-66.79732,15.286931,-59.833855,3.1143064,-10.833877,-10.772604
317,2.3241660594940186,-3.0821831226348877,75.97401428222656,5.763236415154639,-0.9059707959081998,61.143879830375305,-23.522322,28.006891,17.422148,62.814953,-13.965968,-14.700694,4.343075,-51.64783,-37.659256,60.666897,-31.30209,15.000033,2.700291,12.070112,14.681364,-13.806651,30.591982,-12.671234,-36.51886,-12.0413475,-4.700262,12.932092,20.92956,-66.53246,15.436052,-59.890312,3.3449657,-10.832763,-10.744948
318,2.3171465396881104,-3.118133306503296,76.06291198730469,5.7386890429988915,-0.9715862513913115,61.11689195124393,-23.498089,27.77635,17.144531,62.592766,-13.681321,-14.696558,4.562773,-51.668686,-37.99566,60.5296,-31.20022,15.000033,2.8243823,11.9691925,14.837874,-14.0837965,30.581873,-12.953791,-36.189693,-12.297574,-4.5978785,12.847873,20.619682,-66.318085,15.691465,-59.631996,3.667442,-11.080541,-11.090793
319,2.3274054527282715,-3.1718246936798096,76.1613998413086,5.835416189755216,-0.8821227022685755,61.17440869446379,-23.614418,27.373741,16.901587,62.2507,-13.493729,-14.867584,4.4177656,-51.562145,-37.866177,60.29401,-31.102337,15.000033,2.909301,11.851734,14.916033,-14.261513,30.58633,-13.073405,-35.909332,-12.2395315,-4.470396,12.984375,20.310438,-66.14341,16.008703,-59.588573,3.768872,-11.081809,-10.93994
320,2.3485116958618164,-3.2417616844177246,76.20439147949219,5.886574016326928,-0.8367552033041259,61.07101242400328,-23.686106,27.220993,16.75535,62.128414,-13.370782,-14.873166,4.296073,-51.60807,-37.924515,60.25601,-31.06597,15.000033,3.0547745,11.7832155,14.990369,-14.541979,30.659788,-13.19235,-35.610313,-12.1236105,-4.4300385,12.942543,19.929567,-65.984215,16.306929,-59.566242,3.6372957,-11.030851,-10.711893
321,2.3828718662261963,-3.3224527835845947,76.29352569580078,5.946583529022944,-0.8095190147417507,61.04268534578828,-23.659971,27.145905,16.785624,61.876007,-13.285692,-14.717725,4.2819033,-51.574745,-38.04442,60.09151,-30.971231,15.000033,3.1621106,11.674642,15.107712,-14.587627,30.686884,-13.17207,-35.359463,-12.266692,-4.4886413,13.104408,19.773968,-65.88066,16.629242,-59.560646,3.697171,-10.996128,-10.9032345
322,2.4291393756866455,-3.4118223190307617,76.34910583496094,6.068690579534093,-0.8156162652480377,61.12415474044929,-23.72311,27.073229,16.826138,61.797207,-13.2434,-14.64407,4.2979684,-51.575466,-38.079453,60.020462,-30.959412,15.000033,3.167846,11.566528,15.169953,-14.670632,30.691126,-12.973304,-35.07629,-12.544495,-4.4391036,13.283644,19.490467,-65.75149,16.86716,-59.66027,3.458848,-10.3887415,-10.637117
323,2.4839158058166504,-3.504108190536499,76.41798400878906,6.124822143639473,-0.7344223522818085,61.27546641024517,-23.948336,26.919624,16.647997,61.637386,-13.03484,-14.832672,4.540126,-51.607666,-38.681496,59.877377,-30.908463,15.000033,3.3283584,11.534317,15.148886,-14.942474,30.723309,-13.158003,-34.697166,-12.898508,-4.678244,13.421178,19.57369,-65.7008,17.043417,-59.710583,3.4259758,-10.585669,-11.244611
324,2.5339481830596924,-3.591325521469116,76.52229309082031,6.046128127719492,-0.839597215156263,61.03991892552783,-23.882616,26.854172,16.36098,61.49105,-12.855615,-15.000033,4.731925,-51.527195,-39.057938,59.71684,-30.814503,15.000033,3.4055214,11.524093,15.191168,-15.084465,30.763788,-13.1046505,-34.23249,-12.588774,-4.4926314,13.731762,19.093142,-65.59551,17.382559,-59.35369,3.0135515,-10.159807,-11.423491
325,2.595597743988037,-3.6727354526519775,76.61376953125,6.206780433669711,-0.7557740879698533,61.15099620035756,-23.78399,26.752522,16.652706,61.0357,-12.656752,-15.000033,4.7165637,-51.553627,-39.148987,59.58303,-30.75886,15.000033,3.3746898,11.401567,15.263019,-15.002703,30.77741,-12.940422,-34.168365,-12.729143,-4.5417857,13.921623,18.990088,-65.466606,17.672878,-59.44362,3.320147,-10.264642,-11.315042
326,2.656585454940796,-3.7489912509918213,76.65611267089844,6.268040460912489,-0.6160146954835481,61.09446470825084,-23.751534,26.659233,16.70267,60.617344,-12.411996,-15.000033,4.547228,-51.530262,-39.212494,59.51043,-30.64648,15.000033,3.4467258,11.405539,15.296615,-15.000186,30.820145,-12.604215,-34.15804,-12.667176,-4.4362407,13.852663,18.77324,-65.3258,17.873936,-59.6065,3.430944,-10.372052,-11.162098
327,2.7131426334381104,-3.8137764930725098,76.74829864501953,6.372800239630287,-0.564298251285283,61.25414545158351,-23.585754,26.488604,16.851076,60.010464,-12.323495,-15.000033,4.3495054,-51.517532,-39.01023,59.626423,-30.685661,15.000033,3.323354,11.2463255,15.49288,-14.962737,30.88638,-12.620183,-34.26052,-12.799276,-4.52002,14.0892725,18.852945,-65.21406,18.017908,-59.593014,3.8990388,-10.868205,-10.7972975
328,2.7627580165863037,-3.880462408065796,76.7624282836914,6.317502844837909,-0.3923206222840618,61.18632975752108,-23.608202,26.508366,16.819016,59.619884,-12.040971,-15.000033,4.132882,-51.337933,-39.049427,59.526707,-30.566156,15.000033,3.4451356,11.365731,15.514835,-15.118927,30.985203,-12.507117,-34.20249,-12.924964,-4.626653,14.289298,18.817583,-65.147194,18.067307,-59.850246,3.9133444,-10.800501,-10.64751
329,2.7976412773132324,-3.9430036544799805,76.76066589355469,6.224783065951787,-0.31640399884839515,60.92583353510643,-23.666891,26.386925,16.427574,59.433426,-11.796818,-15.000033,3.7891455,-51.24666,-38.9033,59.641872,-30.553207,15.000033,3.5318847,11.370783,15.567294,-15.319989,31.199804,-12.419277,-34.11622,-12.961485,-4.6215463,14.274442,18.384682,-65.09606,18.242094,-59.7762,3.9100492,-10.759132,-10.110412
330,2.8293874263763428,-4.007979869842529,76.80188751220703,6.126729922100678,-0.2377636188875276,60.79450560180678,-23.622408,26.226467,16.123075,58.966385,-11.285316,-15.000033,3.6303601,-51.14208,-39.016296,59.659904,-30.378935,15.000033,3.5801024,11.366292,15.6956625,-15.458618,31.433113,-12.415524,-34.11908,-12.816793,-4.684128,14.629709,18.332888,-65.05246,18.400982,-59.746456,3.730908,-10.732585,-10.057206
331,2.8616943359375,-4.073883056640625,76.8580551147461,6.068438268145754,-0.20668378468047308,60.60904768636247,-23.515026,26.235638,16.02255,58.663925,-10.883075,-15.000033,3.3025177,-51.0401,-38.80046,59.761456,-30.313211,15.000033,3.665701,11.329532,15.922393,-15.449166,31.636793,-12.373807,-34.162846,-13.259651,-4.751828,14.6980915,18.075619,-65.0852,18.697319,-59.726215,3.8568728,-11.045385,-9.892797
332,2.890471935272217,-4.140396595001221,76.90022277832031,6.0858274025640915,-0.07803175819914411,60.58778703808792,-23.517479,26.125404,15.984582,58.26449,-10.6149025,-15.000033,2.9743676,-50.915047,-38.56491,59.748806,-30.228859,15.000033,3.6141944,11.247385,16.08538,-15.405899,31.831865,-12.28185,-34.333714,-13.372972,-4.713649,14.962994,17.954195,-65.08731,18.818552,-59.852085,3.9885864,-10.9169,-9.4656925
333,2.915466070175171,-4.203522682189941,76.96237182617188,6.125716257497819,0.020861876416861016,60.280101511316296,-23.335402,26.004532,15.984923,57.83671,-10.370923,-15.000033,2.5164816,-50.927692,-38.271626,59.759563,-30.04767,15.000033,3.6695805,11.227408,16.270742,-15.262274,32.05643,-12.016162,-34.380062,-13.007189,-4.592798,14.964771,17.585157,-65.09243,19.089684,-59.95364,3.9855309,-10.817876,-9.194366
334,2.933450698852539,-4.263718128204346,76.99539947509766,6.235679891392297,-0.0972346035838088,60.51358294964091,-23.472548,25.760258,15.779225,57.90057,-10.158157,-15.000033,2.7436647,-51.09386,-38.48905,59.92973,-30.120996,15.000033,3.6510818,11.103014,16.397768,-15.484015,32.167786,-12.074559,-34.035423,-13.520318,-4.578524,15.102727,17.457966,-65.1935,19.364202,-59.875496,3.6717758,-10.778362,-9.477662
335,2.9494051933288574,-4.30409049987793,77.00559997558594,6.221115835043339,0.04982961663302362,60.26361247203692,-23.473967,25.811838,15.831879,57.760456,-10.090591,-15.000033,2.2819686,-51.047268,-38.19683,59.960186,-30.03956,15.000033,3.6597958,11.162182,16.449947,-15.332413,32.323803,-11.789195,-34.095352,-13.3247595,-4.6693544,14.953962,16.95364,-65.27179,19.598585,-59.95123,3.7875261,-11.058953,-9.383182
336,2.964884042739868,-4.331809043884277,77.00935363769531,6.2405460266948305,-0.042991646803317296,60.396913068168466,-23.536741,25.796055,15.740586,57.87732,-10.160364,-15.000033,2.4929266,-51.12994,-38.407536,60.083492,-30.084003,15.000033,3.5846274,11.131858,16.584389,-15.416879,32.452785,-11.834437,-34.073685,-13.207257,-4.523262,14.947508,16.960543,-65.34942,19.61647,-59.94033,3.7349184,-11.03077,-9.438368
337,2.9796953201293945,-4.339711666107178,76.98258209228516,6.251476156163017,0.07553253329099475,60.65822412504452,-23.833986,25.681671,15.579662,57.895126,-10.0563135,-15.000033,2.6629725,-51.272194,-38.88512,60.218838,-30.161116,15.000033,3.5371697,11.127336,16.544397,-15.567226,32.551956,-11.965462,-34.16061,-13.121054,-4.521913,14.861,17.320274,-65.3959,19.514833,-60.000134,3.7046785,-11.132001,-9.952651
338,2.999680519104004,-4.330451011657715,76.97894287109375,6.3015590077557535,0.19222625735460624,60.789189598701746,-23.95689,25.639917,15.636922,57.850502,-10.038327,-15.000033,2.6125946,-51.273396,-38.889732,60.19612,-30.167824,15.000033,3.4852486,11.170204,16.504404,-15.467905,32.60103,-11.9232025,-34.247585,-13.043124,-4.601186,14.764279,17.33001,-65.394646,19.553677,-60.000134,3.9456015,-11.383569,-10.137362
339,3.0236730575561523,-4.3080549240112305,77.00099182128906,6.428370695506968,0.26771179861963823,61.15002710157682,-24.058578,25.40689,15.67521,57.65628,-10.066419,-15.000033,2.7324426,-51.299038,-38.915653,60.157578,-30.22111,15.000033,3.261444,11.107851,16.462673,-15.323288,32.63332,-11.943975,-34.327793,-13.185539,-4.6822987,14.7086525,17.533966,-65.38168,19.53169,-60.000134,4.0593853,-11.37858,-10.1652565
340,3.053452253341675,-4.280332088470459,77.00663757324219,6.5142286804893175,0.3747934501043867,61.259467228373445,-24.030807,25.224115,15.716529,57.37811,-10.084571,-15.000033,2.7167535,-51.40684,-38.987804,60.190998,-30.197292,15.000033,3.2315085,11.088282,16.418386,-15.186349,32.67005,-11.990577,-34.430344,-12.958233,-4.718655,14.750092,17.72827,-65.352295,19.598549,-60.000134,4.1448083,-11.402896,-10.312716
341,3.088219165802002,-4.249818801879883,76.99811553955078,6.5619930035517555,0.4441697461470797,61.312447301007104,-24.007557,25.103052,15.68481,57.211582,-10.138021,-15.000033,2.6524756,-51.44757,-38.920643,60.258366,-30.197006,15.000033,3.1510074,11.08194,16.403067,-14.964013,32.734936,-11.904603,-34.582474,-12.830249,-4.62507,14.7690115,17.741129,-65.24394,19.721874,-60.000134,3.9054806,-11.123579,-10.460236
342,3.125511884689331,-4.220155715942383,77.00000762939453,6.586973852060348,0.42162794164440304,61.33596642765964,-23.933956,25.014097,15.609362,57.131405,-10.167147,-15.000033,2.5615845,-51.432262,-38.68208,60.385242,-30.223852,15.000033,3.072652,11.072755,16.460752,-14.76493,32.760487,-11.824514,-34.705963,-12.76194,-4.5902653,14.857537,17.80653,-65.17058,19.786976,-60.000134,3.8898497,-11.186662,-10.455381
343,3.1674585342407227,-4.19022274017334,76.99156188964844,6.660965328962613,0.3921208837937439,61.418729327668764,-23.888777,24.96913,15.646805,57.157425,-10.152894,-15.000033,2.4657252,-51.497807,-38.39961,60.60745,-30.238844,15.000033,2.917722,11.052829,16.549192,-14.467207,32.773296,-11.660333,-34.92151,-12.870511,-4.689806,14.926274,17.557425,-65.00674,19.97367,-60.000134,4.296567,-11.5426035,-10.064916
344,3.211695432662964,-4.16096305847168,76.96194458007812,6.712563589982973,0.6381432272331863,61.5597528170216,-24.019573,24.773636,15.591508,56.836243,-10.136558,-15.000033,2.1934164,-51.534946,-38.301506,60.751675,-30.22317,15.000033,2.8029249,10.990066,16.474905,-14.292716,32.833126,-11.531932,-35.288612,-12.607419,-4.7306547,15.065024,17.581383,-64.8466,20.151237,-60.000134,4.301272,-11.65944,-9.985782
345,3.2595996856689453,-4.1400837898254395,76.92965698242188,6.8589064559205895,0.7146164996272811,61.6990643024448,-24.117554,24.729422,15.731665,56.92952,-10.234881,-15.000033,2.0807707,-51.54009,-38.026463,60.74841,-30.26524,15.000033,2.7202196,11.008465,16.411592,-14.145219,32.88474,-11.399936,-35.2744,-12.674856,-4.832788,15.043358,17.217434,-64.67119,20.505188,-60.000134,4.3743467,-11.843363,-10.114724
346,3.3039581775665283,-4.12102746963501,76.90095520019531,6.975190582616169,0.7474327263024624,61.77816967440948,-24.138985,24.648207,15.7937355,56.957943,-10.341429,-15.000033,1.9894816,-51.631706,-37.83165,60.875607,-30.337114,15.000033,2.6470997,10.942156,16.420609,-14.059317,32.91795,-11.219446,-35.34788,-12.6063385,-4.821166,14.989047,17.018288,-64.509125,20.732903,-60.000134,4.4799047,-12.005655,-10.179398
347,3.348555088043213,-4.105754375457764,76.87870025634766,7.035959181887642,0.6272970726283331,61.822875847590055,-24.09432,24.82366,15.932373,57.26285,-10.513211,-15.000033,2.0632,-51.754845,-37.728134,61.119236,-30.460487,15.000033,2.5739892,10.981131,16.57997,-14.062986,32.981373,-11.2172985,-35.323093,-12.726894,-4.855758,14.917771,16.846668,-64.36224,20.848772,-60.000134,4.633654,-12.252701,-10.328021
348,3.387061595916748,-4.091200828552246,76.83841705322266,7.070890912130445,0.8038410458842321,61.81951724351555,-24.208351,24.926586,16.091125,57.276855,-10.603012,-15.000033,1.7304902,-51.72916,-37.444828,61.21632,-30.467495,15.000033,2.5288992,10.973456,16.571333,-13.989924,33.044186,-10.957522,-35.537804,-12.436944,-4.711546,14.964662,16.631678,-64.20697,21.05711,-60.000134,4.484369,-12.184715,-10.1733675
349,3.4192934036254883,-4.078500747680664,76.82510375976562,7.137018747699031,0.8802225987263873,61.89176539233762,-24.239517,24.969425,16.23557,57.266346,-10.580405,-15.000033,1.5834929,-51.741028,-37.252644,61.29026,-30.47894,15.000033,2.4108503,10.958934,16.621243,-13.900706,33.11869,-10.828224,-35.649963,-12.473103,-4.7345066,15.099268,16.51749,-64.04987,21.133766,-60.000134,4.579018,-12.201042,-10.183298
350,3.4420995712280273,-4.06489896774292,76.81415557861328,7.211390880376365,0.9011664028838129,61.74991076965971,-24.162136,25.0704,16.450663,57.360897,-10.49507,-14.825216,1.180823,-51.694115,-36.611275,61.37411,-30.404753,15.000033,2.3138309,10.944431,16.77662,-13.749945,33.14203,-10.324051,-35.787773,-12.291584,-4.585754,15.155808,16.135315,-63.812542,21.240166,-60.000134,4.192732,-12.086749,-9.7628
351,3.457975387573242,-4.046547889709473,76.81169891357422,7.239633925654698,1.078983196052859,61.753221552417386,-24.246918,24.907207,16.360891,57.13168,-10.348483,-14.80183,0.7922748,-51.666103,-36.27981,61.474266,-30.331564,15.000033,2.238772,10.830923,16.878849,-13.782511,33.184788,-10.07279,-36.03897,-12.637808,-4.606777,15.392137,16.179264,-63.640125,21.203642,-60.000134,3.9509897,-11.854742,-9.718207
352,3.464843988418579,-4.027323246002197,76.81993103027344,7.157575696070312,1.098902545244949,61.805592104511966,-24.28404,24.996284,16.330479,57.117813,-10.273774,-14.745886,0.7475732,-51.606403,-36.266544,61.602962,-30.229742,15.000033,2.1024106,10.7802925,17.024632,-13.994799,33.244484,-10.060138,-36.12705,-12.393571,-4.541808,15.594042,16.495045,-63.513084,20.736465,-60.000134,4.008076,-11.774233,-9.792763
353,3.469717502593994,-4.003057479858398,76.78541564941406,7.057215887209799,1.3566584121310425,61.849814487381124,-24.629639,24.945242,16.043808,57.106674,-10.16606,-14.723049,0.5400254,-51.642548,-36.480465,61.772022,-30.130568,15.000033,2.2115242,10.748061,17.010984,-14.543123,33.372673,-10.252684,-36.224655,-12.108752,-4.539874,15.512336,17.055088,-63.512676,20.484167,-60.000134,3.6832728,-12.317143,-10.689666
354,3.472669839859009,-3.979933738708496,76.78160095214844,7.129513980672407,1.2539049733366028,62.02885504803012,-24.598558,25.01733,16.241518,57.269775,-10.450459,-14.652008,0.829057,-51.848362,-36.725616,61.907642,-30.239202,15.000033,2.0930371,10.6559925,17.12169,-14.962188,33.40515,-10.3469,-36.00869,-11.775578,-4.5372396,15.572802,17.336962,-63.468384,20.103426,-60.000134,4.0075426,-12.911688,-11.028206
355,3.477635622024536,-3.951615571975708,76.74128723144531,7.223993859964468,1.2820003316709054,62.39208019648066,-24.712194,24.999035,16.411669,57.308125,-10.748196,-14.483813,0.9532284,-51.958675,-36.765644,62.073986,-30.38068,15.000033,1.9865382,10.548845,17.137678,-15.553194,33.398003,-10.518345,-35.85306,-11.568133,-4.6889906,15.575969,17.699192,-63.440372,19.755903,-60.000134,4.3247905,-13.792503,-10.864682
356,3.4803576469421387,-3.9211199283599854,76.7116928100586,7.252701657728378,1.3286133119453736,62.53534722663573,-24.831903,24.886871,16.311666,57.332073,-10.93828,-14.651974,1.060423,-52.099804,-36.98725,62.19593,-30.395098,15.000033,1.9644457,10.531779,17.087831,-16.147644,33.398716,-10.523928,-35.55143,-11.059076,-4.4595785,15.506713,18.136974,-63.356052,19.190409,-60.000134,4.101609,-13.790451,-11.0749
357,3.4838409423828125,-3.885610818862915,76.7113265991211,7.3769130394393425,1.4344695671534442,62.43530586200835,-24.697824,24.82719,16.588533,57.171055,-11.159552,-14.551798,0.8808085,-52.155174,-36.76121,62.015602,-30.338814,15.000033,1.9678408,10.559172,17.046036,-16.340803,33.368362,-10.180101,-35.21747,-10.71088,-4.4133997,15.560758,17.944052,-63.180946,19.060339,-60.000134,4.1215014,-13.820891,-10.924602
358,3.4821157455444336,-3.843811511993408,76.70515441894531,7.545705730171067,1.3662519601880485,62.489645343484135,-24.61965,24.648527,16.672138,57.258675,-11.327636,-14.510525,0.9150741,-52.375805,-36.59858,62.083942,-30.45301,15.000033,1.908803,10.4600115,17.133942,-16.775625,33.30612,-9.843037,-34.824272,-10.45822,-4.298657,15.846541,17.975574,-62.999542,18.848402,-60.000134,3.8798358,-13.840015,-11.078335
359,3.473517656326294,-3.7970173358917236,76.69635772705078,7.412839048074757,1.4054199545941426,62.33804394646344,-24.714622,24.560669,16.258602,57.338985,-11.401007,-14.622307,0.7754464,-52.155704,-36.41381,61.974976,-30.346996,15.000033,1.9718348,10.431658,17.122673,-17.290148,33.19568,-9.293214,-34.582127,-10.081513,-3.9260876,15.352411,18.075354,-62.924965,18.334785,-60.000134,3.407179,-13.575171,-10.786065
360,3.4586575031280518,-3.7411770820617676,76.67786407470703,7.215259826537738,1.3283221431463974,62.57405260227553,-25.00408,24.459093,15.638149,57.599316,-11.5935335,-15.000033,1.1747371,-52.00224,-36.824276,62.024384,-30.503689,15.000033,1.9660122,10.423805,17.081707,-18.27961,33.151974,-9.474001,-34.087414,-9.890727,-3.6919928,15.601946,19.083696,-62.951077,17.19888,-60.000134,3.691948,-13.325775,-10.893073
361,3.4431979656219482,-3.672025442123413,76.66683959960938,7.141765513703096,1.4435354921302743,62.45782809514906,-25.105587,24.324533,15.371849,57.61301,-11.612769,-15.000033,1.2476988,-52.063663,-37.15622,61.912582,-30.396433,15.000033,2.1645727,10.452512,16.958263,-19.158554,33.20987,-9.389529,-33.434788,-9.342838,-3.4185507,15.591511,19.73606,-62.92443,16.44971,-60.000134,3.2059355,-12.8806095,-11.138798
362,3.434415817260742,-3.591754913330078,76.69540405273438,7.097892747113009,1.5183215987169607,62.31311445036737,-24.996832,24.240555,15.294911,57.465984,-11.765095,-15.000033,1.2155807,-51.96011,-37.121685,61.642338,-30.208767,15.000033,2.331914,10.419618,16.919369,-19.774763,33.301117,-9.147749,-32.78721,-8.402586,-3.2103631,15.600801,20.131239,-62.873405,15.797235,-60.000134,3.2190692,-12.941046,-10.882224
363,3.42630672454834,-3.4961600303649902,76.77823638916016,7.136744688234027,1.56998426722484,62.34857870743354,-24.89439,23.798038,15.016648,57.089893,-12.095481,-15.000033,1.3393614,-51.86799,-37.12937,61.266556,-30.1,15.000033,2.436753,10.2866955,16.888584,-20.451742,33.45357,-9.113391,-31.87599,-8.419889,-3.079503,15.321874,20.595304,-62.83468,15.0270195,-60.000134,3.3303275,-12.761276,-10.40122
364,3.422288656234741,-3.3942625522613525,76.90689849853516,7.014530386703538,1.3168612323215299,62.09553889512433,-24.418943,23.429953,14.47296,56.72003,-12.4094,-15.000033,1.5401578,-51.547234,-36.862164,60.879086,-29.841522,15.000033,2.8304307,10.180749,16.927372,-21.329174,33.587826,-9.192414,-30.393494,-7.7879605,-2.868372,15.114979,20.683228,-62.892673,14.561975,-59.899677,2.7130246,-12.639379,-10.5091915
365,3.424309253692627,-3.283515453338623,77.04239654541016,7.008680120370146,1.4627852757742865,61.88027541454501,-24.26151,23.035154,14.215732,56.25173,-12.687863,-15.000033,1.5159628,-51.129234,-36.674088,59.972473,-29.555641,15.000033,3.2118602,10.191421,16.712082,-21.61939,33.823597,-9.334999,-28.97001,-7.226466,-2.4586253,15.2723875,19.948187,-62.92711,14.661607,-59.82203,1.7571726,-11.850325,-11.160971
366,3.43013334274292,-3.160609722137451,77.20162963867188,7.047984151905311,1.8206977182454624,61.687274320229136,-24.025023,22.332876,13.888991,55.157818,-12.805438,-15.000033,1.5920836,-50.916,-37.00881,58.932705,-29.140474,15.000033,3.3784752,10.042708,16.543993,-21.279566,34.165237,-9.511275,-27.744276,-6.343529,-2.2779264,15.887955,18.220808,-62.772243,14.955336,-59.99301,1.5113338,-10.680131,-10.3758335
367,3.439185857772827,-3.0421488285064697,77.51664733886719,7.162330830242712,1.7355872857622272,61.41171167994574,-23.297016,21.731747,13.786377,54.161327,-13.221952,-15.000033,1.8844913,-50.51452,-36.779694,57.671635,-28.591593,15.000033,3.5737278,9.774613,16.50348,-20.328903,34.405415,-9.867076,-26.684391,-6.2359376,-1.9902594,15.841456,16.20581,-62.642784,15.87071,-59.98892,1.24256,-10.439739,-10.040613
368,3.437044143676758,-2.9334986209869385,77.85242462158203,7.040633771784532,1.7004170468677668,61.02422116010694,-22.63675,21.427252,13.642017,53.172623,-13.4078455,-15.000033,2.0336547,-49.634026,-36.378998,56.15459,-27.860304,15.000033,3.6900501,9.535706,16.339567,-18.838995,34.532303,-10.329913,-25.834026,-5.240589,-1.3348372,15.748887,14.405524,-62.53886,17.011135,-59.969917,0.39110717,-9.957654,-10.63706
369,3.4237544536590576,-2.828730821609497,78.25487518310547,7.17024051510029,1.7397427035694746,60.42123379854058,-21.763092,20.354332,13.143591,51.591373,-13.309918,-15.000033,2.2400842,-49.219032,-36.292233,54.424576,-26.87608,15.000033,3.8376176,9.191535,16.119972,-17.457472,34.62392,-11.178714,-24.323439,-4.991288,-1.0434065,15.828467,12.264446,-62.40946,18.382988,-60.000134,0.05069663,-9.325115,-10.341369
370,3.399590492248535,-2.7377235889434814,78.6532974243164,7.2459998550872005,1.7171806942622534,59.86106980458389,-21.111425,19.923779,13.163737,50.758266,-13.6952915,-15.000033,2.7678063,-48.63698,-36.45779,52.334576,-25.770195,15.000033,3.971173,8.854004,15.776534,-16.062654,34.69348,-12.208403,-22.676928,-4.2749243,-0.44866434,14.699104,11.066051,-62.338524,19.472296,-59.912277,-0.35785988,-9.040878,-10.627025
371,3.3509249687194824,-2.6510820388793945,79.0669937133789,7.465302183098717,1.6260552744652403,59.297437462876346,-20.346657,18.94663,12.828152,49.619946,-14.146851,-15.000033,3.1077232,-48.01623,-36.026176,50.16366,-24.879282,15.000033,4.05153,8.501015,15.372766,-14.243682,34.685474,-13.581911,-20.731823,-4.0137515,0.21422745,14.283408,9.304341,-62.26896,20.249958,-59.645237,0.05797856,-7.809459,-9.687049
372,3.2778468132019043,-2.5630226135253906,79.54451751708984,7.478972954829727,1.421554597258693,58.39793608961051,-19.28348,18.12997,12.399586,48.306087,-14.23799,-15.000033,3.5873952,-47.093414,-35.63569,47.56594,-23.68404,15.000033,4.11659,8.166333,14.977073,-12.228429,34.631935,-15.145027,-18.195904,-4.007684,0.77018255,13.483537,7.688533,-62.169785,20.987806,-59.529896,0.6467816,-6.6781225,-8.8602705
373,3.185378313064575,-2.4665768146514893,79.9864730834961,7.617920040245318,1.0085047361697121,57.47750208572068,-17.892082,17.260046,12.23449,46.88572,-14.203106,-15.000033,4.0813794,-46.50935,-35.037605,45.404182,-22.575476,15.000033,4.20655,7.6831784,14.495752,-9.799841,34.559734,-16.754921,-14.673533,-2.5969157,1.5720581,14.173306,5.684576,-62.018776,22.646202,-60.00013,-0.5381867,-5.007231,-8.114227
374,3.094947338104248,-2.3489227294921875,80.44168853759766,7.383953551647277,0.971419904313427,56.536856631288536,-16.605646,16.552542,11.645112,44.80797,-13.871365,-15.000033,4.4341354,-45.42988,-34.73957,42.851543,-21.007484,15.000033,4.39361,7.1928596,14.004287,-7.22357,34.48608,-18.05118,-11.207737,-1.2198012,2.5158243,13.451314,3.38175,-61.632904,24.525349,-60.000134,-1.2775669,-3.6254663,-8.132696
375,3.011829137802124,-2.2202837467193604,80.81050872802734,7.388445581995174,1.1282445661782068,55.91852858378515,-15.4812975,15.632043,11.247311,42.484097,-13.286935,-15.000033,4.9240417,-44.778202,-34.92739,40.39279,-19.691668,15.000033,4.255642,6.4588227,13.478476,-4.742625,34.440056,-20.22258,-6.6329064,-0.3120956,2.9512708,13.6569195,1.6218594,-61.166798,25.257961,-60.000134,-0.043824237,-2.197019,-8.214341
376,2.945857048034668,-2.103729486465454,81.19683837890625,7.3698948682262335,1.0227334324434483,54.923379265366314,-13.960189,15.07917,11.277212,40.364227,-12.877862,-15.000033,5.338668,-43.903103,-34.460873,37.808777,-18.097847,15.000033,4.4868155,5.809515,12.898609,-2.5411584,34.28702,-22.019659,-1.7695314,-1.098902,3.0561707,13.643871,-0.33868167,-60.73595,25.9952,-59.90939,0.08057819,-0.85370463,-8.152412
377,2.892225742340088,-2.0005381107330322,81.66703796386719,7.479215068215455,0.7179080167867042,54.038403043313394,-11.875682,14.262395,11.446954,37.385468,-12.128271,-15.000033,6.2982464,-43.02639,-34.283966,34.802254,-16.046022,15.000033,4.8673964,5.0142303,12.06435,0.14848273,33.886143,-23.210348,2.83916,-2.2386093,3.3601854,14.224139,-1.9175798,-60.374687,27.017735,-59.921635,-0.07918878,0.3909079,-7.90604
378,2.860588788986206,-1.914533019065857,82.1755142211914,7.638954214026895,0.623179230367092,52.91826596274749,-9.625481,13.32206,11.625004,33.755722,-10.933932,-15.000033,6.934907,-42.231323,-34.097332,31.716774,-13.966612,15.000033,5.12528,4.164161,11.389558,2.2246685,33.366096,-24.235664,7.7115574,-2.8813305,3.2449925,14.471293,-2.950354,-60.038357,27.581388,-59.493732,1.1977245,0.64341605,-7.833675
379,2.838874340057373,-1.8644750118255615,82.57283020019531,8.025851757566192,0.23690985113747734,52.69721595308243,-7.0645785,12.327775,12.172423,29.509588,-9.953303,-15.000033,8.060865,-41.4395,-33.401035,29.032677,-12.3136835,15.000033,5.3622427,3.3091183,10.4104805,4.3306375,32.659912,-25.369778,12.947595,-3.5589862,3.4234529,14.479292,-3.9019034,-59.828342,28.25529,-59.14963,1.3036654,1.4568763,-7.876513
380,2.7969729900360107,-1.8481019735336304,82.99827575683594,8.12640640301989,-0.1436910410203702,52.1384771108391,-4.3670144,11.709378,12.894744,25.15071,-8.770123,-15.000033,8.939489,-40.391846,-32.606438,26.456264,-10.30337,15.000033,5.382901,2.4431973,9.330578,6.276672,31.836937,-26.18732,18.695318,-3.893093,3.352671,14.714869,-4.852087,-59.601566,28.522505,-58.6946,1.8313527,2.5443635,-7.5181518
381,2.730530023574829,-1.8776684999465942,83.36643981933594,8.237810898079283,-0.4736390027458961,51.94885841942877,-1.6652607,10.879897,13.2614975,20.169437,-7.431285,-15.000033,9.705021,-39.20667,-31.345188,24.070217,-8.533501,15.000033,5.343431,1.8694731,8.264751,7.8289833,30.929821,-26.498829,23.589495,-4.1113024,3.9141657,14.6811905,-5.6345015,-59.37871,28.746386,-58.267746,2.3818765,3.299746,-7.3519545
382,2.616929531097412,-1.9605460166931152,83.62051391601562,8.154516540315193,-0.8861979541792627,51.595394649660264,0.519665,10.530706,13.744562,16.540543,-6.2290955,-15.000033,10.251604,-38.417377,-30.797407,22.696901,-7.245515,15.000033,5.19755,1.2710423,7.342201,8.808959,30.14131,-27.396835,29.415485,-5.082595,3.7066257,14.942691,-6.672847,-59.308853,29.213865,-56.934593,3.8881254,3.0673952,-7.2699976
383,2.4569504261016846,-2.1119799613952637,83.83846282958984,7.875764235320806,-1.6341705265664888,50.51445891523109,2.7568824,10.535512,14.274882,14.020082,-5.584063,-15.000033,10.619396,-37.351074,-29.419573,21.267696,-5.7169185,15.000033,5.172444,0.9949041,6.4514737,9.851848,29.453932,-27.336311,34.279903,-6.320626,3.8130412,14.391621,-8.422079,-59.23504,29.492643,-55.858288,5.403683,3.570944,-6.5333853
384,2.2635340690612793,-2.317502737045288,84.0273208618164,7.697883847862507,-2.104308437937147,49.537751679409624,4.3374023,10.513483,14.851677,12.088612,-4.6023464,-15.000033,10.757587,-36.71114,-28.787086,20.100616,-4.7361283,15.000033,5.172073,0.73299575,5.8260083,10.301189,28.839592,-27.774183,39.107258,-7.7628236,3.6629102,13.960618,-10.561142,-59.063923,29.947529,-54.348186,8.282117,3.5091596,-6.4694486
385,2.0420620441436768,-2.585803270339966,84.06221008300781,7.777913454220941,-2.826052261435401,48.67456161669872,5.983369,10.067073,14.829471,10.236922,-4.1900973,-15.000033,10.925063,-36.312363,-27.443499,19.284668,-4.020734,15.000033,5.1588187,0.5717721,5.0841937,10.747858,28.376158,-27.80778,42.92306,-9.034888,3.7174716,13.944378,-13.325785,-58.899548,30.93702,-53.24292,9.336991,4.406207,-6.1167274
386,1.8160631656646729,-2.892674684524536,84.1077651977539,7.702964728120026,-3.1810873674640274,48.11198002726681,6.718967,10.191216,15.483087,9.399078,-4.112854,-15.000033,10.846268,-35.86657,-26.703032,18.60179,-3.538263,15.000033,5.16388,0.5369475,4.729163,10.943818,27.93442,-28.016703,46.0785,-10.060968,3.7371993,13.753424,-15.868554,-58.47074,31.337685,-52.022278,11.833192,4.969537,-5.5055656
387,1.6007131338119507,-3.2406885623931885,84.09427642822266,7.770252367401674,-3.6396383039994737,47.392290271664024,7.403586,10.210933,16.035063,8.970972,-4.321065,-15.000033,10.699768,-35.521267,-25.535994,18.00119,-2.9404778,15.000033,5.420727,0.54454166,4.195464,10.906622,27.580658,-27.96269,48.839737,-12.165133,3.6150427,13.592426,-19.439608,-58.074173,32.753044,-50.08367,12.829219,6.009683,-4.86923
388,1.4205849170684814,-3.628833293914795,84.0980453491211,7.675588651599044,-4.243902090114706,45.5941736130402,7.9961166,10.439257,15.888138,9.762657,-5.0466022,-15.000033,10.610525,-34.597717,-23.783937,16.262007,-2.6899877,15.000033,6.1408052,0.7410403,4.0859156,10.738912,27.324396,-27.339684,50.488853,-14.605803,2.991411,13.440788,-23.363588,-57.511547,35.189682,-48.881348,14.726859,6.0882936,-6.79926
389,1.2783170938491821,-4.013097286224365,84.06358337402344,7.857393644181897,-4.62219345260447,44.9891765535747,8.091267,10.464058,15.925739,10.252909,-5.5162454,-15.000033,10.268591,-34.58084,-22.934818,16.316921,-2.4774923,15.000033,5.987601,0.59064436,3.861207,10.636261,27.139126,-26.757225,52.26505,-16.500656,2.5891888,13.521044,-26.600468,-57.018887,37.262245,-47.414986,13.674242,5.831777,-6.969765
390,1.1843384504318237,-4.3915910720825195,83.97899627685547,8.120320449322316,-4.490601662247015,44.80805210497952,7.829863,10.442069,16.391802,10.168432,-5.9042478,-15.000033,9.521514,-34.73821,-22.373522,16.590368,-2.4178894,15.000033,5.5066905,0.43923792,3.5855696,10.618735,26.997955,-26.681877,53.731537,-16.81078,2.6141577,13.885277,-28.733204,-56.449203,38.107628,-46.16058,15.070697,5.8821554,-6.8503504
391,1.1379069089889526,-4.781205177307129,83.90740203857422,8.32298615103239,-4.486776100048457,44.35802511024265,7.424702,10.618736,16.720757,10.927322,-6.544525,-15.000033,8.774455,-34.64794,-21.36777,16.79159,-2.0900617,15.000033,5.1506605,0.3117051,3.4243748,10.766443,26.92702,-26.40348,54.79094,-17.72855,2.433246,13.781411,-29.990791,-55.89935,38.39198,-45.306763,14.580283,5.916932,-6.079402
392,1.1373484134674072,-5.185302257537842,83.80228424072266,8.62335048000568,-4.469761279173656,43.437874182101865,6.8655252,10.884444,17.108112,12.472429,-7.445493,-15.000033,7.892028,-34.792988,-20.695332,17.001383,-2.151534,15.000033,5.011767,-0.14907545,3.5174794,10.650837,26.990881,-25.921782,56.01876,-18.652319,2.1513515,14.255659,-30.944204,-55.492874,39.617935,-44.62404,15.183151,5.3524513,-7.2865477
393,1.1535167694091797,-5.582391262054443,83.64630889892578,9.015657783388043,-4.294594811734536,42.99362677116099,5.824898,11.188054,17.627682,14.396804,-8.26835,-15.000033,6.6322937,-35.10376,-19.65892,18.023542,-2.3583136,15.000033,4.493302,-0.6259548,3.7490616,10.678512,27.05617,-25.487139,56.928703,-19.44741,1.9502449,14.392277,-30.943521,-55.146313,39.878864,-44.565636,15.196728,4.6667,-7.4005566
394,1.1692326068878174,-5.9727702140808105,83.43994903564453,9.37455167818324,-3.9695907801104497,42.85669728927581,4.3601503,11.784349,18.501295,16.817062,-9.2011595,-15.000033,5.1800213,-35.41327,-18.617102,19.401712,-2.6569645,15.000033,3.778474,-1.2287079,4.15845,10.595695,27.069658,-24.78235,57.74616,-20.698694,1.8614719,14.468541,-29.747536,-54.9436,38.96841,-44.79772,16.360048,4.2902007,-7.272753
395,1.1589547395706177,-6.347653388977051,83.1511001586914,9.536103080260148,-3.2336644394945413,42.37971742225631,1.9854951,12.649336,18.770191,20.382463,-10.686739,-15.000033,2.9544477,-35.4474,-17.2487,20.921192,-3.3665102,15.000033,3.3737273,-1.6884229,5.1219144,10.25356,27.086489,-23.575878,58.12262,-20.935318,1.2375945,14.828292,-27.306068,-55.044445,38.302647,-46.906124,14.616235,2.9553115,-6.8333993
396,1.0900413990020752,-6.697898864746094,82.79222869873047,9.575573901627182,-2.6744031552880556,42.32029828750219,-0.7072091,13.8578615,19.008913,24.727734,-11.658897,-15.000033,0.70545864,-35.563812,-16.093565,23.400826,-4.299204,15.000033,2.6279032,-2.2244165,6.346545,9.530859,27.172592,-23.033228,58.661186,-20.841707,1.3221374,15.122564,-23.992353,-55.32055,36.537193,-47.996758,14.796221,1.7775435,-6.8341637
397,0.9488973617553711,-7.000335216522217,82.40294647216797,9.214059471968524,-1.714395114583383,41.90266261197005,-4.0172515,15.636579,19.128613,29.73296,-12.852821,-15.000033,-2.339752,-35.31535,-14.89288,26.21515,-5.4698215,15.000033,2.266728,-2.6193774,8.214653,8.33841,27.356745,-22.820673,59.187153,-19.400131,1.1784803,16.395332,-19.185843,-55.588898,33.951,-50.205185,13.245083,0.27500156,-7.335428
398,0.7376679182052612,-7.267888069152832,81.91197204589844,8.492985150979118,-0.9851775608546004,41.772432074965934,-7.7156305,18.07741,18.755903,35.678246,-14.081067,-15.000033,-5.1657505,-34.621597,-13.641072,29.401653,-6.8603516,15.000033,1.857428,-3.0232072,10.407593,6.7200465,27.69537,-22.481197,60.519722,-22.541006,0.6390581,17.111874,-14.733392,-56.111763,31.366068,-51.29627,12.125115,-2.013893,-8.425969
399,0.43886643648147583,-7.473312854766846,81.2515640258789,8.096512528365023,-0.11584928908418107,41.49238437851294,-11.439884,20.019232,18.413097,41.29905,-15.289497,-14.649237,-8.867273,-34.540646,-11.898579,33.611294,-8.747891,15.000033,1.7888798,-3.3583868,13.354699,4.418549,28.190306,-22.40253,60.996155,-23.168856,0.17734851,17.473598,-9.496458,-56.49732,28.590332,-53.75864,11.416536,-3.9907222,-9.804234
400,0.08185229450464249,-7.6232171058654785,80.48051452636719,7.276162550171815,1.1420681675062423,41.29158535395124,-15.618682,22.386143,17.789413,46.722057,-16.779482,-13.77743,-12.915012,-34.051952,-10.479153,37.841286,-10.526702,15.000033,1.9102238,-3.648539,16.53942,1.7772279,28.802643,-22.332926,61.78354,-24.641167,-0.20638591,18.443739,-5.3057065,-56.73117,26.014526,-55.88193,10.519492,-5.8814793,-11.674886
401,-0.31298840045928955,-7.7301764488220215,79.59578704833984,6.092640399927796,2.4290470882047828,41.21085793860782,-19.996845,24.75791,16.329645,51.75911,-17.797785,-12.908555,-17.113525,-33.063686,-8.942281,42.451477,-12.210885,15.000033,1.7690067,-3.7461755,19.73703,-0.65692455,29.396248,-22.573534,62.450214,-25.262232,0.0004329664,18.942783,-3.688901,-56.802166,23.772837,-56.971214,7.897686,-7.1347523,-12.45811
402,-0.7127925753593445,-7.802173614501953,78.56939697265625,5.009463442088728,3.82426633270209,40.98734531131169,-24.559935,26.941414,14.730521,56.78499,-18.692507,-12.3748255,-21.55393,-32.156002,-7.239305,47.166515,-14.059074,15.000033,1.7530847,-3.6790364,23.43877,-3.453999,29.989222,-22.4645,62.31996,-25.13476,-0.031939987,19.612923,-0.5639911,-56.334286,21.69905,-59.372818,4.750172,-9.075944,-15.114397
403,-1.0853602886199951,-7.859457969665527,77.53449249267578,4.069807687756193,5.355943823190004,41.27993434158021,-29.303488,28.420338,12.644699,61.000076,-19.57429,-11.715991,-25.740143,-31.397606,-5.781922,51.607407,-16.024204,14.5835285,1.5710907,-3.7068887,26.789276,-6.0528164,30.40895,-22.672617,63.21416,-27.13611,-0.1711901,20.076363,0.52920234,-55.68545,20.99992,-60.000134,3.621618,-10.922421,-17.513462
404,-1.4033323526382446,-7.920563220977783,76.59532165527344,3.398444513507653,7.1372045385206295,40.96112786379099,-33.62028,29.249239,10.706858,64.333984,-20.389664,-11.603837,-30.284214,-30.608177,-4.113105,55.50129,-17.661837,14.111648,1.3512783,-3.6670785,29.793802,-8.688781,30.762733,-22.876032,63.88236,-26.136969,0.26597664,20.61655,-0.08691874,-53.885258,20.501656,-60.000134,1.8266789,-10.911551,-16.955091
405,-1.653860092163086,-7.985037803649902,75.40709686279297,2.6010459518229663,9.505324936476912,41.320286513289815,-39.744278,30.020496,7.845929,68.63338,-20.506582,-10.902233,-35.3469,-30.3005,-3.2661242,60.07994,-19.416775,13.385445,1.681819,-4.0348215,29.793802,-12.111985,30.952934,-24.25236,67.0504,-27.749205,0.21076047,20.283848,0.9853222,-52.716454,21.729107,-59.616463,0.57821476,-12.42338,-20.439066
406,-1.8265339136123657,-8.064030647277832,74.39391326904297,2.157263082083692,12.174793747779399,41.69596113512377,-45.59144,29.996208,5.26808,71.88028,-20.360434,-10.333024,-40.378483,-30.06759,-2.3208344,63.770473,-20.62874,12.900504,1.6677446,-4.199261,29.793802,-15.05429,30.783588,-25.731728,69.79913,-28.104029,0.030466758,19.907644,-0.087744966,-50.892094,23.412569,-57.30199,-0.69235057,-14.31105,-22.35264
407,-1.9329525232315063,-8.157922744750977,73.38119506835938,1.2998253700046192,14.76068489888692,41.54429965823382,-51.279636,30.001072,2.1335135,74.9817,-20.10378,-9.550001,-45.1963,-29.34015,-1.7376696,67.229355,-21.589756,12.363923,1.4813137,-4.388715,29.793802,-17.794289,30.495867,-27.189602,72.52021,-27.599798,-0.096700065,19.567345,-2.2947905,-48.646004,24.990374,-54.390118,-1.6513562,-15.580848,-23.6886
408,-1.971375584602356,-8.273970603942871,72.478271484375,0.7780361312996016,17.25868245918842,41.30155015943217,-56.43064,29.633635,-0.49731198,77.69105,-20.335365,-8.93846,-49.497528,-28.985157,-1.3678868,69.83503,-22.340988,11.999738,1.382001,-4.907468,29.793802,-20.17577,30.113459,-28.112703,74.78294,-27.372927,-0.5303033,19.31798,-3.9499292,-46.089092,26.939589,-51.642532,-2.0897262,-16.132278,-24.387394
409,-1.9590065479278564,-8.410524368286133,71.55223846435547,0.7613128779209937,19.671302670856136,41.3170770399556,-61.121166,29.146349,-2.29275,80.14777,-20.385544,-8.339166,-53.988556,-28.424757,0.0698989,72.65514,-23.047556,11.7810755,1.1259763,-5.33707,29.793802,-22.59497,29.82849,-29.203682,76.96798,-28.084791,-1.290275,19.671463,-6.7593026,-43.32368,28.254366,-47.476765,-2.3803158,-17.24559,-26.093735
410,-1.920019268989563,-8.553251266479492,70.6792221069336,1.0617335149282365,22.168717792794002,41.42802132512046,-65.517815,28.154303,-3.861072,82.25456,-20.757719,-7.891961,-58.28321,-28.480505,1.1448494,74.94916,-23.96944,11.110297,1.0177134,-5.729109,29.793802,-25.095861,29.654924,-29.925137,79.15456,-29.531551,-2.3978374,20.450443,-9.2726,-40.48377,29.573536,-43.9227,-2.9442503,-17.800533,-27.400377
411,-1.8963154554367065,-8.69554615020752,69.73064422607422,1.1792963055102306,24.31676309200416,41.69825063931498,-69.87459,27.12237,-5.7442822,84.60405,-20.885609,-7.6095023,-62.49137,-28.36135,2.2848258,77.887276,-24.452341,10.364753,0.6727072,-6.085402,29.793802,-26.858887,29.471449,-30.476727,80.35826,-30.129412,-2.8809304,20.471811,-10.382194,-37.29531,30.113333,-41.06968,-3.218509,-18.51336,-28.51495
412,-1.9099931716918945,-8.829190254211426,68.82341766357422,0.7541896361316386,26.313096224711604,41.495467707151896,-73.5454,26.085823,-8.019051,86.31841,-21.397184,-7.8231606,-66.08257,-27.155083,3.3434052,80.14946,-25.015621,10.519516,0.5203068,-6.151544,29.793802,-28.263187,29.150415,-31.185717,81.15048,-32.759945,-3.056826,22.129063,-10.773133,-33.949318,31.190374,-38.602676,-5.8616424,-17.704268,-30.469797
413,-1.9786887168884277,-8.960115432739258,67.82628631591797,0.3296153192934066,28.179811344458646,41.020956473525956,-77.529205,24.939545,-10.465811,88.863174,-21.745438,-7.58282,-69.4932,-27.145466,3.4461462,82.22517,-25.602098,10.020266,0.5569535,-6.20594,29.793802,-29.807148,28.944284,-31.198048,81.79441,-34.25877,-3.797752,22.911802,-12.308459,-30.834509,31.904202,-35.473736,-7.11055,-17.591896,-29.857088
414,-2.110159397125244,-9.098642349243164,66.68465423583984,0.4229380975070926,29.78492831177596,41.11825585150356,-81.0858,23.897844,-11.992323,91.35344,-22.489626,-7.481795,-73.1099,-26.849474,4.8063717,84.92388,-26.189493,10.005606,0.18371649,-6.662682,29.793802,-30.475409,28.800041,-31.47461,82.8356,-36.541855,-4.0699806,23.397438,-14.056253,-28.088692,32.423695,-31.11845,-6.545456,-17.716349,-31.784492
415,-2.308741569519043,-9.241558074951172,65.68925476074219,0.4085475087430912,31.178757197928427,41.390471760789374,-84.20531,22.825638,-13.393973,93.287605,-23.109802,-7.092816,-76.33126,-26.947163,5.6510878,87.38388,-26.828905,9.512921,0.008947695,-6.89075,29.793802,-31.614195,28.77765,-31.342846,83.57789,-38.102013,-4.643186,24.18605,-16.06977,-25.685595,32.48088,-26.526316,-5.904816,-17.744251,-33.15878
416,-2.555666208267212,-9.406878471374512,64.8265380859375,0.7716948701051326,31.76713879369339,41.7822872697114,-86.65337,22.145561,-14.056005,95.4351,-23.698046,-6.7945495,-78.655495,-26.807095,7.0729675,89.44246,-27.202986,9.62644,-0.27432305,-7.2248864,29.793802,-32.49187,29.119097,-31.20791,84.25276,-36.159878,-5.307692,23.753767,-18.76358,-23.710724,31.577759,-23.286697,-5.7428207,-17.744345,-32.14065
417,-2.8334481716156006,-9.572946548461914,63.69894027709961,-0.35398201864796897,32.1757495418445,40.97122678210523,-89.06036,20.611717,-17.111078,98.03256,-24.337423,-6.991517,-81.02077,-26.74397,6.8452687,92.156906,-27.864504,9.049455,-0.20537919,-7.507578,29.793802,-33.0037,29.468067,-30.521381,83.891014,-37.13265,-5.8050694,24.319996,-21.670256,-21.877327,31.812315,-19.884178,-8.969129,-14.391843,-31.601797
418,-3.084545850753784,-9.763468742370605,62.81283950805664,-0.42196937188767164,32.511725207894806,40.71884762643439,-91.05345,20.035393,-18.151062,100.11178,-24.670496,-7.088059,-83.17827,-26.495878,7.7854333,94.175896,-27.989332,8.992893,-0.51336086,-7.9135957,29.793802,-33.170876,29.936882,-30.223227,83.86363,-37.28945,-6.3484554,25.375599,-23.337732,-20.473473,32.1619,-16.943716,-8.879469,-14.743832,-32.04322
419,-3.2871360778808594,-9.965278625488281,62.119178771972656,-0.07971702740548992,33.23356504334467,40.71253972396691,-92.70683,19.089981,-18.706171,101.39631,-25.0766,-7.1971884,-85.30474,-26.118587,8.927598,95.459595,-28.310268,9.38182,-0.9300538,-8.448416,29.793802,-33.18339,30.54198,-29.952967,84.098404,-37.235157,-6.9171023,25.64537,-25.219187,-19.484922,32.27703,-14.089049,-9.38581,-14.963519,-33.67381
420,-3.437180757522583,-10.178216934204102,61.376468658447266,0.40800656545205816,33.781787717853994,41.055283642921154,-94.25335,18.042927,-19.218239,102.6842,-25.417759,-7.322173,-87.41669,-26.006,10.178505,97.17511,-28.5783,9.314128,-1.163592,-8.691242,29.793802,-33.18808,31.049543,-29.520718,83.715256,-37.100494,-7.118028,26.807919,-26.02428,-18.607975,32.544956,-12.448373,-9.780212,-14.683885,-34.766018
421,-3.532346248626709,-10.402750015258789,60.82187271118164,0.7692427510766513,34.134682346050305,40.99522435201667,-95.36299,17.531143,-19.574911,103.72687,-25.676912,-7.489203,-89.098434,-25.821325,11.027743,98.43803,-28.5235,9.3630085,-1.5150911,-9.150633,29.793802,-33.089825,31.621025,-29.333696,83.9451,-37.177082,-7.420231,26.868362,-26.628046,-17.98513,32.63816,-10.099783,-9.571602,-14.724806,-36.878777
422,-3.581488609313965,-10.630353927612305,60.19422912597656,1.0647096805830052,34.34803967278803,41.16915162668068,-96.498795,16.87313,-20.168581,104.868965,-25.80807,-7.868001,-90.53235,-25.63431,11.8261595,99.92088,-28.641012,9.6017885,-1.6803555,-9.312153,29.793802,-32.862896,32.104836,-28.808073,83.43208,-37.265297,-7.3929043,27.75752,-27.169027,-17.515955,32.619408,-8.276479,-10.296588,-13.842376,-37.243874
423,-3.5889954566955566,-10.855663299560547,59.816612243652344,1.582059057321387,34.568021062365716,41.51085211758761,-97.10139,16.184341,-20.35795,105.33008,-26.103333,-8.258605,-91.61947,-25.403109,12.629233,100.86513,-28.656801,9.95083,-2.0397153,-9.728109,29.793802,-32.63007,32.574482,-28.584524,83.623764,-37.79668,-7.9278555,28.172152,-28.01147,-17.353094,33.340992,-6.195327,-10.740705,-14.347772,-38.90511
424,-3.5654711723327637,-11.07706356048584,59.39533233642578,2.263782793201231,34.70855780507475,41.48728161919432,-97.76188,16.07451,-20.24049,106.16201,-26.275316,-8.285383,-92.85203,-25.239632,13.5620575,101.78868,-28.90221,10.164628,-2.2864044,-9.837981,29.793802,-32.295383,32.944275,-28.118317,83.37271,-37.617805,-8.138378,28.630417,-28.617224,-17.302841,33.6867,-5.2058935,-10.845411,-14.388875,-39.818096
425,-3.527961015701294,-11.275927543640137,59.045475006103516,2.5233418605954374,34.675621268664834,41.476475727302486,-98.352036,16.07389,-20.474861,106.887764,-26.576687,-8.012249,-93.594536,-25.140295,13.965187,102.68227,-28.869562,10.231677,-2.4463823,-9.98712,29.793802,-32.02446,33.222946,-27.801462,83.12547,-37.696598,-8.198473,29.27742,-29.176428,-17.344826,34.005985,-4.0565877,-11.041687,-14.413937,-39.749493
426,-3.4771294593811035,-11.445672988891602,58.77054214477539,2.9603237279479537,34.846277395744266,41.64869405667283,-98.695114,15.654733,-20.573347,107.210686,-26.711103,-8.4379835,-94.363625,-25.257744,14.355419,103.29379,-29.078396,10.514246,-2.5568638,-10.057115,29.793802,-31.823769,33.438145,-27.657682,82.79813,-37.069946,-8.236595,29.461746,-29.413044,-17.47274,34.354656,-3.5116804,-12.05424,-13.704007,-40.787487
427,-3.4234120845794678,-11.588522911071777,58.566551208496094,3.501864359555402,34.88015825350871,41.952857125493225,-99.003525,15.511058,-20.374557,107.536865,-26.911009,-8.30061,-94.96628,-25.108328,15.05578,103.91673,-29.19379,10.513604,-2.6939933,-10.113462,29.793802,-31.612709,33.550774,-27.589989,82.58628,-36.32369,-8.024411,29.872952,-29.600962,-17.632954,34.763855,-2.7427258,-12.506624,-14.044616,-42.031303
428,-3.378826379776001,-11.69095516204834,58.42521667480469,3.765542652985061,34.962372931512384,42.16963661887084,-98.999435,14.796593,-20.616018,107.621605,-26.671556,-8.523305,-95.31302,-25.221914,15.252824,104.28261,-29.468948,10.638864,-2.8569686,-10.088867,29.793802,-31.438164,33.620277,-27.617222,82.65766,-36.567635,-7.601727,30.490099,-29.847908,-17.916039,35.293053,-2.19679,-14.246148,-14.199699,-43.88421
429,-3.348198175430298,-11.76350212097168,58.278350830078125,4.125417144289549,34.83219025451239,42.30209621278928,-99.05244,14.6448345,-20.501915,107.93395,-26.920937,-8.844062,-95.67061,-25.154722,15.769257,104.7725,-29.45762,10.703216,-2.7546163,-9.945031,29.793802,-31.266657,33.542934,-27.263344,82.396614,-35.9177,-7.258481,30.018242,-29.771648,-18.180565,35.603283,-1.4523972,-13.405549,-13.68656,-43.238068
430,-3.33282470703125,-11.794358253479004,58.18506622314453,4.3656932304885325,34.898980718878995,42.34558322337084,-99.159325,14.43467,-20.453934,108.142624,-26.844292,-8.93935,-95.97654,-25.111254,16.096018,104.97854,-29.541204,10.613772,-2.6534915,-9.770818,29.793802,-31.152702,33.418827,-27.250095,82.15042,-35.690166,-7.3559604,30.64821,-29.557919,-18.397223,35.749435,-0.9311399,-13.017706,-13.426481,-43.387577
431,-3.337238311767578,-11.79101276397705,58.128814697265625,4.541912217671311,34.807940664047294,42.49114102264579,-99.08175,14.167281,-20.406656,108.28049,-26.755602,-9.053683,-96.07602,-25.20946,16.357746,105.18417,-29.614408,10.569632,-2.6098483,-9.565087,29.793802,-31.048174,33.219387,-27.24857,82.06962,-35.513577,-7.0936728,30.781967,-29.479242,-18.64447,36.08167,-0.16328633,-13.485733,-12.798595,-43.771507
432,-3.359961986541748,-11.760541915893555,58.08001708984375,4.145650044471689,34.5888387307447,41.80405712827173,-99.01899,14.373275,-20.809498,108.80549,-26.792854,-8.902482,-95.89794,-24.832348,16.202908,105.238594,-29.449398,10.099256,-2.2528148,-9.054807,29.793802,-30.750914,32.901134,-27.025175,82.15739,-36.246292,-7.034358,30.888582,-28.90082,-18.619757,35.411827,-0.011390664,-10.950151,-12.088096,-41.111134
433,-3.3870701789855957,-11.708930015563965,58.065406799316406,4.1328692525416395,34.38408598141965,41.78595246821886,-98.7543,14.018766,-20.914328,108.96003,-26.621393,-9.199214,-95.77148,-24.77194,16.394636,105.363434,-29.326622,9.956155,-2.0768266,-8.746005,29.793802,-30.685146,32.548935,-26.965137,81.904045,-36.53255,-7.033152,30.677332,-28.496418,-18.57826,35.039215,0.7837779,-10.205433,-11.655265,-40.518394
434,-3.4113855361938477,-11.646025657653809,57.98355484008789,3.9764094125079072,34.347105404553176,41.64306995241961,-98.82058,13.946948,-21.109488,109.28273,-26.487074,-9.131464,-95.71428,-24.550428,16.49426,105.48584,-29.238249,9.938653,-1.9417337,-8.477451,29.793802,-30.64191,32.241318,-27.009867,81.93284,-36.154934,-6.824816,30.801327,-28.210323,-18.513842,34.576477,1.2402443,-9.828399,-11.298829,-40.314487
435,-3.426790952682495,-11.582587242126465,58.00971984863281,4.022241894243785,34.381055027251065,41.745828574983264,-98.744576,13.734149,-21.039646,109.26676,-26.320509,-9.110258,-95.68736,-24.5633,16.641203,105.44179,-29.19513,9.769341,-1.8872241,-8.289563,29.793802,-30.649303,31.930904,-27.093513,81.77151,-36.07212,-6.6125216,30.544409,-28.036795,-18.47182,34.516445,1.8968725,-9.488605,-10.962913,-40.3827
436,-3.4366672039031982,-11.532173156738281,57.89837646484375,4.097355061309977,34.16143628879601,41.729838572177975,-98.67991,13.851088,-20.941685,109.62659,-26.219172,-8.983424,-95.71338,-24.522234,16.980026,105.793945,-29.266188,9.774807,-1.8534279,-8.055572,29.793802,-30.463701,31.561035,-26.9591,81.91646,-36.0115,-6.413782,30.779074,-27.798975,-18.450687,34.572952,2.257213,-8.84442,-11.168885,-40.227005
437,-3.4335618019104004,-11.489341735839844,57.9759407043457,4.209202826681629,34.22133873715709,41.661426302705515,-98.56683,13.8555975,-20.726892,109.57846,-26.16373,-8.885564,-95.68763,-24.368036,17.152988,105.592964,-29.158287,9.703044,-1.8217467,-7.9187107,29.793802,-30.446386,31.212074,-27.140545,82.031746,-36.109142,-6.345142,30.756737,-27.67088,-18.37513,34.385784,2.8312716,-8.336013,-11.079855,-39.92731
438,-3.4275271892547607,-11.460371971130371,57.95368576049805,4.24480995084065,34.10817554202041,41.62376722361644,-98.49539,13.869003,-20.690372,109.75136,-26.125076,-8.7655115,-95.60771,-24.15527,17.380201,105.700424,-29.074093,9.710852,-1.7184641,-7.719119,29.793802,-30.383087,30.862776,-27.208546,82.1256,-35.84382,-6.202539,30.860077,-27.31765,-18.250448,34.13268,3.3553178,-7.714473,-11.116845,-39.57521
439,-3.4204535484313965,-11.440999031066895,57.95294189453125,4.228066019014434,33.91065528571065,41.744428880754825,-98.31352,13.790129,-20.724586,109.77831,-26.09209,-8.848317,-95.421005,-24.331163,17.358185,105.8249,-29.110579,9.673153,-1.6969221,-7.613398,29.793802,-30.384508,30.565836,-27.51383,82.32771,-35.695133,-6.073807,30.719217,-27.279703,-18.200354,34.421654,4.3219953,-7.399702,-10.839763,-39.695946
440,-3.4045138359069824,-11.43366813659668,57.99166488647461,4.501218760086223,33.949118917040856,41.821184228741274,-98.2405,13.636482,-20.471582,109.78356,-25.891733,-8.798648,-95.46261,-24.016558,17.793468,105.78079,-28.897686,9.730221,-1.7236586,-7.5428867,29.793802,-30.34534,30.280426,-27.656065,82.37284,-35.687935,-5.995638,30.551401,-27.054941,-18.082125,34.07748,4.839956,-7.2568707,-10.680021,-39.393753
441,-3.3923699855804443,-11.43002700805664,57.89297103881836,4.29617297352591,33.97684562573146,41.58765599608381,-98.44171,13.735058,-20.762447,110.10142,-25.533539,-8.734825,-95.506004,-23.845097,17.67855,105.91409,-28.876898,9.824129,-1.64936,-7.263957,29.793802,-30.22711,30.0272,-28.041056,82.72659,-35.601192,-5.9556804,30.844995,-26.97956,-17.996712,34.219234,5.0648465,-7.2115593,-10.500012,-39.58551
442,-3.3758487701416016,-11.434355735778809,57.899784088134766,4.632696021656117,34.00139581346105,41.8997439539691,-98.40291,13.565656,-20.460026,110.014336,-25.515388,-8.7565565,-95.63936,-23.810272,18.101381,106.03445,-28.784117,9.789424,-1.641643,-7.2605267,29.793802,-30.334326,29.782305,-28.040035,82.70718,-35.859486,-5.874024,30.689991,-26.651495,-17.90665,34.063198,5.7674227,-6.786412,-9.924405,-39.35698
443,-3.3618788719177246,-11.441028594970703,57.806976318359375,4.699223470925111,33.88565369378939,42.024646634507484,-98.43404,13.462064,-20.519077,110.21958,-25.43268,-8.814533,-95.676926,-23.815348,18.277449,106.34069,-28.828638,9.864827,-1.579103,-7.0721226,29.793802,-30.256588,29.538305,-28.164698,82.74361,-35.966953,-5.7855864,30.634169,-26.479132,-17.880453,34.22724,6.253022,-6.5916286,-9.787436,-39.730827
444,-3.3420498371124268,-11.444165229797363,57.71759033203125,4.6883620339587475,33.88069247519741,42.153098526760665,-98.48708,13.199242,-20.706541,110.345894,-25.293354,-8.990185,-95.763916,-23.90431,18.323774,106.6163,-28.921055,9.681418,-1.5601698,-6.9788494,29.793802,-30.282824,29.344807,-28.617382,83.00123,-35.626564,-5.465296,30.50044,-26.261015,-17.844948,34.406925,6.805173,-6.863432,-9.452653,-40.15156
445,-3.310915946960449,-11.44905948638916,57.639400482177734,4.734364614589311,33.82520908944727,42.293015459880834,-98.55442,13.061645,-20.795277,110.510345,-25.281855,-9.036132,-95.79434,-23.791826,18.511543,106.912796,-28.839481,9.66057,-1.4613032,-6.785525,29.793802,-30.321156,29.138361,-28.66691,83.09797,-35.636948,-5.249256,30.274551,-25.828806,-17.766428,34.239017,7.206854,-6.878609,-9.153898,-40.13491
446,-3.260169267654419,-11.450111389160156,57.616172790527344,4.807415320654545,33.92299877476004,42.35139153796107,-98.67804,13.180101,-20.728,110.54195,-25.171257,-8.908548,-95.89627,-23.752409,18.579967,107.001305,-28.727509,9.704131,-1.4397128,-6.6629677,29.793802,-30.26381,28.927124,-28.985594,83.19015,-35.483177,-5.289154,30.35771,-25.620432,-17.65747,34.226288,7.5942545,-6.513189,-9.005212,-40.596516
447,-3.194180488586426,-11.45044994354248,57.50662612915039,4.794916900479779,33.7564034492269,42.35530051218299,-98.669136,13.179808,-20.892351,110.847694,-25.098297,-8.981369,-95.89739,-23.658318,18.710035,107.43589,-28.772303,9.618602,-1.3723991,-6.481219,29.793802,-30.277517,28.714108,-29.01225,83.650734,-35.77374,-5.0044928,30.344965,-25.37259,-17.553574,34.46842,8.104789,-5.9755855,-8.677306,-40.316185
448,-3.099703311920166,-11.439620971679688,57.50745391845703,5.026131387219103,34.039593560319325,42.78595371352063,-98.81455,12.794544,-20.82777,110.66299,-24.826206,-9.1733055,-96.10865,-23.75684,18.884993,107.56936,-28.67024,9.411903,-1.430519,-6.5332685,29.793802,-30.46672,28.577747,-29.41933,83.705605,-35.590508,-4.821608,30.221035,-25.09546,-17.440384,34.389973,8.732449,-5.9008436,-8.423262,-40.758423
449,-2.984600067138672,-11.429641723632812,57.5787467956543,5.308167218073209,34.319245330686435,42.93336859129733,-98.749825,12.558761,-20.651283,110.406204,-24.857504,-9.263982,-96.237206,-23.59752,19.095135,107.46135,-28.663273,9.38442,-1.4967054,-6.575396,29.793802,-30.586206,28.424574,-29.56191,84.0036,-35.6874,-4.714005,30.04987,-24.961395,-17.311739,34.583595,9.180072,-5.307468,-8.304551,-40.681606
450,-2.858229160308838,-11.416498184204102,57.57239532470703,5.439986381705241,34.52808967735923,43.124680471796275,-98.77369,12.3875475,-20.67694,110.29205,-24.745518,-9.353739,-96.319595,-23.544151,19.166222,107.56486,-28.659988,9.417495,-1.4380869,-6.466067,29.793802,-30.63581,28.245995,-29.752193,84.136734,-35.607887,-4.525751,29.785303,-24.62514,-17.20155,34.983025,9.641907,-5.0481043,-8.302417,-41.36764
451,-2.727043628692627,-11.405598640441895,57.605796813964844,5.58456400475003,34.64093041971431,43.14212629496699,-98.704926,12.323642,-20.640463,110.25471,-24.541836,-9.423006,-96.36583,-23.519245,19.207327,107.6018,-28.54656,9.357903,-1.4370906,-6.4063187,29.793802,-30.608791,28.061182,-29.92247,84.40162,-35.6075,-4.3326774,29.557037,-24.372221,-17.01569,35.052498,10.152799,-4.714385,-8.231181,-40.943153
452,-2.5948646068573,-11.396954536437988,57.68758773803711,5.676671196061675,34.744819749933775,43.063327955712374,-98.49857,12.244807,-20.648546,110.11437,-24.588943,-9.513805,-96.28859,-23.48454,19.107391,107.45474,-28.470236,9.511688,-1.3118148,-6.249738,29.793802,-30.570911,27.825964,-30.032969,84.53278,-35.52863,-4.416738,29.582897,-24.137653,-16.81483,35.213825,10.744989,-4.4838057,-8.064782,-41.215668
453,-2.468611240386963,-11.38722038269043,57.682037353515625,5.715378187238774,34.95507230105672,43.28799148041631,-98.610596,12.066594,-20.77073,110.01997,-24.25302,-9.577429,-96.291046,-23.415133,19.086311,107.57435,-28.37903,9.446128,-1.2400327,-6.080559,29.793802,-30.752642,27.665985,-30.211332,84.62659,-35.404373,-4.21123,29.5602,-23.807175,-16.646349,35.20144,11.389836,-4.450227,-8.023556,-41.266033
454,-2.348243474960327,-11.387693405151367,57.705039978027344,6.039850965641704,35.09726514623232,43.46011098193708,-98.54542,11.876029,-20.594584,109.932495,-24.134327,-9.737935,-96.3908,-23.221813,19.406824,107.642784,-28.294369,9.452485,-1.2592751,-6.116277,29.793802,-30.799145,27.50791,-30.323433,84.715324,-35.457005,-4.0639873,29.454168,-23.57599,-16.44049,35.24431,12.044297,-4.2694902,-7.9078417,-40.697124
455,-2.2407615184783936,-11.389863014221191,57.68408203125,6.020445664647332,35.190324224848865,43.48637359006131,-98.5509,11.691145,-20.809677,109.971275,-23.945234,-9.857491,-96.32764,-22.908333,19.429836,107.78238,-28.242098,9.54116,-1.2211983,-6.0069437,29.793802,-30.793533,27.373741,-30.548487,84.914696,-34.980633,-4.002272,29.395899,-23.42785,-16.234005,35.349747,12.748144,-4.274076,-7.9053116,-40.82941
456,-2.141690731048584,-11.400299072265625,57.65757751464844,6.133548337017935,35.17588185580561,43.46584311891859,-98.438156,11.601967,-20.854406,110.04796,-23.846964,-10.001784,-96.31746,-22.718584,19.564281,107.942894,-28.262741,9.662125,-1.170996,-5.901062,29.793802,-30.666008,27.212532,-30.640022,84.93474,-34.753613,-3.9645567,29.376745,-23.269104,-16.024134,35.462173,13.410747,-3.8418787,-7.7188177,-40.957558
457,-2.051730155944824,-11.41220760345459,57.62039566040039,6.194135138623351,35.1742808946236,43.53487348744316,-98.41739,11.463843,-20.964504,110.12843,-23.713696,-10.18249,-96.307785,-22.54196,19.678297,108.169624,-28.202755,9.576333,-1.1334406,-5.8056235,29.793802,-30.650305,27.077713,-30.731144,85.009476,-34.739624,-3.950719,29.427832,-23.008615,-15.801746,35.477222,14.114241,-3.3653271,-7.5739355,-40.477978
458,-1.9711233377456665,-11.42656135559082,57.5922737121582,6.191080295304793,35.150080849460295,43.68265232354608,-98.36039,11.198337,-21.171118,110.14411,-23.500536,-10.432579,-96.16616,-22.31066,19.739626,108.375565,-28.19743,9.624562,-1.0756396,-5.7118025,29.793802,-30.719013,26.987225,-30.808994,85.053894,-34.535507,-3.9186108,29.54577,-22.876993,-15.605996,35.43464,15.020637,-2.896691,-7.543719,-40.492294
459,-1.8927680253982544,-11.445594787597656,57.504737854003906,6.571235316639383,35.40552124068383,44.003214040130366,-98.49139,10.842887,-21.051691,110.113625,-23.318449,-10.5730095,-96.444275,-21.865215,20.315739,108.65507,-28.108727,9.719733,-1.1519173,-5.7825413,29.793802,-30.825018,26.933039,-30.774921,85.01154,-34.191353,-3.90919,29.647402,-22.672594,-15.454554,35.43977,15.424511,-2.3950377,-7.316166,-40.80946
460,-1.835120439529419,-11.47081184387207,57.48188400268555,6.6076496368457205,35.36316206236327,43.98394861045178,-98.455925,10.706242,-21.167131,110.21873,-23.16829,-10.749511,-96.39031,-21.623991,20.407242,108.794685,-28.043781,9.797422,-1.1307455,-5.742791,29.793802,-30.772879,26.885193,-30.841923,85.06513,-33.913437,-3.8340194,29.912703,-22.661482,-15.299538,35.652767,16.165314,-2.3414876,-7.1910686,-40.544003
461,-1.7926372289657593,-11.49848747253418,57.46783447265625,6.7009660752845495,35.555152024498256,44.1144532149318,-98.663315,10.604044,-21.180923,110.18628,-22.94736,-10.723846,-96.55931,-21.519075,20.478918,108.859924,-27.917423,9.635396,-1.122937,-5.706762,29.793802,-30.878925,26.874762,-30.907356,85.01478,-33.879974,-3.8080087,30.12873,-22.690895,-15.155064,35.649803,16.791182,-2.2159288,-6.8096757,-40.22906
462,-1.7754634618759155,-11.538983345031738,57.418399810791016,6.8743158514725975,35.363581009584465,44.26485571373441,-98.63281,10.577584,-21.090538,110.32917,-22.860899,-10.780024,-96.48136,-21.305176,20.79733,109.13057,-27.839859,9.714591,-1.1616297,-5.6819024,29.793802,-30.771189,26.811792,-30.81707,84.94902,-33.84155,-3.8252468,30.263573,-22.73096,-15.027189,35.741505,17.63513,-1.130515,-6.983114,-40.273956
463,-1.7776336669921875,-11.57938289642334,57.380069732666016,6.867169976186686,35.47590583467617,44.23473525103527,-98.817924,10.609111,-21.152506,110.375725,-22.711699,-10.709053,-96.58623,-21.010729,20.87122,109.18092,-27.573816,9.823803,-1.1422958,-5.5474153,29.793802,-30.745527,26.7689,-30.926102,84.86411,-33.77656,-3.8256302,30.69788,-22.711147,-14.906921,35.63462,18.084469,-0.65648186,-6.74392,-40.724567
464,-1.8047428131103516,-11.625630378723145,57.357723236083984,6.90300866847514,35.299328333635,44.27462207763417,-98.84053,10.675657,-21.115856,110.48768,-22.672762,-10.667258,-96.54444,-20.911623,20.984295,109.334816,-27.440933,9.834669,-1.1757721,-5.50762,29.793802,-30.6728,26.70721,-30.981955,84.8535,-33.578175,-3.7480426,30.783428,-22.805939,-14.765452,35.43181,18.93489,0.051805943,-6.6187134,-40.4306
465,-1.845652461051941,-11.669052124023438,57.29265213012695,7.000203866157595,35.15855444117818,44.471694755727334,-98.97259,10.671889,-21.05331,110.63309,-22.634186,-10.733826,-96.54639,-20.821623,21.208471,109.55824,-27.37524,9.871332,-1.2623382,-5.489179,29.793802,-30.589758,26.656765,-31.196146,84.66982,-33.19285,-3.7284272,30.804596,-22.8337,-14.638551,35.300953,19.79503,-0.15810348,-6.348972,-40.909042
466,-1.8943839073181152,-11.70932388305664,57.30653381347656,7.160701719951997,35.03904234623324,44.55543076831984,-98.98989,10.738529,-20.832209,110.65427,-22.567698,-10.665871,-96.54885,-20.645685,21.48053,109.59193,-27.225718,9.93098,-1.383208,-5.50555,29.793802,-30.504023,26.573606,-31.302502,84.60318,-32.884945,-3.6793778,30.791428,-23.09897,-14.527592,35.240055,20.694658,0.8927387,-6.395783,-41.126358
467,-1.9470634460449219,-11.74056339263916,57.249813079833984,7.029432653382434,34.92369650417939,44.36290110011144,-99.128746,10.99239,-20.90444,110.90713,-22.44011,-10.543996,-96.507126,-20.445616,21.47499,109.64671,-27.229668,10.05198,-1.4250653,-5.3890433,29.793802,-30.340809,26.47199,-31.410074,84.752144,-32.72032,-3.5151348,30.670942,-23.341717,-14.416664,35.333443,21.474144,2.164302,-6.411579,-41.368618
468,-1.9919073581695557,-11.761281967163086,57.278282165527344,7.053777932580271,35.02548973098979,44.43286740351071,-99.34991,11.197775,-20.745317,110.82658,-22.33201,-10.410621,-96.52664,-20.349316,21.49269,109.483444,-27.11235,10.268027,-1.4752944,-5.350122,29.793802,-30.412079,26.40548,-31.451635,84.73023,-32.844215,-3.6123102,30.798388,-23.607529,-14.3257065,35.039425,22.517895,3.627269,-6.2298574,-41.448116
469,-2.027717113494873,-11.777998924255371,57.33641815185547,7.020691065069889,35.029941348227894,44.28264848095348,-99.30668,11.365222,-20.658579,110.73055,-22.41973,-10.358549,-96.39679,-20.018492,21.525036,109.24459,-27.129795,10.613031,-1.5474536,-5.3065596,29.793802,-30.377008,26.2995,-31.446709,84.972466,-32.899433,-3.4538693,30.553402,-23.889467,-14.25394,35.06985,23.512682,5.240235,-6.064509,-41.42715
470,-2.0463881492614746,-11.787883758544922,57.374542236328125,7.202302080972924,35.180330371067534,44.49807960120936,-99.49362,11.46195,-20.37667,110.57674,-22.368732,-10.284611,-96.47225,-19.970303,21.688166,109.10286,-27.022648,10.766692,-1.614104,-5.329213,29.793802,-30.482798,26.220327,-31.548038,84.91298,-32.974064,-3.456782,30.496449,-24.065434,-14.206765,34.974537,24.949888,6.501982,-5.584678,-41.61019
471,-2.054564952850342,-11.797821044921875,57.3468132019043,7.141284530442969,35.01502912415817,44.55910049614641,-99.598785,11.520821,-20.441761,110.77346,-22.330679,-10.282984,-96.34271,-19.971542,21.66409,109.22437,-26.851894,10.936457,-1.538138,-5.1565104,29.793802,-30.412088,26.105095,-31.692541,84.83158,-33.1354,-3.2659545,30.262634,-24.036293,-14.135981,34.86889,26.64181,7.554766,-5.085858,-41.2544
472,-2.0409324169158936,-11.805688858032227,57.31344223022461,7.129048084078955,35.074651722891275,44.56041565208618,-99.80718,11.699988,-20.429823,110.87611,-22.353315,-10.231905,-96.35657,-19.853031,21.681986,109.236496,-26.936102,11.045233,-1.497002,-4.9623284,29.793802,-30.356047,25.950874,-31.960817,84.87516,-32.95812,-3.1390426,30.145731,-24.294119,-14.103134,35.402645,28.390543,8.587612,-4.1657825,-40.369762
473,-2.0061991214752197,-11.814072608947754,57.27903747558594,7.54369327449188,35.25284800490046,44.86869612592585,-99.90287,11.572378,-20.098682,110.792366,-22.225386,-10.415347,-96.4756,-19.686308,22.142508,109.24845,-27.00571,11.435951,-1.6053735,-4.976373,29.793802,-30.359585,25.80533,-31.980898,84.77258,-33.071747,-3.0939715,29.877325,-24.226257,-14.11701,35.6684,30.025461,9.121955,-3.4861867,-40.45063
474,-1.9596835374832153,-11.82155704498291,57.29436111450195,7.640243319362347,35.34578148179437,44.89130417764205,-100.046425,11.935822,-19.899239,110.7813,-22.37056,-10.071659,-96.40357,-19.476671,22.226038,109.14287,-27.071478,11.752361,-1.6330799,-4.916399,29.793802,-30.273033,25.671213,-32.052555,84.83731,-32.77848,-2.9773633,29.774218,-24.105425,-14.14101,35.699696,31.695152,10.084618,-3.0770614,-40.86811
475,-1.9057499170303345,-11.826319694519043,57.28276443481445,7.826522342813234,35.29041454744603,45.054745408258114,-100.00694,11.97736,-19.741718,110.79847,-22.34949,-10.138743,-96.33485,-19.480482,22.404213,109.24406,-27.127638,11.796987,-1.683643,-4.855195,29.793802,-30.137136,25.516754,-32.13163,84.82543,-32.435024,-2.822424,29.48334,-23.85237,-14.183587,35.868248,33.53094,10.390535,-2.9359596,-41.18419
476,-1.8449053764343262,-11.825693130493164,57.2657470703125,7.965400539821687,35.31745896970966,45.170176919318386,-100.01576,11.958573,-19.676704,110.822685,-22.4467,-10.208677,-96.29847,-19.459864,22.50539,109.289474,-27.202486,11.976127,-1.7139872,-4.822361,29.793802,-30.04691,25.371735,-32.24787,84.91474,-32.37536,-2.7414186,29.135769,-23.627916,-14.231505,36.023186,35.186176,10.774379,-2.5881567,-41.264038
477,-1.780084490776062,-11.82109260559082,57.2887077331543,7.925183081532863,35.35589375357873,45.02572399013643,-100.04092,12.274663,-19.647583,110.85794,-22.496094,-10.066998,-96.23407,-19.444433,22.371178,109.202644,-27.236238,12.013568,-1.645403,-4.650505,29.793802,-29.918962,25.201668,-32.313797,85.05292,-32.114574,-2.563873,28.93942,-23.491432,-14.279756,36.21897,36.86528,12.080274,-2.2252634,-41.111362
478,-1.7112683057785034,-11.812596321105957,57.29771423339844,8.029049570436785,35.43999732256801,45.05814132904954,-100.12208,12.550233,-19.48893,110.8608,-22.560265,-9.887742,-96.2352,-19.406977,22.408339,109.17546,-27.27682,12.140968,-1.6651194,-4.562545,29.793802,-29.83143,25.038713,-32.419044,85.15214,-32.03696,-2.459464,28.733688,-23.27524,-14.347945,36.345406,38.33474,12.158939,-1.9930543,-41.205936
479,-1.6416082382202148,-11.800275802612305,57.31589126586914,8.109049035419458,35.6110072910612,45.102357930245695,-100.23936,12.742164,-19.373722,110.80558,-22.612999,-9.696269,-96.246666,-19.272577,22.446472,109.09899,-27.311043,12.260713,-1.6728992,-4.4673276,29.793802,-29.830727,24.895166,-32.515373,85.30463,-32.05178,-2.4002285,28.704086,-23.060127,-14.433481,36.379356,39.708138,12.758475,-1.8448385,-41.113026
480,-1.575231909751892,-11.787342071533203,57.4050178527832,8.232026333178576,35.77911941381267,45.149387048076406,-100.17737,12.801203,-19.207537,110.58061,-22.63366,-9.605758,-96.21007,-19.257826,22.430927,108.86245,-27.301905,12.318826,-1.6880311,-4.431373,29.793802,-29.874002,24.754028,-32.5323,85.45807,-31.915361,-2.4018958,28.530579,-22.924421,-14.540622,36.497387,41.11852,13.15253,-1.7640605,-41.182755
481,-1.5167391300201416,-11.77750301361084,57.447021484375,8.323784304900336,35.8704753256789,45.31811411655651,-100.25492,12.91726,-19.07418,110.468864,-22.739614,-9.570399,-96.10671,-19.12137,22.488703,108.79071,-27.290878,12.485275,-1.6812755,-4.375904,29.793802,-29.96515,24.643414,-32.59636,85.550186,-32.078465,-2.0900366,28.283653,-22.710012,-14.647556,36.472134,42.46512,12.971576,-1.3659073,-40.859222
482,-1.47055184841156,-11.771642684936523,57.43346405029297,8.313689702960769,35.89483966511435,45.37385681697232,-100.29515,13.012023,-19.097704,110.48738,-22.695269,-9.572674,-96.01187,-19.103909,22.439573,108.808266,-27.414536,12.611617,-1.706423,-4.3513637,29.793802,-29.903646,24.560596,-32.743923,85.70858,-31.794197,-2.2578714,28.315357,-22.490566,-14.761368,36.627293,43.614197,13.021988,-1.4632964,-41.131245
483,-1.4318698644638062,-11.773666381835938,57.50111770629883,8.466709157155577,36.08713320104251,45.456395302291114,-100.38642,13.141046,-18.876001,110.316345,-22.741505,-9.47079,-96.055504,-19.028654,22.498747,108.59497,-27.323236,12.687543,-1.7239072,-4.340052,29.793802,-29.939863,24.489683,-32.81464,85.676865,-31.975502,-2.1768417,28.073086,-22.38006,-14.870655,36.549004,44.615013,13.159471,-1.227218,-40.808372
484,-1.41155207157135,-11.784663200378418,57.61157989501953,8.353796915654078,36.049948055956385,45.34935005722018,-100.28168,13.29472,-18.879595,110.16765,-22.798025,-9.456586,-95.8514,-19.019701,22.263933,108.34514,-27.318262,12.673262,-1.7284049,-4.3285966,29.793802,-29.90717,24.424677,-32.954823,85.84571,-31.6179,-2.1357565,28.02689,-22.30182,-14.940792,36.60082,45.67084,13.221673,-1.2808574,-40.18308
485,-1.402485966682434,-11.808993339538574,57.568695068359375,8.325918992314328,35.9211636216189,45.300843143274015,-100.28701,13.512868,-18.889505,110.30139,-22.866997,-9.454435,-95.73079,-18.915144,22.280748,108.4478,-27.463568,12.845306,-1.7411953,-4.2896585,29.793802,-29.792091,24.376173,-32.88398,85.93503,-31.526075,-2.1421437,27.900427,-22.13086,-15.019757,36.6035,46.468876,13.407655,-1.2713505,-39.970512
486,-1.399310827255249,-11.84341049194336,57.577999114990234,8.430074363745206,35.94797105549543,45.26942026947492,-100.24561,13.495811,-18.825317,110.263596,-23.025787,-9.476235,-95.7331,-18.837006,22.344608,108.353424,-27.522127,12.999783,-1.7643596,-4.2685924,29.793802,-29.706247,24.317644,-32.808975,85.91491,-31.380043,-2.297821,27.728485,-22.010677,-15.133223,36.74638,47.071144,13.806884,-1.3567733,-40.166756
487,-1.4011597633361816,-11.886542320251465,57.53757858276367,8.643084587380345,36.0823172949222,45.56539821190715,-100.49063,13.526325,-18.645487,110.19546,-22.99469,-9.443789,-95.85435,-18.686325,22.586233,108.42444,-27.517153,13.201902,-1.854415,-4.3238525,29.793802,-29.812206,24.305212,-33.08153,85.98525,-31.20108,-2.1739151,27.757977,-21.895287,-15.254291,36.882805,47.776234,13.420616,-1.1248033,-40.387455
488,-1.4138261079788208,-11.941142082214355,57.528358459472656,8.617442119809247,35.8446194850078,45.557074317585055,-100.36029,13.400837,-18.76196,110.275955,-23.01177,-9.634261,-95.65483,-18.561792,22.615135,108.52958,-27.539473,13.300563,-1.8539755,-4.3069754,29.793802,-29.738037,24.283552,-33.13129,86.078766,-31.0258,-2.1555035,27.60141,-21.673433,-15.345551,36.970036,48.375484,13.491969,-1.1649016,-40.12403
489,-1.426942229270935,-12.001660346984863,57.49164962768555,8.614137899429627,35.637712980680945,45.54885527529506,-100.318344,13.431862,-18.825489,110.40513,-23.029251,-9.6889,-95.54645,-18.52309,22.624569,108.6647,-27.635012,13.410657,-1.8550451,-4.272396,29.793802,-29.617256,24.252172,-33.151993,86.10183,-30.698154,-2.169306,27.38446,-21.511892,-15.422553,37.135513,48.90628,13.343742,-1.2118586,-40.07384
490,-1.4335336685180664,-12.064888954162598,57.46760559082031,8.800279297969434,35.65111755380254,45.597738628375836,-100.42742,13.590217,-18.64047,110.42793,-23.06654,-9.530495,-95.65588,-18.425592,22.800146,108.69969,-27.717329,13.4901495,-1.9165478,-4.2960052,29.793802,-29.558191,24.210594,-33.312706,86.14462,-30.582878,-2.2238278,27.320324,-21.452318,-15.524074,37.38668,49.248756,13.689608,-1.2122618,-40.00395
491,-1.441851019859314,-12.127360343933105,57.45185089111328,8.789911519276611,35.54951125535134,45.59352028616656,-100.45021,13.648528,-18.689718,110.480385,-23.098711,-9.483292,-95.5829,-18.320013,22.781721,108.75133,-27.767267,13.63827,-1.9235193,-4.188655,29.793802,-29.511976,24.1589,-33.3824,86.22319,-30.036964,-2.0424597,27.019411,-21.36773,-15.6232815,37.418877,49.622604,13.069248,-1.2845505,-40.00931
492,-1.4464985132217407,-12.191302299499512,57.421058654785156,8.998810522364264,35.46475119578857,45.750662563028314,-100.45112,13.640676,-18.539026,110.48474,-23.086157,-9.516702,-95.61333,-18.175594,23.043365,108.90482,-27.743864,13.762453,-1.9447091,-4.16019,29.793802,-29.520794,24.091364,-33.354797,86.244,-30.083916,-1.9787968,26.90412,-21.22725,-15.729001,37.393547,49.963142,13.504808,-1.1894672,-40.071503
493,-1.4524706602096558,-12.250162124633789,57.4388427734375,8.95999453336662,35.5832087682888,45.76202568690997,-100.57336,13.652066,-18.604677,110.35334,-23.196936,-9.391861,-95.81336,-18.403982,22.807987,108.84817,-27.740444,13.379637,-1.8706818,-4.009759,29.793802,-29.62245,24.012623,-33.450607,86.38656,-30.150103,-1.9109153,26.598965,-21.180248,-15.834594,37.514053,50.263443,14.584135,-1.1796899,-39.839405
494,-1.4616432189941406,-12.313746452331543,57.452125549316406,8.99803850467779,35.64276671832198,45.82071880876218,-100.65719,13.647732,-18.601086,110.25106,-23.17211,-9.391903,-95.83022,-18.315151,22.77483,108.76355,-27.800613,13.529146,-1.9182011,-3.9735494,29.793802,-29.654427,23.954523,-33.68333,86.562584,-29.987131,-1.9793336,26.577284,-21.196697,-15.938222,37.55331,50.580612,14.57424,-1.1930107,-40.140766
495,-1.4794930219650269,-12.38578987121582,57.43925476074219,9.056846127142816,35.49633612456927,45.8881739160726,-100.67077,13.786794,-18.533056,110.27251,-23.241913,-9.29139,-95.75023,-18.199547,22.853535,108.85233,-27.840136,13.639307,-1.9000651,-3.9129941,29.793802,-29.64758,23.89208,-33.626747,86.577415,-29.710829,-1.8719814,26.498552,-21.06628,-16.032345,37.433453,50.839222,14.118658,-1.3045105,-40.053635
496,-1.5072288513183594,-12.460165023803711,57.4779052734375,9.071174521111146,35.43629961196297,46.000676579790095,-100.657,13.669755,-18.561459,110.14709,-23.195633,-9.315775,-95.678505,-18.21338,22.774893,108.79274,-27.804527,13.659046,-1.8537803,-3.8618135,29.793802,-29.763958,23.831299,-33.65361,86.69874,-29.825779,-1.9506023,26.351517,-21.050888,-16.13036,37.386585,51.181072,14.584386,-1.2614486,-40.494244
497,-1.5464463233947754,-12.54262924194336,57.47098159790039,9.109407075463198,35.2207004304211,46.09558895102353,-100.612144,13.641812,-18.55986,110.15322,-23.16088,-9.389645,-95.57999,-18.14368,22.834377,108.91298,-27.724512,13.7479515,-1.8588856,-3.8386784,29.793802,-29.801008,23.78098,-33.64773,86.8252,-29.58373,-1.8159899,26.366293,-20.95785,-16.225191,37.281235,51.38109,14.311111,-1.2521744,-40.558018
498,-1.5900200605392456,-12.628448486328125,57.387245178222656,9.310412955222791,35.13859739658446,46.28876252850099,-100.66649,13.569116,-18.461887,110.18884,-23.15221,-9.472045,-95.648766,-17.974825,23.126286,109.11751,-27.80621,14.000308,-1.9257785,-3.86614,29.793802,-29.742374,23.740671,-33.739906,86.810425,-29.412886,-1.9609869,26.48547,-20.800156,-16.34651,37.292763,51.2913,14.103213,-1.3416773,-41.681316
499,-1.6442278623580933,-12.717127799987793,57.34124755859375,9.122416880358545,34.85852183163808,45.9836265296265,-100.59755,13.757005,-18.668232,110.403755,-23.233236,-9.4645605,-95.51783,-17.849167,22.979193,109.19728,-27.875458,14.084894,-1.9427518,-3.786337,29.793802,-29.537367,23.694986,-33.74199,87.11158,-29.231627,-1.8519796,26.389874,-20.741404,-16.443579,37.18376,51.12315,13.936761,-1.4988139,-41.398415
500,-1.6936269998550415,-12.805583953857422,57.2908821105957,9.174942449729715,34.752585910323624,46.01312668570472,-100.794876,14.142465,-18.526674,110.512245,-23.224874,-9.180941,-95.498405,-17.58988,23.124508,109.30011,-27.799765,14.342683,-1.9338372,-3.7602925,29.793802,-29.583586,23.676153,-33.42282,87.21717,-29.074337,-1.7242875,26.57448,-20.65866,-16.568296,36.768375,51.106415,14.899662,-1.5739192,-41.47115
501,-1.7423421144485474,-12.887353897094727,57.295902252197266,9.146458517182522,34.61894841955122,46.02411073500449,-100.8292,14.149915,-18.569756,110.519104,-23.30986,-9.209678,-95.447426,-17.579311,23.065138,109.30171,-27.715586,14.322334,-1.9786446,-3.7880552,29.793802,-29.530888,23.675058,-33.471924,87.322945,-29.019962,-1.759665,26.620724,-20.600092,-16.678625,36.597904,51.147533,15.188865,-1.6860303,-41.115173
502,-1.783858299255371,-12.9642333984375,57.245635986328125,9.343744522470782,34.46235030005615,46.30749479388674,-100.82207,14.018091,-18.448088,110.49403,-23.312832,-9.410403,-95.48639,-17.645683,23.281088,109.50742,-27.859823,14.3521185,-2.0929735,-3.8987017,29.793802,-29.479477,23.68471,-33.548,87.32083,-28.53657,-1.7994418,26.548388,-20.451414,-16.842346,36.735157,50.978,14.060852,-1.9329454,-41.62806
503,-1.816470742225647,-13.032759666442871,57.280338287353516,9.526399150809802,34.45016678032941,46.44804446107694,-100.8119,14.053999,-18.22864,110.335175,-23.392637,-9.386112,-95.51933,-17.58191,23.431547,109.43851,-27.765282,14.445372,-2.160679,-4.0007706,29.793802,-29.459837,23.705603,-33.41222,87.32376,-28.21468,-1.8652332,26.545412,-20.383163,-17.015812,36.46632,50.743908,13.918136,-2.0364802,-41.92742
504,-1.8479552268981934,-13.090856552124023,57.28215408325195,9.57231651562484,34.34359145758612,46.483325342537384,-100.7524,13.976151,-18.226671,110.31113,-23.516495,-9.469498,-95.45544,-17.489079,23.495527,109.44371,-27.836205,14.514165,-2.2074695,-4.0626264,29.793802,-29.314491,23.724895,-33.377747,87.37254,-27.99525,-1.8909452,26.417366,-20.274364,-17.191444,36.326477,50.368168,13.147745,-2.2873888,-42.232517
505,-1.8777573108673096,-13.138895034790039,57.255577087402344,9.570587893195736,34.32891439141212,46.27754010710626,-100.77947,14.25538,-18.180456,110.39424,-23.592972,-9.321534,-95.55177,-17.384665,23.496302,109.42011,-27.745707,14.623782,-2.2909029,-4.1285377,29.793802,-29.07179,23.753254,-33.153515,87.564644,-27.709953,-1.965129,26.44001,-20.216269,-17.382057,36.009518,49.739063,13.037683,-2.6147928,-42.2843
506,-1.915006160736084,-13.174925804138184,57.22366714477539,9.469005473949188,34.1976061158151,46.18163015717887,-100.77637,14.377028,-18.26281,110.48717,-23.665789,-9.319826,-95.44099,-17.253881,23.459501,109.45322,-27.880789,14.787325,-2.3933153,-4.166129,29.793802,-28.83133,23.799007,-33.017124,87.738396,-27.618765,-1.9052742,26.35547,-20.18407,-17.600067,35.763805,49.248493,12.953237,-2.9649496,-41.715454
507,-1.9550973176956177,-13.198471069335938,57.28681182861328,9.697937189869894,34.230864545936626,46.234783201087296,-100.512344,14.096027,-18.059359,110.23785,-23.880144,-9.596516,-95.49583,-17.27926,23.645279,109.241936,-27.941118,14.883964,-2.519353,-4.3358035,29.793802,-28.641508,23.841633,-32.845963,87.69693,-27.476307,-2.1499443,26.056591,-20.23238,-17.889498,35.64403,48.660477,12.340941,-3.2498515,-42.69034
508,-2.005012273788452,-13.216206550598145,57.27130889892578,9.78788618654092,34.120701821503346,46.17877074975663,-100.43198,14.182601,-17.9252,110.31434,-24.064604,-9.575308,-95.4177,-17.133963,23.778994,109.190636,-28.092964,15.000033,-2.6776779,-4.5023537,29.793802,-28.347036,23.90164,-32.62011,87.88544,-27.237886,-2.1503053,25.784136,-20.290241,-18.21884,35.2645,47.951546,11.867228,-3.428249,-43.04898
509,-2.0693552494049072,-13.218376159667969,57.263206481933594,9.524233362952124,33.91194367387066,45.85783672451925,-100.375984,14.611307,-18.002588,110.49516,-24.301695,-9.344166,-95.25491,-17.07767,23.573103,109.146324,-28.115635,15.000033,-2.700611,-4.495613,29.793802,-28.037533,23.977705,-32.32995,88.136406,-27.073967,-2.1230757,25.752554,-20.311409,-18.576044,34.738064,47.230583,11.703083,-3.8437464,-42.518856
510,-2.1357038021087646,-13.209795951843262,57.325016021728516,9.488611091556164,33.72809176847468,45.766689975942754,-100.124374,14.631426,-17.914585,110.43455,-24.447037,-9.524365,-95.04749,-17.113907,23.509008,108.945786,-28.264978,15.000033,-2.7981026,-4.564634,29.793802,-27.822502,24.070225,-32.152657,88.27644,-26.818901,-2.028917,25.230867,-20.536041,-19.028248,34.421585,46.41765,10.27397,-4.1296635,-43.043556
511,-2.2031710147857666,-13.18403434753418,57.25817108154297,9.25851331574514,33.52247207106988,45.49637669765009,-100.03526,14.951677,-18.020527,110.66716,-24.727482,-9.499963,-94.87898,-17.025354,23.375736,108.98354,-28.527887,15.000033,-2.8432984,-4.5614,29.793802,-27.528032,24.222076,-31.919733,88.62738,-26.785355,-2.0627,24.94401,-20.695692,-19.592487,34.054974,45.236137,9.3483515,-4.575514,-43.24083
512,-2.2580180168151855,-13.133102416992188,57.3603401184082,9.090160869871754,33.64673683288197,45.3393857494972,-99.96391,15.200522,-17.929264,110.462,-24.77288,-9.312525,-94.76946,-17.034498,23.10564,108.55272,-28.4944,15.000033,-2.9309986,-4.6403084,29.793802,-27.402636,24.470608,-31.831907,89.041115,-26.464645,-2.311678,24.771732,-21.070906,-20.308334,33.698517,44.04856,8.781858,-5.191623,-44.005215
513,-2.3003225326538086,-13.062084197998047,57.368499755859375,8.873935576929101,33.441135496941584,44.90193908311416,-99.77224,15.719922,-17.889965,110.70396,-25.079342,-9.147569,-94.57912,-17.01392,22.968113,108.42934,-28.51331,15.000033,-3.0420525,-4.7131476,29.793802,-27.070877,24.789951,-31.679163,89.66245,-26.028185,-2.1018722,24.521025,-21.412413,-21.147001,33.370304,42.73916,7.70742,-5.5863194,-43.623203
514,-2.3128113746643066,-12.9577054977417,57.50421142578125,8.830678853563949,33.26736565237579,44.79707676736741,-99.337555,16.118309,-17.545763,110.543,-25.251167,-8.933655,-94.26921,-17.242546,22.91146,108.148994,-28.491556,15.000033,-3.2123764,-4.7958555,29.793802,-26.898216,25.243109,-31.617146,90.38009,-25.43811,-1.8168236,23.684715,-21.966934,-22.187828,33.067684,41.361233,6.1316485,-6.090068,-43.66443
515,-2.274641990661621,-12.829546928405762,57.578224182128906,8.848940482945467,33.060094708692795,44.71571978809885,-98.833435,16.3257,-17.310022,110.51956,-25.46391,-8.915076,-93.84799,-17.32634,22.96304,108.007286,-28.708534,15.000033,-3.3218157,-4.891874,29.793802,-26.683622,25.96039,-31.543987,91.38719,-24.65986,-1.9152565,23.332693,-22.564264,-23.490978,32.29741,39.47159,4.456111,-6.488612,-44.31147
516,-2.1676430702209473,-12.671717643737793,57.693023681640625,8.795193066631896,32.883288557430845,44.3300568448893,-98.53991,17.447607,-16.855543,110.71063,-25.758194,-8.328237,-93.43414,-17.35221,22.873291,107.76176,-28.684753,15.000033,-3.3941894,-4.941033,29.793802,-26.420656,26.885777,-31.243103,92.52726,-24.968874,-1.6272467,23.167873,-23.019604,-25.064306,31.286018,37.170815,3.3478098,-6.625995,-43.587593
517,-1.9715971946716309,-12.476312637329102,57.91594314575195,8.491884974429565,32.85778391118383,43.29510115020473,-97.69743,18.182386,-16.827896,110.67774,-26.408525,-8.206955,-92.9063,-17.438215,22.216154,107.00137,-28.67593,15.000033,-3.3740332,-4.9085107,29.793802,-25.850348,28.058146,-30.829912,93.80614,-24.748901,-1.824695,23.350224,-23.647974,-27.070826,30.29463,33.925217,1.2190956,-7.5336814,-44.411343
518,-1.6687220335006714,-12.22298526763916,58.134620666503906,8.584199189083137,33.0526795061401,42.974958367174914,-97.033714,19.099865,-16.230284,110.379,-26.87999,-7.8886786,-92.51956,-17.57341,22.126698,106.52201,-28.823841,15.000033,-3.519033,-5.0052557,29.793802,-25.468664,29.500603,-30.186743,95.488754,-25.349821,-1.5752926,22.979084,-24.263124,-29.515875,29.345875,30.712532,-0.537894,-8.138004,-44.385418
519,-1.2404321432113647,-11.923357963562012,58.45612335205078,8.726260175870202,33.44702101491075,42.36175605105695,-96.234085,20.146547,-15.536357,109.99633,-27.337952,-7.785786,-92.0977,-17.77583,21.791594,105.63571,-29.001131,15.000033,-3.8480153,-5.1908574,29.793802,-24.37316,31.216463,-29.600546,97.11308,-25.715824,-1.2089964,22.602924,-25.644463,-32.397144,28.244345,28.364744,-1.4119709,-8.3004,-43.80868
520,-0.6943385601043701,-11.5617094039917,58.672096252441406,8.544523645903311,33.38689332911979,42.04724806314943,-95.45531,21.37668,-15.258317,109.95836,-27.932772,-7.221498,-91.022156,-17.853933,21.317095,105.34803,-29.46955,15.000033,-4.1605735,-5.191566,29.793802,-22.993677,33.19378,-28.720255,98.76984,-26.121134,-0.9923879,22.781366,-27.425766,-35.766323,27.153276,26.396927,-2.4930725,-8.861645,-44.7954
521,-0.01007770374417305,-11.1151704788208,59.3381233215332,9.809133196116246,34.34688635242449,42.87410925182004,-94.930046,22.75224,-12.918698,108.84769,-28.55192,-6.0253134,-90.3252,-18.29757,21.805393,103.77639,-30.350962,15.000033,-4.9201374,-5.436932,29.793802,-20.717213,35.484467,-27.677097,99.56397,-26.634079,-0.9499043,22.997477,-30.973963,-39.78092,26.587576,23.357676,-3.4910474,-10.355853,-44.94745
522,0.7471768856048584,-10.552595138549805,59.625221252441406,10.520417777984918,35.68518123118062,43.35789639717627,-94.54924,22.946194,-11.940004,108.05716,-28.52883,-6.1356573,-90.15066,-17.97922,22.362633,103.08298,-30.455896,15.000033,-5.361207,-5.3019743,29.793802,-18.128351,37.894043,-26.257442,100.46028,-25.408005,-0.56549,22.408148,-32.616116,-43.816265,24.40044,21.582878,-2.1557238,-10.81971,-45.298306
523,1.5524235963821411,-9.895367622375488,59.66952896118164,10.91408930598435,37.10701354440545,43.83515663705392,-94.5907,24.02025,-11.123897,107.6498,-28.784529,-5.9806294,-90.091034,-18.292553,22.256945,102.671425,-31.18003,15.000033,-6.05236,-5.3091984,29.793802,-14.232971,40.360832,-24.297493,100.58486,-24.541296,0.013308791,22.462112,-35.4343,-48.303432,22.96639,21.42379,-1.0473711,-10.279409,-45.690655
524,2.37227201461792,-9.156451225280762,59.50593948364258,11.30882945776216,38.859105806631895,44.28031123527361,-94.88277,25.11046,-10.412373,107.4104,-28.608215,-5.702071,-90.42882,-18.517603,22.16134,102.52221,-31.324768,15.000033,-6.853122,-5.6764445,29.793802,-9.675646,42.597855,-21.052355,100.6851,-28.11125,1.5796337,22.803488,-36.362995,-53.095673,20.431606,20.730158,1.2907994,-8.969306,-50.415554
525,3.1175873279571533,-8.307540893554688,59.257118225097656,10.945085723724386,39.52486987993592,44.82127266451283,-95.022644,25.394836,-10.890164,107.9431,-28.727818,-6.1490045,-89.84214,-19.167591,21.816563,103.152054,-32.49665,15.000033,-7.5603666,-5.4711666,29.793802,-3.6614995,44.74662,-17.674334,98.873535,-25.549772,2.4692311,22.721449,-39.670856,-58.334984,19.577772,21.988565,2.8172197,-9.308361,-51.668343
526,3.8226113319396973,-7.397845268249512,59.22919464111328,11.744235910703228,41.6950923415508,46.569340769517716,-95.922615,25.391462,-9.976155,107.29677,-27.904299,-6.456957,-89.85515,-19.942097,21.976263,102.25361,-33.085537,15.000033,-8.861122,-5.5067234,29.793802,4.280268,46.445335,-12.434301,95.983765,-25.629917,4.2935224,22.350533,-44.011047,-64.082016,18.833551,25.84268,6.9667926,-8.7809725,-48.913788
527,4.4359354972839355,-6.4817681312561035,58.86811065673828,12.498127968007715,43.09003076231332,48.69746613502619,-97.08473,25.636694,-9.5279455,107.63598,-27.285948,-6.163372,-89.89486,-21.311914,22.03594,102.698006,-33.577133,15.000033,-9.257959,-5.393491,29.793802,11.604035,47.12168,-7.9984617,93.4803,-27.447113,6.1026435,22.070639,-44.992714,-69.48844,16.770184,28.180965,10.741058,-7.2996764,-50.0248
528,4.940356731414795,-5.555809020996094,58.67804718017578,13.151048064741119,44.22207200264286,50.986102424684944,-97.87972,24.56496,-9.522706,107.61021,-26.520649,-6.946345,-89.57322,-22.422564,22.111715,102.93479,-33.86942,15.000033,-9.100678,-4.654916,29.793802,17.286924,47.31697,-5.3694863,91.7455,-29.483826,7.542137,22.17441,-45.006824,-74.75149,14.440972,30.662971,15.182432,-7.0274115,-51.210606
529,5.334423065185547,-4.639827251434326,58.18927764892578,13.460641498080777,45.38082536802733,53.20605495950975,-99.060394,23.628975,-9.984159,108.03134,-26.11732,-7.8008866,-89.37354,-24.012724,21.698704,103.56822,-34.706036,15.000033,-7.9624853,-3.122675,29.793802,21.416132,46.713375,-3.6150367,90.01004,-30.845057,9.096766,23.08162,-43.12412,-79.72403,11.642253,34.684254,20.628983,-6.4291396,-50.729668
530,5.633142471313477,-3.7612690925598145,58.01516342163086,14.508267979501916,46.15479030935038,55.79047630336422,-99.587006,22.44275,-9.556588,107.97114,-24.842632,-8.660981,-88.87383,-25.370508,21.94565,103.662796,-35.1155,15.000033,-6.8751597,-1.2399974,29.793802,24.829508,45.5972,-3.3472557,88.9992,-31.599869,10.867181,23.343332,-41.21386,-84.30124,8.54039,37.9388,25.297382,-5.7759657,-51.796013
531,5.840528964996338,-2.8979382514953613,58.06651306152344,15.311708908872605,47.14224227461207,57.75362888861978,-99.68111,19.97872,-9.630284,107.31137,-23.157944,-9.977363,-88.47316,-26.840187,21.726376,102.807655,-35.581272,15.000033,-5.9211545,0.5215265,29.793802,28.876398,44.416996,-3.331051,87.35224,-29.427391,12.1283245,23.37603,-39.74537,-88.60018,6.478788,41.97375,29.80023,-6.3745213,-52.810936
532,5.975603103637695,-2.0563313961029053,58.23741149902344,16.187364994416836,47.14288903445682,60.72675390525622,-99.76116,18.37961,-9.273152,106.802,-23.032946,-10.013129,-86.89586,-28.869402,21.071148,102.178314,-36.36776,15.000033,-4.7181163,2.0215902,29.793802,33.067657,43.239574,-2.5063543,86.334625,-30.842253,12.101408,23.674156,-38.17738,-91.85322,5.332951,46.712025,35.429615,-8.016451,-53.89798
533,6.072349548339844,-1.215069055557251,58.49718475341797,17.55679112923563,47.3955178540898,63.198359875412166,-99.48454,15.954146,-8.7485895,106.09297,-21.302727,-10.522535,-86.16391,-30.510193,21.286354,101.29068,-36.079483,15.000033,-3.7975564,3.086289,29.793802,37.725456,41.711975,-2.938657,85.87019,-33.39779,12.856679,22.580421,-36.459286,-93.49028,5.09646,52.11284,41.699764,-9.934851,-54.633102
534,6.143357276916504,-0.33783257007598877,58.88788604736328,18.71510032146999,47.961558622421876,65.09371511952233,-99.05846,13.231578,-8.436786,105.05942,-19.939716,-10.720215,-85.50797,-32.861908,20.820871,99.42893,-36.296097,15.000033,-2.6093524,4.833129,29.793802,42.182785,40.159763,-2.9698982,84.8373,-33.50164,13.824282,22.337261,-34.375237,-94.10842,5.6947837,58.24046,47.286686,-11.66433,-56.713955
535,6.207341194152832,0.5672557353973389,59.486873626708984,20.129828824683837,47.46588610309604,68.05964334042162,-97.93434,10.089323,-7.9302583,103.46407,-19.191088,-10.903059,-83.99376,-36.01574,20.03442,97.999214,-36.99652,15.000033,-0.68582064,7.034785,29.793802,45.905865,38.60975,-3.8215995,85.152336,-35.391335,13.731253,21.534256,-30.020323,-94.28792,7.1732845,66.79448,53.81181,-13.624859,-57.22586
536,6.30184268951416,1.5111452341079712,60.095298767089844,22.223608501354697,47.51148181930175,71.8900621271012,-97.290924,6.8531804,-7.227896,101.17369,-17.768835,-11.5516405,-82.40935,-38.324078,19.296661,96.1128,-37.89928,15.000033,1.9091754,11.111859,29.793802,46.632973,37.366524,-6.9064875,86.3504,-37.24875,13.280332,21.363428,-23.151949,-93.743835,9.138729,78.37175,63.429455,-15.272519,-54.65947
537,6.404112815856934,2.497230052947998,60.974937438964844,23.106946775980237,47.958862789272835,74.66778487572185,-96.35798,3.7023332,-7.5750585,98.26917,-17.0002,-12.600091,-80.26616,-40.24383,16.889132,93.46708,-38.579586,14.209432,4.593347,16.672451,29.793802,47.72032,36.54697,-11.510327,86.035385,-37.939823,13.651148,20.212011,-12.709328,-92.366196,10.36953,89.54477,70.96683,-13.614657,-49.48748
538,6.516934394836426,3.5185418128967285,62.05401611328125,24.783538984666734,48.4459587829223,78.187316051258,-95.062355,-0.077179946,-7.861373,94.20655,-15.746032,-13.709689,-77.89034,-42.439613,14.228417,90.22412,-39.425022,13.430785,6.832142,21.774445,29.793802,46.598232,34.86378,-17.047558,88.39519,-39.704773,12.987048,18.891567,2.5322845,-88.38892,10.189847,97.57851,75.667366,-8.2096195,-37.22115
539,6.606232166290283,4.543421268463135,62.766448974609375,27.22913372723583,49.11273917939261,82.75395683998316,-94.68615,-2.3377974,-7.241589,90.55703,-13.880204,-14.241459,-76.01576,-44.30354,12.049107,87.95177,-39.130497,12.503811,8.80871,25.449844,29.793802,48.122906,33.02282,-20.882639,86.72448,-41.4172,12.936232,19.757565,18.993206,-83.181725,8.990467,96.51882,77.94574,-5.42943,-24.127989
540,6.635651588439941,5.537532806396484,64.00515747070312,26.119609789683036,48.75950421301703,84.2625268744324,-92.945816,-5.197115,-9.445696,87.69462,-13.41711,-14.271036,-72.47064,-45.6902,7.487354,86.36952,-40.421608,12.384645,11.650258,27.999405,29.793802,48.093895,31.993427,-23.109446,87.2405,-42.120132,13.335129,18.459532,26.672213,-79.52645,7.8385544,98.698685,76.962456,0.46881354,-13.347961
541,6.602970600128174,6.49886417388916,64.70956420898438,28.112058578693492,48.696546444165,89.16312107450543,-92.078384,-7.647344,-9.372064,83.74316,-11.930262,-15.000033,-69.012695,-46.900978,4.406288,84.44226,-41.18487,12.946597,13.850824,29.793802,29.793802,51.551075,31.806906,-23.190966,85.6364,-40.104702,11.733472,18.79116,32.838306,-76.2753,7.999657,96.17799,75.163635,0.24530292,-7.7037616
542,6.469797134399414,7.392950534820557,65.4621353149414,29.3831892651782,48.374415847204375,93.15500707827229,-90.94496,-10.935082,-10.27931,80.18852,-11.085441,-15.000033,-65.767494,-47.928616,1.386106,83.09916,-41.894867,13.533816,15.611591,29.793802,29.793802,55.29842,31.85718,-22.257683,82.93405,-40.99244,10.323196,18.160389,33.305454,-74.209,9.628178,95.65672,69.696556,2.8398895,-1.9213116
543,6.292794704437256,8.146342277526855,65.96997833251953,30.27578404886441,47.369780398892395,96.73673626727319,-89.935265,-12.773582,-10.475253,77.82166,-10.287995,-15.000033,-63.42014,-48.31118,-0.08269168,83.87006,-42.37958,13.6946945,17.402674,29.793802,29.793802,59.20941,31.90139,-21.638317,78.68086,-41.19332,10.058245,18.205246,30.114067,-73.26843,12.89671,95.12649,65.96025,3.2093704,0.23326056
544,6.016932010650635,8.78400993347168,67.1913833618164,29.3898470326633,46.67471774515727,99.81086593034222,-87.95325,-14.840341,-12.673833,73.726074,-8.472147,-15.000033,-59.281292,-49.464504,-5.536251,83.54711,-42.2645,13.585717,18.424162,29.793802,29.793802,62.057762,31.793087,-20.311785,75.69895,-38.019127,11.914528,19.085629,23.467928,-72.95634,15.966637,95.52663,67.485725,5.1617894,-4.493445
545,5.740265369415283,9.222271919250488,68.06546783447266,29.193624516197545,45.358175417600556,101.32888600651789,-86.697975,-15.099203,-11.791524,71.87244,-7.482629,-15.000033,-55.347164,-47.541542,-6.028063,81.6264,-41.955425,13.900889,20.08462,29.793802,29.793802,65.46818,31.471813,-21.101854,69.61776,-37.84276,9.283061,19.44689,17.385525,-73.392944,21.350922,95.60037,58.537674,-0.42653856,-0.13731852
546,5.425550937652588,9.474409103393555,68.8824462890625,28.944242953230475,44.0870409780368,104.03367414469024,-84.842575,-17.270107,-13.472413,68.6954,-5.7878814,-15.000033,-51.049763,-47.594635,-9.339906,80.46301,-42.877434,14.62354,21.070318,29.793802,29.793802,67.57497,30.34113,-19.476639,65.07869,-35.19116,9.270226,20.108755,8.021328,-73.93255,25.364822,96.90779,56.209167,-2.4471064,-0.40820426
547,5.0952887535095215,9.497036933898926,69.54154205322266,29.441846957199722,43.25701467434243,107.83923900343774,-83.83429,-19.002676,-14.517891,64.939026,-3.6451924,-15.000033,-45.48308,-49.395554,-15.6663065,78.361244,-43.302296,15.000033,22.101915,29.793802,29.793802,67.41616,28.708206,-20.936266,62.556927,-37.02357,8.128685,19.499651,-2.13684,-74.071236,29.14861,96.427864,53.929024,-4.9261355,-0.3077527
548,4.751795768737793,9.263511657714844,69.95398712158203,29.15438405652906,41.34626911888064,109.0187833564277,-82.39515,-20.496683,-14.664038,63.599434,-3.0544872,-15.000033,-41.514835,-47.300404,-15.125163,76.46806,-43.0677,15.000033,23.634281,29.793802,29.793802,66.1325,27.219717,-22.01728,61.37501,-36.319,6.5324197,20.99343,-10.122976,-74.596725,34.254253,95.71298,47.4836,-6.417503,0.24234764
549,4.356450080871582,8.758575439453125,70.06936645507812,28.696267948841808,38.39099381579117,111.4127015155333,-80.503845,-22.946886,-15.736298,62.175537,-3.4234798,-15.000033,-36.673958,-47.012043,-16.995722,76.79378,-43.621506,15.000033,25.306372,29.793802,29.793802,62.20693,25.629784,-23.630817,60.506695,-33.207912,5.1416807,21.21605,-17.600729,-74.215645,38.448994,93.9103,45.339703,-7.706898,1.0225472
550,3.925006866455078,8.009069442749023,70.13495635986328,28.39848925447278,36.20738772721216,114.0790119676503,-79.77807,-24.919626,-16.560843,60.867317,-3.2460778,-15.000033,-32.907246,-46.28558,-18.719524,76.551994,-43.711815,15.000033,26.885836,29.793802,29.793802,56.910263,24.039438,-25.98957,62.304142,-32.864838,4.166006,20.41487,-24.118103,-73.47293,42.335106,91.05054,44.017834,-9.265197,1.4125348
551,3.3966519832611084,7.041197299957275,70.23455810546875,27.48194595681434,33.35108682668484,115.14477067244238,-78.40484,-26.733736,-17.139233,60.535156,-3.4198422,-15.000033,-28.540619,-47.001156,-20.937605,76.89815,-43.32946,15.000033,28.17273,29.793802,29.793802,53.91527,22.950583,-27.072184,63.45119,-29.398834,3.381415,20.263918,-31.251245,-72.331795,45.765144,88.969986,43.7378,-8.994884,1.2275972
552,2.739133596420288,5.933068752288818,70.79452514648438,25.856818993809775,31.657698544544953,115.1778955862681,-77.103806,-27.440891,-18.04177,59.378178,-3.0359414,-15.000033,-25.516178,-48.12521,-23.757713,76.78983,-41.713066,15.000033,29.727482,29.793802,29.793802,50.047874,21.899633,-29.890804,63.621227,-26.822783,3.8497262,20.785353,-37.28643,-71.187454,49.578747,86.20265,40.10587,-9.783656,0.5290059
553,1.9986655712127686,4.712551116943359,70.64036560058594,23.92526367702232,28.28764715899077,114.79305525525518,-75.84144,-28.625202,-17.94566,61.305622,-3.3894424,-15.000033,-21.312433,-49.47141,-25.931208,78.4248,-41.17911,15.000033,31.202461,29.793802,29.793802,46.583275,21.209726,-30.409756,63.826885,-26.248024,3.242471,21.234596,-44.219402,-69.68259,52.179653,83.8302,38.141705,-8.5322695,0.62123215
554,1.1930269002914429,3.493618965148926,70.69499206542969,21.842760191000675,25.40609172038043,114.82638769083508,-73.933014,-30.000067,-19.287258,61.72252,-3.3530734,-15.000033,-17.548521,-49.69904,-27.902193,79.005585,-40.71477,15.000033,32.7575,29.793802,29.793802,42.22656,20.53971,-31.0626,64.34126,-25.727833,1.9035628,20.679836,-50.469322,-68.25948,55.118702,81.54316,33.435,-7.411921,1.1747433
555,0.3923511505126953,2.3330447673797607,70.7923583984375,19.41330528020926,23.917222413493885,114.59343972574798,-73.682655,-30.000067,-19.929047,63.018936,-3.0150135,-15.000033,-15.002493,-49.60288,-30.388315,79.23958,-40.09349,15.000033,34.113716,29.793802,29.793802,39.95592,20.069883,-31.419617,63.793472,-23.06023,0.81625074,20.159721,-58.00516,-66.64571,56.93819,79.1748,30.915176,-7.0863976,1.3716666
556,-0.4138435125350952,1.3066312074661255,70.7611083984375,17.54341817736773,20.79315094477432,114.82246368778226,-71.40243,-30.000067,-19.720491,62.95691,-3.0174162,-15.000033,-10.158074,-49.01399,-32.806747,77.86497,-39.2283,15.000033,35.50776,29.793802,29.793802,35.702923,19.472456,-34.393044,63.556164,-22.444195,1.0177023,18.959936,-63.91156,-64.9265,58.186775,75.504456,30.394869,-7.2231383,0.78680325
557,-1.187859296798706,0.49293026328086853,70.94213104248047,15.231123284179311,19.180026595535143,114.0936962586875,-70.025154,-30.000067,-20.761932,63.900734,-2.4654844,-15.000033,-7.3606477,-48.305027,-35.189304,76.33916,-38.300056,15.000033,36.89334,29.793802,29.793802,33.213814,18.655336,-36.552776,63.329372,-19.81615,0.49135557,16.923214,-70.51655,-63.15893,59.196434,71.970924,29.503345,-7.4036274,1.6471081
558,-1.8774217367172241,-0.08423982560634613,71.0543212890625,13.123253975433283,16.921716384429885,113.63426296223535,-68.002525,-30.000067,-21.665014,65.07712,-3.1440978,-15.000033,-3.647871,-45.053993,-35.45269,72.26141,-36.86737,15.000033,37.798088,29.793802,29.793802,30.318508,18.07735,-37.177628,63.50739,-21.04311,-0.00046012498,15.950074,-77.09999,-61.211216,59.290356,67.32556,34.252647,-9.88175,0.42953992
559,-2.476193904876709,-0.3898067772388458,71.35287475585938,11.275838226652386,14.772756819831445,114.1998493859725,-65.818245,-30.000067,-22.47832,65.65993,-3.8834238,-15.000033,0.76229733,-42.720722,-37.93799,68.57969,-35.260742,15.000033,38.646214,29.703333,29.793802,28.153816,17.494587,-38.958023,62.691223,-17.839802,-0.45616782,14.731211,-85.444176,-59.05473,58.155098,62.438473,38.348503,-13.03342,0.11288321
560,-2.9977879524230957,-0.3838711977005005,71.55829620361328,9.976768277427714,13.718480435748274,114.4949550519956,-64.601,-30.000067,-23.020695,66.369255,-4.3678145,-15.000033,2.7265909,-40.549473,-37.98047,65.45065,-34.015995,15.000033,39.13169,27.511608,29.793802,26.66696,17.131502,-38.595158,63.603886,-16.910812,-1.411579,14.409248,-91.59897,-56.59737,56.498726,57.67356,42.077038,-14.517558,-0.8142161
561,-3.414649248123169,-0.07714079320430756,72.03800964355469,8.938017658598342,12.871095485424123,115.21054335242688,-62.69926,-30.000067,-24.128647,65.91041,-4.3791857,-15.000033,5.608895,-38.254658,-39.316166,61.346073,-32.578648,15.000033,38.952568,25.1131,29.793802,26.0255,17.097158,-36.347214,63.46639,-17.094725,-2.672636,14.873581,-98.98529,-54.06786,55.065132,54.86559,44.250626,-15.162397,-1.4960058
562,-3.7466180324554443,0.5048540234565735,72.67607879638672,7.816528677102824,11.844306879553816,115.70566994644884,-60.216175,-30.000067,-25.41858,65.779396,-4.625638,-15.000033,8.211502,-36.146805,-40.016663,58.05386,-30.158255,15.000033,38.90106,22.612055,29.793802,25.454264,17.402374,-34.515358,64.0694,-17.580902,-3.571563,14.971086,-104.801506,-51.35133,53.64323,52.189,47.617172,-15.697,-2.6474476
563,-3.9742798805236816,1.3803019523620605,73.354736328125,7.426146321647203,11.064413829918577,116.57697205694323,-57.342304,-30.000067,-26.630857,64.34028,-4.799182,-15.000033,11.143091,-34.253513,-41.07406,54.058205,-28.467493,15.000033,38.213043,19.853806,29.793802,26.639404,17.963337,-32.8027,63.59313,-17.267323,-4.9920826,15.775366,-111.96739,-48.715256,52.502254,51.215073,48.067596,-14.73108,-3.5748975
564,-4.101784706115723,2.506122350692749,73.90342712402344,7.302420855848779,9.82245100421441,118.37192269288794,-54.433285,-30.000067,-27.263891,63.3035,-4.886741,-15.000033,14.29448,-32.15293,-41.609608,50.79329,-26.205666,15.000033,37.293434,17.036499,29.793802,27.116388,18.567694,-30.496958,63.24847,-18.946249,-5.2190146,15.998469,-118.36296,-46.805748,51.07998,50.156128,50.716675,-14.589563,-5.103911
565,-4.15152645111084,3.869901657104492,74.59404754638672,6.785351987462574,8.630437415566218,119.69269305610989,-50.676277,-30.000067,-29.488241,62.19039,-5.5707407,-15.000033,17.520704,-29.952055,-42.84552,46.88909,-24.295124,15.000033,36.114094,14.308884,29.793802,29.628796,19.44064,-27.262564,61.762844,-19.449947,-5.9779415,15.523214,-125.53533,-44.733147,50.607338,50.085255,50.7738,-14.951133,-6.077924
566,-4.146878242492676,5.452023983001709,75.63233947753906,7.102813765917014,8.261501300171656,121.41571705251535,-47.449333,-30.000067,-31.140463,59.821182,-5.309141,-15.000033,20.402824,-27.465324,-43.795345,42.263775,-20.370985,14.387868,35.175644,11.926102,27.74581,31.16129,20.05579,-25.433651,61.38628,-19.740232,-5.6895,15.551812,-130.99881,-43.250496,49.982983,51.410336,52.412205,-15.960167,-7.4213457
567,-4.105997085571289,7.173894882202148,76.44180297851562,7.165258681858472,7.842528975309273,123.0760897848749,-44.364277,-30.000067,-33.133823,58.35619,-5.6517315,-15.000033,23.022898,-25.000156,-44.474712,38.427498,-17.303503,13.600182,34.626205,9.930439,25.704397,32.9533,20.81274,-23.692059,61.402523,-18.893799,-6.1174016,15.165804,-136.24313,-42.32805,49.72091,52.06873,52.756252,-16.541183,-8.550093
568,-4.051839351654053,8.969230651855469,77.58959197998047,7.074231555417458,7.666082565714674,125.23725074849817,-40.60563,-30.000067,-36.446617,55.6998,-6.5611134,-15.000033,25.609196,-22.330004,-45.92944,34.744915,-13.992977,12.379896,33.948273,8.177334,23.001966,34.33459,21.448751,-21.124643,60.575703,-18.872112,-5.7439065,14.487874,-140.92398,-41.998302,49.10987,52.46832,53.70344,-18.078548,-9.750914
569,-4.023377418518066,10.783804893493652,78.3643569946289,7.3482599914972235,7.479194238654307,126.24454840362853,-37.0542,-30.000067,-39.446266,53.782837,-6.0053473,-15.000033,27.14905,-20.7015,-44.774918,32.60278,-10.659878,11.6327,33.35149,6.1849008,21.29031,35.340324,22.026007,-20.295088,61.438595,-17.844362,-5.51616,13.405812,-145.17404,-42.171745,50.197067,53.721684,54.470776,-19.400612,-9.83202
570,-4.016138076782227,12.499005317687988,79.37110137939453,7.769856447552468,6.7374678025718655,127.83201614204609,-32.69396,-30.000067,-42.35412,50.6826,-6.5812335,-15.000033,29.475082,-19.185123,-46.260574,30.383968,-7.5580506,10.705259,33.385914,4.572997,18.524748,37.803894,22.538616,-18.018919,60.208782,-15.37427,-6.4019938,13.805558,-148.68103,-42.741833,49.71994,52.66516,54.12167,-20.634554,-10.421881
571,-4.0284199714660645,14.075634002685547,80.30706787109375,7.732252326279595,5.813410967067515,128.65549307548366,-28.930904,-30.000067,-45.141586,49.406277,-5.932464,-15.000033,30.861624,-17.535856,-45.483444,28.724312,-3.9904408,9.929252,32.75592,3.0568724,16.231932,39.64825,23.033833,-16.382029,59.735424,-13.630633,-6.462403,12.976526,-151.12064,-43.677605,50.24537,52.25183,53.949852,-21.650436,-10.881268
572,-4.027990341186523,15.498065948486328,81.10853576660156,7.695653021786193,4.97381402586908,129.56042252767622,-25.607094,-28.983236,-47.035496,47.144398,-5.355367,-15.000033,32.22202,-15.61195,-44.540974,26.148985,-1.0482419,9.760575,32.356472,1.7434994,13.961335,41.3441,23.465431,-15.378515,59.09284,-10.805617,-6.4715557,12.627594,-152.7393,-44.816982,50.31648,50.887543,53.901165,-22.400309,-11.551402
573,-4.051462173461914,16.751985549926758,81.8203125,7.372379641814095,4.283381374008739,130.19547164962708,-22.579597,-27.462124,-48.71831,44.684235,-4.8224306,-15.000033,33.132046,-14.523717,-44.2447,25.27344,3.1169777,9.152247,32.055,0.6823074,11.969447,42.842163,23.894487,-14.305484,58.061596,-8.122519,-5.725176,11.827645,-153.70213,-46.054802,50.02648,49.445965,52.74197,-23.011806,-12.229963
574,-4.053084850311279,17.839540481567383,82.47633361816406,7.445722160067279,3.71588623647923,130.62228778195262,-20.113237,-26.14091,-49.821106,42.150467,-3.705278,-15.000033,33.738514,-13.429033,-43.48987,24.2961,6.0248785,8.489909,31.261402,-0.4028966,9.972089,44.149036,24.284332,-12.8287525,57.419,-7.1411743,-5.8895693,11.451208,-154.44725,-47.360535,49.73402,47.65192,51.69534,-23.594765,-12.934719
575,-4.069610595703125,18.765939712524414,83.10432434082031,7.529934997688182,3.149462037321931,131.1939818305297,-17.938162,-24.689207,-50.328285,39.32534,-2.0313969,-15.000033,34.051342,-12.281792,-42.01035,23.272747,9.207473,8.566066,30.76251,-1.5834454,8.228485,46.00882,24.539501,-11.894006,56.69782,-6.2004905,-6.3135233,11.3267145,-154.73926,-48.589214,49.104256,45.395164,50.47699,-23.935677,-13.375643
576,-4.070573329925537,19.534120559692383,83.76766204833984,7.2705553056904,2.703160117453163,131.87799408001354,-16.375456,-22.922108,-50.442863,36.853176,-0.17997876,-15.000033,34.175682,-10.8832655,-40.297916,22.085243,12.206242,9.044754,30.164402,-2.6287029,6.4616747,46.78558,24.586012,-11.338178,56.470585,-5.4963274,-6.068057,10.830469,-155.07378,-49.833115,48.514694,42.569057,48.953255,-25.565372,-13.788399
577,-4.072190761566162,20.167882919311523,84.2723617553711,6.964877361025089,2.2206712660652648,132.51505932247537,-15.017342,-21.495876,-50.58128,34.95328,1.2044401,-15.000033,34.958076,-9.521225,-39.430984,20.03304,13.34285,9.778324,30.012184,-3.5267642,4.686758,47.34879,24.17261,-12.041346,56.848526,-4.39766,-6.1063094,10.404959,-155.23041,-50.989716,47.34964,38.286423,46.512955,-26.674757,-14.604458
578,-4.062595844268799,20.693628311157227,84.5643081665039,7.343518314647993,1.8689142695597232,132.56272515456885,-13.396465,-20.9444,-51.304073,32.796837,2.479536,-15.000033,35.527668,-9.004235,-38.818275,18.793404,15.096517,10.442533,29.943985,-4.6308613,3.285646,48.053005,23.517294,-12.364986,57.642006,-4.110577,-5.256824,9.62317,-155.31631,-52.00214,46.025124,34.2813,44.64876,-28.358074,-15.140988
579,-4.058152198791504,21.081851959228516,84.83854675292969,6.744847229533258,0.7301873025492278,133.20880114796228,-10.854546,-20.446222,-53.896465,31.736876,2.5405982,-15.000033,36.958736,-8.487194,-40.399643,17.972479,14.991409,11.090112,29.933561,-5.665966,2.5135388,47.605156,23.13972,-12.888339,57.460117,-4.474102,-5.4491663,9.56015,-154.88583,-52.644093,45.28042,30.59851,41.900715,-30.248997,-17.866629
580,-3.9864964485168457,21.39486312866211,85.46479797363281,6.720096816388389,0.8029685662337496,133.4556997318372,-11.52758,-18.01848,-49.93871,29.332165,5.727366,-15.000033,36.022778,-7.5453343,-37.082172,17.105606,19.026514,11.60401,28.484192,-6.3231115,0.63710344,48.533073,22.411612,-11.8909855,57.624355,-5.42052,-6.9560714,10.221909,-155.07825,-53.22039,44.73003,26.423443,39.554806,-31.280458,-16.713999
581,-3.9033238887786865,21.63485336303711,85.50395965576172,7.0283915109341075,0.3368782011302508,133.45552347036121,-10.827445,-17.672869,-49.37296,28.51698,6.1572733,-15.000033,36.291637,-7.730045,-36.836357,17.331112,19.178574,11.715376,28.224842,-6.993385,-0.13577059,48.08583,21.627577,-12.2519,58.29675,-5.0560365,-6.6012225,9.990786,-154.88089,-53.636257,42.82749,22.173172,38.015156,-32.844273,-16.940853
582,-3.817112684249878,21.81721305847168,85.48639678955078,6.449218023878935,-0.33191212107681656,133.3280359260028,-8.789099,-18.065191,-53.30766,28.753063,4.516364,-15.000033,37.95468,-7.5202394,-39.325817,16.353373,18.01281,11.800149,28.739714,-7.7549143,-0.78213555,48.28601,21.343975,-13.005156,58.223152,-5.511317,-5.9080696,8.932621,-154.303,-53.61935,41.24205,19.347313,36.166077,-34.991585,-18.335913
583,-3.6406755447387695,21.959209442138672,85.58074951171875,7.449316647281298,-0.3412501623313359,133.36591605684637,-9.633921,-17.272377,-49.35148,27.281431,6.685021,-15.000033,37.12491,-7.712254,-36.752014,16.77265,18.674719,11.956079,27.895817,-8.070781,-1.6050256,47.518154,20.589474,-13.327235,58.94689,-4.7903996,-5.6665764,9.454713,-154.37932,-53.747738,40.712574,16.309147,36.794857,-35.440212,-16.75358
584,-3.472351551055908,22.006629943847656,85.37657928466797,6.414909992551061,-1.3552560367835593,133.07869894633725,-8.59188,-16.792187,-50.519886,28.833874,3.347752,-15.000033,37.47347,-7.5045,-37.07241,18.777565,16.563938,11.668308,27.982851,-8.284405,-2.8277903,50.00931,19.882034,-13.248137,56.57652,-4.8293743,-5.517429,7.6675367,-154.89378,-54.60619,40.609394,14.433014,34.841457,-38.91227,-22.30185
585,-3.299598455429077,22.082767486572266,85.57701873779297,7.595898610261664,-1.189620159496091,132.70644427289875,-8.796175,-16.770956,-48.386143,27.15146,7.200654,-15.000033,36.33462,-8.294453,-34.535492,19.331999,19.640516,12.856966,27.349499,-9.609003,-2.533004,46.134815,19.29997,-14.292657,60.28074,-6.025125,-5.500896,8.307111,-153.72433,-54.34124,39.94611,11.045834,35.069256,-37.857445,-15.524729
586,-3.146256923675537,22.098709106445312,85.57557678222656,8.044559696982244,-1.4476956023062777,132.0144698662322,-8.009759,-16.742006,-48.350063,26.084187,7.7449822,-15.000033,36.379353,-9.270705,-34.875362,20.148308,19.696562,12.602033,27.135221,-9.968041,-2.9276357,45.109547,18.810703,-14.8126745,61.42688,-7.184743,-5.096071,7.9730973,-153.52467,-54.0395,40.145153,8.618623,34.77875,-38.37996,-14.0455
587,-3.02689266204834,22.05651092529297,85.59478759765625,8.113736619387598,-1.745013026013776,131.81104762621396,-7.6418033,-16.643051,-48.289577,25.820992,8.074927,-15.000033,36.303978,-9.344652,-34.472507,20.648764,20.153023,12.679211,27.06164,-10.185514,-3.1971655,44.317276,18.598568,-15.784442,62.06258,-6.9117904,-4.9472013,8.029602,-153.25519,-53.612698,39.712902,7.6381207,34.41225,-38.66016,-14.179426
588,-2.9657180309295654,21.9700984954834,85.64716339111328,8.076668974181672,-1.6576376317510761,131.34644463420943,-7.533401,-16.508352,-48.44748,25.508902,8.098005,-15.000033,36.02001,-9.604251,-34.342587,20.930115,19.5661,12.556508,27.294334,-10.2726,-3.2975304,43.61532,18.323294,-16.211903,62.59922,-6.9665084,-4.545344,7.892587,-152.94847,-53.128517,39.70346,6.6012163,34.68423,-38.81543,-13.387428
589,-2.9625084400177,21.82652473449707,85.6361083984375,8.055365868333755,-1.9439196435570922,131.10374230317646,-7.31056,-16.461714,-48.152546,25.507715,8.093254,-15.000033,36.123264,-9.721636,-34.086155,21.178106,18.995533,12.484106,27.326523,-10.305647,-3.3006148,42.84477,18.025589,-17.033411,63.075638,-6.4592786,-4.324863,7.7760744,-152.69193,-52.6545,39.72605,6.338769,34.43556,-39.02114,-13.175597
590,-3.0310218334198,21.64828872680664,85.69950866699219,8.150492015034088,-1.9274642160088646,130.759119158064,-7.042887,-16.540052,-48.23271,24.881462,8.696894,-15.000033,35.755135,-10.360174,-34.051136,21.978779,18.705612,12.197591,27.358833,-10.251148,-3.2825544,42.01991,17.695145,-17.845392,63.74253,-5.9521646,-4.1394076,7.5641975,-152.58798,-52.2262,40.20553,5.8029466,34.027996,-39.471844,-13.077202
591,-3.1319193840026855,21.430320739746094,85.81192779541016,7.914017724648925,-2.044717370431749,130.40058244498468,-6.791558,-16.360716,-48.299545,24.604345,8.747841,-15.000033,35.639164,-10.482511,-33.81915,22.187145,18.275126,12.135828,27.340424,-10.255892,-3.4072773,41.149277,17.343641,-18.57372,64.6072,-5.5224094,-3.9147043,7.416593,-152.41454,-51.811043,40.522785,5.0228496,33.309242,-40.13276,-13.816429
592,-3.2649338245391846,21.19521141052246,85.88179016113281,7.664036301567866,-2.0181839318148582,129.91789050699037,-6.789611,-16.28666,-48.249878,24.697256,8.686741,-15.000033,35.455585,-10.654614,-33.53178,22.278715,17.792301,12.235144,27.419167,-10.139895,-3.4178138,40.68362,17.130692,-18.894875,64.71989,-5.2391796,-4.0983963,7.6747904,-152.22902,-51.369247,40.77396,5.2610908,33.65149,-39.95474,-13.981671
593,-3.4058570861816406,20.95724868774414,85.88037872314453,7.495273861878504,-2.0029777218535947,130.03911352803578,-6.99867,-16.189758,-47.931526,24.60085,8.379518,-15.000033,35.774242,-10.565046,-34.050915,21.61384,16.21052,11.8179035,27.534328,-9.733304,-3.3072946,39.9799,17.068943,-19.542057,65.02833,-4.348822,-4.1223125,7.2907195,-152.09805,-50.85793,40.20861,5.470789,34.324463,-39.359932,-12.854208
594,-3.529167652130127,20.71737289428711,85.8929672241211,7.12345481599238,-2.0341253811774576,130.2475751071122,-7.4186907,-16.108265,-47.748905,25.205439,7.658608,-15.000033,36.094917,-10.12967,-34.385746,20.824482,15.1675,11.572426,27.554365,-9.42795,-3.3785253,39.419304,17.060802,-20.299595,65.16803,-3.6812134,-3.9652395,6.627993,-151.8109,-50.362713,39.574303,5.6024113,34.35243,-39.220985,-12.100903
595,-3.648043155670166,20.49540901184082,85.86866760253906,7.061232865906373,-1.9144024229919259,130.00845453562798,-7.7604475,-16.145706,-47.282322,25.407354,7.4411254,-15.000033,36.052334,-10.231051,-34.18077,20.461376,14.36809,11.330243,27.656916,-9.153728,-3.350093,39.19404,16.979942,-21.03731,65.20146,-3.1996863,-4.081713,6.3664308,-151.59987,-49.85371,39.21356,5.5218344,34.102383,-39.259945,-11.585998
596,-3.74261474609375,20.282663345336914,85.86359405517578,6.930909749821512,-1.948771841420747,130.11179655821994,-7.9991417,-16.110182,-46.94882,25.51495,7.203392,-15.000033,36.157314,-10.165812,-34.324703,20.22008,13.707955,11.1862335,27.567019,-8.855609,-3.2858157,38.932926,16.887133,-21.840948,65.080574,-2.3533711,-4.0673747,5.8981166,-151.69704,-49.50755,38.923004,5.715567,33.80619,-39.19482,-11.684795
597,-3.8278427124023438,20.091318130493164,85.89217376708984,6.85394886869651,-1.8903395691426796,130.0368593381228,-8.024559,-16.0597,-46.89131,25.182829,7.3094563,-15.000033,35.936882,-10.362243,-34.283943,20.47267,13.48042,10.863338,27.654099,-8.64998,-3.194245,38.624115,16.802908,-22.462206,65.15691,-1.6773169,-3.8869884,5.4487615,-151.67242,-49.19878,38.488396,5.6799145,34.00373,-39.245193,-10.666835
598,-3.904506206512451,19.920406341552734,85.92852783203125,6.776769976870243,-1.8961264814087908,129.7350183934613,-7.821821,-16.15734,-47.204384,24.975409,7.541958,-15.000033,35.767,-10.661612,-34.16392,20.74395,13.5477085,10.9725485,27.827108,-8.543065,-2.951669,38.472134,16.704128,-22.837082,65.09934,-1.1911465,-3.7413058,5.4423227,-151.6145,-48.893703,37.646713,5.8990498,34.750515,-38.86078,-9.916499
599,-3.966045379638672,19.771865844726562,85.9164810180664,6.891593901861691,-1.9831286017178362,129.65021088408386,-7.6561885,-16.226988,-47.05021,24.54859,7.803086,-15.000033,35.624,-11.062229,-34.025307,21.254547,13.366694,10.748048,27.842846,-8.445153,-2.856874,38.23626,16.611454,-23.681326,65.23486,-0.803201,-3.6970284,5.025414,-151.45235,-48.60292,37.354713,6.149308,34.660984,-39.023705,-9.3558445
600,-4.027696132659912,19.648794174194336,85.91996002197266,6.971284304560807,-2.1001646787848545,129.54970148215097,-7.4399977,-16.317774,-47.023632,24.217216,7.996592,-15.000033,35.634445,-11.336892,-33.932858,21.455011,13.444972,10.725715,27.835968,-8.325695,-2.7436657,38.00818,16.477919,-24.40121,65.532455,-0.4608854,-3.6619174,4.8075366,-151.43028,-48.360138,37.16053,6.353785,34.820198,-38.908554,-9.403526
601,-4.096551895141602,19.554359436035156,85.93345642089844,6.958056220651029,-1.9781798391194232,129.39906238387917,-7.4959493,-16.33346,-47.015686,24.04038,8.05552,-15.000033,35.49323,-11.598155,-34.071217,21.549305,13.01026,10.485411,27.78579,-8.16344,-2.7282002,38.03687,16.274551,-24.522673,65.58526,-0.3628596,-3.4047065,4.498819,-151.59462,-48.18955,37.109367,6.353578,35.439262,-38.89085,-8.905421
602,-4.169073104858398,19.48451042175293,85.93609619140625,6.912850938119895,-1.9051421929990964,129.2563357282977,-7.5156555,-16.3006,-46.97832,23.911547,7.918715,-15.000033,35.43722,-11.670831,-33.966755,21.435143,12.617614,10.376516,27.756977,-7.9771276,-2.684628,37.77556,16.105925,-25.248232,65.95827,0.10571489,-3.4602973,4.487815,-151.53352,-47.98823,36.626408,6.3088117,35.658802,-38.783833,-8.407539
603,-4.246993541717529,19.439716339111328,85.97562408447266,6.773528810149532,-1.6849539858509268,128.95806567576884,-7.6209207,-16.208134,-47.077602,23.88015,7.8256564,-15.000033,35.070484,-11.737036,-33.583813,21.514835,12.595759,10.4045515,27.63362,-7.8673625,-2.8050675,37.79538,15.9131565,-25.803345,66.093796,0.23884474,-3.5819964,4.3956738,-151.54747,-47.825096,36.23568,6.304083,35.539986,-38.873383,-8.311385
604,-4.320387363433838,19.412294387817383,85.97685241699219,6.736948208654253,-1.7342182888398021,128.8206728422089,-7.620438,-16.168348,-46.74584,23.9851,7.756576,-15.000033,34.932693,-11.898529,-33.313396,21.894384,12.40066,10.231135,27.60241,-7.7632427,-2.7145112,37.790565,15.841998,-26.18444,66.10424,0.35356346,-3.9656136,4.4550977,-151.56787,-47.765064,35.92261,6.4228864,35.761265,-38.91528,-8.037449
605,-4.3874125480651855,19.412078857421875,85.97516632080078,6.774974091794151,-1.4737941005055148,128.6082426849986,-7.768555,-16.189098,-46.74024,23.864006,7.620955,-15.000033,34.717613,-12.072331,-33.229866,21.778053,12.434755,10.2993965,27.574064,-7.7086124,-2.7766454,37.662212,15.698759,-26.585304,66.38343,0.5032038,-4.0563426,4.2514567,-151.6106,-47.643795,35.805805,6.2872205,36.309464,-38.943127,-7.180497
606,-4.444076061248779,19.417699813842773,85.97154998779297,6.7753471569959665,-1.3942342746206189,128.33483510860884,-7.792489,-16.24323,-46.716488,23.996778,7.452583,-15.000033,34.426964,-12.149623,-32.556576,21.98346,12.709995,10.439992,27.498022,-7.6658025,-2.808449,37.60135,15.548841,-27.117624,66.63794,0.59757197,-4.2150373,4.038656,-151.60056,-47.580997,35.740707,6.464551,36.592842,-39.281334,-6.582034
607,-4.499420166015625,19.43181610107422,85.79715728759766,7.139392390151341,-1.580368229264949,127.62756677171782,-7.382581,-17.016949,-47.19831,24.564606,6.89302,-15.000033,34.39514,-12.894195,-31.777464,22.616014,12.607984,10.581534,27.817038,-7.6696644,-2.6865323,37.461933,15.447719,-27.729368,66.89243,0.9384006,-3.8225198,3.23842,-151.5938,-47.655975,36.46779,7.0799685,37.63864,-39.000477,-4.63001
608,-4.551179885864258,19.44542121887207,85.74429321289062,7.135703965484187,-1.4282908376552637,127.50104198741575,-7.626868,-17.161907,-47.160534,24.97615,6.456247,-15.000033,34.19028,-12.994995,-31.5964,22.76772,12.331029,10.656562,27.694584,-7.662503,-2.7349317,37.558937,15.358492,-27.860651,66.88941,1.0993373,-3.8950586,3.2269533,-151.83258,-47.787376,36.57641,7.151648,37.66616,-39.36728,-4.375987
609,-4.608047008514404,19.458267211914062,85.75088500976562,7.062683556275227,-1.2196869408114008,127.30906710019431,-7.7813773,-17.106007,-47.190643,25.024626,6.2301426,-15.000033,33.913826,-13.062047,-31.420961,22.844332,12.12206,10.656191,27.554123,-7.660863,-2.8251262,37.596928,15.20336,-27.947685,67.11258,1.2994549,-4.048169,3.2196603,-151.92969,-47.991116,36.47196,6.9707174,37.760433,-39.536808,-4.104
610,-4.6692328453063965,19.467164993286133,85.73050689697266,7.024576771897325,-1.1292230396151188,127.18809789011483,-7.949032,-17.201218,-47.145374,25.390184,5.9167805,-15.000033,33.843002,-13.153214,-31.417076,22.876652,11.801856,10.642511,27.333113,-7.7252746,-2.8458917,37.653915,15.064765,-28.183601,67.184715,1.6423534,-4.177084,3.1599271,-151.9262,-48.18857,36.279163,7.020685,37.697384,-39.570415,-3.9690454
611,-4.740711212158203,19.473243713378906,85.76805877685547,6.903589463715289,-1.0631807321256628,127.05043583165998,-7.975176,-17.07284,-47.0075,25.409657,5.981433,-15.000033,33.678185,-13.042527,-30.983591,22.850786,11.644818,10.677447,27.354769,-7.6797132,-2.862891,37.648182,14.971113,-28.158682,67.21891,1.6695999,-4.452549,3.0962634,-151.90323,-48.35163,35.88569,6.7900143,38.016876,-39.368248,-3.3184533
612,-4.8100666999816895,19.479387283325195,85.81594848632812,6.910649132473206,-1.0148742773877877,126.7189591336005,-7.9500027,-16.97419,-46.65146,25.325056,6.2413254,-15.000033,33.437874,-13.299366,-30.652296,23.153831,11.968837,10.7037325,27.190523,-7.7532077,-2.8664348,37.870434,14.758496,-28.162994,67.33304,1.9145764,-4.475942,2.8912559,-151.74283,-48.514286,35.828228,6.654621,37.97662,-39.566036,-2.8141088
613,-4.87730073928833,19.485647201538086,85.83160400390625,6.952202613875607,-0.9904439682241742,126.46945466291469,-7.7647686,-16.981798,-46.68907,25.081242,6.305894,-15.000033,33.33463,-13.473127,-30.335266,23.234953,11.854571,10.83096,27.08854,-7.8160677,-2.8684165,37.877872,14.617921,-28.45913,67.42386,2.038368,-4.466094,2.826215,-151.6007,-48.60315,35.72936,6.5658226,37.943897,-39.463158,-2.7340581
614,-4.941756725311279,19.490407943725586,85.8448715209961,6.929911513001149,-0.8898272967819577,126.14871134084703,-7.845471,-16.995012,-46.493763,25.255514,6.26012,-15.000033,33.100677,-13.650537,-29.999702,23.393833,11.940856,10.85949,27.042639,-7.8698287,-2.8683012,37.934082,14.512647,-28.752073,67.5531,1.7912469,-4.5617642,2.5894606,-151.49434,-48.642483,35.506535,6.4344234,37.781143,-39.811985,-2.5304508
615,-5.00680685043335,19.49209213256836,85.83827209472656,6.963570682033064,-0.8014363073499423,125.88596194273441,-7.9002905,-17.067896,-46.320168,25.3687,6.3027725,-15.000033,32.923103,-13.991754,-30.019066,23.70445,11.986918,10.933313,27.008503,-7.987536,-2.8106606,38.015644,14.393904,-28.93908,67.642265,1.8987306,-4.763529,2.6201856,-151.3846,-48.646717,35.147964,6.3529572,37.836884,-39.940804,-1.7358375
616,-5.072275161743164,19.487749099731445,85.8536148071289,6.994845402980255,-0.7906183789789702,125.6157215927857,-7.786439,-17.165457,-46.353153,25.364046,6.3820415,-15.000033,32.72895,-14.226659,-29.66491,23.999014,12.078322,10.885182,26.98004,-8.04676,-2.7471979,37.800358,14.176075,-29.389967,68.08847,1.7383378,-4.842494,2.5575454,-151.11324,-48.59231,34.65171,6.147552,37.9116,-40.26817,-1.4937143
617,-5.145699501037598,19.478120803833008,85.8712387084961,7.151256663250882,-0.7968307114491023,125.33781000155835,-7.5842605,-17.218634,-46.16023,24.993345,6.6331644,-15.000033,32.479904,-14.661681,-29.331228,24.508783,12.337301,10.789983,26.979837,-8.142802,-2.607203,37.712093,13.982574,-29.846125,68.414,1.8135659,-4.9531837,2.344019,-150.98347,-48.516464,34.23097,5.9298363,38.427155,-40.735703,-0.26910764
618,-5.222978591918945,19.46053123474121,85.9742202758789,7.071433204435608,-0.69190155523193,124.88114549808992,-7.359708,-17.070017,-46.368256,24.565966,6.921608,-15.000033,32.137154,-14.9313545,-29.039078,24.771215,12.667475,10.857494,26.890451,-8.117618,-2.7340653,38.03265,13.639622,-29.729704,68.42746,1.8989483,-4.667916,2.353764,-150.93784,-48.50717,34.370686,5.794334,38.59468,-40.432682,-0.18208797
619,-5.311111927032471,19.432405471801758,85.98030090332031,7.029589399226658,-0.7724522180509832,124.81410670329595,-7.4290204,-17.170454,-46.098373,24.966875,6.9366817,-15.000033,32.118145,-15.007522,-28.854221,24.956898,12.629717,10.762634,26.840902,-8.102465,-2.6539886,37.829403,13.460317,-30.339993,68.732216,1.8537081,-4.5875597,1.9283822,-150.67082,-48.43434,33.75987,5.6562104,38.171013,-40.18238,-0.1072856
620,-5.404080390930176,19.401052474975586,85.9937744140625,6.885170782266802,-0.6435421821612276,124.59741839608496,-7.45832,-17.122416,-46.267452,25.000124,6.63352,-15.000033,31.949547,-15.044237,-28.710276,24.928589,12.626258,10.834246,26.723152,-8.059081,-2.7306645,37.864902,13.172554,-30.43441,69.01005,1.877329,-4.5831666,2.0663779,-150.61066,-48.32597,33.25979,5.601007,38.39946,-40.105545,0.10476354
621,-5.499746799468994,19.363815307617188,85.98845672607422,6.791119833815278,-0.5484731431437988,124.45181472006983,-7.5902095,-17.140741,-46.17776,25.20516,6.442824,-15.000033,31.890165,-15.085674,-28.631857,24.800068,12.407486,10.837762,26.610775,-7.9949765,-2.7433848,37.88829,12.889942,-30.561577,69.183105,1.9155284,-4.5971217,1.9504932,-150.59137,-48.21489,32.787056,5.516844,38.539524,-39.877213,0.07371068
622,-5.582930564880371,19.315961837768555,85.99600219726562,6.68840224496049,-0.5669401493794219,124.279355315064,-7.6519914,-17.19192,-46.143963,25.5276,6.1993804,-15.000033,31.80908,-15.173061,-28.485136,24.930744,12.228862,10.775211,26.440386,-7.9248853,-2.7595074,37.966652,12.571245,-30.796225,69.34201,1.8835479,-4.412126,1.7479417,-150.51138,-48.157063,32.56628,5.6043487,38.467567,-39.760075,0.046684284
623,-5.654892444610596,19.26755714416504,86.02332305908203,6.73877230499791,-0.392688469368697,124.0286073504593,-7.5724072,-17.064802,-46.189587,24.881968,6.191897,-15.000033,31.593185,-15.396341,-28.300303,24.853992,11.998821,10.813398,26.22983,-7.925425,-2.8435414,38.186058,12.183261,-30.609898,69.4834,2.0958118,-4.6276345,2.2057626,-150.67256,-48.142353,32.774494,5.6316185,39.17094,-39.701008,0.11257519
624,-5.721522808074951,19.20643424987793,85.99494934082031,6.691530262090463,-0.4299749953445474,123.84099401158065,-7.7263293,-17.223892,-45.964085,25.422266,6.0330625,-15.000033,31.53272,-15.633181,-28.321093,25.114393,11.411985,10.520031,26.13421,-7.8628807,-2.7303457,38.028534,11.831901,-31.070168,69.838524,1.7809342,-4.868807,1.8799928,-150.70561,-48.177353,32.506054,5.6829386,38.919678,-39.861423,0.423094
625,-5.768061637878418,19.143169403076172,86.00004577636719,6.745656311981651,-0.25043126913689256,123.65573918514076,-7.698326,-17.297832,-46.315754,25.050913,5.9977393,-15.000033,31.291407,-15.79899,-28.093391,25.055117,11.497549,10.681414,26.029577,-7.925799,-2.7600076,38.03278,11.469161,-30.59872,70.0511,1.8895807,-4.4090133,2.1449394,-150.73991,-48.16041,32.516216,5.6732616,39.843853,-39.366627,0.29493487
626,-5.802505016326904,19.0633602142334,85.98577117919922,6.6117403396232985,-0.3105871240153475,123.73756005946042,-7.944488,-17.257217,-45.963566,25.493,5.816812,-15.000033,31.417387,-15.730073,-28.328064,24.96397,11.194026,10.505142,26.029766,-7.8524323,-2.6993492,37.57101,11.22326,-30.889078,70.570335,1.780216,-4.144078,1.6023617,-150.49559,-48.075336,31.907097,5.6557436,39.16164,-39.050076,-0.21049912
627,-5.825240612030029,18.975412368774414,85.98029327392578,6.558759200223451,-0.3589688818819064,123.58095024371279,-7.99681,-17.393646,-46.017365,25.815493,5.7601213,-15.000033,31.35137,-15.884911,-28.32916,25.145643,10.886791,10.533059,25.778181,-7.851176,-2.6315274,37.418213,10.851613,-31.429049,70.99653,1.6454014,-3.9649823,1.4171461,-150.4397,-48.148438,32.101746,5.781444,38.600414,-39.35468,-0.33394936
628,-5.827372074127197,18.876712799072266,85.95939636230469,6.493163541749239,-0.39088215874512544,123.31971410243519,-8.094612,-17.369127,-45.875603,26.058989,5.3764243,-15.000033,31.363602,-16.082024,-28.479763,25.150047,10.506103,10.46074,25.721758,-7.819002,-2.5996583,37.26529,10.498706,-31.458279,71.243744,1.6691867,-3.8061492,1.3477917,-150.379,-48.202915,32.27975,6.031066,38.72043,-39.41228,-0.3672132
629,-5.827203750610352,18.777673721313477,85.93720245361328,6.60877074633015,-0.21864805560625744,123.05633127173361,-8.12467,-17.387278,-45.914818,25.623116,5.4002624,-15.000033,31.139763,-16.349888,-28.306725,25.055109,10.148291,10.503614,25.827272,-7.911958,-2.559868,37.00466,10.199029,-31.09287,71.60526,1.6435891,-4.106041,1.7445551,-150.33853,-48.11254,32.119076,6.042302,39.850796,-39.07025,0.28335595
630,-5.815662860870361,18.65729331970215,85.91993713378906,6.471426656014028,-0.5488061352986108,123.04159635707701,-8.171873,-17.439653,-45.601112,26.314325,5.185594,-15.000033,31.386452,-16.447916,-28.658688,25.350386,9.752629,10.341834,25.786436,-7.8402653,-2.353926,36.496452,9.940135,-32.19301,71.97056,1.6526437,-3.6356096,0.856045,-150.00844,-48.094296,31.699778,6.2906394,39.07616,-39.00611,0.2326045
631,-5.797748565673828,18.540542602539062,85.85546112060547,6.325192656461483,-0.4377928261330563,123.28986586595533,-8.784931,-17.444185,-45.27195,26.994276,4.788316,-15.000033,31.285173,-16.250082,-28.833233,25.317728,9.180721,10.116094,25.559776,-7.7690606,-2.365397,36.089962,9.692233,-32.524326,72.39119,1.6313074,-3.6121705,0.935496,-150.03528,-48.1226,31.731298,6.358792,38.789783,-39.202835,0.5934827
632,-5.774255275726318,18.421100616455078,85.81536865234375,6.303985246947231,-0.5238592501430791,123.16592218633484,-8.895075,-17.409788,-45.007015,27.164143,4.5440335,-15.000033,31.358849,-16.359146,-28.917637,25.281559,8.734679,10.132803,25.691729,-7.7951827,-2.2326698,35.712894,9.60269,-32.842873,72.67548,1.8192748,-3.5802047,0.75229627,-149.85815,-48.097137,31.484627,6.5090322,39.142513,-39.217033,1.1066873
633,-5.752618312835693,18.307161331176758,85.77596282958984,6.279337151296495,-0.37149710793529667,123.15354690307407,-9.267389,-17.233698,-44.560184,27.114714,4.3421073,-15.000033,31.346039,-16.38601,-29.180048,24.933382,7.8771186,9.915901,25.822374,-7.765435,-2.2033117,35.239346,9.511496,-33.067635,72.963905,1.7031329,-3.920374,1.029844,-149.81471,-48.020184,31.194054,6.337399,39.815075,-38.982174,1.5300907
634,-5.72353982925415,18.184223175048828,85.77718353271484,6.093204611092324,-0.5158510246669695,122.96460409845055,-9.436098,-17.101273,-44.283287,27.632395,4.062149,-15.000033,31.397818,-16.393217,-29.2919,24.989155,7.765203,9.922429,25.681353,-7.6464534,-2.187317,35.01956,9.237762,-33.578087,73.20397,1.7532436,-3.6855452,0.4372677,-149.68182,-47.991074,31.305132,6.7021513,39.57641,-39.158146,1.8478568
635,-5.694857120513916,18.07067108154297,85.76637268066406,6.072432738433708,-0.3768681677898153,122.53544742334638,-9.609441,-16.865425,-43.930256,27.445189,3.841252,-15.000033,31.254066,-16.690842,-29.455503,24.833601,7.08159,9.812188,25.806211,-7.6198072,-2.1720707,34.864017,8.973508,-33.26894,73.32694,1.7459031,-4.0306525,0.7822128,-149.61827,-47.846424,31.221695,6.7231274,40.240707,-39.168606,2.1645298
636,-5.662097454071045,17.95855140686035,85.73904418945312,6.06376827384322,-0.4380741083848974,122.23799056091552,-9.594143,-16.834871,-43.85514,27.454723,3.5866628,-15.000033,31.721401,-17.064001,-30.53722,24.287996,6.064708,9.700417,26.13461,-7.5770726,-2.0794208,34.347755,8.788735,-33.473217,73.63337,1.3920447,-3.8115199,0.44847757,-149.3072,-47.592587,30.919182,6.6981745,40.341515,-39.10521,2.302132
637,-5.605497360229492,17.83189582824707,85.6644058227539,5.72867770517678,-0.7455050482826179,122.38377782757277,-10.116336,-16.651188,-43.20071,28.834827,2.645947,-15.000033,32.076614,-16.9362,-31.300419,24.523285,4.941958,9.129609,25.9167,-7.3548694,-1.9463739,34.03246,8.585873,-34.02123,73.633514,1.5111929,-2.8835444,-0.2925884,-149.3566,-47.55415,30.847229,7.345052,39.75621,-39.17719,1.9403723
638,-5.5529890060424805,17.72779083251953,85.5899429321289,5.802902426987107,-0.5722120867458084,121.9754453552145,-10.409434,-16.594166,-42.787926,28.87547,2.49723,-15.000033,31.916803,-17.152552,-31.160345,24.241348,4.5636506,9.25984,26.314604,-7.4648175,-1.877147,33.53563,8.473286,-33.985874,74.04248,1.2772666,-3.4652054,0.12382508,-149.0178,-47.23754,30.139988,7.200042,40.46732,-39.288593,2.184696
639,-5.4872660636901855,17.627756118774414,85.53251647949219,5.892080047183499,-0.43706126951629065,121.57434965353785,-10.69093,-16.738503,-42.660313,29.186243,2.4248297,-15.000033,31.694223,-17.572878,-31.285656,24.360746,4.439966,9.18975,26.309568,-7.5254817,-1.8206742,33.17788,8.305872,-34.50218,74.375824,1.1603736,-3.4467807,-0.12718004,-148.89433,-46.876514,29.939043,7.341226,40.927784,-39.280956,3.2638688
640,-5.421595096588135,17.532665252685547,85.47627258300781,5.904915461763879,-0.4577890090466245,121.66800624246397,-10.967834,-16.85357,-42.395615,29.591076,2.5974288,-15.000033,31.733122,-17.396244,-31.111752,24.11498,4.337889,9.226998,26.396042,-7.460585,-1.6990854,32.6742,8.250437,-34.72957,74.41299,0.7491052,-3.8621917,0.04433441,-148.86926,-46.544838,29.753551,7.4548163,40.98092,-38.69399,3.0962164
641,-5.322817802429199,17.42905616760254,85.5123291015625,5.759497591800651,-0.8055623570787334,121.6491263372298,-10.931856,-16.577728,-42.062344,29.860338,2.3963008,-15.000033,31.754631,-17.285128,-30.90317,24.560427,4.4543996,8.904296,26.207502,-7.2640595,-1.6098751,32.458073,8.111163,-35.23926,74.350235,0.6969868,-3.3120935,-0.6875874,-148.78728,-46.42366,30.291239,7.8709335,40.80807,-39.01524,3.3568661
642,-5.2340779304504395,17.345949172973633,85.43092346191406,5.95405205911037,-0.6655959988050145,121.43292709456479,-11.382882,-16.716122,-41.62304,30.209463,2.4037704,-15.000033,31.455385,-17.52972,-30.577,24.69115,4.2435436,8.967772,26.443508,-7.436326,-1.5774968,31.937908,8.061636,-35.588703,74.61119,0.70905966,-3.4791563,-0.37899756,-148.59782,-46.162716,30.228695,7.925248,41.029716,-39.04834,2.7513278
643,-5.151689529418945,17.268157958984375,85.35791778564453,6.169024701644287,-0.6828843664810672,121.3126466340327,-11.477808,-16.74654,-41.274433,30.08028,2.2400482,-15.000033,31.555992,-17.700087,-30.516258,24.421988,3.5654864,8.996138,26.565487,-7.4909754,-1.4712896,31.55774,8.083283,-35.540863,74.554115,0.97540027,-3.4000216,-0.38264695,-148.50005,-45.802433,30.323511,8.107192,41.403065,-39.266544,3.6836097
644,-5.0823822021484375,17.18705177307129,85.3247299194336,6.151426828911659,-0.9286829022228427,121.5113007497506,-11.559023,-16.619076,-40.879005,30.27944,2.0013294,-15.000033,31.924156,-17.516577,-30.704239,24.18698,2.6134555,8.831344,26.474367,-7.3003297,-1.3284863,31.331636,8.1138115,-35.668976,74.21878,1.0543439,-3.1613674,-0.5392865,-148.45479,-45.54525,30.661718,8.26619,40.514133,-39.227493,3.4365313
645,-5.040171146392822,17.117618560791016,85.30517578125,6.248985949931699,-0.7911523930555705,121.3036484552445,-11.720547,-16.641006,-40.750835,30.177038,2.0325646,-15.000033,31.794067,-17.834066,-30.976994,24.18893,2.5164368,8.8225565,26.600786,-7.315086,-1.3401163,31.059017,8.142899,-35.552586,74.2797,0.88263285,-3.2137623,-0.3650007,-148.4433,-45.221775,30.636736,8.212011,40.591225,-39.177998,3.707102
646,-5.017704010009766,17.04323959350586,85.26665496826172,6.197135219972648,-0.8457354523340379,121.30320054938939,-11.961308,-16.569616,-40.416153,30.537203,1.7628195,-14.928916,31.869955,-17.796923,-31.05831,24.123577,2.1766388,8.788142,26.562765,-7.199815,-1.3207331,30.902527,8.145913,-35.677708,74.15341,0.9096687,-3.0828698,-0.43855324,-148.53035,-44.979355,30.67276,8.439387,40.290108,-39.06407,3.447913
647,-5.019089698791504,16.966360092163086,85.1700668334961,6.258958787040731,-1.024277668962533,121.60049886934534,-12.474508,-16.66245,-39.488724,31.433659,1.3908455,-14.28979,31.896547,-17.701405,-30.698877,24.46394,1.6612636,8.594179,26.427752,-7.148424,-1.1850566,30.72972,8.124873,-35.58757,74.148056,0.8030342,-2.9572883,-0.36221147,-148.67615,-44.83922,30.873672,8.882893,40.161205,-38.913635,2.9829512
648,-5.046571254730225,16.89813232421875,85.17787170410156,6.214085606040602,-0.850430442707608,121.06686744901036,-12.337508,-16.67916,-39.903717,31.132229,1.471537,-14.69462,31.67409,-17.976036,-30.623299,24.322378,1.9397085,8.792551,26.608486,-7.073405,-1.2484243,30.640354,8.072713,-35.650314,74.15393,0.74088454,-3.1671505,-0.46192124,-148.75478,-44.669685,30.719942,8.653891,40.376236,-39.11975,3.2290974
649,-5.08924674987793,16.82711410522461,85.1644287109375,6.299240580124427,-0.7186426658609214,120.71600353205748,-12.295226,-16.938114,-40.23371,31.043457,1.671538,-15.000033,31.254595,-18.26699,-30.073635,24.624535,2.639467,9.057378,26.744305,-7.121546,-1.2835399,30.49111,8.005776,-35.672688,74.31894,0.712413,-3.3851569,-0.4631099,-148.77885,-44.47138,30.475828,8.611873,40.761036,-39.367184,3.6576207
650,-5.144094467163086,16.750246047973633,85.21339416503906,6.114774737795539,-0.6504292825644746,120.60010481718639,-12.375593,-16.943632,-40.455738,31.211996,1.8313022,-15.000033,30.860634,-18.372936,-30.00062,25.206549,3.7164974,9.034439,26.643702,-7.046341,-1.4002565,30.347874,7.9809175,-35.79156,74.40376,0.39778486,-3.3588285,-0.8435847,-148.98856,-44.456047,30.377329,8.642411,40.741684,-39.557255,3.2368383
651,-5.200597286224365,16.672868728637695,85.24588012695312,6.109382581729094,-0.6876211313291262,120.50726814657749,-12.39121,-16.942247,-40.21691,31.19592,2.17428,-15.000033,30.636965,-18.68135,-30.030678,25.797127,4.1937633,8.976012,26.571545,-7.0474396,-1.2880486,30.081472,7.9298825,-36.051483,74.58655,0.17335515,-3.5149963,-0.93088037,-149.16063,-44.451023,30.168139,8.530431,40.72872,-39.765575,3.0370808
652,-5.249322414398193,16.60301399230957,85.2114028930664,6.146741580344414,-0.6585700693321143,120.44996086126457,-12.575702,-16.919518,-39.868416,31.27188,2.025839,-14.980636,30.911755,-18.974552,-30.78069,25.511131,3.7713144,8.81833,26.574741,-6.976658,-1.3152786,29.611286,7.84566,-36.053055,75.00028,0.31746373,-3.3650198,-0.867428,-149.12213,-44.410053,30.242037,8.40022,40.38559,-39.72401,2.7983189
653,-5.293722152709961,16.53235626220703,85.26017761230469,5.974055024226293,-0.8020017623933331,120.3665160377649,-12.496649,-16.684172,-39.61785,31.26815,1.9891473,-14.759741,31.08796,-19.046682,-31.233303,25.552212,3.7609987,8.805573,26.366852,-6.8055615,-1.2761506,29.334919,7.773032,-36.09478,75.13826,0.36314186,-3.2386408,-0.89383525,-149.39383,-44.49797,30.415113,8.527826,40.55285,-39.65948,2.8417232
654,-5.326610565185547,16.47983169555664,85.2580337524414,5.963145172610075,-0.6976925696365452,120.1735393603339,-12.821106,-16.68681,-39.242954,31.62462,1.9839298,-14.36091,31.041883,-19.20615,-31.403559,25.413017,3.8952422,8.899433,26.313065,-6.7900105,-1.3086046,28.834414,7.729817,-36.164276,75.558846,0.3417913,-3.0124762,-0.91936666,-149.40323,-44.54421,30.655687,8.272586,40.320297,-39.580704,2.730534
655,-5.345066070556641,16.44091033935547,85.22344207763672,6.030748596638484,-0.6958169517624803,120.0712830976013,-12.90336,-16.820087,-39.150826,31.790607,1.8975048,-14.317558,30.929152,-19.464874,-31.414156,25.751007,3.8500102,8.812422,26.255707,-6.858011,-1.2435833,28.17914,7.765858,-36.130836,75.9891,0.15765895,-2.9371545,-0.86979234,-149.57379,-44.584198,30.802847,8.33848,40.20192,-39.98747,2.5253396
656,-5.3525896072387695,16.427806854248047,85.26811981201172,6.142501845632289,-0.6278015756615364,119.9518006264985,-12.851881,-16.83698,-39.094707,31.46609,2.3161254,-14.427645,30.750822,-19.65533,-31.290785,25.890144,4.338835,8.744198,26.241528,-6.9365764,-1.2366993,27.410353,7.931831,-35.949493,76.53965,0.07533667,-2.9997227,-0.6926611,-149.60123,-44.54236,30.955324,8.114204,40.342056,-40.3361,2.5492427
657,-5.3515095710754395,16.438488006591797,85.29519653320312,6.138577247737949,-0.7129005960841369,120.00293238310908,-12.78079,-16.813189,-39.03164,31.455582,2.574078,-14.510323,30.872566,-19.666557,-31.502836,25.969542,4.602157,8.700479,26.112879,-6.9094424,-1.1949779,26.603008,8.232537,-35.847534,76.868774,0.13530205,-3.0218308,-0.43469235,-149.8182,-44.54037,31.15109,8.125801,40.19726,-40.483788,2.0662162
658,-5.3445916175842285,16.489891052246094,85.27533721923828,6.31862100334747,-0.45561288803578964,119.73285129368553,-12.987553,-16.86407,-38.806515,31.369469,2.6126947,-14.363971,30.686365,-19.960106,-31.548317,25.894703,4.6952877,8.83205,26.158056,-7.01345,-1.2232207,25.718147,8.675631,-35.69274,77.301796,0.046343252,-3.2788327,-0.24378118,-149.91966,-44.4184,31.12433,7.8734875,40.168713,-40.950077,2.2511513
659,-5.337425708770752,16.569183349609375,85.2425765991211,6.361106478448667,-0.5508270885905001,119.67425967627837,-13.056781,-16.887663,-38.462967,31.792524,2.5589507,-14.271406,30.8883,-20.14748,-31.955746,26.135487,4.373119,8.558038,26.022547,-6.934014,-1.2068998,24.86409,9.252008,-35.67394,77.536095,-0.001774091,-3.4542303,-0.07752465,-150.1578,-44.38317,31.426699,8.202108,39.790253,-40.744347,1.8583486
660,-5.331276893615723,16.691835403442383,85.20890808105469,6.657564966796906,-0.3713699650883232,119.5846216221591,-13.237732,-17.011463,-38.07421,31.763403,2.5671785,-13.795599,30.71512,-20.3697,-31.67595,26.282648,4.63362,8.5727,25.99714,-6.9697466,-1.3310388,23.89627,9.969023,-35.480328,77.98738,0.19706589,-3.7741156,0.4971171,-150.37392,-44.259377,32.006485,8.631905,40.19509,-40.493885,1.9632558
661,-5.336459159851074,16.845277786254883,85.17691040039062,6.721403759323032,-0.1807680541979852,119.63331857084206,-13.559972,-16.981865,-37.688686,32.085983,2.4654746,-13.593282,30.592562,-20.376543,-31.73704,26.500183,4.723751,8.261619,25.826138,-6.784642,-1.3148558,22.884144,10.810414,-35.42548,78.252106,-0.014049079,-4.3835635,0.9041455,-150.86034,-44.250614,31.819937,8.768152,39.876316,-40.659985,1.7575285
662,-5.3498125076293945,17.026086807250977,85.12887573242188,6.815202059224638,0.027583735193454313,119.91925842214488,-13.893943,-17.058933,-37.48621,32.41463,2.2926645,-13.363473,30.88681,-20.203882,-32.32903,26.063557,4.637735,8.347704,25.78486,-6.59784,-1.346288,21.612326,11.8143,-34.893055,78.67821,0.024462663,-4.390304,1.0258787,-151.1276,-44.25054,31.734621,9.26667,39.85693,-39.73563,1.7328824
663,-5.376531600952148,17.215717315673828,85.02202606201172,6.89482033488513,0.33557045829675364,119.76030979472388,-14.266716,-17.529568,-37.85959,33.30731,2.0037374,-13.605988,30.666466,-20.501713,-32.659595,26.56479,4.6634974,8.092121,25.708,-6.471004,-1.2230339,20.649574,12.909516,-34.34666,78.810974,-0.3946383,-4.8972063,1.3695408,-151.5389,-44.405148,31.400297,10.470382,40.194363,-39.66608,0.9373383
664,-5.414801120758057,17.40241241455078,84.93099975585938,7.0739259949826065,0.49595672075957603,119.7878662692222,-14.538643,-17.784203,-37.650223,33.831635,1.8874441,-13.630901,30.95856,-20.617994,-33.231483,26.392313,4.4808106,8.093941,25.691072,-6.194396,-1.048329,19.544407,14.173262,-33.605236,78.65431,-0.20472877,-5.2876487,1.7499058,-151.72404,-44.638996,31.377893,11.723225,40.34986,-39.490246,0.8912373
665,-5.47430944442749,17.57478904724121,84.91094970703125,7.246975519095173,0.8616784337238237,119.79307401427275,-14.866571,-17.974014,-37.536808,33.970287,2.075552,-13.678291,30.932535,-20.81523,-33.799202,26.35611,4.5957284,7.9684706,25.751127,-6.0411935,-0.8949844,18.544975,15.538415,-33.27964,78.27076,-0.18687384,-5.5158334,2.0130038,-151.77214,-44.875546,31.08938,12.652917,40.60128,-38.856785,0.31756452
666,-5.554249286651611,17.715784072875977,84.92254638671875,7.447344855517094,1.003925703276465,119.80702049919307,-14.805226,-18.153322,-37.534317,33.755524,2.3576849,-13.744864,31.197788,-20.826668,-34.112537,25.963709,5.0425916,8.001935,25.868118,-5.800175,-0.73182523,17.696442,16.984026,-32.643604,77.658936,0.11136083,-5.523798,2.3367198,-151.78378,-45.066807,31.319878,14.042584,41.371117,-38.51972,-0.7079881
667,-5.662148475646973,17.81698226928711,84.96183776855469,7.364548907304977,1.28055431172783,119.59577605778532,-14.949098,-18.185009,-37.669216,33.867317,2.3530796,-13.573008,31.294071,-20.881096,-34.84136,25.728632,5.034125,7.997328,25.941645,-5.4808297,-0.4926558,17.03744,18.452574,-32.28997,76.72453,0.31502154,-5.3555627,2.5767837,-151.83702,-45.319782,31.29929,15.443583,41.6708,-37.830395,-2.2968779
668,-5.790031909942627,17.87949562072754,84.90672302246094,7.297137292675978,1.3962310568644472,120.24329296015694,-15.3263855,-17.995914,-37.11106,33.94282,2.0429091,-13.3179,31.987553,-20.470545,-36.223705,25.177958,5.113972,7.7951064,25.854647,-5.003437,-0.14897354,16.709774,20.006277,-30.884413,74.91055,1.6004492,-4.9972186,3.280473,-152.14996,-45.743263,32.224342,18.275593,41.67161,-38.068985,-4.9571424
669,-5.926868915557861,17.904821395874023,84.91937255859375,7.30168416891556,1.690400640057331,120.18450730114438,-15.654307,-18.127262,-37.024723,34.119854,2.0298524,-12.924097,31.888641,-20.251904,-36.162605,25.001589,5.3206873,7.9022303,26.061953,-4.932926,0.2725603,16.058275,21.526226,-30.841862,74.22611,1.8506815,-4.831617,3.4362977,-151.9559,-45.984375,32.1516,21.232697,43.481567,-36.589577,-6.322235
670,-6.065150737762451,17.896604537963867,84.978271484375,6.774599022273383,2.0054730948377437,119.24241598893717,-15.831975,-18.111235,-37.701866,34.933784,1.884987,-13.0324335,31.805065,-19.675098,-35.885845,24.272837,6.0122848,8.59933,26.454144,-4.437046,0.8423864,16.98356,22.956203,-29.483175,72.41101,1.5088621,-6.150796,5.6463933,-151.70476,-46.13097,32.370293,24.419954,45.067024,-35.852806,-5.9939337
671,-6.178468704223633,17.868356704711914,84.85342407226562,6.543010685801225,2.3718734786243276,119.8597574726874,-16.66755,-18.512863,-38.12764,36.01439,1.4232408,-13.002194,32.125942,-18.712788,-36.630848,23.80088,5.9539957,8.747248,26.73277,-4.214968,1.4768587,16.353306,24.429565,-29.298399,71.12512,1.4777994,-5.3574786,3.861179,-151.43076,-46.37981,33.10186,26.928429,46.025784,-35.027493,-7.4252996
672,-6.249167442321777,17.80315589904785,84.71402740478516,6.118018429290465,2.400067890316694,119.81604132457868,-17.5147,-18.28671,-37.373997,37.611965,0.58776164,-12.623917,32.573055,-17.982689,-37.42449,23.915367,5.5954795,8.783796,27.202562,-3.9191055,2.3820212,16.964174,25.692482,-28.165394,69.23282,1.042083,-5.712845,4.170913,-151.02509,-46.69866,33.53855,29.71644,46.927326,-33.61984,-8.720213
673,-6.269597053527832,17.71141815185547,84.39086151123047,6.007053950623956,2.763271634820256,119.9772408406468,-18.933943,-18.355494,-36.427628,39.36086,-0.66264296,-12.188607,32.556175,-17.286425,-37.636135,24.38887,4.8938594,8.746526,27.792984,-3.768736,3.532719,17.017998,26.73546,-27.300016,68.13596,0.45860475,-5.5639906,4.487593,-150.43608,-46.994255,33.06237,32.087143,48.697025,-32.833775,-8.442023
674,-6.234327793121338,17.56400489807129,84.13299560546875,6.194392002630118,2.8019660669430086,119.1259149751011,-19.07473,-18.876888,-36.60943,40.045227,-1.412056,-12.965705,32.585857,-17.454689,-37.718197,25.372114,5.153912,8.941857,28.118423,-3.1518362,4.7507424,18.786356,27.429457,-25.999567,65.54727,-0.16814111,-6.2898335,6.543793,-149.9271,-47.458466,32.587666,34.88635,50.3085,-30.901478,-8.131979
675,-6.158270835876465,17.343339920043945,83.65754699707031,6.451209267620111,3.5031328318992836,119.11431335699014,-20.515476,-20.008501,-37.08097,41.758522,-2.480037,-13.559506,32.083668,-16.841827,-37.236393,25.87014,4.0086937,9.186578,28.400002,-2.9722035,6.0797377,17.365658,28.069418,-26.895939,65.94935,-1.3471676,-6.6434636,4.8697557,-148.87106,-47.96399,32.044586,36.640656,53.058937,-29.504564,-8.019664
676,-6.042598724365234,16.991680145263672,83.20945739746094,6.264230384441291,3.7186037173114213,118.83626879530476,-21.975565,-20.029482,-36.198536,43.71254,-4.0114202,-13.554631,32.195847,-16.69521,-38.56684,26.885592,2.5711188,9.278065,29.371252,-2.639727,7.474674,17.047789,28.39344,-27.052,63.91583,-1.1799369,-6.237812,5.957732,-146.94243,-48.347946,30.891605,38.000862,54.75124,-27.919388,-8.889052
677,-5.885295391082764,16.487825393676758,82.54315185546875,6.225390413409837,3.3648551506835043,118.76782286581269,-23.635277,-20.335579,-34.749596,46.737064,-5.92855,-13.0492735,32.185905,-16.64317,-38.77268,28.68359,0.7897479,9.263097,30.263184,-2.5104926,9.117505,16.281666,28.598469,-26.968527,63.111183,-1.9677447,-6.0426326,6.023541,-144.84627,-48.575653,29.485512,38.585575,55.461334,-26.815964,-9.708048
678,-5.707995891571045,15.847349166870117,81.91081237792969,5.79764505366159,3.6340736417890547,118.30354485578715,-25.830797,-20.243761,-33.679565,49.60046,-7.5735564,-13.101125,32.162777,-17.032326,-40.768833,29.746582,-1.0627238,9.5307665,31.046852,-2.106647,10.544555,15.224979,28.52161,-27.72022,61.80939,-2.5123408,-5.724178,6.0809464,-141.49644,-48.615566,26.912586,37.702213,56.202675,-25.756342,-9.941217
679,-5.488692760467529,15.052286148071289,81.11842346191406,5.821187539431908,3.152884401858109,117.9218776759062,-27.40073,-20.999886,-32.911438,52.6322,-8.998513,-13.596546,32.017223,-18.158222,-41.96744,32.339504,-3.4137871,9.398829,31.708872,-1.7791315,12.20976,14.538081,28.167484,-28.059662,59.075893,-2.5106473,-5.19248,6.870572,-136.97159,-48.43191,24.278511,36.80616,55.69682,-24.362234,-10.918637
680,-5.247434616088867,14.149530410766602,80.44744873046875,5.631410793218146,3.6259132660677884,117.05163274213768,-29.919706,-20.80772,-31.589712,54.98283,-10.147345,-13.503286,31.56399,-19.1824,-43.912216,33.590286,-6.63545,9.837365,31.929653,-1.5765194,13.73451,12.720936,27.48502,-28.47485,57.520912,-2.2154374,-5.3533993,7.115457,-131.48886,-47.9732,20.926027,34.64416,56.805965,-23.881413,-11.010028
681,-4.981188774108887,13.130611419677734,79.64716339111328,5.345757039101251,3.1166060417518655,116.15868800933498,-31.870262,-20.929249,-30.515427,58.30979,-11.086455,-13.2458935,31.309935,-20.260223,-44.836365,36.077915,-8.6228695,10.026134,32.073944,-1.4731438,15.437917,10.008585,26.724312,-29.290337,57.17126,-3.3801074,-4.636308,6.475947,-125.1441,-47.05245,18.302694,32.508995,55.883423,-23.549223,-12.103166
682,-4.7036824226379395,12.060466766357422,78.85751342773438,5.1164548505497836,3.314529607693118,115.14464566933434,-34.622227,-19.886711,-28.277058,60.748287,-12.39276,-12.675684,31.030968,-20.929655,-46.332783,36.817753,-11.40858,10.421606,32.218006,-1.3142635,16.791288,7.051431,25.745602,-29.858782,56.945843,-3.9362042,-3.3081436,6.187178,-117.80399,-45.571136,15.99065,28.881987,54.722958,-22.724644,-12.607726
683,-4.436616897583008,10.947126388549805,78.43206787109375,4.702237853739962,3.2114000256718906,113.1217429607673,-36.3818,-18.107672,-26.206242,62.19612,-13.018023,-12.01493,30.607664,-22.245087,-48.16267,38.41559,-12.648937,10.7292385,32.8417,-0.98609656,17.75808,4.5944133,24.755966,-29.909988,56.207493,-4.8047743,-3.222425,6.57137,-110.461716,-43.268005,14.19942,25.98786,53.454826,-21.75133,-13.883879
684,-4.206954479217529,9.827840805053711,77.85885620117188,3.9913598102553554,3.1085680800677764,111.83861253147468,-38.15093,-17.096031,-25.624304,64.267105,-13.940707,-10.9864235,29.487226,-22.879066,-48.890083,40.31097,-15.382229,12.057643,32.57779,-1.5891205,19.758562,-1.5727051,23.483746,-33.121277,59.702892,-6.138559,-1.3031558,7.4666777,-101.56326,-39.696194,14.080563,19.77166,51.491806,-20.848545,-12.700931
685,-4.0295233726501465,8.724422454833984,77.1312026977539,3.4482431501879494,2.5252281934636063,109.57465872634562,-39.709408,-15.073496,-23.625225,66.75182,-15.097367,-10.36635,29.07765,-24.599909,-50.434166,42.57651,-17.428482,12.847864,32.514988,-1.4475528,20.940943,-5.3252006,22.195444,-34.54624,61.52775,-7.392158,-0.7992807,7.58428,-92.79872,-35.5359,15.123435,15.577973,48.81007,-20.565695,-12.6077795
686,-3.9279661178588867,7.678269386291504,76.40694427490234,2.9998555743216233,2.382534059596927,107.10291653357352,-41.540703,-13.193066,-21.947392,69.200836,-16.034468,-9.621165,27.9401,-26.393091,-51.54366,44.96276,-19.989033,13.950158,31.90789,-1.5542617,21.967535,-8.207568,21.016684,-35.683834,63.335773,-8.357428,-0.5445231,8.083712,-83.83287,-30.98772,17.5911,11.309865,45.862793,-20.303453,-12.741296
687,-3.9119913578033447,6.707129001617432,76.08141326904297,2.3382065088111244,2.60671421506496,104.40642460498827,-43.215546,-10.374439,-20.089678,70.660385,-16.68626,-8.07705,26.604265,-27.832859,-52.805637,46.561974,-21.310257,15.000033,30.959389,-1.5218897,22.776066,-10.527215,19.98266,-35.65338,64.95879,-9.791266,-0.43461582,8.058665,-74.40652,-26.492952,21.072657,7.161447,42.92672,-21.906607,-13.52325
688,-3.9597063064575195,5.809436321258545,75.70930480957031,1.5974584344530018,2.842691252506863,101.6813788699322,-44.74784,-7.6349936,-18.620583,72.183556,-17.599756,-6.9644217,24.715715,-29.409946,-53.43144,49.24653,-22.854588,15.000033,29.700909,-1.6026704,23.635475,-12.522249,19.138159,-35.255276,66.22617,-10.483803,-0.25474423,8.26308,-65.668884,-22.203777,24.536192,4.3110404,40.054005,-23.134993,-13.38985
689,-4.07267951965332,4.996377468109131,75.32284545898438,0.7719898003524125,2.6282589875738025,98.44693656485548,-45.77678,-5.0072427,-17.5672,74.2753,-18.330564,-5.563092,22.871511,-31.427086,-53.741753,52.55403,-24.149307,15.000033,27.934036,-1.7921137,24.425999,-13.675223,18.53179,-34.67159,67.16025,-11.880899,-0.52387834,9.063266,-57.13267,-18.51975,28.839762,3.0473351,36.393967,-24.75679,-13.479234
690,-4.19954776763916,4.27489709854126,74.9730453491211,0.21050736799134132,2.9380690364793143,95.85731861141697,-47.042603,-2.7727413,-16.622688,75.59033,-19.07262,-4.652334,20.501553,-32.347736,-53.127213,54.12737,-25.273504,15.000033,26.343203,-1.8952047,24.917372,-14.537073,18.194355,-33.92259,68.21619,-14.115701,-0.6331118,8.920967,-49.45588,-15.573383,32.911316,2.1894188,32.457355,-25.684498,-12.138318
691,-4.341830730438232,3.6511480808258057,74.73410034179688,-0.20639857427920386,3.30720102269033,93.36474440161987,-48.147427,-0.9413962,-15.88808,76.66387,-19.135876,-4.0494046,18.373234,-33.858494,-53.096123,56.1071,-26.792423,15.000033,24.468449,-2.0956388,25.460945,-14.808524,18.058374,-32.475636,68.624855,-16.481268,-0.63980275,8.752569,-42.645664,-13.424545,36.065388,2.640159,29.562737,-26.464294,-10.757526
692,-4.4635210037231445,3.1034207344055176,74.599365234375,-0.4969079419100195,3.598784051102894,90.58812922514808,-48.76495,0.8362863,-15.197622,77.382484,-19.472002,-3.4239964,16.069693,-35.69612,-52.887844,58.51886,-27.674282,15.000033,22.58847,-2.342507,25.931421,-14.896599,18.10662,-32.13799,69.35386,-18.18575,-0.7793253,8.28442,-37.394318,-11.979068,37.853195,3.9407978,27.688866,-27.269178,-9.610347
693,-4.545073509216309,2.6283047199249268,74.50616455078125,-0.638997150580736,3.849087925480847,87.96685427854224,-49.289352,2.8010468,-14.177502,77.993576,-19.458258,-2.7782006,14.175721,-37.44891,-52.888474,60.519844,-28.349993,15.000033,20.636166,-2.578118,26.188139,-14.651729,18.217585,-31.596525,69.73923,-19.311012,-0.80682,8.208936,-32.97523,-11.27102,38.721367,5.0224,24.433363,-27.49524,-8.948001
694,-4.562828063964844,2.2031822204589844,74.41437530517578,-0.6596165909680632,3.989638723689519,85.40949225093391,-49.46149,4.7711706,-13.096699,78.329796,-19.687151,-2.5296295,12.342287,-38.373474,-52.140377,61.16035,-28.802612,15.000033,18.911627,-2.8998117,26.09227,-14.280461,18.422123,-31.315443,70.50948,-19.847813,-0.86879057,7.7371807,-29.164162,-11.208496,39.924503,5.6953936,22.77201,-26.907131,-7.5842876
695,-4.5165863037109375,1.8319834470748901,74.45563507080078,-0.40130177893595015,4.110043882906729,82.562877643969,-49.190453,6.9834185,-11.517806,78.2726,-19.680927,-2.0906003,10.629599,-39.44033,-51.348663,61.36681,-28.940462,15.000033,17.237173,-3.0187006,25.730907,-13.6676855,18.66431,-30.726292,70.86055,-19.664074,-0.9827824,7.7595906,-25.746044,-11.805785,40.70441,6.2651076,21.002373,-26.8693,-6.8371654
696,-4.407637119293213,1.508185863494873,74.5303955078125,-0.276856150393673,4.433027760713556,80.20210578120445,-49.096462,9.385371,-9.95113,77.990105,-19.760647,-1.6497575,8.913637,-40.031292,-50.661076,61.35769,-28.965263,15.000033,15.7718725,-3.2122846,25.26807,-12.773722,18.962294,-30.002909,70.95989,-19.686062,-1.0743852,7.5089617,-22.40963,-12.83336,40.751804,5.465981,19.662004,-26.981632,-6.5479617
697,-4.235363006591797,1.2249107360839844,74.64886474609375,0.11370325290456414,4.605640793229706,77.89986079879726,-48.402264,11.381788,-8.284119,77.275536,-19.860306,-1.8994168,7.4854617,-40.608715,-49.80598,60.94116,-28.879206,15.000033,14.405393,-3.3574276,24.598125,-11.874376,19.2997,-29.04715,70.83688,-19.43841,-1.2663413,7.6722565,-18.957653,-14.37022,40.16465,3.9419048,18.472742,-26.211914,-5.1657877
698,-4.010637283325195,0.975054144859314,74.971923828125,0.22681212551727714,4.7407202207210375,75.39152925699737,-47.405827,13.686699,-6.728554,76.281235,-19.602463,-2.131741,5.893869,-40.55949,-48.689114,60.050644,-28.46963,15.000033,13.275424,-3.2884889,23.794085,-11.13559,19.628601,-28.35539,70.795525,-19.06852,-1.2818325,7.9995847,-15.709904,-16.32254,39.925568,2.3464613,17.625265,-26.457842,-5.0331306
699,-3.736818313598633,0.7619509100914001,75.26858520507812,0.4989319348577635,4.913561053951072,73.18869585767683,-46.27035,15.6759815,-5.0723004,75.0993,-19.56685,-2.4525084,4.244227,-40.55942,-47.317245,59.358112,-28.027954,15.000033,12.2735405,-3.2557197,23.170412,-10.478169,19.964174,-27.59657,70.55767,-18.263952,-1.4151691,8.202718,-12.6374855,-18.64706,39.13288,0.13901938,18.02773,-26.868753,-5.180874
700,-3.422499895095825,0.5735292434692383,75.57572937011719,0.71648323309282,5.141191480624381,70.9195235128854,-45.063892,17.852852,-3.2683213,73.90485,-19.382013,-2.7215083,2.6390686,-40.158672,-45.86839,58.175232,-27.628407,15.000033,11.454079,-3.0564983,22.45822,-9.871892,20.310411,-27.142345,70.609184,-18.111734,-1.480924,8.382555,-9.833706,-21.18301,38.10829,-2.636501,19.54742,-27.073696,-5.3310666
701,-3.0842065811157227,0.4186949133872986,75.89323425292969,1.0475448661149815,5.203352322953577,69.07400267008121,-43.656338,19.64471,-1.4304932,72.672905,-18.930569,-3.120969,1.623496,-39.966038,-44.809727,57.158615,-27.285002,15.000033,10.606598,-2.7517915,21.796093,-9.299688,20.627407,-26.969778,70.43778,-18.030542,-1.6232847,8.736052,-6.85958,-23.90188,37.022606,-5.7660365,19.318634,-27.323786,-5.281316
702,-2.729959487915039,0.2825165390968323,76.24861907958984,1.44091771394061,5.071870450509317,67.40766127175256,-42.006413,21.15611,0.40105352,71.43925,-18.48955,-3.5396543,1.2162819,-39.772038,-44.17878,55.848103,-26.74088,15.000033,10.075234,-2.3440351,21.201675,-8.849449,20.87201,-26.914799,70.15976,-17.685783,-1.7784262,9.318213,-3.4000676,-26.715637,35.64806,-9.235848,20.055815,-27.576725,-6.280197
703,-2.372575521469116,0.16934120655059814,76.65547943115234,1.8354314014801068,4.959630830247576,65.9558726630314,-40.28424,22.379215,2.1457524,70.003174,-17.882431,-3.925459,0.9009126,-39.433422,-43.533062,54.38175,-26.236898,15.000033,9.669282,-1.7824848,20.724052,-8.513373,21.047594,-26.955173,69.641815,-17.750568,-1.816607,9.495197,-0.08901437,-29.528183,34.54397,-12.954325,19.546309,-27.984535,-6.8772655
704,-2.0263044834136963,0.0834791362285614,77.169189453125,2.344353024310245,4.7259181966289034,64.7611668005791,-38.272182,23.14178,3.915827,68.228035,-17.244242,-4.350022,0.8384126,-39.08943,-42.79427,52.745083,-25.596254,15.000033,9.275523,-1.2371503,20.19169,-8.189538,21.095533,-26.985146,68.89915,-17.805765,-1.69928,10.148907,3.398814,-32.27565,33.352154,-16.712772,19.248652,-28.120003,-7.5523224
705,-1.70858895778656,0.021966930478811264,77.62566375732422,2.6014595043061197,4.369462189016693,63.958478302672475,-36.330795,23.773975,5.2773175,66.424095,-16.452015,-4.9538345,1.1732839,-38.53482,-42.357826,51.282513,-25.035074,15.000033,8.771749,-0.66451156,19.693449,-7.630879,21.037853,-27.190355,68.22045,-17.78329,-1.7929852,10.327766,6.394336,-34.817493,31.669558,-20.180851,20.137814,-27.826973,-5.801053
706,-1.418071985244751,-0.02004081942141056,78.02928924560547,2.954859724071348,4.216458506393127,63.131291404035274,-34.600674,24.538239,7.01601,64.865074,-15.964354,-5.1542974,1.6630028,-38.14354,-42.429657,49.450687,-24.384922,15.000033,8.530492,0.11424559,19.09687,-7.2175937,20.884052,-27.468601,67.439285,-18.292469,-2.0120199,10.791626,9.375696,-37.11896,30.335255,-23.541058,20.366163,-27.64201,-6.5454926
707,-1.1712173223495483,-0.03950706496834755,78.47296905517578,3.1989815360549243,3.983996251225443,62.493129026660874,-32.7549,24.337587,7.755436,62.71868,-15.220992,-5.8041143,2.240802,-37.33967,-42.097282,47.258312,-23.702883,15.000033,7.9904714,0.7998324,18.594229,-7.0323462,20.707129,-28.493029,66.98009,-17.659424,-1.9537996,10.981816,12.55071,-39.04559,28.8786,-26.856451,21.280703,-27.615084,-7.1902847
708,-0.9687897562980652,-0.045086462050676346,79.05282592773438,3.649374316836064,3.4413077955544376,62.33379575749598,-30.666891,23.942307,8.836039,60.476143,-14.389659,-6.200027,3.5057473,-36.995018,-42.357002,45.206623,-22.744493,15.000033,7.6020827,1.4657518,17.9027,-6.7037954,20.422194,-29.032892,66.56395,-17.706135,-2.0805285,10.827241,15.297505,-40.72964,27.372162,-29.761923,21.517828,-27.633621,-6.761773
709,-0.8086606860160828,-0.048782192170619965,79.42283630371094,3.8585169730362145,3.099601315581936,62.24748102060765,-28.988808,23.735758,9.649929,58.405605,-13.756369,-6.7817874,4.384227,-36.20194,-42.11005,43.179184,-22.153963,15.000033,7.1905513,2.1746426,17.274405,-6.370733,20.082912,-29.626623,65.96354,-17.506039,-1.7104367,10.940312,17.565609,-42.063114,26.394356,-32.351967,21.731567,-27.41075,-6.8999987
710,-0.6930991411209106,-0.051529768854379654,79.82820129394531,4.185784127371625,2.7365009937136353,62.05771008777168,-26.980278,22.97723,10.254623,55.703495,-13.2787075,-7.3040085,5.4136305,-35.67181,-42.102634,40.983433,-21.360218,15.000033,6.7874703,2.78119,16.55197,-5.9568224,19.702303,-30.363096,65.67227,-17.84499,-1.7836008,10.838536,19.435156,-43.119984,25.842901,-34.589252,21.821894,-26.511341,-6.5269856
711,-0.6193901896476746,-0.06826891005039215,80.2314453125,4.393097737267098,2.4033772382915437,62.05052180184031,-25.29124,22.134357,10.454547,53.112686,-12.625106,-8.10241,6.4827743,-34.7667,-41.999348,38.417732,-20.372538,15.000033,6.537701,3.4450662,15.757124,-5.563919,19.282255,-31.040056,65.38619,-17.93772,-1.8785526,10.834099,21.054167,-43.929485,25.512114,-36.654125,21.303547,-25.912315,-6.3084345
712,-0.5916775465011597,-0.09236783534288406,80.68672943115234,4.748869045822,1.779430496849766,62.285218209654595,-23.41585,21.099638,10.72075,50.524727,-11.818192,-8.542138,7.8658895,-34.18439,-41.923767,36.151184,-19.396473,15.000033,6.2014265,3.8631432,14.995956,-5.367338,18.863222,-32.248108,65.5395,-18.00685,-1.9450444,10.739077,22.527786,-44.521896,25.690777,-38.16006,20.769053,-25.363707,-6.2963743
713,-0.6004490256309509,-0.1315763294696808,81.05162048339844,5.201449163773057,1.3536574485716792,62.265569084098516,-21.951675,20.055555,10.939249,48.479576,-11.033246,-9.096781,9.004818,-33.896202,-42.103165,33.94676,-18.687307,15.000033,6.266407,4.273262,14.153182,-5.1372337,18.40403,-33.226967,65.67873,-19.052021,-1.908193,10.699402,23.441742,-45.146564,26.462513,-39.065716,19.498945,-24.123991,-4.9829884
714,-0.6593865156173706,-0.16934964060783386,81.43434143066406,5.398734931750086,0.6820595841194598,62.48128752923208,-20.236465,18.686703,10.278647,45.85304,-10.242912,-9.668357,10.345121,-33.248207,-42.013798,31.826225,-17.78838,15.000033,5.9607396,4.546898,13.426697,-4.784448,17.980547,-33.703053,65.59808,-18.636616,-1.8415335,10.671003,24.638823,-45.446754,26.156471,-40.69484,19.539272,-22.713476,-4.0211334
715,-0.7512883543968201,-0.20463037490844727,81.78038787841797,5.6520086104562,0.2192946883258799,62.659862366720965,-18.893827,17.624144,10.055634,43.711422,-9.468783,-10.125302,11.735252,-32.76006,-42.545338,29.43016,-16.710688,15.000033,6.0096073,4.8512564,12.634826,-4.4641585,17.544212,-34.460285,65.8121,-19.539051,-1.9386733,10.4655075,25.479866,-45.77631,26.545885,-41.48736,18.881804,-21.351915,-2.8370328
716,-0.8772363662719727,-0.22799400985240936,82.02937316894531,5.467758664567753,-0.07839810928519106,62.78778396230331,-17.548944,17.187677,9.923176,41.300728,-9.087949,-10.009646,12.812076,-31.786217,-42.915867,27.146399,-15.427354,15.000033,5.853158,5.2007494,11.830396,-3.977027,17.09723,-35.225883,66.075386,-19.325375,-1.8554605,10.177293,25.944967,-45.978905,26.736656,-42.00082,19.044722,-20.706425,-2.9243946
717,-1.0288108587265015,-0.23837843537330627,82.3804702758789,5.611137417012606,-0.8605891983396807,63.250550378332036,-15.686659,16.218197,9.793179,38.58636,-8.736894,-10.289321,14.50681,-31.285618,-43.437202,25.1405,-14.335721,15.000033,5.8540387,5.5376515,11.09122,-3.509288,16.65085,-35.31718,65.96849,-18.805271,-1.6599503,9.908636,26.276447,-46.06065,26.51525,-42.77699,19.782885,-19.614061,-1.4440734
718,-1.1938250064849854,-0.23333944380283356,82.60301208496094,5.375413948444727,-1.3166013184987886,63.79226071815152,-14.342095,15.718028,9.417366,36.110764,-8.35772,-10.359378,15.772402,-30.210365,-43.66186,23.048252,-13.215889,15.000033,5.822836,5.859646,10.385318,-3.2068067,16.264124,-35.98888,65.91212,-17.999805,-1.4786602,9.675932,26.525593,-46.08735,26.764072,-43.19249,19.248224,-19.065735,-0.9492124
719,-1.3614612817764282,-0.21189181506633759,82.76365661621094,5.428018101680443,-1.3644441787961477,63.93190586195274,-13.298028,15.040513,9.322505,33.78146,-7.559967,-10.534499,16.489979,-29.614582,-43.85908,20.970661,-12.131201,15.000033,5.796251,6.051166,9.756583,-2.8972862,15.909721,-36.634018,65.85386,-17.310389,-1.3361481,9.3204155,26.430162,-46.02416,26.88912,-43.418232,19.618412,-19.116163,-0.90928
720,-1.5406572818756104,-0.17422819137573242,82.95111083984375,5.48716913550356,-1.9000139144128518,64.41349246198894,-11.941101,14.2688465,9.02603,31.574867,-6.9210405,-10.532398,17.66475,-29.204481,-44.02625,19.57392,-11.378083,15.000033,5.643239,6.1941843,9.269811,-2.5407448,15.550147,-36.761864,65.724434,-17.00059,-1.3228301,9.293763,26.630423,-45.798115,26.558489,-43.684395,19.775158,-18.297333,-0.58317107
721,-1.7238376140594482,-0.11810935288667679,83.10344696044922,5.420392162345757,-2.309277645334761,65.13507459898895,-10.542663,13.730211,8.995858,28.925497,-6.200597,-10.577282,18.795359,-28.789055,-44.619644,18.479721,-10.826395,15.000033,5.551175,6.1996884,8.609165,-2.3911417,15.20719,-37.12628,66.010704,-16.480274,-1.283264,9.525664,26.639198,-45.665623,26.752167,-43.561214,19.152208,-17.775755,-0.7496379
722,-1.9093701839447021,-0.052194900810718536,83.22442626953125,5.165896242318296,-2.7385842075087323,65.49935464496248,-9.563434,13.621247,8.939617,27.483324,-5.7335525,-10.411892,19.732292,-28.133083,-44.77935,17.327871,-10.128574,15.000033,5.627421,6.3468013,8.196291,-2.2375038,14.906662,-37.46836,66.0244,-15.742515,-0.966679,9.371248,26.474691,-45.520454,26.976854,-43.21349,19.206408,-18.460312,-0.7916822
723,-2.089024066925049,0.02363031730055809,83.28118896484375,4.755892352044961,-2.9910722050431793,65.78686856855015,-8.837417,13.553222,8.411713,26.148443,-5.5172343,-10.391907,20.60633,-27.19495,-45.11571,15.790336,-9.421108,15.000033,5.6005907,6.611576,7.795833,-1.9180715,14.663947,-37.46951,65.82318,-14.996426,-0.8521324,9.113845,26.474657,-45.25833,26.734179,-43.13426,19.42626,-18.92558,-1.7030473
724,-2.257598876953125,0.1087225079536438,83.35160064697266,4.452953660046633,-3.3134310433196403,66.0453883253075,-8.099585,13.519463,8.204549,25.08674,-5.3519855,-10.398118,21.606394,-26.430555,-45.626957,14.297456,-8.563869,15.000033,5.54495,6.83126,7.4194303,-1.6191862,14.460059,-37.60381,65.74148,-14.545152,-0.681963,9.113829,26.14312,-45.014774,26.665415,-42.81031,19.089119,-18.743727,-1.6855057
725,-2.410959482192993,0.19888409972190857,83.42829895019531,4.238711477335867,-3.5512555615731705,66.42211866425986,-7.57555,13.306821,7.763671,24.160162,-4.974643,-10.385424,22.4526,-25.922058,-46.27324,13.251408,-7.7940636,15.000033,5.3317995,6.9101377,7.2436004,-1.3520938,14.270555,-37.689144,65.69851,-13.75478,-0.6882125,8.98998,26.264961,-44.670776,26.136593,-42.629425,19.306414,-19.20719,-2.1298404
726,-2.5426442623138428,0.28266146779060364,83.45317840576172,4.034610370613569,-3.618847082986892,66.69377254002231,-7.2348084,13.193924,7.457928,23.355204,-4.7315063,-10.243431,23.112919,-25.427427,-46.977043,12.156503,-7.148376,15.000033,5.184475,7.003809,7.0670733,-1.156105,14.106204,-37.744057,65.68143,-12.79369,-0.85081106,8.834627,26.504984,-44.244095,25.592552,-42.64745,19.412077,-20.187864,-3.0169072
727,-2.637451410293579,0.35335594415664673,83.44973754882812,3.866394388754025,-3.8461831212553252,67.18255739394033,-6.9339914,13.246178,7.5015283,22.946964,-4.8569517,-10.107127,27.464268,-21.095438,-48.841858,0.7829685,-1.1003441,15.000033,5.013483,7.046522,6.8644767,-1.1511962,13.97262,-37.886635,65.768326,-13.0645485,-0.5963227,8.929035,26.559708,-43.87774,25.249344,-42.42982,19.983284,-20.113209,-2.5522063
728,-2.7324142456054688,0.3977275788784027,83.47013092041016,4.010258489893466,-4.013130479377326,67.18732482469352,-6.5879407,12.910938,7.4937034,22.617281,-4.5854125,-10.13268,28.456955,-20.618727,-49.62401,-1.3218457,0.12126496,15.000033,5.213,6.915328,6.6372576,-0.96658015,13.912632,-37.98503,65.66468,-12.953655,-0.73118925,8.83272,26.388655,-43.70275,25.21812,-42.196053,19.644053,-20.198082,-2.9510612
729,-2.8133621215820312,0.42788922786712646,83.49834442138672,3.9656615656912555,-4.0937062335419325,67.32179093505799,-6.396632,12.868168,7.575552,22.303242,-4.433291,-10.095321,28.62104,-20.62542,-49.963943,-1.3169252,0.39531064,15.000033,5.420814,6.814625,6.5051117,-1.1145852,13.835291,-38.28699,65.83677,-12.57826,-0.6480953,8.743691,26.418125,-43.431625,25.222841,-41.819836,18.732868,-20.45761,-2.543713
730,-2.883117198944092,0.4421623945236206,83.5199203491211,3.9433099174584925,-4.223228968063337,67.29910050578594,-6.1579604,12.7438135,7.433954,22.055902,-4.241402,-10.1366825,28.78499,-20.671785,-50.22462,-1.3357872,0.4818156,15.000033,5.5402427,6.721812,6.3530397,-1.0326109,13.774968,-38.34845,65.89888,-12.592483,-0.70848525,8.765636,26.286139,-43.147972,25.069479,-41.508274,18.893366,-20.555868,-2.6673005
731,-2.9420926570892334,0.449277400970459,83.53962707519531,3.9574251492041053,-4.33485299097715,67.3292578656764,-5.9611793,12.656118,7.468827,21.84925,-4.1120763,-10.138919,28.92817,-20.740875,-50.390903,-1.3314848,0.53700304,15.000033,5.6394386,6.615487,6.246472,-1.0436249,13.737679,-38.53394,65.98404,-12.592288,-0.70053166,8.78996,26.14339,-42.902065,25.097795,-41.201595,18.65843,-20.696066,-2.8265283
732,-2.9929141998291016,0.4526893198490143,83.547119140625,3.9164758357404517,-4.418732092136348,67.33624344601843,-5.793215,12.661077,7.52778,21.656197,-3.991266,-10.103029,28.987194,-20.72028,-50.241535,-1.3488618,0.50268805,15.000033,5.6516156,6.543145,6.138549,-0.98185223,13.726991,-38.638157,65.97026,-12.284911,-0.6452994,8.815306,26.04281,-42.72924,25.003319,-40.968163,19.002722,-21.149685,-2.9597232
733,-3.034090757369995,0.45389318466186523,83.51837921142578,3.8019453925195483,-4.354713753605073,67.1181570608409,-5.7317896,12.892478,7.8376384,21.579641,-4.0198865,-10.078947,28.824804,-20.65232,-50.085922,-1.4291546,0.44195157,15.000033,5.7404437,6.4756403,5.975248,-0.899011,13.727125,-38.719437,66.09481,-12.07925,-0.80749476,8.853949,25.774778,-42.455128,24.954449,-40.727055,18.500013,-21.396698,-3.7349825
734,-3.0643014907836914,0.4543987512588501,83.51752471923828,3.7607144993287207,-4.382841065858926,67.04906176244471,-5.620046,12.942586,7.931221,21.464554,-4.062107,-10.092077,28.8809,-20.650572,-50.438114,-1.4717509,0.54575723,15.000033,5.8677692,6.402149,5.8081465,-0.84804523,13.74677,-38.86735,66.11477,-11.811908,-0.94511265,8.79375,25.657026,-42.207775,24.923758,-40.45314,18.428768,-21.634766,-3.8076258
735,-3.084045171737671,0.45702821016311646,83.53091430664062,3.835797261376946,-4.555756748949939,67.16534570540226,-5.3838224,12.773576,7.8612766,21.258106,-4.1170716,-10.065183,29.160961,-20.748299,-50.776115,-1.4435475,0.5734548,15.000033,5.944266,6.313672,5.6906247,-0.7893517,13.763605,-38.90367,66.028366,-11.791708,-1.0123069,8.731499,25.62319,-42.084953,24.91474,-40.24624,18.906853,-21.774767,-3.7298367
736,-3.0965561866760254,0.4592724144458771,83.51246643066406,3.823388030879965,-4.6138689304632265,67.13580611006452,-5.2780623,12.724009,7.7247043,21.159367,-4.2329516,-10.088746,29.247286,-20.748327,-50.88622,-1.4756302,0.47652802,15.000033,5.9571095,6.2691755,5.578018,-0.63387394,13.795827,-38.792725,65.896736,-11.797431,-1.1279718,8.575108,25.573689,-41.918526,24.741043,-40.199856,19.204689,-21.60432,-3.9605103
737,-3.1027512550354004,0.4595857560634613,83.48873901367188,3.7539902780187187,-4.563347277416986,66.99367991132912,-5.2833495,12.892297,7.9090724,21.201893,-4.3493714,-10.040494,29.179745,-20.693213,-51.02651,-1.5544273,0.4171062,15.000033,6.0781183,6.2072263,5.442842,-0.5991334,13.846853,-38.893967,65.97524,-11.726987,-1.1636491,8.520229,25.432587,-41.756573,24.770815,-40.07445,19.547503,-21.76973,-3.7531986
738,-3.106354236602783,0.4651232063770294,83.51627349853516,3.8011130445237433,-4.768767654941747,67.12722616664014,-5.096934,12.697778,7.6032114,21.12853,-4.281006,-10.105583,29.48047,-20.740582,-51.229614,-1.5049218,0.3918287,15.000033,6.067966,6.136244,5.4545407,-0.5227276,13.880284,-38.83442,65.91839,-11.73769,-1.0998554,8.442862,25.415724,-41.630535,24.77676,-39.912296,19.425737,-21.618155,-3.4201186
739,-3.10919451713562,0.47156429290771484,83.5025634765625,3.7844834518709236,-4.734253347912769,67.0657203369049,-5.055256,12.702918,7.5859365,21.012365,-4.306811,-10.137084,29.465683,-20.748045,-51.41851,-1.5306264,0.3429351,15.000033,6.0574636,6.063196,5.3951797,-0.43854013,13.934366,-38.793793,65.95119,-11.661738,-1.0243992,8.43425,25.453295,-41.405552,24.578535,-39.92689,19.506628,-21.083868,-3.234477
740,-3.1146647930145264,0.4809921979904175,83.50035858154297,3.7176548562904914,-4.767140147863374,67.02498589748159,-4.9710064,12.774454,7.5733056,20.948893,-4.229201,-10.126094,29.482216,-20.679745,-51.35626,-1.5466614,0.34837747,15.000033,6.102278,6.0296454,5.3160887,-0.3890127,13.959929,-38.738255,65.982216,-11.817809,-1.0928059,8.40593,25.404753,-41.325752,24.572952,-39.806694,19.493597,-21.19113,-3.0383434
741,-3.12263822555542,0.49260905385017395,83.49260711669922,3.6946056276806556,-4.799746803765615,66.94500886984689,-4.863661,12.7822485,7.546773,20.865244,-4.1942534,-10.184751,29.526339,-20.661537,-51.445072,-1.6113921,0.2313676,15.000033,6.110333,5.96234,5.2301464,-0.24802461,14.005992,-38.603443,65.908775,-12.021819,-1.0995127,8.410495,25.353493,-41.191128,24.468216,-39.72043,19.558271,-20.542427,-2.9370553
742,-3.1345109939575195,0.5111137628555298,83.49478149414062,3.580219239221388,-4.791047390585613,66.8453064606105,-4.7991614,12.953946,7.6556334,20.829306,-4.163654,-10.183558,29.472876,-20.573084,-51.38885,-1.6113046,0.30659515,15.000033,6.08505,5.9260125,5.189452,-0.17595835,14.057949,-38.69712,65.96578,-12.060513,-1.0276988,8.455729,25.248337,-41.060814,24.47072,-39.522266,19.708483,-20.63916,-2.6328776
743,-3.1472227573394775,0.5307055115699768,83.47425842285156,3.487616778454129,-4.730762441562929,66.66375197851079,-4.838376,13.133808,7.7876062,20.966463,-4.1441674,-10.178171,29.354464,-20.531137,-51.33668,-1.6249098,0.32059342,15.000033,6.150897,5.887429,5.1492906,-0.16517901,14.108216,-38.85764,66.04707,-12.461473,-0.96945024,8.4566345,25.088812,-40.975674,24.557697,-39.418037,19.461954,-20.506525,-2.573198
744,-3.1604163646698,0.5460171699523926,83.46434020996094,3.3556211324762804,-4.68121789659697,66.49688518128946,-4.741438,13.327916,7.9203444,20.805958,-4.116927,-10.19515,29.236267,-20.421032,-51.25328,-1.6685047,0.36131498,15.000033,6.057564,5.8247128,5.099089,-0.025253458,14.159611,-38.737026,66.09894,-12.526653,-1.002306,8.550471,25.042461,-40.826458,24.298788,-39.326477,19.590446,-20.259892,-2.7293203
745,-3.169416666030884,0.5547629594802856,83.46025085449219,3.335114102587279,-4.699624363204105,66.51827286684058,-4.7008905,13.302912,7.8236465,20.727856,-4.0427117,-10.178795,29.263845,-20.386724,-51.219147,-1.697186,0.33378717,15.000033,6.1130238,5.7160683,5.0716724,-0.02221818,14.226647,-38.797356,66.10268,-12.542896,-1.0743707,8.530057,25.056885,-40.651073,24.219246,-39.194454,19.779274,-20.551447,-2.9452462
746,-3.1760339736938477,0.5544957518577576,83.45148468017578,3.291015081740037,-4.632366616282845,66.42379999956569,-4.6910686,13.327859,7.7742133,20.591764,-3.9852808,-10.25355,29.150795,-20.348103,-51.17047,-1.7375288,0.30147702,15.000033,6.0884933,5.645368,5.0350037,0.04609092,14.2861805,-38.794155,66.11145,-12.315793,-1.074201,8.534025,25.004025,-40.468773,24.078129,-39.136482,19.81669,-20.597767,-2.9337656
747,-3.178699016571045,0.5425792932510376,83.4530258178711,3.278335563011154,-4.629833922413572,66.41524126844268,-4.66162,13.324554,7.7381907,20.486467,-3.9129972,-10.255434,29.123775,-20.313787,-51.089916,-1.7711012,0.24739139,15.000033,6.111774,5.590726,4.9912457,0.051910568,14.318589,-38.800602,66.11633,-12.22071,-1.1477823,8.547725,24.915176,-40.387188,24.111856,-39.037766,19.723148,-20.616657,-3.0923393
748,-3.1781423091888428,0.5206345319747925,83.45057678222656,3.2726020584728275,-4.572980668057494,66.36094166747857,-4.6525655,13.329213,7.744471,20.324652,-3.7913563,-10.314549,29.036171,-20.311893,-51.136242,-1.7931073,0.15884419,15.000033,6.1389065,5.530043,4.967598,0.04970957,14.367662,-38.698338,66.17899,-12.097936,-1.2000136,8.609887,24.756907,-40.25825,24.201101,-38.951145,19.562504,-20.653315,-3.186469
749,-3.175630807876587,0.48925936222076416,83.46488189697266,3.2783246296449713,-4.654230334251005,66.38284827728283,-4.532418,13.364695,7.8649454,20.208904,-3.7750194,-10.347817,29.103851,-20.30742,-51.1485,-1.7696434,0.19287525,15.000033,6.145641,5.489875,4.9782596,0.004640571,14.395284,-38.73932,66.24905,-11.922973,-1.1923337,8.629046,24.58503,-40.194946,24.326378,-38.778214,19.46147,-20.841251,-3.303445
750,-3.172325372695923,0.4515928328037262,83.48456573486328,3.224230859790046,-4.729982601797144,66.4705144683927,-4.453366,13.43675,7.872572,20.073805,-3.76311,-10.285218,29.137333,-20.191854,-50.907356,-1.755863,0.23763599,15.000033,6.069919,5.4469447,4.97526,0.0009806989,14.428308,-38.622345,66.22397,-11.826237,-1.2068877,8.553135,24.365917,-40.13123,24.342918,-38.568268,19.729864,-20.809923,-2.7916193
751,-3.1675219535827637,0.4069385528564453,83.4825439453125,3.2285737887250208,-4.72078866618117,66.4358381813996,-4.452617,13.466289,7.92459,20.005972,-3.709598,-10.383852,29.07669,-20.157259,-50.83177,-1.8076833,0.12778997,15.000033,6.1235967,5.401534,4.958394,-0.04028066,14.45322,-38.53919,66.24909,-12.073612,-1.3153138,8.509837,24.254456,-40.097725,24.43053,-38.537807,19.552794,-20.564009,-3.0496843
752,-3.164391279220581,0.36448606848716736,83.4999008178711,3.337922900353459,-4.807172772712981,66.56341664102217,-4.415687,13.231952,7.6657453,19.900076,-3.5298972,-10.43035,29.2091,-20.25663,-51.007164,-1.7683302,0.09897198,15.000033,6.027353,5.324681,4.9567647,-0.06734659,14.496547,-38.631622,66.206566,-12.147572,-1.530678,8.482895,24.1348,-40.034115,24.511059,-38.459023,19.898096,-20.831808,-2.9381251
753,-3.165639638900757,0.3196790814399719,83.48908996582031,3.2257323564274514,-4.7413568096568754,66.39478638029512,-4.42952,13.531634,8.021664,19.886894,-3.6619563,-10.385539,29.021444,-20.127083,-50.86373,-1.818125,0.18278433,15.000033,6.113791,5.3606043,4.948041,-0.11933035,14.540722,-38.593853,66.30921,-12.207029,-1.3369029,8.443533,23.810242,-39.99819,24.670166,-38.36072,19.99885,-20.422123,-2.7001014
754,-3.169727325439453,0.27708980441093445,83.48978424072266,3.2224003336766374,-4.779354515723899,66.50075569013602,-4.4438453,13.5182295,7.9683304,19.832296,-3.653751,-10.396934,29.045883,-20.061405,-50.746094,-1.8472826,0.12215524,15.000033,6.098531,5.3032303,4.9089622,-0.20537522,14.57773,-38.57207,66.29395,-12.4549675,-1.3757762,8.408524,23.770384,-39.967342,24.711784,-38.25249,20.299467,-20.445652,-2.5578363
755,-3.1780502796173096,0.23439422249794006,83.49964904785156,3.206634379282083,-4.837612814766982,66.53659439722693,-4.3870583,13.525168,7.9477296,19.729868,-3.659285,-10.446764,29.096703,-20.00606,-50.833218,-1.8857344,0.17394708,15.000033,6.1036186,5.2916527,4.8819323,-0.21242097,14.623574,-38.610138,66.22249,-12.408641,-1.4593458,8.297514,23.68692,-39.92538,24.729948,-38.126976,20.618334,-20.577261,-2.356307
756,-3.190614700317383,0.19668780267238617,83.50341033935547,3.140362954546979,-4.863118949194794,66.40019468896205,-4.366727,13.659865,8.034777,19.782885,-3.6330817,-10.425426,29.028429,-19.966545,-50.759167,-1.8711793,0.24497467,15.000033,6.2044287,5.296258,4.9159355,-0.31269205,14.652251,-38.731113,66.29377,-12.4504,-1.4241105,8.376862,23.468813,-39.922035,24.85717,-37.97968,20.42794,-20.614511,-2.3826814
757,-3.2024543285369873,0.16192986071109772,83.51335906982422,3.140650960945657,-4.848913290040067,66.52194034932943,-4.3998747,13.61207,7.9627657,19.631927,-3.4895222,-10.461726,29.023708,-19.934528,-50.849297,-1.8731577,0.27918696,15.000033,6.2577233,5.213377,4.9338036,-0.46971914,14.672924,-38.751343,66.36395,-12.432788,-1.3480434,8.367864,23.544416,-39.921185,24.934256,-37.904472,20.028008,-20.592487,-2.389921
758,-3.2176990509033203,0.13099440932273865,83.52236938476562,3.070063296940059,-4.965562914381284,66.43751979640936,-4.3401814,13.674245,7.844904,19.74548,-3.3663633,-10.504803,29.091137,-19.870457,-50.810394,-1.8944591,0.124405086,15.000033,6.317439,5.216654,4.948688,-0.40861037,14.705017,-38.652016,66.32762,-12.573792,-1.5016111,8.450001,23.325287,-39.936604,25.146755,-37.653446,19.424759,-20.587593,-2.924145
759,-3.2295002937316895,0.10589589178562164,83.52420043945312,3.0508281499953522,-4.957783025516429,66.42628210199376,-4.3102274,13.709407,7.914572,19.629673,-3.3347483,-10.581301,29.035381,-19.837381,-50.710636,-1.9065422,0.16596562,15.000033,6.3270097,5.1942434,4.925143,-0.40820232,14.723848,-38.62212,66.30251,-12.655878,-1.5352339,8.44713,23.24112,-39.94642,25.211882,-37.57382,19.26882,-20.519714,-2.7456234
760,-3.2387125492095947,0.08757554739713669,83.51859283447266,3.0867607662350225,-4.889750911442794,66.45957477476479,-4.3045216,13.639983,7.925623,19.390676,-3.2873087,-10.643749,28.96404,-19.85968,-50.76733,-1.934369,0.20531239,15.000033,6.3152995,5.131237,4.8763957,-0.41556835,14.737162,-38.64264,66.25555,-12.419355,-1.588934,8.390539,23.27477,-39.94755,25.229456,-37.573833,19.329485,-20.511099,-2.7371616
761,-3.24973464012146,0.07808898389339447,83.5308609008789,3.052850108708431,-5.018258142599254,66.44124380741712,-4.1314917,13.71142,8.032029,19.337019,-3.3356953,-10.606048,29.062883,-19.82119,-50.617775,-1.9227262,0.23713954,15.000033,6.2858644,5.173987,4.885417,-0.32147816,14.758896,-38.645775,66.12864,-12.122549,-1.5669641,8.301156,23.196344,-39.939713,25.200268,-37.45294,19.902954,-20.741182,-2.7453573
762,-3.2592666149139404,0.0758804902434349,83.51496124267578,2.9221837643261206,-4.9933592067893295,66.43940547889406,-4.140886,13.878123,8.066055,19.29569,-3.3639138,-10.659183,29.004469,-19.643261,-50.471184,-1.988311,0.22286128,15.000033,6.2727547,5.1364474,4.860112,-0.29899272,14.79578,-38.710564,66.03378,-11.817581,-1.5948459,8.240726,23.278162,-39.921726,25.155983,-37.33354,19.565405,-21.161407,-2.7684293
763,-3.2657644748687744,0.0825401023030281,83.52520751953125,2.9339687017919593,-5.079444260554454,66.49866437921067,-4.000808,13.888542,8.215634,19.198523,-3.4239376,-10.756886,29.136698,-19.650126,-50.57807,-1.9860613,0.22441685,15.000033,6.1722903,5.123062,4.848465,-0.23552041,14.803016,-38.73279,65.958,-11.643057,-1.4912843,8.318993,23.323881,-39.913757,25.131413,-37.283913,19.93454,-20.967487,-2.4238222
764,-3.2680366039276123,0.09713604301214218,83.52497100830078,2.9041625003971623,-5.062114055217855,66.47708717807328,-3.9492881,13.896706,8.177243,19.078064,-3.3950906,-10.781815,29.133928,-19.639313,-50.702736,-1.9746767,0.33660784,15.000033,6.2311954,5.0801954,4.8601465,-0.2153363,14.845426,-38.815125,65.93133,-11.533187,-1.4594793,8.327088,23.566336,-39.8582,25.001595,-37.272617,19.405922,-21.01793,-3.0324976
765,-3.264448404312134,0.11354832351207733,83.50188446044922,2.8533562321432298,-5.002827562069673,66.40750238007146,-3.9530225,13.97884,8.2217045,19.037207,-3.3575327,-10.818377,29.059189,-19.570253,-50.62485,-2.0370693,0.2933381,15.000033,6.316078,5.0115156,4.8095145,-0.18647142,14.917636,-38.986668,65.87287,-11.558213,-1.5002749,8.274858,23.703331,-39.78896,24.90524,-37.30402,19.16744,-20.82063,-3.376749
766,-3.2543420791625977,0.13569478690624237,83.4948959350586,2.770222317082428,-4.996300760275791,66.3081577747511,-3.9447508,14.094344,8.18985,19.117155,-3.3800216,-10.7470045,29.008648,-19.489292,-50.430977,-2.0427034,0.31389275,15.000033,6.4132013,4.955855,4.797097,-0.1687175,14.966714,-39.06305,65.91823,-11.649919,-1.470257,8.221156,23.717472,-39.76897,25.036827,-37.212452,18.434595,-20.69409,-3.6266923
767,-3.2345194816589355,0.1584252566099167,83.4786148071289,2.762969302133481,-4.9848976970777885,66.36842759268403,-3.971185,14.087403,8.110624,19.149723,-3.5057597,-10.747237,29.057354,-19.4507,-50.496502,-2.0698555,0.2791243,15.000033,6.3606124,4.9394326,4.69972,-0.10213037,14.979026,-39.09829,65.92057,-11.406202,-1.6338128,8.158449,23.787994,-39.76115,25.06563,-37.244526,18.693747,-20.794733,-3.6355064
768,-3.2066895961761475,0.18325269222259521,83.47740936279297,2.819901574743545,-5.057704143488112,66.37927450542405,-3.916197,14.0083475,8.009298,19.246666,-3.5778418,-10.737548,29.184351,-19.512135,-50.531033,-2.0415914,0.21331817,15.000033,6.3760514,4.906345,4.7064824,-0.0062672254,15.036256,-39.154907,65.8828,-11.52827,-1.6603853,8.098144,23.80863,-39.728477,25.172201,-37.302708,18.588886,-20.707127,-3.8887408
769,-3.170973062515259,0.2101665884256363,83.48079681396484,2.919602272767805,-5.0600295887679,66.66296328931062,-3.8960292,13.835704,7.914613,19.053883,-3.7173529,-10.696209,29.348433,-19.573174,-50.813187,-1.9758437,0.30560133,15.000033,6.2798676,4.83409,4.7069416,0.01708333,15.101349,-39.143368,65.84285,-11.12849,-1.5801669,7.8535867,24.099539,-39.65665,25.083754,-37.50291,19.069063,-20.70688,-3.459898
770,-3.1349849700927734,0.2333575189113617,83.4646987915039,2.984923983748457,-5.060855034129018,66.76316207391342,-3.893666,13.765139,7.8966928,19.047285,-3.8655987,-10.731117,29.450111,-19.609276,-50.983536,-1.9739854,0.25209084,15.000033,6.20549,4.802039,4.6916866,0.113975815,15.171245,-39.157063,65.758484,-10.854595,-1.5987316,7.7813096,24.302927,-39.539394,24.888603,-37.7443,19.543917,-20.65581,-3.132831
771,-3.101297378540039,0.2539542019367218,83.44532012939453,2.958457738907831,-4.9666295376947405,66.78566181135274,-3.9902894,13.883343,8.045362,19.110796,-4.0686464,-10.663562,29.392813,-19.539251,-51.04019,-2.0086827,0.29570696,15.000033,6.311528,4.729662,4.6331997,0.062023323,15.209347,-39.23953,65.85929,-10.814741,-1.5763109,7.6254115,24.442429,-39.508194,24.970703,-37.813026,19.195316,-20.538977,-3.0519736
772,-3.073983907699585,0.2750314176082611,83.45063781738281,3.0896343385396032,-5.044378321884627,67.09181084008358,-3.9682002,13.640071,7.849231,19.040554,-4.1929345,-10.61267,29.661266,-19.628046,-51.399826,-1.96212,0.2530554,15.000033,6.2892036,4.6357656,4.5996685,0.07251404,15.252406,-39.211834,65.74071,-10.712757,-1.6018003,7.4417605,24.759398,-39.458023,24.929703,-37.94653,19.674553,-20.246408,-2.7995324
773,-3.056244373321533,0.29124560952186584,83.43614196777344,3.1567813967419087,-5.039591682621806,67.16089262114761,-3.9797146,13.568843,7.8698773,19.056038,-4.2885246,-10.596845,29.746784,-19.700855,-51.66632,-1.9455882,0.27910164,15.000033,6.3140035,4.573493,4.508233,0.08846527,15.297769,-39.22248,65.795616,-10.808874,-1.6837734,7.627603,24.851276,-39.41506,24.920715,-38.096756,19.627327,-19.672756,-2.3643653
774,-3.0486836433410645,0.30489686131477356,83.41905212402344,3.063765663723662,-5.063108106386504,67.38037483685852,-4.1960583,13.666894,7.721141,19.407919,-4.5455976,-10.443249,29.857386,-19.539337,-51.727875,-1.9493692,0.28939426,15.000033,6.4156876,4.464523,4.500817,-0.09230499,15.348974,-39.454136,65.89869,-10.844256,-1.7178613,7.5684032,24.930187,-39.44261,25.115894,-37.96176,19.389837,-19.579014,-2.0470679
