Frame,root_translateX,root_translateY,root_translateZ,root_rotateX,root_rotateY,root_rotateZ,left_hip_pitch_joint_dof,left_hip_roll_joint_dof,left_hip_yaw_joint_dof,left_knee_joint_dof,left_ankle_pitch_joint_dof,left_ankle_roll_joint_dof,right_hip_pitch_joint_dof,right_hip_roll_joint_dof,right_hip_yaw_joint_dof,right_knee_joint_dof,right_ankle_pitch_joint_dof,right_ankle_roll_joint_dof,waist_yaw_joint_dof,waist_roll_joint_dof,waist_pitch_joint_dof,left_shoulder_pitch_joint_dof,left_shoulder_roll_joint_dof,left_shoulder_yaw_joint_dof,left_elbow_joint_dof,left_wrist_roll_joint_dof,left_wrist_pitch_joint_dof,left_wrist_yaw_joint_dof,right_shoulder_pitch_joint_dof,right_shoulder_roll_joint_dof,right_shoulder_yaw_joint_dof,right_elbow_joint_dof,right_wrist_roll_joint_dof,right_wrist_pitch_joint_dof,right_wrist_yaw_joint_dof
0,0.15304096043109894,-0.09584823995828629,84.93096160888672,2.53096321007804,-1.48781644128644,101.76789633847117,5.035628,16.82908,19.180998,5.90856,5.4945054,-11.249607,16.18489,-25.541428,-36.654232,4.881702,3.9869602,15.000033,0.35250944,4.726421,6.8031454,4.347287,20.37576,-35.42658,65.30536,-4.159506,1.6702285,9.612072,44.114834,-42.980927,35.823368,-25.903793,19.64638,-30.30201,-8.7788725
1,0.14574700593948364,-0.06204954534769058,84.94593811035156,2.517082898397271,-1.3944764567546275,101.92911262909853,4.91916,16.843391,19.181816,5.876027,5.553566,-11.267111,16.18149,-25.426153,-36.506096,4.7693787,4.004772,15.000033,0.35577118,4.8047776,6.7573557,4.3686857,20.39518,-35.406986,65.07744,-4.404728,1.6782955,9.583492,44.283215,-43.216846,35.969566,-25.956663,19.79345,-30.017372,-9.130746
2,0.13519594073295593,-0.024142852053046227,84.96285247802734,2.4489379122482413,-1.3818808705722871,102.08201598703738,4.8583193,16.87006,18.92182,5.8565593,5.5534453,-11.327678,16.172884,-25.352057,-36.420387,4.9387703,3.9103663,15.000033,0.35080916,4.867708,6.744228,4.402796,20.413462,-35.355396,64.90852,-4.4993186,1.6642871,9.426118,44.50365,-43.426144,36.05841,-25.980442,20.072935,-29.801085,-9.230085
3,0.1265897899866104,0.017448779195547104,84.97073364257812,2.4252588211892494,-1.4144349288174622,102.20044035163059,4.873034,16.876614,18.79552,5.851296,5.589025,-11.361291,16.319775,-25.283073,-36.45799,4.8751388,3.9196084,15.000033,0.32629073,4.8791165,6.7499,4.468541,20.42953,-35.283936,64.764,-4.5575557,1.6386309,9.333255,44.685955,-43.574215,36.09565,-26.017176,20.030506,-29.53361,-9.261318
4,0.11954402178525925,0.06135793402791023,84.96620178222656,2.4838380529245407,-1.404762440307761,102.25411795135298,4.8668094,16.787693,18.678745,5.850439,5.570333,-11.367035,16.343649,-25.388706,-36.535454,4.989815,3.8720384,15.000033,0.33460015,4.8514953,6.752145,4.5417376,20.446655,-35.1635,64.66003,-4.668997,1.598879,9.341604,44.874516,-43.72064,36.12558,-26.14143,20.454548,-29.041395,-9.273818
5,0.11268924176692963,0.10494571179151535,84.95484161376953,2.4864317179420357,-1.3061841309812416,102.30607766214271,4.7749505,16.779467,18.631979,5.846939,5.4300156,-11.40279,16.288837,-25.407785,-36.605053,5.035729,3.7440453,15.000033,0.17214954,4.8059025,6.6974444,4.6777725,20.475647,-35.081993,64.581894,-4.7928286,1.5634619,9.372558,45.094032,-43.83145,35.94354,-26.30159,21.680208,-28.331318,-8.653173
6,0.10783428698778152,0.14758682250976562,84.96275329589844,2.48207432620403,-1.313690147355371,102.40726978035062,4.776645,16.786266,18.59963,5.84934,5.4015756,-11.357329,16.453531,-25.337467,-36.69823,4.872251,3.777722,15.000033,0.16614282,4.8316436,6.7053156,4.7289853,20.50662,-35.053493,64.45862,-4.776622,1.5423023,9.329605,45.29588,-43.94931,35.933746,-26.378382,22.00216,-28.093916,-8.520674
7,0.10352631658315659,0.1875927448272705,84.96617889404297,2.4858897325159424,-1.286822148055062,102.49915571877938,4.748474,16.793386,18.617567,5.849728,5.4061694,-11.32319,16.490816,-25.370312,-36.84177,4.9575286,3.6415825,15.000033,0.10833983,4.8257813,6.7062554,4.7982864,20.53921,-35.022648,64.35567,-4.772022,1.5487926,9.274896,45.46964,-44.056526,35.915455,-26.43674,22.361757,-27.859816,-8.510549
8,0.10182956606149673,0.22467611730098724,84.98552703857422,2.4598414916647804,-1.2472034748275858,102.57243641502843,4.709062,16.830938,18.617636,5.8481874,5.455875,-11.221899,16.535833,-25.33801,-36.996033,4.952251,3.5750296,15.000033,0.12828735,4.8226366,6.710455,4.809962,20.555061,-35.055622,64.28815,-4.4927516,1.5770817,9.165163,45.57311,-44.10323,35.982727,-26.328444,22.165482,-28.067984,-8.905984
9,0.10296294093132019,0.25817903876304626,84.97610473632812,2.4661005355799364,-1.2224358070252153,102.70355830145063,4.660048,16.841793,18.62676,5.851908,5.265462,-11.204764,16.68254,-25.331142,-37.289253,4.863884,3.5183942,15.000033,0.0513672,4.7906413,6.685379,4.801922,20.594547,-35.08232,64.28675,-4.5950556,1.5833999,9.204605,45.725533,-44.18356,35.972298,-26.413673,23.024555,-27.531525,-8.318742
10,0.10879142582416534,0.2877250611782074,84.97618103027344,2.4882366521859125,-1.2878393221868187,102.84797540720649,4.680101,16.822964,18.552843,5.86932,5.2650156,-11.178384,16.85704,-25.371881,-37.530785,4.93484,3.357437,15.000033,0.08428022,4.7745113,6.6725593,4.7851024,20.615555,-34.974968,64.211845,-4.646786,1.6065522,9.069045,45.903095,-44.221706,35.94804,-26.489864,24.13098,-27.16943,-7.980092
11,0.1164117380976677,0.316675066947937,84.97749328613281,2.4787126904047803,-1.2812529185172572,102.90384692459799,4.675425,16.862513,18.606789,5.877151,5.1881413,-11.1228485,16.962234,-25.35249,-37.781025,4.876283,3.3223493,15.000033,0.08884955,4.7704983,6.683209,4.8061824,20.639603,-34.90762,64.158585,-4.6024585,1.6045406,8.971292,46.0338,-44.258633,35.93736,-26.514372,24.24764,-27.087124,-7.891749
12,0.12586815655231476,0.3452087938785553,84.97496795654297,2.510931240278783,-1.211763276412822,102.87680934923772,4.6258464,16.835255,18.594034,5.8807745,5.2422333,-11.111169,16.957584,-25.393906,-37.99413,4.819425,3.2336211,15.000033,0.12595652,4.7422695,6.696609,4.825245,20.642889,-34.89068,64.14667,-4.737121,1.6138163,8.947886,46.104946,-44.26253,35.94278,-26.506878,24.364841,-26.890633,-7.8996463
13,0.13339294493198395,0.372808039188385,84.96289825439453,2.529664517006176,-1.1303052326363705,102.8462354848003,4.5997934,16.869217,18.805857,5.87847,5.149036,-11.051992,16.886503,-25.426388,-38.02436,4.831568,3.3017232,15.000033,0.08215225,4.7302074,6.720656,4.849538,20.667507,-34.925903,64.19116,-4.623274,1.5938317,9.071191,46.133663,-44.2915,35.9914,-26.56009,24.318064,-26.949045,-8.052781
14,0.14084410667419434,0.39663147926330566,84.96268463134766,2.5458268043506034,-1.090606347402917,102.85395023343517,4.5505614,16.830881,18.658295,5.878081,5.1945353,-11.078253,16.910524,-25.439222,-38.19789,4.7851677,3.258037,15.000033,0.09733479,4.7219434,6.722304,4.9117994,20.704222,-34.83422,64.11995,-4.76596,1.6025776,9.054905,46.236088,-44.329956,36.01834,-26.589067,24.056314,-26.763021,-8.078976
15,0.14490917325019836,0.4165751039981842,84.96489715576172,2.5078608675173655,-1.079950436896438,102.91015232721959,4.5428267,16.904434,18.73805,5.8788967,5.164202,-11.051102,16.93272,-25.393705,-38.250465,4.8192058,3.327138,15.000033,0.057393603,4.7403607,6.75171,4.9510593,20.742004,-34.747185,64.05256,-4.6868243,1.5745202,9.037042,46.28052,-44.364883,36.020786,-26.584118,24.161896,-26.890152,-7.8923283
16,0.15042637288570404,0.43048205971717834,84.95471954345703,2.5020090822302157,-1.0745591787120556,102.9812238566176,4.5287895,16.936947,18.793322,5.877611,5.094944,-11.0581665,16.959917,-25.374521,-38.27407,4.8414884,3.3344588,15.000033,0.059686266,4.743813,6.7502112,4.9444737,20.775772,-34.619144,64.0288,-4.6910934,1.5869519,9.050233,46.375816,-44.393467,36.03317,-26.623436,24.04931,-26.826525,-7.636142
17,0.1551133394241333,0.4392438530921936,84.96200561523438,2.4907288577740982,-1.084235156537308,103.0692350861339,4.500469,16.938923,18.695812,5.872847,5.108291,-11.069905,17.008022,-25.344955,-38.302094,4.861565,3.3472486,15.000033,0.059253577,4.7571893,6.793264,4.9215927,20.808308,-34.574142,63.949657,-4.7904263,1.6616161,9.024913,46.412724,-44.421787,36.09929,-26.58579,24.06781,-26.79383,-7.474253
18,0.1634361743927002,0.441690593957901,84.96783447265625,2.4559591510667045,-1.0409686553627544,103.07878557325962,4.4429984,16.986786,18.680363,5.8817916,5.1666045,-11.035952,16.978672,-25.2858,-38.355644,4.827847,3.3574784,15.000033,0.1090196,4.7590656,6.7939563,4.901579,20.81938,-34.553684,63.90299,-4.824945,1.6301217,9.027544,46.41761,-44.43034,36.119312,-26.518309,23.790934,-26.729242,-7.500549
19,0.17347151041030884,0.43931472301483154,84.96549987792969,2.470169796979683,-1.0735918500114932,103.12668617941038,4.448351,16.971306,18.631962,5.882095,5.194505,-11.082884,17.043215,-25.298983,-38.43706,4.8396206,3.376805,15.000033,0.1300337,4.7655044,6.8274293,4.8696957,20.849192,-34.50586,63.8465,-4.8282423,1.6572683,9.027781,46.443752,-44.446968,36.20175,-26.545448,23.80754,-26.743158,-7.463829
20,0.18687540292739868,0.43288952112197876,84.96302795410156,2.491745977038157,-1.084135518069024,103.1358215409416,4.448987,16.961645,18.648605,5.8849006,5.243733,-11.075062,17.063757,-25.316023,-38.478523,4.8334546,3.3758402,15.000033,0.18213424,4.765065,6.8313403,4.831691,20.855808,-34.503685,63.810116,-4.9213333,1.6428163,9.010534,46.440266,-44.450962,36.23303,-26.571844,23.814371,-26.633928,-7.469759
21,0.20281940698623657,0.4232223629951477,84.9575424194336,2.485600304857977,-1.0829459052763428,103.18508534684354,4.410937,16.977293,18.608347,5.889218,5.239282,-11.0757475,17.08768,-25.298668,-38.581474,4.8301783,3.310936,15.000033,0.20347205,4.7426815,6.814005,4.765366,20.876572,-34.481094,63.808033,-4.9888363,1.64726,9.033161,46.439022,-44.459072,36.29634,-26.570786,23.79289,-26.486078,-7.491428
22,0.21903188526630402,0.4136332869529724,84.9570541381836,2.505747183220253,-1.1314891316788982,103.28054315237536,4.416507,16.980312,18.646845,5.8982887,5.242102,-11.064309,17.188978,-25.310074,-38.70709,4.8403378,3.302703,15.000033,0.21895677,4.744832,6.8307962,4.7039623,20.884823,-34.461887,63.754524,-5.050799,1.6271658,9.0264225,46.483086,-44.46,36.319057,-26.601065,23.79589,-26.461233,-7.575537
23,0.23516197502613068,0.40598735213279724,84.95790100097656,2.5294977892007187,-1.1850742397720968,103.35956929940228,4.437273,16.978975,18.691181,5.9034867,5.2218347,-11.015773,17.308748,-25.330502,-38.874447,4.82933,3.312979,15.000033,0.22683431,4.742486,6.8585725,4.628235,20.897404,-34.429398,63.74354,-5.0085926,1.6149019,8.997365,46.532906,-44.459427,36.34928,-26.667322,24.10104,-26.36903,-7.5758824
24,0.2495633214712143,0.4024275243282318,84.95325469970703,2.5195680829605123,-1.200053630275593,103.49576290113455,4.393007,17.010292,18.685266,5.9060206,5.15487,-11.021569,17.403517,-25.312006,-39.060024,4.845101,3.3232405,15.000033,0.1915064,4.751659,6.8932576,4.5632334,20.926476,-34.3506,63.69752,-4.976223,1.629545,8.943107,46.60647,-44.451946,36.36116,-26.703695,24.248528,-26.231256,-7.5795426
25,0.2652983069419861,0.4035496711730957,84.9592514038086,2.5209108779209837,-1.1848409927855579,103.56749766288293,4.3472233,17.032448,18.713348,5.9090295,5.187333,-10.947629,17.44075,-25.28313,-39.166504,4.8099046,3.3510532,15.000033,0.15786709,4.737019,6.929185,4.524051,20.95278,-34.33846,63.67393,-5.1299105,1.6175631,8.836145,46.638638,-44.44178,36.366333,-26.699825,24.294722,-26.225777,-7.4876447
26,0.2798936069011688,0.410631388425827,84.9561996459961,2.553169579739198,-1.1778505886381174,103.59304303739789,4.3282433,17.010473,18.707304,5.9151945,5.1981053,-10.92081,17.45972,-25.311079,-39.23559,4.8124866,3.3172042,15.000033,0.20798892,4.729515,6.9489126,4.5092583,20.993029,-34.271187,63.614178,-5.323682,1.6358278,8.786156,46.6774,-44.423428,36.410053,-26.732786,24.158646,-26.045444,-7.563622
27,0.2931450605392456,0.4228186011314392,84.94696807861328,2.57803771204522,-1.139070463651852,103.63654526880173,4.277923,16.999079,18.714794,5.9123535,5.1518154,-10.92839,17.45546,-25.310339,-39.261784,4.783723,3.3016868,15.000033,0.26417223,4.71891,6.975616,4.453902,21.039701,-34.27042,63.5877,-5.5098734,1.6519948,8.8020115,46.696804,-44.407127,36.553642,-26.714529,23.906393,-25.926981,-7.7215295
28,0.3016391098499298,0.4391854703426361,84.94599914550781,2.564178347272654,-1.1039128767309847,103.66599091663126,4.2312555,17.015347,18.654034,5.9126143,5.1536565,-10.940501,17.458853,-25.281593,-39.336388,4.768243,3.2697632,15.000033,0.25624588,4.711631,6.9766183,4.469448,21.064106,-34.219234,63.573013,-5.523448,1.6512403,8.805578,46.748425,-44.39103,36.57316,-26.692219,23.681246,-25.942286,-7.9097924
29,0.3088318407535553,0.45700803399086,84.92962646484375,2.585016105702711,-1.059077514336097,103.64808389603878,4.2186203,17.032082,18.790453,5.9143043,5.065842,-10.933883,17.432684,-25.291136,-39.36063,4.7356925,3.3036578,15.000033,0.329348,4.7178125,6.9537745,4.46684,21.074284,-34.192574,63.56772,-5.532419,1.646168,8.693694,46.817215,-44.384945,36.61796,-26.733366,24.062277,-25.963411,-7.817582
30,0.3095938265323639,0.4770321249961853,84.93041229248047,2.5991282099069437,-1.038874805713747,103.6608889097276,4.1960907,17.00437,18.707504,5.915392,5.0929475,-10.92941,17.451344,-25.303854,-39.43041,4.7199697,3.3365934,15.000033,0.35671517,4.7265334,6.965958,4.472077,21.080463,-34.155704,63.554512,-5.5197597,1.6844325,8.672795,46.878586,-44.379864,36.637512,-26.721651,23.88384,-25.907585,-8.011727
31,0.30494803190231323,0.4970065653324127,84.93311309814453,2.609157860242325,-1.041615325083678,103.70105130281493,4.1903434,16.97784,18.629148,5.916657,5.1618056,-10.949183,17.477274,-25.329065,-39.46143,4.7678785,3.3921769,15.000033,0.30782118,4.7266855,7.011316,4.5379024,21.103607,-34.0296,63.49105,-5.4754157,1.70279,8.709909,46.928783,-44.353813,36.66367,-26.698257,23.37205,-26.009884,-8.093768
32,0.2956169843673706,0.5158659815788269,84.93970489501953,2.5907229562981104,-1.006036769687771,103.72861531907137,4.142423,16.972664,18.508059,5.916701,5.1865163,-10.918803,17.483137,-25.298439,-39.502174,4.733723,3.4594862,15.000033,0.29226908,4.7196774,7.050268,4.575143,21.128468,-33.981514,63.418472,-5.5430727,1.7399615,8.669016,46.92209,-44.330692,36.716564,-26.579517,23.054842,-26.059189,-8.200843
33,0.28391483426094055,0.5319812297821045,84.94548034667969,2.552848557545723,-0.9626625091726027,103.68010100696947,4.1325746,17.017044,18.533005,5.9177313,5.19367,-10.820105,17.429258,-25.26466,-39.50576,4.7233562,3.4946,15.000033,0.37899807,4.758867,7.070303,4.641296,21.137255,-33.87631,63.34589,-5.108059,1.7823197,8.545885,46.891945,-44.31483,36.847557,-26.434305,22.161062,-26.63297,-8.684259
34,0.27103519439697266,0.5455362200737,84.94307708740234,2.551652603617995,-0.9304709440182535,103.70592007443247,4.094327,17.0057,18.495087,5.9212146,5.178513,-10.801519,17.419315,-25.257235,-39.50359,4.7056203,3.5472162,15.000033,0.36709377,4.7453947,7.076718,4.6699266,21.144419,-33.7901,63.301956,-5.1090593,1.8196431,8.551211,46.925236,-44.297962,36.882526,-26.363657,22.22721,-26.604359,-8.682543
35,0.25613436102867126,0.5561875700950623,84.92849731445312,2.5151175557493124,-0.8611352677995687,103.7996172800062,3.9900844,17.028357,18.414759,5.9123425,5.0212784,-10.8639145,17.400213,-25.198755,-39.50983,4.67744,3.5701456,15.000033,0.24097264,4.746694,7.05899,4.7004476,21.150343,-33.712704,63.28883,-5.158126,1.8305036,8.585016,47.020016,-44.282417,36.787838,-26.372553,22.747328,-26.316204,-8.261857
36,0.24459369480609894,0.5646771788597107,84.92942810058594,2.531546299032547,-0.8526894333656585,103.83055495559817,3.9665823,16.979235,18.315224,5.909895,5.0909305,-10.921022,17.406301,-25.228268,-39.512306,4.697574,3.6375964,15.000033,0.18844126,4.7508755,7.1108856,4.740618,21.153082,-33.6741,63.254017,-5.0273585,1.8705716,8.569068,47.11295,-44.268066,36.696106,-26.40159,22.660648,-26.435581,-8.238671
37,0.23835578560829163,0.5697048902511597,84.94049072265625,2.5074181217967624,-0.860244678999999,103.7810220471308,3.965383,16.96115,18.111637,5.917439,5.0391226,-10.85155,17.395496,-25.20377,-39.50446,4.6863427,3.7047033,15.000033,0.3456663,4.798896,7.1686206,4.7210917,21.153082,-33.563072,63.146427,-4.998311,2.0175443,8.17562,47.2162,-44.24509,36.639,-26.376928,22.568676,-26.597637,-8.039472
38,0.237711563706398,0.5755078196525574,84.93585205078125,2.513271442971885,-0.8268273487757307,103.76715677636766,3.9312956,16.943413,18.058725,5.9172115,5.0096645,-10.861428,17.346798,-25.200747,-39.430573,4.678963,3.7448213,15.000033,0.33311477,4.8056903,7.194447,4.75752,21.152111,-33.48468,63.11779,-4.8823385,2.024529,8.135537,47.30948,-44.223675,36.57597,-26.411386,22.873226,-26.865194,-7.803081
39,0.24391458928585052,0.5826024413108826,84.93276977539062,2.5368571225095056,-0.8088108258670548,103.758440000275,3.9165819,16.921701,18.054945,5.9203353,5.0230007,-10.857247,17.320333,-25.220892,-39.410934,4.6862497,3.8091173,15.000033,0.31530353,4.8082824,7.2200074,4.8084455,21.150587,-33.348515,63.063766,-4.74188,2.051588,8.12617,47.42194,-44.176334,36.45889,-26.450956,22.340958,-27.059004,-7.740547
40,0.2538790702819824,0.5920682549476624,84.9253158569336,2.510479479393514,-0.7491014006998524,103.81923582072815,3.8186688,16.934753,17.90123,5.9123917,5.0023317,-10.93817,17.288263,-25.171131,-39.464016,4.685584,3.8048706,15.000033,0.34558383,4.8474975,7.235429,4.7914796,21.145967,-33.24586,63.05109,-4.596175,2.0098433,8.114153,47.54726,-44.129616,36.411312,-26.463713,22.168175,-27.11092,-7.786643
41,0.2671114206314087,0.6058251857757568,84.92414093017578,2.628406390549695,-0.8006968446200022,103.81540098586864,3.8660522,16.77224,17.739801,5.9095063,5.0582533,-10.944788,17.344534,-25.334377,-39.476337,4.758073,3.820096,15.000033,0.30290064,4.7997737,7.289565,4.80036,21.148596,-33.228657,63.0712,-4.822899,2.0259144,8.295639,47.629604,-44.07658,36.355274,-26.576664,21.690895,-26.98525,-7.94613
42,0.28176188468933105,0.618911623954773,84.91714477539062,2.6394546315058927,-0.7937631900124644,103.9098844237741,3.805296,16.742811,17.553629,5.913273,5.021698,-10.988929,17.367117,-25.310781,-39.427765,4.7808633,3.8508866,15.000033,0.28912637,4.8017135,7.3007984,4.7714663,21.150637,-33.157986,63.074158,-4.7647147,2.0236459,8.196809,47.78012,-44.024166,36.28036,-26.664165,22.364,-26.984215,-7.47971
43,0.2941485643386841,0.6319484114646912,84.9037857055664,2.6185476442001505,-0.6860636214226135,103.93285140924259,3.7062511,16.80922,17.68174,5.9075065,4.962942,-11.018685,17.287159,-25.25427,-39.442326,4.724332,3.8217685,15.000033,0.23091374,4.792269,7.294506,4.7727065,21.153343,-33.140064,63.191166,-4.7668223,1.8844643,8.477436,47.90028,-43.954155,36.15803,-26.70659,22.842522,-27.026821,-7.551175
44,0.30134400725364685,0.642829179763794,84.89036560058594,2.6937653860155377,-0.7279559497039572,103.98716738186138,3.7122588,16.691849,17.476826,5.910859,4.9964695,-11.0835705,17.368322,-25.336514,-39.464363,4.749112,3.8096569,15.000033,0.23996724,4.780379,7.316611,4.7606053,21.15484,-33.130444,63.177055,-4.7836246,1.9281249,8.409239,48.026337,-43.892998,36.08368,-26.825178,22.943054,-26.76728,-7.428533
45,0.2999623417854309,0.6498518586158752,84.90370178222656,2.6527670652621707,-0.7011328952904112,103.94049070261252,3.6910186,16.71822,17.386663,5.9148107,5.027104,-11.06025,17.319603,-25.294138,-39.46851,4.7493315,3.8115761,15.000033,0.28719872,4.7614164,7.33328,4.7836056,21.158096,-33.11328,63.14875,-4.670555,1.8913049,8.410282,48.091736,-43.811417,35.981247,-26.744978,22.914005,-26.792065,-7.4774165
46,0.2902102768421173,0.6546636819839478,84.90062713623047,2.7007889339777154,-0.7311994230879442,103.93580292038213,3.7114413,16.620596,17.21883,5.9159517,5.0460076,-11.059617,17.338581,-25.381165,-39.468086,4.8137403,3.7971926,15.000033,0.3214674,4.734383,7.352479,4.8008823,21.156733,-33.071056,63.117428,-4.746619,1.9289358,8.38081,48.151085,-43.77217,35.94618,-26.781075,22.97629,-26.561098,-7.51554
47,0.27223947644233704,0.6578751802444458,84.90997314453125,2.6902659744573665,-0.7066153602078618,103.95583699400687,3.6651366,16.584702,17.056005,5.9148164,5.0051436,-10.969942,17.310488,-25.373228,-39.41269,4.8179884,3.807111,15.000033,0.29674685,4.718899,7.378878,4.8386035,21.14915,-32.94918,63.102707,-4.8321953,1.9442555,8.29685,48.244335,-43.73208,35.847794,-26.760658,22.805882,-26.512682,-7.739895
48,0.2502787113189697,0.6577956676483154,84.93146514892578,2.5497934868733974,-0.64426827318581,103.96607715439931,3.573827,16.698011,16.890156,5.91472,4.9278164,-10.938069,17.220259,-25.219044,-39.44794,4.839096,3.8041184,15.000033,0.4228053,4.784956,7.4225974,4.8296666,21.124893,-32.776764,62.9821,-4.608701,2.0001636,7.8712316,48.225353,-43.671165,35.82415,-26.506935,22.492619,-26.549295,-7.7065268
49,0.22733327746391296,0.6613311171531677,84.9319076538086,2.5449980005564052,-0.6348694507657048,103.98127964215088,3.554721,16.668991,16.804487,5.9151287,4.883175,-10.913796,17.247278,-25.212849,-39.48343,4.7841735,3.8700457,15.000033,0.40029022,4.783185,7.453284,4.874252,21.106068,-32.69058,62.935783,-4.514755,2.0020127,7.7591834,48.282745,-43.62944,35.743256,-26.464579,22.321674,-26.581123,-7.709227
50,0.20686544477939606,0.6666375994682312,84.93473052978516,2.510507992481927,-0.6253390991249294,103.97018696068992,3.5497897,16.682224,16.754261,5.91509,4.865801,-10.929784,17.233526,-25.194778,-39.507812,4.797605,3.842659,15.000033,0.39555097,4.7738547,7.4635086,4.911896,21.094313,-32.649883,62.93765,-4.514577,1.9472593,7.6896057,48.286972,-43.60829,35.68285,-26.396095,22.450901,-26.634548,-7.6400843
51,0.19041457772254944,0.6764790415763855,84.9364013671875,2.499517732895211,-0.6051962589464237,103.9430761056108,3.542123,16.667765,16.688856,5.9131384,4.8601985,-10.928052,17.216665,-25.201872,-39.52848,4.795246,3.7984357,15.000033,0.36242813,4.744702,7.4767513,4.9465656,21.084127,-32.66037,62.962574,-4.50269,1.9476386,7.659336,48.304836,-43.58703,35.611153,-26.340511,22.589317,-26.701952,-7.6078076
52,0.1792706847190857,0.6920067071914673,84.9345703125,2.5326282236254665,-0.5908823790308391,103.96473090775807,3.5263698,16.611486,16.62607,5.914776,4.8217278,-10.890873,17.24653,-25.2383,-39.555004,4.7643776,3.809883,15.000033,0.36596859,4.723625,7.4744387,4.9056153,21.054745,-32.75315,63.05026,-4.5686264,1.9620388,7.6503024,48.45706,-43.5133,35.443363,-26.362827,22.561197,-26.769484,-7.572142
53,0.17410075664520264,0.7116988301277161,84.94013214111328,2.5489198916509426,-0.5698163833705634,103.9550926056129,3.5153892,16.574059,16.553635,5.9153028,4.7988954,-10.872682,17.238127,-25.269773,-39.604122,4.7862177,3.8466816,15.000033,0.31335658,4.679473,7.4507475,4.956033,21.04812,-32.745453,63.104156,-4.556199,2.0004232,7.6565313,48.51317,-43.49043,35.37374,-26.324114,22.389645,-26.942392,-7.642539
54,0.17223919928073883,0.7376095056533813,84.95130920410156,2.5692313762054275,-0.5592753145573152,103.95161311502609,3.5213432,16.54392,16.521471,5.9155593,4.8861537,-10.823006,17.257597,-25.283546,-39.600735,4.764785,3.8614335,15.000033,0.27356118,4.6284537,7.458659,4.9631033,21.03534,-32.841064,63.173576,-4.6432276,2.0380614,7.6228614,48.636414,-43.39835,35.176254,-26.320612,22.96602,-27.01434,-7.6367793
55,0.17401345074176788,0.7698907256126404,84.95243835449219,2.5624626382084568,-0.5086126041802808,103.95682850707266,3.4847715,16.550825,16.472702,5.914646,4.8587866,-10.796635,17.214384,-25.268646,-39.560684,4.788693,3.883655,15.000033,0.262149,4.608168,7.445931,4.9812875,21.031197,-32.82758,63.25843,-4.6769876,2.0308473,7.612138,48.717953,-43.36675,35.124916,-26.31375,23.529205,-27.030548,-7.589478
56,0.18015874922275543,0.8108460307121277,84.9519271850586,2.5706806392855213,-0.471120707829681,103.99075779891585,3.4612398,16.555305,16.459612,5.9151773,4.872826,-10.766232,17.224388,-25.247011,-39.55361,4.76898,3.8994815,15.000033,0.26466846,4.5769873,7.4349356,4.9739256,21.026182,-32.838066,63.344284,-4.7693934,2.067486,7.5573606,48.839485,-43.27977,35.03941,-26.278706,23.626858,-27.003298,-7.6050797
57,0.18942026793956757,0.8633713126182556,84.96116638183594,2.571441279915418,-0.47171386688310507,103.92453158179212,3.5388997,16.590298,16.564863,5.9154654,4.9401703,-10.745992,17.21783,-25.246775,-39.499554,4.8109074,3.987851,15.000033,0.21785222,4.5305285,7.410061,5.107286,21.023499,-32.731712,63.424095,-4.7685866,2.0675645,7.586317,48.931618,-43.19796,34.90422,-26.265858,23.755455,-27.112019,-7.567664
58,0.20370681583881378,0.9311853647232056,84.9580078125,2.5836457190261934,-0.4587730336798147,103.91228384172585,3.595476,16.625599,16.677721,5.9152274,4.9485874,-10.765362,17.254898,-25.210062,-39.41802,4.771393,4.100764,15.000033,0.18559565,4.50011,7.377773,5.1942654,21.032204,-32.697796,63.51648,-4.751331,2.05838,7.5601053,49.08083,-43.091175,34.810944,-26.255573,23.982927,-27.156687,-7.361223
59,0.22243452072143555,1.0174314975738525,84.95507049560547,2.585987992063911,-0.3657750871135745,103.90857222190547,3.567124,16.65995,16.705967,5.9122024,4.9005175,-10.766299,17.142235,-25.197676,-39.253387,4.900667,3.9991455,15.000033,0.12977105,4.43,7.309399,5.300259,21.063915,-32.67595,63.61872,-4.738394,2.0597777,7.607608,49.293587,-42.94289,34.645977,-26.201738,24.52173,-27.276945,-7.256093
60,0.2452300786972046,1.1243081092834473,84.95378112792969,2.5786445204801653,-0.30786992213886993,103.89489168799543,3.5967655,16.711597,16.723936,5.904389,4.9937787,-10.853988,17.159903,-25.13288,-39.212666,4.877195,4.0246806,15.000033,0.06561662,4.3831134,7.2696276,5.4678016,21.096045,-32.613354,63.70511,-4.726338,2.06268,7.570191,49.484543,-42.830956,34.511757,-26.156445,25.194067,-27.257519,-7.2188854
61,0.2736005485057831,1.2522170543670654,84.93952178955078,2.627766002462218,-0.1931739699612454,103.78051665925403,3.615928,16.697472,16.725216,5.905037,5.070103,-10.972638,17.071482,-25.145134,-39.05466,4.878508,4.0619082,15.000033,-0.03008326,4.3044505,7.212795,5.7592335,21.135954,-32.438713,63.792496,-4.8873696,2.0561357,7.7187605,49.712822,-42.695805,34.296665,-26.166252,25.517881,-27.431202,-7.5637093
62,0.3064197599887848,1.3975753784179688,84.91081237792969,2.651437599183089,-0.0015699110128629095,103.73227383175863,3.5450683,16.730274,16.747225,5.8989196,5.010857,-11.142064,16.879114,-25.114841,-38.77916,4.9636765,3.9780807,15.000033,-0.06387873,4.2609553,7.1538363,6.025576,21.215052,-32.24453,63.80612,-5.026283,2.0258167,7.6907797,50.02718,-42.479893,34.08482,-26.150358,26.374826,-27.571352,-7.44229
63,0.3417956531047821,1.558164119720459,84.89656829833984,2.680845718127385,0.11228631066670808,103.6991752849845,3.567613,16.760939,16.782837,5.884496,5.070353,-11.28438,16.9564,-25.002832,-38.710625,4.7175274,4.1162753,15.000033,-0.19484924,4.2084384,7.0975485,6.386665,21.29027,-32.067142,63.82997,-4.82947,1.8662887,7.6528754,50.366558,-42.26388,33.820786,-26.159075,27.382006,-28.306137,-7.3499866
64,0.3795938491821289,1.727217197418213,84.8732681274414,2.6616307029110016,0.3234435685813421,103.69682483043171,3.4809937,16.858751,16.82592,5.8715515,5.0462737,-11.4266405,16.702545,-24.985495,-38.492012,5.0294986,3.938925,15.000033,-0.36464718,4.1320467,7.005622,6.7388506,21.37926,-31.871973,63.839405,-4.745118,1.8499321,7.7450395,50.751404,-42.048763,33.364082,-26.140322,28.977537,-28.214645,-7.5857973
65,0.4232847988605499,1.902083158493042,84.86015319824219,2.655415522088865,0.45658606600373197,103.60493782398886,3.5172672,16.951319,16.91973,5.869372,5.0798774,-11.577605,16.766827,-24.798775,-38.38469,4.694739,4.1828804,15.000033,-0.48504552,4.068669,6.958286,7.1418114,21.473175,-31.694832,63.874985,-4.530658,1.7338033,7.8486466,51.077423,-41.815266,32.952316,-26.09971,29.022062,-28.634016,-8.098235
66,0.4707814157009125,2.076777696609497,84.82906341552734,2.7144905241664317,0.6900770198630164,103.58764670684818,3.4286966,16.987848,17.086796,5.855905,5.16712,-11.807384,16.472553,-24.889679,-38.197178,5.0685787,4.0082765,15.000033,-0.6268245,3.9771616,6.86562,7.5320477,21.584448,-31.556805,63.82989,-4.2481546,1.6570774,7.7635546,51.546295,-41.54955,32.273693,-26.137922,31.017208,-29.203337,-8.460368
67,0.5231087803840637,2.250030755996704,84.80706024169922,2.7196808145693563,0.8553706531553611,103.57593754813111,3.4387987,17.150154,17.516743,5.8481674,5.182638,-11.9290495,16.522755,-24.6803,-38.030415,4.7217307,4.2433596,15.000033,-0.76471233,3.9118583,6.80291,7.9266014,21.686367,-31.32191,63.814125,-4.2601852,1.6018597,7.7557435,51.845074,-41.317356,31.502348,-26.10818,32.10911,-29.179209,-8.738468
68,0.5750578045845032,2.419515371322632,84.7882080078125,2.7356811939619834,1.0944557583044663,103.50116171808503,3.3360379,17.208605,17.54906,5.850245,5.233972,-12.084052,16.370687,-24.623129,-37.964382,4.682074,4.181344,15.000033,-0.8893574,3.8216248,6.782272,8.405916,21.82525,-31.074047,63.661068,-4.1737103,1.3322701,7.9162025,52.225887,-41.02647,30.303137,-26.018726,34.182,-29.715809,-9.314889
69,0.62571781873703,2.5841171741485596,84.77727508544922,2.842391385595097,1.2004492082824996,103.3967988186362,3.3809977,17.142542,17.54072,5.851266,5.284522,-12.309371,16.3147,-24.719404,-37.85003,4.7551737,4.1379733,15.000033,-0.91554254,3.697407,6.7846365,8.7929325,21.957327,-30.98938,63.571968,-4.1538973,1.1471491,8.044046,52.49383,-40.81622,29.116066,-25.851467,35.573982,-29.812244,-10.097747
70,0.6703307032585144,2.7423512935638428,84.7691650390625,2.8349229606764643,1.3581032677878162,103.35429308945993,3.3242078,17.218555,17.53409,5.883544,5.315946,-12.501612,16.022251,-24.774235,-37.560566,5.233346,3.9763873,15.000033,-0.9007703,3.6537125,6.838942,9.261856,22.09956,-30.406368,63.173798,-4.24867,1.0755913,8.184413,53.02687,-40.593567,27.12345,-25.496628,37.9024,-29.592691,-11.074075
71,0.7107791304588318,2.895886182785034,84.73675537109375,3.0030348146348635,1.5759940285501883,103.3210185084028,3.2085168,17.102377,17.612682,5.9246264,5.419512,-12.623411,16.018173,-24.801155,-37.406876,4.8857703,3.9830968,15.000033,-0.8493023,3.521923,6.940776,9.714,22.289104,-29.955788,62.814106,-4.410482,0.7417898,8.280508,53.907314,-40.365673,24.055681,-25.244747,39.832848,-29.756872,-12.249733
72,0.7330822944641113,3.036799669265747,84.71446990966797,3.055412389816353,1.798280429466223,103.27630672337882,3.0708609,17.087389,17.622875,5.971607,5.4443364,-12.771151,15.876053,-24.86892,-37.499077,4.938738,3.8581913,15.000033,-0.7372753,3.3368843,7.014927,10.185757,22.497782,-29.640266,62.277298,-3.9880815,0.52139497,8.35362,54.656914,-40.268127,20.151062,-24.142511,40.432796,-29.705755,-14.428895
73,0.7329649925231934,3.166196823120117,84.65505981445312,3.158122350600798,2.1278267601196426,103.10523384923283,2.8841863,17.032251,17.849855,6.043395,5.4066834,-13.13194,15.365395,-25.160797,-37.36613,5.4292235,3.5035305,15.000033,-0.50139654,3.2140362,7.169446,10.761432,22.678518,-29.034906,61.55182,-3.2585292,0.40760761,8.402405,55.617916,-40.268547,14.997151,-22.26727,42.13688,-29.136496,-16.483513
74,0.699170708656311,3.288161039352417,84.64865112304688,3.2784511739516415,2.2040630825347325,103.05820334766439,2.9289474,16.992483,18.342896,6.1580644,5.171953,-13.106378,15.394481,-25.328028,-37.33426,5.404216,3.5915596,15.000033,-0.31497374,3.1005661,7.43007,11.407404,22.804758,-28.138624,60.580864,-3.622967,0.27770734,8.7333145,56.163364,-40.317364,9.532843,-19.09526,43.631676,-27.607172,-18.326025
75,0.6276512742042542,3.4005753993988037,84.69039154052734,3.4304023901768885,2.193560262751611,102.87391092003931,3.1739326,16.957285,19.300243,6.284612,5.580653,-13.011543,15.494362,-25.645138,-37.634315,5.426393,3.922526,15.000033,-0.22193784,2.8793154,7.6246424,12.240566,22.884703,-27.909792,59.5409,-2.7695932,0.18915944,8.83794,55.41907,-40.37366,5.2077904,-13.891218,43.091255,-27.306746,-20.726183
76,0.5057663321495056,3.5148706436157227,84.73654174804688,3.593889836113033,2.2372826689354475,102.50514189680074,3.4004762,16.833845,20.144547,6.4688597,5.7246065,-12.763952,15.391687,-26.092783,-37.70326,5.575426,4.4003134,15.000033,-0.12370295,2.6203456,7.936011,13.26978,22.845997,-26.538893,58.42285,-3.9182723,-0.19149315,9.245662,53.97669,-40.22028,1.6351289,-7.9610033,43.528202,-25.519064,-22.261799
77,0.33228328824043274,3.6274943351745605,84.66239166259766,3.5870277682294787,2.7042090765892315,102.3745180653459,3.0900893,16.807663,20.53832,6.575123,5.4239917,-12.821889,14.904742,-26.26921,-37.55338,5.6326294,4.4371996,15.000033,-0.119884275,2.3710377,8.072204,14.170299,22.809795,-25.407204,57.41433,-4.6087155,-0.4686835,9.294874,52.039104,-39.993416,-1.0713925,-1.9659634,42.315437,-21.821955,-22.355019
78,0.11281047761440277,3.743166446685791,84.64131164550781,3.506299908539701,2.894587633868537,102.12078683597777,2.4477208,17.001322,20.528904,8.073383,4.9061594,-12.514845,14.641563,-26.42484,-37.382496,5.7491126,4.629364,15.000033,0.09314426,2.0625405,8.294038,15.043361,22.808165,-24.04138,56.158226,-5.126998,-0.588995,8.868463,48.940178,-39.61273,-3.0729566,5.9194818,41.06606,-18.56148,-22.53672
79,-0.1558954119682312,3.858825922012329,84.56712341308594,3.3934876676263803,3.204609193186431,101.61920427414137,1.6003069,17.29655,20.680662,10.050295,3.7631168,-12.7889,14.292003,-26.72618,-37.736923,5.80752,4.5342546,15.000033,0.31403294,1.722122,8.58113,15.570227,22.975538,-23.14364,55.3852,-6.127065,-0.83574826,9.035105,44.890293,-39.177,-4.3537884,14.456708,41.25237,-13.829087,-19.95912
80,-0.4595338702201843,3.9689247608184814,84.49893951416016,2.9552870382199465,3.286192323014454,101.42272203959584,0.8224873,17.910894,20.441965,12.053824,2.5894895,-12.723966,14.106214,-26.48068,-37.223957,5.9496536,4.46921,15.000033,0.64899784,1.5613302,8.887911,15.636987,23.264671,-22.236097,54.55309,-6.15292,-0.991921,9.278546,40.69306,-38.717663,-4.2739325,23.754894,40.439987,-11.118302,-18.591724
81,-0.7598548531532288,4.064911842346191,84.38142395019531,2.826845551546318,3.821978620789862,100.85584916222923,-0.4255681,18.425882,21.003014,14.572659,1.3041135,-12.757561,13.352441,-26.678556,-36.982765,5.943789,4.214173,15.000033,1.1150357,1.2552309,9.142298,15.583617,23.812822,-21.821875,53.589096,-6.114561,-1.3925536,9.580446,35.456116,-38.27504,-3.185919,34.14399,40.025593,-7.780894,-16.195871
82,-1.055580735206604,4.136140823364258,84.27178192138672,2.4485039243845144,4.128089425139654,100.22697653078255,-1.5443528,19.093582,20.916218,17.124147,0.12131278,-12.831267,12.786543,-26.607212,-36.752552,5.9824586,4.1558332,15.000033,1.6108631,1.1660808,9.602385,15.246388,24.53519,-21.016777,52.363556,-6.463747,-1.262973,9.248756,30.3591,-37.757286,-1.0849177,42.636116,39.180553,-5.581192,-15.006457
83,-1.3182425498962402,4.170720100402832,84.16307067871094,1.8182523034028797,4.296124460190657,99.56037653915962,-2.585682,20.170929,20.943901,19.831175,-1.383097,-12.651254,12.251399,-26.176004,-36.2255,6.043357,4.380402,15.000033,1.9982116,1.0742714,10.035878,14.714366,25.366096,-19.982748,51.03947,-6.1788073,-1.3706933,9.274227,25.591118,-37.111248,1.0794215,48.72943,38.65518,-4.609377,-13.954721
84,-1.5233598947525024,4.162132263183594,83.99722290039062,1.3393640686116608,4.357080802090373,98.78018539068515,-3.7520576,21.215021,20.895393,23.045391,-2.8862004,-12.670711,11.839053,-25.986673,-36.00766,6.1183457,4.6068454,15.000033,2.450386,1.0391579,10.658324,13.741253,26.360594,-19.461832,49.784267,-5.9959593,-1.3109465,8.939709,20.195713,-36.363186,4.147434,54.678894,37.652412,-3.4569483,-12.392308
85,-1.6414880752563477,4.089414596557617,83.87997436523438,1.0652481625251722,4.129308894177654,98.00012130798798,-3.964149,21.806644,21.070932,24.748756,-3.9640946,-12.720278,11.609636,-25.867012,-35.312172,6.138352,4.5595903,15.000033,2.791774,0.859411,10.902702,13.390873,27.356255,-18.75846,48.350292,-5.0824986,-1.2298398,9.230667,16.775064,-35.434834,6.3808694,56.802048,35.089706,-2.4505222,-12.570486
86,-1.6546834707260132,3.9445133209228516,83.6173095703125,0.7932077630912596,4.185469864101585,96.82202096586721,-4.597552,22.662426,21.419283,27.006235,-5.4889216,-12.71447,10.777587,-25.676748,-34.268196,6.1274137,4.486422,15.000033,3.503387,0.8406928,11.324788,12.673406,28.471363,-18.174332,46.777782,-4.875156,-1.0581901,8.915188,11.846879,-34.13467,9.49118,59.80191,32.650032,-1.3290026,-11.355061
87,-1.5759633779525757,3.71549916267395,83.37665557861328,0.5765612485958985,4.360441526848015,95.55221262799081,-5.264352,23.48878,21.869427,28.976406,-6.3926935,-12.815175,9.756122,-25.523588,-33.38853,6.0844207,4.496966,15.000033,4.0929446,0.60833806,11.767714,12.055815,29.683361,-17.56943,45.78393,-4.0570726,-1.0394104,8.722045,7.829388,-32.352386,12.378116,61.42681,30.685675,-0.6552109,-10.864143
88,-1.4011845588684082,3.3772225379943848,83.11339569091797,0.29983121099809945,4.32268283721889,94.06732588103688,-5.6121078,24.843143,23.135298,31.162024,-7.5238934,-12.71085,8.694766,-25.142889,-32.078995,6.0356812,4.6755195,15.000033,4.865551,0.22574286,12.108123,10.9329815,31.103235,-17.706821,45.65008,-3.2478535,-0.9543699,9.004601,3.6145184,-30.198118,16.001333,61.642025,28.492296,-0.06452313,-10.242093
89,-1.165535807609558,2.9378585815429688,82.8763198852539,0.20176066766649178,4.153277554414422,92.63685134328122,-5.549515,25.537228,23.818058,32.216522,-8.316204,-12.856657,7.870537,-24.771357,-30.68215,5.6443157,4.833924,15.000033,5.6282744,-0.045679998,12.566763,9.829766,32.198605,-18.00895,45.757664,-2.3733733,-0.83966106,9.800811,0.31523582,-28.311966,19.389677,59.841305,24.612947,1.2282666,-8.967177
90,-0.8713010549545288,2.368305206298828,82.57719421386719,0.4037278950098987,3.7408554535935137,90.73003335556862,-5.444113,26.375849,25.08989,34.328217,-9.209731,-12.866265,6.5937943,-24.720123,-28.266577,5.797293,4.613671,15.000033,6.6134057,-0.81457794,12.885654,8.496621,33.323418,-19.079527,46.82636,-0.49405637,-1.6060971,10.226898,-3.021805,-26.64895,23.630508,57.2984,19.593222,1.7592174,-7.4086356
91,-0.5938212275505066,1.7233119010925293,82.29285430908203,0.46805568521650226,2.871351668525481,89.01784249047006,-4.8512855,27.168865,25.919651,35.983402,-10.067968,-13.093442,6.1342287,-24.35961,-26.0614,5.4974246,4.6237216,15.000033,7.4109545,-1.263401,13.022307,7.3830924,34.41731,-20.520374,47.766514,2.4377074,-2.5048285,10.583067,-7.356846,-25.316807,27.574549,53.836765,15.781539,1.7026027,-5.3975153
92,-0.3470413386821747,1.0182753801345825,82.08363342285156,0.6505092409949158,2.027540360869761,87.38045069994564,-4.1146455,27.748138,26.924381,37.203583,-10.938115,-12.911435,5.4486237,-24.190033,-23.69786,5.574198,4.718193,15.000033,7.88282,-2.4079182,12.970663,6.759451,35.808994,-21.974176,49.031246,4.9936113,-2.7223146,11.129203,-13.044615,-23.70183,31.164444,50.771023,13.740714,1.7010009,-4.430544
93,-0.15471357107162476,0.287905216217041,81.99796295166016,0.6457698821687714,1.0967155797594035,85.87086664865903,-3.072444,28.55812,28.32101,37.977894,-11.584222,-12.882158,4.779077,-23.70795,-21.080675,5.870578,5.416901,15.000033,7.9026155,-3.4903212,12.887649,7.220792,37.341026,-22.765003,49.67723,6.8241463,-3.0580232,11.352148,-19.52107,-21.88586,34.16896,47.574642,11.986727,1.6649328,-3.0532079
94,-0.005621930118650198,-0.44445550441741943,81.9374771118164,0.43511869860830843,0.28501184289183673,84.05817375108106,-1.7006751,29.447805,29.97388,38.1884,-12.296375,-12.954641,3.8087885,-22.700848,-17.618752,6.0469594,6.130126,15.000033,7.866286,-4.379091,12.43492,8.23059,38.37382,-22.449474,51.227177,7.689425,-3.0948048,11.418945,-26.78205,-20.804514,36.682064,42.686424,11.182856,1.8798268,-2.2552197
95,0.0825229212641716,-1.1444605588912964,81.96261596679688,-0.23370929665206044,-0.4999252949982946,82.80555511944347,-0.6355054,30.496468,30.81215,37.987038,-12.649353,-13.579507,3.3000433,-21.327711,-15.365378,6.217291,7.362554,15.000033,6.739678,-5.1526413,12.094671,11.243554,39.752544,-20.62784,50.737843,8.446768,-3.1491404,11.671747,-35.61318,-19.454992,38.899303,38.67117,11.424285,2.289992,-1.1474774
96,0.17636308073997498,-1.8166731595993042,82.00653839111328,-0.5605531755038105,-1.1630830184520327,81.60827994955511,0.8214737,31.218225,32.54224,37.19437,-13.090089,-14.075401,2.696079,-20.310963,-12.962465,6.3636713,7.9353175,15.000033,5.557044,-5.849704,11.515889,14.462421,40.63923,-18.50939,50.391502,8.469508,-2.9620035,12.014694,-44.36069,-18.711273,41.064156,34.351807,11.4529,2.4130712,-0.6320024
97,0.31094884872436523,-2.4473865032196045,82.14786529541016,-0.8027295096018071,-1.2632675598118621,80.1301844705867,2.0348425,30.983126,33.40043,34.996582,-12.674959,-14.701141,1.4121304,-19.229454,-10.360451,6.4723544,8.720407,15.000033,4.181206,-6.1982837,10.931189,17.674196,41.010353,-16.247795,50.543415,6.5952787,-2.8558173,11.81163,-53.329414,-18.581486,42.654865,30.21625,12.2968855,2.4457464,-0.25351948
98,0.5155757069587708,-3.056424856185913,82.28636169433594,-0.9545603057702395,-1.673180568162217,78.49262574478385,3.2202277,30.760246,33.845295,33.490395,-12.4128275,-15.000033,0.5544877,-18.184341,-7.9437537,6.510957,9.316467,15.000033,2.8103623,-6.346311,10.378424,20.55524,40.941032,-14.497941,50.69639,5.616123,-2.6449847,12.165289,-62.185913,-19.052704,44.436546,27.273815,13.862074,1.8400533,0.38221598
99,0.7972874641418457,-3.626011610031128,82.35431671142578,-0.7048440356948826,-2.127742536634888,77.2938172431545,4.2804794,30.038355,33.9861,31.848303,-11.508781,-15.000033,0.11561666,-17.773651,-5.9689064,6.6244936,9.703786,15.000033,1.3766109,-6.245892,9.857851,22.983889,40.477024,-13.23746,51.128693,3.9848607,-2.591531,11.772935,-71.14468,-20.068472,45.963375,24.62979,15.614273,1.1763289,0.650219
100,1.1902623176574707,-4.154501438140869,82.4295883178711,-0.40868163431662075,-2.4055491967118603,76.05638164825793,5.103169,29.33392,33.84465,30.294735,-10.221787,-15.000033,-0.2711852,-17.51933,-4.735438,6.700472,10.855526,15.000033,0.19734827,-5.81148,9.378518,24.757223,39.70113,-12.256509,51.740704,1.8722829,-2.383675,10.872743,-79.77309,-21.625225,48.33346,21.722328,17.624212,-0.39648938,0.7127973
101,1.675715446472168,-4.628477096557617,82.47493743896484,0.10327147544336067,-2.186528832217516,75.64196978228313,5.4479017,28.099455,33.31746,27.682285,-8.558845,-15.000033,-0.95327705,-17.640219,-3.2815502,7.4606357,10.554967,15.000033,-1.297172,-5.381806,8.9068165,26.593622,38.72745,-12.055556,52.635185,0.8049576,-2.3376439,10.511259,-89.18759,-23.605064,50.575634,20.34189,18.759844,-1.1832435,0.92181456
102,2.2569828033447266,-5.069267272949219,82.50540161132812,0.35730321795868,-2.0636361507927052,74.95962082058732,5.616372,27.810606,32.980762,26.381012,-6.975455,-15.000033,-1.7867526,-17.43657,-1.7857776,8.991001,10.853389,15.000033,-2.5858476,-4.462209,8.58622,28.374275,37.513912,-11.716027,53.318867,-0.02481629,-2.1046479,10.088772,-99.331474,-26.016432,52.778175,20.675255,21.69915,-2.6646626,0.46801648
103,2.8973336219787598,-5.490583419799805,82.48758697509766,0.5990478709080943,-1.917696962481717,73.327594192571,6.1172028,27.197296,32.141678,24.7729,-5.579003,-15.000033,-3.1684306,-17.254263,-0.087248415,11.365386,11.204582,15.000033,-3.6508248,-3.4360716,8.418106,29.288593,36.207977,-12.132442,54.787537,-0.9529488,-2.3402796,9.605652,-110.461174,-28.690546,55.6768,21.381899,25.532257,-4.2806077,0.74861205
104,3.5817437171936035,-5.878511428833008,82.52180480957031,1.3828254018486983,-2.0120065995081924,72.4719032779162,6.9113436,26.160341,31.641624,22.480986,-3.1734288,-15.000033,-2.907205,-17.86332,1.5639397,11.885188,11.033602,15.000033,-4.5817485,-2.9770494,8.329924,29.551956,34.934437,-12.686897,56.7247,-2.2022088,-2.2418032,8.915862,-120.61736,-31.467875,60.1732,23.668837,29.57608,-5.797332,0.7770154
105,4.279935359954834,-6.240190029144287,82.54357147216797,1.9395913788404404,-2.085989845962372,71.90100413749788,7.8063216,25.52476,31.272186,19.445892,-0.68993104,-15.000033,-3.6633968,-18.348417,2.7520323,14.306548,10.637972,15.000033,-5.372428,-2.0240557,8.387038,29.49992,33.669304,-14.273042,58.610115,-1.5573045,-2.041304,8.07914,-131.19052,-34.33203,64.06426,25.369116,34.65732,-7.610252,1.6731062
106,5.017789363861084,-6.546149253845215,82.6514663696289,2.212951255792476,-1.7057924787769088,70.47202448183613,8.736722,25.049292,30.02117,15.811614,1.7201806,-15.000033,-3.7183638,-18.283846,4.371408,13.714226,10.729508,15.000033,-5.839636,-1.5636625,8.681753,29.099873,32.626198,-14.9499035,60.548695,-2.8890245,-2.2512984,8.003025,-140.19414,-37.047203,68.7986,27.950224,38.658962,-9.078264,2.2547634
107,5.770018577575684,-6.823938369750977,82.79439544677734,2.9315182140741216,-1.7365324524384917,69.49819905862886,10.001827,24.402575,29.134068,12.1934805,4.7588024,-15.000033,-4.1113124,-18.644815,6.1024866,14.646213,10.71348,15.000033,-6.416669,-1.2445868,8.511147,28.79067,31.66049,-16.455385,62.997154,-3.5910418,-2.3394208,7.4618692,-147.42542,-39.6605,72.570786,30.445427,40.97102,-10.310129,1.6864287
108,6.552612781524658,-7.046889305114746,83.05962371826172,3.379624199579356,-1.1826753056555745,67.92648798503414,10.730311,24.157778,28.306377,9.3656025,8.286938,-15.000033,-4.0213165,-18.747446,7.4023905,13.052511,11.92998,15.000033,-6.9221597,-1.2643074,7.974266,28.919867,30.866972,-16.88536,64.94523,-4.983182,-2.287202,7.4345946,-151.86978,-42.071617,76.19651,32.091484,41.607216,-11.4638605,0.5846455
109,7.351592063903809,-7.238186836242676,83.43230438232422,4.006643484672961,-0.6668378865587616,66.36348079738325,11.9021225,23.43841,27.614973,6.0498476,12.296564,-15.000033,-3.8163476,-18.794264,8.691215,11.07741,14.099016,15.000033,-7.707594,-1.3055437,6.984882,29.413456,30.080742,-17.919388,66.84902,-5.6128683,-1.8986875,7.3657184,-155.12239,-44.323883,78.761406,33.884052,42.52502,-12.813231,-0.16890837
110,8.146328926086426,-7.389622688293457,83.6483154296875,4.759334259774981,-0.3114332770266035,64.97182406709705,11.958409,23.259806,25.874578,5.671689,13.943586,-15.000033,-3.929103,-18.837908,9.975378,10.087756,14.37135,15.000033,-8.757261,-1.5149256,6.0634627,29.914824,29.27892,-18.946362,68.884125,-5.8371854,-1.55771,7.4517856,-156.97626,-46.375336,80.81074,35.753426,42.855843,-13.65119,-1.9963847
111,8.953078269958496,-7.509533405303955,84.07939910888672,5.513958992807309,0.14936287692164663,62.90026836176514,11.939217,23.01844,24.433096,5.3529963,16.81037,-15.000033,-4.6248794,-18.560177,11.690074,9.574466,16.375765,15.000033,-10.020233,-1.8768845,5.4442563,30.443043,28.632362,-19.127064,70.317856,-6.6595855,-1.4677972,7.474388,-158.46008,-47.876236,82.85289,37.756317,44.221424,-14.29166,-2.7569168
112,9.743968963623047,-7.597026824951172,84.40727233886719,6.364114073973411,0.5641491423943968,60.72689735845692,12.025169,22.460571,22.402462,5.084483,19.168938,-15.000033,-4.8022556,-18.595228,12.928507,7.976647,18.077986,15.000033,-11.607021,-2.2996588,4.9665165,31.983698,28.28009,-19.215357,70.78644,-6.8496127,-1.4582062,7.569665,-159.37262,-48.50197,84.19542,41.042507,44.524788,-14.385954,-4.6780114
113,10.510518074035645,-7.641762733459473,84.52059173583984,7.144251885524491,0.9823001722465396,58.99110917966915,12.116044,21.862473,20.013184,4.965829,19.712576,-15.000033,-5.4154544,-18.458866,14.516858,7.611565,17.997068,15.000033,-12.911338,-2.3607092,4.545772,33.493637,27.858047,-19.35866,71.141335,-7.2149897,-1.320899,7.2626424,-160.12271,-49.025757,85.59654,44.78639,44.092793,-14.166202,-6.5521693
114,11.242971420288086,-7.634200096130371,84.54344177246094,7.589752534120748,1.5845152931742117,57.83154860815425,12.039364,21.461523,17.399252,4.8993497,19.666193,-15.000033,-6.2085514,-18.073702,15.79745,7.677295,17.689081,15.000033,-14.020973,-1.9256189,4.1936555,34.550655,27.462448,-19.505205,71.306076,-7.4635844,-0.86773235,7.153163,-160.80867,-49.436802,86.73689,48.082268,44.50353,-14.018273,-7.496948
115,11.971474647521973,-7.574557304382324,84.55361938476562,8.09326577372821,2.4715705754382027,56.557115952163784,11.954718,20.826818,14.924333,4.8658366,19.821583,-15.000033,-7.293412,-17.809475,17.072142,7.765422,17.273968,15.000033,-15.198713,-1.6055449,4.241398,35.55562,27.053782,-19.762669,71.231606,-7.6835423,-0.4368346,7.1140485,-161.34456,-49.81475,87.91299,52.212513,45.714108,-13.312799,-8.638601
116,12.680691719055176,-7.46234130859375,84.3551254272461,8.383995493476528,3.2021013770563265,55.394831617124304,12.096106,20.434422,12.350807,5.0037065,18.056362,-15.000033,-8.128493,-17.543276,18.131891,7.8566,15.754942,15.000033,-15.897545,-0.93151706,4.4137206,36.249073,26.641272,-20.135937,70.87852,-7.6071405,-0.059664827,7.1257067,-161.81529,-50.156666,88.9659,55.792065,47.268635,-12.726224,-9.648333
117,13.423318862915039,-7.3144450187683105,84.23441314697266,8.953590087267168,3.963344622888937,54.00366200137245,12.461351,19.898111,10.815345,5.037335,16.851292,-15.000033,-9.137349,-17.565825,19.136799,8.163877,14.14938,15.000033,-16.40054,-0.23836789,4.9484878,36.638943,26.220255,-20.186684,70.92929,-8.861819,-0.146999,6.775784,-161.84444,-50.491314,90.123055,58.4102,47.359375,-11.801689,-10.310353
118,14.207136154174805,-7.1294732093811035,84.2101821899414,9.336251555163544,4.903497909748557,52.6592860874702,12.588093,19.522617,9.496504,5.1050086,17.022636,-15.000033,-10.097708,-17.31021,19.853664,8.223877,13.632517,15.000033,-16.936592,0.2729748,5.7887964,36.897778,25.830751,-20.147673,71.158035,-9.48039,0.0034553646,6.848462,-161.7312,-50.792416,91.333916,61.268227,48.46802,-11.250014,-10.53508
119,14.987112998962402,-6.9002814292907715,84.12628173828125,10.073496806707967,5.55656459471164,51.62507246669037,12.897991,19.011415,8.612643,5.130741,15.916527,-15.000033,-11.138098,-17.584501,20.68238,9.227788,11.436892,15.000033,-17.22503,0.88977444,6.5262685,36.852547,25.524487,-19.909143,71.33042,-10.863104,-0.104657695,6.7708693,-161.29555,-51.01371,92.453354,63.937508,49.247284,-10.776452,-10.278708
120,15.791414260864258,-6.625191688537598,84.13272857666016,10.50127283103189,6.487833338543555,51.249144672687,12.731059,18.894629,7.4790754,5.22205,14.638665,-15.000033,-12.1664505,-17.663904,20.66723,10.046027,10.302073,15.000033,-17.67287,1.4149566,7.4814157,36.778996,25.165993,-19.686634,71.686935,-11.098233,0.025838118,6.796052,-161.26015,-51.275616,93.80373,66.55225,50.333176,-9.94502,-10.166702
121,16.629384994506836,-6.303829193115234,84.20542907714844,11.060017252964567,7.7661400359359725,51.031748872196154,12.46825,18.734203,6.8260064,5.2543945,14.189979,-15.000033,-12.75148,-17.957684,20.882643,9.397145,9.871898,15.000033,-18.259933,2.2515213,8.418162,36.607,24.878904,-19.577648,71.97134,-11.596487,0.03442652,6.841734,-160.894,-51.506668,94.82434,68.90209,51.334423,-9.613286,-10.219367
122,17.440929412841797,-5.936059951782227,84.12446594238281,11.512724648338825,8.586457931687935,50.63978781726109,12.651591,18.755934,6.427904,5.342546,13.193223,-15.000033,-14.105652,-17.943518,20.899527,11.377019,7.8583336,15.000033,-18.568064,3.0866888,9.403241,36.301533,24.6168,-19.372768,72.502495,-12.561888,-0.17626244,7.148639,-160.43547,-51.747967,95.86903,70.75266,52.048412,-9.400204,-10.912043
123,18.231786727905273,-5.498377323150635,84.03825378417969,11.660340588919885,10.028706909547978,50.81838126127954,12.268711,18.994852,5.8461757,5.4187446,11.770178,-15.000033,-15.777653,-17.581305,20.92347,13.068759,6.4148006,15.000033,-18.856693,4.038181,10.715856,35.63139,24.375137,-19.13249,72.64986,-12.733939,0.28158692,7.169339,-160.20769,-52.057262,96.932205,72.874306,53.243027,-8.767505,-11.921026
124,18.96096420288086,-4.99848747253418,83.98158264160156,12.19156459291723,11.173605886653977,51.15098740677664,11.97191,19.044666,5.4068675,5.5551167,10.021269,-15.000033,-17.586636,-17.264832,22.140345,15.8727665,4.5280595,15.000033,-19.495226,5.1775436,12.1657,34.78202,24.223227,-18.907867,73.03621,-13.822306,0.26750582,7.2837005,-159.59271,-52.355995,97.739174,74.07649,55.48476,-8.31179,-12.747585
125,19.642772674560547,-4.444297790527344,84.10494232177734,12.527888316009333,12.115606748834109,51.462489469127334,11.633971,19.168037,5.505062,5.563901,10.709598,-15.000033,-18.078005,-17.337238,22.233738,16.282814,4.839828,15.000033,-20.042635,5.8512015,13.75385,33.906776,24.061491,-18.335884,73.40802,-14.305994,0.28997773,7.243044,-158.88797,-52.86882,99.122086,76.17352,56.312386,-7.7070255,-13.35222
126,20.225875854492188,-3.821831464767456,83.84773254394531,12.471100851191862,13.305867764422011,51.787407627081606,11.159657,19.795506,6.00896,5.6343555,9.570942,-15.000033,-19.706516,-16.616623,22.879194,18.76177,2.9625359,15.000033,-19.770592,6.9113226,15.765377,31.052858,23.869307,-17.875923,75.54347,-15.141555,0.7460558,7.2459764,-158.53976,-54.269478,101.45129,77.69721,58.757786,-6.8077908,-14.952759
127,20.7127742767334,-3.1511380672454834,83.57027435302734,12.245699549570121,15.132030180796212,52.35882300158046,10.398921,20.083609,6.424155,5.769805,9.279405,-15.000033,-20.96584,-16.137192,23.169079,19.070673,2.0657237,15.000033,-20.303928,7.830452,18.099388,29.985394,23.956154,-17.111372,75.77371,-15.453961,1.1007814,7.36516,-157.15463,-55.67739,101.91635,80.38616,60.043297,-5.969721,-16.300386
128,21.077728271484375,-2.4741084575653076,83.2112808227539,12.194443577023955,15.94410909762354,52.26586823703758,10.184972,20.138824,7.6900043,5.6543055,8.770207,-15.000033,-22.752184,-15.261437,24.319973,22.584839,0.11230776,15.000033,-20.808231,8.529135,20.992952,28.512745,24.306385,-16.032614,75.66548,-17.059988,0.88141465,7.8772073,-155.13391,-57.323536,101.993866,83.45748,62.46926,-5.3677607,-17.938892
129,21.241918563842773,-1.8022751808166504,82.86595153808594,12.017467375384788,16.998230670775126,52.90297627340229,9.228717,20.145452,7.372821,5.6794987,9.105233,-15.000033,-23.89257,-14.744769,25.126453,24.337051,-1.2043676,15.000033,-21.33576,9.239051,23.565002,28.215134,24.547054,-15.132516,75.414345,-19.494484,0.81273043,8.431419,-151.59865,-59.27503,101.893906,86.841125,63.535213,-3.8310435,-18.99609
130,21.275896072387695,-1.2131781578063965,82.83409118652344,12.435933879915734,18.660017299761527,55.02181546228875,7.652913,20.315016,8.819739,5.971818,9.443159,-15.000033,-24.932007,-15.475396,24.54191,24.267805,-0.8910284,15.000033,-21.457718,9.40003,25.561342,28.39152,25.121029,-13.340246,74.706085,-19.01658,1.2269917,7.9551687,-148.09813,-62.37019,100.61755,88.632225,63.740585,-3.2566721,-19.18142
131,21.0835018157959,-0.7189740538597107,82.49409484863281,12.414781349493003,19.577064839571932,56.92416959854506,6.919647,20.374271,9.805342,6.1722097,9.315156,-15.000033,-25.972462,-15.475034,24.421265,26.006424,-2.1012664,15.000033,-21.40971,9.557035,27.065535,29.084026,25.591387,-12.115581,73.59718,-18.562082,1.7608559,8.769142,-141.30559,-65.6828,96.990776,90.69261,63.376804,-2.4251027,-19.41982
132,20.67561912536621,-0.3794262409210205,82.03595733642578,12.166953170010387,19.822588129323762,57.73243272456411,6.2269316,20.380384,10.295833,7.1815424,9.017172,-15.000033,-27.304386,-15.446421,24.137955,28.84457,-4.0072656,15.000033,-21.498026,9.583242,27.973415,30.040464,25.977448,-11.828393,72.69131,-18.636568,2.2018723,10.062655,-132.04138,-69.07624,90.81898,90.51051,62.416935,-2.71233,-21.780407
133,20.148069381713867,-0.22602280974388123,81.63400268554688,12.0720706076593,19.982125326506644,59.70618194579533,1.7904682,21.133724,9.902461,14.276559,5.7473726,-15.000033,-27.49586,-15.454299,23.901934,30.063736,-5.0863304,15.000033,-21.188517,9.641114,29.57174,31.296738,26.419363,-10.572682,70.74878,-16.218115,2.228027,10.619897,-124.55819,-72.38874,84.36449,88.87005,61.400883,-3.7044446,-20.701935
134,19.431934356689453,-0.2820199429988861,81.14351654052734,12.046398171710075,20.445776919498666,61.62526617791208,-0.23297323,21.52664,11.175291,17.310806,3.8222535,-15.000033,-29.025242,-15.97735,23.006458,32.350906,-6.652411,15.000033,-20.126041,9.863643,29.793802,33.36472,26.697605,-11.091081,68.26996,-14.318582,2.1261754,11.823175,-111.02213,-75.540016,74.78364,86.54121,60.09451,-4.0769405,-22.555595
135,18.58169937133789,-0.56722491979599,80.49752044677734,11.817268833963613,20.32961102451504,62.8732683437109,-2.7443066,21.81448,10.967939,21.47846,2.3427591,-15.000033,-30.818308,-16.556566,21.841682,35.736866,-8.36708,15.000033,-19.10634,10.650277,29.793802,34.7452,26.842949,-12.0990505,65.98939,-12.75718,2.4615655,12.29007,-96.21288,-78.39365,63.606182,83.85652,58.264442,-4.0660663,-23.606514
136,17.6790771484375,-1.0948164463043213,80.08831787109375,12.287584432526215,20.048624003627403,65.84700256449851,-5.913199,22.26755,11.883541,25.539862,0.07956011,-15.000033,-31.589039,-17.768904,20.727821,37.82932,-9.696783,15.000033,-17.514858,11.875013,29.793802,36.57081,26.939047,-12.811438,62.534737,-9.656757,2.1117141,12.69044,-82.07571,-80.77935,52.280704,79.93207,57.43728,-4.7237535,-23.264296
137,16.700288772583008,-1.8644360303878784,79.38953399658203,12.68680140354427,19.041573056678867,68.37374571375234,-9.274783,22.893734,12.764375,31.230747,-1.7968216,-15.000033,-32.796627,-19.59029,18.973219,41.647488,-12.16562,15.000033,-15.798185,13.512624,29.793802,38.157013,26.896969,-15.781332,58.464798,-5.7939506,1.5060112,13.815012,-65.33941,-82.08221,39.19689,75.31075,56.109932,-4.8983946,-23.12463
138,15.69165325164795,-2.855604410171509,78.985595703125,13.038636239585362,17.579749941551473,71.23436355202274,-11.977149,23.348597,13.4597225,35.21885,-3.3102708,-15.000033,-33.14606,-21.627514,17.017199,44.492714,-13.6299,15.000033,-14.336455,15.509786,29.793802,40.19876,26.706074,-18.592628,53.958805,-3.7102106,1.1758177,14.911479,-48.21201,-81.99388,25.864372,70.096466,54.88051,-5.6412454,-23.76525
139,14.701054573059082,-4.035536766052246,78.35002136230469,13.021967696147083,16.191909706903356,74.18641017180401,-14.744264,24.439413,14.233744,39.290897,-4.663773,-15.000033,-33.218845,-23.317762,14.951577,47.00264,-15.471742,15.000033,-12.803127,17.75393,29.793802,42.85375,26.390806,-21.368074,48.88842,-0.5549696,0.66486293,16.155468,-32.004955,-80.28551,13.920807,63.489254,51.975033,-6.267928,-24.300493
140,13.707680702209473,-5.369075298309326,77.80419921875,13.121660809278294,14.277939972878137,76.92169066362203,-16.719091,24.875103,14.648398,42.225533,-6.1552396,-15.000033,-33.220127,-25.620684,12.822487,49.924976,-17.097528,15.000033,-11.578949,19.582119,29.793802,45.151203,26.224085,-24.261147,43.784588,0.8106056,0.38825136,16.21041,-19.025352,-77.25467,4.9397464,56.32232,50.625366,-8.006882,-25.237463
141,12.735597610473633,-6.821069717407227,77.34444427490234,13.054226754510692,11.89147506679683,79.39477254942203,-18.094477,25.358746,15.409845,44.52062,-7.4565034,-15.000033,-32.338856,-27.990265,10.463912,52.073963,-18.237032,15.000033,-10.463432,21.61,29.793802,48.517838,25.920296,-27.124447,37.130264,2.6563835,-0.6046352,16.886639,-8.287438,-72.99538,-0.61025167,48.039772,48.681404,-10.569838,-26.00483
142,11.787429809570312,-8.304727554321289,77.32038879394531,13.586522377505514,9.96507731256937,82.78435432227975,-19.500263,24.981579,16.554607,45.475307,-7.372468,-15.000033,-30.868195,-31.732244,7.2997327,52.27833,-18.896208,15.000033,-9.460696,23.040802,29.0985,51.575928,25.341787,-29.431664,31.535986,2.4776587,-1.5653398,17.488665,0.66115826,-67.9582,-2.5427504,38.900284,44.30552,-13.383182,-28.668013
143,10.880719184875488,-9.781159400939941,77.03359985351562,13.618207989447969,8.27500974325164,86.45616108212923,-21.040525,24.263542,16.568233,45.699886,-7.3376274,-15.000033,-29.701523,-34.263542,4.9967422,53.518993,-19.427753,15.000033,-8.279823,24.119165,28.611256,52.9448,24.852158,-32.040195,26.690231,3.1391196,-1.2853855,17.543749,5.987563,-62.865032,-1.3407817,31.284218,40.33074,-15.303782,-30.099304
144,10.021346092224121,-11.212846755981445,76.80467224121094,13.233029405344249,6.416943331661621,90.21098123888594,-22.301628,22.92675,15.4129925,45.128963,-7.320297,-15.000033,-27.488771,-35.956356,2.7162228,54.07178,-19.62611,15.000033,-6.407447,25.270752,27.932076,53.43649,24.40023,-34.001484,22.88649,2.801416,-1.3157727,18.12828,8.3810425,-58.14765,1.0866611,25.605019,36.794643,-16.490402,-30.913319
145,9.233861923217773,-12.533437728881836,76.6707992553711,12.842714681418913,4.910480447265886,93.73742488476819,-24.149721,20.966204,13.220914,45.034798,-6.776335,-15.000033,-25.30683,-37.583626,0.35109767,54.12806,-19.664171,15.000033,-4.149385,26.37654,27.637714,52.603924,24.097054,-35.82703,20.441954,3.1584854,-1.0522523,18.559086,8.851308,-53.963287,4.690855,20.574196,32.17117,-17.516165,-30.270378
146,8.538208961486816,-13.707356452941895,76.5836410522461,12.634962832677058,3.1324245202078096,97.96053806060469,-25.823906,18.330906,10.727355,44.69939,-5.756671,-15.000033,-22.502449,-38.825264,-1.3883276,54.449306,-20.1391,15.000033,-1.5292435,27.256344,26.646894,52.294827,23.889524,-36.145237,17.83731,2.8064802,-1.1926835,18.04282,7.5047274,-50.415733,8.280983,17.229681,28.68276,-19.284554,-27.957245
147,7.9443583488464355,-14.696173667907715,76.47663116455078,12.631581488267681,1.4547149709266172,102.32033352592799,-27.29323,15.460327,8.651973,44.397762,-4.5684066,-15.000033,-19.542355,-40.34443,-3.3103368,54.878227,-20.234074,15.000033,0.8148529,27.727528,25.669998,51.929104,23.800022,-36.01681,15.64993,1.8385718,-0.8024346,16.966011,5.557414,-47.390236,11.328483,13.428023,25.781157,-19.629862,-27.307158
148,7.465514659881592,-15.460125923156738,76.06548309326172,12.47171796638618,1.0834485861776697,106.0724433537138,-29.698822,12.738535,5.9295545,44.68637,-4.8675427,-15.000033,-18.482632,-41.86879,-5.1264887,56.184185,-20.673506,15.000033,2.906634,28.09376,25.151808,52.20535,23.859684,-35.557365,13.190663,2.03418,-0.048812754,16.93873,2.951802,-44.78602,14.15113,8.553703,20.442457,-18.818056,-29.578142
149,7.120664596557617,-16.03760528564453,75.48503112792969,11.905104222905742,0.5937539931816648,108.7555050016024,-32.211502,11.044851,3.1242764,46.88664,-5.9130616,-14.491473,-17.758982,-42.733273,-6.5095415,58.20243,-21.974684,15.000033,5.4863877,28.283201,24.32279,51.66231,24.025915,-35.289494,13.25925,0.9992172,0.3285814,16.658377,-1.4272134,-42.490982,17.531326,4.978643,16.884506,-18.351627,-29.372608
150,6.910866737365723,-16.45120620727539,74.8707275390625,11.279845086275634,-0.14219503264086875,111.01923009231128,-34.31175,9.141471,-0.11124797,49.37545,-7.232114,-13.778769,-16.643671,-43.669064,-8.248907,60.317883,-23.099165,15.000033,8.206889,28.06133,23.384022,50.576977,24.290434,-35.18066,14.771317,-0.3598086,-0.087850206,17.104584,-6.599276,-40.435066,20.593933,2.2130373,14.58034,-17.824371,-28.833817
151,6.845541954040527,-16.697341918945312,74.04784393310547,11.423228994264159,-1.0005139595211552,114.33127048203912,-36.380333,6.875722,-1.7912294,51.630783,-8.052536,-13.547186,-14.660034,-45.045414,-9.717035,62.354195,-24.48664,15.000033,10.493649,27.723888,22.610634,49.511368,24.660954,-34.948036,15.567699,0.33267036,0.39296666,16.481318,-12.1716385,-38.356285,22.09867,-0.20806831,14.496189,-17.070053,-28.329985
152,6.9114484786987305,-16.814544677734375,73.36282348632812,10.79756548327188,-1.7961120052682304,117.2281232942515,-38.216473,5.1680827,-4.2498393,53.742,-8.903971,-13.957057,-12.032219,-45.58614,-12.416955,63.916176,-25.856792,15.000033,12.996759,27.265429,21.5675,47.615818,25.01825,-34.512836,17.310013,-0.34719715,0.38110006,16.605501,-16.90005,-36.113808,22.53101,-2.4784162,14.805734,-15.665337,-27.189974
153,7.114114761352539,-16.797880172729492,72.81167602539062,10.31158525326864,-2.6208561503422527,120.76179901570694,-39.552742,3.0012636,-6.6447453,54.663612,-9.463826,-14.3359375,-8.237311,-45.8656,-15.983002,64.54582,-26.815739,15.000033,15.5705185,26.425539,20.219952,46.288944,25.289295,-33.655144,18.610641,-0.865434,0.48600358,16.763369,-23.033066,-34.27087,22.791826,-2.5308378,15.862929,-14.920288,-25.99251
154,7.414869785308838,-16.66649055480957,72.45925903320312,9.686880452625372,-3.7371272195724523,124.67711589143096,-40.208275,0.9290077,-8.879486,54.803547,-9.964765,-14.249392,-3.011903,-46.19836,-21.259848,64.50631,-27.176384,15.000033,18.066206,25.349552,18.773159,45.262234,25.522245,-33.226757,18.737123,-0.05310038,0.32673472,16.883339,-29.862986,-32.736935,22.406485,-1.6753212,16.52943,-14.472209,-25.30156
155,7.79134464263916,-16.41761589050293,72.118408203125,9.10812913324524,-4.6379848650388755,128.5041135344888,-40.653378,-1.5924817,-11.698399,54.560535,-10.198561,-14.895073,1.4634962,-45.992386,-25.777716,64.52493,-27.60502,15.000033,20.018484,23.991001,17.436298,44.6565,25.51891,-32.453472,19.48085,-0.39061517,-0.35312137,17.804998,-36.17105,-31.70141,20.299109,-0.5270987,15.764602,-12.995043,-25.275793
156,8.209273338317871,-16.052289962768555,71.87147521972656,8.753394693993496,-5.323239428741604,132.96484802496028,-41.01409,-3.4516058,-12.930423,53.33147,-10.074932,-15.000033,6.088577,-45.16866,-30.29939,63.395176,-27.597599,15.000033,22.303768,22.607386,15.982488,44.70318,24.996748,-30.825974,20.29618,-3.2240462,-0.89215654,17.405827,-42.92239,-31.525778,17.524538,2.6067731,18.501802,-12.9422035,-24.484674
157,8.57951545715332,-15.631034851074219,71.67012786865234,8.734214715093549,-6.562247062671014,136.6540412001745,-39.991993,-5.6524744,-14.163724,51.50324,-8.560145,-15.000033,11.689116,-44.14462,-35.01024,60.446114,-26.718985,15.000033,24.1659,20.831095,15.034391,43.624496,24.448725,-30.88955,21.967707,-3.0546134,-2.4200988,19.266874,-49.512264,-31.670618,14.341856,5.2699475,21.425526,-11.986496,-24.596605
158,8.89627742767334,-15.130172729492188,71.80188751220703,8.137902946694851,-7.3195304515111115,139.98866929880535,-39.263824,-7.020532,-15.850647,49.887684,-7.6925216,-15.000033,15.6473055,-42.571945,-38.961765,57.51417,-25.930286,15.000033,25.471199,19.393806,14.317639,42.464046,23.814022,-30.318548,23.576267,-4.3899226,-3.4106972,19.343485,-55.40808,-32.499382,12.338349,8.505167,22.504877,-11.345478,-24.910492
159,9.106673240661621,-14.580578804016113,72.083984375,7.529270883219734,-7.629022512804619,142.85931466556752,-38.56559,-8.171546,-17.691448,48.114815,-7.0665703,-15.000033,18.632025,-40.815384,-42.084736,54.115726,-25.21508,15.000033,26.748087,18.04829,13.90922,41.229893,23.119776,-29.485863,24.582405,-5.028936,-3.3690422,17.68023,-60.985813,-33.817566,10.678847,11.846034,24.658457,-10.615951,-24.945263
160,9.19412899017334,-14.01257038116455,72.2271728515625,6.898281246726898,-8.29491700903277,145.7798790773606,-37.43316,-9.360825,-19.545414,46.522274,-6.718828,-15.000033,21.716984,-38.76685,-44.396294,50.677322,-24.803741,15.000033,27.905552,16.740942,13.672711,40.011494,22.516073,-29.007244,25.436934,-4.7814226,-3.1389146,16.48846,-66.47348,-35.45573,9.746057,15.967319,27.7314,-10.101839,-24.898687
161,9.141179084777832,-13.428823471069336,72.51263427734375,6.272978944205835,-8.578939583259459,148.34255900885776,-36.5523,-10.38311,-21.48846,45.209568,-6.590723,-15.000033,24.308363,-36.743973,-46.296307,47.36028,-24.063494,15.000033,28.987915,15.750023,13.367958,38.833878,22.119741,-29.220829,26.612886,-4.129196,-3.2624884,15.641078,-72.38062,-37.244637,10.493122,21.146618,30.040728,-9.730965,-24.838535
162,8.945785522460938,-12.8573579788208,72.79244995117188,5.594862745749831,-8.775253651475072,150.38409996393617,-35.782936,-10.945971,-23.01576,44.416737,-6.490874,-15.000033,26.307415,-34.360878,-46.936817,43.858925,-23.01572,15.000033,30.21335,14.886852,13.1657505,37.91424,21.761618,-29.291487,27.504646,-3.9022427,-3.1726816,14.902863,-78.027794,-39.11589,12.173319,26.965523,32.97692,-9.703244,-24.499855
163,8.594075202941895,-12.316372871398926,73.24697875976562,5.101613698931222,-8.885945205923871,152.38943999862983,-34.42039,-11.570708,-24.53357,42.55224,-5.786506,-15.000033,28.869295,-31.936872,-48.11779,39.584026,-21.928436,15.000033,31.39043,14.083361,12.850057,37.141346,21.582415,-29.351759,28.460358,-3.0765371,-3.1096206,13.8213,-83.372955,-40.955093,14.770628,32.613636,36.06212,-9.595336,-23.86292
164,8.119123458862305,-11.80348014831543,73.8304214477539,4.491593556092253,-8.729882312276485,154.16568911908388,-33.197605,-12.493219,-27.012365,41.1424,-5.9307714,-15.000033,31.205854,-29.064632,-48.782658,34.65462,-20.482721,15.000033,32.69274,13.118466,12.490778,36.144817,21.448505,-29.722532,29.443363,-2.459669,-2.8938222,12.564617,-88.65505,-42.70401,18.746597,39.329597,38.327156,-9.37028,-22.954733
165,7.517589569091797,-11.351895332336426,74.5669937133789,4.146063811645738,-8.35309957275499,155.90033638612945,-31.670708,-12.916251,-28.537575,38.417343,-5.1717477,-15.000033,33.142048,-26.682915,-49.19075,30.158241,-18.549446,15.000033,34.113403,12.16777,12.211263,34.93737,21.486952,-30.3101,31.005308,-1.5419307,-2.9894018,12.498971,-93.83574,-44.16621,22.146282,45.756157,42.26771,-9.214151,-22.388441
166,6.827831268310547,-10.965492248535156,75.37616729736328,3.5699524348852774,-7.911344286592226,157.44224163840337,-30.13677,-13.070047,-30.384655,35.819656,-4.9323897,-15.000033,35.044643,-24.142588,-49.34214,25.307608,-16.598957,15.000033,35.903366,11.185572,11.591091,33.634243,21.63126,-30.864195,32.755066,-1.1346183,-2.4706957,11.755688,-93.258675,-45.08317,25.49935,52.418236,46.039047,-8.244259,-21.30394
167,6.065219879150391,-10.654662132263184,76.05857849121094,3.3428877446962937,-7.570193215699862,158.5860047475721,-28.698168,-12.984461,-31.106606,33.385418,-4.0077505,-15.000033,36.65337,-22.009502,-48.7483,20.904058,-14.2350445,15.000033,37.513706,9.9970045,11.004198,32.550488,21.802044,-31.499413,34.682602,-0.85845333,-2.680814,11.923429,-91.31725,-45.49268,28.607256,58.364113,49.04761,-7.331896,-19.82471
168,5.254294395446777,-10.410441398620605,76.79647064208984,2.9445692461036073,-7.1404646321925345,159.5962671240994,-27.401405,-12.793914,-32.07866,31.20629,-3.11797,-15.000033,37.77672,-20.23359,-48.267727,17.740374,-12.153243,15.000033,39.082535,8.847349,10.443147,31.377003,21.995066,-32.43531,36.71931,-1.4424608,-2.9254405,12.002267,-89.20334,-45.531578,32.000095,64.32053,52.122726,-6.263062,-18.44174
169,4.406261444091797,-10.22091007232666,77.66569519042969,2.5200846767176857,-6.332880159214625,160.28818857619112,-26.146297,-12.455576,-33.467705,28.537828,-2.0709088,-15.000033,38.911278,-18.44408,-48.22956,14.333874,-10.0147,15.000033,40.436775,7.63165,10.097014,30.411453,22.19609,-33.6732,38.424145,-1.1888393,-2.7601995,11.232166,-88.74944,-45.330048,36.604477,70.302734,54.09181,-4.8904862,-16.067614
170,3.56597638130188,-10.06778621673584,78.49833679199219,1.8835675021424925,-5.74176570581164,160.98787658806756,-24.81805,-11.625285,-34.365417,25.83794,-0.65184844,-15.000033,39.94762,-16.70044,-47.883503,11.514016,-8.021542,15.000033,41.366005,6.4083586,9.916203,29.647108,22.340511,-34.20573,40.030754,-1.5117415,-2.624049,10.714728,-90.51596,-45.103416,41.926014,75.885826,55.742615,-3.7644534,-14.032949
171,2.740703582763672,-9.924449920654297,79.12891387939453,1.7908022008347577,-4.930475337615721,161.39539039647102,-24.008411,-11.48582,-35.18536,23.836208,0.47847137,-15.000033,40.719334,-15.497688,-47.612904,9.142966,-6.2939897,15.000033,41.977352,5.236776,9.823567,29.381931,22.35501,-34.340126,41.246468,-2.212511,-2.7528832,10.637682,-92.02364,-44.919754,46.8401,81.00827,56.38252,-2.6692789,-11.959134
172,1.9668728113174438,-9.782353401184082,79.75444030761719,1.662262543028211,-4.312767988955031,161.6092677800845,-22.704542,-11.207377,-36.71518,21.343325,1.3556337,-15.000033,41.05502,-14.501455,-46.722027,7.6580343,-4.0997634,15.000033,42.358604,4.215951,9.684398,28.455822,22.37787,-34.53275,42.538578,-2.6899645,-2.5273807,10.294239,-92.63836,-44.64689,50.44395,84.19165,55.543972,-1.4580371,-10.226142
173,1.281981348991394,-9.638772964477539,80.36785125732422,1.2925978971460412,-3.598675328210567,161.8101917216711,-21.675669,-10.446611,-37.961395,18.83127,1.8426247,-15.000033,40.875362,-14.028629,-46.416176,7.404949,-3.1747591,15.000033,42.737015,3.3422003,9.315924,27.812635,22.405281,-34.567825,43.539696,-2.8798776,-2.134278,9.986117,-93.11971,-44.353703,52.69477,86.21164,54.84772,-0.53518796,-9.208649
174,0.688574492931366,-9.495269775390625,80.74296569824219,1.221440819675334,-3.3219510642319903,161.6792819564018,-20.399292,-10.086817,-39.297382,16.888468,2.140685,-15.000033,40.759842,-13.766401,-45.595776,7.2279124,-2.090715,15.000033,42.87302,2.7169237,9.136142,27.19216,22.436045,-34.594276,44.631752,-3.208249,-2.0006316,9.247475,-93.0286,-44.06394,54.388657,87.217026,52.689285,0.30991045,-7.9099545
175,0.19626125693321228,-9.366912841796875,80.99395751953125,1.151770905708599,-3.11209348609158,161.9222779485968,-19.74229,-9.763772,-39.479065,15.736665,2.8389819,-15.000033,40.699146,-13.528921,-45.290558,7.104527,-1.5045449,15.000033,42.915207,2.2390552,9.057789,26.343906,22.51474,-35.194267,45.264725,-3.032038,-1.5104067,8.483037,-93.12804,-43.74266,55.30375,87.65559,51.438217,0.6459359,-7.331015
176,-0.20904380083084106,-9.258831024169922,81.21209716796875,0.8808429827087579,-3.042263326496895,161.82049673968845,-19.154924,-9.215619,-39.484516,15.1072235,3.177406,-15.000033,40.69641,-13.334184,-45.002842,7.066758,-1.0418217,15.000033,42.81617,1.9441407,9.038007,25.741583,22.569273,-35.868732,45.804653,-2.67151,-1.1604623,8.227604,-93.30862,-43.39163,55.43301,87.703415,51.841595,0.7303147,-7.0167427
177,-0.5258881449699402,-9.16778564453125,81.32445526123047,0.6260894449468192,-3.1527607854823967,162.23428873358617,-18.679749,-8.9133835,-39.391644,14.7380295,3.3542535,-15.000033,40.83874,-13.046744,-44.753963,7.032149,-0.80227697,15.000033,42.7188,1.7364962,8.95,25.45303,22.67124,-36.103016,45.86153,-2.4641552,-0.84595793,8.145172,-93.33341,-43.06823,55.358658,88.03832,52.76161,0.6550878,-7.0198226
178,-0.7805886268615723,-9.090965270996094,81.4996566772461,0.4589295057101522,-3.063906152462039,162.24121859255894,-18.367887,-8.4178295,-38.99996,14.170872,3.6241329,-15.000033,40.66005,-13.023094,-44.271843,6.9697785,-0.46015558,15.000033,42.602375,1.4774268,8.866125,25.092588,22.784113,-36.65387,46.28958,-2.0857017,-0.52082187,7.945704,-93.4758,-42.732784,55.22604,88.07887,53.489136,0.7123239,-6.9300838
179,-0.980817437171936,-9.027228355407715,81.67207336425781,0.25821962390788844,-2.8868180811583146,162.04585163261893,-18.08915,-7.950923,-39.146065,13.595551,3.6712644,-15.000033,40.3708,-12.980625,-43.675377,6.882213,-0.1653171,15.000033,42.588913,1.2889125,8.666152,24.949198,22.888676,-36.985836,46.399914,-1.6379454,-0.26424325,7.7725277,-93.59415,-42.415672,55.291496,88.17832,53.47457,0.636645,-6.880943
180,-1.1348001956939697,-8.977710723876953,81.75051879882812,0.09258828392918378,-2.909832287128016,162.06646265224822,-17.765524,-7.708464,-39.40892,13.274825,3.595349,-15.000033,40.39018,-12.898337,-43.438435,6.8483663,-0.29509726,15.000033,42.44094,1.1330624,8.496874,24.852558,23.022514,-37.410225,46.255157,-1.4962497,-0.19567476,7.487581,-93.482864,-42.100304,55.29538,88.41318,52.639957,0.7569101,-6.6546526
181,-1.254625678062439,-8.93620777130127,81.90888214111328,-0.07891993760817774,-2.88453317394125,161.8312452829178,-17.34121,-7.057939,-39.145336,12.411125,3.9599109,-15.000033,40.23812,-12.872713,-43.04631,6.7661643,0.16545932,15.000033,42.367825,0.954462,8.299052,24.812853,23.123672,-37.651962,46.43537,-1.1994642,0.074429065,7.4265575,-93.43056,-41.77396,55.055428,88.384056,52.89621,0.7728982,-6.8377137
182,-1.3462504148483276,-8.90134048461914,81.97592163085938,-0.20467673221868965,-2.903353960466446,161.60019370449433,-17.085196,-6.7043633,-39.02028,12.126426,3.839834,-15.000033,40.210075,-12.94469,-42.9326,6.760373,0.03410337,15.000033,42.24292,0.8829606,8.095474,24.71919,23.237196,-38.270367,46.62117,-0.90876603,0.25279063,7.2504683,-93.284195,-41.426014,54.846592,88.14434,52.8235,0.84784913,-6.806535
183,-1.4087961912155151,-8.8618803024292,82.00655364990234,-0.20234560449151345,-2.987512388372585,161.3671495782155,-16.966335,-6.370956,-38.18857,12.059068,4.1880417,-15.000033,40.19779,-13.058881,-42.53777,6.75344,0.25421637,15.000033,42.146385,0.9092374,7.979696,24.74324,23.304176,-38.492664,46.718056,-1.002603,0.2980471,6.9410067,-93.06805,-41.073227,54.914413,87.79427,51.99118,0.8864804,-6.2641907
184,-1.4523967504501343,-8.81396198272705,82.0530014038086,-0.23222097303548833,-2.910661803149231,161.12617374627197,-16.985138,-5.9715004,-37.46219,11.882748,4.2732844,-15.000033,39.990635,-13.1212635,-42.07934,6.7532883,0.19824772,15.000033,41.96563,0.9154581,7.745406,24.719923,23.350893,-38.87943,46.99841,-0.94424236,0.1496699,6.925565,-92.9922,-40.679695,54.461597,87.29425,51.992184,0.9371659,-6.4489655
185,-1.4753221273422241,-8.755084037780762,82.09374237060547,-0.3117902843755926,-2.8241572562052593,161.16320455914268,-16.904768,-5.774098,-37.63613,11.536378,4.1954303,-15.000033,39.906322,-13.002581,-42.168056,6.6838636,-0.15755469,15.000033,41.931133,0.9207421,7.534971,24.812109,23.441488,-38.732693,46.64145,-0.7671851,0.48738444,6.68134,-93.13156,-40.36802,54.514454,87.727974,52.065685,0.9464612,-6.55343
186,-1.4945038557052612,-8.679929733276367,82.0654067993164,-0.07025313546078173,-2.8898327419432275,161.16322180965312,-17.070148,-5.8845587,-36.715916,11.965068,4.4107814,-15.000033,40.024143,-13.231037,-42.15829,6.6987853,-0.6280232,15.000033,41.71006,0.8446663,7.457406,24.747557,23.558441,-39.15646,46.64505,-0.8813847,0.5894979,6.278107,-92.85717,-40.015144,54.420643,87.31588,51.6641,1.2425348,-6.5163116
187,-1.5237293243408203,-8.591531753540039,82.10340118408203,-0.04272524307926948,-2.8569013918295774,160.99008315048152,-16.938032,-5.77874,-36.774906,11.827771,4.465816,-15.000033,39.94844,-13.262781,-41.942017,6.656859,-0.404266,15.000033,41.763588,0.8050868,7.2929153,24.7558,23.67446,-39.123196,46.589363,-0.5810588,0.7422239,6.55116,-92.83912,-39.68069,54.261726,87.370705,52.519085,1.1719925,-6.665898
188,-1.5568400621414185,-8.483932495117188,82.13639831542969,0.032281392948838784,-2.7463292397665424,160.80759662522604,-17.034954,-5.7535186,-36.691254,12.003179,4.525001,-15.000033,39.894176,-13.422972,-42.204113,6.6643634,-0.17981552,15.000033,41.734634,0.7799699,7.157978,24.579563,23.797632,-39.44676,46.844933,-0.66363424,0.8022256,6.3733478,-92.84836,-39.32272,54.112507,87.04857,52.132797,1.4701022,-6.638509
189,-1.5832140445709229,-8.361651420593262,82.16548919677734,0.08033618397670518,-2.719997302412149,160.99317092441905,-17.134226,-5.557665,-35.9429,11.986249,4.7034063,-15.000033,39.953175,-13.303591,-42.397312,6.6480474,-0.2425999,15.000033,41.582996,0.7345165,6.9746485,24.751081,23.934088,-39.03095,46.47822,-0.7021437,0.7393231,6.0590196,-92.79044,-39.023808,54.04281,87.16922,52.124706,1.261062,-6.7744718
190,-1.6223212480545044,-8.230331420898438,82.19070434570312,0.18892909130751911,-2.663782149252101,161.01413112312437,-17.145132,-5.438062,-35.52202,11.89171,4.9184737,-15.000033,39.973774,-13.334707,-42.52136,6.6470814,-0.11796538,15.000033,41.44738,0.70500726,6.8989673,24.767553,24.104471,-39.039356,46.37726,-0.66180205,0.78461146,5.9376874,-92.817024,-38.706367,53.89892,86.9579,51.972622,1.3536748,-6.8805957
191,-1.6724109649658203,-8.09890079498291,82.24690246582031,0.2821614139619046,-2.649190216394207,160.85695732434021,-16.854494,-5.2526617,-35.471443,11.430567,5.2064548,-15.000033,39.959927,-13.412156,-42.41803,6.6368575,0.12009073,15.000033,41.388985,0.6741683,6.937585,24.756002,24.26666,-39.18189,46.460224,-0.33357108,0.84527,5.7744474,-92.83195,-38.365734,53.95959,86.69538,51.63666,1.4160041,-6.728926
192,-1.715557336807251,-7.971134662628174,82.28942108154297,0.25558255673540603,-2.5909919243219792,160.77353631244083,-16.559143,-4.977751,-35.7172,10.832083,5.277039,-15.000033,39.89423,-13.288679,-42.285038,6.562438,0.1746593,15.000033,41.488396,0.64624274,6.8978257,24.815659,24.42805,-38.853363,46.309868,-0.016091801,0.822901,6.1049,-93.000694,-38.06057,54.0949,87.0794,51.66867,1.4318503,-6.694163
193,-1.749429702758789,-7.8477582931518555,82.34542846679688,0.21263014265524827,-2.3839844495494784,160.80633780312846,-16.697601,-4.692344,-35.48641,10.622647,5.2409096,-15.000033,39.714672,-13.1370735,-42.421154,6.5034895,-0.024511874,15.000033,41.50512,0.5501861,6.7449903,24.852415,24.591232,-38.518093,46.196243,-0.057055462,0.8226026,5.8299704,-93.21091,-37.802887,54.27328,87.37486,51.41743,1.4120631,-6.7165356
194,-1.7798705101013184,-7.736641883850098,82.38648223876953,0.17561045235569653,-2.2594759986876536,160.89037712722114,-16.704634,-4.389938,-35.154266,10.268594,5.310147,-15.000033,39.626675,-12.955373,-42.510857,6.446823,0.056792967,15.000033,41.514362,0.48708114,6.634634,24.90945,24.73509,-38.08194,46.085995,-0.07348208,0.78736985,5.887331,-93.35936,-37.592804,54.394733,87.72399,51.314342,1.4254495,-6.7313647
195,-1.8096530437469482,-7.639174938201904,82.37948608398438,0.2600210585091182,-2.197620396306204,160.95292948020932,-16.656404,-4.2405815,-34.782833,9.95405,5.4315434,-15.000033,39.67916,-12.972995,-42.74441,6.442904,0.17840381,15.000033,41.474075,0.49030373,6.60499,24.937977,24.871258,-37.93051,45.994976,-0.24874693,0.81495833,5.8771796,-93.4638,-37.383904,54.35941,87.71656,51.268665,1.4601198,-6.802426
196,-1.8240090608596802,-7.553747177124023,82.39376831054688,0.27137885512228993,-2.2804021097198213,161.0688486567954,-16.480345,-4.0566807,-34.456707,9.682455,5.6513095,-15.000033,39.766987,-12.826364,-42.536327,6.435883,0.34917006,15.000033,41.435627,0.46547064,6.428637,24.91562,25.007296,-37.887707,45.943752,-0.387483,0.6845699,5.8597054,-93.25527,-37.19522,54.254044,87.89889,51.757133,1.3084147,-6.901584
197,-1.8282793760299683,-7.477507591247559,82.38108825683594,0.3585414047928175,-2.2587711312465046,161.10378732289374,-16.500793,-3.962664,-34.08036,9.585291,5.665756,-15.000033,39.780125,-12.840256,-42.4931,6.443445,0.07643435,15.000033,41.353134,0.43452886,6.409958,25.035973,25.130537,-37.720993,45.688538,-0.43740988,0.60577476,5.8175354,-93.23787,-37.010086,54.23757,87.78153,51.440643,1.4251224,-6.940238
198,-1.8275939226150513,-7.410486698150635,82.39350891113281,0.406191508005384,-2.26183031703915,161.09534718516954,-16.354656,-3.808059,-33.89781,9.229966,5.821777,-15.000033,39.763443,-12.820664,-42.36607,6.448146,-0.028865142,15.000033,41.272835,0.42758328,6.3164244,24.98891,25.211317,-37.92729,45.71165,-0.48996243,0.55895704,5.5217323,-93.05409,-36.876698,54.23045,87.46185,51.0687,1.4963427,-6.922109
199,-1.8255959749221802,-7.35319185256958,82.42791748046875,0.36770326908104917,-2.278255499972338,161.16400098232316,-16.208483,-3.6684518,-33.952007,8.936764,5.9310555,-15.000033,39.751614,-12.68224,-42.25739,6.4524274,-0.09410661,15.000033,41.217724,0.44817457,6.234269,24.984915,25.313856,-37.944275,45.646233,-0.4602752,0.49438742,5.427793,-93.055534,-36.692696,54.175755,87.63205,51.22149,1.479897,-6.9768825
200,-1.825521469116211,-7.302985191345215,82.41285705566406,0.41897034098773595,-2.427912596380531,161.24901440822623,-16.049463,-3.726299,-33.964954,8.967246,6.0183268,-15.000033,39.92699,-12.652818,-42.187267,6.485003,-0.19271979,15.000033,41.1139,0.45807418,6.164436,24.958267,25.39893,-38.035816,45.655495,-0.6469902,0.42711508,5.308449,-92.8291,-36.517075,54.12278,87.64498,51.16722,1.5204747,-6.984678
201,-1.8275516033172607,-7.255946159362793,82.40966796875,0.42469712573727214,-2.4897757820025075,161.17152003909297,-16.017714,-3.800688,-34.239067,9.218922,5.7930326,-15.000033,40.00214,-12.673575,-42.252567,6.488361,-0.3024873,15.000033,41.094658,0.39364603,6.1678724,24.952936,25.450985,-38.064083,45.704956,-0.5696844,0.40169257,5.2785306,-92.736885,-36.38383,54.153965,87.65802,51.349606,1.4853365,-6.842833
202,-1.842213749885559,-7.2134246826171875,82.3920669555664,0.46431077643772484,-2.63580601549165,161.27478025778316,-15.879783,-3.9081461,-34.331406,9.33498,5.8531513,-15.000033,40.189106,-12.639637,-42.255337,6.5269628,-0.37917843,15.000033,40.97317,0.41198152,6.176325,24.936806,25.50052,-38.090202,45.766766,-0.5759894,0.27811396,5.217421,-92.606255,-36.230164,54.227264,87.73702,51.18618,1.466506,-6.7652206
203,-1.8674226999282837,-7.172402858734131,82.41731262207031,0.42484544161174487,-2.644073061104625,161.31778152727313,-15.770633,-3.8498454,-34.51449,9.191477,5.92735,-15.000033,40.195557,-12.543233,-42.212875,6.5200615,-0.45871943,15.000033,40.93551,0.3816855,6.1420183,24.945671,25.528067,-37.978035,45.856365,-0.6500235,0.191556,5.203271,-92.61226,-36.101357,54.332226,87.91911,51.207767,1.4542663,-6.70102
204,-1.9064847230911255,-7.132925033569336,82.46636199951172,0.4238070833319848,-2.556345875039007,161.2870960296128,-15.610198,-3.687497,-34.532665,8.6957445,6.115539,-15.000033,40.05567,-12.476412,-41.944965,6.471317,-0.5562907,15.000033,40.999557,0.33280286,6.0491133,24.939651,25.534914,-37.881966,46.03881,-0.5683042,0.24977797,5.1311593,-92.62957,-36.01512,54.41328,88.004745,51.426426,1.4687974,-6.6122866
205,-1.963369369506836,-7.098138332366943,82.48787689208984,0.43533405818328214,-2.6082452822039097,161.33542353104025,-15.354275,-3.636621,-34.639725,8.359799,6.237674,-15.000033,40.16931,-12.467351,-42.03273,6.4744577,-0.6278646,15.000033,40.93389,0.31373975,6.090107,24.950373,25.5396,-37.81527,46.189384,-0.5618026,0.32119575,5.142168,-92.63763,-35.91524,54.517044,88.12965,51.609173,1.616897,-6.558713
206,-2.0362637042999268,-7.0670881271362305,82.53726196289062,0.37973189555654907,-2.68127083341542,161.3640924826182,-15.044189,-3.5328507,-34.840813,8.017664,6.4741,-15.000033,40.318314,-12.441102,-42.29464,6.499737,-0.46105227,15.000033,40.865448,0.34244356,6.07305,24.950785,25.544586,-37.850647,46.394524,-0.61671,0.33350617,5.0876412,-92.56251,-35.84521,54.58731,88.11653,51.28755,1.7049899,-6.5845613
207,-2.122220516204834,-7.039391994476318,82.57673645019531,0.41006136604152654,-2.661953772876123,161.38189709445373,-14.723659,-3.448946,-34.99143,7.409719,6.7597847,-15.000033,40.362835,-12.474479,-42.325535,6.500392,-0.29233837,15.000033,40.813946,0.35552278,6.073779,25.018381,25.543236,-37.81426,46.545326,-0.86159295,0.36696866,4.912971,-92.56641,-35.750862,54.723763,88.00342,51.042,1.928897,-6.4259667
208,-2.210045337677002,-7.014811038970947,82.6301498413086,0.3660861836162046,-2.6439454636783752,161.45815642585674,-14.652102,-3.3967888,-34.923786,7.34589,6.785823,-15.000033,40.412777,-12.414817,-42.452168,6.498996,-0.18682913,15.000033,40.771786,0.37879455,6.0172076,25.05646,25.538754,-37.749542,46.703224,-1.0344309,0.3973255,4.873061,-92.57725,-35.693653,54.78978,88.04221,50.92215,2.0396123,-6.4867406
209,-2.29721999168396,-6.991201400756836,82.70027160644531,0.24400690007216488,-2.5194505633539,161.48781782357673,-14.699634,-3.2839913,-35.011585,7.3292527,6.648495,-15.000033,40.316498,-12.297764,-42.572956,6.492002,-0.24045172,15.000033,40.775234,0.4267181,5.9459743,25.108944,25.536148,-37.66344,46.7891,-1.0631715,0.37466928,4.8540363,-92.75078,-35.646847,54.843815,88.13436,50.77374,2.047811,-6.4788694
210,-2.38217830657959,-6.968684673309326,82.72930145263672,0.23219586327113964,-2.5000579063112,161.5350613916755,-14.6441965,-3.2872906,-34.965546,7.321512,6.665048,-15.000033,40.34321,-12.263034,-42.543495,6.487063,-0.24032158,15.000033,40.753914,0.48917583,5.878764,25.157948,25.540264,-37.675995,46.84203,-1.0465437,0.37768623,4.85376,-92.71282,-35.618317,54.861034,88.03298,50.59973,2.04948,-6.5196724
211,-2.458211898803711,-6.942501068115234,82.77195739746094,0.2231073877908924,-2.39768514749747,161.5963981662347,-14.703587,-3.236143,-34.739002,7.286262,6.6661887,-15.000033,40.244034,-12.183973,-42.394157,6.4625545,-0.31620356,15.000033,40.772537,0.5245455,5.7807913,25.241144,25.548674,-37.567642,46.829567,-1.1539632,0.27859905,4.85202,-92.7212,-35.58694,54.988655,87.995605,50.1871,2.0926578,-6.466002
212,-2.528146982192993,-6.914884567260742,82.79969024658203,0.2243099481823707,-2.3816478277606303,161.64177528732418,-14.674808,-3.1961386,-34.515896,7.271649,6.7890444,-15.000033,40.26538,-12.155241,-42.374104,6.4608173,-0.30930603,15.000033,40.7316,0.53133994,5.7403235,25.354792,25.57217,-37.433678,46.76766,-1.3038274,0.1524527,4.98013,-92.69583,-35.524563,55.04095,87.95538,50.146294,2.1066852,-6.5214233
213,-2.5903894901275635,-6.882338047027588,82.83576202392578,0.18885421085919687,-2.303400389345597,161.68416649693276,-14.724687,-3.0697157,-34.21207,7.228697,6.7656417,-15.000033,40.196796,-12.066833,-42.30185,6.4396763,-0.40722433,15.000033,40.729954,0.521623,5.6803393,25.34333,25.58507,-37.427246,46.804077,-1.4570949,0.26302457,4.923603,-92.738045,-35.506836,55.070923,87.9493,50.38946,2.1716595,-6.561136
214,-2.652973175048828,-6.847569465637207,82.83869934082031,0.1933535520819305,-2.339308513668429,161.61289519425245,-14.596059,-3.0510895,-34.17158,7.2330093,6.6982594,-15.000033,40.229557,-12.056443,-42.106277,6.4200735,-0.4114412,15.000033,40.829483,0.5464781,5.659403,25.368929,25.61111,-37.33827,46.86561,-1.3970644,0.23000681,5.178894,-92.69829,-35.468838,55.132202,88.00036,50.84358,2.1161213,-6.55553
215,-2.71785306930542,-6.805775165557861,82.84256744384766,0.2538627865133123,-2.342642748984632,161.71281344960747,-14.558235,-3.0902429,-33.94792,7.228998,6.7814136,-15.000033,40.29509,-12.051797,-42.12548,6.4427433,-0.37483147,15.000033,40.80042,0.56978804,5.661018,25.357538,25.630577,-37.28556,46.889324,-1.5806638,0.07627415,5.1291604,-92.65228,-35.44709,55.193127,87.92047,50.544178,2.1237643,-6.5212955
216,-2.783283233642578,-6.760279655456543,82.89106750488281,0.20401607652258302,-2.299287779924451,161.68425675506202,-14.517781,-3.007892,-33.99197,7.2126775,6.772435,-15.000033,40.26085,-11.99078,-42.08814,6.4287176,-0.33882052,15.000033,40.832,0.54910254,5.617579,25.393625,25.676756,-37.217175,46.92835,-1.5460066,0.09051957,5.0354514,-92.67226,-35.392353,55.224537,87.97497,50.748596,2.1321676,-6.5193505
217,-2.8493170738220215,-6.707526683807373,82.9468002319336,0.15436511175535197,-2.2267394973646275,161.66861366624033,-14.5361185,-2.8441894,-33.746246,7.184584,6.74259,-15.000033,40.172234,-11.899758,-41.948257,6.4139695,-0.3304978,15.000033,40.804176,0.5354845,5.5573545,25.521126,25.734232,-37.048737,46.85967,-1.6384505,0.014710853,5.074421,-92.68871,-35.32151,55.27172,87.83519,50.937885,2.0905516,-6.568856
218,-2.9192936420440674,-6.651163101196289,82.9762191772461,0.11755730723849252,-2.1416345892455952,161.78087669658458,-14.588931,-2.7501152,-33.49297,7.171098,6.663123,-15.000033,40.12429,-11.749585,-41.897728,6.3825054,-0.29756582,15.000033,40.802284,0.5330864,5.5004067,25.532804,25.79513,-36.913692,46.77925,-1.6229765,0.039760586,5.153889,-92.808685,-35.276264,55.35733,88.00879,51.199135,2.156244,-6.6816072
219,-2.98819899559021,-6.5878167152404785,83.01581573486328,0.10611098113792122,-2.081171405589686,161.77905691189798,-14.595314,-2.632682,-33.215275,7.1575336,6.782214,-15.000033,40.097046,-11.705847,-41.92098,6.3692236,-0.20407386,15.000033,40.829678,0.48946425,5.460203,25.5487,25.828146,-36.7925,46.7604,-1.7225875,-0.04375664,5.368053,-92.808914,-35.254066,55.39908,87.95702,51.49983,2.1511426,-6.7349806
220,-3.0546247959136963,-6.5163469314575195,83.03018188476562,0.2150349465084241,-1.9480916812248164,161.77049671623186,-14.67438,-2.6676497,-33.02598,7.1397157,6.8527584,-15.000033,40.03585,-11.77391,-42.007736,6.336227,-0.31833377,15.000033,40.84412,0.38743955,5.4371877,25.71894,25.948818,-36.44771,46.53684,-1.7346694,-0.0058038617,5.329849,-92.83149,-35.170395,55.567036,87.76967,51.181416,2.2457337,-6.72392
221,-3.121685028076172,-6.443305492401123,83.02384948730469,0.3034437655873048,-1.898895169694542,161.71221660600514,-14.633531,-2.7462733,-33.08903,7.169878,6.8049517,-15.000033,40.042156,-11.841321,-41.99691,6.3169675,-0.39811704,15.000033,40.914524,0.3271805,5.469346,25.814194,26.045425,-36.19844,46.321182,-1.7012233,0.0767924,5.355979,-92.89872,-35.10389,55.669533,87.685776,51.47571,2.30128,-6.818689
222,-3.184877634048462,-6.364799976348877,83.02239227294922,0.41017345939699973,-1.8336296199428146,161.68693403294398,-14.6280155,-2.7716327,-32.913216,7.152448,6.7893744,-15.000033,40.04985,-11.934577,-42.11908,6.3341937,-0.45294866,15.000033,40.92425,0.23782271,5.494506,25.875288,26.13221,-36.021847,46.150932,-1.858266,0.010914472,5.307925,-92.872955,-35.04174,55.79518,87.4531,51.12903,2.4352305,-6.700487
223,-3.2425217628479004,-6.285709857940674,83.03260040283203,0.4687755652315879,-1.7723944160912495,161.59649609297466,-14.606108,-2.7557504,-32.884083,7.1606746,6.8226085,-15.000033,40.018288,-11.996421,-42.11763,6.33762,-0.5813023,15.000033,40.89028,0.12478283,5.535026,26.084444,26.269148,-35.77673,45.750076,-1.790081,0.08416925,5.3558927,-92.88569,-34.93004,55.9481,87.209145,51.3469,2.4201994,-6.580993
224,-3.2939882278442383,-6.204904079437256,83.0435791015625,0.5405233290364337,-1.591659664511163,161.5202252824607,-14.751741,-2.6527297,-32.426342,7.1462307,6.7209234,-15.000033,39.853096,-12.044535,-42.069218,6.3165975,-0.735809,15.000033,40.84014,0.059831668,5.4931855,26.253239,26.425697,-35.697155,45.28965,-1.8111584,0.12943211,5.6182623,-92.974625,-34.778984,56.066814,86.824844,51.408394,2.5136182,-6.5749884
225,-3.3412065505981445,-6.125391960144043,83.07962799072266,0.5533391260354467,-1.5726260203320708,161.35002567708688,-14.680491,-2.526359,-32.23773,7.1491218,6.777613,-15.000033,39.924828,-12.1943035,-42.5764,6.3554525,-0.7940609,15.000033,40.846493,0.038787495,5.528259,26.51794,26.513504,-35.29147,44.759983,-1.8953953,0.11446613,5.64132,-92.95468,-34.66091,56.180466,86.41174,51.34244,2.6000705,-6.493307
226,-3.367875576019287,-6.041808128356934,83.07516479492188,0.6012077756151941,-1.556422252743762,161.36271074978347,-14.6586485,-2.5190845,-32.276913,7.1539273,6.7395015,-15.000033,39.981075,-12.20734,-42.782093,6.36198,-0.84806734,15.000033,40.840942,-0.0063320664,5.4476027,26.744213,26.640362,-34.866108,43.807144,-1.9611871,0.22134884,5.5653977,-92.88053,-34.524307,56.340385,86.4129,50.943806,2.6557844,-6.470684
227,-3.379406452178955,-5.958296775817871,83.06561279296875,0.6694860345763821,-1.4685466305549006,161.2048847582222,-14.7006855,-2.4277875,-32.005917,7.151443,6.628549,-15.000033,39.89589,-12.287649,-42.776615,6.3407574,-0.97919047,15.000033,40.92348,5.2954183e-05,5.411648,27.01823,26.74946,-34.3796,42.707108,-2.1318417,0.14090322,5.825846,-92.92713,-34.37816,56.417786,86.17392,50.966164,2.7648497,-6.4785986
228,-3.368541717529297,-5.871275424957275,83.0630111694336,0.7238271241847816,-1.399531576952777,161.08828658828324,-14.735441,-2.3663945,-31.96538,7.156,6.6210265,-15.000033,39.750256,-12.273739,-42.417038,6.31566,-1.0243111,15.000033,40.972126,-0.046391122,5.3799047,27.150675,26.854607,-34.054012,41.397312,-2.1020255,0.15021914,6.2662835,-92.99002,-34.232803,56.47395,86.184784,51.469723,2.874656,-6.537018
229,-3.335181713104248,-5.782057762145996,83.06245422363281,0.7318249030589786,-1.3338309701329651,161.05985014631906,-14.823807,-2.236938,-31.825203,7.16223,6.5873814,-15.000033,39.666664,-12.230229,-42.439,6.3254533,-1.2860786,15.000033,40.980362,-0.015398083,5.344233,27.444721,26.97688,-33.456627,39.368385,-2.126325,0.17341463,6.4285026,-93.10826,-34.088413,56.47784,86.2125,51.512024,2.9275866,-6.5911384
230,-3.283334970474243,-5.691025257110596,83.05782318115234,0.6998913472698515,-1.4105345161487604,161.12325118691575,-14.792816,-2.0746934,-31.680222,7.169728,6.6682467,-15.000033,39.77534,-12.126115,-42.639206,6.3449216,-1.2632396,15.000033,40.86919,0.057234902,5.3185115,27.772192,27.136366,-32.71591,36.77417,-2.1269643,0.22841568,6.565368,-93.09934,-33.944622,56.337727,86.24565,51.19214,2.8823853,-6.6607027
231,-3.2195587158203125,-5.595122814178467,82.97791290283203,0.8582228799047044,-1.579871124740301,161.14140392881674,-14.6348915,-2.2241483,-31.84651,7.2315283,6.802132,-15.000033,39.93712,-12.176106,-42.462612,6.393941,-1.3052205,15.000033,40.75404,0.1341631,5.3822403,27.751953,27.339794,-32.40777,34.12796,-2.01773,0.16695486,6.9247637,-92.99643,-33.772198,56.310616,86.15565,51.357224,2.942846,-6.822847
232,-3.1465320587158203,-5.496578216552734,82.94871520996094,0.950371768636198,-1.6637019503601473,161.1969497480094,-14.622314,-2.1406853,-31.50106,7.2284956,7.0352173,-15.000033,40.05203,-12.198105,-42.641235,6.4368553,-1.3159916,15.000033,40.63238,0.27212197,5.272687,28.048946,27.539728,-31.597576,30.766459,-2.0072088,0.10810735,6.837315,-92.80085,-33.623882,56.230316,85.9127,50.516167,2.8622723,-7.0621085
233,-3.0799434185028076,-5.401022911071777,82.93567657470703,0.9875450246937141,-1.800239641613531,161.22218749874065,-14.491263,-2.1441307,-31.675232,7.2588367,7.184143,-15.000033,40.17768,-12.155375,-42.66235,6.4591193,-1.3198088,15.000033,40.527077,0.39476457,5.2151065,28.173203,27.757034,-30.854702,27.296604,-1.9300039,0.016040988,7.062426,-92.737724,-33.47865,56.089455,86.07801,50.98947,2.7964377,-7.2517576
234,-3.019216299057007,-5.301429271697998,82.8473129272461,1.2142310198739512,-2.055526535962463,161.2492866967778,-14.278074,-2.2120306,-31.27274,7.2932673,7.2242856,-15.000033,40.485897,-12.30534,-42.756557,6.5000734,-1.307193,15.000033,40.26362,0.4447003,5.2182884,28.229313,28.039917,-30.240887,23.93404,-1.4596757,-0.11942699,7.1987357,-92.40976,-33.30687,55.92958,85.92651,50.847622,2.779942,-7.4027753
235,-2.9795947074890137,-5.205996036529541,82.84684753417969,1.2311697575312615,-1.9699436694258428,161.1215072340971,-14.384213,-1.9893903,-30.874264,7.2908883,7.1597233,-15.000033,40.3351,-12.286896,-42.601627,6.444111,-1.281418,15.000033,40.21741,0.5406005,5.0303526,28.599094,28.301407,-29.100395,20.261927,-1.6040851,-0.48875886,7.5708656,-92.37872,-33.177944,56.00712,85.955315,50.23144,2.7832656,-7.500602
236,-2.9695775508880615,-5.111456394195557,82.84371185302734,1.199381004968901,-1.9842399532085966,161.11403954437185,-14.55818,-1.8677106,-30.549133,7.7205067,6.8636417,-15.000033,40.3254,-12.205097,-42.523853,6.431645,-1.2813948,15.000033,40.00604,0.66012585,4.8757033,28.832857,28.612276,-27.98089,16.253523,-1.2175049,-0.07197926,7.657545,-92.41094,-33.061977,55.71786,86.12838,50.74482,2.6938682,-7.9350767
237,-2.9923126697540283,-5.012265682220459,82.84196472167969,1.203449376361868,-1.9938209547913008,160.94373561502854,-14.716882,-1.7730178,-30.163124,8.279034,6.572487,-15.000033,40.29408,-12.247864,-42.389256,6.411868,-1.3731939,15.000033,39.827847,0.73427,4.709836,29.250372,28.90243,-26.876314,12.11602,-1.0782495,-0.31269065,8.129583,-92.334496,-32.9619,55.564976,86.14179,51.16714,2.61798,-8.151886
238,-3.046189546585083,-4.895644664764404,82.83021545410156,1.2834218838593778,-2.006827761661068,160.71692255701615,-15.036562,-1.7464654,-29.450695,9.260191,6.079304,-15.000033,40.305393,-12.422321,-42.31969,6.4111714,-1.4400538,15.000033,39.530216,0.7885059,4.633151,29.509363,29.194057,-25.350903,7.3296795,-0.85982096,0.051863696,8.028273,-92.27912,-32.87163,55.4694,85.97324,51.12452,2.5692558,-8.280247
239,-3.126807451248169,-4.751152038574219,82.80082702636719,1.4234162863543165,-1.862674118666444,160.50836650184522,-15.587843,-1.7403747,-28.448042,10.387262,5.56572,-15.000033,40.22304,-12.634634,-42.451294,6.3570695,-1.6003035,15.000033,39.29797,0.8160769,4.4937267,29.839128,29.436779,-23.751629,2.3078983,-0.970494,-0.2241073,8.533662,-92.30722,-32.829453,55.509453,85.96189,50.51816,2.5241365,-8.231891
240,-3.2290523052215576,-4.562065601348877,82.85092163085938,1.4448210682733071,-1.4533841453951215,160.17894777114924,-16.496922,-1.3513227,-26.891504,11.6719265,5.1433454,-15.000033,39.79326,-12.80051,-42.503536,6.289618,-1.6255621,15.000033,38.98871,0.8054772,4.3818054,29.912222,29.61839,-21.882668,-3.8065047,-1.0174967,0.21320538,8.406032,-92.684105,-32.808872,55.279243,85.831024,50.174423,2.6557977,-8.55857
241,-3.346879482269287,-4.318336009979248,82.86197662353516,1.6795709682189237,-1.1775667937946666,159.56579352028228,-16.928291,-1.119867,-25.695778,12.557683,4.816192,-15.000033,39.45891,-13.265531,-42.217163,6.219215,-1.7266524,15.000033,38.656406,0.73397046,4.332852,29.53595,29.691446,-20.339548,-10.160712,-1.0576658,0.2627061,8.869524,-92.696846,-32.77361,55.36256,85.213104,49.497936,2.6358716,-8.599867
242,-3.459839105606079,-4.0061516761779785,82.94699096679688,1.6335655467135848,-0.8125799972473049,159.22817188753663,-17.439165,-0.4186783,-24.404102,13.175562,4.687004,-15.000033,39.05233,-13.372788,-42.280956,6.1695123,-1.7609373,15.000033,38.102684,0.7125933,4.329177,28.530493,29.71894,-18.331648,-17.436342,-1.178696,0.47436824,8.9896755,-93.05281,-32.74754,55.328762,84.720215,48.6878,2.5928826,-8.818595
243,-3.5615286827087402,-3.6134488582611084,83.04515075683594,1.7040163424379164,-0.1843626623930022,158.5881416848667,-17.995333,0.5654993,-22.495554,13.4068365,4.5990725,-15.000033,38.281086,-13.594748,-41.738987,5.881543,-1.3966554,15.000033,37.54476,0.64906716,4.4465985,26.077045,29.640352,-16.123753,-25.64521,-1.3353394,1.0561624,9.446878,-93.740456,-32.710205,55.013744,83.65331,48.89499,2.5095556,-9.445916
244,-3.6386842727661133,-3.1560308933258057,83.0666275024414,1.9135783421063097,0.057240402161266246,157.99303810451715,-18.49378,1.4178727,-20.167816,14.474762,4.5811276,-15.000033,38.13444,-14.003059,-41.870388,5.394811,-1.0061641,15.000033,36.575874,0.447592,4.853924,21.190186,29.523565,-12.566063,-34.148895,-0.88101876,0.9683143,9.279697,-94.12328,-32.678364,54.888878,82.505585,47.766014,1.927684,-9.812174
245,-3.697749137878418,-2.6324005126953125,83.14838409423828,2.204061739659013,0.38003755301446246,157.26177964076007,-18.410475,2.5137665,-17.909273,14.2674055,4.6599274,-15.000033,37.393353,-14.708117,-41.186832,5.793187,-1.2258403,15.000033,35.10334,0.18460907,5.2874365,16.758541,29.279118,-10.226403,-39.01484,-0.48165375,1.3489418,11.8305235,-94.539345,-32.603195,54.769413,81.324234,49.43773,1.7948468,-9.270638
246,-3.7417893409729004,-2.068204164505005,83.11384582519531,2.6271803592347927,0.44037142845753563,156.99148689490542,-18.366306,3.4613938,-15.0327,14.544057,5.7324038,-15.000033,37.524857,-14.973805,-41.300026,5.0854325,0.4519275,15.000033,33.95463,0.18409833,5.5487537,5.88535,28.923882,-6.6151924,-44.067806,-2.3972385,2.3137186,13.805439,-94.71514,-32.44916,53.60181,79.65599,49.82202,1.9909701,-10.8472805
247,-3.7778944969177246,-1.4904638528823853,83.25540161132812,2.3247799009781787,0.8301248643934608,156.76867391928934,-18.36323,5.3599963,-12.117407,14.094736,5.7454505,-15.000033,36.637283,-14.690194,-40.230198,5.390339,1.4843158,15.000033,32.187263,0.76097107,5.610443,-6.931511,28.786316,-5.850943,-44.64301,-3.2436528,3.7685387,16.407652,-95.41781,-32.108925,51.992916,77.61369,50.48939,2.0246322,-11.017372
248,-3.794086456298828,-0.8826242685317993,83.41998291015625,2.2833325336670565,1.9534697063915336,155.8441122858029,-18.943422,7.0007625,-9.649579,13.734445,5.9771204,-14.774391,35.08995,-14.879657,-39.180115,5.171282,1.9722736,15.000033,31.485561,0.6413102,5.3436193,-18.918766,28.515564,-4.261009,-42.72748,-3.8477411,5.1863546,19.346468,-96.33421,-31.841187,50.82826,76.55532,49.95267,1.7767906,-11.415099
249,-3.800048589706421,-0.2823861241340637,83.45893096923828,2.2891002549271073,2.1124103205705578,154.91824610194556,-18.899853,8.017386,-8.630246,14.371715,6.299602,-14.734005,34.669075,-15.328276,-38.802227,5.04354,2.8986216,15.000033,30.768389,0.7078027,5.142466,-29.813679,28.286692,-2.0006974,-40.148266,-4.256643,6.813629,19.836979,-96.508095,-31.696857,49.53973,75.92077,49.51241,1.5495124,-11.642337
250,-3.803823232650757,0.3068091571331024,83.54219055175781,2.1130114451965194,2.55259753297034,153.8729317719498,-19.046452,9.250345,-7.6827807,14.845361,6.46588,-14.729176,33.84151,-15.677424,-38.28266,4.9354396,4.008952,15.000033,30.408674,0.9308045,5.041761,-39.16315,28.363958,-0.2804778,-37.025894,-4.527961,7.3453355,21.995987,-97.182434,-31.595558,47.930164,74.94421,48.70302,1.8197973,-12.119673
251,-3.8049914836883545,0.8827029466629028,83.42961120605469,2.455215193401971,3.1502073265450803,153.05389224839422,-19.720097,10.260642,-5.3911824,16.095205,6.84185,-14.756045,33.085884,-16.475323,-38.06778,4.753168,4.813849,15.000033,29.89492,1.1559705,5.0144057,-46.026028,28.733013,1.5625197,-35.598473,-4.365003,7.1986237,22.930351,-97.64959,-31.593697,46.44751,73.34929,47.094315,1.7511151,-13.003363
252,-3.8200597763061523,1.4132343530654907,83.39820098876953,2.448727458037524,3.674053979218701,151.91466426666008,-20.508863,11.469677,-3.8541036,17.924429,6.7671714,-14.600969,32.21275,-17.202747,-37.91055,4.7482953,5.3202295,15.000033,29.345226,1.3789647,5.4617105,-53.503754,29.37484,3.3810577,-32.917187,-4.16727,6.4145784,25.785957,-99.28719,-31.683186,44.938625,71.52387,46.270264,1.3077524,-14.07014
253,-3.848008394241333,1.8966761827468872,83.47863006591797,2.15225454913045,4.266436531566746,151.2543218655048,-20.975918,12.525917,-3.3972027,18.47191,6.809752,-14.519358,31.535032,-17.07281,-37.64802,3.8450112,6.2988853,15.000033,29.285007,1.819415,5.76181,-60.805695,30.467812,4.903501,-29.747982,-4.9392896,6.6226573,26.805687,-102.32648,-31.886217,43.29863,69.94115,46.15445,1.3433642,-15.61694
254,-3.904543161392212,2.3153748512268066,83.45024871826172,1.8590392605970332,4.901078951075975,150.46988396277342,-21.569294,13.623646,-2.7504365,19.2929,6.174675,-14.393826,30.357536,-17.518194,-37.463917,4.618382,6.2751474,15.000033,28.867493,2.1360846,6.2445126,-66.080215,32.45306,5.6179423,-26.93945,-5.3566623,6.7507915,26.97441,-105.70923,-32.37198,41.862522,68.11309,45.625362,0.98301435,-16.352205
255,-3.989419460296631,2.6728532314300537,83.32146453857422,1.8599804889385758,5.16821260454771,149.57310632795165,-22.353926,14.24108,-2.3789625,21.454073,5.299678,-14.121653,29.609535,-18.296986,-37.42142,5.39644,5.3031473,15.000033,28.220055,2.0402875,7.1976204,-74.00404,34.86298,5.1944785,-22.293633,-6.7784324,7.229512,27.449171,-109.11587,-33.016125,40.500748,65.57054,45.555386,0.394099,-17.606052
256,-4.123257637023926,2.9777731895446777,83.23068237304688,1.905194447863675,5.563870914661277,148.97765842797324,-22.803785,14.364032,-2.7795274,22.41632,4.947123,-14.050596,29.217482,-18.604795,-37.745,5.1170826,5.4529033,15.000033,27.831896,2.1066618,8.166612,-81.14956,37.73202,4.6137657,-17.12409,-8.028867,7.4287643,27.6025,-112.82498,-33.87093,39.345467,62.692062,44.332787,0.06888307,-18.753687
257,-4.3233513832092285,3.216369867324829,83.24923706054688,1.5480405036692968,6.1092601323154785,148.3975251604319,-23.362705,14.952875,-2.9647555,23.225298,4.6468644,-13.995685,28.404577,-18.619482,-38.013958,5.4351153,4.933231,15.000033,27.584894,2.2391624,9.426548,-88.95886,40.520638,1.8751628,-10.295209,-7.4605536,8.040563,27.573574,-116.76559,-34.676746,38.46478,60.0703,45.19006,-0.4898779,-19.960287
258,-4.589845657348633,3.381484031677246,83.32774353027344,1.5958438237974297,7.267364087553282,147.5373665523045,-23.752344,15.166158,-2.494512,22.759775,5.470499,-13.986233,27.179651,-19.14764,-38.427044,5.3256083,5.3692665,15.000033,27.238775,1.6512343,10.603949,-97.978645,43.710743,-2.5678058,-2.0099695,-8.702647,7.7191005,27.465166,-120.324745,-35.63612,36.960022,56.729183,44.755527,-1.0046146,-21.665684
259,-4.9601149559021,3.447237253189087,83.35816192626953,1.319302196204622,7.255639113714424,147.2584446796968,-23.912642,14.881161,-3.85106,23.807013,6.125594,-14.870752,28.922981,-17.9007,-40.02909,1.4016584,7.9253116,15.000033,26.176775,0.85492885,12.6209,-110.81703,47.337124,-10.675616,9.665379,-12.067909,6.906057,26.811949,-121.72078,-36.719006,34.659245,54.293278,45.08874,-2.0538604,-23.71885
260,-5.441974639892578,3.3857035636901855,83.4605484008789,1.0773092496004453,9.294372361145513,145.96667224653865,-25.20631,15.505866,-2.6056879,23.650476,5.555005,-13.818014,25.638802,-19.17947,-39.209827,3.8887308,6.5116487,15.000033,24.094872,-0.8118373,14.370186,-120.41094,49.757256,-18.882078,17.957882,-15.36589,7.500688,25.91405,-121.445404,-37.349888,33.059414,50.89026,45.648754,-0.81911176,-22.519812
261,-6.02546501159668,3.1873066425323486,83.34062194824219,1.1832716011243112,10.128758970747684,144.61213981253562,-25.811586,15.054281,-2.6512995,24.89473,5.337146,-14.453382,24.727953,-20.078619,-38.88343,3.8869092,6.0894833,15.000033,22.511545,-1.7506996,16.520798,-129.82034,51.383648,-27.135939,26.158155,-19.300657,6.294654,24.408016,-122.6512,-37.686813,32.238316,49.00223,43.872787,-1.122648,-22.956871
262,-6.717630386352539,2.819766044616699,83.5003433227539,0.28345274584915003,11.175644510517072,143.47105095996676,-26.663877,15.6696005,-2.3870099,25.63004,4.406036,-14.305223,23.20789,-20.111635,-38.43364,4.680768,5.5654325,15.000033,20.560139,-2.9455712,18.365725,-136.22728,52.235584,-36.325726,34.254353,-23.601696,6.6889057,22.93275,-123.83381,-37.589565,32.931168,48.57961,44.890205,-0.36703485,-22.200346
263,-7.49976110458374,2.3261616230010986,83.86128234863281,-1.0644856523330213,11.695511967836296,142.8690437987465,-26.923143,16.03198,-3.4331944,25.604937,4.2453375,-14.24421,22.441782,-19.445108,-38.479294,5.0750957,5.8772616,15.000033,19.621593,-3.5152767,19.794615,-139.25536,52.191017,-43.789715,41.228714,-26.722855,8.140926,20.017286,-125.65829,-37.120598,35.841602,52.475754,47.82524,0.012771065,-20.770996
264,-8.329442977905273,1.759792447090149,84.12290954589844,-2.6559933563184015,12.230572361510509,141.9875836072691,-27.483793,16.791002,-4.0620317,26.255764,3.419612,-14.561754,21.469072,-18.826159,-38.245358,5.594599,6.7806163,15.000033,18.855528,-4.189202,21.042025,-142.04787,51.384987,-51.90731,49.026608,-31.640467,9.409119,16.403107,-127.59928,-36.090298,41.537067,58.010693,48.74767,2.001178,-18.225405
265,-9.189577102661133,1.1790350675582886,84.51832580566406,-3.9119080654123928,12.883124016096634,141.63962670454262,-26.868603,17.048346,-4.350216,24.03508,4.3003316,-15.000033,20.888672,-18.236536,-38.518044,5.6355386,9.369941,15.000033,18.22645,-4.3223624,22.06037,-144.22433,50.271095,-60.493717,56.20129,-33.456646,10.374315,11.4739,-129.32083,-34.922997,48.410915,64.36587,46.923275,3.3230443,-14.914465
266,-9.956869125366211,0.6586857438087463,84.60928344726562,-5.733629342534491,13.782100640155816,140.22212699142048,-27.742731,18.709202,-3.6703835,24.717447,2.4508753,-15.000033,20.498121,-16.549759,-36.8711,3.0750885,10.889171,15.000033,17.169928,-5.3774614,22.425123,-143.89859,48.946274,-67.72564,60.819,-30.397083,11.424423,7.541753,-129.57483,-33.63565,54.6415,69.74369,46.253475,4.831315,-10.235849
267,-10.663445472717285,0.22029869258403778,84.76321411132812,-7.001445729154792,14.197186943139549,139.33656264375784,-28.330328,19.497215,-3.6614914,25.599195,1.7663201,-15.000033,20.0724,-16.216688,-36.304863,3.3053448,13.133798,15.000033,16.55178,-6.1066017,23.038136,-145.49054,47.450302,-72.61213,64.70542,-32.791748,11.274613,5.4758487,-130.11237,-32.196835,58.004982,73.26485,46.77336,5.4522834,-8.739701
268,-11.267617225646973,-0.10198609530925751,84.89668273925781,-7.594311081840973,14.794611189406048,138.3704277130322,-28.515812,19.722082,-3.2403395,25.584923,1.7735081,-15.000033,19.08911,-16.80133,-36.01072,4.525488,14.1358795,15.000033,16.036905,-6.8346367,23.410381,-146.35684,45.59526,-74.04077,66.91722,-33.87795,10.7287445,5.834972,-130.91246,-30.460285,58.655216,75.44512,48.191624,4.696085,-8.605355
269,-11.767784118652344,-0.3149939179420471,84.92115783691406,-8.02329451411372,14.972918382050947,137.84896966689917,-28.674232,19.664927,-3.545512,26.187391,1.4428369,-15.000033,18.967976,-17.08073,-36.503757,5.0326095,15.170992,15.000033,15.841048,-7.1685843,23.65066,-146.85585,44.23927,-74.09874,68.090576,-34.873623,10.039882,6.871804,-131.60077,-29.239182,58.796616,76.85208,49.43997,3.7235713,-8.8678875
270,-12.15323543548584,-0.41636359691619873,84.99095153808594,-8.439988366969907,15.313732140406364,136.51082385038896,-28.498749,20.239374,-2.6202683,26.252813,1.4005636,-15.000033,18.6457,-17.234938,-36.77194,4.4199715,17.163187,15.000033,15.643012,-7.6771674,23.742819,-147.17233,42.96989,-74.10035,69.439354,-35.52256,9.627322,7.4599423,-132.41188,-28.087616,58.210968,77.50669,49.539513,3.669247,-9.26852
271,-12.466700553894043,-0.4493209421634674,85.14459228515625,-9.155159645320076,15.732222621632857,135.93305245624683,-28.488586,21.051525,-2.06473,25.741495,1.3582381,-15.000033,18.16646,-17.037313,-37.555386,4.798857,17.851162,15.000033,15.463028,-8.132706,23.970968,-147.36989,41.420185,-74.36582,70.39469,-34.406414,9.447494,7.986889,-133.72176,-26.768574,58.145317,79.324,50.438595,2.9892309,-9.829253
272,-12.705617904663086,-0.4055386483669281,85.15389251708984,-9.659713554015369,15.754641055723157,135.29492265440481,-28.612623,21.663277,-1.9716364,26.498558,0.6551615,-15.000033,18.326189,-16.821404,-37.92049,4.41055,18.198551,15.000033,15.353745,-8.520083,24.153511,-147.60638,40.53338,-74.280655,70.71435,-35.110283,8.9939375,8.478406,-134.32147,-26.025875,57.72606,79.76499,50.74566,2.4460542,-11.045934
273,-12.898394584655762,-0.30463770031929016,85.04320526123047,-9.795677213413851,15.5101033626041,134.96021982471487,-28.449303,21.921204,-1.8059243,27.326807,-0.074174084,-15.000033,18.86598,-16.80085,-38.654736,4.0250807,19.118536,15.000033,15.187156,-8.972715,24.35422,-147.7092,38.96836,-74.06054,71.88297,-35.93122,8.293247,9.513366,-135.26198,-24.74976,56.984753,81.09811,50.634666,2.3260295,-11.389773
274,-13.054302215576172,-0.13998839259147644,85.09820556640625,-10.42159637248444,15.509913170016043,134.17217789254948,-28.713892,23.10607,-1.2248862,28.404482,-0.6549237,-15.000033,18.698315,-16.54726,-39.279335,4.012869,19.815025,15.000033,15.049841,-9.213115,24.394314,-148.10132,37.8301,-74.33648,72.99872,-35.848145,8.16214,9.689725,-136.02916,-23.837456,56.496178,81.29293,49.91484,2.0512404,-12.336529
275,-13.18098258972168,0.07078546285629272,84.91371154785156,-10.408617064414225,15.97709538121729,133.84657442946238,-29.074297,23.638746,-0.21637651,28.862913,-1.3382508,-14.954643,18.408236,-16.841393,-40.368385,4.079229,19.635693,15.000033,15.046698,-9.8467455,24.458326,-148.33752,37.052753,-73.80324,73.437935,-37.14257,7.7097507,10.373521,-137.14594,-23.283653,55.880516,82.08229,50.740334,1.788386,-13.007738
276,-13.28919506072998,0.31737083196640015,84.8115234375,-10.588783485586987,16.259747445362294,133.1664395018413,-29.374496,24.676533,1.1865641,29.750694,-1.8672688,-14.627348,17.971289,-16.92403,-40.58198,4.064561,20.29087,15.000033,14.999361,-10.32794,24.474108,-148.29788,36.539032,-73.37742,73.666214,-38.494656,7.149973,11.437002,-137.68753,-22.910757,55.168095,81.51076,51.136284,1.356583,-14.42405
277,-13.400371551513672,0.5757009983062744,84.75812530517578,-10.841162667960504,16.61562553898994,132.5214815375488,-29.420519,25.603325,2.3207757,29.921524,-2.3187687,-14.438445,17.37594,-17.118856,-41.0047,4.4994874,20.091833,15.000033,14.989934,-10.953515,24.47309,-148.2291,36.047447,-72.585266,73.54127,-37.566788,6.7717624,12.49501,-138.29651,-22.561966,54.821316,81.55171,51.493507,1.0388305,-14.749977
278,-13.508447647094727,0.8337550163269043,84.69702911376953,-10.895850056455632,16.688599136464152,131.87067793709755,-29.495266,25.690283,1.9736915,30.654339,-2.862446,-14.151163,17.29997,-17.319258,-41.308357,4.2996254,20.29562,15.000033,15.181976,-11.393894,24.563257,-148.20425,35.665943,-72.45568,73.68463,-37.081936,6.6555133,12.17574,-138.55962,-22.273722,54.579098,81.088326,50.81619,1.1392267,-14.633531
279,-13.625036239624023,1.0719692707061768,84.58429718017578,-10.75246468590625,17.084281617693414,131.6713838851516,-29.303911,25.410654,1.7956632,30.050741,-2.71283,-14.748082,17.3088,-17.579102,-42.44314,4.0497465,20.823236,15.000033,15.06999,-11.90174,24.685192,-148.98735,35.33334,-71.94537,74.114555,-39.525146,6.469388,11.7585535,-139.41687,-22.021547,54.023243,80.87737,50.26915,1.4063822,-14.966093
280,-13.699288368225098,1.2632237672805786,84.42321014404297,-11.106359243702027,17.335220111018693,130.87980497935237,-29.931435,26.4432,2.5890079,31.477304,-4.0845246,-14.302953,16.726992,-17.426273,-41.668137,3.988521,19.950739,15.000033,15.274698,-12.377407,24.424368,-148.34966,34.89865,-71.61263,73.79745,-37.028908,6.1148424,12.992846,-139.85754,-21.718075,54.05205,81.52738,49.8294,1.05212,-14.45605
281,-13.775947570800781,1.4078022241592407,84.369140625,-11.309349540437593,17.590468358669668,130.28865685425674,-30.21529,26.962753,2.9922981,32.043957,-4.53958,-14.047708,16.246496,-17.493294,-41.48297,4.080922,19.731865,15.000033,15.195976,-12.750527,24.415188,-148.37314,34.688713,-71.60744,74.04105,-37.381443,6.106799,13.006125,-140.24672,-21.562344,53.785034,81.02239,49.412994,1.2450349,-14.687645
282,-13.846426963806152,1.4988799095153809,84.26172637939453,-11.317363213183638,17.78002744372383,130.22184416170694,-30.284798,26.830118,2.628448,31.998857,-4.6856713,-14.023058,16.344234,-17.627146,-42.37555,4.0092506,20.32257,15.000033,15.002709,-13.0469885,24.497213,-148.75467,34.44438,-71.155396,73.91619,-37.481136,6.1482034,12.536393,-140.67975,-21.40284,53.259876,80.840485,49.48446,1.0676582,-14.967174
283,-13.861133575439453,1.5315383672714233,84.19834899902344,-11.705490414028898,17.68440016544421,129.16951182114383,-30.783453,27.50507,2.6876497,33.64591,-5.642165,-13.958526,15.817302,-17.655832,-41.67698,4.046913,19.64266,15.000033,15.381575,-13.344469,24.43723,-148.37877,34.28355,-71.93145,74.392975,-36.494987,5.860379,12.60721,-140.64093,-21.279503,53.752136,80.76607,48.930027,1.0618448,-14.895359
284,-13.890172958374023,1.528448462486267,84.04267120361328,-11.604619030978448,17.969874661643768,129.15479556829482,-31.08523,27.501211,2.964987,33.815067,-5.688031,-14.306026,15.727227,-17.96987,-42.265316,4.1596866,19.917952,15.000033,15.085754,-13.661818,24.666666,-148.96259,34.136436,-71.645515,74.50198,-36.69882,5.9381785,12.497682,-141.60838,-21.195168,53.781517,81.11375,47.830986,1.3700395,-14.837532
285,-13.861563682556152,1.486758828163147,83.93672943115234,-11.67248067921633,18.278265877340086,128.20354109795005,-31.310583,27.663132,3.2771392,34.103165,-5.984895,-14.431144,14.957997,-18.265526,-41.88673,3.985291,19.167933,15.000033,15.508912,-14.036799,24.699053,-149.20418,34.008102,-71.87499,74.93465,-37.500782,5.3847737,12.250296,-142.27252,-21.107576,53.813694,80.97165,47.634556,1.659608,-15.339467
286,-13.837493896484375,1.4089200496673584,83.85945129394531,-12.009203914049898,17.584352357791012,128.23002297428388,-31.929022,28.58953,3.3958247,36.49988,-6.919453,-13.9744425,15.623821,-17.989529,-41.900333,4.104183,19.133337,15.000033,15.380233,-14.029503,24.843334,-148.02966,33.80702,-71.929596,74.41277,-36.691498,5.766876,12.884375,-141.6182,-20.98135,53.87602,82.096664,47.614883,1.3588886,-14.812313
287,-13.797776222229004,1.3271729946136475,83.67028045654297,-11.987640030834001,17.629591475223094,128.08372493754044,-32.37208,28.832659,3.702244,37.31579,-7.388834,-14.177463,15.518399,-18.101768,-41.72401,4.0476465,18.54747,15.000033,15.330553,-14.296305,24.892572,-148.00093,33.534763,-72.00432,74.38447,-35.799747,5.995249,12.7097225,-142.03787,-20.84851,54.16901,82.84921,47.797863,1.4056153,-15.2179575
288,-13.758233070373535,1.2388161420822144,83.58979034423828,-11.988955328254447,17.910549922140802,127.61907525154929,-32.68756,28.61033,3.44596,37.3945,-7.730873,-14.259444,14.982923,-18.250689,-41.33208,3.874408,17.990305,15.000033,15.329412,-14.701878,24.898354,-148.29387,33.262154,-72.26998,74.75857,-35.977432,5.903179,12.225076,-142.60751,-20.725077,54.437595,83.11303,47.654655,1.6418884,-14.862659
289,-13.721664428710938,1.1309804916381836,83.47869873046875,-11.942401148323194,18.23756612669165,127.3282418588942,-32.854298,28.362886,3.3784103,37.06319,-7.6287823,-14.762035,14.622665,-18.590952,-42.062183,3.910231,17.784695,15.000033,15.327891,-15.016471,25.032818,-148.87823,32.967735,-71.994736,75.07667,-36.455563,5.491687,11.557375,-143.43034,-20.655361,54.639523,83.33875,47.119774,1.9072858,-14.839004
290,-13.641059875488281,0.9861725568771362,83.43228149414062,-12.29870841222508,18.21640383696893,126.86995583180527,-33.454372,29.275753,3.977667,38.156887,-8.149313,-14.162319,14.20581,-18.401428,-41.707664,3.9860737,17.559721,15.000033,15.314557,-15.208934,24.90611,-148.46017,32.748512,-71.76933,74.85369,-36.68561,5.4436884,12.687071,-143.32759,-20.59564,54.472267,83.61806,47.60578,1.7279547,-14.605682
291,-13.565607070922852,0.8019115924835205,83.50330352783203,-12.519494605396963,18.196225576947004,126.83068604204638,-33.307518,29.534973,4.257284,37.52239,-7.7708306,-14.435389,14.29598,-18.423292,-42.98704,4.0893474,17.886442,15.000033,14.914925,-15.482652,25.18193,-148.76874,32.563313,-71.138756,75.03859,-37.133095,5.5112686,12.143503,-143.65225,-20.558977,54.48832,84.06397,46.852276,1.9755036,-13.943372
292,-13.388842582702637,0.5633199214935303,83.50369262695312,-12.83295739643785,18.278750266001076,126.16885292850272,-33.823547,30.184458,4.726072,38.03944,-8.234576,-14.19914,13.588418,-18.308815,-42.58466,4.079466,17.023571,15.000033,15.36916,-15.469981,25.22811,-148.45557,32.355415,-71.34942,75.15986,-35.742367,5.38281,12.567686,-143.90819,-20.52849,54.449,84.39078,47.531322,1.8097018,-14.2190695
293,-13.182674407958984,0.2680257558822632,83.43948364257812,-12.78726552183449,17.840381815538176,126.00346643986538,-34.146553,30.132494,4.3678966,39.035717,-8.4576,-14.006084,13.821025,-18.578875,-42.952187,4.1313386,17.352564,15.000033,15.368255,-15.613615,25.615088,-148.10162,32.13919,-71.45038,75.56099,-36.05515,5.5314856,12.375914,-143.65071,-20.45368,54.202484,84.55504,47.812386,1.7972453,-14.417002
294,-12.905950546264648,-0.09376823902130127,83.35582733154297,-12.810024184684288,17.4558301711039,125.44040414269887,-34.408245,30.447182,4.60008,39.93453,-8.676696,-13.9582615,13.64287,-18.844732,-43.002056,4.1336927,17.515587,15.000033,15.508563,-15.798189,25.906574,-147.97198,31.963852,-72.158264,76.353424,-36.99376,5.4779797,11.927101,-143.38634,-20.344938,54.349926,84.3335,48.065212,1.8695992,-14.991069
295,-12.60366439819336,-0.5158795714378357,83.28773498535156,-12.650381756346178,17.90826037569162,124.78300234334809,-34.469963,29.963884,4.797788,38.712612,-8.289826,-14.666753,12.694532,-19.429176,-43.713722,4.199861,17.323439,15.000033,15.586095,-16.194897,26.194006,-149.01997,31.826862,-72.56893,77.10388,-37.377815,5.187507,11.129197,-144.38588,-20.263117,54.496033,84.011475,47.545723,2.0769296,-15.354249
296,-12.256940841674805,-1.0295220613479614,83.23197174072266,-12.673795193754144,17.5272115459011,124.24254365554118,-34.73848,30.090322,4.8739862,39.28517,-8.433413,-14.717986,12.471219,-19.728796,-43.99343,4.4042115,16.4723,15.000033,15.72868,-16.310305,26.603346,-148.75774,31.65502,-72.85528,77.89351,-38.6041,5.2074685,11.124512,-144.15976,-20.097849,54.19008,83.80316,47.009346,2.4090886,-15.294512
297,-11.883387565612793,-1.6160908937454224,83.21548461914062,-12.742014578752833,17.495495039271383,123.53001612087111,-35.06287,30.470999,5.6490135,39.2663,-8.396787,-14.646204,11.914181,-20.014606,-44.767162,4.4885864,16.043272,15.000033,15.846597,-16.414677,27.02008,-148.8583,31.505373,-73.26848,78.50938,-38.213757,5.168253,11.005754,-144.22424,-19.891245,53.85916,83.15627,46.695957,2.3718934,-15.385817
298,-11.471341133117676,-2.282308340072632,83.18608093261719,-13.073159737070684,16.693384641288702,123.11838979879482,-35.63876,31.56653,6.2705216,40.893047,-9.1109,-13.798398,12.078111,-19.809265,-44.775375,4.6470695,15.219495,15.000033,15.908302,-16.341465,27.49166,-147.80219,31.344273,-73.28245,78.35084,-39.649097,5.351871,11.692342,-143.1557,-19.644695,53.249657,82.90877,46.86587,2.3261235,-15.174559
299,-11.033679962158203,-2.9867653846740723,83.15790557861328,-13.09220405544974,16.02891908540995,122.57191004181017,-35.805996,31.738405,6.3670993,41.502853,-9.054424,-13.7283125,12.0983515,-20.01378,-45.139328,4.8664465,15.058872,15.000033,16.152435,-16.224413,28.118374,-147.39532,31.180182,-73.422066,78.897545,-39.898872,5.205794,11.457749,-142.36302,-19.279282,52.455967,81.788536,46.175476,2.2391145,-15.397931
300,-10.553622245788574,-3.7124996185302734,83.16870880126953,-13.253321324182494,15.391759685643462,121.7882444597626,-35.86574,32.494766,7.1526737,41.977123,-8.839398,-13.362246,12.034005,-19.943272,-45.675426,5.0107203,14.675577,15.000033,16.296637,-15.993396,28.763998,-147.35794,31.11372,-73.559235,79.903465,-40.882923,5.0894685,11.393999,-141.40233,-18.845354,50.72584,79.539154,45.08107,2.713345,-16.212545
301,-10.026444435119629,-4.44359827041626,82.94705963134766,-13.336855321478703,14.80910037177501,121.28309632465323,-36.424965,33.041084,7.325923,43.02668,-9.24165,-13.213959,12.175046,-20.036036,-47.01279,5.529702,14.556118,15.000033,16.271633,-15.856029,29.150362,-147.05116,31.134586,-73.44288,80.560936,-42.91878,4.6095343,12.026501,-140.33273,-18.057596,49.39519,78.03198,44.82686,2.5706148,-17.02279
302,-9.449176788330078,-5.159163475036621,82.80426025390625,-13.626410683201906,14.448704924601655,121.23447721979257,-37.468822,33.645737,7.093803,43.827965,-9.108524,-12.888706,12.340407,-19.479498,-48.034576,6.0370426,14.185831,15.000033,16.062279,-15.311782,29.661453,-146.30533,31.296793,-73.20062,81.52591,-43.66131,4.206817,11.726529,-139.29895,-17.332233,47.613884,76.092415,43.882893,2.6572027,-17.208527
303,-8.811650276184082,-5.86020040512085,82.60504913330078,-14.190913863152572,13.844733595933945,121.08295303247901,-38.856102,34.71297,6.41959,45.39361,-9.103117,-12.135807,11.170622,-20.25288,-48.631153,10.856548,12.31081,15.000033,15.690361,-14.628207,29.793802,-145.58371,31.732979,-73.49725,82.733665,-45.672707,4.037556,11.481038,-137.60327,-16.654688,44.96913,73.64364,42.679615,2.4802637,-18.903591
304,-8.076447486877441,-6.542850494384766,82.4318618774414,-14.206007215617683,13.179497535300243,120.53892778051646,-39.21374,35.573128,6.9792767,46.043644,-9.325463,-11.955702,9.265609,-22.313086,-48.863056,17.276007,9.813241,15.000033,15.222703,-14.165473,29.793802,-144.66736,32.444744,-73.50556,83.24142,-46.04866,3.8261876,11.055412,-135.79012,-16.142136,42.00103,70.44024,40.14444,2.2122695,-20.317036
305,-7.251588344573975,-7.188675403594971,81.98587036132812,-13.29292301642691,12.558063250943546,119.77200601994963,-39.525764,35.379852,7.340146,47.331215,-9.241888,-11.687833,7.4374747,-24.664015,-48.203884,22.587727,7.6119366,15.000033,14.962317,-13.8210945,29.793802,-143.70724,33.400414,-73.501015,82.79647,-45.626335,3.6139011,11.223871,-132.8101,-15.675143,39.177444,65.04904,38.3722,1.6257086,-24.040714
306,-6.36211633682251,-7.810828685760498,81.47611999511719,-12.56953363379808,11.483953401794034,119.18087626126244,-39.748997,35.788597,7.7475686,49.146145,-9.707434,-11.136381,6.5164433,-25.686205,-47.72108,25.931734,5.9718976,15.000033,14.855961,-13.686028,29.793802,-141.86151,34.546116,-72.78174,81.24412,-47.794662,2.9757452,11.750639,-129.35345,-15.280341,36.14248,59.580906,36.087376,1.3459582,-28.75147
307,-5.454424858093262,-8.368070602416992,81.0684814453125,-12.00432718783514,11.314154610195901,118.89332612013159,-40.610622,36.432957,8.67554,50.037678,-9.819757,-10.686699,5.161678,-26.657091,-47.901627,29.437782,3.18423,15.000033,14.469543,-13.447056,29.793802,-139.55127,35.76427,-71.52578,79.60795,-47.553787,2.421304,12.312091,-125.77267,-14.894894,34.45253,53.69418,33.04783,0.9332504,-29.725252
308,-4.514159202575684,-8.872379302978516,80.75939178466797,-11.70559896532049,10.94382074786588,118.19751575544122,-41.136166,37.24482,9.120896,50.664017,-10.224943,-10.0793085,4.1510754,-26.96065,-47.63371,31.601238,1.1124746,15.000033,14.372061,-13.273011,29.793802,-137.63406,37.13054,-70.17812,77.72498,-45.99956,2.438262,12.630248,-121.61246,-14.537468,32.935905,47.356197,30.283745,1.2103419,-31.021252
309,-3.543837785720825,-9.30905818939209,80.24459075927734,-10.930235767927696,10.608888375771702,117.8867421476933,-41.70067,37.945786,10.1699705,51.73438,-10.162068,-9.984416,3.6701558,-27.91397,-47.981773,33.713375,-1.6508769,15.000033,14.326169,-12.651488,29.793802,-134.50412,38.542343,-68.41766,74.18759,-41.65727,2.1956213,13.037378,-116.55141,-14.173404,32.370987,40.315132,26.453627,1.02458,-31.857462
310,-2.546220064163208,-9.690933227539062,79.7326889038086,-10.33975688618245,9.539797499680258,117.67996807922256,-41.793552,38.484367,10.145755,52.961197,-10.158263,-9.927137,3.7651527,-28.41128,-47.84588,35.395752,-3.8158407,15.000033,14.374091,-12.287727,29.793802,-131.2435,39.969658,-66.25763,70.53798,-39.93345,1.9458051,13.435923,-111.26733,-13.716514,31.906553,34.507946,23.637506,1.4808778,-31.422783
311,-1.5384430885314941,-9.990299224853516,79.3104019165039,-9.740201689523504,8.64869620409901,117.45267941302892,-41.579285,39.06659,10.517361,53.52492,-10.3397045,-10.04504,3.5883994,-28.946337,-47.420525,37.16113,-5.548467,15.000033,14.475016,-11.939494,29.793802,-127.70261,41.4288,-63.93675,66.559654,-37.99092,1.8819563,14.325579,-105.55354,-13.182705,31.928913,28.218124,20.909544,1.7039461,-31.913158
312,-0.5126591920852661,-10.204565048217773,78.64453125,-8.701075595514611,7.630747751364911,117.23802512012078,-41.47754,39.131042,10.461456,54.819637,-10.467213,-10.254802,3.7246838,-29.627499,-46.655926,38.34022,-7.7923293,15.000033,14.434684,-11.409612,28.67622,-121.61748,42.889328,-61.017643,60.466152,-34.270737,1.4102997,15.691057,-96.99577,-12.570554,32.496796,20.217508,18.158245,1.5433995,-32.13505
313,0.48859602212905884,-10.328634262084961,78.02108001708984,-7.988697186568666,6.46740714737649,116.92804282318302,-41.316547,39.928497,10.529859,56.322872,-10.53539,-10.289686,3.267304,-30.757895,-45.590828,41.44396,-10.022533,15.000033,14.401533,-10.77753,27.161638,-114.713646,44.397186,-58.14863,53.899185,-29.100805,1.2267383,16.245474,-88.250626,-11.965725,34.21972,13.211937,15.653326,1.3502809,-32.037457
314,1.4474260807037354,-10.350597381591797,77.45304107666016,-6.934266577772795,5.489745900639474,117.00246125941824,-40.889713,39.837566,10.524371,57.12473,-10.884918,-10.327663,3.051713,-32.43226,-45.026302,44.71217,-11.632329,15.000033,14.2068615,-10.353429,25.72213,-106.84329,45.879898,-54.43451,46.234394,-25.477467,2.01194,16.651062,-79.25659,-11.45363,36.04101,6.463495,12.354164,1.9338664,-31.30019
315,2.359642505645752,-10.28357219696045,76.95014953613281,-6.317462188194925,4.626868691364765,116.29509311945472,-40.32779,41.21219,11.341795,58.192936,-11.005245,-10.31499,2.4242623,-32.702457,-43.434902,46.384686,-13.699468,15.000033,14.007416,-9.623942,23.897287,-97.764534,47.411755,-49.682007,37.536896,-20.456076,1.6027651,17.515362,-70.224915,-11.117192,38.44625,0.121015765,9.1572695,1.8591385,-28.58743
316,3.1930532455444336,-10.126445770263672,76.45913696289062,-4.986793402009909,3.878473165010312,115.66416533186532,-39.073227,41.44731,12.501578,58.77283,-10.750663,-10.648023,2.2812543,-34.331253,-42.935886,48.352455,-15.8319,15.000033,13.330826,-8.624999,22.069166,-86.72291,48.83042,-44.49687,27.964018,-17.529842,0.98349917,18.605108,-62.421227,-11.152381,41.73222,-4.6370606,7.108233,1.2802027,-26.58843
317,3.936910629272461,-9.904236793518066,76.2459945678711,-4.342110050724562,3.565268474666284,114.69936441162659,-37.739445,42.518833,14.025656,58.480698,-11.197371,-10.787234,1.3257606,-34.60982,-41.650322,49.54183,-17.002453,15.000033,12.545745,-7.560343,20.462616,-75.73579,50.11535,-39.092373,18.080154,-12.827895,1.8687285,19.324228,-54.77912,-11.383782,44.764614,-9.549631,4.405572,1.8988295,-23.566454
318,4.604694843292236,-9.64977741241455,76.06197357177734,-3.7085689231298242,2.5020155668366364,113.5682611654822,-35.641083,43.449467,15.125874,58.542667,-11.472067,-10.678145,1.254061,-35.153843,-40.682293,50.876564,-18.357052,15.000033,11.527444,-6.207442,18.818127,-63.599194,51.27958,-33.23575,7.490631,-8.365255,2.4464135,18.796598,-47.691727,-12.026589,48.051533,-13.498793,1.3168443,1.6424351,-20.653603
319,5.1944966316223145,-9.352287292480469,76.00383758544922,-2.944269954453652,1.9975449796648084,112.57437501600134,-33.565704,43.88165,16.585361,57.87456,-11.217351,-10.752254,1.0994167,-35.592567,-39.99693,51.351707,-19.491844,15.000033,10.097238,-4.932165,17.381372,-51.47752,52.215374,-26.83619,-2.5106957,-4.4633408,3.2251897,17.938805,-41.46749,-13.035085,50.692585,-16.376934,-0.75467473,0.90793943,-17.784546
320,5.72245454788208,-9.029791831970215,76.01541900634766,-2.120756211736632,1.7347564026925433,111.66287556870432,-31.490541,44.045963,18.246964,56.92728,-10.7622175,-10.959908,0.8959184,-36.441086,-39.855072,52.078484,-20.237808,15.000033,8.301806,-3.9984438,16.345163,-40.00564,52.869938,-20.854227,-11.738954,-3.145848,3.2520921,17.199743,-37.235073,-14.48752,52.66793,-18.16153,-2.2633078,0.25123248,-15.732846
321,6.209207534790039,-8.692231178283691,76.04720306396484,-1.33951465898946,1.2872033159611798,110.11949095381755,-28.92258,44.508984,20.153347,56.304676,-10.421748,-11.23858,0.59272605,-37.21887,-39.292225,52.593838,-20.901485,15.000033,6.2269425,-3.1506813,15.524106,-27.633295,53.02998,-15.418477,-21.507227,-1.6485008,2.8459477,17.04782,-33.404873,-16.495422,54.80069,-19.567884,-2.821895,-1.2283304,-14.310533
322,6.669083118438721,-8.345459938049316,76.11589050292969,-0.6123034244239896,0.46208343331963664,109.22100251224988,-26.255568,44.479496,21.590744,55.367344,-10.133893,-11.49306,0.4411803,-37.95667,-38.140858,53.890377,-21.431517,15.000033,4.034934,-2.713606,15.110078,-18.05231,52.743652,-11.697045,-29.044733,-1.8330157,2.2239053,16.548407,-30.174818,-18.931196,55.436485,-21.133942,-2.9955456,-2.1961899,-12.828315
323,7.128070831298828,-7.975485801696777,76.27522277832031,0.4420210239273379,0.30722410359764685,108.79109763155515,-23.827057,43.657066,23.528198,53.424225,-9.161116,-12.325735,0.32015353,-38.61816,-37.467335,54.092636,-21.505657,15.000033,2.2033293,-2.5581772,14.543087,-9.8786545,51.374004,-8.25306,-34.89124,-3.354232,1.6527437,15.607418,-26.904737,-21.951326,55.12257,-22.312117,-3.5381825,-3.296136,-10.46282
324,7.581263065338135,-7.599438190460205,76.38285064697266,1.5711499643217046,0.19072650737298202,108.0543286359739,-21.456995,42.69301,25.214323,51.65368,-8.455622,-12.677999,-0.36416796,-39.04363,-35.715958,54.281555,-21.727732,15.000033,0.5826396,-1.9515569,13.728801,-4.2086325,49.587563,-6.551018,-39.61302,-2.177924,1.4417619,13.917574,-24.05981,-25.5429,54.49991,-23.067616,-3.777779,-4.9885674,-9.25562
325,8.017075538635254,-7.226619243621826,76.53489685058594,2.7619834273607617,-0.046171864154108073,107.86709661010211,-19.157654,41.271255,26.742395,49.403923,-7.899018,-13.45756,-0.4721204,-39.8111,-34.638496,54.6412,-22.008247,15.000033,-0.68813294,-1.418591,13.136465,-0.22347881,47.548725,-6.3166776,-43.107983,-2.173607,1.22074,13.278702,-20.282269,-29.597086,52.769043,-25.086407,-4.0081124,-5.7362595,-8.027303
326,8.43644905090332,-6.870946884155273,76.75727844238281,3.915894745665864,-0.30697135105588685,107.39440944877941,-16.80919,39.884216,28.2106,47.19587,-6.9403515,-13.955313,-0.40939602,-40.419724,-33.726555,54.407764,-22.09424,15.000033,-1.9601694,-0.51538396,12.461334,2.8049088,45.654865,-7.7357454,-45.489746,-2.1343277,-0.36486837,12.12779,-17.41757,-34.09758,50.859524,-26.636856,-3.148862,-7.5069523,-6.637302
327,8.820610046386719,-6.537485122680664,76.98501586914062,5.139572136462155,-0.7113965486791088,107.01373091985916,-14.652206,38.28362,29.294786,45.212784,-6.19908,-14.34285,0.04935122,-41.592457,-33.482895,54.444054,-22.347887,15.000033,-2.8295267,0.2090159,11.866125,4.307405,43.925285,-9.623319,-46.957436,-2.0726964,-1.2531964,11.034186,-13.594912,-38.9499,48.04024,-28.872551,-2.4168131,-8.944024,-5.9827805
328,9.161535263061523,-6.231045722961426,77.15877532958984,6.14907549437278,-0.97815958500712,106.87404831164127,-13.003981,36.30675,29.338638,42.730705,-5.4045095,-14.916473,0.20032589,-42.25267,-32.69657,54.48212,-22.502865,15.000033,-3.3226113,1.0008227,11.45508,4.2220325,42.4624,-12.378211,-47.65319,-1.6075801,-1.5794337,9.781901,-8.640459,-43.93645,44.076603,-31.890476,-1.3657435,-11.168867,-5.7533517
329,9.460343360900879,-5.949565887451172,77.39143371582031,7.221787595864046,-1.0735872646690638,106.49758314528054,-11.503794,34.383766,29.52957,40.502697,-4.66046,-15.000033,0.3451339,-43.004017,-32.220432,53.99266,-22.475681,15.000033,-3.1465743,2.0166562,11.148603,3.0469449,41.22132,-15.379732,-47.608364,-0.5726275,-1.7352655,8.641228,-1.7694197,-48.931343,38.62608,-35.811947,-0.39697912,-12.916479,-6.1910458
330,9.708320617675781,-5.696966648101807,77.61673736572266,8.089022554780291,-1.322619104213298,105.97076467425916,-9.771633,32.53245,29.554712,38.040062,-4.134553,-15.000033,0.3480677,-43.33894,-31.21267,53.503193,-22.38582,15.000033,-2.962322,3.1511111,10.877828,1.7245473,39.93494,-18.209093,-47.561634,0.11027191,-1.9426619,8.457184,5.7587433,-53.752728,31.156944,-40.331898,1.0110865,-14.443191,-6.2713976
331,9.898521423339844,-5.456758975982666,77.84178161621094,8.880269087892392,-1.8428927194539981,105.42263285755371,-8.405599,30.971733,29.054731,36.719746,-3.7162435,-15.000033,0.8503184,-44.032032,-30.85837,53.258923,-22.367104,15.000033,-2.3533156,4.3590326,10.841647,-0.010372128,38.637188,-20.547096,-47.24657,-0.007044864,-2.5456522,8.902683,15.135752,-58.210026,22.878794,-45.482193,2.5051856,-15.679146,-7.049292
332,10.040861129760742,-5.20104455947876,77.99880981445312,9.533154414061066,-1.8715671436076655,105.30551358280373,-7.313036,29.431812,28.79007,34.616604,-3.011869,-15.000033,1.0104557,-44.458153,-30.534714,52.9533,-22.1012,15.000033,-1.8893431,5.8678703,10.7797,-1.7669277,37.194202,-22.136799,-47.2607,-0.18468729,-2.5251424,8.840611,24.120054,-62.009132,14.351297,-50.021267,4.250479,-17.405487,-7.978257
333,10.1263427734375,-4.955178260803223,78.0836181640625,9.978315496409824,-2.1472320840160974,104.95010150672108,-6.276602,28.208162,28.124859,33.23134,-2.4809518,-15.000033,1.4378345,-44.640278,-30.11701,52.531906,-22.171839,15.000033,-2.1065547,7.4524508,10.830069,-2.927228,35.576874,-22.739779,-46.84171,-0.5230633,-2.8459282,9.6203165,31.698093,-64.7014,6.8032484,-53.8939,6.0320225,-18.423285,-9.109875
334,10.172527313232422,-4.694927215576172,78.13580322265625,10.526983175681027,-2.057478562744612,104.5262618812821,-5.4073887,27.033453,27.915636,31.874067,-1.754369,-15.000033,1.214005,-45.099815,-29.523457,52.43039,-22.159176,15.000033,-2.4869523,8.839592,10.778126,-3.653749,33.991734,-22.960352,-46.27023,-1.2491069,-3.1652377,10.443424,36.940327,-66.42806,1.393971,-56.47634,7.330379,-18.772072,-11.060671
335,10.182971954345703,-4.433072566986084,78.17890930175781,10.76924709168902,-1.9880336376116612,104.10526661813118,-4.332897,26.354822,28.155113,30.377277,-1.092559,-15.000033,1.315663,-45.146038,-29.274176,51.961475,-22.143934,15.000033,-2.9172497,9.929195,10.539818,-4.3929114,32.67349,-23.428295,-45.233112,-1.5448264,-4.059458,10.814924,40.477592,-67.51524,-1.9587176,-57.657078,8.931898,-19.608795,-11.686231
336,10.16202163696289,-4.1711883544921875,78.17076110839844,10.824694123401425,-1.892074786857808,103.92790428286709,-3.4475617,25.997652,28.478685,29.045282,-0.3523925,-15.000033,1.393148,-44.922832,-28.905338,51.65418,-22.180082,15.000033,-3.2404604,10.9613695,10.319368,-4.861403,31.473923,-23.322855,-44.35861,-1.7221805,-4.2108154,11.02145,41.84628,-68.10765,-3.5566776,-58.36369,9.810314,-19.835978,-12.096563
337,10.111044883728027,-3.92914080619812,78.10826873779297,10.771838155156319,-1.8149660502291458,103.7921601937198,-2.387183,25.592392,28.82243,27.239576,0.20183599,-15.000033,1.5254016,-44.878498,-28.915936,51.660843,-22.320215,15.000033,-3.759477,11.815213,10.045678,-5.430878,30.542261,-23.365925,-43.201626,-1.3225309,-4.195769,11.209141,41.9767,-68.27426,-4.0837727,-58.397064,10.816833,-19.817804,-13.1322365
338,10.050228118896484,-3.7016677856445312,78.0363998413086,11.002381825814258,-1.5321420342879728,103.8669342728038,-1.5700121,25.06992,29.780125,25.574791,0.6938332,-15.000033,1.4064784,-45.130775,-28.74406,51.690056,-22.517694,15.000033,-4.3899245,12.439263,9.781518,-5.795901,29.915277,-23.501337,-42.206608,-0.3709684,-4.3371406,11.591379,41.63885,-68.04294,-3.9949207,-58.41368,11.6220875,-20.575176,-14.629634
339,9.981414794921875,-3.5023462772369385,78.00825500488281,11.015935686421724,-1.3491568585420113,103.86768196716974,-0.83776546,24.61901,30.082897,23.985086,1.0433184,-15.000033,1.4218988,-44.992638,-28.52507,51.45912,-22.600174,15.000033,-4.6904182,13.035249,9.603279,-6.163785,29.474232,-23.621672,-41.2818,-0.13093406,-4.345973,12.299374,41.21224,-67.679115,-3.4900668,-58.61497,11.833527,-20.658825,-15.144687
340,9.912120819091797,-3.3365156650543213,77.97988891601562,11.012020887303766,-1.2039063768273746,103.72530974239649,0.035241947,24.163612,30.415152,22.298527,1.7936422,-15.000033,1.282749,-44.877228,-28.171066,51.369205,-22.64002,15.000033,-4.8592777,13.4952135,9.429365,-6.5966964,29.199898,-23.932302,-40.283833,0.15922709,-4.3325143,12.72878,40.788723,-67.28855,-2.883975,-58.59101,12.0796385,-20.54944,-15.675188
341,9.8421049118042,-3.209261178970337,77.96273040771484,10.808033890924762,-1.3993828560482529,103.99193277462588,0.6916741,23.839434,29.976234,20.892275,2.4441843,-15.000033,1.7751575,-44.639107,-28.333246,51.45094,-22.740005,15.000033,-4.959892,13.889941,9.339203,-7.06164,28.906458,-24.021011,-39.543457,0.21491817,-3.9663022,13.029165,40.464684,-66.896225,-2.3580608,-58.38778,12.551476,-20.221008,-15.094775
342,9.78203010559082,-3.1084601879119873,77.97917938232422,10.899187295534876,-1.38127328868695,104.05829104872235,1.3021507,23.258867,29.945726,19.497597,2.9815013,-15.000033,1.874563,-44.663445,-28.213615,51.318623,-22.779188,15.000033,-4.8951535,14.258538,9.132189,-7.5731006,28.803066,-24.243238,-38.68445,-0.24387725,-4.053043,12.9880905,39.94367,-66.51984,-1.7777958,-58.38363,12.2988825,-20.06495,-14.773805
343,9.733993530273438,-3.0313429832458496,77.97163391113281,10.921332107133532,-1.164969181868616,103.61085396573935,1.7256529,23.162546,30.43731,19.014135,3.0433016,-15.000033,1.6118237,-44.59408,-27.970695,50.915485,-22.58754,15.000033,-4.740262,14.661123,9.023513,-7.4626727,28.787706,-24.046362,-38.362503,-0.38385472,-4.0919423,13.070289,39.195774,-66.1311,-1.0913217,-58.40646,12.438237,-19.904013,-15.057835
344,9.688350677490234,-2.9777371883392334,78.0155029296875,10.91026010997818,-1.2176437214468403,103.83961478429431,2.106379,22.790003,30.29828,17.951618,3.6540282,-15.000033,1.8143281,-44.440483,-27.909332,50.77339,-22.50238,15.000033,-4.8218284,14.878096,9.008598,-7.395432,28.679283,-23.788347,-38.210835,-0.974572,-3.8690407,12.9636135,38.686893,-65.75295,-0.5616576,-57.945526,13.0536585,-20.166744,-14.867994
345,9.643908500671387,-2.9380950927734375,78.07867431640625,10.798455764451775,-1.2535564043174046,104.06410526412697,2.6265836,22.437141,30.198606,16.497301,4.255815,-15.000033,2.1468103,-44.222336,-28.117638,50.497387,-22.350126,15.000033,-4.719941,15.101506,8.880176,-7.6385107,28.569729,-23.84559,-37.753544,-1.3493197,-3.5837536,13.149477,38.30473,-65.48404,-0.104713306,-57.470554,12.92583,-19.839365,-14.182536
346,9.610336303710938,-2.90586256980896,78.15021514892578,10.890075870862487,-1.302611048066834,104.10493120418333,3.0147645,22.008976,30.086634,15.633752,4.717606,-15.000033,2.350961,-44.17168,-28.042252,50.135998,-22.210938,15.000033,-4.575174,15.264866,8.777691,-7.8517494,28.547737,-23.975225,-37.157673,-1.4568753,-3.4982262,13.38975,37.99111,-65.28331,0.4039593,-57.30973,12.697362,-19.414864,-13.869474
347,9.575556755065918,-2.8746488094329834,78.21920013427734,11.029371385088846,-1.3327896405120137,104.22946780217893,3.1431694,21.595444,29.78781,15.150745,4.743035,-15.000033,2.5804224,-44.37031,-28.231823,49.964268,-22.142027,15.000033,-4.44224,15.366241,8.769674,-7.79061,28.534155,-23.86956,-37.019833,-1.5270103,-3.2898028,13.279092,37.78499,-65.07015,0.8490568,-57.240517,12.484506,-19.346891,-13.729523
348,9.540534019470215,-2.845000982284546,78.25446319580078,10.99661959583442,-1.499565176913971,104.09268075692265,3.3516448,21.569607,29.555655,15.233259,4.726797,-15.000033,2.9607282,-44.487453,-28.59916,49.805832,-22.058016,15.000033,-4.1545787,15.466665,8.743261,-8.014512,28.60186,-24.066006,-36.66455,-1.5716271,-3.2988188,13.5854645,37.46544,-64.910934,1.3370092,-57.109985,12.205903,-19.327679,-13.907244
349,9.503250122070312,-2.806380033493042,78.28343963623047,11.063298955588888,-1.463377596020826,104.15045289562266,3.3528516,21.316986,29.226583,15.010259,4.758135,-15.000033,3.1768255,-44.584797,-28.842657,49.543194,-21.95693,15.000033,-3.9533198,15.60372,8.697788,-7.966388,28.703117,-24.10889,-36.60628,-1.7343155,-3.3096657,13.804979,37.15028,-64.71998,1.6960341,-57.21239,12.121048,-19.42427,-14.064342
350,9.464510917663574,-2.7638723850250244,78.32408142089844,11.059140247191928,-1.4746978039935714,104.21621732443033,3.45063,21.106462,28.902452,14.650031,4.777114,-15.000033,3.4040787,-44.49515,-28.947649,49.243553,-21.782906,15.000033,-3.762889,15.673864,8.685688,-7.818177,28.780592,-24.003593,-36.7524,-1.847418,-3.0107825,13.910987,36.82417,-64.5172,2.0176675,-57.267246,11.980682,-19.147535,-13.857795
351,9.425163269042969,-2.7135281562805176,78.34335327148438,11.013472020967225,-1.3905072145051542,104.42837566971905,3.4879162,20.892395,28.526659,14.031803,5.0271277,-15.000033,3.644581,-44.45597,-29.302685,49.044987,-21.621117,15.000033,-3.560234,15.771458,8.656493,-7.7797403,28.854136,-23.9593,-36.904625,-2.059936,-3.049634,13.884276,36.575645,-64.345894,2.2104204,-57.308453,11.993643,-19.234606,-13.500971
352,9.392683982849121,-2.6669771671295166,78.38336944580078,10.985603682549499,-1.2977504557491528,104.45118613737841,3.612422,20.692978,28.295828,13.465298,5.333406,-15.000033,3.6182747,-44.176163,-29.069527,48.694798,-21.371298,15.000033,-3.389099,15.8783655,8.673825,-7.3017435,28.819872,-23.466972,-37.124954,-2.397228,-2.8257568,13.858875,36.126724,-64.22368,2.4199874,-57.33095,11.759768,-18.790806,-13.126196
353,9.3638916015625,-2.6258065700531006,78.37806701660156,11.021751871090727,-1.265092763955576,104.457546034151,3.5115287,20.595497,27.924528,13.589945,5.4183125,-15.000033,3.6501465,-44.292065,-29.130646,48.725452,-21.307579,15.000033,-3.2818348,15.873492,8.649775,-7.270351,28.842367,-23.231274,-37.075962,-2.2777786,-2.7072575,14.062003,35.641342,-64.12792,2.6716466,-57.233624,11.447111,-18.443258,-12.726605
354,9.33809757232666,-2.6032092571258545,78.40432739257812,11.145880210869109,-1.1422586054395014,104.71578110050541,3.350306,20.210127,27.443283,13.175251,5.6311097,-15.000033,3.7832224,-44.454292,-29.41568,48.583714,-21.093943,15.000033,-3.2577128,15.851112,8.680285,-7.117883,28.845379,-22.91368,-37.17225,-2.65482,-2.897222,13.877694,35.451836,-64.01248,2.6754568,-57.250927,11.375579,-18.040495,-12.083414
355,9.317627906799316,-2.606809377670288,78.3852767944336,11.201196647403139,-1.06631265807892,104.81218156670838,3.1515803,20.067242,27.109613,13.205668,5.3293285,-15.000033,3.5792077,-44.40888,-29.096443,48.63899,-21.069513,15.000033,-3.0534294,15.85266,8.735686,-7.130371,28.850683,-22.693693,-37.23967,-2.6653407,-2.732,13.973364,35.302883,-63.917953,2.6851685,-57.293423,11.60598,-18.143524,-12.149307
356,9.29837417602539,-2.6390507221221924,78.36979675292969,11.277396335391266,-1.105395880927929,104.7527627039011,2.9247184,20.017454,26.786007,13.741371,4.9477463,-15.000033,3.4349346,-44.556206,-28.92087,48.80943,-21.068764,15.000033,-2.7706556,15.828072,8.844352,-7.2196727,28.838451,-22.49244,-37.111732,-2.8271506,-2.7137477,14.074516,35.07464,-63.857067,2.7974155,-57.361313,11.490016,-18.0372,-12.065526
357,9.2724609375,-2.697634220123291,78.35611724853516,11.265380482274212,-1.1858292238764943,104.75453192571288,2.6847808,20.08093,26.50342,14.300274,4.6149554,-15.000033,3.4127111,-44.716717,-28.997757,49.03921,-20.996275,15.000033,-2.547224,15.811899,8.947065,-7.444815,28.808933,-22.39919,-36.975212,-2.8156638,-2.7270348,14.014042,34.925106,-63.846264,2.8813639,-57.307564,11.324994,-18.103657,-12.110462
358,9.237488746643066,-2.7766222953796387,78.34326934814453,11.317637829262031,-1.2548947485777406,104.74932577571367,2.4644778,20.0586,26.327465,14.797811,4.3342967,-15.000033,3.3922908,-45.03326,-29.1407,49.26997,-21.047297,15.000033,-2.3511722,15.722413,9.081067,-7.590485,28.71593,-22.286808,-36.803085,-2.713374,-2.7120852,14.242601,34.77224,-63.87243,3.0692866,-57.292377,10.882153,-18.065348,-12.300891
359,9.198963165283203,-2.8707380294799805,78.32892608642578,11.298420742125995,-1.365807268477467,104.77977541577803,2.194585,20.130337,26.036663,15.405026,3.992031,-15.000033,3.3275616,-45.15428,-29.077991,49.51305,-21.074387,15.000033,-2.1770332,15.676094,9.199979,-7.941568,28.635302,-22.324764,-36.544094,-2.785549,-2.662983,14.481904,34.66686,-63.936768,3.2570827,-57.260967,10.445055,-17.937363,-12.347306
360,9.149585723876953,-2.974290609359741,78.3055419921875,11.245219256065784,-1.3459154879891946,104.96109598142215,1.8118972,20.118347,25.646723,15.689767,3.8119383,-15.000033,3.278132,-45.231987,-29.214432,49.651257,-21.101465,15.000033,-2.0577004,15.663079,9.301683,-8.196062,28.54583,-22.364836,-36.523544,-2.7777157,-2.5840766,14.364184,34.697525,-64.01195,3.311501,-57.2965,10.297265,-17.87534,-12.12432
361,9.095348358154297,-3.082710027694702,78.27034759521484,11.202497344092116,-1.3829216497033432,105.01463867210911,1.3473675,20.188126,25.195496,16.455357,3.5175388,-15.000033,3.3100145,-45.45179,-29.50456,49.80871,-21.169247,15.000033,-1.8906287,15.68708,9.359473,-8.699087,28.578152,-22.732384,-36.157635,-2.6660907,-2.6085653,14.278241,34.72806,-64.07688,3.3420877,-57.302956,10.008418,-17.882042,-12.231619
362,9.038572311401367,-3.1939995288848877,78.2041244506836,11.203613685960994,-1.5505239758930784,104.94135055505186,0.71914494,20.456337,24.80936,18.138668,2.8631163,-15.000033,3.3080223,-45.89208,-29.719732,50.287437,-21.34649,15.000033,-1.7118297,15.641858,9.382303,-9.231703,28.735065,-23.009039,-35.729904,-2.3850625,-2.5422554,14.293954,34.493572,-64.125626,3.4543526,-57.250107,9.87239,-18.01078,-12.483187
363,8.975049018859863,-3.3119468688964844,78.16722869873047,11.161559150898922,-1.5533184647948957,104.97231106485526,0.22473581,20.563013,24.567621,18.97624,2.481962,-15.000033,3.3599434,-46.138794,-30.093939,50.362133,-21.37707,15.000033,-1.6198335,15.611584,9.445721,-9.198061,28.879353,-22.992178,-35.747955,-1.8070244,-2.4481664,14.117321,34.431244,-64.130486,3.5481565,-57.258797,9.432962,-18.096292,-12.546825
364,8.91352367401123,-3.437577247619629,78.12368774414062,11.13806347319325,-1.5637045207858626,104.92732435444431,-0.1970332,20.68721,24.42761,19.804752,1.9691253,-15.000033,3.2280552,-46.36259,-30.180872,50.529854,-21.491268,15.000033,-1.5374763,15.557154,9.470698,-9.308842,29.138556,-23.051956,-35.6094,-1.0842341,-2.2541773,14.057885,34.250324,-64.099396,3.6633573,-57.205723,9.219107,-18.150547,-12.391093
365,8.850954055786133,-3.5797362327575684,78.1060791015625,11.00497045584347,-1.5355343374566413,104.86241712826404,-0.6165586,20.920273,24.335697,20.534914,1.6193943,-15.000033,3.169581,-46.342896,-30.349014,50.39889,-21.49149,15.000033,-1.5301257,15.565978,9.566289,-9.045271,29.390507,-22.836527,-35.72099,-0.76235765,-2.3264318,13.60624,33.945374,-64.01046,3.7813842,-57.140514,9.068808,-18.0413,-11.872911
366,8.787766456604004,-3.7449159622192383,78.08908081054688,10.99236330355258,-1.695118026483148,104.8672000952761,-0.96820116,20.98266,24.105534,21.361702,1.4131147,-15.000033,3.0955415,-46.525383,-30.278309,50.61528,-21.469627,15.000033,-1.5076442,15.446457,9.59993,-9.080108,29.736374,-22.657585,-35.47022,-0.58075243,-2.1559234,12.973371,33.65678,-63.923374,3.9431627,-57.043205,8.512421,-17.765928,-11.453706
367,8.719609260559082,-3.931851625442505,78.09712982177734,10.965993168572286,-1.6536403754042432,104.85150202004398,-1.2868505,21.068617,24.301908,21.79087,0.93861663,-15.000033,2.9007545,-46.574352,-30.255135,50.47944,-21.390245,15.000033,-1.5157372,15.338342,9.622138,-8.659136,30.14747,-22.358894,-35.601414,0.14343809,-2.1388705,12.658266,33.26082,-63.773205,3.9797115,-56.934937,8.603643,-17.684206,-10.842606
368,8.639325141906738,-4.142099380493164,78.09158325195312,10.894633303022317,-1.7287191562635829,104.93344656524245,-1.6478745,21.098467,24.175602,22.276361,0.5501934,-15.000033,2.7913322,-46.686676,-30.291037,50.590042,-21.303291,15.000033,-1.5235518,15.164359,9.608565,-8.202909,30.63771,-22.001844,-35.78268,0.99829453,-1.9836102,12.678208,32.896515,-63.55042,3.9596016,-56.80713,8.530933,-17.561718,-10.431385
369,8.55681324005127,-4.363038539886475,78.14231872558594,10.746189546077511,-2.113779932993645,104.90655619640486,-1.7321699,21.345316,24.16757,23.05227,0.16381486,-15.000033,3.026778,-46.675358,-30.34293,50.58633,-21.162468,15.000033,-1.238768,15.053335,9.561175,-7.6075077,31.18988,-21.884224,-35.522823,1.059751,-1.9744885,12.900058,32.82697,-63.37703,4.20543,-56.825924,8.01626,-17.435566,-10.717794
370,8.457655906677246,-4.582414627075195,78.17161560058594,10.466245170069268,-2.517683040487387,104.88643964535473,-1.9285617,21.71704,23.961306,24.03363,-0.08774192,-15.000033,3.7307892,-46.741966,-31.205917,50.38632,-21.04883,15.000033,-1.1103934,14.929894,9.412845,-6.564616,31.881132,-21.865072,-35.514736,1.6553564,-2.0203707,12.712254,32.5307,-63.20398,4.4049897,-56.73368,7.9680643,-17.556545,-10.383085
371,8.348686218261719,-4.776069641113281,78.26419067382812,10.24546110623357,-2.8021374518430644,104.72454569894082,-1.9107833,21.952883,23.978546,24.54513,-0.1393118,-15.000033,4.18312,-46.673832,-31.72077,49.930817,-20.748638,15.000033,-0.86571133,14.681085,9.269827,-4.8026123,32.661015,-21.52512,-35.84414,2.1103394,-2.1955621,12.082738,32.424286,-62.99909,4.828686,-57.085896,7.7591395,-17.646608,-10.105699
372,8.231935501098633,-4.928887367248535,78.39168548583984,10.073943846237007,-3.0448943736710437,104.35835707967479,-1.8976426,22.330751,24.264055,25.448568,-0.20082389,-15.000033,4.442477,-46.3184,-31.661829,49.090973,-20.236124,15.000033,-0.7362627,14.3564625,9.088419,-2.1253066,33.406143,-20.59262,-36.191765,2.3372047,-2.3004768,11.875601,31.962606,-62.727127,5.3440433,-57.464504,7.4520288,-17.139091,-9.852897
373,8.08482551574707,-5.030999660491943,78.59963989257812,10.019610570051602,-3.137053054488407,104.3294668158654,-1.9117701,22.26852,24.428753,25.615696,-0.22522227,-15.000033,5.0426626,-46.17538,-32.263287,47.984505,-19.637499,15.000033,-0.79264754,13.870546,8.935753,0.4487646,34.156914,-19.760468,-36.576244,2.9900894,-2.2151263,10.755976,31.13548,-62.353123,5.53137,-57.73745,7.441817,-16.633846,-8.6091175
374,7.908257007598877,-5.079551696777344,78.87162780761719,9.809399650591255,-3.347254526859165,103.94023947384433,-1.5892633,22.600021,24.965525,26.04674,-0.43362522,-15.000033,5.6895914,-45.594208,-32.46711,46.408054,-18.917353,15.000033,-0.7336253,13.40415,8.895718,3.4982193,34.87401,-19.49245,-36.732754,3.7928543,-1.9495677,10.8838625,30.233404,-61.8975,5.9135847,-58.157063,7.9592533,-16.242186,-7.775513
375,7.6944732666015625,-5.080129623413086,79.18871307373047,9.496351820103294,-3.306491897859318,103.45423133477235,-1.0657122,22.598827,25.143915,25.424702,-0.16029544,-15.000033,6.346059,-44.516354,-32.56027,43.934208,-17.624262,15.000033,-0.6948722,12.906129,8.818278,6.5269833,35.533512,-19.468176,-35.86031,4.3995376,-1.792985,10.599415,29.065683,-61.375748,6.164802,-58.58501,7.746992,-15.431056,-6.3786707
376,7.433899402618408,-5.04147481918335,79.47370147705078,9.161587448856752,-2.913997572960527,102.7763323378653,-0.657879,22.606575,25.558786,24.6592,-0.13503028,-15.000033,6.473383,-43.63413,-32.620975,41.649784,-16.296175,15.000033,-0.6301754,12.260128,8.838158,10.173914,36.07281,-19.441277,-34.93304,6.2028294,-1.0799606,11.134116,27.606987,-60.728638,6.4081597,-58.888916,8.476028,-14.933228,-5.644309
377,7.142821788787842,-4.989379405975342,79.79715728759766,8.603370026720492,-2.887014201565501,102.12215103236954,0.033843484,22.839869,25.758219,24.019789,-0.029723907,-15.000033,7.380503,-42.547104,-33.265038,39.03438,-14.727156,15.000033,-0.30661282,11.589079,8.728811,13.5567045,36.529358,-19.89344,-32.585182,6.7094574,-0.7158659,11.333581,26.451746,-60.05092,6.7752666,-59.204357,8.728462,-14.972935,-5.7499576
378,6.8269572257995605,-4.939465045928955,80.03573608398438,7.967051102171942,-2.8078013430635695,101.23622606296135,0.91684645,23.00799,25.922956,23.048843,-0.12470644,-15.000033,8.227251,-41.345924,-33.806114,36.141136,-13.288247,15.000033,-0.036053013,10.679054,8.5983,16.828457,36.821774,-20.858244,-28.167479,7.396284,-0.15373586,12.671328,24.247383,-59.24812,7.2263412,-59.466846,10.137979,-14.027735,-5.1426134
379,6.515133380889893,-4.89940071105957,80.37999725341797,7.494444096674112,-2.80479629534352,100.47842420473123,1.8778763,23.02,26.398254,21.974747,-0.33531606,-15.000033,9.156947,-40.26064,-34.341385,33.15015,-11.499873,15.000033,0.3386517,9.626997,8.22505,19.622644,36.89852,-22.011826,-22.48664,7.873939,0.5648668,13.34665,21.650673,-58.3966,7.243611,-59.309376,11.588626,-13.090265,-4.2443
380,6.2139410972595215,-4.868875026702881,80.80416870117188,7.260005747980256,-2.358364143669459,99.45535831457298,3.1455684,22.375536,27.175049,19.414871,0.23021074,-15.000033,9.862993,-39.05945,-34.798977,28.916548,-9.158655,15.000033,0.93429834,8.599756,7.7511945,21.435152,36.693005,-22.306164,-15.857255,7.0193124,1.3479115,13.495907,19.430143,-57.535877,6.9863105,-58.959003,13.227177,-12.799528,-3.768318
381,5.913541316986084,-4.869287967681885,81.20503997802734,6.766699631275589,-2.7044744003957453,98.87751385544908,4.534755,21.863972,26.804466,17.350813,0.619806,-15.000033,11.017472,-37.76053,-34.82734,25.947018,-6.949343,15.000033,1.3987876,7.4077272,7.219809,22.154633,36.27241,-22.764215,-7.8948836,7.3322334,2.59234,13.704535,17.601095,-56.756893,6.6142917,-58.568096,14.534269,-12.492859,-3.7753313
382,5.621507167816162,-4.857675552368164,81.53083801269531,6.356571693128857,-2.6707246058188496,98.25278571837183,6.161404,21.369827,27.486635,14.423912,1.255235,-15.000033,11.531067,-36.877438,-34.843773,23.607622,-5.3376656,15.000033,1.5428938,6.2572875,7.0066385,22.356184,35.63416,-23.553854,0.78743386,6.247795,3.6685529,13.904864,16.178247,-55.89845,6.3239737,-58.76467,16.581802,-11.902285,-4.350067
383,5.34808874130249,-4.849931240081787,81.8196029663086,5.911689109085011,-2.5456942876605515,97.5859696766364,7.512708,21.020805,28.103216,11.911181,1.7183074,-15.000033,12.316616,-35.624844,-35.066704,20.321653,-3.2281268,15.000033,1.6627605,5.27541,6.511664,22.092543,34.985947,-24.294706,9.837364,5.397713,4.202182,12.06605,13.843544,-55.008358,5.875623,-58.605335,17.726524,-11.170286,-4.5120463
384,5.061769008636475,-4.838324546813965,82.05144500732422,5.339959630773217,-2.5463256034056534,96.95271089703418,9.280469,20.71927,29.077356,8.8171625,2.586664,-15.000033,13.265094,-34.31259,-35.375935,17.135418,-1.1841358,15.000033,1.6276846,4.2456856,6.0107303,21.28619,34.37261,-25.09123,19.447552,3.8255534,4.622799,12.156425,12.33156,-54.312973,5.8371224,-58.748688,20.96122,-10.458109,-5.237627
385,4.771702289581299,-4.8198065757751465,82.21115112304688,4.789628259927536,-2.1333634038685227,96.30919020160734,10.123091,20.640358,29.870007,6.841117,2.7444587,-15.000033,13.885964,-32.765816,-35.407314,13.352665,1.0411508,15.000033,1.6300975,3.3841786,5.1632586,20.937119,33.825165,-24.93685,27.682022,2.7963583,4.7237945,12.000688,10.683909,-53.897484,5.734428,-58.309563,22.89232,-9.933051,-5.3397408
386,4.465470314025879,-4.797013282775879,82.33688354492188,4.299371968199361,-2.0832983536819785,95.81948020427143,10.446079,20.905296,30.150349,6.70259,2.2425592,-15.000033,14.513955,-31.65598,-35.300285,10.795427,2.46827,15.000033,1.7701226,2.5717561,4.7912726,20.074034,33.353027,-24.855299,34.532116,1.3548999,5.0190806,12.164984,9.270624,-53.610733,5.7358894,-58.132214,24.730156,-10.094576,-5.743559
387,4.137257099151611,-4.770484924316406,82.43470001220703,3.85112333607227,-1.8257425833538505,95.30674493675302,10.582734,21.160698,30.606611,6.607917,1.4897996,-15.000033,14.995512,-30.561317,-35.132587,7.9847484,4.2947617,15.000033,1.704228,1.7634987,4.2725587,19.555637,32.973003,-24.435558,40.765404,-0.9898238,5.0419674,11.989421,7.440006,-53.373913,5.671162,-57.80206,27.045073,-9.748035,-5.9168715
388,3.778005838394165,-4.758556365966797,82.5837173461914,3.2069669356644734,-1.5392171248654487,94.76805735204749,10.600528,21.510511,30.66448,6.522919,0.7153379,-15.000033,14.707499,-29.645021,-34.541073,6.675193,5.155388,15.000033,1.5763309,1.0838991,3.8483129,19.327618,32.652737,-23.478422,45.033634,-2.2740943,5.254785,11.909186,5.909751,-53.054314,5.1760416,-57.269638,28.385923,-9.646886,-5.5214
389,3.4026379585266113,-4.753393650054932,82.78280639648438,2.6092306361444457,-1.5386341373866792,94.20827208626974,10.985735,21.9131,31.226564,6.5150476,0.23768796,-15.000033,14.196642,-29.07342,-33.467815,6.5123425,5.3091803,15.000033,1.3500723,0.22302338,3.8439548,18.794132,32.538734,-22.797138,48.871445,-4.7781205,5.686304,12.514685,4.768502,-52.916206,5.0016584,-56.96076,30.537975,-9.528306,-6.0445886
390,3.019991874694824,-4.7625298500061035,82.94010162353516,2.109470134003931,-1.3094459485268497,93.87944527837465,10.987781,22.222202,31.71228,6.533826,-0.22783752,-15.000033,13.544876,-28.615765,-32.467888,6.374469,5.3460035,15.000033,1.1505097,-0.4971956,3.856812,18.507008,32.57273,-21.900858,51.61977,-6.733505,5.652903,12.544291,3.066395,-52.849426,4.6452456,-56.07455,30.078339,-9.482024,-6.8119135
391,2.639826536178589,-4.801705360412598,83.04708099365234,1.6547165141005287,-0.8423663198843282,93.11019379681544,10.831604,22.363354,32.018227,6.5572743,-0.7069613,-15.000033,12.433192,-28.297922,-31.540428,6.2202897,5.471429,15.000033,0.90241146,-1.1652534,3.8856478,18.576868,32.63847,-20.833944,53.524952,-8.4466505,5.7717953,13.020504,1.5350095,-52.48224,4.0938635,-55.75205,30.235872,-9.109599,-6.465611
392,2.2809841632843018,-4.875073432922363,83.21066284179688,1.1507071357068652,-0.5453855108064835,92.48986895471518,10.721581,22.594105,32.230812,6.629657,-1.0049657,-14.735258,11.510394,-27.851465,-30.522379,6.1051226,5.692523,15.000033,0.76076394,-1.914439,4.084701,18.450235,32.764996,-19.730747,55.217587,-10.763923,5.942431,13.232469,-0.031518787,-52.187958,3.662205,-54.85513,30.308342,-9.06139,-6.365254
393,1.953608751296997,-4.997807502746582,83.3057632446289,0.7500785802768914,-0.12861022372261263,91.98657184279003,10.411314,22.74706,32.500668,6.6540403,-1.2655388,-14.593968,10.558778,-27.546164,-29.859362,5.9800086,5.926935,15.000033,0.63933456,-2.446187,4.215712,18.719776,32.8982,-18.949646,55.720966,-11.664578,6.190573,13.492557,-1.53707,-51.644302,2.9470296,-54.04249,30.614382,-9.113633,-6.0329437
394,1.6765315532684326,-5.182438850402832,83.43785858154297,0.44500850773522943,0.023757890060156453,91.13717427893806,10.448266,22.824625,32.93107,6.7759953,-1.2791739,-14.195964,9.58601,-27.304419,-28.814571,5.931546,5.8922048,15.000033,0.7069975,-3.2642515,4.611798,18.831602,33.138435,-18.322336,56.346466,-12.805067,5.9564614,13.737683,-2.4644222,-51.229496,2.8700116,-53.43774,29.945894,-9.269785,-6.059441
395,1.4466049671173096,-5.4425129890441895,83.47967529296875,0.220453885567943,0.2907389296548739,90.37284271753072,10.218186,22.823486,33.07667,6.884568,-1.2996614,-14.1441345,8.490723,-27.135199,-27.831919,5.893775,5.9112425,15.000033,0.70946956,-3.847981,4.9691877,19.047434,33.39008,-17.701365,56.41588,-13.227779,5.9830728,13.942066,-3.218119,-50.743805,2.78525,-53.102295,29.823309,-9.023377,-5.452278
396,1.2678693532943726,-5.785552024841309,83.54242706298828,0.10752318921483175,0.47958164095553724,89.50577430811332,10.111489,22.851389,33.86821,7.0749764,-1.1435863,-13.766815,7.3405433,-27.066422,-26.80467,5.9032774,6.120401,15.000033,0.7058415,-4.6866374,5.661147,18.90584,33.641106,-16.870138,56.933533,-14.36666,5.7931128,14.251201,-3.8513267,-50.377556,2.874182,-52.66313,29.378082,-8.92399,-5.211447
397,1.1361666917800903,-6.225661754608154,83.58305358886719,0.04312193293452001,0.501984381244657,88.71072805015399,9.945211,22.772211,33.97576,7.269123,-0.86841226,-13.607674,6.320285,-27.003263,-25.810307,5.9631095,5.884028,15.000033,0.7891562,-5.3321123,6.487805,18.585897,33.85984,-16.479286,57.157486,-14.579623,5.7254343,14.4354725,-3.4994693,-50.005047,3.264817,-52.87882,29.188505,-9.045817,-4.991815
398,1.046938419342041,-6.756932258605957,83.51221466064453,0.17052769616015165,0.5086701299497438,88.38773468108448,8.466259,23.260752,33.516846,9.96354,-1.8589573,-13.283506,5.4857364,-27.154661,-24.93802,6.0977507,5.5212893,15.000033,0.8832467,-5.8664694,7.5514183,17.765387,34.047646,-16.522324,57.62693,-14.55136,5.6247344,14.569561,-3.1228213,-49.655228,3.6430943,-53.184307,28.093815,-9.28345,-5.178388
399,0.9926595687866211,-7.3792219161987305,83.4848861694336,-0.03025595814157753,0.3451400365856511,87.8657944143706,6.1917443,24.92704,33.166405,15.158362,-3.836035,-12.763662,4.6642175,-26.889036,-24.183485,6.2776914,5.5580783,15.000033,1.1119794,-6.2604895,8.92971,16.914915,34.058407,-16.30891,57.71666,-15.206968,5.7589874,14.75845,-2.1474755,-49.227203,4.048244,-53.458458,28.343084,-9.608422,-5.2471204
400,0.9749520421028137,-8.080084800720215,83.31320190429688,-0.19048729909127637,0.18551646765030635,87.59928774220243,3.656907,26.516645,32.247604,20.250696,-5.8377805,-12.231092,3.9459355,-26.71027,-23.712484,6.5286813,5.3479714,15.000033,1.2731318,-6.3787146,10.410778,15.718107,33.928436,-16.466585,57.921738,-15.719497,5.7243247,14.861473,-1.5677466,-48.671055,4.4417562,-54.088566,27.272783,-9.737131,-5.35908
401,0.9838774800300598,-8.833720207214355,82.95677185058594,-0.3709678721802379,0.11757532571949472,87.61278256621034,0.41791973,28.172596,30.504013,25.884048,-7.8013983,-11.733871,2.3620503,-26.952414,-23.053064,8.720885,4.1393414,15.000033,1.3987763,-6.2548857,12.103622,14.120603,33.713715,-16.879332,58.17,-16.525986,5.6774535,15.006984,-0.36747763,-48.105778,4.979687,-54.798332,25.667871,-9.61681,-5.8447647
402,1.037870168685913,-9.628705024719238,82.43447875976562,-0.45703630467317685,0.09057572929463992,87.43495821331554,-2.8787136,29.780846,28.89903,31.557505,-9.652763,-11.244117,-0.88773084,-27.69072,-21.263699,13.822041,1.261197,15.000033,1.5651453,-6.0294447,13.820792,12.363593,33.48572,-17.38687,58.297894,-16.758413,5.568364,15.519791,0.84176177,-47.59664,5.6571794,-55.682167,23.958353,-9.974083,-6.636255
403,1.1330255270004272,-10.438905715942383,81.82682037353516,-0.3625669260942912,0.08834329382088281,87.66646228681306,-6.037062,31.20041,27.773693,36.576866,-11.366483,-10.589639,-4.0024514,-28.551828,-19.547194,18.898075,-1.443487,15.000033,1.6230915,-5.8630195,15.598496,10.199975,33.295963,-18.129866,58.120255,-16.519594,5.686183,16.063913,1.2507046,-47.220352,6.142639,-55.93496,22.4344,-10.369885,-7.0808306
404,1.2636353969573975,-11.240678787231445,81.15788269042969,-0.2784932814753778,0.15962384942016722,87.77087779536896,-9.327476,32.464657,26.270666,41.417942,-13.083833,-9.617888,-7.2361217,-29.021181,-17.236597,23.576092,-3.8260703,15.000033,1.7249501,-5.6866283,17.572872,7.53107,33.12335,-18.61332,58.399574,-16.857912,5.592686,16.415344,1.1346931,-46.929276,6.5306005,-55.65387,21.259237,-11.123915,-7.0434422
405,1.421617031097412,-12.01059341430664,80.38536834716797,-0.23215510432841013,0.5392519674088165,87.79967286987738,-13.054453,33.84674,24.754591,46.396267,-14.473088,-8.754039,-10.990825,-29.388,-14.9088335,28.529638,-5.828205,15.000033,1.6784614,-5.389025,19.683167,5.033421,32.920795,-18.867144,58.38203,-17.655497,5.374521,17.244513,0.69534713,-46.73626,7.0156803,-55.408268,19.305155,-11.752792,-7.5384793
406,1.604051113128662,-12.739922523498535,79.58421325683594,0.20430966283612254,1.11103827594714,87.67991639479631,-16.354546,34.397465,23.444075,50.237083,-15.761615,-8.081616,-14.694584,-30.174421,-12.967199,32.837345,-7.662897,15.000033,1.5940759,-5.3041244,21.733341,2.4027617,32.78515,-19.22719,58.48361,-18.217985,4.864536,18.345173,0.47131062,-46.585052,7.6406145,-55.564896,17.720625,-12.953195,-8.692621
407,1.800002098083496,-13.428483963012695,78.60669708251953,0.622372711059132,1.7753949699880454,87.71833769122364,-20.101114,35.14102,22.000244,54.583923,-17.103352,-7.3428826,-18.904922,-31.030388,-10.808143,38.03142,-9.822714,14.81233,1.5566154,-5.2091765,24.29621,-0.8926809,32.72838,-19.817768,58.54531,-19.101297,4.7574716,19.270706,-0.7367641,-46.4593,8.297248,-55.321198,15.095373,-13.789363,-9.517359
408,2.014627456665039,-14.085041046142578,77.73963165283203,0.8441200367415943,2.6936257168984055,87.56002321341273,-23.786795,35.775463,20.43988,58.10305,-17.861378,-6.7285156,-22.819494,-31.232702,-8.912397,41.914886,-11.311532,14.556377,1.4532839,-5.1397657,26.54843,-3.882185,32.73362,-19.912323,58.917217,-20.225382,4.4571114,19.490322,-1.8778679,-46.37883,8.748627,-54.661926,14.252668,-15.472571,-10.775521
409,2.2338132858276367,-14.71738338470459,76.75467681884766,1.127699850990169,3.583875257304645,87.12980504277265,-27.288008,36.375084,18.950005,61.609055,-18.850245,-6.303478,-27.09625,-31.16621,-6.4352555,46.066597,-12.771744,14.425214,1.3963977,-5.0485473,28.960438,-6.774174,32.761017,-19.772066,59.39741,-21.431673,4.3769245,20.406689,-3.3353615,-46.27968,9.401361,-54.349316,13.198472,-16.435831,-12.015552
410,2.444359540939331,-15.331758499145508,75.7375717163086,1.407213609928749,4.720794914518484,87.17231762089405,-31.352465,36.741608,17.19816,64.94269,-19.74022,-5.9147267,-31.428522,-31.599247,-4.8019876,50.39534,-14.139341,13.714307,1.1754,-5.0501056,29.793802,-9.626932,32.69816,-20.27599,60.669365,-23.05513,4.167637,21.048494,-5.000331,-46.04369,10.810337,-52.63151,12.713968,-17.76203,-12.951933
411,2.6428613662719727,-15.929007530212402,74.72718048095703,1.62104625454174,6.197095778836901,86.84360567867645,-35.555046,37.22469,15.593854,68.13303,-20.543606,-5.1810164,-36.220005,-31.548119,-2.922031,54.32161,-15.122253,13.480554,0.9558763,-5.0937667,29.793802,-12.284809,32.517597,-21.211452,62.518612,-24.577925,3.5469859,21.74059,-7.5561686,-45.562145,13.108682,-49.895683,11.810484,-19.176403,-14.237629
412,2.8239870071411133,-16.513813018798828,73.68902587890625,1.8965366323811903,7.66113099603474,86.52221095236092,-39.750137,37.360588,13.78612,71.14417,-21.069912,-4.7957196,-40.726555,-31.440527,-1.1251302,57.69587,-16.260109,13.257436,0.733409,-5.2339067,29.793802,-14.70233,32.30049,-22.012014,64.45688,-25.523638,3.2361221,22.555742,-9.79688,-45.002144,15.51466,-47.449566,10.690894,-20.355804,-15.22928
413,2.9768903255462646,-17.081972122192383,72.67446899414062,1.927377861443711,9.072476983376315,86.27563387156901,-44.031376,37.695488,11.861684,74.06109,-21.593348,-4.288287,-45.199673,-31.382282,0.15449223,61.308,-17.392185,12.52478,0.41273305,-5.292807,29.793802,-17.251652,32.061344,-22.64586,66.81571,-27.513983,2.8965418,22.484425,-12.374223,-44.273716,17.624449,-44.822002,10.792483,-21.101137,-15.321377
414,3.1101462841033936,-17.626371383666992,71.66931915283203,2.250989394931337,10.358773451493553,85.94023365181287,-47.800232,37.358456,10.027513,76.595085,-22.294582,-4.197268,-49.3005,-30.89902,2.14146,64.100914,-18.14874,12.628654,0.1765653,-5.511687,29.793802,-19.741388,31.897617,-23.50368,69.012146,-29.59639,2.041246,22.41225,-14.752839,-43.520245,19.74447,-42.281956,11.0391,-22.321941,-15.08534
415,3.213951349258423,-18.12973403930664,70.52302551269531,2.4795164198662887,12.014633095634816,85.60731504124097,-52.096386,37.42026,8.318799,79.44233,-22.905045,-3.8096335,-53.991547,-30.933744,3.4842837,67.32464,-19.216085,12.065098,-0.083646104,-5.5836263,29.793802,-21.611153,31.736357,-24.279922,70.43811,-30.614033,1.4430661,23.391315,-16.575819,-42.69787,21.728722,-40.381287,9.05134,-22.895687,-16.034332
416,3.283172845840454,-18.599084854125977,69.5246353149414,2.6087754047282616,13.395546643473008,85.19525139389431,-55.864567,37.234035,6.526616,81.857,-23.370527,-3.406157,-58.157692,-30.565386,4.8600082,70.13939,-19.89932,11.7610855,-0.37253204,-5.7742786,29.793802,-23.304745,31.636763,-25.120949,71.99155,-31.717539,0.79097646,23.806602,-18.122002,-41.78829,23.207455,-38.532295,8.7015295,-23.306309,-16.797085
417,3.3168482780456543,-19.025203704833984,68.43707275390625,2.899135968170679,14.862287582569074,84.97339674813745,-59.70578,37.037064,5.0285425,84.39293,-23.782124,-3.0824127,-62.36783,-30.498009,6.294038,72.87788,-20.571558,11.155487,-0.78131175,-6.0043783,29.793802,-24.719507,31.562477,-25.744255,73.37986,-32.807335,0.1863889,23.740957,-19.866663,-40.910732,24.511354,-36.523624,8.0014305,-23.664078,-16.1137
418,3.305004835128784,-19.410375595092773,67.43357849121094,3.1702925883618445,16.183167108376768,84.94209463709065,-63.220665,36.280125,3.3576953,86.51767,-24.128855,-2.9702575,-66.16625,-30.229248,7.8337407,75.34416,-21.301386,10.974795,-0.9933282,-6.126333,29.793802,-25.828024,31.459713,-26.13501,74.17382,-33.93058,-0.48598975,24.48794,-20.886148,-40.01876,25.651814,-34.872723,7.701568,-23.943731,-17.081663
419,3.243663787841797,-19.75640296936035,66.3858642578125,3.452589791743082,17.37083042384858,85.04290922176082,-66.60026,35.71104,1.9468348,88.76663,-24.466015,-2.678046,-69.990425,-30.308926,9.307755,78.081184,-22.151741,10.150675,-1.2812896,-6.29194,29.793802,-26.831594,31.404703,-26.50174,74.86475,-34.071865,-0.6268097,24.824814,-22.05869,-39.116997,26.534222,-33.03821,7.139186,-24.215986,-17.434116
420,3.1269054412841797,-20.070119857788086,65.40943145751953,3.2928935590657527,18.173713056411184,84.98387436534279,-69.77552,35.231964,0.071353324,91.021935,-24.9683,-2.6623657,-73.08927,-29.982548,10.37335,80.64671,-22.641096,9.760067,-1.5041331,-6.4613,29.793802,-27.580004,31.36547,-26.551462,75.69805,-35.224503,-1.0605043,24.74009,-23.228674,-38.320984,27.314442,-31.195307,7.631191,-24.853493,-16.43335
421,2.9654250144958496,-20.342592239379883,64.42543029785156,3.1369283052510877,19.124089300680293,85.02691774116364,-72.88795,34.913746,-1.4710681,93.11486,-25.45128,-2.4104266,-76.18927,-29.667276,11.494188,83.043594,-23.476303,9.510524,-1.5349417,-6.4217243,29.793802,-27.90079,31.282774,-26.408796,76.19933,-36.15391,-1.2612242,25.28383,-23.734676,-37.508522,28.076136,-29.92455,7.207346,-24.604452,-17.102938
422,2.7611732482910156,-20.58690071105957,63.500587463378906,2.82315361705967,19.937644772251492,84.90454518705417,-75.747475,34.44493,-3.167009,95.087524,-26.103474,-2.3935425,-78.90598,-29.1637,12.457029,85.12674,-24.262932,9.475357,-1.6757619,-6.383366,29.793802,-28.135157,31.221422,-26.502642,76.45513,-37.44384,-1.910614,26.004063,-24.691605,-36.766117,28.496048,-28.510216,6.733965,-24.65268,-16.93678
423,2.5310091972351074,-20.808713912963867,62.55482482910156,2.747395824276125,20.750995280782938,84.89420903203239,-78.53503,33.91478,-4.5152893,97.186554,-26.523361,-1.974772,-81.66821,-28.644384,13.833559,87.13928,-24.864103,9.127952,-1.9467912,-6.7097864,29.793802,-28.258942,31.217798,-26.69786,77.45768,-38.4929,-2.1348839,25.74535,-25.997633,-36.154575,29.11155,-26.937618,6.7780294,-25.365412,-16.75893
424,2.276456356048584,-21.021026611328125,61.66497039794922,2.5095082535903677,21.2553263454045,84.9017893858112,-80.87529,33.366394,-5.8879337,99.06544,-27.03663,-1.9954435,-84.020744,-28.264072,14.904077,89.1414,-25.316065,9.171384,-2.1740854,-6.8706207,29.793802,-28.232136,31.233982,-26.770924,77.97765,-39.29005,-2.663592,26.138094,-26.923853,-35.67332,29.482626,-25.563826,7.4843364,-25.377024,-15.974957
425,2.0147292613983154,-21.22579002380371,60.81145477294922,2.2724978550562107,21.88378234859273,84.89242914286703,-83.26458,33.009335,-7.0449643,100.85575,-27.503538,-1.7452589,-86.425705,-27.855906,15.937918,90.96123,-25.814575,9.029076,-2.2178733,-6.859716,29.793802,-28.155975,31.226694,-26.644865,78.39358,-40.50685,-3.1187341,26.505232,-27.544485,-35.247856,29.892885,-24.677559,6.6393642,-25.280201,-16.034441
426,1.7515172958374023,-21.437990188598633,59.82065963745117,1.7781528025795774,22.21238513665876,84.56466738346221,-85.765305,32.50126,-8.877029,103.108315,-28.060274,-1.7253766,-88.64765,-27.185179,16.825006,93.03101,-26.346598,8.944697,-2.2560675,-6.7949266,29.793802,-28.05861,31.192253,-26.40215,78.50905,-42.3134,-3.864505,27.064568,-28.135483,-34.839466,30.131477,-23.670547,7.3250794,-25.218008,-15.222072
427,1.5047842264175415,-21.653032302856445,58.95021057128906,1.6605110965549064,22.52159328643937,84.71182001195527,-87.71288,32.09661,-9.783179,104.792625,-28.587717,-1.7669399,-90.74382,-27.047886,17.92415,94.83543,-26.831045,8.625382,-2.3563898,-6.8440304,29.793802,-27.783043,31.150421,-26.26285,78.9658,-42.88047,-4.169095,27.267311,-28.23263,-34.54632,30.55319,-22.998856,6.5979633,-25.229422,-15.178237
428,1.2774133682250977,-21.880695343017578,58.066471099853516,1.4293557925266276,22.573104515201162,84.70815625742225,-89.51591,31.427324,-11.0559435,106.56938,-28.757154,-2.043197,-92.45381,-26.504673,18.989513,96.580536,-27.240158,8.966289,-2.2959661,-6.754312,29.793802,-27.46136,31.02932,-25.980343,79.09424,-43.696922,-4.5965815,27.067095,-28.315561,-34.2111,30.4407,-22.306696,6.245906,-25.11113,-15.061304
429,1.0734517574310303,-22.113990783691406,57.114768981933594,1.2532646048675884,22.60176679619009,85.00262280511822,-91.4024,30.735464,-12.219529,108.36201,-29.20297,-2.326212,-94.36958,-26.387684,20.117126,98.64588,-27.805302,8.595237,-2.2985518,-6.70556,29.793802,-27.383947,30.936142,-25.949669,79.419136,-44.568165,-4.9707093,27.14819,-28.610826,-33.92714,30.333336,-21.672796,6.22608,-24.9836,-14.256806
430,0.9002107381820679,-22.352968215942383,56.225406646728516,1.0124905733963385,22.59141975621057,85.09470199761063,-93.18863,30.250824,-13.3741255,110.05036,-29.687983,-2.5286133,-95.98542,-26.069649,21.023947,100.35057,-28.088081,8.666129,-2.2458246,-6.6496453,29.793802,-27.187895,30.836855,-25.599846,79.44619,-44.902626,-5.1736236,27.20066,-28.567406,-33.74661,30.34215,-21.190195,5.8302655,-24.70484,-13.603405
431,0.7572035789489746,-22.596576690673828,55.41978454589844,0.9191905860612922,22.60352840577247,85.49696135367101,-94.783554,29.637815,-14.20146,111.4257,-29.792648,-2.7628233,-97.51605,-25.892004,22.084019,101.995834,-28.788183,8.52831,-2.3528745,-6.7097845,29.793802,-26.989748,30.79669,-25.32829,79.70441,-45.593563,-5.1924324,27.153894,-28.985971,-33.73684,30.429922,-20.585768,5.6528544,-24.15229,-12.9847
432,0.6444961428642273,-22.855186462402344,54.4553337097168,0.8171394280819332,22.061386705548767,85.63483578553353,-96.03561,29.079231,-15.340744,113.21274,-30.302044,-3.0435028,-98.80974,-25.546888,23.252247,103.92693,-29.308907,8.506206,-2.28355,-6.519823,29.793802,-26.745451,30.737797,-24.98647,79.52723,-46.64717,-5.7055616,27.399694,-29.252268,-33.83224,30.502035,-20.15955,6.1677175,-24.03203,-12.4618845
433,0.5602210760116577,-23.1088809967041,53.625606536865234,0.7172572198581065,21.800415729928385,86.03082784218577,-97.44332,28.640596,-16.174263,114.583954,-30.649626,-3.311184,-100.097755,-25.537216,24.188984,105.54449,-29.852098,8.352226,-2.2405298,-6.391703,29.793802,-26.530504,30.673647,-24.726498,79.428505,-46.1851,-5.9204493,27.512241,-29.174768,-33.960777,30.4143,-20.030415,5.7038836,-23.868708,-12.375892
434,0.5075265169143677,-23.366222381591797,52.79289627075195,0.7011650100714765,21.305405035744023,86.18600377683184,-98.49798,28.17042,-17.055239,116.02035,-31.002375,-3.6287193,-101.1923,-25.17968,25.220524,107.12597,-30.133167,8.569418,-2.2569625,-6.3445377,29.793802,-26.30029,30.624996,-24.531322,79.163055,-46.392365,-6.232256,27.551826,-29.340296,-34.207764,30.562807,-19.844084,5.578229,-23.677994,-12.058545
435,0.48102954030036926,-23.612398147583008,51.972984313964844,0.6333856291564749,21.08309748901325,86.44467327035524,-99.902855,27.702477,-17.957285,117.350746,-31.226664,-3.7767494,-102.508194,-24.988827,26.108456,108.64824,-30.634933,8.54525,-2.200878,-6.204462,29.793802,-26.230223,30.605486,-24.56172,78.835495,-46.73828,-6.699414,28.106047,-29.558857,-34.48361,30.41229,-19.779062,4.2951474,-23.343355,-12.405099
436,0.4870954751968384,-23.855506896972656,51.16381072998047,0.9932432377874925,20.617822106360347,86.69468166918516,-100.791084,27.05315,-18.486952,118.71931,-31.60412,-4.0052857,-103.62533,-24.467155,27.530413,110.07275,-30.909657,8.768111,-2.1587613,-6.198076,29.793802,-26.335238,30.585588,-24.618837,78.673096,-47.557167,-7.0192595,28.726757,-29.80379,-34.7599,30.267582,-19.842512,4.1376786,-22.94576,-12.248757
437,0.5063024759292603,-24.081506729125977,50.473941802978516,0.8293953497312981,20.314604635850596,86.79384040171287,-101.96391,26.736322,-19.435387,119.8155,-31.666136,-4.1193266,-104.63232,-24.168419,28.120375,111.368774,-31.058313,8.67145,-2.219103,-6.134427,29.793802,-26.301458,30.575487,-24.757406,78.63291,-47.167698,-7.238932,29.079372,-30.099354,-35.03989,30.175234,-19.937838,3.3587139,-22.750343,-12.303796
438,0.5520357489585876,-24.29376792907715,49.92315673828125,1.2553951538671775,20.056628157004354,87.30497984659856,-102.594925,26.24111,-19.451443,120.497955,-31.915369,-4.4067507,-105.53235,-23.951445,29.325829,112.37389,-31.297485,8.799609,-2.3201115,-6.2465453,29.793802,-26.455854,30.511885,-24.914885,78.80861,-47.636402,-7.0996337,28.455448,-30.188942,-35.316963,30.26762,-20.10231,3.101909,-22.653229,-12.346356
439,0.6006901860237122,-24.493820190429688,49.27773666381836,1.0554242263899818,19.61230344589804,87.42031839417926,-103.48819,25.63682,-20.513624,121.49358,-31.884708,-4.772316,-106.143814,-23.676453,29.782776,113.53803,-31.583414,9.163149,-2.266858,-6.0999584,29.793802,-26.23644,30.48481,-25.314142,78.35712,-47.091732,-7.5282164,29.467907,-30.524698,-35.514366,29.776587,-20.24948,2.4408846,-21.935364,-12.664216
440,0.6701183915138245,-24.676040649414062,48.840877532958984,1.31408253860727,19.264760546599902,87.659818556391,-103.895905,25.316542,-20.71047,122.03963,-32.024185,-5.0153794,-106.64854,-23.296202,30.595978,114.327324,-31.891085,9.388043,-2.3272283,-6.152308,29.793802,-26.396648,30.429827,-25.46911,78.34806,-47.214363,-7.498756,29.37711,-31.002605,-35.762844,29.837011,-20.338715,2.6726136,-21.935709,-12.18666
441,0.7432083487510681,-24.8413028717041,48.43339920043945,1.4570367088764253,18.82042935743392,87.88915055007543,-104.15832,24.780792,-21.099312,122.56828,-32.254215,-5.3837066,-107.05192,-23.20364,31.18949,115.09408,-31.902136,9.459614,-2.293094,-6.1271687,29.793802,-26.570578,30.367422,-25.523178,78.270966,-47.650368,-7.422893,29.038408,-31.005793,-35.986153,29.901228,-20.464071,2.9092894,-21.632195,-12.3064165
442,0.8181228041648865,-24.983409881591797,48.088523864746094,1.429937155021144,18.585055861542916,88.15025965268411,-104.68415,24.336273,-21.551764,122.97694,-32.06517,-5.637057,-107.447296,-23.150679,31.531208,115.772995,-31.99701,9.537458,-2.4543269,-6.2185903,29.793802,-26.659536,30.392859,-26.008135,78.15336,-47.46329,-8.015363,28.461678,-31.381723,-36.13403,29.42722,-20.528059,3.5042958,-21.254696,-12.143075
443,0.9039539694786072,-25.108219146728516,47.75719451904297,1.6676982018541877,18.17353965040056,88.57533937293597,-104.810905,23.874184,-21.643042,123.3045,-32.28697,-6.0084248,-107.564445,-22.866566,32.31278,116.48391,-32.302494,9.979132,-2.4444628,-6.308686,29.793802,-26.879427,30.408382,-25.991682,77.89809,-47.66514,-8.208371,28.736504,-31.477598,-36.308617,29.173311,-20.559494,3.7103908,-20.792578,-12.006815
444,0.9848738312721252,-25.206151962280273,47.5348014831543,1.5768683101213439,18.01173372493044,88.76535425213842,-105.099205,23.500982,-22.037374,123.45457,-32.282375,-6.417287,-107.63416,-22.725016,32.448833,116.92134,-32.491264,10.169243,-2.4116857,-6.2889085,29.793802,-27.095598,30.449371,-26.378164,77.85998,-47.630867,-8.480647,28.761625,-31.510351,-36.42037,29.000408,-20.666704,4.5045695,-21.041573,-12.270604
445,1.0704015493392944,-25.285717010498047,47.34961700439453,1.6882741578370781,17.79077316567418,89.12550410466481,-105.26732,23.266857,-22.091497,123.57382,-32.241673,-6.565803,-107.64553,-22.533783,32.902203,117.42136,-32.623398,10.380541,-2.4032152,-6.2938604,29.793802,-27.33197,30.49,-26.38959,77.55399,-47.26227,-8.228491,28.54711,-31.54312,-36.52028,28.659355,-20.64335,4.741847,-20.800219,-12.261959
446,1.1511073112487793,-25.344709396362305,47.24270248413086,1.7125180801853486,17.67068406070089,89.4348688408325,-105.390526,23.042545,-22.171839,123.56556,-32.100048,-6.680379,-107.66234,-22.543997,33.110153,117.75123,-32.802383,10.41191,-2.437262,-6.2679744,29.793802,-27.541487,30.522331,-26.575891,77.423035,-46.553036,-8.10321,28.394598,-31.634275,-36.613968,28.690947,-20.631723,4.0719213,-20.898287,-13.069438
447,1.227769136428833,-25.393253326416016,47.10636901855469,1.7815484550916818,17.472457835200927,89.66762055642442,-105.427536,22.738155,-22.303898,123.67711,-31.973658,-6.828231,-107.65546,-22.45629,33.39522,118.14149,-32.889816,10.499105,-2.439992,-6.2311773,29.793802,-27.647102,30.524025,-26.611738,77.2962,-46.04973,-7.991542,27.92726,-31.798412,-36.691433,28.68279,-20.672329,3.7754004,-20.96571,-13.4374895
448,1.3005759716033936,-25.433517456054688,46.9921875,1.8562801463344552,17.239637440016267,89.77639384712693,-105.444336,22.765806,-22.39369,123.80405,-31.973415,-6.8351583,-107.423164,-22.106083,33.66166,118.43716,-33.10932,10.800881,-2.3903716,-6.0062027,29.793802,-27.678946,30.444426,-26.463287,77.26018,-46.66142,-7.988682,28.114128,-31.987976,-36.789085,28.72774,-20.89651,4.516108,-21.209482,-12.923052
449,1.3619966506958008,-25.469038009643555,46.82963943481445,1.8473082105595173,16.96058446306938,89.9087395361619,-105.43112,22.589125,-22.644138,123.993256,-31.883587,-6.8664484,-107.333534,-21.942575,33.89051,118.854645,-33.170544,11.019407,-2.3469217,-5.8730707,29.793802,-27.644121,30.390034,-26.552708,77.04058,-46.24261,-8.002498,28.121601,-32.06306,-36.891182,28.618052,-20.90439,4.636164,-20.94904,-13.360904
450,1.416595697402954,-25.50147247314453,46.709190368652344,1.8388144039855367,16.752375875466115,89.90383499881499,-105.424545,22.498898,-22.891823,124.162315,-31.991709,-6.909478,-107.172676,-21.665644,34.018444,119.10968,-33.41994,11.169864,-2.297661,-5.715672,29.793802,-27.713099,30.32218,-26.430834,77.24339,-45.974365,-7.8045945,28.613451,-32.292564,-37.042652,28.685324,-21.021006,5.0562453,-21.333805,-12.80462
451,1.4649611711502075,-25.532855987548828,46.65561294555664,2.0159501959299213,16.620062588653614,90.10578977754268,-105.239365,22.141275,-22.80678,124.147545,-31.762352,-7.0377717,-107.110596,-21.432163,34.395103,119.348274,-33.452133,11.306579,-2.32831,-5.710827,29.793802,-27.784056,30.267069,-26.28301,77.087395,-45.758736,-7.4401317,28.44078,-32.250893,-37.211697,28.60795,-21.010988,4.535352,-21.322533,-13.615223
452,1.4982386827468872,-25.565601348876953,46.582550048828125,1.6859532743216956,16.464655007945435,90.05928015482523,-105.2715,22.01382,-23.324034,124.18713,-31.740625,-7.078147,-106.691086,-21.16732,34.119232,119.48711,-33.578747,11.553323,-2.2205951,-5.4969883,29.793802,-27.855488,30.265837,-26.348064,77.19341,-45.533566,-7.3390217,28.731722,-32.229675,-37.411694,28.634365,-20.867596,4.2356977,-21.231535,-13.664037
453,1.5322386026382446,-25.60366439819336,46.469383239746094,1.8836886650604088,16.218011558519517,90.11169775667081,-105.09369,21.709755,-23.350182,124.39282,-31.5392,-7.1220756,-106.89234,-21.131533,34.498177,119.81043,-33.54798,11.304506,-2.1765819,-5.4258275,29.793802,-27.76091,30.194786,-26.022562,77.032814,-45.54503,-7.2405233,28.274235,-32.2615,-37.61464,28.54586,-21.049297,4.1428456,-21.439415,-13.631162
454,1.5586169958114624,-25.646820068359375,46.352142333984375,1.9809393415064376,15.90339980425331,90.08811799078177,-105.02639,21.73473,-23.434675,124.643036,-31.448048,-7.0361795,-106.82511,-20.878653,34.785625,120.0879,-33.669765,11.248595,-2.1295862,-5.2799163,29.793802,-27.649303,30.081778,-25.883345,77.08015,-46.13624,-7.2093573,28.41715,-32.319084,-37.785877,28.445744,-21.143913,4.8454466,-21.56643,-13.653442
455,1.5726282596588135,-25.687292098999023,46.26487350463867,1.9301193129096812,15.846790390781992,90.11211066471822,-105.10541,21.589787,-23.60468,124.73265,-31.321949,-7.0256443,-106.861176,-20.747513,34.837807,120.268654,-33.698994,11.326811,-2.2177227,-5.360778,29.793802,-27.568718,30.072649,-26.38134,77.08264,-45.478188,-7.3336563,28.520794,-32.369976,-37.965252,28.405947,-21.10022,4.1563697,-21.566498,-14.357639
456,1.5797370672225952,-25.73629379272461,46.117164611816406,1.9279348427082226,15.638051786940304,90.17076309236593,-105.07023,21.305817,-23.771778,124.90432,-31.473206,-7.340079,-106.81041,-20.501753,35.088345,120.53312,-33.794617,11.455842,-2.2216635,-5.3417783,29.793802,-27.5192,30.054367,-26.42271,77.089005,-45.591106,-7.3655076,28.39353,-32.371464,-38.19173,28.376183,-21.134026,4.288719,-21.879164,-14.168156
457,1.5801867246627808,-25.784713745117188,45.98750305175781,1.8604078183952348,15.558101010409583,90.09326834982605,-105.287254,21.317522,-24.002253,125.10689,-31.362352,-7.2751646,-106.91017,-20.294626,35.131332,120.70043,-33.77895,11.602305,-2.2001235,-5.2967634,29.793802,-27.388641,30.050383,-26.520132,76.98953,-45.260773,-7.3340135,28.557869,-32.335545,-38.383804,28.222036,-21.356724,3.7570174,-21.813406,-14.506235
458,1.5756126642227173,-25.837186813354492,45.861717224121094,1.7903277181765862,15.412187692480916,90.0572573826299,-105.31719,20.995321,-24.271627,125.2895,-31.18424,-7.520521,-106.82323,-19.923347,35.264393,120.88993,-33.69951,11.78535,-2.1688154,-5.2458606,29.793802,-27.332336,30.069603,-26.658585,76.96129,-45.578472,-7.390943,28.782648,-32.210377,-38.544018,27.991957,-21.392641,3.8003862,-21.816746,-14.855862
459,1.5718539953231812,-25.8874454498291,45.742218017578125,1.7399753576763977,15.314235518196812,90.068801015843,-105.46349,20.767359,-24.480463,125.46913,-31.072216,-7.5779357,-106.72478,-19.503885,35.43447,121.062225,-33.59905,12.087063,-2.1718102,-5.2585974,29.793802,-27.234917,30.084547,-26.846367,76.89105,-45.45799,-7.3832583,28.894619,-31.960953,-38.647976,27.70876,-21.48007,3.2550328,-21.806032,-15.406201
460,1.5703433752059937,-25.933807373046875,45.661678314208984,1.7191143480716633,15.266664048450897,90.0173733057419,-105.519135,20.462523,-24.662622,125.59327,-31.070057,-7.7582507,-106.67292,-19.202892,35.513954,121.109985,-33.59956,12.319043,-2.1308763,-5.259278,29.793802,-27.234686,30.086609,-26.948963,76.98571,-45.864876,-7.4113216,28.846458,-31.849468,-38.747025,27.636751,-21.674582,2.9486866,-21.764526,-15.221696
461,1.5728923082351685,-25.977083206176758,45.43874740600586,1.7107255707049025,15.111376613880434,90.06274069499908,-105.69588,20.160198,-24.928093,125.91102,-31.07165,-7.9676433,-107.03702,-19.205042,35.76291,121.51831,-33.57155,12.200011,-2.1521978,-5.268724,29.793802,-27.124254,30.095451,-27.061571,76.97122,-45.513477,-7.35296,28.811878,-31.638933,-38.823616,27.459652,-21.878937,2.3731067,-21.780481,-15.292675
462,1.5836410522460938,-26.014110565185547,45.28578186035156,1.8290900648933943,14.915115402664213,90.13706199893278,-105.66748,19.762112,-25.029142,126.1587,-31.012335,-8.16774,-107.25059,-19.19853,36.088223,121.82137,-33.551563,12.1419525,-2.140206,-5.294972,29.793802,-27.047571,30.06378,-26.997972,76.99945,-45.881546,-7.2826905,28.709417,-31.264404,-38.829792,27.190498,-22.060766,2.0857403,-21.6379,-15.376725
463,1.6023039817810059,-26.032054901123047,45.23008346557617,1.7675184485328634,15.150909827915907,89.97455745927249,-106.08376,19.956518,-25.205894,126.219826,-31.11446,-7.975624,-107.46765,-18.972773,35.961773,121.77008,-33.674736,12.191108,-2.152307,-5.251,29.793802,-27.054436,30.066101,-27.170784,77.250435,-45.809525,-7.207129,28.855314,-31.31633,-38.8587,27.406286,-22.498833,1.4702059,-21.618118,-15.330523
464,1.6311242580413818,-26.051855087280273,45.11074447631836,1.9737891791590418,15.007955016796853,90.14381440021832,-106.16229,19.865314,-25.094086,126.39972,-31.136236,-7.97718,-107.55245,-18.827553,36.39088,122.02789,-33.572426,12.483259,-2.204708,-5.3657393,29.793802,-26.935722,30.03805,-27.17826,77.27837,-45.907314,-7.1698318,28.416468,-30.880356,-38.853367,27.418211,-22.657595,1.0383706,-21.534946,-15.595878
465,1.6599714756011963,-26.06426429748535,44.9810905456543,1.9224670419153769,14.92544528291762,90.07011801120294,-106.299286,19.783133,-25.397915,126.622345,-31.195877,-7.9984517,-107.65085,-18.709038,36.43397,122.23848,-33.587563,12.448309,-2.1217203,-5.206824,29.793802,-26.872915,29.962086,-27.112053,77.43816,-46.336086,-7.085961,28.416288,-30.508144,-38.78187,27.199102,-22.918407,0.762854,-20.8633,-15.532727
466,1.6943278312683105,-26.07404899597168,44.84038162231445,2.0236321047197747,14.883506105206564,90.23333900720824,-106.479614,19.519514,-25.453085,126.79989,-31.094202,-8.17503,-107.793915,-18.58742,36.767548,122.53173,-33.614624,12.614013,-2.1956367,-5.323079,29.793802,-26.785778,29.910042,-27.144278,77.517334,-46.509274,-7.1771684,28.337467,-30.20734,-38.70242,27.004452,-23.013763,0.846061,-20.86699,-15.749721
467,1.734467625617981,-26.080793380737305,44.785526275634766,2.153095477132862,14.944609695308545,90.202399032002,-106.54085,19.43336,-25.473953,126.86331,-31.073183,-8.170106,-107.75343,-18.161118,36.96367,122.58618,-33.726276,13.033362,-2.1866682,-5.3686495,29.793802,-26.662956,29.81523,-27.271978,77.71834,-46.623096,-7.032555,28.305992,-30.032312,-38.630142,27.271769,-23.172297,0.3739309,-20.968477,-16.220503
468,1.7716673612594604,-26.092411041259766,44.7177848815918,2.224958457197332,14.901869463643997,90.23080487812439,-106.62469,19.371391,-25.537552,126.96732,-31.122902,-8.108692,-107.77424,-17.99067,37.109703,122.71999,-33.787876,13.168035,-2.259276,-5.4661307,29.793802,-26.42219,29.693651,-27.505276,77.927765,-46.4874,-7.077018,28.031801,-29.745157,-38.483295,27.250101,-23.136786,0.18103077,-20.97603,-16.370914
469,1.8095901012420654,-26.106056213378906,44.70796585083008,2.316005588303269,14.882768986125923,90.18099006187617,-106.642235,19.4452,-25.54499,126.99916,-31.236502,-7.9607797,-107.67047,-17.809088,37.15648,122.68686,-33.967968,13.433932,-2.218494,-5.5034914,29.793802,-26.22581,29.54434,-27.009192,78.08904,-46.48587,-6.5167074,28.25472,-29.390705,-38.416504,27.335167,-22.926392,-0.68124694,-20.652971,-16.348675
470,1.8419137001037598,-26.125896453857422,44.623470306396484,2.384009051663815,14.624198057611299,90.11462356177519,-106.570114,19.605265,-25.624508,127.171394,-31.391739,-8.057815,-107.730896,-17.87889,37.225292,122.853516,-33.914368,13.4252405,-2.4043148,-5.7073965,29.793802,-25.576962,29.38978,-26.869087,78.277214,-46.669895,-6.5942764,28.251417,-29.060848,-38.349533,27.283512,-22.666508,-1.1140121,-20.09431,-16.43089
471,1.877614140510559,-26.136980056762695,44.593929290771484,2.5191280505214912,14.478260152803966,89.92216895327599,-106.4318,19.853613,-25.633505,127.2818,-31.673357,-8.096274,-107.56769,-17.490868,37.33598,122.86843,-33.903435,13.708066,-2.60045,-5.9575005,29.793802,-24.70171,29.195953,-26.646069,78.37853,-46.099808,-6.6419535,28.288294,-28.717464,-38.362164,27.117804,-22.33001,-0.84548503,-20.027802,-15.953448
472,1.9111789464950562,-26.131439208984375,44.63865280151367,2.491305488568305,14.301109667886303,90.0113017382258,-106.15533,19.898623,-25.614616,127.17497,-31.701303,-8.237263,-107.16916,-17.401493,37.341125,122.90709,-33.942818,13.814247,-2.9286485,-6.46575,29.793802,-23.647547,29.044132,-26.405128,78.409836,-45.718777,-6.7089024,28.13729,-28.040308,-38.555977,26.835463,-21.264284,-2.083777,-19.83341,-17.06731
473,1.9520599842071533,-26.10018539428711,44.67316436767578,2.368390284941645,14.000022994466454,89.921001582805,-105.8818,20.157679,-25.838812,127.23329,-31.774864,-8.148341,-106.66724,-17.283115,37.17072,122.97552,-33.911545,13.823076,-3.2619436,-6.951127,29.793802,-22.079569,28.912125,-25.458258,78.554306,-45.307705,-6.3534117,28.185303,-27.22759,-39.098232,26.282944,-19.906246,-2.875028,-19.656942,-17.3118
474,2.009265184402466,-26.026391983032227,44.747154235839844,2.3223045169726344,13.749097198558927,89.93132483927988,-105.51283,20.727512,-25.820179,127.125046,-31.929626,-8.090701,-105.874565,-16.879215,37.192104,123.066765,-34.077667,14.117713,-3.6980295,-7.6143746,29.793802,-19.914305,28.867994,-23.994358,78.41704,-45.21322,-6.066557,28.544342,-26.310892,-40.139572,25.546333,-18.165422,-3.674557,-18.43949,-17.139332
475,2.082404851913452,-25.89015007019043,44.92518615722656,2.422920587856142,13.857492281687412,89.8168365711333,-105.00153,21.196772,-25.615898,126.83889,-32.36943,-8.272408,-105.23102,-16.341864,37.15459,122.93474,-34.326653,14.607088,-4.3498597,-8.615211,29.793802,-17.186626,28.933722,-23.037441,78.49212,-44.183666,-5.94297,29.350332,-25.352644,-41.634132,24.614828,-16.304594,-4.594149,-16.938465,-17.38898
476,2.1634485721588135,-25.692230224609375,44.98895263671875,1.9933635052290435,13.767833141861761,89.65585759833435,-104.73976,21.722303,-26.209002,126.82579,-32.582806,-8.317104,-104.34191,-15.871052,36.711246,123.16001,-34.60155,14.649997,-4.909023,-9.546659,29.793802,-13.9289465,29.24727,-21.46338,78.413864,-43.279846,-5.7359786,29.623407,-24.693819,-43.91847,23.543844,-13.463438,-4.7765565,-16.159575,-18.605286
477,2.270939826965332,-25.409313201904297,45.228965759277344,2.074788262847094,13.941787242305205,89.77991287137435,-104.47135,23.085442,-25.793238,126.467514,-32.90126,-7.7189527,-103.81389,-15.660605,36.754524,123.34175,-34.63563,14.272712,-5.8602214,-10.847428,29.793802,-10.153494,29.929409,-19.466993,78.32811,-41.33514,-5.1555715,30.195059,-23.874283,-46.982975,21.384611,-10.625563,-5.5899296,-14.432561,-21.841625
478,2.391765832901001,-25.038894653320312,45.66762924194336,2.016726385229554,14.318939092933878,89.99403447703595,-104.13177,24.3104,-25.343765,125.82832,-32.93474,-7.298504,-102.68002,-15.375424,36.47384,123.14641,-34.67557,14.424235,-6.8058076,-12.314344,29.793802,-6.129459,30.916372,-17.068016,78.338394,-40.007656,-4.5411143,30.029772,-23.873373,-50.982605,19.06105,-6.9572015,-5.8002124,-12.465396,-23.610006
479,2.5224156379699707,-24.577484130859375,46.16352462768555,1.5292110478865497,14.86032449479692,89.68432080403191,-103.88499,25.6537,-25.642052,125.23524,-33.050053,-6.578577,-101.32673,-14.621101,35.509407,122.76464,-34.392906,14.434736,-7.8120966,-13.885451,29.793802,-1.5324105,32.015003,-14.766828,78.00249,-39.906723,-3.3812551,30.899887,-23.988178,-55.746094,16.959724,-2.7039676,-6.1715107,-8.949202,-25.343786
480,2.676549196243286,-24.015132904052734,46.763458251953125,1.3404623427828437,16.11392291528261,90.00410470184272,-103.787834,26.334967,-25.250732,124.17533,-33.10038,-6.092722,-100.41573,-14.152185,34.95392,122.35263,-34.385292,14.411344,-8.496402,-15.238643,29.793802,2.7572372,33.138996,-12.489174,77.99632,-40.477104,-1.3885053,30.503086,-24.54511,-61.21086,16.09925,2.6188347,-5.2066383,-5.1942177,-26.321146
481,2.8601911067962646,-23.372716903686523,47.52207565307617,1.0520895839210378,17.315341210439534,90.20181149564823,-103.97404,28.244257,-24.737843,123.03297,-33.6998,-4.861399,-99.16871,-13.495383,34.15257,121.761475,-33.610504,14.069722,-8.784992,-15.814684,29.793802,7.6141047,33.579205,-10.43437,76.01138,-42.95196,-0.549156,32.00603,-23.9902,-66.360794,13.827282,6.6710258,-2.4873972,-0.38998803,-26.884954
482,3.0762205123901367,-22.646854400634766,48.29592514038086,0.7947344729374057,19.376166837527027,89.68039083583734,-104.43947,29.340841,-24.62891,121.92597,-33.552658,-3.854601,-98.95596,-12.780893,32.948166,120.61581,-33.262245,13.365481,-9.101422,-16.478188,29.793802,11.4304285,33.57167,-9.686481,75.90329,-45.80432,0.7942865,31.008265,-24.053387,-71.96152,13.449191,17.033493,3.1497562,3.4933763,-25.599178
483,3.3478379249572754,-21.884315490722656,48.980262756347656,1.3017971547423584,20.687790552188424,90.16815842484566,-104.26663,31.29308,-23.13699,120.741745,-33.57812,-3.0818386,-97.96794,-12.276041,33.002285,120.00919,-33.429295,13.777007,-9.046507,-16.288254,29.793802,15.256824,32.65396,-10.248513,76.8539,-49.02959,2.5630167,28.59536,-23.637018,-77.538704,13.307964,28.760958,9.043605,6.5277295,-24.60126
484,3.6547954082489014,-21.072349548339844,49.66366195678711,1.9100842030806144,22.278504360697905,90.89493067542712,-104.448814,33.450027,-21.438616,119.494644,-33.96326,-1.8002831,-97.44052,-12.140217,33.04639,119.489075,-33.585617,13.696651,-8.903685,-15.514654,29.793802,18.017294,31.457523,-11.021682,77.71104,-52.64071,3.6235726,26.827581,-23.27748,-83.172676,13.717634,41.759613,18.354912,8.562757,-23.51424
485,3.977416515350342,-20.248470306396484,50.36496353149414,2.1000063286826376,23.659729699161886,91.07153272136078,-103.634384,34.056873,-20.667732,118.075455,-34.011753,-1.8627766,-96.97283,-11.9048605,32.43059,119.02929,-32.86138,12.891953,-8.409043,-14.134471,29.793802,19.834217,29.79582,-12.307329,78.89041,-55.76071,4.6466303,26.630995,-21.618454,-87.802895,13.585567,56.79519,28.230146,11.413058,-24.352379
486,4.330154895782471,-19.428560256958008,50.85673522949219,3.431580972052397,24.819078923416573,91.8009909794119,-102.661545,34.918858,-18.702463,117.166,-33.968296,-1.7794768,-97.06872,-12.616126,33.071255,118.92546,-32.969288,12.248626,-8.270415,-13.254579,29.793802,21.493912,28.125885,-13.756858,80.62968,-57.73541,5.280757,23.763533,-18.300343,-91.12213,13.988297,71.12661,41.44096,11.383321,-21.3409
487,4.683088302612305,-18.613252639770508,51.493953704833984,5.048719571885298,26.870605941097107,92.52922641029872,-102.1262,35.309315,-16.34736,115.964775,-33.81493,-1.5001448,-96.77839,-12.208154,33.97251,117.75457,-33.203506,13.630066,-8.297793,-12.919387,29.793802,23.594082,27.323757,-13.431654,81.73653,-59.444717,4.7676096,21.597927,-15.504933,-93.14827,15.33019,82.208015,51.283924,9.732251,-18.864716
488,4.99461555480957,-17.868785858154297,52.24900817871094,5.553118199683008,28.144252142611236,92.23896749584286,-100.66943,36.111275,-15.005906,114.41081,-34.09074,-1.141466,-96.31646,-11.911325,33.496304,116.584656,-32.79757,13.554046,-8.247628,-12.538466,29.793802,25.714525,27.255424,-13.129964,82.96947,-58.140594,4.6482096,20.15102,-13.350048,-93.94812,17.379362,91.553,59.633812,9.514183,-18.302801
489,5.2767791748046875,-17.234033584594727,52.39341354370117,6.008210946359444,28.15388210034216,92.55235467375881,-99.852104,35.742184,-15.020055,114.360825,-33.714954,-1.555456,-95.47514,-11.946992,33.55566,117.04486,-32.70544,14.239362,-7.679806,-11.978231,29.793802,27.155615,27.481514,-12.604335,84.56633,-59.802017,6.193825,19.871305,-12.044367,-94.370186,20.20696,100.84953,66.96902,10.7558365,-15.285638
490,5.509231090545654,-16.64535140991211,53.174049377441406,6.93619046813938,30.13280156010058,93.49476776734997,-99.05999,35.770973,-12.765398,112.09919,-33.265327,-1.0470804,-95.7475,-12.344591,33.421886,115.61665,-32.159325,14.274074,-7.8706503,-11.724002,29.793802,30.517687,28.830137,-10.6179285,85.95129,-60.809322,6.070256,17.734121,-11.449389,-94.61507,23.577463,106.36108,73.096664,12.934083,-16.803883
491,5.7147440910339355,-16.18742561340332,53.53217697143555,6.8694591981442095,30.872765074774847,93.10118659667539,-98.33328,35.349655,-12.882247,111.228355,-33.716267,-0.91439337,-95.92821,-12.553132,32.469143,115.070045,-32.05606,14.0537815,-7.758622,-11.461233,29.793802,33.829506,30.113226,-9.799986,85.804535,-61.0328,8.750896,18.66158,-11.140427,-94.58403,27.112305,111.3966,75.507744,16.875532,-16.445507
492,5.908677101135254,-15.781381607055664,54.12409973144531,6.65168488827947,31.48372791474748,93.23909392614063,-97.960495,36.321114,-12.18251,109.8755,-32.355415,-0.29599857,-95.91786,-13.325888,31.17085,114.32951,-31.697369,13.479931,-8.342797,-10.851708,29.793802,39.384495,31.773817,-8.153788,86.05147,-59.86849,10.950862,16.085556,-9.164572,-94.401436,30.522812,115.81242,78.4229,20.741152,-18.04563
493,6.133534908294678,-15.430498123168945,54.44013977050781,7.244258488363561,31.875117947139852,94.18033966139994,-97.367744,36.0018,-11.253204,108.794365,-31.820671,-0.08727324,-95.78557,-13.973301,31.064709,114.24995,-31.848248,13.651979,-8.46358,-9.884057,29.793802,46.484665,33.20338,-5.307274,84.871056,-60.144627,12.821903,14.641981,-5.7946424,-94.09776,32.83642,119.5694,80.53718,23.391895,-18.816355
494,6.384496212005615,-15.102725982666016,54.43695068359375,8.532156750220821,32.39220141193582,95.81492320257868,-97.17717,35.864307,-9.729836,108.07583,-31.664669,-0.046923406,-96.003876,-15.014688,31.822758,114.6969,-32.69491,13.901339,-8.830218,-9.602635,29.793802,56.21762,33.523468,-0.8578988,82.49802,-60.581234,13.936206,13.491894,-0.66253525,-94.06695,32.6715,120.00027,83.07531,22.787441,-19.400242
495,6.62243127822876,-14.75861930847168,54.71660614013672,10.870904417181295,33.36868375327977,99.09415044793127,-96.682274,36.20225,-5.8849883,106.221146,-30.971365,0.36888465,-95.79834,-15.648316,33.659824,114.72228,-33.24262,15.000033,-9.103085,-9.29666,29.793802,66.742615,32.8853,3.2816465,78.63678,-60.19978,13.508263,13.53657,12.785283,-93.22746,27.462973,120.00027,85.944275,24.675886,-20.866003
496,6.724420070648193,-14.395442962646484,55.04753112792969,11.609176930504415,34.052484338215066,101.63736657554168,-96.75638,34.346954,-5.0620265,104.511734,-29.264744,0.2888431,-95.99638,-17.49041,33.35879,114.77381,-33.649994,14.334282,-8.757679,-6.8310065,29.793802,71.6343,31.401667,1.8160151,77.26095,-58.569942,14.280695,16.370028,27.099468,-91.33925,19.505981,120.00027,83.83125,26.701073,-23.949173
497,6.642886161804199,-13.950429916381836,55.79139709472656,12.177159716510213,35.23624719820814,104.54371861068152,-96.6712,32.20852,-3.8015563,101.74445,-27.333923,0.4541903,-95.81517,-19.57241,32.51285,113.64078,-34.155006,13.569743,-8.067249,-3.0790827,29.793802,73.12077,29.78625,-1.6076881,77.98809,-59.166176,13.450249,18.359314,39.178318,-88.43778,12.305825,118.954285,83.513535,23.014074,-25.91103
498,6.389955520629883,-13.393209457397461,56.62255096435547,13.53652918282079,36.05242888031706,108.35996291930928,-96.06446,29.436245,-1.8231117,98.90749,-24.897318,0.2742431,-94.905304,-22.650541,32.116016,112.06656,-34.77993,13.8964,-6.464959,1.4383043,29.793802,74.092445,28.79331,-3.5298438,78.12481,-57.92459,13.455356,20.28543,44.44624,-85.89141,6.9038315,115.330376,84.160805,18.031744,-25.26176
499,6.044225215911865,-12.778544425964355,57.425601959228516,14.75589780525966,37.06601264429686,112.92652830296382,-96.02425,25.005896,-1.1054034,95.602,-22.636097,-0.37325245,-93.007935,-25.169056,31.35181,110.2542,-36.63194,14.433567,-4.102708,7.1178803,29.793802,69.83277,27.717756,-6.8192787,80.68244,-55.370007,12.902782,21.137169,47.368256,-83.101715,3.594242,113.37457,83.23066,14.520522,-16.072195
500,5.741190433502197,-12.283575057983398,58.295555114746094,16.22281772137731,36.56482938141186,118.60233412577279,-94.99575,19.43038,-0.61073786,91.87366,-19.608158,-1.8113949,-89.39273,-28.455202,30.357922,108.84971,-38.294357,14.903091,-1.1402742,13.954715,29.793802,63.608368,26.218777,-9.944989,82.523575,-52.42863,12.044208,22.54418,47.19051,-79.48313,1.9020221,109.80788,81.07531,8.941525,-10.789909
501,5.540287971496582,-12.04538631439209,59.6047477722168,16.812392559062,34.530067902240084,124.99275761886902,-92.95906,13.585775,-0.55936223,87.02407,-16.079878,-3.622359,-83.759796,-33.55613,26.659359,106.83673,-40.08843,15.000033,3.0229266,21.827545,29.793802,56.33311,24.291592,-14.699688,83.32344,-49.01904,10.5740385,23.61362,45.875072,-74.77483,2.664707,104.23078,76.99905,5.497347,-8.363322
502,5.425715446472168,-12.137639999389648,60.435550689697266,16.39619100711639,30.443803912369603,132.20937460431725,-90.29877,5.676347,-2.7669203,82.87253,-12.966941,-6.3404346,-75.63385,-41.01537,20.412357,105.99382,-41.997807,15.000033,9.176138,29.387362,29.793802,46.346367,21.920338,-20.065968,82.69363,-46.892506,10.258563,23.623194,40.86565,-70.273605,4.185825,99.383606,73.076195,-0.04522879,-5.78602
503,5.278317451477051,-12.545124053955078,61.66455841064453,16.528786891446423,28.050831854849122,138.3663082430057,-88.01299,-0.451858,-3.4185119,77.57207,-10.101266,-9.223338,-69.0437,-44.90575,15.447779,103.94185,-42.20536,15.000033,13.451346,29.793802,29.793802,41.874588,19.461313,-22.700855,76.18705,-40.69901,7.182845,23.388435,25.692535,-67.41207,10.650692,93.49243,63.277725,-4.7666483,-5.8290606
504,4.934149265289307,-13.33586597442627,61.678348541259766,17.215410974101054,23.09076774540961,144.25834542507042,-85.03756,-7.7036505,-3.8210433,75.46507,-8.629195,-12.47449,-59.873585,-48.245323,12.984581,103.17581,-42.487797,15.000033,17.71596,29.793802,29.793802,39.57284,17.000368,-27.710712,67.26466,-30.885714,4.7061424,24.109825,9.303946,-65.42955,20.29253,88.30671,48.90958,-7.8950477,-5.468243
505,4.154696464538574,-14.459125518798828,62.5561408996582,16.861002454730237,19.853053529299093,148.40643642316107,-82.009056,-14.197936,-5.255375,72.213165,-7.9432797,-14.769995,-50.668594,-51.84556,8.281389,99.77756,-40.771248,15.000033,21.334482,29.793802,29.793802,37.248795,15.337298,-30.021948,61.38857,-22.621296,2.3193986,24.107836,-7.34059,-63.967545,29.299515,84.18717,36.72457,-8.19089,-5.211838
506,3.001924514770508,-15.809676170349121,63.458580017089844,15.01537090142919,16.892782510059803,151.57676958237013,-79.06695,-19.60762,-7.688501,70.70441,-7.918661,-15.000033,-40.624336,-55.287098,1.8434296,96.716194,-39.37841,15.000033,24.962812,29.793802,29.793802,34.762222,14.472421,-30.43839,56.97719,-16.759125,1.6864767,22.797081,-25.275366,-62.550533,36.775414,81.19543,30.6924,-7.878985,-4.670513
507,1.6492087841033936,-17.131834030151367,64.38935852050781,12.645651543182641,14.940238981527266,153.73630975414082,-76.126686,-22.496809,-9.379485,69.3524,-8.659301,-15.000033,-29.684677,-56.63346,-6.459519,92.45951,-38.316753,15.000033,28.553417,29.793802,29.793802,31.359913,14.466572,-30.516369,54.90155,-12.028805,0.872666,20.33292,-43.422077,-61.071606,42.147186,78.86944,29.534538,-7.798033,-4.753378
508,0.18601247668266296,-18.166301727294922,65.00708770751953,9.785513983184291,12.75628979672946,156.31348224343654,-73.118164,-23.869448,-10.589736,69.409485,-10.545771,-15.000033,-16.049595,-55.235256,-16.639658,86.42693,-36.78112,15.000033,31.718533,29.793802,29.793802,30.72323,14.69551,-30.259373,52.31503,-9.103355,-0.066690065,19.589575,-63.241776,-59.95782,46.003876,77.16665,38.260517,-10.514538,-6.6023345
509,-1.4963018894195557,-18.7415771484375,65.88439178466797,6.799063803323682,10.817083027034531,158.68220167785384,-69.129326,-25.78442,-13.658063,69.537575,-12.376085,-15.000033,-3.195213,-52.415146,-26.32509,78.20654,-33.897346,15.000033,34.405174,29.793802,29.793802,30.959696,14.91869,-30.302778,50.17771,-8.503532,-1.129053,19.57618,-82.78829,-59.59845,50.79572,76.30623,49.412006,-13.357636,-8.897696
510,-3.420567512512207,-18.752578735351562,67.40443420410156,4.796580015967092,9.996922921631409,160.36149173304804,-64.63619,-27.1209,-16.94287,68.32667,-13.547276,-15.000033,7.0431366,-48.320576,-33.416553,69.84423,-30.160454,15.000033,36.180523,29.327837,29.793802,31.716692,15.257957,-30.954826,49.435364,-8.038799,-1.8922212,20.009602,-100.68071,-58.71606,57.404938,76.49097,56.17864,-14.023193,-10.474612
511,-5.480320453643799,-18.229644775390625,69.31350708007812,3.580230797923424,10.687577932508923,161.33101125251903,-60.956047,-27.254845,-19.640963,66.10965,-12.803396,-15.000033,14.651279,-44.080368,-39.22625,61.580757,-25.835884,15.000033,38.268723,25.070002,27.6606,32.50179,15.877919,-29.582302,51.240944,-9.176618,-2.9249933,20.591213,-111.97285,-57.45227,60.53258,74.759735,59.11154,-13.973115,-11.144435
512,-7.485532760620117,-17.207748413085938,71.29059600830078,2.785120786538879,11.37626411788323,161.3366342994086,-56.76549,-26.97479,-22.8118,63.543427,-11.736167,-15.000033,20.087257,-39.441055,-42.838764,53.6194,-20.235447,15.000033,39.530563,20.043459,25.553179,32.930546,16.774845,-28.29456,53.83712,-10.132675,-3.3675811,20.226252,-121.53542,-56.09773,62.936466,72.25444,59.93658,-13.916731,-12.45474
513,-9.261112213134766,-15.697061538696289,73.19590759277344,2.1743301589706383,11.319515322449734,161.83177167379253,-51.949528,-25.919668,-25.566036,60.650288,-10.586017,-15.000033,25.051815,-33.89731,-45.278122,45.081696,-14.4124155,15.000033,40.052532,14.758153,23.668713,33.905296,18.193436,-25.80325,55.231255,-11.063461,-4.184075,19.702139,-129.81198,-54.608047,64.44784,68.8167,59.31336,-13.941711,-13.44049
514,-10.733840942382812,-13.766641616821289,75.19921875,2.3017364628872325,11.515687339468657,162.5793563170497,-47.24788,-24.443693,-28.067326,56.3469,-8.785317,-15.000033,29.056732,-28.490282,-46.892887,36.338795,-9.476822,15.000033,39.71662,9.646418,21.585382,35.496468,20.153114,-22.295963,55.929016,-10.517679,-4.5254674,18.603483,-136.77116,-53.03405,65.11477,64.91441,58.545666,-14.518881,-13.666343
515,-11.877555847167969,-11.678268432617188,76.93328094482422,2.882795198605432,10.359589336432848,163.35867500127816,-41.185703,-23.264053,-30.832739,51.401356,-6.8106384,-15.000033,33.023827,-24.27413,-49.28826,28.76253,-4.196727,13.6578,38.92473,5.1903496,19.349245,37.755928,22.297207,-19.062824,54.73669,-7.371033,-4.36413,17.46861,-142.39128,-51.473892,64.67965,60.586956,55.597664,-15.916215,-14.081198
516,-12.751171112060547,-9.729158401489258,78.57856750488281,3.548014415878916,10.405227296339909,164.95871163531191,-36.668716,-21.076584,-32.619278,44.593433,-4.4935575,-15.000033,34.996967,-20.316551,-49.656013,21.468958,2.6539154,12.7783575,37.829655,1.5326295,17.049818,39.896442,24.417446,-15.768008,53.91671,-4.937067,-4.2597113,16.040062,-147.43556,-50.091892,63.912693,56.41217,53.475597,-16.7841,-13.879112
517,-13.318964958190918,-8.177833557128906,79.74909973144531,3.9209739391030842,9.55420941361272,166.1989734105975,-32.04616,-19.628487,-35.23173,39.123642,-2.4695923,-15.000033,37.318546,-17.822903,-49.733383,16.569942,8.474296,11.756255,36.938175,-1.246155,14.662644,41.990875,26.029284,-13.66653,52.055305,-2.0065854,-3.2435675,14.955263,-150.67142,-49.009975,63.237194,52.79967,50.092735,-17.0822,-12.996549
518,-13.534371376037598,-7.12252950668335,80.86971282958984,3.6729748018537545,8.31445584584951,168.08973607372664,-28.132742,-17.122719,-36.366573,33.592926,0.56302226,-15.000033,38.39684,-16.25127,-49.187737,13.705666,15.009544,10.823909,36.288235,-3.3470535,12.361895,43.348457,27.358032,-11.844754,51.075085,-0.836559,-2.6262667,13.287853,-151.92068,-47.97811,61.620728,49.31778,48.283375,-17.753489,-12.090844
519,-13.430307388305664,-6.544332981109619,81.97476196289062,3.245507675790668,6.81238844653728,169.12227358029702,-23.778355,-14.484261,-37.695473,27.018618,4.571838,-15.000033,39.151104,-15.590319,-48.61944,11.897801,21.526342,10.3949585,35.82585,-5.0949106,10.203721,43.91758,28.28066,-11.6328335,50.898956,-0.19127756,-2.570053,12.049573,-152.32787,-46.988605,60.179665,45.74336,46.33121,-18.39321,-11.441997
520,-13.073200225830078,-6.342040061950684,82.87122344970703,2.180078999057982,5.135747989508461,169.74554127850894,-19.85787,-11.20097,-38.273636,20.835085,8.038387,-15.000033,40.185234,-14.780212,-48.240013,9.820101,27.076723,10.572557,35.43901,-6.4185004,7.920655,44.275833,28.875404,-11.820508,50.463474,-0.9108236,-3.413054,12.100616,-152.41814,-45.94708,58.6181,41.827396,44.175007,-19.175365,-10.753328
521,-12.592601776123047,-6.337072849273682,83.40269470214844,1.3438162835259981,3.559819433695072,170.2032693265065,-16.659906,-8.687445,-38.696327,15.835335,10.5573435,-15.000033,40.302216,-15.396166,-47.620205,10.557027,29.65992,11.05445,35.278934,-7.6022253,5.7173667,44.104935,29.15848,-12.163152,49.70034,-1.0996292,-3.8694053,11.51087,-152.17604,-44.87175,57.48685,38.099594,42.869583,-20.389656,-9.162055
522,-12.128963470458984,-6.37132453918457,83.65570831298828,0.9836921726212551,2.245974724589079,170.4716306122358,-14.341169,-6.997072,-38.160328,12.186941,13.140955,-15.000033,39.508133,-17.140574,-46.76409,13.946793,30.000067,11.486877,35.118305,-8.575475,4.0169373,43.640724,29.223349,-12.633753,49.100956,-1.436681,-4.374556,10.884777,-152.15564,-43.836544,56.892136,34.847755,42.14143,-21.584837,-7.273702
523,-11.750876426696777,-6.34470272064209,83.94918823242188,0.4066519108588796,1.4805839473512767,170.4944269466615,-12.39501,-4.820409,-37.340897,8.208504,15.478144,-15.000033,38.963593,-17.99712,-46.37122,15.686015,30.000067,12.077489,34.936806,-8.996101,2.604182,43.19309,29.222433,-13.3547125,48.329838,-1.3343878,-5.437718,11.337969,-151.72864,-42.784744,56.26573,32.2925,41.803173,-22.34526,-6.42199
524,-11.43750286102295,-6.235164642333984,84.01591491699219,0.22753214453265933,0.7757728619072043,170.65966259249578,-11.4995575,-4.05212,-36.804016,7.1187572,15.865066,-15.000033,38.79701,-18.708681,-46.024437,17.058859,30.000067,12.314467,34.613556,-9.33497,1.4887528,42.52803,29.182777,-13.932425,48.173775,-1.7362213,-6.335655,11.480311,-151.29906,-41.78529,55.873764,30.270844,41.24783,-23.054987,-4.8536386
525,-11.151086807250977,-6.064177513122559,84.06118774414062,0.08549290735214445,0.23449773211242375,170.6722655609498,-11.16422,-3.4456518,-35.89591,7.004827,16.091625,-15.000033,38.63517,-19.126877,-45.611202,17.911896,30.000067,12.748625,34.42734,-9.661684,0.695704,41.782562,29.105497,-14.352484,48.404526,-1.9156016,-7.0048437,11.605633,-150.81528,-40.818775,55.678516,28.844505,40.50174,-23.072498,-5.0464263
526,-10.934234619140625,-5.873943328857422,83.99942779541016,0.238659756545019,-0.3977191857473719,170.7716924162872,-10.624179,-3.3825963,-35.65195,6.9801874,16.201664,-15.000033,39.044506,-19.537397,-45.89777,18.24706,30.000067,12.570416,34.034046,-9.742031,0.1641826,41.08979,29.04394,-15.037385,48.44678,-1.7979041,-7.47944,11.971627,-150.27733,-39.90766,55.177975,27.40991,39.936283,-23.18666,-4.562614
527,-10.819774627685547,-5.70377254486084,83.99388885498047,0.27091469138602187,-0.7442436675161159,170.83289853487278,-10.282647,-3.2899246,-35.87343,6.9440246,16.096968,-15.000033,39.64796,-19.435701,-46.67899,17.59495,30.000067,12.616065,33.767548,-9.668137,-0.20019302,40.2336,28.965433,-15.4288435,48.78519,-1.5660034,-7.3058534,11.974094,-150.09679,-39.100574,54.445488,26.722368,40.189774,-23.248629,-4.5094666
528,-10.796218872070312,-5.590779781341553,83.98645782470703,0.1340210269473268,-1.0809791907172541,171.30706862936194,-9.997183,-3.1243494,-36.08587,6.936791,15.517265,-15.000033,40.46303,-18.743032,-47.30759,16.494347,30.000067,12.654133,33.400192,-9.534787,-0.5075277,39.4188,28.942924,-16.003845,48.94403,-1.091662,-7.037998,11.987194,-149.78998,-38.398743,53.57453,26.489124,40.56883,-23.18597,-4.3604326
529,-10.818325996398926,-5.539559364318848,84.02490997314453,0.020331887978575217,-1.370499201234972,171.8324257116923,-9.7659025,-2.9956605,-35.98442,6.8998966,15.483445,-15.000033,41.242805,-17.96292,-47.707653,15.235372,30.000067,12.711031,33.066723,-9.362246,-0.7805855,39.043816,28.832668,-16.12897,48.894062,-1.1017753,-7.290325,12.572957,-149.67456,-37.857124,53.122307,26.345333,40.84718,-23.282969,-5.0079975
530,-10.83879280090332,-5.538318157196045,84.0415267944336,-0.09391611419428712,-1.6731439689552796,172.04054369904597,-9.454169,-2.8599253,-35.88481,6.8756943,15.411375,-15.000033,41.65502,-17.658222,-47.7604,14.828845,30.000067,12.848102,32.82635,-9.309285,-1.0428861,38.679325,28.701082,-16.65605,49.103523,-1.1272206,-7.3192677,12.174474,-149.53319,-37.467552,52.755566,26.598803,41.145275,-23.329094,-5.153028
531,-10.841898918151855,-5.550783157348633,84.07073211669922,-0.3109753888812876,-1.7736767045354283,172.50521407936463,-9.413296,-2.773608,-36.19228,6.87679,15.169644,-15.000033,41.935547,-17.122307,-48.027447,14.410955,30.000067,12.99561,32.74543,-9.250792,-1.3111022,38.299168,28.599798,-16.562563,49.10582,-1.0309551,-7.036823,11.947579,-149.51776,-37.21744,52.545822,26.841932,41.17523,-23.1819,-5.422643
532,-10.818699836730957,-5.527188777923584,84.10628509521484,-0.4574693577898468,-1.967697628302097,172.52540801605167,-9.204425,-2.58798,-36.210464,6.867383,15.218325,-15.000033,42.118786,-16.888819,-47.958603,14.131506,30.000067,12.969193,32.57665,-9.223444,-1.4586984,38.35052,28.488335,-16.664282,48.779343,-1.0011367,-6.8195777,11.675777,-149.44507,-37.062786,52.413174,27.035488,41.37813,-23.249033,-5.1076837
533,-10.781949043273926,-5.429999351501465,84.08662414550781,-0.2898991776149362,-2.1319180317371993,172.55338697338368,-8.991288,-2.7729018,-36.498474,6.8444033,15.388851,-15.000033,42.31345,-17.065016,-48.2144,14.243888,30.000067,12.68667,32.478977,-9.228971,-1.469302,38.201115,28.450153,-16.623394,48.632294,-1.0421396,-6.6543336,11.315151,-149.38693,-36.953495,52.610798,27.216377,41.608543,-23.217196,-4.9953017
534,-10.745309829711914,-5.289907932281494,84.0893325805664,-0.2200993736364588,-2.1901654524849397,172.5969125005991,-8.921326,-2.8155763,-36.748417,6.8827686,15.469914,-15.000033,42.373215,-17.086508,-48.426052,14.357921,30.000067,12.45096,32.44503,-9.131342,-1.474672,38.07084,28.4659,-16.356888,48.45448,-1.0232812,-6.9957566,11.638799,-149.48755,-36.847397,52.821075,27.454556,41.787148,-23.240532,-4.9861255
535,-10.71367073059082,-5.161057949066162,84.07723999023438,-0.08759323768900223,-2.2620333346516506,172.54492549142006,-8.828959,-2.8201704,-36.58647,6.8613577,15.662887,-15.000033,42.34143,-17.2935,-48.475353,14.70276,30.000067,12.338467,32.340603,-9.121075,-1.555538,38.14307,28.5092,-16.18616,48.25397,-1.262278,-7.712549,11.98834,-149.48228,-36.751022,53.082882,27.852976,42.05509,-23.409561,-4.730781
536,-10.688932418823242,-5.079223155975342,84.11427307128906,-0.1909408000937865,-2.2577262720518516,172.5987758911546,-8.878448,-2.5612807,-36.29863,6.834899,15.65521,-15.000033,42.386723,-17.095158,-48.7131,14.561368,30.000067,12.380404,32.269485,-9.108393,-1.6293547,38.01809,28.525908,-16.256195,48.367893,-1.6067529,-7.935549,11.7115135,-149.6562,-36.72547,52.94408,28.081306,42.28163,-23.545944,-4.8434496
537,-10.68319320678711,-5.041421413421631,84.12427520751953,-0.13880461330542548,-2.4143979692993027,172.56013914908152,-8.715846,-2.4936988,-35.982277,6.799726,15.842155,-15.000033,42.60179,-17.17104,-48.931698,14.501965,30.000067,12.209578,32.136425,-9.104432,-1.6291518,38.062122,28.524204,-16.296915,48.435944,-1.9382554,-8.081412,11.532954,-149.66692,-36.72315,52.92201,28.28869,42.463303,-23.754389,-5.04751
538,-10.721890449523926,-5.040632724761963,84.11173248291016,0.030393236110703114,-2.455493557046637,172.44887816823444,-8.654214,-2.5159185,-35.45158,6.747676,15.879044,-15.000033,42.814472,-17.301163,-49.085365,14.127002,30.000067,11.959716,31.980259,-9.094087,-1.6716404,38.245613,28.50366,-16.397305,48.59004,-2.1270456,-8.359945,11.647819,-149.69571,-36.729523,52.9375,28.167444,42.443867,-24.172834,-5.2498126
539,-10.807291984558105,-5.084444046020508,84.1819076538086,-0.07062417039910245,-2.3814289922249623,172.37712408784122,-8.706581,-2.2647476,-34.850838,6.704396,15.942298,-15.000033,42.773296,-17.234467,-49.11947,13.923039,30.000067,12.071446,31.912096,-9.066765,-1.8404611,38.2492,28.393473,-16.604548,49.17101,-2.5590563,-8.656625,11.551596,-149.8973,-36.779102,52.749958,28.016962,42.24636,-24.43088,-5.5714746
540,-10.931970596313477,-5.156187534332275,84.23451232910156,-0.12579131880922434,-2.3395222318707565,172.30817603118098,-8.669885,-2.136083,-34.42411,6.6607013,15.898407,-15.000033,42.802246,-17.277147,-49.214035,13.794949,30.000067,12.032808,31.787561,-9.060856,-2.001414,38.248196,28.16005,-16.72815,49.83347,-2.8224716,-8.829667,11.494051,-149.99307,-36.899628,52.462128,27.77698,42.292484,-24.64733,-5.7336526
541,-11.071399688720703,-5.237532615661621,84.28346252441406,-0.22547540267653665,-2.303763155393165,172.2752764033492,-8.63135,-2.0148404,-34.13037,6.6677694,15.8285,-15.000033,42.872337,-17.279278,-49.408012,13.672674,30.000067,11.94542,31.621029,-9.046105,-2.1586933,38.307777,27.942867,-16.896692,50.39873,-2.8754969,-8.960476,11.396094,-150.04828,-37.03697,52.076206,27.464684,42.064735,-24.979366,-5.875173
542,-11.211080551147461,-5.310841083526611,84.34940338134766,-0.2977140179684935,-2.2162118849935326,172.23022672348952,-8.633923,-1.8909856,-33.769436,6.6292825,15.839501,-15.000033,42.973186,-17.252192,-49.735596,13.360045,30.000067,11.861232,31.490969,-9.070174,-2.2452002,38.306183,27.69126,-16.988617,51.062435,-2.9318166,-9.047353,11.303502,-150.07428,-37.191303,51.52544,26.966503,41.7551,-25.288713,-6.1654024
543,-11.338737487792969,-5.364333152770996,84.38762664794922,-0.3384627875376833,-2.1409417780470563,172.04600789113064,-8.601525,-1.7932477,-33.56965,6.6146784,15.757832,-15.000033,43.121548,-17.218014,-49.9843,12.830091,30.000067,11.8434,31.387835,-9.099879,-2.4052737,38.460133,27.46744,-16.835428,51.617306,-3.3535526,-9.124205,11.191424,-150.06317,-37.30771,51.399723,26.650196,41.386284,-25.32481,-6.6832914
544,-11.45262622833252,-5.399265289306641,84.41050720214844,-0.37299843248709236,-2.0928769312633144,171.93638098610455,-8.56145,-1.7045709,-33.371563,6.6000714,15.6769705,-15.000033,43.2573,-17.173906,-50.180176,12.44101,30.000067,11.86563,31.239794,-9.117516,-2.5251942,38.56069,27.203026,-16.601038,52.13348,-3.6254485,-9.143393,11.105995,-150.03035,-37.428307,51.26703,26.382256,41.094933,-25.290617,-7.1259546
545,-11.559009552001953,-5.415833473205566,84.44403076171875,-0.4681510167944106,-1.9986206799936386,171.9620753077759,-8.61944,-1.5236378,-33.097908,6.5802746,15.526983,-15.000033,43.36344,-16.951897,-50.369934,11.997106,30.000067,11.876454,31.11175,-9.116087,-2.6119103,38.521675,27.042442,-16.473202,52.648483,-3.7667193,-9.071491,10.968462,-150.09612,-37.505398,51.017673,26.120806,40.650673,-25.260536,-7.7655106
546,-11.663677215576172,-5.417287826538086,84.46192169189453,-0.4544150692376343,-1.9359834738476374,171.8844146775467,-8.614841,-1.4420341,-32.76835,6.5702977,15.441848,-15.000033,43.38466,-16.968657,-50.388058,11.832829,30.000067,11.869179,31.025255,-9.115032,-2.6581855,38.602592,26.999191,-16.508663,52.979813,-3.8899372,-9.183644,11.066269,-150.15302,-37.522934,50.936577,25.923748,40.4474,-25.374968,-8.217337
547,-11.766889572143555,-5.407479286193848,84.46004486083984,-0.33415186467495284,-1.9263086676324481,171.74085346686573,-8.505493,-1.5135376,-32.61706,6.552874,15.373563,-15.000033,43.483055,-17.16423,-50.530956,11.752201,30.000067,11.789142,30.957636,-9.149859,-2.6170847,38.55467,26.929836,-16.710575,53.490562,-3.9659367,-9.191091,10.996848,-150.09903,-37.542732,50.683586,25.630445,40.442825,-25.59689,-8.438623
548,-11.86414623260498,-5.391377925872803,84.47999572753906,-0.2608998955831715,-1.8292553025579166,171.59829428927117,-8.517395,-1.482564,-32.33191,6.5334444,15.362153,-15.000033,43.48889,-17.302067,-50.726807,11.64304,30.000067,11.723837,30.984852,-9.162563,-2.6487625,38.563488,26.897846,-16.734097,53.7364,-4.0649023,-9.31045,11.117535,-150.13417,-37.547874,50.59804,25.344545,40.196087,-25.660027,-8.674501
549,-11.954864501953125,-5.372944355010986,84.49327087402344,-0.20193131763301628,-1.7144263792658692,171.4831438822183,-8.574897,-1.412737,-32.022007,6.511786,15.2739,-15.000033,43.563137,-17.309507,-50.958282,11.265157,30.000067,11.593584,30.834505,-9.181681,-2.7352684,38.63444,26.776503,-16.559923,54.00674,-4.224504,-9.422232,11.245265,-150.17711,-37.579254,50.524994,25.126738,39.862183,-25.702406,-8.786057
550,-12.042015075683594,-5.362444877624512,84.49736785888672,-0.14729182327319962,-1.6874649761483826,171.4029056507698,-8.545851,-1.3768318,-31.7663,6.5077796,15.253002,-15.000033,43.634968,-17.370808,-51.05249,11.111929,29.939863,11.475744,30.718433,-9.176022,-2.6972363,38.599022,26.699947,-16.591991,54.36323,-4.248783,-9.20524,11.048855,-150.35875,-37.613285,50.460125,25.125511,39.909203,-25.745483,-8.773512
551,-12.128009796142578,-5.361695766448975,84.49545288085938,-0.12004572115151833,-1.630068199010718,171.36036378699305,-8.567198,-1.3312207,-31.523497,6.5087976,15.303151,-15.000033,43.70386,-17.378284,-51.22157,10.922549,29.85673,11.420399,30.596992,-9.169814,-2.656919,38.470974,26.516071,-16.469065,54.79808,-4.287517,-8.999642,10.764053,-150.63875,-37.75423,50.54326,25.173008,39.78754,-25.641827,-8.687559
552,-12.217226028442383,-5.3697052001953125,84.46347045898438,-0.05797643782792687,-1.5117801873754815,171.25936916853382,-8.629342,-1.3816475,-31.480244,6.528992,15.128099,-15.000033,43.762703,-17.372547,-51.331875,10.536239,29.769556,11.422864,30.627558,-9.155673,-2.60945,38.335365,26.372477,-16.172903,55.11072,-4.3173623,-8.693078,10.424022,-150.906,-37.912094,50.658115,25.298964,40.095425,-25.621,-8.18822
553,-12.307511329650879,-5.384300708770752,84.45185089111328,0.046140976744158166,-1.2740977944479317,171.1563219193567,-8.821097,-1.4373293,-31.265135,6.5198684,14.876931,-15.000033,43.58313,-17.448973,-51.20841,10.314402,29.752962,11.387054,30.639322,-9.160396,-2.5712175,38.030674,26.204798,-16.0597,55.666454,-4.151362,-8.555439,10.4760475,-151.13007,-38.12864,50.698833,25.393738,40.285637,-25.690895,-7.883479
554,-12.395756721496582,-5.405413627624512,84.44843292236328,0.15777508392534342,-1.0994630141248525,171.0124229081712,-8.932059,-1.5023643,-31.097197,6.505597,14.702617,-15.000033,43.559517,-17.452612,-51.158092,9.800036,29.600603,11.230636,30.624125,-9.091565,-2.4088426,37.62447,25.986162,-16.048445,56.30702,-4.0469046,-8.357753,10.4873905,-151.32889,-38.40404,50.702328,25.694471,40.5302,-25.797945,-8.048253
555,-12.470587730407715,-5.4364118576049805,84.44163513183594,0.17440757564021858,-0.9992975765906545,170.92009152736514,-9.040372,-1.3353344,-30.475992,6.488051,14.594011,-15.000033,43.553577,-17.395014,-51.10452,9.411306,29.474655,11.225749,30.548399,-8.991779,-2.115223,37.059296,25.748737,-16.265528,56.91016,-4.350581,-8.346705,10.291219,-151.4159,-38.764725,50.27196,26.26989,40.783733,-25.947504,-8.241001
556,-12.540596961975098,-5.485154151916504,84.45812225341797,0.19458880757897742,-0.8497204859496068,170.89723976833005,-9.587562,-1.4343823,-29.870024,7.372942,14.048491,-14.898536,43.467457,-17.393251,-51.176834,9.196336,29.365147,11.205195,30.463148,-8.892956,-1.7207485,36.25312,25.517757,-16.65345,57.548317,-4.5186186,-8.24218,10.1809225,-151.41557,-39.193844,49.72144,26.915031,40.73429,-25.798336,-9.154007
557,-12.60367488861084,-5.552906513214111,84.45372772216797,0.32104060315973665,-0.607582347105478,170.61494617342424,-9.995997,-1.5825561,-29.303112,7.8540826,13.707608,-14.552134,43.398518,-17.441708,-51.223923,8.4780655,29.187984,11.252521,30.41202,-8.817663,-1.2908484,35.474747,25.195034,-16.782581,58.21078,-4.539021,-7.974306,10.046037,-151.46637,-39.695667,49.65278,27.654692,40.586662,-25.573582,-9.762932
558,-12.655109405517578,-5.64631986618042,84.39718627929688,0.4794081945984554,-0.5278559761229789,170.252486362407,-10.234078,-1.8805046,-29.06786,8.427617,13.288882,-14.345025,43.173153,-17.950184,-51.09069,8.75125,29.021814,11.063935,30.31177,-8.6437025,-0.65608215,34.29527,24.832457,-17.425741,59.14931,-4.3499365,-7.5081506,9.846966,-151.5282,-40.29815,49.392662,28.618263,40.87356,-25.652298,-9.87595
559,-12.690559387207031,-5.7753987312316895,84.32417297363281,0.5417982443633796,-0.5207578010135331,170.1759050250753,-10.795356,-2.3142939,-28.826286,9.760399,12.450316,-13.960972,43.23877,-18.047815,-51.263557,8.568215,28.772116,10.921673,30.222383,-8.435763,0.24689248,32.64795,24.550116,-18.150835,59.829365,-4.225197,-7.1057386,9.651581,-151.36,-40.96604,48.73771,30.047445,41.260773,-25.451061,-10.503172
560,-12.720041275024414,-5.94254732131958,84.2694091796875,0.5790430402341533,-0.342751995585551,170.08710683700502,-11.358383,-2.7280405,-28.88106,10.663421,11.867986,-13.679682,43.059277,-18.108557,-51.379482,8.396036,28.566578,10.7226715,30.079865,-8.1887245,1.2346998,30.623775,24.322573,-19.000565,60.541523,-4.3262606,-6.8219175,9.408526,-151.21056,-41.725094,48.437984,32.123814,41.66679,-25.17939,-11.608846
561,-12.743780136108398,-6.150125503540039,84.22716522216797,0.5049397759685331,0.03291424433371573,169.75291032151094,-11.994604,-2.8223438,-28.560085,11.241158,11.323101,-13.6135645,42.74245,-17.8932,-51.38514,7.5727763,28.33457,10.787306,30.033628,-7.9411473,2.3296976,28.341002,24.156166,-19.685558,61.23888,-4.3705063,-6.636478,9.372139,-150.96352,-42.507736,48.145023,34.43311,42.55112,-24.876974,-12.162172
562,-12.764565467834473,-6.3990702629089355,84.2098388671875,0.237415405963206,0.40548087196546745,169.58684546126898,-12.83868,-2.7847729,-28.077682,12.162885,10.77976,-13.5922575,42.0998,-17.77917,-51.46875,7.8066454,27.884672,10.91807,30.183126,-7.7803006,3.643082,25.898134,24.221848,-20.112728,61.517925,-4.190358,-6.3116975,9.591815,-150.46404,-43.187077,47.621662,37.047134,43.449944,-24.133833,-12.4546795
563,-12.798492431640625,-6.671492099761963,84.15158081054688,-0.10955324736624773,0.7493950215594319,169.25348847777562,-13.918346,-2.8565805,-27.73097,13.816593,9.766131,-13.439084,41.267376,-17.858727,-51.529934,8.613557,27.365461,10.896373,30.244577,-7.5893917,5.0893445,23.699175,24.389046,-20.785933,61.762405,-4.0535526,-5.9972606,9.693275,-150.15775,-43.88415,47.467716,39.972366,44.500412,-23.762974,-12.546339
564,-12.854568481445312,-6.947526454925537,84.0894546508789,-0.4827157058788645,1.139489551103572,168.72607223893633,-14.746577,-2.8404517,-27.715015,14.949159,8.853495,-13.464632,40.478268,-17.844452,-51.875,9.119835,26.746128,10.997745,30.369799,-7.3163395,6.538122,21.64329,24.584623,-21.598068,62.185596,-4.173783,-5.820625,10.075553,-149.80725,-44.60528,47.384377,42.777004,45.548367,-23.244272,-12.881618
565,-12.94717788696289,-7.20896053314209,83.99392700195312,-0.7016076371548201,1.5207245828909512,168.21958299662194,-15.495622,-3.0088394,-27.771011,16.001068,8.019472,-13.519443,39.812496,-17.871702,-52.4578,9.571181,25.966908,11.107864,30.567595,-7.028896,8.035769,19.52195,24.898636,-22.311768,62.65294,-4.288708,-5.3704743,10.013671,-149.21036,-45.25086,47.465294,45.299744,46.853283,-22.515043,-13.142651
566,-13.097066879272461,-7.444983005523682,83.9475326538086,-0.8845376413491034,2.1009509837501557,167.46164717092523,-16.228214,-3.0125904,-27.60578,16.679571,7.3708706,-13.574907,38.94114,-18.089087,-53.34232,10.272328,25.390028,11.134712,30.648178,-6.6460714,9.505094,17.504923,25.261341,-23.16112,63.226707,-4.467941,-5.2102613,10.076554,-148.64062,-45.849854,47.611996,47.63451,47.927727,-21.9299,-13.667239
567,-13.305274963378906,-7.655252456665039,83.9521484375,-1.0268353289088858,2.7792558727077536,166.55050786087625,-16.953726,-2.9343789,-27.224712,17.222073,7.0428214,-13.629662,37.812157,-18.276068,-53.619076,11.059276,24.765512,11.088373,30.68674,-6.273707,11.021812,15.406454,25.599804,-23.953106,64.07867,-5.148207,-5.0296245,10.195721,-147.90024,-46.35981,47.813198,49.75539,49.42937,-21.336056,-14.1259775
568,-13.5686616897583,-7.849334716796875,83.92594146728516,-1.16320490199405,3.632033792410252,165.60403601623887,-17.891308,-2.8680747,-26.78745,17.919056,6.2467027,-13.56359,36.7757,-18.315996,-54.18187,11.433636,23.800014,11.264752,30.761395,-5.94654,12.514252,13.496368,25.924952,-24.439116,64.60625,-5.744645,-4.9543276,10.4402895,-146.88596,-46.761395,47.90711,51.39609,50.459442,-20.939283,-14.320079
569,-13.880986213684082,-8.044107437133789,83.89505004882812,-1.319821989828309,4.678972987009189,164.51761009175382,-19.106129,-2.8815477,-26.444622,18.924473,5.350465,-13.544634,35.69447,-18.567305,-55.2662,11.96214,22.517654,11.398618,30.771608,-5.536203,14.141765,11.543915,26.267714,-25.237734,65.019936,-6.171581,-5.07195,10.7516365,-145.70056,-47.056984,47.920174,53.092617,51.33526,-20.460735,-14.625222
570,-14.21497631072998,-8.261444091796875,83.82652282714844,-1.47206636317133,5.622504402455771,163.40937146742576,-20.527018,-2.7848814,-25.338161,20.487137,4.4300175,-13.303368,34.934776,-18.880907,-56.90536,12.316435,21.123055,11.452599,30.90584,-5.244297,15.817131,9.57482,26.660484,-26.056105,65.51745,-7.0253863,-5.4455605,10.906917,-144.00983,-47.175327,47.895348,54.866856,52.472332,-19.77507,-14.866454
571,-14.550378799438477,-8.520343780517578,83.85562133789062,-1.8129626519743691,6.826143210361071,162.13282419342457,-22.092607,-2.1994293,-23.776009,21.618383,3.6969345,-12.807281,33.969048,-19.03315,-58.640007,12.364226,20.14316,11.910495,31.178917,-4.9523063,17.314993,7.6764927,27.180677,-26.680948,65.917595,-7.54958,-6.222205,11.035521,-141.73007,-47.06495,47.5555,56.183315,53.422035,-19.22794,-15.070973
572,-14.86078929901123,-8.835476875305176,83.89155578613281,-2.2357272641431964,7.816757847739559,160.69753749353052,-23.488487,-1.5936329,-22.308016,22.908463,3.2545233,-12.68905,32.959362,-19.549707,-60.292515,13.153078,19.224277,12.273802,31.202478,-4.6494713,18.745623,5.7413335,27.919868,-27.503542,66.31016,-7.831298,-7.3774586,11.369739,-139.21484,-46.748116,46.92341,57.335453,54.026714,-18.833326,-14.970448
573,-15.124055862426758,-9.206074714660645,83.82460021972656,-2.4993198932346754,8.500902061046952,158.91231968182407,-24.859966,-1.2004646,-20.677908,24.868694,2.836455,-12.616422,32.32676,-20.162086,-62.32601,13.689497,17.789663,12.274096,31.146732,-4.474225,20.080687,3.8517535,28.892391,-28.96135,67.201385,-7.7957597,-7.748273,10.8036785,-136.52559,-46.264,46.100986,58.510983,54.532894,-18.260069,-15.268691
574,-15.340842247009277,-9.634190559387207,83.85009002685547,-3.1495174691819092,9.270689716504224,157.22989643236713,-26.306997,-0.16385564,-18.799189,26.43667,2.3065042,-11.997365,31.563498,-20.224339,-64.55133,14.039071,16.466915,12.255228,31.041952,-4.2123957,21.45646,2.007643,29.977518,-30.320024,67.99384,-8.1973095,-7.845769,9.9065485,-133.7601,-45.65167,44.858784,59.42361,54.62133,-17.74629,-15.795115
575,-15.508320808410645,-10.10070514678955,83.77470397949219,-3.7706381820856087,9.96546776121558,155.66986127342437,-27.855833,0.59040457,-17.41961,28.281044,1.5028296,-11.47452,30.547588,-20.55911,-66.04611,14.811683,15.361245,12.593794,30.946598,-3.9623876,22.97228,-0.28845093,31.083462,-31.543827,68.94272,-9.130854,-7.8874526,8.65463,-131.04402,-44.926716,43.310535,60.231903,54.22354,-17.230858,-15.381918
576,-15.629596710205078,-10.580964088439941,83.69389343261719,-4.122772712099405,10.607026926211006,154.08030912982525,-29.0473,1.1274953,-16.091484,29.417221,1.1042802,-11.282445,29.550241,-21.112745,-67.17274,15.350643,14.609975,13.239105,30.947578,-3.8047233,24.462582,-1.9827889,32.130962,-32.56102,68.62494,-10.131336,-8.841052,8.581083,-128.47945,-44.069122,42.086765,60.574833,53.636463,-16.65431,-14.6774645
577,-15.710626602172852,-11.064556121826172,83.64266967773438,-4.623404024914753,11.192507006477905,152.25139629095978,-30.277073,1.8254967,-14.91699,30.737902,0.71933466,-10.874386,28.46621,-21.846495,-68.242714,16.360334,13.864565,13.625036,30.88049,-3.7158349,25.890003,-3.9272437,33.11718,-33.374107,68.40523,-10.859713,-9.423598,8.429097,-125.70809,-43.019794,40.954334,60.23567,52.411213,-15.958721,-14.241279
578,-15.741308212280273,-11.541950225830078,83.58406066894531,-5.202056866900019,11.874376619211555,150.45073586163835,-31.768072,2.9928904,-13.114677,32.161003,0.17500086,-10.103826,27.178383,-22.31634,-68.784424,17.047237,13.040987,14.085656,30.771793,-3.6764102,27.208323,-5.8068027,33.946964,-34.06404,68.10527,-11.467715,-9.86074,8.322613,-122.922104,-41.76046,39.78026,59.43225,51.19383,-15.397572,-14.095891
579,-15.717562675476074,-12.011211395263672,83.43948364257812,-5.485116485575236,12.560188621785834,148.91989243939187,-33.086945,3.648601,-11.795238,33.17401,-0.5066328,-9.655137,26.071392,-22.854801,-69.381744,17.663776,12.09818,14.423648,30.668022,-3.608258,28.605,-6.792935,34.507732,-34.47029,66.46833,-12.2421875,-10.628369,8.742787,-120.19815,-40.34576,38.538216,59.118828,50.67512,-14.793378,-13.958554
580,-15.61572265625,-12.48877239227295,83.23310852050781,-5.696504769502084,13.091615906115907,147.43252178808945,-34.41922,4.37578,-10.277074,34.413597,-1.410023,-8.9333105,25.048323,-23.36404,-69.84623,18.213717,10.816992,14.707067,30.49279,-3.5388052,29.793802,-7.785476,34.771553,-34.884026,64.94798,-13.002824,-10.974233,9.022562,-117.09859,-38.794872,37.063034,58.523167,49.92239,-14.324456,-13.739369
581,-15.420873641967773,-12.994611740112305,83.06768035888672,-6.336023856906416,13.69789610386777,145.73768959667302,-36.024673,5.5248976,-9.128715,35.7946,-2.1801624,-8.318597,23.696077,-23.664045,-70.23525,19.00841,9.525762,14.927116,30.313751,-3.6377726,29.793802,-9.072097,34.702343,-36.09126,64.72876,-13.364963,-10.699698,8.822024,-112.746796,-37.04673,35.21875,57.309177,48.11814,-14.206682,-13.93407
582,-15.10742473602295,-13.540384292602539,82.90294647216797,-6.941312910033394,14.009455203111534,144.1891326463399,-37.43051,6.27153,-8.782499,37.171646,-2.698332,-7.753158,22.507385,-24.286905,-70.67064,20.530382,8.228789,14.926372,29.979816,-3.7174275,29.793802,-10.819851,34.320324,-37.04266,64.810745,-13.21961,-9.6797905,8.482698,-108.08247,-35.169125,33.506836,55.879795,46.256004,-14.348371,-14.328353
583,-14.650390625,-14.13258171081543,82.64423370361328,-7.2904642026408935,14.247813559869371,142.85040565645969,-38.79392,6.872084,-8.252196,38.357304,-3.4184034,-7.3032646,21.31382,-24.767809,-70.529526,21.607412,6.677433,14.964156,29.538628,-3.8503122,29.793802,-11.751563,33.650707,-37.377975,63.53997,-13.553528,-9.641627,9.278079,-103.53967,-33.26353,32.41325,54.63856,45.059776,-14.4618,-14.464156
584,-14.035965919494629,-14.781501770019531,82.31021881103516,-7.665967996893837,14.284036550456621,141.5211447009674,-40.119606,7.8098283,-7.3662357,39.595787,-4.3434114,-7.0734425,20.053274,-25.302963,-70.04857,22.950226,4.7096324,15.000033,29.120052,-3.9266152,29.793802,-12.61877,32.741966,-37.324875,62.14776,-14.177585,-9.932383,10.471048,-99.168274,-31.323025,31.560305,53.390045,43.803284,-14.575121,-14.337509
585,-13.271697044372559,-15.483938217163086,81.90406799316406,-7.870472454560807,13.898485641400125,140.38328425676548,-41.241238,8.646907,-6.4724374,41.085014,-4.976387,-7.12462,18.9015,-26.441345,-69.26033,25.515572,2.5218647,15.000033,28.72306,-4.0007286,29.793802,-13.774242,31.66513,-37.191925,61.6076,-15.443474,-10.103937,11.329697,-94.573715,-29.242962,30.923222,52.14964,43.039005,-14.591015,-14.115807
586,-12.370793342590332,-16.229019165039062,81.48104858398438,-8.132659148154469,13.227394403905208,138.93838779372297,-42.2408,9.685108,-5.7184625,42.780266,-5.568624,-6.992578,17.747505,-27.683771,-68.46047,28.302555,0.7237905,15.000033,28.256447,-4.2061086,29.793802,-15.211556,30.561783,-37.16705,61.865902,-16.281624,-9.829795,12.106874,-89.889885,-27.010818,30.578037,50.759956,41.776802,-14.404185,-14.392504
587,-11.359975814819336,-16.99162483215332,80.93173217773438,-8.187665739180783,12.287860946926887,137.452618816816,-43.1282,10.512804,-5.193775,44.74163,-6.255753,-6.907656,16.850403,-28.974115,-67.78469,30.831493,-1.2288373,15.000033,27.608976,-4.5537505,29.793802,-16.817862,29.515093,-37.033092,62.587547,-16.955412,-9.336396,12.510651,-85.40903,-24.725746,30.556015,49.22041,40.1483,-14.334008,-14.871712
588,-10.277125358581543,-17.741851806640625,80.26300811767578,-8.188645215161673,11.0859273275438,135.75227373679337,-43.946636,11.847585,-4.2307124,47.152275,-7.2313495,-6.420217,16.127811,-30.061646,-67.0936,32.863018,-3.2050648,15.000033,26.880827,-4.9122877,29.793802,-18.448048,28.585566,-36.61407,63.51037,-17.358915,-8.893037,12.805577,-80.71964,-22.43374,30.99179,47.14358,38.703545,-14.556145,-15.202117
589,-9.181653022766113,-18.448854446411133,79.54059600830078,-8.341955263558086,9.320895579217245,134.33965331285017,-44.300022,12.861997,-4.31961,49.734127,-8.411006,-5.7278247,16.222256,-31.123968,-67.02619,35.476307,-4.542186,15.000033,26.11804,-5.453417,29.793802,-19.90671,27.804228,-35.72169,64.566795,-18.67588,-8.330645,13.448084,-75.55648,-20.11348,31.571209,44.49418,36.816315,-14.531088,-15.79393
590,-8.107553482055664,-19.061981201171875,78.92499542236328,-8.21280599549566,8.00642757818575,133.1061142175121,-44.624744,14.260385,-3.3849294,51.49024,-9.251432,-5.1378345,15.6993065,-31.720018,-66.13645,37.00398,-5.634244,15.000033,25.11215,-5.934783,29.793802,-21.001987,27.264757,-34.97594,65.6546,-20.033121,-8.207259,13.857492,-70.645966,-17.889778,32.553444,41.801826,34.859035,-14.485576,-16.43966
591,-7.085104465484619,-19.562395095825195,78.30587768554688,-7.790026837865529,6.8334538751383835,132.2713257721076,-44.864605,15.600913,-2.0184853,53.045944,-9.949476,-4.489919,15.346574,-32.245014,-65.28279,38.077057,-7.0458484,15.000033,23.913826,-6.6207643,29.793802,-21.763643,26.97997,-34.177856,66.41851,-21.033974,-7.8069773,14.379685,-65.57654,-15.874439,33.92413,38.780926,32.716927,-14.532065,-16.765047
592,-6.142545223236084,-19.94535255432129,77.80033111572266,-7.466204094243177,5.754002925077976,130.9574008451005,-44.905838,17.026903,-1.052003,54.413216,-10.566739,-4.0269475,14.847651,-32.677433,-64.59192,38.87762,-7.9070125,15.000033,22.691442,-7.3169055,29.793802,-22.114922,26.995401,-33.078217,66.59939,-21.512112,-7.4837523,14.458756,-60.211803,-14.080564,35.365417,35.225754,29.911928,-14.494584,-17.014486
593,-5.295453071594238,-20.209850311279297,77.47653198242188,-7.106893534931978,5.00588498819964,129.58268536796263,-44.772064,18.14631,-0.39134797,55.04732,-11.002133,-3.820539,14.003479,-33.00666,-63.655064,39.4179,-8.544899,15.000033,21.377447,-8.093512,29.793802,-22.371744,27.273787,-32.243015,66.91926,-22.392918,-7.370235,14.310369,-54.911266,-12.5838585,36.972378,31.474298,26.708502,-14.469488,-16.989
594,-4.5324931144714355,-20.378128051757812,77.21072387695312,-6.63521704653084,4.129883107730227,128.3043311527171,-44.158794,19.14437,0.341339,55.38722,-11.357143,-3.6119866,13.292572,-33.699017,-62.61027,40.53986,-9.005915,15.000033,20.075329,-8.842153,29.793802,-22.275764,27.683664,-31.484083,66.926285,-23.317987,-7.072964,13.992794,-48.921383,-11.437284,38.823112,27.2317,22.76351,-14.720461,-17.083298
595,-3.8461573123931885,-20.47081756591797,77.00509643554688,-6.265340226021946,3.302576489334285,126.88168230351441,-43.457703,20.475239,1.2457715,55.760002,-11.673175,-3.3853278,12.558117,-34.46816,-61.73077,41.948944,-9.556126,15.000033,18.793917,-9.493986,29.793802,-22.140348,28.219107,-30.803312,66.85764,-23.633133,-6.8296685,13.814322,-43.080967,-10.703158,40.735752,23.260262,18.351454,-15.007615,-16.857216
596,-3.2170920372009277,-20.504703521728516,76.8689193725586,-5.6602133521735905,2.603243539013833,125.61542828232422,-42.494564,21.338638,2.1925793,55.65454,-11.798571,-3.4231882,11.931579,-35.16754,-60.823856,42.739662,-9.865688,15.000033,17.500664,-10.166885,29.793802,-21.95571,28.851263,-30.454556,67.00756,-23.51557,-6.45926,13.464902,-37.32116,-10.398339,42.39864,19.298788,14.258854,-15.073704,-16.326334
597,-2.6277310848236084,-20.499929428100586,76.81436157226562,-4.997922921128096,1.967561640865361,124.11494034662402,-41.26505,22.41772,3.5292406,55.333088,-11.768087,-3.4301424,11.220749,-35.47675,-59.606327,42.615963,-9.883883,15.000033,16.309345,-10.708451,29.793802,-21.438677,29.47243,-29.92526,66.88822,-23.481222,-6.096183,13.083775,-31.830326,-10.532313,43.99082,15.588791,10.9068365,-15.559112,-15.657342
598,-2.0698351860046387,-20.47357940673828,76.83515930175781,-4.482956552807665,1.3517565552858049,122.38604544348401,-39.89653,23.73062,4.884537,54.92581,-11.626372,-3.4123163,10.383359,-35.611923,-58.33169,42.44909,-9.882755,15.000033,15.154809,-11.165609,29.651424,-20.776766,30.06698,-29.452345,66.638824,-23.336544,-5.7694497,12.814183,-26.346092,-11.037537,45.171097,11.799375,8.575831,-16.416954,-15.142084
599,-1.5363439321517944,-20.428279876708984,76.88373565673828,-3.9700528307625715,0.930778062281027,120.67089483795968,-38.477886,25.044197,6.446908,54.217327,-11.600626,-3.5811129,9.2953,-35.613083,-56.774178,42.15031,-9.74498,15.000033,13.879031,-11.444257,28.762426,-19.650152,30.450094,-29.36793,66.67285,-22.731455,-5.1126437,12.786393,-21.001133,-11.811068,46.1362,8.045211,6.266842,-16.838573,-14.414939
600,-1.0182477235794067,-20.37049102783203,76.9600601196289,-3.444134702521529,0.5477688554834694,118.99011384765623,-36.85567,26.328094,8.2137165,53.263855,-11.561653,-3.916911,8.365329,-35.33826,-55.22834,41.320614,-9.5743065,15.000033,12.734674,-11.44105,27.817,-18.608221,30.647116,-29.148571,66.65224,-22.253359,-4.5897074,12.836491,-16.122705,-12.851612,46.430687,4.700637,5.128147,-17.577719,-13.608141
601,-0.5110232830047607,-20.29820442199707,76.95130920410156,-2.8005765353850762,0.22730255323340814,116.75885967341529,-35.257393,27.640207,9.965443,52.77676,-11.621449,-4.1711297,7.0930266,-35.33942,-53.496407,40.77477,-9.758213,15.000033,11.619623,-11.327826,26.941698,-17.691404,30.779583,-29.213223,66.884,-21.999144,-4.6059504,12.529812,-11.7654505,-14.189562,46.638294,1.3607715,4.9157867,-18.719378,-12.645964
602,-0.01790941134095192,-20.20684051513672,76.99268341064453,-2.280612910512491,-0.07971611664920092,114.53289385866475,-33.568356,28.86157,11.497414,52.1356,-11.655496,-4.453034,5.706522,-35.18268,-51.59532,40.44957,-9.822551,15.000033,10.606424,-11.06863,26.051676,-16.705713,30.813587,-29.169415,67.1406,-21.953968,-4.453441,12.112688,-7.901107,-15.75068,46.456997,-2.008788,4.6182466,-19.340311,-11.692051
603,0.45847412943840027,-20.078821182250977,77.01846313476562,-1.486247099604646,-0.26265740905517704,112.38557025076203,-31.74654,29.536888,13.067537,51.256096,-11.4939,-4.8850036,4.4242344,-35.2135,-49.73856,39.887928,-9.946886,15.000033,9.619719,-10.793992,25.227367,-15.782471,30.77829,-29.369362,67.36393,-21.476063,-4.1371827,11.748793,-3.8968477,-17.492289,45.870605,-5.6225305,4.605097,-19.783182,-10.77808
604,0.9156548380851746,-19.908193588256836,77.04317474365234,-0.6885299607888975,-0.4715848407212987,110.26561558193805,-29.710997,30.108221,14.70554,50.248413,-11.461133,-5.487218,3.3793232,-34.832066,-47.610973,38.6093,-10.143906,15.000033,8.7112875,-10.301799,24.461212,-14.723501,30.597404,-29.339256,67.29376,-21.13503,-4.018999,11.752664,-0.09508409,-19.386255,44.943867,-8.914938,5.822964,-20.665401,-10.038178
605,1.3491947650909424,-19.68911361694336,77.13308715820312,-0.1358405823916019,-0.6302611363580893,108.19194502018071,-27.842989,30.735191,15.979636,49.340054,-11.27233,-5.9425254,2.3659673,-34.247864,-45.666035,37.58991,-10.441931,15.000033,7.914223,-9.658228,23.719252,-13.645516,30.320116,-29.216484,67.0046,-20.782808,-4.1149983,11.712271,3.3571844,-21.367191,43.802765,-12.132165,6.853789,-21.478117,-9.308327
606,1.7614567279815674,-19.410106658935547,77.2481918334961,0.42555430462080646,-0.5785735661033484,106.37311013870489,-26.214664,31.054274,17.008192,48.328735,-11.021305,-6.2176642,1.2731012,-33.860676,-43.9074,37.002834,-10.719189,15.000033,7.1380186,-9.015683,22.943607,-12.621851,30.01965,-29.45353,66.8854,-20.3681,-4.080432,11.464354,6.684522,-23.412756,42.481052,-15.427282,8.082388,-21.9547,-8.892516
607,2.156289577484131,-19.072803497314453,77.41106414794922,0.8755285432203156,-0.28559014133367194,104.69492496956515,-24.785997,31.357496,17.972458,47.184223,-10.68839,-6.239463,0.12960109,-33.456818,-42.475147,36.569134,-10.784521,15.000033,6.417246,-8.202121,22.079441,-11.340396,29.646292,-29.3433,66.285324,-20.017284,-3.85218,11.115031,9.82751,-25.559843,40.901573,-18.577814,9.25791,-22.306023,-8.36294
608,2.541795492172241,-18.691808700561523,77.54499053955078,1.264736109433749,-0.16282307957284206,103.19044196797233,-23.342886,31.52186,18.615274,46.163895,-10.320303,-6.609377,-0.59152216,-33.142284,-41.354847,36.31479,-11.05115,15.000033,5.744571,-7.2971945,21.407642,-10.281582,29.205,-29.243614,65.60788,-19.266277,-3.5667508,10.745554,12.953105,-27.719168,39.28347,-21.575146,9.969752,-22.655695,-7.625339
609,2.9340202808380127,-18.28022003173828,77.65270233154297,1.793072727032868,-0.14294792330912384,101.65512413890988,-21.852835,31.40415,19.038876,45.31328,-9.943345,-7.0570025,-1.16218,-32.872658,-40.021206,35.91029,-11.348609,15.000033,5.1543784,-6.4183855,20.87018,-9.436724,28.713749,-29.384977,65.17345,-18.593468,-3.3523464,10.59977,15.880513,-29.84964,37.78235,-24.371403,10.80129,-23.095182,-7.182261
610,3.330876350402832,-17.84872817993164,77.77615356445312,2.4416983411982756,-0.11398989788247198,100.35407635526353,-20.507034,31.053398,19.37102,44.570175,-9.486905,-7.416737,-1.4928746,-32.845673,-39.02892,35.521328,-11.579128,15.000033,4.6336503,-5.5499473,20.3621,-8.497518,28.144789,-29.216215,64.524155,-18.446726,-3.2603986,10.691646,18.827103,-31.966137,36.072556,-27.094795,12.058359,-23.163757,-6.640991
611,3.7248001098632812,-17.411134719848633,77.91908264160156,2.9410197817855357,0.017119729876404515,99.16750775297233,-19.25531,30.749544,19.617023,43.625713,-8.926911,-7.7122498,-1.8682278,-32.660397,-38.106762,35.15936,-11.720969,15.000033,4.1172886,-4.6391044,19.927801,-7.6258826,27.530773,-29.052805,63.897316,-18.16342,-3.0705245,10.709049,21.46882,-33.998234,34.562717,-29.520796,13.698564,-23.499844,-6.356341
612,4.110648155212402,-16.982532501220703,78.09064483642578,3.4923739593362364,0.12981898680451615,98.1413986790422,-18.000078,30.271418,19.87004,42.555927,-8.151563,-8.077884,-1.929079,-32.654354,-37.70412,34.638313,-11.847665,15.000033,3.6220663,-3.7766185,19.379463,-6.745143,26.903585,-29.19127,63.43917,-17.682714,-2.871286,10.736081,24.02254,-35.96179,33.0613,-31.563972,14.92099,-24.021633,-6.207982
613,4.475150108337402,-16.576208114624023,78.26477813720703,3.859406556932866,0.1540118693093056,97.14894456634241,-16.629303,29.882439,20.03005,41.302273,-7.4402623,-8.494935,-1.8531696,-32.43488,-37.323093,34.05993,-11.845691,15.000033,3.1692598,-2.8897712,18.874441,-5.8983994,26.259205,-29.225332,62.895836,-16.932327,-2.598533,10.767497,26.488518,-37.79523,31.59205,-33.340202,15.826603,-24.583838,-6.2341266
614,4.814742565155029,-16.201614379882812,78.4747543334961,4.2551042972628785,0.22614995750350605,96.25224068507954,-15.440085,29.204918,19.832567,39.969288,-6.6166916,-8.915273,-1.7496052,-32.261692,-37.059917,33.336266,-11.548642,15.000033,2.7778292,-2.0703473,18.395098,-5.104178,25.631273,-29.34346,62.505024,-16.32355,-2.3259885,10.606739,28.828188,-39.455654,30.189201,-34.842224,16.946074,-25.274576,-6.6733127
615,5.118208885192871,-15.867244720458984,78.67066192626953,4.634990568356041,0.2326721179185091,95.46907770558515,-14.335064,28.530737,19.614407,38.777927,-5.7981277,-9.430036,-1.4841824,-32.112644,-36.91566,32.513515,-11.411103,15.000033,2.412396,-1.2714552,17.835997,-4.336844,25.051096,-29.39016,61.945126,-15.809089,-2.164705,10.527616,31.26662,-40.97815,28.691925,-36.33583,18.031504,-25.313,-6.785584
616,5.370758533477783,-15.577872276306152,78.8635482788086,4.915464017874007,0.019350523078130732,94.96820646019627,-12.937107,27.890013,19.567587,37.186962,-4.8314576,-10.090611,-0.73331976,-31.93727,-37.105175,31.534552,-11.337051,15.000033,1.9573151,-0.5018626,17.272095,-3.616732,24.542728,-29.539354,61.424088,-14.760352,-1.9866631,10.562687,33.709217,-42.298725,27.148497,-37.950848,19.180607,-25.486885,-6.8269114
617,5.567683696746826,-15.331729888916016,79.05889129638672,5.156248551268885,-0.07883807857293766,94.61100595693512,-11.680699,27.274359,19.64359,35.490547,-3.6256926,-10.642827,0.036809865,-31.579668,-37.272633,30.09262,-11.054563,15.000033,1.5406604,0.18817681,16.619802,-2.8142748,24.10258,-29.792614,61.007008,-13.994957,-1.957152,10.613282,35.91199,-43.46719,26.017452,-39.207222,20.525791,-25.976816,-7.212215
618,5.69528341293335,-15.126021385192871,79.29176330566406,5.507261023125531,-0.18461390226226873,94.5046315552619,-10.477114,26.412245,19.752913,33.609886,-2.2528973,-11.292208,0.9443468,-31.414938,-37.566475,28.498714,-10.690822,15.000033,1.1287376,0.8863361,15.975084,-2.0091012,23.706102,-30.030333,60.3685,-13.826412,-1.9768575,10.500959,38.133068,-44.44908,25.171974,-40.442448,22.05774,-26.042715,-7.7840476
619,5.739884376525879,-14.96017837524414,79.5291976928711,5.688861214425544,-0.443670588873166,94.59926254880344,-9.031819,25.608734,19.916296,31.298906,-0.937569,-11.823969,2.1513305,-31.082878,-37.96463,26.709019,-10.15784,15.000033,0.57649803,1.5013665,15.368977,-1.220559,23.366325,-30.189854,59.759167,-13.218652,-1.8802758,10.426616,40.19195,-45.15176,24.228693,-41.59012,23.50245,-26.464718,-8.6359215
620,5.699502468109131,-14.832097053527832,79.71173858642578,5.571237130798545,-0.7945213781456145,94.73517357032885,-7.2065687,25.151598,20.477074,28.464773,0.07741328,-12.282346,3.589277,-30.221737,-38.21308,24.37684,-9.437707,15.000033,0.113618605,2.0556526,14.583551,-0.37466726,23.07274,-30.160116,59.20701,-12.120923,-1.6270075,10.52912,41.77567,-45.66011,23.406693,-42.321983,24.59854,-27.002237,-9.060528
621,5.57552433013916,-14.733362197875977,79.87650299072266,5.413019670638018,-0.9993290845224846,95.05907878347612,-5.335907,24.402672,20.81963,24.853617,1.5703533,-12.898545,5.193039,-29.20449,-38.68867,21.34732,-8.509999,15.000033,-0.34416518,2.544306,13.611863,0.50028646,22.851698,-30.514706,58.69623,-10.672673,-1.4968827,10.395285,43.19462,-46.08847,22.661266,-42.775883,25.842808,-27.300161,-9.411481
622,5.3802289962768555,-14.668014526367188,79.99470520019531,5.276495163856794,-1.0817335371852577,95.42097428661327,-3.47227,23.44373,21.035591,20.824745,3.4564219,-13.625201,6.818141,-28.112448,-39.23008,17.796795,-7.37978,15.000033,-0.8043494,2.8693118,12.585718,1.303927,22.70907,-31.020088,58.494316,-9.49475,-1.5062015,10.449274,44.56581,-46.441303,21.733778,-43.212505,26.925322,-27.713425,-9.927601
623,5.117575645446777,-14.637734413146973,80.05470275878906,5.01227945627993,-1.1783970297387718,95.74944628630071,-1.471983,22.732828,21.72921,16.67266,5.2329426,-14.157578,8.494012,-26.891209,-39.84495,14.0539255,-6.03116,15.000033,-1.0676931,3.180842,11.515959,2.166202,22.59416,-31.183073,58.002872,-8.460777,-1.3368211,10.40595,46.01035,-46.731182,20.749043,-43.585823,28.008043,-28.104115,-10.160497
624,4.796096324920654,-14.644387245178223,80.09015655517578,4.810855584175051,-1.447355145787185,96.31410050470903,0.44582054,21.892885,22.252779,12.708542,6.81364,-14.7218895,10.321834,-25.860449,-40.324696,10.534632,-4.798251,15.000033,-1.4378785,3.4200757,10.449181,2.9184341,22.51531,-31.452602,57.569374,-7.428868,-0.9876234,10.333686,47.50912,-46.906517,19.630161,-44.025455,28.764196,-28.649607,-10.650136
625,4.42402982711792,-14.69443130493164,80.0879898071289,4.590150548876109,-1.7224271368937947,96.93729276096049,2.3920496,20.89513,22.491749,8.413961,8.492207,-15.000033,11.892097,-24.984278,-40.534107,7.550214,-3.7136817,15.000033,-1.7511337,3.6786761,9.4041,3.5610635,22.465809,-31.847824,57.14066,-6.84587,-0.7603367,10.378702,49.024876,-47.003777,18.593311,-44.628883,29.301308,-28.905554,-10.953662
626,4.015450477600098,-14.788244247436523,80.01661682128906,4.293429240158935,-1.903102747307222,97.4554919778019,3.198733,20.38383,22.389648,6.3809056,8.909487,-15.000033,12.231249,-24.921791,-40.3939,7.2582836,-4.0638347,15.000033,-1.9275675,3.901985,8.312819,4.302518,22.449348,-31.933434,56.36974,-6.1218934,-0.53022087,10.259997,50.30827,-47.033607,17.628231,-45.189903,29.720657,-28.621225,-10.550407
627,3.5806610584259033,-14.91118335723877,79.95866394042969,4.014559532345459,-2.092619492938086,97.95439042480818,3.1698146,20.197916,22.06594,6.1924877,8.401096,-15.000033,12.5909,-24.970934,-40.49201,7.045514,-4.2294683,15.000033,-1.9999858,4.1385236,7.353518,4.926767,22.44872,-32.316265,55.57921,-5.434306,-0.2740448,10.271387,51.54482,-47.093616,16.709396,-45.811092,29.817804,-28.54798,-10.461955
628,3.1268019676208496,-15.06225299835205,79.86754608154297,3.730279957203306,-2.198062677860855,98.33598158674297,3.0578842,19.995577,21.665916,6.0439725,7.8123493,-15.000033,12.745444,-25.005136,-40.322758,6.820938,-4.275482,15.000033,-2.0096989,4.3364453,6.4802384,5.3731217,22.437397,-32.720516,55.007545,-5.409074,-0.18153317,10.568336,52.53678,-47.16006,16.069674,-46.36062,30.019312,-28.745058,-10.847636
629,2.65838885307312,-15.233458518981934,79.7337875366211,3.3143694673592248,-2.4075917728917147,98.80631559357386,2.970909,19.954205,21.236462,5.9694753,7.2140446,-15.000033,13.061247,-24.928679,-40.29741,6.645452,-4.315726,15.000033,-2.0992002,4.4982114,5.73757,5.7970586,22.430252,-32.8969,54.124542,-5.1837745,-0.097618476,10.805461,53.234203,-47.170986,15.587119,-46.641758,29.483507,-28.991129,-11.295185
630,2.1971359252929688,-15.412406921386719,79.65193939208984,3.0314982504204226,-2.7675949384871057,99.21772154737332,3.0948727,19.753954,20.854786,5.8643146,6.830013,-15.000033,13.555195,-25.01609,-40.38461,6.461505,-4.3029246,15.000033,-2.0467448,4.6444554,5.187319,6.166002,22.406488,-33.189354,53.101746,-4.916485,-0.026206678,10.790663,53.81258,-47.176235,15.245818,-46.976704,28.54914,-29.236712,-11.504079
631,1.7507795095443726,-15.584537506103516,79.56269073486328,2.7329636008456526,-2.9533067313196457,99.61447204912265,3.0128992,19.610838,20.447628,5.82765,6.1956596,-15.000033,13.83255,-25.061642,-40.380253,6.3016,-4.1569705,15.000033,-1.8850237,4.769495,4.711291,6.394173,22.360584,-33.333225,52.168827,-4.8906174,0.13958213,10.490776,54.25957,-47.19373,15.022358,-47.157104,27.948877,-29.0998,-10.973841
632,1.3247960805892944,-15.741888046264648,79.44308471679688,2.4013301663633606,-3.134119301615472,100.01106849416902,2.9471297,19.553469,20.10783,5.8007507,5.434681,-15.000033,14.097785,-25.034073,-40.16106,6.146456,-4.1707807,15.000033,-1.9019328,4.882742,4.2767878,6.651097,22.308315,-33.415638,51.09891,-5.070134,0.34654078,10.32388,54.585163,-47.191887,14.5913,-47.272934,27.57466,-28.49574,-10.586329
633,0.9375219941139221,-15.879161834716797,79.36582946777344,2.1742808008962835,-3.384537505464978,100.28640158218467,3.0575871,19.446949,20.003021,5.7908816,5.023764,-15.000033,14.486392,-25.13898,-40.35016,5.9877367,-4.1556106,15.000033,-1.7907696,4.9247584,3.9970384,6.7518587,22.263023,-33.643707,50.216904,-5.3055506,0.3228012,10.149228,54.88251,-47.18911,14.299405,-47.31016,27.144,-27.975687,-10.87458
634,0.5949839949607849,-15.98779296875,79.3476791381836,2.1417351092048382,-3.5368082350204424,100.35961832598511,3.2082558,19.23258,20.30935,5.8058915,4.7717314,-15.000033,14.71473,-25.441626,-40.550922,5.8218417,-4.004009,15.000033,-1.8432233,4.8532653,3.8385472,7.004742,22.244751,-33.772434,49.517693,-5.313463,0.19758125,10.1890545,54.80066,-47.179966,14.198521,-47.211315,26.82808,-27.702816,-11.226702
635,0.28745871782302856,-16.069429397583008,79.31195831298828,2.0153580282962933,-3.5450135156535434,100.50697271034976,3.1352072,19.117273,20.342548,5.845489,4.1642423,-15.000033,14.776608,-25.581165,-40.60987,5.7343364,-3.780302,15.000033,-1.7829585,4.8798785,3.6067944,7.1252236,22.170547,-34.050137,48.861393,-4.8681836,0.36933628,10.627204,55.080807,-47.0989,13.633963,-47.15151,26.348677,-27.090439,-11.227702
636,0.025839006528258324,-16.12217903137207,79.30684661865234,1.9952848141747546,-3.559655674904052,100.49435646885776,3.1871114,18.93321,20.420933,5.844055,3.8589563,-15.000033,14.7727165,-25.797573,-40.524994,5.675883,-3.6093574,15.000033,-1.6619213,4.8167152,3.5731564,7.199062,22.130917,-34.33805,48.30409,-4.972372,0.42619643,10.793068,55.067085,-47.0714,13.438275,-46.958473,25.241034,-26.685436,-11.444276
637,-0.1950303465127945,-16.154163360595703,79.33588409423828,1.9894683649371359,-3.6159114056929993,100.4277136356052,3.3146431,18.808578,20.621311,5.89426,3.8136227,-15.000033,14.827676,-25.989737,-40.59362,5.589332,-3.358597,15.000033,-1.37341,4.742913,3.607868,7.015206,22.044184,-34.92492,48.17766,-5.3917985,0.35579824,10.677683,55.159367,-47.04453,13.326851,-46.71686,24.097904,-26.705444,-11.79358
638,-0.3833477199077606,-16.170650482177734,79.34901428222656,1.985777482102929,-3.540381014586127,100.27957920577212,3.3434727,18.710207,20.869932,5.9243326,3.707344,-14.844097,14.7076,-26.10118,-40.53465,5.4097133,-3.0707169,15.000033,-1.156727,4.6722236,3.5865517,6.961742,21.954918,-35.281536,47.97591,-5.4165745,0.32804185,10.637251,55.178986,-47.023388,13.219741,-46.48056,23.054028,-26.202477,-12.109613
639,-0.5450844764709473,-16.174962997436523,79.35598754882812,2.0641311586018936,-3.4183139569376215,100.0686604779607,3.3576102,18.547916,21.21033,5.9568973,3.5689676,-14.4314785,14.465669,-26.314642,-40.3282,5.326385,-2.6940186,15.000033,-0.9710701,4.5789876,3.6728234,6.86331,21.864471,-35.59413,47.934498,-5.611645,0.3649532,10.664601,55.14538,-47.028255,13.146671,-46.3425,22.06647,-25.766075,-12.039456
640,-0.6790672540664673,-16.172046661376953,79.36959075927734,2.0627573213013233,-3.2028294986563526,99.90260074603476,3.2441902,18.488989,21.48236,5.9765387,3.5438163,-14.08123,14.114539,-26.380268,-40.04086,5.2374682,-2.4633245,15.000033,-0.9005145,4.4888134,3.8724322,6.749203,21.826296,-35.89044,47.97986,-5.436632,0.41968653,10.645491,55.08701,-47.0448,13.172501,-46.07279,20.51817,-25.931843,-12.421195
641,-0.7864693999290466,-16.171377182006836,79.3807144165039,2.095591631587366,-3.0351604379901382,99.83752424773883,3.111106,18.3628,21.54869,5.976797,3.5814018,-13.880619,13.93375,-26.46328,-40.010426,5.0684075,-2.3541434,15.000033,-0.8066952,4.404972,3.91157,6.527171,21.73503,-36.258396,48.22114,-5.268419,0.42534,10.685351,55.059116,-47.062523,13.20343,-45.847813,19.615534,-25.98502,-12.828374
642,-0.8670755624771118,-16.17833709716797,79.393310546875,2.21686309308494,-2.8817707989384287,99.69540614275043,3.0561686,18.230827,21.969444,6.001998,3.6495008,-13.536486,13.712486,-26.63785,-39.90816,4.921364,-2.2196949,15.000033,-0.7456923,4.290161,4.031369,6.411644,21.694088,-36.3527,48.372356,-5.403445,0.3793056,10.899869,55.002235,-47.069656,13.234545,-45.822285,19.139713,-25.578978,-12.818764
643,-0.9278174638748169,-16.200647354125977,79.40304565429688,2.280957796657427,-2.7975973877043674,99.58608377634599,3.0147562,18.130245,22.123474,6.020773,3.6686318,-13.279068,13.572978,-26.723286,-39.85108,4.777782,-2.0289464,15.000033,-0.5898786,4.1996675,4.0601344,6.1745186,21.575006,-36.35651,48.674175,-5.760006,0.25950637,11.085593,54.87931,-47.092327,13.4043,-45.72638,18.5421,-24.975414,-13.040768
644,-0.9745124578475952,-16.240428924560547,79.40985107421875,2.2817160523002036,-2.822792799274498,99.5570297320442,3.0077481,18.065117,22.022205,6.0310736,3.6604567,-13.172056,13.56187,-26.778418,-39.975937,4.7693334,-1.8954543,15.000033,-0.35070494,4.1806808,4.1052036,5.927161,21.472984,-36.239098,48.678444,-5.8287387,0.31011623,10.980112,54.835587,-47.135593,13.582013,-45.618134,17.600292,-24.344345,-13.22117
645,-1.0095926523208618,-16.29288101196289,79.4155044555664,2.2918844292950418,-2.8649604579652515,99.58741027580209,2.9908102,18.011316,21.990519,6.040235,3.581384,-13.011913,13.603198,-26.80672,-40.030838,4.688512,-1.7987665,15.000033,-0.074803315,4.1900377,4.193486,5.5957003,21.389145,-36.197945,48.68092,-5.855957,0.3724815,10.9590845,54.836353,-47.222282,13.863444,-45.53253,16.837069,-24.25967,-13.308394
646,-1.0346496105194092,-16.355852127075195,79.42791748046875,2.315104812652878,-2.9390635388157635,99.59669260684944,3.0156054,17.95322,22.009909,6.0432053,3.637502,-12.923018,13.653765,-26.855831,-40.100853,4.638325,-1.7097512,15.000033,0.1344798,4.167639,4.262412,5.3422265,21.330595,-36.117645,48.678753,-6.0083437,0.31301665,10.947962,54.71915,-47.31176,14.089807,-45.444206,16.414263,-24.078588,-13.176332
647,-1.0524791479110718,-16.42483901977539,79.4363784790039,2.301299509198439,-2.991724284609572,99.63806685250437,2.998317,17.948927,22.040062,6.0420866,3.6729357,-12.809336,13.680563,-26.85136,-40.154114,4.5963135,-1.6138424,15.000033,0.28046533,4.146275,4.3437533,5.060055,21.28045,-36.0551,48.680264,-6.018039,0.26111776,10.942272,54.548687,-47.437634,14.325782,-45.284256,16.32147,-24.109364,-13.02067
648,-1.063110589981079,-16.495250701904297,79.4408950805664,2.2934238214196276,-2.935294543820947,99.69917458845173,2.8340995,17.916386,21.931664,6.0314665,3.7306104,-12.668199,13.607545,-26.852905,-40.27396,4.53723,-1.5382478,15.000033,0.35195425,4.118338,4.46053,4.764358,21.255516,-36.07136,48.68659,-6.0900617,0.1127971,10.863348,54.472694,-47.55976,14.506305,-45.17303,16.299232,-24.160694,-12.9621315
649,-1.0643097162246704,-16.56894302368164,79.44336700439453,2.276761859934663,-2.9199554818608755,99.74507390608002,2.7148826,17.8985,21.812477,6.019858,3.8183923,-12.636387,13.553678,-26.827835,-40.330654,4.489838,-1.5168223,15.000033,0.4903044,4.1017313,4.5560756,4.4897037,21.246223,-36.03849,48.661972,-6.1336236,0.14427671,10.7820015,54.438736,-47.648827,14.594923,-45.128994,16.451015,-23.895172,-12.817191
650,-1.0538110733032227,-16.644502639770508,79.44019317626953,2.2847756196396185,-2.8975295425714953,99.74731493707127,2.6447191,17.928513,22.015339,6.015939,3.886852,-12.516462,13.463759,-26.796259,-40.264454,4.393008,-1.4762374,15.000033,0.61068577,4.0879226,4.630821,4.206587,21.242996,-36.086025,48.71221,-6.2090487,0.17456448,10.885531,54.226524,-47.85388,14.873535,-45.088898,16.26846,-23.784916,-12.822526
651,-1.0355738401412964,-16.721317291259766,79.44882202148438,2.3167647608261204,-2.9773763341194437,99.77140283272311,2.6329486,17.86984,21.901636,6.010432,3.9482021,-12.464068,13.503143,-26.84138,-40.329544,4.3877463,-1.4480045,15.000033,0.61082584,4.079844,4.7606244,3.9930546,21.24172,-36.057995,48.803432,-6.204129,0.067313455,10.915627,54.02957,-47.966,15.014447,-45.133503,16.444197,-23.88077,-12.566424
652,-1.0081037282943726,-16.797975540161133,79.46484375,2.324094157927403,-3.107798053487012,99.87255384291603,2.6249743,17.820524,21.649195,6.0073557,4.030335,-12.426165,13.648497,-26.838224,-40.42893,4.373846,-1.3379726,15.000033,0.6096291,4.1184473,4.9053483,3.808385,21.24111,-36.025562,48.874935,-5.9574437,-0.007846298,10.898475,53.948853,-47.98492,15.042041,-45.236664,16.479073,-24.00286,-12.216505
653,-0.968408465385437,-16.872873306274414,79.46907043457031,2.3680307983240105,-3.10806653578732,99.95110080495866,2.5024664,17.764633,21.531406,5.9940267,4.116814,-12.402095,13.665692,-26.85585,-40.596848,4.285038,-1.2941711,15.000033,0.6412221,4.1000757,5.045501,3.468516,21.241362,-36.101597,49.075783,-5.6898565,-0.02154221,10.84349,53.742203,-48.073456,15.274612,-45.2666,16.559942,-24.099297,-12.095849
654,-0.9231125116348267,-16.943376541137695,79.47760009765625,2.378975360052222,-3.114420325643871,100.04651260345156,2.3755906,17.744675,21.37105,5.9890127,4.217198,-12.406823,13.650715,-26.847254,-40.6885,4.296964,-1.340739,15.000033,0.5978961,4.113684,5.145477,3.233739,21.241232,-36.150925,49.251663,-5.4089303,-0.012854667,10.72021,53.513577,-48.1959,15.532574,-45.27861,16.657356,-24.114698,-11.932525
655,-0.8758856058120728,-17.007286071777344,79.48818969726562,2.394040093263226,-3.1065830656808817,100.31824311158807,2.1478362,17.677313,21.03865,5.975419,4.3094554,-12.462902,13.7484255,-26.885914,-41.13353,4.359395,-1.4607362,15.000033,0.5644951,4.1309295,5.2529745,2.956719,21.242489,-36.152912,49.346165,-5.241697,-0.028035907,10.538751,53.57674,-48.268948,15.665224,-45.343613,16.916677,-23.984999,-11.910535
656,-0.827677845954895,-17.0645694732666,79.49935913085938,2.4140677115318905,-3.141323816954398,100.50493523263147,2.0186615,17.62694,20.80312,5.9625535,4.398817,-12.54909,13.900932,-26.87311,-41.490795,4.28245,-1.5017115,15.000033,0.5708048,4.1843038,5.3362145,2.751694,21.242716,-36.122204,49.429077,-5.1278777,-0.020595724,10.310654,53.64466,-48.28713,15.719179,-45.480175,16.879534,-23.73947,-11.883265
657,-0.7804235219955444,-17.114789962768555,79.49939727783203,2.41797783350516,-3.1085703121681516,100.58171902176747,1.9115592,17.669193,20.915163,5.9472322,4.478577,-12.59894,13.789041,-26.882193,-41.533295,4.4214063,-1.6354574,15.000033,0.4856921,4.202258,5.4337845,2.5846126,21.246775,-36.179874,49.559906,-4.7862067,-0.110258326,10.3461275,53.6347,-48.296516,15.776244,-45.560894,16.778284,-24.22499,-11.841317
658,-0.7393396496772766,-17.156143188476562,79.50846862792969,2.431547027193245,-3.1198767508148957,100.71815903686006,1.8265703,17.673555,20.941578,5.9386907,4.5983067,-12.655143,13.863719,-26.838078,-41.658844,4.333497,-1.6221672,15.000033,0.47682643,4.198768,5.501787,2.3812265,21.253885,-36.245197,49.678146,-4.837439,-0.1324413,10.398639,53.654892,-48.30417,15.886343,-45.589848,17.351831,-24.625118,-11.699938
659,-0.7031729817390442,-17.190114974975586,79.52259826660156,2.5015396932016905,-3.104508002858643,100.81054334547197,1.7220558,17.585304,20.849491,5.9297023,4.7444477,-12.66572,13.863769,-26.946295,-41.896576,4.4101753,-1.6778318,15.000033,0.55724704,4.190993,5.60619,2.1508825,21.260008,-36.30141,49.799934,-4.8212414,-0.17074779,10.392439,53.742943,-48.309303,16.044981,-45.640194,17.604208,-24.892265,-11.7263975
660,-0.6696122884750366,-17.21895408630371,79.5193862915039,2.517855158760275,-2.993053039541562,100.82600151904681,1.563602,17.598484,20.882393,5.923008,4.7434907,-12.617329,13.745112,-26.922836,-41.97257,4.3330584,-1.6034671,15.000033,0.6451192,4.1648135,5.6529164,1.9477875,21.27793,-36.35231,49.917,-4.709381,-0.17400044,10.399853,53.73003,-48.320225,16.321173,-45.57895,17.677708,-25.14634,-11.7435875
661,-0.641165018081665,-17.245677947998047,79.51116180419922,2.4740019291200888,-2.962649862048417,100.96432516801899,1.4354787,17.660238,20.823141,5.9230857,4.7225885,-12.565841,13.761636,-26.854214,-42.070347,4.3341017,-1.5766248,15.000033,0.7132446,4.1960087,5.7257223,1.7819445,21.281979,-36.281563,49.84969,-4.8249965,-0.12691736,10.394105,53.891636,-48.317833,16.370094,-45.569496,17.770393,-25.153826,-11.809241
662,-0.611297607421875,-17.274320602416992,79.5134048461914,2.4364560230784433,-2.98527625459941,101.17969571562129,1.3113858,17.671835,20.587753,5.919962,4.729822,-12.573492,13.863777,-26.804312,-42.254486,4.3836184,-1.6297458,15.000033,0.76839125,4.2138076,5.800211,1.5590905,21.293499,-36.118034,49.77369,-4.822734,0.016206564,10.10247,54.080402,-48.313427,16.449781,-45.582043,18.33826,-24.996199,-11.470049
663,-0.5784642696380615,-17.305309295654297,79.53007507324219,2.466603822551517,-2.9695428961795383,101.25845724023726,1.1915004,17.59709,20.31702,5.9188614,4.8379793,-12.587188,13.883024,-26.83835,-42.511967,4.3878803,-1.6736667,15.000033,0.91562694,4.244995,5.91769,1.3921716,21.298944,-36.066177,49.717438,-5.1618705,-0.016388807,9.955266,54.25894,-48.313427,16.529812,-45.641365,18.88005,-25.095078,-11.33949
664,-0.5430724620819092,-17.33941650390625,79.53929138183594,2.5328149399044184,-2.900941752120476,101.22964842047156,1.0693703,17.50842,20.16873,5.908359,4.9891686,-12.627648,13.815364,-26.881283,-42.71218,4.284914,-1.6809531,15.000033,1.0254085,4.2040296,6.0112214,1.2026553,21.318956,-36.06496,49.79613,-5.5057516,-0.16683325,10.127943,54.31581,-48.319008,16.740278,-45.719692,18.969538,-25.358322,-11.526471
665,-0.5107269883155823,-17.37647819519043,79.54598999023438,2.5514869222213377,-2.9289941453091366,101.32332871169332,1.0244123,17.508104,20.193779,5.9016013,5.0883417,-12.605802,13.871182,-26.872452,-42.825768,4.2627482,-1.5656204,15.000033,1.1521261,4.1727557,6.0798326,1.04544,21.344095,-35.9269,49.724384,-5.811332,-0.15958023,10.148385,54.322914,-48.32539,16.994001,-45.695698,18.377802,-25.303904,-11.458462
666,-0.48192134499549866,-17.415563583374023,79.54161834716797,2.580233905069986,-2.8951985841689463,101.4212821573867,0.9157962,17.494844,20.251091,5.882724,5.1388626,-12.611596,13.787049,-26.907856,-42.80125,4.362031,-1.6280413,15.000033,1.2904723,4.1452117,6.1246324,0.85981375,21.351496,-35.84777,49.722363,-5.9984646,-0.1431753,10.192774,54.36595,-48.331886,17.10881,-45.71706,17.797226,-25.163635,-11.282153
667,-0.4603949785232544,-17.455825805664062,79.5438461303711,2.5589822652535164,-2.8836332984792183,101.52693102514276,0.812326,17.51674,20.207663,5.8706546,5.1878586,-12.578839,13.827387,-26.827263,-42.876347,4.243372,-1.6084787,15.000033,1.291971,4.076118,6.1876206,0.68870616,21.371252,-35.728973,49.80018,-5.934003,-0.08547544,10.105233,54.138863,-48.369843,17.415462,-45.537247,17.644356,-25.09042,-11.005083
668,-0.44604575634002686,-17.497257232666016,79.55575561523438,2.5325899160097007,-2.874241917826914,101.64285608424046,0.7034991,17.525267,20.116867,5.857251,5.301232,-12.537725,13.822507,-26.80856,-43.000053,4.2939196,-1.597632,15.000033,1.3438475,4.02918,6.286021,0.4921827,21.38231,-35.679684,49.84644,-6.003379,-0.014640289,9.988871,54.091507,-48.402405,17.563091,-45.414555,17.722534,-25.122904,-10.722517
669,-0.4362534284591675,-17.539871215820312,79.5614242553711,2.502653123755539,-2.8473693788603374,101.71161569299852,0.5999097,17.547886,20.076553,5.8481393,5.3894362,-12.526053,13.781402,-26.776115,-43.08786,4.311306,-1.5767981,15.000033,1.3389438,4.0020456,6.3482175,0.37096706,21.389881,-35.61967,49.875065,-5.897675,0.02752226,9.920969,53.969784,-48.435352,17.689737,-45.28694,17.595411,-25.18742,-10.650576
670,-0.43071088194847107,-17.582942962646484,79.55914306640625,2.429368097181539,-2.822040964431546,101.76717151143632,0.51462317,17.646294,20.137838,5.8428082,5.35908,-12.466673,13.775428,-26.644245,-43.14524,4.189018,-1.5267482,15.000033,1.3657184,3.985648,6.3780384,0.22325793,21.396902,-35.613575,49.90477,-5.6933074,0.10855898,9.838785,53.81499,-48.47736,17.805546,-45.112732,17.780336,-25.453709,-10.43932
671,-0.42980527877807617,-17.623287200927734,79.57732391357422,2.4050840666267472,-2.8887084548093114,101.92997197179363,0.47376633,17.639439,20.055021,5.841971,5.3853555,-12.443513,13.908752,-26.613445,-43.260185,4.172132,-1.5002453,15.000033,1.3843012,3.9813986,6.447294,0.08188409,21.397465,-35.615177,49.89027,-5.6595755,0.21106885,9.640877,53.80929,-48.489338,17.845776,-45.024128,18.284983,-25.598295,-10.0236845
672,-0.4292016923427582,-17.659543991088867,79.59234619140625,2.3926955260907397,-2.9566545750131756,102.0888065406072,0.43843746,17.614845,19.95806,5.841046,5.4480734,-12.436368,14.035178,-26.617897,-43.428204,4.211312,-1.4522088,15.000033,1.3879989,3.9330819,6.51574,-0.082662344,21.391487,-35.595066,49.885975,-5.5732536,0.26216468,9.467511,53.756943,-48.558025,17.980394,-44.875893,18.414541,-25.564081,-9.722378
673,-0.4301239848136902,-17.687726974487305,79.59869384765625,2.3471160719685504,-2.9771096643320862,102.23832246493754,0.3619596,17.627214,19.845034,5.8313828,5.5225577,-12.447236,14.083025,-26.597996,-43.556973,4.307158,-1.4324158,15.000033,1.3502967,3.8904383,6.573896,-0.18919455,21.391542,-35.597855,49.825672,-5.3141823,0.25003916,9.384208,53.77963,-48.572384,18.00048,-44.7398,18.331055,-25.569654,-9.388689
674,-0.42897602915763855,-17.706119537353516,79.5894775390625,2.2886879819488386,-2.912743879046859,102.36242164854413,0.22047728,17.684406,19.823439,5.821199,5.484111,-12.442119,14.10083,-26.495178,-43.72871,4.202715,-1.3648903,15.000033,1.3602784,3.8403308,6.615884,-0.34218764,21.395044,-35.62497,49.811344,-5.1989117,0.21594334,9.306291,53.870193,-48.60586,18.036146,-44.607647,18.311802,-25.623333,-9.161964
675,-0.42414799332618713,-17.714784622192383,79.58228302001953,2.2838133974808894,-2.816593271259475,102.4011903922364,0.09079087,17.698011,19.847567,5.821443,5.4673905,-12.410891,14.0167885,-26.468908,-43.803806,4.1541247,-1.3439777,15.000033,1.4510143,3.7754257,6.6371155,-0.49287426,21.400253,-35.66892,49.867233,-5.27778,0.18875913,9.315051,53.969692,-48.661423,18.118011,-44.542614,18.512093,-25.647703,-9.124653
676,-0.4183844327926636,-17.715730667114258,79.58198547363281,2.2844852122838675,-2.78507660520209,102.41393954191727,0.05135994,17.714834,19.893503,5.825835,5.4670043,-12.36721,14.006394,-26.478823,-43.93624,4.154553,-1.2899178,15.000033,1.5118636,3.743457,6.6425853,-0.5490545,21.40122,-35.642662,49.888332,-5.3073153,0.14293726,9.383226,54.04955,-48.67133,18.144886,-44.514015,18.546196,-25.613678,-9.11175
677,-0.4095431864261627,-17.712488174438477,79.58061981201172,2.283569933745667,-2.75273405771029,102.46558815555248,-0.01105429,17.714624,19.855827,5.8259277,5.4375763,-12.379039,14.002648,-26.474632,-44.024155,4.160899,-1.3064593,15.000033,1.4430914,3.6957448,6.6549363,-0.57421756,21.404829,-35.5946,49.922504,-5.303584,0.0950201,9.381617,54.10437,-48.68577,18.16015,-44.499966,18.787668,-25.641375,-9.0717745
678,-0.39910730719566345,-17.707984924316406,79.57833099365234,2.2732221826936088,-2.7453456626650032,102.49060149301019,-0.035630062,17.722744,19.792528,5.8212748,5.380508,-12.44133,14.023903,-26.436762,-44.05982,4.1234293,-1.3111719,15.000033,1.3960595,3.6727898,6.6389627,-0.56263214,21.405981,-35.56233,49.962032,-5.424002,0.11690814,9.426927,54.12411,-48.68704,18.156794,-44.50664,19.181309,-25.528906,-9.090585
679,-0.39127013087272644,-17.703296661376953,79.5768051147461,2.254071695301698,-2.742285616005006,102.52786105214099,-0.056425698,17.749191,19.777355,5.82434,5.216181,-12.507763,14.0434065,-26.406542,-44.079933,4.1255918,-1.3080347,15.000033,1.1933517,3.66183,6.6133986,-0.4401144,21.414274,-35.335968,49.967163,-5.52288,0.110885836,9.462313,54.095264,-48.665394,17.985586,-44.59639,20.083652,-25.150532,-8.675046
680,-0.38733798265457153,-17.698564529418945,79.58552551269531,2.2427003163987833,-2.776291729216327,102.62295897523015,-0.06070517,17.746536,19.717464,5.823074,5.165725,-12.527613,14.120568,-26.414988,-44.13822,4.1979947,-1.3225727,15.000033,1.0309782,3.6343768,6.6022463,-0.40224802,21.417585,-35.273415,50.004692,-5.585585,0.057610128,9.478927,54.09641,-48.65098,17.910063,-44.600235,20.371258,-24.899519,-8.531969
681,-0.38682395219802856,-17.694286346435547,79.58990478515625,2.2303496705104107,-2.7782089442184748,102.63149406531875,-0.03965447,17.794254,19.866743,5.828271,5.170865,-12.485693,14.14407,-26.412447,-44.202717,4.209468,-1.3000727,15.000033,0.92376083,3.6180868,6.639917,-0.3255288,21.434523,-35.16445,49.95819,-5.50403,-0.10151398,9.620744,54.18384,-48.587,17.701622,-44.684345,20.545147,-24.736883,-8.442903
682,-0.38943424820899963,-17.689422607421875,79.59419250488281,2.2308235747970286,-2.7507765056158533,102.60919689882064,-0.043850984,17.818125,19.969667,5.8342967,5.1744175,-12.413371,14.1467285,-26.404997,-44.300095,4.1436825,-1.222076,15.000033,0.86153626,3.5597744,6.655461,-0.29898822,21.447048,-35.152824,49.97873,-5.4462476,-0.22041245,9.548471,54.193542,-48.54537,17.61112,-44.663258,20.747723,-24.659735,-8.282548
683,-0.39650559425354004,-17.684120178222656,79.60181427001953,2.1679266999988758,-2.75947618396394,102.63588255499008,-0.054685727,17.86572,19.852226,5.8313146,5.2198176,-12.378354,14.189389,-26.333729,-44.402523,4.1323566,-1.1732495,15.000033,0.87006146,3.5194297,6.661778,-0.3101119,21.454956,-35.167507,49.94454,-5.3229156,-0.13387907,9.156735,54.195187,-48.525196,17.569443,-44.536274,20.740692,-24.601057,-8.079549
684,-0.40399235486984253,-17.677623748779297,79.59110260009766,2.122236480034332,-2.6916364279086373,102.61584586239123,-0.109060764,17.933292,19.919987,5.826726,5.1758814,-12.428365,14.090244,-26.308687,-44.44891,4.1845336,-1.2370294,15.000033,0.84443223,3.4787464,6.6242385,-0.28444162,21.46326,-35.173046,49.971634,-5.193568,-0.14731185,9.125368,54.1991,-48.502254,17.496567,-44.470993,21.307419,-24.675545,-7.8218417
685,-0.409997820854187,-17.67034912109375,79.58842468261719,2.10523397511789,-2.6360645618476917,102.62447911824214,-0.17387597,17.93343,19.84721,5.8152533,5.1772285,-12.470013,14.080142,-26.2519,-44.49638,4.063705,-1.1757805,15.000033,0.8594769,3.4422116,6.615365,-0.29251832,21.48724,-35.218014,49.99519,-5.1965084,-0.09385149,8.835,54.289795,-48.43403,17.333744,-44.471912,21.768776,-24.626719,-7.4764056
686,-0.4143194854259491,-17.664941787719727,79.59618377685547,2.1033006970008663,-2.6344378483953808,102.63665933575123,-0.19020969,17.90132,19.710575,5.8102164,5.259873,-12.495349,14.105125,-26.259733,-44.57197,4.0673337,-1.0909494,15.000033,0.81584084,3.4023087,6.6290145,-0.28906056,21.499332,-35.2273,50.054764,-5.053204,-0.07240169,8.642809,54.29252,-48.37747,17.22598,-44.42071,21.531828,-24.621315,-7.4153156
687,-0.4116896092891693,-17.665443420410156,79.58551788330078,2.1188486288795456,-2.582956678742622,102.56665262331694,-0.19042322,17.931244,19.920795,5.798236,5.292916,-12.530901,14.034871,-26.273584,-44.62843,4.025666,-1.0516582,15.000033,0.7405431,3.3628082,6.5871253,-0.23101193,21.507214,-35.16181,50.155933,-4.999078,-0.20460106,8.775957,54.259567,-48.316376,17.11254,-44.447987,21.715508,-24.64923,-7.37321
688,-0.40586692094802856,-17.672950744628906,79.58576965332031,2.0995700826883414,-2.615106546460122,102.57523560549369,-0.15447424,17.97447,20.003138,5.7898526,5.3482695,-12.5178175,14.047546,-26.275183,-44.680843,4.097021,-1.0471094,15.000033,0.73391783,3.3556838,6.5783796,-0.23395413,21.516972,-35.09577,50.17535,-4.972138,-0.21434446,8.599915,54.267365,-48.221508,16.994352,-44.45658,21.89437,-24.681528,-7.239629
689,-0.39446669816970825,-17.68673324584961,79.59304809570312,2.108489157447941,-2.652747084106,102.59357722389238,-0.12974341,17.969185,20.015577,5.780545,5.4968724,-12.496135,14.115762,-26.236055,-44.702457,3.9952042,-0.97891533,15.000033,0.6861508,3.339283,6.5558553,-0.21718693,21.527668,-35.060883,50.187862,-5.0715604,-0.30228472,8.539196,54.1994,-48.120075,16.900469,-44.465824,22.15032,-24.764952,-7.143776
690,-0.38032782077789307,-17.70577049255371,79.59516906738281,2.100428804215245,-2.686982800435768,102.59651868212018,-0.10901914,17.988663,20.035088,5.7723107,5.6130657,-12.550008,14.146966,-26.203661,-44.732788,3.9628823,-0.9430356,15.000033,0.6253378,3.330191,6.518204,-0.19051194,21.531214,-35.043373,50.18833,-5.05671,-0.36768696,8.551222,54.1037,-48.091022,16.859121,-44.472298,22.3853,-24.849833,-7.071081
691,-0.36353376507759094,-17.727169036865234,79.59334564208984,2.110676153445451,-2.7152516518748686,102.57199735379902,-0.078707024,18.003027,20.116968,5.7643833,5.637381,-12.614942,14.144146,-26.219759,-44.77253,3.9841046,-0.9086678,15.000033,0.650481,3.3337898,6.5136175,-0.20235167,21.541983,-34.982796,50.19042,-4.8241997,-0.29185122,8.60397,54.037464,-48.00144,16.799059,-44.505486,22.238718,-24.933722,-7.055315
692,-0.3456282317638397,-17.74834632873535,79.59579467773438,2.086873488856851,-2.74892186878331,102.61464254887206,-0.07949235,18.035725,20.107622,5.7481194,5.6719937,-12.654985,14.2140875,-26.175842,-44.910603,3.9472575,-0.8007662,15.000033,0.6118915,3.3427362,6.5042973,-0.22420304,21.55008,-34.92989,50.19678,-4.6538115,-0.23428679,8.66252,53.995632,-47.92916,16.750902,-44.49736,22.070217,-25.002687,-7.1139784
693,-0.32527610659599304,-17.767257690429688,79.59584045410156,2.068197935133883,-2.7659556365177966,102.63140767653967,-0.09009342,18.069492,20.101301,5.7392983,5.706167,-12.696936,14.227627,-26.136234,-44.946323,3.9344423,-0.74510443,15.000033,0.5898177,3.3454268,6.5010257,-0.24210069,21.567884,-34.901123,50.19279,-4.5243173,-0.23975947,8.698453,53.932346,-47.80665,16.684134,-44.497612,22.126102,-25.061583,-7.1303186
694,-0.3027486801147461,-17.7821044921875,79.59022521972656,2.0574606214444384,-2.7716889117900436,102.60152818194723,-0.09613087,18.090782,20.052122,5.7298584,5.7434864,-12.808283,14.177667,-26.103434,-44.8559,3.9517064,-0.7721403,15.000033,0.6173016,3.3587487,6.4646907,-0.25324082,21.580462,-34.877228,50.213055,-4.5215893,-0.19965538,8.754164,53.870052,-47.72867,16.655754,-44.53508,22.204504,-25.082397,-7.210786
695,-0.27865520119667053,-17.790729522705078,79.58606719970703,2.0722947950996238,-2.791571113158533,102.58127753188127,-0.07625196,18.09248,20.050606,5.718196,5.785303,-12.891418,14.190284,-26.080086,-44.81772,3.8974628,-0.7293103,15.000033,0.66460985,3.3684492,6.4412255,-0.26807687,21.603354,-34.814617,50.26492,-4.456775,-0.17234482,8.7927065,53.7884,-47.55794,16.663282,-44.575077,22.249907,-25.148106,-7.311895
696,-0.25491389632225037,-17.792247772216797,79.58336639404297,2.094934454097477,-2.8134694071611936,102.58087216172233,-0.05208004,18.086462,20.065268,5.7018094,5.8020997,-12.938913,14.226679,-26.073946,-44.827816,3.8525229,-0.6515876,15.000033,0.65374947,3.3697524,6.413524,-0.2713449,21.614584,-34.7523,50.371014,-4.351611,-0.1526756,8.839058,53.737747,-47.442654,16.674103,-44.64253,22.259033,-25.317652,-7.371201
697,-0.23200900852680206,-17.78641128540039,79.58282470703125,2.1050641133880923,-2.825331539874299,102.57750227174103,-0.036808103,18.092075,20.050337,5.688651,5.833558,-12.97746,14.233741,-26.064285,-44.80873,3.8592415,-0.60844326,15.000033,0.6595347,3.3507974,6.3676977,-0.30314115,21.629879,-34.778633,50.50595,-4.2589784,-0.14321108,8.825862,53.635204,-47.301296,16.725351,-44.6211,22.239943,-25.424372,-7.4994917
698,-0.21005843579769135,-17.773019790649414,79.58501434326172,2.1107959651197357,-2.846905634393693,102.58042599176815,-0.007831158,18.101915,20.026312,5.676196,5.87649,-12.989091,14.256795,-26.03141,-44.729076,3.8440282,-0.53320456,15.000033,0.67521256,3.3276842,6.320454,-0.3343161,21.642467,-34.838623,50.633366,-4.127513,-0.16376936,8.766915,53.58489,-47.195396,16.796188,-44.597042,22.167692,-25.713896,-7.594978
699,-0.18777240812778473,-17.753162384033203,79.58099365234375,2.1386341839786893,-2.8306854621179425,102.54077432086697,0.0076365364,18.097626,20.036482,5.6601505,5.91014,-12.976533,14.220818,-26.01427,-44.604027,3.8089256,-0.454624,15.000033,0.67871165,3.2689705,6.2725925,-0.3658738,21.661741,-34.886177,50.797848,-4.161119,-0.11647102,8.809394,53.521843,-47.079014,16.845789,-44.577797,22.119452,-25.700418,-7.693295
700,-0.16504237055778503,-17.7281436920166,79.57925415039062,2.2020734447523744,-2.7452190714418947,102.44764022481317,-0.025658961,18.054832,20.043201,5.64468,5.9413304,-12.882474,14.088654,-26.03876,-44.47517,3.7599647,-0.38924962,15.000033,0.71203387,3.1825285,6.239142,-0.41264737,21.69543,-35.020237,50.99925,-4.3007903,-0.11582606,8.931394,53.426273,-46.962376,16.963375,-44.53495,21.947433,-25.775627,-7.84246
701,-0.14401260018348694,-17.701261520385742,79.580810546875,2.238712360417769,-2.6878122554489314,102.41487696081425,-0.052932408,18.034473,20.0313,5.6305547,5.987828,-12.826014,14.0391245,-26.04405,-44.45925,3.717551,-0.28813732,15.000033,0.7322089,3.1254241,6.22614,-0.44622266,21.733732,-35.085117,51.150295,-4.4137015,-0.13483444,9.029531,53.375145,-46.85105,17.080723,-44.48683,21.905441,-25.854773,-7.932827
702,-0.12357635796070099,-17.676570892333984,79.58341979980469,2.240581022216271,-2.686113404028416,102.46296802590831,-0.058593016,18.03831,19.970764,5.6101923,6.063793,-12.840054,14.08961,-26.016047,-44.48409,3.700505,-0.22988217,15.000033,0.6955162,3.1231444,6.204046,-0.4422699,21.748642,-35.066593,51.23338,-4.454143,-0.19766144,9.055361,53.411747,-46.80649,17.111282,-44.511963,21.922764,-25.988108,-8.002849
703,-0.09997416287660599,-17.65738296508789,79.58378601074219,2.250798403183078,-2.684456848142637,102.49159315643855,-0.07107383,18.025726,19.85326,5.598031,6.121821,-12.854756,14.127807,-25.996582,-44.529,3.6829996,-0.18095095,15.000033,0.7167267,3.10769,6.186423,-0.4555897,21.774624,-35.03181,51.294785,-4.5180993,-0.22196443,9.052498,53.408234,-46.73808,17.186417,-44.515224,21.826345,-25.99378,-8.021616
704,-0.07277564704418182,-17.645349502563477,79.58963012695312,2.3058871140854076,-2.683212237726605,102.47054927911071,-0.060788948,17.987768,19.84239,5.610754,6.1616707,-12.7948675,14.126758,-26.041521,-44.568222,3.695688,-0.09893912,15.000033,0.8002307,3.0943487,6.167474,-0.50276715,21.787687,-34.993534,51.41992,-4.794618,-0.18028869,9.0453825,53.391735,-46.708225,17.254116,-44.585506,21.465958,-25.77501,-8.136005
705,-0.04468236118555069,-17.64142608642578,79.59330749511719,2.328723976173066,-2.6846546677561873,102.45211698127126,-0.06318504,17.986189,19.810648,5.626146,6.165287,-12.733407,14.138918,-26.01926,-44.559128,3.6341488,-0.04905008,15.000033,0.8924402,3.0815141,6.166438,-0.5425879,21.807926,-34.896847,51.46181,-4.8511753,-0.15731263,9.029022,53.297466,-46.671032,17.407488,-44.574207,21.217703,-25.873419,-8.167272
706,-0.015671150758862495,-17.645614624023438,79.59130096435547,2.360344797495937,-2.632758011959793,102.4286721320591,-0.12095412,17.973997,19.796835,5.620953,6.143594,-12.694122,14.042663,-26.04591,-44.551044,3.6713598,-0.09055685,15.000033,0.9569691,3.070573,6.1600823,-0.60271525,21.824005,-34.860985,51.518993,-4.88983,-0.1855706,9.053045,53.243435,-46.65507,17.52836,-44.587173,21.1323,-26.031206,-8.21221
707,0.01206163689494133,-17.657184600830078,79.595947265625,2.3957134408046747,-2.6706996028196275,102.43063553176633,-0.10266682,17.949173,19.76658,5.6287923,6.183244,-12.658676,14.07612,-26.073687,-44.58838,3.6813805,-0.09083834,15.000033,0.98130125,3.0458505,6.182443,-0.6408246,21.845066,-34.786804,51.549267,-5.014001,-0.20833834,9.0820265,53.108887,-46.63307,17.663973,-44.566116,21.027304,-26.107183,-8.204794
708,0.036761730909347534,-17.67324447631836,79.59983825683594,2.4295717275433697,-2.7115842878949175,102.42161173392569,-0.085328616,17.915972,19.705292,5.6400337,6.2319164,-12.681551,14.119915,-26.110836,-44.685394,3.6863596,-0.05312815,15.000033,0.9677941,3.0301213,6.1917715,-0.6561621,21.851604,-34.7761,51.58848,-5.1291614,-0.24580179,9.096712,53.051624,-46.62592,17.680973,-44.61429,20.917526,-26.137491,-8.1824665
709,0.057437747716903687,-17.691591262817383,79.59870910644531,2.441153140322694,-2.755701840648914,102.38144332297385,-0.051839117,17.908854,19.640808,5.6488743,6.2506423,-12.703948,14.135196,-26.134653,-44.73636,3.723163,-0.065666534,15.000033,0.946123,2.9875486,6.222424,-0.6907698,21.878231,-34.75175,51.637024,-5.18501,-0.2905049,9.101233,52.87179,-46.59495,17.743473,-44.575233,20.821123,-26.193798,-8.105758
