Frame,root_translateX,root_translateY,root_translateZ,root_rotateX,root_rotateY,root_rotateZ,left_hip_pitch_joint_dof,left_hip_roll_joint_dof,left_hip_yaw_joint_dof,left_knee_joint_dof,left_ankle_pitch_joint_dof,left_ankle_roll_joint_dof,right_hip_pitch_joint_dof,right_hip_roll_joint_dof,right_hip_yaw_joint_dof,right_knee_joint_dof,right_ankle_pitch_joint_dof,right_ankle_roll_joint_dof,waist_yaw_joint_dof,waist_roll_joint_dof,waist_pitch_joint_dof,left_shoulder_pitch_joint_dof,left_shoulder_roll_joint_dof,left_shoulder_yaw_joint_dof,left_elbow_joint_dof,left_wrist_roll_joint_dof,left_wrist_pitch_joint_dof,left_wrist_yaw_joint_dof,right_shoulder_pitch_joint_dof,right_shoulder_roll_joint_dof,right_shoulder_yaw_joint_dof,right_elbow_joint_dof,right_wrist_roll_joint_dof,right_wrist_pitch_joint_dof,right_wrist_yaw_joint_dof
0,0.15304096043109894,-0.09584823995828629,84.93096160888672,2.53096321007804,-1.48781644128644,101.76789633847117,5.035628,16.82908,19.180998,5.90856,5.4945054,-11.249607,16.18489,-25.541428,-36.654232,4.881702,3.9869602,15.000033,0.35250944,4.726421,6.8031454,4.347287,20.37576,-35.42658,65.30536,-4.159506,1.6702285,9.612072,44.114834,-42.980927,35.823368,-25.903793,19.64638,-30.30201,-8.7788725
1,0.14574700593948364,-0.06204954534769058,84.94593811035156,2.517082898397271,-1.3944764567546275,101.92911262909853,4.91916,16.843391,19.181816,5.876027,5.553566,-11.267111,16.18149,-25.426153,-36.506096,4.7693787,4.004772,15.000033,0.35577118,4.8047776,6.7573557,4.3686857,20.39518,-35.406986,65.07744,-4.404728,1.6782955,9.583492,44.283215,-43.216846,35.969566,-25.956663,19.79345,-30.017372,-9.130746
2,0.13519594073295593,-0.024142852053046227,84.96285247802734,2.4489379122482413,-1.3818808705722871,102.08201598703738,4.8583193,16.87006,18.92182,5.8565593,5.5534453,-11.327678,16.172884,-25.352057,-36.420387,4.9387703,3.9103663,15.000033,0.35080916,4.867708,6.744228,4.402796,20.413462,-35.355396,64.90852,-4.4993186,1.6642871,9.426118,44.50365,-43.426144,36.05841,-25.980442,20.072935,-29.801085,-9.230085
3,0.1265897899866104,0.017448779195547104,84.97073364257812,2.4252588211892494,-1.4144349288174622,102.20044035163059,4.873034,16.876614,18.79552,5.851296,5.589025,-11.361291,16.319775,-25.283073,-36.45799,4.8751388,3.9196084,15.000033,0.32629073,4.8791165,6.7499,4.468541,20.42953,-35.283936,64.764,-4.5575557,1.6386309,9.333255,44.685955,-43.574215,36.09565,-26.017176,20.030506,-29.53361,-9.261318
4,0.11954402178525925,0.06135793402791023,84.96620178222656,2.4838380529245407,-1.404762440307761,102.25411795135298,4.8668094,16.787693,18.678745,5.850439,5.570333,-11.367035,16.343649,-25.388706,-36.535454,4.989815,3.8720384,15.000033,0.33460015,4.8514953,6.752145,4.5417376,20.446655,-35.1635,64.66003,-4.668997,1.598879,9.341604,44.874516,-43.72064,36.12558,-26.14143,20.454548,-29.041395,-9.273818
5,0.11268924176692963,0.10494571179151535,84.95484161376953,2.4864317179420357,-1.3061841309812416,102.30607766214271,4.7749505,16.779467,18.631979,5.846939,5.4300156,-11.40279,16.288837,-25.407785,-36.605053,5.035729,3.7440453,15.000033,0.17214954,4.8059025,6.6974444,4.6777725,20.475647,-35.081993,64.581894,-4.7928286,1.5634619,9.372558,45.094032,-43.83145,35.94354,-26.30159,21.680208,-28.331318,-8.653173
6,0.10783428698778152,0.14758682250976562,84.96275329589844,2.48207432620403,-1.313690147355371,102.40726978035062,4.776645,16.786266,18.59963,5.84934,5.4015756,-11.357329,16.453531,-25.337467,-36.69823,4.872251,3.777722,15.000033,0.16614282,4.8316436,6.7053156,4.7289853,20.50662,-35.053493,64.45862,-4.776622,1.5423023,9.329605,45.29588,-43.94931,35.933746,-26.378382,22.00216,-28.093916,-8.520674
7,0.10352631658315659,0.1875927448272705,84.96617889404297,2.4858897325159424,-1.286822148055062,102.49915571877938,4.748474,16.793386,18.617567,5.849728,5.4061694,-11.32319,16.490816,-25.370312,-36.84177,4.9575286,3.6415825,15.000033,0.10833983,4.8257813,6.7062554,4.7982864,20.53921,-35.022648,64.35567,-4.772022,1.5487926,9.274896,45.46964,-44.056526,35.915455,-26.43674,22.361757,-27.859816,-8.510549
8,0.10182956606149673,0.22467611730098724,84.98552703857422,2.4598414916647804,-1.2472034748275858,102.57243641502843,4.709062,16.830938,18.617636,5.8481874,5.455875,-11.221899,16.535833,-25.33801,-36.996033,4.952251,3.5750296,15.000033,0.12828735,4.8226366,6.710455,4.809962,20.555061,-35.055622,64.28815,-4.4927516,1.5770817,9.165163,45.57311,-44.10323,35.982727,-26.328444,22.165482,-28.067984,-8.905984
9,0.10296294093132019,0.25817903876304626,84.97610473632812,2.4661005355799364,-1.2224358070252153,102.70355830145063,4.660048,16.841793,18.62676,5.851908,5.265462,-11.204764,16.68254,-25.331142,-37.289253,4.863884,3.5183942,15.000033,0.0513672,4.7906413,6.685379,4.801922,20.594547,-35.08232,64.28675,-4.5950556,1.5833999,9.204605,45.725533,-44.18356,35.972298,-26.413673,23.024555,-27.531525,-8.318742
10,0.10879142582416534,0.2877250611782074,84.97618103027344,2.4882366521859125,-1.2878393221868187,102.84797540720649,4.680101,16.822964,18.552843,5.86932,5.2650156,-11.178384,16.85704,-25.371881,-37.530785,4.93484,3.357437,15.000033,0.08428022,4.7745113,6.6725593,4.7851024,20.615555,-34.974968,64.211845,-4.646786,1.6065522,9.069045,45.903095,-44.221706,35.94804,-26.489864,24.13098,-27.16943,-7.980092
11,0.1164117380976677,0.316675066947937,84.97749328613281,2.4787126904047803,-1.2812529185172572,102.90384692459799,4.675425,16.862513,18.606789,5.877151,5.1881413,-11.1228485,16.962234,-25.35249,-37.781025,4.876283,3.3223493,15.000033,0.08884955,4.7704983,6.683209,4.8061824,20.639603,-34.90762,64.158585,-4.6024585,1.6045406,8.971292,46.0338,-44.258633,35.93736,-26.514372,24.24764,-27.087124,-7.891749
12,0.12586815655231476,0.3452087938785553,84.97496795654297,2.510931240278783,-1.211763276412822,102.87680934923772,4.6258464,16.835255,18.594034,5.8807745,5.2422333,-11.111169,16.957584,-25.393906,-37.99413,4.819425,3.2336211,15.000033,0.12595652,4.7422695,6.696609,4.825245,20.642889,-34.89068,64.14667,-4.737121,1.6138163,8.947886,46.104946,-44.26253,35.94278,-26.506878,24.364841,-26.890633,-7.8996463
13,0.13339294493198395,0.372808039188385,84.96289825439453,2.529664517006176,-1.1303052326363705,102.8462354848003,4.5997934,16.869217,18.805857,5.87847,5.149036,-11.051992,16.886503,-25.426388,-38.02436,4.831568,3.3017232,15.000033,0.08215225,4.7302074,6.720656,4.849538,20.667507,-34.925903,64.19116,-4.623274,1.5938317,9.071191,46.133663,-44.2915,35.9914,-26.56009,24.318064,-26.949045,-8.052781
14,0.14084410667419434,0.39663147926330566,84.96268463134766,2.5458268043506034,-1.090606347402917,102.85395023343517,4.5505614,16.830881,18.658295,5.878081,5.1945353,-11.078253,16.910524,-25.439222,-38.19789,4.7851677,3.258037,15.000033,0.09733479,4.7219434,6.722304,4.9117994,20.704222,-34.83422,64.11995,-4.76596,1.6025776,9.054905,46.236088,-44.329956,36.01834,-26.589067,24.056314,-26.763021,-8.078976
15,0.14490917325019836,0.4165751039981842,84.96489715576172,2.5078608675173655,-1.079950436896438,102.91015232721959,4.5428267,16.904434,18.73805,5.8788967,5.164202,-11.051102,16.93272,-25.393705,-38.250465,4.8192058,3.327138,15.000033,0.057393603,4.7403607,6.75171,4.9510593,20.742004,-34.747185,64.05256,-4.6868243,1.5745202,9.037042,46.28052,-44.364883,36.020786,-26.584118,24.161896,-26.890152,-7.8923283
16,0.15042637288570404,0.43048205971717834,84.95471954345703,2.5020090822302157,-1.0745591787120556,102.9812238566176,4.5287895,16.936947,18.793322,5.877611,5.094944,-11.0581665,16.959917,-25.374521,-38.27407,4.8414884,3.3344588,15.000033,0.059686266,4.743813,6.7502112,4.9444737,20.775772,-34.619144,64.0288,-4.6910934,1.5869519,9.050233,46.375816,-44.393467,36.03317,-26.623436,24.04931,-26.826525,-7.636142
17,0.1551133394241333,0.4392438530921936,84.96200561523438,2.4907288577740982,-1.084235156537308,103.0692350861339,4.500469,16.938923,18.695812,5.872847,5.108291,-11.069905,17.008022,-25.344955,-38.302094,4.861565,3.3472486,15.000033,0.059253577,4.7571893,6.793264,4.9215927,20.808308,-34.574142,63.949657,-4.7904263,1.6616161,9.024913,46.412724,-44.421787,36.09929,-26.58579,24.06781,-26.79383,-7.474253
18,0.1634361743927002,0.441690593957901,84.96783447265625,2.4559591510667045,-1.0409686553627544,103.07878557325962,4.4429984,16.986786,18.680363,5.8817916,5.1666045,-11.035952,16.978672,-25.2858,-38.355644,4.827847,3.3574784,15.000033,0.1090196,4.7590656,6.7939563,4.901579,20.81938,-34.553684,63.90299,-4.824945,1.6301217,9.027544,46.41761,-44.43034,36.119312,-26.518309,23.790934,-26.729242,-7.500549
19,0.17347151041030884,0.43931472301483154,84.96549987792969,2.470169796979683,-1.0735918500114932,103.12668617941038,4.448351,16.971306,18.631962,5.882095,5.194505,-11.082884,17.043215,-25.298983,-38.43706,4.8396206,3.376805,15.000033,0.1300337,4.7655044,6.8274293,4.8696957,20.849192,-34.50586,63.8465,-4.8282423,1.6572683,9.027781,46.443752,-44.446968,36.20175,-26.545448,23.80754,-26.743158,-7.463829
20,0.18687540292739868,0.43288952112197876,84.96302795410156,2.491745977038157,-1.084135518069024,103.1358215409416,4.448987,16.961645,18.648605,5.8849006,5.243733,-11.075062,17.063757,-25.316023,-38.478523,4.8334546,3.3758402,15.000033,0.18213424,4.765065,6.8313403,4.831691,20.855808,-34.503685,63.810116,-4.9213333,1.6428163,9.010534,46.440266,-44.450962,36.23303,-26.571844,23.814371,-26.633928,-7.469759
21,0.20281940698623657,0.4232223629951477,84.9575424194336,2.485600304857977,-1.0829459052763428,103.18508534684354,4.410937,16.977293,18.608347,5.889218,5.239282,-11.0757475,17.08768,-25.298668,-38.581474,4.8301783,3.310936,15.000033,0.20347205,4.7426815,6.814005,4.765366,20.876572,-34.481094,63.808033,-4.9888363,1.64726,9.033161,46.439022,-44.459072,36.29634,-26.570786,23.79289,-26.486078,-7.491428
22,0.21903188526630402,0.4136332869529724,84.9570541381836,2.505747183220253,-1.1314891316788982,103.28054315237536,4.416507,16.980312,18.646845,5.8982887,5.242102,-11.064309,17.188978,-25.310074,-38.70709,4.8403378,3.302703,15.000033,0.21895677,4.744832,6.8307962,4.7039623,20.884823,-34.461887,63.754524,-5.050799,1.6271658,9.0264225,46.483086,-44.46,36.319057,-26.601065,23.79589,-26.461233,-7.575537
23,0.23516197502613068,0.40598735213279724,84.95790100097656,2.5294977892007187,-1.1850742397720968,103.35956929940228,4.437273,16.978975,18.691181,5.9034867,5.2218347,-11.015773,17.308748,-25.330502,-38.874447,4.82933,3.312979,15.000033,0.22683431,4.742486,6.8585725,4.628235,20.897404,-34.429398,63.74354,-5.0085926,1.6149019,8.997365,46.532906,-44.459427,36.34928,-26.667322,24.10104,-26.36903,-7.5758824
24,0.2495633214712143,0.4024275243282318,84.95325469970703,2.5195680829605123,-1.200053630275593,103.49576290113455,4.393007,17.010292,18.685266,5.9060206,5.15487,-11.021569,17.403517,-25.312006,-39.060024,4.845101,3.3232405,15.000033,0.1915064,4.751659,6.8932576,4.5632334,20.926476,-34.3506,63.69752,-4.976223,1.629545,8.943107,46.60647,-44.451946,36.36116,-26.703695,24.248528,-26.231256,-7.5795426
25,0.2652983069419861,0.4035496711730957,84.9592514038086,2.5209108779209837,-1.1848409927855579,103.56749766288293,4.3472233,17.032448,18.713348,5.9090295,5.187333,-10.947629,17.44075,-25.28313,-39.166504,4.8099046,3.3510532,15.000033,0.15786709,4.737019,6.929185,4.524051,20.95278,-34.33846,63.67393,-5.1299105,1.6175631,8.836145,46.638638,-44.44178,36.366333,-26.699825,24.294722,-26.225777,-7.4876447
26,0.2798936069011688,0.410631388425827,84.9561996459961,2.553169579739198,-1.1778505886381174,103.59304303739789,4.3282433,17.010473,18.707304,5.9151945,5.1981053,-10.92081,17.45972,-25.311079,-39.23559,4.8124866,3.3172042,15.000033,0.20798892,4.729515,6.9489126,4.5092583,20.993029,-34.271187,63.614178,-5.323682,1.6358278,8.786156,46.6774,-44.423428,36.410053,-26.732786,24.158646,-26.045444,-7.563622
27,0.2931450605392456,0.4228186011314392,84.94696807861328,2.57803771204522,-1.139070463651852,103.63654526880173,4.277923,16.999079,18.714794,5.9123535,5.1518154,-10.92839,17.45546,-25.310339,-39.261784,4.783723,3.3016868,15.000033,0.26417223,4.71891,6.975616,4.453902,21.039701,-34.27042,63.5877,-5.5098734,1.6519948,8.8020115,46.696804,-44.407127,36.553642,-26.714529,23.906393,-25.926981,-7.7215295
28,0.3016391098499298,0.4391854703426361,84.94599914550781,2.564178347272654,-1.1039128767309847,103.66599091663126,4.2312555,17.015347,18.654034,5.9126143,5.1536565,-10.940501,17.458853,-25.281593,-39.336388,4.768243,3.2697632,15.000033,0.25624588,4.711631,6.9766183,4.469448,21.064106,-34.219234,63.573013,-5.523448,1.6512403,8.805578,46.748425,-44.39103,36.57316,-26.692219,23.681246,-25.942286,-7.9097924
29,0.3088318407535553,0.45700803399086,84.92962646484375,2.585016105702711,-1.059077514336097,103.64808389603878,4.2186203,17.032082,18.790453,5.9143043,5.065842,-10.933883,17.432684,-25.291136,-39.36063,4.7356925,3.3036578,15.000033,0.329348,4.7178125,6.9537745,4.46684,21.074284,-34.192574,63.56772,-5.532419,1.646168,8.693694,46.817215,-44.384945,36.61796,-26.733366,24.062277,-25.963411,-7.817582
30,0.3095938265323639,0.4770321249961853,84.93041229248047,2.5991282099069437,-1.038874805713747,103.6608889097276,4.1960907,17.00437,18.707504,5.915392,5.0929475,-10.92941,17.451344,-25.303854,-39.43041,4.7199697,3.3365934,15.000033,0.35671517,4.7265334,6.965958,4.472077,21.080463,-34.155704,63.554512,-5.5197597,1.6844325,8.672795,46.878586,-44.379864,36.637512,-26.721651,23.88384,-25.907585,-8.011727
31,0.30494803190231323,0.4970065653324127,84.93311309814453,2.609157860242325,-1.041615325083678,103.70105130281493,4.1903434,16.97784,18.629148,5.916657,5.1618056,-10.949183,17.477274,-25.329065,-39.46143,4.7678785,3.3921769,15.000033,0.30782118,4.7266855,7.011316,4.5379024,21.103607,-34.0296,63.49105,-5.4754157,1.70279,8.709909,46.928783,-44.353813,36.66367,-26.698257,23.37205,-26.009884,-8.093768
32,0.2956169843673706,0.5158659815788269,84.93970489501953,2.5907229562981104,-1.006036769687771,103.72861531907137,4.142423,16.972664,18.508059,5.916701,5.1865163,-10.918803,17.483137,-25.298439,-39.502174,4.733723,3.4594862,15.000033,0.29226908,4.7196774,7.050268,4.575143,21.128468,-33.981514,63.418472,-5.5430727,1.7399615,8.669016,46.92209,-44.330692,36.716564,-26.579517,23.054842,-26.059189,-8.200843
33,0.28391483426094055,0.5319812297821045,84.94548034667969,2.552848557545723,-0.9626625091726027,103.68010100696947,4.1325746,17.017044,18.533005,5.9177313,5.19367,-10.820105,17.429258,-25.26466,-39.50576,4.7233562,3.4946,15.000033,0.37899807,4.758867,7.070303,4.641296,21.137255,-33.87631,63.34589,-5.108059,1.7823197,8.545885,46.891945,-44.31483,36.847557,-26.434305,22.161062,-26.63297,-8.684259
34,0.27103519439697266,0.5455362200737,84.94307708740234,2.551652603617995,-0.9304709440182535,103.70592007443247,4.094327,17.0057,18.495087,5.9212146,5.178513,-10.801519,17.419315,-25.257235,-39.50359,4.7056203,3.5472162,15.000033,0.36709377,4.7453947,7.076718,4.6699266,21.144419,-33.7901,63.301956,-5.1090593,1.8196431,8.551211,46.925236,-44.297962,36.882526,-26.363657,22.22721,-26.604359,-8.682543
35,0.25613436102867126,0.5561875700950623,84.92849731445312,2.5151175557493124,-0.8611352677995687,103.7996172800062,3.9900844,17.028357,18.414759,5.9123425,5.0212784,-10.8639145,17.400213,-25.198755,-39.50983,4.67744,3.5701456,15.000033,0.24097264,4.746694,7.05899,4.7004476,21.150343,-33.712704,63.28883,-5.158126,1.8305036,8.585016,47.020016,-44.282417,36.787838,-26.372553,22.747328,-26.316204,-8.261857
36,0.24459369480609894,0.5646771788597107,84.92942810058594,2.531546299032547,-0.8526894333656585,103.83055495559817,3.9665823,16.979235,18.315224,5.909895,5.0909305,-10.921022,17.406301,-25.228268,-39.512306,4.697574,3.6375964,15.000033,0.18844126,4.7508755,7.1108856,4.740618,21.153082,-33.6741,63.254017,-5.0273585,1.8705716,8.569068,47.11295,-44.268066,36.696106,-26.40159,22.660648,-26.435581,-8.238671
37,0.23835578560829163,0.5697048902511597,84.94049072265625,2.5074181217967624,-0.860244678999999,103.7810220471308,3.965383,16.96115,18.111637,5.917439,5.0391226,-10.85155,17.395496,-25.20377,-39.50446,4.6863427,3.7047033,15.000033,0.3456663,4.798896,7.1686206,4.7210917,21.153082,-33.563072,63.146427,-4.998311,2.0175443,8.17562,47.2162,-44.24509,36.639,-26.376928,22.568676,-26.597637,-8.039472
38,0.237711563706398,0.5755078196525574,84.93585205078125,2.513271442971885,-0.8268273487757307,103.76715677636766,3.9312956,16.943413,18.058725,5.9172115,5.0096645,-10.861428,17.346798,-25.200747,-39.430573,4.678963,3.7448213,15.000033,0.33311477,4.8056903,7.194447,4.75752,21.152111,-33.48468,63.11779,-4.8823385,2.024529,8.135537,47.30948,-44.223675,36.57597,-26.411386,22.873226,-26.865194,-7.803081
39,0.24391458928585052,0.5826024413108826,84.93276977539062,2.5368571225095056,-0.8088108258670548,103.758440000275,3.9165819,16.921701,18.054945,5.9203353,5.0230007,-10.857247,17.320333,-25.220892,-39.410934,4.6862497,3.8091173,15.000033,0.31530353,4.8082824,7.2200074,4.8084455,21.150587,-33.348515,63.063766,-4.74188,2.051588,8.12617,47.42194,-44.176334,36.45889,-26.450956,22.340958,-27.059004,-7.740547
40,0.2538790702819824,0.5920682549476624,84.9253158569336,2.510479479393514,-0.7491014006998524,103.81923582072815,3.8186688,16.934753,17.90123,5.9123917,5.0023317,-10.93817,17.288263,-25.171131,-39.464016,4.685584,3.8048706,15.000033,0.34558383,4.8474975,7.235429,4.7914796,21.145967,-33.24586,63.05109,-4.596175,2.0098433,8.114153,47.54726,-44.129616,36.411312,-26.463713,22.168175,-27.11092,-7.786643
41,0.2671114206314087,0.6058251857757568,84.92414093017578,2.628406390549695,-0.8006968446200022,103.81540098586864,3.8660522,16.77224,17.739801,5.9095063,5.0582533,-10.944788,17.344534,-25.334377,-39.476337,4.758073,3.820096,15.000033,0.30290064,4.7997737,7.289565,4.80036,21.148596,-33.228657,63.0712,-4.822899,2.0259144,8.295639,47.629604,-44.07658,36.355274,-26.576664,21.690895,-26.98525,-7.94613
42,0.28176188468933105,0.618911623954773,84.91714477539062,2.6394546315058927,-0.7937631900124644,103.9098844237741,3.805296,16.742811,17.553629,5.913273,5.021698,-10.988929,17.367117,-25.310781,-39.427765,4.7808633,3.8508866,15.000033,0.28912637,4.8017135,7.3007984,4.7714663,21.150637,-33.157986,63.074158,-4.7647147,2.0236459,8.196809,47.78012,-44.024166,36.28036,-26.664165,22.364,-26.984215,-7.47971
43,0.2941485643386841,0.6319484114646912,84.9037857055664,2.6185476442001505,-0.6860636214226135,103.93285140924259,3.7062511,16.80922,17.68174,5.9075065,4.962942,-11.018685,17.287159,-25.25427,-39.442326,4.724332,3.8217685,15.000033,0.23091374,4.792269,7.294506,4.7727065,21.153343,-33.140064,63.191166,-4.7668223,1.8844643,8.477436,47.90028,-43.954155,36.15803,-26.70659,22.842522,-27.026821,-7.551175
44,0.30134400725364685,0.642829179763794,84.89036560058594,2.6937653860155377,-0.7279559497039572,103.98716738186138,3.7122588,16.691849,17.476826,5.910859,4.9964695,-11.0835705,17.368322,-25.336514,-39.464363,4.749112,3.8096569,15.000033,0.23996724,4.780379,7.316611,4.7606053,21.15484,-33.130444,63.177055,-4.7836246,1.9281249,8.409239,48.026337,-43.892998,36.08368,-26.825178,22.943054,-26.76728,-7.428533
45,0.2999623417854309,0.6498518586158752,84.90370178222656,2.6527670652621707,-0.7011328952904112,103.94049070261252,3.6910186,16.71822,17.386663,5.9148107,5.027104,-11.06025,17.319603,-25.294138,-39.46851,4.7493315,3.8115761,15.000033,0.28719872,4.7614164,7.33328,4.7836056,21.158096,-33.11328,63.14875,-4.670555,1.8913049,8.410282,48.091736,-43.811417,35.981247,-26.744978,22.914005,-26.792065,-7.4774165
46,0.2902102768421173,0.6546636819839478,84.90062713623047,2.7007889339777154,-0.7311994230879442,103.93580292038213,3.7114413,16.620596,17.21883,5.9159517,5.0460076,-11.059617,17.338581,-25.381165,-39.468086,4.8137403,3.7971926,15.000033,0.3214674,4.734383,7.352479,4.8008823,21.156733,-33.071056,63.117428,-4.746619,1.9289358,8.38081,48.151085,-43.77217,35.94618,-26.781075,22.97629,-26.561098,-7.51554
47,0.27223947644233704,0.6578751802444458,84.90997314453125,2.6902659744573665,-0.7066153602078618,103.95583699400687,3.6651366,16.584702,17.056005,5.9148164,5.0051436,-10.969942,17.310488,-25.373228,-39.41269,4.8179884,3.807111,15.000033,0.29674685,4.718899,7.378878,4.8386035,21.14915,-32.94918,63.102707,-4.8321953,1.9442555,8.29685,48.244335,-43.73208,35.847794,-26.760658,22.805882,-26.512682,-7.739895
48,0.2502787113189697,0.6577956676483154,84.93146514892578,2.5497934868733974,-0.64426827318581,103.96607715439931,3.573827,16.698011,16.890156,5.91472,4.9278164,-10.938069,17.220259,-25.219044,-39.44794,4.839096,3.8041184,15.000033,0.4228053,4.784956,7.4225974,4.8296666,21.124893,-32.776764,62.9821,-4.608701,2.0001636,7.8712316,48.225353,-43.671165,35.82415,-26.506935,22.492619,-26.549295,-7.7065268
49,0.22733327746391296,0.6613311171531677,84.9319076538086,2.5449980005564052,-0.6348694507657048,103.98127964215088,3.554721,16.668991,16.804487,5.9151287,4.883175,-10.913796,17.247278,-25.212849,-39.48343,4.7841735,3.8700457,15.000033,0.40029022,4.783185,7.453284,4.874252,21.106068,-32.69058,62.935783,-4.514755,2.0020127,7.7591834,48.282745,-43.62944,35.743256,-26.464579,22.321674,-26.581123,-7.709227
50,0.20686544477939606,0.6666375994682312,84.93473052978516,2.510507992481927,-0.6253390991249294,103.97018696068992,3.5497897,16.682224,16.754261,5.91509,4.865801,-10.929784,17.233526,-25.194778,-39.507812,4.797605,3.842659,15.000033,0.39555097,4.7738547,7.4635086,4.911896,21.094313,-32.649883,62.93765,-4.514577,1.9472593,7.6896057,48.286972,-43.60829,35.68285,-26.396095,22.450901,-26.634548,-7.6400843
51,0.19041457772254944,0.6764790415763855,84.9364013671875,2.499517732895211,-0.6051962589464237,103.9430761056108,3.542123,16.667765,16.688856,5.9131384,4.8601985,-10.928052,17.216665,-25.201872,-39.52848,4.795246,3.7984357,15.000033,0.36242813,4.744702,7.4767513,4.9465656,21.084127,-32.66037,62.962574,-4.50269,1.9476386,7.659336,48.304836,-43.58703,35.611153,-26.340511,22.589317,-26.701952,-7.6078076
52,0.1792706847190857,0.6920067071914673,84.9345703125,2.5326282236254665,-0.5908823790308391,103.96473090775807,3.5263698,16.611486,16.62607,5.914776,4.8217278,-10.890873,17.24653,-25.2383,-39.555004,4.7643776,3.809883,15.000033,0.36596859,4.723625,7.4744387,4.9056153,21.054745,-32.75315,63.05026,-4.5686264,1.9620388,7.6503024,48.45706,-43.5133,35.443363,-26.362827,22.561197,-26.769484,-7.572142
53,0.17410075664520264,0.7116988301277161,84.94013214111328,2.5489198916509426,-0.5698163833705634,103.9550926056129,3.5153892,16.574059,16.553635,5.9153028,4.7988954,-10.872682,17.238127,-25.269773,-39.604122,4.7862177,3.8466816,15.000033,0.31335658,4.679473,7.4507475,4.956033,21.04812,-32.745453,63.104156,-4.556199,2.0004232,7.6565313,48.51317,-43.49043,35.37374,-26.324114,22.389645,-26.942392,-7.642539
54,0.17223919928073883,0.7376095056533813,84.95130920410156,2.5692313762054275,-0.5592753145573152,103.95161311502609,3.5213432,16.54392,16.521471,5.9155593,4.8861537,-10.823006,17.257597,-25.283546,-39.600735,4.764785,3.8614335,15.000033,0.27356118,4.6284537,7.458659,4.9631033,21.03534,-32.841064,63.173576,-4.6432276,2.0380614,7.6228614,48.636414,-43.39835,35.176254,-26.320612,22.96602,-27.01434,-7.6367793
55,0.17401345074176788,0.7698907256126404,84.95243835449219,2.5624626382084568,-0.5086126041802808,103.95682850707266,3.4847715,16.550825,16.472702,5.914646,4.8587866,-10.796635,17.214384,-25.268646,-39.560684,4.788693,3.883655,15.000033,0.262149,4.608168,7.445931,4.9812875,21.031197,-32.82758,63.25843,-4.6769876,2.0308473,7.612138,48.717953,-43.36675,35.124916,-26.31375,23.529205,-27.030548,-7.589478
56,0.18015874922275543,0.8108460307121277,84.9519271850586,2.5706806392855213,-0.471120707829681,103.99075779891585,3.4612398,16.555305,16.459612,5.9151773,4.872826,-10.766232,17.224388,-25.247011,-39.55361,4.76898,3.8994815,15.000033,0.26466846,4.5769873,7.4349356,4.9739256,21.026182,-32.838066,63.344284,-4.7693934,2.067486,7.5573606,48.839485,-43.27977,35.03941,-26.278706,23.626858,-27.003298,-7.6050797
57,0.18942026793956757,0.8633713126182556,84.96116638183594,2.571441279915418,-0.47171386688310507,103.92453158179212,3.5388997,16.590298,16.564863,5.9154654,4.9401703,-10.745992,17.21783,-25.246775,-39.499554,4.8109074,3.987851,15.000033,0.21785222,4.5305285,7.410061,5.107286,21.023499,-32.731712,63.424095,-4.7685866,2.0675645,7.586317,48.931618,-43.19796,34.90422,-26.265858,23.755455,-27.112019,-7.567664
58,0.20370681583881378,0.9311853647232056,84.9580078125,2.5836457190261934,-0.4587730336798147,103.91228384172585,3.595476,16.625599,16.677721,5.9152274,4.9485874,-10.765362,17.254898,-25.210062,-39.41802,4.771393,4.100764,15.000033,0.18559565,4.50011,7.377773,5.1942654,21.032204,-32.697796,63.51648,-4.751331,2.05838,7.5601053,49.08083,-43.091175,34.810944,-26.255573,23.982927,-27.156687,-7.361223
59,0.22243452072143555,1.0174314975738525,84.95507049560547,2.585987992063911,-0.3657750871135745,103.90857222190547,3.567124,16.65995,16.705967,5.9122024,4.9005175,-10.766299,17.142235,-25.197676,-39.253387,4.900667,3.9991455,15.000033,0.12977105,4.43,7.309399,5.300259,21.063915,-32.67595,63.61872,-4.738394,2.0597777,7.607608,49.293587,-42.94289,34.645977,-26.201738,24.52173,-27.276945,-7.256093
60,0.2452300786972046,1.1243081092834473,84.95378112792969,2.5786445204801653,-0.30786992213886993,103.89489168799543,3.5967655,16.711597,16.723936,5.904389,4.9937787,-10.853988,17.159903,-25.13288,-39.212666,4.877195,4.0246806,15.000033,0.06561662,4.3831134,7.2696276,5.4678016,21.096045,-32.613354,63.70511,-4.726338,2.06268,7.570191,49.484543,-42.830956,34.511757,-26.156445,25.194067,-27.257519,-7.2188854
61,0.2736005485057831,1.2522170543670654,84.93952178955078,2.627766002462218,-0.1931739699612454,103.78051665925403,3.615928,16.697472,16.725216,5.905037,5.070103,-10.972638,17.071482,-25.145134,-39.05466,4.878508,4.0619082,15.000033,-0.03008326,4.3044505,7.212795,5.7592335,21.135954,-32.438713,63.792496,-4.8873696,2.0561357,7.7187605,49.712822,-42.695805,34.296665,-26.166252,25.517881,-27.431202,-7.5637093
62,0.3064197599887848,1.3975753784179688,84.91081237792969,2.651437599183089,-0.0015699110128629095,103.73227383175863,3.5450683,16.730274,16.747225,5.8989196,5.010857,-11.142064,16.879114,-25.114841,-38.77916,4.9636765,3.9780807,15.000033,-0.06387873,4.2609553,7.1538363,6.025576,21.215052,-32.24453,63.80612,-5.026283,2.0258167,7.6907797,50.02718,-42.479893,34.08482,-26.150358,26.374826,-27.571352,-7.44229
63,0.3417956531047821,1.558164119720459,84.89656829833984,2.680845718127385,0.11228631066670808,103.6991752849845,3.567613,16.760939,16.782837,5.884496,5.070353,-11.28438,16.9564,-25.002832,-38.710625,4.7175274,4.1162753,15.000033,-0.19484924,4.2084384,7.0975485,6.386665,21.29027,-32.067142,63.82997,-4.82947,1.8662887,7.6528754,50.366558,-42.26388,33.820786,-26.159075,27.382006,-28.306137,-7.3499866
64,0.3795938491821289,1.727217197418213,84.8732681274414,2.6616307029110016,0.3234435685813421,103.69682483043171,3.4809937,16.858751,16.82592,5.8715515,5.0462737,-11.4266405,16.702545,-24.985495,-38.492012,5.0294986,3.938925,15.000033,-0.36464718,4.1320467,7.005622,6.7388506,21.37926,-31.871973,63.839405,-4.745118,1.8499321,7.7450395,50.751404,-42.048763,33.364082,-26.140322,28.977537,-28.214645,-7.5857973
65,0.4232847988605499,1.902083158493042,84.86015319824219,2.655415522088865,0.45658606600373197,103.60493782398886,3.5172672,16.951319,16.91973,5.869372,5.0798774,-11.577605,16.766827,-24.798775,-38.38469,4.694739,4.1828804,15.000033,-0.48504552,4.068669,6.958286,7.1418114,21.473175,-31.694832,63.874985,-4.530658,1.7338033,7.8486466,51.077423,-41.815266,32.952316,-26.09971,29.022062,-28.634016,-8.098235
66,0.4707814157009125,2.076777696609497,84.82906341552734,2.7144905241664317,0.6900770198630164,103.58764670684818,3.4286966,16.987848,17.086796,5.855905,5.16712,-11.807384,16.472553,-24.889679,-38.197178,5.0685787,4.0082765,15.000033,-0.6268245,3.9771616,6.86562,7.5320477,21.584448,-31.556805,63.82989,-4.2481546,1.6570774,7.7635546,51.546295,-41.54955,32.273693,-26.137922,31.017208,-29.203337,-8.460368
67,0.5231087803840637,2.250030755996704,84.80706024169922,2.7196808145693563,0.8553706531553611,103.57593754813111,3.4387987,17.150154,17.516743,5.8481674,5.182638,-11.9290495,16.522755,-24.6803,-38.030415,4.7217307,4.2433596,15.000033,-0.76471233,3.9118583,6.80291,7.9266014,21.686367,-31.32191,63.814125,-4.2601852,1.6018597,7.7557435,51.845074,-41.317356,31.502348,-26.10818,32.10911,-29.179209,-8.738468
68,0.5750578045845032,2.419515371322632,84.7882080078125,2.7356811939619834,1.0944557583044663,103.50116171808503,3.3360379,17.208605,17.54906,5.850245,5.233972,-12.084052,16.370687,-24.623129,-37.964382,4.682074,4.181344,15.000033,-0.8893574,3.8216248,6.782272,8.405916,21.82525,-31.074047,63.661068,-4.1737103,1.3322701,7.9162025,52.225887,-41.02647,30.303137,-26.018726,34.182,-29.715809,-9.314889
69,0.62571781873703,2.5841171741485596,84.77727508544922,2.842391385595097,1.2004492082824996,103.3967988186362,3.3809977,17.142542,17.54072,5.851266,5.284522,-12.309371,16.3147,-24.719404,-37.85003,4.7551737,4.1379733,15.000033,-0.91554254,3.697407,6.7846365,8.7929325,21.957327,-30.98938,63.571968,-4.1538973,1.1471491,8.044046,52.49383,-40.81622,29.116066,-25.851467,35.573982,-29.812244,-10.097747
70,0.6703307032585144,2.7423512935638428,84.7691650390625,2.8349229606764643,1.3581032677878162,103.35429308945993,3.3242078,17.218555,17.53409,5.883544,5.315946,-12.501612,16.022251,-24.774235,-37.560566,5.233346,3.9763873,15.000033,-0.9007703,3.6537125,6.838942,9.261856,22.09956,-30.406368,63.173798,-4.24867,1.0755913,8.184413,53.02687,-40.593567,27.12345,-25.496628,37.9024,-29.592691,-11.074075
71,0.7107791304588318,2.895886182785034,84.73675537109375,3.0030348146348635,1.5759940285501883,103.3210185084028,3.2085168,17.102377,17.612682,5.9246264,5.419512,-12.623411,16.018173,-24.801155,-37.406876,4.8857703,3.9830968,15.000033,-0.8493023,3.521923,6.940776,9.714,22.289104,-29.955788,62.814106,-4.410482,0.7417898,8.280508,53.907314,-40.365673,24.055681,-25.244747,39.832848,-29.756872,-12.249733
72,0.7330822944641113,3.036799669265747,84.71446990966797,3.055412389816353,1.798280429466223,103.27630672337882,3.0708609,17.087389,17.622875,5.971607,5.4443364,-12.771151,15.876053,-24.86892,-37.499077,4.938738,3.8581913,15.000033,-0.7372753,3.3368843,7.014927,10.185757,22.497782,-29.640266,62.277298,-3.9880815,0.52139497,8.35362,54.656914,-40.268127,20.151062,-24.142511,40.432796,-29.705755,-14.428895
73,0.7329649925231934,3.166196823120117,84.65505981445312,3.158122350600798,2.1278267601196426,103.10523384923283,2.8841863,17.032251,17.849855,6.043395,5.4066834,-13.13194,15.365395,-25.160797,-37.36613,5.4292235,3.5035305,15.000033,-0.50139654,3.2140362,7.169446,10.761432,22.678518,-29.034906,61.55182,-3.2585292,0.40760761,8.402405,55.617916,-40.268547,14.997151,-22.26727,42.13688,-29.136496,-16.483513
74,0.699170708656311,3.288161039352417,84.64865112304688,3.2784511739516415,2.2040630825347325,103.05820334766439,2.9289474,16.992483,18.342896,6.1580644,5.171953,-13.106378,15.394481,-25.328028,-37.33426,5.404216,3.5915596,15.000033,-0.31497374,3.1005661,7.43007,11.407404,22.804758,-28.138624,60.580864,-3.622967,0.27770734,8.7333145,56.163364,-40.317364,9.532843,-19.09526,43.631676,-27.607172,-18.326025
75,0.6276512742042542,3.4005753993988037,84.69039154052734,3.4304023901768885,2.193560262751611,102.87391092003931,3.1739326,16.957285,19.300243,6.284612,5.580653,-13.011543,15.494362,-25.645138,-37.634315,5.426393,3.922526,15.000033,-0.22193784,2.8793154,7.6246424,12.240566,22.884703,-27.909792,59.5409,-2.7695932,0.18915944,8.83794,55.41907,-40.37366,5.2077904,-13.891218,43.091255,-27.306746,-20.726183
76,0.5057663321495056,3.5148706436157227,84.73654174804688,3.593889836113033,2.2372826689354475,102.50514189680074,3.4004762,16.833845,20.144547,6.4688597,5.7246065,-12.763952,15.391687,-26.092783,-37.70326,5.575426,4.4003134,15.000033,-0.12370295,2.6203456,7.936011,13.26978,22.845997,-26.538893,58.42285,-3.9182723,-0.19149315,9.245662,53.97669,-40.22028,1.6351289,-7.9610033,43.528202,-25.519064,-22.261799
77,0.33228328824043274,3.6274943351745605,84.66239166259766,3.5870277682294787,2.7042090765892315,102.3745180653459,3.0900893,16.807663,20.53832,6.575123,5.4239917,-12.821889,14.904742,-26.26921,-37.55338,5.6326294,4.4371996,15.000033,-0.119884275,2.3710377,8.072204,14.170299,22.809795,-25.407204,57.41433,-4.6087155,-0.4686835,9.294874,52.039104,-39.993416,-1.0713925,-1.9659634,42.315437,-21.821955,-22.355019
78,0.11281047761440277,3.743166446685791,84.64131164550781,3.506299908539701,2.894587633868537,102.12078683597777,2.4477208,17.001322,20.528904,8.073383,4.9061594,-12.514845,14.641563,-26.42484,-37.382496,5.7491126,4.629364,15.000033,0.09314426,2.0625405,8.294038,15.043361,22.808165,-24.04138,56.158226,-5.126998,-0.588995,8.868463,48.940178,-39.61273,-3.0729566,5.9194818,41.06606,-18.56148,-22.53672
79,-0.1558954119682312,3.858825922012329,84.56712341308594,3.3934876676263803,3.204609193186431,101.61920427414137,1.6003069,17.29655,20.680662,10.050295,3.7631168,-12.7889,14.292003,-26.72618,-37.736923,5.80752,4.5342546,15.000033,0.31403294,1.722122,8.58113,15.570227,22.975538,-23.14364,55.3852,-6.127065,-0.83574826,9.035105,44.890293,-39.177,-4.3537884,14.456708,41.25237,-13.829087,-19.95912
80,-0.4595338702201843,3.9689247608184814,84.49893951416016,2.9552870382199465,3.286192323014454,101.42272203959584,0.8224873,17.910894,20.441965,12.053824,2.5894895,-12.723966,14.106214,-26.48068,-37.223957,5.9496536,4.46921,15.000033,0.64899784,1.5613302,8.887911,15.636987,23.264671,-22.236097,54.55309,-6.15292,-0.991921,9.278546,40.69306,-38.717663,-4.2739325,23.754894,40.439987,-11.118302,-18.591724
81,-0.7598548531532288,4.064911842346191,84.38142395019531,2.826845551546318,3.821978620789862,100.85584916222923,-0.4255681,18.425882,21.003014,14.572659,1.3041135,-12.757561,13.352441,-26.678556,-36.982765,5.943789,4.214173,15.000033,1.1150357,1.2552309,9.142298,15.583617,23.812822,-21.821875,53.589096,-6.114561,-1.3925536,9.580446,35.456116,-38.27504,-3.185919,34.14399,40.025593,-7.780894,-16.195871
82,-1.055580735206604,4.136140823364258,84.27178192138672,2.4485039243845144,4.128089425139654,100.22697653078255,-1.5443528,19.093582,20.916218,17.124147,0.12131278,-12.831267,12.786543,-26.607212,-36.752552,5.9824586,4.1558332,15.000033,1.6108631,1.1660808,9.602385,15.246388,24.53519,-21.016777,52.363556,-6.463747,-1.262973,9.248756,30.3591,-37.757286,-1.0849177,42.636116,39.180553,-5.581192,-15.006457
83,-1.3182425498962402,4.170720100402832,84.16307067871094,1.8182523034028797,4.296124460190657,99.56037653915962,-2.585682,20.170929,20.943901,19.831175,-1.383097,-12.651254,12.251399,-26.176004,-36.2255,6.043357,4.380402,15.000033,1.9982116,1.0742714,10.035878,14.714366,25.366096,-19.982748,51.03947,-6.1788073,-1.3706933,9.274227,25.591118,-37.111248,1.0794215,48.72943,38.65518,-4.609377,-13.954721
84,-1.5233598947525024,4.162132263183594,83.99722290039062,1.3393640686116608,4.357080802090373,98.78018539068515,-3.7520576,21.215021,20.895393,23.045391,-2.8862004,-12.670711,11.839053,-25.986673,-36.00766,6.1183457,4.6068454,15.000033,2.450386,1.0391579,10.658324,13.741253,26.360594,-19.461832,49.784267,-5.9959593,-1.3109465,8.939709,20.195713,-36.363186,4.147434,54.678894,37.652412,-3.4569483,-12.392308
85,-1.6414880752563477,4.089414596557617,83.87997436523438,1.0652481625251722,4.129308894177654,98.00012130798798,-3.964149,21.806644,21.070932,24.748756,-3.9640946,-12.720278,11.609636,-25.867012,-35.312172,6.138352,4.5595903,15.000033,2.791774,0.859411,10.902702,13.390873,27.356255,-18.75846,48.350292,-5.0824986,-1.2298398,9.230667,16.775064,-35.434834,6.3808694,56.802048,35.089706,-2.4505222,-12.570486
86,-1.6546834707260132,3.9445133209228516,83.6173095703125,0.7932077630912596,4.185469864101585,96.82202096586721,-4.597552,22.662426,21.419283,27.006235,-5.4889216,-12.71447,10.777587,-25.676748,-34.268196,6.1274137,4.486422,15.000033,3.503387,0.8406928,11.324788,12.673406,28.471363,-18.174332,46.777782,-4.875156,-1.0581901,8.915188,11.846879,-34.13467,9.49118,59.80191,32.650032,-1.3290026,-11.355061
87,-1.5759633779525757,3.71549916267395,83.37665557861328,0.5765612485958985,4.360441526848015,95.55221262799081,-5.264352,23.48878,21.869427,28.976406,-6.3926935,-12.815175,9.756122,-25.523588,-33.38853,6.0844207,4.496966,15.000033,4.0929446,0.60833806,11.767714,12.055815,29.683361,-17.56943,45.78393,-4.0570726,-1.0394104,8.722045,7.829388,-32.352386,12.378116,61.42681,30.685675,-0.6552109,-10.864143
88,-1.4011845588684082,3.3772225379943848,83.11339569091797,0.29983121099809945,4.32268283721889,94.06732588103688,-5.6121078,24.843143,23.135298,31.162024,-7.5238934,-12.71085,8.694766,-25.142889,-32.078995,6.0356812,4.6755195,15.000033,4.865551,0.22574286,12.108123,10.9329815,31.103235,-17.706821,45.65008,-3.2478535,-0.9543699,9.004601,3.6145184,-30.198118,16.001333,61.642025,28.492296,-0.06452313,-10.242093
89,-1.165535807609558,2.9378585815429688,82.8763198852539,0.20176066766649178,4.153277554414422,92.63685134328122,-5.549515,25.537228,23.818058,32.216522,-8.316204,-12.856657,7.870537,-24.771357,-30.68215,5.6443157,4.833924,15.000033,5.6282744,-0.045679998,12.566763,9.829766,32.198605,-18.00895,45.757664,-2.3733733,-0.83966106,9.800811,0.31523582,-28.311966,19.389677,59.841305,24.612947,1.2282666,-8.967177
90,-0.8713010549545288,2.368305206298828,82.57719421386719,0.4037278950098987,3.7408554535935137,90.73003335556862,-5.444113,26.375849,25.08989,34.328217,-9.209731,-12.866265,6.5937943,-24.720123,-28.266577,5.797293,4.613671,15.000033,6.6134057,-0.81457794,12.885654,8.496621,33.323418,-19.079527,46.82636,-0.49405637,-1.6060971,10.226898,-3.021805,-26.64895,23.630508,57.2984,19.593222,1.7592174,-7.4086356
91,-0.5938212275505066,1.7233119010925293,82.29285430908203,0.46805568521650226,2.871351668525481,89.01784249047006,-4.8512855,27.168865,25.919651,35.983402,-10.067968,-13.093442,6.1342287,-24.35961,-26.0614,5.4974246,4.6237216,15.000033,7.4109545,-1.263401,13.022307,7.3830924,34.41731,-20.520374,47.766514,2.4377074,-2.5048285,10.583067,-7.356846,-25.316807,27.574549,53.836765,15.781539,1.7026027,-5.3975153
92,-0.3470413386821747,1.0182753801345825,82.08363342285156,0.6505092409949158,2.027540360869761,87.38045069994564,-4.1146455,27.748138,26.924381,37.203583,-10.938115,-12.911435,5.4486237,-24.190033,-23.69786,5.574198,4.718193,15.000033,7.88282,-2.4079182,12.970663,6.759451,35.808994,-21.974176,49.031246,4.9936113,-2.7223146,11.129203,-13.044615,-23.70183,31.164444,50.771023,13.740714,1.7010009,-4.430544
93,-0.15471357107162476,0.287905216217041,81.99796295166016,0.6457698821687714,1.0967155797594035,85.87086664865903,-3.072444,28.55812,28.32101,37.977894,-11.584222,-12.882158,4.779077,-23.70795,-21.080675,5.870578,5.416901,15.000033,7.9026155,-3.4903212,12.887649,7.220792,37.341026,-22.765003,49.67723,6.8241463,-3.0580232,11.352148,-19.52107,-21.88586,34.16896,47.574642,11.986727,1.6649328,-3.0532079
94,-0.005621930118650198,-0.44445550441741943,81.9374771118164,0.43511869860830843,0.28501184289183673,84.05817375108106,-1.7006751,29.447805,29.97388,38.1884,-12.296375,-12.954641,3.8087885,-22.700848,-17.618752,6.0469594,6.130126,15.000033,7.866286,-4.379091,12.43492,8.23059,38.37382,-22.449474,51.227177,7.689425,-3.0948048,11.418945,-26.78205,-20.804514,36.682064,42.686424,11.182856,1.8798268,-2.2552197
95,0.0825229212641716,-1.1444605588912964,81.96261596679688,-0.23370929665206044,-0.4999252949982946,82.80555511944347,-0.6355054,30.496468,30.81215,37.987038,-12.649353,-13.579507,3.3000433,-21.327711,-15.365378,6.217291,7.362554,15.000033,6.739678,-5.1526413,12.094671,11.243554,39.752544,-20.62784,50.737843,8.446768,-3.1491404,11.671747,-35.61318,-19.454992,38.899303,38.67117,11.424285,2.289992,-1.1474774
96,0.17636308073997498,-1.8166731595993042,82.00653839111328,-0.5605531755038105,-1.1630830184520327,81.60827994955511,0.8214737,31.218225,32.54224,37.19437,-13.090089,-14.075401,2.696079,-20.310963,-12.962465,6.3636713,7.9353175,15.000033,5.557044,-5.849704,11.515889,14.462421,40.63923,-18.50939,50.391502,8.469508,-2.9620035,12.014694,-44.36069,-18.711273,41.064156,34.351807,11.4529,2.4130712,-0.6320024
97,0.31094884872436523,-2.4473865032196045,82.14786529541016,-0.8027295096018071,-1.2632675598118621,80.1301844705867,2.0348425,30.983126,33.40043,34.996582,-12.674959,-14.701141,1.4121304,-19.229454,-10.360451,6.4723544,8.720407,15.000033,4.181206,-6.1982837,10.931189,17.674196,41.010353,-16.247795,50.543415,6.5952787,-2.8558173,11.81163,-53.329414,-18.581486,42.654865,30.21625,12.2968855,2.4457464,-0.25351948
98,0.5155757069587708,-3.056424856185913,82.28636169433594,-0.9545603057702395,-1.673180568162217,78.49262574478385,3.2202277,30.760246,33.845295,33.490395,-12.4128275,-15.000033,0.5544877,-18.184341,-7.9437537,6.510957,9.316467,15.000033,2.8103623,-6.346311,10.378424,20.55524,40.941032,-14.497941,50.69639,5.616123,-2.6449847,12.165289,-62.185913,-19.052704,44.436546,27.273815,13.862074,1.8400533,0.38221598
99,0.7972874641418457,-3.626011610031128,82.35431671142578,-0.7048440356948826,-2.127742536634888,77.2938172431545,4.2804794,30.038355,33.9861,31.848303,-11.508781,-15.000033,0.11561666,-17.773651,-5.9689064,6.6244936,9.703786,15.000033,1.3766109,-6.245892,9.857851,22.983889,40.477024,-13.23746,51.128693,3.9848607,-2.591531,11.772935,-71.14468,-20.068472,45.963375,24.62979,15.614273,1.1763289,0.650219
100,1.1902623176574707,-4.154501438140869,82.4295883178711,-0.40868163431662075,-2.4055491967118603,76.05638164825793,5.103169,29.33392,33.84465,30.294735,-10.221787,-15.000033,-0.2711852,-17.51933,-4.735438,6.700472,10.855526,15.000033,0.19734827,-5.81148,9.378518,24.757223,39.70113,-12.256509,51.740704,1.8722829,-2.383675,10.872743,-79.77309,-21.625225,48.33346,21.722328,17.624212,-0.39648938,0.7127973
101,1.675715446472168,-4.628477096557617,82.47493743896484,0.10327147544336067,-2.186528832217516,75.64196978228313,5.4479017,28.099455,33.31746,27.682285,-8.558845,-15.000033,-0.95327705,-17.640219,-3.2815502,7.4606357,10.554967,15.000033,-1.297172,-5.381806,8.9068165,26.593622,38.72745,-12.055556,52.635185,0.8049576,-2.3376439,10.511259,-89.18759,-23.605064,50.575634,20.34189,18.759844,-1.1832435,0.92181456
102,2.2569828033447266,-5.069267272949219,82.50540161132812,0.35730321795868,-2.0636361507927052,74.95962082058732,5.616372,27.810606,32.980762,26.381012,-6.975455,-15.000033,-1.7867526,-17.43657,-1.7857776,8.991001,10.853389,15.000033,-2.5858476,-4.462209,8.58622,28.374275,37.513912,-11.716027,53.318867,-0.02481629,-2.1046479,10.088772,-99.331474,-26.016432,52.778175,20.675255,21.69915,-2.6646626,0.46801648
103,2.8973336219787598,-5.490583419799805,82.48758697509766,0.5990478709080943,-1.917696962481717,73.327594192571,6.1172028,27.197296,32.141678,24.7729,-5.579003,-15.000033,-3.1684306,-17.254263,-0.087248415,11.365386,11.204582,15.000033,-3.6508248,-3.4360716,8.418106,29.288593,36.207977,-12.132442,54.787537,-0.9529488,-2.3402796,9.605652,-110.461174,-28.690546,55.6768,21.381899,25.532257,-4.2806077,0.74861205
104,3.5817437171936035,-5.878511428833008,82.52180480957031,1.3828254018486983,-2.0120065995081924,72.4719032779162,6.9113436,26.160341,31.641624,22.480986,-3.1734288,-15.000033,-2.907205,-17.86332,1.5639397,11.885188,11.033602,15.000033,-4.5817485,-2.9770494,8.329924,29.551956,34.934437,-12.686897,56.7247,-2.2022088,-2.2418032,8.915862,-120.61736,-31.467875,60.1732,23.668837,29.57608,-5.797332,0.7770154
105,4.279935359954834,-6.240190029144287,82.54357147216797,1.9395913788404404,-2.085989845962372,71.90100413749788,7.8063216,25.52476,31.272186,19.445892,-0.68993104,-15.000033,-3.6633968,-18.348417,2.7520323,14.306548,10.637972,15.000033,-5.372428,-2.0240557,8.387038,29.49992,33.669304,-14.273042,58.610115,-1.5573045,-2.041304,8.07914,-131.19052,-34.33203,64.06426,25.369116,34.65732,-7.610252,1.6731062
106,5.017789363861084,-6.546149253845215,82.6514663696289,2.212951255792476,-1.7057924787769088,70.47202448183613,8.736722,25.049292,30.02117,15.811614,1.7201806,-15.000033,-3.7183638,-18.283846,4.371408,13.714226,10.729508,15.000033,-5.839636,-1.5636625,8.681753,29.099873,32.626198,-14.9499035,60.548695,-2.8890245,-2.2512984,8.003025,-140.19414,-37.047203,68.7986,27.950224,38.658962,-9.078264,2.2547634
107,5.770018577575684,-6.823938369750977,82.79439544677734,2.9315182140741216,-1.7365324524384917,69.49819905862886,10.001827,24.402575,29.134068,12.1934805,4.7588024,-15.000033,-4.1113124,-18.644815,6.1024866,14.646213,10.71348,15.000033,-6.416669,-1.2445868,8.511147,28.79067,31.66049,-16.455385,62.997154,-3.5910418,-2.3394208,7.4618692,-147.42542,-39.6605,72.570786,30.445427,40.97102,-10.310129,1.6864287
108,6.552612781524658,-7.046889305114746,83.05962371826172,3.379624199579356,-1.1826753056555745,67.92648798503414,10.730311,24.157778,28.306377,9.3656025,8.286938,-15.000033,-4.0213165,-18.747446,7.4023905,13.052511,11.92998,15.000033,-6.9221597,-1.2643074,7.974266,28.919867,30.866972,-16.88536,64.94523,-4.983182,-2.287202,7.4345946,-151.86978,-42.071617,76.19651,32.091484,41.607216,-11.4638605,0.5846455
109,7.351592063903809,-7.238186836242676,83.43230438232422,4.006643484672961,-0.6668378865587616,66.36348079738325,11.9021225,23.43841,27.614973,6.0498476,12.296564,-15.000033,-3.8163476,-18.794264,8.691215,11.07741,14.099016,15.000033,-7.707594,-1.3055437,6.984882,29.413456,30.080742,-17.919388,66.84902,-5.6128683,-1.8986875,7.3657184,-155.12239,-44.323883,78.761406,33.884052,42.52502,-12.813231,-0.16890837
110,8.146328926086426,-7.389622688293457,83.6483154296875,4.759334259774981,-0.3114332770266035,64.97182406709705,11.958409,23.259806,25.874578,5.671689,13.943586,-15.000033,-3.929103,-18.837908,9.975378,10.087756,14.37135,15.000033,-8.757261,-1.5149256,6.0634627,29.914824,29.27892,-18.946362,68.884125,-5.8371854,-1.55771,7.4517856,-156.97626,-46.375336,80.81074,35.753426,42.855843,-13.65119,-1.9963847
111,8.953078269958496,-7.509533405303955,84.07939910888672,5.513958992807309,0.14936287692164663,62.90026836176514,11.939217,23.01844,24.433096,5.3529963,16.81037,-15.000033,-4.6248794,-18.560177,11.690074,9.574466,16.375765,15.000033,-10.020233,-1.8768845,5.4442563,30.443043,28.632362,-19.127064,70.317856,-6.6595855,-1.4677972,7.474388,-158.46008,-47.876236,82.85289,37.756317,44.221424,-14.29166,-2.7569168
112,9.743968963623047,-7.597026824951172,84.40727233886719,6.364114073973411,0.5641491423943968,60.72689735845692,12.025169,22.460571,22.402462,5.084483,19.168938,-15.000033,-4.8022556,-18.595228,12.928507,7.976647,18.077986,15.000033,-11.607021,-2.2996588,4.9665165,31.983698,28.28009,-19.215357,70.78644,-6.8496127,-1.4582062,7.569665,-159.37262,-48.50197,84.19542,41.042507,44.524788,-14.385954,-4.6780114
113,10.510518074035645,-7.641762733459473,84.52059173583984,7.144251885524491,0.9823001722465396,58.99110917966915,12.116044,21.862473,20.013184,4.965829,19.712576,-15.000033,-5.4154544,-18.458866,14.516858,7.611565,17.997068,15.000033,-12.911338,-2.3607092,4.545772,33.493637,27.858047,-19.35866,71.141335,-7.2149897,-1.320899,7.2626424,-160.12271,-49.025757,85.59654,44.78639,44.092793,-14.166202,-6.5521693
114,11.242971420288086,-7.634200096130371,84.54344177246094,7.589752534120748,1.5845152931742117,57.83154860815425,12.039364,21.461523,17.399252,4.8993497,19.666193,-15.000033,-6.2085514,-18.073702,15.79745,7.677295,17.689081,15.000033,-14.020973,-1.9256189,4.1936555,34.550655,27.462448,-19.505205,71.306076,-7.4635844,-0.86773235,7.153163,-160.80867,-49.436802,86.73689,48.082268,44.50353,-14.018273,-7.496948
115,11.971474647521973,-7.574557304382324,84.55361938476562,8.09326577372821,2.4715705754382027,56.557115952163784,11.954718,20.826818,14.924333,4.8658366,19.821583,-15.000033,-7.293412,-17.809475,17.072142,7.765422,17.273968,15.000033,-15.198713,-1.6055449,4.241398,35.55562,27.053782,-19.762669,71.231606,-7.6835423,-0.4368346,7.1140485,-161.34456,-49.81475,87.91299,52.212513,45.714108,-13.312799,-8.638601
116,12.680691719055176,-7.46234130859375,84.3551254272461,8.383995493476528,3.2021013770563265,55.394831617124304,12.096106,20.434422,12.350807,5.0037065,18.056362,-15.000033,-8.128493,-17.543276,18.131891,7.8566,15.754942,15.000033,-15.897545,-0.93151706,4.4137206,36.249073,26.641272,-20.135937,70.87852,-7.6071405,-0.059664827,7.1257067,-161.81529,-50.156666,88.9659,55.792065,47.268635,-12.726224,-9.648333
117,13.423318862915039,-7.3144450187683105,84.23441314697266,8.953590087267168,3.963344622888937,54.00366200137245,12.461351,19.898111,10.815345,5.037335,16.851292,-15.000033,-9.137349,-17.565825,19.136799,8.163877,14.14938,15.000033,-16.40054,-0.23836789,4.9484878,36.638943,26.220255,-20.186684,70.92929,-8.861819,-0.146999,6.775784,-161.84444,-50.491314,90.123055,58.4102,47.359375,-11.801689,-10.310353
118,14.207136154174805,-7.1294732093811035,84.2101821899414,9.336251555163544,4.903497909748557,52.6592860874702,12.588093,19.522617,9.496504,5.1050086,17.022636,-15.000033,-10.097708,-17.31021,19.853664,8.223877,13.632517,15.000033,-16.936592,0.2729748,5.7887964,36.897778,25.830751,-20.147673,71.158035,-9.48039,0.0034553646,6.848462,-161.7312,-50.792416,91.333916,61.268227,48.46802,-11.250014,-10.53508
119,14.987112998962402,-6.9002814292907715,84.12628173828125,10.073496806707967,5.55656459471164,51.62507246669037,12.897991,19.011415,8.612643,5.130741,15.916527,-15.000033,-11.138098,-17.584501,20.68238,9.227788,11.436892,15.000033,-17.22503,0.88977444,6.5262685,36.852547,25.524487,-19.909143,71.33042,-10.863104,-0.104657695,6.7708693,-161.29555,-51.01371,92.453354,63.937508,49.247284,-10.776452,-10.278708
120,15.791414260864258,-6.625191688537598,84.13272857666016,10.50127283103189,6.487833338543555,51.249144672687,12.731059,18.894629,7.4790754,5.22205,14.638665,-15.000033,-12.1664505,-17.663904,20.66723,10.046027,10.302073,15.000033,-17.67287,1.4149566,7.4814157,36.778996,25.165993,-19.686634,71.686935,-11.098233,0.025838118,6.796052,-161.26015,-51.275616,93.80373,66.55225,50.333176,-9.94502,-10.166702
121,16.629384994506836,-6.303829193115234,84.20542907714844,11.060017252964567,7.7661400359359725,51.031748872196154,12.46825,18.734203,6.8260064,5.2543945,14.189979,-15.000033,-12.75148,-17.957684,20.882643,9.397145,9.871898,15.000033,-18.259933,2.2515213,8.418162,36.607,24.878904,-19.577648,71.97134,-11.596487,0.03442652,6.841734,-160.894,-51.506668,94.82434,68.90209,51.334423,-9.613286,-10.219367
122,17.440929412841797,-5.936059951782227,84.12446594238281,11.512724648338825,8.586457931687935,50.63978781726109,12.651591,18.755934,6.427904,5.342546,13.193223,-15.000033,-14.105652,-17.943518,20.899527,11.377019,7.8583336,15.000033,-18.568064,3.0866888,9.403241,36.301533,24.6168,-19.372768,72.502495,-12.561888,-0.17626244,7.148639,-160.43547,-51.747967,95.86903,70.75266,52.048412,-9.400204,-10.912043
123,18.231786727905273,-5.498377323150635,84.03825378417969,11.660340588919885,10.028706909547978,50.81838126127954,12.268711,18.994852,5.8461757,5.4187446,11.770178,-15.000033,-15.777653,-17.581305,20.92347,13.068759,6.4148006,15.000033,-18.856693,4.038181,10.715856,35.63139,24.375137,-19.13249,72.64986,-12.733939,0.28158692,7.169339,-160.20769,-52.057262,96.932205,72.874306,53.243027,-8.767505,-11.921026
124,18.96096420288086,-4.99848747253418,83.98158264160156,12.19156459291723,11.173605886653977,51.15098740677664,11.97191,19.044666,5.4068675,5.5551167,10.021269,-15.000033,-17.586636,-17.264832,22.140345,15.8727665,4.5280595,15.000033,-19.495226,5.1775436,12.1657,34.78202,24.223227,-18.907867,73.03621,-13.822306,0.26750582,7.2837005,-159.59271,-52.355995,97.739174,74.07649,55.48476,-8.31179,-12.747585
125,19.642772674560547,-4.444297790527344,84.10494232177734,12.527888316009333,12.115606748834109,51.462489469127334,11.633971,19.168037,5.505062,5.563901,10.709598,-15.000033,-18.078005,-17.337238,22.233738,16.282814,4.839828,15.000033,-20.042635,5.8512015,13.75385,33.906776,24.061491,-18.335884,73.40802,-14.305994,0.28997773,7.243044,-158.88797,-52.86882,99.122086,76.17352,56.312386,-7.7070255,-13.35222
126,20.225875854492188,-3.821831464767456,83.84773254394531,12.471100851191862,13.305867764422011,51.787407627081606,11.159657,19.795506,6.00896,5.6343555,9.570942,-15.000033,-19.706516,-16.616623,22.879194,18.76177,2.9625359,15.000033,-19.770592,6.9113226,15.765377,31.052858,23.869307,-17.875923,75.54347,-15.141555,0.7460558,7.2459764,-158.53976,-54.269478,101.45129,77.69721,58.757786,-6.8077908,-14.952759
127,20.7127742767334,-3.1511380672454834,83.57027435302734,12.245699549570121,15.132030180796212,52.35882300158046,10.398921,20.083609,6.424155,5.769805,9.279405,-15.000033,-20.96584,-16.137192,23.169079,19.070673,2.0657237,15.000033,-20.303928,7.830452,18.099388,29.985394,23.956154,-17.111372,75.77371,-15.453961,1.1007814,7.36516,-157.15463,-55.67739,101.91635,80.38616,60.043297,-5.969721,-16.300386
128,21.077728271484375,-2.4741084575653076,83.2112808227539,12.194443577023955,15.94410909762354,52.26586823703758,10.184972,20.138824,7.6900043,5.6543055,8.770207,-15.000033,-22.752184,-15.261437,24.319973,22.584839,0.11230776,15.000033,-20.808231,8.529135,20.992952,28.512745,24.306385,-16.032614,75.66548,-17.059988,0.88141465,7.8772073,-155.13391,-57.323536,101.993866,83.45748,62.46926,-5.3677607,-17.938892
129,21.241918563842773,-1.8022751808166504,82.86595153808594,12.017467375384788,16.998230670775126,52.90297627340229,9.228717,20.145452,7.372821,5.6794987,9.105233,-15.000033,-23.89257,-14.744769,25.126453,24.337051,-1.2043676,15.000033,-21.33576,9.239051,23.565002,28.215134,24.547054,-15.132516,75.414345,-19.494484,0.81273043,8.431419,-151.59865,-59.27503,101.893906,86.841125,63.535213,-3.8310435,-18.99609
130,21.275896072387695,-1.2131781578063965,82.83409118652344,12.435933879915734,18.660017299761527,55.02181546228875,7.652913,20.315016,8.819739,5.971818,9.443159,-15.000033,-24.932007,-15.475396,24.54191,24.267805,-0.8910284,15.000033,-21.457718,9.40003,25.561342,28.39152,25.121029,-13.340246,74.706085,-19.01658,1.2269917,7.9551687,-148.09813,-62.37019,100.61755,88.632225,63.740585,-3.2566721,-19.18142
131,21.0835018157959,-0.7189740538597107,82.49409484863281,12.414781349493003,19.577064839571932,56.92416959854506,6.919647,20.374271,9.805342,6.1722097,9.315156,-15.000033,-25.972462,-15.475034,24.421265,26.006424,-2.1012664,15.000033,-21.40971,9.557035,27.065535,29.084026,25.591387,-12.115581,73.59718,-18.562082,1.7608559,8.769142,-141.30559,-65.6828,96.990776,90.69261,63.376804,-2.4251027,-19.41982
132,20.67561912536621,-0.3794262409210205,82.03595733642578,12.166953170010387,19.822588129323762,57.73243272456411,6.2269316,20.380384,10.295833,7.1815424,9.017172,-15.000033,-27.304386,-15.446421,24.137955,28.84457,-4.0072656,15.000033,-21.498026,9.583242,27.973415,30.040464,25.977448,-11.828393,72.69131,-18.636568,2.2018723,10.062655,-132.04138,-69.07624,90.81898,90.51051,62.416935,-2.71233,-21.780407
133,20.148069381713867,-0.22602280974388123,81.63400268554688,12.0720706076593,19.982125326506644,59.70618194579533,1.7904682,21.133724,9.902461,14.276559,5.7473726,-15.000033,-27.49586,-15.454299,23.901934,30.063736,-5.0863304,15.000033,-21.188517,9.641114,29.57174,31.296738,26.419363,-10.572682,70.74878,-16.218115,2.228027,10.619897,-124.55819,-72.38874,84.36449,88.87005,61.400883,-3.7044446,-20.701935
134,19.431934356689453,-0.2820199429988861,81.14351654052734,12.046398171710075,20.445776919498666,61.62526617791208,-0.23297323,21.52664,11.175291,17.310806,3.8222535,-15.000033,-29.025242,-15.97735,23.006458,32.350906,-6.652411,15.000033,-20.126041,9.863643,29.793802,33.36472,26.697605,-11.091081,68.26996,-14.318582,2.1261754,11.823175,-111.02213,-75.540016,74.78364,86.54121,60.09451,-4.0769405,-22.555595
135,18.58169937133789,-0.56722491979599,80.49752044677734,11.817268833963613,20.32961102451504,62.8732683437109,-2.7443066,21.81448,10.967939,21.47846,2.3427591,-15.000033,-30.818308,-16.556566,21.841682,35.736866,-8.36708,15.000033,-19.10634,10.650277,29.793802,34.7452,26.842949,-12.0990505,65.98939,-12.75718,2.4615655,12.29007,-96.21288,-78.39365,63.606182,83.85652,58.264442,-4.0660663,-23.606514
136,17.6790771484375,-1.0948164463043213,80.08831787109375,12.287584432526215,20.048624003627403,65.84700256449851,-5.913199,22.26755,11.883541,25.539862,0.07956011,-15.000033,-31.589039,-17.768904,20.727821,37.82932,-9.696783,15.000033,-17.514858,11.875013,29.793802,36.57081,26.939047,-12.811438,62.534737,-9.656757,2.1117141,12.69044,-82.07571,-80.77935,52.280704,79.93207,57.43728,-4.7237535,-23.264296
137,16.700288772583008,-1.8644360303878784,79.38953399658203,12.68680140354427,19.041573056678867,68.37374571375234,-9.274783,22.893734,12.764375,31.230747,-1.7968216,-15.000033,-32.796627,-19.59029,18.973219,41.647488,-12.16562,15.000033,-15.798185,13.512624,29.793802,38.157013,26.896969,-15.781332,58.464798,-5.7939506,1.5060112,13.815012,-65.33941,-82.08221,39.19689,75.31075,56.109932,-4.8983946,-23.12463
138,15.69165325164795,-2.855604410171509,78.985595703125,13.038636239585362,17.579749941551473,71.23436355202274,-11.977149,23.348597,13.4597225,35.21885,-3.3102708,-15.000033,-33.14606,-21.627514,17.017199,44.492714,-13.6299,15.000033,-14.336455,15.509786,29.793802,40.19876,26.706074,-18.592628,53.958805,-3.7102106,1.1758177,14.911479,-48.21201,-81.99388,25.864372,70.096466,54.88051,-5.6412454,-23.76525
139,14.701054573059082,-4.035536766052246,78.35002136230469,13.021967696147083,16.191909706903356,74.18641017180401,-14.744264,24.439413,14.233744,39.290897,-4.663773,-15.000033,-33.218845,-23.317762,14.951577,47.00264,-15.471742,15.000033,-12.803127,17.75393,29.793802,42.85375,26.390806,-21.368074,48.88842,-0.5549696,0.66486293,16.155468,-32.004955,-80.28551,13.920807,63.489254,51.975033,-6.267928,-24.300493
140,13.707680702209473,-5.369075298309326,77.80419921875,13.121660809278294,14.277939972878137,76.92169066362203,-16.719091,24.875103,14.648398,42.225533,-6.1552396,-15.000033,-33.220127,-25.620684,12.822487,49.924976,-17.097528,15.000033,-11.578949,19.582119,29.793802,45.151203,26.224085,-24.261147,43.784588,0.8106056,0.38825136,16.21041,-19.025352,-77.25467,4.9397464,56.32232,50.625366,-8.006882,-25.237463
141,12.735597610473633,-6.821069717407227,77.34444427490234,13.054226754510692,11.89147506679683,79.39477254942203,-18.094477,25.358746,15.409845,44.52062,-7.4565034,-15.000033,-32.338856,-27.990265,10.463912,52.073963,-18.237032,15.000033,-10.463432,21.61,29.793802,48.517838,25.920296,-27.124447,37.130264,2.6563835,-0.6046352,16.886639,-8.287438,-72.99538,-0.61025167,48.039772,48.681404,-10.569838,-26.00483
142,11.787429809570312,-8.304727554321289,77.32038879394531,13.586522377505514,9.96507731256937,82.78435432227975,-19.500263,24.981579,16.554607,45.475307,-7.372468,-15.000033,-30.868195,-31.732244,7.2997327,52.27833,-18.896208,15.000033,-9.460696,23.040802,29.0985,51.575928,25.341787,-29.431664,31.535986,2.4776587,-1.5653398,17.488665,0.66115826,-67.9582,-2.5427504,38.900284,44.30552,-13.383182,-28.668013
143,10.880719184875488,-9.781159400939941,77.03359985351562,13.618207989447969,8.27500974325164,86.45616108212923,-21.040525,24.263542,16.568233,45.699886,-7.3376274,-15.000033,-29.701523,-34.263542,4.9967422,53.518993,-19.427753,15.000033,-8.279823,24.119165,28.611256,52.9448,24.852158,-32.040195,26.690231,3.1391196,-1.2853855,17.543749,5.987563,-62.865032,-1.3407817,31.284218,40.33074,-15.303782,-30.099304
144,10.021346092224121,-11.212846755981445,76.80467224121094,13.233029405344249,6.416943331661621,90.21098123888594,-22.301628,22.92675,15.4129925,45.128963,-7.320297,-15.000033,-27.488771,-35.956356,2.7162228,54.07178,-19.62611,15.000033,-6.407447,25.270752,27.932076,53.43649,24.40023,-34.001484,22.88649,2.801416,-1.3157727,18.12828,8.3810425,-58.14765,1.0866611,25.605019,36.794643,-16.490402,-30.913319
145,9.233861923217773,-12.533437728881836,76.6707992553711,12.842714681418913,4.910480447265886,93.73742488476819,-24.149721,20.966204,13.220914,45.034798,-6.776335,-15.000033,-25.30683,-37.583626,0.35109767,54.12806,-19.664171,15.000033,-4.149385,26.37654,27.637714,52.603924,24.097054,-35.82703,20.441954,3.1584854,-1.0522523,18.559086,8.851308,-53.963287,4.690855,20.574196,32.17117,-17.516165,-30.270378
146,8.538208961486816,-13.707356452941895,76.5836410522461,12.634962832677058,3.1324245202078096,97.96053806060469,-25.823906,18.330906,10.727355,44.69939,-5.756671,-15.000033,-22.502449,-38.825264,-1.3883276,54.449306,-20.1391,15.000033,-1.5292435,27.256344,26.646894,52.294827,23.889524,-36.145237,17.83731,2.8064802,-1.1926835,18.04282,7.5047274,-50.415733,8.280983,17.229681,28.68276,-19.284554,-27.957245
147,7.9443583488464355,-14.696173667907715,76.47663116455078,12.631581488267681,1.4547149709266172,102.32033352592799,-27.29323,15.460327,8.651973,44.397762,-4.5684066,-15.000033,-19.542355,-40.34443,-3.3103368,54.878227,-20.234074,15.000033,0.8148529,27.727528,25.669998,51.929104,23.800022,-36.01681,15.64993,1.8385718,-0.8024346,16.966011,5.557414,-47.390236,11.328483,13.428023,25.781157,-19.629862,-27.307158
148,7.465514659881592,-15.460125923156738,76.06548309326172,12.47171796638618,1.0834485861776697,106.0724433537138,-29.698822,12.738535,5.9295545,44.68637,-4.8675427,-15.000033,-18.482632,-41.86879,-5.1264887,56.184185,-20.673506,15.000033,2.906634,28.09376,25.151808,52.20535,23.859684,-35.557365,13.190663,2.03418,-0.048812754,16.93873,2.951802,-44.78602,14.15113,8.553703,20.442457,-18.818056,-29.578142
149,7.120664596557617,-16.03760528564453,75.48503112792969,11.905104222905742,0.5937539931816648,108.7555050016024,-32.211502,11.044851,3.1242764,46.88664,-5.9130616,-14.491473,-17.758982,-42.733273,-6.5095415,58.20243,-21.974684,15.000033,5.4863877,28.283201,24.32279,51.66231,24.025915,-35.289494,13.25925,0.9992172,0.3285814,16.658377,-1.4272134,-42.490982,17.531326,4.978643,16.884506,-18.351627,-29.372608
150,6.910866737365723,-16.45120620727539,74.8707275390625,11.279845086275634,-0.14219503264086875,111.01923009231128,-34.31175,9.141471,-0.11124797,49.37545,-7.232114,-13.778769,-16.643671,-43.669064,-8.248907,60.317883,-23.099165,15.000033,8.206889,28.06133,23.384022,50.576977,24.290434,-35.18066,14.771317,-0.3598086,-0.087850206,17.104584,-6.599276,-40.435066,20.593933,2.2130373,14.58034,-17.824371,-28.833817
151,6.845541954040527,-16.697341918945312,74.04784393310547,11.423228994264159,-1.0005139595211552,114.33127048203912,-36.380333,6.875722,-1.7912294,51.630783,-8.052536,-13.547186,-14.660034,-45.045414,-9.717035,62.354195,-24.48664,15.000033,10.493649,27.723888,22.610634,49.511368,24.660954,-34.948036,15.567699,0.33267036,0.39296666,16.481318,-12.1716385,-38.356285,22.09867,-0.20806831,14.496189,-17.070053,-28.329985
152,6.9114484786987305,-16.814544677734375,73.36282348632812,10.79756548327188,-1.7961120052682304,117.2281232942515,-38.216473,5.1680827,-4.2498393,53.742,-8.903971,-13.957057,-12.032219,-45.58614,-12.416955,63.916176,-25.856792,15.000033,12.996759,27.265429,21.5675,47.615818,25.01825,-34.512836,17.310013,-0.34719715,0.38110006,16.605501,-16.90005,-36.113808,22.53101,-2.4784162,14.805734,-15.665337,-27.189974
153,7.114114761352539,-16.797880172729492,72.81167602539062,10.31158525326864,-2.6208561503422527,120.76179901570694,-39.552742,3.0012636,-6.6447453,54.663612,-9.463826,-14.3359375,-8.237311,-45.8656,-15.983002,64.54582,-26.815739,15.000033,15.5705185,26.425539,20.219952,46.288944,25.289295,-33.655144,18.610641,-0.865434,0.48600358,16.763369,-23.033066,-34.27087,22.791826,-2.5308378,15.862929,-14.920288,-25.99251
154,7.414869785308838,-16.66649055480957,72.45925903320312,9.686880452625372,-3.7371272195724523,124.67711589143096,-40.208275,0.9290077,-8.879486,54.803547,-9.964765,-14.249392,-3.011903,-46.19836,-21.259848,64.50631,-27.176384,15.000033,18.066206,25.349552,18.773159,45.262234,25.522245,-33.226757,18.737123,-0.05310038,0.32673472,16.883339,-29.862986,-32.736935,22.406485,-1.6753212,16.52943,-14.472209,-25.30156
155,7.79134464263916,-16.41761589050293,72.118408203125,9.10812913324524,-4.6379848650388755,128.5041135344888,-40.653378,-1.5924817,-11.698399,54.560535,-10.198561,-14.895073,1.4634962,-45.992386,-25.777716,64.52493,-27.60502,15.000033,20.018484,23.991001,17.436298,44.6565,25.51891,-32.453472,19.48085,-0.39061517,-0.35312137,17.804998,-36.17105,-31.70141,20.299109,-0.5270987,15.764602,-12.995043,-25.275793
156,8.209273338317871,-16.052289962768555,71.87147521972656,8.753394693993496,-5.323239428741604,132.96484802496028,-41.01409,-3.4516058,-12.930423,53.33147,-10.074932,-15.000033,6.088577,-45.16866,-30.29939,63.395176,-27.597599,15.000033,22.303768,22.607386,15.982488,44.70318,24.996748,-30.825974,20.29618,-3.2240462,-0.89215654,17.405827,-42.92239,-31.525778,17.524538,2.6067731,18.501802,-12.9422035,-24.484674
157,8.57951545715332,-15.631034851074219,71.67012786865234,8.734214715093549,-6.562247062671014,136.6540412001745,-39.991993,-5.6524744,-14.163724,51.50324,-8.560145,-15.000033,11.689116,-44.14462,-35.01024,60.446114,-26.718985,15.000033,24.1659,20.831095,15.034391,43.624496,24.448725,-30.88955,21.967707,-3.0546134,-2.4200988,19.266874,-49.512264,-31.670618,14.341856,5.2699475,21.425526,-11.986496,-24.596605
158,8.89627742767334,-15.130172729492188,71.80188751220703,8.137902946694851,-7.3195304515111115,139.98866929880535,-39.263824,-7.020532,-15.850647,49.887684,-7.6925216,-15.000033,15.6473055,-42.571945,-38.961765,57.51417,-25.930286,15.000033,25.471199,19.393806,14.317639,42.464046,23.814022,-30.318548,23.576267,-4.3899226,-3.4106972,19.343485,-55.40808,-32.499382,12.338349,8.505167,22.504877,-11.345478,-24.910492
159,9.106673240661621,-14.580578804016113,72.083984375,7.529270883219734,-7.629022512804619,142.85931466556752,-38.56559,-8.171546,-17.691448,48.114815,-7.0665703,-15.000033,18.632025,-40.815384,-42.084736,54.115726,-25.21508,15.000033,26.748087,18.04829,13.90922,41.229893,23.119776,-29.485863,24.582405,-5.028936,-3.3690422,17.68023,-60.985813,-33.817566,10.678847,11.846034,24.658457,-10.615951,-24.945263
160,9.19412899017334,-14.01257038116455,72.2271728515625,6.898281246726898,-8.29491700903277,145.7798790773606,-37.43316,-9.360825,-19.545414,46.522274,-6.718828,-15.000033,21.716984,-38.76685,-44.396294,50.677322,-24.803741,15.000033,27.905552,16.740942,13.672711,40.011494,22.516073,-29.007244,25.436934,-4.7814226,-3.1389146,16.48846,-66.47348,-35.45573,9.746057,15.967319,27.7314,-10.101839,-24.898687
161,9.141179084777832,-13.428823471069336,72.51263427734375,6.272978944205835,-8.578939583259459,148.34255900885776,-36.5523,-10.38311,-21.48846,45.209568,-6.590723,-15.000033,24.308363,-36.743973,-46.296307,47.36028,-24.063494,15.000033,28.987915,15.750023,13.367958,38.833878,22.119741,-29.220829,26.612886,-4.129196,-3.2624884,15.641078,-72.38062,-37.244637,10.493122,21.146618,30.040728,-9.730965,-24.838535
162,8.945785522460938,-12.8573579788208,72.79244995117188,5.594862745749831,-8.775253651475072,150.38409996393617,-35.782936,-10.945971,-23.01576,44.416737,-6.490874,-15.000033,26.307415,-34.360878,-46.936817,43.858925,-23.01572,15.000033,30.21335,14.886852,13.1657505,37.91424,21.761618,-29.291487,27.504646,-3.9022427,-3.1726816,14.902863,-78.027794,-39.11589,12.173319,26.965523,32.97692,-9.703244,-24.499855
163,8.594075202941895,-12.316372871398926,73.24697875976562,5.101613698931222,-8.885945205923871,152.38943999862983,-34.42039,-11.570708,-24.53357,42.55224,-5.786506,-15.000033,28.869295,-31.936872,-48.11779,39.584026,-21.928436,15.000033,31.39043,14.083361,12.850057,37.141346,21.582415,-29.351759,28.460358,-3.0765371,-3.1096206,13.8213,-83.372955,-40.955093,14.770628,32.613636,36.06212,-9.595336,-23.86292
164,8.119123458862305,-11.80348014831543,73.8304214477539,4.491593556092253,-8.729882312276485,154.16568911908388,-33.197605,-12.493219,-27.012365,41.1424,-5.9307714,-15.000033,31.205854,-29.064632,-48.782658,34.65462,-20.482721,15.000033,32.69274,13.118466,12.490778,36.144817,21.448505,-29.722532,29.443363,-2.459669,-2.8938222,12.564617,-88.65505,-42.70401,18.746597,39.329597,38.327156,-9.37028,-22.954733
165,7.517589569091797,-11.351895332336426,74.5669937133789,4.146063811645738,-8.35309957275499,155.90033638612945,-31.670708,-12.916251,-28.537575,38.417343,-5.1717477,-15.000033,33.142048,-26.682915,-49.19075,30.158241,-18.549446,15.000033,34.113403,12.16777,12.211263,34.93737,21.486952,-30.3101,31.005308,-1.5419307,-2.9894018,12.498971,-93.83574,-44.16621,22.146282,45.756157,42.26771,-9.214151,-22.388441
166,6.827820301055908,-10.96548843383789,75.37619018554688,3.569935324863946,-7.9113491116362304,157.44225947257775,-30.13691,-13.0702,-30.384758,35.82012,-4.9328227,-15.000033,35.04478,-24.142471,-49.342224,25.30738,-16.59881,15.000033,35.903114,11.185363,11.591335,33.634438,21.631277,-30.863804,32.754795,-1.1345427,-2.470719,11.75572,-93.26509,-45.0835,25.501001,52.418125,46.038845,-8.244433,-21.303947
167,6.065217971801758,-10.654659271240234,76.0585708618164,3.342885645806492,-7.570180659283795,158.5860069373644,-28.69798,-12.984355,-31.106657,33.385033,-4.007608,-15.000033,36.65354,-22.009272,-48.748394,20.903545,-14.234801,15.000033,37.513474,9.996819,11.004446,32.550644,21.802065,-31.499054,34.682358,-0.858391,-2.6808283,11.923474,-91.324326,-45.49323,28.60934,58.36418,49.047466,-7.3321095,-19.824728
168,5.254293918609619,-10.41043758392334,76.79646301269531,2.944597161752011,-7.140421108606731,159.59625134050307,-27.401138,-12.793755,-32.07871,31.205694,-3.1177285,-15.000033,37.776905,-20.233335,-48.267822,17.739693,-12.152907,15.000033,39.082306,8.847101,10.443394,31.37715,21.995079,-32.434925,36.719074,-1.4423816,-2.925457,12.002328,-89.21057,-45.532322,32.002357,64.32064,52.12261,-6.263304,-18.441767
169,4.406263828277588,-10.220911026000977,77.66569519042969,2.520088831461114,-6.332881663984573,160.28819220707953,-26.146307,-12.455595,-33.467693,28.53787,-2.0709348,-15.000033,38.911137,-18.444244,-48.229515,14.334271,-10.01489,15.000033,40.436977,7.6316977,10.097001,30.41122,22.196098,-33.67342,38.42431,-1.1888597,-2.7601905,11.232178,-88.74923,-45.330494,36.604454,70.30245,54.091885,-4.890404,-16.06758
170,3.5659751892089844,-10.06778621673584,78.49834442138672,1.883557096298027,-5.7417753142975485,160.98788594772083,-24.81795,-11.625234,-34.36545,25.837786,-0.65178925,-15.000033,39.94764,-16.700436,-47.883514,11.513848,-8.021376,15.000033,41.366142,6.408364,9.916209,29.646967,22.340536,-34.205837,40.030834,-1.5117261,-2.6240244,10.714734,-90.51571,-45.103794,41.925877,75.8855,55.742638,-3.7643988,-14.032941
171,2.7407093048095703,-9.924452781677246,79.12890625,1.790827547313835,-4.930456139467178,161.395367674,-24.008505,-11.485854,-35.185303,23.83622,0.47853178,-15.000033,40.718945,-15.498129,-47.61278,9.143941,-6.294453,15.000033,41.97747,5.236734,9.823578,29.381832,22.355043,-34.340202,41.246548,-2.2125149,-2.75291,10.637694,-92.02345,-44.920067,46.839985,81.008,56.382534,-2.669249,-11.959122
172,1.9669032096862793,-9.782382011413574,79.7544174194336,1.6622907583528914,-4.312717347256349,161.6092309348675,-22.705082,-11.20766,-36.714878,21.3443,1.3553735,-15.000033,41.049385,-14.507369,-46.720493,7.6740494,-4.108162,15.000033,42.35867,4.2159405,9.684406,28.455751,22.37791,-34.532803,42.5386,-2.689966,-2.5273702,10.294245,-92.63818,-44.64716,50.44385,84.1914,55.54398,-1.4580083,-10.226155
173,1.2819759845733643,-9.63877010345459,80.36786651611328,1.292591362651717,-3.59869461449831,161.81023941700823,-21.67559,-10.446585,-37.96145,18.831108,1.8427157,-15.000033,40.875557,-14.028444,-46.416252,7.404528,-3.1745472,15.000033,42.737053,3.3421838,9.315941,27.812576,22.405325,-34.567875,43.539722,-2.879887,-2.13428,9.986133,-93.11959,-44.353943,52.694687,86.21144,54.84773,-0.53516936,-9.20865
174,0.6885896325111389,-9.495285034179688,80.742919921875,1.2214184698051356,-3.3219494458477445,161.67927924851648,-20.400537,-10.087803,-39.297157,16.891552,2.1390924,-15.000033,40.758335,-13.767918,-45.5954,7.2319736,-2.0927813,15.000033,42.87306,2.7169652,9.136144,27.19212,22.436087,-34.594322,44.63175,-3.2082505,-2.0006325,9.247478,-93.02849,-44.064148,54.3886,87.21684,52.68929,0.30993098,-7.909951
175,0.196266308426857,-9.366903305053711,80.99396514892578,1.151807558512577,-3.1120875052030894,161.92224158340056,-19.740074,-9.76197,-39.479454,15.731004,2.8418772,-15.000033,40.700085,-13.527986,-45.29081,7.101715,-1.5030067,15.000033,42.91529,2.2390144,9.05779,26.34387,22.514778,-35.194298,45.26473,-3.0320437,-1.5103871,8.48303,-93.127945,-43.742844,55.30369,87.6554,51.43823,0.64597756,-7.3310194
176,-0.20904918015003204,-9.258831024169922,81.21208190917969,0.8808003459552853,-3.042272042537912,161.8204640688668,-19.154972,-9.215618,-39.4845,15.107438,3.1772494,-15.000033,40.696434,-13.334128,-45.0028,7.06675,-1.041858,15.000033,42.816242,1.944155,9.037982,25.741556,22.569307,-35.868763,45.804657,-2.6715121,-1.160449,8.227598,-93.30853,-43.391785,55.432964,87.70329,51.8416,0.7303254,-7.016735
177,-0.5258886218070984,-9.167797088623047,81.32440948486328,0.6261090199624157,-3.1527184890352604,162.23426142181432,-18.68205,-8.915301,-39.391228,14.744151,3.350929,-15.000033,40.838116,-13.047412,-44.753788,7.0334773,-0.802805,15.000033,42.718864,1.7364386,8.95001,25.453001,22.671268,-36.103043,45.861526,-2.4641535,-0.84594524,8.145172,-93.333336,-43.068356,55.35862,88.0382,52.761612,0.65510345,-7.0198383
178,-0.7805843353271484,-9.090962409973145,81.49967193603516,0.4589604035050584,-3.0639051004510223,162.24123570164733,-18.366945,-8.417099,-39.00011,14.168448,3.6254287,-15.000033,40.66016,-13.023,-44.271893,6.969399,-0.45992646,15.000033,42.60238,1.4774004,8.866149,25.092575,22.78414,-36.65389,46.289566,-2.0857117,-0.52079815,7.945696,-93.475746,-42.732887,55.226006,88.078766,53.489136,0.7123342,-6.9300942
179,-0.980811595916748,-9.027230262756348,81.67208099365234,0.2582407511754753,-2.886806772229659,162.04584206838203,-18.089237,-7.951004,-39.14604,13.595744,3.6711736,-15.000033,40.3708,-12.980614,-43.675385,6.8822336,-0.16537131,15.000033,42.588943,1.2888881,8.666152,24.949186,22.888695,-36.98586,46.399902,-1.6379539,-0.26422662,7.7725344,-93.59411,-42.415756,55.29147,88.178246,53.474567,0.6366552,-6.8809385
180,-1.1347931623458862,-8.977703094482422,81.75056457519531,0.09261044984116278,-2.90984587553207,162.06643446015258,-17.762278,-7.705749,-39.40932,13.266267,3.5999155,-15.000033,40.38963,-12.898895,-43.438316,6.8497252,-0.29571152,15.000033,42.440987,1.1330711,8.496873,24.852547,23.02253,-37.410248,46.25516,-1.496251,-0.1956739,7.487579,-93.482834,-42.10038,55.29536,88.41311,52.63995,0.7569252,-6.654658
181,-1.254623532295227,-8.93620777130127,81.90887451171875,-0.07891115290563898,-2.8845369992937133,161.83124614324524,-17.340872,-7.0576434,-39.145374,12.41004,3.9605694,-15.000033,40.238018,-12.872845,-43.046288,6.766382,0.16539718,15.000033,42.36784,0.95444864,8.299058,24.812834,23.123686,-37.651978,46.43538,-1.1994665,0.07443137,7.426564,-93.43051,-41.774025,55.055405,88.38401,52.896206,0.7729044,-6.837709
182,-1.3462532758712769,-8.90134048461914,81.97594451904297,-0.20466682946139966,-2.9033488975628408,161.60019513060354,-17.085451,-6.7045507,-39.02024,12.126985,3.839572,-15.000033,40.210148,-12.944617,-42.932606,6.760471,0.033899028,15.000033,42.24295,0.88294184,8.095477,24.719181,23.23721,-38.27038,46.621166,-0.90877116,0.25280872,7.250464,-93.28418,-41.426064,54.846573,88.14431,52.82351,0.84785765,-6.8065243
183,-1.4088019132614136,-8.861878395080566,82.0065689086914,-0.20232511373385714,-2.9875122809743115,161.36716700595755,-16.966118,-6.3708215,-38.18859,12.058528,4.18833,-15.000033,40.197727,-13.058928,-42.537777,6.753951,0.2537789,15.000033,42.146393,0.9091994,7.979711,24.74323,23.304188,-38.492683,46.718063,-1.0025982,0.2980599,6.9410114,-93.06802,-41.073273,54.914402,87.79425,51.99119,0.88647705,-6.2641816
184,-1.4523941278457642,-8.81396198272705,82.0530014038086,-0.23222655320730667,-2.9106653422600677,161.1261654703627,-16.985167,-5.971519,-37.462173,11.882889,4.2731915,-15.000033,39.990726,-13.121171,-42.079357,6.753074,0.19834195,15.000033,41.965645,0.91547483,7.745413,24.719913,23.3509,-38.879444,46.9984,-0.9442502,0.14966884,6.925566,-92.992195,-40.679733,54.461586,87.294235,51.992172,0.9371706,-6.4489694
185,-1.4753152132034302,-8.75507926940918,82.09378814697266,-0.31173940749244894,-2.8241488164448296,161.16320833710796,-16.902021,-5.771986,-37.636395,11.529474,4.1990623,-15.000033,39.905712,-13.00318,-42.16793,6.685616,-0.15853067,15.000033,41.931133,0.92071456,7.5349894,24.81211,23.441496,-38.7327,46.641434,-0.7671807,0.4873807,6.68134,-93.13155,-40.368053,54.51445,87.72795,52.06568,0.9464663,-6.5534277
186,-1.4945034980773926,-8.679930686950684,82.06543731689453,-0.07026093270344214,-2.889840933665136,161.16325571257127,-17.070395,-5.884748,-36.715923,11.965652,4.4105144,-15.000033,40.024208,-13.230931,-42.158325,6.6989393,-0.6282631,15.000033,41.71005,0.8446812,7.457403,24.747553,23.55845,-39.15646,46.645035,-0.88138515,0.5895039,6.2781076,-92.857155,-40.01517,54.420635,87.31585,51.664104,1.2425542,-6.5163064
187,-1.5237401723861694,-8.59153938293457,82.10331726074219,-0.04277806512794078,-2.8568998320122434,160.9901046825988,-16.942572,-5.782211,-36.774548,11.839382,4.4595847,-15.000033,39.949955,-13.261336,-41.942368,6.6528473,-0.40222555,15.000033,41.763584,0.8050931,7.292917,24.755796,23.674467,-39.123203,46.58936,-0.581066,0.74222565,6.551158,-92.8391,-39.680717,54.261723,87.370705,52.519085,1.172001,-6.665882
188,-1.5568526983261108,-8.483938217163086,82.1363525390625,0.03225993679526994,-2.7462999194808058,160.80759937718855,-17.039042,-5.7566485,-36.69089,12.013734,4.519259,-15.000033,39.895367,-13.421865,-42.204372,6.6611924,-0.17820917,15.000033,41.734665,0.7799321,7.15798,24.579563,23.79764,-39.446766,46.84494,-0.66363263,0.80221784,6.373352,-92.84835,-39.32274,54.112503,87.048546,52.132797,1.4701105,-6.6385164
189,-1.5832103490829468,-8.361653327941895,82.16547393798828,0.08034798758265355,-2.7199809741286023,160.993137520482,-17.135077,-5.5582757,-35.942783,11.988353,4.702272,-15.000033,39.953358,-13.303431,-42.39734,6.647395,-0.2422041,15.000033,41.58303,0.73450667,6.974643,24.751087,23.934097,-39.030956,46.47821,-0.7021461,0.73932,6.059024,-92.79045,-39.023827,54.04281,87.1692,52.1247,1.2610704,-6.7744665
190,-1.6223227977752686,-8.230331420898438,82.19071960449219,0.1888755037608225,-2.663806255384278,161.01413738318416,-17.145224,-5.4380774,-35.52204,11.891876,4.9184437,-15.000033,39.973705,-13.334772,-42.521305,6.647141,-0.117874295,15.000033,41.447384,0.705068,6.898949,24.767557,24.104477,-39.03936,46.37726,-0.66181016,0.78461176,5.937693,-92.817024,-38.706383,53.898914,86.95789,51.972622,1.353693,-6.880595
191,-1.6724152565002441,-8.098899841308594,82.24691009521484,0.2821517128660176,-2.6491868005432857,160.85694968444392,-16.854454,-5.2526517,-35.47144,11.430667,5.2063246,-15.000033,39.959816,-13.412266,-42.417976,6.637137,0.11997308,15.000033,41.389008,0.6741665,6.937575,24.755997,24.266665,-39.181892,46.46022,-0.33357507,0.84526825,5.7744513,-92.83195,-38.36575,53.959583,86.695366,51.636658,1.4160047,-6.7289367
192,-1.7155656814575195,-7.971132755279541,82.28942108154297,0.25556281687340326,-2.591012960152868,160.77358332097228,-16.558887,-4.977589,-35.71729,10.831512,5.27733,-15.000033,39.894222,-13.288702,-42.285057,6.5626287,0.174538,15.000033,41.488346,0.6462538,6.8978367,24.81566,24.428053,-38.853367,46.30988,-0.016092144,0.8228931,6.1049037,-93.000694,-38.060585,54.09489,87.07939,51.668663,1.4318429,-6.6941557
193,-1.7494227886199951,-7.847757816314697,82.34545135498047,0.2126733503976856,-2.3839558616304757,160.80629654048218,-16.69643,-4.6914415,-35.486458,10.619392,5.242763,-15.000033,39.71397,-13.137777,-42.42097,6.5051594,-0.025306143,15.000033,41.50516,0.5501413,6.7449837,24.852417,24.591238,-38.518093,46.196247,-0.05705089,0.8225829,5.829971,-93.210915,-37.802895,54.273277,87.37487,51.417427,1.4120775,-6.7165313
194,-1.7798824310302734,-7.736622333526611,82.38648986816406,0.17563514285861465,-2.2594243742192033,160.89041490557275,-16.70496,-4.390155,-35.154255,10.269206,5.30986,-15.000033,39.62674,-12.95527,-42.510918,6.4467673,0.056702275,15.000033,41.511192,0.48637,6.6350036,24.917238,24.740318,-38.0771,46.076283,-0.07347836,0.78782326,5.8862104,-93.36375,-37.584145,54.395172,87.73111,51.31402,1.4245048,-6.731338
195,-1.8096681833267212,-7.63916015625,82.3794937133789,0.2600660437022493,-2.197566337452574,160.95293210879132,-16.656214,-4.2404504,-34.782818,9.953517,5.431796,-15.000033,39.6791,-12.97301,-42.74441,6.443466,0.17782085,15.000033,41.471897,0.49002206,6.605046,24.943367,24.874825,-37.92766,45.988304,-0.24913295,0.81524444,5.876458,-93.46751,-37.376656,54.360245,87.72301,51.26843,1.4593002,-6.802392
196,-1.8239564895629883,-7.5538129806518555,82.39379119873047,0.27129128247769335,-2.280606331357861,161.06877859909912,-16.480045,-4.056535,-34.45668,9.682353,5.6513124,-15.000033,39.767036,-12.826432,-42.536198,6.435913,0.34930864,15.000033,41.442814,0.46809572,6.4283576,24.89277,24.988626,-37.898376,45.97363,-0.38505998,0.6830759,5.862656,-93.24389,-37.21979,54.254505,87.87695,51.75911,1.3117732,-6.90157
197,-1.828244924545288,-7.477553367614746,82.38111877441406,0.3584646696010812,-2.258915201890476,161.1037176258763,-16.500385,-3.962376,-34.080338,9.584542,5.6662087,-15.000033,39.77985,-12.840613,-42.49291,6.4441037,0.076309405,15.000033,41.359116,0.43573117,6.4096775,25.018286,25.117445,-37.72943,45.711227,-0.43585718,0.604738,5.8197827,-93.22732,-37.03057,54.235664,87.76287,51.44126,1.4275262,-6.940432
198,-1.8276127576828003,-7.410482883453369,82.39346313476562,0.4061888161043429,-2.261754389042549,161.09538400816146,-16.357016,-3.809697,-33.89771,9.2357645,5.818606,-15.000033,39.764343,-12.8197775,-42.366333,6.445252,-0.027187163,15.000033,41.27661,0.42967382,6.3137116,24.987923,25.215618,-37.93768,45.710144,-0.4965224,0.5592404,5.522424,-93.05755,-36.869465,54.23449,87.47472,51.06838,1.4948831,-6.922025
199,-1.8255932331085205,-7.353196144104004,82.42790985107422,0.36766161563396854,-2.278281009732034,161.16400172869558,-16.208683,-3.668575,-33.952026,8.937342,5.930726,-15.000033,39.751804,-12.682047,-42.25741,6.451949,-0.09384844,15.000033,41.218407,0.4485584,6.234184,24.98337,25.312777,-37.945404,45.64805,-0.46031594,0.49430412,5.427985,-93.05496,-36.694313,54.176197,87.63089,51.221767,1.4801638,-6.9768395
200,-1.8254358768463135,-7.303085803985596,82.41287994384766,0.4187927103003322,-2.4282850434791508,161.24886015796358,-16.04931,-3.7262108,-33.964905,8.9676285,6.0181813,-15.000033,39.927437,-12.652519,-42.187096,6.4845123,-0.19246054,15.000033,41.124763,0.45835322,6.1670628,24.92587,25.373688,-38.044056,45.696827,-0.63816184,0.42496645,5.311479,-92.80255,-36.57185,54.116295,87.59039,51.170834,1.5277232,-6.98481
201,-1.8275134563446045,-7.255960941314697,82.40972900390625,0.4247256356666567,-2.4898326594096902,161.1714259857506,-16.010378,-3.7955487,-34.239304,9.200846,5.80277,-15.000033,39.99969,-12.675864,-42.25197,6.494849,-0.30580932,15.000033,41.099117,0.39491615,6.167025,24.944395,25.446613,-38.071537,45.714603,-0.57094014,0.40131027,5.279736,-92.732635,-36.392616,54.15465,87.65222,51.35024,1.4862598,-6.842797
202,-1.842225193977356,-7.2134175300598145,82.3920669555664,0.46423804994773477,-2.63583546040344,161.27483401734625,-15.880139,-3.9083703,-34.331474,9.335916,5.8526573,-15.000033,40.18933,-12.639369,-42.25539,6.5263925,-0.37887132,15.000033,40.97207,0.41297328,6.175824,24.939058,25.50135,-38.090298,45.76421,-0.57695025,0.2782059,5.217312,-92.6105,-36.22299,54.229958,87.74478,51.186386,1.4658387,-6.7650485
203,-1.8674026727676392,-7.172435760498047,82.41731262207031,0.4247432259642763,-2.6441572609380883,161.31769092335463,-15.7706375,-3.8498013,-34.514458,9.191859,5.927086,-15.000033,40.195473,-12.543282,-42.21273,6.520128,-0.4586308,15.000033,40.944416,0.38064164,6.1415358,24.93047,25.522736,-37.988834,45.873016,-0.6506005,0.19102411,5.205471,-92.59731,-36.1274,54.325485,87.8967,51.20693,1.4563842,-6.7013288
204,-1.9064767360687256,-7.1329345703125,82.46635437011719,0.4238484561768678,-2.556346159891469,161.28708499373099,-15.611249,-3.6882634,-34.53255,8.698247,6.114252,-15.000033,40.05597,-12.476201,-41.945045,6.470385,-0.55570257,15.000033,40.997974,0.33358076,6.049872,24.940205,25.532684,-37.879284,46.038845,-0.566603,0.24969012,5.130783,-92.63145,-36.014294,54.41571,88.004456,51.42775,1.4693329,-6.6120615
205,-1.9633712768554688,-7.098132133483887,82.48786926269531,0.4353389134002672,-2.6082287049031216,161.3354251689395,-15.354348,-3.6366498,-34.63973,8.359878,6.2376575,-15.000033,40.169315,-12.467332,-42.03273,6.4743357,-0.62777203,15.000033,40.929916,0.31519344,6.089838,24.954035,25.537996,-37.812016,46.186996,-0.5615458,0.32112998,5.1417933,-92.64494,-35.902416,54.521294,88.14095,51.609577,1.615945,-6.5585766
206,-2.0362696647644043,-7.067076683044434,82.53726196289062,0.37979058301326635,-2.6812023167571843,161.36411772466897,-15.044287,-3.5328684,-34.84081,8.017278,6.4744954,-15.000033,40.318302,-12.4411125,-42.29471,6.4996333,-0.4609902,15.000033,40.860176,0.34521586,6.071421,24.956198,25.54315,-37.848938,46.390926,-0.6184931,0.3334134,5.0873494,-92.57472,-35.821663,54.594944,88.13883,51.287933,1.702859,-6.5847692
207,-2.122215509414673,-7.039390563964844,82.57675170898438,0.4102316581950514,-2.6618181271761205,161.38175604704517,-14.72324,-3.4486232,-34.99127,7.4080567,6.7607527,-15.000033,40.362415,-12.474928,-42.325436,6.5012064,-0.29280427,15.000033,40.815968,0.35129887,6.073482,25.013819,25.542608,-37.815678,46.552032,-0.86154985,0.3668658,4.914645,-92.55738,-35.759583,54.71184,87.99353,51.036774,1.9282868,-6.4267435
208,-2.2100372314453125,-7.014820098876953,82.63011932373047,0.36600438776898075,-2.6441151249494648,161.45830604370775,-14.651694,-3.3966115,-34.92399,7.3452244,6.786192,-15.000033,40.41319,-12.414436,-42.452316,6.498798,-0.18695225,15.000033,40.769936,0.37994906,6.0205812,25.061747,25.539288,-37.742725,46.694748,-1.0296865,0.39821598,4.8722515,-92.580696,-35.69868,54.793842,88.03731,50.92538,2.0417225,-6.484907
209,-2.297199010848999,-6.991183757781982,82.70057678222656,0.24600685986714962,-2.5192028152781547,161.48887338293616,-14.699092,-3.2861712,-35.011585,7.3272524,6.649786,-15.000033,40.31715,-12.299068,-42.574936,6.4906855,-0.23942973,15.000033,40.798794,0.4202345,5.938304,25.082666,25.53898,-37.70452,46.816162,-1.0773613,0.37538382,4.8628626,-92.71524,-35.686317,54.81886,88.10946,50.76204,2.0449607,-6.4809837
210,-2.382155418395996,-6.968691349029541,82.72937774658203,0.23276167969372064,-2.5000226797194784,161.5348778350333,-14.644443,-3.2879868,-34.96514,7.321917,6.664917,-15.000033,40.343212,-12.263647,-42.543633,6.487196,-0.24042198,15.000033,40.768997,0.48617193,5.876572,25.140604,25.543938,-37.69608,46.857014,-1.0528445,0.37724596,4.8559,-92.69084,-35.650036,54.851223,88.00608,50.598164,2.0514238,-6.5213075
211,-2.4581902027130127,-6.942501544952393,82.77194213867188,0.2232402601849055,-2.397761184170062,161.59653339054847,-14.704405,-3.2369971,-34.73903,7.2885714,6.6649413,-15.000033,40.24472,-12.183499,-42.39448,6.46113,-0.3155143,15.000033,40.767696,0.52690226,5.786571,25.258316,25.557846,-37.55049,46.803734,-1.1461409,0.2795483,4.8462577,-92.729256,-35.591618,55.003418,87.988594,50.198914,2.0966334,-6.464093
212,-2.5280983448028564,-6.914900302886963,82.79977416992188,0.22425540283208906,-2.3823050423285235,161.640514997172,-14.674397,-3.1957765,-34.514847,7.2728763,6.7880874,-15.000033,40.26573,-12.155692,-42.372997,6.4604893,-0.3089796,15.000033,40.775536,0.53247994,5.7325463,25.282743,25.564413,-37.50371,46.83757,-1.329716,0.1506379,4.9886737,-92.668915,-35.57191,55.02617,87.94331,50.13273,2.1078777,-6.5189323
213,-2.590343475341797,-6.8823933601379395,82.83573150634766,0.1885224683205033,-2.30360424435475,161.6839886651781,-14.72471,-3.0694292,-34.21206,7.229147,6.7654347,-15.000033,40.196926,-12.066506,-42.301563,6.4396677,-0.4072949,15.000033,40.750824,0.5284191,5.678568,25.32294,25.587519,-37.456867,46.814957,-1.4661957,0.26349676,4.9239187,-92.72984,-35.538254,55.08307,87.93751,50.39825,2.1753292,-6.5587325
214,-2.652949571609497,-6.8476080894470215,82.83869171142578,0.19287113632429057,-2.339378075477721,161.61251238892743,-14.596269,-3.0506167,-34.171455,7.2339044,6.6976743,-15.000033,40.229465,-12.056039,-42.105705,6.4198165,-0.41128197,15.000033,40.846867,0.5468733,5.65621,25.345741,25.610394,-37.36178,46.88761,-1.4037497,0.22896905,5.1813793,-92.678665,-35.503235,55.128544,87.97554,50.844265,2.1188946,-6.55617
215,-2.7178335189819336,-6.805805683135986,82.84259796142578,0.25373982995351607,-2.342763627654532,161.71279040257045,-14.55837,-3.0902503,-33.94794,7.2294006,6.7813015,-15.000033,40.295094,-12.051796,-42.12536,6.4426737,-0.37463504,15.000033,40.810715,0.5703883,5.661734,25.34932,25.633657,-37.295235,46.892445,-1.5815077,0.076543614,5.1290913,-92.640526,-35.476093,55.19396,87.897865,50.54851,2.1272182,-6.520716
216,-2.7832887172698975,-6.7602691650390625,82.89105224609375,0.2040629752566049,-2.29919783702425,161.68431607586638,-14.518814,-3.0086088,-33.99196,7.214927,6.7712884,-15.000033,40.26122,-11.990385,-42.088318,6.4274526,-0.33813354,15.000033,40.835255,0.5465278,5.6195364,25.402224,25.690239,-37.215202,46.91131,-1.5459969,0.09224973,5.0340185,-92.667244,-35.405426,55.22111,87.96419,50.74972,2.133289,-6.5186696
217,-2.8492658138275146,-6.707607269287109,82.94684600830078,0.15420288343737226,-2.226777888392513,161.66837190510208,-14.536023,-2.8438978,-33.74609,7.184458,6.7426457,-15.000033,40.172173,-11.899634,-41.947983,6.413904,-0.3304773,15.000033,40.83137,0.53749686,5.5503836,25.473852,25.71923,-37.09449,46.911858,-1.6504347,0.012343285,5.0816655,-92.65942,-35.36924,55.263702,87.8049,50.934654,2.0929427,-6.569887
218,-2.9192869663238525,-6.65117883682251,82.9762191772461,0.11730251166006668,-2.141775844674158,161.7809312989055,-14.588948,-2.7499876,-33.493134,7.1715975,6.662806,-15.000033,40.12448,-11.749282,-41.89766,6.3818502,-0.29700089,15.000033,40.809048,0.5317906,5.502754,25.531414,25.801027,-36.9153,46.774574,-1.6208415,0.04070808,5.153175,-92.79721,-35.304817,55.354942,87.98323,51.20262,2.1597304,-6.6810274
219,-2.988269090652466,-6.587680339813232,83.01580047607422,0.10677052998187718,-2.08079307131491,161.77930471744068,-14.595449,-2.6332428,-33.21521,7.156701,6.782794,-15.000033,40.0965,-11.706728,-41.921444,6.3707542,-0.20512599,15.000033,40.804554,0.4767029,5.475729,25.629448,25.883678,-36.722874,46.65279,-1.7038374,-0.037889224,5.352257,-92.824486,-35.24232,55.3968,87.94906,51.50964,2.1531641,-6.733132
220,-3.0546469688415527,-6.516313552856445,83.03018188476562,0.21606067360479564,-1.9472225927774445,161.76987100340642,-14.676167,-2.6691093,-33.024906,7.1422315,6.8513374,-15.000033,40.033504,-11.776675,-42.00736,6.3401012,-0.32003066,15.000033,40.84737,0.38059312,5.4382477,25.738718,25.97717,-36.443996,46.503887,-1.7392615,-0.0035047473,5.3264647,-92.82872,-35.17276,55.55938,87.77008,51.180065,2.244429,-6.7238584
221,-3.1217691898345947,-6.4431867599487305,83.02384948730469,0.30304602524849256,-1.8990658681261678,161.7128769709051,-14.626564,-2.7414675,-33.090103,7.1530657,6.8139787,-15.000033,40.039993,-11.842848,-41.996773,6.3237405,-0.4019053,15.000033,40.90938,0.32070038,5.4726124,25.851427,26.083246,-36.180046,46.266933,-1.7027395,0.0801142,5.349247,-92.90347,-35.09474,55.663597,87.693275,51.47595,2.2994576,-6.8181915
222,-3.18500018119812,-6.364645004272461,83.02234649658203,0.41056381471315206,-1.8331317683518245,161.68726812620272,-14.629335,-2.772706,-32.9133,7.154655,6.788115,-15.000033,40.049976,-11.93443,-42.119648,6.333373,-0.4526926,15.000033,40.911316,0.2286612,5.500267,25.942657,26.191366,-35.98639,46.056896,-1.8594897,0.016574414,5.296372,-92.89103,-35.01113,55.793243,87.47899,51.13146,2.4317489,-6.6991835
223,-3.2426352500915527,-6.285571098327637,83.03253936767578,0.46903526125267986,-1.7719290148239275,161.59664838578112,-14.60857,-2.757406,-32.884018,7.1657715,6.8197784,-15.000033,40.01914,-11.99549,-42.118153,6.3348455,-0.58008176,15.000033,40.882095,0.11683419,5.537368,26.13552,26.318264,-35.754585,45.67831,-1.795631,0.08840951,5.347357,-92.89979,-34.899967,55.94351,87.237755,51.345703,2.4156141,-6.580358
224,-3.2940335273742676,-6.2048516273498535,83.0435791015625,0.5405968202431904,-1.59151402173704,161.52034285813525,-14.751915,-2.6528711,-32.426407,7.146396,6.7207994,-15.000033,39.853107,-12.044427,-42.069378,6.316645,-0.7360233,15.000033,40.838226,0.05595352,5.494204,26.27129,26.444746,-35.68958,45.26362,-1.8132197,0.13104376,5.615383,-92.97694,-34.772526,56.062553,86.83099,51.40726,2.5121531,-6.5748568
225,-3.34124493598938,-6.125339031219482,83.0796127319336,0.5535486786747477,-1.5724122853182727,161.35008223614656,-14.681062,-2.5267854,-32.23767,7.149757,6.7773743,-15.000033,39.924515,-12.194663,-42.576523,6.3555946,-0.7939573,15.000033,40.842052,0.034988414,5.5298414,26.539495,26.532345,-35.279816,44.73083,-1.8962928,0.11612146,5.637748,-92.960144,-34.64944,56.177803,86.4213,51.34195,2.5984309,-6.49305
226,-3.3678605556488037,-6.041866302490234,83.07518005371094,0.6003607578306616,-1.5569774116051847,161.36300124891144,-14.657831,-2.518186,-32.27757,7.1534333,6.739681,-15.000033,39.982536,-12.20544,-42.782135,6.359036,-0.84651285,15.000033,40.858116,-0.00080132665,5.442411,26.704956,26.622007,-34.90048,43.851936,-1.9680959,0.21944048,5.571997,-92.864334,-34.55318,56.34064,86.396,50.942764,2.6577895,-6.471202
227,-3.3792881965637207,-5.958498477935791,83.0656509399414,0.6688573869012903,-1.4692058102757664,161.20477499446358,-14.699668,-2.4269476,-32.00611,7.1505785,6.629004,-15.000033,39.896797,-12.286693,-42.776306,6.3392744,-0.9782684,15.000033,40.961685,0.013266033,5.4023247,26.92602,26.70038,-34.453007,42.81357,-2.1414342,0.13583696,5.8406067,-92.88988,-34.452896,56.424427,86.123886,50.96887,2.7720027,-6.4794016
228,-3.368506669998169,-5.871312141418457,83.06303405761719,0.7236771949097123,-1.399734989568643,161.08829387285783,-14.735321,-2.3663177,-31.965445,7.1562486,6.620883,-15.000033,39.750587,-12.273447,-42.41702,6.3151217,-1.0239841,15.000033,40.97589,-0.047434714,5.3817177,27.138878,26.84611,-34.055103,41.411602,-2.09691,0.14951748,6.2673993,-92.97782,-34.25903,56.469448,86.157486,51.470795,2.877713,-6.5373654
229,-3.3351757526397705,-5.782066345214844,83.06246948242188,0.7317536952613434,-1.3339014913801124,161.05983761033613,-14.822751,-2.2362125,-31.825262,7.1596956,6.5887985,-15.000033,39.66624,-12.230551,-42.438847,6.3270636,-1.2871226,15.000033,40.9827,-0.017396487,5.345532,27.442284,26.977385,-33.455677,39.370003,-2.1240964,0.17349267,6.428395,-93.10065,-34.103836,56.47324,86.19664,51.51214,2.9290535,-6.591328
230,-3.2832820415496826,-5.691112041473389,83.05786895751953,0.6996833865744255,-1.4107823280781866,161.12309277071998,-14.792647,-2.0744753,-31.680155,7.1698627,6.6681957,-15.000033,39.775307,-12.126208,-42.638924,6.3452163,-1.2632303,15.000033,40.885204,0.06359745,5.3151956,27.734707,27.117718,-32.74558,36.81536,-2.1295452,0.22662124,6.571043,-93.085106,-33.9766,56.343742,86.224266,51.195305,2.8859756,-6.6608195
231,-3.219484806060791,-5.595226287841797,82.97793579101562,0.857992394670485,-1.580201860925909,161.1412316850852,-14.634593,-2.223915,-31.846483,7.231723,6.8019457,-15.000033,39.9375,-12.175817,-42.46238,6.3934507,-1.3049128,15.000033,40.76637,0.13868551,5.3810253,27.711987,27.312721,-32.429268,34.175846,-2.0130954,0.16475788,6.9302106,-92.97768,-33.812397,56.311543,86.120026,51.359337,2.947668,-6.8233976
232,-3.146496295928955,-5.496621131896973,82.94872283935547,0.9502805711535441,-1.6638660748801222,161.19689524945534,-14.622087,-2.1405313,-31.501049,7.2282557,7.0353665,-15.000033,40.052265,-12.197914,-42.641174,6.4366493,-1.3159375,15.000033,40.637695,0.27161512,5.2736645,28.034231,27.530603,-31.602478,30.783384,-2.0027108,0.10745626,6.838664,-92.787766,-33.650696,56.226017,85.88602,50.516727,2.8652012,-7.0624843
233,-3.079916477203369,-5.401054382324219,82.93569946289062,0.9875221748487546,-1.800343515281445,161.22212913098693,-14.4909725,-2.1439958,-31.675182,7.2585306,7.184265,-15.000033,40.177647,-12.155524,-42.66225,6.4592648,-1.3197778,15.000033,40.53324,0.39459595,5.215399,28.16072,27.752138,-30.861618,27.309263,-1.927998,0.015692143,7.0636516,-92.72689,-33.50101,56.08675,86.0577,50.990253,2.7987373,-7.2519827
234,-3.0191903114318848,-5.301454067230225,82.84732055664062,1.2141660677448713,-2.0556296590849534,161.24929745358173,-14.277883,-2.2119312,-31.272781,7.2932234,7.2242393,-15.000033,40.48597,-12.305301,-42.756542,6.4997673,-1.3068615,15.000033,40.26894,0.44431767,5.218566,28.220121,28.037643,-30.246498,23.942526,-1.458384,-0.119550675,7.199533,-92.40053,-33.325703,55.927,85.909645,50.848297,2.7817924,-7.402953
235,-2.9796078205108643,-5.205976486206055,82.84684753417969,1.2312359198153302,-1.9698710714162928,161.12150070312902,-14.384784,-1.9897677,-30.874226,7.2921314,7.159038,-15.000033,40.335224,-12.286775,-42.601696,6.4438176,-1.2813778,15.000033,40.21799,0.5364734,5.0323215,28.607777,28.310938,-29.093946,20.249458,-1.60393,-0.4880417,7.568847,-92.373405,-33.188103,56.00091,85.94402,50.23123,2.7838974,-7.500645
236,-2.9695839881896973,-5.111446857452393,82.84371948242188,1.19938451809425,-1.9842199603927164,161.11407787816148,-14.5581665,-1.8676944,-30.549177,7.720287,6.8638144,-15.000033,40.325363,-12.205132,-42.523884,6.4315968,-1.2812928,15.000033,40.00886,0.65792555,4.876269,28.835514,28.619457,-27.980953,16.247524,-1.2189842,-0.0715229,7.6571503,-92.40617,-33.071026,55.714405,86.120804,50.744953,2.6943583,-7.9350743
237,-2.992314100265503,-5.0122599601745605,82.84197235107422,1.2034614798115304,-1.9938159671616031,160.94376240703355,-14.715497,-1.7721864,-30.163172,8.275626,6.574354,-15.000033,40.29354,-12.248341,-42.389168,6.4133415,-1.3739952,15.000033,39.83046,0.73261124,4.7102275,29.251574,28.907784,-26.876995,12.112238,-1.0794507,-0.3123863,8.129467,-92.33025,-32.969994,55.562275,86.1351,51.167313,2.6184695,-8.15189
238,-3.046200752258301,-4.895639896392822,82.83021545410156,1.283393684836503,-2.0068138454535145,160.716896265324,-15.036746,-1.7465303,-29.450668,9.260668,6.0790215,-15.000033,40.30523,-12.422533,-42.3196,6.4111547,-1.439781,15.000033,39.532593,0.78718543,4.633421,29.509766,29.198093,-25.351736,7.3272667,-0.860727,0.05209378,8.028276,-92.27536,-32.87883,55.46718,85.96725,51.124695,2.5697238,-8.2802515
239,-3.126843214035034,-4.751119613647461,82.8008041381836,1.4235375832930466,-1.8625848273042052,160.50850261466732,-15.587867,-1.7405188,-28.4481,10.38709,5.5658264,-15.000033,40.22304,-12.634682,-42.45146,6.3570337,-1.6003034,15.000033,39.294586,0.8100543,4.4964676,29.857944,29.449512,-23.737862,2.2865539,-0.9721809,-0.2236162,8.530898,-92.30436,-32.833122,55.50152,85.95419,50.517544,2.5240183,-8.23196
240,-3.2290215492248535,-4.562036037445068,82.85090637207031,1.4447860503545218,-1.4531249764405265,160.17860392755142,-16.49696,-1.3509686,-26.891245,11.671451,5.143575,-15.000033,39.79264,-12.800765,-42.503204,6.290271,-1.6259489,15.000033,38.990814,0.8028449,4.38241,29.91806,29.62732,-21.880302,-3.8157315,-1.0205623,0.2137901,8.4057665,-92.68224,-32.812595,55.275745,85.828964,50.174034,2.6556063,-8.558405
241,-3.347506284713745,-4.3175554275512695,82.86225128173828,1.669490886207306,-1.1898129574055418,159.58095783622215,-16.926514,-1.1217242,-25.71426,12.581425,4.803371,-15.000033,39.52149,-13.203598,-42.23711,6.089791,-1.6632172,15.000033,38.622883,0.7372503,4.3460865,29.588453,29.706882,-20.291077,-10.213743,-1.0582838,0.26368037,8.856856,-92.699196,-32.77094,55.3467,85.19838,49.49616,2.6358953,-8.599784
242,-3.460618495941162,-4.004889488220215,82.94727325439453,1.6197961035686523,-0.8287902502298327,159.24835692188728,-17.435167,-0.41930553,-24.429165,13.202036,4.672812,-15.000033,39.14243,-13.28322,-42.30933,5.978207,-1.6670915,15.000033,38.006153,0.6957064,4.3704634,28.71562,29.744349,-18.151192,-17.61076,-1.1761765,0.47550127,8.94063,-93.06723,-32.72747,55.275978,84.66612,48.68045,2.5941312,-8.819138
243,-3.562206506729126,-3.6125328540802,83.04527282714844,1.6946220009536224,-0.19860829594350643,158.6061050129021,-17.992302,0.5621493,-22.516768,13.429624,4.587077,-15.000033,38.361935,-13.519828,-41.766445,5.7132072,-1.3135873,15.000033,37.392155,0.61859494,4.5171547,26.40928,29.649952,-15.833302,-25.959908,-1.3213834,1.0638373,9.369366,-93.77125,-32.67456,54.93835,83.549774,48.8804,2.5177915,-9.452626
244,-3.6376469135284424,-3.157543420791626,83.06571197509766,1.9361949576487891,0.0858005599324307,157.96103156870657,-18.500635,1.4175375,-20.12644,14.432087,4.604034,-15.000033,37.930656,-14.195677,-41.808613,5.8540053,-1.2363564,15.000033,36.327396,0.3314038,4.9884987,21.830204,29.494654,-11.9363575,-34.73687,-0.8904326,0.96540767,9.092753,-94.21079,-32.607513,54.762356,82.30123,47.748806,1.9454864,-9.813631
245,-3.6978602409362793,-2.6321358680725098,83.14813995361328,2.2027046879342915,0.3774898120729706,157.26512819587558,-18.411772,2.5124457,-17.913216,14.275082,4.6558084,-15.000033,37.41922,-14.6852045,-41.195072,5.7331495,-1.1954795,15.000033,34.910225,0.16161968,5.374131,17.145622,29.210903,-9.838058,-39.358402,-0.48031783,1.3449391,11.705638,-94.63248,-32.49746,54.72026,81.25402,49.420757,1.8035004,-9.272084
246,-3.7414755821228027,-2.0686280727386475,83.11351776123047,2.6327307522350436,0.4476221717101542,156.9836671797901,-18.368408,3.4606361,-15.022307,14.5351715,5.737171,-15.000033,37.471657,-15.022554,-41.283115,5.2044764,0.39200947,15.000033,33.8793,0.18786578,5.5757494,6.0514455,28.874182,-6.459341,-44.208805,-2.3929431,2.3127477,13.753932,-94.79419,-32.341732,53.61609,79.6986,49.814198,1.9899642,-10.847547
247,-3.7779624462127686,-1.4904849529266357,83.25537109375,2.324597914854652,0.8302225109626353,156.76875733819384,-18.365929,5.3595443,-12.117843,14.100148,5.742475,-15.000033,36.643166,-14.685025,-40.231667,5.3746133,1.4926374,15.000033,32.14654,0.78220135,5.6168504,-6.856954,28.750864,-5.7832365,-44.69751,-3.2353861,3.767894,16.384153,-95.48561,-32.006477,52.02491,77.69568,50.485207,2.018601,-11.0173855
248,-3.7941110134124756,-0.8826464414596558,83.41996002197266,2.283257615859786,1.9535871498240012,155.84414484465108,-18.943884,7.000762,-9.649679,13.735113,5.9767895,-14.774393,35.089832,-14.879601,-39.180107,5.171166,1.9724032,15.000033,31.46014,0.66104305,5.342771,-18.876469,28.490269,-4.221294,-42.75283,-3.839536,5.185892,19.333601,-96.39361,-31.747478,50.85972,76.64321,49.94924,1.768912,-11.41528
249,-3.8000710010528564,-0.2824000418186188,83.45889282226562,2.2890418785049746,2.112555114656576,154.91829275453168,-18.900208,8.017376,-8.630332,14.372179,6.299337,-14.733988,34.668835,-15.328349,-38.80223,5.043201,2.8991172,15.000033,30.748007,0.7255927,5.140205,-29.776539,28.268147,-1.9671755,-40.17032,-4.248973,6.8132405,19.827404,-96.562836,-31.611404,49.568855,76.00475,49.509098,1.5412996,-11.642798
250,-3.8038504123687744,0.30679982900619507,83.54216766357422,2.1129686397833716,2.5527851108501816,153.8729259593692,-19.04694,9.250356,-7.6828456,14.84588,6.4656568,-14.729184,33.841576,-15.677124,-38.282715,4.9351645,4.0088673,15.000033,30.390738,0.94695276,5.0394225,-39.125793,28.351015,-0.24868886,-37.049488,-4.521505,7.344951,21.988188,-97.23343,-31.518127,47.95694,75.021614,48.699875,1.8117654,-12.120546
251,-3.805028200149536,0.8827006220817566,83.42962646484375,2.455142229353375,3.1503546020876603,153.05393327129497,-19.720364,10.260679,-5.391265,16.095493,6.841683,-14.756045,33.08489,-16.47594,-38.067513,4.755248,4.8127995,15.000033,29.878202,1.1706289,5.0124135,-45.988277,28.724546,1.5932705,-35.62358,-4.360336,7.1982713,22.923878,-97.6971,-31.523678,46.47216,73.41956,47.091423,1.7435739,-13.004609
252,-3.8200910091400146,1.413232684135437,83.398193359375,2.4486757673063644,3.6742559104947485,151.9146321045421,-20.509212,11.469743,-3.8541307,17.924648,6.7671,-14.600988,32.212486,-17.202772,-37.910477,4.748151,5.3204412,15.000033,29.32962,1.3925909,5.4600096,-53.465424,29.369574,3.4112706,-32.94375,-4.163877,6.4142766,25.780287,-99.33964,-31.619314,44.963017,71.589676,46.267246,1.3002242,-14.071621
253,-3.8480348587036133,1.8966717720031738,83.47863006591797,2.152244828920969,4.266637419935567,151.25427217525723,-20.9762,12.525957,-3.3971803,18.471973,6.809778,-14.519368,31.534855,-17.072824,-37.647987,3.8446705,6.2991962,15.000033,29.270617,1.8328065,5.7604604,-60.76601,30.464851,4.934134,-29.776361,-4.937233,6.6224837,26.800474,-102.37633,-31.827496,43.3222,70.001465,46.151794,1.3361865,-15.61878
254,-3.90461802482605,2.3154075145721436,83.45027923583984,1.8589153754301009,4.901160416842906,150.46995774983895,-21.56999,13.623695,-2.750728,19.294146,6.173922,-14.393841,30.365852,-17.511667,-37.466476,4.598279,6.285234,15.000033,28.854221,2.1492105,6.2437506,-66.039734,32.452267,5.6494284,-26.968866,-5.356145,6.7507334,26.96965,-105.75616,-32.31904,41.88527,68.1671,45.623196,0.97640246,-16.354221
255,-3.9894323348999023,2.6728227138519287,83.32148742675781,1.859991695651672,5.1684363644542985,149.5729992225009,-22.3538,14.241118,-2.3787487,21.453316,5.3001704,-14.121623,29.605371,-18.3,-37.420193,5.406085,5.2983203,15.000033,28.208754,2.0531292,7.196689,-73.963646,34.86388,5.2261524,-22.322777,-6.7784824,7.2296543,27.444498,-109.159966,-32.96835,40.523052,65.61988,45.553276,0.38791624,-17.60814
256,-4.123278617858887,2.9777612686157227,83.2306900024414,1.9051798290828135,5.564035434274677,148.97758064740694,-22.80365,14.364064,-2.7793665,22.415834,4.947331,-14.050557,29.217075,-18.605055,-37.744858,5.116999,5.4532895,15.000033,27.822474,2.1194546,8.165721,-81.10873,37.734154,4.64639,-17.153326,-8.029409,7.429129,27.597864,-112.86664,-33.82772,39.367733,62.737183,44.330833,0.063229874,-18.755919
257,-4.323376178741455,3.2163608074188232,83.249267578125,1.5479670709544928,6.109391087049948,148.39749767084135,-23.363066,14.952932,-2.9648201,23.225689,4.646694,-13.995678,28.404308,-18.619503,-38.013885,5.435381,4.933111,15.000033,27.577602,2.252208,9.4254,-88.91671,40.523815,1.9092833,-10.325152,-7.460614,8.041056,27.568754,-116.80509,-34.637066,38.487278,60.11271,45.187984,-0.49525356,-19.962389
258,-4.589868545532227,3.381472110748291,83.3277587890625,1.5958217012181675,7.267487949638852,147.5373151314949,-23.752235,15.166183,-2.4943922,22.759418,5.4706397,-13.9862,27.179626,-19.147514,-38.42703,5.3255596,5.3691473,15.000033,27.233952,1.6644751,10.602262,-97.935196,43.715225,-2.5317745,-2.0400867,-8.701577,7.7198243,27.460285,-120.36223,-35.600067,36.98326,56.76913,44.753185,-1.0097561,-21.667917
259,-4.96014928817749,3.447232484817505,83.35818481445312,1.319077168802058,7.255611152774807,147.25856971722573,-23.912544,14.881308,-3.8512788,23.806725,6.125755,-14.870761,28.923801,-17.899815,-40.029396,1.399344,7.9266543,15.000033,26.174358,0.868171,12.61801,-110.77381,47.343792,-10.638643,9.637138,-12.064584,6.9070287,26.807571,-121.74981,-36.686916,34.682064,54.330826,45.086224,-2.0588,-23.721203
260,-5.441988468170166,3.385700225830078,83.4605484008789,1.0773008887400484,9.294423302093959,145.96669698957368,-25.206476,15.505856,-2.6057415,23.650677,5.55491,-13.818012,25.638947,-19.179354,-39.20992,3.8880026,6.5121846,15.000033,24.093006,-0.8005154,14.36708,-120.374306,49.766266,-18.849737,17.93516,-15.361522,7.501644,25.910728,-121.471794,-37.321396,33.080364,50.924664,45.64582,-0.8239611,-22.522074
261,-6.025487899780273,3.1873114109039307,83.34062957763672,1.183153773615312,10.1287626934824,144.6121900168533,-25.811653,15.054366,-2.6514294,24.894827,5.3370805,-14.453393,24.728739,-20.077827,-38.883724,3.8851557,6.0902915,15.000033,22.50916,-1.7413685,16.518124,-129.79279,51.394608,-27.111017,26.14127,-19.296719,6.2955017,24.405727,-122.67442,-37.661533,32.25605,49.032433,43.86983,-1.127058,-22.9591
262,-6.71763277053833,2.819763660430908,83.50031280517578,0.28344003399158996,11.175673999939555,143.47104874337236,-26.663582,15.669611,-2.3869112,25.629448,4.4063025,-14.305203,23.208052,-20.111513,-38.433716,4.6799426,5.566057,15.000033,20.556278,-2.9389846,18.364017,-136.21016,52.247894,-36.310524,34.2428,-23.599339,6.689618,22.93117,-123.85261,-37.56751,32.943855,48.603798,44.887585,-0.370691,-22.202112
263,-7.499726295471191,2.326122522354126,83.8612289428711,-1.064440519513376,11.695586557057537,142.86896630544953,-26.922815,16.03197,-3.4329638,25.604126,4.245801,-14.244172,22.4347,-19.450396,-38.476814,5.092924,5.8674827,15.000033,19.616972,-3.5104978,19.79354,-139.24403,52.203728,-43.780552,41.21926,-26.721668,8.141532,20.016169,-125.67363,-37.100723,35.8505,52.495956,47.823242,0.009707479,-20.772104
264,-8.32944393157959,1.759793758392334,84.1229019165039,-2.656040441916194,12.230581591270239,141.98761307528878,-27.48364,16.791042,-4.0620522,26.255363,3.4198403,-14.561765,21.46886,-18.82625,-38.24532,5.5951176,6.7803397,15.000033,18.850563,-4.185751,21.041304,-142.04056,51.397644,-51.90246,49.018238,-31.640043,9.409726,16.402296,-127.61104,-36.072243,41.542603,58.027344,48.74618,1.9988697,-18.226122
265,-9.189568519592285,1.1790374517440796,84.51829528808594,-3.911819290338387,12.883165280351694,141.63961132962223,-26.868412,17.048273,-4.3500767,24.03465,4.30055,-15.000033,20.888758,-18.236525,-38.5181,5.63527,9.370044,15.000033,18.221786,-4.319777,22.059868,-144.21925,50.283493,-60.490993,56.193253,-33.456432,10.374805,11.473352,-129.33014,-34.906258,48.414593,64.380516,46.922222,3.3213582,-14.914919
266,-9.956872940063477,0.6586886644363403,84.60929107666016,-5.733604134769721,13.782093440524687,140.22214894433924,-27.74302,18.709156,-3.6704824,24.717976,2.4506319,-15.000033,20.497183,-16.550415,-36.870823,3.0779521,10.887371,15.000033,17.16543,-5.3752604,22.424643,-143.89479,48.95835,-67.72412,60.811172,-30.39699,11.424765,7.5414658,-129.58224,-33.619907,54.643913,69.75688,46.252613,4.8300295,-10.236081
267,-10.663451194763184,0.22030581533908844,84.76321411132812,-7.001419671211115,14.197212149586298,139.3365546088341,-28.33029,19.497213,-3.6614516,25.598976,1.7664857,-15.000033,20.072058,-16.216993,-36.304764,3.3059504,13.133603,15.000033,16.547462,-6.104799,23.037645,-145.48782,47.461952,-72.61164,64.697876,-32.791767,11.274926,5.4756746,-130.11862,-32.182106,58.006527,73.27686,46.772552,5.4511847,-8.739826
268,-11.267645835876465,-0.10194455087184906,84.89669036865234,-7.594340077618736,14.794571081742003,138.3705106644762,-28.515814,19.722094,-3.2404609,25.58497,1.7734447,-15.000033,19.096725,-16.795872,-36.013077,4.5073404,14.145334,15.000033,16.032747,-6.8331056,23.409933,-146.35475,45.60626,-74.04097,66.910065,-33.87814,10.729054,5.834814,-130.91798,-30.446857,58.656174,75.45588,48.190876,4.6950884,-8.605431
269,-11.767790794372559,-0.3149830400943756,84.9211654663086,-8.023268157532408,14.972918422821142,137.84897556803432,-28.674465,19.664888,-3.5455813,26.187891,1.4425536,-15.000033,18.968945,-17.080048,-36.504055,5.030335,15.172165,15.000033,15.837159,-7.167178,23.650272,-146.85396,44.24973,-74.09905,68.08372,-34.873875,10.04021,6.87165,-131.6059,-29.226715,58.797367,76.86202,49.43929,3.7226603,-8.867941
270,-12.153234481811523,-0.4163582921028137,84.9909439086914,-8.43991320489727,15.313760885124994,136.51077603587342,-28.49862,20.239332,-2.6201196,26.25252,1.400731,-15.000033,18.645601,-17.235117,-36.77188,4.420045,17.163212,15.000033,15.639465,-7.675879,23.742428,-147.17056,42.979774,-74.100624,69.43279,-35.522797,9.627661,7.459799,-132.41667,-28.07613,58.211624,77.515854,49.5389,3.668374,-9.268576
271,-12.466695785522461,-0.4493239223957062,85.14459991455078,-9.155174696769818,15.732265956031698,135.9329916545069,-28.48881,21.051561,-2.064753,25.741789,1.3581293,-15.000033,18.165123,-17.038315,-37.554962,4.8018193,17.8497,15.000033,15.459871,-8.131388,23.970596,-147.36826,41.42932,-74.366,70.38854,-34.40662,9.447807,7.9867635,-133.72603,-26.75831,58.14588,79.33216,50.438114,2.9884498,-9.829324
272,-12.705623626708984,-0.40553462505340576,85.15389251708984,-9.659758834190125,15.754666591121776,135.29492123515882,-28.612627,21.663307,-1.971665,26.498505,0.65517247,-15.000033,18.326044,-16.821436,-37.920444,4.4110613,18.19817,15.000033,15.350757,-8.518786,24.153175,-147.60486,40.542065,-74.2808,70.70847,-35.110474,8.994232,8.478278,-134.32549,-26.016323,57.72657,79.772606,50.745224,2.4452996,-11.046008
273,-12.898402214050293,-0.30464011430740356,85.04322052001953,-9.795634951913671,15.510144177223674,134.96017196298985,-28.449297,21.921173,-1.8058311,27.326784,-0.074168324,-15.000033,18.864134,-16.802343,-38.654137,4.029948,19.115807,15.000033,15.184611,-8.971618,24.353943,-147.70782,38.976173,-74.06061,71.87759,-35.931416,8.293566,9.513256,-135.2655,-24.741505,56.9852,81.10466,50.634315,2.3253717,-11.389871
274,-13.054302215576172,-0.1399836242198944,85.09820556640625,-10.421507363225203,15.509940741048103,134.17213746463057,-28.7138,23.105997,-1.224753,28.40434,-0.65485793,-15.000033,18.69847,-16.54729,-39.279385,4.0120616,19.815674,15.000033,15.04765,-9.212158,24.394106,-148.10011,37.83715,-74.33649,72.99378,-35.84829,8.162418,9.689619,-136.0323,-23.830244,56.49659,81.29867,49.91456,2.0506582,-12.336641
275,-13.18098258972168,0.0707884356379509,84.91370391845703,-10.408581516406144,15.977086783276782,133.84655200386345,-29.074123,23.63871,-0.21626611,28.862633,-1.3381058,-14.954628,18.408464,-16.841217,-40.36843,4.078842,19.635777,15.000033,15.044715,-9.845762,24.458136,-148.33638,37.05922,-73.80319,73.433395,-37.142693,7.710029,10.373416,-137.14879,-23.2772,55.880905,82.087425,50.740105,1.7878602,-13.007828
276,-13.289201736450195,0.3173772692680359,84.81153106689453,-10.588759844008015,16.25976104729457,133.16642616499473,-29.374866,24.676535,1.1864355,29.751278,-1.867514,-14.627359,17.971458,-16.92391,-40.582016,4.0641227,20.291103,15.000033,14.997532,-10.327019,24.473907,-148.29678,36.54508,-73.37735,73.661934,-38.49477,7.150236,11.436905,-137.69017,-22.904842,55.16845,81.51545,51.13608,1.356082,-14.424143
277,-13.400371551513672,0.5757045745849609,84.75811767578125,-10.841165153706603,16.615612894488155,132.5215037632653,-29.420515,25.60333,2.3207452,29.921516,-2.3187578,-14.43846,17.3761,-17.118694,-41.004726,4.49952,20.091597,15.000033,14.988231,-10.952595,24.472914,-148.22804,36.05307,-72.58517,73.537254,-37.566906,6.7720184,12.494914,-138.29892,-22.556583,54.821644,81.55596,51.493324,1.0383745,-14.750078
278,-13.508522033691406,0.8339681625366211,84.69719696044922,-10.897599248857723,16.68866728992242,131.87181666514996,-29.496277,25.691608,1.9710556,30.654175,-2.8621664,-14.151607,17.314066,-17.304478,-41.313103,4.263096,20.314009,15.000033,15.181065,-11.387915,24.563063,-148.18893,35.722733,-72.45115,73.61835,-37.08761,6.664131,12.180212,-138.54008,-22.306767,54.586697,81.040245,50.823387,1.1471729,-14.63836
279,-13.624927520751953,1.070466160774231,84.5840835571289,-10.73981132974025,17.097228764708408,131.64962895151032,-29.30266,25.403912,1.829262,30.041828,-2.7089849,-14.744,17.163748,-17.713213,-42.389378,4.374515,20.661554,15.000033,15.085148,-11.923712,24.672762,-148.98747,35.32715,-71.943016,74.12231,-39.52249,6.468628,11.75822,-139.42314,-22.007223,54.021942,80.89379,50.266743,1.4041959,-14.966175
280,-13.699179649353027,1.261988878250122,84.42315673828125,-11.096394221567465,17.345569907616966,130.86196296167253,-29.93044,26.43819,2.6162689,31.47113,-4.08199,-14.299718,16.602432,-17.53827,-41.62232,4.267922,19.810867,15.000033,15.275072,-12.401171,24.415777,-148.33449,34.988686,-71.62851,73.70504,-37.04071,6.123755,12.992719,-139.82896,-21.77123,54.03738,81.45047,49.82864,1.0625284,-14.456571
281,-13.77576732635498,1.4076828956604004,84.36894989013672,-11.308127998913063,17.589137180146093,130.29036078103078,-30.21444,26.961264,2.9916246,32.044693,-4.5398674,-14.047507,16.238462,-17.503168,-41.480896,4.109209,19.716883,15.000033,15.181002,-12.759646,24.413849,-148.37534,34.701015,-71.626144,74.03797,-37.384758,6.106065,13.002527,-140.24666,-21.557491,53.76222,81.02081,49.403442,1.2435943,-14.6850815
282,-13.846434593200684,1.498274803161621,84.26181030273438,-11.313262902462665,17.784614398265383,130.21354184965188,-30.284193,26.828245,2.6408198,31.996033,-4.684546,-14.021602,16.282017,-17.683697,-42.35264,4.1524715,20.25074,15.000033,15.002993,-13.051981,24.496372,-148.73947,34.530766,-71.16035,73.827705,-37.492493,6.1561184,12.536435,-140.6603,-21.445587,53.266018,80.78021,49.492947,1.0770346,-14.967486
283,-13.861137390136719,1.531491756439209,84.19841766357422,-11.704871313008661,17.685415999005592,129.16849902635917,-30.78401,27.504684,2.6891375,33.645767,-5.6420436,-13.958295,15.810335,-17.661674,-41.67457,4.0614295,19.635342,15.000033,15.362918,-13.355585,24.43804,-148.39172,34.30704,-71.97562,74.3845,-36.519314,5.860159,12.602947,-140.65009,-21.274288,53.74519,80.76294,48.939354,1.0609945,-14.893131
284,-13.89010238647461,1.5287799835205078,84.0426025390625,-11.606186532930789,17.96705079102983,129.15997035164625,-31.085108,27.50137,2.9581888,33.81625,-5.688417,-14.306715,15.764049,-17.937834,-42.279224,4.0762777,19.959831,15.000033,15.070941,-13.661282,24.666513,-148.95952,34.15871,-71.65854,74.48298,-36.70494,5.941923,12.498863,-141.60538,-21.190384,53.77184,81.10546,47.8293,1.3707247,-14.840959
285,-13.8615083694458,1.4867150783538818,83.93669891357422,-11.672588520984414,18.277754656957534,128.20415045468994,-31.31064,27.66314,3.276368,34.10379,-5.985172,-14.43118,14.953363,-18.269901,-41.88514,4.000175,19.159906,15.000033,15.502231,-14.036628,24.698284,-149.20128,34.02787,-71.88023,74.91861,-37.503536,5.3861637,12.249565,-142.27417,-21.102198,53.81015,80.97204,47.633915,1.6595362,-15.339305
286,-13.837474822998047,1.4089518785476685,83.859375,-12.009531898430104,17.583578733819753,128.23103172874207,-31.929146,28.589602,3.3943124,36.5008,-6.9198976,-13.9745865,15.628254,-17.98605,-41.902115,4.0960917,19.137281,15.000033,15.379053,-14.027725,24.844553,-148.04308,33.762714,-71.931656,74.4679,-36.688828,5.7596307,12.880785,-141.6445,-20.93764,53.87822,82.1542,47.61343,1.3504837,-14.809458
287,-13.797797203063965,1.32719087600708,83.6702651977539,-11.987733253108805,17.629709647052355,128.08374526483252,-32.372433,28.832716,3.7020383,37.316177,-7.3890543,-14.177471,15.518525,-18.101418,-41.7241,4.0475316,18.547264,15.000033,15.329056,-14.296773,24.890743,-148.00949,33.49759,-72.007385,74.42718,-35.798176,5.991467,12.709354,-142.05487,-20.81303,54.16824,82.891785,47.796276,1.399221,-15.21842
288,-13.758365631103516,1.2382234334945679,83.58989715576172,-11.985562857317943,17.915868186699313,127.61001185328809,-32.687443,28.609585,3.4586508,37.391716,-7.7298203,-14.25806,14.905135,-18.316809,-41.303177,4.0528874,17.900043,15.000033,15.333713,-14.709525,24.891735,-148.29721,33.245903,-72.27084,74.77853,-35.976063,5.901323,12.224813,-142.61748,-20.702927,54.436363,83.13813,47.65293,1.6381307,-14.863078
289,-13.721656799316406,1.1310176849365234,83.47877502441406,-11.942215476068988,18.237649949884222,127.328063855937,-32.854004,28.36279,3.3788488,37.06274,-7.628574,-14.762031,14.62454,-18.589424,-42.062634,3.9048274,17.787457,15.000033,15.290411,-15.030857,25.025377,-148.86601,33.068108,-72.03837,74.99057,-36.472954,5.5009046,11.555561,-143.41936,-20.662489,54.598217,83.29725,47.108437,1.910895,-14.840496
290,-13.641035079956055,0.9861926436424255,83.43228912353516,-12.29866800120599,18.2161765186556,126.8702295276804,-33.45395,29.275637,3.9775708,38.156487,-8.149134,-14.162328,14.208261,-18.399563,-41.708546,3.9805663,17.56252,15.000033,15.301016,-15.204958,24.904728,-148.44513,32.822746,-71.7715,74.78591,-36.689247,5.449498,12.686485,-143.32579,-20.593803,54.467613,83.603195,47.603848,1.7305113,-14.606485
291,-13.565566062927246,0.8018750548362732,83.5033187866211,-12.51916354801472,18.196096975358397,126.83149058492506,-33.307568,29.534325,4.256768,37.52228,-7.7706637,-14.435271,14.291119,-18.428303,-42.986137,4.1044383,17.878351,15.000033,14.89086,-15.485216,25.17837,-148.75581,32.64522,-71.16054,74.96569,-37.146626,5.5199285,12.1437845,-143.64778,-20.557781,54.47458,84.03926,46.851578,1.9786818,-13.946694
292,-13.388891220092773,0.5630893707275391,83.50376892089844,-12.831641543705471,18.280551284233436,126.16547417661707,-33.823128,30.184175,4.730976,38.038326,-8.234193,-14.198623,13.56062,-18.333408,-42.574226,4.1446347,16.9905,15.000033,15.358053,-15.468678,25.224766,-148.44089,32.42815,-71.35187,75.09416,-35.746468,5.388337,12.566779,-143.90797,-20.524126,54.445812,84.37899,47.530357,1.8118275,-14.219923
293,-13.182653427124023,0.26801997423171997,83.43950653076172,-12.787126917435186,17.840272319967557,126.00342295051813,-34.14653,30.132442,4.367992,39.036,-8.457744,-14.006084,13.820966,-18.579166,-42.952034,4.1315527,17.352497,15.000033,15.360451,-15.60387,25.615229,-148.08267,32.21963,-71.44149,75.48431,-36.056683,5.537849,12.376142,-143.64993,-20.451883,54.210007,84.54222,47.814827,1.8004726,-14.417999
294,-12.905915260314941,-0.09377666562795639,83.3558120727539,-12.809623848932844,17.45562655603546,125.44128230964238,-34.407917,30.44643,4.5996957,39.934002,-8.67636,-13.95817,13.643439,-18.845036,-43.002846,4.134774,17.514717,15.000033,15.48105,-15.806782,25.9047,-147.97728,32.006836,-72.19714,76.331726,-37.012547,5.4786954,11.921378,-143.39906,-20.323076,54.333317,84.34004,48.066143,1.867271,-14.990229
295,-12.603571891784668,-0.515389084815979,83.28771209716797,-12.654243287598042,17.904474497792762,124.78980966455528,-34.47106,29.965384,4.7868342,38.71466,-8.290455,-14.668049,12.753453,-19.37413,-43.736668,4.0603704,17.393692,15.000033,15.566542,-16.188683,26.194069,-149.01701,31.856205,-72.58195,77.08509,-37.38336,5.189282,11.128282,-144.39586,-20.237013,54.487476,84.02783,47.543434,2.0740328,-15.355429
296,-12.2568941116333,-1.0292125940322876,83.23198699951172,-12.676467110394062,17.52479478740303,124.24680774226582,-34.73897,30.091408,4.867037,39.285965,-8.433529,-14.718833,12.506262,-19.695578,-44.007282,4.322349,16.513317,15.000033,15.722977,-16.296928,26.605724,-148.74892,31.692642,-72.84517,77.85996,-38.602467,5.2096043,11.124633,-144.16591,-20.083948,54.19921,83.811874,47.01142,2.4089046,-15.295161
297,-11.883395195007324,-1.616213083267212,83.21546173095703,-12.740824503092847,17.49639231474604,123.52836998028546,-35.062412,30.470438,5.651927,39.26575,-8.39662,-14.645853,11.900829,-20.027723,-44.76178,4.5200734,16.027489,15.000033,15.842126,-16.411543,27.018549,-148.85143,31.539097,-73.265045,78.480484,-38.213818,5.170331,11.005627,-144.22961,-19.877851,53.862053,83.16356,46.696236,2.3713913,-15.386501
298,-11.471412658691406,-2.281846761703491,83.18631744384766,-13.080105390342233,16.68975054767691,123.12611012347739,-35.642128,31.56977,6.2555366,40.89484,-9.111011,-13.800045,12.122405,-19.763346,-44.794422,4.547684,15.268413,15.000033,15.892215,-16.330494,27.49364,-147.79994,31.37409,-73.28642,78.33238,-39.649353,5.351283,11.688511,-143.1651,-19.629951,53.243195,82.92029,46.860638,2.3237302,-15.171081
299,-11.03370189666748,-2.986713409423828,83.15792846679688,-13.092216310044043,16.029123816184644,122.57197986383878,-35.806488,31.738384,6.36683,41.50328,-9.054641,-13.728333,12.098656,-20.013327,-45.13957,4.865698,15.059079,15.000033,16.125267,-16.23469,28.10962,-147.39854,31.186045,-73.45014,78.911606,-39.904278,5.2055345,11.455353,-142.38821,-19.218464,52.425312,81.83927,46.161808,2.2301452,-15.399506
300,-10.553625106811523,-3.7124781608581543,83.16868591308594,-13.2532472011006,15.391934290214989,121.7881900505715,-35.866,32.49473,7.152694,41.977325,-8.839488,-13.362245,12.032965,-19.944197,-45.675102,5.0132637,14.674131,15.000033,16.281689,-15.993184,28.759613,-147.35841,31.121225,-73.56802,79.910385,-40.884716,5.0887637,11.392675,-141.42793,-18.792404,50.718376,79.58865,45.07609,2.7058702,-16.214403
301,-10.026421546936035,-4.443570613861084,82.94700622558594,-13.336924103683968,14.80922430965755,121.28306539955402,-36.426266,33.04111,7.3249226,43.028557,-9.242685,-13.214185,12.1681385,-20.04151,-47.006687,5.54784,14.543385,15.000033,16.261568,-15.853151,29.147667,-147.0502,31.144043,-73.44495,80.56235,-42.91887,4.609046,12.02563,-140.35437,-18.015799,49.39357,78.0723,44.823986,2.5648253,-17.024319
302,-9.449166297912598,-5.159171104431152,82.80422973632812,-13.626418919665516,14.448812502653388,121.23443437173735,-37.46903,33.645744,7.0937586,43.828094,-9.108577,-12.888708,12.335811,-19.484192,-48.032814,6.0498924,14.178779,15.000033,16.054008,-15.309105,29.65946,-146.30394,31.30725,-73.20165,81.52432,-43.66132,4.2065997,11.725852,-139.31694,-17.299181,47.613014,76.12429,43.880543,2.652642,-17.20987
303,-8.811655044555664,-5.860188007354736,82.60504913330078,-14.190858490524459,13.844385571692467,121.08305220305384,-38.855522,34.71293,6.4197125,45.393433,-9.103111,-12.135822,11.171502,-20.252413,-48.631344,10.855415,12.311271,15.000033,15.683829,-14.625683,29.793802,-145.58325,31.743753,-73.49784,82.73017,-45.67274,4.03762,11.480459,-137.61978,-16.628622,44.969017,73.66942,42.677567,2.4767153,-18.904766
304,-8.076438903808594,-6.542842864990234,82.43184661865234,-14.20588501163716,13.17922958532843,120.53899969971356,-39.2132,35.57304,6.9794903,46.04344,-9.325443,-11.955708,9.266071,-22.313002,-48.863125,17.275496,9.813494,15.000033,15.217087,-14.163418,29.793802,-144.66653,32.455406,-73.5059,83.23683,-46.04871,3.8263447,11.054994,-135.80391,-16.121626,42.001083,70.46047,40.14267,2.209479,-20.318203
305,-7.251585960388184,-7.188666820526123,81.98588562011719,-13.29281329051239,12.557844605228393,119.77206138457467,-39.525726,35.37982,7.3400855,47.331703,-9.242163,-11.687846,7.437828,-24.664007,-48.203873,22.58757,7.6118774,15.000033,14.957459,-13.819481,29.793802,-143.70622,33.41068,-73.501236,82.79127,-45.62638,3.6141462,11.2235565,-132.82155,-15.658981,39.177567,65.06495,38.370525,1.6235772,-24.041716
306,-6.3621134757995605,-7.810826778411865,81.47611999511719,-12.569431365756724,11.483769169291604,119.18091488382578,-39.748924,35.788563,7.74756,49.14651,-9.707668,-11.13639,6.5163198,-25.686687,-47.72089,25.932734,5.971371,15.000033,14.85172,-13.684764,29.793802,-141.86032,34.555805,-72.781815,81.23865,-47.79474,2.9760435,11.750436,-129.36295,-15.267616,36.1427,59.593334,36.085808,1.3443259,-28.752338
307,-5.454420566558838,-8.368067741394043,81.0684814453125,-12.004239055603497,11.31399235304931,118.8933565301991,-40.610565,36.43293,8.675529,50.038036,-9.819997,-10.686708,5.1616235,-26.657385,-47.90142,29.438427,3.1837766,15.000033,14.465886,-13.446062,29.793802,-139.54985,35.773296,-71.52563,79.6024,-47.55386,2.421636,12.311958,-125.78041,-14.884785,34.452827,53.703934,33.046402,0.932067,-29.725922
308,-4.514193534851074,-8.872374534606934,80.75946807861328,-11.705453848182023,10.943660070467645,118.19762292721086,-41.135517,37.244854,9.121596,50.663616,-10.224895,-10.078997,4.152931,-26.960121,-47.63562,31.597782,1.1161083,15.000033,14.368937,-13.272189,29.793802,-137.63249,37.138866,-70.17776,77.71951,-45.99964,2.4385965,12.630141,-121.61886,-14.529336,32.936337,47.36402,30.282495,1.2095027,-31.02176
309,-3.5438339710235596,-9.309057235717773,80.24457550048828,-10.930146478999092,10.608764985397682,117.88676455932367,-41.700073,37.945667,10.170334,51.73376,-10.161785,-9.984398,3.6705835,-27.91383,-47.982018,33.712547,-1.6502833,15.000033,14.323444,-12.650821,29.793802,-134.50237,38.54997,-68.41706,74.18233,-41.65736,2.1959498,13.037293,-116.55678,-14.1667385,32.371555,40.32151,26.452566,1.024024,-31.857798
310,-2.546215534210205,-9.690932273864746,79.7326889038086,-10.339711841002265,9.539695040313754,117.67997992028026,-41.79357,38.484383,10.14568,52.961468,-10.1584015,-9.927166,3.7650685,-28.411455,-47.845673,35.396206,-3.8161802,15.000033,14.371713,-12.287144,29.793802,-131.24158,39.97661,-66.2568,70.53298,-39.933567,1.9461237,13.435847,-111.27193,-13.71096,31.907206,34.513298,23.636614,1.4805229,-31.423
311,-1.5384416580200195,-9.990299224853516,79.3104019165039,-9.740163196905558,8.648614812962002,117.45269638046629,-41.579124,39.066566,10.517419,53.524868,-10.339703,-10.045048,3.5885696,-28.946371,-47.420692,37.161034,-5.5482826,15.000033,14.472895,-11.93899,29.793802,-127.70053,41.435135,-63.93572,66.55494,-37.991035,1.8822464,14.325506,-105.55757,-13.17799,31.92964,28.22273,20.908794,1.7036958,-31.913279
312,-0.5126575231552124,-10.20456314086914,78.64453887939453,-8.701080327662742,7.630761825193909,117.2380237272819,-41.4779,39.131096,10.461225,54.82021,-10.467502,-10.254812,3.7244294,-29.627754,-46.65579,38.340862,-7.792624,15.000033,14.432706,-11.409224,28.675909,-121.61494,42.895096,-61.016373,60.46167,-34.270863,1.4105657,15.691005,-96.99905,-12.566452,32.49759,20.22145,18.157629,1.5432293,-32.135086
313,0.4886554479598999,-10.328600883483887,78.02099609375,-7.988777074090803,6.4674487177003215,116.92800940283861,-41.31739,39.928295,10.528629,56.32363,-10.535422,-10.290308,3.2652116,-30.757187,-45.587208,41.44698,-10.028006,15.000033,14.399721,-10.777191,27.161383,-114.71096,44.402435,-58.14711,53.89499,-29.100965,1.2270007,16.245398,-88.25362,-11.962093,34.22059,13.215537,15.65284,1.3501688,-32.037395
314,1.4474273920059204,-10.35059642791748,77.45304107666016,-6.934247859542792,5.489753392100071,117.00246170520478,-40.88979,39.837578,10.524332,57.124786,-10.884915,-10.327671,3.0517583,-32.432346,-45.026417,44.712112,-11.632161,15.000033,14.2051735,-10.353149,25.721914,-106.84042,45.884674,-54.43275,46.230446,-25.477663,2.0121608,16.650986,-79.25934,-11.45037,36.04192,6.466818,12.353792,1.9337949,-31.300081
315,2.3596439361572266,-10.2835693359375,76.95014190673828,-6.317445776564651,4.6268745629223,116.29509705989597,-40.32745,41.21212,11.342032,58.192505,-11.005087,-10.31499,2.424344,-32.702374,-43.434948,46.384438,-13.699341,15.000033,14.005809,-9.623709,23.897121,-97.76141,47.416096,-49.679962,37.533165,-20.456326,1.6029521,17.51527,-70.227455,-11.114225,38.44721,0.12408855,9.156988,1.8590794,-28.587307
316,3.1930558681488037,-10.126442909240723,76.45913696289062,-4.986777143509094,3.878483400814055,115.66416543717298,-39.073242,41.447315,12.501589,58.77283,-10.75064,-10.648023,2.2813365,-34.331177,-42.935955,48.35229,-15.831852,15.000033,13.329293,-8.624852,22.069077,-86.71956,48.834335,-44.494534,27.960484,-17.530142,0.9836169,18.605034,-62.42356,-11.149645,41.73318,-4.6342726,7.108049,1.2801791,-26.588316
317,3.93691349029541,-9.904233932495117,76.2459945678711,-4.34209197723434,3.5652790495950417,114.69936457364945,-37.73949,42.518826,14.025639,58.480747,-11.197383,-10.78724,1.3257185,-34.60987,-41.6503,49.541912,-17.002495,15.000033,12.5442705,-7.5602837,20.462603,-75.73225,50.11882,-39.08981,18.07683,-12.828256,1.8688214,19.324177,-54.781265,-11.381241,44.76558,-9.547088,4.405453,1.8988203,-23.566345
318,4.604696273803711,-9.649775505065918,76.06197357177734,-3.7085476767966714,2.5020256699141656,113.56826702392469,-35.641068,43.44944,15.1259,58.54265,-11.472059,-10.678143,1.2538193,-35.154057,-40.68213,50.8771,-18.357332,15.000033,11.526037,-6.2074924,18.818195,-63.59556,51.28259,-33.232983,7.4875383,-8.365671,2.4464777,18.796606,-47.693687,-12.0242195,48.05248,-13.496504,1.3167633,1.6424209,-20.653498
319,5.194499492645264,-9.352283477783203,76.00383758544922,-2.9442460377634796,1.9975501229733195,112.57438098700712,-33.565804,43.88165,16.58531,57.874676,-11.217392,-10.75225,1.099457,-35.592556,-39.996964,51.35164,-19.491823,15.000033,10.095932,-4.9323306,17.381512,-51.473927,52.217896,-26.83336,-2.5134678,-4.463821,3.2252235,17.938889,-41.469288,-13.032875,50.693478,-16.37489,-0.754715,0.90794754,-17.78445
320,5.722461700439453,-9.029793739318848,76.0154037475586,-2.1207346464753685,1.734773872755247,111.66286790078534,-31.490883,44.046,18.246714,56.92774,-10.762435,-10.959943,0.8957406,-36.441105,-39.854874,52.07867,-20.237965,15.000033,8.300649,-3.9986987,16.345325,-40.00228,52.871944,-20.851522,-11.741342,-3.1463351,3.2520957,17.19989,-37.236675,-14.485464,52.668743,-18.1597,-2.2633448,0.25122932,-15.732758
321,6.209216117858887,-8.692225456237793,76.04720306396484,-1.3394947208103312,1.2872112578258244,110.11949108497177,-28.922735,44.509007,20.153227,56.30491,-10.421856,-11.238607,0.5926008,-37.218773,-39.291958,52.593933,-20.901814,15.000033,6.225988,-3.1510186,15.5242605,-27.630447,53.031483,-15.416139,-21.50912,-1.6489688,2.8459516,17.048042,-33.406254,-16.493526,54.80138,-19.566267,-2.8219247,-1.2283236,-14.310469
322,6.669087886810303,-8.345458030700684,76.11589050292969,-0.6122932703512912,0.46208744159997217,109.22099462068259,-26.255568,44.47949,21.590742,55.36734,-10.1338825,-11.49308,0.44105777,-37.956604,-38.140656,53.890545,-21.431816,15.000033,4.0342064,-2.7139292,15.110174,-18.050095,52.74472,-11.695221,-29.046125,-1.8334081,2.223885,16.54864,-30.176016,-18.92946,55.43705,-21.132418,-2.9955747,-2.1961946,-12.828249
323,7.1280741691589355,-7.975484371185303,76.27522277832031,0.44205082251824607,0.30721935137386697,108.79111277634446,-23.826897,43.65699,23.528328,53.423985,-9.160995,-12.325711,0.3205863,-38.618065,-37.46777,54.09185,-21.505032,15.000033,2.202803,-2.5584452,14.543086,-9.877236,51.374695,-8.251894,-34.89204,-3.354551,1.652741,15.6076355,-26.90575,-21.949757,55.123047,-22.31067,-3.5382118,-3.2961369,-10.462753
324,7.581263542175293,-7.599436283111572,76.38285064697266,1.571167492653557,0.1907196184015637,108.05432705518825,-21.45659,42.69285,25.21463,51.653103,-8.455363,-12.677975,-0.3642014,-39.04367,-35.71593,54.281612,-21.72775,15.000033,0.5822604,-1.951751,13.728742,-4.2077665,49.58798,-6.5503097,-39.61343,-2.1781368,1.4417547,13.917739,-24.060722,-25.54148,54.500355,-23.066217,-3.777811,-4.988562,-9.255588
325,8.017077445983887,-7.22661828994751,76.53489685058594,2.7619950884424287,-0.04617881376701243,107.86709643786216,-19.157526,41.271206,26.742483,49.403797,-7.8989954,-13.457564,-0.47216192,-39.811134,-34.638462,54.64127,-22.008287,15.000033,-0.6884388,-1.4187199,13.136368,-0.22291546,47.548965,-6.3162293,-43.10817,-2.1737366,1.2207264,13.278817,-20.283154,-29.59581,52.769516,-25.085058,-4.0081325,-5.7362475,-8.027266
326,8.436453819274902,-6.870945453643799,76.75727844238281,3.9159003557348453,-0.30697358201887015,107.39440935746518,-16.809305,39.88426,28.210508,47.19606,-6.9404435,-13.9553385,-0.40958676,-40.419693,-33.72629,54.40804,-22.09457,15.000033,-1.9604497,-0.5154804,12.46122,2.8053424,45.65499,-7.7354126,-45.48985,-2.134385,-0.3648725,12.127865,-17.41846,-34.09644,50.860065,-26.635586,-3.148881,-7.5069375,-6.6372623
327,8.820610046386719,-6.537485122680664,76.98501586914062,5.139580655679291,-0.7114015346565338,107.0137251453306,-14.651999,38.28352,29.294933,45.212463,-6.198944,-14.342833,0.04935365,-41.592445,-33.482883,54.444054,-22.347912,15.000033,-2.8297896,0.2089385,11.866009,4.3077583,43.925354,-9.623041,-46.957485,-2.0727434,-1.2531917,11.034231,-13.595858,-38.948883,48.04088,-28.871346,-2.4168267,-8.944008,-5.9827538
328,9.161539077758789,-6.231046676635742,77.15878295898438,6.149083683233308,-0.978158359262642,106.87404281137917,-13.004299,36.30691,29.33843,42.731335,-5.4048285,-14.916493,0.20011388,-42.25278,-32.696426,54.482533,-22.503078,15.000033,-3.322867,1.000742,11.454954,4.22234,42.462437,-12.377963,-47.653202,-1.6075989,-1.5794331,9.781922,-8.641496,-43.935535,44.07736,-31.889315,-1.3657709,-11.1688595,-5.753329
329,9.460342407226562,-5.949565410614014,77.39143371582031,7.22179213969759,-1.0735934478414808,106.49758819848729,-11.503583,34.383656,29.52969,40.502296,-4.660264,-15.000033,0.34516734,-43.00401,-32.220448,53.992638,-22.475676,15.000033,-3.146819,2.0165594,11.148471,3.0472016,41.221344,-15.379516,-47.60832,-0.5726302,-1.7352544,8.641236,-1.7705705,-48.93053,38.626976,-35.81083,-0.3970008,-12.916456,-6.191011
330,9.70832347869873,-5.696967601776123,77.61675262451172,8.089036755637794,-1.322624795132323,105.97077781415938,-9.771966,32.532616,29.55451,38.040672,-4.13482,-15.000033,0.34805188,-43.339066,-31.21274,53.50335,-22.385801,15.000033,-2.9625342,3.1509864,10.877691,1.7247374,39.93497,-18.208927,-47.56155,0.110268146,-1.9426491,8.457178,5.7574844,-53.752052,31.157972,-40.330845,1.0110452,-14.443169,-6.2713475
331,9.898524284362793,-5.456758499145508,77.84178161621094,8.880280346786304,-1.8428948360925541,105.42263251097746,-8.405551,30.971697,29.054762,36.719643,-3.7161832,-15.000033,0.8502219,-44.03208,-30.858301,53.2591,-22.367205,15.000033,-2.3534708,4.3588843,10.841519,-0.010268642,38.637226,-20.547003,-47.24646,-0.007043237,-2.545625,8.902671,15.134488,-58.20949,22.879875,-45.481262,2.5051258,-15.679117,-7.0492063
332,10.040863990783691,-5.201045513153076,77.99881744384766,9.533166168552775,-1.8715668639346097,105.30550926179949,-7.313212,29.431906,28.78997,34.616993,-3.012058,-15.000033,1.0102681,-44.45825,-30.534567,52.953606,-22.101341,15.000033,-1.8894118,5.8677197,10.779599,-1.7669119,37.194256,-22.136778,-47.260567,-0.18468508,-2.5251346,8.840577,24.118956,-62.008762,14.352278,-50.020546,4.2504106,-17.40546,-7.9781704
333,10.12633991241455,-4.9551777839660645,78.08361053466797,9.978304527229914,-2.1472425162078075,104.95010497078975,-6.276464,28.20811,28.124924,33.231052,-2.480805,-15.000033,1.4382898,-44.640133,-30.117416,52.531193,-22.171371,15.000033,-2.10657,7.452345,10.830004,-2.9272602,35.576935,-22.739805,-46.8416,-0.5230663,-2.84591,9.620314,31.697315,-64.70116,6.803976,-53.89343,6.0319457,-18.423267,-9.109793
334,10.17253303527832,-4.69492769241333,78.13580322265625,10.52698964237529,-2.057474776342252,104.52625792339384,-5.407779,27.033655,27.915445,31.874834,-1.7547417,-15.000033,1.2139176,-45.099754,-29.523327,52.43051,-22.159369,15.000033,-2.4869423,8.839512,10.778087,-3.6537838,33.99179,-22.960388,-46.270157,-1.2491058,-3.1652446,10.44343,36.93986,-66.42791,1.394421,-56.47607,7.330327,-18.772055,-11.060603
335,10.182974815368652,-4.433072566986084,78.17891693115234,10.76924629910052,-1.9880376092742196,104.10526505036937,-4.333132,26.354952,28.154999,30.377832,-1.0928563,-15.000033,1.315462,-45.146187,-29.274046,51.96184,-22.144053,15.000033,-2.917234,9.929149,10.539802,-4.3929296,32.67354,-23.428324,-45.233093,-1.544829,-4.059446,10.814926,40.47734,-67.515144,-1.958473,-57.65693,8.931877,-19.608797,-11.686173
336,10.162018775939941,-4.171178340911865,78.1707763671875,10.824672820630296,-1.8921005259650125,103.92792026780852,-3.4471853,25.997486,28.478828,29.04449,-0.35192496,-15.000033,1.3938371,-44.922657,-28.905947,51.65323,-22.179476,15.000033,-3.2404478,10.961353,10.319364,-4.861404,31.47397,-23.32286,-44.358612,-1.7221947,-4.21081,11.021447,41.84616,-68.10759,-3.5565524,-58.363636,9.810296,-19.83598,-12.096531
337,10.11104679107666,-3.9291419982910156,78.10826873779297,10.771852839501822,-1.8149628896845045,103.7921656625534,-2.3873498,25.59247,28.822346,27.239874,0.20170319,-15.000033,1.5252235,-44.87859,-28.915798,51.661148,-22.320364,15.000033,-3.7594686,11.815185,10.0456705,-5.4308677,30.542295,-23.365934,-43.20164,-1.3225354,-4.195772,11.209151,41.97664,-68.27422,-4.0837116,-58.397022,10.816816,-19.81781,-13.132225
338,10.0502290725708,-3.7016701698303223,78.03639221191406,11.002369652243937,-1.5321375443002268,103.8669348695963,-1.570283,25.070084,29.779999,25.575277,0.69360816,-15.000033,1.4063772,-45.130703,-28.743904,51.690197,-22.517912,15.000033,-4.3899226,12.439258,9.781518,-5.7958846,29.915308,-23.501331,-42.20663,-0.37097746,-4.3371353,11.591377,41.638832,-68.04292,-3.9948971,-58.413673,11.622086,-20.575172,-14.629621
339,9.98141860961914,-3.5023484230041504,78.00825500488281,11.015929037506918,-1.349152703282519,103.86767281442434,-0.8382251,24.619278,30.082676,23.986094,1.042764,-15.000033,1.4216642,-44.992615,-28.524813,51.45942,-22.600447,15.000033,-4.6904173,13.035247,9.603288,-6.1637754,29.474258,-23.621672,-41.281826,-0.13093928,-4.3459706,12.299387,41.21223,-67.6791,-3.4900577,-58.61497,11.833512,-20.658833,-15.144678
340,9.91212272644043,-3.3365156650543213,77.97988891601562,11.012029669631957,-1.2039037936234818,103.72530989830331,0.03521672,24.163616,30.415148,22.298588,1.7936076,-15.000033,1.2828598,-44.877197,-28.171143,51.36905,-22.639961,15.000033,-4.859275,13.495196,9.429365,-6.596697,29.199911,-23.932304,-40.283836,0.15922886,-4.3325295,12.728783,40.788715,-67.28854,-2.883973,-58.59102,12.079647,-20.549433,-15.675172
341,9.8420991897583,-3.2092623710632324,77.96271514892578,10.808018452227412,-1.3993817770115669,103.99194150355204,0.6919771,23.839268,29.976357,20.89161,2.4445004,-15.000033,1.7754989,-44.63893,-28.333511,51.450356,-22.739716,15.000033,-4.959896,13.889946,9.339204,-7.061637,28.906466,-24.021013,-39.54346,0.21491875,-3.9663043,13.029165,40.46468,-66.89622,-2.358058,-58.387787,12.5514765,-20.220995,-15.09478
342,9.782028198242188,-3.1084604263305664,77.97917938232422,10.899176263830963,-1.3812743633468239,104.05829108037534,1.3021245,23.258883,29.945723,19.497707,2.9814174,-15.000033,1.8745807,-44.66343,-28.21364,51.31854,-22.779114,15.000033,-4.8951507,14.258545,9.132189,-7.573096,28.803074,-24.24324,-38.684456,-0.24387728,-4.053045,12.988094,39.943676,-66.51983,-1.7777926,-58.383633,12.298879,-20.06495,-14.773801
343,9.733994483947754,-3.0313427448272705,77.97162628173828,10.921314302611242,-1.1649713110110649,103.61085394484678,1.7255348,23.162634,30.437248,19.01442,3.043151,-15.000033,1.6118363,-44.59405,-27.970703,50.915466,-22.58754,15.000033,-4.740265,14.661145,9.023514,-7.462664,28.787708,-24.046362,-38.36251,-0.38385502,-4.0919456,13.0702915,39.195774,-66.1311,-1.0913246,-58.406467,12.438247,-19.904003,-15.057827
344,9.688348770141602,-2.9777379035949707,78.0155029296875,10.910237964475172,-1.217643979715972,103.8396138182055,2.1061916,22.790134,30.298199,17.95207,3.653781,-15.000033,1.8140968,-44.44055,-27.90915,50.77373,-22.502531,15.000033,-4.8218327,14.878113,9.008604,-7.395433,28.67929,-23.788342,-38.210842,-0.9745758,-3.869039,12.963615,38.686893,-65.75295,-0.5616613,-57.945534,13.0536585,-20.166746,-14.867992
345,9.643913269042969,-2.938094139099121,78.07868194580078,10.798489442929892,-1.253551842577757,104.0640968926931,2.6266034,22.437082,30.198622,16.497295,4.2557936,-15.000033,2.1467195,-44.2224,-28.117558,50.497456,-22.35013,15.000033,-4.719945,15.10148,8.880179,-7.638499,28.569735,-23.845581,-37.753563,-1.3493174,-3.5837471,13.149476,38.304718,-65.484055,-0.104711995,-57.470562,12.925834,-19.839363,-14.1825485
346,9.610330581665039,-2.9058635234832764,78.15021514892578,10.89008968331195,-1.3026037477761991,104.10492632625903,3.0147462,22.008963,30.086637,15.633736,4.7176094,-15.000033,2.350888,-44.171722,-28.042189,50.136116,-22.211008,15.000033,-4.575177,15.264844,8.777692,-7.851735,28.547743,-23.975212,-37.157677,-1.4568706,-3.4982343,13.389759,37.991108,-65.283325,0.40396225,-57.309746,12.697359,-19.414856,-13.8694935
347,9.575549125671387,-2.874647378921509,78.21919250488281,11.029320453983912,-1.3327914300450112,104.2294766432943,3.1436734,21.595182,29.788008,15.1497135,4.7435236,-15.000033,2.5806446,-44.370186,-28.23202,49.96394,-22.141836,15.000033,-4.442257,15.366294,8.769672,-7.7905927,28.534159,-23.869549,-37.019844,-1.5270091,-3.2898095,13.279094,37.784985,-65.07016,0.84906375,-57.24052,12.484505,-19.346888,-13.729527
348,9.540534973144531,-2.8450005054473877,78.25446319580078,10.996585700886937,-1.499563378205633,104.09268679411069,3.35154,21.569714,29.55561,15.233471,4.7267137,-15.000033,2.9606273,-44.487473,-28.599102,49.806053,-22.058151,15.000033,-4.1545844,15.4667015,8.74326,-8.014512,28.60186,-24.066002,-36.66455,-1.5716271,-3.2988153,13.585469,37.46543,-64.91094,1.3370119,-57.109985,12.205908,-19.327684,-13.90724
349,9.503252029418945,-2.8063747882843018,78.28345489501953,11.063310530511135,-1.4633868874447693,104.15045184642322,3.353511,21.31664,29.226831,15.008751,4.75901,-15.000033,3.1768959,-44.584785,-28.842709,49.543076,-21.956852,15.000033,-3.95332,15.603726,8.697788,-7.9663796,28.703117,-24.108887,-36.606293,-1.734324,-3.309655,13.804979,37.15027,-64.719986,1.6960382,-57.21238,12.12105,-19.424273,-14.064343
350,9.46451473236084,-2.7638704776763916,78.32408905029297,11.059164016974316,-1.474698794984438,104.2162157067451,3.4506977,21.106413,28.90248,14.649826,4.777263,-15.000033,3.40406,-44.49517,-28.947638,49.243584,-21.782911,15.000033,-3.762888,15.673847,8.685687,-7.8181677,28.780596,-24.003588,-36.75241,-1.8474212,-3.0107846,13.910983,36.824165,-64.517204,2.0176718,-57.26724,11.980687,-19.147537,-13.857804
351,9.425171852111816,-2.7135250568389893,78.34337615966797,11.013531968414444,-1.3905083449942204,104.42836519990813,3.4879014,20.892357,28.526669,14.031855,5.0271225,-15.000033,3.644497,-44.456062,-29.302607,49.045135,-21.621197,15.000033,-3.560227,15.771411,8.656499,-7.779724,28.85414,-23.959291,-36.90464,-2.0599332,-3.049641,13.884277,36.57564,-64.3459,2.21042,-57.308453,11.993638,-19.23461,-13.500985
352,9.39271354675293,-2.6669762134552,78.38338470458984,10.985658753983804,-1.2978465973095457,104.45117206397232,3.61448,20.69193,28.2966,13.4611,5.33568,-15.000033,3.618628,-44.17622,-29.069826,48.694492,-21.370989,15.000033,-3.390442,15.874112,8.672709,-7.3020105,28.819326,-23.463675,-37.12135,-2.396569,-2.8252063,13.854538,36.098957,-64.21341,2.4455607,-57.315243,11.756337,-18.789232,-13.120408
353,9.363909721374512,-2.6258225440979004,78.37803649902344,11.021814125289985,-1.265118369771866,104.4575453325044,3.5100417,20.596155,27.923937,13.593262,5.416423,-15.000033,3.6500893,-44.292034,-29.130482,48.72547,-21.307737,15.000033,-3.2804875,15.870814,8.647826,-7.2739606,28.84266,-23.234097,-37.07128,-2.2774358,-2.7070286,14.0619135,35.628563,-64.12175,2.684105,-57.224953,11.445452,-18.442636,-12.724244
354,9.338142395019531,-2.6032145023345947,78.40431213378906,11.14601904080372,-1.1423402735586519,104.71576880006926,3.3505223,20.209942,27.443346,13.174901,5.6313386,-15.000033,3.7831335,-44.45451,-29.41554,48.584057,-21.094137,15.000033,-3.2534056,15.845251,8.679723,-7.1210856,28.849226,-22.915216,-37.171097,-2.6552508,-2.8967166,13.874808,35.439217,-63.992947,2.6864285,-57.242477,11.3715725,-18.038591,-12.073312
355,9.317692756652832,-2.6068153381347656,78.38525390625,11.201423602749532,-1.066413178300101,104.81216791402697,3.151995,20.066883,27.109749,13.204903,5.329782,-15.000033,3.5791862,-44.40917,-29.096321,48.639275,-21.069702,15.000033,-3.0450873,15.844431,8.734203,-7.137604,28.85712,-22.699936,-37.236897,-2.6661725,-2.731371,13.971466,35.291855,-63.89007,2.694865,-57.28427,11.600818,-18.141073,-12.135706
356,9.298404693603516,-2.6390368938446045,78.36981201171875,11.277569350846571,-1.1054289279577638,104.75274520065258,2.9264505,20.016468,26.786646,13.737785,4.949671,-15.000033,3.4350162,-44.556427,-28.92093,48.809395,-21.068663,15.000033,-2.7619536,15.824346,8.842714,-7.227862,28.844376,-22.503305,-37.109493,-2.8283043,-2.713747,14.078154,35.08538,-63.84306,2.7879944,-57.36418,11.488634,-18.036648,-12.06024
357,9.272488594055176,-2.6976513862609863,78.3561019897461,11.26541461618155,-1.1858768912032212,104.7545239389747,2.6834188,20.081568,26.502878,14.30323,4.613353,-15.000033,3.41243,-44.716766,-28.997389,49.039764,-20.996761,15.000033,-2.5436034,15.808499,8.944966,-7.451426,28.80808,-22.403265,-36.968494,-2.815006,-2.7266328,14.012241,34.91496,-63.834137,2.8910427,-57.299397,11.322415,-18.1025,-12.104668
358,9.237495422363281,-2.776637554168701,78.34325408935547,11.317640360628124,-1.2549411032948938,104.74932115400371,2.464157,20.058746,26.32733,14.7986555,4.3337507,-15.000033,3.392106,-45.03332,-29.140491,49.270313,-21.047537,15.000033,-2.3485754,15.720644,9.078237,-7.5981545,28.712423,-22.291622,-36.793793,-2.7121034,-2.711776,14.24149,34.76304,-63.865818,3.0787373,-57.284485,10.880506,-18.064657,-12.29822
359,9.198973655700684,-2.8707315921783447,78.32893371582031,11.298518542889848,-1.3658424269239848,104.77976657772709,2.1958973,20.129648,26.037163,15.402201,3.9936204,-15.000033,3.3280003,-45.15434,-29.078396,49.51237,-21.073843,15.000033,-2.1738496,15.674487,9.199154,-7.9454427,28.636028,-22.328356,-36.541725,-2.785579,-2.6628604,14.482017,34.668335,-63.93019,3.2558622,-57.260365,10.444089,-17.936956,-12.344358
360,9.149596214294434,-2.9742908477783203,78.3055419921875,11.245243259587541,-1.3459260669022073,104.96109048122379,1.811712,20.11843,25.646646,15.690139,3.811778,-15.000033,3.278266,-45.231934,-29.214535,49.651047,-21.101389,15.000033,-2.055438,15.662072,9.30109,-8.198806,28.546375,-22.367498,-36.521885,-2.7777505,-2.5840168,14.364427,34.69899,-64.00759,3.3102784,-57.296303,10.296659,-17.875092,-12.122423
361,9.09533977508545,-3.082704782485962,78.27033996582031,11.20248091317371,-1.3828902327460002,105.01464612497038,1.347412,20.188099,25.195541,16.45526,3.5175574,-15.000033,3.3102458,-45.45173,-29.504827,49.808315,-21.16896,15.000033,-1.8875816,15.686968,9.355881,-8.70571,28.580818,-22.743706,-36.1517,-2.6664925,-2.6089745,14.286207,34.73073,-64.081924,3.34214,-57.301754,10.009911,-17.883173,-12.237674
362,9.038569450378418,-3.1939971446990967,78.20411682128906,11.20357142709991,-1.5505092095550004,104.94135675481077,0.7190281,20.456427,24.809313,18.138918,2.862966,-15.000033,3.3079345,-45.89208,-29.719685,50.287533,-21.346518,15.000033,-1.7133602,15.642301,9.383095,-9.2286005,28.736418,-23.006968,-35.73296,-2.385444,-2.5423481,14.294354,34.493305,-64.128334,3.4543617,-57.25099,9.872849,-18.010992,-12.484413
363,8.975049018859863,-3.3119406700134277,78.16725158691406,11.161561636513449,-1.5533133352771804,104.97231153214612,0.22492284,20.562935,24.5677,18.975803,2.4822457,-15.000033,3.3599973,-46.138798,-30.094013,50.36208,-21.377007,15.000033,-1.6210018,15.611814,9.446313,-9.19571,28.880327,-22.99049,-35.750206,-1.8072892,-2.4482324,14.117474,34.430546,-64.13228,3.548595,-57.259182,9.433234,-18.0964,-12.547571
364,8.913521766662598,-3.4375715255737305,78.12370300292969,11.13807871829128,-1.5637074416127976,104.92733348170066,-0.19664614,20.687027,24.427757,19.804007,1.9695162,-15.000033,3.2282395,-46.362648,-30.181118,50.5296,-21.490969,15.000033,-1.538318,15.557264,9.471105,-9.307174,29.139278,-23.050756,-35.61097,-1.0844213,-2.2542295,14.058,34.249588,-64.10059,3.6638908,-57.205864,9.219274,-18.15062,-12.391607
365,8.850951194763184,-3.579735279083252,78.1060791015625,11.004973302244114,-1.535531069676647,104.86241740461648,-0.6164014,20.920185,24.335764,20.53475,1.619387,-15.000033,3.1695,-46.342934,-30.348957,50.39897,-21.491518,15.000033,-1.5307103,15.566032,9.5665655,-9.044075,29.391047,-22.835676,-35.72211,-0.7625049,-2.3264518,13.606317,33.94474,-64.01125,3.7818773,-57.140545,9.068901,-18.041355,-11.873263
366,8.78777027130127,-3.7449135780334473,78.08909606933594,10.992387888102444,-1.695114350854724,104.8671917296196,-0.96816444,20.982632,24.105549,21.36159,1.4132125,-15.000033,3.0956674,-46.525352,-30.278418,50.615097,-21.469542,15.000033,-1.5080559,15.446466,9.600126,-9.079249,29.736774,-22.65698,-35.471024,-0.5808637,-2.1559246,12.973435,33.656258,-63.923916,3.943573,-57.043186,8.51248,-17.765966,-11.453946
367,8.7196044921875,-3.9318509101867676,78.09712219238281,10.965966852985156,-1.6536453959592212,104.85150736589857,-1.2865816,21.06852,24.30201,21.79028,0.9389384,-15.000033,2.900847,-46.5743,-30.255209,50.479347,-21.390205,15.000033,-1.5160383,15.338379,9.622278,-8.658519,30.147757,-22.35846,-35.601982,0.14336462,-2.1388872,12.658312,33.260437,-63.773582,3.9800308,-56.93492,8.603687,-17.684216,-10.842765
368,8.639326095581055,-4.142097473144531,78.09159851074219,10.894632537657634,-1.7287228403603991,104.9334475004099,-1.6479738,21.09852,24.17555,22.27644,0.5502353,-15.000033,2.791263,-46.68673,-30.29098,50.590237,-21.303406,15.000033,-1.5237563,15.164365,9.6086645,-8.202472,30.637918,-22.00153,-35.783092,0.99823326,-1.9836102,12.678239,32.896214,-63.550667,3.959843,-56.807095,8.530958,-17.561752,-10.431502
369,8.556812286376953,-4.363039493560791,78.1423110961914,10.746183370345761,-2.113776106808716,104.90655667133358,-1.7322074,21.34534,24.167555,23.052263,0.16385354,-15.000033,3.0268376,-46.675304,-30.342981,50.58622,-21.162424,15.000033,-1.2389113,15.053335,9.561237,-7.607205,31.190037,-21.884007,-35.5231,1.059717,-1.9744977,12.900084,32.82675,-63.37718,4.2056074,-56.825897,8.016285,-17.435572,-10.717848
370,8.457656860351562,-4.58241081237793,78.17162322998047,10.466249320018367,-2.517688333486007,104.88644034458349,-1.9284823,21.717005,23.96132,24.033474,-0.08763838,-15.000033,3.7310824,-46.741886,-31.20619,50.385895,-21.048569,15.000033,-1.1104972,14.929896,9.412894,-6.564395,31.881239,-21.864918,-35.51495,1.6553291,-2.020364,12.712289,32.530552,-63.204094,4.4051147,-56.733665,7.96807,-17.556564,-10.383137
371,8.348686218261719,-4.776073455810547,78.26416778564453,10.245449682576696,-2.802129389723797,104.72454126254743,-1.9108999,21.95294,23.978502,24.545387,-0.13949126,-15.000033,4.183011,-46.67377,-31.720615,49.930916,-20.748814,15.000033,-0.8657844,14.681091,9.269859,-4.8024426,32.661102,-21.525003,-35.8443,2.1103122,-2.1955645,12.082761,32.424175,-62.999153,4.8287725,-57.085888,7.7591534,-17.646616,-10.105728
372,8.231938362121582,-4.928886890411377,78.3917007446289,10.073951896457437,-3.044892647144758,104.35835282309816,-1.8978311,22.330828,24.263975,25.448898,-0.20095192,-15.000033,4.4422956,-46.318485,-31.661692,49.091232,-20.236246,15.000033,-0.7363004,14.356452,9.088438,-2.1251879,33.406204,-20.59254,-36.191868,2.33718,-2.3004854,11.875608,31.962542,-62.72717,5.3440995,-57.464497,7.4520245,-17.139103,-9.852921
373,8.084827423095703,-5.03100061416626,78.59963989257812,10.019610686700506,-3.137052207799459,104.32946145980934,-1.9117982,22.268536,24.42875,25.615833,-0.22532617,-15.000033,5.042392,-46.175465,-32.263035,47.984898,-19.637766,15.000033,-0.7926776,13.870537,8.935772,0.44884005,34.15696,-19.760418,-36.576313,2.9900749,-2.2151303,10.755999,31.135433,-62.353134,5.5314116,-57.737442,7.4418235,-16.633846,-8.609129
374,7.908267021179199,-5.079554080963135,78.87162780761719,9.809417393448111,-3.347245522439825,103.94023010066755,-1.5899345,22.600317,24.96526,26.048155,-0.4343511,-15.000033,5.689292,-45.59425,-32.466793,46.408375,-18.91762,15.000033,-0.733646,13.404139,8.895727,3.4982712,34.87404,-19.492418,-36.732807,3.7928474,-1.9495604,10.883876,30.233362,-61.897507,5.9136114,-58.157043,7.959259,-16.242178,-7.775515
375,7.694473743438721,-5.080130100250244,79.18871307373047,9.496346699039991,-3.306491609938791,103.45423150753331,-1.0659553,22.598948,25.143816,25.42516,-0.1605011,-15.000033,6.345907,-44.516422,-32.56014,43.934532,-17.624462,15.000033,-0.694882,12.906125,8.818277,6.5270176,35.53354,-19.468151,-35.860332,4.39952,-1.7929912,10.599418,29.065666,-61.375755,6.164818,-58.58501,7.747006,-15.431046,-6.3786783
376,7.433899402618408,-5.041475296020508,79.47369384765625,9.161584853132338,-2.913996380256084,102.77633249993258,-0.6579493,22.606617,25.558758,24.659286,-0.13504493,-15.000033,6.473212,-43.634216,-32.620846,41.650085,-16.29632,15.000033,-0.6301833,12.260126,8.838163,10.173944,36.07283,-19.441261,-34.93308,6.20283,-1.0799667,11.13412,27.606974,-60.728638,6.4081683,-58.888916,8.476029,-14.933221,-5.6443086
377,7.142823219299316,-4.989376068115234,79.79717254638672,8.603381844398754,-2.887019970285906,102.1221502986912,0.033683434,22.839928,25.75816,24.020187,-0.029921032,-15.000033,7.3803735,-42.547256,-33.26499,39.034782,-14.72732,15.000033,-0.30661476,11.5890665,8.728814,13.556719,36.529377,-19.89343,-32.585194,6.709453,-0.7158649,11.333584,26.451736,-60.05091,6.775273,-59.204357,8.728458,-14.972933,-5.74996
378,6.826961994171143,-4.9394683837890625,80.03572845458984,7.967066245091447,-2.807793514077752,101.2362218991538,0.91641986,23.008171,25.922773,23.049707,-0.12516335,-15.000033,8.226924,-41.346012,-33.805817,36.141624,-13.2886,15.000033,-0.036050357,10.679036,8.598304,16.828465,36.821785,-20.858242,-28.167496,7.3962913,-0.15373701,12.6713295,24.24738,-59.24811,7.2263455,-59.466846,10.137978,-14.027724,-5.1426115
379,6.515132427215576,-4.89940071105957,80.37998962402344,7.494436713268471,-2.8047961310778575,100.47842876772535,1.8778539,23.02001,26.398237,21.974846,-0.33540645,-15.000033,9.157068,-40.26054,-34.34148,33.14991,-11.49976,15.000033,0.33864656,9.627005,8.225052,19.622648,36.89853,-22.011822,-22.486647,7.8739305,0.5648706,13.346661,21.650675,-58.3966,7.243612,-59.309383,11.588616,-13.090272,-4.244304
380,6.213945388793945,-4.868882179260254,80.80415344238281,7.260010299974748,-2.3583491025826127,99.45535917511592,3.1450152,22.375793,27.174826,19.415997,0.2296002,-15.000033,9.862656,-39.05957,-34.7987,28.917215,-9.159157,15.000033,0.9342982,8.59975,7.7511964,21.435163,36.69301,-22.306158,-15.857266,7.0193048,1.3479123,13.495911,19.430151,-57.535885,6.986304,-58.95901,13.227175,-12.799532,-3.7683167
381,5.913542747497559,-4.869295597076416,81.20502471923828,6.766695502390389,-2.704458882097813,98.87750966551296,4.5338826,21.864384,26.804125,17.35268,0.61876655,-15.000033,11.016801,-37.760834,-34.826855,25.94831,-6.950128,15.000033,1.3987917,7.4077306,7.219805,22.154634,36.27241,-22.76421,-7.894877,7.332234,2.5923243,13.704516,17.601107,-56.756897,6.6142855,-58.568104,14.534266,-12.492855,-3.7753356
382,5.621507167816162,-4.857674598693848,81.53083801269531,6.356566860350672,-2.6707266011646755,98.25278054068579,6.1615257,21.369776,27.486677,14.423655,1.2553813,-15.000033,11.531116,-36.877396,-34.8438,23.607597,-5.337695,15.000033,1.5428891,6.257297,7.0066433,22.356192,35.63416,-23.553854,0.7874254,6.247789,3.668554,13.904863,16.178253,-55.89846,6.3239703,-58.764675,16.581799,-11.902283,-4.3500767
383,5.34808874130249,-4.849923133850098,81.81961059570312,5.911682165163938,-2.5456919686132005,97.58596479927309,7.5137815,21.02027,28.103619,11.908792,1.7196395,-15.000033,12.3168745,-35.62468,-35.06687,20.321108,-3.2278123,15.000033,1.6627593,5.2754335,6.511649,22.092552,34.985947,-24.294706,9.837339,5.397709,4.2022023,12.066052,13.843545,-55.00837,5.8756227,-58.605335,17.726522,-11.170295,-4.512047
384,5.061779022216797,-4.838324069976807,82.05145263671875,5.339945835675639,-2.546316173838045,96.95271164424143,9.280245,20.719427,29.077251,8.817606,2.5864544,-15.000033,13.265084,-34.31257,-35.37594,17.135475,-1.1841987,15.000033,1.6276759,4.2457194,6.010718,21.28619,34.37261,-25.09123,19.447556,3.8255444,4.6227975,12.156425,12.331561,-54.31298,5.8371196,-58.748695,20.961226,-10.458103,-5.2376246
385,4.771693706512451,-4.819806098937988,82.21115112304688,4.78960797571192,-2.133366330338474,96.30920011190571,10.123101,20.640388,29.869993,6.840857,2.7447128,-15.000033,13.885881,-32.765858,-35.40727,13.352968,1.0409532,15.000033,1.6300904,3.3841896,5.163263,20.937132,33.82517,-24.93685,27.682016,2.79636,4.7237945,12.000693,10.683914,-53.89749,5.7344265,-58.309566,22.892319,-9.93305,-5.339748
386,4.465471267700195,-4.797015190124512,82.3368911743164,4.299378351962976,-2.0832740022897496,95.81947134746895,10.445891,20.905386,30.150301,6.7029424,2.2423837,-15.000033,14.513649,-31.65616,-35.300125,10.796083,2.467906,15.000033,1.7701315,2.5717485,4.7912498,20.074036,33.353027,-24.855297,34.532127,1.3548967,5.0190735,12.164977,9.270624,-53.610737,5.735887,-58.13222,24.730158,-10.094573,-5.7435627
387,4.137253284454346,-4.770488262176514,82.43468475341797,3.8510531040738107,-1.8257220247425077,95.30675595121225,10.582962,21.16059,30.606693,6.6076922,1.4897218,-15.000033,14.995471,-30.561232,-35.132587,7.984973,4.294536,15.000033,1.7042136,1.7635723,4.272534,19.555635,32.973,-24.435562,40.765396,-0.9898264,5.041969,11.989418,7.4400096,-53.373917,5.671159,-57.802063,27.045069,-9.748031,-5.916881
388,3.778006076812744,-4.75855827331543,82.58370971679688,3.206937803395013,-1.539191583635652,94.76806811428008,10.600544,21.510523,30.664488,6.5228634,0.71534544,-15.000033,14.707391,-29.645048,-34.541042,6.6752687,5.1554027,15.000033,1.5763268,1.0839294,3.8482847,19.327623,32.65274,-23.478416,45.033623,-2.274098,5.254781,11.909187,5.909748,-53.05432,5.176037,-57.26964,28.385923,-9.646894,-5.5214057
389,3.4026291370391846,-4.753401279449463,82.78280639648438,2.6091801208721512,-1.5387025256040658,94.20829051942162,10.986007,21.913013,31.226639,6.5145984,0.23789057,-15.000033,14.196677,-29.07339,-33.467804,6.512524,5.309039,15.000033,1.3469025,0.22193281,3.8441849,18.794376,32.534447,-22.792135,48.874718,-4.7745523,5.6859393,12.515783,4.7622895,-52.911167,5.006895,-56.95813,30.536528,-9.526439,-6.0413656
390,3.0200250148773193,-4.7625203132629395,82.94010162353516,2.1096585177804017,-1.309540188562551,93.87941242144606,10.987989,22.221926,31.712337,6.5337863,-0.2279469,-15.000033,13.544879,-28.616018,-32.46781,6.3747263,5.345832,15.000033,1.1361879,-0.5034365,3.8624315,18.536846,32.576347,-21.867256,51.594017,-6.7228413,5.6537886,12.543496,3.0472915,-52.837456,4.660171,-56.073406,30.076088,-9.478997,-6.8055935
391,2.639846086502075,-4.801706314086914,83.04708862304688,1.6547531884169389,-0.8423894801459922,93.11021250673085,10.831711,22.363295,32.018238,6.5567074,-0.7064746,-15.000033,12.433336,-28.297903,-31.540506,6.219986,5.4716344,15.000033,0.8992191,-1.1685935,3.885057,18.584185,32.642036,-20.8279,53.51972,-8.446103,5.772199,13.02027,1.5231438,-52.47474,4.1037407,-55.744713,30.233816,-9.107993,-6.462921
392,2.2809412479400635,-4.875094890594482,83.21067810058594,1.1506039628356015,-0.5454527771432678,92.48983013974562,10.721791,22.594091,32.230915,6.629413,-1.0048817,-14.735226,11.510297,-27.85146,-30.522259,6.105168,5.692637,15.000033,0.75750136,-1.9127098,4.08232,18.443954,32.78002,-19.720366,55.23472,-10.76067,5.9403334,13.235246,-0.042419676,-52.185654,3.6723201,-54.847565,30.306684,-9.059577,-6.3627872
393,1.9534215927124023,-4.997884750366211,83.3057632446289,0.7498128126251044,-0.12867805134774615,91.98632058650175,10.4115505,22.747183,32.501,6.6539755,-1.2655971,-14.593875,10.558876,-27.545803,-29.859163,5.979624,5.927147,15.000033,0.63033366,-2.4336689,4.208614,18.692768,32.956715,-18.911983,55.78613,-11.652815,6.182048,13.502444,-1.5612221,-51.651455,2.9712021,-54.02649,30.61262,-9.11054,-6.0300803
394,1.6761265993118286,-5.182564735412598,83.43795776367188,0.4445191081630356,0.023501068685732183,91.13664184348819,10.448679,22.824968,32.93166,6.776127,-1.2793182,-14.195805,9.585744,-27.30415,-28.813854,5.9313436,5.8927364,15.000033,0.6880063,-3.2375982,4.5982757,18.789309,33.28333,-18.231052,56.468395,-12.782431,5.9392066,13.755564,-2.5140285,-51.250202,2.9193711,-53.406048,29.944344,-9.26564,-6.0573363
395,1.4459550380706787,-5.442705154418945,83.47974395751953,0.2198365781967244,0.29045817600468166,90.37195676706737,10.218788,22.823767,33.077686,6.885023,-1.300256,-14.143823,8.490076,-27.134954,-27.830713,5.8940516,5.9115295,15.000033,0.67745036,-3.8062983,4.948786,19.004896,33.669125,-17.525036,56.59191,-13.193068,5.9565516,13.966967,-3.3001738,-50.78065,2.8658664,-53.051456,29.82257,-9.01884,-5.452488
396,1.266930341720581,-5.785788059234619,83.54248046875,0.10653234283038134,0.47923118511302343,89.5046300327753,10.112122,22.852055,33.869473,7.075396,-1.1440321,-13.76644,7.3395896,-27.065979,-26.803085,5.9038076,6.1207304,15.000033,0.6592,-4.6300054,5.633447,18.883606,34.10488,-16.577831,57.15479,-14.320311,5.756721,14.280859,-3.9703884,-50.4318,2.9895933,-52.590282,29.378685,-8.919724,-5.215393
397,1.1349238157272339,-6.225916862487793,83.58309936523438,0.04156635210117516,0.5014755870815406,88.70944586848658,9.946057,22.773354,33.977215,7.2696757,-0.86904395,-13.607211,6.31973,-27.002155,-25.80874,5.9630337,5.8847003,15.000033,0.72708887,-5.263132,6.4540405,18.604607,34.55744,-16.039701,57.41292,-14.521479,5.6806893,14.46723,-3.6528277,-50.07628,3.4116402,-52.78627,29.191107,-9.042625,-5.000586
398,1.0453681945800781,-6.75719690322876,83.51226043701172,0.16775580514774152,0.5080331014915911,88.38660568394194,8.460679,23.267176,33.515434,9.979574,-1.8678703,-13.283143,5.485783,-27.152126,-24.936924,6.097091,5.52219,15.000033,0.80804783,-5.787134,7.5114865,17.840242,35.025593,-15.914798,57.911587,-14.482545,5.5724635,14.600695,-3.3044267,-49.741894,3.8157976,-53.074043,28.098454,-9.281564,-5.192262
399,0.9907302260398865,-7.379487991333008,83.48483276367188,-0.03479056117875448,0.3445876060433585,87.86487273921786,6.185974,24.935226,33.16437,15.174042,-3.8447373,-12.763394,4.6644883,-26.884624,-24.182922,6.27648,5.5593987,15.000033,1.0301833,-6.173999,8.883023,17.046646,35.358345,-15.516131,58.03392,-15.129254,5.6993766,14.784759,-2.3415618,-49.326893,4.233185,-53.336185,28.3495,-9.608448,-5.2662067
400,0.9726632237434387,-8.080326080322266,83.31309509277344,-0.1970832707144439,0.18502789074601034,87.5986980641529,3.650099,26.527252,32.244225,20.267492,-5.846979,-12.231024,3.9470842,-26.703367,-23.712921,6.526417,5.34962,15.000033,1.1886815,-6.2879395,10.359626,15.9179945,35.588642,-15.474156,58.265026,-15.632354,5.658242,14.8804865,-1.7611325,-48.78051,4.6275306,-53.96231,27.281178,-9.739116,-5.3829365
401,0.9811608195304871,-8.833891868591309,82.9567642211914,-0.3807037936061345,0.1169691872645636,87.61271111379043,0.41046992,28.18618,30.498734,25.900434,-7.8102746,-11.734085,2.385662,-26.933903,-23.064795,8.673948,4.1644692,15.000033,1.3181971,-6.1612625,12.048673,14.396843,35.767933,-15.681014,58.536316,-16.431503,5.6054564,15.015175,-0.5478759,-48.22165,5.1546464,-54.672363,25.677935,-9.620367,-5.8728943
402,1.0347509384155273,-9.628791809082031,82.43462371826172,-0.4702149153696958,0.08986102042706613,87.43534086540333,-2.8871443,29.797659,28.891285,31.573387,-9.661178,-11.244717,-0.8662097,-27.670437,-21.276213,13.7825165,1.282107,15.000033,1.495312,-5.9337797,13.7628975,12.723371,35.962643,-15.981701,58.680725,-16.65919,5.492454,15.515416,0.68621,-47.715492,5.810989,-55.56201,23.969332,-9.979116,-6.6685314
403,1.1295291185379028,-10.438915252685547,81.82714080810547,-0.3789794792237005,0.0877128853485451,87.66716557936532,-6.0468163,31.220118,27.763311,36.59224,-11.374437,-10.590571,-3.980642,-28.529123,-19.561892,18.860855,-1.4239999,15.000033,1.5690064,-5.764971,15.537911,10.662034,36.221367,-16.530838,58.50851,-16.414604,5.6077695,16.045567,1.1249366,-47.33932,6.271237,-55.82272,22.445953,-10.376003,-7.116549
404,1.2597872018814087,-11.240612983703613,81.15833282470703,-0.2975747599623023,0.1592222599790666,87.77173053238954,-9.339108,32.486534,26.25747,41.43333,-13.091693,-9.619059,-7.2150307,-28.997229,-17.252901,23.542677,-3.8086653,15.000033,1.6985883,-5.585502,17.50733,8.086645,36.518303,-16.85728,58.799217,-16.75165,5.512078,16.382465,1.0519551,-47.044964,6.623289,-55.551094,21.270828,-11.13135,-7.0829225
405,1.4175307750701904,-12.010433197021484,80.3858642578125,-0.2531890385261594,0.5392524031166155,87.8006067024893,-13.067986,33.86966,24.738588,46.410862,-14.480435,-8.755376,-10.970343,-29.363548,-14.926948,28.499619,-5.812804,15.000033,1.6928121,-5.2882457,19.61493,5.7162437,36.787724,-16.931194,58.781757,-17.554415,5.2950172,17.19048,0.6803758,-46.841946,7.051656,-55.32895,19.317436,-11.761823,-7.581461
406,1.5997819900512695,-12.739629745483398,79.58479309082031,0.18186485871590308,1.1116360820913254,87.68088407580633,-16.369917,34.42083,23.425797,50.251125,-15.768632,-8.082992,-14.674982,-30.150072,-12.987017,32.810966,-7.649512,15.000033,1.6469527,-5.204256,21.667068,3.2573912,37.12387,-17.097778,58.848103,-18.121756,4.788579,18.270817,0.52806157,-46.67764,7.6154017,-55.518166,17.732288,-12.963296,-8.7365675
407,1.7956693172454834,-13.428078651428223,78.60730743408203,0.5985330533359062,1.7767872630899708,87.71905512506551,-20.118868,35.16491,21.979425,54.597675,-17.110064,-7.344408,-18.885052,-31.005857,-10.83085,38.006325,-9.810111,14.810196,1.6509176,-5.1111045,24.234552,0.16132595,37.530792,-17.500917,58.859154,-19.008577,4.686782,19.17568,-0.60463977,-46.535915,8.207063,-55.311512,15.106496,-13.799946,-9.5618725
408,2.010272741317749,-14.084498405456543,77.74026489257812,0.8199431692475467,2.6956781550526836,87.56071892738912,-23.806194,35.798378,20.417267,58.115734,-17.86745,-6.72995,-22.800499,-31.209417,-8.936339,41.89247,-11.300419,14.554325,1.5972275,-5.042438,26.488327,-2.6143408,37.977142,-17.41491,59.181217,-20.14781,4.395058,19.374304,-1.6632893,-46.43646,8.587694,-54.68735,14.262626,-15.484946,-10.819857
409,2.2295079231262207,-14.716694831848145,76.75529479980469,1.1036087904599978,3.5865188627529534,87.13045828859462,-27.308838,36.396782,18.926062,61.62103,-18.855927,-6.3047876,-27.078114,-31.144756,-6.460201,46.04658,-12.761969,14.423265,1.5882756,-4.955696,28.905632,-5.272785,38.413895,-17.070642,59.601162,-21.36924,4.326874,20.268969,-3.0369682,-46.315395,9.167898,-54.416706,13.207889,-16.450136,-12.058224
410,2.440077066421509,-15.331113815307617,75.73832702636719,1.3820994608395447,4.712594449924842,87.17265966236602,-31.362621,36.76242,17.170715,64.95441,-19.746521,-5.917713,-31.396797,-31.57883,-4.829662,50.377243,-14.132463,13.713088,1.4013836,-4.961231,29.793802,-7.97081,38.755104,-17.485018,60.806973,-22.986671,4.1242557,20.90941,-4.626612,-46.07002,10.491976,-52.77322,12.719122,-17.775642,-12.987391
411,2.638692855834961,-15.928279876708984,74.7281723022461,1.5942207838518967,6.185943910910134,86.84361263825267,-35.563034,37.24604,15.56417,68.143745,-20.550163,-5.184222,-36.18308,-31.528261,-2.953248,54.304314,-15.116745,13.479159,1.2182866,-5.0096602,29.793802,-10.554855,38.93918,-18.4562,62.65527,-24.518621,3.5132396,21.60806,-7.142229,-45.58192,12.753634,-50.049126,11.814491,-19.190145,-14.269354
412,2.819986581802368,-16.513017654418945,73.69023895263672,1.8675948279063361,7.646597804821919,86.52187687481253,-39.75651,37.382008,13.75245,71.154396,-21.076344,-4.7996483,-40.683613,-31.421085,-1.1603583,57.67927,-16.256062,13.255829,1.0325086,-5.15228,29.793802,-12.903502,39.033794,-19.304155,64.58594,-25.477774,3.2124407,22.435097,-9.341645,-45.016956,15.121461,-47.61472,10.693119,-20.369204,-15.255122
413,2.9730417728424072,-17.081132888793945,72.67593383789062,1.895674170304686,9.053588653246173,86.27492751129014,-44.03602,37.717113,11.822752,74.07122,-21.599863,-4.293209,-45.148567,-31.363152,0.11417804,61.291336,-17.38954,12.522985,0.74006796,-5.216476,29.793802,-15.394418,39.053154,-20.035011,66.943214,-27.477232,2.8818896,22.387602,-11.8973055,-44.28548,17.207943,-44.989197,10.794017,-21.114784,-15.341669
414,3.106461763381958,-17.625476837158203,71.67106628417969,2.216687519687896,10.335670107009822,85.9390513336529,-47.802658,37.379986,9.9839325,76.60536,-22.301394,-4.2031484,-49.24237,-30.880783,2.0967917,64.08502,-18.1479,12.626628,0.51969373,-5.4402037,29.793802,-17.837042,39.101437,-21.00521,69.12374,-29.567509,2.0350425,22.341457,-14.270045,-43.53326,19.32022,-42.445942,11.039674,-22.335787,-15.101115
415,3.2105612754821777,-18.128807067871094,70.5250015258789,2.4429732252123553,11.987863096446405,85.6055983914695,-52.097496,37.440884,8.270509,79.45256,-22.9119,-3.8163497,-53.92702,-30.917198,3.435402,67.31022,-19.217386,12.062961,0.27628368,-5.5257077,29.793802,-19.622953,39.071003,-21.789196,70.52957,-30.598778,1.450442,23.342543,-16.076796,-42.70799,21.29003,-40.554115,9.053154,-22.910242,-16.04622
416,3.2800116539001465,-18.598129272460938,69.5268783569336,2.570225091487477,13.364314768066139,85.19301326213309,-55.86288,37.253517,6.4742937,81.86737,-23.3777,-3.413758,-58.086273,-30.550833,4.807591,70.12608,-19.90273,11.758915,-0.011516919,-5.726794,29.793802,-21.239908,39.04117,-22.649433,72.06046,-31.707243,0.80752045,23.786259,-17.636091,-41.795082,22.779505,-38.697308,8.704396,-23.321531,-16.806566
417,3.313978433609009,-19.024259567260742,68.43952178955078,2.858730607993883,14.827045962947611,84.97051691998807,-59.70195,37.054947,4.9721665,84.40368,-23.789549,-3.0909486,-62.29027,-30.485895,6.2384195,72.866196,-20.57724,11.153338,-0.41827083,-5.9730716,29.793802,-22.581324,38.96802,-23.271868,73.44151,-32.804497,0.21347047,23.7464,-19.387506,-40.91167,24.09009,-36.685806,8.005667,-23.680586,-16.120934
418,3.302340269088745,-19.409486770629883,67.43620300292969,3.1277162208142433,16.14347197036479,84.93851156058676,-63.213997,36.296543,3.29741,86.52949,-24.13704,-2.9796126,-66.08224,-30.219572,7.7749696,75.334076,-21.309351,10.972663,-0.62526923,-6.1032934,29.793802,-23.673632,38.81723,-23.658405,74.259384,-33.930557,-0.45447424,24.518211,-20.413544,-40.01335,25.234524,-35.028778,7.7062902,-23.960936,-17.086123
419,3.2411298751831055,-19.755584716796875,66.38871765136719,3.407205255601494,17.32536015237062,85.03845145226246,-66.58949,35.725876,1.8819802,88.779305,-24.474998,-2.688476,-69.89757,-30.302027,9.244932,78.07263,-22.16232,10.148723,-0.9069174,-6.266844,29.793802,-24.673187,38.68547,-24.032234,74.99893,-34.070663,-0.5976363,24.88643,-21.597221,-39.10881,26.122053,-33.17894,7.1429877,-24.232843,-17.43564
420,3.1243832111358643,-20.069377899169922,65.41244506835938,3.2434267483367183,18.12226531563226,84.97885515551741,-69.7619,35.245285,-0.00020837563,91.03588,-24.978054,-2.6742046,-72.98675,-29.977907,10.3050995,80.63929,-22.654308,9.758106,-1.1111417,-6.4246073,29.793802,-25.47539,38.55901,-24.131935,75.91817,-35.22105,-1.0403022,24.831703,-22.762552,-38.31548,26.891886,-31.324171,7.6326113,-24.869778,-16.430946
421,2.9629504680633545,-20.341938018798828,64.42853546142578,3.0835220075066125,19.06802862199791,85.0214010838168,-72.87305,34.925186,-1.5490633,93.12986,-25.461517,-2.4233391,-76.078674,-29.665306,11.420707,83.03703,-23.49183,9.508401,-1.1192918,-6.3720303,29.793802,-25.844875,38.370865,-23.963472,76.50297,-36.15058,-1.2501805,25.4016,-23.254253,-37.508774,27.634243,-30.051908,7.2074237,-24.620047,-17.096947
422,2.758706569671631,-20.5863094329834,63.5037841796875,2.7662163609885853,19.877083743643546,84.89877010314196,-75.7311,34.45414,-3.250899,95.10407,-26.114372,-2.4075909,-78.788506,-29.164408,12.379347,85.121544,-24.280895,9.4731455,-1.2440399,-6.3175607,29.793802,-26.102211,38.201633,-24.024544,76.83092,-37.434925,-1.9114736,26.148903,-24.204493,-36.77749,28.04282,-28.632473,6.7318215,-24.667236,-16.928705
423,2.5285580158233643,-20.808176040649414,62.55813980102539,2.6859126332395356,20.685772398532215,84.88790873458807,-78.5178,33.920918,-4.6068244,97.204704,-26.534157,-1.9908578,-81.54279,-28.648333,13.750476,87.13512,-24.88462,9.125614,-1.4929757,-6.6242347,29.793802,-26.24083,38.085045,-24.175644,77.903694,-38.482525,-2.1452026,25.912743,-25.496635,-36.182125,28.642376,-27.054413,6.7735085,-25.379093,-16.748915
424,2.2739486694335938,-21.020530700683594,61.66841506958008,2.4433927532427284,21.185639845229797,84.89514864775295,-80.8566,33.370502,-5.9858136,99.084854,-27.048483,-2.0121343,-83.887474,-28.27132,14.815281,89.13816,-25.339136,9.168666,-1.6946923,-6.757315,29.793802,-26.241833,37.992367,-24.231365,78.49662,-39.275635,-2.6856332,26.325008,-26.403753,-35.722126,28.992758,-25.67732,7.476429,-25.38909,-15.963098
425,2.0122034549713135,-21.22534942626953,60.814945220947266,2.2016457296091234,21.81052210755633,84.88548178317141,-83.2464,33.010418,-7.150221,100.87669,-27.515472,-1.7632409,-86.285706,-27.86676,15.843521,90.95901,-25.840143,9.025998,-1.7118797,-6.7218637,29.793802,-26.208733,37.8729,-24.068853,78.988205,-40.490303,-3.154381,26.712572,-26.999714,-35.31964,29.378408,-24.796684,6.629483,-25.291224,-16.02227
426,1.7489043474197388,-21.437599182128906,59.82419967651367,1.7025745442758253,22.13566542037593,84.55781186182635,-85.74701,32.49855,-8.989422,103.1303,-28.0722,-1.7447615,-88.50119,-27.199884,16.724993,93.02922,-26.374481,8.941111,-1.7246802,-6.6279488,29.793802,-26.172974,37.73581,-23.827726,79.18392,-42.290436,-3.9196038,27.292044,-27.570715,-34.93662,29.595413,-23.791666,7.312733,-25.22743,-15.21003
427,1.5021237134933472,-21.652681350708008,58.953773498535156,1.580314009626723,22.44247682456142,84.7046360388542,-87.69582,32.090466,-9.902371,104.8159,-28.599403,-1.7876337,-90.59181,-27.066687,17.818787,94.83465,-26.861303,8.621526,-1.798054,-6.646822,29.793802,-25.931871,37.597218,-23.662453,79.700584,-42.855335,-4.2361393,27.507895,-27.639507,-34.670837,29.991718,-23.129145,6.5831795,-25.237488,-15.16703
428,1.2746412754058838,-21.880388259887695,58.070037841796875,1.3441769530077834,22.49181410402005,84.70077180482888,-89.49978,31.417376,-11.182084,106.59396,-28.768667,-2.0653405,-92.29664,-26.527462,18.878302,96.57988,-27.272413,8.961711,-1.7109168,-6.5268126,29.793802,-25.684494,37.389496,-23.38509,79.90021,-43.66546,-4.6809506,27.323338,-27.697048,-34.362396,29.8539,-22.445858,6.229714,-25.117834,-15.051537
429,1.0705609321594238,-22.113725662231445,57.11838150024414,1.1639112068209858,22.518179331707668,84.99504520243923,-91.38608,30.72142,-12.351078,108.387886,-29.214476,-2.3496075,-94.206825,-26.415182,20.001019,98.645515,-27.839771,8.590396,-1.6918895,-6.447879,29.793802,-25.662754,37.2273,-23.38187,80.27799,-44.5316,-5.0707946,27.417494,-27.97163,-34.106968,29.727879,-21.818699,6.208004,-24.9887,-14.248848
430,0.897240161895752,-22.352739334106445,56.22903060913086,0.9190475883003207,22.5061833094264,85.08706485104513,-93.17301,30.232393,-13.511288,110.076935,-29.69877,-2.553558,-95.81843,-26.101406,20.903248,100.35049,-28.1245,8.660887,-1.6130713,-6.3613954,29.793802,-25.529848,37.068623,-23.057554,80.35373,-44.865417,-5.2856603,27.479609,-27.897272,-33.955296,29.709524,-21.349886,5.8101716,-24.7084,-13.596484
431,0.7541120648384094,-22.59638023376465,55.42342758178711,0.8238234334588944,22.516644531078217,85.48921144611303,-94.76651,29.616194,-14.3401985,111.45321,-29.80399,-2.787722,-97.346245,-25.927904,21.961586,101.99612,-28.826399,8.522745,-1.7132161,-6.3972845,29.793802,-25.347311,36.969616,-22.773977,80.64665,-45.54928,-5.3195863,27.441156,-28.311987,-33.969543,29.7994,-20.742414,5.6289954,-24.154459,-12.9839525
432,0.6412870287895203,-22.855018615722656,54.458953857421875,0.7172083454254992,21.974286921825044,85.62684770069369,-96.02074,29.053276,-15.485665,113.24101,-30.31243,-3.0701754,-98.636894,-25.58732,23.12444,103.92701,-29.34885,8.499863,-1.613373,-6.1801953,29.793802,-25.184269,36.892426,-22.530804,80.51344,-46.60454,-5.8471766,27.691774,-28.534098,-34.097023,29.83172,-20.340054,6.1429663,-24.03263,-12.45804
433,0.5569271445274353,-23.108734130859375,53.629188537597656,0.614849100777657,21.713936860903345,86.02274657310538,-97.43017,28.610607,-16.322115,114.612656,-30.659067,-3.3389192,-99.92371,-25.581469,24.058504,105.54451,-29.893158,8.345736,-1.553783,-6.033922,29.793802,-25.00474,36.81269,-22.305788,80.4318,-46.141403,-6.0654926,27.80953,-28.423182,-34.254173,29.719776,-20.236095,5.6810584,-23.868586,-12.37417
434,0.5041360259056091,-23.366079330444336,52.796470642089844,0.5964503303259685,21.219237146040335,86.17771271975529,-98.48537,28.137154,-17.205574,116.04898,-31.01111,-3.6574347,-101.01732,-25.227814,25.087563,107.125435,-30.175367,8.562284,-1.5567274,-5.967886,29.793802,-24.81272,36.76067,-22.170536,80.182,-46.34592,-6.382747,27.851715,-28.561941,-34.528446,29.850769,-20.066772,5.5553155,-23.676954,-12.059286
435,0.47758087515830994,-23.61226463317871,51.97655487060547,0.5276609919759244,20.99756551226597,86.43631194729835,-99.890396,27.665588,-18.108107,117.379486,-31.234802,-3.8060338,-102.33378,-25.040459,25.975224,108.64797,-30.678204,8.538001,-1.4951335,-5.81751,29.793802,-24.758703,36.739265,-22.229687,79.85509,-46.687283,-6.853101,28.408587,-28.759945,-34.827408,29.688951,-20.019983,4.27466,-23.341717,-12.408384
436,0.48353472352027893,-23.855390548706055,51.16739273071289,0.8850704100552695,20.53255075259608,86.68549221982323,-100.77889,27.013231,-18.639948,118.748634,-31.611927,-4.035399,-103.45098,-24.523056,27.395273,110.07236,-30.95419,8.759957,-1.4435819,-5.79873,29.793802,-24.91734,36.72932,-22.377787,79.71054,-47.501846,-7.1809974,29.03199,-28.98639,-35.123283,29.532845,-20.09426,4.1186366,-22.94362,-12.2549305
437,0.5026757717132568,-24.081396102905273,50.47754669189453,0.7199343693507412,20.22937620414052,86.78473485877275,-101.95149,26.692934,-19.589529,119.84457,-31.673162,-4.1502995,-104.45775,-24.227472,27.984436,111.3685,-31.104008,8.66306,-1.4963131,-5.726715,29.793802,-24.894928,36.72594,-22.564291,79.6732,-47.111794,-7.3969393,29.38482,-29.264118,-35.42035,29.428688,-20.20092,3.3416278,-22.747711,-12.310721
438,0.5483072400093079,-24.29367446899414,49.92675018310547,1.1430045185455244,19.972484660146737,87.29490268351124,-102.58477,26.195152,-19.608326,120.52771,-31.921698,-4.438173,-105.3578,-24.014456,29.187088,112.3733,-31.344105,8.790434,-1.5854939,-5.834992,29.793802,-25.0803,36.67151,-22.792263,79.86526,-47.58095,-7.2593765,28.760006,-29.329702,-35.710167,29.504805,-20.380102,3.0871027,-22.651022,-12.355439
439,0.596909761428833,-24.493732452392578,49.28137969970703,0.9437384746864018,19.528230152488263,87.4105897106941,-103.475395,25.58859,-20.66882,121.52306,-31.891033,-4.8044558,-105.9701,-23.741093,29.645346,113.53735,-31.6306,9.153974,-1.5348147,-5.681695,29.793802,-24.865757,36.65417,-23.21705,79.40473,-47.03118,-7.6831784,29.77221,-29.664938,-35.919018,29.01453,-20.528837,2.4284413,-21.93221,-12.673472
440,0.6662527322769165,-24.67597007751465,48.84453582763672,1.2004902526325834,19.18074341399886,87.64949233594334,-103.88346,25.266514,-20.867487,122.06938,-32.03022,-5.048042,-106.47468,-23.36348,30.456854,114.32653,-31.939121,9.378146,-1.5862628,-5.73079,29.793802,-25.061613,36.615932,-23.454243,79.41135,-47.154633,-7.6534142,29.679186,-30.12858,-36.17778,29.065449,-20.623743,2.6605816,-21.93264,-12.1965685
441,0.739236056804657,-24.84124755859375,48.437076568603516,1.3421560339792336,18.736547583593506,87.87850425293361,-104.145164,24.729471,-21.25723,122.59816,-32.26022,-5.4169083,-106.87741,-23.273191,31.04899,115.09294,-31.950907,9.449383,-1.5453701,-5.69975,29.793802,-25.278563,36.577538,-23.599943,79.34098,-47.590633,-7.5807753,29.338629,-30.118824,-36.409927,29.11968,-20.755453,2.8978887,-21.629053,-12.317394
442,0.8141178488731384,-24.983341217041016,48.09227752685547,1.3152905381113,18.501737330625915,88.1396811764554,-104.670044,24.283642,-21.708574,123.006744,-32.071182,-5.670392,-107.273636,-23.221533,31.39113,115.77174,-32.04612,9.5269375,-1.7106091,-5.7906146,29.793802,-25.341125,36.618877,-24.117308,79.20309,-47.399467,-8.165666,28.760798,-30.49609,-36.56408,28.650295,-20.819374,3.4964418,-21.251545,-12.154705
443,0.8998556733131409,-25.108182907104492,47.760955810546875,1.5519124097635393,18.090556669337815,88.56433122542951,-104.796745,23.820694,-21.80069,123.33472,-32.293045,-6.0420804,-107.39115,-22.939169,32.171383,116.48234,-32.3521,9.967863,-1.6932677,-5.8771324,29.793802,-25.605812,36.659946,-24.198399,78.95957,-47.60078,-8.360087,29.032772,-30.579535,-36.743256,28.387156,-20.854692,3.7030158,-20.789549,-12.018893
444,0.9807233810424805,-25.20611572265625,47.53858947753906,1.4614975010283278,17.929087325030025,88.75449239276092,-105.08383,23.446964,-22.193844,123.48451,-32.28841,-6.451039,-107.4615,-22.797655,32.308037,116.91959,-32.540806,10.158185,-1.6626303,-5.8594856,29.793802,-25.824451,36.723625,-24.62622,78.90809,-47.564747,-8.627452,29.054445,-30.609781,-36.857796,28.213902,-20.966171,4.499657,-21.038963,-12.283769
445,1.066210150718689,-25.285703659057617,47.35340881347656,1.5728659392181887,17.70856039111725,89.11449621630314,-105.25202,23.21231,-22.247639,123.60407,-32.247734,-6.599548,-107.473785,-22.607008,32.761333,117.41932,-32.672924,10.369104,-1.6527199,-5.8661375,29.793802,-26.079391,36.787407,-24.702616,78.601364,-47.198112,-8.3724985,28.83895,-30.636713,-36.957962,27.868662,-20.946487,4.7384424,-20.7979,-12.275274
446,1.1468920707702637,-25.344709396362305,47.24650955200195,1.5972957844859428,17.58868570911327,89.42384085002858,-105.374664,22.987814,-22.327312,123.595726,-32.106113,-6.7140594,-107.49081,-22.617435,32.969368,117.74902,-32.85192,10.400438,-1.6879168,-5.844589,29.793802,-26.28782,36.840183,-24.92989,78.4638,-46.48975,-8.240165,28.684088,-30.72542,-37.051605,27.899412,-20.938148,4.0695744,-20.896193,-13.082936
447,1.223497748374939,-25.39326286315918,47.11016082763672,1.6661186853791448,17.391415543854237,89.65650198834328,-105.41197,22.683092,-22.459202,123.70711,-31.979353,-6.8619566,-107.484604,-22.52995,33.25413,118.13874,-32.93895,10.487884,-1.6881968,-5.8086705,29.793802,-26.403307,36.861343,-25.008669,78.33286,-45.9873,-8.124131,28.213964,-30.878351,-37.138813,27.885271,-20.990774,3.7754273,-20.963823,-13.452857
448,1.296270728111267,-25.43354034423828,46.99595260620117,1.7410795525616176,17.15888362711093,89.76524589357044,-105.42886,22.710693,-22.54867,123.83403,-31.979399,-6.868827,-107.25404,-22.179857,33.520607,118.4345,-33.15871,10.788404,-1.6373456,-5.5895195,29.793802,-26.454638,36.80379,-24.899899,78.301506,-46.599075,-8.12458,28.395077,-31.062763,-37.236618,27.92425,-21.221212,4.5163774,-21.20805,-12.9376745
449,1.3576966524124146,-25.469064712524414,46.833412170410156,1.7341884378232133,16.88048638128106,89.89786684626353,-105.414444,22.53473,-22.796392,124.022995,-31.889881,-6.8998885,-107.16665,-22.015417,33.751957,118.8518,-33.219322,11.007179,-1.6029092,-5.4631424,29.793802,-26.413813,36.77731,-25.008408,78.06419,-46.18029,-8.134576,28.399147,-31.144514,-37.3351,27.820738,-21.229328,4.6371293,-20.947699,-13.374951
450,1.4122885465621948,-25.50150489807129,46.71292495727539,1.727187091911711,16.673159092833373,89.89316448075162,-105.407295,22.445194,-23.0419,124.191475,-31.998093,-6.942551,-107.00836,-21.737503,33.881664,119.10677,-33.46812,11.157441,-1.5590867,-5.3163843,29.793802,-26.490646,36.74085,-24.917364,78.2599,-45.915775,-7.9352536,28.88632,-31.375101,-37.482845,27.889395,-21.34991,5.057352,-21.333036,-12.8182335
451,1.4606775045394897,-25.53289031982422,46.65932846069336,1.9055046045604613,16.54213824627865,90.09504346273158,-105.22172,22.088478,-22.954815,124.1764,-31.76888,-7.07047,-106.94892,-21.503601,34.259747,119.345024,-33.499687,11.29401,-1.5959215,-5.320705,29.793802,-26.551483,36.712746,-24.787382,78.08729,-45.702953,-7.567563,28.711815,-31.333092,-37.64657,27.81367,-21.34369,4.537638,-21.322271,-13.628937
452,1.4939680099487305,-25.565629959106445,46.58626174926758,1.577960645354751,16.38690443473438,90.04924636019031,-105.25183,21.96196,-23.46894,124.215454,-31.74765,-7.1105785,-106.5314,-21.236677,33.9865,119.483795,-33.625595,11.540838,-1.4999256,-5.1148753,29.793802,-26.615852,36.73982,-24.864666,78.172066,-45.479633,-7.463775,28.999704,-31.320227,-37.841743,27.848259,-21.200216,4.23834,-21.231401,-13.678181
453,1.527974009513855,-25.603702545166016,46.473060607910156,1.7765015337176833,16.141307449066424,90.10153857382582,-105.0738,21.65835,-23.493818,124.42101,-31.546347,-7.1544304,-106.734726,-21.201088,34.36672,119.80729,-33.59459,11.292033,-1.4581558,-5.0526657,29.793802,-26.533743,36.695496,-24.558624,78.00676,-45.49246,-7.36547,28.539547,-31.349255,-38.0384,27.756653,-21.384892,4.145862,-21.439833,-13.644536
454,1.5543458461761475,-25.6468563079834,46.35578536987305,1.8750735286637272,15.827746799065983,90.07800494783226,-105.00656,21.683952,-23.57656,124.670654,-31.455126,-7.06822,-106.67007,-20.947582,34.65585,120.08463,-33.715786,11.2360735,-1.4188582,-4.9166236,29.793802,-26.425787,36.611805,-24.434715,78.04233,-46.08308,-7.3363247,28.678276,-31.412138,-38.20315,27.660486,-21.48013,4.849506,-21.567492,-13.666937
455,1.568434715270996,-25.68729019165039,46.268577575683594,1.8270035122280974,15.771903303826345,90.10235775818936,-105.083916,21.540066,-23.74271,124.759735,-31.32974,-7.0572257,-106.708954,-20.815626,34.711216,120.2654,-33.744694,11.313938,-1.5227145,-5.006182,29.793802,-26.2909,36.62305,-24.899216,78.00686,-45.425274,-7.4493704,28.77752,-31.477451,-38.376156,27.636915,-21.431072,4.161681,-21.567713,-14.371726
456,1.5755411386489868,-25.736309051513672,46.12086486816406,1.8258668488947036,15.563325479556012,90.1611025001802,-105.047874,21.256721,-23.908318,124.93142,-31.480864,-7.3712945,-106.659294,-20.56869,34.963547,120.53001,-33.83954,11.444079,-1.5310614,-4.993036,29.793802,-26.241272,36.62388,-24.957012,78.006226,-45.539795,-7.4793515,28.646372,-31.481638,-38.59556,27.60955,-21.461735,4.293199,-21.880732,-14.181821
457,1.5760455131530762,-25.784713745117188,45.991233825683594,1.759779956696303,15.483393579777522,90.0838304814241,-105.26355,21.268555,-24.13688,125.1335,-31.370384,-7.3064227,-106.76038,-20.361483,35.008244,120.69737,-33.824036,11.590092,-1.5170554,-4.9525046,29.793802,-26.09281,36.6315,-25.035126,77.88991,-45.210175,-7.4434013,28.809326,-31.4536,-38.780846,27.461517,-21.678968,3.7617948,-21.814892,-14.519157
458,1.5714863538742065,-25.837188720703125,45.865447998046875,1.6911636621570736,15.337712723939129,90.04806253870343,-105.291695,20.946884,-24.404072,125.31566,-31.192635,-7.5516744,-106.67551,-19.989391,35.14329,120.8871,-33.744263,11.77308,-1.4942698,-4.906426,29.793802,-26.029852,36.662106,-25.17372,77.85139,-45.527477,-7.500526,29.033422,-31.337978,-38.933575,27.239407,-21.709343,3.8056326,-21.8184,-14.869302
459,1.567740559577942,-25.887447357177734,45.745967864990234,1.6417816229079387,15.239879360764121,90.05975263275282,-105.437,20.71907,-24.611439,125.495186,-31.080685,-7.608892,-106.57857,-19.569298,35.31472,121.0594,-33.64343,12.0748205,-1.5030236,-4.922275,29.793802,-25.920166,36.68425,-25.35202,77.77144,-45.406765,-7.489746,29.143925,-31.095974,-39.029305,26.961618,-21.790903,3.2607627,-21.807726,-15.419694
460,1.5662301778793335,-25.933820724487305,45.66542053222656,1.6213533737754604,15.192224518484279,90.00839745848724,-105.49172,20.414312,-24.792822,125.61935,-31.078558,-7.789112,-106.52755,-19.267855,35.39498,121.10727,-33.643696,12.306823,-1.4645025,-4.9276395,29.793802,-25.926363,36.692356,-25.458073,77.86653,-45.814335,-7.5186787,29.095072,-30.987997,-39.120567,26.891367,-21.981585,2.9541037,-21.766487,-15.234815
461,1.5687832832336426,-25.977087020874023,45.4424934387207,1.6132755252940754,15.037555903887199,90.05385208397175,-105.6679,20.111528,-25.057673,125.936905,-31.080416,-7.998911,-106.89264,-19.271042,35.644367,121.51567,-33.616085,12.187405,-1.4860662,-4.9369607,29.793802,-25.812609,36.707104,-25.57623,77.84665,-45.464275,-7.4574094,29.059444,-30.773016,-39.196682,26.710678,-22.189255,2.379357,-21.78235,-15.3054695
462,1.5794942378997803,-26.01413345336914,45.28950881958008,1.73229325391755,14.841488908779024,90.128044689499,-105.6381,19.713825,-25.157488,126.18443,-31.021553,-8.198988,-107.10676,-19.264946,35.970665,121.818565,-33.596096,12.129485,-1.4833951,-4.96735,29.793802,-25.74024,36.684776,-25.517466,77.87426,-45.831135,-7.390161,28.956875,-30.41853,-39.192917,26.459747,-22.358511,2.0918012,-21.640062,-15.396261
463,1.5982489585876465,-26.032054901123047,45.233821868896484,1.6713808626105342,15.077436574412774,89.96565897865365,-106.054726,19.907747,-25.333452,126.24535,-31.123285,-8.006804,-107.324905,-19.038908,35.845413,121.76761,-33.719227,12.17868,-1.4942572,-4.929345,29.793802,-25.724855,36.68584,-25.658216,78.115814,-45.762592,-7.310708,29.102215,-30.461325,-39.217422,26.6653,-22.803608,1.476184,-21.620356,-15.343401
464,1.6269962787628174,-26.0518798828125,45.11445617675781,1.8762627273439902,14.934360599653232,90.13452407237469,-106.13392,19.815588,-25.223299,126.42571,-31.144896,-8.008672,-107.409294,-18.89499,36.272957,122.02532,-33.617344,12.470346,-1.5401903,-5.04057,29.793802,-25.625935,36.64634,-25.679237,78.16722,-45.856327,-7.2772765,28.66355,-30.021452,-39.206593,26.670767,-22.958576,1.0431861,-21.537209,-15.607798
465,1.6558682918548584,-26.06429100036621,44.98478698730469,1.8259367741777714,14.852049146644337,90.06100860336753,-106.26986,19.73339,-25.525904,126.64801,-31.20499,-8.030343,-107.508835,-18.776464,36.317245,122.23605,-33.6326,12.435067,-1.4620144,-4.8860397,29.793802,-25.570354,36.575077,-25.613192,78.32509,-46.288483,-7.1972995,28.6648,-29.657227,-39.126957,26.456154,-23.217154,0.7680474,-20.865662,-15.545829
466,1.6902323961257935,-26.0740909576416,44.844078063964844,1.9274088379874463,14.810337995186723,90.22412608444995,-106.449814,19.469711,-25.580236,126.82545,-31.102993,-8.206528,-107.652725,-18.654823,36.65155,122.52949,-33.659443,12.60109,-1.5375633,-5.0055485,29.793802,-25.47379,36.523373,-25.638039,78.40309,-46.462173,-7.288579,28.586287,-29.361462,-39.037113,26.264046,-23.307161,0.8507814,-20.869669,-15.761417
467,1.7304000854492188,-26.08083152770996,44.78919982910156,2.0571300629403777,14.871882682809522,90.19303763901671,-106.51123,19.383574,-25.600605,126.8888,-31.081877,-8.201496,-107.61387,-18.228313,36.848175,122.58397,-33.770863,13.020065,-1.5299705,-5.057204,29.793802,-25.344511,36.428032,-25.736876,78.60348,-46.577526,-7.142717,28.553455,-29.188665,-38.95892,26.53311,-23.466116,0.37825686,-20.971575,-16.232508
468,1.7676044702529907,-26.09243392944336,44.72145462036133,2.129156687845397,14.82962265790883,90.22138364883915,-106.59539,19.321245,-25.664082,126.99295,-31.13171,-8.140425,-107.63568,-18.058064,36.994377,122.71773,-33.832508,13.154341,-1.6052155,-5.1583815,29.793802,-25.085306,36.30175,-25.936457,78.8089,-46.440693,-7.185364,28.27932,-28.908289,-38.805027,26.516256,-23.427244,0.18594705,-20.979439,-16.383242
469,1.8055442571640015,-26.10609245300293,44.7115592956543,2.220119497061133,14.811059706052665,90.17148325029126,-106.61396,19.395103,-25.67155,127.02463,-31.244764,-7.9921284,-107.53299,-17.876013,37.04113,122.684654,-34.01218,13.420171,-1.5593095,-5.197684,29.793802,-24.911943,36.148357,-25.430315,78.985855,-46.44551,-6.6296287,28.503428,-28.546492,-38.731964,26.593395,-23.22008,-0.6779765,-20.656595,-16.359493
470,1.8378863334655762,-26.125904083251953,44.62702178955078,2.288652514905008,14.55394470460905,90.10518210023183,-106.54345,19.555422,-25.75056,127.196465,-31.399563,-8.088946,-107.595146,-17.945738,37.110443,122.85107,-33.958164,13.411465,-1.7461832,-5.4021654,29.793802,-24.233452,35.988834,-25.235325,79.16734,-46.629578,-6.7074294,28.497528,-28.217327,-38.66055,26.542507,-22.959414,-1.1106828,-20.097998,-16.44083
471,1.8736547231674194,-26.136940002441406,44.59743118286133,2.424493477870384,14.409690097366946,89.91276154525185,-106.4073,19.804235,-25.758919,127.30658,-31.680666,-8.127051,-107.43536,-17.556807,37.22198,122.86627,-33.946556,13.693831,-1.940269,-5.652523,29.793802,-23.315992,35.783043,-24.914886,79.25888,-46.061085,-6.7504,28.52979,-27.865923,-38.669537,26.371326,-22.626375,-0.84253585,-20.031797,-15.96169
472,1.9073050022125244,-26.131343841552734,44.642120361328125,2.397791658399471,14.234558264487575,90.0022180365332,-106.13227,19.850294,-25.738588,127.198906,-31.70826,-8.267539,-107.039665,-17.46631,37.227795,122.90441,-33.98499,13.799685,-2.26644,-6.154958,29.793802,-22.192701,35.611736,-24.555433,79.268394,-45.68247,-6.810745,28.37228,-27.174875,-38.861256,26.08239,-21.563812,-2.081844,-19.837255,-17.074373
473,1.9483287334442139,-26.10001564025879,44.6765022277832,2.2765088618705693,13.936780869588116,89.91250040931878,-105.86208,20.110126,-25.961218,127.25643,-31.781023,-8.178233,-106.54239,-17.346237,37.05839,122.97234,-33.952347,13.807957,-2.5908692,-6.6302285,29.793802,-20.557133,35.452442,-23.455233,79.39704,-45.28075,-6.451078,28.409529,-26.325336,-39.40452,25.50479,-20.220036,-2.8759336,-19.660622,-17.315243
474,2.0058114528656006,-26.026090621948242,44.75033187866211,2.233459221426631,13.691205682085823,89.92349504296854,-105.49823,20.681843,-25.9391,127.14637,-31.934538,-8.119471,-105.758316,-16.939201,37.082165,123.06331,-34.116234,14.101589,-3.0182652,-7.2803445,29.793802,-18.267946,35.36566,-21.75192,79.216,-45.19882,-6.157042,28.753742,-25.350601,-40.452168,24.730133,-18.504904,-3.6788418,-18.442875,-17.137913
475,2.079366445541382,-25.889644622802734,44.92818832397461,2.3391580298198487,13.807853382553342,89.80972507401657,-104.99472,21.154629,-25.728275,126.85789,-32.371815,-8.298351,-105.12763,-16.397089,37.0499,122.93066,-34.36113,14.590683,-3.6714997,-8.27235,29.793802,-15.297862,35.353935,-20.401726,79.18738,-44.17979,-6.0093737,29.535229,-24.327318,-41.955936,23.761024,-16.676708,-4.5987477,-16.941477,-17.384275
476,2.1609251499176025,-25.69146156311035,44.991790771484375,1.9170055206474859,13.727472860880637,89.65010843344781,-104.7395,21.683815,-26.311985,126.84159,-32.583214,-8.340612,-104.25354,-15.920203,36.614216,123.15554,-34.63167,14.633425,-4.2351933,-9.187565,29.793802,-11.763278,35.56638,-18.397188,78.97787,-43.293293,-5.778532,29.778011,-23.579103,-44.258392,22.634521,-13.878051,-4.7870693,-16.160595,-18.596622
477,2.2691493034362793,-25.40812873840332,45.23155212402344,2.008302077343844,13.917190034732377,89.77539986923793,-104.484795,23.051956,-25.88317,126.4788,-32.89828,-7.7381787,-103.74883,-15.702756,36.66778,123.33641,-34.659504,14.255747,-5.201682,-10.480457,29.793802,-7.5240035,36.094944,-15.83706,78.66672,-41.369785,-5.158658,30.310862,-22.629135,-47.342945,20.38964,-11.113467,-5.5992475,-14.431468,-21.829636
478,2.390763282775879,-25.037288665771484,45.66984176635742,1.9600332717714344,14.313191819290477,89.99088497720297,-104.16227,24.281652,-25.420454,125.83481,-32.927025,-7.312902,-102.64211,-15.4092,36.397068,123.139915,-34.691555,14.406691,-6.1510606,-11.953491,29.793802,-2.9954798,36.87192,-12.822531,78.44942,-40.060665,-4.4969206,30.092152,-22.42817,-51.362293,17.917135,-7.545156,-5.8033376,-12.462767,-23.596436
479,2.522315740585327,-24.57545280456543,46.165184020996094,1.4813460694783913,14.877451056013042,89.68237745433682,-103.937614,25.62857,-25.706568,125.236305,-33.036,-6.587952,-101.32048,-14.646604,35.441128,122.75618,-34.39964,14.41577,-7.1308737,-13.539101,29.793802,2.1084774,37.667816,-9.862353,77.91687,-39.97227,-3.2784593,30.894207,-22.213942,-56.13749,15.543061,-3.428829,-6.1674047,-8.946539,-25.327797
480,2.677384376525879,-24.012758255004883,46.76453399658203,1.2983009669682044,16.152820510387482,90.00294820556658,-103.862755,26.311783,-25.30715,124.17181,-33.079823,-6.098216,-100.438545,-14.171518,34.890514,122.34273,-34.38391,14.390465,-7.7465124,-14.899514,29.793802,6.7527823,38.383057,-6.988563,77.83443,-40.541306,-1.232471,30.434359,-22.262812,-61.613564,14.233053,1.735164,-5.210294,-5.1907377,-26.30134
481,2.861579656600952,-23.37035369873047,47.522891998291016,1.0019007353979508,17.358291092747976,90.20026196069675,-104.06289,28.216412,-24.80682,123.02904,-33.674942,-4.8679023,-99.1939,-13.516814,34.077408,121.75056,-33.608654,14.044966,-7.862578,-15.392146,29.793802,11.415682,38.288013,-4.69914,76.174,-43.03995,-0.3658304,31.892174,-21.053518,-66.76302,11.36737,5.7322145,-2.5018466,-0.38490602,-26.870901
482,3.078031301498413,-22.644290924072266,48.2965087890625,0.7368567877334897,19.426635993577104,89.67837649685741,-104.54466,29.308422,-24.708717,121.92099,-33.52329,-3.861338,-98.986824,-12.804567,32.862267,120.60283,-33.259125,13.337395,-8.015179,-15.957197,29.793802,14.952928,37.679676,-3.7918296,76.37531,-45.885986,0.97826743,30.877838,-20.153498,-72.394424,10.104034,15.974592,3.0999794,3.5085144,-25.594072
483,3.3495101928710938,-21.881736755371094,48.98086166381836,1.2309277525919335,20.729759655595558,90.16577354161274,-104.37729,31.255224,-23.237637,120.73946,-33.548176,-3.091215,-97.98421,-12.304424,32.899643,119.99608,-33.430355,13.745789,-7.8069034,-15.624253,29.793802,18.197876,36.1735,-4.4166675,77.8042,-49.097546,2.717834,28.454412,-18.67927,-78.031075,8.963332,27.70053,8.986114,6.549694,-24.616348
484,3.656399726867676,-21.069843292236328,49.6641845703125,1.834810326329032,22.312008491706898,90.89248338356316,-104.55918,33.410942,-21.548534,119.49451,-33.934544,-1.8102387,-97.44568,-12.169859,32.938717,119.47723,-33.589863,13.665197,-7.6276774,-14.762309,29.793802,20.654524,34.4194,-5.1297736,78.84269,-52.703876,3.7578936,26.69692,-17.256584,-83.72592,8.314684,40.771038,18.32022,8.586232,-23.539358
485,3.9787940979003906,-20.246328353881836,50.365806579589844,2.0222995463318245,23.670422264512922,91.06814246343014,-103.7222,34.019424,-20.783579,118.0792,-33.989357,-1.8763169,-96.95095,-11.936638,32.321888,119.01989,-32.872654,12.862355,-7.1829767,-13.34829,29.793802,22.09461,32.244404,-6.352008,80.24233,-55.813484,4.7240934,26.52498,-14.954224,-88.314,7.4855394,56.029625,28.195768,11.425795,-24.383356
486,4.331664562225342,-19.426494598388672,50.85773468017578,3.3602065943538357,24.82068595388137,91.7975222510152,-102.734535,34.887093,-18.810957,117.170525,-33.95025,-1.7931086,-97.03821,-12.646237,32.971546,118.91881,-32.983147,12.222004,-7.1441374,-12.522512,29.793802,23.725708,30.110836,-7.590299,81.89877,-57.784546,5.2956953,23.695093,-11.244589,-91.460686,7.43492,70.5496,41.399883,11.341768,-21.41249
487,4.685618877410889,-18.611040115356445,51.49424743652344,4.993769306789676,26.89079155558054,92.52837837838824,-102.205444,35.285324,-16.432453,115.9641,-33.79476,-1.5090264,-96.77729,-12.229123,33.8919,117.74841,-33.20931,13.605688,-7.265372,-12.2820835,29.793802,26.379486,28.835207,-6.8884506,82.33507,-59.510185,4.7886276,21.578966,-8.037909,-93.331024,8.315599,81.689415,51.26771,9.628088,-18.963552
488,4.9977312088012695,-17.86648178100586,52.24850845336914,5.510757455050232,28.187584337652027,92.24156046052745,-100.76479,36.092464,-15.07412,114.405,-34.06627,-1.145864,-96.347626,-11.925119,33.429028,116.576935,-32.794,13.530428,-7.305915,-11.955272,29.793802,29.11743,28.324118,-6.2734876,82.89733,-58.192135,4.6517787,20.19621,-5.517436,-94.075745,9.946839,90.972244,59.647034,9.3687105,-18.40967
489,5.279711723327637,-17.231542587280273,52.39228439331055,5.974102275022127,28.215786366429825,92.55792024665753,-99.96059,35.726383,-15.075531,114.351715,-33.688015,-1.5553578,-95.5306,-11.955785,33.49703,117.03498,-32.69491,14.217145,-6.830608,-11.4223795,29.793802,30.905922,28.25894,-5.53668,84.14521,-59.826824,6.115544,19.967472,-3.8209805,-94.503845,12.336128,100.16544,67.02304,10.569037,-15.39557
490,5.5134477615356445,-16.64324378967285,53.17133712768555,6.9149647748678635,30.226256291913657,93.50668519712755,-99.19507,35.75847,-12.805659,112.08292,-33.23035,-1.0422683,-95.84481,-12.346101,33.37369,115.60559,-32.13794,14.250914,-7.007728,-11.247681,29.793802,35.38169,29.114609,-3.156382,84.469,-60.80853,6.1393986,17.854536,-2.6985004,-94.73027,15.153178,105.58232,73.17458,12.753187,-16.903078
491,5.718902587890625,-16.185422897338867,53.5291862487793,6.841878316380515,30.972377304401746,93.11350421127898,-98.482376,35.33495,-12.932503,111.2123,-33.67853,-0.90973175,-96.02906,-12.556794,32.41176,115.056755,-32.033657,14.028438,-6.829182,-10.94225,29.793802,38.8578,29.88838,-2.331539,84.26119,-61.032158,8.794263,18.797739,-1.8470997,-94.707634,18.173582,110.59578,75.633125,16.658024,-16.545307
492,5.894476413726807,-15.80998420715332,54.085540771484375,6.574845273386787,31.563458013878574,93.18618560226929,-98.189316,36.320545,-12.324003,109.95465,-32.3661,-0.32369408,-96.05157,-13.293381,31.121113,114.33688,-31.677418,13.421766,-7.2842255,-10.352603,29.793802,44.417862,30.870779,-0.89603466,84.19904,-59.870872,10.917292,16.307957,0.31023675,-94.521095,20.978672,114.69727,78.37312,20.24867,-18.058832
493,6.078530311584473,-15.50900650024414,54.43709945678711,6.938113902173592,31.78350304589705,93.83084724498295,-97.581184,36.138927,-11.623478,109.01572,-31.845201,-0.0066621564,-95.69032,-13.694143,30.870562,114.11565,-31.662092,13.710268,-7.2645607,-9.324642,29.793802,49.146133,31.257725,0.38323346,84.29606,-60.08847,12.326335,15.415217,3.8204498,-94.41071,22.160627,118.087,80.43924,22.985353,-18.812431
494,6.262539386749268,-15.249164581298828,54.440635681152344,7.69751654364845,32.30522878011529,94.98238935371509,-97.42757,35.61444,-10.812165,108.28343,-31.651081,-0.27367678,-96.148834,-14.662001,31.143103,114.49499,-32.23553,13.416498,-7.3436303,-8.091908,29.793802,54.635803,31.433424,2.2371535,84.308716,-61.234657,13.54434,13.255727,8.429996,-94.18258,22.638885,120.00027,81.56929,23.57921,-19.362827
495,6.455826759338379,-15.018457412719727,54.43223190307617,8.807001854772606,32.50296243170622,96.28163258799312,-97.32298,35.944748,-9.425262,107.9691,-31.61092,0.05975057,-95.905464,-15.277006,31.929022,114.78477,-32.96361,14.10349,-7.014305,-8.264787,29.793802,62.9361,31.242584,5.898866,81.15314,-60.430534,14.384373,13.5141,12.245936,-93.98471,21.362535,120.00027,84.02322,22.039433,-19.062864
496,6.612483978271484,-14.781003952026367,54.70645523071289,10.635545517088516,33.386517361911174,98.92908548742639,-96.9066,36.24422,-6.2059727,106.297676,-31.005444,0.34446916,-95.8067,-15.618624,33.40641,114.68544,-33.223946,14.9300375,-7.250136,-7.794513,29.793802,69.72446,30.02855,8.034524,78.53476,-60.26281,13.6371975,13.322413,24.348005,-92.846634,16.19507,120.00027,86.003296,24.300442,-20.414303
497,6.715404033660889,-14.557449340820312,54.778011322021484,11.485163932210966,33.87328050957735,100.5571203417608,-97.121445,35.4623,-5.3508406,105.63018,-30.200726,0.49469078,-95.81554,-16.340237,33.776295,114.840675,-33.423237,15.000033,-6.858095,-6.0437,29.793802,73.72434,28.652943,7.3551717,77.14982,-59.890396,13.454233,14.90013,34.502422,-91.44706,9.748788,120.00027,85.26892,25.08692,-20.727034
498,6.726168155670166,-14.330127716064453,55.1500244140625,11.436192865619134,34.312439033154995,102.09475532395554,-97.07171,33.841175,-5.296224,104.061485,-28.79793,0.2073735,-96.16709,-18.027683,32.82971,114.69843,-33.71917,13.895006,-6.7555604,-4.130832,29.793802,75.05044,27.486324,4.9978437,76.85551,-58.0897,14.320847,17.190538,43.70369,-89.64277,4.4632635,119.758125,82.90865,26.465971,-24.089783
499,6.68325662612915,-14.084975242614746,55.5859489440918,11.602753883487646,34.92861395292413,103.73575841055214,-97.04645,32.693916,-4.6765885,102.46805,-27.929716,0.32873958,-95.82384,-19.0875,32.228645,114.03153,-34.17467,13.573342,-6.516464,-2.2489219,29.793802,76.34415,26.182695,3.2578528,77.094574,-58.794567,12.984202,18.089273,52.496933,-87.28457,-0.58684576,116.895775,83.73027,23.230995,-25.855812
500,6.597474098205566,-13.811121940612793,55.99528121948242,12.467756315757754,35.90742324320879,105.46673190626993,-97.02764,31.60329,-3.387878,100.960175,-26.54121,0.5889058,-96.01267,-20.164743,32.28978,113.15433,-34.08214,13.427855,-5.691079,-0.097653545,29.793802,76.95353,25.239422,1.4232264,77.25082,-59.59106,13.115888,19.25857,57.45006,-85.355194,-4.8366237,114.92718,84.31127,21.339285,-26.491112
501,6.4531049728393555,-13.52853775024414,56.62285614013672,13.33310036979694,36.0395531458487,108.04133664044971,-96.20566,30.11332,-1.7400298,98.92425,-24.76756,0.2078576,-95.51585,-22.83369,31.810925,112.18887,-34.20034,13.306308,-4.995758,2.426724,29.793802,77.796196,24.97491,1.172832,76.73204,-58.785065,12.714824,20.097584,59.434494,-83.43284,-6.8361177,111.2257,85.007324,17.914614,-29.665642
502,6.303465366363525,-13.222578048706055,56.607765197753906,13.306884154815592,36.47879382495261,108.84694555260911,-96.81915,28.43764,-2.658788,98.88598,-24.858164,0.3454254,-94.25532,-22.540716,31.72203,111.8172,-35.498875,14.461037,-3.166379,5.0032225,29.793802,77.643166,24.53495,-0.9215066,77.28783,-56.81874,13.184028,21.541126,60.523026,-82.077126,-8.956118,112.08188,84.37591,16.004265,-20.312572
503,6.130185604095459,-12.909162521362305,57.03203582763672,14.707863429762044,36.880144581449855,111.83713911260057,-96.35604,26.06983,-1.282911,96.90918,-23.435413,-0.35548362,-93.390205,-24.085264,32.124645,110.93746,-36.4442,14.960935,-2.1906114,7.905714,29.793802,75.91068,24.162664,-1.8869116,78.441605,-56.762543,11.70642,21.086859,61.225956,-80.27287,-9.132076,110.29392,84.63805,14.160139,-16.492775
504,5.929079055786133,-12.613996505737305,57.92521286010742,14.198874093173467,37.60677748969077,114.37147967395744,-96.422195,23.505823,-1.7340131,93.952095,-21.426313,-0.44697252,-92.32463,-26.688906,29.38087,109.28487,-36.91464,13.584489,-0.9275091,11.2840185,29.793802,69.45927,23.747864,-4.5677037,81.80767,-53.69881,13.0042715,22.330254,59.621128,-78.53168,-8.723038,109.29455,82.63282,12.4655695,-16.224728
505,5.797468662261963,-12.36421012878418,57.9843635559082,15.690698572262894,36.97747585868639,117.26980461912588,-95.72464,20.760439,-1.0554954,92.96133,-20.470215,-1.1939676,-90.33045,-27.56262,30.440645,109.31639,-37.90199,14.837318,0.74260384,14.388181,29.793802,67.81745,23.197975,-4.8344374,81.97601,-52.974106,11.729153,23.165848,57.49938,-76.74335,-8.435706,108.24416,82.1392,8.977527,-11.995954
506,5.667996406555176,-12.179181098937988,58.693973541259766,16.234171014571395,36.1765974771662,120.30819352812469,-94.668274,17.589243,-0.9152709,90.56072,-18.385784,-2.7014925,-87.79105,-29.693598,29.229404,108.17776,-38.870213,14.819461,2.2259529,18.153358,29.793802,64.932,22.43074,-6.865273,82.373924,-51.92135,10.666928,23.081371,55.87758,-74.224236,-6.1802945,105.53748,80.96295,5.6845922,-9.916627
507,5.5601043701171875,-12.05408763885498,59.628807067871094,16.142766658132725,35.71314201857083,123.29146405516609,-93.75223,15.238681,-0.83202374,87.4859,-16.54354,-2.8895102,-85.04587,-32.47324,26.342037,106.30064,-39.49122,14.807421,4.4742775,22.140491,29.793802,59.933426,21.824883,-9.358957,84.5992,-49.483955,10.009337,23.748997,52.425476,-71.88331,-4.0226245,103.860146,78.086655,5.445584,-9.404884
508,5.522030353546143,-12.025906562805176,59.575809478759766,16.98447965689067,32.88639852342019,127.07195470946854,-92.16885,11.353946,-0.9794842,86.60095,-15.487726,-4.6838794,-81.37021,-35.02223,26.081526,107.4763,-40.987755,15.000033,6.9651055,25.466515,29.793802,56.2864,20.686222,-10.483423,83.1241,-48.573597,9.124226,24.980495,50.51811,-69.32985,-2.4480245,101.39747,76.776085,1.3887575,-7.8205543
509,5.431854248046875,-12.06921672821045,60.724769592285156,16.01919716478352,31.973495669866264,130.16978561644913,-90.78475,7.6779456,-2.629114,82.876656,-13.687279,-4.7689414,-77.90252,-39.037296,21.222963,105.58208,-41.22154,14.443093,9.398772,29.082718,29.793802,48.365112,19.349566,-14.33713,85.613045,-47.57162,10.161641,23.353525,45.997147,-67.2302,-0.54062533,99.544,72.94143,-0.9787838,-6.7141848
510,5.447744369506836,-12.20421314239502,60.06583023071289,17.041885412919385,28.490444023589216,134.69017214624137,-89.575195,3.1948636,-2.6736517,82.764336,-12.124833,-8.400112,-73.01756,-43.489216,19.585438,106.5739,-42.935646,15.000033,13.02802,29.793802,29.793802,46.379116,18.809172,-12.120534,83.32882,-45.99757,7.5958276,25.81407,39.45903,-66.1187,4.1006002,97.14992,73.7428,-3.3352613,-5.8325377
511,5.3069562911987305,-12.410249710083008,61.992103576660156,15.881138274427418,28.939861792809502,137.11219047455577,-88.11176,1.150533,-3.5329897,77.31349,-10.319801,-8.113521,-69.86123,-44.404415,14.774054,103.31031,-41.92326,15.000033,13.221527,29.793802,29.793802,43.80063,17.302988,-14.381433,80.366905,-43.162663,7.004411,24.452597,28.661324,-65.20063,9.038777,95.90133,67.08376,-5.15829,-7.191384
512,5.250268936157227,-12.697978019714355,61.24705123901367,17.22968238508647,26.646595428826675,139.87205038434365,-87.66776,-2.5387166,-3.3627594,78.00815,-9.942308,-10.702447,-67.57404,-45.573723,16.185328,104.739296,-42.638153,15.000033,15.230162,29.793802,29.793802,41.077976,15.922136,-16.672625,76.41471,-37.09751,5.3956265,23.500917,18.024927,-65.064224,14.955757,94.59108,58.491444,-7.372092,-4.966147
513,5.065634250640869,-13.121960639953613,61.443180084228516,17.00160349715277,23.48636452801232,143.20646214393815,-85.500946,-6.2594056,-3.736045,76.5464,-8.8341875,-11.994229,-61.22123,-47.84839,13.443375,103.94944,-42.93073,15.000033,16.491875,29.793802,29.793802,40.096607,14.229992,-18.74375,71.80837,-32.8145,4.8455205,24.832233,8.952753,-64.233826,21.593134,92.1246,51.79215,-8.004922,-5.8000937
514,4.766823768615723,-13.598910331726074,61.99773025512695,17.29476424778446,22.306370007263492,145.52639764320773,-84.173134,-9.571525,-4.126711,74.19677,-8.473289,-13.108626,-57.48691,-48.718597,12.013378,102.126785,-41.990593,15.000033,17.839447,29.793802,29.793802,37.776672,12.959296,-20.849854,69.71346,-27.605854,3.0780764,24.269648,0.47395068,-63.638496,27.103325,90.53447,45.39581,-9.108059,-5.44686
515,4.375054836273193,-14.173579216003418,62.42606735229492,17.13145008779669,20.542650638118516,147.64021103064556,-82.5117,-12.544796,-4.5011725,72.49518,-8.064369,-14.159067,-52.74664,-50.903214,9.489654,100.444435,-41.246834,15.000033,19.322536,29.793802,29.793802,36.941956,12.167948,-21.547487,66.162575,-23.421549,2.0617793,24.711449,-8.143331,-62.896416,32.492413,88.45936,38.549088,-8.808662,-5.0232954
516,3.864773750305176,-14.826157569885254,62.74260330200195,16.35624636566392,18.804377954669803,149.3561029544591,-81.17571,-16.242292,-6.2122736,71.93663,-7.8585496,-15.000033,-47.442947,-52.976784,6.333938,98.85856,-40.178047,15.000033,20.995794,29.793802,29.793802,35.699795,11.774724,-21.593521,63.33128,-20.651234,1.5247421,24.236864,-16.823933,-61.72843,35.81967,86.16707,34.805233,-7.956277,-5.5367284
517,3.2854833602905273,-15.503461837768555,63.334625244140625,15.297791592445975,17.66266392689239,150.59198869685213,-79.817345,-18.288805,-7.3228445,71.14632,-7.797747,-15.000033,-42.878548,-54.606785,3.1403384,97.19556,-39.649536,15.000033,22.748585,29.793802,29.793802,34.597088,11.691162,-21.770742,60.499817,-17.710814,1.0204753,23.505968,-25.387941,-60.701,39.58365,84.616035,31.346407,-8.637899,-5.034982
518,2.6340060234069824,-16.20609474182129,63.631587982177734,14.466853991755652,15.806091684278119,152.83746325262788,-77.97572,-21.314508,-8.355053,70.22424,-8.128808,-15.000033,-37.23328,-56.01375,-0.2508111,96.05606,-39.046494,15.000033,24.556366,29.793802,29.793802,33.222855,12.194822,-21.879375,58.322525,-14.656026,1.7662189,22.493876,-35.18133,-59.603615,43.4471,84.52946,30.172342,-7.38406,-4.354668
519,1.9482027292251587,-16.873825073242188,64.36509704589844,12.834215924303251,15.5187510407784,152.978223640714,-76.54837,-22.13045,-9.815228,69.35306,-8.4197445,-15.000033,-32.37299,-56.561916,-4.8885584,93.37788,-38.361115,15.000033,26.562315,29.793802,29.793802,31.645092,12.88285,-21.920351,56.571117,-12.721696,0.78806454,20.630497,-43.48911,-58.359344,45.4394,82.68657,28.754515,-7.7328424,-4.6346254
520,1.2599581480026245,-17.469192504882812,64.4258041381836,12.171289042167134,14.13720442523796,154.7258619620871,-75.52234,-22.969812,-9.046842,69.48693,-9.025249,-15.000033,-25.824757,-56.462116,-8.878931,91.232285,-38.281055,15.000033,27.920872,29.793802,29.793802,30.966803,13.609442,-21.761438,54.79128,-10.573205,0.6244235,20.033916,-52.537052,-57.394478,47.04925,82.24674,30.672493,-8.468535,-5.1862044
521,0.5217170119285583,-17.988121032714844,64.94670867919922,10.39175620780285,13.39902944463046,155.87873706055277,-73.89445,-23.512531,-10.1763,69.08434,-10.083396,-15.000033,-18.945248,-55.426422,-14.500725,87.884735,-37.480682,15.000033,29.724367,29.793802,29.793802,31.117855,14.159337,-21.516329,52.55444,-9.450171,0.014410821,19.663912,-62.207794,-56.584953,48.186302,80.94483,35.16738,-9.751306,-6.0558057
522,-0.2512876093387604,-18.403942108154297,65.08234405517578,8.715694886868425,11.940331118989938,156.91376018262878,-72.118706,-24.308393,-11.427966,70.00528,-11.206177,-15.000033,-12.0920925,-54.59126,-19.699469,84.49276,-35.89656,15.000033,31.437473,29.793802,29.793802,31.11096,14.65318,-21.776842,50.91746,-8.559215,-0.21731126,18.8853,-72.29575,-56.052372,50.4029,80.616066,42.254246,-12.303752,-7.4622946
523,-1.0935794115066528,-18.68362808227539,65.52578735351562,7.247326161232323,10.953678313541149,158.38547080249813,-70.04981,-25.571503,-13.085818,69.89994,-12.150791,-15.000033,-5.4566383,-52.935368,-24.57794,79.948845,-34.793495,15.000033,32.72879,29.793802,29.793802,31.583609,14.991646,-21.338112,48.954315,-8.463079,-0.69237584,18.569181,-81.81651,-55.61282,52.261333,80.28824,47.792435,-13.311808,-8.36546
524,-2.0211777687072754,-18.82697296142578,66.33985137939453,5.9909247349648895,10.81428150605823,159.09465235571585,-68.11263,-26.003277,-14.638807,69.188324,-12.684672,-15.000033,-0.45233902,-51.414463,-28.636845,75.93277,-32.74314,15.000033,33.8657,29.793802,29.793802,31.26612,15.1807,-22.314833,48.711235,-8.9432955,-1.5469764,19.724049,-91.22285,-55.27186,55.512817,80.21579,51.94169,-14.187995,-9.503221
525,-2.9809069633483887,-18.819988250732422,67.04846954345703,4.951447712157408,10.176384749912536,160.10651227130955,-65.61942,-26.840565,-16.458076,68.604256,-13.524429,-15.000033,5.0375714,-49.10833,-32.333725,71.588715,-31.080845,15.000033,34.840054,29.793802,29.793802,31.691092,15.335519,-22.679457,48.161213,-8.302387,-1.579224,19.23012,-99.97478,-54.865425,58.49689,80.44757,55.480457,-14.354922,-10.147761
526,-3.9936444759368896,-18.6743221282959,67.85389709472656,4.484122226576115,10.16296024742857,160.71413512180342,-63.773075,-27.42327,-17.698854,67.95556,-13.505059,-15.000033,9.05864,-47.158543,-34.70054,67.66528,-28.986074,15.000033,35.519756,28.168552,29.793802,32.259144,15.587819,-22.067818,47.667572,-8.258007,-2.149417,19.8762,-106.57302,-54.260765,60.0114,79.86511,57.526077,-14.3051815,-10.667277
527,-5.026705741882324,-18.405189514160156,68.90911102294922,3.630936026649208,10.52626036250591,161.2425108277683,-61.824627,-27.034575,-18.963825,66.67385,-12.977994,-15.000033,13.434354,-44.983547,-38.518295,63.226982,-27.086899,15.000033,36.357224,25.85516,29.098412,32.878544,15.98377,-20.92768,47.980515,-9.120292,-2.7580807,20.004301,-112.06398,-53.548256,61.11776,78.48519,58.89726,-14.250004,-10.764043
528,-6.064505577087402,-18.008108139038086,69.82817077636719,3.499716471942518,10.877945017720297,161.43954463872635,-59.82728,-27.528957,-20.52717,65.416565,-12.590401,-15.000033,16.199383,-42.884502,-40.085693,59.457455,-24.22438,15.000033,37.196735,23.50726,28.041725,33.11537,16.451485,-20.219864,49.197685,-9.680112,-2.9607422,20.036633,-117.36677,-52.858006,62.310123,77.87743,59.542545,-14.252922,-11.348063
529,-7.070705413818359,-17.48907470703125,70.89311981201172,2.9990329622013823,11.371690149838166,161.31960492093035,-57.730354,-27.17999,-22.202284,63.948414,-12.071628,-15.000033,18.969414,-40.514915,-42.214886,55.363396,-21.496304,15.000033,37.777542,21.002686,26.91498,33.27836,17.026974,-19.723467,50.25476,-10.070972,-3.181497,19.657827,-121.85918,-52.16298,63.37902,76.57287,60.226624,-14.218173,-12.00158
530,-8.019817352294922,-16.848756790161133,71.7947006225586,2.490325251390862,11.37194622224658,161.35658317627554,-55.53414,-26.701939,-23.601776,63.065,-11.3189535,-15.000033,21.502752,-38.02612,-43.59055,51.37257,-18.61258,15.000033,38.33055,18.47476,25.90232,33.525784,17.815744,-18.947256,51.323917,-10.542338,-3.3587883,19.573698,-126.18186,-51.4031,64.093506,74.71888,59.638184,-14.147806,-12.731757
531,-8.908407211303711,-16.082040786743164,72.7967758178711,2.269786564262364,11.38701621465333,161.55852250240122,-53.03047,-26.24548,-25.059969,61.382675,-10.7255,-15.000033,23.963852,-35.3664,-44.891266,47.23339,-15.424863,15.000033,38.571526,15.801025,24.950592,34.294865,18.736563,-17.560541,51.588894,-11.291545,-3.887685,19.177416,-130.2513,-50.656395,64.80166,73.194916,59.532894,-14.283247,-13.193124
532,-9.716049194335938,-15.202574729919434,73.69902801513672,2.0421070226782057,11.23490510328333,162.18492981305937,-50.58397,-25.496546,-26.209578,59.748325,-10.422934,-15.000033,26.43499,-31.98385,-45.723866,42.29044,-13.104568,15.000033,38.701855,13.19469,23.904737,35.09283,19.938684,-16.234879,51.3965,-11.108235,-4.152043,18.778545,-134.00323,-49.88391,65.04728,71.45394,59.002205,-14.150572,-13.441131
533,-10.450163841247559,-14.220563888549805,74.68899536132812,2.0755342976350324,11.546840292931076,162.24723251254807,-48.447517,-24.820936,-27.70572,57.807884,-9.642709,-15.000033,28.206606,-29.524256,-46.413265,38.105297,-10.898797,15.000033,38.693314,10.672641,22.738508,36.186714,21.134056,-14.30316,51.651627,-11.362967,-4.114141,18.116665,-137.34216,-49.152157,65.433105,69.50833,58.74437,-14.484379,-13.215678
534,-11.100221633911133,-13.179220199584961,75.84523010253906,2.5854255116578346,11.492591408151767,163.00897173858627,-45.745888,-23.953249,-28.522396,54.50067,-7.6945953,-15.000033,30.107626,-27.139994,-47.505116,34.08103,-7.659298,14.753387,38.244686,8.192451,21.574474,37.36398,22.462414,-13.082432,51.831753,-9.934502,-4.468828,17.263334,-140.39983,-48.464787,65.31896,67.50195,58.115433,-15.289219,-13.934359
535,-11.664191246032715,-12.12656021118164,76.74799346923828,2.5688058596545686,10.91703081193978,163.20192846025657,-42.73985,-22.998995,-29.935858,52.150417,-6.8003387,-15.000033,31.983995,-24.967981,-48.4293,30.420872,-5.075225,13.949568,38.219337,6.055558,20.110922,38.48892,23.683704,-11.786693,51.218678,-8.574009,-4.8214383,16.477596,-143.00963,-47.850857,65.53265,65.17336,56.78604,-16.271338,-13.619859
536,-12.15679931640625,-11.098062515258789,77.15703582763672,3.2855802404067447,9.66557955351909,163.55930958208273,-39.225044,-23.603918,-31.998434,50.491524,-6.857554,-15.000033,34.313023,-23.368925,-50.374607,26.65608,-3.0876422,13.296128,37.6894,4.1823,19.3102,39.468716,24.916792,-10.611227,50.275208,-6.5493736,-3.2226534,16.565176,-145.42209,-47.242558,64.17951,62.919506,53.740036,-16.249361,-14.472408
537,-12.606213569641113,-10.120597839355469,78.26862335205078,3.623146575433358,10.440842766845151,164.82050824159563,-37.41115,-21.822565,-32.38466,45.630913,-4.7810597,-15.000033,34.462345,-21.065145,-49.463425,22.94559,1.2484608,13.010232,37.404232,2.29184,17.90046,40.556534,26.119944,-9.090609,50.388428,-5.4801445,-4.181083,15.619399,-147.94475,-46.78522,64.448456,60.615166,54.099762,-16.912577,-14.139397
538,-12.9441499710083,-9.223040580749512,78.96574401855469,3.4512553025007895,10.394652339942125,165.14277609048395,-35.782,-20.125511,-32.895325,43.31007,-4.153813,-15.000033,35.64099,-19.365467,-49.889362,19.60822,4.443195,12.490156,36.977345,0.91628283,16.34252,41.272366,26.933668,-8.775556,50.95824,-5.146875,-3.9100397,14.365531,-149.82877,-46.488533,64.00137,58.500076,52.199047,-17.49653,-13.497466
539,-13.238479614257812,-8.457140922546387,79.54148864746094,3.9727099335229576,9.868159221562891,165.84336365555924,-32.920715,-20.003038,-34.814667,39.961246,-2.9167182,-15.000033,36.916397,-18.257849,-49.86626,17.42713,7.325042,11.827804,36.59948,-0.43606958,15.229285,41.886906,27.79416,-8.370791,50.030155,-2.7588627,-3.3448317,14.469233,-151.28717,-46.257355,63.813614,56.383717,50.436966,-17.32143,-13.329508
540,-13.428427696228027,-7.818149566650391,80.00780487060547,3.841624307374185,9.17938695446332,166.6664207639575,-30.972912,-19.147945,-35.768425,38.092796,-1.915443,-15.000033,37.799286,-17.26659,-49.54977,15.506337,9.934961,11.670762,36.602497,-1.6829151,13.980151,42.93933,28.320076,-7.7795467,49.448086,-1.948757,-2.8611314,13.723158,-152.22066,-46.053123,63.56922,54.39552,49.193665,-17.577404,-12.668715
541,-13.526126861572266,-7.2952399253845215,80.56809997558594,3.7429799709487104,8.657832714907192,167.69503656975724,-29.278103,-17.669065,-35.830307,35.269337,-0.36879689,-15.000033,38.263744,-16.429993,-49.28025,14.01164,13.442482,11.17155,36.19287,-2.7272432,12.78548,43.418285,28.915827,-7.238526,49.429367,-1.5163515,-2.7456896,12.825196,-152.67387,-45.779377,62.50707,52.42986,48.28674,-17.848682,-12.246768
542,-13.550299644470215,-6.901269912719727,81.25235748291016,3.556161302231515,7.890981883177229,168.6084048874043,-26.696068,-16.394976,-37.061764,31.458921,1.7511433,-15.000033,38.542553,-16.004362,-49.06859,13.334011,17.023,10.373882,35.81203,-3.5427155,11.760781,43.50126,29.524342,-7.468301,49.341583,-0.71232796,-2.309288,12.366854,-152.82498,-45.472595,61.359245,50.347233,47.778934,-18.31056,-12.040042
543,-13.489584922790527,-6.619588851928711,81.78487396240234,3.4509619097860744,7.131812896015717,169.018637289043,-24.560074,-15.049389,-37.404,28.112408,3.8994663,-15.000033,38.839043,-15.73698,-48.40782,12.463558,20.645443,10.305862,35.67533,-4.471252,10.571887,43.768753,29.843649,-8.025126,49.792088,-0.45832652,-2.5105927,11.523127,-153.00792,-45.169857,61.08826,48.716557,46.558468,-18.485588,-11.693287
544,-13.358039855957031,-6.448934078216553,82.2146987915039,2.9665909549509792,6.422385926549099,169.2624745574569,-22.811466,-13.750293,-38.068684,25.643398,5.422054,-15.000033,39.523994,-15.391646,-48.881397,11.183577,22.65648,10.513186,35.66431,-5.272743,9.598872,43.868324,30.132153,-8.5922785,49.572525,-0.52945966,-2.534547,11.508493,-153.05736,-44.767452,59.937447,46.195324,45.536858,-18.84936,-11.289408
545,-13.174941062927246,-6.3559675216674805,82.70015716552734,2.4618164208505675,5.620619886700948,169.6672311098741,-20.728823,-11.978594,-38.346893,22.038116,7.346151,-15.000033,39.94427,-14.89783,-48.35838,10.244153,25.948622,10.472187,35.383514,-5.8695345,8.364543,44.039444,30.280144,-9.071198,49.518177,-1.0184286,-3.1672082,11.827082,-153.06068,-44.33404,59.31588,44.196568,44.07183,-19.105968,-11.145836
546,-12.945596694946289,-6.325681686401367,83.0880126953125,1.8040100256793976,4.529031865339679,169.85485478425068,-18.766712,-10.198991,-38.17005,19.316908,8.91256,-15.000033,40.476234,-14.615776,-48.0754,9.271227,28.536098,10.709577,35.215378,-6.4626975,7.162077,44.156548,30.282667,-10.003739,49.76299,-1.3654985,-3.632895,11.486824,-153.03696,-43.84211,58.58142,42.6247,43.758953,-19.761677,-10.428004
547,-12.698420524597168,-6.327160358428955,83.32283782958984,1.4177257758519648,3.9996201743485464,170.25863769181672,-17.367147,-9.008483,-38.677147,16.584,9.798591,-15.000033,40.327015,-14.875993,-47.61567,9.776786,29.475039,11.033304,35.148823,-7.032148,5.969313,44.029716,30.230932,-10.426486,49.20808,-1.2213169,-3.7997403,11.330115,-152.83405,-43.316635,57.994476,40.44399,42.78605,-20.399218,-9.419482
548,-12.45836353302002,-6.351310729980469,83.50212097167969,1.2486715558819894,3.0152403945264203,170.12975190257112,-15.782047,-8.279126,-38.710396,14.893011,11.527294,-15.000033,40.244846,-16.071821,-47.61721,11.563249,29.902386,11.082806,35.15964,-7.590901,5.1565256,43.66658,30.074356,-11.125297,49.194283,-1.4330151,-3.892498,11.021811,-152.71695,-42.755463,57.669804,38.75623,42.386166,-20.822758,-9.012283
549,-12.218877792358398,-6.368966579437256,83.63719940185547,1.017999156707928,2.522611158745112,170.3708840977981,-14.891459,-7.264901,-38.089943,13.035139,12.700311,-15.000033,39.61933,-16.800085,-46.88221,13.247801,30.000067,11.484697,34.994957,-8.05071,4.1772585,43.680424,29.8935,-11.610859,48.748215,-1.6291883,-4.2495437,10.594528,-152.75908,-42.216118,57.377903,36.960358,41.844936,-21.56179,-7.757649
550,-12.015003204345703,-6.375634670257568,83.67689514160156,0.9335160533420394,1.9043981638389793,170.60302329534966,-13.646013,-6.6445065,-38.252087,11.08563,13.714295,-15.000033,39.348404,-17.572649,-46.607147,14.843248,30.000067,11.489661,34.983566,-8.38026,3.520881,43.095245,29.647564,-12.350965,49.036755,-1.5828708,-4.4957075,10.730027,-152.73993,-41.701,57.105106,35.79103,41.894936,-22.033186,-6.8279247
551,-11.828560829162598,-6.363880634307861,83.92412567138672,0.4818384125963097,1.6352050282461719,170.31791745713454,-12.740449,-5.2418995,-37.59832,9.036823,15.131041,-15.000033,39.01842,-17.899944,-46.433243,15.306093,30.000067,12.068464,34.881786,-8.488106,2.771803,43.051163,29.442146,-13.093723,48.54053,-1.2722247,-5.0037374,11.039574,-152.48766,-41.138443,56.70509,34.309822,41.8122,-22.568848,-6.6006417
552,-11.652420043945312,-6.32111930847168,83.98015594482422,0.30679889994896864,1.2918539142131111,170.72510166951375,-11.968926,-4.2889805,-37.003452,7.1700096,15.909817,-15.000033,38.88206,-18.120407,-46.290485,16.17642,30.000067,12.0908,34.68728,-8.68114,2.0716097,42.99931,29.26529,-13.275697,47.99954,-1.730331,-5.9884663,11.345065,-152.1281,-40.571743,56.528183,33.3719,41.127575,-22.45277,-6.3617535
553,-11.500005722045898,-6.2655253410339355,84.0013656616211,0.25927772526608267,0.8896606677602158,170.71352207270687,-11.596727,-4.1464405,-36.908512,7.127438,15.791517,-15.000033,38.87109,-18.471537,-46.00462,16.705608,30.000067,12.225006,34.43609,-8.817679,1.4931804,42.681183,29.079979,-13.858447,48.07447,-1.8187091,-6.367452,11.46969,-151.9609,-40.047764,56.45134,32.272152,40.93652,-23.086575,-5.1792946
554,-11.358314514160156,-6.19712495803833,84.03351593017578,0.1852451751876393,0.6381695796294224,170.59254524563056,-11.384608,-3.9307783,-36.67135,7.1080112,15.961337,-15.000033,38.692204,-19.013586,-46.048885,17.51507,30.000067,12.431846,34.474453,-8.959056,1.1522312,42.1101,28.914608,-14.305727,48.507267,-1.8765956,-6.3001943,11.207266,-151.86548,-39.539852,55.914185,31.44347,40.956062,-23.389908,-4.5873356
555,-11.208667755126953,-6.103662490844727,84.08340454101562,0.10819888019909919,0.44664195538547086,170.63104417658442,-11.346011,-3.5209978,-35.97471,7.0033793,16.10149,-15.000033,38.5184,-19.031519,-45.5498,17.706676,30.000067,12.676078,34.266514,-9.14484,0.6425561,41.950447,28.729816,-14.4510765,48.469467,-2.0044477,-7.022221,11.539472,-151.55623,-39.042156,56.23539,30.79419,40.097546,-23.224052,-5.296535
556,-11.077719688415527,-6.014618396759033,84.03166961669922,0.055029032309292535,-0.03295279813417173,170.72784430557058,-10.936341,-3.3490534,-35.795727,7.0052495,16.081423,-15.000033,38.779385,-19.250141,-45.690723,18.17898,30.000067,12.843958,34.164227,-9.225542,0.44122604,41.35526,28.658834,-14.755233,48.76294,-1.9568369,-7.0138054,11.5033455,-151.31197,-38.5356,55.6535,30.078539,40.32302,-23.229292,-4.866227
557,-10.970419883728027,-5.916128158569336,84.01046752929688,0.24666493307816872,-0.28322248686153784,170.73638237214328,-10.718258,-3.4401755,-35.657063,6.981027,16.32237,-15.000033,38.79719,-19.608692,-45.60681,18.526957,30.000067,12.645183,33.861237,-9.296337,0.11954612,41.162437,28.54787,-15.119832,48.737404,-2.01373,-7.5255833,11.949374,-151.02736,-38.087288,55.797356,29.353369,39.70276,-23.277308,-4.5649433
558,-10.888202667236328,-5.821100234985352,83.98471069335938,0.22838919535137567,-0.5407055471767303,170.81910260903115,-10.498776,-3.3032124,-35.646736,6.954551,16.06,-15.000033,39.358784,-19.443415,-46.27352,17.883833,30.000067,12.476083,33.691742,-9.181679,-0.079661354,40.767807,28.53426,-15.409155,48.599136,-1.6125475,-7.4687457,11.867292,-150.81792,-37.627846,54.985237,28.646208,39.525158,-23.402857,-4.6880965
559,-10.830679893493652,-5.7341227531433105,83.9847412109375,0.34616318549434794,-0.7044558205154405,170.81173907575769,-10.327019,-3.382926,-35.77835,6.9367414,16.253271,-15.000033,39.49601,-19.604094,-46.491676,17.917091,30.000067,12.572287,33.550556,-9.20555,-0.26277485,40.338577,28.48134,-15.568005,48.895023,-1.4620126,-7.4173765,12.067967,-150.81157,-37.250256,54.940857,28.463129,39.86009,-23.451418,-4.691913
560,-10.8063325881958,-5.666310787200928,84.0054702758789,0.17600137780851396,-0.7903999323663247,170.86178377292472,-10.231114,-3.1742365,-35.996296,6.9521923,15.89728,-15.000033,39.838116,-19.220734,-46.920994,17.17947,30.000067,12.675111,33.431107,-9.14269,-0.4019302,39.930737,28.3791,-15.62111,49.13403,-1.7550297,-7.2143817,11.736083,-150.68643,-36.93097,54.327503,28.136292,39.893265,-23.309679,-4.389987
561,-10.7952241897583,-5.610161781311035,83.98799896240234,0.13607411950894946,-1.0228034290266008,171.15050253040573,-10.021471,-3.1456952,-36.15619,6.9489145,15.537761,-15.000033,40.314663,-18.892513,-47.239513,16.695835,30.000067,12.714914,33.23467,-9.080119,-0.5495073,39.42443,28.37855,-16.033531,49.265633,-1.1516247,-6.9458776,11.731783,-150.47894,-36.641216,53.926373,28.077208,40.230995,-23.257242,-4.2707148
562,-10.797962188720703,-5.567627906799316,83.98433685302734,0.13206854270430576,-1.1528410639184796,171.5112690167378,-9.968837,-3.0993392,-35.99541,6.918733,15.493358,-15.000033,40.650944,-18.551647,-47.394905,16.235037,30.000067,12.577476,32.970154,-9.04561,-0.7059155,39.2467,28.409224,-16.247963,49.036736,-1.0203115,-7.2182684,12.242285,-150.35971,-36.382915,53.556435,27.846365,40.315937,-23.397184,-4.581506
563,-10.813097953796387,-5.545772075653076,84.00299835205078,0.06407542802085876,-1.350144661040075,171.76358435237276,-9.772708,-3.0777886,-36.093033,6.922258,15.488843,-15.000033,41.16356,-18.074158,-47.597958,15.391619,30.000067,12.718987,32.874535,-8.946133,-0.79064757,39.05732,28.361208,-16.236456,49.01788,-1.0751346,-7.1340995,12.333773,-150.3116,-36.22735,53.39309,27.728092,40.564674,-23.377941,-4.9791636
564,-10.825516700744629,-5.533327579498291,84.05302429199219,-0.03693307545656823,-1.3935559769609829,171.9225258303795,-9.763096,-2.892214,-35.84442,6.8762116,15.474708,-15.000033,41.341187,-17.81933,-47.848564,15.034601,30.000067,12.702066,32.791523,-8.934984,-0.9773554,38.867874,28.341541,-16.254896,49.171772,-1.134725,-7.5446625,12.807915,-150.1907,-36.187237,53.244164,27.589602,40.62094,-23.446482,-5.1557493
565,-10.836698532104492,-5.5347161293029785,84.04554748535156,-0.062288808561206596,-1.5791162495756008,171.92101941513766,-9.544409,-2.8474567,-35.790733,6.871491,15.432757,-15.000033,41.537567,-17.758076,-47.75682,14.869751,30.000067,12.801239,32.663708,-8.966646,-1.0498441,38.864273,28.306108,-16.495651,49.125378,-1.1525472,-7.4138045,12.322793,-150.09108,-36.150417,53.006218,27.573114,40.845463,-23.403025,-5.1265674
566,-10.842039108276367,-5.544186592102051,84.03598022460938,-0.13249881541615335,-1.792792830592695,172.19693246681388,-9.338545,-2.8799686,-36.00677,6.87833,15.386363,-15.000033,41.80511,-17.533098,-47.765896,14.778806,30.000067,12.910759,32.51094,-8.994302,-1.1421474,38.660168,28.300983,-16.7543,49.044483,-0.9454017,-7.212657,11.876021,-150.00375,-36.134388,52.81623,27.784527,41.11393,-23.512909,-5.3223386
567,-10.84405517578125,-5.550166130065918,84.0572509765625,-0.21254658337871696,-1.7570062222503786,172.4487232335833,-9.413576,-2.8701239,-36.159782,6.864729,15.227652,-15.000033,41.840946,-17.315287,-47.93406,14.654924,30.000067,12.98126,32.571743,-8.989445,-1.330141,38.28899,28.288395,-16.694313,49.309204,-1.0684328,-7.166709,12.068771,-149.9238,-36.122192,52.823505,27.740883,40.931206,-23.229733,-5.4719243
568,-10.839200019836426,-5.552648544311523,84.09005737304688,-0.42135790144198937,-1.7931805619293402,172.57929989761834,-9.411977,-2.6672318,-36.228058,6.882712,15.102852,-15.000033,42.054485,-16.894217,-48.15238,14.105628,30.000067,13.019974,32.733307,-8.921391,-1.4038942,38.123386,28.282476,-16.678741,49.176456,-0.9837586,-6.906106,11.749149,-149.96664,-36.120274,52.717148,27.750223,41.14154,-23.351324,-5.4815574
569,-10.82532024383545,-5.541125297546387,84.11511993408203,-0.49971418846222404,-1.897558837491175,172.58771577185286,-9.303776,-2.5412881,-36.140205,6.8610554,15.215772,-15.000033,42.05324,-16.814049,-47.953747,14.131419,30.000067,13.022963,32.544285,-8.960208,-1.4775894,38.24192,28.261925,-16.762894,48.916916,-1.0250424,-6.836986,11.668433,-149.88617,-36.12139,52.538177,27.8023,41.202007,-23.260122,-5.3424993
570,-10.810028076171875,-5.509543418884277,84.0967025756836,-0.3976387260383967,-2.0554975613224244,172.44282938538817,-9.072212,-2.6491058,-36.297726,6.8583875,15.231707,-15.000033,42.200096,-16.994904,-47.972332,14.135161,30.000067,12.895636,32.409077,-9.003315,-1.5231477,38.357533,28.189411,-16.720829,48.83984,-0.9526474,-6.8230677,11.616127,-149.73824,-36.13977,52.690746,27.833248,41.31704,-23.440357,-4.9046755
571,-10.792244911193848,-5.459475040435791,84.08666229248047,-0.3264207143792821,-2.1043490431577783,172.48065318473076,-9.016604,-2.7486567,-36.479824,6.880057,15.297881,-15.000033,42.28561,-17.076544,-48.197414,14.20591,30.000067,12.713812,32.38277,-9.005275,-1.5242647,38.249313,28.185364,-16.716314,48.77828,-1.0027194,-6.6220155,11.266333,-149.702,-36.140656,52.69387,27.815475,41.535408,-23.394493,-4.762032
572,-10.768792152404785,-5.3937087059021,84.08280944824219,-0.2752084255982443,-2.162878526807993,172.6439006572166,-8.987094,-2.7838213,-36.53073,6.857754,15.473018,-15.000033,42.3398,-17.016718,-48.220463,14.28507,30.000067,12.64509,32.33627,-8.997357,-1.5270287,38.053032,28.198103,-16.650023,48.69155,-1.0904412,-6.730098,11.374532,-149.6395,-36.13792,52.720123,27.920467,41.408,-23.12487,-5.3467517
573,-10.752901077270508,-5.322753429412842,84.09911346435547,-0.2543234332564099,-2.164998125225178,172.64981278558847,-8.969249,-2.780132,-36.619328,6.8652163,15.51619,-15.000033,42.385845,-16.991268,-48.400055,14.225195,30.000067,12.496246,32.350388,-8.939611,-1.5127745,38.02114,28.21972,-16.525091,48.53355,-1.0208064,-6.954451,11.595621,-149.70615,-36.129665,52.773293,27.926392,41.52947,-23.145294,-5.169274
574,-10.735549926757812,-5.247827053070068,84.0794677734375,-0.15033473529161145,-2.2267546990959217,172.53020328367109,-8.836522,-2.8784332,-36.907715,6.8584685,15.4377365,-15.000033,42.36376,-17.23866,-48.469856,14.538033,30.000067,12.398767,32.32632,-8.967768,-1.5004318,38.002514,28.245731,-16.270271,48.634693,-1.0260161,-7.081501,11.688982,-149.7811,-36.1255,53.053497,28.151129,41.85536,-23.482025,-4.786808
575,-10.719209671020508,-5.1834516525268555,84.0830078125,-0.08511478887689627,-2.2575966835393397,172.51725322781164,-8.815563,-2.8399851,-36.64392,6.841331,15.642992,-15.000033,42.310673,-17.311533,-48.3743,14.699482,30.000067,12.320932,32.231533,-8.960462,-1.5818114,38.173573,28.286753,-16.230017,48.32221,-1.2415497,-7.7221465,12.082695,-149.69772,-36.11119,53.211605,28.302464,41.82888,-23.458002,-4.8121266
576,-10.706459045410156,-5.13242244720459,84.0723876953125,-0.06819324406813357,-2.2702120016684018,172.5832358212659,-8.833516,-2.8144796,-36.505325,6.860239,15.706125,-15.000033,42.385685,-17.295696,-48.615532,14.715498,30.000067,12.367155,32.27726,-8.95245,-1.5783756,38.011383,28.311428,-16.22517,48.376907,-1.2586735,-7.725621,11.857172,-149.74907,-36.10404,53.1361,28.44926,42.14029,-23.473827,-4.6844378
577,-10.693997383117676,-5.091859340667725,84.10982513427734,-0.16428400338372423,-2.2265923456638013,172.5880631964275,-8.901908,-2.6269374,-36.374466,6.8478165,15.650712,-15.000033,42.353054,-17.138365,-48.69754,14.584431,30.000067,12.394697,32.19984,-8.948369,-1.6515659,38.00935,28.31895,-16.257227,48.44894,-1.4216729,-7.880898,11.753214,-149.87112,-36.106472,53.0886,28.481644,42.126915,-23.608854,-4.793405
578,-10.682353019714355,-5.063745975494385,84.11985778808594,-0.22441636339462367,-2.2999123528851553,172.61126200055247,-8.853058,-2.4829395,-36.197765,6.8361745,15.652384,-15.000033,42.430798,-17.042961,-48.73112,14.534544,30.000067,12.363272,32.165028,-8.939683,-1.6652077,37.960808,28.329731,-16.30575,48.44712,-1.8042448,-8.030018,11.626204,-149.90973,-36.11425,52.986458,28.707119,42.282204,-23.597149,-4.968737
579,-10.679708480834961,-5.046553611755371,84.10916137695312,-0.1669738844535616,-2.4734516950738206,172.59398629459145,-8.657747,-2.5030055,-36.081696,6.821018,15.810794,-15.000033,42.67078,-17.111115,-48.887905,14.48363,30.000067,12.252481,32.047268,-8.935391,-1.6124406,38.015743,28.337906,-16.357716,48.443542,-1.8792884,-8.109379,11.559272,-149.85532,-36.128075,52.945095,28.858114,42.426235,-23.768087,-5.056782
580,-10.687649726867676,-5.035640716552734,84.1434555053711,-0.10514673410557995,-2.3401081683341913,172.51541894718298,-8.791593,-2.4808426,-35.853294,6.780095,15.878169,-15.000033,42.514156,-17.246763,-48.986095,14.525286,30.000067,12.154041,32.069492,-8.969909,-1.7230135,37.98896,28.327408,-16.335274,48.679577,-2.0118387,-8.074269,11.494237,-149.89014,-36.177956,53.049683,28.602549,42.309914,-23.840538,-5.069177
581,-10.708589553833008,-5.035068988800049,84.10421752929688,0.05373232868172224,-2.4477550445096146,172.4575807000548,-8.661501,-2.5797346,-35.596405,6.7581763,15.895956,-15.000033,42.782597,-17.349588,-49.09009,14.22868,30.000067,11.91945,31.965073,-8.943921,-1.668284,38.13294,28.321253,-16.429846,48.625114,-2.0041337,-8.2865095,11.721763,-149.83221,-36.196205,53.036118,28.548878,42.38238,-24.170454,-5.253395
582,-10.742172241210938,-5.050413131713867,84.12335205078125,-0.009626844185936855,-2.4679654400441473,172.43477830401952,-8.643711,-2.414046,-35.227848,6.7340226,15.851905,-15.000033,42.86326,-17.22305,-49.075893,13.968792,30.000067,12.021287,31.854082,-8.94129,-1.7511553,38.193703,28.277523,-16.553585,48.881065,-2.2996986,-8.501261,11.581149,-149.9547,-36.261818,53.0228,28.597528,42.369083,-24.29337,-5.294668
583,-10.79663372039795,-5.078761577606201,84.176025390625,-0.06381160272512638,-2.38883032307756,172.38071095003895,-8.703125,-2.2836134,-34.903328,6.7105103,15.945094,-15.000033,42.790802,-17.227238,-49.137756,13.905733,30.000067,12.072189,31.87113,-8.931936,-1.8402704,38.184902,28.234592,-16.642536,49.209846,-2.502997,-8.63869,11.551591,-150.07413,-36.3066,52.879795,28.417063,42.20004,-24.449509,-5.5794606
584,-10.865679740905762,-5.1183085441589355,84.21372985839844,-0.12079940770255362,-2.339499357543872,172.3557840267028,-8.730101,-2.1491773,-34.56345,6.6786013,15.922421,-15.000033,42.671963,-17.263542,-49.01131,14.017203,30.000067,12.06526,31.780567,-8.945147,-1.9681174,38.175594,28.108177,-16.698605,49.624313,-2.7368433,-8.8210535,11.573743,-150.1012,-36.430668,52.646717,28.20194,42.147358,-24.641987,-5.6864276
585,-10.955277442932129,-5.170291423797607,84.24127960205078,-0.13351888982460688,-2.3400532565460725,172.2906022395941,-8.651114,-2.1268163,-34.37615,6.661878,15.88563,-15.000033,42.84791,-17.276009,-49.28306,13.714513,30.000067,12.02016,31.673815,-8.961777,-2.0391662,38.195175,27.915884,-16.745129,50.067066,-2.8073053,-8.85186,11.49883,-150.10141,-36.619953,52.40644,27.936604,42.278477,-24.682137,-5.7644033
586,-11.053610801696777,-5.227622985839844,84.27794647216797,-0.19233370606152622,-2.3146752523733585,172.27725345223857,-8.616722,-2.049618,-34.17332,6.640535,15.841921,-15.000033,42.8581,-17.31217,-49.369026,13.723091,30.000067,11.963489,31.564758,-8.9802,-2.1480017,38.26457,27.81046,-16.873508,50.410206,-2.8471434,-8.958069,11.4269085,-150.13457,-36.738964,52.150276,27.71394,42.07058,-24.955854,-5.845533
587,-11.161332130432129,-5.287353515625,84.32489776611328,-0.28066162261707767,-2.2667433072740066,172.27473916898217,-8.620813,-1.9296445,-33.877407,6.6461973,15.854963,-15.000033,42.976055,-17.236767,-49.655643,13.452383,30.000067,11.880404,31.472424,-8.978203,-2.2169695,38.278847,27.665495,-16.996166,50.879105,-2.8438408,-9.038637,11.345656,-150.17036,-36.883747,51.74663,27.368494,41.778564,-25.231882,-6.0962167
588,-11.272415161132812,-5.3404388427734375,84.37857818603516,-0.3282843191644775,-2.15276661143818,172.1743318314786,-8.658023,-1.8368964,-33.638786,6.6251373,15.810882,-15.000033,42.96696,-17.261387,-49.829704,13.24354,30.000067,11.835642,31.425777,-9.021235,-2.3161333,38.28703,27.509819,-17.015331,51.40007,-3.0237339,-9.07048,11.255879,-150.15324,-37.021404,51.31952,26.89421,41.63962,-25.404337,-6.2712965
589,-11.382364273071289,-5.380270481109619,84.39384460449219,-0.3422176828126284,-2.133391211724506,171.9612347063105,-8.563288,-1.7674782,-33.522697,6.60622,15.723834,-15.000033,43.22374,-17.192543,-50.087013,12.558023,30.000067,11.84921,31.300665,-9.059879,-2.4819925,38.545746,27.303574,-16.732168,51.82909,-3.5601313,-9.16736,11.152733,-150.12047,-37.15663,51.47861,26.746605,41.161446,-25.296623,-6.9645696
590,-11.491898536682129,-5.409936428070068,84.4194564819336,-0.39223774621014107,-2.069189878730197,171.92241900284532,-8.56268,-1.6679114,-33.28814,6.5994306,15.649235,-15.000033,43.27455,-17.161171,-50.231018,12.375119,30.000067,11.874386,31.20285,-9.071317,-2.5707898,38.56538,27.118168,-16.582663,52.307095,-3.689858,-9.128073,11.054907,-150.10168,-37.2675,51.2257,26.45457,41.00294,-25.313683,-7.225868
591,-11.5963134765625,-5.419260025024414,84.4576187133789,-0.5108735704920963,-1.959063124741408,171.98361383848794,-8.65047,-1.4422195,-32.991688,6.568323,15.459265,-15.000033,43.412243,-16.834755,-50.446304,11.786015,30.000067,11.877518,31.008583,-9.079116,-2.6477513,38.491745,26.904312,-16.40644,52.874065,-3.7976725,-9.045396,10.923757,-150.16873,-37.411903,50.905327,26.100828,40.414425,-25.244753,-8.070825
592,-11.700921058654785,-5.416320323944092,84.46455383300781,-0.42164807577524127,-1.9247373482654941,171.83059807139804,-8.585635,-1.4389561,-32.644966,6.55221,15.442792,-15.000033,43.37198,-17.043571,-50.357506,11.858222,30.000067,11.864902,30.91246,-9.090127,-2.6714075,38.647594,26.882685,-16.474972,53.129715,-3.883688,-9.279639,11.165165,-150.16522,-37.423176,50.860325,25.88139,40.42235,-25.44517,-8.30613
593,-11.803421974182129,-5.402657508850098,84.45755004882812,-0.2846778267241892,-1.9284628869526401,171.6919908119189,-8.460223,-1.5568213,-32.602142,6.554458,15.334659,-15.000033,43.547047,-17.231276,-50.628838,11.6927395,30.000067,11.747441,30.893545,-9.139305,-2.5863142,38.515087,26.833239,-16.759825,53.721764,-3.957507,-9.149544,10.911306,-150.12093,-37.443058,50.551052,25.58941,40.430294,-25.694416,-8.520026
594,-11.897638320922852,-5.385265827178955,84.49279022216797,-0.24548135268509683,-1.7753548876354133,171.54822012137248,-8.547407,-1.4443182,-32.18243,6.520076,15.378859,-15.000033,43.45913,-17.342634,-50.783924,11.615164,30.000067,11.711464,30.889048,-9.142171,-2.7090137,38.560127,26.762636,-16.660744,53.87918,-4.106032,-9.428337,11.280502,-150.09375,-37.46415,50.43375,25.208977,39.98775,-25.60718,-8.742233
595,-11.98658561706543,-5.3662567138671875,84.49337768554688,-0.17892306316513398,-1.6806033096637425,171.44650297683353,-8.591098,-1.3943586,-31.93272,6.5097446,15.213875,-15.000033,43.61742,-17.293404,-51.053196,11.079963,29.992517,11.528011,30.753738,-9.159554,-2.7622874,38.65703,26.694786,-16.50062,54.13024,-4.28185,-9.425953,11.238876,-150.25943,-37.494408,50.548252,25.17514,39.759674,-25.758877,-8.806951
596,-12.072779655456543,-5.360490798950195,84.49950408935547,-0.1309966732748643,-1.69142672158562,171.37889256225034,-8.521668,-1.3664786,-31.674536,6.5091558,15.273521,-15.000033,43.645172,-17.41192,-51.05181,11.127987,29.911493,11.446495,30.65443,-9.142981,-2.6697395,38.557056,26.621143,-16.634409,54.52957,-4.2139115,-9.087611,10.957054,-150.45468,-37.543777,50.40216,25.18464,39.969402,-25.745506,-8.758349
597,-12.1588134765625,-5.362399101257324,84.49315643310547,-0.11415235582044422,-1.5955201367592562,171.3498713721018,-8.5938225,-1.3120021,-31.439512,6.5108824,15.318363,-15.000033,43.73634,-17.358852,-51.31573,10.807055,29.826908,11.405957,30.543081,-9.151751,-2.6552389,38.45566,26.428612,-16.365263,54.917515,-4.322754,-8.946326,10.649005,-150.7964,-37.736885,50.640182,25.278313,39.664505,-25.598635,-8.6544695
598,-12.249638557434082,-5.373868942260742,84.4468994140625,-0.02683659156855925,-1.4650714161247917,171.20875406475798,-8.649743,-1.420612,-31.502544,6.5407343,15.021223,-15.000033,43.77758,-17.379725,-51.340733,10.384307,29.73827,11.43219,30.649725,-9.132184,-2.5890536,38.25913,26.290674,-16.060831,55.243847,-4.303841,-8.555874,10.305231,-150.99213,-37.927402,50.66646,25.36429,40.32102,-25.638155,-7.932279
599,-12.339778900146484,-5.390111923217773,84.45458221435547,0.0866731079453866,-1.1676136275755669,171.12739742668958,-8.916952,-1.4467163,-31.13286,6.509016,14.796212,-15.000033,43.474594,-17.487564,-51.134823,10.276225,29.760645,11.3618355,30.622746,-9.150773,-2.568985,37.91558,26.143301,-16.063515,55.893673,-4.0715895,-8.553854,10.561189,-151.24428,-38.13159,50.730274,25.500732,40.243233,-25.728642,-7.859382
600,-12.426933288574219,-5.413907051086426,84.44485473632812,0.19790077217358154,-1.0602703293667386,170.94767566900896,-8.941763,-1.5337125,-31.07628,6.5039043,14.650424,-15.000033,43.604996,-17.434362,-51.16998,9.535442,29.511662,11.158102,30.621758,-9.034622,-2.3283877,37.476425,25.895437,-16.050093,56.523193,-4.0421886,-8.24646,10.432661,-151.41585,-38.44441,50.708878,25.89939,40.66695,-25.846632,-8.156787
601,-12.496216773986816,-5.450466632843018,84.43964385986328,0.17483755963531936,-0.9781311757647203,170.89957724805217,-9.256796,-1.3467648,-30.119175,6.917065,14.331118,-15.000033,43.537605,-17.39541,-51.06638,9.353205,29.450306,11.269659,30.51087,-8.950203,-1.9851393,36.831707,25.655066,-16.395754,57.123642,-4.527536,-8.401414,10.205136,-151.44717,-38.855907,50.04853,26.549253,40.831516,-26.012148,-8.291988
602,-12.566237449645996,-5.505807876586914,84.46849822998047,0.20706984725966712,-0.7785301292444515,170.89554458321473,-9.772321,-1.4901546,-29.69356,7.633414,13.888966,-14.674786,43.429184,-17.394922,-51.23783,9.108667,29.319006,11.170868,30.430908,-8.84304,-1.5785513,35.93177,25.426609,-16.803288,57.787685,-4.516269,-8.153621,10.163472,-151.42177,-39.312798,49.553528,27.174791,40.66894,-25.685757,-9.636285
603,-12.624385833740234,-5.5791192054748535,84.4453125,0.38548485035254676,-0.5105986675935723,170.4571873025851,-10.120797,-1.633316,-29.083637,7.9730544,13.608688,-14.483748,43.3791,-17.471542,-51.215424,8.129586,29.114311,11.297467,30.396004,-8.790865,-1.1352108,35.221073,25.051394,-16.774286,58.450085,-4.552208,-7.874844,9.978443,-151.51031,-39.85341,49.71819,27.964901,40.530933,-25.516407,-9.836582
604,-12.672188758850098,-5.683772087097168,84.37030029296875,0.5321820298373886,-0.5370190825759509,170.13784028384723,-10.294613,-2.016827,-29.05799,8.673627,13.114578,-14.2678795,43.058243,-18.216803,-51.020706,9.095203,28.971563,10.934073,30.25998,-8.550878,-0.39201242,33.782784,24.696064,-17.789137,59.539944,-4.237969,-7.304637,9.771197,-151.55191,-40.501137,49.223103,29.016592,41.05653,-25.733042,-9.90071
605,-12.700655937194824,-5.826416015625,84.29806518554688,0.5468195638192269,-0.5100405521148146,170.19517668483988,-11.067433,-2.4720025,-28.69572,10.343336,12.091572,-13.790559,43.33483,-17.955286,-51.395813,8.278268,28.659712,10.91473,30.19914,-8.362133,0.5990028,32.014862,24.456131,-18.355093,59.995026,-4.2178736,-6.995734,9.584705,-151.26155,-41.18795,48.477406,30.646439,41.370743,-25.298561,-10.840912
606,-12.7308349609375,-6.007155895233154,84.25349426269531,0.5965531142538922,-0.24974523216454475,170.02733459140262,-11.519853,-2.8707373,-28.984272,10.841415,11.743706,-13.618222,42.906204,-18.193241,-51.370514,8.4612465,28.515018,10.615809,30.008923,-8.08472,1.5877724,29.85313,24.236536,-19.358824,60.844086,-4.3864746,-6.725338,9.30955,-151.18652,-41.992596,48.4282,32.96513,41.831734,-25.11847,-12.0385275
607,-12.749701499938965,-6.229992389678955,84.21114349365234,0.46431742547056604,0.2061806605717393,169.58034295824,-12.269748,-2.7944872,-28.301443,11.447815,11.098273,-13.609832,42.51157,-17.895271,-51.343555,7.457651,28.041847,10.884837,30.063797,-7.871715,2.7333374,27.498121,24.100788,-19.870438,61.461452,-4.361661,-6.587462,9.406637,-150.8429,-42.767265,47.99961,35.265438,42.95007,-24.744598,-12.233866
608,-12.772817611694336,-6.493185997009277,84.20894622802734,0.11032101332352456,0.5168353824321441,169.58994890163075,-13.154899,-2.7767484,-27.953733,12.557758,10.604223,-13.582325,41.869595,-17.714205,-51.538185,8.000105,27.797504,10.936405,30.254992,-7.720996,4.1452384,24.995937,24.28015,-20.262321,61.56218,-4.096735,-6.158297,9.694036,-150.25014,-43.396008,47.43258,38.048878,43.728207,-23.793943,-12.580075
609,-12.812664985656738,-6.770735263824463,84.119140625,-0.23437581993105092,0.8800093639112997,169.063579709622,-14.342449,-2.894065,-27.606564,14.508106,9.304313,-13.359938,40.927555,-17.93996,-51.52174,8.957679,27.123602,10.873499,30.2376,-7.5107055,5.612019,22.978321,24.442148,-21.079527,61.872715,-4.0294933,-5.907924,9.692752,-150.1042,-44.132484,47.49994,41.052113,44.934193,-23.74635,-12.528974
610,-12.877891540527344,-7.045884609222412,84.07286071777344,-0.6216770820640889,1.2826558380878619,168.53820507182243,-14.9709,-2.8107033,-27.775692,15.19457,8.602603,-13.522832,40.228706,-17.791286,-52.0725,9.20834,26.536768,11.06645,30.441069,-7.203012,7.0523686,20.897583,24.656715,-21.892178,62.362854,-4.2545485,-5.772656,10.288207,-149.6376,-44.8468,47.32897,43.74391,45.89322,-22.9662,-13.079482
611,-12.985708236694336,-7.299698352813721,83.94985961914062,-0.7472489612213966,1.6530838506348982,168.04193761632902,-15.787816,-3.1181753,-27.76773,16.449429,7.695221,-13.517802,39.581093,-17.916317,-52.67176,9.771367,25.650858,11.1307125,30.639362,-6.926294,8.579024,18.749344,25.025377,-22.55588,62.822197,-4.3084874,-5.146735,9.860202,-148.96474,-45.4567,47.549377,46.16958,47.386406,-22.263002,-13.180771
612,-13.15893268585205,-7.525765895843506,83.94612121582031,-0.9622293031269759,2.350297619017043,167.13746132009234,-16.474598,-2.9539442,-27.514812,16.808294,7.1902847,-13.606482,38.584293,-18.190603,-53.7147,10.554875,25.243345,11.136501,30.651316,-6.4881177,10.0187435,16.810987,25.385029,-23.50219,63.45319,-4.5567594,-5.2459865,10.196466,-148.45547,-46.051006,47.651825,48.454197,48.231377,-21.745981,-13.938354
613,-13.386612892150879,-7.727261543273926,83.9553451538086,-1.0640737425809164,3.01811968572116,166.22301331967756,-17.221306,-2.9229608,-27.062601,17.452438,6.9609504,-13.6421175,37.3824,-18.323004,-53.56541,11.335674,24.502161,11.061615,30.704628,-6.15212,11.576209,14.623231,25.711128,-24.210667,64.430916,-5.477678,-4.9092126,10.195293,-147.58049,-46.51642,47.902664,50.477776,50.09279,-21.108265,-14.234414
614,-13.669903755187988,-7.917253494262695,83.90951538085938,-1.2209919538748115,3.9723773630169896,165.25961205775752,-18.26415,-2.8373742,-26.635153,18.179758,5.8489943,-13.519739,36.438244,-18.3136,-54.526188,11.487832,23.40981,11.377281,30.78903,-5.829814,13.031494,12.865963,26.03586,-24.571352,64.71174,-5.893513,-4.980082,10.576209,-146.48647,-46.885273,47.905396,51.90508,50.660183,-20.84606,-14.369051
615,-13.99833869934082,-8.114643096923828,83.8868179321289,-1.3790360841179445,5.071569625551124,164.10373432143533,-19.574877,-2.9046106,-26.338587,19.338163,5.0734262,-13.558397,35.281803,-18.709852,-55.677258,12.223337,22.023008,11.410328,30.758564,-5.372162,14.753498,10.806325,26.388954,-25.615778,65.197655,-6.326939,-5.1233234,10.8482685,-145.24567,-47.14156,47.923298,53.74674,51.707516,-20.247469,-14.770375
616,-14.335465431213379,-8.34311580657959,83.79261779785156,-1.5294261314316657,5.928206426253516,163.02141479517493,-21.055182,-2.7065904,-24.784353,21.121698,4.073528,-13.160289,34.742462,-18.971512,-57.586983,12.363483,20.624926,11.477374,30.98746,-5.1679792,16.396742,8.883255,26.802095,-26.313389,65.70957,-7.415523,-5.6250534,10.936572,-143.29057,-47.186554,47.868477,55.47154,52.889454,-19.513493,-14.925123
617,-14.669897079467773,-8.618922233581543,83.89048767089844,-1.9769422816799846,7.3227610718130105,161.636200624676,-22.665707,-1.9124469,-23.219233,21.892899,3.48654,-12.610086,33.53704,-19.071835,-59.227123,12.367107,19.875158,12.150044,31.28599,-4.829614,17.813177,6.990054,27.380564,-26.90419,66.05633,-7.6259723,-6.5546284,11.0882435,-140.82826,-46.992657,47.371952,56.558,53.71015,-19.071943,-15.157081
618,-14.96694278717041,-8.955917358398438,83.89186096191406,-2.3842403349895824,8.090012943234127,160.1724936284512,-23.945986,-1.4084365,-21.802776,23.471981,3.1268482,-12.730724,32.642353,-19.815792,-60.88523,13.58487,18.865292,12.340869,31.160275,-4.547833,19.252655,5.027644,28.207045,-27.860199,66.47339,-7.947004,-7.8359485,11.522759,-138.2939,-46.60923,46.67167,57.752472,54.19711,-18.702349,-14.86963
619,-15.211394309997559,-9.345230102539062,83.78683471679688,-2.570523323408914,8.727409855659067,158.2087838534201,-25.366173,-1.0692968,-20.054613,25.640783,2.676945,-12.548064,32.154476,-20.346352,-63.124783,13.738294,17.195436,12.239281,31.14289,-4.4302425,20.52983,3.180956,29.258217,-29.598719,67.625656,-7.7143044,-7.7009764,10.400436,-135.52316,-46.06943,45.785423,58.91921,54.716934,-18.017027,-15.493483
620,-15.412789344787598,-9.794927597045898,83.88506317138672,-3.4773432617635205,9.567884235505973,156.6817074535307,-26.824635,0.3500571,-18.108282,26.877844,2.095937,-11.689059,31.233456,-20.158026,-65.34371,14.211987,16.05837,12.2641325,30.989017,-4.0900364,21.963585,1.3319147,30.362673,-30.74445,68.22198,-8.467766,-7.9254847,9.630286,-132.7665,-45.4144,44.343845,59.687546,54.566475,-17.596165,-15.963461
621,-15.561443328857422,-10.270794868469238,83.71305847167969,-3.939233917842019,10.18287146640157,155.10510631423173,-28.426083,0.7339579,-17.040606,29.056545,1.1746835,-11.353192,30.169577,-20.778147,-66.43713,15.137843,14.977019,12.775186,30.92567,-3.8898787,23.527597,-1.2084692,31.46888,-32.012657,69.35847,-9.500379,-7.8619323,8.110121,-130.07916,-44.647644,42.73948,60.522617,54.031166,-17.030067,-15.05758
622,-15.667475700378418,-10.753496170043945,83.68321990966797,-4.228222487444224,10.840643381207771,153.50952101705596,-29.390244,1.3494048,-15.5653105,29.618372,1.0647674,-11.24198,29.208647,-21.297663,-67.58357,15.4617815,14.409728,13.495851,30.961834,-3.753088,24.977959,-2.4322853,32.48645,-32.88344,68.23451,-10.481955,-9.388184,8.839825,-127.5913,-43.73847,41.737476,60.59773,53.415936,-16.448046,-14.465502
623,-15.733955383300781,-11.23755168914795,83.62036895751953,-4.858088077359779,11.391321187656262,151.53996365462132,-30.778887,2.1107297,-14.561041,31.362133,0.52439064,-10.669854,28.045473,-22.136387,-68.60447,16.840704,13.56983,13.689291,30.845268,-3.6891377,26.381458,-4.774842,33.45416,-33.666794,68.51128,-11.070889,-9.44174,8.199042,-124.66339,-42.608707,40.53341,60.02402,51.853275,-15.690936,-14.112986
624,-15.745329856872559,-11.71135425567627,83.56381225585938,-5.397486435681035,12.139395074921918,149.84266333147607,-32.31024,3.493411,-12.315924,32.60464,-0.023788897,-9.786176,26.696175,-22.416567,-68.88456,17.161613,12.745975,14.304665,30.731035,-3.6667876,27.66411,-6.392067,34.208733,-34.29757,67.89122,-11.689854,-10.09398,8.390712,-121.95953,-41.275394,39.379032,59.09568,50.827774,-15.2369795,-14.0871
625,-15.702007293701172,-12.178065299987793,83.37032318115234,-5.536423751003999,12.793384884826905,148.4055965787941,-33.517952,3.7367797,-11.506326,33.489906,-0.7748973,-9.581836,25.726053,-23.098303,-69.65804,17.939175,11.739866,14.4896,30.632225,-3.5753531,29.123482,-7.0229487,34.66619,-34.57488,65.687996,-12.551377,-10.926803,8.938722,-119.22168,-39.81357,38.085403,59.124252,50.588867,-14.549125,-13.888806
626,-15.568799018859863,-12.661584854125977,83.15531921386719,-5.831546250916833,13.338002595223427,146.8825039339111,-35.023563,4.7711453,-9.637581,34.945423,-1.7628653,-8.580599,24.578001,-23.449696,-69.945885,18.338062,10.313483,14.811652,30.439547,-3.5390446,29.793802,-8.153855,34.792213,-35.21575,64.68387,-13.286544,-10.978144,9.022808,-115.547806,-38.196655,36.431973,58.11259,49.544525,-14.226178,-13.665474
627,-15.338513374328613,-13.179898262023926,83.01888275146484,-6.618264098137072,13.891917413711004,145.09882658012094,-36.57597,5.9468246,-8.850493,36.26224,-2.410734,-8.171282,23.21004,-23.780178,-70.396866,19.373655,9.091128,14.991153,30.242308,-3.6898975,29.793802,-9.591926,34.623035,-36.58299,64.77364,-13.406704,-10.54764,8.713863,-111.20776,-36.382774,34.569736,56.857643,47.32645,-14.19285,-14.084169
628,-14.978766441345215,-13.740947723388672,82.83837127685547,-7.119437917341144,14.071488434305042,143.68201313919513,-37.901955,6.4518557,-8.745145,37.672115,-2.8562381,-7.519401,22.12128,-24.566881,-70.82219,21.164907,7.753213,14.890353,29.830822,-3.7359335,29.793802,-11.502521,34.12808,-37.291203,64.84594,-13.111396,-9.200426,8.356057,-106.35964,-34.46507,32.940254,55.325336,45.661484,-14.432785,-14.467175
629,-14.467646598815918,-14.35051441192627,82.53636169433594,-7.384645273678799,14.342467479062838,142.38810378612823,-39.285698,7.1069603,-7.9803534,38.73682,-3.7308958,-7.182558,20.866297,-24.88096,-70.366165,21.854683,6.079122,15.000033,29.366766,-3.9162095,29.793802,-11.894043,33.36843,-37.417404,62.83442,-13.797397,-9.892814,9.794362,-101.98834,-32.566864,32.139942,54.26147,44.72306,-14.479876,-14.4650955
630,-13.795809745788574,-15.021353721618652,82.18450927734375,-7.8209390675735255,14.247713750093943,141.03928884363856,-40.57915,8.204349,-7.028851,40.07226,-4.683918,-7.0116935,19.60031,-25.5376,-69.86711,23.561441,3.9472861,15.000033,28.973862,-3.9358006,29.793802,-13.016657,32.380642,-37.257362,61.77903,-14.388184,-9.95838,10.850856,-97.61504,-30.603176,31.260677,52.90505,43.28994,-14.630141,-14.269276
631,-12.980005264282227,-15.741355895996094,81.74794006347656,-7.893293456275045,13.703275746846565,140.0178050358415,-41.60634,8.895783,-6.1615815,41.64638,-5.13767,-7.18454,18.507967,-26.937836,-68.914696,26.585722,1.7391726,15.000033,28.575228,-4.041234,29.793802,-14.187041,31.257563,-37.138073,61.519245,-16.028702,-10.190004,11.597935,-92.89852,-28.458824,30.767483,51.72891,42.898197,-14.5722885,-14.033449
632,-12.031882286071777,-16.50042152404785,81.33244323730469,-8.260098517374482,12.959413951079462,138.33881680516006,-42.588943,10.128095,-5.47474,43.406544,-5.807219,-6.883686,17.322992,-28.093845,-68.2026,29.246975,0.16463509,15.000033,28.069849,-4.3033752,29.793802,-15.771816,30.168203,-37.16366,62.06202,-16.421032,-9.632165,12.393243,-88.22997,-26.179363,30.497858,50.220425,41.15169,-14.310715,-14.594445
633,-10.986174583435059,-17.264997482299805,80.70864868164062,-8.141403678230402,11.913168073483922,136.96002344993184,-43.424065,10.7292595,-5.037892,45.480747,-6.5037894,-6.9193425,16.586157,-29.46458,-67.54903,31.711576,-2.0033543,15.000033,27.34447,-4.700172,29.793802,-17.392445,29.149593,-36.94158,62.882282,-17.25007,-9.174502,12.580695,-83.852066,-23.893988,30.610003,48.66674,39.586464,-14.34756,-15.029871
634,-9.882781982421875,-18.007368087768555,80.01490783691406,-8.208572155019002,10.622524122854529,135.08115839675492,-44.227753,12.482207,-3.7910714,48.07517,-7.637775,-6.1384416,15.87014,-30.389238,-66.832466,33.501213,-3.8723555,15.000033,26.616434,-5.034549,29.793802,-19.029922,28.274418,-36.41525,63.860962,-17.417624,-8.738763,12.935115,-78.97992,-21.603037,31.226616,46.293118,38.20473,-14.67546,-15.307232
635,-8.791723251342773,-18.694469451904297,79.27626037597656,-8.407698828948607,8.59407014768828,133.9292528040716,-44.331997,13.0687065,-4.612394,50.646626,-8.836017,-5.501293,16.426567,-31.5278,-67.13191,36.55782,-4.907453,15.000033,25.83609,-5.693864,29.793802,-20.38785,27.551659,-35.322983,64.95789,-19.374722,-8.111681,13.741204,-73.65296,-19.270418,31.788822,43.486298,36.038677,-14.450176,-16.07142
636,-7.727019309997559,-19.266498565673828,78.7294921875,-8.102838406664748,7.678666835784758,132.64805570403365,-44.777237,14.93091,-2.7071924,51.96062,-9.485974,-4.934258,15.294321,-31.819227,-65.57955,37.250553,-6.038913,15.000033,24.708397,-6.0746593,29.793802,-21.34125,27.115675,-34.77792,66.038376,-20.39925,-8.262003,13.924037,-68.96739,-17.112486,32.993717,40.86226,34.193653,-14.504557,-16.651566
637,-6.728021621704102,-19.72707748413086,78.07008361816406,-7.615852943651447,6.3620607953534485,132.0599786030865,-44.907368,15.979155,-1.6388376,53.647667,-10.208338,-4.2414794,15.375984,-32.478184,-65.1148,38.534603,-7.60523,15.000033,23.476301,-6.9312186,29.793802,-22.000648,26.917189,-33.84567,66.62772,-21.388626,-7.5575304,14.637841,-63.68143,-15.181951,34.45211,37.616833,31.883137,-14.548302,-16.836525
638,-5.816972255706787,-20.066993713378906,77.65013885498047,-7.381358634058829,5.416025109609574,130.3436550888724,-44.900883,17.614077,-0.72940016,54.837715,-10.765924,-3.9078145,14.553667,-32.78095,-64.29987,39.064816,-8.07481,15.000033,22.261854,-7.5363955,29.793802,-22.176487,27.052471,-32.657906,66.57623,-21.57977,-7.442092,14.361401,-58.265377,-13.468488,35.87942,33.87952,28.802246,-14.463053,-17.121193
639,-5.005363941192627,-20.28937530517578,77.37991333007812,-6.954154790791986,4.778262784269017,129.1588904270372,-44.69881,18.443563,-0.20483775,55.163685,-11.133362,-3.7725766,13.697121,-33.125977,-63.29462,39.611042,-8.805681,15.000033,20.896868,-8.409813,29.793802,-22.486633,27.40883,-32.022064,67.108315,-22.84582,-7.329577,14.283201,-53.03372,-12.096321,37.582664,30.127686,25.531818,-14.473146,-16.920279
640,-4.269427299499512,-20.42760467529297,77.11651611328125,-6.456623049458018,3.7717613122546183,127.82712091383998,-43.856743,19.535553,0.6450988,55.511208,-11.481147,-3.5237758,13.063576,-34.008614,-62.227345,41.04906,-9.114386,15.000033,19.63506,-9.089203,29.793802,-22.169336,27.84528,-31.200237,66.82761,-23.580791,-6.9278564,13.8324585,-46.61771,-11.079272,39.5159,25.610308,21.208107,-14.85257,-17.18242
641,-3.610708236694336,-20.49493408203125,76.94308471679688,-6.158531905220586,3.042946555922483,126.35493705584716,-43.23304,20.999533,1.5797957,55.899155,-11.780168,-3.3094008,12.273703,-34.71739,-61.451305,42.445324,-9.800302,15.000033,18.345034,-9.721085,29.793802,-22.136572,28.432642,-30.601444,66.87806,-23.663279,-6.773421,13.804112,-41.099873,-10.504145,41.40517,21.946247,16.752737,-15.097063,-16.680168
642,-2.9981167316436768,-20.51021957397461,76.82758331298828,-5.383684499521566,2.36229463590946,125.20214571558145,-42.08537,21.526709,2.5326104,55.51957,-11.808697,-3.4872782,11.738093,-35.41179,-60.472607,42.899883,-9.900919,15.000033,17.054659,-10.414686,29.793802,-21.87561,29.086567,-30.397373,67.08904,-23.43373,-6.283064,13.275535,-35.197,-10.350763,42.934208,17.805231,12.861651,-15.063719,-16.128408
643,-2.4216883182525635,-20.494327545166016,76.80686950683594,-4.78326045097479,1.7519395835097917,123.50887035461471,-40.804276,22.91174,4.086647,55.230167,-11.744995,-3.4003417,10.93346,-35.50587,-59.12391,42.45502,-9.874392,15.000033,15.916332,-10.866991,29.793802,-21.21333,29.684647,-29.686556,66.7848,-23.509722,-5.9902554,12.975627,-29.940966,-10.643925,44.55735,14.345411,9.812697,-15.84007,-15.399938
644,-1.8749068975448608,-20.46160316467285,76.8500747680664,-4.327397715201736,1.1862663962482176,121.75717872841444,-39.457485,24.192047,5.3178525,54.758533,-11.550949,-3.4191077,10.018269,-35.653057,-57.896847,42.443756,-9.878529,15.000033,14.707531,-11.331699,29.34076,-20.457912,30.253584,-29.375088,66.62431,-23.254948,-5.630459,12.700633,-24.228619,-11.243416,45.540565,10.4111,7.9290867,-16.741112,-14.975848
645,-1.3479734659194946,-20.409900665283203,76.90238952636719,-3.7692571437449733,0.7910453369730501,120.0662641739339,-37.92484,25.511997,7.0828223,53.917458,-11.627477,-3.6733532,8.896215,-35.58614,-56.15007,41.987167,-9.671497,15.000033,13.433685,-11.495685,28.440992,-19.231153,30.539127,-29.388817,66.73049,-22.440243,-4.82655,12.832905,-19.206232,-12.11783,46.450695,6.7433853,5.338429,-16.898804,-14.10159
646,-0.8348664045333862,-20.348712921142578,76.99203491210938,-3.261139028615324,0.41456321426708814,118.39143731261119,-36.253006,26.774849,8.851443,52.901367,-11.523942,-4.054054,8.076689,-35.197887,-54.717983,40.948376,-9.520798,15.000033,12.361595,-11.400906,27.473074,-18.289291,30.69066,-29.037895,66.63402,-22.149492,-4.459397,12.839144,-14.392555,-13.249777,46.39563,3.5575585,5.011591,-17.955528,-13.330861
647,-0.33091747760772705,-20.270349502563477,76.92855834960938,-2.542208484980161,0.12814420713813401,115.85050052155272,-34.6941,28.116652,10.5928955,52.708683,-11.675232,-4.237643,6.547701,-35.41134,-52.814785,40.676613,-9.890489,15.000033,11.220902,-11.277416,26.648363,-17.382679,30.815422,-29.33113,67.04543,-21.91612,-4.688768,12.358625,-10.295048,-14.703027,46.75149,0.14219932,4.865181,-19.143543,-12.260479
648,0.1561686098575592,-20.171672821044922,77.02825164794922,-2.1332319589664945,-0.19304991767761406,113.79980796006272,-32.93497,29.270906,12.008201,51.817665,-11.643786,-4.574454,5.2452226,-35.049313,-50.920193,40.32166,-9.786065,15.000033,10.275003,-10.943736,25.723047,-16.346405,30.801344,-29.094057,67.20951,-21.974752,-4.3234224,11.976544,-6.5537014,-16.323364,46.27364,-3.2093728,4.4809294,-19.450613,-11.373338
649,0.6266022324562073,-20.02735710144043,77.01289367675781,-1.1257445737853176,-0.2950174258819567,111.59899772799879,-31.082485,29.677898,13.659187,50.943798,-11.409682,-5.0587296,3.9701564,-35.29855,-49.080532,39.642174,-10.034216,15.000033,9.264752,-10.702339,24.955631,-15.484326,30.756514,-29.53544,67.4626,-21.19835,-4.0351954,11.621729,-2.3986347,-18.131407,45.624485,-6.97259,4.676216,-19.96726,-10.442829
650,1.0763357877731323,-19.841991424560547,77.05980682373047,-0.4426419916434484,-0.5665030357823644,109.52450981696369,-28.94228,30.338654,15.294259,49.861774,-11.48883,-5.7261343,3.0671482,-34.56987,-46.800297,38.031193,-10.204943,15.000033,8.411506,-10.0715,24.190454,-14.311405,30.501049,-29.241657,67.20918,-21.100431,-4.0102983,11.825356,1.2104421,-20.070578,44.545113,-10.001217,6.4666357,-21.050156,-9.80341
651,1.5008915662765503,-19.60416603088379,77.17377471923828,0.03567993295700097,-0.6631915916929065,107.45113453180394,-27.227596,30.95116,16.36484,49.050674,-11.151908,-6.0633082,1.983768,-34.065506,-45.03858,37.343952,-10.574957,15.000033,7.6415343,-9.421601,23.459799,-13.281808,30.212952,-29.208094,66.89768,-20.606531,-4.1741614,11.649799,4.571574,-22.073807,43.37285,-13.318575,7.072541,-21.71504,-9.029266
652,1.906373143196106,-19.302221298217773,77.28948974609375,0.6417653759441259,-0.5288092414743938,105.77412007737907,-25.650124,31.107725,17.366724,47.927208,-10.948285,-6.304577,0.882975,-33.74333,-43.28018,36.813,-10.800182,15.000033,6.860973,-8.78426,22.658821,-12.259287,29.907043,-29.59401,66.883965,-20.235426,-4.029194,11.361118,7.8825827,-24.141893,41.967747,-16.601496,8.64622,-22.087107,-8.813474
653,2.295318365097046,-18.945226669311523,77.47866821289062,1.0035962148459436,-0.14884148653490817,104.09526211566357,-24.303764,31.492966,18.311522,46.771328,-10.543992,-6.204264,-0.2859687,-33.295376,-42.02905,36.43436,-10.776926,15.000033,6.1763296,-7.87468,21.760166,-10.83532,29.496965,-29.2098,65.95522,-19.896059,-3.7542496,10.9777565,10.940779,-26.331764,40.288425,-19.682293,9.59997,-22.425594,-8.109624
654,2.678882360458374,-18.550844192504883,77.58187103271484,1.4100251713962864,-0.16908906657600714,102.68698848823618,-22.80765,31.535616,18.784676,45.8253,-10.195885,-6.8343897,-0.7609227,-33.057014,-40.980396,36.250557,-11.205125,15.000033,5.50333,-6.971449,21.21164,-9.972558,29.038586,-29.262787,65.41631,-18.916256,-3.464159,10.61519,14.090209,-28.473175,38.708546,-22.62206,10.17822,-22.783327,-7.355537
655,3.075920820236206,-18.129714965820312,77.69206237792969,2.0061177242430044,-0.12585763444366077,101.08128150249144,-21.321218,31.328566,19.179634,45.026905,-9.80236,-7.1805844,-1.3819097,-32.769184,-39.4893,35.72144,-11.428854,15.000033,4.9595876,-6.107938,20.680082,-9.138287,28.529882,-29.45365,65.04087,-18.414064,-3.2905731,10.590811,16.891102,-30.597702,37.251507,-25.336117,11.149644,-23.268332,-7.084192
656,3.4726991653442383,-17.69243812561035,77.82293701171875,2.683905726919316,-0.10528824711608387,99.94938650174437,-20.054724,30.898722,19.47583,44.314716,-9.310993,-7.547894,-1.5531383,-32.88732,-38.774494,35.406757,-11.661002,15.000033,4.4515867,-5.2370024,20.184988,-8.140093,27.927767,-29.083641,64.23686,-18.4652,-3.2436867,10.747472,19.926792,-32.708168,35.39839,-28.069563,12.563977,-23.10323,-6.3959727
657,3.8650448322296143,-17.254655838012695,77.97256469726562,3.083382343696541,0.0865479141985287,98.73275292973355,-18.81088,30.665127,19.694452,43.241325,-8.712567,-7.803776,-2.0408518,-32.533108,-37.737343,35.020664,-11.753459,15.000033,3.9288523,-4.3057866,19.782831,-7.338278,27.307476,-29.03555,63.711353,-17.995798,-2.9745808,10.687087,22.33214,-34.698368,34.087296,-30.313526,14.331243,-23.720388,-6.330794
658,4.247304439544678,-16.831159591674805,78.15631866455078,3.719555046497871,0.1555363827530498,97.81226300931947,-17.550415,30.05085,19.96433,42.17333,-7.83938,-8.230362,-1.866783,-32.721222,-37.686794,34.42451,-11.899738,15.000033,3.4501169,-3.4813387,19.153582,-6.413932,26.676958,-29.27732,63.289963,-17.50864,-2.813988,10.763111,24.973463,-36.647274,32.478954,-32.24923,15.249918,-24.18901,-6.1390185
659,4.601907730102539,-16.43436050415039,78.32511901855469,3.937251944449484,0.15379432393182818,96.77979896297171,-16.116947,29.787474,20.065258,40.816032,-7.217433,-8.641908,-1.8445888,-32.275932,-37.121674,33.85719,-11.815629,15.000033,3.0095465,-2.5609703,18.716854,-5.608175,26.02533,-29.193863,62.678047,-16.61167,-2.4790194,10.769047,27.331644,-38.41729,31.092932,-33.9311,16.147558,-24.804007,-6.2860327
660,4.9331560134887695,-16.0721378326416,78.55796813964844,4.431541800246174,0.26760383607374116,95.95877177135726,-15.062513,28.881046,19.700413,39.49579,-6.282209,-9.066772,-1.6967419,-32.253048,-37.02587,33.0457,-11.399843,15.000033,2.6448843,-1.7983288,18.213413,-4.820289,25.410913,-29.423811,62.411007,-16.163008,-2.241405,10.516158,29.658535,-40.017315,29.684505,-35.332603,17.389822,-25.538643,-6.887499
661,5.221164703369141,-15.753253936767578,78.73335266113281,4.748285706171759,0.21404890732607124,95.19642810690435,-13.92992,28.335173,19.5646,38.37638,-5.528505,-9.631695,-1.3654095,-32.034073,-36.855225,32.215908,-11.416714,15.000033,2.280432,-0.97941554,17.624334,-4.065046,24.85033,-29.368015,61.687027,-15.611932,-2.1220822,10.533944,32.160637,-41.49728,28.13827,-36.880363,18.387669,-25.187,-6.7306085
662,5.454004764556885,-15.480300903320312,78.93594360351562,5.0084197828743005,-0.08840577611449858,94.84066135303429,-12.383859,27.641392,19.565327,36.52005,-4.4418845,-10.345522,-0.38251564,-31.880959,-37.24482,31.153233,-11.292254,15.000033,1.7732232,-0.23727478,17.073347,-3.3619628,24.371162,-29.630188,61.279736,-14.286514,-1.9115015,10.578224,34.561127,-42.729736,26.604046,-38.52724,19.62196,-25.654734,-6.880141
663,5.630948066711426,-15.249100685119629,79.12721252441406,5.239067647156728,-0.07300554364940769,94.48307795831695,-11.289393,27.06823,19.684408,34.915173,-3.1707535,-10.808258,0.27138105,-31.410662,-37.288525,29.497332,-10.919328,15.000033,1.4114238,0.42282325,16.365654,-2.5084035,23.953382,-29.881577,60.85776,-13.832394,-1.9825795,10.633239,36.65826,-43.86497,25.693604,-39.572906,21.0278,-26.15737,-7.3938484
664,5.73110818862915,-15.05758285522461,79.38319396972656,5.655958393899281,-0.24625108456015554,94.51586451718319,-10.02442,26.045898,19.785164,32.87683,-1.7395152,-11.561796,1.3179617,-31.413069,-37.723145,27.938814,-10.5622015,15.000033,0.9705373,1.1429529,15.755553,-1.7283545,23.569035,-30.111065,60.098564,-13.823018,-1.9737198,10.427848,38.94216,-44.76368,24.889645,-40.910923,22.63028,-25.981821,-8.001019
665,5.7447967529296875,-14.90603256225586,79.61022186279297,5.707064899882193,-0.5526772441898631,94.64507130312725,-8.47821,25.363508,19.986332,30.413895,-0.48792464,-11.969909,2.6136842,-30.895208,-38.09845,26.018755,-9.930116,15.000033,0.35512793,1.6988883,15.151295,-0.93407124,23.254185,-30.230808,59.57187,-12.882286,-1.828443,10.426015,40.87235,-45.358288,23.87406,-41.95191,23.985653,-26.737476,-8.987416
666,5.674301624298096,-14.791040420532227,79.76763916015625,5.496845719251355,-0.9274666150160714,94.7848799185972,-6.4949975,25.025385,20.75129,27.365463,0.400068,-12.456993,4.1335006,-29.843182,-38.27504,23.449066,-9.156229,15.000033,-0.018294884,2.252015,14.265654,-0.06215616,22.97269,-30.119839,59.00439,-11.697332,-1.5143423,10.585572,42.27022,-45.820393,23.153744,-42.51904,24.938814,-27.149403,-9.099444
667,5.5205464363098145,-14.701480865478516,79.93568420410156,5.366759887267896,-1.0361045603151258,95.20999061481159,-4.6805468,24.051157,20.856325,23.426521,2.2363722,-13.143726,5.7835007,-28.837814,-38.917667,20.153414,-8.137642,15.000033,-0.5208165,2.7068782,13.245267,0.8146866,22.78552,-30.73503,58.525703,-10.102624,-1.488882,10.289739,43.705963,-46.23184,22.392273,-42.91469,26.3451,-27.385317,-9.5832405
668,5.302136421203613,-14.649709701538086,80.025146484375,5.228768262463208,-1.1017912794203577,95.53608900419013,-2.7884843,23.0965,21.136093,19.3398,4.154202,-13.892506,7.399444,-27.69576,-39.401974,16.442787,-6.9345126,15.000033,-0.95752835,2.9577339,12.213388,1.5777315,22.668001,-31.178183,58.47635,-9.15655,-1.5149971,10.538142,45.044827,-46.553326,21.37024,-43.377544,27.24704,-27.896704,-10.117793
669,5.0147271156311035,-14.63154125213623,80.06805419921875,4.892019212708596,-1.2131697070987795,95.8658712223232,-0.72843933,22.515135,22.064074,15.141775,5.859255,-14.307908,9.108428,-26.422518,-40.091034,12.671266,-5.499398,15.000033,-1.1231179,3.305047,11.121022,2.4956083,22.554762,-31.185566,57.736168,-8.073552,-1.2381612,10.331434,46.55212,-46.826782,20.402178,-43.705368,28.43124,-28.21905,-10.182656
670,4.67330265045166,-14.652475357055664,80.10002136230469,4.7670600589334,-1.5652236872310077,96.5709926276755,1.1121736,21.529766,22.358746,11.282929,7.3843265,-14.947484,11.005867,-25.532076,-40.468758,9.287509,-4.3757033,15.000033,-1.6179276,3.4840257,10.062297,3.156349,22.494425,-31.600624,57.4744,-7.0704026,-0.8479607,10.333936,48.04237,-46.948204,19.20346,-44.20358,28.948013,-28.88988,-10.910159
671,4.285202503204346,-14.718649864196777,80.07860565185547,4.4790358298335375,-1.802189342881536,97.14230424183046,3.1793437,20.521254,22.589119,6.629196,9.210733,-15.000033,12.028127,-24.9385,-40.417873,7.460653,-3.80592,15.000033,-1.8239676,3.8010013,9.032248,3.7880526,22.450647,-31.984943,56.95191,-6.721002,-0.71117467,10.40364,49.57579,-47.032806,18.252758,-44.86957,29.497803,-28.913904,-10.977541
672,3.865302085876465,-14.82734203338623,79.98057556152344,4.185931395703429,-1.9527793897964942,97.62844070848715,3.1752608,20.321915,22.26773,6.302213,8.711593,-15.000033,12.331285,-24.9095,-40.37676,7.155605,-4.211709,15.000033,-1.9583855,3.9812453,7.913578,4.572387,22.442583,-31.932491,56.041035,-5.795192,-0.42990497,10.176973,50.83258,-47.04505,17.183102,-45.453747,29.858536,-28.452385,-10.299787
673,3.4224026203155518,-14.957894325256348,79.94646453857422,3.9169809676036405,-2.168716403235027,98.1360525880086,3.161815,20.130917,21.952324,6.1381073,8.225389,-15.000033,12.731686,-25.003317,-40.555233,6.9871716,-4.241106,15.000033,-2.0244386,4.2309475,7.039952,5.121816,22.446123,-32.53052,55.328144,-5.234728,-0.1878416,10.3249655,51.947647,-47.128784,16.443567,-46.016388,29.796406,-28.602459,-10.555462
674,2.9624836444854736,-15.12037467956543,79.82361602783203,3.625274855372491,-2.2121878667658166,98.44692985295218,2.9946995,19.9216,21.504936,5.9984283,7.579271,-15.000033,12.747954,-25.005785,-40.19148,6.7342696,-4.2976274,15.000033,-1.9986433,4.4016576,6.168023,5.509228,22.427532,-32.82991,54.83105,-5.507491,-0.17873883,10.704115,52.889294,-47.186127,15.842302,-46.57199,30.147152,-28.825026,-11.009916
675,2.489210605621338,-15.29559326171875,79.6860122680664,3.15117505529506,-2.5271000958187813,99.00032947484634,3.001786,19.949318,21.104254,5.8968773,7.0367613,-15.000033,13.259307,-24.886833,-40.356167,6.563592,-4.308976,15.000033,-2.114923,4.569729,5.5166893,5.9328012,22.422125,-32.97967,53.72716,-5.017501,-0.0527215,10.859013,53.60191,-47.182323,15.2954855,-46.807163,29.14028,-29.076357,-11.435905
676,2.0346336364746094,-15.47740364074707,79.63297271728516,2.960886315127944,-2.9001280818844055,99.33969843736567,3.1423264,19.649784,20.713732,5.8514194,6.7130427,-15.000033,13.720867,-25.080927,-40.401577,6.3969483,-4.29583,15.000033,-1.9862763,4.7088747,5.0068326,6.2759986,22.387207,-33.33488,52.757103,-4.8674216,-0.0123496605,10.750498,54.064102,-47.189514,15.111769,-47.17127,28.235096,-29.321226,-11.531352
677,1.5929397344589233,-15.644105911254883,79.52378845214844,2.6060172465056253,-2.983714637868749,99.76699270724154,2.941655,19.58896,20.30046,5.8156214,5.907169,-15.000033,13.895575,-25.050625,-40.367714,6.2483125,-4.079649,15.000033,-1.8237885,4.802485,4.54458,6.4555717,22.351461,-33.350243,51.84327,-4.917081,0.22413366,10.348894,54.363506,-47.202015,14.977358,-47.143375,27.791462,-28.982044,-10.671318
678,1.1757632493972778,-15.796282768249512,79.39836120605469,2.2855210367799694,-3.2172226370491983,100.14761578723989,2.948705,19.53539,19.99975,5.7938323,5.171338,-15.000033,14.210887,-25.021067,-40.0471,6.085882,-4.2199883,15.000033,-1.9586604,4.914093,4.124528,6.776297,22.304558,-33.44203,50.67334,-5.160308,0.41580755,10.311093,54.63359,-47.183067,14.445117,-47.292747,27.444172,-28.230356,-10.55198
679,0.8050642013549805,-15.925293922424316,79.34769439697266,2.1096117585792475,-3.476704491584402,100.36548974351116,3.1120229,19.402184,20.0011,5.797239,4.9384193,-15.000033,14.644883,-25.196795,-40.522827,5.9192166,-4.112621,15.000033,-1.7046666,4.9270186,3.9266384,6.7546678,22.256275,-33.74795,49.942566,-5.387758,0.2727325,10.058455,54.984768,-47.188576,14.244064,-47.29429,26.975845,-27.835083,-11.055274
680,0.47776275873184204,-16.022188186645508,79.34813690185547,2.1569582030357206,-3.573936225663889,100.35774980310262,3.2691588,19.139473,20.480322,5.8036704,4.681836,-15.000033,14.781294,-25.556015,-40.5782,5.7090034,-3.913858,15.000033,-1.7913479,4.8634014,3.7607336,7.047849,22.192492,-34.008144,49.347187,-5.3409023,0.15274571,10.298965,54.986732,-47.12844,13.931847,-47.308186,26.780079,-27.617174,-11.292835
681,0.18137747049331665,-16.09526824951172,79.29267883300781,1.939590961191195,-3.5368779973587707,100.58779758969852,3.0902812,19.094233,20.275433,5.8286076,3.8953314,-15.000033,14.807427,-25.57844,-40.63672,5.6857843,-3.673939,15.000033,-1.7031674,4.909427,3.524785,7.072499,22.10712,-34.161667,48.672905,-4.612963,0.48691583,10.811708,55.312073,-47.03035,13.314786,-47.16405,26.123293,-26.782866,-11.151039
682,-0.06104685738682747,-16.137304306030273,79.31442260742188,2.0229054968849667,-3.5733179998820237,100.4431972100475,3.2328777,18.850527,20.497309,5.8713245,3.828965,-15.000033,14.759043,-25.911901,-40.4655,5.6586556,-3.5677214,15.000033,-1.4899112,4.8109713,3.5779278,7.0751486,22.045807,-34.645565,48.275185,-5.2117734,0.38423687,10.799391,55.25949,-47.001568,13.2380905,-47.015778,24.773232,-26.610918,-11.553789
683,-0.2697790265083313,-16.163597106933594,79.34795379638672,1.96954729370908,-3.64084730630667,100.41963127259629,3.361061,18.78654,20.689373,5.9076095,3.804405,-15.000033,14.877194,-26.023739,-40.66973,5.526306,-3.2297022,15.000033,-1.2221363,4.72947,3.6112616,6.84046,21.94777,-35.19078,48.275597,-5.49429,0.3331367,10.620785,55.253376,-46.988537,13.245012,-46.611557,23.726574,-26.7417,-11.886602
684,-0.4475620985031128,-16.175342559814453,79.34964752197266,2.0006819812428973,-3.4807023191479143,100.2062848846837,3.3266072,18.656427,20.96988,5.9316273,3.6550496,-14.723395,14.589613,-26.169691,-40.45451,5.3985167,-3.0082223,15.000033,-1.0898144,4.6386223,3.565847,6.9585366,21.904007,-35.359653,47.89346,-5.3553734,0.32175922,10.647693,55.163513,-46.982845,13.173155,-46.40376,22.676487,-25.889978,-12.200581
685,-0.5992956161499023,-16.174814224243164,79.3595199584961,2.099219587941372,-3.3844315920126298,99.9927825469607,3.3753016,18.487633,21.342916,5.970686,3.5210073,-14.269133,14.399353,-26.393764,-40.259075,5.282069,-2.5169916,15.000033,-0.90141034,4.5397873,3.7414553,6.806802,21.83613,-35.70485,47.957043,-5.728957,0.39214492,10.669935,55.09612,-47.00759,13.147264,-46.275543,21.71889,-25.68861,-11.924253
686,-0.723239541053772,-16.170406341552734,79.37535095214844,2.0400179474755773,-3.1064897002606835,99.85652735891733,3.1743932,18.491762,21.555164,5.9795933,3.556466,-13.977139,14.003113,-26.339151,-39.942154,5.1156187,-2.3842285,15.000033,-0.9026832,4.4600163,3.9651535,6.71172,21.812077,-35.96403,47.990746,-5.240578,0.43485743,10.621592,55.063023,-47.023697,13.177341,-45.948425,19.84893,-26.05169,-12.663885
687,-0.8214174509048462,-16.171939849853516,79.38369750976562,2.1247940920070807,-3.000911394984021,99.83072368746782,3.0797462,18.292664,21.540756,5.9751472,3.5957375,-13.827432,13.920309,-26.516981,-40.06057,5.0010643,-2.3173456,15.000033,-0.78308254,4.37031,3.9259038,6.4780197,21.720066,-36.31638,48.26497,-5.2182403,0.42600307,10.694093,55.027187,-47.04414,13.202086,-45.797268,19.488691,-25.92969,-12.862891
688,-0.892494797706604,-16.181955337524414,79.39871215820312,2.2680400802895884,-2.8153343104558766,99.62023103715777,3.04282,18.196184,22.207882,6.0176353,3.6783004,-13.374165,13.589704,-26.710342,-39.819874,4.893752,-2.1740603,15.000033,-0.69788545,4.238582,4.0699315,6.3138523,21.654692,-36.429314,48.51745,-5.528081,0.34678322,11.024435,54.968155,-47.057205,13.279763,-45.79577,18.937307,-25.387413,-12.805221
689,-0.9475257992744446,-16.21106719970703,79.40531158447266,2.2888946645328443,-2.7876000622410437,99.56683575679237,2.9992797,18.09263,22.076967,6.0221705,3.6634085,-13.225996,13.534928,-26.753433,-39.85517,4.7839065,-1.9852505,15.000033,-0.48101622,4.1814175,4.0716157,6.1358585,21.612385,-36.36117,48.64038,-5.9106526,0.22328286,11.114731,54.957016,-47.06727,13.359061,-45.77836,18.336294,-24.738134,-13.133959
690,-0.9893603324890137,-16.25660514831543,79.41226959228516,2.277729493312797,-2.8435908971433195,99.55260945940734,3.0130246,18.049929,21.990417,6.0369654,3.6582534,-13.142242,13.587563,-26.785532,-40.04845,4.7408752,-1.8356092,15.000033,-0.22779644,4.1764884,4.14482,5.866657,21.51249,-36.21942,48.5455,-5.814082,0.3715527,10.895956,54.88568,-47.12241,13.598861,-45.61423,17.204935,-24.119755,-13.232015
691,-1.0206565856933594,-16.31295394897461,79.41728973388672,2.29978804318543,-2.877195898135834,99.60721797827992,2.9793143,17.98959,21.99018,6.040818,3.539266,-12.939557,13.618572,-26.813774,-40.02436,4.645226,-1.7713126,15.000033,0.031489193,4.183229,4.2336144,5.4954605,21.41332,-36.200676,48.64482,-5.897351,0.38147056,10.985752,54.824448,-47.23933,13.990874,-45.50018,16.634073,-24.335789,-13.334296
692,-1.042392611503601,-16.379776000976562,79.43389129638672,2.3247785467918978,-2.972292165029731,99.58989781428504,3.0350537,17.93176,22.022118,6.0438886,3.6926289,-12.913578,13.640763,-26.90431,-40.128212,4.7104263,-1.7148902,15.000033,0.18327987,4.1403894,4.28235,5.3044043,21.345995,-36.05708,48.62763,-6.0782967,0.27909,10.922905,54.59503,-47.340416,14.1951,-45.37113,16.287914,-23.938175,-13.092214
693,-1.05802583694458,-16.449918746948242,79.43782806396484,2.2890186189059625,-3.001906290616997,99.66383210380195,2.978881,17.957375,22.051622,6.0382066,3.663638,-12.751269,13.683114,-26.836899,-40.158936,4.578828,-1.5818446,15.000033,0.34297395,4.133939,4.3857164,4.961263,21.305449,-36.051605,48.636986,-5.9904685,0.2579206,10.946826,54.502472,-47.46111,14.412038,-45.224014,16.336048,-24.202755,-12.970085
694,-1.065832257270813,-16.520435333251953,79.44266510009766,2.296205757586463,-2.8968492588442967,99.71684264725131,2.753043,17.893692,21.867184,6.0273623,3.7682319,-12.622207,13.560158,-26.863821,-40.33429,4.521395,-1.5180987,15.000033,0.38044024,4.09579,4.5103564,4.6791472,21.286362,-36.091797,48.647736,-6.14982,0.03965071,10.808944,54.459137,-47.566788,14.550273,-45.14401,16.275331,-24.133152,-12.934546
695,-1.0633766651153564,-16.595924377441406,79.44381713867188,2.2663172906377667,-2.9316106847344936,99.76215026089109,2.6918268,17.900404,21.780807,6.014745,3.847348,-12.644051,13.538093,-26.817142,-40.324776,4.500757,-1.5310118,15.000033,0.5171171,4.0924244,4.584837,4.437411,21.266104,-35.973957,48.61417,-6.130784,0.20238197,10.766215,54.344265,-47.715294,14.68614,-45.077713,16.546064,-23.767654,-12.77602
696,-1.0483227968215942,-16.671363830566406,79.43810272216797,2.294677152136902,-2.8802626375630673,99.74073036592031,2.6199243,17.94427,22.144127,6.0161276,3.9089546,-12.445635,13.460142,-26.757128,-40.2488,4.246904,-1.401089,15.000033,0.65426755,4.0766964,4.663307,4.1092615,21.267464,-36.135563,48.719162,-6.255049,0.16234499,10.948243,54.132694,-47.926033,14.999424,-45.08091,16.112122,-23.795073,-12.848537
697,-1.028372049331665,-16.74897003173828,79.45474243164062,2.3288572857492684,-3.032471310711124,99.79101242905136,2.6393192,17.828487,21.763685,6.0091157,3.9692597,-12.474321,13.555509,-26.86815,-40.389236,4.403123,-1.4419197,15.000033,0.54947066,4.076583,4.8192406,3.9802585,21.258467,-35.9823,48.796993,-6.1811624,0.01601929,10.899977,53.910583,-48.026344,15.075272,-45.136097,16.628746,-23.933672,-12.433157
698,-0.9967986345291138,-16.825559616088867,79.470458984375,2.32168305917414,-3.1496830536900284,99.91735648346224,2.6170275,17.815826,21.586128,6.0065594,4.0642853,-12.399249,13.672067,-26.843565,-40.437637,4.4258246,-1.315368,15.000033,0.53503144,4.125683,4.9811177,3.7547395,21.250725,-35.90759,48.8969,-5.8131905,-0.024989124,10.874016,53.8052,-48.07189,15.148303,-45.2417,16.409618,-24.054379,-12.139769
699,-0.9527487754821777,-16.899211883544922,79.4684066772461,2.394140882624725,-3.082370194156115,99.96843231466988,2.4363952,17.735998,21.502632,5.988268,4.145165,-12.403482,13.621532,-26.891916,-40.666645,4.298794,-1.3303009,15.000033,0.6164328,4.083854,5.0714808,3.3920352,21.25638,-36.140564,49.124718,-5.6324286,-0.019447705,10.833333,53.61221,-48.205368,15.453094,-45.254173,16.646666,-24.14023,-12.141148
700,-0.9068031907081604,-16.96800994873047,79.48271179199219,2.370911363106671,-3.1293400327438814,100.08738085258025,2.3403733,17.749243,21.300896,5.9882097,4.2578897,-12.408583,13.624987,-26.852018,-40.680397,4.388972,-1.3949403,15.000033,0.574041,4.1428585,5.194617,3.1910782,21.255486,-36.13011,49.256775,-5.281424,-0.005614279,10.652781,53.527615,-48.23872,15.521884,-45.36344,16.675629,-24.100613,-11.815998
701,-0.8588146567344666,-17.029247283935547,79.49114227294922,2.4068063775430812,-3.0915400849236665,100.44478661024509,2.0370736,17.638382,20.894148,5.9720597,4.3364315,-12.49321,13.784926,-26.927086,-41.370262,4.414112,-1.5341992,15.000033,0.5778387,4.1391215,5.3013315,2.8454926,21.256859,-36.161892,49.33559,-5.208476,-0.035961755,10.46564,53.712482,-48.283707,15.641066,-45.41793,17.064764,-23.913395,-11.928084
702,-0.8105462193489075,-17.084489822387695,79.50397491455078,2.419426832817681,-3.1673558080527333,100.53604560187847,2.007941,17.619171,20.755291,5.9564657,4.433872,-12.579834,13.885145,-26.907124,-41.519783,4.4035,-1.5845361,15.000033,0.5813826,4.2144356,5.363302,2.7002861,21.254341,-36.109226,49.454807,-5.0890975,-0.01199146,10.215575,53.686157,-48.298756,15.698384,-45.57976,16.784563,-23.641811,-11.848822
703,-0.7636459469795227,-17.131458282470703,79.49691772460938,2.4188207266850097,-3.072520034375552,100.6031753855067,1.8578529,17.695557,21.009018,5.939197,4.504596,-12.609533,13.755443,-26.848877,-41.547745,4.365336,-1.6285357,15.000033,0.45844308,4.1833515,5.452764,2.4851465,21.264517,-36.28908,49.65276,-4.673183,-0.17033423,10.422689,53.624836,-48.312637,15.834438,-45.554226,16.773077,-24.566597,-11.877067
704,-0.7258896231651306,-17.169849395751953,79.51504516601562,2.439571143358092,-3.1420916448956224,100.77926568674044,1.8058327,17.660835,20.907253,5.93874,4.6502566,-12.680413,13.905792,-26.842724,-41.71155,4.3443437,-1.6323584,15.000033,0.50059843,4.2024083,5.514457,2.3117027,21.266289,-36.261456,49.704075,-4.9682403,-0.1168926,10.38886,53.666492,-48.313103,15.924208,-45.59613,17.679464,-24.668976,-11.625705
705,-0.6904196739196777,-17.201223373413086,79.52678680419922,2.5354383213453544,-3.08420423732357,100.82875807638243,1.675705,17.543999,20.816332,5.9243913,4.797302,-12.65788,13.869648,-26.98016,-42.0134,4.376063,-1.6665508,15.000033,0.5889798,4.180179,5.6496515,2.0703323,21.274124,-36.34584,49.84245,-4.759132,-0.19976228,10.399727,53.777412,-48.31906,16.135843,-45.65841,17.560526,-25.02153,-11.799411
706,-0.6581830978393555,-17.22888946533203,79.51519775390625,2.5078313380151993,-2.9426593173805293,100.82396991427007,1.5023143,17.628801,20.91969,5.9225345,4.7126017,-12.594685,13.666553,-26.89852,-41.94506,4.333169,-1.5809865,15.000033,0.69578266,4.1841097,5.6786995,1.8930005,21.284801,-36.349617,49.901005,-4.6645184,-0.15554646,10.391335,53.858208,-48.325638,16.274628,-45.656155,17.768847,-25.203985,-11.665988
707,-0.6316069960594177,-17.2551212310791,79.50895690917969,2.455772671739331,-2.974270444807564,101.04115655063235,1.4018186,17.676373,20.771427,5.918888,4.730057,-12.549742,13.796411,-26.844975,-42.130436,4.3805904,-1.5982649,15.000033,0.6974332,4.1912656,5.783404,1.72072,21.297972,-36.13266,49.801655,-4.8581147,-0.10670025,10.350256,53.989017,-48.314003,16.387802,-45.616543,17.750381,-25.121275,-11.863039
708,-0.5999785661697388,-17.28508949279785,79.51586151123047,2.4260527687901297,-2.992223740890739,101.25756285699022,1.2623088,17.668282,20.48493,5.919511,4.730007,-12.586527,13.891909,-26.7911,-42.319687,4.413167,-1.6620069,15.000033,0.7767769,4.2233734,5.8342147,1.50977,21.314377,-36.028927,49.70291,-4.7643437,0.08705981,9.946228,54.11181,-48.31524,16.48587,-45.573143,18.663092,-24.918184,-11.232145
709,-0.5661481022834778,-17.316518783569336,79.53797912597656,2.4883098467154134,-2.9578086281331544,101.26055008559345,1.1511316,17.558764,20.22118,5.9210563,4.896933,-12.588076,13.90174,-26.8451,-42.631004,4.3180337,-1.651428,15.000033,0.94481575,4.2212596,5.9757695,1.3352972,21.329113,-35.990555,49.72457,-5.354297,-0.07121621,9.924998,54.276062,-48.31877,16.651833,-45.663734,18.977776,-25.200994,-11.403039
710,-0.5298824310302734,-17.351985931396484,79.54010009765625,2.5571470134758676,-2.869877520332814,101.21369238428801,1.0244528,17.480692,20.138199,5.9003835,5.0410795,-12.649967,13.794048,-26.8792,-42.770424,4.201607,-1.6640415,15.000033,1.0157142,4.154355,6.0194354,1.1922625,21.374239,-36.06695,49.79357,-5.6050043,-0.21785188,10.246785,54.092995,-48.329414,17.007751,-45.58311,18.942587,-25.461712,-11.646336
711,-0.4999336302280426,-17.390132904052734,79.54953002929688,2.5499993062988557,-2.9548970800786893,101.38130182667597,1.0183194,17.522087,20.228622,5.901949,5.115195,-12.580784,13.881621,-26.889463,-42.84182,4.354088,-1.5395616,15.000033,1.1446897,4.1388593,6.1093,1.0739751,21.39755,-35.745518,49.597218,-5.9097223,-0.121666044,10.094788,54.11823,-48.3327,17.244345,-45.539364,18.035122,-25.228172,-11.401034
712,-0.4713209867477417,-17.429595947265625,79.5372314453125,2.5961895772101276,-2.863868248012481,101.44482038460745,0.85739213,17.48202,20.260952,5.877484,5.149563,-12.629442,13.761738,-26.895905,-42.791622,4.3037047,-1.6452712,15.000033,1.2423611,4.0848513,6.145297,0.86811286,21.408985,-35.71649,49.699974,-5.9969144,-0.14679083,10.229279,54.12894,-48.34832,17.365562,-45.59572,17.615248,-25.136839,-11.26432
713,-0.45436713099479675,-17.47043228149414,79.5474853515625,2.538629844622904,-2.894034717663229,101.57155544127846,0.7862826,17.536196,20.178959,5.8682795,5.20857,-12.550708,13.828765,-26.818377,-42.90669,4.29787,-1.634136,15.000033,1.3138152,4.070045,6.225248,0.68231833,21.413977,-35.702522,49.723423,-5.8828154,-0.04261538,10.037701,54.134468,-48.36118,17.435654,-45.505173,17.65862,-25.054506,-10.836628
714,-0.44127488136291504,-17.512115478515625,79.56028747558594,2.5293254210752862,-2.86330475971832,101.68512094854773,0.6550669,17.51898,20.079264,5.8536787,5.3517313,-12.530393,13.825531,-26.798988,-43.057198,4.2796597,-1.5715417,15.000033,1.3368797,3.9962018,6.3291636,0.45785734,21.424076,-35.636967,49.82313,-6.071149,0.0038144195,9.961323,53.986504,-48.42112,17.68295,-45.31399,17.753948,-25.162367,-10.665695
715,-0.4332641065120697,-17.55511474609375,79.5619888305664,2.4871971550711836,-2.839723940090033,101.72847005042989,0.5691168,17.564617,20.07251,5.8448443,5.4112806,-12.523934,13.782411,-26.74295,-43.117935,4.270221,-1.549784,15.000033,1.3320163,3.9947004,6.3590817,0.37907338,21.42605,-35.608536,49.82803,-5.8143435,0.045668695,9.9024725,53.931194,-48.43587,17.718342,-45.254143,17.5092,-25.199974,-10.640958
716,-0.42925626039505005,-17.598369598388672,79.55760955810547,2.3974857777756484,-2.8107217304128858,101.78823730113471,0.48269948,17.691689,20.174631,5.8413825,5.330603,-12.434892,13.755666,-26.60165,-43.153446,4.1800075,-1.5326493,15.000033,1.372515,3.969432,6.3854322,0.18667467,21.431301,-35.614544,49.883465,-5.6446266,0.14723769,9.807957,53.71087,-48.51088,17.892145,-45.01296,17.93283,-25.598,-10.338974
717,-0.42995816469192505,-17.637048721313477,79.58840942382812,2.409686801169341,-2.932124556470875,102.00881480225544,0.47023416,17.609465,19.988976,5.8396173,5.4171095,-12.448365,14.0003195,-26.614752,-43.32245,4.1519513,-1.474416,15.000033,1.3544898,3.9657998,6.478163,0.060250763,21.429693,-35.60253,49.8585,-5.697677,0.24838544,9.550082,53.74708,-48.521236,17.926323,-44.964123,18.485758,-25.615002,-9.889461
718,-0.4287166893482208,-17.67197608947754,79.59456634521484,2.383364969587666,-2.970256716549277,102.1332228724984,0.42157847,17.617544,19.941175,5.8398404,5.46654,-12.429793,14.046456,-26.626791,-43.48333,4.265905,-1.4513059,15.000033,1.4034036,3.907788,6.5421057,-0.10778435,21.422396,-35.583763,49.821,-5.509028,0.2749331,9.422423,53.743923,-48.570656,18.026379,-44.819492,18.367012,-25.53474,-9.631983
719,-0.430635929107666,-17.696308135986328,79.60086822509766,2.3257267715092134,-2.9817855788627865,102.29856731801691,0.32653862,17.634731,19.788525,5.8318605,5.5511994,-12.457453,14.144385,-26.546112,-43.617714,4.2277637,-1.3689045,15.000033,1.3014364,3.8688955,6.5965524,-0.1963077,21.421375,-35.587986,49.77597,-5.2153654,0.23949249,9.358954,53.75559,-48.585606,18.028435,-44.677784,18.308596,-25.59391,-9.26678
720,-0.428011417388916,-17.711549758911133,79.5831527709961,2.2678446343938545,-2.8702799360793363,102.39704293218506,0.15514514,17.713459,19.843056,5.8194814,5.4452286,-12.433682,14.063144,-26.473553,-43.7853,4.210509,-1.37376,15.000033,1.3770739,3.8135786,6.622124,-0.38597313,21.424118,-35.637726,49.78549,-5.20938,0.20390265,9.276732,53.90267,-48.638897,18.079739,-44.5604,18.310379,-25.647017,-9.128276
721,-0.42208248376846313,-17.71665382385254,79.5819320678711,2.2934592572408437,-2.780530215336187,102.39974404479345,0.048581213,17.689957,19.853878,5.82505,5.478774,-12.398037,13.948115,-26.496635,-43.793922,4.210266,-1.3720785,15.000033,1.4836254,3.7477908,6.646584,-0.51109105,21.425982,-35.66783,49.854317,-5.320155,0.18340944,9.3344555,53.98641,-48.68104,18.15486,-44.529648,18.623219,-25.649225,-9.127237
722,-0.41628125309944153,-17.715190887451172,79.58212280273438,2.279577965838574,-2.786123415254102,102.41994526943608,0.05165642,17.729315,19.91736,5.827264,5.4599643,-12.350226,14.021839,-26.48145,-44.006718,4.1608777,-1.2634923,15.000033,1.5041451,3.726779,6.6402783,-0.5399445,21.425627,-35.596886,49.87324,-5.304173,0.12272004,9.400898,54.06307,-48.696568,18.18166,-44.50827,18.497627,-25.601973,-9.119811
723,-0.40566936135292053,-17.710803985595703,79.57977294921875,2.286143527350674,-2.7353461606186116,102.49158205316155,-0.042856365,17.705318,19.82167,5.821468,5.4266973,-12.395086,14.018883,-26.44888,-44.04597,4.0938864,-1.2952178,15.000033,1.3874315,3.6714327,6.6666026,-0.5511494,21.427877,-35.574207,49.90017,-5.3099174,0.082341954,9.370225,54.09506,-48.702232,18.179487,-44.486225,18.950363,-25.667818,-9.05839
724,-0.3955110013484955,-17.706466674804688,79.57748413085938,2.2672226282253938,-2.7500094240623167,102.49348109910302,-0.03565001,17.730457,19.772566,5.823467,5.3542657,-12.4663725,14.004582,-26.452358,-44.06091,4.2006235,-1.3513558,15.000033,1.3545619,3.651731,6.6223936,-0.5180138,21.428658,-35.499657,49.957676,-5.4815116,0.13961475,9.453089,54.089214,-48.702484,18.156088,-44.513107,19.392948,-25.4229,-9.059561
725,-0.3889090418815613,-17.70151138305664,79.57643127441406,2.2469898510071387,-2.737542330522119,102.54670931539385,-0.069087386,17.75965,19.780205,5.826963,5.137915,-12.530692,14.05186,-26.392467,-44.084538,4.116529,-1.3007603,15.000033,1.0993998,3.663078,6.6084123,-0.36972657,21.437088,-35.247017,49.932644,-5.5578585,0.097729504,9.467794,54.099873,-48.657864,17.897352,-44.650303,20.466982,-25.000874,-8.471724
726,-0.38635921478271484,-17.69695472717285,79.5904769897461,2.2398278533122022,-2.798490317736077,102.66645812117329,-0.057198275,17.739994,19.680923,5.8242974,5.1792283,-12.525989,14.184846,-26.40464,-44.18047,4.1780357,-1.3010268,15.000033,0.9814595,3.633468,6.6434407,-0.3697519,21.443066,-35.20773,49.942074,-5.5576797,0.03875358,9.459529,54.148956,-48.630695,17.813017,-44.632824,20.337248,-24.82601,-8.507096
727,-0.38697242736816406,-17.692699432373047,79.58961486816406,2.2251296054282172,-2.765437904706595,102.61218738773654,-0.031564347,17.82448,19.969986,5.829826,5.1670713,-12.463371,14.1375065,-26.400805,-44.223114,4.1800847,-1.2751205,15.000033,0.8830439,3.6018941,6.6350293,-0.28248182,21.456528,-35.140423,49.94692,-5.4899592,-0.1820443,9.711537,54.163563,-48.571144,17.671406,-44.686493,20.660738,-24.694693,-8.4237175
728,-0.3907774090766907,-17.68760108947754,79.59678649902344,2.234130081864255,-2.7411060060933745,102.60523799588546,-0.051148217,17.81506,19.971954,5.836501,5.178603,-12.385712,14.143743,-26.41188,-44.337826,4.136274,-1.1988175,15.000033,0.87327015,3.5352619,6.6789083,-0.2920223,21.477785,-35.165512,49.94045,-5.4202127,-0.2362255,9.449372,54.250706,-48.498447,17.5303,-44.677773,20.800163,-24.631548,-8.174449
729,-0.3996734619140625,-17.682287216186523,79.60456848144531,2.1310231014748786,-2.7693440267644895,102.65168241550869,-0.058123905,17.89487,19.786318,5.831871,5.240893,-12.374391,14.196832,-26.305292,-44.429546,4.1743665,-1.1818211,15.000033,0.9107859,3.5130231,6.6696258,-0.31690013,21.483332,-35.19158,49.885944,-5.269458,-0.06979996,8.979243,54.24159,-48.48532,17.504816,-44.50313,20.719746,-24.572466,-7.976911
730,-0.4061428904533386,-17.674837112426758,79.58353424072266,2.1179875126075807,-2.651128200099695,102.59691303053187,-0.13163574,17.952747,19.994293,5.8168883,5.1433954,-12.458619,14.087666,-26.263254,-44.48493,4.0493746,-1.1946337,15.000033,0.8688181,3.4625535,6.62497,-0.26959154,21.50219,-35.20243,49.949768,-5.1521635,-0.18421674,9.192521,54.283554,-48.42179,17.367323,-44.513813,21.64392,-24.713497,-7.671575
731,-0.41200098395347595,-17.66775894165039,79.59111022949219,2.098136538625287,-2.6278929499045756,102.64081875132274,-0.19654357,17.922115,19.764675,5.8124356,5.1970534,-12.476395,14.089781,-26.233767,-44.509758,4.037287,-1.1475439,15.000033,0.85843825,3.420167,6.6121993,-0.28452426,21.506987,-35.225452,49.98776,-5.217838,-0.04079174,8.636301,54.263424,-48.40849,17.340971,-44.423607,21.823282,-24.576294,-7.36604
732,-0.4155142307281494,-17.663333892822266,79.59902954101562,2.1063469577029528,-2.638054170967006,102.63421982749828,-0.18599923,17.889477,19.680813,5.8073473,5.295875,-12.506015,14.114714,-26.2733,-44.60695,4.081222,-1.0580462,15.000033,0.7948923,3.3816998,6.6402717,-0.2754445,21.51818,-35.223427,50.06613,-4.9574165,-0.08674888,8.645048,54.277027,-48.332993,17.18991,-44.394115,21.357983,-24.644035,-7.4390497
733,-0.4094829261302948,-17.666563034057617,79.57798767089844,2.126149973324141,-2.55362238641325,102.52926340086923,-0.18982479,17.95345,20.054573,5.790023,5.292797,-12.544882,13.995563,-26.271053,-44.642365,3.9857528,-1.0434933,15.000033,0.71962744,3.341406,6.554171,-0.20438792,21.521929,-35.14708,50.196915,-5.033992,-0.26856157,8.849718,54.225113,-48.2904,17.098286,-44.452965,21.907158,-24.654173,-7.3403187
734,-0.40364307165145874,-17.676219940185547,79.5899658203125,2.0848132683204184,-2.6517978692002466,102.60343157068176,-0.13173868,17.985115,19.972195,5.787287,5.3801785,-12.502894,14.140038,-26.22353,-44.732018,4.001393,-0.9676382,15.000033,0.72437954,3.3526657,6.5800095,-0.2400512,21.527012,-35.08024,50.169746,-4.9619784,-0.18587308,8.469665,54.23482,-48.21051,17.004263,-44.420242,21.88174,-24.709644,-7.21953
735,-0.3893342912197113,-17.69253921508789,79.59477996826172,2.1215159667521455,-2.653277108556091,102.58836411019296,-0.12879263,17.960356,20.039402,5.777868,5.560721,-12.492318,14.1076765,-26.23803,-44.688633,3.9780543,-0.9783387,15.000033,0.6470163,3.3279994,6.541091,-0.18416348,21.539394,-35.035515,50.18255,-5.135719,-0.36677158,8.579034,54.147915,-48.091114,16.87425,-44.47668,22.299002,-24.800396,-7.1156597
736,-0.3752273917198181,-17.71328353881836,79.5953598022461,2.088601283252757,-2.708932645491522,102.60344333932257,-0.094923206,18.003445,20.030283,5.7684803,5.6420484,-12.581933,14.164259,-26.19329,-44.756237,3.9807425,-0.93773496,15.000033,0.63812095,3.3282542,6.535118,-0.19101278,21.552423,-35.03311,50.145462,-4.9862504,-0.36457175,8.5222435,54.07531,-48.00199,16.80615,-44.458355,22.434284,-24.856436,-6.989736
737,-0.3568139374256134,-17.734914779663086,79.5921630859375,2.1229756569020726,-2.7208488308397767,102.55569655924758,-0.068156384,18.00266,20.163765,5.7625628,5.6344953,-12.6334505,14.144319,-26.22686,-44.786945,3.964067,-0.88149667,15.000033,0.7089383,3.3195293,6.5116534,-0.23384936,21.564888,-34.990307,50.204315,-4.7270823,-0.24662195,8.640915,53.998142,-47.880688,16.787773,-44.488033,22.117023,-24.961298,-7.0443997
738,-0.33933088183403015,-17.75600242614746,79.59799194335938,2.0673889627246673,-2.76343185815982,102.64533011069814,-0.0859028,18.053907,20.078604,5.7391624,5.6936073,-12.667021,14.214425,-26.18125,-44.96086,4.034112,-0.8054812,15.000033,0.62230396,3.3329568,6.5046625,-0.25486508,21.571293,-34.94475,50.190765,-4.606915,-0.22231203,8.66642,53.958435,-47.819393,16.73743,-44.437916,22.026192,-25.009007,-7.1005692
739,-0.3174212872982025,-17.773637771606445,79.59484100341797,2.069748419323026,-2.7662584350538317,102.6191273932756,-0.08826023,18.076836,20.11994,5.733487,5.7154512,-12.713582,14.195693,-26.144848,-44.917133,3.9744165,-0.7610251,15.000033,0.6393232,3.328597,6.4938493,-0.27731422,21.593708,-34.94486,50.206253,-4.489585,-0.24403098,8.713443,53.88024,-47.674595,16.672066,-44.461395,22.168787,-25.081831,-7.1098313
740,-0.29414603114128113,-17.786941528320312,79.58773040771484,2.049795000245949,-2.7802643367862183,102.59380923423187,-0.09463494,18.098925,20.012169,5.725951,5.7599354,-12.861425,14.155267,-26.09738,-44.81584,3.9938278,-0.808388,15.000033,0.7132914,3.3348417,6.456787,-0.30742475,21.620668,-34.930916,50.226604,-4.5351305,-0.16681872,8.765879,53.797134,-47.515404,16.66767,-44.457016,22.192873,-25.055952,-7.1847577
741,-0.2698255479335785,-17.792888641357422,79.58525848388672,2.084987969970501,-2.797677630159512,102.57440350143038,-0.06615893,18.088665,20.071947,5.713775,5.799456,-12.908113,14.192299,-26.086298,-44.811157,3.89045,-0.7098267,15.000033,0.7208845,3.355645,6.4264083,-0.29856035,21.630043,-34.840256,50.302105,-4.4297147,-0.17098346,8.807309,53.750416,-47.416775,16.68094,-44.56676,22.256195,-25.184946,-7.3416257
742,-0.24642084538936615,-17.791990280151367,79.58244323730469,2.1006190627097006,-2.818857188865675,102.58193236718897,-0.04807031,18.08631,20.063807,5.697738,5.802425,-12.956206,14.22554,-26.080517,-44.82725,3.8703482,-0.63880974,15.000033,0.69402117,3.3470309,6.4002643,-0.3065593,21.638712,-34.77577,50.425346,-4.3136563,-0.13744901,8.851802,53.66642,-47.294685,16.701063,-44.58592,22.240637,-25.377615,-7.3389697
743,-0.22379404306411743,-17.783306121826172,79.58306884765625,2.1076229105504733,-2.829022944683316,102.57512041790176,-0.030402094,18.095238,20.042759,5.6837835,5.850634,-12.989391,14.239101,-26.054604,-44.798836,3.8510373,-0.5904697,15.000033,0.69307476,3.3309605,6.3474026,-0.33148295,21.650318,-34.832237,50.55605,-4.2335916,-0.14251621,8.810009,53.58528,-47.191296,16.757483,-44.584103,22.221561,-25.439138,-7.5581155
744,-0.2022251933813095,-17.76729965209961,79.58613586425781,2.112951614220156,-2.858508866337566,102.5832968245885,0.0076617124,18.104929,20.017595,5.6700954,5.891534,-12.989045,14.271705,-26.01578,-44.691795,3.8323185,-0.49788347,15.000033,0.71636105,3.303089,6.303895,-0.37097323,21.661636,-34.894707,50.689472,-4.0756655,-0.17274024,8.740637,53.53703,-47.086613,16.843994,-44.53317,22.122839,-25.858727,-7.58586
745,-0.179639995098114,-17.745269775390625,79.57811737060547,2.1529797066735945,-2.816291060813751,102.51793013755298,0.0103975255,18.092585,20.046759,5.650907,5.9222374,-12.969547,14.197283,-26.010696,-44.557602,3.7877684,-0.4264196,15.000033,0.67710954,3.2410967,6.254724,-0.37427238,21.672285,-34.904125,50.86075,-4.2134924,-0.08451625,8.848275,53.501427,-47.031464,16.85485,-44.581608,22.111828,-25.609089,-7.7432117
746,-0.15689945220947266,-17.71857452392578,79.5798568725586,2.229386458148575,-2.706417570096707,102.40929790621405,-0.044746064,18.033484,20.040628,5.639786,5.9529305,-12.83405,14.036207,-26.048407,-44.433155,3.7268763,-0.3596047,15.000033,0.73029304,3.1510315,6.232139,-0.43033093,21.70996,-35.084442,51.07089,-4.3498898,-0.13330236,8.978076,53.39603,-46.926666,17.016527,-44.520325,21.85605,-25.867588,-7.8985806
747,-0.13705217838287354,-17.691680908203125,79.58128356933594,2.243572628340602,-2.6767551357133823,102.41784845602395,-0.05965469,18.035784,20.025812,5.628425,6.005714,-12.82142,14.025843,-26.054132,-44.467266,3.7490966,-0.26711202,15.000033,0.7120652,3.1338444,6.223788,-0.4459278,21.723198,-35.06957,51.195396,-4.4507833,-0.13852549,9.060438,53.436947,-46.88604,17.062525,-44.541866,21.949493,-25.852835,-7.9672146
748,-0.1161821186542511,-17.668197631835938,79.58460998535156,2.239373347303215,-2.6915400575809207,102.48701617065696,-0.05624363,18.038977,19.941614,5.598421,6.096582,-12.850334,14.11561,-26.003729,-44.48827,3.6983697,-0.22222929,15.000033,0.67279977,3.1241217,6.196495,-0.43082738,21.752716,-35.04307,51.249348,-4.4461503,-0.23100214,9.049107,53.412918,-46.797596,17.125917,-44.515583,21.909504,-26.064426,-8.025368
749,-0.09102912247180939,-17.651357650756836,79.58338165283203,2.257494411117736,-2.6786766194310823,102.49160351494172,-0.07967063,18.018465,19.807041,5.5967846,6.136348,-12.857277,14.130267,-25.993614,-44.548172,3.675869,-0.15817511,15.000033,0.73217195,3.1011975,6.1795197,-0.4607562,21.782593,-35.01121,51.316296,-4.5536423,-0.21675226,9.053945,53.397194,-46.72461,17.225431,-44.513824,21.78134,-25.956028,-8.024318
750,-0.06250282377004623,-17.641992568969727,79.59310150146484,2.3327552424617854,-2.6847729864256893,102.45879461485221,-0.052894287,17.971424,19.861555,5.621308,6.174611,-12.760233,14.125716,-26.066082,-44.580124,3.7009335,-0.06290385,15.000033,0.82675135,3.0769289,6.158687,-0.51837826,21.799454,-34.9634,51.47774,-4.9201865,-0.16000067,9.037078,53.33312,-46.68755,17.322563,-44.58761,21.277145,-25.673605,-8.2029295
751,-0.03491188958287239,-17.641075134277344,79.593505859375,2.327605837757928,-2.6820758616172986,102.44566334156013,-0.0687879,17.993256,19.785978,5.624829,6.1624722,-12.71834,14.138958,-25.997288,-44.542732,3.6038384,-0.043903504,15.000033,0.9404645,3.090413,6.167482,-0.56029737,21.810104,-34.879948,51.451855,-4.8217726,-0.15574305,9.027744,53.300983,-46.669407,17.428488,-44.579613,21.190289,-25.985548,-8.148502
752,-0.0048521775752305984,-17.648061752319336,79.5899658203125,2.378455666825657,-2.606162640693841,102.42056867219802,-0.15121081,17.963715,19.800959,5.6213737,6.132075,-12.680744,14.011352,-26.054138,-44.566376,3.654349,-0.08843772,15.000033,0.9606271,3.053533,6.1524906,-0.62089217,21.839855,-34.854042,51.554775,-4.9342475,-0.2021119,9.068984,53.167767,-46.64513,17.617344,-44.554268,21.096558,-26.061302,-8.257419
753,0.02161749266088009,-17.662229537963867,79.59915924072266,2.404140656102032,-2.7081057911344257,102.43884927875098,-0.077769436,17.94281,19.743708,5.637641,6.209673,-12.6466465,14.121855,-26.077147,-44.606632,3.6799421,-0.08453215,15.000033,0.99209845,3.0357804,6.1964025,-0.65084064,21.8586,-34.755684,51.54579,-5.065006,-0.21175754,9.089352,53.068985,-46.62152,17.705738,-44.5667,20.983057,-26.134064,-8.182467
754,0.04533000290393829,-17.679475784301758,79.60020446777344,2.444860050531489,-2.714890391177381,102.41661064416077,-0.0871557,17.897242,19.680206,5.633838,6.248912,-12.700282,14.124697,-26.129597,-44.735703,3.6863558,-0.034288425,15.000033,0.9269759,3.0073369,6.2059555,-0.660897,21.872717,-34.760773,51.613087,-5.1769805,-0.27552533,9.097109,52.93084,-46.606327,17.743639,-44.574005,20.859163,-26.13787,-8.190279
755,0.06438302248716354,-17.69831085205078,79.59783935546875,2.4392778041395813,-2.7828788482984472,102.36443514806088,-0.027166752,17.914045,19.616499,5.654946,6.2523675,-12.706041,14.155323,-26.130629,-44.743645,3.7244158,-0.07424316,15.000033,0.94370425,2.9595242,6.236932,-0.68515617,21.906109,-34.728123,51.625683,-5.183871,-0.29632646,9.099674,52.76041,-46.56669,17.804325,-44.517246,20.788137,-26.224442,-8.059966
